Gmt time,Open,High,Low,Close,Volume
22.04.2019 13:30:00.000,87.988,88.618,87.987,88.508,0.0091
22.04.2019 13:31:00.000,88.507,88.637,88.458,88.458,0.0312
22.04.2019 13:32:00.000,88.458,88.518,88.457,88.508,0.0296
22.04.2019 13:33:00.000,88.518,88.678,88.508,88.538,0.0434
22.04.2019 13:34:00.000,88.528,88.717,88.528,88.657,0.0371
22.04.2019 13:35:00.000,88.658,88.778,88.657,88.657,0.016
22.04.2019 13:36:00.000,88.658,88.707,88.517,88.668,0.0724
22.04.2019 13:37:00.000,88.718,88.757,88.667,88.698,0.0315
22.04.2019 13:38:00.000,88.697,88.798,88.697,88.738,0.0614
22.04.2019 13:39:00.000,88.738,88.958,88.667,88.887,0.0639
22.04.2019 13:40:00.000,88.847,88.897,88.807,88.868,0.0015
22.04.2019 13:41:00.000,88.918,89.078,88.837,89.027,0.1425
22.04.2019 13:42:00.000,89.088,89.128,89.008,89.008,0.0786
22.04.2019 13:43:00.000,89.008,89.098,89.008,89.018,0.1143
22.04.2019 13:44:00.000,89.018,89.107,88.987,89.047,0.116
22.04.2019 13:45:00.000,89.047,89.218,89.047,89.217,0.0776
22.04.2019 13:46:00.000,89.218,89.228,89.188,89.197,0.0773
22.04.2019 13:47:00.000,89.197,89.298,89.138,89.138,0.112
22.04.2019 13:48:00.000,89.157,89.198,89.147,89.168,0.0025
22.04.2019 13:49:00.000,89.168,89.197,89.078,89.177,0.2155
22.04.2019 13:50:00.000,89.178,89.268,89.177,89.268,0.1643
22.04.2019 13:51:00.000,89.268,89.487,89.267,89.447,0.2928
22.04.2019 13:52:00.000,89.448,89.488,89.358,89.487,0.347
22.04.2019 13:53:00.000,89.487,89.498,89.407,89.458,0.0942
22.04.2019 13:54:00.000,89.467,89.507,89.437,89.478,0.0785
22.04.2019 13:55:00.000,89.468,89.618,89.447,89.588,0.2728
22.04.2019 13:56:00.000,89.598,89.598,89.527,89.537,0.159
22.04.2019 13:57:00.000,89.538,89.648,89.537,89.648,0.2197
22.04.2019 13:58:00.000,89.648,90.108,89.638,90.097,0.7379
22.04.2019 13:59:00.000,90.127,90.138,89.997,90.068,0.2178
22.04.2019 14:00:00.000,90.068,90.128,89.887,89.907,0.2045
22.04.2019 14:01:00.000,89.908,90.008,89.847,89.988,0.2453
22.04.2019 14:02:00.000,90.037,90.048,89.807,89.808,0.1226
22.04.2019 14:03:00.000,89.808,89.808,89.678,89.707,0.1036
22.04.2019 14:04:00.000,89.697,89.738,89.517,89.517,0.1933
22.04.2019 14:05:00.000,89.528,89.608,89.528,89.547,0.1125
22.04.2019 14:06:00.000,89.547,89.618,89.517,89.617,0.1635
22.04.2019 14:07:00.000,89.617,89.627,89.537,89.537,0.1451
22.04.2019 14:08:00.000,89.538,89.608,89.537,89.537,0.1132
22.04.2019 14:09:00.000,89.537,89.668,89.537,89.647,0.022
22.04.2019 14:10:00.000,89.647,89.658,89.517,89.638,0.0965
22.04.2019 14:11:00.000,89.627,89.627,89.497,89.518,0.2543
22.04.2019 14:12:00.000,89.517,89.548,89.457,89.457,0.0537
22.04.2019 14:13:00.000,89.447,89.478,89.367,89.397,0.0931
22.04.2019 14:14:00.000,89.398,89.478,89.367,89.368,0.1352
22.04.2019 14:15:00.000,89.367,89.458,89.327,89.458,0.0326
22.04.2019 14:16:00.000,89.447,89.477,89.347,89.347,0.1539
22.04.2019 14:17:00.000,89.328,89.487,89.328,89.477,0.0838
22.04.2019 14:18:00.000,89.487,89.548,89.487,89.538,0.053
22.04.2019 14:19:00.000,89.547,89.548,89.487,89.487,0.1641
22.04.2019 14:20:00.000,89.487,89.638,89.487,89.628,0.1552
22.04.2019 14:21:00.000,89.648,89.757,89.598,89.737,0.1954
22.04.2019 14:22:00.000,89.738,89.778,89.677,89.737,0.0854
22.04.2019 14:23:00.000,89.738,89.798,89.717,89.798,0.0332
22.04.2019 14:24:00.000,89.797,89.798,89.727,89.728,0.0642
22.04.2019 14:25:00.000,89.727,89.818,89.727,89.808,0.1755
22.04.2019 14:26:00.000,89.818,89.878,89.798,89.877,0.156
22.04.2019 14:27:00.000,89.878,89.888,89.817,89.847,0.022
22.04.2019 14:28:00.000,89.848,89.867,89.808,89.847,0.0315
22.04.2019 14:29:00.000,89.847,89.847,89.717,89.757,0.1746
22.04.2019 14:30:00.000,89.757,89.758,89.667,89.728,0.0716
22.04.2019 14:31:00.000,89.727,89.728,89.697,89.728,0.0516
22.04.2019 14:32:00.000,89.727,89.728,89.707,89.718,0.0724
22.04.2019 14:33:00.000,89.738,89.758,89.617,89.628,0.2039
22.04.2019 14:34:00.000,89.657,89.708,89.638,89.708,0.1551
22.04.2019 14:35:00.000,89.707,89.798,89.697,89.778,0.0528
22.04.2019 14:36:00.000,89.778,89.778,89.707,89.707,0.0419
22.04.2019 14:37:00.000,89.707,89.787,89.707,89.787,0.1032
22.04.2019 14:38:00.000,89.788,89.808,89.778,89.788,0.1016
22.04.2019 14:39:00.000,89.788,89.788,89.647,89.658,0.0836
22.04.2019 14:40:00.000,89.667,89.728,89.667,89.718,0.0313
22.04.2019 14:41:00.000,89.717,89.738,89.717,89.717,0.2528
22.04.2019 14:42:00.000,89.697,89.797,89.697,89.797,0.1622
22.04.2019 14:43:00.000,89.778,89.818,89.738,89.798,0.0922
22.04.2019 14:44:00.000,89.797,89.818,89.758,89.758,0.0419
22.04.2019 14:45:00.000,89.757,89.778,89.708,89.718,0.0944
22.04.2019 14:46:00.000,89.717,89.718,89.697,89.707,0.0727
22.04.2019 14:47:00.000,89.688,89.688,89.617,89.637,0.0641
22.04.2019 14:48:00.000,89.658,89.737,89.648,89.737,0.0215
22.04.2019 14:49:00.000,89.738,89.828,89.718,89.787,0.1243
22.04.2019 14:50:00.000,89.797,89.828,89.757,89.778,0.104
22.04.2019 14:51:00.000,89.778,89.828,89.778,89.807,0.0412
22.04.2019 14:52:00.000,89.788,89.917,89.777,89.908,0.1367
22.04.2019 14:53:00.000,89.897,89.998,89.888,89.992,0.1139
22.04.2019 14:54:00.000,89.995,89.995,89.957,89.957,0.0632
22.04.2019 14:55:00.000,89.958,90.068,89.947,90.048,0.2247
22.04.2019 14:56:00.000,90.027,90.078,89.998,90.037,0.1941
22.04.2019 14:57:00.000,90.048,90.077,90.017,90.037,0.1041
22.04.2019 14:58:00.000,90.037,90.068,89.998,90.067,0.0625
22.04.2019 14:59:00.000,90.088,90.088,89.987,89.998,0.0526
22.04.2019 15:00:00.000,89.977,90.138,89.977,90.017,0.2483
22.04.2019 15:01:00.000,90.028,90.088,90.027,90.048,0.1242
22.04.2019 15:02:00.000,90.047,90.047,89.977,89.977,0.0732
22.04.2019 15:03:00.000,89.987,90.028,89.947,89.978,0.1326
22.04.2019 15:04:00.000,89.967,90.098,89.957,90.097,0.1864
22.04.2019 15:05:00.000,90.098,90.117,90.097,90.098,0.0325
22.04.2019 15:06:00.000,90.098,90.098,90.038,90.097,0.0719
22.04.2019 15:07:00.000,90.117,90.167,90.077,90.167,0.1442
22.04.2019 15:08:00.000,90.168,90.258,90.168,90.207,0.1053
22.04.2019 15:09:00.000,90.188,90.257,90.188,90.217,0.0119
22.04.2019 15:10:00.000,90.217,90.258,90.197,90.247,0.0732
22.04.2019 15:11:00.000,90.248,90.298,90.197,90.197,0.1043
22.04.2019 15:12:00.000,90.238,90.238,90.197,90.217,0.0716
22.04.2019 15:13:00.000,90.217,90.298,90.217,90.298,0.1125
22.04.2019 15:14:00.000,90.298,90.298,90.217,90.218,0.0442
22.04.2019 15:15:00.000,90.217,90.218,90.157,90.167,0.0739
22.04.2019 15:16:00.000,90.167,90.168,90.098,90.118,0.0638
22.04.2019 15:17:00.000,90.118,90.118,90.057,90.067,0.0941
22.04.2019 15:18:00.000,90.068,90.097,89.997,90.097,0.0932
22.04.2019 15:19:00.000,90.097,90.138,90.097,90.118,0.072
22.04.2019 15:20:00.000,90.117,90.228,90.117,90.178,0.1227
22.04.2019 15:21:00.000,90.177,90.178,90.097,90.097,0.1847
22.04.2019 15:22:00.000,90.077,90.128,90.058,90.118,0.1336
22.04.2019 15:23:00.000,90.117,90.198,90.117,90.198,0.042
22.04.2019 15:24:00.000,90.178,90.178,90.117,90.137,0.1547
22.04.2019 15:25:00.000,90.137,90.218,90.137,90.198,0.1158
22.04.2019 15:26:00.000,90.188,90.248,90.187,90.218,0.0926
22.04.2019 15:27:00.000,90.218,90.218,90.127,90.127,0.1543
22.04.2019 15:28:00.000,90.138,90.138,90.107,90.128,0.0113
22.04.2019 15:29:00.000,90.128,90.198,90.127,90.177,0.0621
22.04.2019 15:30:00.000,90.187,90.207,90.187,90.198,0.0518
22.04.2019 15:31:00.000,90.197,90.288,90.197,90.268,0.0053
22.04.2019 15:32:00.000,90.278,90.308,90.267,90.308,0.0225
22.04.2019 15:33:00.000,90.308,90.318,90.247,90.258,0.1358
22.04.2019 15:34:00.000,90.268,90.308,90.258,90.297,0.094
22.04.2019 15:35:00.000,90.327,90.328,90.307,90.317,0.0442
22.04.2019 15:36:00.000,90.318,90.318,90.277,90.288,0.0641
22.04.2019 15:37:00.000,90.287,90.328,90.257,90.327,0.0444
22.04.2019 15:38:00.000,90.337,90.338,90.257,90.267,0.0752
22.04.2019 15:39:00.000,90.268,90.277,90.218,90.277,0.033
22.04.2019 15:40:00.000,90.288,90.348,90.287,90.318,0.1031
22.04.2019 15:41:00.000,90.327,90.328,90.257,90.288,0.0841
22.04.2019 15:42:00.000,90.287,90.287,90.237,90.238,0.0626
22.04.2019 15:43:00.000,90.237,90.327,90.207,90.307,0.1137
22.04.2019 15:44:00.000,90.307,90.358,90.298,90.338,0.0843
22.04.2019 15:45:00.000,90.347,90.348,90.237,90.307,0.1553
22.04.2019 15:46:00.000,90.308,90.368,90.307,90.317,0.0741
22.04.2019 15:47:00.000,90.317,90.328,90.307,90.307,0.0732
22.04.2019 15:48:00.000,90.318,90.338,90.307,90.317,0.0949
22.04.2019 15:49:00.000,90.318,90.418,90.318,90.418,0.0646
22.04.2019 15:50:00.000,90.397,90.408,90.377,90.377,0.0535
22.04.2019 15:51:00.000,90.397,90.468,90.397,90.438,0.053
22.04.2019 15:52:00.000,90.428,90.438,90.397,90.438,0.0628
22.04.2019 15:53:00.000,90.437,90.548,90.437,90.518,0.0429
22.04.2019 15:54:00.000,90.528,90.548,90.477,90.477,0.0227
22.04.2019 15:55:00.000,90.458,90.458,90.377,90.437,0.084
22.04.2019 15:56:00.000,90.448,90.488,90.438,90.487,0.0533
22.04.2019 15:57:00.000,90.498,90.508,90.427,90.427,0.0752
22.04.2019 15:58:00.000,90.398,90.477,90.397,90.467,0.0821
22.04.2019 15:59:00.000,90.468,90.528,90.467,90.527,0.0415
22.04.2019 16:00:00.000,90.528,90.598,90.528,90.598,0.0215
22.04.2019 16:01:00.000,90.578,90.588,90.417,90.418,0.1568
22.04.2019 16:02:00.000,90.417,90.468,90.417,90.458,0.1124
22.04.2019 16:03:00.000,90.457,90.468,90.377,90.397,0.0626
22.04.2019 16:04:00.000,90.408,90.458,90.407,90.458,0.0525
22.04.2019 16:05:00.000,90.457,90.498,90.437,90.497,0.0645
22.04.2019 16:06:00.000,90.498,90.537,90.447,90.527,0.0876
22.04.2019 16:07:00.000,90.517,90.608,90.508,90.587,0.1142
22.04.2019 16:08:00.000,90.587,90.628,90.587,90.617,0.0934
22.04.2019 16:09:00.000,90.617,90.688,90.617,90.668,0.0943
22.04.2019 16:10:00.000,90.668,90.668,90.567,90.588,0.0932
22.04.2019 16:11:00.000,90.608,90.628,90.587,90.627,0.0831
22.04.2019 16:12:00.000,90.628,90.667,90.577,90.577,0.0842
22.04.2019 16:13:00.000,90.588,90.637,90.587,90.618,0.1752
22.04.2019 16:14:00.000,90.627,90.688,90.627,90.687,0.2147
22.04.2019 16:15:00.000,90.688,90.768,90.677,90.747,0.1569
22.04.2019 16:16:00.000,90.748,90.768,90.727,90.757,0.0955
22.04.2019 16:17:00.000,90.748,90.748,90.657,90.717,0.0946
22.04.2019 16:18:00.000,90.708,90.738,90.697,90.697,0.0323
22.04.2019 16:19:00.000,90.688,90.698,90.667,90.678,0.1231
22.04.2019 16:20:00.000,90.677,90.678,90.618,90.648,0.0727
22.04.2019 16:21:00.000,90.668,90.678,90.637,90.657,0.0836
22.04.2019 16:22:00.000,90.658,90.688,90.657,90.658,0.0962
22.04.2019 16:23:00.000,90.657,90.718,90.648,90.708,0.1366
22.04.2019 16:24:00.000,90.708,90.708,90.687,90.708,0.0975
22.04.2019 16:25:00.000,90.727,90.748,90.717,90.748,0.1545
22.04.2019 16:26:00.000,90.747,90.757,90.747,90.757,0.0717
22.04.2019 16:27:00.000,90.768,90.877,90.757,90.858,0.1459
22.04.2019 16:28:00.000,90.858,90.898,90.847,90.877,0.1159
22.04.2019 16:29:00.000,90.878,90.898,90.867,90.898,0.0026
22.04.2019 16:30:00.000,90.908,90.958,90.898,90.927,0.1261
22.04.2019 16:31:00.000,90.937,90.938,90.877,90.878,0.1359
22.04.2019 16:32:00.000,90.887,90.948,90.887,90.927,0.1777
22.04.2019 16:33:00.000,90.927,90.988,90.927,90.977,0.1054
22.04.2019 16:34:00.000,90.978,91.038,90.978,90.987,0.1056
22.04.2019 16:35:00.000,90.987,91.008,90.877,90.897,0.1038
22.04.2019 16:36:00.000,90.898,90.968,90.868,90.967,0.1359
22.04.2019 16:37:00.000,90.977,91.008,90.957,90.988,0.084
22.04.2019 16:38:00.000,90.988,90.998,90.927,90.998,0.1246
22.04.2019 16:39:00.000,90.987,90.998,90.978,90.998,0.0621
22.04.2019 16:40:00.000,90.988,90.988,90.938,90.957,0.2279
22.04.2019 16:41:00.000,90.957,90.967,90.937,90.948,0.1257
22.04.2019 16:42:00.000,90.947,91.028,90.938,91.028,0.0959
22.04.2019 16:43:00.000,91.027,91.028,91.007,91.008,0.0618
22.04.2019 16:44:00.000,91.018,91.068,91.007,91.068,0.1549
22.04.2019 16:45:00.000,91.068,91.078,91.047,91.077,0.063
22.04.2019 16:46:00.000,91.077,91.088,91.077,91.078,0.0119
22.04.2019 16:47:00.000,91.088,91.138,91.077,91.077,0.1454
22.04.2019 16:48:00.000,91.087,91.088,91.067,91.067,0.0414
22.04.2019 16:49:00.000,91.068,91.078,90.997,91.057,0.1343
22.04.2019 16:50:00.000,91.057,91.068,90.958,90.967,0.1851
22.04.2019 16:51:00.000,90.968,90.988,90.937,90.968,0.1532
22.04.2019 16:52:00.000,90.967,91.017,90.948,91.017,0.1845
22.04.2019 16:53:00.000,91.027,91.057,90.937,90.978,0.1953
22.04.2019 16:54:00.000,90.977,90.998,90.957,90.998,0.0621
22.04.2019 16:55:00.000,90.997,90.997,90.967,90.968,0.0845
22.04.2019 16:56:00.000,90.967,90.988,90.967,90.968,0.0925
22.04.2019 16:57:00.000,90.968,91.028,90.947,91.028,0.0745
22.04.2019 16:58:00.000,91.027,91.028,90.987,91.007,0.1036
22.04.2019 16:59:00.000,91.018,91.077,91.007,91.038,0.064
22.04.2019 17:00:00.000,91.037,91.068,91.017,91.068,0.0833
22.04.2019 17:01:00.000,91.067,91.098,91.057,91.098,0.0522
22.04.2019 17:02:00.000,91.097,91.147,91.097,91.117,0.0739
22.04.2019 17:03:00.000,91.118,91.168,91.118,91.137,0.208
22.04.2019 17:04:00.000,91.118,91.118,91.077,91.077,0.1122
22.04.2019 17:05:00.000,91.057,91.088,91.047,91.078,0.1225
22.04.2019 17:06:00.000,91.088,91.178,91.058,91.168,0.1846
22.04.2019 17:07:00.000,91.167,91.198,91.097,91.097,0.1038
22.04.2019 17:08:00.000,91.097,91.107,91.077,91.088,0.123
22.04.2019 17:09:00.000,91.087,91.088,91.058,91.077,0.1243
22.04.2019 17:10:00.000,91.087,91.098,91.017,91.027,0.1146
22.04.2019 17:11:00.000,91.037,91.078,91.037,91.077,0.0725
22.04.2019 17:12:00.000,91.078,91.127,91.057,91.127,0.0728
22.04.2019 17:13:00.000,91.138,91.138,91.097,91.117,0.0942
22.04.2019 17:14:00.000,91.128,91.157,91.107,91.157,0.0312
22.04.2019 17:15:00.000,91.178,91.198,91.157,91.198,0.0532
22.04.2019 17:16:00.000,91.197,91.257,91.197,91.218,0.0751
22.04.2019 17:17:00.000,91.237,91.238,91.237,91.237,0.0003
22.04.2019 17:18:00.000,91.238,91.278,91.238,91.277,0.1029
22.04.2019 17:19:00.000,91.268,91.268,91.177,91.187,0.1949
22.04.2019 17:20:00.000,91.198,91.218,91.197,91.197,0.0425
22.04.2019 17:21:00.000,91.197,91.207,91.177,91.207,0.0823
22.04.2019 17:22:00.000,91.197,91.218,91.187,91.187,0.1542
22.04.2019 17:23:00.000,91.188,91.198,91.177,91.177,0.0816
22.04.2019 17:24:00.000,91.177,91.218,91.177,91.207,0.1046
22.04.2019 17:25:00.000,91.208,91.238,91.207,91.238,0.0436
22.04.2019 17:26:00.000,91.237,91.288,91.237,91.268,0.0835
22.04.2019 17:27:00.000,91.267,91.308,91.267,91.268,0.1675
22.04.2019 17:28:00.000,91.267,91.288,91.257,91.288,0.063
22.04.2019 17:29:00.000,91.288,91.288,91.237,91.238,0.0828
22.04.2019 17:30:00.000,91.248,91.248,91.147,91.147,0.184
22.04.2019 17:31:00.000,91.138,91.148,91.078,91.078,0.0221
22.04.2019 17:32:00.000,91.097,91.148,91.087,91.117,0.0937
22.04.2019 17:33:00.000,91.117,91.148,91.117,91.147,0.0927
22.04.2019 17:34:00.000,91.148,91.168,91.137,91.167,0.0848
22.04.2019 17:35:00.000,91.168,91.178,91.127,91.127,0.1353
22.04.2019 17:36:00.000,91.107,91.107,91.057,91.068,0.1166
22.04.2019 17:37:00.000,91.068,91.108,91.068,91.108,0.126
22.04.2019 17:38:00.000,91.107,91.148,91.097,91.148,0.1454
22.04.2019 17:39:00.000,91.157,91.158,91.127,91.147,0.0959
22.04.2019 17:40:00.000,91.148,91.148,91.107,91.108,0.0717
22.04.2019 17:41:00.000,91.107,91.108,91.087,91.098,0.0629
22.04.2019 17:42:00.000,91.088,91.138,91.077,91.137,0.0634
22.04.2019 17:43:00.000,91.138,91.198,91.137,91.197,0.0642
22.04.2019 17:44:00.000,91.208,91.228,91.178,91.178,0.1154
22.04.2019 17:45:00.000,91.168,91.168,91.137,91.168,0.1136
22.04.2019 17:46:00.000,91.167,91.218,91.167,91.198,0.0742
22.04.2019 17:47:00.000,91.198,91.218,91.197,91.198,0.0423
22.04.2019 17:48:00.000,91.187,91.197,91.187,91.188,0.094
22.04.2019 17:49:00.000,91.187,91.187,91.147,91.167,0.0631
22.04.2019 17:50:00.000,91.187,91.247,91.187,91.228,0.056
22.04.2019 17:51:00.000,91.217,91.218,91.177,91.207,0.1234
22.04.2019 17:52:00.000,91.207,91.258,91.207,91.227,0.1244
22.04.2019 17:53:00.000,91.228,91.258,91.227,91.247,0.0326
22.04.2019 17:54:00.000,91.248,91.258,91.207,91.228,0.0425
22.04.2019 17:55:00.000,91.227,91.228,91.097,91.107,0.1175
22.04.2019 17:56:00.000,91.097,91.097,91.087,91.088,0.0529
22.04.2019 17:57:00.000,91.097,91.108,91.057,91.067,0.1759
22.04.2019 17:58:00.000,91.067,91.068,91.038,91.068,0.0785
22.04.2019 17:59:00.000,91.087,91.088,91.067,91.078,0.0225
22.04.2019 18:00:00.000,91.077,91.128,91.077,91.078,0.1074
22.04.2019 18:01:00.000,91.087,91.087,91.057,91.057,0.084
22.04.2019 18:02:00.000,91.067,91.068,91.047,91.047,0.0113
22.04.2019 18:03:00.000,91.038,91.068,91.027,91.057,0.1458
22.04.2019 18:04:00.000,91.058,91.108,91.057,91.108,0.0785
22.04.2019 18:05:00.000,91.107,91.128,91.058,91.068,0.1448
22.04.2019 18:06:00.000,91.067,91.088,91.047,91.078,0.052
22.04.2019 18:07:00.000,91.077,91.077,91.058,91.058,0.0422
22.04.2019 18:08:00.000,91.057,91.098,91.057,91.088,0.0332
22.04.2019 18:09:00.000,91.097,91.157,91.097,91.138,0.0543
22.04.2019 18:10:00.000,91.137,91.138,91.098,91.107,0.1036
22.04.2019 18:11:00.000,91.107,91.168,91.107,91.168,0.1479
22.04.2019 18:12:00.000,91.167,91.207,91.167,91.197,0.0742
22.04.2019 18:13:00.000,91.198,91.217,91.167,91.178,0.033
22.04.2019 18:14:00.000,91.187,91.187,91.117,91.128,0.0633
22.04.2019 18:15:00.000,91.137,91.137,91.058,91.077,0.0935
22.04.2019 18:16:00.000,91.088,91.098,91.067,91.097,0.1328
22.04.2019 18:17:00.000,91.098,91.098,91.067,91.088,0.0528
22.04.2019 18:18:00.000,91.088,91.108,91.067,91.077,0.1066
22.04.2019 18:19:00.000,91.068,91.068,91.008,91.018,0.053
22.04.2019 18:20:00.000,91.008,91.037,90.997,91.027,0.1228
22.04.2019 18:21:00.000,91.017,91.017,90.987,90.997,0.1445
22.04.2019 18:22:00.000,90.998,91.058,90.988,91.057,0.0139
22.04.2019 18:23:00.000,91.057,91.068,91.017,91.058,0.196
22.04.2019 18:24:00.000,91.057,91.078,91.057,91.078,0.0321
22.04.2019 18:25:00.000,91.097,91.108,91.087,91.098,0.0339
22.04.2019 18:26:00.000,91.088,91.088,91.008,91.008,0.0656
22.04.2019 18:27:00.000,90.998,91.018,90.987,91.018,0.0942
22.04.2019 18:28:00.000,91.008,91.017,90.987,90.987,0.0879
22.04.2019 18:29:00.000,90.997,91.058,90.997,91.028,0.096
22.04.2019 18:30:00.000,91.038,91.088,91.037,91.087,0.1028
22.04.2019 18:31:00.000,91.088,91.097,91.027,91.027,0.0629
22.04.2019 18:32:00.000,91.047,91.048,91.027,91.038,0.0517
22.04.2019 18:33:00.000,91.048,91.068,91.028,91.057,0.119
22.04.2019 18:34:00.000,91.068,91.068,91.017,91.048,0.1199
22.04.2019 18:35:00.000,91.057,91.058,90.918,90.938,0.1686
22.04.2019 18:36:00.000,90.947,90.947,90.787,90.827,0.2313
22.04.2019 18:37:00.000,90.838,90.838,90.708,90.708,0.0543
22.04.2019 18:38:00.000,90.708,90.728,90.657,90.667,0.1054
22.04.2019 18:39:00.000,90.667,90.758,90.667,90.738,0.1285
22.04.2019 18:40:00.000,90.738,90.748,90.728,90.728,0.0944
22.04.2019 18:41:00.000,90.717,90.738,90.687,90.688,0.1268
22.04.2019 18:42:00.000,90.697,90.728,90.687,90.727,0.055
22.04.2019 18:43:00.000,90.728,90.728,90.627,90.627,0.1183
22.04.2019 18:44:00.000,90.638,90.648,90.597,90.618,0.0947
22.04.2019 18:45:00.000,90.628,90.658,90.627,90.658,0.0229
22.04.2019 18:46:00.000,90.657,90.668,90.657,90.668,0.0407
22.04.2019 18:47:00.000,90.667,90.668,90.617,90.628,0.1568
22.04.2019 18:48:00.000,90.637,90.658,90.617,90.638,0.0439
22.04.2019 18:49:00.000,90.637,90.648,90.628,90.647,0.0532
22.04.2019 18:50:00.000,90.637,90.678,90.628,90.678,0.0617
22.04.2019 18:51:00.000,90.677,90.677,90.637,90.647,0.0535
22.04.2019 18:52:00.000,90.658,90.708,90.648,90.708,0.0528
22.04.2019 18:53:00.000,90.707,90.748,90.707,90.747,0.0326
22.04.2019 18:54:00.000,90.748,90.797,90.748,90.797,0.0652
22.04.2019 18:55:00.000,90.807,90.808,90.797,90.797,0.0339
22.04.2019 18:56:00.000,90.798,90.827,90.797,90.827,0.0559
22.04.2019 18:57:00.000,90.827,90.868,90.827,90.857,0.0784
22.04.2019 18:58:00.000,90.877,90.888,90.867,90.878,0.0418
22.04.2019 18:59:00.000,90.878,90.888,90.877,90.887,0.064
22.04.2019 19:00:00.000,90.888,90.897,90.867,90.888,0.105
22.04.2019 19:01:00.000,90.887,90.888,90.847,90.858,0.0256
22.04.2019 19:02:00.000,90.858,90.858,90.857,90.858,0.0318
22.04.2019 19:03:00.000,90.857,90.858,90.827,90.827,0.0315
22.04.2019 19:04:00.000,90.828,90.838,90.817,90.817,0.0325
22.04.2019 19:05:00.000,90.818,90.828,90.807,90.817,0.0945
22.04.2019 19:06:00.000,90.818,90.848,90.817,90.837,0.1174
22.04.2019 19:07:00.000,90.838,90.857,90.827,90.837,0.1397
22.04.2019 19:08:00.000,90.838,90.848,90.837,90.847,0.0017
22.04.2019 19:09:00.000,90.848,90.868,90.847,90.858,0.0805
22.04.2019 19:10:00.000,90.857,90.878,90.857,90.867,0.0058
22.04.2019 19:11:00.000,90.868,90.878,90.857,90.858,0.0545
22.04.2019 19:12:00.000,90.858,90.868,90.857,90.857,0.0118
22.04.2019 19:13:00.000,90.858,90.888,90.858,90.878,0.0462
22.04.2019 19:14:00.000,90.877,90.908,90.867,90.908,0.0343
22.04.2019 19:15:00.000,90.897,90.898,90.877,90.878,0.0496
22.04.2019 19:16:00.000,90.888,90.908,90.887,90.907,0.0143
22.04.2019 19:17:00.000,90.908,90.948,90.907,90.948,0.1076
22.04.2019 19:18:00.000,90.937,90.957,90.937,90.947,0.1454
22.04.2019 19:19:00.000,90.967,90.978,90.957,90.978,0.0985
22.04.2019 19:20:00.000,90.978,90.978,90.967,90.967,0.0346
22.04.2019 19:21:00.000,90.968,90.988,90.967,90.988,0.0872
22.04.2019 19:22:00.000,90.998,91.028,90.998,91.027,0.1362
22.04.2019 19:23:00.000,91.027,91.078,91.017,91.068,0.1391
22.04.2019 19:24:00.000,91.078,91.078,91.037,91.038,0.0332
22.04.2019 19:25:00.000,91.048,91.078,91.047,91.067,0.0671
22.04.2019 19:26:00.000,91.068,91.068,91.007,91.018,0.0875
22.04.2019 19:27:00.000,91.017,91.018,90.987,90.998,0.0469
22.04.2019 19:28:00.000,90.997,90.998,90.987,90.988,0.0435
22.04.2019 19:29:00.000,90.987,90.998,90.977,90.988,0.0861
22.04.2019 19:30:00.000,90.997,91.028,90.987,91.017,0.2312
22.04.2019 19:31:00.000,91.018,91.048,91.018,91.027,0.0562
22.04.2019 19:32:00.000,91.028,91.057,91.007,91.037,0.0555
22.04.2019 19:33:00.000,91.038,91.068,91.037,91.068,0.169
22.04.2019 19:34:00.000,91.067,91.088,91.037,91.038,0.0787
22.04.2019 19:35:00.000,91.037,91.078,91.027,91.068,0.0371
22.04.2019 19:36:00.000,91.067,91.077,91.057,91.068,0.0644
22.04.2019 19:37:00.000,91.078,91.078,91.057,91.078,0.1457
22.04.2019 19:38:00.000,91.087,91.098,91.057,91.098,0.1778
22.04.2019 19:39:00.000,91.088,91.088,91.067,91.087,0.0958
22.04.2019 19:40:00.000,91.087,91.118,91.078,91.098,0.1431
22.04.2019 19:41:00.000,91.077,91.098,91.067,91.068,0.0325
22.04.2019 19:42:00.000,91.067,91.108,91.067,91.097,0.1909
22.04.2019 19:43:00.000,91.098,91.118,91.077,91.077,0.1376
22.04.2019 19:44:00.000,91.078,91.098,91.077,91.077,0.0279
22.04.2019 19:45:00.000,91.078,91.118,91.078,91.107,0.0766
22.04.2019 19:46:00.000,91.107,91.128,91.097,91.117,0.0873
22.04.2019 19:47:00.000,91.118,91.118,91.067,91.088,0.281
22.04.2019 19:48:00.000,91.087,91.098,91.027,91.028,0.2085
22.04.2019 19:49:00.000,91.027,91.028,90.977,90.987,0.0906
22.04.2019 19:50:00.000,90.987,91.048,90.987,91.047,0.2417
22.04.2019 19:51:00.000,91.047,91.088,91.047,91.087,0.096
22.04.2019 19:52:00.000,91.088,91.088,91.057,91.077,0.1288
22.04.2019 19:53:00.000,91.088,91.158,91.087,91.148,0.2076
22.04.2019 19:54:00.000,91.147,91.148,91.137,91.147,0.0674
22.04.2019 19:55:00.000,91.148,91.158,91.097,91.097,0.2784
22.04.2019 19:56:00.000,91.098,91.118,91.077,91.117,0.1098
22.04.2019 19:57:00.000,91.118,91.118,91.087,91.098,0.179
22.04.2019 19:58:00.000,91.097,91.137,91.087,91.117,0.2725
22.04.2019 19:59:00.000,91.138,91.168,91.097,91.138,0.5657
23.04.2019 13:30:00.000,91.338,91.388,91.087,91.238,0.0527
23.04.2019 13:31:00.000,91.238,91.248,91.137,91.138,0.0694
23.04.2019 13:32:00.000,91.137,91.138,90.738,90.798,0.1462
23.04.2019 13:33:00.000,90.797,91.118,90.797,91.118,0.105
23.04.2019 13:34:00.000,91.117,91.278,91.117,91.278,0.1027
23.04.2019 13:35:00.000,91.268,91.268,91.087,91.088,0.1223
23.04.2019 13:36:00.000,91.097,91.317,91.087,91.277,0.0516
23.04.2019 13:37:00.000,91.278,91.278,91.057,91.107,0.0822
23.04.2019 13:38:00.000,91.077,91.218,91.058,91.218,0.0413
23.04.2019 13:39:00.000,91.218,91.428,91.218,91.417,0.1954
23.04.2019 13:40:00.000,91.398,91.468,91.377,91.377,0.1956
23.04.2019 13:41:00.000,91.377,91.378,91.177,91.178,0.0639
23.04.2019 13:42:00.000,91.178,91.217,91.058,91.117,0.1639
23.04.2019 13:43:00.000,91.118,91.127,90.927,90.988,0.143
23.04.2019 13:44:00.000,90.987,91.008,90.867,90.898,0.213
23.04.2019 13:45:00.000,90.898,90.907,90.847,90.867,0.0819
23.04.2019 13:46:00.000,90.888,90.888,90.727,90.727,0.1445
23.04.2019 13:47:00.000,90.727,90.728,90.587,90.618,0.0961
23.04.2019 13:48:00.000,90.618,90.618,90.487,90.598,0.0424
23.04.2019 13:49:00.000,90.597,90.597,90.517,90.558,0.1024
23.04.2019 13:50:00.000,90.548,90.588,90.467,90.557,0.1125
23.04.2019 13:51:00.000,90.608,90.708,90.607,90.667,0.0631
23.04.2019 13:52:00.000,90.667,90.748,90.648,90.678,0.1142
23.04.2019 13:53:00.000,90.678,90.697,90.628,90.628,0.0844
23.04.2019 13:54:00.000,90.617,90.658,90.577,90.657,0.0623
23.04.2019 13:55:00.000,90.597,90.598,90.357,90.357,0.0835
23.04.2019 13:56:00.000,90.328,90.398,90.157,90.238,0.3855
23.04.2019 13:57:00.000,90.237,90.278,90.157,90.218,0.244
23.04.2019 13:58:00.000,90.217,90.368,90.217,90.368,0.1838
23.04.2019 13:59:00.000,90.367,90.387,90.267,90.348,0.1134
23.04.2019 14:00:00.000,90.347,90.458,90.318,90.427,0.1235
23.04.2019 14:01:00.000,90.428,90.468,90.347,90.452,0.0429
23.04.2019 14:02:00.000,90.452,90.452,90.317,90.408,0.0632
23.04.2019 14:03:00.000,90.398,90.447,90.347,90.378,0.1447
23.04.2019 14:04:00.000,90.377,90.507,90.377,90.387,0.2096
23.04.2019 14:05:00.000,90.387,90.508,90.387,90.398,0.3468
23.04.2019 14:06:00.000,90.397,90.448,90.397,90.448,0.2268
23.04.2019 14:07:00.000,90.458,90.528,90.387,90.398,0.2447
23.04.2019 14:08:00.000,90.397,90.418,90.397,90.417,0.2053
23.04.2019 14:09:00.000,90.407,90.438,90.137,90.147,0.2914
23.04.2019 14:10:00.000,90.157,90.218,90.138,90.178,0.2796
23.04.2019 14:11:00.000,90.177,90.197,90.048,90.097,0.194
23.04.2019 14:12:00.000,90.097,90.098,89.987,90.018,0.1408
23.04.2019 14:13:00.000,90.018,90.018,89.987,90.018,0.0734
23.04.2019 14:14:00.000,90.017,90.037,89.937,90.028,0.1375
23.04.2019 14:15:00.000,90.048,90.207,90.027,90.127,0.3745
23.04.2019 14:16:00.000,90.128,90.268,90.107,90.217,0.2181
23.04.2019 14:17:00.000,90.217,90.217,90.048,90.078,0.1652
23.04.2019 14:18:00.000,90.078,90.108,89.997,90.027,0.183
23.04.2019 14:19:00.000,89.998,90.007,89.797,89.798,0.3673
23.04.2019 14:20:00.000,89.797,89.807,89.697,89.698,0.2663
23.04.2019 14:21:00.000,89.717,89.878,89.697,89.878,0.2955
23.04.2019 14:22:00.000,89.878,89.957,89.837,89.837,0.2041
23.04.2019 14:23:00.000,89.838,90.017,89.837,89.998,0.1347
23.04.2019 14:24:00.000,89.997,90.108,89.927,90.107,0.0853
23.04.2019 14:25:00.000,90.097,90.208,90.097,90.207,0.1246
23.04.2019 14:26:00.000,90.218,90.408,90.217,90.318,0.1466
23.04.2019 14:27:00.000,90.317,90.478,90.307,90.348,0.2253
23.04.2019 14:28:00.000,90.417,90.487,90.388,90.408,0.0832
23.04.2019 14:29:00.000,90.407,90.478,90.347,90.397,0.124
23.04.2019 14:30:00.000,90.398,90.432,90.298,90.388,0.315
23.04.2019 14:31:00.000,90.387,90.467,90.387,90.467,0.0542
23.04.2019 14:32:00.000,90.467,90.558,90.438,90.438,0.2033
23.04.2019 14:33:00.000,90.437,90.548,90.407,90.548,0.1847
23.04.2019 14:34:00.000,90.547,90.608,90.547,90.587,0.2539
23.04.2019 14:35:00.000,90.587,90.598,90.468,90.567,0.2553
23.04.2019 14:36:00.000,90.567,90.638,90.567,90.618,0.0928
23.04.2019 14:37:00.000,90.617,90.638,90.538,90.587,0.113
23.04.2019 14:38:00.000,90.587,90.648,90.538,90.637,0.1059
23.04.2019 14:39:00.000,90.637,90.708,90.628,90.698,0.092
23.04.2019 14:40:00.000,90.715,90.715,90.617,90.667,0.1127
23.04.2019 14:41:00.000,90.657,90.658,90.637,90.637,0.1015
23.04.2019 14:42:00.000,90.648,90.688,90.648,90.677,0.0508
23.04.2019 14:43:00.000,90.678,90.728,90.677,90.728,0.1223
23.04.2019 14:44:00.000,90.728,90.758,90.688,90.758,0.032
23.04.2019 14:45:00.000,90.768,90.777,90.727,90.768,0.0915
23.04.2019 14:46:00.000,90.767,90.768,90.688,90.728,0.092
23.04.2019 14:47:00.000,90.697,90.697,90.587,90.587,0.2223
23.04.2019 14:48:00.000,90.607,90.638,90.567,90.567,0.0636
23.04.2019 14:49:00.000,90.567,90.567,90.477,90.517,0.133
23.04.2019 14:50:00.000,90.528,90.627,90.517,90.587,0.1524
23.04.2019 14:51:00.000,90.587,90.618,90.508,90.518,0.0928
23.04.2019 14:52:00.000,90.528,90.528,90.417,90.417,0.0216
23.04.2019 14:53:00.000,90.417,90.528,90.407,90.528,0.1131
23.04.2019 14:54:00.000,90.538,90.578,90.527,90.538,0.083
23.04.2019 14:55:00.000,90.538,90.627,90.538,90.618,0.1429
23.04.2019 14:56:00.000,90.618,90.748,90.618,90.707,0.174
23.04.2019 14:57:00.000,90.708,90.768,90.697,90.727,0.2539
23.04.2019 14:58:00.000,90.747,90.768,90.707,90.767,0.0421
23.04.2019 14:59:00.000,90.768,90.848,90.747,90.747,0.1265
23.04.2019 15:00:00.000,90.748,90.888,90.748,90.887,0.082
23.04.2019 15:01:00.000,90.888,90.948,90.867,90.928,0.133
23.04.2019 15:02:00.000,90.927,90.938,90.867,90.927,0.0826
23.04.2019 15:03:00.000,90.927,90.948,90.917,90.938,0.1022
23.04.2019 15:04:00.000,90.947,90.977,90.917,90.917,0.0933
23.04.2019 15:05:00.000,90.958,90.958,90.917,90.928,0.0417
23.04.2019 15:06:00.000,90.928,90.928,90.867,90.868,0.0943
23.04.2019 15:07:00.000,90.878,90.928,90.867,90.887,0.0521
23.04.2019 15:08:00.000,90.888,91.017,90.867,91.007,0.0739
23.04.2019 15:09:00.000,91.007,91.047,90.987,91.028,0.1913
23.04.2019 15:10:00.000,91.027,91.218,91.027,91.148,0.1757
23.04.2019 15:11:00.000,91.127,91.178,91.117,91.148,0.0824
23.04.2019 15:12:00.000,91.157,91.178,91.107,91.177,0.0918
23.04.2019 15:13:00.000,91.177,91.228,91.147,91.227,0.053
23.04.2019 15:14:00.000,91.228,91.268,91.207,91.268,0.1425
23.04.2019 15:15:00.000,91.268,91.338,91.247,91.247,0.2455
23.04.2019 15:16:00.000,91.247,91.248,91.147,91.148,0.1444
23.04.2019 15:17:00.000,91.147,91.147,91.048,91.048,0.2343
23.04.2019 15:18:00.000,91.068,91.177,91.068,91.167,0.174
23.04.2019 15:19:00.000,91.168,91.208,91.117,91.128,0.1134
23.04.2019 15:20:00.000,91.118,91.138,90.988,90.988,0.1425
23.04.2019 15:21:00.000,90.988,90.998,90.908,90.908,0.1263
23.04.2019 15:22:00.000,90.898,90.928,90.887,90.908,0.083
23.04.2019 15:23:00.000,90.908,90.928,90.737,90.748,0.3116
23.04.2019 15:24:00.000,90.747,90.748,90.637,90.667,0.1563
23.04.2019 15:25:00.000,90.668,90.678,90.607,90.608,0.0418
23.04.2019 15:26:00.000,90.608,90.718,90.567,90.698,0.0527
23.04.2019 15:27:00.000,90.697,90.748,90.697,90.697,0.1029
23.04.2019 15:28:00.000,90.697,90.698,90.577,90.627,0.1742
23.04.2019 15:29:00.000,90.627,90.717,90.607,90.697,0.3247
23.04.2019 15:30:00.000,90.668,90.797,90.668,90.727,0.2862
23.04.2019 15:31:00.000,90.728,90.788,90.667,90.727,0.2354
23.04.2019 15:32:00.000,90.727,90.727,90.687,90.687,0.0717
23.04.2019 15:33:00.000,90.687,90.688,90.627,90.628,0.0527
23.04.2019 15:34:00.000,90.638,90.748,90.627,90.677,0.1247
23.04.2019 15:35:00.000,90.687,90.718,90.658,90.658,0.0825
23.04.2019 15:36:00.000,90.657,90.678,90.647,90.647,0.011
23.04.2019 15:37:00.000,90.648,90.648,90.587,90.618,0.0735
23.04.2019 15:38:00.000,90.617,90.648,90.617,90.648,0.0814
23.04.2019 15:39:00.000,90.647,90.698,90.627,90.688,0.2136
23.04.2019 15:40:00.000,90.688,90.708,90.607,90.607,0.1036
23.04.2019 15:41:00.000,90.608,90.608,90.567,90.598,0.0544
23.04.2019 15:42:00.000,90.597,90.628,90.507,90.628,0.1631
23.04.2019 15:43:00.000,90.607,90.667,90.607,90.637,0.0741
23.04.2019 15:44:00.000,90.638,90.688,90.637,90.667,0.113
23.04.2019 15:45:00.000,90.667,90.678,90.667,90.668,0.0819
23.04.2019 15:46:00.000,90.667,90.758,90.667,90.758,0.0931
23.04.2019 15:47:00.000,90.757,90.798,90.707,90.707,0.0923
23.04.2019 15:48:00.000,90.708,90.728,90.707,90.718,0.0311
23.04.2019 15:49:00.000,90.717,90.728,90.717,90.718,0.0327
23.04.2019 15:50:00.000,90.727,90.758,90.707,90.748,0.1423
23.04.2019 15:51:00.000,90.768,90.797,90.767,90.797,0.0514
23.04.2019 15:52:00.000,90.797,90.918,90.797,90.868,0.2579
23.04.2019 15:53:00.000,90.888,90.938,90.887,90.927,0.0533
23.04.2019 15:54:00.000,90.927,90.938,90.877,90.937,0.1134
23.04.2019 15:55:00.000,90.937,90.957,90.917,90.917,0.1536
23.04.2019 15:56:00.000,90.917,90.958,90.917,90.938,0.1016
23.04.2019 15:57:00.000,90.938,90.947,90.868,90.888,0.0347
23.04.2019 15:58:00.000,90.908,90.908,90.867,90.877,0.0431
23.04.2019 15:59:00.000,90.878,90.878,90.787,90.798,0.1552
23.04.2019 16:00:00.000,90.798,90.808,90.767,90.808,0.072
23.04.2019 16:01:00.000,90.768,90.888,90.757,90.757,0.0769
23.04.2019 16:02:00.000,90.757,90.768,90.677,90.678,0.0748
23.04.2019 16:03:00.000,90.677,90.768,90.677,90.757,0.0843
23.04.2019 16:04:00.000,90.757,90.757,90.727,90.757,0.0929
23.04.2019 16:05:00.000,90.758,90.868,90.758,90.848,0.1238
23.04.2019 16:06:00.000,90.848,90.898,90.817,90.888,0.0949
23.04.2019 16:07:00.000,90.887,90.908,90.867,90.907,0.1027
23.04.2019 16:08:00.000,90.907,90.938,90.887,90.888,0.0833
23.04.2019 16:09:00.000,90.878,90.888,90.867,90.877,0.0432
23.04.2019 16:10:00.000,90.878,90.888,90.867,90.868,0.0417
23.04.2019 16:11:00.000,90.867,90.868,90.807,90.847,0.0527
23.04.2019 16:12:00.000,90.857,90.908,90.827,90.828,0.0328
23.04.2019 16:13:00.000,90.828,90.828,90.827,90.827,0.0416
23.04.2019 16:14:00.000,90.828,90.877,90.827,90.868,0.0635
23.04.2019 16:15:00.000,90.868,90.868,90.768,90.768,0.0939
23.04.2019 16:16:00.000,90.767,90.817,90.767,90.817,0.0636
23.04.2019 16:17:00.000,90.817,90.828,90.727,90.737,0.2155
23.04.2019 16:18:00.000,90.738,90.738,90.677,90.678,0.1217
23.04.2019 16:19:00.000,90.688,90.738,90.677,90.738,0.032
23.04.2019 16:20:00.000,90.737,90.767,90.737,90.767,0.0115
23.04.2019 16:21:00.000,90.777,90.778,90.687,90.717,0.0842
23.04.2019 16:22:00.000,90.717,90.788,90.717,90.777,0.1032
23.04.2019 16:23:00.000,90.777,90.777,90.697,90.707,0.0225
23.04.2019 16:24:00.000,90.707,90.708,90.648,90.648,0.0536
23.04.2019 16:25:00.000,90.658,90.697,90.637,90.697,0.1444
23.04.2019 16:26:00.000,90.697,90.738,90.697,90.738,0.1034
23.04.2019 16:27:00.000,90.737,90.768,90.728,90.737,0.0421
23.04.2019 16:28:00.000,90.738,90.757,90.727,90.757,0.0213
23.04.2019 16:29:00.000,90.757,90.757,90.677,90.677,0.082
23.04.2019 16:30:00.000,90.688,90.708,90.648,90.657,0.113
23.04.2019 16:31:00.000,90.627,90.628,90.547,90.577,0.1047
23.04.2019 16:32:00.000,90.578,90.578,90.488,90.488,0.0825
23.04.2019 16:33:00.000,90.487,90.488,90.427,90.447,0.1033
23.04.2019 16:34:00.000,90.448,90.548,90.448,90.498,0.1338
23.04.2019 16:35:00.000,90.497,90.558,90.497,90.558,0.0223
23.04.2019 16:36:00.000,90.578,90.628,90.577,90.628,0.0228
23.04.2019 16:37:00.000,90.627,90.627,90.577,90.608,0.1026
23.04.2019 16:38:00.000,90.607,90.607,90.587,90.587,0.0316
23.04.2019 16:39:00.000,90.588,90.627,90.587,90.608,0.0168
23.04.2019 16:40:00.000,90.607,90.607,90.587,90.597,0.0094
23.04.2019 16:41:00.000,90.597,90.598,90.557,90.558,0.0265
23.04.2019 16:42:00.000,90.568,90.618,90.568,90.608,0.0604
23.04.2019 16:43:00.000,90.607,90.638,90.598,90.637,0.0086
23.04.2019 16:44:00.000,90.638,90.638,90.567,90.567,0.018
23.04.2019 16:45:00.000,90.568,90.598,90.567,90.598,0.0552
23.04.2019 16:46:00.000,90.597,90.598,90.557,90.587,0.0822
23.04.2019 16:47:00.000,90.588,90.608,90.568,90.608,0.0401
23.04.2019 16:48:00.000,90.607,90.618,90.597,90.618,0.0184
23.04.2019 16:49:00.000,90.617,90.628,90.597,90.598,0.079
23.04.2019 16:50:00.000,90.587,90.618,90.547,90.607,0.1088
23.04.2019 16:51:00.000,90.588,90.588,90.517,90.517,0.0346
23.04.2019 16:52:00.000,90.528,90.608,90.528,90.577,0.1166
23.04.2019 16:53:00.000,90.577,90.628,90.577,90.618,0.0711
23.04.2019 16:54:00.000,90.617,90.668,90.617,90.617,0.0782
23.04.2019 16:55:00.000,90.617,90.617,90.567,90.577,0.0742
23.04.2019 16:56:00.000,90.578,90.617,90.537,90.608,0.1447
23.04.2019 16:57:00.000,90.598,90.638,90.597,90.638,0.0462
23.04.2019 16:58:00.000,90.647,90.698,90.627,90.628,0.0336
23.04.2019 16:59:00.000,90.627,90.657,90.627,90.647,0.0188
23.04.2019 17:00:00.000,90.648,90.698,90.648,90.698,0.0983
23.04.2019 17:01:00.000,90.688,90.688,90.618,90.618,0.0553
23.04.2019 17:02:00.000,90.627,90.648,90.607,90.627,0.0593
23.04.2019 17:03:00.000,90.618,90.628,90.607,90.628,0.0768
23.04.2019 17:04:00.000,90.628,90.638,90.527,90.528,0.036
23.04.2019 17:05:00.000,90.527,90.548,90.517,90.527,0.0543
23.04.2019 17:06:00.000,90.527,90.558,90.527,90.538,0.0729
23.04.2019 17:07:00.000,90.537,90.568,90.477,90.488,0.0584
23.04.2019 17:08:00.000,90.498,90.508,90.497,90.507,0.0214
23.04.2019 17:09:00.000,90.508,90.508,90.467,90.467,0.0166
23.04.2019 17:10:00.000,90.478,90.478,90.407,90.418,0.0242
23.04.2019 17:11:00.000,90.408,90.437,90.408,90.418,0.0562
23.04.2019 17:12:00.000,90.438,90.468,90.387,90.387,0.0618
23.04.2019 17:13:00.000,90.388,90.388,90.327,90.327,0.0697
23.04.2019 17:14:00.000,90.328,90.328,90.297,90.298,0.0488
23.04.2019 17:15:00.000,90.297,90.368,90.297,90.348,0.0572
23.04.2019 17:16:00.000,90.357,90.387,90.318,90.318,0.1039
23.04.2019 17:17:00.000,90.327,90.378,90.318,90.377,0.0295
23.04.2019 17:18:00.000,90.378,90.397,90.377,90.378,0.0201
23.04.2019 17:19:00.000,90.368,90.368,90.357,90.368,0.0284
23.04.2019 17:20:00.000,90.357,90.418,90.357,90.418,0.1194
23.04.2019 17:21:00.000,90.408,90.438,90.387,90.388,0.0827
23.04.2019 17:22:00.000,90.387,90.388,90.367,90.377,0.062
23.04.2019 17:23:00.000,90.378,90.378,90.327,90.327,0.0858
23.04.2019 17:24:00.000,90.318,90.358,90.317,90.337,0.0576
23.04.2019 17:25:00.000,90.357,90.388,90.347,90.378,0.0433
23.04.2019 17:26:00.000,90.378,90.378,90.357,90.378,0.0364
23.04.2019 17:27:00.000,90.377,90.428,90.347,90.358,0.0344
23.04.2019 17:28:00.000,90.368,90.377,90.347,90.368,0.0465
23.04.2019 17:29:00.000,90.338,90.338,90.297,90.297,0.0527
23.04.2019 17:30:00.000,90.308,90.328,90.307,90.308,0.0255
23.04.2019 17:31:00.000,90.307,90.358,90.307,90.348,0.0543
23.04.2019 17:32:00.000,90.347,90.388,90.338,90.378,0.1047
23.04.2019 17:33:00.000,90.377,90.407,90.367,90.398,0.0893
23.04.2019 17:34:00.000,90.407,90.428,90.397,90.417,0.0505
23.04.2019 17:35:00.000,90.418,90.418,90.417,90.417,0.0262
23.04.2019 17:36:00.000,90.418,90.477,90.417,90.468,0.0092
23.04.2019 17:37:00.000,90.478,90.508,90.477,90.507,0.0318
23.04.2019 17:38:00.000,90.517,90.588,90.497,90.588,0.0305
23.04.2019 17:39:00.000,90.587,90.628,90.527,90.527,0.0929
23.04.2019 17:40:00.000,90.528,90.528,90.487,90.498,0.034
23.04.2019 17:41:00.000,90.518,90.518,90.447,90.447,0.0596
23.04.2019 17:42:00.000,90.458,90.468,90.457,90.467,0.0152
23.04.2019 17:43:00.000,90.457,90.498,90.457,90.498,0.0159
23.04.2019 17:44:00.000,90.497,90.497,90.438,90.468,0.0216
23.04.2019 17:45:00.000,90.468,90.488,90.388,90.388,0.0469
23.04.2019 17:46:00.000,90.388,90.388,90.337,90.357,0.0836
23.04.2019 17:47:00.000,90.357,90.388,90.347,90.348,0.1027
23.04.2019 17:48:00.000,90.347,90.428,90.347,90.428,0.0622
23.04.2019 17:49:00.000,90.427,90.448,90.398,90.398,0.1352
23.04.2019 17:50:00.000,90.388,90.408,90.387,90.388,0.045
23.04.2019 17:51:00.000,90.378,90.458,90.377,90.457,0.0982
23.04.2019 17:52:00.000,90.438,90.447,90.418,90.428,0.0741
23.04.2019 17:53:00.000,90.437,90.478,90.417,90.417,0.069
23.04.2019 17:54:00.000,90.418,90.418,90.388,90.397,0.0384
23.04.2019 17:55:00.000,90.398,90.408,90.397,90.397,0.047
23.04.2019 17:56:00.000,90.407,90.438,90.407,90.428,0.055
23.04.2019 17:57:00.000,90.428,90.468,90.417,90.458,0.0399
23.04.2019 17:58:00.000,90.458,90.458,90.427,90.438,0.07
23.04.2019 17:59:00.000,90.457,90.458,90.388,90.388,0.0395
23.04.2019 18:00:00.000,90.387,90.418,90.387,90.407,0.036
23.04.2019 18:01:00.000,90.407,90.408,90.348,90.357,0.0453
23.04.2019 18:02:00.000,90.358,90.398,90.317,90.317,0.0471
23.04.2019 18:03:00.000,90.318,90.348,90.287,90.348,0.0356
23.04.2019 18:04:00.000,90.358,90.368,90.317,90.368,0.0684
23.04.2019 18:05:00.000,90.367,90.418,90.367,90.377,0.0511
23.04.2019 18:06:00.000,90.378,90.448,90.378,90.418,0.0887
23.04.2019 18:07:00.000,90.417,90.428,90.407,90.407,0.0359
23.04.2019 18:08:00.000,90.408,90.408,90.377,90.378,0.0607
23.04.2019 18:09:00.000,90.377,90.388,90.337,90.377,0.0221
23.04.2019 18:10:00.000,90.378,90.427,90.378,90.417,0.0318
23.04.2019 18:11:00.000,90.418,90.508,90.407,90.508,0.0842
23.04.2019 18:12:00.000,90.507,90.518,90.478,90.478,0.0315
23.04.2019 18:13:00.000,90.477,90.508,90.468,90.468,0.0318
23.04.2019 18:14:00.000,90.477,90.478,90.438,90.458,0.0566
23.04.2019 18:15:00.000,90.467,90.518,90.467,90.487,0.088
23.04.2019 18:16:00.000,90.498,90.498,90.437,90.448,0.0644
23.04.2019 18:17:00.000,90.437,90.478,90.428,90.477,0.051
23.04.2019 18:18:00.000,90.487,90.568,90.477,90.547,0.1061
23.04.2019 18:19:00.000,90.548,90.588,90.547,90.568,0.0947
23.04.2019 18:20:00.000,90.578,90.668,90.568,90.617,0.1638
23.04.2019 18:21:00.000,90.618,90.618,90.578,90.597,0.0518
23.04.2019 18:22:00.000,90.598,90.638,90.597,90.617,0.0313
23.04.2019 18:23:00.000,90.627,90.648,90.597,90.618,0.1139
23.04.2019 18:24:00.000,90.617,90.618,90.607,90.618,0.0489
23.04.2019 18:25:00.000,90.617,90.638,90.597,90.618,0.1373
23.04.2019 18:26:00.000,90.628,90.708,90.627,90.698,0.0644
23.04.2019 18:27:00.000,90.677,90.768,90.677,90.748,0.0758
23.04.2019 18:28:00.000,90.748,90.748,90.707,90.738,0.0172
23.04.2019 18:29:00.000,90.727,90.747,90.727,90.727,0.0952
23.04.2019 18:30:00.000,90.738,90.748,90.667,90.667,0.0346
23.04.2019 18:31:00.000,90.668,90.668,90.608,90.628,0.1584
23.04.2019 18:32:00.000,90.627,90.658,90.627,90.648,0.0564
23.04.2019 18:33:00.000,90.647,90.677,90.637,90.638,0.0567
23.04.2019 18:34:00.000,90.638,90.678,90.628,90.677,0.0993
23.04.2019 18:35:00.000,90.687,90.698,90.677,90.688,0.0113
23.04.2019 18:36:00.000,90.687,90.698,90.658,90.658,0.094
23.04.2019 18:37:00.000,90.647,90.718,90.647,90.707,0.063
23.04.2019 18:38:00.000,90.718,90.798,90.718,90.777,0.0573
23.04.2019 18:39:00.000,90.777,90.778,90.747,90.758,0.0268
23.04.2019 18:40:00.000,90.758,90.758,90.728,90.747,0.0412
23.04.2019 18:41:00.000,90.748,90.778,90.748,90.777,0.0312
23.04.2019 18:42:00.000,90.788,90.808,90.777,90.798,0.1082
23.04.2019 18:43:00.000,90.797,90.808,90.777,90.777,0.0397
23.04.2019 18:44:00.000,90.778,90.808,90.777,90.808,0.0283
23.04.2019 18:45:00.000,90.817,90.838,90.807,90.827,0.1561
23.04.2019 18:46:00.000,90.828,90.828,90.678,90.678,0.0657
23.04.2019 18:47:00.000,90.677,90.677,90.628,90.638,0.0728
23.04.2019 18:48:00.000,90.647,90.688,90.647,90.678,0.0419
23.04.2019 18:49:00.000,90.687,90.718,90.677,90.707,0.0384
23.04.2019 18:50:00.000,90.707,90.708,90.657,90.657,0.0173
23.04.2019 18:51:00.000,90.657,90.658,90.647,90.648,0.0212
23.04.2019 18:52:00.000,90.638,90.638,90.588,90.598,0.0712
23.04.2019 18:53:00.000,90.598,90.628,90.597,90.618,0.0103
23.04.2019 18:54:00.000,90.608,90.618,90.607,90.617,0.0088
23.04.2019 18:55:00.000,90.627,90.658,90.627,90.658,0.0343
23.04.2019 18:56:00.000,90.657,90.688,90.657,90.677,0.0609
23.04.2019 18:57:00.000,90.678,90.698,90.677,90.687,0.0417
23.04.2019 18:58:00.000,90.697,90.708,90.687,90.687,0.1049
23.04.2019 18:59:00.000,90.688,90.718,90.687,90.717,0.0359
23.04.2019 19:00:00.000,90.718,90.718,90.627,90.628,0.138
23.04.2019 19:01:00.000,90.627,90.638,90.587,90.587,0.0817
23.04.2019 19:02:00.000,90.597,90.608,90.587,90.598,0.0675
23.04.2019 19:03:00.000,90.598,90.608,90.587,90.597,0.1102
23.04.2019 19:04:00.000,90.617,90.678,90.617,90.678,0.1223
23.04.2019 19:05:00.000,90.678,90.698,90.668,90.698,0.1056
23.04.2019 19:06:00.000,90.697,90.708,90.687,90.708,0.0844
23.04.2019 19:07:00.000,90.707,90.708,90.677,90.678,0.031
23.04.2019 19:08:00.000,90.697,90.708,90.648,90.648,0.1438
23.04.2019 19:09:00.000,90.648,90.688,90.648,90.677,0.053
23.04.2019 19:10:00.000,90.678,90.708,90.667,90.668,0.1253
23.04.2019 19:11:00.000,90.657,90.657,90.538,90.567,0.1761
23.04.2019 19:12:00.000,90.567,90.578,90.557,90.568,0.1074
23.04.2019 19:13:00.000,90.568,90.638,90.567,90.638,0.0244
23.04.2019 19:14:00.000,90.637,90.698,90.637,90.688,0.1452
23.04.2019 19:15:00.000,90.688,90.748,90.687,90.708,0.2137
23.04.2019 19:16:00.000,90.717,90.728,90.678,90.718,0.0985
23.04.2019 19:17:00.000,90.717,90.748,90.697,90.718,0.0901
23.04.2019 19:18:00.000,90.718,90.728,90.648,90.648,0.0841
23.04.2019 19:19:00.000,90.648,90.708,90.647,90.697,0.1187
23.04.2019 19:20:00.000,90.697,90.708,90.658,90.688,0.0989
23.04.2019 19:21:00.000,90.697,90.708,90.667,90.678,0.0739
23.04.2019 19:22:00.000,90.677,90.748,90.677,90.708,0.1658
23.04.2019 19:23:00.000,90.708,90.708,90.628,90.628,0.105
23.04.2019 19:24:00.000,90.628,90.637,90.578,90.627,0.139
23.04.2019 19:25:00.000,90.628,90.628,90.577,90.578,0.0419
23.04.2019 19:26:00.000,90.577,90.577,90.547,90.557,0.0819
23.04.2019 19:27:00.000,90.557,90.578,90.557,90.577,0.0369
23.04.2019 19:28:00.000,90.578,90.578,90.548,90.557,0.0245
23.04.2019 19:29:00.000,90.547,90.548,90.487,90.487,0.1416
23.04.2019 19:30:00.000,90.488,90.508,90.467,90.478,0.0308
23.04.2019 19:31:00.000,90.477,90.477,90.448,90.458,0.0659
23.04.2019 19:32:00.000,90.457,90.458,90.407,90.407,0.0497
23.04.2019 19:33:00.000,90.408,90.408,90.307,90.347,0.1057
23.04.2019 19:34:00.000,90.348,90.367,90.337,90.358,0.1108
23.04.2019 19:35:00.000,90.358,90.368,90.337,90.347,0.0447
23.04.2019 19:36:00.000,90.348,90.348,90.297,90.327,0.0778
23.04.2019 19:37:00.000,90.328,90.428,90.328,90.427,0.0991
23.04.2019 19:38:00.000,90.428,90.468,90.427,90.468,0.0879
23.04.2019 19:39:00.000,90.467,90.498,90.448,90.488,0.0817
23.04.2019 19:40:00.000,90.487,90.558,90.487,90.558,0.1333
23.04.2019 19:41:00.000,90.557,90.618,90.557,90.587,0.0844
23.04.2019 19:42:00.000,90.577,90.587,90.517,90.517,0.0523
23.04.2019 19:43:00.000,90.518,90.518,90.457,90.508,0.0901
23.04.2019 19:44:00.000,90.507,90.568,90.497,90.568,0.0507
23.04.2019 19:45:00.000,90.567,90.568,90.517,90.548,0.2568
23.04.2019 19:46:00.000,90.548,90.558,90.388,90.388,0.218
23.04.2019 19:47:00.000,90.388,90.388,90.347,90.347,0.0873
23.04.2019 19:48:00.000,90.348,90.448,90.347,90.447,0.1229
23.04.2019 19:49:00.000,90.448,90.448,90.417,90.428,0.1166
23.04.2019 19:50:00.000,90.428,90.428,90.378,90.388,0.1008
23.04.2019 19:51:00.000,90.387,90.398,90.377,90.377,0.0816
23.04.2019 19:52:00.000,90.378,90.388,90.377,90.387,0.1957
23.04.2019 19:53:00.000,90.388,90.398,90.377,90.378,0.1076
23.04.2019 19:54:00.000,90.378,90.378,90.287,90.307,0.1432
23.04.2019 19:55:00.000,90.308,90.528,90.308,90.468,0.2292
23.04.2019 19:56:00.000,90.468,90.518,90.447,90.447,0.2468
23.04.2019 19:57:00.000,90.448,90.478,90.447,90.468,0.1029
23.04.2019 19:58:00.000,90.458,90.488,90.417,90.488,0.2764
23.04.2019 19:59:00.000,90.487,90.517,90.237,90.268,0.5903
24.04.2019 13:30:00.000,89.708,90.187,89.708,89.868,0.171
24.04.2019 13:31:00.000,89.787,89.788,89.227,89.238,0.2093
24.04.2019 13:32:00.000,89.237,89.668,89.227,89.668,0.0759
24.04.2019 13:33:00.000,89.668,89.668,89.427,89.428,0.0942
24.04.2019 13:34:00.000,89.428,89.477,89.287,89.317,0.0892
24.04.2019 13:35:00.000,89.318,89.538,89.227,89.258,0.1811
24.04.2019 13:36:00.000,89.258,89.327,89.237,89.237,0.1209
24.04.2019 13:37:00.000,89.297,89.388,89.238,89.288,0.1869
24.04.2019 13:38:00.000,89.288,89.388,89.287,89.318,0.1639
24.04.2019 13:39:00.000,89.318,89.388,89.287,89.318,0.2138
24.04.2019 13:40:00.000,89.327,89.397,89.298,89.327,0.184
24.04.2019 13:41:00.000,89.327,89.468,89.318,89.468,0.1149
24.04.2019 13:42:00.000,89.477,89.477,89.357,89.398,0.1122
24.04.2019 13:43:00.000,89.418,89.448,89.227,89.238,0.26
24.04.2019 13:44:00.000,89.238,89.238,89.067,89.098,0.0898
24.04.2019 13:45:00.000,89.098,89.208,88.997,89.188,0.185
24.04.2019 13:46:00.000,89.188,89.408,89.147,89.408,0.1692
24.04.2019 13:47:00.000,89.407,89.447,89.258,89.297,0.2539
24.04.2019 13:48:00.000,89.257,89.287,89.177,89.177,0.1262
24.04.2019 13:49:00.000,89.158,89.158,89.018,89.058,0.0671
24.04.2019 13:50:00.000,89.077,89.108,88.917,88.937,0.1972
24.04.2019 13:51:00.000,88.937,88.958,88.827,88.827,0.2449
24.04.2019 13:52:00.000,88.818,88.908,88.747,88.748,0.0735
24.04.2019 13:53:00.000,88.747,88.858,88.678,88.678,0.2484
24.04.2019 13:54:00.000,88.667,88.748,88.657,88.728,0.0947
24.04.2019 13:55:00.000,88.728,88.908,88.728,88.857,0.153
24.04.2019 13:56:00.000,88.858,88.937,88.777,88.778,0.1713
24.04.2019 13:57:00.000,88.778,88.778,88.638,88.777,0.3017
24.04.2019 13:58:00.000,88.767,88.848,88.668,88.668,0.2808
24.04.2019 13:59:00.000,88.667,88.667,88.517,88.627,0.0743
24.04.2019 14:00:00.000,88.628,88.727,88.377,88.377,0.3979
24.04.2019 14:01:00.000,88.438,88.438,88.237,88.288,0.3036
24.04.2019 14:02:00.000,88.288,88.358,88.267,88.308,0.0883
24.04.2019 14:03:00.000,88.307,88.348,88.167,88.207,0.2214
24.04.2019 14:04:00.000,88.167,88.248,88.087,88.248,0.1278
24.04.2019 14:05:00.000,88.287,88.358,88.047,88.047,0.2382
24.04.2019 14:06:00.000,88.048,88.118,87.997,88.057,0.1659
24.04.2019 14:07:00.000,88.057,88.058,87.928,87.928,0.1418
24.04.2019 14:08:00.000,87.957,87.998,87.897,87.998,0.1068
24.04.2019 14:09:00.000,87.998,88.048,87.967,88.008,0.0866
24.04.2019 14:10:00.000,88.007,88.008,87.857,87.987,0.1357
24.04.2019 14:11:00.000,87.988,87.988,87.808,87.828,0.197
24.04.2019 14:12:00.000,87.798,87.978,87.798,87.938,0.1242
24.04.2019 14:13:00.000,87.948,87.987,87.937,87.948,0.1624
24.04.2019 14:14:00.000,87.968,87.978,87.897,87.898,0.2349
24.04.2019 14:15:00.000,87.878,87.918,87.878,87.897,0.1811
24.04.2019 14:16:00.000,87.907,88.178,87.907,88.178,0.1435
24.04.2019 14:17:00.000,88.177,88.417,88.138,88.417,0.301
24.04.2019 14:18:00.000,88.378,88.378,88.187,88.188,0.2057
24.04.2019 14:19:00.000,88.187,88.188,87.977,87.998,0.2105
24.04.2019 14:20:00.000,87.987,88.048,87.987,88.018,0.1114
24.04.2019 14:21:00.000,88.027,88.067,87.928,88.017,0.222
24.04.2019 14:22:00.000,88.018,88.047,87.867,87.907,0.3233
24.04.2019 14:23:00.000,87.907,87.928,87.858,87.898,0.081
24.04.2019 14:24:00.000,87.898,88.067,87.887,87.947,0.1688
24.04.2019 14:25:00.000,87.928,88.107,87.928,88.107,0.1984
24.04.2019 14:26:00.000,88.088,88.088,88.027,88.038,0.1486
24.04.2019 14:27:00.000,88.108,88.158,88.048,88.158,0.2007
24.04.2019 14:28:00.000,88.157,88.258,88.137,88.218,0.2165
24.04.2019 14:29:00.000,88.217,88.238,88.157,88.207,0.1383
24.04.2019 14:30:00.000,88.227,88.238,88.077,88.157,0.2351
24.04.2019 14:31:00.000,88.158,88.298,88.157,88.288,0.0864
24.04.2019 14:32:00.000,88.297,88.708,88.287,88.657,0.2078
24.04.2019 14:33:00.000,88.637,88.668,88.347,88.528,0.2828
24.04.2019 14:34:00.000,88.528,88.638,88.398,88.398,0.3217
24.04.2019 14:35:00.000,88.407,88.568,88.407,88.558,0.0528
24.04.2019 14:36:00.000,88.568,88.607,88.517,88.577,0.3166
24.04.2019 14:37:00.000,88.578,88.628,88.547,88.628,0.2004
24.04.2019 14:38:00.000,88.627,88.768,88.577,88.767,0.1777
24.04.2019 14:39:00.000,88.768,88.828,88.647,88.688,0.1575
24.04.2019 14:40:00.000,88.687,88.738,88.627,88.678,0.1768
24.04.2019 14:41:00.000,88.647,88.707,88.627,88.628,0.1292
24.04.2019 14:42:00.000,88.628,88.678,88.538,88.558,0.1637
24.04.2019 14:43:00.000,88.538,88.708,88.517,88.697,0.2635
24.04.2019 14:44:00.000,88.707,88.787,88.688,88.698,0.3631
24.04.2019 14:45:00.000,88.717,88.817,88.347,88.347,0.4875
24.04.2019 14:46:00.000,88.347,88.558,88.288,88.558,0.3367
24.04.2019 14:47:00.000,88.557,88.627,88.418,88.578,0.3104
24.04.2019 14:48:00.000,88.577,88.728,88.577,88.617,0.2861
24.04.2019 14:49:00.000,88.617,88.638,88.357,88.398,0.3378
24.04.2019 14:50:00.000,88.388,88.508,88.347,88.477,0.2438
24.04.2019 14:51:00.000,88.478,88.567,88.417,88.548,0.1781
24.04.2019 14:52:00.000,88.527,88.658,88.527,88.658,0.0966
24.04.2019 14:53:00.000,88.657,88.748,88.627,88.748,0.0762
24.04.2019 14:54:00.000,88.718,88.758,88.717,88.758,0.1044
24.04.2019 14:55:00.000,88.758,88.928,88.758,88.928,0.1476
24.04.2019 14:56:00.000,88.928,89.078,88.928,89.058,0.1545
24.04.2019 14:57:00.000,89.068,89.078,88.737,88.767,0.3166
24.04.2019 14:58:00.000,88.758,88.888,88.758,88.828,0.1528
24.04.2019 14:59:00.000,88.828,88.898,88.717,88.898,0.1828
24.04.2019 15:00:00.000,88.888,88.948,88.887,88.948,0.1951
24.04.2019 15:01:00.000,88.947,88.948,88.847,88.857,0.1449
24.04.2019 15:02:00.000,88.857,88.888,88.817,88.847,0.0834
24.04.2019 15:03:00.000,88.847,88.947,88.838,88.947,0.1512
24.04.2019 15:04:00.000,88.947,88.977,88.857,88.857,0.1883
24.04.2019 15:05:00.000,88.867,88.977,88.857,88.977,0.07
24.04.2019 15:06:00.000,88.977,88.988,88.848,88.848,0.2322
24.04.2019 15:07:00.000,88.848,88.938,88.848,88.928,0.1491
24.04.2019 15:08:00.000,88.928,88.978,88.877,88.878,0.1058
24.04.2019 15:09:00.000,88.877,88.947,88.867,88.898,0.091
24.04.2019 15:10:00.000,88.898,88.927,88.877,88.888,0.1806
24.04.2019 15:11:00.000,88.887,88.998,88.887,88.997,0.1037
24.04.2019 15:12:00.000,88.998,89.067,88.997,89.058,0.127
24.04.2019 15:13:00.000,89.087,89.127,89.078,89.088,0.1039
24.04.2019 15:14:00.000,89.087,89.138,89.087,89.098,0.1127
24.04.2019 15:15:00.000,89.098,89.178,89.087,89.098,0.1448
24.04.2019 15:16:00.000,89.088,89.088,88.918,88.958,0.3569
24.04.2019 15:17:00.000,88.957,88.958,88.867,88.887,0.1372
24.04.2019 15:18:00.000,88.887,88.917,88.857,88.897,0.075
24.04.2019 15:19:00.000,88.898,88.937,88.848,88.848,0.1711
24.04.2019 15:20:00.000,88.847,88.858,88.777,88.788,0.1075
24.04.2019 15:21:00.000,88.787,88.898,88.787,88.897,0.1977
24.04.2019 15:22:00.000,88.898,88.977,88.898,88.968,0.1295
24.04.2019 15:23:00.000,88.968,88.968,88.877,88.878,0.139
24.04.2019 15:24:00.000,88.877,88.938,88.877,88.928,0.0549
24.04.2019 15:25:00.000,88.928,88.938,88.887,88.907,0.0257
24.04.2019 15:26:00.000,88.908,88.928,88.887,88.927,0.0918
24.04.2019 15:27:00.000,88.928,88.988,88.887,88.978,0.136
24.04.2019 15:28:00.000,88.977,89.008,88.927,88.928,0.1663
24.04.2019 15:29:00.000,88.937,88.968,88.927,88.927,0.1544
24.04.2019 15:30:00.000,88.937,89.038,88.937,89.017,0.1531
24.04.2019 15:31:00.000,89.017,89.018,88.868,88.868,0.2061
24.04.2019 15:32:00.000,88.877,88.888,88.807,88.808,0.075
24.04.2019 15:33:00.000,88.807,88.807,88.597,88.608,0.253
24.04.2019 15:34:00.000,88.607,88.837,88.607,88.657,0.2457
24.04.2019 15:35:00.000,88.657,88.728,88.648,88.678,0.1937
24.04.2019 15:36:00.000,88.667,88.707,88.637,88.707,0.1269
24.04.2019 15:37:00.000,88.728,88.728,88.577,88.577,0.1504
24.04.2019 15:38:00.000,88.577,88.658,88.577,88.637,0.1317
24.04.2019 15:39:00.000,88.627,88.658,88.587,88.587,0.1676
24.04.2019 15:40:00.000,88.588,88.597,88.447,88.447,0.1701
24.04.2019 15:41:00.000,88.427,88.468,88.378,88.397,0.1177
24.04.2019 15:42:00.000,88.407,88.478,88.397,88.418,0.1111
24.04.2019 15:43:00.000,88.418,88.458,88.417,88.418,0.0966
24.04.2019 15:44:00.000,88.417,88.468,88.417,88.458,0.076
24.04.2019 15:45:00.000,88.457,88.478,88.417,88.438,0.0952
24.04.2019 15:46:00.000,88.437,88.498,88.437,88.498,0.0976
24.04.2019 15:47:00.000,88.488,88.488,88.257,88.257,0.2145
24.04.2019 15:48:00.000,88.258,88.298,88.227,88.277,0.1567
24.04.2019 15:49:00.000,88.278,88.328,88.257,88.318,0.1611
24.04.2019 15:50:00.000,88.338,88.408,88.327,88.367,0.1795
24.04.2019 15:51:00.000,88.368,88.478,88.367,88.478,0.0949
24.04.2019 15:52:00.000,88.488,88.498,88.297,88.377,0.2485
24.04.2019 15:53:00.000,88.378,88.478,88.377,88.477,0.0554
24.04.2019 15:54:00.000,88.478,88.498,88.307,88.348,0.2311
24.04.2019 15:55:00.000,88.347,88.438,88.347,88.437,0.1034
24.04.2019 15:56:00.000,88.438,88.488,88.438,88.477,0.0422
24.04.2019 15:57:00.000,88.478,88.488,88.377,88.407,0.09
24.04.2019 15:58:00.000,88.408,88.518,88.407,88.518,0.0653
24.04.2019 15:59:00.000,88.517,88.518,88.407,88.417,0.1348
24.04.2019 16:00:00.000,88.417,88.438,88.387,88.388,0.0611
24.04.2019 16:01:00.000,88.387,88.438,88.358,88.438,0.1351
24.04.2019 16:02:00.000,88.428,88.438,88.357,88.438,0.1275
24.04.2019 16:03:00.000,88.438,88.518,88.397,88.498,0.1441
24.04.2019 16:04:00.000,88.507,88.528,88.507,88.527,0.1055
24.04.2019 16:05:00.000,88.527,88.527,88.387,88.417,0.1207
24.04.2019 16:06:00.000,88.427,88.518,88.427,88.458,0.1248
24.04.2019 16:07:00.000,88.457,88.488,88.407,88.487,0.0698
24.04.2019 16:08:00.000,88.488,88.508,88.487,88.507,0.0314
24.04.2019 16:09:00.000,88.507,88.507,88.457,88.457,0.1177
24.04.2019 16:10:00.000,88.457,88.458,88.397,88.397,0.0661
24.04.2019 16:11:00.000,88.417,88.448,88.417,88.448,0.0195
24.04.2019 16:12:00.000,88.438,88.457,88.388,88.457,0.0835
24.04.2019 16:13:00.000,88.457,88.518,88.438,88.457,0.0934
24.04.2019 16:14:00.000,88.458,88.468,88.417,88.467,0.1105
24.04.2019 16:15:00.000,88.478,88.478,88.428,88.447,0.1235
24.04.2019 16:16:00.000,88.448,88.478,88.428,88.437,0.0515
24.04.2019 16:17:00.000,88.437,88.437,88.377,88.378,0.1692
24.04.2019 16:18:00.000,88.378,88.398,88.317,88.318,0.1614
24.04.2019 16:19:00.000,88.317,88.378,88.317,88.348,0.1257
24.04.2019 16:20:00.000,88.348,88.427,88.318,88.427,0.0965
24.04.2019 16:21:00.000,88.428,88.448,88.388,88.398,0.0717
24.04.2019 16:22:00.000,88.398,88.398,88.297,88.307,0.1079
24.04.2019 16:23:00.000,88.297,88.388,88.297,88.377,0.0493
24.04.2019 16:24:00.000,88.377,88.438,88.377,88.438,0.0656
24.04.2019 16:25:00.000,88.437,88.458,88.427,88.458,0.0394
24.04.2019 16:26:00.000,88.457,88.518,88.418,88.518,0.0473
24.04.2019 16:27:00.000,88.537,88.587,88.517,88.518,0.0966
24.04.2019 16:28:00.000,88.517,88.538,88.457,88.498,0.117
24.04.2019 16:29:00.000,88.498,88.498,88.427,88.427,0.1047
24.04.2019 16:30:00.000,88.428,88.437,88.377,88.377,0.0453
24.04.2019 16:31:00.000,88.408,88.518,88.407,88.518,0.1389
24.04.2019 16:32:00.000,88.508,88.517,88.438,88.458,0.1087
24.04.2019 16:33:00.000,88.458,88.558,88.457,88.457,0.166
24.04.2019 16:34:00.000,88.458,88.468,88.418,88.448,0.1689
24.04.2019 16:35:00.000,88.447,88.457,88.397,88.397,0.0821
24.04.2019 16:36:00.000,88.398,88.438,88.327,88.338,0.2175
24.04.2019 16:37:00.000,88.338,88.438,88.338,88.427,0.0476
24.04.2019 16:38:00.000,88.437,88.448,88.377,88.378,0.1332
24.04.2019 16:39:00.000,88.388,88.428,88.327,88.428,0.1954
24.04.2019 16:40:00.000,88.408,88.458,88.398,88.428,0.0563
24.04.2019 16:41:00.000,88.428,88.438,88.377,88.387,0.1505
24.04.2019 16:42:00.000,88.408,88.458,88.387,88.458,0.0645
24.04.2019 16:43:00.000,88.457,88.528,88.457,88.528,0.01
24.04.2019 16:44:00.000,88.537,88.578,88.507,88.508,0.1018
24.04.2019 16:45:00.000,88.508,88.508,88.437,88.458,0.106
24.04.2019 16:46:00.000,88.457,88.498,88.457,88.458,0.0396
24.04.2019 16:47:00.000,88.457,88.478,88.457,88.478,0.0234
24.04.2019 16:48:00.000,88.477,88.528,88.457,88.528,0.0125
24.04.2019 16:49:00.000,88.527,88.558,88.518,88.538,0.1031
24.04.2019 16:50:00.000,88.538,88.608,88.538,88.557,0.0738
24.04.2019 16:51:00.000,88.578,88.587,88.448,88.458,0.0706
24.04.2019 16:52:00.000,88.477,88.558,88.477,88.558,0.0776
24.04.2019 16:53:00.000,88.548,88.578,88.498,88.498,0.0655
24.04.2019 16:54:00.000,88.498,88.528,88.467,88.528,0.1746
24.04.2019 16:55:00.000,88.508,88.518,88.457,88.457,0.0798
24.04.2019 16:56:00.000,88.458,88.477,88.437,88.437,0.059
24.04.2019 16:57:00.000,88.438,88.487,88.427,88.478,0.0538
24.04.2019 16:58:00.000,88.488,88.518,88.477,88.507,0.0873
24.04.2019 16:59:00.000,88.508,88.568,88.507,88.548,0.1298
24.04.2019 17:00:00.000,88.548,88.558,88.407,88.407,0.1389
24.04.2019 17:01:00.000,88.398,88.418,88.357,88.367,0.0904
24.04.2019 17:02:00.000,88.367,88.368,88.307,88.307,0.0394
24.04.2019 17:03:00.000,88.318,88.348,88.307,88.347,0.031
24.04.2019 17:04:00.000,88.348,88.408,88.317,88.378,0.1038
24.04.2019 17:05:00.000,88.398,88.398,88.277,88.308,0.1419
24.04.2019 17:06:00.000,88.317,88.358,88.308,88.357,0.0478
24.04.2019 17:07:00.000,88.358,88.387,88.357,88.378,0.0884
24.04.2019 17:08:00.000,88.377,88.388,88.367,88.388,0.0907
24.04.2019 17:09:00.000,88.397,88.398,88.348,88.378,0.0038
24.04.2019 17:10:00.000,88.358,88.358,88.237,88.238,0.136
24.04.2019 17:11:00.000,88.248,88.328,88.248,88.327,0.1122
24.04.2019 17:12:00.000,88.318,88.318,88.288,88.318,0.0786
24.04.2019 17:13:00.000,88.298,88.328,88.287,88.327,0.057
24.04.2019 17:14:00.000,88.328,88.328,88.307,88.318,0.0475
24.04.2019 17:15:00.000,88.317,88.368,88.317,88.358,0.0412
24.04.2019 17:16:00.000,88.367,88.388,88.337,88.338,0.0919
24.04.2019 17:17:00.000,88.328,88.347,88.317,88.327,0.1599
24.04.2019 17:18:00.000,88.328,88.407,88.317,88.407,0.0797
24.04.2019 17:19:00.000,88.408,88.478,88.407,88.478,0.0758
24.04.2019 17:20:00.000,88.477,88.498,88.447,88.457,0.0916
24.04.2019 17:21:00.000,88.457,88.578,88.457,88.578,0.0765
24.04.2019 17:22:00.000,88.578,88.578,88.477,88.477,0.0983
24.04.2019 17:23:00.000,88.478,88.558,88.477,88.528,0.0853
24.04.2019 17:24:00.000,88.528,88.528,88.508,88.517,0.0158
24.04.2019 17:25:00.000,88.518,88.518,88.478,88.487,0.0989
24.04.2019 17:26:00.000,88.488,88.498,88.437,88.448,0.1069
24.04.2019 17:27:00.000,88.447,88.508,88.447,88.497,0.0702
24.04.2019 17:28:00.000,88.498,88.558,88.497,88.557,0.1014
24.04.2019 17:29:00.000,88.557,88.578,88.498,88.518,0.0867
24.04.2019 17:30:00.000,88.518,88.518,88.407,88.427,0.0777
24.04.2019 17:31:00.000,88.437,88.437,88.387,88.388,0.0296
24.04.2019 17:32:00.000,88.388,88.457,88.387,88.457,0.1378
24.04.2019 17:33:00.000,88.458,88.497,88.457,88.497,0.0397
24.04.2019 17:34:00.000,88.498,88.507,88.447,88.447,0.1161
24.04.2019 17:35:00.000,88.448,88.448,88.387,88.387,0.06
24.04.2019 17:36:00.000,88.388,88.408,88.367,88.368,0.1087
24.04.2019 17:37:00.000,88.367,88.368,88.328,88.328,0.003
24.04.2019 17:38:00.000,88.328,88.388,88.327,88.388,0.0367
24.04.2019 17:39:00.000,88.388,88.438,88.367,88.438,0.1343
24.04.2019 17:40:00.000,88.448,88.458,88.448,88.458,0.0352
24.04.2019 17:41:00.000,88.457,88.457,88.347,88.347,0.1022
24.04.2019 17:42:00.000,88.348,88.348,88.317,88.317,0.0305
24.04.2019 17:43:00.000,88.318,88.328,88.308,88.317,0.0256
24.04.2019 17:44:00.000,88.317,88.347,88.287,88.287,0.1164
24.04.2019 17:45:00.000,88.288,88.288,88.267,88.267,0.0185
24.04.2019 17:46:00.000,88.268,88.288,88.237,88.237,0.0713
24.04.2019 17:47:00.000,88.237,88.268,88.227,88.227,0.0841
24.04.2019 17:48:00.000,88.218,88.288,88.218,88.277,0.0081
24.04.2019 17:49:00.000,88.278,88.288,88.218,88.247,0.0618
24.04.2019 17:50:00.000,88.247,88.278,88.227,88.257,0.0991
24.04.2019 17:51:00.000,88.257,88.338,88.257,88.298,0.1121
24.04.2019 17:52:00.000,88.298,88.308,88.277,88.287,0.1247
24.04.2019 17:53:00.000,88.297,88.308,88.267,88.277,0.0618
24.04.2019 17:54:00.000,88.277,88.318,88.267,88.318,0.073
24.04.2019 17:55:00.000,88.297,88.318,88.287,88.318,0.1508
24.04.2019 17:56:00.000,88.327,88.408,88.317,88.338,0.0658
24.04.2019 17:57:00.000,88.337,88.338,88.297,88.298,0.0101
24.04.2019 17:58:00.000,88.298,88.358,88.297,88.358,0.0432
24.04.2019 17:59:00.000,88.368,88.368,88.317,88.318,0.1349
24.04.2019 18:00:00.000,88.308,88.358,88.308,88.347,0.087
24.04.2019 18:01:00.000,88.328,88.337,88.307,88.328,0.0594
24.04.2019 18:02:00.000,88.327,88.348,88.307,88.347,0.0364
24.04.2019 18:03:00.000,88.348,88.408,88.348,88.408,0.1311
24.04.2019 18:04:00.000,88.408,88.408,88.327,88.338,0.2278
24.04.2019 18:05:00.000,88.338,88.398,88.327,88.387,0.0759
24.04.2019 18:06:00.000,88.388,88.427,88.358,88.358,0.1289
24.04.2019 18:07:00.000,88.358,88.358,88.307,88.307,0.0492
24.04.2019 18:08:00.000,88.308,88.348,88.307,88.338,0.1228
24.04.2019 18:09:00.000,88.338,88.358,88.317,88.337,0.0654
24.04.2019 18:10:00.000,88.338,88.348,88.337,88.348,0.0535
24.04.2019 18:11:00.000,88.347,88.378,88.347,88.377,0.0184
24.04.2019 18:12:00.000,88.378,88.378,88.317,88.327,0.0438
24.04.2019 18:13:00.000,88.317,88.348,88.317,88.338,0.0311
24.04.2019 18:14:00.000,88.338,88.338,88.327,88.327,0.009
24.04.2019 18:15:00.000,88.328,88.428,88.327,88.428,0.0524
24.04.2019 18:16:00.000,88.427,88.478,88.417,88.468,0.0998
24.04.2019 18:17:00.000,88.478,88.478,88.467,88.477,0.0163
24.04.2019 18:18:00.000,88.457,88.518,88.427,88.507,0.055
24.04.2019 18:19:00.000,88.508,88.528,88.507,88.507,0.0701
24.04.2019 18:20:00.000,88.508,88.508,88.367,88.368,0.0856
24.04.2019 18:21:00.000,88.367,88.388,88.357,88.387,0.0664
24.04.2019 18:22:00.000,88.388,88.468,88.388,88.457,0.0724
24.04.2019 18:23:00.000,88.448,88.477,88.417,88.437,0.2105
24.04.2019 18:24:00.000,88.438,88.508,88.408,88.507,0.0966
24.04.2019 18:25:00.000,88.497,88.497,88.437,88.438,0.1266
24.04.2019 18:26:00.000,88.438,88.488,88.437,88.458,0.0945
24.04.2019 18:27:00.000,88.448,88.468,88.417,88.448,0.0966
24.04.2019 18:28:00.000,88.457,88.478,88.437,88.447,0.1843
24.04.2019 18:29:00.000,88.448,88.487,88.427,88.428,0.0593
24.04.2019 18:30:00.000,88.428,88.428,88.378,88.378,0.0509
24.04.2019 18:31:00.000,88.398,88.407,88.348,88.348,0.1534
24.04.2019 18:32:00.000,88.347,88.348,88.337,88.347,0.0549
24.04.2019 18:33:00.000,88.337,88.338,88.307,88.308,0.044
24.04.2019 18:34:00.000,88.298,88.357,88.297,88.357,0.0135
24.04.2019 18:35:00.000,88.357,88.357,88.307,88.307,0.0719
24.04.2019 18:36:00.000,88.308,88.308,88.258,88.297,0.0928
24.04.2019 18:37:00.000,88.298,88.298,88.237,88.268,0.0408
24.04.2019 18:38:00.000,88.257,88.268,88.247,88.248,0.1113
24.04.2019 18:39:00.000,88.247,88.248,88.197,88.238,0.1279
24.04.2019 18:40:00.000,88.238,88.338,88.228,88.338,0.0864
24.04.2019 18:41:00.000,88.337,88.338,88.298,88.298,0.1233
24.04.2019 18:42:00.000,88.287,88.297,88.267,88.288,0.0717
24.04.2019 18:43:00.000,88.297,88.317,88.297,88.308,0.101
24.04.2019 18:44:00.000,88.318,88.318,88.248,88.248,0.2229
24.04.2019 18:45:00.000,88.258,88.258,88.197,88.198,0.1156
24.04.2019 18:46:00.000,88.188,88.238,88.187,88.218,0.0873
24.04.2019 18:47:00.000,88.217,88.218,88.097,88.098,0.0463
24.04.2019 18:48:00.000,88.097,88.118,88.087,88.107,0.0506
24.04.2019 18:49:00.000,88.107,88.158,88.107,88.118,0.1125
24.04.2019 18:50:00.000,88.128,88.138,88.057,88.057,0.13
24.04.2019 18:51:00.000,88.058,88.068,88.047,88.068,0.132
24.04.2019 18:52:00.000,88.067,88.108,88.037,88.077,0.1567
24.04.2019 18:53:00.000,88.098,88.098,88.037,88.058,0.1038
24.04.2019 18:54:00.000,88.057,88.068,88.037,88.058,0.1435
24.04.2019 18:55:00.000,88.057,88.078,88.028,88.077,0.0605
24.04.2019 18:56:00.000,88.078,88.098,88.077,88.098,0.0355
24.04.2019 18:57:00.000,88.098,88.118,88.077,88.108,0.1298
24.04.2019 18:58:00.000,88.108,88.108,88.057,88.068,0.1229
24.04.2019 18:59:00.000,88.067,88.228,88.057,88.228,0.0798
24.04.2019 19:00:00.000,88.227,88.238,88.168,88.177,0.2477
24.04.2019 19:01:00.000,88.178,88.238,88.178,88.228,0.0992
24.04.2019 19:02:00.000,88.227,88.228,88.157,88.187,0.1454
24.04.2019 19:03:00.000,88.178,88.188,88.137,88.138,0.1757
24.04.2019 19:04:00.000,88.138,88.147,88.127,88.127,0.1521
24.04.2019 19:05:00.000,88.138,88.158,88.127,88.148,0.1001
24.04.2019 19:06:00.000,88.147,88.158,88.088,88.088,0.1037
24.04.2019 19:07:00.000,88.088,88.208,88.087,88.207,0.2562
24.04.2019 19:08:00.000,88.197,88.198,88.168,88.178,0.0899
24.04.2019 19:09:00.000,88.177,88.188,88.088,88.088,0.1389
24.04.2019 19:10:00.000,88.088,88.127,88.067,88.088,0.2175
24.04.2019 19:11:00.000,88.088,88.088,88.037,88.047,0.218
24.04.2019 19:12:00.000,88.048,88.077,88.037,88.037,0.0834
24.04.2019 19:13:00.000,88.028,88.028,87.968,87.968,0.1732
24.04.2019 19:14:00.000,87.958,87.988,87.937,87.958,0.2061
24.04.2019 19:15:00.000,87.958,88.048,87.958,88.038,0.1465
24.04.2019 19:16:00.000,88.038,88.038,87.957,88.028,0.1682
24.04.2019 19:17:00.000,88.027,88.067,88.027,88.047,0.0895
24.04.2019 19:18:00.000,88.048,88.048,87.987,88.018,0.0901
24.04.2019 19:19:00.000,88.017,88.048,87.997,88.028,0.0613
24.04.2019 19:20:00.000,88.028,88.028,87.917,87.918,0.2346
24.04.2019 19:21:00.000,87.927,87.938,87.887,87.907,0.1523
24.04.2019 19:22:00.000,87.908,87.917,87.867,87.908,0.1893
24.04.2019 19:23:00.000,87.907,87.938,87.907,87.937,0.1451
24.04.2019 19:24:00.000,87.938,88.118,87.937,88.117,0.1326
24.04.2019 19:25:00.000,88.108,88.108,87.967,87.968,0.2577
24.04.2019 19:26:00.000,87.967,88.028,87.947,88.027,0.1042
24.04.2019 19:27:00.000,88.028,88.038,88.027,88.028,0.0607
24.04.2019 19:28:00.000,88.027,88.037,87.978,87.988,0.0863
24.04.2019 19:29:00.000,87.987,88.007,87.957,87.958,0.067
24.04.2019 19:30:00.000,87.957,87.998,87.957,87.977,0.1209
24.04.2019 19:31:00.000,87.977,87.978,87.937,87.958,0.1987
24.04.2019 19:32:00.000,87.958,87.968,87.927,87.958,0.0821
24.04.2019 19:33:00.000,87.957,87.988,87.937,87.988,0.1008
24.04.2019 19:34:00.000,87.987,88.028,87.977,88.018,0.0166
24.04.2019 19:35:00.000,88.018,88.028,87.957,87.958,0.1348
24.04.2019 19:36:00.000,87.968,87.968,87.927,87.927,0.1002
24.04.2019 19:37:00.000,87.927,87.937,87.918,87.937,0.0588
24.04.2019 19:38:00.000,87.938,87.988,87.937,87.977,0.1737
24.04.2019 19:39:00.000,87.987,87.988,87.947,87.978,0.051
24.04.2019 19:40:00.000,87.978,87.998,87.938,87.947,0.0697
24.04.2019 19:41:00.000,87.967,87.988,87.957,87.967,0.1274
24.04.2019 19:42:00.000,87.968,87.998,87.968,87.998,0.1938
24.04.2019 19:43:00.000,87.997,88.018,87.997,88.008,0.1189
24.04.2019 19:44:00.000,88.007,88.108,88.007,88.108,0.1879
24.04.2019 19:45:00.000,88.107,88.107,88.047,88.058,0.1685
24.04.2019 19:46:00.000,88.057,88.168,88.057,88.158,0.1153
24.04.2019 19:47:00.000,88.147,88.148,88.037,88.058,0.3072
24.04.2019 19:48:00.000,88.057,88.058,88.018,88.048,0.1026
24.04.2019 19:49:00.000,88.038,88.078,88.017,88.047,0.1923
24.04.2019 19:50:00.000,88.048,88.048,87.957,87.968,0.4169
24.04.2019 19:51:00.000,87.967,87.978,87.867,87.867,0.347
24.04.2019 19:52:00.000,87.868,87.868,87.757,87.838,0.3606
24.04.2019 19:53:00.000,87.847,87.868,87.768,87.777,0.2891
24.04.2019 19:54:00.000,87.778,87.878,87.767,87.837,0.2956
24.04.2019 19:55:00.000,87.838,87.918,87.807,87.857,0.4026
24.04.2019 19:56:00.000,87.858,87.858,87.757,87.778,0.3433
24.04.2019 19:57:00.000,87.777,87.798,87.747,87.768,0.219
24.04.2019 19:58:00.000,87.767,87.788,87.637,87.638,0.5486
24.04.2019 19:59:00.000,87.637,87.728,87.637,87.728,0.8185
25.04.2019 13:30:00.000,87.538,87.688,87.538,87.597,0.0087
25.04.2019 13:31:00.000,87.637,88.158,87.598,88.158,0.0905
25.04.2019 13:32:00.000,88.157,88.248,87.677,87.867,0.0998
25.04.2019 13:33:00.000,87.877,88.298,87.827,88.298,0.0663
25.04.2019 13:34:00.000,88.298,88.607,88.177,88.607,0.1891
25.04.2019 13:35:00.000,88.608,88.758,88.607,88.717,0.1378
25.04.2019 13:36:00.000,88.718,89.118,88.718,89.078,0.1285
25.04.2019 13:37:00.000,89.008,89.168,88.917,89.107,0.073
25.04.2019 13:38:00.000,89.108,89.158,88.907,88.928,0.1242
25.04.2019 13:39:00.000,88.928,88.928,88.627,88.757,0.1501
25.04.2019 13:40:00.000,88.758,88.987,88.758,88.777,0.1093
25.04.2019 13:41:00.000,88.768,88.878,88.477,88.568,0.1672
25.04.2019 13:42:00.000,88.637,88.767,88.498,88.687,0.1161
25.04.2019 13:43:00.000,88.678,88.678,88.567,88.598,0.0413
25.04.2019 13:44:00.000,88.597,88.597,88.358,88.398,0.0946
25.04.2019 13:45:00.000,88.407,88.478,88.357,88.368,0.0876
25.04.2019 13:46:00.000,88.388,88.558,88.387,88.408,0.0871
25.04.2019 13:47:00.000,88.428,88.478,88.408,88.448,0.123
25.04.2019 13:48:00.000,88.498,88.498,88.397,88.428,0.1207
25.04.2019 13:49:00.000,88.438,88.518,88.437,88.477,0.1636
25.04.2019 13:50:00.000,88.478,88.648,88.447,88.608,0.1859
25.04.2019 13:51:00.000,88.607,88.958,88.607,88.957,0.2125
25.04.2019 13:52:00.000,88.967,88.967,88.817,88.888,0.0663
25.04.2019 13:53:00.000,88.968,89.288,88.948,89.288,0.0869
25.04.2019 13:54:00.000,89.237,89.438,89.227,89.387,0.0978
25.04.2019 13:55:00.000,89.387,89.498,89.387,89.498,0.1046
25.04.2019 13:56:00.000,89.508,89.788,89.508,89.787,0.1637
25.04.2019 13:57:00.000,89.788,89.908,89.788,89.807,0.1168
25.04.2019 13:58:00.000,89.818,89.947,89.607,89.617,0.2199
25.04.2019 13:59:00.000,89.617,89.828,89.617,89.827,0.0795
25.04.2019 14:00:00.000,89.828,89.898,89.737,89.827,0.2277
25.04.2019 14:01:00.000,89.828,89.968,89.827,89.908,0.2056
25.04.2019 14:02:00.000,89.878,90.058,89.827,89.997,0.1751
25.04.2019 14:03:00.000,90.008,90.128,89.977,90.108,0.3472
25.04.2019 14:04:00.000,90.108,90.368,90.097,90.328,0.1993
25.04.2019 14:05:00.000,90.327,90.417,90.128,90.158,0.3004
25.04.2019 14:06:00.000,90.157,90.158,90.027,90.028,0.5906
25.04.2019 14:07:00.000,90.028,90.238,90.027,90.168,0.456
25.04.2019 14:08:00.000,90.168,90.398,90.168,90.377,0.3232
25.04.2019 14:09:00.000,90.378,90.448,90.337,90.337,0.3028
25.04.2019 14:10:00.000,90.328,90.438,90.248,90.388,0.2591
25.04.2019 14:11:00.000,90.407,90.408,90.138,90.148,0.2465
25.04.2019 14:12:00.000,90.118,90.118,89.897,89.898,0.2858
25.04.2019 14:13:00.000,89.898,89.958,89.717,89.778,0.1872
25.04.2019 14:14:00.000,89.778,89.928,89.747,89.797,0.2842
25.04.2019 14:15:00.000,89.797,89.938,89.777,89.938,0.3259
25.04.2019 14:16:00.000,89.938,90.008,89.837,89.898,0.2391
25.04.2019 14:17:00.000,89.897,89.937,89.778,89.807,0.1151
25.04.2019 14:18:00.000,89.807,89.868,89.587,89.617,0.174
25.04.2019 14:19:00.000,89.668,89.707,89.438,89.477,0.2813
25.04.2019 14:20:00.000,89.478,89.538,89.347,89.487,0.1254
25.04.2019 14:21:00.000,89.527,89.638,89.347,89.518,0.2568
25.04.2019 14:22:00.000,89.518,89.577,89.448,89.458,0.0891
25.04.2019 14:23:00.000,89.457,89.568,89.378,89.407,0.1891
25.04.2019 14:24:00.000,89.427,89.468,89.427,89.458,0.106
25.04.2019 14:25:00.000,89.467,89.478,89.267,89.307,0.1026
25.04.2019 14:26:00.000,89.308,89.408,89.287,89.407,0.1615
25.04.2019 14:27:00.000,89.407,89.458,89.327,89.328,0.1334
25.04.2019 14:28:00.000,89.328,89.387,89.297,89.298,0.1594
25.04.2019 14:29:00.000,89.308,89.477,89.308,89.427,0.1544
25.04.2019 14:30:00.000,89.428,89.428,89.138,89.157,0.2687
25.04.2019 14:31:00.000,89.157,89.238,89.077,89.098,0.1458
25.04.2019 14:32:00.000,89.097,89.158,89.027,89.147,0.2699
25.04.2019 14:33:00.000,89.147,89.148,88.987,88.987,0.2496
25.04.2019 14:34:00.000,88.988,89.108,88.987,88.987,0.176
25.04.2019 14:35:00.000,88.988,89.098,88.988,89.077,0.1202
25.04.2019 14:36:00.000,89.077,89.098,88.927,88.987,0.4256
25.04.2019 14:37:00.000,88.938,88.938,88.877,88.907,0.3208
25.04.2019 14:38:00.000,88.908,88.948,88.808,88.837,0.2498
25.04.2019 14:39:00.000,88.828,89.278,88.798,89.168,0.6798
25.04.2019 14:40:00.000,89.178,89.178,88.898,88.928,0.1126
25.04.2019 14:41:00.000,88.927,89.057,88.927,88.927,0.1363
25.04.2019 14:42:00.000,88.927,88.937,88.798,88.857,0.1339
25.04.2019 14:43:00.000,88.858,88.858,88.707,88.758,0.1401
25.04.2019 14:44:00.000,88.757,88.848,88.637,88.668,0.244
25.04.2019 14:45:00.000,88.648,88.718,88.597,88.617,0.2568
25.04.2019 14:46:00.000,88.617,88.647,88.527,88.528,0.1268
25.04.2019 14:47:00.000,88.547,88.598,88.518,88.568,0.2396
25.04.2019 14:48:00.000,88.567,88.678,88.557,88.647,0.0845
25.04.2019 14:49:00.000,88.648,88.698,88.647,88.678,0.0955
25.04.2019 14:50:00.000,88.678,88.717,88.638,88.648,0.1855
25.04.2019 14:51:00.000,88.647,88.708,88.647,88.678,0.1438
25.04.2019 14:52:00.000,88.678,88.708,88.637,88.637,0.1234
25.04.2019 14:53:00.000,88.637,88.638,88.547,88.588,0.0825
25.04.2019 14:54:00.000,88.587,88.588,88.288,88.317,0.3484
25.04.2019 14:55:00.000,88.318,88.418,88.268,88.367,0.1914
25.04.2019 14:56:00.000,88.378,88.378,88.188,88.188,0.0868
25.04.2019 14:57:00.000,88.207,88.288,88.147,88.147,0.1612
25.04.2019 14:58:00.000,88.147,88.258,88.147,88.258,0.1778
25.04.2019 14:59:00.000,88.258,88.438,88.258,88.398,0.227
25.04.2019 15:00:00.000,88.398,88.398,88.277,88.297,0.123
25.04.2019 15:01:00.000,88.298,88.298,88.217,88.227,0.128
25.04.2019 15:02:00.000,88.238,88.338,88.238,88.327,0.141
25.04.2019 15:03:00.000,88.328,88.518,88.307,88.518,0.1846
25.04.2019 15:04:00.000,88.517,88.708,88.517,88.588,0.2299
25.04.2019 15:05:00.000,88.577,88.788,88.567,88.788,0.1167
25.04.2019 15:06:00.000,88.787,88.858,88.757,88.828,0.2836
25.04.2019 15:07:00.000,88.828,88.928,88.827,88.848,0.2041
25.04.2019 15:08:00.000,88.838,88.918,88.797,88.918,0.1284
25.04.2019 15:09:00.000,88.917,89.038,88.917,88.957,0.1677
25.04.2019 15:10:00.000,88.958,88.988,88.867,88.897,0.1566
25.04.2019 15:11:00.000,88.907,89.118,88.907,89.067,0.1822
25.04.2019 15:12:00.000,89.068,89.198,89.068,89.148,0.1134
25.04.2019 15:13:00.000,89.147,89.248,89.147,89.227,0.1173
25.04.2019 15:14:00.000,89.227,89.298,89.107,89.298,0.1878
25.04.2019 15:15:00.000,89.268,89.378,89.198,89.198,0.2781
25.04.2019 15:16:00.000,89.197,89.258,89.177,89.217,0.2492
25.04.2019 15:17:00.000,89.207,89.298,89.187,89.268,0.1458
25.04.2019 15:18:00.000,89.337,89.437,89.337,89.437,0.0811
25.04.2019 15:19:00.000,89.528,89.568,89.378,89.398,0.1588
25.04.2019 15:20:00.000,89.407,89.568,89.407,89.568,0.1236
25.04.2019 15:21:00.000,89.567,89.628,89.567,89.627,0.0793
25.04.2019 15:22:00.000,89.627,89.627,89.517,89.557,0.1318
25.04.2019 15:23:00.000,89.567,89.588,89.517,89.527,0.0938
25.04.2019 15:24:00.000,89.528,89.538,89.428,89.537,0.0668
25.04.2019 15:25:00.000,89.538,89.638,89.538,89.617,0.1143
25.04.2019 15:26:00.000,89.628,89.638,89.507,89.518,0.0515
25.04.2019 15:27:00.000,89.517,89.607,89.467,89.607,0.1664
25.04.2019 15:28:00.000,89.608,89.608,89.447,89.558,0.1536
25.04.2019 15:29:00.000,89.558,89.818,89.558,89.798,0.1994
25.04.2019 15:30:00.000,89.798,89.858,89.717,89.757,0.1026
25.04.2019 15:31:00.000,89.757,89.828,89.757,89.798,0.3554
25.04.2019 15:32:00.000,89.797,89.838,89.797,89.798,0.128
25.04.2019 15:33:00.000,89.818,89.857,89.797,89.848,0.1825
25.04.2019 15:34:00.000,89.847,89.888,89.768,89.887,0.1217
25.04.2019 15:35:00.000,89.888,89.928,89.747,89.747,0.2532
25.04.2019 15:36:00.000,89.808,89.998,89.808,89.998,0.162
25.04.2019 15:37:00.000,89.997,90.037,89.897,89.988,0.4658
25.04.2019 15:38:00.000,89.987,90.008,89.967,90.008,0.173
25.04.2019 15:39:00.000,90.008,90.058,89.987,90.048,0.1102
25.04.2019 15:40:00.000,90.078,90.157,90.067,90.157,0.0987
25.04.2019 15:41:00.000,90.168,90.168,90.047,90.137,0.2705
25.04.2019 15:42:00.000,90.137,90.348,90.137,90.348,0.2481
25.04.2019 15:43:00.000,90.337,90.348,90.107,90.207,0.4001
25.04.2019 15:44:00.000,90.207,90.388,90.168,90.307,0.2379
25.04.2019 15:45:00.000,90.308,90.357,90.247,90.357,0.0926
25.04.2019 15:46:00.000,90.347,90.357,90.257,90.287,0.1389
25.04.2019 15:47:00.000,90.287,90.287,90.048,90.057,0.1889
25.04.2019 15:48:00.000,90.068,90.328,90.068,90.257,0.1783
25.04.2019 15:49:00.000,90.258,90.367,90.257,90.328,0.1664
25.04.2019 15:50:00.000,90.328,90.328,90.227,90.227,0.2252
25.04.2019 15:51:00.000,90.227,90.227,90.097,90.108,0.0855
25.04.2019 15:52:00.000,90.108,90.138,90.077,90.107,0.1033
25.04.2019 15:53:00.000,90.108,90.197,90.087,90.097,0.2896
25.04.2019 15:54:00.000,90.107,90.208,90.068,90.188,0.1882
25.04.2019 15:55:00.000,90.187,90.227,90.187,90.217,0.0955
25.04.2019 15:56:00.000,90.228,90.268,90.208,90.208,0.1386
25.04.2019 15:57:00.000,90.207,90.338,90.207,90.278,0.127
25.04.2019 15:58:00.000,90.278,90.278,90.228,90.248,0.1285
25.04.2019 15:59:00.000,90.258,90.297,90.217,90.297,0.1489
25.04.2019 16:00:00.000,90.328,90.618,90.307,90.608,0.2502
25.04.2019 16:01:00.000,90.607,90.658,90.507,90.577,0.4645
25.04.2019 16:02:00.000,90.618,90.708,90.597,90.698,0.1625
25.04.2019 16:03:00.000,90.688,90.688,90.598,90.598,0.1023
25.04.2019 16:04:00.000,90.598,90.618,90.527,90.557,0.2702
25.04.2019 16:05:00.000,90.548,90.568,90.467,90.478,0.1762
25.04.2019 16:06:00.000,90.478,90.528,90.467,90.498,0.1118
25.04.2019 16:07:00.000,90.498,90.508,90.387,90.418,0.1824
25.04.2019 16:08:00.000,90.418,90.607,90.417,90.607,0.2286
25.04.2019 16:09:00.000,90.607,90.708,90.607,90.698,0.2686
25.04.2019 16:10:00.000,90.718,90.748,90.688,90.688,0.2536
25.04.2019 16:11:00.000,90.688,90.798,90.688,90.748,0.3278
25.04.2019 16:12:00.000,90.738,90.868,90.738,90.868,0.2095
25.04.2019 16:13:00.000,90.877,90.937,90.877,90.877,0.1236
25.04.2019 16:14:00.000,90.867,90.917,90.838,90.848,0.1636
25.04.2019 16:15:00.000,90.848,90.878,90.817,90.877,0.0648
25.04.2019 16:16:00.000,90.877,90.908,90.828,90.868,0.1814
25.04.2019 16:17:00.000,90.868,90.868,90.727,90.748,0.1495
25.04.2019 16:18:00.000,90.747,90.748,90.597,90.598,0.089
25.04.2019 16:19:00.000,90.598,90.688,90.598,90.688,0.1016
25.04.2019 16:20:00.000,90.688,90.688,90.617,90.627,0.0962
25.04.2019 16:21:00.000,90.617,90.718,90.597,90.678,0.1428
25.04.2019 16:22:00.000,90.668,90.668,90.588,90.588,0.1411
25.04.2019 16:23:00.000,90.587,90.718,90.587,90.708,0.1055
25.04.2019 16:24:00.000,90.717,90.787,90.687,90.707,0.1597
25.04.2019 16:25:00.000,90.708,90.778,90.707,90.767,0.0649
25.04.2019 16:26:00.000,90.768,90.778,90.687,90.708,0.0612
25.04.2019 16:27:00.000,90.707,90.768,90.707,90.748,0.096
25.04.2019 16:28:00.000,90.748,90.768,90.687,90.687,0.0773
25.04.2019 16:29:00.000,90.697,90.718,90.687,90.697,0.0847
25.04.2019 16:30:00.000,90.697,90.868,90.697,90.827,0.1849
25.04.2019 16:31:00.000,90.827,90.858,90.817,90.818,0.2089
25.04.2019 16:32:00.000,90.818,90.927,90.817,90.878,0.1514
25.04.2019 16:33:00.000,90.868,90.948,90.867,90.947,0.1297
25.04.2019 16:34:00.000,90.947,90.968,90.928,90.938,0.0908
25.04.2019 16:35:00.000,90.937,90.937,90.838,90.867,0.1093
25.04.2019 16:36:00.000,90.868,90.928,90.867,90.918,0.0304
25.04.2019 16:37:00.000,90.918,90.958,90.898,90.957,0.0831
25.04.2019 16:38:00.000,90.958,90.968,90.868,90.868,0.1934
25.04.2019 16:39:00.000,90.868,90.868,90.757,90.757,0.0952
25.04.2019 16:40:00.000,90.778,90.788,90.757,90.757,0.0238
25.04.2019 16:41:00.000,90.758,90.868,90.738,90.868,0.1989
25.04.2019 16:42:00.000,90.867,90.968,90.867,90.948,0.2488
25.04.2019 16:43:00.000,90.947,90.988,90.947,90.978,0.0657
25.04.2019 16:44:00.000,90.968,91.127,90.967,91.098,0.2283
25.04.2019 16:45:00.000,91.098,91.148,91.057,91.148,0.1167
25.04.2019 16:46:00.000,91.147,91.158,91.138,91.147,0.0992
25.04.2019 16:47:00.000,91.147,91.248,91.147,91.237,0.1491
25.04.2019 16:48:00.000,91.247,91.368,91.238,91.327,0.1118
25.04.2019 16:49:00.000,91.327,91.378,91.318,91.377,0.2883
25.04.2019 16:50:00.000,91.377,91.378,91.287,91.288,0.1195
25.04.2019 16:51:00.000,91.288,91.308,91.257,91.307,0.1297
25.04.2019 16:52:00.000,91.308,91.388,91.297,91.387,0.16
25.04.2019 16:53:00.000,91.377,91.418,91.377,91.398,0.1144
25.04.2019 16:54:00.000,91.407,91.468,91.398,91.437,0.129
25.04.2019 16:55:00.000,91.448,91.448,91.307,91.318,0.1623
25.04.2019 16:56:00.000,91.317,91.317,91.188,91.188,0.076
25.04.2019 16:57:00.000,91.187,91.228,91.118,91.127,0.0805
25.04.2019 16:58:00.000,91.128,91.318,91.128,91.318,0.1484
25.04.2019 16:59:00.000,91.318,91.498,91.317,91.468,0.2331
25.04.2019 17:00:00.000,91.467,91.578,91.467,91.578,0.2483
25.04.2019 17:01:00.000,91.577,91.608,91.577,91.588,0.1897
25.04.2019 17:02:00.000,91.608,91.638,91.607,91.628,0.101
25.04.2019 17:03:00.000,91.617,91.637,91.587,91.588,0.0874
25.04.2019 17:04:00.000,91.587,91.588,91.507,91.517,0.0911
25.04.2019 17:05:00.000,91.518,91.548,91.477,91.527,0.248
25.04.2019 17:06:00.000,91.528,91.548,91.517,91.548,0.0905
25.04.2019 17:07:00.000,91.528,91.538,91.477,91.478,0.1505
25.04.2019 17:08:00.000,91.477,91.478,91.377,91.377,0.0702
25.04.2019 17:09:00.000,91.368,91.368,91.257,91.298,0.0987
25.04.2019 17:10:00.000,91.297,91.388,91.297,91.367,0.0882
25.04.2019 17:11:00.000,91.368,91.408,91.368,91.408,0.0428
25.04.2019 17:12:00.000,91.398,91.477,91.398,91.477,0.0723
25.04.2019 17:13:00.000,91.487,91.518,91.487,91.518,0.0717
25.04.2019 17:14:00.000,91.518,91.588,91.517,91.577,0.1503
25.04.2019 17:15:00.000,91.578,91.677,91.577,91.668,0.1569
25.04.2019 17:16:00.000,91.667,91.778,91.667,91.768,0.1019
25.04.2019 17:17:00.000,91.758,91.888,91.747,91.887,0.1204
25.04.2019 17:18:00.000,91.887,91.888,91.807,91.808,0.0913
25.04.2019 17:19:00.000,91.818,91.828,91.797,91.817,0.1782
25.04.2019 17:20:00.000,91.818,91.898,91.797,91.897,0.0683
25.04.2019 17:21:00.000,91.898,92.128,91.898,92.068,0.2573
25.04.2019 17:22:00.000,92.068,92.068,92.008,92.018,0.1528
25.04.2019 17:23:00.000,92.017,92.118,92.017,92.097,0.153
25.04.2019 17:24:00.000,92.097,92.308,92.097,92.308,0.2093
25.04.2019 17:25:00.000,92.308,92.408,92.297,92.307,0.2505
25.04.2019 17:26:00.000,92.307,92.307,92.217,92.218,0.108
25.04.2019 17:27:00.000,92.217,92.378,92.217,92.377,0.1682
25.04.2019 17:28:00.000,92.387,92.398,92.367,92.387,0.1218
25.04.2019 17:29:00.000,92.387,92.478,92.387,92.448,0.1096
25.04.2019 17:30:00.000,92.447,92.478,92.347,92.458,0.2612
25.04.2019 17:31:00.000,92.457,92.478,92.407,92.468,0.1763
25.04.2019 17:32:00.000,92.468,92.488,92.428,92.468,0.1211
25.04.2019 17:33:00.000,92.468,92.548,92.467,92.548,0.1909
25.04.2019 17:34:00.000,92.548,92.638,92.547,92.638,0.0701
25.04.2019 17:35:00.000,92.647,92.658,92.557,92.568,0.0987
25.04.2019 17:36:00.000,92.578,92.598,92.548,92.557,0.1785
25.04.2019 17:37:00.000,92.557,92.577,92.428,92.428,0.2584
25.04.2019 17:38:00.000,92.467,92.468,92.387,92.447,0.1184
25.04.2019 17:39:00.000,92.448,92.448,92.317,92.368,0.2557
25.04.2019 17:40:00.000,92.368,92.368,92.287,92.298,0.2232
25.04.2019 17:41:00.000,92.297,92.297,92.127,92.128,0.126
25.04.2019 17:42:00.000,92.107,92.107,91.917,91.917,0.0986
25.04.2019 17:43:00.000,91.948,92.058,91.917,91.997,0.0874
25.04.2019 17:44:00.000,92.008,92.008,91.887,91.917,0.0806
25.04.2019 17:45:00.000,91.917,91.948,91.857,91.858,0.1953
25.04.2019 17:46:00.000,91.848,91.938,91.848,91.938,0.0246
25.04.2019 17:47:00.000,91.937,91.968,91.887,91.907,0.1
25.04.2019 17:48:00.000,91.907,91.908,91.767,91.767,0.0433
25.04.2019 17:49:00.000,91.768,91.858,91.717,91.767,0.0875
25.04.2019 17:50:00.000,91.768,91.888,91.768,91.888,0.0243
25.04.2019 17:51:00.000,91.888,91.957,91.848,91.957,0.0768
25.04.2019 17:52:00.000,91.958,91.958,91.877,91.878,0.0306
25.04.2019 17:53:00.000,91.877,91.877,91.828,91.828,0.0871
25.04.2019 17:54:00.000,91.828,91.828,91.807,91.807,0.0314
25.04.2019 17:55:00.000,91.817,91.838,91.817,91.828,0.0339
25.04.2019 17:56:00.000,91.838,91.928,91.838,91.927,0.0719
25.04.2019 17:57:00.000,91.928,91.928,91.878,91.878,0.026
25.04.2019 17:58:00.000,91.878,91.888,91.827,91.857,0.0741
25.04.2019 17:59:00.000,91.858,91.868,91.808,91.808,0.1417
25.04.2019 18:00:00.000,91.817,91.898,91.817,91.897,0.1267
25.04.2019 18:01:00.000,91.898,91.898,91.737,91.737,0.1162
25.04.2019 18:02:00.000,91.748,91.768,91.727,91.748,0.1538
25.04.2019 18:03:00.000,91.757,91.788,91.757,91.788,0.0938
25.04.2019 18:04:00.000,91.787,91.868,91.787,91.847,0.0518
25.04.2019 18:05:00.000,91.827,91.828,91.767,91.768,0.0831
25.04.2019 18:06:00.000,91.767,91.818,91.767,91.768,0.099
25.04.2019 18:07:00.000,91.767,91.768,91.717,91.747,0.0476
25.04.2019 18:08:00.000,91.747,91.778,91.728,91.758,0.0784
25.04.2019 18:09:00.000,91.757,91.778,91.697,91.778,0.1458
25.04.2019 18:10:00.000,91.778,91.788,91.777,91.787,0.0801
25.04.2019 18:11:00.000,91.787,91.788,91.717,91.728,0.1254
25.04.2019 18:12:00.000,91.727,91.728,91.717,91.717,0.0624
25.04.2019 18:13:00.000,91.718,91.718,91.657,91.687,0.1481
25.04.2019 18:14:00.000,91.688,91.698,91.607,91.638,0.0827
25.04.2019 18:15:00.000,91.638,91.638,91.597,91.597,0.0488
25.04.2019 18:16:00.000,91.598,91.598,91.467,91.507,0.1685
25.04.2019 18:17:00.000,91.508,91.518,91.487,91.488,0.2731
25.04.2019 18:18:00.000,91.488,91.548,91.457,91.547,0.1428
25.04.2019 18:19:00.000,91.547,91.678,91.547,91.598,0.1809
25.04.2019 18:20:00.000,91.588,91.588,91.467,91.478,0.1216
25.04.2019 18:21:00.000,91.468,91.528,91.437,91.528,0.01
25.04.2019 18:22:00.000,91.527,91.548,91.518,91.528,0.0388
25.04.2019 18:23:00.000,91.528,91.597,91.528,91.558,0.0615
25.04.2019 18:24:00.000,91.557,91.578,91.507,91.517,0.0858
25.04.2019 18:25:00.000,91.538,91.578,91.528,91.578,0.0517
25.04.2019 18:26:00.000,91.578,91.578,91.507,91.517,0.0868
25.04.2019 18:27:00.000,91.518,91.518,91.477,91.487,0.0804
25.04.2019 18:28:00.000,91.468,91.478,91.427,91.478,0.1001
25.04.2019 18:29:00.000,91.477,91.478,91.428,91.438,0.017
25.04.2019 18:30:00.000,91.438,91.438,91.277,91.278,0.1164
25.04.2019 18:31:00.000,91.277,91.308,91.277,91.308,0.0997
25.04.2019 18:32:00.000,91.307,91.308,91.218,91.238,0.0777
25.04.2019 18:33:00.000,91.238,91.307,91.238,91.277,0.0591
25.04.2019 18:34:00.000,91.278,91.327,91.237,91.317,0.1656
25.04.2019 18:35:00.000,91.318,91.318,91.218,91.237,0.1734
25.04.2019 18:36:00.000,91.227,91.328,91.227,91.288,0.1121
25.04.2019 18:37:00.000,91.297,91.298,91.227,91.288,0.0642
25.04.2019 18:38:00.000,91.307,91.308,91.227,91.257,0.0666
25.04.2019 18:39:00.000,91.238,91.298,91.238,91.268,0.0669
25.04.2019 18:40:00.000,91.287,91.387,91.257,91.358,0.1258
25.04.2019 18:41:00.000,91.368,91.398,91.367,91.378,0.0848
25.04.2019 18:42:00.000,91.388,91.448,91.387,91.427,0.096
25.04.2019 18:43:00.000,91.418,91.418,91.337,91.337,0.101
25.04.2019 18:44:00.000,91.348,91.368,91.337,91.347,0.0398
25.04.2019 18:45:00.000,91.367,91.397,91.348,91.378,0.0355
25.04.2019 18:46:00.000,91.377,91.418,91.377,91.387,0.0359
25.04.2019 18:47:00.000,91.388,91.458,91.388,91.448,0.0812
25.04.2019 18:48:00.000,91.448,91.478,91.447,91.478,0.0984
25.04.2019 18:49:00.000,91.488,91.518,91.477,91.477,0.0572
25.04.2019 18:50:00.000,91.478,91.508,91.467,91.488,0.1001
25.04.2019 18:51:00.000,91.497,91.548,91.497,91.548,0.153
25.04.2019 18:52:00.000,91.547,91.638,91.547,91.638,0.0494
25.04.2019 18:53:00.000,91.637,91.698,91.637,91.648,0.1044
25.04.2019 18:54:00.000,91.647,91.668,91.607,91.668,0.1706
25.04.2019 18:55:00.000,91.668,91.668,91.598,91.648,0.1253
25.04.2019 18:56:00.000,91.658,91.678,91.578,91.578,0.0932
25.04.2019 18:57:00.000,91.577,91.608,91.557,91.568,0.0724
25.04.2019 18:58:00.000,91.577,91.618,91.567,91.607,0.0041
25.04.2019 18:59:00.000,91.608,91.618,91.577,91.618,0.1725
25.04.2019 19:00:00.000,91.617,91.718,91.607,91.718,0.3044
25.04.2019 19:01:00.000,91.708,91.738,91.687,91.738,0.109
25.04.2019 19:02:00.000,91.737,91.778,91.688,91.698,0.1423
25.04.2019 19:03:00.000,91.708,91.738,91.697,91.728,0.0441
25.04.2019 19:04:00.000,91.727,91.728,91.607,91.607,0.1994
25.04.2019 19:05:00.000,91.608,91.698,91.608,91.698,0.0687
25.04.2019 19:06:00.000,91.698,91.698,91.617,91.638,0.1099
25.04.2019 19:07:00.000,91.638,91.668,91.608,91.608,0.0848
25.04.2019 19:08:00.000,91.617,91.627,91.587,91.608,0.0414
25.04.2019 19:09:00.000,91.607,91.637,91.578,91.598,0.0803
25.04.2019 19:10:00.000,91.597,91.688,91.597,91.668,0.1325
25.04.2019 19:11:00.000,91.677,91.738,91.657,91.738,0.1274
25.04.2019 19:12:00.000,91.757,91.768,91.737,91.767,0.0778
25.04.2019 19:13:00.000,91.768,91.808,91.767,91.767,0.0788
25.04.2019 19:14:00.000,91.768,91.768,91.657,91.657,0.0781
25.04.2019 19:15:00.000,91.648,91.667,91.468,91.477,0.2464
25.04.2019 19:16:00.000,91.477,91.478,91.447,91.477,0.0631
25.04.2019 19:17:00.000,91.477,91.517,91.477,91.508,0.0585
25.04.2019 19:18:00.000,91.508,91.538,91.447,91.478,0.1603
25.04.2019 19:19:00.000,91.477,91.498,91.458,91.477,0.0836
25.04.2019 19:20:00.000,91.478,91.478,91.437,91.438,0.1019
25.04.2019 19:21:00.000,91.438,91.438,91.337,91.368,0.3164
25.04.2019 19:22:00.000,91.368,91.378,91.327,91.328,0.1722
25.04.2019 19:23:00.000,91.318,91.318,91.237,91.258,0.1249
25.04.2019 19:24:00.000,91.248,91.258,91.227,91.258,0.089
25.04.2019 19:25:00.000,91.267,91.328,91.227,91.307,0.1295
25.04.2019 19:26:00.000,91.317,91.398,91.307,91.397,0.1058
25.04.2019 19:27:00.000,91.398,91.418,91.367,91.408,0.1289
25.04.2019 19:28:00.000,91.407,91.448,91.358,91.417,0.1512
25.04.2019 19:29:00.000,91.418,91.498,91.417,91.498,0.0941
25.04.2019 19:30:00.000,91.497,91.578,91.497,91.567,0.1871
25.04.2019 19:31:00.000,91.558,91.588,91.517,91.527,0.0823
25.04.2019 19:32:00.000,91.538,91.538,91.527,91.538,0.0846
25.04.2019 19:33:00.000,91.547,91.548,91.537,91.537,0.0635
25.04.2019 19:34:00.000,91.538,91.547,91.488,91.517,0.1637
25.04.2019 19:35:00.000,91.518,91.518,91.417,91.417,0.2888
25.04.2019 19:36:00.000,91.418,91.418,91.367,91.398,0.2418
25.04.2019 19:37:00.000,91.397,91.408,91.387,91.407,0.156
25.04.2019 19:38:00.000,91.408,91.418,91.297,91.298,0.1242
25.04.2019 19:39:00.000,91.297,91.318,91.277,91.288,0.1069
25.04.2019 19:40:00.000,91.288,91.338,91.257,91.257,0.2101
25.04.2019 19:41:00.000,91.258,91.298,91.247,91.248,0.1019
25.04.2019 19:42:00.000,91.247,91.258,91.227,91.228,0.1257
25.04.2019 19:43:00.000,91.218,91.248,91.167,91.248,0.1894
25.04.2019 19:44:00.000,91.248,91.328,91.248,91.258,0.145
25.04.2019 19:45:00.000,91.258,91.267,91.198,91.227,0.1755
25.04.2019 19:46:00.000,91.228,91.228,91.147,91.157,0.1826
25.04.2019 19:47:00.000,91.157,91.158,91.077,91.078,0.1604
25.04.2019 19:48:00.000,91.077,91.078,90.917,90.917,0.3364
25.04.2019 19:49:00.000,90.918,90.948,90.907,90.948,0.1812
25.04.2019 19:50:00.000,90.947,91.058,90.947,90.957,0.295
25.04.2019 19:51:00.000,90.958,90.958,90.877,90.927,0.3322
25.04.2019 19:52:00.000,90.928,90.928,90.768,90.777,0.229
25.04.2019 19:53:00.000,90.767,90.808,90.747,90.768,0.2781
25.04.2019 19:54:00.000,90.778,90.817,90.747,90.747,0.2397
25.04.2019 19:55:00.000,90.757,90.798,90.737,90.748,0.24
25.04.2019 19:56:00.000,90.738,90.748,90.577,90.577,0.4189
25.04.2019 19:57:00.000,90.577,90.598,90.437,90.457,0.4201
25.04.2019 19:58:00.000,90.458,90.458,90.427,90.437,0.1402
25.04.2019 19:59:00.000,90.438,91.038,90.437,90.728,0.8424
26.04.2019 13:30:00.000,89.987,89.998,89.977,89.998,0.0108
26.04.2019 13:31:00.000,90.038,90.038,89.828,89.828,0.0335
26.04.2019 13:32:00.000,89.837,90.507,89.827,90.148,0.0538
26.04.2019 13:33:00.000,90.147,90.158,89.817,89.838,0.0017
26.04.2019 13:34:00.000,89.837,89.918,89.668,89.678,0.0097
26.04.2019 13:35:00.000,89.677,89.727,89.507,89.617,0.0095
26.04.2019 13:36:00.000,89.558,89.718,89.497,89.648,0.0675
26.04.2019 13:37:00.000,89.837,89.868,89.587,89.667,0.0355
26.04.2019 13:38:00.000,89.667,89.738,89.588,89.668,0.2702
26.04.2019 13:39:00.000,89.648,89.727,89.587,89.687,0.0672
26.04.2019 13:40:00.000,89.628,89.717,89.587,89.667,0.0527
26.04.2019 13:41:00.000,89.667,89.717,89.587,89.588,0.0735
26.04.2019 13:42:00.000,89.588,89.765,89.587,89.608,0.07
26.04.2019 13:43:00.000,89.587,89.658,89.567,89.598,0.1632
26.04.2019 13:44:00.000,89.597,89.598,89.537,89.537,0.0011
26.04.2019 13:45:00.000,89.577,89.827,89.567,89.748,0.0468
26.04.2019 13:46:00.000,89.777,89.877,89.718,89.737,0.1222
26.04.2019 13:47:00.000,89.737,89.898,89.737,89.838,0.085
26.04.2019 13:48:00.000,89.807,89.928,89.807,89.928,0.0547
26.04.2019 13:49:00.000,89.928,89.977,89.838,89.938,0.1296
26.04.2019 13:50:00.000,89.967,90.127,89.927,90.018,0.1243
26.04.2019 13:51:00.000,90.018,90.078,89.987,89.997,0.137
26.04.2019 13:52:00.000,89.988,90.028,89.897,90.028,0.0825
26.04.2019 13:53:00.000,90.027,90.298,89.987,90.247,0.1217
26.04.2019 13:54:00.000,90.227,90.397,90.227,90.318,0.1486
26.04.2019 13:55:00.000,90.357,90.368,90.168,90.187,0.2371
26.04.2019 13:56:00.000,90.187,90.208,90.088,90.208,0.0874
26.04.2019 13:57:00.000,90.208,90.208,89.917,89.917,0.1302
26.04.2019 13:58:00.000,89.917,90.028,89.907,89.977,0.0836
26.04.2019 13:59:00.000,89.978,89.978,89.688,89.688,0.0768
26.04.2019 14:00:00.000,89.688,89.768,89.597,89.667,0.1339
26.04.2019 14:01:00.000,89.687,89.748,89.687,89.688,0.0403
26.04.2019 14:02:00.000,89.768,89.787,89.718,89.748,0.0622
26.04.2019 14:03:00.000,89.747,89.807,89.677,89.777,0.1425
26.04.2019 14:04:00.000,89.777,89.777,89.667,89.667,0.0892
26.04.2019 14:05:00.000,89.667,89.758,89.667,89.747,0.1049
26.04.2019 14:06:00.000,89.748,89.758,89.597,89.628,0.1331
26.04.2019 14:07:00.000,89.627,89.747,89.627,89.747,0.0937
26.04.2019 14:08:00.000,89.747,89.748,89.687,89.697,0.0286
26.04.2019 14:09:00.000,89.697,89.698,89.598,89.698,0.0948
26.04.2019 14:10:00.000,89.678,89.897,89.658,89.777,0.0948
26.04.2019 14:11:00.000,89.778,89.838,89.778,89.808,0.0237
26.04.2019 14:12:00.000,89.807,89.827,89.657,89.718,0.0935
26.04.2019 14:13:00.000,89.718,89.778,89.688,89.748,0.1001
26.04.2019 14:14:00.000,89.758,89.768,89.668,89.738,0.0523
26.04.2019 14:15:00.000,89.747,89.748,89.747,89.748,0.0025
26.04.2019 14:16:00.000,89.747,89.778,89.627,89.778,0.0706
26.04.2019 14:17:00.000,89.778,89.778,89.687,89.718,0.0357
26.04.2019 14:18:00.000,89.718,89.757,89.658,89.738,0.1334
26.04.2019 14:19:00.000,89.738,89.748,89.658,89.718,0.0263
26.04.2019 14:20:00.000,89.698,89.768,89.657,89.767,0.0118
26.04.2019 14:21:00.000,89.738,89.748,89.678,89.738,0.0697
26.04.2019 14:22:00.000,89.738,89.828,89.697,89.798,0.0425
26.04.2019 14:23:00.000,89.817,89.848,89.798,89.848,0.0012
26.04.2019 14:24:00.000,89.858,89.868,89.797,89.798,0.0255
26.04.2019 14:25:00.000,89.838,89.888,89.817,89.868,0.0612
26.04.2019 14:26:00.000,89.868,89.918,89.807,89.918,0.0742
26.04.2019 14:27:00.000,89.918,89.957,89.817,89.837,0.0503
26.04.2019 14:28:00.000,89.838,89.838,89.777,89.837,0.0376
26.04.2019 14:29:00.000,89.838,89.978,89.837,89.978,0.0985
26.04.2019 14:30:00.000,89.988,90.078,89.877,89.898,0.0745
26.04.2019 14:31:00.000,89.897,89.998,89.897,89.988,0.0349
26.04.2019 14:32:00.000,89.998,90.058,89.987,89.988,0.0393
26.04.2019 14:33:00.000,90.041,90.148,89.987,90.108,0.0498
26.04.2019 14:34:00.000,90.108,90.108,90.017,90.037,0.0429
26.04.2019 14:35:00.000,90.038,90.118,90.018,90.048,0.06
26.04.2019 14:36:00.000,90.078,90.118,89.997,89.998,0.0731
26.04.2019 14:37:00.000,90.008,90.008,89.918,89.928,0.0338
26.04.2019 14:38:00.000,89.937,90.038,89.897,89.918,0.0028
26.04.2019 14:39:00.000,89.947,89.997,89.947,89.958,0.0028
26.04.2019 14:40:00.000,89.957,90.078,89.957,89.997,0.0296
26.04.2019 14:41:00.000,89.998,90.017,89.837,89.858,0.0398
26.04.2019 14:42:00.000,89.877,90.018,89.867,89.897,0.04
26.04.2019 14:43:00.000,89.878,89.897,89.777,89.798,0.0869
26.04.2019 14:44:00.000,89.798,89.798,89.757,89.758,0.0173
26.04.2019 14:45:00.000,89.758,89.878,89.738,89.817,0.0132
26.04.2019 14:46:00.000,89.818,89.847,89.757,89.838,0.096
26.04.2019 14:47:00.000,89.847,89.868,89.797,89.798,0.0542
26.04.2019 14:48:00.000,89.798,89.877,89.757,89.778,0.0103
26.04.2019 14:49:00.000,89.778,89.798,89.708,89.788,0.0675
26.04.2019 14:50:00.000,89.778,89.848,89.737,89.738,0.0807
26.04.2019 14:51:00.000,89.737,89.778,89.698,89.758,0.0663
26.04.2019 14:52:00.000,89.778,89.818,89.697,89.738,0.0533
26.04.2019 14:53:00.000,89.737,89.818,89.737,89.738,0.0356
26.04.2019 14:54:00.000,89.727,89.758,89.637,89.678,0.0996
26.04.2019 14:55:00.000,89.678,89.708,89.657,89.677,0.0562
26.04.2019 14:56:00.000,89.678,89.768,89.658,89.698,0.0343
26.04.2019 14:57:00.000,89.708,89.717,89.557,89.557,0.045
26.04.2019 14:58:00.000,89.558,89.758,89.558,89.637,0.1214
26.04.2019 14:59:00.000,89.637,89.637,89.478,89.508,0.2456
26.04.2019 15:00:00.000,89.517,89.518,89.418,89.458,0.2386
26.04.2019 15:01:00.000,89.488,89.528,89.447,89.518,0.1488
26.04.2019 15:02:00.000,89.517,89.538,89.248,89.248,0.1747
26.04.2019 15:03:00.000,89.257,89.257,89.177,89.188,0.0708
26.04.2019 15:04:00.000,89.188,89.188,88.987,88.998,0.1582
26.04.2019 15:05:00.000,88.997,89.198,88.988,89.198,0.1073
26.04.2019 15:06:00.000,89.187,89.198,89.107,89.178,0.131
26.04.2019 15:07:00.000,89.178,89.217,89.157,89.198,0.1247
26.04.2019 15:08:00.000,89.198,89.238,89.168,89.208,0.0704
26.04.2019 15:09:00.000,89.217,89.238,89.188,89.238,0.1462
26.04.2019 15:10:00.000,89.238,89.258,89.197,89.238,0.09
26.04.2019 15:11:00.000,89.258,89.298,89.257,89.257,0.0098
26.04.2019 15:12:00.000,89.268,89.308,89.267,89.308,0.0007
26.04.2019 15:13:00.000,89.308,89.308,89.207,89.237,0.0924
26.04.2019 15:14:00.000,89.303,89.448,89.278,89.417,0.0482
26.04.2019 15:15:00.000,89.418,89.448,89.378,89.448,0.0832
26.04.2019 15:16:00.000,89.458,89.478,89.417,89.437,0.0955
26.04.2019 15:17:00.000,89.458,89.517,89.458,89.498,0.0309
26.04.2019 15:18:00.000,89.498,89.587,89.417,89.538,0.0538
26.04.2019 15:19:00.000,89.528,89.687,89.498,89.658,0.0724
26.04.2019 15:20:00.000,89.658,89.688,89.597,89.638,0.078
26.04.2019 15:21:00.000,89.637,89.678,89.597,89.598,0.0416
26.04.2019 15:22:00.000,89.598,89.678,89.598,89.678,0.0165
26.04.2019 15:23:00.000,89.677,89.778,89.677,89.747,0.0684
26.04.2019 15:24:00.000,89.747,89.828,89.697,89.698,0.1002
26.04.2019 15:25:00.000,89.717,89.728,89.677,89.678,0.0915
26.04.2019 15:26:00.000,89.658,89.658,89.577,89.578,0.0343
26.04.2019 15:27:00.000,89.577,89.638,89.517,89.618,0.0119
26.04.2019 15:28:00.000,89.597,89.598,89.557,89.597,0.0091
26.04.2019 15:29:00.000,89.608,89.708,89.597,89.678,0.095
26.04.2019 15:30:00.000,89.677,89.677,89.557,89.577,0.0195
26.04.2019 15:31:00.000,89.577,89.638,89.527,89.598,0.0219
26.04.2019 15:32:00.000,89.588,89.648,89.518,89.518,0.102
26.04.2019 15:33:00.000,89.547,89.598,89.547,89.557,0.0375
26.04.2019 15:34:00.000,89.557,89.558,89.487,89.517,0.0536
26.04.2019 15:35:00.000,89.518,89.618,89.518,89.608,0.0347
26.04.2019 15:36:00.000,89.598,89.638,89.518,89.538,0.0452
26.04.2019 15:37:00.000,89.567,89.578,89.517,89.558,0.0343
26.04.2019 15:38:00.000,89.538,89.558,89.538,89.538,0.0077
26.04.2019 15:39:00.000,89.557,89.608,89.557,89.558,0.0393
26.04.2019 15:40:00.000,89.578,89.578,89.517,89.517,0.0435
26.04.2019 15:41:00.000,89.517,89.578,89.517,89.558,0.0227
26.04.2019 15:42:00.000,89.558,89.567,89.487,89.498,0.0467
26.04.2019 15:43:00.000,89.497,89.578,89.477,89.578,0.0302
26.04.2019 15:44:00.000,89.577,89.628,89.538,89.538,0.0423
26.04.2019 15:45:00.000,89.538,89.608,89.537,89.608,0.0283
26.04.2019 15:46:00.000,89.638,89.798,89.637,89.798,0.0533
26.04.2019 15:47:00.000,89.798,89.878,89.797,89.837,0.1239
26.04.2019 15:48:00.000,89.837,89.837,89.777,89.778,0.0559
26.04.2019 15:49:00.000,89.787,89.868,89.787,89.797,0.1865
26.04.2019 15:50:00.000,89.798,89.838,89.788,89.797,0.0689
26.04.2019 15:51:00.000,89.797,89.797,89.748,89.748,0.0233
26.04.2019 15:52:00.000,89.757,89.798,89.757,89.758,0.0527
26.04.2019 15:53:00.000,89.758,89.778,89.757,89.767,0.0265
26.04.2019 15:54:00.000,89.797,89.848,89.787,89.798,0.0947
26.04.2019 15:55:00.000,89.808,89.867,89.807,89.818,0.1386
26.04.2019 15:56:00.000,89.817,89.838,89.717,89.717,0.1436
26.04.2019 15:57:00.000,89.717,89.728,89.657,89.678,0.0459
26.04.2019 15:58:00.000,89.658,89.678,89.658,89.678,0.0006
26.04.2019 15:59:00.000,89.677,89.678,89.628,89.628,0.0283
26.04.2019 16:00:00.000,89.618,89.647,89.597,89.638,0.0179
26.04.2019 16:01:00.000,89.637,89.698,89.637,89.698,0.0026
26.04.2019 16:02:00.000,89.698,89.728,89.697,89.717,0.0345
26.04.2019 16:03:00.000,89.718,89.838,89.717,89.797,0.0657
26.04.2019 16:04:00.000,89.788,89.798,89.728,89.728,0.0022
26.04.2019 16:05:00.000,89.727,89.778,89.687,89.778,0.0036
26.04.2019 16:06:00.000,89.788,89.838,89.777,89.807,0.0324
26.04.2019 16:07:00.000,89.798,89.858,89.797,89.858,0.0427
26.04.2019 16:08:00.000,89.877,89.888,89.877,89.888,0.0162
26.04.2019 16:09:00.000,89.897,89.918,89.897,89.918,0.0355
26.04.2019 16:10:00.000,89.898,89.988,89.898,89.948,0.0434
26.04.2019 16:11:00.000,89.947,89.958,89.917,89.917,0.0179
26.04.2019 16:12:00.000,89.918,89.918,89.888,89.918,0.0305
26.04.2019 16:13:00.000,89.918,89.918,89.877,89.878,0.0436
26.04.2019 16:14:00.000,89.918,89.918,89.858,89.858,0.0406
26.04.2019 16:15:00.000,89.858,89.888,89.818,89.868,0.0649
26.04.2019 16:16:00.000,89.868,89.868,89.827,89.828,0.033
26.04.2019 16:17:00.000,89.827,89.898,89.827,89.878,0.0245
26.04.2019 16:18:00.000,89.878,89.888,89.858,89.877,0.001
26.04.2019 16:19:00.000,89.878,89.897,89.848,89.877,0.0442
26.04.2019 16:20:00.000,89.878,89.968,89.878,89.917,0.0091
26.04.2019 16:21:00.000,89.918,89.938,89.867,89.867,0.0586
26.04.2019 16:22:00.000,89.878,89.878,89.857,89.858,0.0181
26.04.2019 16:23:00.000,89.857,89.858,89.787,89.788,0.0095
26.04.2019 16:24:00.000,89.787,89.787,89.757,89.758,0.01
26.04.2019 16:25:00.000,89.757,89.758,89.737,89.737,0.003
26.04.2019 16:26:00.000,89.738,89.748,89.717,89.718,0.0033
26.04.2019 16:27:00.000,89.727,89.748,89.718,89.748,0.0025
26.04.2019 16:28:00.000,89.768,89.787,89.747,89.763,0.0549
26.04.2019 16:29:00.000,89.757,89.798,89.757,89.758,0.0009
26.04.2019 16:30:00.000,89.757,89.788,89.757,89.778,0.0388
26.04.2019 16:31:00.000,89.787,89.787,89.717,89.738,0.0921
26.04.2019 16:32:00.000,89.738,89.778,89.718,89.758,0.0549
26.04.2019 16:33:00.000,89.758,89.778,89.738,89.778,0.0269
26.04.2019 16:34:00.000,89.768,89.768,89.737,89.738,0.0689
26.04.2019 16:35:00.000,89.737,89.737,89.667,89.668,0.0044
26.04.2019 16:36:00.000,89.658,89.658,89.597,89.597,0.0109
26.04.2019 16:37:00.000,89.598,89.598,89.488,89.517,0.0367
26.04.2019 16:38:00.000,89.538,89.538,89.477,89.488,0.0706
26.04.2019 16:39:00.000,89.508,89.578,89.508,89.538,0.0555
26.04.2019 16:40:00.000,89.528,89.618,89.518,89.557,0.1041
26.04.2019 16:41:00.000,89.558,89.558,89.548,89.548,0.0179
26.04.2019 16:42:00.000,89.548,89.548,89.517,89.537,0.0759
26.04.2019 16:43:00.000,89.528,89.598,89.528,89.558,0.0948
26.04.2019 16:44:00.000,89.568,89.587,89.558,89.577,0.023
26.04.2019 16:45:00.000,89.577,89.608,89.577,89.578,0.0079
26.04.2019 16:46:00.000,89.587,89.658,89.587,89.588,0.0573
26.04.2019 16:47:00.000,89.598,89.618,89.567,89.568,0.0111
26.04.2019 16:48:00.000,89.598,89.607,89.598,89.607,0.0077
26.04.2019 16:49:00.000,89.607,89.628,89.578,89.608,0.0488
26.04.2019 16:50:00.000,89.608,89.618,89.577,89.608,0.0563
26.04.2019 16:51:00.000,89.608,89.638,89.608,89.638,0.0403
26.04.2019 16:52:00.000,89.638,89.638,89.587,89.587,0.0804
26.04.2019 16:53:00.000,89.587,89.638,89.587,89.598,0.0466
26.04.2019 16:54:00.000,89.597,89.628,89.597,89.628,0.0084
26.04.2019 16:55:00.000,89.628,89.628,89.568,89.568,0.0013
26.04.2019 16:56:00.000,89.567,89.598,89.567,89.588,0.0456
26.04.2019 16:57:00.000,89.598,89.608,89.577,89.577,0.0609
26.04.2019 16:58:00.000,89.578,89.598,89.557,89.558,0.0168
26.04.2019 16:59:00.000,89.557,89.568,89.528,89.528,0.0491
26.04.2019 17:00:00.000,89.517,89.518,89.407,89.408,0.0117
26.04.2019 17:01:00.000,89.407,89.488,89.407,89.488,0.0262
26.04.2019 17:02:00.000,89.507,89.598,89.507,89.598,0.0393
26.04.2019 17:03:00.000,89.577,89.577,89.517,89.528,0.0426
26.04.2019 17:04:00.000,89.528,89.528,89.478,89.478,0.0183
26.04.2019 17:05:00.000,89.477,89.488,89.418,89.418,0.0244
26.04.2019 17:06:00.000,89.417,89.458,89.357,89.357,0.0544
26.04.2019 17:07:00.000,89.358,89.418,89.348,89.418,0.0639
26.04.2019 17:08:00.000,89.418,89.488,89.418,89.458,0.0427
26.04.2019 17:09:00.000,89.457,89.548,89.457,89.548,0.0926
26.04.2019 17:10:00.000,89.518,89.537,89.507,89.508,0.0161
26.04.2019 17:11:00.000,89.507,89.527,89.468,89.527,0.0642
26.04.2019 17:12:00.000,89.528,89.528,89.468,89.507,0.1117
26.04.2019 17:13:00.000,89.508,89.518,89.438,89.438,0.0695
26.04.2019 17:14:00.000,89.447,89.518,89.447,89.488,0.0234
26.04.2019 17:15:00.000,89.468,89.478,89.448,89.448,0.0169
26.04.2019 17:16:00.000,89.447,89.448,89.438,89.438,0.0204
26.04.2019 17:17:00.000,89.457,89.478,89.457,89.458,0.0272
26.04.2019 17:18:00.000,89.477,89.487,89.477,89.477,0.0156
26.04.2019 17:19:00.000,89.477,89.487,89.438,89.458,0.0093
26.04.2019 17:20:00.000,89.438,89.458,89.437,89.458,0.0085
26.04.2019 17:21:00.000,89.477,89.488,89.448,89.468,0.001
26.04.2019 17:22:00.000,89.468,89.468,89.437,89.468,0.0079
26.04.2019 17:23:00.000,89.458,89.458,89.388,89.408,0.0485
26.04.2019 17:24:00.000,89.398,89.418,89.388,89.408,0.0267
26.04.2019 17:25:00.000,89.418,89.418,89.398,89.418,0.0161
26.04.2019 17:26:00.000,89.417,89.488,89.398,89.458,0.0547
26.04.2019 17:27:00.000,89.477,89.478,89.448,89.458,0.0648
26.04.2019 17:28:00.000,89.457,89.507,89.457,89.478,0.0418
26.04.2019 17:29:00.000,89.478,89.478,89.477,89.478,0.0004
26.04.2019 17:30:00.000,89.478,89.498,89.447,89.468,0.0437
26.04.2019 17:31:00.000,89.468,89.498,89.468,89.488,0.0077
26.04.2019 17:32:00.000,89.498,89.508,89.487,89.507,0.0493
26.04.2019 17:33:00.000,89.508,89.548,89.508,89.538,0.0627
26.04.2019 17:34:00.000,89.547,89.598,89.537,89.587,0.0672
26.04.2019 17:35:00.000,89.597,89.598,89.547,89.547,0.0141
26.04.2019 17:36:00.000,89.528,89.548,89.507,89.508,0.0102
26.04.2019 17:37:00.000,89.507,89.538,89.507,89.538,0.0458
26.04.2019 17:38:00.000,89.538,89.558,89.538,89.558,0.0367
26.04.2019 17:39:00.000,89.557,89.598,89.557,89.578,0.0237
26.04.2019 17:40:00.000,89.597,89.597,89.517,89.518,0.0569
26.04.2019 17:41:00.000,89.518,89.518,89.467,89.468,0.0369
26.04.2019 17:42:00.000,89.468,89.537,89.458,89.528,0.039
26.04.2019 17:43:00.000,89.537,89.558,89.537,89.547,0.0418
26.04.2019 17:44:00.000,89.557,89.568,89.527,89.568,0.0118
26.04.2019 17:45:00.000,89.567,89.598,89.557,89.558,0.0754
26.04.2019 17:46:00.000,89.558,89.628,89.558,89.618,0.0405
26.04.2019 17:47:00.000,89.618,89.618,89.557,89.557,0.0311
26.04.2019 17:48:00.000,89.557,89.568,89.557,89.568,0.0003
26.04.2019 17:49:00.000,89.587,89.587,89.547,89.557,0.0023
26.04.2019 17:50:00.000,89.558,89.578,89.557,89.558,0.0092
26.04.2019 17:51:00.000,89.557,89.578,89.517,89.518,0.0324
26.04.2019 17:52:00.000,89.518,89.518,89.487,89.508,0.0066
26.04.2019 17:53:00.000,89.507,89.538,89.498,89.498,0.0201
26.04.2019 17:54:00.000,89.488,89.498,89.488,89.498,0.0008
26.04.2019 17:55:00.000,89.517,89.528,89.517,89.518,0.0229
26.04.2019 17:56:00.000,89.538,89.578,89.538,89.568,0.0159
26.04.2019 17:57:00.000,89.567,89.618,89.548,89.548,0.0415
26.04.2019 17:58:00.000,89.548,89.568,89.537,89.568,0.009
26.04.2019 17:59:00.000,89.557,89.558,89.527,89.548,0.0021
26.04.2019 18:00:00.000,89.557,89.558,89.528,89.548,0.0391
26.04.2019 18:01:00.000,89.548,89.548,89.467,89.468,0.0015
26.04.2019 18:02:00.000,89.468,89.468,89.357,89.357,0.0098
26.04.2019 18:03:00.000,89.358,89.377,89.317,89.337,0.0493
26.04.2019 18:04:00.000,89.328,89.398,89.328,89.337,0.05
26.04.2019 18:05:00.000,89.338,89.348,89.298,89.298,0.0717
26.04.2019 18:06:00.000,89.298,89.338,89.297,89.318,0.0337
26.04.2019 18:07:00.000,89.318,89.328,89.288,89.327,0.0281
26.04.2019 18:08:00.000,89.328,89.378,89.298,89.347,0.0888
26.04.2019 18:09:00.000,89.357,89.398,89.337,89.388,0.125
26.04.2019 18:10:00.000,89.367,89.367,89.338,89.358,0.0331
26.04.2019 18:11:00.000,89.358,89.368,89.357,89.368,0.0779
26.04.2019 18:12:00.000,89.358,89.408,89.347,89.348,0.0805
26.04.2019 18:13:00.000,89.347,89.368,89.347,89.347,0.0289
26.04.2019 18:14:00.000,89.348,89.398,89.348,89.348,0.0467
26.04.2019 18:15:00.000,89.367,89.398,89.348,89.378,0.04
26.04.2019 18:16:00.000,89.378,89.437,89.377,89.437,0.0464
26.04.2019 18:17:00.000,89.438,89.488,89.438,89.468,0.0723
26.04.2019 18:18:00.000,89.468,89.478,89.457,89.457,0.0012
26.04.2019 18:19:00.000,89.458,89.498,89.457,89.487,0.0468
26.04.2019 18:20:00.000,89.488,89.488,89.458,89.488,0.0006
26.04.2019 18:21:00.000,89.498,89.538,89.498,89.538,0.0166
26.04.2019 18:22:00.000,89.537,89.647,89.537,89.647,0.0388
26.04.2019 18:23:00.000,89.648,89.688,89.598,89.617,0.0903
26.04.2019 18:24:00.000,89.617,89.648,89.597,89.618,0.0703
26.04.2019 18:25:00.000,89.617,89.617,89.567,89.578,0.0615
26.04.2019 18:26:00.000,89.577,89.598,89.557,89.578,0.0241
26.04.2019 18:27:00.000,89.577,89.628,89.577,89.618,0.0863
26.04.2019 18:28:00.000,89.628,89.678,89.617,89.617,0.0577
26.04.2019 18:29:00.000,89.618,89.618,89.557,89.557,0.0597
26.04.2019 18:30:00.000,89.558,89.628,89.557,89.618,0.0393
26.04.2019 18:31:00.000,89.618,89.697,89.618,89.687,0.1312
26.04.2019 18:32:00.000,89.688,89.698,89.638,89.668,0.0598
26.04.2019 18:33:00.000,89.668,89.778,89.667,89.768,0.0495
26.04.2019 18:34:00.000,89.777,89.788,89.758,89.767,0.0558
26.04.2019 18:35:00.000,89.768,89.768,89.737,89.758,0.056
26.04.2019 18:36:00.000,89.768,89.788,89.767,89.787,0.0231
26.04.2019 18:37:00.000,89.777,89.777,89.727,89.727,0.0581
26.04.2019 18:38:00.000,89.728,89.738,89.657,89.657,0.027
26.04.2019 18:39:00.000,89.657,89.657,89.617,89.648,0.0026
26.04.2019 18:40:00.000,89.638,89.638,89.617,89.618,0.0267
26.04.2019 18:41:00.000,89.617,89.618,89.558,89.577,0.0311
26.04.2019 18:42:00.000,89.578,89.598,89.567,89.568,0.0115
26.04.2019 18:43:00.000,89.568,89.588,89.547,89.568,0.0547
26.04.2019 18:44:00.000,89.557,89.588,89.517,89.578,0.0935
26.04.2019 18:45:00.000,89.577,89.608,89.548,89.608,0.0775
26.04.2019 18:46:00.000,89.607,89.608,89.558,89.577,0.0416
26.04.2019 18:47:00.000,89.578,89.608,89.557,89.607,0.0481
26.04.2019 18:48:00.000,89.608,89.608,89.568,89.568,0.0418
26.04.2019 18:49:00.000,89.567,89.568,89.507,89.507,0.0022
26.04.2019 18:50:00.000,89.508,89.538,89.467,89.537,0.0362
26.04.2019 18:51:00.000,89.548,89.578,89.538,89.568,0.0473
26.04.2019 18:52:00.000,89.568,89.578,89.528,89.538,0.0756
26.04.2019 18:53:00.000,89.537,89.538,89.527,89.527,0.0005
26.04.2019 18:54:00.000,89.518,89.518,89.467,89.488,0.0012
26.04.2019 18:55:00.000,89.498,89.498,89.467,89.488,0.0022
26.04.2019 18:56:00.000,89.498,89.528,89.497,89.517,0.1046
26.04.2019 18:57:00.000,89.527,89.588,89.517,89.588,0.108
26.04.2019 18:58:00.000,89.588,89.588,89.527,89.528,0.0399
26.04.2019 18:59:00.000,89.537,89.538,89.477,89.488,0.027
26.04.2019 19:00:00.000,89.507,89.518,89.487,89.518,0.0512
26.04.2019 19:01:00.000,89.517,89.528,89.508,89.508,0.0141
26.04.2019 19:02:00.000,89.507,89.598,89.507,89.588,0.2356
26.04.2019 19:03:00.000,89.608,89.668,89.607,89.648,0.0948
26.04.2019 19:04:00.000,89.658,89.668,89.647,89.668,0.132
26.04.2019 19:05:00.000,89.667,89.707,89.597,89.597,0.0919
26.04.2019 19:06:00.000,89.598,89.638,89.597,89.618,0.0502
26.04.2019 19:07:00.000,89.618,89.618,89.568,89.577,0.0333
26.04.2019 19:08:00.000,89.568,89.578,89.567,89.578,0.06
26.04.2019 19:09:00.000,89.577,89.577,89.488,89.488,0.063
26.04.2019 19:10:00.000,89.487,89.508,89.487,89.488,0.0581
26.04.2019 19:11:00.000,89.488,89.488,89.457,89.468,0.0238
26.04.2019 19:12:00.000,89.467,89.508,89.467,89.507,0.0331
26.04.2019 19:13:00.000,89.508,89.538,89.508,89.538,0.0432
26.04.2019 19:14:00.000,89.537,89.578,89.527,89.578,0.0244
26.04.2019 19:15:00.000,89.588,89.608,89.548,89.548,0.0388
26.04.2019 19:16:00.000,89.567,89.578,89.567,89.578,0.0952
26.04.2019 19:17:00.000,89.587,89.598,89.568,89.578,0.0338
26.04.2019 19:18:00.000,89.588,89.658,89.588,89.628,0.0562
26.04.2019 19:19:00.000,89.628,89.628,89.587,89.588,0.0298
26.04.2019 19:20:00.000,89.577,89.618,89.577,89.617,0.0052
26.04.2019 19:21:00.000,89.618,89.618,89.577,89.577,0.0473
26.04.2019 19:22:00.000,89.578,89.587,89.557,89.558,0.0154
26.04.2019 19:23:00.000,89.557,89.568,89.547,89.568,0.0269
26.04.2019 19:24:00.000,89.577,89.588,89.577,89.578,0.0121
26.04.2019 19:25:00.000,89.577,89.598,89.577,89.588,0.0262
26.04.2019 19:26:00.000,89.597,89.618,89.588,89.597,0.0962
26.04.2019 19:27:00.000,89.597,89.597,89.577,89.578,0.0211
26.04.2019 19:28:00.000,89.588,89.618,89.548,89.618,0.0497
26.04.2019 19:29:00.000,89.617,89.728,89.607,89.657,0.1259
26.04.2019 19:30:00.000,89.657,89.698,89.647,89.698,0.0446
26.04.2019 19:31:00.000,89.697,89.758,89.677,89.738,0.0321
26.04.2019 19:32:00.000,89.748,89.778,89.707,89.748,0.0913
26.04.2019 19:33:00.000,89.747,89.778,89.737,89.737,0.0778
26.04.2019 19:34:00.000,89.738,89.858,89.738,89.838,0.1327
26.04.2019 19:35:00.000,89.837,89.868,89.837,89.867,0.0351
26.04.2019 19:36:00.000,89.868,89.948,89.868,89.927,0.0994
26.04.2019 19:37:00.000,89.918,89.968,89.917,89.968,0.0838
26.04.2019 19:38:00.000,89.968,89.998,89.967,89.978,0.0492
26.04.2019 19:39:00.000,89.987,90.068,89.987,90.057,0.1221
26.04.2019 19:40:00.000,90.058,90.088,90.017,90.028,0.2214
26.04.2019 19:41:00.000,90.038,90.058,90.027,90.048,0.0359
26.04.2019 19:42:00.000,90.048,90.048,89.997,89.998,0.0533
26.04.2019 19:43:00.000,89.998,89.998,89.957,89.968,0.0246
26.04.2019 19:44:00.000,89.968,90.037,89.968,90.028,0.0728
26.04.2019 19:45:00.000,90.038,90.048,89.957,89.978,0.0991
26.04.2019 19:46:00.000,89.977,89.978,89.917,89.918,0.042
26.04.2019 19:47:00.000,89.917,89.938,89.908,89.917,0.1079
26.04.2019 19:48:00.000,89.918,90.008,89.917,90.008,0.0999
26.04.2019 19:49:00.000,90.008,90.008,89.908,89.918,0.0863
26.04.2019 19:50:00.000,89.918,89.938,89.887,89.918,0.16
26.04.2019 19:51:00.000,89.927,89.948,89.907,89.928,0.0529
26.04.2019 19:52:00.000,89.927,89.928,89.897,89.918,0.0772
26.04.2019 19:53:00.000,89.897,89.977,89.897,89.907,0.0971
26.04.2019 19:54:00.000,89.908,90.008,89.907,89.998,0.1266
26.04.2019 19:55:00.000,89.998,90.028,89.968,89.978,0.0658
26.04.2019 19:56:00.000,89.978,89.978,89.927,89.928,0.1412
26.04.2019 19:57:00.000,89.927,90.008,89.927,89.998,0.1549
26.04.2019 19:58:00.000,89.998,89.998,89.948,89.968,0.3087
26.04.2019 19:59:00.000,89.967,90.088,89.948,90.048,0.4134
29.04.2019 13:30:00.000,89.308,89.778,89.308,89.688,0.0271
29.04.2019 13:31:00.000,89.688,89.788,89.687,89.697,0.1066
29.04.2019 13:32:00.000,89.707,90.038,89.588,89.588,0.1167
29.04.2019 13:33:00.000,89.627,89.837,89.487,89.837,0.0866
29.04.2019 13:34:00.000,89.887,89.948,89.687,89.728,0.1773
29.04.2019 13:35:00.000,89.728,89.728,89.637,89.647,0.0263
29.04.2019 13:36:00.000,89.647,89.648,89.498,89.527,0.0174
29.04.2019 13:37:00.000,89.538,89.538,89.417,89.477,0.0022
29.04.2019 13:38:00.000,89.478,89.498,89.327,89.378,0.0675
29.04.2019 13:39:00.000,89.485,89.628,89.458,89.588,0.0785
29.04.2019 13:40:00.000,89.587,89.708,89.437,89.628,0.1477
29.04.2019 13:41:00.000,89.706,89.928,89.706,89.867,0.0198
29.04.2019 13:42:00.000,89.868,90.077,89.867,90.077,0.1555
29.04.2019 13:43:00.000,90.087,90.087,89.957,90.017,0.1693
29.04.2019 13:44:00.000,90.018,90.148,90.017,90.108,0.0726
29.04.2019 13:45:00.000,90.128,90.197,90.047,90.168,0.0316
29.04.2019 13:46:00.000,90.147,90.218,90.147,90.167,0.0811
29.04.2019 13:47:00.000,90.255,90.318,90.208,90.298,0.1356
29.04.2019 13:48:00.000,90.308,90.317,90.227,90.227,0.1488
29.04.2019 13:49:00.000,90.228,90.338,90.227,90.228,0.0197
29.04.2019 13:50:00.000,90.227,90.358,90.227,90.317,0.2015
29.04.2019 13:51:00.000,90.318,90.388,90.287,90.298,0.0982
29.04.2019 13:52:00.000,90.298,90.298,90.197,90.198,0.1066
29.04.2019 13:53:00.000,90.168,90.208,90.038,90.038,0.1559
29.04.2019 13:54:00.000,90.037,90.038,89.957,89.957,0.0537
29.04.2019 13:55:00.000,89.957,89.957,89.817,89.858,0.0755
29.04.2019 13:56:00.000,89.858,89.908,89.857,89.868,0.0363
29.04.2019 13:57:00.000,89.868,89.908,89.778,89.788,0.0318
29.04.2019 13:58:00.000,89.787,89.828,89.747,89.768,0.0518
29.04.2019 13:59:00.000,89.767,89.787,89.627,89.627,0.0269
29.04.2019 14:00:00.000,89.676,89.838,89.676,89.798,0.0952
29.04.2019 14:01:00.000,89.798,89.938,89.798,89.938,0.0826
29.04.2019 14:02:00.000,89.947,90.008,89.897,90.008,0.067
29.04.2019 14:03:00.000,89.998,89.998,89.887,89.938,0.0912
29.04.2019 14:04:00.000,89.957,90.038,89.937,89.938,0.0832
29.04.2019 14:05:00.000,89.988,90.018,89.947,89.988,0.0327
29.04.2019 14:06:00.000,89.988,89.988,89.928,89.968,0.0866
29.04.2019 14:07:00.000,89.968,89.978,89.768,89.788,0.0975
29.04.2019 14:08:00.000,89.787,89.788,89.708,89.748,0.0373
29.04.2019 14:09:00.000,89.748,89.778,89.638,89.638,0.0243
29.04.2019 14:10:00.000,89.618,89.648,89.568,89.568,0.0724
29.04.2019 14:11:00.000,89.567,89.568,89.508,89.528,0.0564
29.04.2019 14:12:00.000,89.527,89.568,89.448,89.448,0.0991
29.04.2019 14:13:00.000,89.447,89.518,89.447,89.498,0.0725
29.04.2019 14:14:00.000,89.497,89.497,89.407,89.417,0.0932
29.04.2019 14:15:00.000,89.418,89.428,89.378,89.408,0.0882
29.04.2019 14:16:00.000,89.417,89.508,89.407,89.477,0.0104
29.04.2019 14:17:00.000,89.478,89.568,89.477,89.507,0.0662
29.04.2019 14:18:00.000,89.508,89.538,89.498,89.538,0.0093
29.04.2019 14:19:00.000,89.548,89.758,89.548,89.707,0.0792
29.04.2019 14:20:00.000,89.708,89.788,89.587,89.588,0.0939
29.04.2019 14:21:00.000,89.618,89.668,89.548,89.647,0.0605
29.04.2019 14:22:00.000,89.648,89.738,89.608,89.657,0.0602
29.04.2019 14:23:00.000,89.658,89.748,89.637,89.638,0.0609
29.04.2019 14:24:00.000,89.647,89.708,89.597,89.667,0.0584
29.04.2019 14:25:00.000,89.668,89.738,89.618,89.647,0.0197
29.04.2019 14:26:00.000,89.647,89.647,89.507,89.518,0.025
29.04.2019 14:27:00.000,89.518,89.518,89.387,89.478,0.0358
29.04.2019 14:28:00.000,89.477,89.478,89.447,89.468,0.1155
29.04.2019 14:29:00.000,89.467,89.478,89.408,89.478,0.0471
29.04.2019 14:30:00.000,89.477,89.547,89.458,89.508,0.1567
29.04.2019 14:31:00.000,89.517,89.647,89.498,89.597,0.2063
29.04.2019 14:32:00.000,89.597,89.707,89.578,89.637,0.1881
29.04.2019 14:33:00.000,89.628,89.727,89.627,89.628,0.1833
29.04.2019 14:34:00.000,89.628,89.727,89.577,89.708,0.0687
29.04.2019 14:35:00.000,89.718,89.778,89.637,89.778,0.0818
29.04.2019 14:36:00.000,89.777,89.778,89.738,89.778,0.0346
29.04.2019 14:37:00.000,89.798,89.838,89.777,89.828,0.076
29.04.2019 14:38:00.000,89.838,89.848,89.797,89.848,0.1717
29.04.2019 14:39:00.000,89.848,89.897,89.807,89.808,0.2216
29.04.2019 14:40:00.000,89.807,89.818,89.718,89.718,0.0579
29.04.2019 14:41:00.000,89.728,89.848,89.728,89.848,0.056
29.04.2019 14:42:00.000,89.837,89.868,89.807,89.868,0.0753
29.04.2019 14:43:00.000,89.848,89.868,89.798,89.848,0.0445
29.04.2019 14:44:00.000,89.848,89.877,89.808,89.838,0.0732
29.04.2019 14:45:00.000,89.838,89.948,89.838,89.948,0.0771
29.04.2019 14:46:00.000,89.947,90.058,89.947,89.998,0.1242
29.04.2019 14:47:00.000,89.998,90.028,89.937,89.938,0.0619
29.04.2019 14:48:00.000,89.938,89.988,89.937,89.987,0.0479
29.04.2019 14:49:00.000,89.998,90.028,89.958,89.998,0.1168
29.04.2019 14:50:00.000,89.998,90.028,89.977,90.007,0.0933
29.04.2019 14:51:00.000,90.008,90.008,89.828,89.828,0.0323
29.04.2019 14:52:00.000,89.828,89.898,89.767,89.768,0.0509
29.04.2019 14:53:00.000,89.768,89.768,89.707,89.748,0.0337
29.04.2019 14:54:00.000,89.747,89.798,89.747,89.767,0.0308
29.04.2019 14:55:00.000,89.768,89.798,89.717,89.778,0.0352
29.04.2019 14:56:00.000,89.778,89.778,89.648,89.668,0.1087
29.04.2019 14:57:00.000,89.668,89.738,89.667,89.708,0.0309
29.04.2019 14:58:00.000,89.708,89.708,89.588,89.598,0.0237
29.04.2019 14:59:00.000,89.597,89.617,89.537,89.537,0.0344
29.04.2019 15:00:00.000,89.538,89.538,89.408,89.408,0.1033
29.04.2019 15:01:00.000,89.427,89.548,89.427,89.548,0.087
29.04.2019 15:02:00.000,89.548,89.627,89.538,89.568,0.0851
29.04.2019 15:03:00.000,89.567,89.628,89.567,89.608,0.1195
29.04.2019 15:04:00.000,89.608,89.688,89.608,89.658,0.0607
29.04.2019 15:05:00.000,89.667,89.667,89.537,89.588,0.1773
29.04.2019 15:06:00.000,89.557,89.578,89.478,89.507,0.116
29.04.2019 15:07:00.000,89.517,89.527,89.437,89.458,0.028
29.04.2019 15:08:00.000,89.458,89.518,89.437,89.497,0.0982
29.04.2019 15:09:00.000,89.497,89.497,89.457,89.477,0.0466
29.04.2019 15:10:00.000,89.478,89.478,89.367,89.408,0.0608
29.04.2019 15:11:00.000,89.428,89.428,89.347,89.347,0.0178
29.04.2019 15:12:00.000,89.348,89.368,89.297,89.338,0.0964
29.04.2019 15:13:00.000,89.338,89.338,89.238,89.238,0.0356
29.04.2019 15:14:00.000,89.238,89.268,89.197,89.258,0.0521
29.04.2019 15:15:00.000,89.248,89.288,89.217,89.267,0.0597
29.04.2019 15:16:00.000,89.267,89.267,89.117,89.138,0.1055
29.04.2019 15:17:00.000,89.138,89.158,89.107,89.158,0.0102
29.04.2019 15:18:00.000,89.157,89.158,89.108,89.127,0.0403
29.04.2019 15:19:00.000,89.128,89.228,89.128,89.218,0.0665
29.04.2019 15:20:00.000,89.218,89.328,89.207,89.328,0.0197
29.04.2019 15:21:00.000,89.318,89.338,89.267,89.308,0.0591
29.04.2019 15:22:00.000,89.307,89.318,89.257,89.308,0.0924
29.04.2019 15:23:00.000,89.287,89.288,89.227,89.227,0.0221
29.04.2019 15:24:00.000,89.237,89.288,89.227,89.228,0.0742
29.04.2019 15:25:00.000,89.238,89.257,89.157,89.177,0.0379
29.04.2019 15:26:00.000,89.188,89.248,89.168,89.177,0.0617
29.04.2019 15:27:00.000,89.178,89.268,89.177,89.238,0.1712
29.04.2019 15:28:00.000,89.238,89.248,89.148,89.148,0.0713
29.04.2019 15:29:00.000,89.148,89.178,89.128,89.138,0.0519
29.04.2019 15:30:00.000,89.137,89.168,89.117,89.168,0.0463
29.04.2019 15:31:00.000,89.168,89.208,89.168,89.178,0.0509
29.04.2019 15:32:00.000,89.197,89.198,89.127,89.198,0.0573
29.04.2019 15:33:00.000,89.217,89.247,89.177,89.238,0.081
29.04.2019 15:34:00.000,89.257,89.258,89.168,89.238,0.0787
29.04.2019 15:35:00.000,89.237,89.278,89.197,89.268,0.0761
29.04.2019 15:36:00.000,89.258,89.288,89.237,89.268,0.0463
29.04.2019 15:37:00.000,89.278,89.298,89.198,89.208,0.1364
29.04.2019 15:38:00.000,89.197,89.288,89.197,89.288,0.148
29.04.2019 15:39:00.000,89.278,89.348,89.258,89.307,0.1225
29.04.2019 15:40:00.000,89.308,89.308,89.257,89.258,0.0525
29.04.2019 15:41:00.000,89.257,89.328,89.237,89.308,0.0223
29.04.2019 15:42:00.000,89.318,89.358,89.278,89.328,0.1898
29.04.2019 15:43:00.000,89.327,89.328,89.267,89.317,0.0045
29.04.2019 15:44:00.000,89.318,89.328,89.247,89.307,0.0494
29.04.2019 15:45:00.000,89.307,89.388,89.257,89.257,0.0489
29.04.2019 15:46:00.000,89.258,89.268,89.247,89.258,0.0443
29.04.2019 15:47:00.000,89.248,89.257,89.227,89.248,0.0347
29.04.2019 15:48:00.000,89.248,89.317,89.217,89.307,0.0564
29.04.2019 15:49:00.000,89.308,89.308,89.187,89.208,0.0786
29.04.2019 15:50:00.000,89.197,89.208,89.197,89.198,0.004
29.04.2019 15:51:00.000,89.207,89.238,89.197,89.218,0.0352
29.04.2019 15:52:00.000,89.248,89.288,89.218,89.287,0.0279
29.04.2019 15:53:00.000,89.288,89.288,89.267,89.268,0.0123
29.04.2019 15:54:00.000,89.287,89.337,89.257,89.258,0.0546
29.04.2019 15:55:00.000,89.257,89.288,89.247,89.267,0.0511
29.04.2019 15:56:00.000,89.268,89.278,89.268,89.277,0.0089
29.04.2019 15:57:00.000,89.278,89.348,89.278,89.348,0.0376
29.04.2019 15:58:00.000,89.358,89.378,89.297,89.358,0.0752
29.04.2019 15:59:00.000,89.358,89.368,89.288,89.318,0.0537
29.04.2019 16:00:00.000,89.317,89.357,89.287,89.348,0.0607
29.04.2019 16:01:00.000,89.348,89.348,89.308,89.338,0.0792
29.04.2019 16:02:00.000,89.347,89.368,89.307,89.318,0.0021
29.04.2019 16:03:00.000,89.317,89.348,89.317,89.348,0.058
29.04.2019 16:04:00.000,89.347,89.408,89.347,89.398,0.0889
29.04.2019 16:05:00.000,89.388,89.398,89.348,89.378,0.032
29.04.2019 16:06:00.000,89.378,89.398,89.357,89.388,0.0942
29.04.2019 16:07:00.000,89.388,89.388,89.328,89.338,0.0913
29.04.2019 16:08:00.000,89.337,89.337,89.317,89.318,0.0358
29.04.2019 16:09:00.000,89.327,89.328,89.287,89.308,0.098
29.04.2019 16:10:00.000,89.318,89.378,89.317,89.368,0.0433
29.04.2019 16:11:00.000,89.387,89.388,89.367,89.368,0.0341
29.04.2019 16:12:00.000,89.368,89.398,89.367,89.368,0.0542
29.04.2019 16:13:00.000,89.368,89.378,89.367,89.378,0.0288
29.04.2019 16:14:00.000,89.377,89.408,89.377,89.398,0.032
29.04.2019 16:15:00.000,89.408,89.438,89.408,89.427,0.081
29.04.2019 16:16:00.000,89.428,89.428,89.348,89.358,0.0849
29.04.2019 16:17:00.000,89.358,89.358,89.317,89.328,0.0192
29.04.2019 16:18:00.000,89.327,89.358,89.327,89.357,0.0372
29.04.2019 16:19:00.000,89.358,89.358,89.337,89.347,0.0008
29.04.2019 16:20:00.000,89.348,89.398,89.348,89.368,0.0988
29.04.2019 16:21:00.000,89.387,89.418,89.387,89.408,0.0911
29.04.2019 16:22:00.000,89.428,89.488,89.428,89.488,0.0777
29.04.2019 16:23:00.000,89.488,89.488,89.457,89.478,0.0386
29.04.2019 16:24:00.000,89.498,89.498,89.447,89.457,0.0699
29.04.2019 16:25:00.000,89.458,89.458,89.447,89.447,0.0125
29.04.2019 16:26:00.000,89.448,89.448,89.387,89.418,0.0365
29.04.2019 16:27:00.000,89.418,89.448,89.418,89.428,0.0557
29.04.2019 16:28:00.000,89.428,89.428,89.418,89.418,0.0015
29.04.2019 16:29:00.000,89.417,89.448,89.417,89.448,0.0492
29.04.2019 16:30:00.000,89.448,89.488,89.447,89.488,0.0273
29.04.2019 16:31:00.000,89.488,89.518,89.438,89.438,0.0297
29.04.2019 16:32:00.000,89.438,89.448,89.417,89.428,0.0276
29.04.2019 16:33:00.000,89.428,89.467,89.428,89.448,0.0359
29.04.2019 16:34:00.000,89.448,89.458,89.447,89.457,0.109
29.04.2019 16:35:00.000,89.448,89.488,89.437,89.487,0.0226
29.04.2019 16:36:00.000,89.488,89.578,89.487,89.578,0.0635
29.04.2019 16:37:00.000,89.578,89.578,89.528,89.558,0.0474
29.04.2019 16:38:00.000,89.567,89.588,89.557,89.558,0.1586
29.04.2019 16:39:00.000,89.578,89.578,89.487,89.488,0.0516
29.04.2019 16:40:00.000,89.487,89.538,89.457,89.468,0.0372
29.04.2019 16:41:00.000,89.468,89.548,89.467,89.548,0.0513
29.04.2019 16:42:00.000,89.548,89.548,89.507,89.538,0.0187
29.04.2019 16:43:00.000,89.538,89.538,89.498,89.508,0.08
29.04.2019 16:44:00.000,89.497,89.508,89.477,89.487,0.0322
29.04.2019 16:45:00.000,89.478,89.528,89.477,89.527,0.0067
29.04.2019 16:46:00.000,89.528,89.538,89.498,89.517,0.0679
29.04.2019 16:47:00.000,89.518,89.568,89.517,89.567,0.0365
29.04.2019 16:48:00.000,89.558,89.588,89.557,89.588,0.028
29.04.2019 16:49:00.000,89.598,89.638,89.598,89.607,0.0286
29.04.2019 16:50:00.000,89.608,89.608,89.557,89.558,0.0309
29.04.2019 16:51:00.000,89.557,89.558,89.547,89.548,0.0084
29.04.2019 16:52:00.000,89.547,89.628,89.547,89.628,0.0717
29.04.2019 16:53:00.000,89.628,89.628,89.627,89.628,0.0242
29.04.2019 16:54:00.000,89.648,89.668,89.637,89.668,0.0481
29.04.2019 16:55:00.000,89.677,89.698,89.637,89.647,0.1635
29.04.2019 16:56:00.000,89.647,89.647,89.607,89.618,0.0274
29.04.2019 16:57:00.000,89.607,89.618,89.577,89.578,0.0256
29.04.2019 16:58:00.000,89.577,89.578,89.557,89.557,0.0365
29.04.2019 16:59:00.000,89.577,89.588,89.567,89.568,0.0878
29.04.2019 17:00:00.000,89.567,89.588,89.547,89.588,0.0113
29.04.2019 17:01:00.000,89.588,89.668,89.587,89.668,0.063
29.04.2019 17:02:00.000,89.668,89.748,89.667,89.738,0.0441
29.04.2019 17:03:00.000,89.737,89.748,89.737,89.737,0.0515
29.04.2019 17:04:00.000,89.738,89.738,89.717,89.718,0.0291
29.04.2019 17:05:00.000,89.708,89.708,89.697,89.698,0.0164
29.04.2019 17:06:00.000,89.678,89.678,89.637,89.638,0.0847
29.04.2019 17:07:00.000,89.637,89.648,89.637,89.648,0.0669
29.04.2019 17:08:00.000,89.648,89.648,89.627,89.638,0.0359
29.04.2019 17:09:00.000,89.647,89.648,89.627,89.628,0.0764
29.04.2019 17:10:00.000,89.627,89.677,89.627,89.638,0.0563
29.04.2019 17:11:00.000,89.637,89.648,89.617,89.617,0.0494
29.04.2019 17:12:00.000,89.618,89.628,89.597,89.628,0.02
29.04.2019 17:13:00.000,89.628,89.678,89.628,89.658,0.1212
29.04.2019 17:14:00.000,89.657,89.708,89.657,89.708,0.0991
29.04.2019 17:15:00.000,89.717,89.761,89.708,89.757,0.08
29.04.2019 17:16:00.000,89.758,89.818,89.758,89.778,0.014
29.04.2019 17:17:00.000,89.777,89.788,89.777,89.778,0.0626
29.04.2019 17:18:00.000,89.777,89.778,89.747,89.748,0.0652
29.04.2019 17:19:00.000,89.741,89.741,89.717,89.718,0.008
29.04.2019 17:20:00.000,89.717,89.738,89.717,89.738,0.0177
29.04.2019 17:21:00.000,89.737,89.757,89.737,89.748,0.0494
29.04.2019 17:22:00.000,89.747,89.777,89.747,89.768,0.063
29.04.2019 17:23:00.000,89.767,89.818,89.767,89.818,0.0878
29.04.2019 17:24:00.000,89.818,89.858,89.777,89.828,0.0604
29.04.2019 17:25:00.000,89.818,89.848,89.797,89.797,0.0537
29.04.2019 17:26:00.000,89.797,89.848,89.797,89.827,0.0028
29.04.2019 17:27:00.000,89.828,89.828,89.777,89.777,0.0021
29.04.2019 17:28:00.000,89.778,89.798,89.758,89.758,0.0034
29.04.2019 17:29:00.000,89.757,89.808,89.747,89.758,0.0547
29.04.2019 17:30:00.000,89.757,89.758,89.717,89.728,0.0629
29.04.2019 17:31:00.000,89.728,89.768,89.707,89.757,0.0435
29.04.2019 17:32:00.000,89.758,89.788,89.738,89.748,0.0738
29.04.2019 17:33:00.000,89.747,89.788,89.728,89.747,0.0409
29.04.2019 17:34:00.000,89.748,89.758,89.727,89.738,0.0873
29.04.2019 17:35:00.000,89.748,89.788,89.737,89.788,0.0237
29.04.2019 17:36:00.000,89.777,89.777,89.737,89.748,0.1313
29.04.2019 17:37:00.000,89.747,89.758,89.708,89.738,0.0843
29.04.2019 17:38:00.000,89.737,89.737,89.707,89.707,0.0088
29.04.2019 17:39:00.000,89.708,89.718,89.707,89.708,0.0876
29.04.2019 17:40:00.000,89.707,89.708,89.647,89.657,0.0769
29.04.2019 17:41:00.000,89.658,89.658,89.617,89.658,0.0481
29.04.2019 17:42:00.000,89.657,89.658,89.587,89.598,0.0652
29.04.2019 17:43:00.000,89.607,89.628,89.568,89.568,0.0209
29.04.2019 17:44:00.000,89.567,89.578,89.547,89.548,0.0263
29.04.2019 17:45:00.000,89.548,89.578,89.548,89.558,0.0662
29.04.2019 17:46:00.000,89.557,89.588,89.557,89.577,0.0459
29.04.2019 17:47:00.000,89.578,89.648,89.577,89.648,0.0667
29.04.2019 17:48:00.000,89.658,89.698,89.658,89.668,0.0312
29.04.2019 17:49:00.000,89.687,89.698,89.667,89.677,0.0309
29.04.2019 17:50:00.000,89.688,89.708,89.677,89.698,0.0347
29.04.2019 17:51:00.000,89.708,89.738,89.688,89.698,0.0551
29.04.2019 17:52:00.000,89.698,89.698,89.667,89.668,0.0309
29.04.2019 17:53:00.000,89.667,89.678,89.607,89.608,0.0465
29.04.2019 17:54:00.000,89.608,89.648,89.608,89.628,0.0298
29.04.2019 17:55:00.000,89.627,89.638,89.627,89.638,0.06
29.04.2019 17:56:00.000,89.638,89.638,89.607,89.627,0.0359
29.04.2019 17:57:00.000,89.628,89.628,89.567,89.567,0.0285
29.04.2019 17:58:00.000,89.578,89.578,89.557,89.578,0.0027
29.04.2019 17:59:00.000,89.577,89.598,89.547,89.577,0.1275
29.04.2019 18:00:00.000,89.588,89.598,89.567,89.598,0.0241
29.04.2019 18:01:00.000,89.607,89.628,89.577,89.628,0.1155
29.04.2019 18:02:00.000,89.628,89.648,89.627,89.638,0.0862
29.04.2019 18:03:00.000,89.647,89.658,89.627,89.648,0.0478
29.04.2019 18:04:00.000,89.638,89.648,89.588,89.598,0.0918
29.04.2019 18:05:00.000,89.588,89.598,89.567,89.577,0.0311
29.04.2019 18:06:00.000,89.578,89.598,89.537,89.598,0.0272
29.04.2019 18:07:00.000,89.608,89.638,89.597,89.637,0.0538
29.04.2019 18:08:00.000,89.638,89.678,89.637,89.668,0.0229
29.04.2019 18:09:00.000,89.667,89.668,89.647,89.668,0.0215
29.04.2019 18:10:00.000,89.667,89.668,89.627,89.648,0.0761
29.04.2019 18:11:00.000,89.648,89.648,89.577,89.588,0.0655
29.04.2019 18:12:00.000,89.587,89.628,89.587,89.588,0.0684
29.04.2019 18:13:00.000,89.588,89.608,89.587,89.608,0.0349
29.04.2019 18:14:00.000,89.608,89.618,89.537,89.538,0.0906
29.04.2019 18:15:00.000,89.538,89.568,89.538,89.567,0.0087
29.04.2019 18:16:00.000,89.568,89.577,89.548,89.567,0.0351
29.04.2019 18:17:00.000,89.568,89.578,89.568,89.577,0.0314
29.04.2019 18:18:00.000,89.578,89.578,89.538,89.548,0.0314
29.04.2019 18:19:00.000,89.558,89.598,89.548,89.598,0.0214
29.04.2019 18:20:00.000,89.597,89.628,89.597,89.618,0.0577
29.04.2019 18:21:00.000,89.617,89.628,89.597,89.597,0.0731
29.04.2019 18:22:00.000,89.598,89.608,89.577,89.578,0.054
29.04.2019 18:23:00.000,89.588,89.588,89.567,89.568,0.0631
29.04.2019 18:24:00.000,89.567,89.628,89.567,89.628,0.0316
29.04.2019 18:25:00.000,89.628,89.628,89.577,89.598,0.0434
29.04.2019 18:26:00.000,89.598,89.598,89.577,89.578,0.0027
29.04.2019 18:27:00.000,89.577,89.578,89.537,89.538,0.0664
29.04.2019 18:28:00.000,89.537,89.568,89.537,89.567,0.0305
29.04.2019 18:29:00.000,89.577,89.598,89.557,89.557,0.0876
29.04.2019 18:30:00.000,89.557,89.558,89.527,89.528,0.0512
29.04.2019 18:31:00.000,89.537,89.568,89.537,89.548,0.0823
29.04.2019 18:32:00.000,89.557,89.598,89.537,89.598,0.0678
29.04.2019 18:33:00.000,89.598,89.618,89.597,89.608,0.0534
29.04.2019 18:34:00.000,89.618,89.618,89.577,89.578,0.1071
29.04.2019 18:35:00.000,89.577,89.578,89.547,89.557,0.0764
29.04.2019 18:36:00.000,89.558,89.578,89.547,89.558,0.0782
29.04.2019 18:37:00.000,89.557,89.558,89.537,89.548,0.0914
29.04.2019 18:38:00.000,89.547,89.558,89.528,89.528,0.0398
29.04.2019 18:39:00.000,89.528,89.558,89.518,89.518,0.1135
29.04.2019 18:40:00.000,89.508,89.508,89.467,89.508,0.0403
29.04.2019 18:41:00.000,89.508,89.568,89.497,89.568,0.1095
29.04.2019 18:42:00.000,89.578,89.598,89.577,89.578,0.0971
29.04.2019 18:43:00.000,89.577,89.598,89.577,89.587,0.039
29.04.2019 18:44:00.000,89.588,89.608,89.537,89.537,0.041
29.04.2019 18:45:00.000,89.538,89.538,89.527,89.527,0.0013
29.04.2019 18:46:00.000,89.528,89.588,89.527,89.578,0.0786
29.04.2019 18:47:00.000,89.577,89.608,89.558,89.578,0.0836
29.04.2019 18:48:00.000,89.588,89.588,89.577,89.588,0.0929
29.04.2019 18:49:00.000,89.588,89.608,89.547,89.568,0.1446
29.04.2019 18:50:00.000,89.567,89.588,89.507,89.537,0.1377
29.04.2019 18:51:00.000,89.528,89.548,89.517,89.528,0.0508
29.04.2019 18:52:00.000,89.527,89.578,89.527,89.578,0.0355
29.04.2019 18:53:00.000,89.577,89.668,89.577,89.638,0.0645
29.04.2019 18:54:00.000,89.637,89.638,89.608,89.617,0.0185
29.04.2019 18:55:00.000,89.628,89.628,89.577,89.578,0.0526
29.04.2019 18:56:00.000,89.578,89.618,89.567,89.568,0.0236
29.04.2019 18:57:00.000,89.618,89.618,89.577,89.578,0.0781
29.04.2019 18:58:00.000,89.577,89.608,89.567,89.598,0.0418
29.04.2019 18:59:00.000,89.618,89.618,89.557,89.577,0.0147
29.04.2019 19:00:00.000,89.568,89.598,89.568,89.578,0.0502
29.04.2019 19:01:00.000,89.577,89.618,89.568,89.608,0.1129
29.04.2019 19:02:00.000,89.598,89.608,89.587,89.608,0.0248
29.04.2019 19:03:00.000,89.618,89.618,89.578,89.588,0.0152
29.04.2019 19:04:00.000,89.597,89.628,89.578,89.578,0.1144
29.04.2019 19:05:00.000,89.578,89.608,89.577,89.598,0.0031
29.04.2019 19:06:00.000,89.597,89.598,89.557,89.568,0.0556
29.04.2019 19:07:00.000,89.577,89.578,89.557,89.568,0.04
29.04.2019 19:08:00.000,89.567,89.608,89.557,89.608,0.0548
29.04.2019 19:09:00.000,89.608,89.618,89.597,89.608,0.0817
29.04.2019 19:10:00.000,89.607,89.628,89.607,89.618,0.0412
29.04.2019 19:11:00.000,89.617,89.648,89.608,89.638,0.0148
29.04.2019 19:12:00.000,89.657,89.768,89.657,89.747,0.0602
29.04.2019 19:13:00.000,89.748,89.748,89.717,89.718,0.0625
29.04.2019 19:14:00.000,89.717,89.768,89.717,89.768,0.0283
29.04.2019 19:15:00.000,89.767,89.827,89.757,89.827,0.0369
29.04.2019 19:16:00.000,89.828,89.828,89.747,89.778,0.0664
29.04.2019 19:17:00.000,89.778,89.788,89.717,89.717,0.083
29.04.2019 19:18:00.000,89.718,89.768,89.717,89.767,0.1105
29.04.2019 19:19:00.000,89.757,89.798,89.747,89.787,0.1154
29.04.2019 19:20:00.000,89.788,89.858,89.787,89.787,0.0976
29.04.2019 19:21:00.000,89.787,89.798,89.768,89.778,0.0494
29.04.2019 19:22:00.000,89.768,89.768,89.727,89.728,0.0283
29.04.2019 19:23:00.000,89.727,89.738,89.678,89.688,0.0997
29.04.2019 19:24:00.000,89.687,89.688,89.608,89.618,0.0773
29.04.2019 19:25:00.000,89.627,89.628,89.578,89.588,0.0641
29.04.2019 19:26:00.000,89.607,89.618,89.597,89.607,0.1037
29.04.2019 19:27:00.000,89.608,89.658,89.607,89.618,0.0328
29.04.2019 19:28:00.000,89.617,89.648,89.617,89.647,0.0252
29.04.2019 19:29:00.000,89.648,89.678,89.647,89.678,0.0059
29.04.2019 19:30:00.000,89.677,89.678,89.627,89.677,0.1207
29.04.2019 19:31:00.000,89.678,89.708,89.677,89.698,0.0914
29.04.2019 19:32:00.000,89.697,89.698,89.628,89.638,0.2011
29.04.2019 19:33:00.000,89.637,89.648,89.628,89.647,0.0709
29.04.2019 19:34:00.000,89.648,89.648,89.597,89.618,0.065
29.04.2019 19:35:00.000,89.628,89.638,89.617,89.627,0.0843
29.04.2019 19:36:00.000,89.628,89.668,89.618,89.628,0.1024
29.04.2019 19:37:00.000,89.617,89.658,89.617,89.648,0.0794
29.04.2019 19:38:00.000,89.647,89.678,89.647,89.648,0.0533
29.04.2019 19:39:00.000,89.647,89.678,89.647,89.648,0.0954
29.04.2019 19:40:00.000,89.647,89.658,89.637,89.658,0.0614
29.04.2019 19:41:00.000,89.667,89.678,89.618,89.627,0.0609
29.04.2019 19:42:00.000,89.627,89.658,89.618,89.648,0.119
29.04.2019 19:43:00.000,89.648,89.648,89.617,89.628,0.0828
29.04.2019 19:44:00.000,89.627,89.658,89.627,89.628,0.0683
29.04.2019 19:45:00.000,89.627,89.648,89.547,89.608,0.168
29.04.2019 19:46:00.000,89.608,89.608,89.557,89.588,0.076
29.04.2019 19:47:00.000,89.578,89.598,89.547,89.567,0.0602
29.04.2019 19:48:00.000,89.568,89.618,89.567,89.598,0.0687
29.04.2019 19:49:00.000,89.597,89.608,89.578,89.598,0.0943
29.04.2019 19:50:00.000,89.597,89.608,89.587,89.587,0.065
29.04.2019 19:51:00.000,89.587,89.588,89.527,89.538,0.141
29.04.2019 19:52:00.000,89.537,89.568,89.537,89.568,0.1599
29.04.2019 19:53:00.000,89.567,89.588,89.517,89.547,0.0748
29.04.2019 19:54:00.000,89.548,89.588,89.417,89.418,0.114
29.04.2019 19:55:00.000,89.427,89.548,89.427,89.538,0.2374
29.04.2019 19:56:00.000,89.537,89.568,89.488,89.488,0.168
29.04.2019 19:57:00.000,89.487,89.558,89.477,89.558,0.168
29.04.2019 19:58:00.000,89.558,89.558,89.537,89.538,0.1236
29.04.2019 19:59:00.000,89.537,89.608,89.507,89.587,0.9766
30.04.2019 13:30:00.000,89.717,90.095,89.688,89.898,0.0334
30.04.2019 13:31:00.000,89.947,90.017,89.907,89.908,0.0573
30.04.2019 13:32:00.000,89.918,90.308,89.908,90.307,0.057
30.04.2019 13:33:00.000,90.307,90.307,90.188,90.197,0.0879
30.04.2019 13:34:00.000,90.198,90.488,90.198,90.427,0.1299
30.04.2019 13:35:00.000,90.457,90.478,90.337,90.407,0.1378
30.04.2019 13:36:00.000,90.417,90.497,90.367,90.378,0.0409
30.04.2019 13:37:00.000,90.378,90.498,90.258,90.418,0.1369
30.04.2019 13:38:00.000,90.438,90.578,90.438,90.457,0.0499
30.04.2019 13:39:00.000,90.457,90.457,90.297,90.297,0.1037
30.04.2019 13:40:00.000,90.298,90.318,90.188,90.228,0.0636
30.04.2019 13:41:00.000,90.227,90.228,90.107,90.108,0.0922
30.04.2019 13:42:00.000,90.088,90.158,90.078,90.148,0.0308
30.04.2019 13:43:00.000,90.147,90.348,90.147,90.208,0.0854
30.04.2019 13:44:00.000,90.207,90.328,90.207,90.268,0.0478
30.04.2019 13:45:00.000,90.305,90.308,90.127,90.138,0.0258
30.04.2019 13:46:00.000,90.138,90.217,90.087,90.108,0.0237
30.04.2019 13:47:00.000,90.108,90.167,90.048,90.107,0.0444
30.04.2019 13:48:00.000,90.107,90.268,90.088,90.268,0.0538
30.04.2019 13:49:00.000,90.267,90.418,90.267,90.388,0.1844
30.04.2019 13:50:00.000,90.388,90.668,90.388,90.668,0.1289
30.04.2019 13:51:00.000,90.668,90.678,90.557,90.557,0.129
30.04.2019 13:52:00.000,90.557,90.608,90.478,90.608,0.1852
30.04.2019 13:53:00.000,90.648,90.788,90.627,90.768,0.1295
30.04.2019 13:54:00.000,90.777,90.808,90.637,90.637,0.0713
30.04.2019 13:55:00.000,90.637,90.658,90.547,90.557,0.0623
30.04.2019 13:56:00.000,90.557,90.638,90.557,90.608,0.0306
30.04.2019 13:57:00.000,90.608,90.608,90.338,90.338,0.1325
30.04.2019 13:58:00.000,90.337,90.408,90.257,90.317,0.0911
30.04.2019 13:59:00.000,90.318,90.368,90.217,90.278,0.0803
30.04.2019 14:00:00.000,90.287,90.328,90.167,90.238,0.1438
30.04.2019 14:01:00.000,90.247,90.258,90.107,90.108,0.0765
30.04.2019 14:02:00.000,90.128,90.177,90.058,90.068,0.0128
30.04.2019 14:03:00.000,90.078,90.188,90.017,90.188,0.0634
30.04.2019 14:04:00.000,90.188,90.228,90.097,90.108,0.0423
30.04.2019 14:05:00.000,90.118,90.138,90.077,90.118,0.0438
30.04.2019 14:06:00.000,90.117,90.128,90.017,90.027,0.0711
30.04.2019 14:07:00.000,90.018,90.088,89.997,89.997,0.0969
30.04.2019 14:08:00.000,89.987,89.988,89.887,89.938,0.136
30.04.2019 14:09:00.000,89.938,90.018,89.887,89.918,0.0467
30.04.2019 14:10:00.000,89.918,89.988,89.888,89.988,0.0096
30.04.2019 14:11:00.000,89.988,90.025,89.957,89.968,0.0718
30.04.2019 14:12:00.000,89.978,89.988,89.918,89.918,0.0585
30.04.2019 14:13:00.000,89.918,89.918,89.897,89.898,0.003
30.04.2019 14:14:00.000,89.898,89.928,89.818,89.908,0.0622
30.04.2019 14:15:00.000,89.897,89.928,89.808,89.828,0.0476
30.04.2019 14:16:00.000,89.827,89.868,89.818,89.818,0.0769
30.04.2019 14:17:00.000,89.827,89.888,89.767,89.888,0.0601
30.04.2019 14:18:00.000,89.898,89.898,89.767,89.807,0.1632
30.04.2019 14:19:00.000,89.808,89.878,89.807,89.878,0.0976
30.04.2019 14:20:00.000,89.898,89.928,89.878,89.928,0.0105
30.04.2019 14:21:00.000,89.937,89.967,89.817,89.907,0.032
30.04.2019 14:22:00.000,89.917,90.078,89.917,90.077,0.1152
30.04.2019 14:23:00.000,90.078,90.108,89.937,89.947,0.1351
30.04.2019 14:24:00.000,89.958,90.057,89.957,90.057,0.0432
30.04.2019 14:25:00.000,90.058,90.177,90.058,90.158,0.0824
30.04.2019 14:26:00.000,90.168,90.268,90.168,90.268,0.0479
30.04.2019 14:27:00.000,90.277,90.317,90.267,90.268,0.056
30.04.2019 14:28:00.000,90.268,90.357,90.268,90.357,0.0104
30.04.2019 14:29:00.000,90.357,90.387,90.338,90.378,0.0318
30.04.2019 14:30:00.000,90.378,90.447,90.278,90.447,0.1086
30.04.2019 14:31:00.000,90.448,90.518,90.438,90.518,0.1402
30.04.2019 14:32:00.000,90.528,90.578,90.527,90.538,0.094
30.04.2019 14:33:00.000,90.588,90.688,90.587,90.688,0.1581
30.04.2019 14:34:00.000,90.687,90.738,90.567,90.627,0.1864
30.04.2019 14:35:00.000,90.628,90.668,90.587,90.588,0.1448
30.04.2019 14:36:00.000,90.588,90.618,90.447,90.507,0.087
30.04.2019 14:37:00.000,90.508,90.598,90.507,90.598,0.0905
30.04.2019 14:38:00.000,90.598,90.638,90.587,90.597,0.0731
30.04.2019 14:39:00.000,90.597,90.597,90.517,90.518,0.0852
30.04.2019 14:40:00.000,90.518,90.568,90.478,90.548,0.0896
30.04.2019 14:41:00.000,90.558,90.558,90.508,90.548,0.0464
30.04.2019 14:42:00.000,90.548,90.588,90.508,90.527,0.0582
30.04.2019 14:43:00.000,90.527,90.527,90.418,90.438,0.11
30.04.2019 14:44:00.000,90.438,90.438,90.368,90.388,0.0328
30.04.2019 14:45:00.000,90.398,90.457,90.398,90.448,0.0251
30.04.2019 14:46:00.000,90.448,90.458,90.408,90.408,0.0379
30.04.2019 14:47:00.000,90.387,90.408,90.347,90.377,0.0695
30.04.2019 14:48:00.000,90.378,90.378,90.307,90.327,0.0661
30.04.2019 14:49:00.000,90.328,90.357,90.267,90.268,0.125
30.04.2019 14:50:00.000,90.268,90.278,90.207,90.208,0.0113
30.04.2019 14:51:00.000,90.207,90.258,90.147,90.158,0.0813
30.04.2019 14:52:00.000,90.157,90.188,90.157,90.177,0.0443
30.04.2019 14:53:00.000,90.177,90.267,90.177,90.228,0.0163
30.04.2019 14:54:00.000,90.227,90.227,90.108,90.158,0.1247
30.04.2019 14:55:00.000,90.167,90.228,90.158,90.197,0.1281
30.04.2019 14:56:00.000,90.198,90.198,90.108,90.108,0.0489
30.04.2019 14:57:00.000,90.128,90.178,90.088,90.088,0.0479
30.04.2019 14:58:00.000,90.107,90.158,90.107,90.157,0.069
30.04.2019 14:59:00.000,90.158,90.258,90.157,90.258,0.0308
30.04.2019 15:00:00.000,90.247,90.247,90.187,90.188,0.0773
30.04.2019 15:01:00.000,90.188,90.238,90.188,90.208,0.173
30.04.2019 15:02:00.000,90.218,90.307,90.208,90.298,0.1399
30.04.2019 15:03:00.000,90.298,90.298,90.048,90.048,0.0985
30.04.2019 15:04:00.000,90.048,90.098,90.028,90.067,0.2069
30.04.2019 15:05:00.000,90.067,90.118,90.007,90.058,0.2259
30.04.2019 15:06:00.000,90.058,90.078,90.037,90.078,0.1577
30.04.2019 15:07:00.000,90.077,90.078,90.017,90.078,0.174
30.04.2019 15:08:00.000,90.077,90.098,89.988,90.018,0.1087
30.04.2019 15:09:00.000,90.017,90.048,89.997,90.048,0.2272
30.04.2019 15:10:00.000,90.047,90.058,89.977,90.058,0.207
30.04.2019 15:11:00.000,90.068,90.138,90.058,90.128,0.0876
30.04.2019 15:12:00.000,90.127,90.168,90.097,90.098,0.0876
30.04.2019 15:13:00.000,90.108,90.118,90.077,90.078,0.0448
30.04.2019 15:14:00.000,90.088,90.188,90.078,90.158,0.065
30.04.2019 15:15:00.000,90.168,90.178,90.138,90.168,0.0812
30.04.2019 15:16:00.000,90.168,90.168,90.137,90.138,0.0777
30.04.2019 15:17:00.000,90.138,90.208,90.138,90.208,0.0101
30.04.2019 15:18:00.000,90.207,90.238,90.108,90.157,0.0963
30.04.2019 15:19:00.000,90.168,90.278,90.167,90.247,0.1525
30.04.2019 15:20:00.000,90.248,90.368,90.248,90.367,0.0789
30.04.2019 15:21:00.000,90.378,90.398,90.347,90.368,0.1572
30.04.2019 15:22:00.000,90.377,90.518,90.377,90.518,0.1039
30.04.2019 15:23:00.000,90.527,90.608,90.527,90.597,0.1018
30.04.2019 15:24:00.000,90.598,90.678,90.597,90.638,0.1709
30.04.2019 15:25:00.000,90.648,90.718,90.638,90.708,0.1074
30.04.2019 15:26:00.000,90.718,90.758,90.707,90.717,0.0882
30.04.2019 15:27:00.000,90.718,90.788,90.718,90.777,0.1924
30.04.2019 15:28:00.000,90.778,90.868,90.777,90.857,0.1734
30.04.2019 15:29:00.000,90.858,90.858,90.778,90.828,0.0722
30.04.2019 15:30:00.000,90.838,90.958,90.828,90.948,0.1015
30.04.2019 15:31:00.000,90.947,91.018,90.938,91.007,0.2223
30.04.2019 15:32:00.000,91.008,91.018,90.908,90.908,0.0866
30.04.2019 15:33:00.000,90.888,90.898,90.858,90.898,0.0624
30.04.2019 15:34:00.000,90.907,90.968,90.837,90.838,0.2138
30.04.2019 15:35:00.000,90.837,90.837,90.768,90.768,0.0383
30.04.2019 15:36:00.000,90.767,90.788,90.758,90.768,0.04
30.04.2019 15:37:00.000,90.768,90.818,90.717,90.718,0.0977
30.04.2019 15:38:00.000,90.718,90.838,90.718,90.838,0.0377
30.04.2019 15:39:00.000,90.837,90.848,90.747,90.797,0.0502
30.04.2019 15:40:00.000,90.788,90.788,90.698,90.738,0.0604
30.04.2019 15:41:00.000,90.737,90.768,90.727,90.728,0.0601
30.04.2019 15:42:00.000,90.728,90.758,90.708,90.718,0.0661
30.04.2019 15:43:00.000,90.727,90.788,90.727,90.778,0.0544
30.04.2019 15:44:00.000,90.778,90.878,90.778,90.878,0.0979
30.04.2019 15:45:00.000,90.878,90.928,90.867,90.877,0.0654
30.04.2019 15:46:00.000,90.878,90.878,90.808,90.808,0.0648
30.04.2019 15:47:00.000,90.808,90.808,90.737,90.748,0.0344
30.04.2019 15:48:00.000,90.757,90.858,90.748,90.858,0.0508
30.04.2019 15:49:00.000,90.857,90.918,90.848,90.918,0.1423
30.04.2019 15:50:00.000,90.928,91.008,90.928,90.997,0.1211
30.04.2019 15:51:00.000,90.997,91.068,90.997,91.068,0.1288
30.04.2019 15:52:00.000,91.067,91.068,91.038,91.068,0.0015
30.04.2019 15:53:00.000,91.078,91.078,91.077,91.078,0.0003
30.04.2019 15:54:00.000,91.077,91.127,91.057,91.127,0.0679
30.04.2019 15:55:00.000,91.128,91.158,91.127,91.148,0.1604
30.04.2019 15:56:00.000,91.137,91.148,91.107,91.108,0.0422
30.04.2019 15:57:00.000,91.107,91.168,91.107,91.168,0.0807
30.04.2019 15:58:00.000,91.188,91.278,91.168,91.277,0.1341
30.04.2019 15:59:00.000,91.288,91.348,91.238,91.258,0.2388
30.04.2019 16:00:00.000,91.258,91.268,91.217,91.268,0.1471
30.04.2019 16:01:00.000,91.267,91.268,91.207,91.208,0.1068
30.04.2019 16:02:00.000,91.198,91.208,91.187,91.198,0.0264
30.04.2019 16:03:00.000,91.197,91.198,91.148,91.158,0.0712
30.04.2019 16:04:00.000,91.157,91.158,91.127,91.127,0.0329
30.04.2019 16:05:00.000,91.127,91.128,91.067,91.118,0.0119
30.04.2019 16:06:00.000,91.117,91.117,91.008,91.018,0.0271
30.04.2019 16:07:00.000,91.018,91.018,90.948,90.948,0.0449
30.04.2019 16:08:00.000,90.958,90.988,90.958,90.968,0.0391
30.04.2019 16:09:00.000,90.967,90.968,90.937,90.937,0.0298
30.04.2019 16:10:00.000,90.948,90.978,90.947,90.958,0.1026
30.04.2019 16:11:00.000,90.958,91.108,90.957,91.077,0.1222
30.04.2019 16:12:00.000,91.077,91.077,91.028,91.038,0.0032
30.04.2019 16:13:00.000,91.038,91.058,91.037,91.058,0.0233
30.04.2019 16:14:00.000,91.078,91.128,91.068,91.078,0.0803
30.04.2019 16:15:00.000,91.088,91.098,91.087,91.098,0.019
30.04.2019 16:16:00.000,91.087,91.108,91.068,91.108,0.0626
30.04.2019 16:17:00.000,91.118,91.187,91.118,91.187,0.0187
30.04.2019 16:18:00.000,91.188,91.188,91.137,91.138,0.0338
30.04.2019 16:19:00.000,91.138,91.138,91.107,91.138,0.0737
30.04.2019 16:20:00.000,91.138,91.138,91.077,91.077,0.1094
30.04.2019 16:21:00.000,91.077,91.108,91.077,91.098,0.1752
30.04.2019 16:22:00.000,91.068,91.068,91.017,91.018,0.0123
30.04.2019 16:23:00.000,91.017,91.048,91.017,91.048,0.0495
30.04.2019 16:24:00.000,91.047,91.057,91.027,91.038,0.0425
30.04.2019 16:25:00.000,91.047,91.057,90.987,90.988,0.0097
30.04.2019 16:26:00.000,90.998,91.018,90.997,91.017,0.0382
30.04.2019 16:27:00.000,91.017,91.017,90.937,90.938,0.0323
30.04.2019 16:28:00.000,90.937,90.948,90.928,90.937,0.0489
30.04.2019 16:29:00.000,90.928,90.978,90.928,90.968,0.0088
30.04.2019 16:30:00.000,90.988,90.998,90.967,90.968,0.0846
30.04.2019 16:31:00.000,90.968,90.968,90.907,90.938,0.0355
30.04.2019 16:32:00.000,90.948,90.948,90.888,90.888,0.0501
30.04.2019 16:33:00.000,90.897,90.918,90.877,90.897,0.1171
30.04.2019 16:34:00.000,90.898,90.908,90.828,90.828,0.041
30.04.2019 16:35:00.000,90.827,90.828,90.787,90.787,0.0094
30.04.2019 16:36:00.000,90.788,90.788,90.707,90.707,0.0484
30.04.2019 16:37:00.000,90.718,90.728,90.717,90.718,0.0032
30.04.2019 16:38:00.000,90.717,90.738,90.708,90.708,0.0376
30.04.2019 16:39:00.000,90.707,90.708,90.678,90.678,0.0106
30.04.2019 16:40:00.000,90.678,90.678,90.667,90.668,0.0005
30.04.2019 16:41:00.000,90.668,90.768,90.668,90.767,0.0333
30.04.2019 16:42:00.000,90.768,90.768,90.688,90.698,0.042
30.04.2019 16:43:00.000,90.707,90.708,90.697,90.697,0.0156
30.04.2019 16:44:00.000,90.688,90.698,90.677,90.688,0.0465
30.04.2019 16:45:00.000,90.698,90.718,90.648,90.648,0.0355
30.04.2019 16:46:00.000,90.647,90.697,90.647,90.697,0.0587
30.04.2019 16:47:00.000,90.697,90.697,90.618,90.618,0.0754
30.04.2019 16:48:00.000,90.638,90.638,90.617,90.628,0.0526
30.04.2019 16:49:00.000,90.618,90.628,90.598,90.598,0.0077
30.04.2019 16:50:00.000,90.597,90.638,90.587,90.617,0.0365
30.04.2019 16:51:00.000,90.618,90.618,90.558,90.558,0.0188
30.04.2019 16:52:00.000,90.567,90.578,90.527,90.548,0.0692
30.04.2019 16:53:00.000,90.548,90.578,90.547,90.567,0.087
30.04.2019 16:54:00.000,90.568,90.598,90.557,90.558,0.0453
30.04.2019 16:55:00.000,90.557,90.578,90.547,90.568,0.0391
30.04.2019 16:56:00.000,90.567,90.567,90.527,90.538,0.0607
30.04.2019 16:57:00.000,90.547,90.608,90.547,90.608,0.0901
30.04.2019 16:58:00.000,90.618,90.638,90.588,90.638,0.0865
30.04.2019 16:59:00.000,90.658,90.678,90.637,90.677,0.077
30.04.2019 17:00:00.000,90.678,90.778,90.677,90.748,0.1311
30.04.2019 17:01:00.000,90.757,90.848,90.748,90.797,0.041
30.04.2019 17:02:00.000,90.798,90.798,90.738,90.738,0.0909
30.04.2019 17:03:00.000,90.738,90.738,90.677,90.687,0.066
30.04.2019 17:04:00.000,90.688,90.688,90.637,90.638,0.0616
30.04.2019 17:05:00.000,90.637,90.668,90.617,90.628,0.0413
30.04.2019 17:06:00.000,90.618,90.698,90.617,90.688,0.0523
30.04.2019 17:07:00.000,90.687,90.688,90.657,90.668,0.0589
30.04.2019 17:08:00.000,90.677,90.748,90.668,90.748,0.0272
30.04.2019 17:09:00.000,90.747,90.747,90.717,90.717,0.0368
30.04.2019 17:10:00.000,90.718,90.757,90.718,90.748,0.0101
30.04.2019 17:11:00.000,90.757,90.777,90.747,90.757,0.04
30.04.2019 17:12:00.000,90.757,90.757,90.687,90.697,0.0803
30.04.2019 17:13:00.000,90.708,90.728,90.697,90.718,0.0463
30.04.2019 17:14:00.000,90.717,90.717,90.647,90.648,0.0113
30.04.2019 17:15:00.000,90.657,90.688,90.648,90.678,0.0841
30.04.2019 17:16:00.000,90.678,90.678,90.657,90.677,0.0686
30.04.2019 17:17:00.000,90.687,90.748,90.687,90.738,0.0059
30.04.2019 17:18:00.000,90.727,90.727,90.647,90.647,0.0551
30.04.2019 17:19:00.000,90.648,90.648,90.607,90.638,0.0473
30.04.2019 17:20:00.000,90.637,90.678,90.637,90.667,0.0118
30.04.2019 17:21:00.000,90.668,90.698,90.667,90.698,0.0442
30.04.2019 17:22:00.000,90.697,90.708,90.657,90.658,0.0539
30.04.2019 17:23:00.000,90.658,90.658,90.597,90.598,0.0423
30.04.2019 17:24:00.000,90.607,90.608,90.577,90.597,0.0272
30.04.2019 17:25:00.000,90.588,90.588,90.567,90.577,0.0015
30.04.2019 17:26:00.000,90.578,90.578,90.568,90.568,0.0114
30.04.2019 17:27:00.000,90.568,90.598,90.528,90.528,0.0693
30.04.2019 17:28:00.000,90.527,90.527,90.467,90.497,0.0749
30.04.2019 17:29:00.000,90.507,90.558,90.498,90.548,0.0449
30.04.2019 17:30:00.000,90.538,90.568,90.477,90.478,0.0803
30.04.2019 17:31:00.000,90.467,90.488,90.457,90.467,0.0393
30.04.2019 17:32:00.000,90.468,90.468,90.448,90.448,0.0312
30.04.2019 17:33:00.000,90.458,90.538,90.457,90.538,0.2033
30.04.2019 17:34:00.000,90.547,90.547,90.527,90.537,0.0644
30.04.2019 17:35:00.000,90.538,90.548,90.527,90.528,0.0231
30.04.2019 17:36:00.000,90.527,90.528,90.507,90.508,0.09
30.04.2019 17:37:00.000,90.538,90.548,90.537,90.538,0.0868
30.04.2019 17:38:00.000,90.537,90.538,90.488,90.498,0.068
30.04.2019 17:39:00.000,90.498,90.518,90.467,90.468,0.0802
30.04.2019 17:40:00.000,90.467,90.467,90.407,90.408,0.0682
30.04.2019 17:41:00.000,90.408,90.418,90.387,90.388,0.0096
30.04.2019 17:42:00.000,90.387,90.478,90.378,90.478,0.0841
30.04.2019 17:43:00.000,90.488,90.528,90.477,90.478,0.0905
30.04.2019 17:44:00.000,90.478,90.518,90.477,90.518,0.114
30.04.2019 17:45:00.000,90.528,90.548,90.497,90.498,0.0918
30.04.2019 17:46:00.000,90.488,90.547,90.487,90.538,0.0103
30.04.2019 17:47:00.000,90.537,90.598,90.537,90.598,0.0509
30.04.2019 17:48:00.000,90.598,90.598,90.578,90.598,0.0175
30.04.2019 17:49:00.000,90.598,90.648,90.568,90.628,0.1751
30.04.2019 17:50:00.000,90.627,90.648,90.588,90.588,0.1334
30.04.2019 17:51:00.000,90.598,90.678,90.598,90.678,0.0496
30.04.2019 17:52:00.000,90.687,90.698,90.667,90.678,0.0663
30.04.2019 17:53:00.000,90.677,90.708,90.657,90.708,0.0246
30.04.2019 17:54:00.000,90.698,90.698,90.648,90.658,0.0827
30.04.2019 17:55:00.000,90.648,90.718,90.627,90.718,0.0619
30.04.2019 17:56:00.000,90.718,90.788,90.717,90.767,0.0377
30.04.2019 17:57:00.000,90.758,90.758,90.737,90.748,0.0485
30.04.2019 17:58:00.000,90.748,90.748,90.737,90.738,0.1821
30.04.2019 17:59:00.000,90.748,90.768,90.738,90.768,0.0522
30.04.2019 18:00:00.000,90.757,90.778,90.757,90.778,0.0486
30.04.2019 18:01:00.000,90.778,90.778,90.667,90.667,0.176
30.04.2019 18:02:00.000,90.668,90.668,90.608,90.627,0.0552
30.04.2019 18:03:00.000,90.638,90.678,90.638,90.657,0.0575
30.04.2019 18:04:00.000,90.658,90.678,90.657,90.678,0.0914
30.04.2019 18:05:00.000,90.687,90.718,90.677,90.708,0.053
30.04.2019 18:06:00.000,90.717,90.728,90.587,90.588,0.1153
30.04.2019 18:07:00.000,90.587,90.608,90.577,90.608,0.0396
30.04.2019 18:08:00.000,90.608,90.608,90.607,90.608,0.0101
30.04.2019 18:09:00.000,90.608,90.608,90.577,90.587,0.0523
30.04.2019 18:10:00.000,90.588,90.588,90.527,90.528,0.0494
30.04.2019 18:11:00.000,90.527,90.558,90.527,90.538,0.1104
30.04.2019 18:12:00.000,90.528,90.558,90.527,90.557,0.0491
30.04.2019 18:13:00.000,90.558,90.558,90.507,90.508,0.0114
30.04.2019 18:14:00.000,90.507,90.528,90.507,90.508,0.0427
30.04.2019 18:15:00.000,90.508,90.578,90.508,90.567,0.0497
30.04.2019 18:16:00.000,90.567,90.608,90.567,90.608,0.0538
30.04.2019 18:17:00.000,90.607,90.608,90.607,90.608,0.0022
30.04.2019 18:18:00.000,90.598,90.598,90.567,90.577,0.0397
30.04.2019 18:19:00.000,90.587,90.658,90.587,90.648,0.0309
30.04.2019 18:20:00.000,90.648,90.648,90.628,90.648,0.0235
30.04.2019 18:21:00.000,90.667,90.727,90.667,90.727,0.0778
30.04.2019 18:22:00.000,90.727,90.727,90.687,90.698,0.0347
30.04.2019 18:23:00.000,90.697,90.717,90.697,90.717,0.0415
30.04.2019 18:24:00.000,90.718,90.718,90.708,90.718,0.0445
30.04.2019 18:25:00.000,90.718,90.718,90.647,90.647,0.0184
30.04.2019 18:26:00.000,90.648,90.678,90.647,90.678,0.0012
30.04.2019 18:27:00.000,90.677,90.687,90.647,90.658,0.0173
30.04.2019 18:28:00.000,90.648,90.718,90.647,90.708,0.0245
30.04.2019 18:29:00.000,90.708,90.718,90.697,90.707,0.0504
30.04.2019 18:30:00.000,90.708,90.708,90.698,90.708,0.009
30.04.2019 18:31:00.000,90.698,90.698,90.628,90.628,0.0875
30.04.2019 18:32:00.000,90.627,90.638,90.617,90.638,0.0144
30.04.2019 18:33:00.000,90.628,90.638,90.607,90.608,0.0523
30.04.2019 18:34:00.000,90.607,90.618,90.607,90.608,0.0334
30.04.2019 18:35:00.000,90.608,90.608,90.577,90.578,0.0493
30.04.2019 18:36:00.000,90.568,90.598,90.567,90.598,0.0348
30.04.2019 18:37:00.000,90.597,90.628,90.597,90.618,0.0274
30.04.2019 18:38:00.000,90.617,90.648,90.617,90.648,0.0484
30.04.2019 18:39:00.000,90.657,90.748,90.657,90.718,0.0566
30.04.2019 18:40:00.000,90.718,90.728,90.718,90.728,0.0291
30.04.2019 18:41:00.000,90.737,90.738,90.668,90.688,0.0227
30.04.2019 18:42:00.000,90.698,90.698,90.657,90.687,0.1323
30.04.2019 18:43:00.000,90.698,90.708,90.658,90.668,0.0508
30.04.2019 18:44:00.000,90.667,90.678,90.667,90.677,0.071
30.04.2019 18:45:00.000,90.678,90.688,90.678,90.688,0.0716
30.04.2019 18:46:00.000,90.688,90.688,90.677,90.678,0.0711
30.04.2019 18:47:00.000,90.687,90.737,90.678,90.727,0.0922
30.04.2019 18:48:00.000,90.718,90.738,90.718,90.738,0.0582
30.04.2019 18:49:00.000,90.748,90.748,90.697,90.727,0.0516
30.04.2019 18:50:00.000,90.728,90.738,90.707,90.728,0.082
30.04.2019 18:51:00.000,90.728,90.728,90.667,90.668,0.071
30.04.2019 18:52:00.000,90.677,90.698,90.667,90.688,0.0427
30.04.2019 18:53:00.000,90.688,90.688,90.667,90.668,0.0608
30.04.2019 18:54:00.000,90.668,90.678,90.587,90.588,0.0326
30.04.2019 18:55:00.000,90.587,90.617,90.577,90.608,0.0652
30.04.2019 18:56:00.000,90.608,90.628,90.578,90.618,0.1078
30.04.2019 18:57:00.000,90.598,90.618,90.588,90.598,0.059
30.04.2019 18:58:00.000,90.597,90.597,90.557,90.567,0.0354
30.04.2019 18:59:00.000,90.568,90.598,90.568,90.587,0.0206
30.04.2019 19:00:00.000,90.587,90.648,90.587,90.648,0.0187
30.04.2019 19:01:00.000,90.647,90.678,90.627,90.638,0.1174
30.04.2019 19:02:00.000,90.637,90.638,90.597,90.608,0.0638
30.04.2019 19:03:00.000,90.607,90.628,90.597,90.618,0.0972
30.04.2019 19:04:00.000,90.618,90.618,90.577,90.598,0.0658
30.04.2019 19:05:00.000,90.598,90.608,90.578,90.588,0.0411
30.04.2019 19:06:00.000,90.587,90.618,90.577,90.617,0.1155
30.04.2019 19:07:00.000,90.618,90.638,90.578,90.598,0.1057
30.04.2019 19:08:00.000,90.598,90.628,90.597,90.628,0.0235
30.04.2019 19:09:00.000,90.627,90.628,90.617,90.618,0.0711
30.04.2019 19:10:00.000,90.617,90.618,90.557,90.557,0.0396
30.04.2019 19:11:00.000,90.558,90.568,90.468,90.488,0.0697
30.04.2019 19:12:00.000,90.487,90.498,90.457,90.458,0.0226
30.04.2019 19:13:00.000,90.468,90.468,90.427,90.438,0.0485
30.04.2019 19:14:00.000,90.437,90.458,90.408,90.408,0.0302
30.04.2019 19:15:00.000,90.408,90.408,90.377,90.388,0.0369
30.04.2019 19:16:00.000,90.397,90.408,90.347,90.347,0.0616
30.04.2019 19:17:00.000,90.348,90.348,90.327,90.338,0.0638
30.04.2019 19:18:00.000,90.338,90.348,90.307,90.348,0.0648
30.04.2019 19:19:00.000,90.357,90.428,90.357,90.398,0.1258
30.04.2019 19:20:00.000,90.398,90.488,90.397,90.478,0.0174
30.04.2019 19:21:00.000,90.478,90.518,90.457,90.488,0.1296
30.04.2019 19:22:00.000,90.487,90.498,90.467,90.488,0.0412
30.04.2019 19:23:00.000,90.498,90.508,90.467,90.468,0.0203
30.04.2019 19:24:00.000,90.467,90.478,90.437,90.438,0.0678
30.04.2019 19:25:00.000,90.437,90.448,90.357,90.358,0.0397
30.04.2019 19:26:00.000,90.357,90.388,90.357,90.388,0.0537
30.04.2019 19:27:00.000,90.387,90.418,90.377,90.418,0.0876
30.04.2019 19:28:00.000,90.408,90.408,90.368,90.398,0.0571
30.04.2019 19:29:00.000,90.408,90.478,90.408,90.418,0.0932
30.04.2019 19:30:00.000,90.417,90.468,90.407,90.468,0.1269
30.04.2019 19:31:00.000,90.468,90.478,90.437,90.458,0.1339
30.04.2019 19:32:00.000,90.457,90.478,90.457,90.478,0.0513
30.04.2019 19:33:00.000,90.477,90.508,90.467,90.498,0.1459
30.04.2019 19:34:00.000,90.497,90.528,90.497,90.518,0.0467
30.04.2019 19:35:00.000,90.517,90.538,90.507,90.517,0.1568
30.04.2019 19:36:00.000,90.518,90.598,90.518,90.598,0.1183
30.04.2019 19:37:00.000,90.608,90.618,90.557,90.597,0.0933
30.04.2019 19:38:00.000,90.597,90.608,90.587,90.588,0.0691
30.04.2019 19:39:00.000,90.587,90.588,90.527,90.577,0.0701
30.04.2019 19:40:00.000,90.578,90.598,90.568,90.588,0.0867
30.04.2019 19:41:00.000,90.587,90.718,90.577,90.708,0.1539
30.04.2019 19:42:00.000,90.718,90.718,90.657,90.697,0.0855
30.04.2019 19:43:00.000,90.698,90.708,90.668,90.668,0.1132
30.04.2019 19:44:00.000,90.667,90.718,90.667,90.718,0.1691
30.04.2019 19:45:00.000,90.727,90.748,90.718,90.738,0.2828
30.04.2019 19:46:00.000,90.737,90.768,90.737,90.737,0.1271
30.04.2019 19:47:00.000,90.738,90.738,90.697,90.698,0.1
30.04.2019 19:48:00.000,90.697,90.728,90.697,90.728,0.0618
30.04.2019 19:49:00.000,90.727,90.728,90.707,90.727,0.0789
30.04.2019 19:50:00.000,90.728,90.747,90.657,90.658,0.1473
30.04.2019 19:51:00.000,90.657,90.668,90.608,90.618,0.1709
30.04.2019 19:52:00.000,90.627,90.688,90.627,90.658,0.3221
30.04.2019 19:53:00.000,90.658,90.708,90.628,90.708,0.1259
30.04.2019 19:54:00.000,90.708,90.708,90.657,90.697,0.1718
30.04.2019 19:55:00.000,90.698,90.738,90.678,90.728,0.1196
30.04.2019 19:56:00.000,90.727,90.728,90.657,90.688,0.156
30.04.2019 19:57:00.000,90.698,90.708,90.687,90.708,0.0511
30.04.2019 19:58:00.000,90.708,90.708,90.658,90.688,0.2681
30.04.2019 19:59:00.000,90.688,90.798,90.617,90.618,0.4398
01.05.2019 13:30:00.000,90.738,90.738,90.638,90.688,0.0154
01.05.2019 13:31:00.000,90.818,91.017,90.688,90.907,0.0196
01.05.2019 13:32:00.000,90.918,90.968,90.617,90.627,0.0813
01.05.2019 13:33:00.000,90.627,90.828,90.627,90.737,0.0102
01.05.2019 13:34:00.000,90.737,90.868,90.618,90.858,0.0779
01.05.2019 13:35:00.000,90.857,90.858,90.697,90.788,0.0174
01.05.2019 13:36:00.000,90.757,91.118,90.757,91.077,0.0293
01.05.2019 13:37:00.000,91.078,91.357,91.078,91.128,0.0477
01.05.2019 13:38:00.000,91.128,91.378,91.128,91.351,0.0639
01.05.2019 13:39:00.000,91.356,91.588,91.337,91.468,0.1261
01.05.2019 13:40:00.000,91.468,91.468,91.228,91.367,0.0546
01.05.2019 13:41:00.000,91.377,91.488,91.307,91.488,0.0649
01.05.2019 13:42:00.000,91.508,91.508,91.383,91.468,0.0491
01.05.2019 13:43:00.000,91.468,91.567,91.447,91.507,0.1165
01.05.2019 13:44:00.000,91.518,91.608,91.518,91.568,0.0552
01.05.2019 13:45:00.000,91.578,91.678,91.578,91.678,0.0272
01.05.2019 13:46:00.000,91.678,91.698,91.587,91.618,0.0523
01.05.2019 13:47:00.000,91.618,91.676,91.547,91.598,0.0201
01.05.2019 13:48:00.000,91.598,91.758,91.598,91.668,0.0736
01.05.2019 13:49:00.000,91.667,91.757,91.488,91.578,0.0953
01.05.2019 13:50:00.000,91.598,91.637,91.497,91.538,0.0596
01.05.2019 13:51:00.000,91.538,91.667,91.427,91.427,0.0585
01.05.2019 13:52:00.000,91.428,91.507,91.427,91.478,0.0364
01.05.2019 13:53:00.000,91.478,91.498,91.447,91.457,0.05
01.05.2019 13:54:00.000,91.458,91.468,91.337,91.368,0.2343
01.05.2019 13:55:00.000,91.378,91.488,91.367,91.428,0.2008
01.05.2019 13:56:00.000,91.418,91.498,91.267,91.267,0.1345
01.05.2019 13:57:00.000,91.268,91.398,91.258,91.337,0.1134
01.05.2019 13:58:00.000,91.367,91.498,91.367,91.497,0.0665
01.05.2019 13:59:00.000,91.498,91.498,91.447,91.458,0.0489
01.05.2019 14:00:00.000,91.458,91.458,91.218,91.288,0.1253
01.05.2019 14:01:00.000,91.318,91.338,91.198,91.198,0.0712
01.05.2019 14:02:00.000,91.237,91.258,91.117,91.118,0.0172
01.05.2019 14:03:00.000,91.118,91.118,90.838,90.878,0.1519
01.05.2019 14:04:00.000,90.877,90.878,90.727,90.758,0.0715
01.05.2019 14:05:00.000,90.757,90.926,90.757,90.888,0.073
01.05.2019 14:06:00.000,90.887,90.978,90.887,90.977,0.0393
01.05.2019 14:07:00.000,90.978,91.038,90.978,91.018,0.0743
01.05.2019 14:08:00.000,91.017,91.078,91.007,91.038,0.0147
01.05.2019 14:09:00.000,91.037,91.037,90.877,90.948,0.1118
01.05.2019 14:10:00.000,90.947,91.078,90.947,91.038,0.0418
01.05.2019 14:11:00.000,91.028,91.068,90.978,90.998,0.0284
01.05.2019 14:12:00.000,90.977,91.018,90.947,90.948,0.0525
01.05.2019 14:13:00.000,90.948,90.948,90.807,90.808,0.0916
01.05.2019 14:14:00.000,90.817,90.878,90.767,90.778,0.0488
01.05.2019 14:15:00.000,90.777,90.848,90.748,90.808,0.0244
01.05.2019 14:16:00.000,90.798,90.848,90.747,90.798,0.0531
01.05.2019 14:17:00.000,90.797,90.797,90.677,90.748,0.146
01.05.2019 14:18:00.000,90.747,90.768,90.687,90.738,0.0038
01.05.2019 14:19:00.000,90.748,90.778,90.737,90.778,0.0521
01.05.2019 14:20:00.000,90.777,90.948,90.777,90.948,0.0542
01.05.2019 14:21:00.000,90.947,91.058,90.947,91.027,0.0722
01.05.2019 14:22:00.000,91.038,91.098,90.998,91.098,0.0793
01.05.2019 14:23:00.000,91.098,91.198,91.067,91.118,0.0943
01.05.2019 14:24:00.000,91.118,91.148,91.098,91.118,0.0324
01.05.2019 14:25:00.000,91.118,91.118,91.058,91.108,0.0155
01.05.2019 14:26:00.000,91.108,91.108,90.938,90.938,0.0562
01.05.2019 14:27:00.000,90.947,90.948,90.887,90.908,0.0545
01.05.2019 14:28:00.000,90.908,90.998,90.907,90.968,0.0191
01.05.2019 14:29:00.000,90.977,90.978,90.807,90.847,0.0838
01.05.2019 14:30:00.000,90.848,90.848,90.317,90.347,0.2929
01.05.2019 14:31:00.000,90.348,90.468,90.347,90.427,0.0427
01.05.2019 14:32:00.000,90.427,90.478,90.408,90.428,0.0631
01.05.2019 14:33:00.000,90.418,90.428,90.347,90.378,0.0508
01.05.2019 14:34:00.000,90.408,90.517,90.407,90.517,0.059
01.05.2019 14:35:00.000,90.548,90.668,90.507,90.548,0.1279
01.05.2019 14:36:00.000,90.547,90.558,90.468,90.547,0.1126
01.05.2019 14:37:00.000,90.548,90.568,90.407,90.408,0.0625
01.05.2019 14:38:00.000,90.408,90.448,90.407,90.417,0.0411
01.05.2019 14:39:00.000,90.438,90.467,90.438,90.457,0.0834
01.05.2019 14:40:00.000,90.478,90.478,90.367,90.377,0.1114
01.05.2019 14:41:00.000,90.377,90.408,90.377,90.408,0.0365
01.05.2019 14:42:00.000,90.418,90.488,90.407,90.478,0.1186
01.05.2019 14:43:00.000,90.488,90.488,90.407,90.408,0.0974
01.05.2019 14:44:00.000,90.418,90.518,90.418,90.478,0.0709
01.05.2019 14:45:00.000,90.477,90.598,90.457,90.577,0.1288
01.05.2019 14:46:00.000,90.587,90.687,90.587,90.678,0.076
01.05.2019 14:47:00.000,90.678,90.698,90.608,90.608,0.0504
01.05.2019 14:48:00.000,90.627,90.628,90.488,90.587,0.0336
01.05.2019 14:49:00.000,90.588,90.668,90.548,90.638,0.1054
01.05.2019 14:50:00.000,90.638,90.638,90.477,90.528,0.1356
01.05.2019 14:51:00.000,90.528,90.648,90.528,90.648,0.0804
01.05.2019 14:52:00.000,90.647,90.648,90.487,90.517,0.0426
01.05.2019 14:53:00.000,90.528,90.558,90.328,90.408,0.1407
01.05.2019 14:54:00.000,90.397,90.467,90.368,90.398,0.068
01.05.2019 14:55:00.000,90.408,90.408,90.318,90.338,0.1117
01.05.2019 14:56:00.000,90.337,90.337,90.278,90.297,0.1449
01.05.2019 14:57:00.000,90.298,90.298,90.187,90.217,0.124
01.05.2019 14:58:00.000,90.227,90.298,90.208,90.257,0.0484
01.05.2019 14:59:00.000,90.257,90.288,90.197,90.237,0.1189
01.05.2019 15:00:00.000,90.248,90.268,90.217,90.237,0.087
01.05.2019 15:01:00.000,90.248,90.287,90.228,90.238,0.0567
01.05.2019 15:02:00.000,90.248,90.248,90.127,90.157,0.1142
01.05.2019 15:03:00.000,90.157,90.168,90.117,90.118,0.0911
01.05.2019 15:04:00.000,90.117,90.337,90.117,90.298,0.1705
01.05.2019 15:05:00.000,90.308,90.388,90.307,90.327,0.1866
01.05.2019 15:06:00.000,90.327,90.438,90.327,90.368,0.1085
01.05.2019 15:07:00.000,90.398,90.417,90.347,90.417,0.0188
01.05.2019 15:08:00.000,90.418,90.438,90.418,90.427,0.0023
01.05.2019 15:09:00.000,90.428,90.438,90.417,90.427,0.0201
01.05.2019 15:10:00.000,90.437,90.467,90.277,90.298,0.1117
01.05.2019 15:11:00.000,90.307,90.307,90.198,90.198,0.1057
01.05.2019 15:12:00.000,90.207,90.218,90.177,90.177,0.0894
01.05.2019 15:13:00.000,90.197,90.198,90.167,90.167,0.1069
01.05.2019 15:14:00.000,90.177,90.388,90.177,90.318,0.0958
01.05.2019 15:15:00.000,90.328,90.328,90.248,90.248,0.1346
01.05.2019 15:16:00.000,90.247,90.248,90.158,90.158,0.0676
01.05.2019 15:17:00.000,90.177,90.218,90.177,90.218,0.016
01.05.2019 15:18:00.000,90.217,90.218,90.178,90.198,0.02
01.05.2019 15:19:00.000,90.197,90.197,90.177,90.178,0.062
01.05.2019 15:20:00.000,90.178,90.248,90.178,90.218,0.0718
01.05.2019 15:21:00.000,90.217,90.217,90.147,90.147,0.0643
01.05.2019 15:22:00.000,90.148,90.248,90.137,90.218,0.2043
01.05.2019 15:23:00.000,90.218,90.258,90.177,90.198,0.0714
01.05.2019 15:24:00.000,90.198,90.198,90.108,90.108,0.0018
01.05.2019 15:25:00.000,90.117,90.268,90.117,90.267,0.0235
01.05.2019 15:26:00.000,90.268,90.278,90.167,90.178,0.0931
01.05.2019 15:27:00.000,90.178,90.248,90.167,90.217,0.0232
01.05.2019 15:28:00.000,90.218,90.258,90.218,90.218,0.0226
01.05.2019 15:29:00.000,90.218,90.248,90.187,90.207,0.0496
01.05.2019 15:30:00.000,90.207,90.298,90.197,90.278,0.069
01.05.2019 15:31:00.000,90.288,90.338,90.227,90.248,0.0909
01.05.2019 15:32:00.000,90.248,90.308,90.238,90.297,0.017
01.05.2019 15:33:00.000,90.297,90.388,90.297,90.388,0.0617
01.05.2019 15:34:00.000,90.398,90.488,90.387,90.468,0.0714
01.05.2019 15:35:00.000,90.478,90.538,90.457,90.497,0.1132
01.05.2019 15:36:00.000,90.508,90.537,90.467,90.478,0.0544
01.05.2019 15:37:00.000,90.477,90.637,90.477,90.618,0.1446
01.05.2019 15:38:00.000,90.617,90.708,90.617,90.618,0.1053
01.05.2019 15:39:00.000,90.627,90.628,90.547,90.617,0.0639
01.05.2019 15:40:00.000,90.618,90.698,90.617,90.638,0.0652
01.05.2019 15:41:00.000,90.648,90.708,90.648,90.708,0.0117
01.05.2019 15:42:00.000,90.708,90.768,90.648,90.768,0.0959
01.05.2019 15:43:00.000,90.758,90.767,90.707,90.728,0.1316
01.05.2019 15:44:00.000,90.727,90.807,90.727,90.767,0.1245
01.05.2019 15:45:00.000,90.798,90.798,90.748,90.757,0.0948
01.05.2019 15:46:00.000,90.758,90.778,90.747,90.748,0.0853
01.05.2019 15:47:00.000,90.758,90.898,90.758,90.888,0.0489
01.05.2019 15:48:00.000,90.888,90.888,90.728,90.748,0.0504
01.05.2019 15:49:00.000,90.748,90.798,90.727,90.728,0.0944
01.05.2019 15:50:00.000,90.747,90.788,90.747,90.767,0.0183
01.05.2019 15:51:00.000,90.778,90.838,90.777,90.837,0.082
01.05.2019 15:52:00.000,90.847,90.917,90.787,90.788,0.0444
01.05.2019 15:53:00.000,90.787,90.788,90.787,90.788,0.0182
01.05.2019 15:54:00.000,90.798,90.808,90.777,90.778,0.0812
01.05.2019 15:55:00.000,90.788,90.828,90.778,90.798,0.031
01.05.2019 15:56:00.000,90.807,90.808,90.788,90.798,0.0316
01.05.2019 15:57:00.000,90.798,90.798,90.647,90.688,0.0859
01.05.2019 15:58:00.000,90.698,90.698,90.677,90.687,0.0469
01.05.2019 15:59:00.000,90.688,90.688,90.648,90.648,0.0188
01.05.2019 16:00:00.000,90.647,90.647,90.547,90.558,0.0743
01.05.2019 16:01:00.000,90.557,90.598,90.547,90.548,0.0589
01.05.2019 16:02:00.000,90.547,90.557,90.487,90.498,0.0524
01.05.2019 16:03:00.000,90.508,90.508,90.498,90.498,0.023
01.05.2019 16:04:00.000,90.497,90.528,90.447,90.448,0.1177
01.05.2019 16:05:00.000,90.447,90.478,90.447,90.457,0.0771
01.05.2019 16:06:00.000,90.458,90.468,90.417,90.467,0.0691
01.05.2019 16:07:00.000,90.468,90.468,90.417,90.418,0.0445
01.05.2019 16:08:00.000,90.417,90.458,90.407,90.408,0.1149
01.05.2019 16:09:00.000,90.407,90.408,90.387,90.388,0.0208
01.05.2019 16:10:00.000,90.398,90.408,90.297,90.368,0.08
01.05.2019 16:11:00.000,90.368,90.398,90.368,90.398,0.0496
01.05.2019 16:12:00.000,90.408,90.458,90.408,90.417,0.0726
01.05.2019 16:13:00.000,90.418,90.458,90.417,90.417,0.1168
01.05.2019 16:14:00.000,90.427,90.508,90.427,90.498,0.0302
01.05.2019 16:15:00.000,90.498,90.538,90.457,90.537,0.0483
01.05.2019 16:16:00.000,90.538,90.568,90.517,90.518,0.0323
01.05.2019 16:17:00.000,90.527,90.568,90.527,90.568,0.0088
01.05.2019 16:18:00.000,90.567,90.578,90.528,90.528,0.1047
01.05.2019 16:19:00.000,90.538,90.538,90.457,90.468,0.0294
01.05.2019 16:20:00.000,90.478,90.508,90.457,90.507,0.0128
01.05.2019 16:21:00.000,90.518,90.548,90.497,90.548,0.0484
01.05.2019 16:22:00.000,90.548,90.558,90.497,90.498,0.0489
01.05.2019 16:23:00.000,90.497,90.508,90.488,90.488,0.0002
01.05.2019 16:24:00.000,90.498,90.528,90.467,90.528,0.0179
01.05.2019 16:25:00.000,90.538,90.538,90.398,90.398,0.0088
01.05.2019 16:26:00.000,90.397,90.448,90.397,90.407,0.0493
01.05.2019 16:27:00.000,90.417,90.478,90.407,90.408,0.0128
01.05.2019 16:28:00.000,90.418,90.518,90.408,90.517,0.087
01.05.2019 16:29:00.000,90.508,90.508,90.467,90.488,0.0466
01.05.2019 16:30:00.000,90.488,90.488,90.447,90.448,0.013
01.05.2019 16:31:00.000,90.447,90.448,90.417,90.417,0.0289
01.05.2019 16:32:00.000,90.428,90.448,90.398,90.408,0.0843
01.05.2019 16:33:00.000,90.417,90.418,90.328,90.367,0.0968
01.05.2019 16:34:00.000,90.368,90.428,90.348,90.428,0.1397
01.05.2019 16:35:00.000,90.427,90.478,90.427,90.478,0.1109
01.05.2019 16:36:00.000,90.468,90.478,90.407,90.447,0.0719
01.05.2019 16:37:00.000,90.438,90.468,90.408,90.408,0.0861
01.05.2019 16:38:00.000,90.417,90.438,90.408,90.408,0.0522
01.05.2019 16:39:00.000,90.418,90.488,90.408,90.418,0.0754
01.05.2019 16:40:00.000,90.418,90.418,90.407,90.418,0.0109
01.05.2019 16:41:00.000,90.417,90.417,90.328,90.328,0.0911
01.05.2019 16:42:00.000,90.337,90.368,90.327,90.348,0.0439
01.05.2019 16:43:00.000,90.348,90.428,90.337,90.398,0.1724
01.05.2019 16:44:00.000,90.407,90.458,90.397,90.448,0.1675
01.05.2019 16:45:00.000,90.458,90.478,90.437,90.437,0.0484
01.05.2019 16:46:00.000,90.438,90.458,90.417,90.428,0.027
01.05.2019 16:47:00.000,90.448,90.468,90.447,90.468,0.065
01.05.2019 16:48:00.000,90.468,90.508,90.458,90.468,0.0377
01.05.2019 16:49:00.000,90.438,90.438,90.427,90.438,0.0128
01.05.2019 16:50:00.000,90.447,90.478,90.447,90.468,0.0405
01.05.2019 16:51:00.000,90.468,90.498,90.447,90.498,0.04
01.05.2019 16:52:00.000,90.518,90.538,90.477,90.477,0.0389
01.05.2019 16:53:00.000,90.478,90.568,90.477,90.568,0.0456
01.05.2019 16:54:00.000,90.568,90.708,90.567,90.667,0.0453
01.05.2019 16:55:00.000,90.677,90.748,90.677,90.708,0.084
01.05.2019 16:56:00.000,90.708,90.738,90.697,90.708,0.0614
01.05.2019 16:57:00.000,90.718,90.748,90.707,90.747,0.0203
01.05.2019 16:58:00.000,90.737,90.748,90.697,90.728,0.0497
01.05.2019 16:59:00.000,90.727,90.738,90.717,90.717,0.0087
01.05.2019 17:00:00.000,90.718,90.848,90.718,90.738,0.0502
01.05.2019 17:01:00.000,90.737,90.737,90.697,90.698,0.001
01.05.2019 17:02:00.000,90.698,90.717,90.668,90.688,0.0352
01.05.2019 17:03:00.000,90.698,90.748,90.678,90.718,0.0847
01.05.2019 17:04:00.000,90.717,90.788,90.707,90.768,0.1084
01.05.2019 17:05:00.000,90.778,90.788,90.747,90.777,0.0492
01.05.2019 17:06:00.000,90.778,90.798,90.737,90.798,0.0784
01.05.2019 17:07:00.000,90.797,90.798,90.768,90.788,0.0785
01.05.2019 17:08:00.000,90.788,90.808,90.788,90.798,0.0191
01.05.2019 17:09:00.000,90.798,90.848,90.778,90.817,0.1367
01.05.2019 17:10:00.000,90.817,90.828,90.767,90.777,0.1414
01.05.2019 17:11:00.000,90.787,90.788,90.738,90.758,0.1276
01.05.2019 17:12:00.000,90.758,90.808,90.758,90.787,0.0894
01.05.2019 17:13:00.000,90.788,90.788,90.757,90.787,0.0697
01.05.2019 17:14:00.000,90.787,90.848,90.758,90.848,0.052
01.05.2019 17:15:00.000,90.848,90.918,90.848,90.868,0.0214
01.05.2019 17:16:00.000,90.867,90.908,90.867,90.908,0.0223
01.05.2019 17:17:00.000,90.908,90.918,90.868,90.868,0.0118
01.05.2019 17:18:00.000,90.867,90.867,90.847,90.848,0.0146
01.05.2019 17:19:00.000,90.857,90.878,90.827,90.827,0.0784
01.05.2019 17:20:00.000,90.828,90.838,90.768,90.768,0.0355
01.05.2019 17:21:00.000,90.758,90.808,90.738,90.738,0.0492
01.05.2019 17:22:00.000,90.747,90.758,90.747,90.748,0.0079
01.05.2019 17:23:00.000,90.747,90.778,90.657,90.658,0.0586
01.05.2019 17:24:00.000,90.657,90.678,90.657,90.658,0.0357
01.05.2019 17:25:00.000,90.657,90.708,90.657,90.667,0.0204
01.05.2019 17:26:00.000,90.658,90.667,90.617,90.618,0.0496
01.05.2019 17:27:00.000,90.617,90.638,90.607,90.638,0.019
01.05.2019 17:28:00.000,90.638,90.728,90.638,90.698,0.086
01.05.2019 17:29:00.000,90.678,90.688,90.628,90.628,0.0349
01.05.2019 17:30:00.000,90.637,90.658,90.607,90.618,0.0606
01.05.2019 17:31:00.000,90.618,90.648,90.568,90.588,0.0743
01.05.2019 17:32:00.000,90.587,90.608,90.567,90.567,0.0705
01.05.2019 17:33:00.000,90.557,90.568,90.537,90.568,0.0086
01.05.2019 17:34:00.000,90.558,90.608,90.558,90.598,0.093
01.05.2019 17:35:00.000,90.598,90.648,90.598,90.648,0.1344
01.05.2019 17:36:00.000,90.648,90.648,90.607,90.607,0.052
01.05.2019 17:37:00.000,90.607,90.628,90.587,90.618,0.055
01.05.2019 17:38:00.000,90.617,90.687,90.617,90.638,0.0564
01.05.2019 17:39:00.000,90.637,90.648,90.588,90.608,0.0623
01.05.2019 17:40:00.000,90.607,90.638,90.587,90.607,0.0256
01.05.2019 17:41:00.000,90.607,90.618,90.587,90.588,0.04
01.05.2019 17:42:00.000,90.617,90.668,90.608,90.628,0.0789
01.05.2019 17:43:00.000,90.637,90.648,90.608,90.647,0.0534
01.05.2019 17:44:00.000,90.658,90.658,90.608,90.608,0.0385
01.05.2019 17:45:00.000,90.608,90.608,90.557,90.557,0.0087
01.05.2019 17:46:00.000,90.558,90.588,90.497,90.498,0.0451
01.05.2019 17:47:00.000,90.497,90.508,90.457,90.487,0.0199
01.05.2019 17:48:00.000,90.488,90.488,90.458,90.488,0.1021
01.05.2019 17:49:00.000,90.498,90.498,90.477,90.488,0.0384
01.05.2019 17:50:00.000,90.498,90.498,90.477,90.477,0.0122
01.05.2019 17:51:00.000,90.477,90.488,90.427,90.487,0.0752
01.05.2019 17:52:00.000,90.498,90.518,90.497,90.518,0.0368
01.05.2019 17:53:00.000,90.508,90.508,90.468,90.508,0.0555
01.05.2019 17:54:00.000,90.528,90.638,90.528,90.597,0.0894
01.05.2019 17:55:00.000,90.598,90.638,90.598,90.608,0.0268
01.05.2019 17:56:00.000,90.618,90.627,90.597,90.598,0.0369
01.05.2019 17:57:00.000,90.608,90.727,90.608,90.718,0.0529
01.05.2019 17:58:00.000,90.718,90.718,90.637,90.637,0.0273
01.05.2019 17:59:00.000,90.638,90.638,90.506,90.506,0.0556
01.05.2019 18:00:00.000,90.586,90.586,90.387,90.448,0.174
01.05.2019 18:01:00.000,90.457,90.538,90.457,90.498,0.0638
01.05.2019 18:02:00.000,90.508,90.508,90.447,90.447,0.0025
01.05.2019 18:03:00.000,90.458,90.478,90.388,90.417,0.0261
01.05.2019 18:04:00.000,90.418,90.448,90.397,90.428,0.0164
01.05.2019 18:05:00.000,90.427,90.498,90.418,90.498,0.0964
01.05.2019 18:06:00.000,90.498,90.538,90.498,90.517,0.07
01.05.2019 18:07:00.000,90.518,90.708,90.518,90.678,0.0515
01.05.2019 18:08:00.000,90.687,90.708,90.668,90.668,0.2288
01.05.2019 18:09:00.000,90.678,90.738,90.678,90.728,0.1081
01.05.2019 18:10:00.000,90.727,90.758,90.697,90.718,0.0586
01.05.2019 18:11:00.000,90.717,90.738,90.697,90.698,0.0863
01.05.2019 18:12:00.000,90.708,90.808,90.707,90.758,0.0359
01.05.2019 18:13:00.000,90.758,90.758,90.728,90.747,0.0328
01.05.2019 18:14:00.000,90.747,90.748,90.717,90.738,0.0672
01.05.2019 18:15:00.000,90.748,90.758,90.727,90.728,0.057
01.05.2019 18:16:00.000,90.748,90.768,90.607,90.627,0.1306
01.05.2019 18:17:00.000,90.637,90.658,90.607,90.658,0.0197
01.05.2019 18:18:00.000,90.638,90.708,90.627,90.688,0.0112
01.05.2019 18:19:00.000,90.687,90.698,90.637,90.638,0.0349
01.05.2019 18:20:00.000,90.638,90.667,90.637,90.648,0.0626
01.05.2019 18:21:00.000,90.637,90.688,90.607,90.607,0.1095
01.05.2019 18:22:00.000,90.608,90.648,90.598,90.617,0.064
01.05.2019 18:23:00.000,90.628,90.638,90.598,90.598,0.0695
01.05.2019 18:24:00.000,90.598,90.608,90.557,90.608,0.0216
01.05.2019 18:25:00.000,90.607,90.658,90.597,90.597,0.0483
01.05.2019 18:26:00.000,90.598,90.648,90.597,90.598,0.019
01.05.2019 18:27:00.000,90.598,90.628,90.587,90.587,0.0012
01.05.2019 18:28:00.000,90.588,90.588,90.567,90.568,0.0023
01.05.2019 18:29:00.000,90.568,90.568,90.518,90.518,0.0197
01.05.2019 18:30:00.000,90.517,90.558,90.478,90.548,0.0891
01.05.2019 18:31:00.000,90.547,90.588,90.537,90.557,0.1193
01.05.2019 18:32:00.000,90.538,90.538,90.427,90.427,0.0681
01.05.2019 18:33:00.000,90.428,90.448,90.317,90.328,0.0406
01.05.2019 18:34:00.000,90.328,90.388,90.327,90.358,0.1585
01.05.2019 18:35:00.000,90.358,90.358,90.287,90.287,0.158
01.05.2019 18:36:00.000,90.288,90.367,90.287,90.298,0.1192
01.05.2019 18:37:00.000,90.297,90.308,90.237,90.307,0.115
01.05.2019 18:38:00.000,90.328,90.338,90.197,90.198,0.0276
01.05.2019 18:39:00.000,90.197,90.238,90.168,90.168,0.0875
01.05.2019 18:40:00.000,90.167,90.167,90.047,90.048,0.184
01.05.2019 18:41:00.000,90.048,90.168,90.048,90.168,0.0414
01.05.2019 18:42:00.000,90.168,90.208,90.148,90.148,0.1499
01.05.2019 18:43:00.000,90.158,90.228,90.148,90.218,0.0632
01.05.2019 18:44:00.000,90.217,90.218,90.187,90.218,0.0392
01.05.2019 18:45:00.000,90.218,90.228,90.147,90.158,0.1205
01.05.2019 18:46:00.000,90.177,90.177,90.077,90.128,0.1242
01.05.2019 18:47:00.000,90.137,90.178,90.088,90.118,0.1575
01.05.2019 18:48:00.000,90.108,90.108,90.098,90.098,0.0253
01.05.2019 18:49:00.000,90.097,90.097,90.078,90.087,0.0027
01.05.2019 18:50:00.000,90.118,90.198,90.027,90.188,0.1191
01.05.2019 18:51:00.000,90.198,90.198,90.087,90.088,0.2315
01.05.2019 18:52:00.000,90.097,90.158,90.097,90.158,0.0753
01.05.2019 18:53:00.000,90.167,90.278,90.167,90.257,0.2039
01.05.2019 18:54:00.000,90.267,90.268,90.227,90.228,0.0801
01.05.2019 18:55:00.000,90.238,90.288,90.237,90.238,0.1627
01.05.2019 18:56:00.000,90.248,90.298,90.217,90.248,0.1669
01.05.2019 18:57:00.000,90.248,90.298,90.237,90.237,0.0679
01.05.2019 18:58:00.000,90.248,90.258,90.217,90.248,0.0946
01.05.2019 18:59:00.000,90.258,90.297,90.258,90.288,0.1433
01.05.2019 19:00:00.000,90.288,90.318,90.247,90.298,0.1005
01.05.2019 19:01:00.000,90.307,90.308,90.217,90.218,0.0195
01.05.2019 19:02:00.000,90.218,90.228,90.197,90.217,0.1054
01.05.2019 19:03:00.000,90.227,90.227,90.127,90.158,0.0797
01.05.2019 19:04:00.000,90.168,90.258,90.148,90.258,0.1052
01.05.2019 19:05:00.000,90.278,90.297,90.257,90.278,0.1946
01.05.2019 19:06:00.000,90.288,90.318,90.247,90.258,0.1477
01.05.2019 19:07:00.000,90.268,90.308,90.268,90.298,0.1219
01.05.2019 19:08:00.000,90.297,90.318,90.258,90.268,0.1362
01.05.2019 19:09:00.000,90.278,90.308,90.267,90.277,0.0544
01.05.2019 19:10:00.000,90.278,90.318,90.267,90.268,0.1195
01.05.2019 19:11:00.000,90.278,90.278,90.217,90.218,0.0314
01.05.2019 19:12:00.000,90.218,90.247,90.217,90.218,0.0821
01.05.2019 19:13:00.000,90.228,90.258,90.207,90.208,0.1078
01.05.2019 19:14:00.000,90.208,90.228,90.167,90.227,0.1443
01.05.2019 19:15:00.000,90.227,90.248,90.178,90.198,0.1166
01.05.2019 19:16:00.000,90.208,90.238,90.207,90.238,0.0165
01.05.2019 19:17:00.000,90.248,90.258,90.198,90.198,0.0708
01.05.2019 19:18:00.000,90.207,90.218,90.187,90.218,0.0326
01.05.2019 19:19:00.000,90.217,90.268,90.197,90.268,0.0562
01.05.2019 19:20:00.000,90.257,90.308,90.257,90.308,0.1277
01.05.2019 19:21:00.000,90.298,90.298,90.258,90.268,0.0943
01.05.2019 19:22:00.000,90.267,90.288,90.198,90.198,0.059
01.05.2019 19:23:00.000,90.197,90.198,90.088,90.097,0.1513
01.05.2019 19:24:00.000,90.098,90.108,90.007,90.007,0.1902
01.05.2019 19:25:00.000,90.028,90.028,89.987,90.008,0.0645
01.05.2019 19:26:00.000,90.018,90.078,90.007,90.078,0.0578
01.05.2019 19:27:00.000,90.078,90.108,90.057,90.098,0.1185
01.05.2019 19:28:00.000,90.097,90.128,90.097,90.108,0.0245
01.05.2019 19:29:00.000,90.117,90.128,90.078,90.088,0.1644
01.05.2019 19:30:00.000,90.088,90.088,90.008,90.068,0.0743
01.05.2019 19:31:00.000,90.067,90.067,89.988,89.997,0.0335
01.05.2019 19:32:00.000,89.998,90.018,89.948,90.017,0.1242
01.05.2019 19:33:00.000,90.018,90.028,89.958,89.978,0.1146
01.05.2019 19:34:00.000,89.977,90.008,89.947,89.967,0.2658
01.05.2019 19:35:00.000,89.967,89.998,89.937,89.978,0.147
01.05.2019 19:36:00.000,89.987,90.008,89.937,89.968,0.2199
01.05.2019 19:37:00.000,89.968,89.988,89.897,89.968,0.1086
01.05.2019 19:38:00.000,89.978,89.987,89.907,89.908,0.103
01.05.2019 19:39:00.000,89.908,89.997,89.897,89.948,0.1752
01.05.2019 19:40:00.000,89.957,89.958,89.888,89.908,0.0809
01.05.2019 19:41:00.000,89.907,89.938,89.887,89.888,0.0433
01.05.2019 19:42:00.000,89.897,89.968,89.897,89.918,0.0519
01.05.2019 19:43:00.000,89.928,89.997,89.917,89.948,0.0704
01.05.2019 19:44:00.000,89.967,89.998,89.957,89.978,0.0541
01.05.2019 19:45:00.000,89.978,89.988,89.928,89.978,0.293
01.05.2019 19:46:00.000,89.977,89.988,89.947,89.947,0.0912
01.05.2019 19:47:00.000,89.958,89.978,89.918,89.918,0.1439
01.05.2019 19:48:00.000,89.917,89.988,89.917,89.987,0.154
01.05.2019 19:49:00.000,89.988,89.988,89.877,89.908,0.1158
01.05.2019 19:50:00.000,89.907,89.958,89.828,89.828,0.2361
01.05.2019 19:51:00.000,89.838,89.908,89.827,89.838,0.1024
01.05.2019 19:52:00.000,89.828,89.868,89.788,89.857,0.1367
01.05.2019 19:53:00.000,89.858,89.927,89.857,89.897,0.2263
01.05.2019 19:54:00.000,89.898,89.898,89.788,89.788,0.1837
01.05.2019 19:55:00.000,89.798,89.888,89.778,89.778,0.3978
01.05.2019 19:56:00.000,89.778,89.848,89.737,89.747,0.2341
01.05.2019 19:57:00.000,89.738,89.838,89.727,89.838,0.2339
01.05.2019 19:58:00.000,89.837,89.838,89.757,89.838,0.39
01.05.2019 19:59:00.000,89.837,89.838,89.707,89.728,0.8862
02.05.2019 13:30:00.000,89.498,89.768,89.498,89.598,0.0566
02.05.2019 13:31:00.000,89.597,89.778,89.577,89.578,0.0151
02.05.2019 13:32:00.000,89.647,89.817,89.647,89.747,0.1107
02.05.2019 13:33:00.000,89.748,90.028,89.738,89.837,0.1159
02.05.2019 13:34:00.000,89.838,90.028,89.838,90.028,0.0726
02.05.2019 13:35:00.000,90.028,90.508,90.028,90.338,0.0939
02.05.2019 13:36:00.000,90.338,90.458,90.117,90.328,0.1068
02.05.2019 13:37:00.000,90.188,90.258,90.137,90.258,0.0951
02.05.2019 13:38:00.000,90.258,90.368,90.107,90.368,0.1179
02.05.2019 13:39:00.000,90.367,90.388,90.207,90.388,0.0939
02.05.2019 13:40:00.000,90.388,90.508,90.348,90.508,0.0192
02.05.2019 13:41:00.000,90.507,90.518,90.377,90.457,0.0712
02.05.2019 13:42:00.000,90.457,90.488,90.408,90.477,0.046
02.05.2019 13:43:00.000,90.477,90.628,90.447,90.578,0.0233
02.05.2019 13:44:00.000,90.597,90.628,90.497,90.597,0.0202
02.05.2019 13:45:00.000,90.598,90.688,90.508,90.508,0.0447
02.05.2019 13:46:00.000,90.508,90.568,90.447,90.488,0.1419
02.05.2019 13:47:00.000,90.587,90.628,90.507,90.518,0.0531
02.05.2019 13:48:00.000,90.528,90.638,90.508,90.638,0.1555
02.05.2019 13:49:00.000,90.628,90.628,90.488,90.498,0.202
02.05.2019 13:50:00.000,90.498,90.528,90.487,90.488,0.0721
02.05.2019 13:51:00.000,90.497,90.508,90.427,90.487,0.1152
02.05.2019 13:52:00.000,90.488,90.568,90.487,90.497,0.0252
02.05.2019 13:53:00.000,90.498,90.507,90.157,90.167,0.1775
02.05.2019 13:54:00.000,90.168,90.288,90.167,90.238,0.0966
02.05.2019 13:55:00.000,90.238,90.288,90.167,90.167,0.0797
02.05.2019 13:56:00.000,90.168,90.168,89.987,89.988,0.2335
02.05.2019 13:57:00.000,89.988,89.988,89.738,89.797,0.1253
02.05.2019 13:58:00.000,89.798,89.898,89.797,89.898,0.1188
02.05.2019 13:59:00.000,89.897,89.898,89.827,89.838,0.0752
02.05.2019 14:00:00.000,89.847,89.848,89.627,89.848,0.0939
02.05.2019 14:01:00.000,89.848,89.848,89.637,89.637,0.1866
02.05.2019 14:02:00.000,89.638,89.638,89.397,89.408,0.1646
02.05.2019 14:03:00.000,89.418,89.448,89.227,89.227,0.1619
02.05.2019 14:04:00.000,89.227,89.227,89.047,89.138,0.1186
02.05.2019 14:05:00.000,89.147,89.147,88.857,88.988,0.2504
02.05.2019 14:06:00.000,88.988,89.048,88.897,89.008,0.165
02.05.2019 14:07:00.000,89.008,89.148,89.007,89.117,0.0917
02.05.2019 14:08:00.000,89.118,89.298,89.088,89.218,0.1819
02.05.2019 14:09:00.000,89.217,89.298,89.168,89.198,0.1183
02.05.2019 14:10:00.000,89.197,89.378,89.177,89.367,0.1016
02.05.2019 14:11:00.000,89.368,89.368,89.247,89.248,0.144
02.05.2019 14:12:00.000,89.248,89.308,89.208,89.238,0.2307
02.05.2019 14:13:00.000,89.267,89.388,89.267,89.378,0.0478
02.05.2019 14:14:00.000,89.378,89.528,89.378,89.518,0.0697
02.05.2019 14:15:00.000,89.517,89.518,89.368,89.438,0.0927
02.05.2019 14:16:00.000,89.437,89.458,89.347,89.457,0.149
02.05.2019 14:17:00.000,89.458,89.467,89.407,89.408,0.0262
02.05.2019 14:18:00.000,89.438,89.538,89.398,89.518,0.0651
02.05.2019 14:19:00.000,89.517,89.538,89.378,89.418,0.0779
02.05.2019 14:20:00.000,89.418,89.447,89.347,89.447,0.1165
02.05.2019 14:21:00.000,89.448,89.478,89.437,89.437,0.0793
02.05.2019 14:22:00.000,89.457,89.628,89.457,89.628,0.1244
02.05.2019 14:23:00.000,89.648,89.668,89.637,89.638,0.1454
02.05.2019 14:24:00.000,89.648,89.768,89.648,89.688,0.134
02.05.2019 14:25:00.000,89.687,89.778,89.687,89.778,0.0731
02.05.2019 14:26:00.000,89.777,89.777,89.747,89.758,0.0623
02.05.2019 14:27:00.000,89.758,89.858,89.697,89.698,0.159
02.05.2019 14:28:00.000,89.697,89.728,89.638,89.728,0.0827
02.05.2019 14:29:00.000,89.737,89.738,89.687,89.728,0.1035
02.05.2019 14:30:00.000,89.727,89.728,89.617,89.627,0.0894
02.05.2019 14:31:00.000,89.628,89.748,89.627,89.717,0.0751
02.05.2019 14:32:00.000,89.718,89.768,89.718,89.757,0.1958
02.05.2019 14:33:00.000,89.758,89.778,89.617,89.648,0.1274
02.05.2019 14:34:00.000,89.648,89.698,89.597,89.638,0.1409
02.05.2019 14:35:00.000,89.618,89.638,89.487,89.488,0.0858
02.05.2019 14:36:00.000,89.487,89.537,89.487,89.518,0.1538
02.05.2019 14:37:00.000,89.518,89.608,89.518,89.538,0.2054
02.05.2019 14:38:00.000,89.537,89.588,89.458,89.458,0.1716
02.05.2019 14:39:00.000,89.437,89.438,89.357,89.388,0.1044
02.05.2019 14:40:00.000,89.387,89.388,89.307,89.368,0.1933
02.05.2019 14:41:00.000,89.368,89.397,89.317,89.318,0.1826
02.05.2019 14:42:00.000,89.318,89.458,89.318,89.458,0.1523
02.05.2019 14:43:00.000,89.457,89.498,89.417,89.417,0.2054
02.05.2019 14:44:00.000,89.417,89.428,89.277,89.278,0.1923
02.05.2019 14:45:00.000,89.278,89.317,89.067,89.067,0.1754
02.05.2019 14:46:00.000,89.057,89.178,89.048,89.178,0.0913
02.05.2019 14:47:00.000,89.178,89.238,89.107,89.127,0.087
02.05.2019 14:48:00.000,89.137,89.228,89.118,89.118,0.1563
02.05.2019 14:49:00.000,89.138,89.198,89.127,89.128,0.157
02.05.2019 14:50:00.000,89.127,89.168,89.038,89.048,0.1223
02.05.2019 14:51:00.000,89.048,89.078,89.017,89.018,0.1647
02.05.2019 14:52:00.000,89.018,89.038,88.968,88.978,0.1233
02.05.2019 14:53:00.000,88.977,89.068,88.977,89.068,0.0538
02.05.2019 14:54:00.000,89.047,89.098,89.027,89.098,0.0268
02.05.2019 14:55:00.000,89.098,89.098,89.008,89.018,0.1536
02.05.2019 14:56:00.000,89.017,89.018,88.838,88.838,0.1461
02.05.2019 14:57:00.000,88.838,88.838,88.738,88.738,0.0414
02.05.2019 14:58:00.000,88.748,88.848,88.738,88.828,0.1435
02.05.2019 14:59:00.000,88.857,88.918,88.758,88.758,0.1403
02.05.2019 15:00:00.000,88.767,88.788,88.748,88.778,0.116
02.05.2019 15:01:00.000,88.778,88.868,88.757,88.857,0.102
02.05.2019 15:02:00.000,88.857,88.888,88.787,88.858,0.157
02.05.2019 15:03:00.000,88.858,88.908,88.847,88.907,0.114
02.05.2019 15:04:00.000,88.908,88.988,88.868,88.878,0.2204
02.05.2019 15:05:00.000,88.878,88.928,88.827,88.857,0.0692
02.05.2019 15:06:00.000,88.858,88.908,88.848,88.907,0.089
02.05.2019 15:07:00.000,88.898,88.948,88.887,88.948,0.0973
02.05.2019 15:08:00.000,88.948,88.958,88.907,88.948,0.1382
02.05.2019 15:09:00.000,88.957,89.078,88.957,89.078,0.0844
02.05.2019 15:10:00.000,89.087,89.148,89.067,89.128,0.0507
02.05.2019 15:11:00.000,89.137,89.148,89.098,89.117,0.0989
02.05.2019 15:12:00.000,89.118,89.138,89.097,89.107,0.0932
02.05.2019 15:13:00.000,89.108,89.108,88.948,88.968,0.1364
02.05.2019 15:14:00.000,88.968,89.038,88.968,88.998,0.0666
02.05.2019 15:15:00.000,88.997,88.998,88.928,88.968,0.0699
02.05.2019 15:16:00.000,88.967,88.998,88.738,88.767,0.1586
02.05.2019 15:17:00.000,88.767,88.788,88.747,88.777,0.1282
02.05.2019 15:18:00.000,88.777,88.798,88.527,88.528,0.1602
02.05.2019 15:19:00.000,88.527,88.548,88.478,88.488,0.1068
02.05.2019 15:20:00.000,88.498,88.508,88.357,88.358,0.1695
02.05.2019 15:21:00.000,88.368,88.438,88.367,88.408,0.1316
02.05.2019 15:22:00.000,88.398,88.518,88.387,88.407,0.165
02.05.2019 15:23:00.000,88.407,88.568,88.398,88.548,0.1782
02.05.2019 15:24:00.000,88.547,88.578,88.508,88.528,0.162
02.05.2019 15:25:00.000,88.527,88.627,88.518,88.558,0.1576
02.05.2019 15:26:00.000,88.548,88.548,88.447,88.468,0.1253
02.05.2019 15:27:00.000,88.458,88.528,88.437,88.438,0.1161
02.05.2019 15:28:00.000,88.437,88.438,88.328,88.328,0.162
02.05.2019 15:29:00.000,88.327,88.338,88.217,88.217,0.1262
02.05.2019 15:30:00.000,88.218,88.298,88.177,88.298,0.3194
02.05.2019 15:31:00.000,88.307,88.368,88.307,88.318,0.1301
02.05.2019 15:32:00.000,88.327,88.378,88.317,88.318,0.0829
02.05.2019 15:33:00.000,88.318,88.418,88.297,88.418,0.1573
02.05.2019 15:34:00.000,88.437,88.508,88.437,88.468,0.1935
02.05.2019 15:35:00.000,88.478,88.558,88.417,88.557,0.1164
02.05.2019 15:36:00.000,88.558,88.638,88.528,88.568,0.1193
02.05.2019 15:37:00.000,88.567,88.568,88.438,88.468,0.1052
02.05.2019 15:38:00.000,88.467,88.468,88.297,88.317,0.135
02.05.2019 15:39:00.000,88.317,88.358,88.208,88.238,0.1618
02.05.2019 15:40:00.000,88.228,88.258,88.197,88.218,0.1255
02.05.2019 15:41:00.000,88.217,88.288,88.097,88.108,0.0672
02.05.2019 15:42:00.000,88.108,88.127,88.037,88.068,0.1462
02.05.2019 15:43:00.000,88.067,88.118,88.007,88.007,0.2621
02.05.2019 15:44:00.000,88.017,88.078,87.998,87.998,0.1694
02.05.2019 15:45:00.000,87.998,87.998,87.937,87.948,0.2001
02.05.2019 15:46:00.000,87.947,88.088,87.947,87.987,0.1668
02.05.2019 15:47:00.000,87.988,88.008,87.887,88.008,0.2509
02.05.2019 15:48:00.000,88.008,88.088,87.998,88.078,0.1742
02.05.2019 15:49:00.000,88.077,88.258,88.077,88.258,0.1095
02.05.2019 15:50:00.000,88.268,88.268,88.158,88.178,0.1319
02.05.2019 15:51:00.000,88.178,88.188,88.077,88.088,0.1263
02.05.2019 15:52:00.000,88.087,88.097,88.017,88.088,0.1255
02.05.2019 15:53:00.000,88.088,88.088,87.997,88.077,0.1008
02.05.2019 15:54:00.000,88.077,88.088,87.997,88.087,0.1562
02.05.2019 15:55:00.000,88.088,88.128,88.027,88.128,0.1891
02.05.2019 15:56:00.000,88.118,88.198,88.047,88.178,0.2008
02.05.2019 15:57:00.000,88.178,88.198,88.037,88.158,0.1938
02.05.2019 15:58:00.000,88.158,88.238,88.137,88.157,0.0548
02.05.2019 15:59:00.000,88.168,88.208,88.067,88.078,0.2394
02.05.2019 16:00:00.000,88.088,88.088,87.928,87.947,0.2045
02.05.2019 16:01:00.000,87.948,87.988,87.877,87.877,0.1814
02.05.2019 16:02:00.000,87.878,87.928,87.847,87.847,0.1475
02.05.2019 16:03:00.000,87.868,87.868,87.777,87.787,0.1154
02.05.2019 16:04:00.000,87.788,87.897,87.787,87.888,0.1724
02.05.2019 16:05:00.000,87.898,88.078,87.898,88.057,0.1352
02.05.2019 16:06:00.000,88.038,88.118,88.008,88.098,0.0947
02.05.2019 16:07:00.000,88.078,88.078,88.007,88.047,0.0944
02.05.2019 16:08:00.000,88.047,88.047,87.838,87.858,0.176
02.05.2019 16:09:00.000,87.857,87.858,87.757,87.767,0.1032
02.05.2019 16:10:00.000,87.768,87.768,87.627,87.638,0.1227
02.05.2019 16:11:00.000,87.638,87.748,87.628,87.708,0.1808
02.05.2019 16:12:00.000,87.727,87.758,87.647,87.688,0.2132
02.05.2019 16:13:00.000,87.688,87.738,87.677,87.708,0.1605
02.05.2019 16:14:00.000,87.687,87.688,87.608,87.688,0.3306
02.05.2019 16:15:00.000,87.708,87.738,87.637,87.728,0.2263
02.05.2019 16:16:00.000,87.728,87.748,87.617,87.638,0.1772
02.05.2019 16:17:00.000,87.637,87.808,87.628,87.808,0.1431
02.05.2019 16:18:00.000,87.798,87.828,87.727,87.818,0.176
02.05.2019 16:19:00.000,87.818,87.858,87.798,87.858,0.1873
02.05.2019 16:20:00.000,87.858,87.938,87.858,87.928,0.0866
02.05.2019 16:21:00.000,87.928,87.928,87.858,87.918,0.0941
02.05.2019 16:22:00.000,87.917,88.038,87.898,88.028,0.0723
02.05.2019 16:23:00.000,88.027,88.068,88.027,88.048,0.0935
02.05.2019 16:24:00.000,88.047,88.138,88.047,88.128,0.1235
02.05.2019 16:25:00.000,88.128,88.138,88.048,88.117,0.068
02.05.2019 16:26:00.000,88.118,88.138,88.068,88.127,0.0301
02.05.2019 16:27:00.000,88.118,88.128,88.058,88.068,0.0952
02.05.2019 16:28:00.000,88.078,88.098,88.037,88.048,0.0566
02.05.2019 16:29:00.000,88.047,88.188,88.027,88.188,0.1095
02.05.2019 16:30:00.000,88.197,88.248,88.127,88.127,0.076
02.05.2019 16:31:00.000,88.128,88.278,88.127,88.277,0.0904
02.05.2019 16:32:00.000,88.277,88.318,88.198,88.208,0.126
02.05.2019 16:33:00.000,88.208,88.258,88.178,88.208,0.1862
02.05.2019 16:34:00.000,88.207,88.268,88.197,88.258,0.1731
02.05.2019 16:35:00.000,88.258,88.258,88.208,88.227,0.0923
02.05.2019 16:36:00.000,88.218,88.318,88.218,88.318,0.0345
02.05.2019 16:37:00.000,88.318,88.318,88.218,88.247,0.0692
02.05.2019 16:38:00.000,88.248,88.258,88.168,88.228,0.1199
02.05.2019 16:39:00.000,88.237,88.298,88.237,88.278,0.0856
02.05.2019 16:40:00.000,88.288,88.328,88.287,88.328,0.0791
02.05.2019 16:41:00.000,88.327,88.328,88.157,88.167,0.1169
02.05.2019 16:42:00.000,88.168,88.228,88.148,88.158,0.074
02.05.2019 16:43:00.000,88.157,88.248,88.157,88.237,0.0536
02.05.2019 16:44:00.000,88.238,88.297,88.237,88.278,0.1974
02.05.2019 16:45:00.000,88.277,88.398,88.267,88.388,0.179
02.05.2019 16:46:00.000,88.388,88.518,88.388,88.498,0.1427
02.05.2019 16:47:00.000,88.498,88.538,88.497,88.538,0.0824
02.05.2019 16:48:00.000,88.537,88.617,88.537,88.598,0.0858
02.05.2019 16:49:00.000,88.598,88.718,88.598,88.708,0.0361
02.05.2019 16:50:00.000,88.708,88.828,88.688,88.828,0.1334
02.05.2019 16:51:00.000,88.818,88.838,88.688,88.688,0.1624
02.05.2019 16:52:00.000,88.687,88.818,88.668,88.818,0.0851
02.05.2019 16:53:00.000,88.817,88.928,88.807,88.918,0.1364
02.05.2019 16:54:00.000,88.898,88.998,88.897,88.998,0.2048
02.05.2019 16:55:00.000,88.998,88.998,88.858,88.997,0.1844
02.05.2019 16:56:00.000,88.997,89.028,88.928,88.987,0.1432
02.05.2019 16:57:00.000,88.978,88.998,88.937,88.958,0.0208
02.05.2019 16:58:00.000,88.957,88.988,88.907,88.928,0.0578
02.05.2019 16:59:00.000,88.927,88.988,88.927,88.988,0.0564
02.05.2019 17:00:00.000,88.987,88.998,88.857,88.998,0.1229
02.05.2019 17:01:00.000,88.997,88.998,88.887,88.897,0.12
02.05.2019 17:02:00.000,88.908,88.978,88.888,88.978,0.0752
02.05.2019 17:03:00.000,89.007,89.018,88.947,88.978,0.1191
02.05.2019 17:04:00.000,88.987,89.008,88.897,88.898,0.0816
02.05.2019 17:05:00.000,88.907,88.908,88.837,88.907,0.1323
02.05.2019 17:06:00.000,88.907,88.928,88.708,88.708,0.1634
02.05.2019 17:07:00.000,88.698,88.698,88.607,88.608,0.0534
02.05.2019 17:08:00.000,88.598,88.667,88.597,88.638,0.1022
02.05.2019 17:09:00.000,88.618,88.638,88.597,88.608,0.0889
02.05.2019 17:10:00.000,88.608,88.647,88.577,88.627,0.134
02.05.2019 17:11:00.000,88.628,88.678,88.607,88.678,0.1438
02.05.2019 17:12:00.000,88.658,88.698,88.518,88.527,0.2051
02.05.2019 17:13:00.000,88.527,88.568,88.498,88.508,0.0781
02.05.2019 17:14:00.000,88.507,88.578,88.457,88.558,0.0341
02.05.2019 17:15:00.000,88.558,88.608,88.537,88.588,0.139
02.05.2019 17:16:00.000,88.588,88.638,88.578,88.638,0.0479
02.05.2019 17:17:00.000,88.658,88.678,88.597,88.628,0.1639
02.05.2019 17:18:00.000,88.628,88.688,88.608,88.657,0.1278
02.05.2019 17:19:00.000,88.658,88.768,88.657,88.768,0.1254
02.05.2019 17:20:00.000,88.767,88.828,88.757,88.828,0.0506
02.05.2019 17:21:00.000,88.827,88.888,88.808,88.848,0.0886
02.05.2019 17:22:00.000,88.848,88.908,88.847,88.908,0.0479
02.05.2019 17:23:00.000,88.878,88.928,88.837,88.837,0.1673
02.05.2019 17:24:00.000,88.837,88.848,88.747,88.777,0.113
02.05.2019 17:25:00.000,88.778,88.778,88.637,88.648,0.0775
02.05.2019 17:26:00.000,88.647,88.708,88.627,88.688,0.1143
02.05.2019 17:27:00.000,88.707,88.718,88.558,88.568,0.1109
02.05.2019 17:28:00.000,88.568,88.598,88.557,88.578,0.039
02.05.2019 17:29:00.000,88.568,88.628,88.558,88.608,0.1296
02.05.2019 17:30:00.000,88.607,88.648,88.577,88.618,0.0926
02.05.2019 17:31:00.000,88.618,88.618,88.537,88.577,0.0348
02.05.2019 17:32:00.000,88.577,88.598,88.457,88.457,0.1191
02.05.2019 17:33:00.000,88.458,88.478,88.398,88.408,0.266
02.05.2019 17:34:00.000,88.407,88.448,88.387,88.388,0.0741
02.05.2019 17:35:00.000,88.398,88.448,88.388,88.427,0.0569
02.05.2019 17:36:00.000,88.428,88.438,88.387,88.388,0.0678
02.05.2019 17:37:00.000,88.398,88.478,88.387,88.448,0.1557
02.05.2019 17:38:00.000,88.457,88.518,88.448,88.498,0.1168
02.05.2019 17:39:00.000,88.508,88.548,88.497,88.518,0.0632
02.05.2019 17:40:00.000,88.528,88.588,88.528,88.568,0.0601
02.05.2019 17:41:00.000,88.578,88.578,88.437,88.438,0.0938
02.05.2019 17:42:00.000,88.448,88.458,88.367,88.368,0.035
02.05.2019 17:43:00.000,88.348,88.368,88.227,88.227,0.0519
02.05.2019 17:44:00.000,88.228,88.258,88.187,88.258,0.0613
02.05.2019 17:45:00.000,88.257,88.298,88.197,88.198,0.0677
02.05.2019 17:46:00.000,88.197,88.238,88.168,88.168,0.0782
02.05.2019 17:47:00.000,88.198,88.258,88.177,88.188,0.0719
02.05.2019 17:48:00.000,88.188,88.188,88.147,88.177,0.037
02.05.2019 17:49:00.000,88.178,88.178,88.107,88.107,0.0809
02.05.2019 17:50:00.000,88.108,88.128,88.057,88.087,0.131
02.05.2019 17:51:00.000,88.088,88.208,88.088,88.188,0.0687
02.05.2019 17:52:00.000,88.177,88.238,88.177,88.197,0.1359
02.05.2019 17:53:00.000,88.198,88.218,88.187,88.198,0.0605
02.05.2019 17:54:00.000,88.228,88.228,88.217,88.228,0.1
02.05.2019 17:55:00.000,88.228,88.228,88.197,88.208,0.0734
02.05.2019 17:56:00.000,88.218,88.238,88.197,88.198,0.1246
02.05.2019 17:57:00.000,88.197,88.248,88.197,88.228,0.0613
02.05.2019 17:58:00.000,88.218,88.248,88.217,88.237,0.0754
02.05.2019 17:59:00.000,88.237,88.238,88.148,88.188,0.1523
02.05.2019 18:00:00.000,88.187,88.188,88.107,88.117,0.0987
02.05.2019 18:01:00.000,88.118,88.128,88.008,88.048,0.0819
02.05.2019 18:02:00.000,88.038,88.068,88.007,88.007,0.0431
02.05.2019 18:03:00.000,88.008,88.067,87.977,88.067,0.1131
02.05.2019 18:04:00.000,88.068,88.107,88.058,88.068,0.1532
02.05.2019 18:05:00.000,88.067,88.108,88.067,88.078,0.1853
02.05.2019 18:06:00.000,88.078,88.088,88.067,88.078,0.0488
02.05.2019 18:07:00.000,88.078,88.118,88.037,88.108,0.1158
02.05.2019 18:08:00.000,88.098,88.108,88.047,88.048,0.0643
02.05.2019 18:09:00.000,88.047,88.108,88.047,88.108,0.0388
02.05.2019 18:10:00.000,88.118,88.168,88.108,88.168,0.191
02.05.2019 18:11:00.000,88.178,88.218,88.178,88.217,0.166
02.05.2019 18:12:00.000,88.218,88.248,88.198,88.198,0.1735
02.05.2019 18:13:00.000,88.198,88.278,88.197,88.268,0.1912
02.05.2019 18:14:00.000,88.278,88.278,88.228,88.258,0.1536
02.05.2019 18:15:00.000,88.257,88.278,88.207,88.238,0.1221
02.05.2019 18:16:00.000,88.228,88.348,88.228,88.348,0.1755
02.05.2019 18:17:00.000,88.347,88.468,88.347,88.468,0.1324
02.05.2019 18:18:00.000,88.468,88.588,88.447,88.588,0.1566
02.05.2019 18:19:00.000,88.587,88.618,88.527,88.548,0.1186
02.05.2019 18:20:00.000,88.557,88.568,88.517,88.538,0.0747
02.05.2019 18:21:00.000,88.537,88.627,88.537,88.618,0.0638
02.05.2019 18:22:00.000,88.617,88.708,88.617,88.707,0.1193
02.05.2019 18:23:00.000,88.707,88.728,88.667,88.698,0.1868
02.05.2019 18:24:00.000,88.717,88.728,88.638,88.698,0.1544
02.05.2019 18:25:00.000,88.688,88.748,88.678,88.738,0.1449
02.05.2019 18:26:00.000,88.748,88.768,88.617,88.647,0.181
02.05.2019 18:27:00.000,88.638,88.687,88.608,88.678,0.0649
02.05.2019 18:28:00.000,88.668,88.698,88.638,88.697,0.1161
02.05.2019 18:29:00.000,88.698,88.708,88.648,88.677,0.0928
02.05.2019 18:30:00.000,88.678,88.678,88.658,88.658,0.0531
02.05.2019 18:31:00.000,88.657,88.657,88.650,88.657,0.0019
02.05.2019 18:32:00.000,88.652,88.657,88.642,88.657,0.0009
02.05.2019 18:40:00.000,88.427,88.478,88.427,88.478,0.09
02.05.2019 18:41:00.000,88.477,88.508,88.447,88.447,0.21
02.05.2019 18:42:00.000,88.457,88.457,88.407,88.457,0.26
02.05.2019 18:43:00.000,88.438,88.468,88.397,88.447,0.18
02.05.2019 18:44:00.000,88.468,88.538,88.457,88.477,0.23
02.05.2019 18:45:00.000,88.457,88.478,88.437,88.468,0.16
02.05.2019 18:46:00.000,88.467,88.478,88.397,88.398,0.1686
02.05.2019 18:47:00.000,88.397,88.408,88.258,88.268,0.1168
02.05.2019 18:48:00.000,88.267,88.298,88.217,88.217,0.1349
02.05.2019 18:49:00.000,88.228,88.238,88.177,88.208,0.0459
02.05.2019 18:50:00.000,88.198,88.218,88.138,88.148,0.086
02.05.2019 18:51:00.000,88.147,88.268,88.147,88.268,0.1317
02.05.2019 18:52:00.000,88.267,88.278,88.198,88.237,0.1384
02.05.2019 18:53:00.000,88.228,88.238,88.208,88.238,0.0443
02.05.2019 18:54:00.000,88.228,88.247,88.207,88.218,0.0865
02.05.2019 18:55:00.000,88.217,88.278,88.208,88.237,0.0736
02.05.2019 18:56:00.000,88.238,88.308,88.237,88.307,0.0595
02.05.2019 18:57:00.000,88.308,88.308,88.227,88.258,0.0749
02.05.2019 18:58:00.000,88.257,88.257,88.218,88.248,0.0869
02.05.2019 18:59:00.000,88.248,88.268,88.228,88.248,0.0942
02.05.2019 19:00:00.000,88.247,88.338,88.247,88.318,0.1037
02.05.2019 19:01:00.000,88.328,88.368,88.318,88.328,0.0657
02.05.2019 19:02:00.000,88.327,88.348,88.297,88.308,0.1042
02.05.2019 19:03:00.000,88.307,88.308,88.207,88.208,0.0788
02.05.2019 19:04:00.000,88.207,88.268,88.207,88.258,0.1215
02.05.2019 19:05:00.000,88.268,88.328,88.247,88.327,0.081
02.05.2019 19:06:00.000,88.327,88.378,88.297,88.298,0.136
02.05.2019 19:07:00.000,88.308,88.308,88.238,88.248,0.1772
02.05.2019 19:08:00.000,88.258,88.308,88.228,88.238,0.1306
02.05.2019 19:09:00.000,88.237,88.308,88.237,88.298,0.0836
02.05.2019 19:10:00.000,88.288,88.318,88.287,88.318,0.0816
02.05.2019 19:11:00.000,88.317,88.378,88.317,88.368,0.0571
02.05.2019 19:12:00.000,88.368,88.368,88.328,88.338,0.0713
02.05.2019 19:13:00.000,88.337,88.368,88.317,88.337,0.1439
02.05.2019 19:14:00.000,88.338,88.348,88.278,88.288,0.1822
02.05.2019 19:15:00.000,88.288,88.418,88.287,88.418,0.2273
02.05.2019 19:16:00.000,88.417,88.458,88.417,88.437,0.129
02.05.2019 19:17:00.000,88.438,88.508,88.437,88.508,0.0262
02.05.2019 19:18:00.000,88.498,88.538,88.487,88.528,0.0682
02.05.2019 19:19:00.000,88.527,88.558,88.497,88.508,0.1561
02.05.2019 19:20:00.000,88.508,88.567,88.498,88.527,0.2
02.05.2019 19:21:00.000,88.528,88.548,88.527,88.548,0.1019
02.05.2019 19:22:00.000,88.547,88.658,88.547,88.608,0.1626
02.05.2019 19:23:00.000,88.608,88.687,88.587,88.687,0.0558
02.05.2019 19:24:00.000,88.698,88.748,88.667,88.748,0.1392
02.05.2019 19:25:00.000,88.747,88.768,88.687,88.738,0.1462
02.05.2019 19:26:00.000,88.738,88.808,88.718,88.797,0.1099
02.05.2019 19:27:00.000,88.798,88.838,88.738,88.738,0.133
02.05.2019 19:28:00.000,88.738,88.748,88.677,88.698,0.1152
02.05.2019 19:29:00.000,88.707,88.808,88.687,88.787,0.0244
02.05.2019 19:30:00.000,88.788,88.788,88.717,88.757,0.1658
02.05.2019 19:31:00.000,88.758,88.758,88.717,88.758,0.1416
02.05.2019 19:32:00.000,88.758,88.827,88.758,88.798,0.1447
02.05.2019 19:33:00.000,88.798,88.818,88.767,88.778,0.1835
02.05.2019 19:34:00.000,88.777,88.837,88.777,88.798,0.1058
02.05.2019 19:35:00.000,88.797,88.808,88.667,88.687,0.1256
02.05.2019 19:36:00.000,88.688,88.688,88.597,88.598,0.1874
02.05.2019 19:37:00.000,88.597,88.598,88.498,88.508,0.1647
02.05.2019 19:38:00.000,88.508,88.568,88.487,88.558,0.1723
02.05.2019 19:39:00.000,88.558,88.628,88.547,88.558,0.2029
02.05.2019 19:40:00.000,88.557,88.558,88.438,88.458,0.177
02.05.2019 19:41:00.000,88.457,88.457,88.388,88.438,0.1345
02.05.2019 19:42:00.000,88.428,88.498,88.418,88.418,0.2029
02.05.2019 19:43:00.000,88.417,88.448,88.417,88.418,0.1396
02.05.2019 19:44:00.000,88.418,88.428,88.367,88.367,0.1913
02.05.2019 19:45:00.000,88.368,88.398,88.327,88.328,0.1397
02.05.2019 19:46:00.000,88.328,88.338,88.267,88.288,0.1379
02.05.2019 19:47:00.000,88.287,88.298,88.218,88.227,0.1599
02.05.2019 19:48:00.000,88.228,88.248,88.227,88.228,0.1588
02.05.2019 19:49:00.000,88.227,88.278,88.207,88.207,0.2073
02.05.2019 19:50:00.000,88.208,88.278,88.197,88.258,0.2961
02.05.2019 19:51:00.000,88.268,88.397,88.268,88.358,0.2522
02.05.2019 19:52:00.000,88.357,88.398,88.318,88.328,0.1994
02.05.2019 19:53:00.000,88.327,88.328,88.237,88.267,0.3744
02.05.2019 19:54:00.000,88.268,88.307,88.237,88.298,0.2399
02.05.2019 19:55:00.000,88.287,88.298,88.167,88.178,0.4548
02.05.2019 19:56:00.000,88.178,88.238,88.177,88.237,0.2541
02.05.2019 19:57:00.000,88.238,88.278,88.237,88.268,0.2346
02.05.2019 19:58:00.000,88.268,88.287,88.237,88.238,0.3952
02.05.2019 19:59:00.000,88.237,88.318,88.198,88.238,0.6127
03.05.2019 13:30:00.000,89.137,89.168,88.607,89.158,0.0041
03.05.2019 13:31:00.000,89.158,89.478,89.158,89.367,0.0751
03.05.2019 13:32:00.000,89.367,89.438,89.367,89.437,0.0023
03.05.2019 13:33:00.000,89.428,89.488,89.307,89.308,0.0247
03.05.2019 13:34:00.000,89.328,89.498,89.327,89.438,0.1532
03.05.2019 13:35:00.000,89.347,89.428,89.297,89.307,0.0701
03.05.2019 13:36:00.000,89.307,89.308,89.117,89.117,0.0621
03.05.2019 13:37:00.000,89.118,89.337,89.118,89.217,0.0552
03.05.2019 13:38:00.000,89.217,89.227,89.088,89.088,0.0772
03.05.2019 13:39:00.000,89.087,89.087,88.957,89.048,0.0813
03.05.2019 13:40:00.000,89.058,89.138,88.978,89.138,0.115
03.05.2019 13:41:00.000,89.137,89.318,89.137,89.207,0.1483
03.05.2019 13:42:00.000,89.208,89.218,89.158,89.207,0.0326
03.05.2019 13:43:00.000,89.217,89.348,89.217,89.248,0.0989
03.05.2019 13:44:00.000,89.238,89.338,89.147,89.228,0.0486
03.05.2019 13:45:00.000,89.257,89.278,88.967,88.997,0.1599
03.05.2019 13:46:00.000,89.018,89.018,88.548,88.577,0.2335
03.05.2019 13:47:00.000,88.578,88.738,88.527,88.568,0.0772
03.05.2019 13:48:00.000,88.568,88.798,88.568,88.798,0.1286
03.05.2019 13:49:00.000,88.808,88.968,88.808,88.918,0.139
03.05.2019 13:50:00.000,88.957,89.028,88.917,89.028,0.0974
03.05.2019 13:51:00.000,89.027,89.138,88.947,88.988,0.1233
03.05.2019 13:52:00.000,88.997,89.198,88.997,89.117,0.066
03.05.2019 13:53:00.000,89.127,89.198,89.088,89.098,0.163
03.05.2019 13:54:00.000,89.097,89.187,89.087,89.178,0.1362
03.05.2019 13:55:00.000,89.168,89.198,89.057,89.078,0.0745
03.05.2019 13:56:00.000,89.078,89.198,89.067,89.098,0.2027
03.05.2019 13:57:00.000,89.098,89.098,88.988,89.048,0.178
03.05.2019 13:58:00.000,89.048,89.048,88.907,88.928,0.1312
03.05.2019 13:59:00.000,88.927,88.978,88.787,88.798,0.1103
03.05.2019 14:00:00.000,88.797,88.811,88.747,88.748,0.0537
03.05.2019 14:01:00.000,88.748,88.868,88.727,88.738,0.1094
03.05.2019 14:02:00.000,88.748,88.778,88.658,88.697,0.0477
03.05.2019 14:03:00.000,88.698,88.758,88.637,88.698,0.2485
03.05.2019 14:04:00.000,88.697,88.697,88.607,88.637,0.0894
03.05.2019 14:05:00.000,88.638,88.788,88.638,88.778,0.0966
03.05.2019 14:06:00.000,88.798,88.888,88.697,88.708,0.112
03.05.2019 14:07:00.000,88.708,88.718,88.557,88.688,0.1844
03.05.2019 14:08:00.000,88.688,88.688,88.517,88.517,0.0423
03.05.2019 14:09:00.000,88.508,88.798,88.508,88.798,0.0167
03.05.2019 14:10:00.000,88.798,88.898,88.797,88.867,0.1079
03.05.2019 14:11:00.000,88.827,88.908,88.818,88.908,0.1786
03.05.2019 14:12:00.000,88.907,88.988,88.907,88.948,0.0941
03.05.2019 14:13:00.000,88.947,88.948,88.817,88.838,0.0866
03.05.2019 14:14:00.000,88.817,88.888,88.658,88.787,0.107
03.05.2019 14:15:00.000,88.788,88.918,88.787,88.888,0.0305
03.05.2019 14:16:00.000,88.918,88.988,88.918,88.987,0.061
03.05.2019 14:17:00.000,88.988,88.988,88.817,88.817,0.0826
03.05.2019 14:18:00.000,88.818,88.858,88.688,88.828,0.1017
03.05.2019 14:19:00.000,88.848,88.998,88.787,88.968,0.0858
03.05.2019 14:20:00.000,88.968,89.018,88.867,88.927,0.0456
03.05.2019 14:21:00.000,88.928,88.948,88.867,88.878,0.0187
03.05.2019 14:22:00.000,88.878,88.897,88.847,88.878,0.0562
03.05.2019 14:23:00.000,88.877,88.877,88.827,88.857,0.0257
03.05.2019 14:24:00.000,88.858,88.858,88.668,88.758,0.1196
03.05.2019 14:25:00.000,88.778,88.868,88.758,88.798,0.0672
03.05.2019 14:26:00.000,88.778,88.778,88.717,88.748,0.0715
03.05.2019 14:27:00.000,88.727,88.848,88.727,88.818,0.0059
03.05.2019 14:28:00.000,88.827,88.868,88.757,88.798,0.0886
03.05.2019 14:29:00.000,88.797,88.808,88.637,88.638,0.0395
03.05.2019 14:30:00.000,88.637,88.748,88.637,88.727,0.0641
03.05.2019 14:31:00.000,88.738,88.748,88.687,88.698,0.0687
03.05.2019 14:32:00.000,88.707,88.808,88.707,88.767,0.0582
03.05.2019 14:33:00.000,88.768,88.828,88.767,88.798,0.0825
03.05.2019 14:34:00.000,88.828,88.848,88.807,88.808,0.1201
03.05.2019 14:35:00.000,88.827,88.928,88.827,88.828,0.1122
03.05.2019 14:36:00.000,88.828,88.837,88.778,88.778,0.0539
03.05.2019 14:37:00.000,88.788,88.837,88.768,88.768,0.0115
03.05.2019 14:38:00.000,88.768,88.828,88.747,88.748,0.1596
03.05.2019 14:39:00.000,88.748,88.798,88.738,88.738,0.1017
03.05.2019 14:40:00.000,88.718,88.797,88.698,88.797,0.0441
03.05.2019 14:41:00.000,88.797,88.868,88.758,88.848,0.0503
03.05.2019 14:42:00.000,88.848,88.858,88.817,88.817,0.0556
03.05.2019 14:43:00.000,88.818,88.828,88.787,88.818,0.1082
03.05.2019 14:44:00.000,88.818,88.818,88.677,88.678,0.1088
03.05.2019 14:45:00.000,88.697,88.717,88.668,88.668,0.1115
03.05.2019 14:46:00.000,88.668,88.678,88.638,88.678,0.0646
03.05.2019 14:47:00.000,88.688,88.718,88.658,88.718,0.0706
03.05.2019 14:48:00.000,88.717,88.718,88.638,88.697,0.1375
03.05.2019 14:49:00.000,88.697,88.697,88.618,88.618,0.0279
03.05.2019 14:50:00.000,88.618,88.628,88.538,88.538,0.0706
03.05.2019 14:51:00.000,88.518,88.638,88.518,88.588,0.0909
03.05.2019 14:52:00.000,88.587,88.628,88.587,88.628,0.0095
03.05.2019 14:53:00.000,88.627,88.718,88.627,88.678,0.1085
03.05.2019 14:54:00.000,88.668,88.688,88.598,88.608,0.1474
03.05.2019 14:55:00.000,88.617,88.647,88.578,88.638,0.1486
03.05.2019 14:56:00.000,88.637,88.698,88.637,88.698,0.0275
03.05.2019 14:57:00.000,88.698,88.788,88.698,88.787,0.0477
03.05.2019 14:58:00.000,88.787,88.878,88.777,88.877,0.0533
03.05.2019 14:59:00.000,88.867,88.888,88.848,88.868,0.054
03.05.2019 15:00:00.000,88.898,88.988,88.897,88.978,0.0617
03.05.2019 15:01:00.000,88.978,88.998,88.898,88.928,0.0702
03.05.2019 15:02:00.000,88.948,89.047,88.948,89.047,0.0948
03.05.2019 15:03:00.000,89.048,89.098,89.028,89.088,0.115
03.05.2019 15:04:00.000,89.088,89.088,88.957,88.958,0.1223
03.05.2019 15:05:00.000,88.957,88.958,88.867,88.868,0.0123
03.05.2019 15:06:00.000,88.868,88.888,88.798,88.887,0.0955
03.05.2019 15:07:00.000,88.887,88.918,88.878,88.878,0.0531
03.05.2019 15:08:00.000,88.878,88.888,88.788,88.868,0.0872
03.05.2019 15:09:00.000,88.867,88.898,88.837,88.868,0.0399
03.05.2019 15:10:00.000,88.888,88.888,88.847,88.888,0.0798
03.05.2019 15:11:00.000,88.868,88.887,88.838,88.878,0.0803
03.05.2019 15:12:00.000,88.878,88.898,88.877,88.898,0.0012
03.05.2019 15:13:00.000,88.898,88.898,88.787,88.788,0.0833
03.05.2019 15:14:00.000,88.787,88.787,88.717,88.737,0.1454
03.05.2019 15:15:00.000,88.737,88.758,88.707,88.738,0.0684
03.05.2019 15:16:00.000,88.748,88.758,88.657,88.658,0.0702
03.05.2019 15:17:00.000,88.668,88.668,88.628,88.628,0.0087
03.05.2019 15:18:00.000,88.628,88.628,88.498,88.508,0.0557
03.05.2019 15:19:00.000,88.507,88.538,88.458,88.538,0.1234
03.05.2019 15:20:00.000,88.537,88.608,88.507,88.507,0.0618
03.05.2019 15:21:00.000,88.508,88.508,88.438,88.438,0.0602
03.05.2019 15:22:00.000,88.437,88.508,88.437,88.488,0.0267
03.05.2019 15:23:00.000,88.487,88.487,88.447,88.468,0.0044
03.05.2019 15:24:00.000,88.478,88.518,88.428,88.467,0.0501
03.05.2019 15:25:00.000,88.478,88.568,88.478,88.547,0.0477
03.05.2019 15:26:00.000,88.548,88.558,88.537,88.538,0.0121
03.05.2019 15:27:00.000,88.537,88.548,88.428,88.458,0.0793
03.05.2019 15:28:00.000,88.458,88.488,88.428,88.437,0.0767
03.05.2019 15:29:00.000,88.438,88.458,88.437,88.448,0.0228
03.05.2019 15:30:00.000,88.447,88.498,88.447,88.497,0.0482
03.05.2019 15:31:00.000,88.498,88.548,88.498,88.548,0.0336
03.05.2019 15:32:00.000,88.577,88.738,88.577,88.727,0.0508
03.05.2019 15:33:00.000,88.728,88.728,88.638,88.648,0.076
03.05.2019 15:34:00.000,88.677,88.678,88.618,88.618,0.0542
03.05.2019 15:35:00.000,88.617,88.628,88.588,88.608,0.019
03.05.2019 15:36:00.000,88.618,88.658,88.607,88.657,0.0265
03.05.2019 15:37:00.000,88.657,88.658,88.607,88.658,0.0671
03.05.2019 15:38:00.000,88.658,88.658,88.597,88.608,0.0457
03.05.2019 15:39:00.000,88.608,88.638,88.597,88.597,0.0748
03.05.2019 15:40:00.000,88.608,88.618,88.597,88.598,0.0058
03.05.2019 15:41:00.000,88.607,88.618,88.607,88.607,0.0091
03.05.2019 15:42:00.000,88.608,88.608,88.527,88.528,0.0444
03.05.2019 15:43:00.000,88.527,88.548,88.477,88.498,0.0127
03.05.2019 15:44:00.000,88.498,88.518,88.477,88.478,0.0557
03.05.2019 15:45:00.000,88.488,88.488,88.388,88.388,0.1202
03.05.2019 15:46:00.000,88.387,88.428,88.387,88.418,0.0322
03.05.2019 15:47:00.000,88.438,88.438,88.337,88.348,0.0207
03.05.2019 15:48:00.000,88.357,88.388,88.287,88.288,0.0657
03.05.2019 15:49:00.000,88.288,88.288,88.237,88.237,0.0472
03.05.2019 15:50:00.000,88.237,88.358,88.218,88.358,0.016
03.05.2019 15:51:00.000,88.357,88.398,88.357,88.388,0.0241
03.05.2019 15:52:00.000,88.378,88.378,88.317,88.368,0.0571
03.05.2019 15:53:00.000,88.368,88.378,88.367,88.368,0.0022
03.05.2019 15:54:00.000,88.377,88.448,88.357,88.448,0.0513
03.05.2019 15:55:00.000,88.448,88.458,88.448,88.458,0.136
03.05.2019 15:56:00.000,88.457,88.528,88.448,88.528,0.0903
03.05.2019 15:57:00.000,88.628,88.628,88.567,88.618,0.0027
03.05.2019 15:58:00.000,88.618,88.628,88.588,88.618,0.0172
03.05.2019 15:59:00.000,88.617,88.688,88.598,88.628,0.1358
03.05.2019 16:00:00.000,88.668,88.748,88.667,88.748,0.0831
03.05.2019 16:01:00.000,88.747,88.748,88.687,88.687,0.033
03.05.2019 16:02:00.000,88.688,88.708,88.667,88.667,0.054
03.05.2019 16:03:00.000,88.667,88.667,88.648,88.648,0.0103
03.05.2019 16:04:00.000,88.638,88.817,88.638,88.808,0.0652
03.05.2019 16:05:00.000,88.808,88.818,88.738,88.738,0.1014
03.05.2019 16:06:00.000,88.737,88.778,88.728,88.758,0.0451
03.05.2019 16:07:00.000,88.758,88.798,88.758,88.798,0.0791
03.05.2019 16:08:00.000,88.797,88.828,88.737,88.757,0.1109
03.05.2019 16:09:00.000,88.758,88.898,88.758,88.868,0.0804
03.05.2019 16:10:00.000,88.888,88.888,88.858,88.888,0.0292
03.05.2019 16:11:00.000,88.918,88.948,88.918,88.928,0.0269
03.05.2019 16:12:00.000,88.927,88.948,88.917,88.927,0.047
03.05.2019 16:13:00.000,88.927,88.928,88.867,88.867,0.0207
03.05.2019 16:14:00.000,88.867,88.867,88.807,88.828,0.0248
03.05.2019 16:15:00.000,88.827,88.838,88.757,88.758,0.0886
03.05.2019 16:16:00.000,88.767,88.838,88.767,88.838,0.08
03.05.2019 16:17:00.000,88.828,88.918,88.828,88.878,0.1244
03.05.2019 16:18:00.000,88.888,88.938,88.887,88.928,0.0248
03.05.2019 16:19:00.000,88.937,88.958,88.888,88.958,0.1111
03.05.2019 16:20:00.000,88.958,88.978,88.897,88.978,0.0917
03.05.2019 16:21:00.000,88.977,88.998,88.947,88.987,0.1114
03.05.2019 16:22:00.000,88.988,88.998,88.977,88.978,0.0121
03.05.2019 16:23:00.000,88.977,88.988,88.977,88.977,0.0106
03.05.2019 16:24:00.000,88.978,88.978,88.818,88.828,0.1009
03.05.2019 16:25:00.000,88.837,88.898,88.837,88.888,0.0916
03.05.2019 16:26:00.000,88.888,88.888,88.817,88.827,0.0148
03.05.2019 16:27:00.000,88.828,88.847,88.827,88.828,0.0715
03.05.2019 16:28:00.000,88.828,88.828,88.797,88.797,0.0417
03.05.2019 16:29:00.000,88.777,88.798,88.767,88.787,0.0365
03.05.2019 16:30:00.000,88.788,88.858,88.787,88.847,0.038
03.05.2019 16:31:00.000,88.868,88.868,88.827,88.837,0.0576
03.05.2019 16:32:00.000,88.838,88.858,88.837,88.838,0.0735
03.05.2019 16:33:00.000,88.838,88.838,88.797,88.817,0.0567
03.05.2019 16:34:00.000,88.828,88.908,88.797,88.898,0.0562
03.05.2019 16:35:00.000,88.898,88.898,88.887,88.888,0.056
03.05.2019 16:36:00.000,88.877,88.878,88.838,88.877,0.035
03.05.2019 16:37:00.000,88.877,88.918,88.857,88.918,0.0535
03.05.2019 16:38:00.000,88.917,89.008,88.917,88.997,0.0726
03.05.2019 16:39:00.000,88.998,89.038,88.988,89.038,0.0342
03.05.2019 16:40:00.000,89.038,89.057,89.027,89.028,0.0327
03.05.2019 16:41:00.000,89.017,89.018,88.957,89.008,0.0511
03.05.2019 16:42:00.000,89.008,89.048,88.998,89.038,0.0124
03.05.2019 16:43:00.000,89.047,89.128,89.037,89.068,0.0704
03.05.2019 16:44:00.000,89.067,89.148,89.067,89.148,0.0202
03.05.2019 16:45:00.000,89.148,89.208,89.147,89.148,0.088
03.05.2019 16:46:00.000,89.178,89.218,89.177,89.218,0.0463
03.05.2019 16:47:00.000,89.217,89.268,89.217,89.258,0.0314
03.05.2019 16:48:00.000,89.257,89.288,89.257,89.287,0.0404
03.05.2019 16:49:00.000,89.288,89.288,89.227,89.278,0.085
03.05.2019 16:50:00.000,89.277,89.338,89.237,89.318,0.0435
03.05.2019 16:51:00.000,89.327,89.368,89.318,89.318,0.0648
03.05.2019 16:52:00.000,89.337,89.398,89.337,89.398,0.125
03.05.2019 16:53:00.000,89.398,89.447,89.378,89.388,0.02
03.05.2019 16:54:00.000,89.387,89.397,89.377,89.378,0.0648
03.05.2019 16:55:00.000,89.388,89.407,89.348,89.407,0.0588
03.05.2019 16:56:00.000,89.407,89.458,89.407,89.438,0.0667
03.05.2019 16:57:00.000,89.438,89.438,89.378,89.428,0.0364
03.05.2019 16:58:00.000,89.427,89.428,89.407,89.408,0.0281
03.05.2019 16:59:00.000,89.418,89.428,89.407,89.428,0.0205
03.05.2019 17:00:00.000,89.427,89.428,89.398,89.407,0.0998
03.05.2019 17:01:00.000,89.408,89.408,89.367,89.378,0.0739
03.05.2019 17:02:00.000,89.378,89.388,89.367,89.367,0.0018
03.05.2019 17:03:00.000,89.377,89.378,89.307,89.318,0.1014
03.05.2019 17:04:00.000,89.317,89.328,89.277,89.278,0.0797
03.05.2019 17:05:00.000,89.278,89.278,89.198,89.228,0.0966
03.05.2019 17:06:00.000,89.228,89.318,89.227,89.298,0.0331
03.05.2019 17:07:00.000,89.308,89.308,89.237,89.247,0.0955
03.05.2019 17:08:00.000,89.248,89.258,89.248,89.258,0.0013
03.05.2019 17:09:00.000,89.258,89.338,89.227,89.317,0.1118
03.05.2019 17:10:00.000,89.318,89.318,89.287,89.297,0.035
03.05.2019 17:11:00.000,89.287,89.318,89.277,89.317,0.0209
03.05.2019 17:12:00.000,89.327,89.327,89.278,89.298,0.1054
03.05.2019 17:13:00.000,89.268,89.288,89.258,89.258,0.0184
03.05.2019 17:14:00.000,89.258,89.268,89.238,89.258,0.0549
03.05.2019 17:15:00.000,89.258,89.317,89.257,89.317,0.0674
03.05.2019 17:16:00.000,89.318,89.318,89.257,89.258,0.0953
03.05.2019 17:17:00.000,89.257,89.258,89.217,89.218,0.0276
03.05.2019 17:18:00.000,89.248,89.267,89.117,89.138,0.0936
03.05.2019 17:19:00.000,89.138,89.138,89.128,89.128,0.0082
03.05.2019 17:20:00.000,89.127,89.158,89.097,89.158,0.0363
03.05.2019 17:21:00.000,89.157,89.188,89.137,89.178,0.0951
03.05.2019 17:22:00.000,89.188,89.218,89.148,89.148,0.1005
03.05.2019 17:23:00.000,89.147,89.178,89.147,89.178,0.001
03.05.2019 17:24:00.000,89.177,89.228,89.177,89.208,0.03
03.05.2019 17:25:00.000,89.208,89.248,89.208,89.218,0.0517
03.05.2019 17:26:00.000,89.217,89.217,89.078,89.178,0.1171
03.05.2019 17:27:00.000,89.168,89.228,89.167,89.208,0.0941
03.05.2019 17:28:00.000,89.207,89.208,89.197,89.197,0.0079
03.05.2019 17:29:00.000,89.198,89.208,89.197,89.207,0.0241
03.05.2019 17:30:00.000,89.198,89.248,89.197,89.248,0.0645
03.05.2019 17:31:00.000,89.278,89.278,89.207,89.218,0.0323
03.05.2019 17:32:00.000,89.218,89.218,89.158,89.188,0.0411
03.05.2019 17:33:00.000,89.188,89.188,89.147,89.148,0.1031
03.05.2019 17:34:00.000,89.147,89.167,89.147,89.158,0.0415
03.05.2019 17:35:00.000,89.168,89.218,89.168,89.208,0.0139
03.05.2019 17:36:00.000,89.207,89.208,89.147,89.158,0.0131
03.05.2019 17:37:00.000,89.157,89.157,89.087,89.087,0.1125
03.05.2019 17:38:00.000,89.088,89.088,89.067,89.078,0.0238
03.05.2019 17:39:00.000,89.088,89.098,89.057,89.077,0.0374
03.05.2019 17:40:00.000,89.068,89.138,89.067,89.138,0.0163
03.05.2019 17:41:00.000,89.137,89.138,89.098,89.098,0.0016
03.05.2019 17:42:00.000,89.118,89.118,89.077,89.087,0.009
03.05.2019 17:43:00.000,89.087,89.087,89.047,89.068,0.0598
03.05.2019 17:44:00.000,89.067,89.068,89.048,89.058,0.0115
03.05.2019 17:45:00.000,89.058,89.088,89.018,89.088,0.0201
03.05.2019 17:46:00.000,89.088,89.088,89.047,89.048,0.0128
03.05.2019 17:47:00.000,89.058,89.088,89.058,89.078,0.0083
03.05.2019 17:48:00.000,89.078,89.098,89.078,89.088,0.0421
03.05.2019 17:49:00.000,89.088,89.148,89.088,89.138,0.0174
03.05.2019 17:50:00.000,89.138,89.138,89.107,89.108,0.0161
03.05.2019 17:51:00.000,89.108,89.108,89.067,89.068,0.0199
03.05.2019 17:52:00.000,89.068,89.118,89.068,89.078,0.0575
03.05.2019 17:53:00.000,89.088,89.088,89.067,89.078,0.0572
03.05.2019 17:54:00.000,89.077,89.078,89.017,89.018,0.0387
03.05.2019 17:55:00.000,89.017,89.038,88.957,88.978,0.042
03.05.2019 17:56:00.000,88.988,89.028,88.988,89.028,0.0178
03.05.2019 17:57:00.000,89.047,89.108,89.047,89.108,0.0804
03.05.2019 17:58:00.000,89.097,89.097,89.048,89.058,0.0099
03.05.2019 17:59:00.000,89.058,89.058,89.038,89.038,0.0006
03.05.2019 18:00:00.000,89.038,89.038,88.987,89.007,0.039
03.05.2019 18:01:00.000,89.018,89.018,88.977,88.978,0.048
03.05.2019 18:02:00.000,88.978,88.978,88.948,88.958,0.0631
03.05.2019 18:03:00.000,88.967,88.968,88.897,88.938,0.0651
03.05.2019 18:04:00.000,88.928,88.938,88.908,88.908,0.0252
03.05.2019 18:05:00.000,88.908,88.988,88.908,88.988,0.0307
03.05.2019 18:06:00.000,88.987,88.987,88.947,88.968,0.0457
03.05.2019 18:07:00.000,88.988,88.988,88.918,88.918,0.0543
03.05.2019 18:08:00.000,88.927,88.928,88.917,88.918,0.0082
03.05.2019 18:09:00.000,88.917,88.918,88.888,88.888,0.0134
03.05.2019 18:10:00.000,88.878,88.878,88.838,88.847,0.0812
03.05.2019 18:11:00.000,88.848,88.878,88.848,88.868,0.0325
03.05.2019 18:12:00.000,88.867,88.918,88.857,88.908,0.0586
03.05.2019 18:13:00.000,88.907,88.938,88.877,88.917,0.0391
03.05.2019 18:14:00.000,88.928,88.957,88.917,88.947,0.0553
03.05.2019 18:15:00.000,88.948,88.948,88.917,88.928,0.0135
03.05.2019 18:16:00.000,88.927,88.938,88.917,88.927,0.0398
03.05.2019 18:17:00.000,88.918,88.928,88.907,88.918,0.0387
03.05.2019 18:18:00.000,88.917,88.927,88.868,88.868,0.0268
03.05.2019 18:19:00.000,88.868,88.868,88.847,88.848,0.0313
03.05.2019 18:20:00.000,88.848,88.878,88.848,88.878,0.0621
03.05.2019 18:21:00.000,88.878,88.928,88.878,88.928,0.032
03.05.2019 18:22:00.000,88.928,88.948,88.848,88.857,0.0923
03.05.2019 18:23:00.000,88.858,88.868,88.827,88.828,0.0021
03.05.2019 18:24:00.000,88.817,88.828,88.817,88.818,0.0209
03.05.2019 18:25:00.000,88.817,88.858,88.817,88.848,0.0374
03.05.2019 18:26:00.000,88.857,88.858,88.847,88.848,0.0006
03.05.2019 18:27:00.000,88.847,88.848,88.817,88.847,0.0372
03.05.2019 18:28:00.000,88.848,88.848,88.818,88.818,0.0156
03.05.2019 18:29:00.000,88.818,88.828,88.817,88.817,0.0089
03.05.2019 18:30:00.000,88.818,88.818,88.778,88.788,0.0758
03.05.2019 18:31:00.000,88.788,88.808,88.787,88.807,0.0377
03.05.2019 18:32:00.000,88.807,88.847,88.807,88.827,0.1034
03.05.2019 18:33:00.000,88.828,88.858,88.828,88.858,0.0356
03.05.2019 18:34:00.000,88.857,88.897,88.857,88.897,0.0931
03.05.2019 18:35:00.000,88.898,88.907,88.878,88.888,0.0049
03.05.2019 18:36:00.000,88.877,88.877,88.828,88.838,0.0443
03.05.2019 18:37:00.000,88.838,88.838,88.798,88.798,0.0866
03.05.2019 18:38:00.000,88.807,88.848,88.807,88.837,0.023
03.05.2019 18:39:00.000,88.838,88.848,88.837,88.838,0.0121
03.05.2019 18:40:00.000,88.848,88.858,88.838,88.857,0.002
03.05.2019 18:41:00.000,88.848,88.868,88.798,88.868,0.0262
03.05.2019 18:42:00.000,88.867,88.908,88.867,88.888,0.0352
03.05.2019 18:43:00.000,88.887,88.888,88.887,88.888,0.0322
03.05.2019 18:44:00.000,88.888,88.968,88.888,88.958,0.0569
03.05.2019 18:45:00.000,88.958,88.958,88.927,88.928,0.0564
03.05.2019 18:46:00.000,88.928,88.967,88.928,88.958,0.0703
03.05.2019 18:47:00.000,88.958,88.977,88.937,88.968,0.0715
03.05.2019 18:48:00.000,88.967,89.018,88.947,88.997,0.0662
03.05.2019 18:49:00.000,88.998,89.008,88.997,88.998,0.0498
03.05.2019 18:50:00.000,88.997,89.028,88.967,88.968,0.0548
03.05.2019 18:51:00.000,88.978,89.018,88.968,89.017,0.0704
03.05.2019 18:52:00.000,89.028,89.098,89.028,89.097,0.1137
03.05.2019 18:53:00.000,89.098,89.098,89.057,89.058,0.0263
03.05.2019 18:54:00.000,89.058,89.078,89.058,89.077,0.0482
03.05.2019 18:55:00.000,89.078,89.118,89.077,89.118,0.0265
03.05.2019 18:56:00.000,89.118,89.128,89.057,89.078,0.1237
03.05.2019 18:57:00.000,89.078,89.078,88.987,88.987,0.0464
03.05.2019 18:58:00.000,88.987,88.988,88.937,88.978,0.0636
03.05.2019 18:59:00.000,88.978,88.978,88.947,88.948,0.118
03.05.2019 19:00:00.000,88.948,88.968,88.927,88.958,0.111
03.05.2019 19:01:00.000,88.957,88.958,88.917,88.918,0.0372
03.05.2019 19:02:00.000,88.938,88.958,88.908,88.908,0.0343
03.05.2019 19:03:00.000,88.907,88.938,88.907,88.908,0.0101
03.05.2019 19:04:00.000,88.917,88.977,88.917,88.918,0.1204
03.05.2019 19:05:00.000,88.917,88.948,88.907,88.928,0.0296
03.05.2019 19:06:00.000,88.928,88.988,88.928,88.988,0.0496
03.05.2019 19:07:00.000,88.998,88.998,88.958,88.968,0.0268
03.05.2019 19:08:00.000,88.968,88.998,88.957,88.958,0.0245
03.05.2019 19:09:00.000,88.957,88.958,88.947,88.948,0.0122
03.05.2019 19:10:00.000,88.968,88.978,88.897,88.898,0.0737
03.05.2019 19:11:00.000,88.918,88.928,88.837,88.887,0.1468
03.05.2019 19:12:00.000,88.878,88.938,88.868,88.938,0.0533
03.05.2019 19:13:00.000,88.937,88.938,88.877,88.877,0.0681
03.05.2019 19:14:00.000,88.908,88.908,88.867,88.888,0.0479
03.05.2019 19:15:00.000,88.888,88.888,88.807,88.808,0.0801
03.05.2019 19:16:00.000,88.807,88.808,88.777,88.788,0.0323
03.05.2019 19:17:00.000,88.807,88.828,88.788,88.828,0.0549
03.05.2019 19:18:00.000,88.827,88.837,88.778,88.778,0.053
03.05.2019 19:19:00.000,88.778,88.787,88.737,88.737,0.0055
03.05.2019 19:20:00.000,88.727,88.768,88.717,88.758,0.0519
03.05.2019 19:21:00.000,88.767,88.798,88.767,88.788,0.0414
03.05.2019 19:22:00.000,88.787,88.838,88.787,88.818,0.0813
03.05.2019 19:23:00.000,88.817,88.858,88.817,88.848,0.0513
03.05.2019 19:24:00.000,88.828,88.848,88.827,88.848,0.0816
03.05.2019 19:25:00.000,88.838,88.878,88.838,88.858,0.0482
03.05.2019 19:26:00.000,88.868,88.868,88.857,88.857,0.0127
03.05.2019 19:27:00.000,88.858,88.918,88.857,88.918,0.0043
03.05.2019 19:28:00.000,88.927,88.968,88.887,88.888,0.0441
03.05.2019 19:29:00.000,88.888,88.888,88.837,88.848,0.1472
03.05.2019 19:30:00.000,88.848,88.858,88.817,88.858,0.0752
03.05.2019 19:31:00.000,88.857,88.898,88.857,88.868,0.0727
03.05.2019 19:32:00.000,88.868,88.888,88.838,88.877,0.1375
03.05.2019 19:33:00.000,88.878,88.908,88.867,88.908,0.0933
03.05.2019 19:34:00.000,88.898,89.028,88.898,89.027,0.268
03.05.2019 19:35:00.000,89.028,89.028,88.958,88.968,0.0909
03.05.2019 19:36:00.000,88.978,88.988,88.897,88.898,0.1512
03.05.2019 19:37:00.000,88.897,88.948,88.897,88.938,0.056
03.05.2019 19:38:00.000,88.937,88.958,88.937,88.947,0.0536
03.05.2019 19:39:00.000,88.948,88.948,88.927,88.927,0.088
03.05.2019 19:40:00.000,88.928,88.938,88.918,88.918,0.0604
03.05.2019 19:41:00.000,88.918,88.948,88.918,88.937,0.0833
03.05.2019 19:42:00.000,88.918,88.928,88.817,88.878,0.2454
03.05.2019 19:43:00.000,88.878,88.878,88.827,88.867,0.1387
03.05.2019 19:44:00.000,88.868,88.868,88.838,88.838,0.1832
03.05.2019 19:45:00.000,88.837,88.838,88.777,88.798,0.1569
03.05.2019 19:46:00.000,88.808,88.818,88.737,88.737,0.1299
03.05.2019 19:47:00.000,88.748,88.748,88.597,88.598,0.3031
03.05.2019 19:48:00.000,88.597,88.658,88.577,88.658,0.1112
03.05.2019 19:49:00.000,88.657,88.658,88.597,88.638,0.096
03.05.2019 19:50:00.000,88.638,88.718,88.627,88.718,0.1698
03.05.2019 19:51:00.000,88.717,88.738,88.687,88.708,0.0754
03.05.2019 19:52:00.000,88.707,88.708,88.637,88.638,0.1255
03.05.2019 19:53:00.000,88.637,88.638,88.587,88.638,0.1149
03.05.2019 19:54:00.000,88.628,88.668,88.628,88.638,0.1096
03.05.2019 19:55:00.000,88.637,88.718,88.637,88.637,0.3352
03.05.2019 19:56:00.000,88.637,88.648,88.597,88.618,0.1471
03.05.2019 19:57:00.000,88.617,88.618,88.587,88.608,0.0431
03.05.2019 19:58:00.000,88.607,88.618,88.587,88.617,0.142
03.05.2019 19:59:00.000,88.618,88.628,88.417,88.418,0.7697
06.05.2019 13:30:00.000,87.228,87.288,86.918,86.918,0.0039
06.05.2019 13:31:00.000,87.117,87.137,86.568,87.068,0.0652
06.05.2019 13:32:00.000,87.068,87.268,87.068,87.238,0.0101
06.05.2019 13:33:00.000,87.237,87.388,87.077,87.148,0.1721
06.05.2019 13:34:00.000,87.147,87.178,86.998,87.178,0.0778
06.05.2019 13:35:00.000,87.178,87.258,87.137,87.138,0.124
06.05.2019 13:36:00.000,87.138,87.138,87.037,87.038,0.1772
06.05.2019 13:37:00.000,87.038,87.088,86.797,86.837,0.0927
06.05.2019 13:38:00.000,86.798,86.848,86.588,86.588,0.1958
06.05.2019 13:39:00.000,86.587,86.677,86.517,86.628,0.1465
06.05.2019 13:40:00.000,86.628,86.628,86.178,86.178,0.165
06.05.2019 13:41:00.000,86.188,86.288,86.187,86.238,0.1388
06.05.2019 13:42:00.000,86.237,86.388,86.178,86.358,0.0955
06.05.2019 13:43:00.000,86.358,86.398,86.297,86.357,0.0479
06.05.2019 13:44:00.000,86.358,86.378,86.327,86.327,0.134
06.05.2019 13:45:00.000,86.348,86.488,86.297,86.447,0.0829
06.05.2019 13:46:00.000,86.448,86.487,86.378,86.408,0.0281
06.05.2019 13:47:00.000,86.407,86.458,86.297,86.317,0.1532
06.05.2019 13:48:00.000,86.318,86.318,86.097,86.097,0.1193
06.05.2019 13:49:00.000,86.087,86.128,85.688,85.688,0.1241
06.05.2019 13:50:00.000,85.687,85.947,85.588,85.898,0.1176
06.05.2019 13:51:00.000,85.897,86.038,85.878,86.038,0.162
06.05.2019 13:52:00.000,86.027,86.288,86.027,86.287,0.1744
06.05.2019 13:53:00.000,86.288,86.308,86.207,86.298,0.2126
06.05.2019 13:54:00.000,86.298,86.457,86.298,86.368,0.0809
06.05.2019 13:55:00.000,86.368,86.438,86.367,86.378,0.0516
06.05.2019 13:56:00.000,86.428,86.568,86.378,86.467,0.1363
06.05.2019 13:57:00.000,86.468,86.878,86.467,86.837,0.1081
06.05.2019 13:58:00.000,86.838,86.938,86.718,86.728,0.1921
06.05.2019 13:59:00.000,86.688,86.788,86.687,86.788,0.1173
06.05.2019 14:00:00.000,86.787,86.788,86.508,86.508,0.2375
06.05.2019 14:01:00.000,86.518,86.608,86.427,86.548,0.1167
06.05.2019 14:02:00.000,86.547,86.568,86.447,86.518,0.0875
06.05.2019 14:03:00.000,86.527,86.538,86.337,86.358,0.1436
06.05.2019 14:04:00.000,86.358,86.358,86.238,86.238,0.0602
06.05.2019 14:05:00.000,86.238,86.357,86.188,86.357,0.0658
06.05.2019 14:06:00.000,86.377,86.418,86.348,86.398,0.1116
06.05.2019 14:07:00.000,86.398,86.458,86.368,86.448,0.1586
06.05.2019 14:08:00.000,86.448,86.648,86.448,86.578,0.117
06.05.2019 14:09:00.000,86.578,86.588,86.527,86.528,0.112
06.05.2019 14:10:00.000,86.527,86.608,86.448,86.608,0.1533
06.05.2019 14:11:00.000,86.608,86.778,86.608,86.778,0.1087
06.05.2019 14:12:00.000,86.778,86.937,86.757,86.888,0.0714
06.05.2019 14:13:00.000,86.888,86.967,86.848,86.958,0.1188
06.05.2019 14:14:00.000,86.957,87.048,86.957,86.988,0.1005
06.05.2019 14:15:00.000,86.988,87.098,86.987,87.087,0.0941
06.05.2019 14:16:00.000,87.087,87.148,87.087,87.138,0.1113
06.05.2019 14:17:00.000,87.128,87.128,87.018,87.088,0.1462
06.05.2019 14:18:00.000,87.067,87.068,86.957,86.967,0.1001
06.05.2019 14:19:00.000,86.968,87.038,86.967,87.037,0.0803
06.05.2019 14:20:00.000,87.037,87.037,86.937,86.938,0.101
06.05.2019 14:21:00.000,86.938,86.978,86.938,86.948,0.1295
06.05.2019 14:22:00.000,86.938,86.947,86.918,86.928,0.0648
06.05.2019 14:23:00.000,86.947,87.078,86.938,86.978,0.1197
06.05.2019 14:24:00.000,86.998,87.118,86.988,87.118,0.0711
06.05.2019 14:25:00.000,87.138,87.168,87.027,87.058,0.1778
06.05.2019 14:26:00.000,87.078,87.168,87.058,87.158,0.0818
06.05.2019 14:27:00.000,87.157,87.158,87.097,87.128,0.17
06.05.2019 14:28:00.000,87.107,87.118,86.977,86.977,0.1504
06.05.2019 14:29:00.000,86.977,87.047,86.977,87.018,0.0683
06.05.2019 14:30:00.000,87.017,87.018,86.917,86.948,0.125
06.05.2019 14:31:00.000,86.948,86.978,86.908,86.918,0.0904
06.05.2019 14:32:00.000,86.928,86.928,86.797,86.808,0.0347
06.05.2019 14:33:00.000,86.807,86.808,86.718,86.718,0.1718
06.05.2019 14:34:00.000,86.738,86.788,86.728,86.738,0.0321
06.05.2019 14:35:00.000,86.757,86.787,86.747,86.748,0.0103
06.05.2019 14:36:00.000,86.777,86.788,86.638,86.648,0.098
06.05.2019 14:37:00.000,86.667,86.748,86.647,86.728,0.0672
06.05.2019 14:38:00.000,86.738,86.848,86.647,86.648,0.0536
06.05.2019 14:39:00.000,86.657,86.748,86.657,86.738,0.0744
06.05.2019 14:40:00.000,86.738,86.858,86.737,86.858,0.0394
06.05.2019 14:41:00.000,86.858,86.858,86.767,86.808,0.08
06.05.2019 14:42:00.000,86.817,86.838,86.708,86.718,0.0974
06.05.2019 14:43:00.000,86.728,86.728,86.577,86.588,0.095
06.05.2019 14:44:00.000,86.588,86.628,86.508,86.528,0.0123
06.05.2019 14:45:00.000,86.527,86.568,86.498,86.568,0.0272
06.05.2019 14:46:00.000,86.578,86.598,86.487,86.507,0.14
06.05.2019 14:47:00.000,86.498,86.558,86.458,86.488,0.127
06.05.2019 14:48:00.000,86.488,86.498,86.427,86.447,0.1387
06.05.2019 14:49:00.000,86.447,86.458,86.288,86.288,0.1053
06.05.2019 14:50:00.000,86.287,86.338,86.267,86.278,0.0725
06.05.2019 14:51:00.000,86.278,86.328,86.267,86.318,0.0568
06.05.2019 14:52:00.000,86.318,86.327,86.277,86.298,0.0881
06.05.2019 14:53:00.000,86.298,86.428,86.297,86.378,0.0623
06.05.2019 14:54:00.000,86.378,86.458,86.347,86.398,0.1497
06.05.2019 14:55:00.000,86.398,86.437,86.347,86.408,0.0689
06.05.2019 14:56:00.000,86.408,86.508,86.398,86.488,0.1282
06.05.2019 14:57:00.000,86.487,86.488,86.388,86.408,0.1282
06.05.2019 14:58:00.000,86.418,86.438,86.308,86.308,0.036
06.05.2019 14:59:00.000,86.308,86.347,86.217,86.248,0.1001
06.05.2019 15:00:00.000,86.248,86.268,86.207,86.238,0.0603
06.05.2019 15:01:00.000,86.237,86.248,86.147,86.157,0.1159
06.05.2019 15:02:00.000,86.167,86.248,86.167,86.227,0.0862
06.05.2019 15:03:00.000,86.227,86.278,86.167,86.168,0.084
06.05.2019 15:04:00.000,86.168,86.168,86.127,86.157,0.2935
06.05.2019 15:05:00.000,86.158,86.218,86.148,86.167,0.0788
06.05.2019 15:06:00.000,86.168,86.168,86.107,86.108,0.1249
06.05.2019 15:07:00.000,86.107,86.138,86.057,86.118,0.0815
06.05.2019 15:08:00.000,86.117,86.198,86.117,86.148,0.0433
06.05.2019 15:09:00.000,86.147,86.148,86.008,86.008,0.085
06.05.2019 15:10:00.000,86.008,86.028,85.937,85.937,0.082
06.05.2019 15:11:00.000,85.937,86.108,85.937,86.078,0.0909
06.05.2019 15:12:00.000,86.078,86.088,85.987,86.007,0.1222
06.05.2019 15:13:00.000,86.008,86.008,85.967,85.988,0.0136
06.05.2019 15:14:00.000,85.987,85.988,85.928,85.938,0.0188
06.05.2019 15:15:00.000,85.938,86.028,85.938,86.027,0.1686
06.05.2019 15:16:00.000,86.028,86.107,85.998,86.107,0.0687
06.05.2019 15:17:00.000,86.107,86.188,86.088,86.088,0.0242
06.05.2019 15:18:00.000,86.067,86.088,85.987,85.998,0.0195
06.05.2019 15:19:00.000,85.997,86.128,85.988,86.128,0.0758
06.05.2019 15:20:00.000,86.137,86.267,86.137,86.267,0.0914
06.05.2019 15:21:00.000,86.258,86.268,86.217,86.217,0.0808
06.05.2019 15:22:00.000,86.168,86.258,86.167,86.247,0.1527
06.05.2019 15:23:00.000,86.248,86.277,86.187,86.247,0.2315
06.05.2019 15:24:00.000,86.268,86.308,86.218,86.308,0.1264
06.05.2019 15:25:00.000,86.308,86.338,86.278,86.298,0.108
06.05.2019 15:26:00.000,86.297,86.367,86.278,86.288,0.104
06.05.2019 15:27:00.000,86.288,86.288,86.187,86.238,0.1593
06.05.2019 15:28:00.000,86.238,86.318,86.217,86.287,0.2086
06.05.2019 15:29:00.000,86.288,86.408,86.288,86.318,0.1213
06.05.2019 15:30:00.000,86.327,86.438,86.318,86.368,0.155
06.05.2019 15:31:00.000,86.368,86.368,86.267,86.298,0.2089
06.05.2019 15:32:00.000,86.307,86.338,86.197,86.237,0.1285
06.05.2019 15:33:00.000,86.237,86.288,86.187,86.218,0.15
06.05.2019 15:34:00.000,86.217,86.268,86.167,86.268,0.2333
06.05.2019 15:35:00.000,86.267,86.267,86.207,86.208,0.0272
06.05.2019 15:36:00.000,86.207,86.228,86.178,86.227,0.0575
06.05.2019 15:37:00.000,86.228,86.258,86.217,86.227,0.0831
06.05.2019 15:38:00.000,86.228,86.277,86.218,86.258,0.085
06.05.2019 15:39:00.000,86.257,86.288,86.218,86.218,0.0639
06.05.2019 15:40:00.000,86.218,86.267,86.177,86.228,0.1315
06.05.2019 15:41:00.000,86.228,86.228,86.127,86.127,0.097
06.05.2019 15:42:00.000,86.128,86.137,86.067,86.068,0.0751
06.05.2019 15:43:00.000,86.068,86.088,85.978,85.978,0.1465
06.05.2019 15:44:00.000,85.988,86.018,85.987,85.988,0.0436
06.05.2019 15:45:00.000,85.998,86.128,85.988,86.128,0.0679
06.05.2019 15:46:00.000,86.127,86.218,86.127,86.218,0.0486
06.05.2019 15:47:00.000,86.218,86.228,86.128,86.138,0.1207
06.05.2019 15:48:00.000,86.138,86.138,86.037,86.048,0.104
06.05.2019 15:49:00.000,86.047,86.048,85.978,85.987,0.1888
06.05.2019 15:50:00.000,85.988,85.998,85.938,85.988,0.1163
06.05.2019 15:51:00.000,85.988,85.988,85.928,85.958,0.165
06.05.2019 15:52:00.000,85.958,86.018,85.927,85.988,0.1753
06.05.2019 15:53:00.000,85.998,86.118,85.978,86.088,0.0659
06.05.2019 15:54:00.000,86.098,86.128,85.977,85.977,0.1382
06.05.2019 15:55:00.000,85.987,86.008,85.928,85.948,0.1084
06.05.2019 15:56:00.000,85.948,85.968,85.887,85.917,0.0233
06.05.2019 15:57:00.000,85.917,85.917,85.857,85.878,0.2378
06.05.2019 15:58:00.000,85.858,85.908,85.847,85.878,0.0611
06.05.2019 15:59:00.000,85.878,85.898,85.828,85.858,0.1512
06.05.2019 16:00:00.000,85.867,85.948,85.867,85.948,0.1572
06.05.2019 16:01:00.000,85.948,85.978,85.928,85.957,0.1064
06.05.2019 16:02:00.000,85.958,86.008,85.927,86.008,0.1627
06.05.2019 16:03:00.000,86.007,86.068,86.007,86.058,0.0616
06.05.2019 16:04:00.000,86.057,86.158,86.047,86.068,0.123
06.05.2019 16:05:00.000,86.087,86.088,86.008,86.008,0.1329
06.05.2019 16:06:00.000,86.008,86.018,85.978,85.998,0.1515
06.05.2019 16:07:00.000,86.017,86.088,85.997,86.078,0.0161
06.05.2019 16:08:00.000,86.077,86.128,86.057,86.118,0.0776
06.05.2019 16:09:00.000,86.127,86.148,86.107,86.148,0.0368
06.05.2019 16:10:00.000,86.157,86.227,86.147,86.218,0.0537
06.05.2019 16:11:00.000,86.238,86.268,86.227,86.267,0.0621
06.05.2019 16:12:00.000,86.268,86.338,86.257,86.328,0.0947
06.05.2019 16:13:00.000,86.328,86.378,86.317,86.338,0.1253
06.05.2019 16:14:00.000,86.338,86.398,86.338,86.398,0.0845
06.05.2019 16:15:00.000,86.398,86.398,86.287,86.288,0.0474
06.05.2019 16:16:00.000,86.288,86.349,86.257,86.347,0.0829
06.05.2019 16:17:00.000,86.348,86.448,86.347,86.448,0.0712
06.05.2019 16:18:00.000,86.448,86.467,86.367,86.398,0.2021
06.05.2019 16:19:00.000,86.408,86.508,86.408,86.507,0.0268
06.05.2019 16:20:00.000,86.507,86.558,86.498,86.557,0.1246
06.05.2019 16:21:00.000,86.567,86.568,86.488,86.498,0.1118
06.05.2019 16:22:00.000,86.497,86.550,86.468,86.550,0.0799
06.05.2019 16:23:00.000,86.557,86.578,86.538,86.558,0.053
06.05.2019 16:24:00.000,86.557,86.578,86.451,86.487,0.0756
06.05.2019 16:25:00.000,86.488,86.508,86.447,86.507,0.0729
06.05.2019 16:26:00.000,86.508,86.508,86.447,86.488,0.0284
06.05.2019 16:27:00.000,86.488,86.488,86.427,86.468,0.1234
06.05.2019 16:28:00.000,86.468,86.487,86.448,86.468,0.0503
06.05.2019 16:29:00.000,86.468,86.508,86.457,86.508,0.0502
06.05.2019 16:30:00.000,86.509,86.509,86.487,86.488,0.1087
06.05.2019 16:31:00.000,86.488,86.490,86.437,86.488,0.0659
06.05.2019 16:32:00.000,86.487,86.558,86.487,86.558,0.0919
06.05.2019 16:33:00.000,86.558,86.570,86.507,86.507,0.1697
06.05.2019 16:34:00.000,86.507,86.548,86.498,86.518,0.0876
06.05.2019 16:35:00.000,86.507,86.598,86.507,86.597,0.0689
06.05.2019 16:36:00.000,86.598,86.598,86.557,86.577,0.0881
06.05.2019 16:37:00.000,86.577,86.588,86.567,86.587,0.0163
06.05.2019 16:38:00.000,86.587,86.588,86.497,86.497,0.0984
06.05.2019 16:39:00.000,86.498,86.547,86.437,86.448,0.0706
06.05.2019 16:40:00.000,86.447,86.448,86.387,86.438,0.1217
06.05.2019 16:41:00.000,86.428,86.468,86.428,86.467,0.0741
06.05.2019 16:42:00.000,86.469,86.498,86.457,86.478,0.0289
06.05.2019 16:43:00.000,86.477,86.477,86.387,86.419,0.1718
06.05.2019 16:44:00.000,86.420,86.497,86.388,86.428,0.088
06.05.2019 16:45:00.000,86.427,86.448,86.380,86.388,0.0889
06.05.2019 16:46:00.000,86.388,86.388,86.317,86.318,0.067
06.05.2019 16:47:00.000,86.320,86.320,86.248,86.277,0.1044
06.05.2019 16:48:00.000,86.278,86.278,86.217,86.238,0.0556
06.05.2019 16:49:00.000,86.237,86.267,86.227,86.238,0.0845
06.05.2019 16:50:00.000,86.237,86.238,86.207,86.228,0.078
06.05.2019 16:51:00.000,86.237,86.268,86.237,86.240,0.0302
06.05.2019 16:52:00.000,86.247,86.288,86.237,86.279,0.0651
06.05.2019 16:53:00.000,86.279,86.348,86.278,86.348,0.2671
06.05.2019 16:54:00.000,86.338,86.358,86.247,86.318,0.1795
06.05.2019 16:55:00.000,86.300,86.318,86.257,86.268,0.1286
06.05.2019 16:56:00.000,86.267,86.318,86.237,86.317,0.1188
06.05.2019 16:57:00.000,86.318,86.338,86.287,86.338,0.0698
06.05.2019 16:58:00.000,86.337,86.388,86.317,86.337,0.0615
06.05.2019 16:59:00.000,86.338,86.338,86.237,86.238,0.0638
06.05.2019 17:00:00.000,86.240,86.268,86.237,86.238,0.0728
06.05.2019 17:01:00.000,86.237,86.298,86.237,86.298,0.062
06.05.2019 17:02:00.000,86.297,86.298,86.237,86.248,0.0527
06.05.2019 17:03:00.000,86.247,86.258,86.188,86.198,0.1773
06.05.2019 17:04:00.000,86.198,86.228,86.158,86.188,0.0773
06.05.2019 17:05:00.000,86.188,86.258,86.188,86.238,0.1192
06.05.2019 17:06:00.000,86.248,86.278,86.237,86.268,0.1064
06.05.2019 17:07:00.000,86.277,86.288,86.257,86.288,0.0601
06.05.2019 17:08:00.000,86.288,86.288,86.177,86.237,0.1121
06.05.2019 17:09:00.000,86.237,86.237,86.168,86.178,0.1518
06.05.2019 17:10:00.000,86.179,86.268,86.177,86.238,0.1299
06.05.2019 17:11:00.000,86.238,86.258,86.227,86.228,0.1119
06.05.2019 17:12:00.000,86.229,86.308,86.229,86.298,0.1042
06.05.2019 17:13:00.000,86.307,86.338,86.267,86.268,0.1302
06.05.2019 17:14:00.000,86.267,86.298,86.247,86.247,0.0775
06.05.2019 17:15:00.000,86.257,86.388,86.248,86.388,0.1467
06.05.2019 17:16:00.000,86.398,86.448,86.398,86.398,0.0499
06.05.2019 17:17:00.000,86.428,86.428,86.398,86.408,0.0175
06.05.2019 17:18:00.000,86.408,86.418,86.357,86.357,0.1184
06.05.2019 17:19:00.000,86.358,86.358,86.307,86.338,0.1098
06.05.2019 17:20:00.000,86.337,86.340,86.288,86.338,0.1366
06.05.2019 17:21:00.000,86.340,86.367,86.340,86.348,0.0792
06.05.2019 17:22:00.000,86.350,86.388,86.317,86.328,0.0992
06.05.2019 17:23:00.000,86.337,86.338,86.297,86.298,0.0974
06.05.2019 17:24:00.000,86.297,86.338,86.297,86.307,0.0584
06.05.2019 17:25:00.000,86.297,86.368,86.297,86.358,0.0321
06.05.2019 17:26:00.000,86.367,86.377,86.297,86.297,0.075
06.05.2019 17:27:00.000,86.307,86.337,86.287,86.298,0.1084
06.05.2019 17:28:00.000,86.297,86.328,86.287,86.288,0.0296
06.05.2019 17:29:00.000,86.288,86.328,86.288,86.308,0.0849
06.05.2019 17:30:00.000,86.308,86.338,86.297,86.327,0.0709
06.05.2019 17:31:00.000,86.327,86.347,86.291,86.328,0.1361
06.05.2019 17:32:00.000,86.328,86.397,86.327,86.368,0.124
06.05.2019 17:33:00.000,86.370,86.370,86.328,86.368,0.0274
06.05.2019 17:34:00.000,86.368,86.408,86.367,86.367,0.0673
06.05.2019 17:35:00.000,86.358,86.408,86.327,86.328,0.131
06.05.2019 17:36:00.000,86.337,86.358,86.298,86.328,0.0495
06.05.2019 17:37:00.000,86.328,86.328,86.238,86.268,0.05
06.05.2019 17:38:00.000,86.268,86.268,86.237,86.238,0.0597
06.05.2019 17:39:00.000,86.238,86.248,86.207,86.238,0.1907
06.05.2019 17:40:00.000,86.237,86.237,86.188,86.198,0.0738
06.05.2019 17:41:00.000,86.198,86.208,86.167,86.168,0.0936
06.05.2019 17:42:00.000,86.168,86.198,86.147,86.198,0.1355
06.05.2019 17:43:00.000,86.207,86.208,86.177,86.178,0.0337
06.05.2019 17:44:00.000,86.188,86.188,86.158,86.187,0.0639
06.05.2019 17:45:00.000,86.187,86.197,86.167,86.178,0.1493
06.05.2019 17:46:00.000,86.177,86.228,86.158,86.168,0.0788
06.05.2019 17:47:00.000,86.177,86.268,86.168,86.268,0.0869
06.05.2019 17:48:00.000,86.267,86.401,86.258,86.401,0.1052
06.05.2019 17:49:00.000,86.401,86.478,86.377,86.467,0.1609
06.05.2019 17:50:00.000,86.468,86.518,86.467,86.507,0.1133
06.05.2019 17:51:00.000,86.527,86.548,86.504,86.538,0.0674
06.05.2019 17:52:00.000,86.547,86.608,86.528,86.569,0.1226
06.05.2019 17:53:00.000,86.565,86.759,86.535,86.757,0.0699
06.05.2019 17:54:00.000,86.758,86.768,86.708,86.768,0.1009
06.05.2019 17:55:00.000,86.768,86.768,86.688,86.757,0.0536
06.05.2019 17:56:00.000,86.748,86.838,86.738,86.838,0.0399
06.05.2019 17:57:00.000,86.838,86.878,86.818,86.878,0.1117
06.05.2019 17:58:00.000,86.878,86.878,86.818,86.828,0.0626
06.05.2019 17:59:00.000,86.827,86.858,86.781,86.858,0.0301
06.05.2019 18:00:00.000,86.858,86.918,86.847,86.897,0.1345
06.05.2019 18:01:00.000,86.898,86.948,86.898,86.948,0.0717
06.05.2019 18:02:00.000,86.947,86.988,86.943,86.957,0.1386
06.05.2019 18:03:00.000,86.957,86.998,86.930,86.998,0.1287
06.05.2019 18:04:00.000,86.997,86.998,86.976,86.987,0.0654
06.05.2019 18:05:00.000,86.977,86.980,86.868,86.978,0.1526
06.05.2019 18:06:00.000,86.968,87.028,86.959,86.998,0.1831
06.05.2019 18:07:00.000,86.998,87.098,86.997,87.091,0.1068
06.05.2019 18:08:00.000,87.088,87.100,86.968,86.998,0.159
06.05.2019 18:09:00.000,86.998,87.008,86.967,86.997,0.1567
06.05.2019 18:10:00.000,86.997,87.058,86.977,87.058,0.1369
06.05.2019 18:11:00.000,87.057,87.058,87.036,87.038,0.0353
06.05.2019 18:12:00.000,87.028,87.087,87.028,87.078,0.047
06.05.2019 18:13:00.000,87.077,87.110,87.074,87.110,0.0614
06.05.2019 18:14:00.000,87.108,87.108,86.997,86.997,0.0816
06.05.2019 18:15:00.000,86.998,86.999,86.907,86.958,0.0806
06.05.2019 18:16:00.000,86.957,86.978,86.919,86.930,0.1208
06.05.2019 18:17:00.000,86.930,86.930,86.807,86.808,0.0296
06.05.2019 18:18:00.000,86.817,86.838,86.737,86.748,0.1807
06.05.2019 18:19:00.000,86.738,86.830,86.738,86.828,0.0897
06.05.2019 18:20:00.000,86.828,86.868,86.798,86.868,0.0324
06.05.2019 18:21:00.000,86.877,86.888,86.867,86.878,0.1547
06.05.2019 18:22:00.000,86.881,86.881,86.818,86.818,0.1178
06.05.2019 18:23:00.000,86.818,86.847,86.807,86.808,0.0242
06.05.2019 18:24:00.000,86.808,86.827,86.768,86.777,0.0928
06.05.2019 18:25:00.000,86.778,86.798,86.728,86.737,0.0782
06.05.2019 18:26:00.000,86.757,86.818,86.757,86.808,0.0564
06.05.2019 18:27:00.000,86.818,86.838,86.787,86.828,0.1165
06.05.2019 18:28:00.000,86.828,86.828,86.747,86.798,0.0763
06.05.2019 18:29:00.000,86.798,86.798,86.728,86.730,0.0826
06.05.2019 18:30:00.000,86.730,86.828,86.711,86.828,0.0965
06.05.2019 18:31:00.000,86.827,86.877,86.827,86.857,0.0825
06.05.2019 18:32:00.000,86.857,86.868,86.847,86.858,0.0323
06.05.2019 18:33:00.000,86.857,86.868,86.857,86.858,0.0664
06.05.2019 18:34:00.000,86.857,86.898,86.857,86.898,0.0517
06.05.2019 18:35:00.000,86.897,86.938,86.897,86.938,0.0162
06.05.2019 18:36:00.000,86.937,86.948,86.917,86.948,0.0662
06.05.2019 18:37:00.000,86.928,86.998,86.917,86.998,0.1694
06.05.2019 18:38:00.000,86.998,86.998,86.917,86.918,0.1023
06.05.2019 18:39:00.000,86.917,86.928,86.897,86.928,0.0666
06.05.2019 18:40:00.000,86.927,86.927,86.878,86.888,0.0655
06.05.2019 18:41:00.000,86.887,86.887,86.848,86.868,0.1027
06.05.2019 18:42:00.000,86.868,86.878,86.827,86.831,0.0886
06.05.2019 18:43:00.000,86.828,86.869,86.818,86.857,0.1766
06.05.2019 18:44:00.000,86.857,86.857,86.837,86.838,0.0972
06.05.2019 18:45:00.000,86.837,86.848,86.797,86.797,0.1079
06.05.2019 18:46:00.000,86.798,86.798,86.757,86.758,0.0333
06.05.2019 18:47:00.000,86.758,86.818,86.748,86.818,0.0935
06.05.2019 18:48:00.000,86.820,86.878,86.820,86.877,0.0999
06.05.2019 18:49:00.000,86.878,86.918,86.857,86.918,0.1783
06.05.2019 18:50:00.000,86.918,86.928,86.899,86.918,0.1107
06.05.2019 18:51:00.000,86.917,86.958,86.877,86.877,0.1383
06.05.2019 18:52:00.000,86.868,86.898,86.867,86.870,0.1092
06.05.2019 18:53:00.000,86.868,86.868,86.817,86.838,0.0474
06.05.2019 18:54:00.000,86.828,86.858,86.817,86.848,0.0549
06.05.2019 18:55:00.000,86.848,86.927,86.847,86.917,0.0638
06.05.2019 18:56:00.000,86.918,86.928,86.867,86.887,0.0717
06.05.2019 18:57:00.000,86.888,86.918,86.887,86.908,0.0265
06.05.2019 18:58:00.000,86.898,86.908,86.838,86.838,0.1063
06.05.2019 18:59:00.000,86.847,86.888,86.838,86.887,0.0665
06.05.2019 19:00:00.000,86.887,86.928,86.867,86.897,0.1543
06.05.2019 19:01:00.000,86.898,86.898,86.838,86.867,0.1096
06.05.2019 19:02:00.000,86.878,86.908,86.877,86.898,0.03
06.05.2019 19:03:00.000,86.897,86.898,86.897,86.898,0.0199
06.05.2019 19:04:00.000,86.897,86.898,86.818,86.828,0.1912
06.05.2019 19:05:00.000,86.828,86.878,86.807,86.827,0.1588
06.05.2019 19:06:00.000,86.827,86.888,86.827,86.887,0.1028
06.05.2019 19:07:00.000,86.888,86.889,86.767,86.798,0.1401
06.05.2019 19:08:00.000,86.798,86.828,86.767,86.808,0.1402
06.05.2019 19:09:00.000,86.808,86.808,86.737,86.747,0.0914
06.05.2019 19:10:00.000,86.748,86.758,86.727,86.730,0.0603
06.05.2019 19:11:00.000,86.730,86.730,86.677,86.678,0.0863
06.05.2019 19:12:00.000,86.677,86.708,86.677,86.688,0.1101
06.05.2019 19:13:00.000,86.689,86.718,86.687,86.688,0.0905
06.05.2019 19:14:00.000,86.687,86.698,86.579,86.608,0.1924
06.05.2019 19:15:00.000,86.607,86.640,86.597,86.597,0.1257
06.05.2019 19:16:00.000,86.598,86.698,86.587,86.687,0.0501
06.05.2019 19:17:00.000,86.707,86.758,86.698,86.718,0.0901
06.05.2019 19:18:00.000,86.718,86.738,86.688,86.707,0.141
06.05.2019 19:19:00.000,86.708,86.748,86.678,86.717,0.0782
06.05.2019 19:20:00.000,86.718,86.818,86.717,86.788,0.0772
06.05.2019 19:21:00.000,86.788,86.788,86.737,86.737,0.1374
06.05.2019 19:22:00.000,86.738,86.759,86.708,86.718,0.1825
06.05.2019 19:23:00.000,86.717,86.717,86.667,86.708,0.0932
06.05.2019 19:24:00.000,86.707,86.798,86.707,86.798,0.1243
06.05.2019 19:25:00.000,86.797,86.877,86.797,86.848,0.1083
06.05.2019 19:26:00.000,86.847,86.860,86.768,86.788,0.1518
06.05.2019 19:27:00.000,86.787,86.878,86.787,86.858,0.1146
06.05.2019 19:28:00.000,86.858,86.890,86.857,86.867,0.0715
06.05.2019 19:29:00.000,86.857,86.868,86.797,86.797,0.08
06.05.2019 19:30:00.000,86.798,86.798,86.677,86.698,0.1978
06.05.2019 19:31:00.000,86.698,86.708,86.637,86.638,0.1574
06.05.2019 19:32:00.000,86.638,86.638,86.597,86.608,0.1818
06.05.2019 19:33:00.000,86.608,86.628,86.597,86.628,0.1276
06.05.2019 19:34:00.000,86.628,86.668,86.617,86.658,0.2853
06.05.2019 19:35:00.000,86.657,86.679,86.627,86.668,0.0612
06.05.2019 19:36:00.000,86.667,86.668,86.568,86.598,0.2478
06.05.2019 19:37:00.000,86.598,86.618,86.558,86.589,0.1289
06.05.2019 19:38:00.000,86.589,86.598,86.447,86.458,0.1993
06.05.2019 19:39:00.000,86.447,86.508,86.437,86.488,0.1603
06.05.2019 19:40:00.000,86.487,86.490,86.427,86.438,0.1636
06.05.2019 19:41:00.000,86.437,86.437,86.357,86.387,0.1455
06.05.2019 19:42:00.000,86.388,86.398,86.378,86.388,0.1635
06.05.2019 19:43:00.000,86.378,86.447,86.377,86.447,0.2008
06.05.2019 19:44:00.000,86.448,86.507,86.447,86.450,0.2458
06.05.2019 19:45:00.000,86.450,86.518,86.447,86.488,0.115
06.05.2019 19:46:00.000,86.487,86.508,86.438,86.478,0.1766
06.05.2019 19:47:00.000,86.477,86.480,86.427,86.478,0.1904
06.05.2019 19:48:00.000,86.477,86.508,86.438,86.478,0.1648
06.05.2019 19:49:00.000,86.487,86.498,86.477,86.478,0.2553
06.05.2019 19:50:00.000,86.478,86.507,86.458,86.478,0.1782
06.05.2019 19:51:00.000,86.477,86.488,86.457,86.477,0.1198
06.05.2019 19:52:00.000,86.487,86.518,86.478,86.498,0.2315
06.05.2019 19:53:00.000,86.497,86.498,86.387,86.388,0.2024
06.05.2019 19:54:00.000,86.388,86.388,86.337,86.338,0.2105
06.05.2019 19:55:00.000,86.328,86.338,86.269,86.288,0.356
06.05.2019 19:56:00.000,86.287,86.307,86.267,86.277,0.4229
06.05.2019 19:57:00.000,86.281,86.308,86.257,86.268,0.3678
06.05.2019 19:58:00.000,86.268,86.278,86.247,86.248,0.5418
06.05.2019 19:59:00.000,86.248,86.418,86.248,86.388,0.5581
07.05.2019 13:30:00.000,84.978,85.238,84.577,84.867,0.0892
07.05.2019 13:31:00.000,84.868,85.027,84.798,84.848,0.2275
07.05.2019 13:32:00.000,84.847,84.948,84.737,84.768,0.1314
07.05.2019 13:33:00.000,84.758,85.087,84.758,85.077,0.133
07.05.2019 13:34:00.000,85.077,85.077,84.758,84.758,0.1954
07.05.2019 13:35:00.000,84.757,84.761,84.638,84.647,0.3297
07.05.2019 13:36:00.000,84.648,84.648,84.197,84.198,0.4115
07.05.2019 13:37:00.000,84.198,84.677,84.168,84.667,0.2707
07.05.2019 13:38:00.000,84.658,84.828,84.618,84.687,0.258
07.05.2019 13:39:00.000,84.687,84.800,84.630,84.717,0.2902
07.05.2019 13:40:00.000,84.717,84.760,84.407,84.407,0.3028
07.05.2019 13:41:00.000,84.407,84.407,84.187,84.187,0.2833
07.05.2019 13:42:00.000,84.187,84.291,84.137,84.201,0.0651
07.05.2019 13:43:00.000,84.201,84.250,84.138,84.190,0.1562
07.05.2019 13:44:00.000,84.181,84.181,83.848,83.961,0.2754
07.05.2019 13:45:00.000,83.958,84.098,83.849,84.058,0.1773
07.05.2019 13:46:00.000,84.028,84.037,83.749,83.788,0.3061
07.05.2019 13:47:00.000,83.788,83.788,83.508,83.517,0.2833
07.05.2019 13:48:00.000,83.517,83.558,83.328,83.358,0.3044
07.05.2019 13:49:00.000,83.377,83.428,83.287,83.287,0.1113
07.05.2019 13:50:00.000,83.287,83.338,83.161,83.188,0.2038
07.05.2019 13:51:00.000,83.208,83.208,82.938,82.977,0.188
07.05.2019 13:52:00.000,82.977,83.068,82.828,83.068,0.2167
07.05.2019 13:53:00.000,83.028,83.028,82.617,82.618,0.2449
07.05.2019 13:54:00.000,82.661,82.968,82.597,82.947,0.2582
07.05.2019 13:55:00.000,82.907,83.227,82.907,83.138,0.1565
07.05.2019 13:56:00.000,83.138,83.218,83.079,83.218,0.2884
07.05.2019 13:57:00.000,83.217,83.391,83.217,83.387,0.2831
07.05.2019 13:58:00.000,83.400,83.501,83.388,83.418,0.451
07.05.2019 13:59:00.000,83.417,83.477,83.308,83.338,0.4286
07.05.2019 14:00:00.000,83.368,83.500,83.368,83.438,0.3101
07.05.2019 14:01:00.000,83.438,83.508,83.417,83.508,0.2768
07.05.2019 14:02:00.000,83.507,83.618,83.457,83.618,0.4539
07.05.2019 14:03:00.000,83.617,83.781,83.617,83.750,0.3099
07.05.2019 14:04:00.000,83.750,83.771,83.707,83.771,0.2686
07.05.2019 14:05:00.000,83.771,83.778,83.717,83.730,0.2398
07.05.2019 14:06:00.000,83.748,83.858,83.699,83.828,0.2225
07.05.2019 14:07:00.000,83.828,83.938,83.828,83.881,0.3289
07.05.2019 14:08:00.000,83.880,83.890,83.658,83.678,0.366
07.05.2019 14:09:00.000,83.678,83.777,83.657,83.678,0.2691
07.05.2019 14:10:00.000,83.677,83.677,83.388,83.398,0.2234
07.05.2019 14:11:00.000,83.398,83.398,83.288,83.338,0.1367
07.05.2019 14:12:00.000,83.338,83.338,83.237,83.278,0.1237
07.05.2019 14:13:00.000,83.287,83.340,83.277,83.331,0.2195
07.05.2019 14:14:00.000,83.331,83.331,83.238,83.248,0.1277
07.05.2019 14:15:00.000,83.248,83.248,83.097,83.118,0.1696
07.05.2019 14:16:00.000,83.108,83.118,83.008,83.077,0.2243
07.05.2019 14:17:00.000,83.078,83.118,83.077,83.108,0.055
07.05.2019 14:18:00.000,83.107,83.608,83.107,83.608,0.1431
07.05.2019 14:19:00.000,83.608,83.647,83.487,83.597,0.0896
07.05.2019 14:20:00.000,83.598,83.710,83.577,83.710,0.1963
07.05.2019 14:21:00.000,83.710,83.880,83.710,83.880,0.1036
07.05.2019 14:22:00.000,83.877,83.978,83.877,83.978,0.1551
07.05.2019 14:23:00.000,83.968,84.031,83.928,83.988,0.1892
07.05.2019 14:24:00.000,84.020,84.030,83.927,83.942,0.2346
07.05.2019 14:25:00.000,83.927,84.018,83.829,84.018,0.2449
07.05.2019 14:26:00.000,84.018,84.018,83.887,83.949,0.2143
07.05.2019 14:27:00.000,83.949,83.949,83.887,83.898,0.3038
07.05.2019 14:28:00.000,83.897,83.991,83.827,83.979,0.255
07.05.2019 14:29:00.000,83.988,83.991,83.907,83.988,0.1802
07.05.2019 14:30:00.000,83.988,84.008,83.897,83.950,0.3285
07.05.2019 14:31:00.000,83.968,83.978,83.887,83.887,0.1739
07.05.2019 14:32:00.000,83.888,83.958,83.887,83.928,0.1457
07.05.2019 14:33:00.000,83.928,83.928,83.887,83.918,0.1042
07.05.2019 14:34:00.000,83.918,83.978,83.878,83.918,0.2478
07.05.2019 14:35:00.000,83.898,83.990,83.848,83.880,0.3187
07.05.2019 14:36:00.000,83.880,83.880,83.747,83.768,0.2096
07.05.2019 14:37:00.000,83.767,83.778,83.607,83.608,0.171
07.05.2019 14:38:00.000,83.607,83.648,83.578,83.648,0.1066
07.05.2019 14:39:00.000,83.647,83.647,83.538,83.568,0.3588
07.05.2019 14:40:00.000,83.568,83.598,83.507,83.597,0.3331
07.05.2019 14:41:00.000,83.597,83.597,83.488,83.490,0.1021
07.05.2019 14:42:00.000,83.490,83.508,83.447,83.501,0.2222
07.05.2019 14:43:00.000,83.511,83.568,83.497,83.498,0.2564
07.05.2019 14:44:00.000,83.498,83.577,83.488,83.488,0.2216
07.05.2019 14:45:00.000,83.488,83.658,83.477,83.658,0.1534
07.05.2019 14:46:00.000,83.658,83.742,83.618,83.618,0.1617
07.05.2019 14:47:00.000,83.648,83.648,83.448,83.498,0.3959
07.05.2019 14:48:00.000,83.498,83.498,83.388,83.418,0.2967
07.05.2019 14:49:00.000,83.418,83.418,83.308,83.327,0.2279
07.05.2019 14:50:00.000,83.328,83.348,83.307,83.337,0.2072
07.05.2019 14:51:00.000,83.338,83.338,83.227,83.230,0.3109
07.05.2019 14:52:00.000,83.230,83.308,83.168,83.290,0.3499
07.05.2019 14:53:00.000,83.290,83.327,83.208,83.270,0.2256
07.05.2019 14:54:00.000,83.270,83.278,83.137,83.137,0.2221
07.05.2019 14:55:00.000,83.137,83.217,83.087,83.217,0.1643
07.05.2019 14:56:00.000,83.218,83.218,83.127,83.128,0.1495
07.05.2019 14:57:00.000,83.128,83.130,83.030,83.128,0.1686
07.05.2019 14:58:00.000,83.127,83.270,83.127,83.268,0.0466
07.05.2019 14:59:00.000,83.267,83.267,83.187,83.187,0.1877
07.05.2019 15:00:00.000,83.188,83.328,83.177,83.248,0.2562
07.05.2019 15:01:00.000,83.258,83.258,83.160,83.160,0.2111
07.05.2019 15:02:00.000,83.161,83.189,83.128,83.128,0.1323
07.05.2019 15:03:00.000,83.107,83.148,83.068,83.068,0.3562
07.05.2019 15:04:00.000,83.061,83.088,82.991,83.018,0.1427
07.05.2019 15:05:00.000,83.028,83.079,83.017,83.068,0.1518
07.05.2019 15:06:00.000,83.068,83.100,82.992,83.017,0.2354
07.05.2019 15:07:00.000,83.018,83.118,82.988,83.088,0.2657
07.05.2019 15:08:00.000,83.088,83.157,83.077,83.138,0.2366
07.05.2019 15:09:00.000,83.138,83.217,83.127,83.170,0.1797
07.05.2019 15:10:00.000,83.168,83.237,83.108,83.229,0.2318
07.05.2019 15:11:00.000,83.229,83.298,83.229,83.248,0.0796
07.05.2019 15:12:00.000,83.248,83.327,83.248,83.300,0.2138
07.05.2019 15:13:00.000,83.308,83.486,83.300,83.478,0.2076
07.05.2019 15:14:00.000,83.477,83.508,83.448,83.457,0.1368
07.05.2019 15:15:00.000,83.468,83.488,83.387,83.408,0.1723
07.05.2019 15:16:00.000,83.398,83.468,83.387,83.407,0.2009
07.05.2019 15:17:00.000,83.418,83.418,83.230,83.238,0.158
07.05.2019 15:18:00.000,83.230,83.318,83.150,83.150,0.2298
07.05.2019 15:19:00.000,83.157,83.228,83.147,83.178,0.2391
07.05.2019 15:20:00.000,83.177,83.177,83.067,83.068,0.2002
07.05.2019 15:21:00.000,83.067,83.248,83.067,83.237,0.1176
07.05.2019 15:22:00.000,83.238,83.238,83.157,83.167,0.3856
07.05.2019 15:23:00.000,83.167,83.238,83.167,83.168,0.1987
07.05.2019 15:24:00.000,83.168,83.207,83.127,83.198,0.1925
07.05.2019 15:25:00.000,83.198,83.198,83.067,83.087,0.1958
07.05.2019 15:26:00.000,83.087,83.178,83.068,83.107,0.407
07.05.2019 15:27:00.000,83.101,83.277,83.091,83.277,0.3092
07.05.2019 15:28:00.000,83.278,83.388,83.260,83.358,0.1896
07.05.2019 15:29:00.000,83.368,83.378,83.308,83.358,0.1265
07.05.2019 15:30:00.000,83.357,83.438,83.357,83.407,0.0856
07.05.2019 15:31:00.000,83.408,83.448,83.407,83.448,0.0513
07.05.2019 15:32:00.000,83.467,83.578,83.438,83.567,0.2244
07.05.2019 15:33:00.000,83.567,83.567,83.417,83.428,0.1291
07.05.2019 15:34:00.000,83.439,83.448,83.417,83.440,0.1663
07.05.2019 15:35:00.000,83.448,83.448,83.387,83.388,0.1606
07.05.2019 15:36:00.000,83.398,83.438,83.357,83.388,0.1205
07.05.2019 15:37:00.000,83.388,83.388,83.267,83.278,0.0393
07.05.2019 15:38:00.000,83.268,83.328,83.227,83.328,0.0888
07.05.2019 15:39:00.000,83.329,83.468,83.327,83.428,0.1159
07.05.2019 15:40:00.000,83.438,83.678,83.438,83.618,0.24
07.05.2019 15:41:00.000,83.617,83.638,83.479,83.518,0.0842
07.05.2019 15:42:00.000,83.519,83.598,83.487,83.488,0.2214
07.05.2019 15:43:00.000,83.498,83.518,83.457,83.478,0.2012
07.05.2019 15:44:00.000,83.477,83.528,83.428,83.518,0.0305
07.05.2019 15:45:00.000,83.517,83.598,83.467,83.588,0.1359
07.05.2019 15:46:00.000,83.587,83.637,83.567,83.598,0.1525
07.05.2019 15:47:00.000,83.607,83.607,83.507,83.518,0.072
07.05.2019 15:48:00.000,83.527,83.548,83.487,83.547,0.0785
07.05.2019 15:49:00.000,83.548,83.648,83.528,83.558,0.2173
07.05.2019 15:50:00.000,83.558,83.558,83.377,83.417,0.243
07.05.2019 15:51:00.000,83.417,83.517,83.417,83.498,0.1157
07.05.2019 15:52:00.000,83.498,83.540,83.447,83.488,0.1042
07.05.2019 15:53:00.000,83.488,83.518,83.447,83.448,0.1521
07.05.2019 15:54:00.000,83.448,83.517,83.437,83.517,0.0967
07.05.2019 15:55:00.000,83.517,83.549,83.508,83.527,0.2376
07.05.2019 15:56:00.000,83.528,83.528,83.429,83.471,0.1405
07.05.2019 15:57:00.000,83.478,83.478,83.378,83.447,0.2108
07.05.2019 15:58:00.000,83.447,83.525,83.417,83.525,0.2962
07.05.2019 15:59:00.000,83.528,83.528,83.447,83.484,0.1896
07.05.2019 16:00:00.000,83.490,83.490,83.457,83.458,0.118
07.05.2019 16:01:00.000,83.479,83.498,83.458,83.478,0.1915
07.05.2019 16:02:00.000,83.478,83.548,83.447,83.467,0.388
07.05.2019 16:03:00.000,83.478,83.519,83.437,83.488,0.2307
07.05.2019 16:04:00.000,83.487,83.548,83.487,83.518,0.1565
07.05.2019 16:05:00.000,83.517,83.568,83.478,83.568,0.2048
07.05.2019 16:06:00.000,83.578,83.658,83.578,83.608,0.148
07.05.2019 16:07:00.000,83.618,83.698,83.608,83.698,0.122
07.05.2019 16:08:00.000,83.698,83.728,83.607,83.638,0.1694
07.05.2019 16:09:00.000,83.638,83.638,83.568,83.577,0.1
07.05.2019 16:10:00.000,83.578,83.648,83.578,83.638,0.1886
07.05.2019 16:11:00.000,83.639,83.648,83.597,83.598,0.0926
07.05.2019 16:12:00.000,83.608,83.638,83.568,83.568,0.1005
07.05.2019 16:13:00.000,83.567,83.608,83.557,83.558,0.1403
07.05.2019 16:14:00.000,83.558,83.598,83.497,83.498,0.0712
07.05.2019 16:15:00.000,83.508,83.600,83.497,83.600,0.1272
07.05.2019 16:16:00.000,83.608,83.618,83.527,83.588,0.2111
07.05.2019 16:17:00.000,83.568,83.607,83.548,83.558,0.0678
07.05.2019 16:18:00.000,83.538,83.588,83.527,83.539,0.0457
07.05.2019 16:19:00.000,83.538,83.568,83.497,83.568,0.2028
07.05.2019 16:20:00.000,83.567,83.658,83.567,83.658,0.1791
07.05.2019 16:21:00.000,83.657,83.688,83.627,83.678,0.0929
07.05.2019 16:22:00.000,83.677,83.808,83.650,83.777,0.1611
07.05.2019 16:23:00.000,83.788,83.848,83.747,83.848,0.157
07.05.2019 16:24:00.000,83.847,83.869,83.768,83.868,0.1937
07.05.2019 16:25:00.000,83.869,83.918,83.869,83.901,0.1561
07.05.2019 16:26:00.000,83.908,83.918,83.867,83.898,0.1463
07.05.2019 16:27:00.000,83.897,83.940,83.868,83.939,0.1415
07.05.2019 16:28:00.000,83.939,84.057,83.939,84.048,0.1269
07.05.2019 16:29:00.000,84.058,84.078,84.027,84.028,0.0662
07.05.2019 16:30:00.000,84.028,84.059,83.998,84.058,0.2007
07.05.2019 16:31:00.000,84.057,84.138,84.057,84.108,0.2912
07.05.2019 16:32:00.000,84.108,84.128,84.068,84.128,0.2818
07.05.2019 16:33:00.000,84.137,84.188,84.107,84.107,0.1301
07.05.2019 16:34:00.000,84.108,84.110,83.908,83.958,0.2192
07.05.2019 16:35:00.000,83.957,84.048,83.957,84.027,0.1788
07.05.2019 16:36:00.000,84.027,84.028,83.977,84.028,0.1591
07.05.2019 16:37:00.000,84.027,84.048,83.990,84.048,0.2005
07.05.2019 16:38:00.000,84.048,84.147,84.037,84.118,0.2245
07.05.2019 16:39:00.000,84.109,84.127,84.008,84.057,0.1644
07.05.2019 16:40:00.000,84.068,84.070,84.027,84.058,0.1827
07.05.2019 16:41:00.000,84.047,84.048,83.977,83.987,0.1434
07.05.2019 16:42:00.000,83.988,84.070,83.947,84.038,0.1256
07.05.2019 16:43:00.000,84.038,84.038,83.938,83.938,0.1475
07.05.2019 16:44:00.000,83.938,83.938,83.847,83.847,0.1181
07.05.2019 16:45:00.000,83.857,83.908,83.828,83.907,0.1744
07.05.2019 16:46:00.000,83.918,83.948,83.908,83.928,0.1001
07.05.2019 16:47:00.000,83.928,83.968,83.918,83.968,0.0926
07.05.2019 16:48:00.000,83.977,83.988,83.917,83.968,0.1021
07.05.2019 16:49:00.000,83.967,84.010,83.961,83.998,0.1766
07.05.2019 16:50:00.000,83.998,84.058,83.947,83.957,0.2096
07.05.2019 16:51:00.000,83.957,84.058,83.947,84.058,0.0718
07.05.2019 16:52:00.000,84.048,84.168,84.048,84.158,0.1675
07.05.2019 16:53:00.000,84.158,84.158,84.037,84.038,0.1827
07.05.2019 16:54:00.000,84.038,84.128,84.037,84.128,0.1431
07.05.2019 16:55:00.000,84.128,84.128,84.098,84.111,0.1125
07.05.2019 16:56:00.000,84.111,84.111,83.967,83.998,0.1862
07.05.2019 16:57:00.000,84.008,84.018,83.988,84.017,0.1193
07.05.2019 16:58:00.000,84.017,84.017,83.937,83.968,0.1249
07.05.2019 16:59:00.000,83.968,83.968,83.818,83.858,0.188
07.05.2019 17:00:00.000,83.857,83.908,83.817,83.877,0.2146
07.05.2019 17:01:00.000,83.867,83.868,83.807,83.807,0.1666
07.05.2019 17:02:00.000,83.808,83.871,83.797,83.807,0.1573
07.05.2019 17:03:00.000,83.797,83.818,83.727,83.768,0.0922
07.05.2019 17:04:00.000,83.768,83.770,83.727,83.737,0.2981
07.05.2019 17:05:00.000,83.738,83.758,83.698,83.708,0.3525
07.05.2019 17:06:00.000,83.707,83.730,83.638,83.638,0.169
07.05.2019 17:07:00.000,83.638,83.680,83.617,83.648,0.2181
07.05.2019 17:08:00.000,83.648,83.648,83.548,83.558,0.1119
07.05.2019 17:09:00.000,83.557,83.668,83.511,83.647,0.2788
07.05.2019 17:10:00.000,83.648,83.668,83.607,83.668,0.2087
07.05.2019 17:11:00.000,83.667,83.728,83.657,83.668,0.27
07.05.2019 17:12:00.000,83.668,83.668,83.637,83.667,0.1352
07.05.2019 17:13:00.000,83.678,83.718,83.657,83.699,0.1575
07.05.2019 17:14:00.000,83.718,83.778,83.677,83.677,0.1633
07.05.2019 17:15:00.000,83.678,83.678,83.607,83.638,0.1126
07.05.2019 17:16:00.000,83.648,83.688,83.607,83.608,0.1641
07.05.2019 17:17:00.000,83.618,83.628,83.567,83.617,0.1727
07.05.2019 17:18:00.000,83.618,83.618,83.538,83.550,0.1151
07.05.2019 17:19:00.000,83.558,83.570,83.507,83.537,0.1601
07.05.2019 17:20:00.000,83.537,83.588,83.518,83.568,0.0942
07.05.2019 17:21:00.000,83.567,83.607,83.547,83.598,0.1468
07.05.2019 17:22:00.000,83.597,83.598,83.517,83.518,0.1682
07.05.2019 17:23:00.000,83.528,83.530,83.487,83.487,0.1994
07.05.2019 17:24:00.000,83.487,83.528,83.467,83.497,0.1214
07.05.2019 17:25:00.000,83.508,83.528,83.467,83.478,0.0579
07.05.2019 17:26:00.000,83.468,83.558,83.468,83.530,0.1904
07.05.2019 17:27:00.000,83.528,83.539,83.467,83.488,0.0943
07.05.2019 17:28:00.000,83.488,83.498,83.467,83.468,0.1791
07.05.2019 17:29:00.000,83.468,83.508,83.468,83.497,0.1335
07.05.2019 17:30:00.000,83.488,83.518,83.467,83.507,0.2483
07.05.2019 17:31:00.000,83.507,83.508,83.468,83.477,0.1529
07.05.2019 17:32:00.000,83.477,83.558,83.477,83.549,0.1568
07.05.2019 17:33:00.000,83.557,83.558,83.497,83.530,0.1221
07.05.2019 17:34:00.000,83.528,83.657,83.528,83.608,0.1458
07.05.2019 17:35:00.000,83.607,83.618,83.537,83.557,0.0861
07.05.2019 17:36:00.000,83.558,83.567,83.487,83.488,0.2682
07.05.2019 17:37:00.000,83.488,83.508,83.468,83.487,0.0806
07.05.2019 17:38:00.000,83.491,83.520,83.458,83.478,0.3387
07.05.2019 17:39:00.000,83.497,83.550,83.477,83.498,0.0976
07.05.2019 17:40:00.000,83.510,83.537,83.457,83.537,0.1945
07.05.2019 17:41:00.000,83.537,83.561,83.487,83.497,0.2
07.05.2019 17:42:00.000,83.497,83.501,83.457,83.499,0.2002
07.05.2019 17:43:00.000,83.498,83.508,83.457,83.488,0.233
07.05.2019 17:44:00.000,83.478,83.522,83.458,83.522,0.2851
07.05.2019 17:45:00.000,83.520,83.638,83.520,83.608,0.2098
07.05.2019 17:46:00.000,83.608,83.668,83.607,83.631,0.157
07.05.2019 17:47:00.000,83.631,83.728,83.631,83.727,0.1088
07.05.2019 17:48:00.000,83.727,83.830,83.697,83.830,0.17
07.05.2019 17:49:00.000,83.830,83.838,83.788,83.827,0.1671
07.05.2019 17:50:00.000,83.828,83.858,83.808,83.828,0.1107
07.05.2019 17:51:00.000,83.828,83.901,83.828,83.878,0.1559
07.05.2019 17:52:00.000,83.877,83.908,83.857,83.878,0.1225
07.05.2019 17:53:00.000,83.878,83.878,83.807,83.808,0.072
07.05.2019 17:54:00.000,83.807,83.880,83.807,83.878,0.0411
07.05.2019 17:55:00.000,83.880,83.880,83.807,83.808,0.0599
07.05.2019 17:56:00.000,83.827,83.888,83.827,83.868,0.0545
07.05.2019 17:57:00.000,83.868,83.868,83.738,83.738,0.0502
07.05.2019 17:58:00.000,83.748,83.788,83.748,83.788,0.1151
07.05.2019 17:59:00.000,83.801,83.818,83.727,83.737,0.1466
07.05.2019 18:00:00.000,83.737,83.760,83.707,83.718,0.169
07.05.2019 18:01:00.000,83.717,83.800,83.717,83.758,0.2101
07.05.2019 18:02:00.000,83.768,83.768,83.707,83.729,0.1157
07.05.2019 18:03:00.000,83.729,83.748,83.667,83.698,0.2096
07.05.2019 18:04:00.000,83.698,83.758,83.688,83.710,0.2344
07.05.2019 18:05:00.000,83.708,83.828,83.708,83.827,0.1325
07.05.2019 18:06:00.000,83.828,83.878,83.768,83.877,0.0693
07.05.2019 18:07:00.000,83.877,83.898,83.827,83.847,0.1249
07.05.2019 18:08:00.000,83.858,83.898,83.808,83.858,0.165
07.05.2019 18:09:00.000,83.857,83.861,83.787,83.800,0.2853
07.05.2019 18:10:00.000,83.808,83.858,83.787,83.858,0.1201
07.05.2019 18:11:00.000,83.857,83.857,83.757,83.758,0.0942
07.05.2019 18:12:00.000,83.757,83.798,83.757,83.788,0.1576
07.05.2019 18:13:00.000,83.787,83.788,83.727,83.727,0.0378
07.05.2019 18:14:00.000,83.728,83.730,83.667,83.708,0.1093
07.05.2019 18:15:00.000,83.707,83.791,83.688,83.768,0.3604
07.05.2019 18:16:00.000,83.759,83.770,83.687,83.688,0.171
07.05.2019 18:17:00.000,83.687,83.697,83.597,83.597,0.1641
07.05.2019 18:18:00.000,83.587,83.637,83.538,83.637,0.2385
07.05.2019 18:19:00.000,83.637,83.698,83.607,83.607,0.2453
07.05.2019 18:20:00.000,83.641,83.738,83.638,83.738,0.1932
07.05.2019 18:21:00.000,83.740,83.850,83.738,83.778,0.0641
07.05.2019 18:22:00.000,83.777,83.798,83.767,83.778,0.0299
07.05.2019 18:23:00.000,83.787,83.868,83.707,83.707,0.1177
07.05.2019 18:24:00.000,83.717,83.748,83.627,83.638,0.0404
07.05.2019 18:25:00.000,83.647,83.688,83.560,83.607,0.0829
07.05.2019 18:26:00.000,83.598,83.648,83.578,83.588,0.1102
07.05.2019 18:27:00.000,83.558,83.658,83.558,83.580,0.0867
07.05.2019 18:28:00.000,83.578,83.618,83.548,83.598,0.0832
07.05.2019 18:29:00.000,83.598,83.598,83.527,83.538,0.0513
07.05.2019 18:30:00.000,83.537,83.628,83.537,83.558,0.1569
07.05.2019 18:31:00.000,83.558,83.568,83.497,83.508,0.0616
07.05.2019 18:32:00.000,83.507,83.508,83.468,83.478,0.1358
07.05.2019 18:33:00.000,83.477,83.488,83.458,83.480,0.168
07.05.2019 18:34:00.000,83.480,83.587,83.468,83.578,0.2602
07.05.2019 18:35:00.000,83.577,83.658,83.577,83.658,0.1974
07.05.2019 18:36:00.000,83.657,83.678,83.587,83.628,0.3388
07.05.2019 18:37:00.000,83.627,83.748,83.627,83.738,0.1038
07.05.2019 18:38:00.000,83.738,83.738,83.608,83.678,0.3364
07.05.2019 18:39:00.000,83.669,83.758,83.669,83.747,0.1198
07.05.2019 18:40:00.000,83.757,83.868,83.757,83.858,0.2798
07.05.2019 18:41:00.000,83.857,83.897,83.807,83.888,0.134
07.05.2019 18:42:00.000,83.897,83.898,83.807,83.847,0.0839
07.05.2019 18:43:00.000,83.848,83.857,83.787,83.788,0.0088
07.05.2019 18:44:00.000,83.787,83.788,83.718,83.727,0.0602
07.05.2019 18:45:00.000,83.728,83.788,83.721,83.778,0.1253
07.05.2019 18:46:00.000,83.777,83.838,83.777,83.798,0.1126
07.05.2019 18:47:00.000,83.818,83.898,83.807,83.808,0.1177
07.05.2019 18:48:00.000,83.798,83.848,83.787,83.790,0.139
07.05.2019 18:49:00.000,83.788,83.828,83.768,83.798,0.1109
07.05.2019 18:50:00.000,83.798,83.840,83.777,83.828,0.1555
07.05.2019 18:51:00.000,83.827,83.888,83.827,83.868,0.0713
07.05.2019 18:52:00.000,83.848,83.928,83.817,83.928,0.1292
07.05.2019 18:53:00.000,83.928,83.938,83.907,83.927,0.1143
07.05.2019 18:54:00.000,83.947,84.028,83.947,84.028,0.0598
07.05.2019 18:55:00.000,84.028,84.039,83.947,83.958,0.1296
07.05.2019 18:56:00.000,83.958,84.028,83.957,83.958,0.0593
07.05.2019 18:57:00.000,83.957,83.968,83.891,83.948,0.1034
07.05.2019 18:58:00.000,83.947,83.968,83.867,83.888,0.0697
07.05.2019 18:59:00.000,83.888,83.898,83.827,83.848,0.1266
07.05.2019 19:00:00.000,83.838,83.918,83.827,83.868,0.0998
07.05.2019 19:01:00.000,83.867,83.888,83.857,83.859,0.1052
07.05.2019 19:02:00.000,83.859,83.908,83.827,83.847,0.0628
07.05.2019 19:03:00.000,83.837,83.868,83.817,83.867,0.0879
07.05.2019 19:04:00.000,83.867,83.878,83.847,83.878,0.1403
07.05.2019 19:05:00.000,83.888,83.968,83.877,83.877,0.1558
07.05.2019 19:06:00.000,83.888,83.888,83.767,83.768,0.1196
07.05.2019 19:07:00.000,83.767,83.838,83.748,83.837,0.0947
07.05.2019 19:08:00.000,83.838,83.878,83.827,83.858,0.0459
07.05.2019 19:09:00.000,83.857,83.968,83.857,83.938,0.162
07.05.2019 19:10:00.000,83.937,84.038,83.917,84.018,0.0619
07.05.2019 19:11:00.000,84.019,84.168,84.018,84.168,0.1456
07.05.2019 19:12:00.000,84.168,84.338,84.168,84.308,0.1986
07.05.2019 19:13:00.000,84.308,84.308,84.248,84.248,0.0965
07.05.2019 19:14:00.000,84.250,84.250,84.138,84.138,0.1959
07.05.2019 19:15:00.000,84.128,84.208,84.128,84.158,0.1412
07.05.2019 19:16:00.000,84.138,84.237,84.138,84.218,0.1202
07.05.2019 19:17:00.000,84.218,84.228,84.147,84.198,0.1319
07.05.2019 19:18:00.000,84.187,84.187,84.087,84.098,0.1804
07.05.2019 19:19:00.000,84.107,84.178,84.107,84.178,0.0863
07.05.2019 19:20:00.000,84.178,84.208,84.148,84.197,0.1429
07.05.2019 19:21:00.000,84.198,84.198,84.117,84.151,0.1483
07.05.2019 19:22:00.000,84.158,84.158,84.097,84.128,0.1596
07.05.2019 19:23:00.000,84.147,84.148,84.098,84.128,0.1079
07.05.2019 19:24:00.000,84.138,84.188,84.088,84.088,0.2972
07.05.2019 19:25:00.000,84.117,84.187,84.078,84.087,0.2496
07.05.2019 19:26:00.000,84.098,84.107,84.037,84.058,0.1517
07.05.2019 19:27:00.000,84.068,84.070,84.038,84.038,0.1265
07.05.2019 19:28:00.000,84.038,84.088,84.038,84.067,0.1855
07.05.2019 19:29:00.000,84.067,84.068,83.957,83.978,0.0674
07.05.2019 19:30:00.000,83.978,83.988,83.867,83.878,0.2379
07.05.2019 19:31:00.000,83.877,83.888,83.827,83.848,0.1975
07.05.2019 19:32:00.000,83.848,83.898,83.827,83.888,0.3061
07.05.2019 19:33:00.000,83.888,83.948,83.878,83.878,0.1963
07.05.2019 19:34:00.000,83.877,83.898,83.827,83.848,0.3756
07.05.2019 19:35:00.000,83.838,83.890,83.838,83.871,0.1545
07.05.2019 19:36:00.000,83.871,83.928,83.798,83.798,0.1761
07.05.2019 19:37:00.000,83.798,83.840,83.761,83.840,0.2193
07.05.2019 19:38:00.000,83.837,83.848,83.798,83.818,0.2733
07.05.2019 19:39:00.000,83.818,83.888,83.817,83.838,0.2177
07.05.2019 19:40:00.000,83.837,83.918,83.837,83.898,0.1728
07.05.2019 19:41:00.000,83.908,83.978,83.898,83.968,0.1707
07.05.2019 19:42:00.000,83.968,84.069,83.967,84.008,0.2076
07.05.2019 19:43:00.000,84.007,84.098,84.007,84.078,0.2397
07.05.2019 19:44:00.000,84.077,84.139,84.077,84.118,0.0834
07.05.2019 19:45:00.000,84.127,84.208,84.117,84.198,0.2021
07.05.2019 19:46:00.000,84.208,84.238,84.137,84.170,0.2925
07.05.2019 19:47:00.000,84.171,84.179,84.108,84.167,0.3013
07.05.2019 19:48:00.000,84.168,84.258,84.168,84.258,0.1551
07.05.2019 19:49:00.000,84.257,84.258,84.168,84.239,0.2801
07.05.2019 19:50:00.000,84.239,84.259,84.177,84.238,0.3096
07.05.2019 19:51:00.000,84.241,84.298,84.238,84.298,0.3187
07.05.2019 19:52:00.000,84.308,84.380,84.307,84.308,0.3692
07.05.2019 19:53:00.000,84.308,84.347,84.278,84.331,0.2674
07.05.2019 19:54:00.000,84.337,84.388,84.308,84.317,0.2252
07.05.2019 19:55:00.000,84.318,84.508,84.318,84.418,0.443
07.05.2019 19:56:00.000,84.418,84.458,84.348,84.348,0.276
07.05.2019 19:57:00.000,84.347,84.348,84.287,84.329,0.287
07.05.2019 19:58:00.000,84.329,84.358,84.307,84.358,0.3461
07.05.2019 19:59:00.000,84.358,84.410,84.298,84.308,0.5979
08.05.2019 13:30:00.000,83.137,83.678,82.898,83.502,0.138
08.05.2019 13:31:00.000,83.447,83.588,83.447,83.578,0.0925
08.05.2019 13:32:00.000,83.578,83.778,83.577,83.777,0.0183
08.05.2019 13:33:00.000,83.788,83.928,83.548,83.598,0.055
08.05.2019 13:34:00.000,83.597,83.878,83.488,83.877,0.0303
08.05.2019 13:35:00.000,83.877,84.268,83.858,84.228,0.0806
08.05.2019 13:36:00.000,84.238,84.358,84.217,84.338,0.0396
08.05.2019 13:37:00.000,84.337,84.498,84.337,84.378,0.0919
08.05.2019 13:38:00.000,84.377,84.488,84.358,84.448,0.1666
08.05.2019 13:39:00.000,84.427,84.578,84.418,84.518,0.1252
08.05.2019 13:40:00.000,84.517,84.628,84.398,84.608,0.0066
08.05.2019 13:41:00.000,84.608,84.748,84.577,84.748,0.1225
08.05.2019 13:42:00.000,84.747,84.748,84.398,84.398,0.1432
08.05.2019 13:43:00.000,84.398,84.398,84.107,84.108,0.116
08.05.2019 13:44:00.000,84.128,84.318,84.127,84.187,0.0336
08.05.2019 13:45:00.000,84.188,84.258,84.118,84.257,0.0696
08.05.2019 13:46:00.000,84.257,84.478,84.257,84.478,0.0262
08.05.2019 13:47:00.000,84.477,84.518,84.418,84.518,0.0867
08.05.2019 13:48:00.000,84.517,84.758,84.517,84.748,0.0735
08.05.2019 13:49:00.000,84.747,84.778,84.710,84.747,0.11
08.05.2019 13:50:00.000,84.747,84.747,84.587,84.587,0.1426
08.05.2019 13:51:00.000,84.608,84.668,84.587,84.618,0.0707
08.05.2019 13:52:00.000,84.618,84.618,84.467,84.467,0.0837
08.05.2019 13:53:00.000,84.467,84.467,84.168,84.217,0.0746
08.05.2019 13:54:00.000,84.217,84.308,84.217,84.268,0.0233
08.05.2019 13:55:00.000,84.278,84.278,84.088,84.168,0.058
08.05.2019 13:56:00.000,84.168,84.288,84.168,84.247,0.0253
08.05.2019 13:57:00.000,84.278,84.338,84.207,84.207,0.1103
08.05.2019 13:58:00.000,84.208,84.268,84.137,84.228,0.1241
08.05.2019 13:59:00.000,84.248,84.388,84.248,84.348,0.0792
08.05.2019 14:00:00.000,84.347,84.438,84.347,84.378,0.1115
08.05.2019 14:01:00.000,84.388,84.388,84.277,84.288,0.1968
08.05.2019 14:02:00.000,84.288,84.288,84.127,84.188,0.0607
08.05.2019 14:03:00.000,84.188,84.338,84.137,84.338,0.1144
08.05.2019 14:04:00.000,84.338,84.468,84.297,84.468,0.124
08.05.2019 14:05:00.000,84.467,84.508,84.467,84.508,0.0752
08.05.2019 14:06:00.000,84.488,84.518,84.448,84.487,0.1234
08.05.2019 14:07:00.000,84.488,84.598,84.487,84.597,0.0595
08.05.2019 14:08:00.000,84.598,84.678,84.597,84.658,0.0784
08.05.2019 14:09:00.000,84.667,84.717,84.617,84.667,0.0517
08.05.2019 14:10:00.000,84.698,84.727,84.607,84.688,0.0696
08.05.2019 14:11:00.000,84.708,84.808,84.708,84.808,0.1561
08.05.2019 14:12:00.000,84.807,84.838,84.779,84.797,0.1382
08.05.2019 14:13:00.000,84.817,84.817,84.617,84.668,0.0912
08.05.2019 14:14:00.000,84.668,84.678,84.617,84.677,0.0898
08.05.2019 14:15:00.000,84.688,84.697,84.507,84.518,0.1254
08.05.2019 14:16:00.000,84.517,84.568,84.478,84.567,0.041
08.05.2019 14:17:00.000,84.567,84.608,84.557,84.558,0.0623
08.05.2019 14:18:00.000,84.577,84.607,84.548,84.597,0.0292
08.05.2019 14:19:00.000,84.597,84.598,84.427,84.428,0.0702
08.05.2019 14:20:00.000,84.427,84.508,84.427,84.428,0.0792
08.05.2019 14:21:00.000,84.427,84.428,84.248,84.307,0.08
08.05.2019 14:22:00.000,84.307,84.347,84.197,84.338,0.0512
08.05.2019 14:23:00.000,84.337,84.367,84.288,84.367,0.0773
08.05.2019 14:24:00.000,84.358,84.438,84.358,84.427,0.0391
08.05.2019 14:25:00.000,84.418,84.418,84.307,84.358,0.073
08.05.2019 14:26:00.000,84.367,84.368,84.147,84.157,0.1019
08.05.2019 14:27:00.000,84.148,84.187,84.050,84.078,0.0952
08.05.2019 14:28:00.000,84.087,84.088,83.949,83.958,0.0999
08.05.2019 14:29:00.000,83.948,83.948,83.887,83.918,0.1189
08.05.2019 14:30:00.000,83.917,84.138,83.917,84.058,0.1603
08.05.2019 14:31:00.000,84.058,84.060,83.901,83.908,0.1409
08.05.2019 14:32:00.000,83.908,83.908,83.662,83.698,0.0713
08.05.2019 14:33:00.000,83.697,83.718,83.567,83.608,0.0464
08.05.2019 14:34:00.000,83.607,83.608,83.577,83.578,0.0341
08.05.2019 14:35:00.000,83.598,83.608,83.538,83.538,0.0396
08.05.2019 14:36:00.000,83.548,83.558,83.487,83.527,0.0789
08.05.2019 14:37:00.000,83.529,83.618,83.507,83.568,0.1522
08.05.2019 14:38:00.000,83.588,83.677,83.567,83.598,0.1002
08.05.2019 14:39:00.000,83.598,83.598,83.507,83.560,0.1946
08.05.2019 14:40:00.000,83.577,83.588,83.477,83.588,0.2398
08.05.2019 14:41:00.000,83.588,83.668,83.588,83.667,0.0682
08.05.2019 14:42:00.000,83.668,83.718,83.597,83.618,0.1103
08.05.2019 14:43:00.000,83.617,83.738,83.558,83.708,0.0799
08.05.2019 14:44:00.000,83.728,83.737,83.677,83.688,0.0332
08.05.2019 14:45:00.000,83.688,83.698,83.677,83.687,0.0851
08.05.2019 14:46:00.000,83.688,83.778,83.688,83.698,0.081
08.05.2019 14:47:00.000,83.698,83.698,83.598,83.637,0.0547
08.05.2019 14:48:00.000,83.647,83.737,83.628,83.687,0.0487
08.05.2019 14:49:00.000,83.688,83.688,83.577,83.577,0.1299
08.05.2019 14:50:00.000,83.578,83.588,83.517,83.517,0.1233
08.05.2019 14:51:00.000,83.518,83.528,83.478,83.498,0.0892
08.05.2019 14:52:00.000,83.497,83.498,83.367,83.398,0.0199
08.05.2019 14:53:00.000,83.397,83.397,83.248,83.278,0.0867
08.05.2019 14:54:00.000,83.308,83.308,83.217,83.217,0.1209
08.05.2019 14:55:00.000,83.218,83.228,83.087,83.088,0.033
08.05.2019 14:56:00.000,83.098,83.278,83.087,83.198,0.0649
08.05.2019 14:57:00.000,83.198,83.198,83.068,83.068,0.0485
08.05.2019 14:58:00.000,83.067,83.068,82.897,82.898,0.0906
08.05.2019 14:59:00.000,82.887,83.277,82.847,83.267,0.1962
08.05.2019 15:00:00.000,83.277,83.488,83.237,83.477,0.1548
08.05.2019 15:01:00.000,83.477,83.518,83.388,83.388,0.2962
08.05.2019 15:02:00.000,83.387,83.478,83.357,83.468,0.192
08.05.2019 15:03:00.000,83.457,83.618,83.418,83.618,0.1351
08.05.2019 15:04:00.000,83.618,83.678,83.597,83.677,0.1833
08.05.2019 15:05:00.000,83.677,83.768,83.647,83.768,0.1796
08.05.2019 15:06:00.000,83.808,83.808,83.767,83.808,0.0722
08.05.2019 15:07:00.000,83.807,83.908,83.807,83.868,0.0949
08.05.2019 15:08:00.000,83.868,83.878,83.807,83.848,0.0942
08.05.2019 15:09:00.000,83.838,83.868,83.697,83.708,0.1648
08.05.2019 15:10:00.000,83.718,83.798,83.657,83.788,0.0739
08.05.2019 15:11:00.000,83.788,83.788,83.637,83.667,0.1321
08.05.2019 15:12:00.000,83.668,83.668,83.507,83.538,0.1627
08.05.2019 15:13:00.000,83.538,83.568,83.467,83.567,0.076
08.05.2019 15:14:00.000,83.567,83.618,83.547,83.548,0.1758
08.05.2019 15:15:00.000,83.548,83.628,83.508,83.508,0.1687
08.05.2019 15:16:00.000,83.518,83.578,83.448,83.478,0.0916
08.05.2019 15:17:00.000,83.488,83.538,83.447,83.488,0.1505
08.05.2019 15:18:00.000,83.487,83.538,83.478,83.478,0.1535
08.05.2019 15:19:00.000,83.478,83.488,83.357,83.428,0.0797
08.05.2019 15:20:00.000,83.418,83.418,83.327,83.397,0.0945
08.05.2019 15:21:00.000,83.397,83.397,83.207,83.218,0.2127
08.05.2019 15:22:00.000,83.217,83.318,83.178,83.178,0.0826
08.05.2019 15:23:00.000,83.177,83.198,83.077,83.098,0.0753
08.05.2019 15:24:00.000,83.097,83.178,83.087,83.128,0.0773
08.05.2019 15:25:00.000,83.108,83.118,82.988,83.097,0.1977
08.05.2019 15:26:00.000,83.098,83.098,82.907,82.908,0.1644
08.05.2019 15:27:00.000,82.908,82.918,82.787,82.798,0.0613
08.05.2019 15:28:00.000,82.798,82.958,82.798,82.887,0.0726
08.05.2019 15:29:00.000,82.888,82.958,82.837,82.858,0.0658
08.05.2019 15:30:00.000,82.858,82.907,82.837,82.868,0.0817
08.05.2019 15:31:00.000,82.907,83.018,82.907,83.018,0.1113
08.05.2019 15:32:00.000,83.027,83.027,82.967,82.968,0.1663
08.05.2019 15:33:00.000,82.978,82.978,82.747,82.748,0.1298
08.05.2019 15:34:00.000,82.757,82.808,82.667,82.698,0.1502
08.05.2019 15:35:00.000,82.707,82.758,82.638,82.697,0.1177
08.05.2019 15:36:00.000,82.698,82.698,82.598,82.648,0.1704
08.05.2019 15:37:00.000,82.647,82.658,82.517,82.617,0.1235
08.05.2019 15:38:00.000,82.618,82.638,82.558,82.558,0.0443
08.05.2019 15:39:00.000,82.558,82.608,82.547,82.588,0.1911
08.05.2019 15:40:00.000,82.588,82.658,82.557,82.657,0.1304
08.05.2019 15:41:00.000,82.657,82.657,82.497,82.538,0.1614
08.05.2019 15:42:00.000,82.537,82.548,82.447,82.458,0.1767
08.05.2019 15:43:00.000,82.467,82.478,82.437,82.467,0.0892
08.05.2019 15:44:00.000,82.477,82.497,82.437,82.488,0.0661
08.05.2019 15:45:00.000,82.487,82.638,82.437,82.638,0.1108
08.05.2019 15:46:00.000,82.638,82.638,82.417,82.428,0.2151
08.05.2019 15:47:00.000,82.428,82.448,82.368,82.388,0.092
08.05.2019 15:48:00.000,82.377,82.438,82.347,82.438,0.1368
08.05.2019 15:49:00.000,82.438,82.448,82.407,82.418,0.0678
08.05.2019 15:50:00.000,82.427,82.438,82.397,82.438,0.0267
08.05.2019 15:51:00.000,82.428,82.428,82.367,82.398,0.1414
08.05.2019 15:52:00.000,82.397,82.398,82.358,82.368,0.0715
08.05.2019 15:53:00.000,82.368,82.378,82.247,82.247,0.0879
08.05.2019 15:54:00.000,82.248,82.268,82.237,82.257,0.1081
08.05.2019 15:55:00.000,82.258,82.268,82.117,82.128,0.1144
08.05.2019 15:56:00.000,82.128,82.268,82.107,82.268,0.0784
08.05.2019 15:57:00.000,82.267,82.407,82.267,82.398,0.0826
08.05.2019 15:58:00.000,82.397,82.398,82.287,82.318,0.1305
08.05.2019 15:59:00.000,82.317,82.317,82.198,82.198,0.1053
08.05.2019 16:00:00.000,82.198,82.288,82.197,82.288,0.1027
08.05.2019 16:01:00.000,82.288,82.328,82.247,82.277,0.1672
08.05.2019 16:02:00.000,82.278,82.278,82.208,82.208,0.0932
08.05.2019 16:03:00.000,82.198,82.198,82.078,82.088,0.0998
08.05.2019 16:04:00.000,82.087,82.248,82.087,82.217,0.1387
08.05.2019 16:05:00.000,82.218,82.338,82.217,82.328,0.0886
08.05.2019 16:06:00.000,82.328,82.478,82.297,82.478,0.1364
08.05.2019 16:07:00.000,82.478,82.498,82.417,82.498,0.167
08.05.2019 16:08:00.000,82.498,82.518,82.417,82.417,0.0679
08.05.2019 16:09:00.000,82.417,82.428,82.357,82.357,0.0926
08.05.2019 16:10:00.000,82.348,82.378,82.307,82.378,0.0644
08.05.2019 16:11:00.000,82.378,82.387,82.278,82.278,0.0743
08.05.2019 16:12:00.000,82.278,82.337,82.227,82.337,0.2108
08.05.2019 16:13:00.000,82.338,82.338,82.207,82.248,0.1435
08.05.2019 16:14:00.000,82.248,82.268,82.207,82.258,0.1372
08.05.2019 16:15:00.000,82.258,82.268,82.207,82.208,0.1644
08.05.2019 16:16:00.000,82.208,82.238,82.087,82.087,0.2669
08.05.2019 16:17:00.000,82.078,82.128,82.067,82.108,0.209
08.05.2019 16:18:00.000,82.108,82.288,82.107,82.288,0.1823
08.05.2019 16:19:00.000,82.288,82.288,82.197,82.197,0.1083
08.05.2019 16:20:00.000,82.207,82.218,82.157,82.197,0.1289
08.05.2019 16:21:00.000,82.207,82.298,82.198,82.288,0.1169
08.05.2019 16:22:00.000,82.297,82.487,82.297,82.457,0.1824
08.05.2019 16:23:00.000,82.458,82.508,82.448,82.488,0.1933
08.05.2019 16:24:00.000,82.488,82.518,82.448,82.488,0.0874
08.05.2019 16:25:00.000,82.488,82.507,82.427,82.428,0.0539
08.05.2019 16:26:00.000,82.427,82.567,82.417,82.518,0.1571
08.05.2019 16:27:00.000,82.508,82.558,82.498,82.508,0.0443
08.05.2019 16:28:00.000,82.508,82.517,82.458,82.517,0.1383
08.05.2019 16:29:00.000,82.518,82.528,82.507,82.518,0.099
08.05.2019 16:30:00.000,82.517,82.517,82.427,82.458,0.1725
08.05.2019 16:31:00.000,82.458,82.458,82.417,82.418,0.0526
08.05.2019 16:32:00.000,82.428,82.458,82.417,82.428,0.0431
08.05.2019 16:33:00.000,82.428,82.448,82.418,82.448,0.0944
08.05.2019 16:34:00.000,82.457,82.508,82.448,82.488,0.0619
08.05.2019 16:35:00.000,82.488,82.528,82.437,82.527,0.119
08.05.2019 16:36:00.000,82.528,82.568,82.527,82.528,0.08
08.05.2019 16:37:00.000,82.537,82.688,82.537,82.688,0.0374
08.05.2019 16:38:00.000,82.688,82.688,82.587,82.598,0.1509
08.05.2019 16:39:00.000,82.598,82.658,82.568,82.658,0.1336
08.05.2019 16:40:00.000,82.647,82.748,82.647,82.727,0.0892
08.05.2019 16:41:00.000,82.728,82.758,82.677,82.748,0.0654
08.05.2019 16:42:00.000,82.747,82.748,82.688,82.708,0.0782
08.05.2019 16:43:00.000,82.727,82.738,82.707,82.737,0.0891
08.05.2019 16:44:00.000,82.738,82.768,82.737,82.758,0.0786
08.05.2019 16:45:00.000,82.758,82.788,82.707,82.728,0.0827
08.05.2019 16:46:00.000,82.738,82.798,82.727,82.768,0.1059
08.05.2019 16:47:00.000,82.778,82.808,82.777,82.777,0.0486
08.05.2019 16:48:00.000,82.777,82.888,82.757,82.868,0.0183
08.05.2019 16:49:00.000,82.867,82.968,82.867,82.907,0.1298
08.05.2019 16:50:00.000,82.917,82.917,82.888,82.898,0.0397
08.05.2019 16:51:00.000,82.887,83.018,82.887,83.018,0.1031
08.05.2019 16:52:00.000,83.018,83.018,82.987,82.997,0.0447
08.05.2019 16:53:00.000,83.018,83.018,82.938,82.938,0.037
08.05.2019 16:54:00.000,82.938,82.958,82.917,82.958,0.0503
08.05.2019 16:55:00.000,82.958,82.968,82.867,82.868,0.0139
08.05.2019 16:56:00.000,82.868,82.958,82.867,82.958,0.0207
08.05.2019 16:57:00.000,82.957,82.978,82.948,82.968,0.0452
08.05.2019 16:58:00.000,82.967,83.048,82.967,83.038,0.0843
08.05.2019 16:59:00.000,83.038,83.048,83.027,83.027,0.0816
08.05.2019 17:00:00.000,83.038,83.058,83.018,83.058,0.1178
08.05.2019 17:01:00.000,83.067,83.098,82.977,82.987,0.1133
08.05.2019 17:02:00.000,82.988,83.038,82.988,82.998,0.0401
08.05.2019 17:03:00.000,82.997,83.077,82.997,83.058,0.0691
08.05.2019 17:04:00.000,83.057,83.078,83.057,83.058,0.0654
08.05.2019 17:05:00.000,83.058,83.067,82.987,82.987,0.0646
08.05.2019 17:06:00.000,82.988,82.998,82.957,82.968,0.1531
08.05.2019 17:07:00.000,82.968,82.998,82.947,82.998,0.1379
08.05.2019 17:08:00.000,82.997,82.998,82.868,82.868,0.0642
08.05.2019 17:09:00.000,82.877,82.878,82.778,82.788,0.0929
08.05.2019 17:10:00.000,82.788,82.788,82.737,82.757,0.2245
08.05.2019 17:11:00.000,82.758,82.758,82.737,82.758,0.0932
08.05.2019 17:12:00.000,82.758,82.798,82.698,82.708,0.1084
08.05.2019 17:13:00.000,82.707,82.708,82.657,82.708,0.119
08.05.2019 17:14:00.000,82.707,82.748,82.688,82.697,0.1012
08.05.2019 17:15:00.000,82.708,82.718,82.647,82.647,0.1002
08.05.2019 17:16:00.000,82.638,82.638,82.567,82.618,0.0042
08.05.2019 17:17:00.000,82.617,82.638,82.568,82.608,0.1036
08.05.2019 17:18:00.000,82.608,82.608,82.557,82.558,0.0359
08.05.2019 17:19:00.000,82.577,82.588,82.547,82.577,0.1029
08.05.2019 17:20:00.000,82.578,82.638,82.558,82.637,0.0859
08.05.2019 17:21:00.000,82.637,82.668,82.637,82.647,0.024
08.05.2019 17:22:00.000,82.647,82.718,82.647,82.708,0.1078
08.05.2019 17:23:00.000,82.727,82.768,82.727,82.748,0.0118
08.05.2019 17:24:00.000,82.748,82.768,82.727,82.727,0.0875
08.05.2019 17:25:00.000,82.728,82.748,82.727,82.748,0.0227
08.05.2019 17:26:00.000,82.747,82.747,82.727,82.738,0.0595
08.05.2019 17:27:00.000,82.718,82.718,82.707,82.718,0.0497
08.05.2019 17:28:00.000,82.728,82.738,82.687,82.688,0.0675
08.05.2019 17:29:00.000,82.688,82.688,82.647,82.658,0.0498
08.05.2019 17:30:00.000,82.667,82.698,82.658,82.678,0.0866
08.05.2019 17:31:00.000,82.697,82.737,82.647,82.737,0.0647
08.05.2019 17:32:00.000,82.728,82.728,82.707,82.718,0.0532
08.05.2019 17:33:00.000,82.718,82.728,82.677,82.687,0.0808
08.05.2019 17:34:00.000,82.688,82.698,82.677,82.678,0.0241
08.05.2019 17:35:00.000,82.677,82.678,82.577,82.578,0.0608
08.05.2019 17:36:00.000,82.568,82.598,82.527,82.528,0.1218
08.05.2019 17:37:00.000,82.527,82.638,82.527,82.628,0.0532
08.05.2019 17:38:00.000,82.628,82.647,82.607,82.608,0.1482
08.05.2019 17:39:00.000,82.607,82.607,82.577,82.578,0.0291
08.05.2019 17:40:00.000,82.588,82.588,82.547,82.547,0.0502
08.05.2019 17:41:00.000,82.547,82.548,82.527,82.538,0.0145
08.05.2019 17:42:00.000,82.538,82.618,82.527,82.618,0.0577
08.05.2019 17:43:00.000,82.618,82.618,82.597,82.598,0.0921
08.05.2019 17:44:00.000,82.598,82.598,82.548,82.548,0.0911
08.05.2019 17:45:00.000,82.548,82.558,82.518,82.518,0.0614
08.05.2019 17:46:00.000,82.537,82.548,82.507,82.508,0.0469
08.05.2019 17:47:00.000,82.507,82.508,82.437,82.448,0.0537
08.05.2019 17:48:00.000,82.448,82.468,82.427,82.438,0.0584
08.05.2019 17:49:00.000,82.457,82.508,82.457,82.457,0.0125
08.05.2019 17:50:00.000,82.467,82.478,82.457,82.458,0.021
08.05.2019 17:51:00.000,82.458,82.478,82.438,82.448,0.0276
08.05.2019 17:52:00.000,82.468,82.468,82.417,82.428,0.0353
08.05.2019 17:53:00.000,82.428,82.438,82.367,82.368,0.1022
08.05.2019 17:54:00.000,82.367,82.418,82.347,82.418,0.0356
08.05.2019 17:55:00.000,82.417,82.448,82.408,82.417,0.0283
08.05.2019 17:56:00.000,82.418,82.438,82.407,82.408,0.0185
08.05.2019 17:57:00.000,82.428,82.458,82.427,82.448,0.0723
08.05.2019 17:58:00.000,82.437,82.438,82.387,82.427,0.0474
08.05.2019 17:59:00.000,82.427,82.438,82.407,82.438,0.0175
08.05.2019 18:00:00.000,82.437,82.438,82.417,82.418,0.0243
08.05.2019 18:01:00.000,82.417,82.417,82.387,82.388,0.0949
08.05.2019 18:02:00.000,82.398,82.418,82.367,82.368,0.1254
08.05.2019 18:03:00.000,82.368,82.388,82.358,82.358,0.0667
08.05.2019 18:04:00.000,82.358,82.388,82.357,82.358,0.0381
08.05.2019 18:05:00.000,82.357,82.367,82.348,82.348,0.0558
08.05.2019 18:06:00.000,82.358,82.378,82.357,82.368,0.2323
08.05.2019 18:07:00.000,82.368,82.378,82.367,82.367,0.0756
08.05.2019 18:08:00.000,82.368,82.387,82.357,82.368,0.091
08.05.2019 18:09:00.000,82.378,82.398,82.378,82.387,0.0698
08.05.2019 18:10:00.000,82.387,82.397,82.348,82.397,0.1216
08.05.2019 18:11:00.000,82.388,82.418,82.367,82.387,0.0821
08.05.2019 18:12:00.000,82.388,82.388,82.317,82.358,0.063
08.05.2019 18:13:00.000,82.357,82.368,82.317,82.357,0.1412
08.05.2019 18:14:00.000,82.357,82.358,82.357,82.357,0.0316
08.05.2019 18:15:00.000,82.358,82.398,82.338,82.348,0.0705
08.05.2019 18:16:00.000,82.348,82.388,82.347,82.378,0.0415
08.05.2019 18:17:00.000,82.387,82.388,82.377,82.378,0.0435
08.05.2019 18:18:00.000,82.387,82.388,82.347,82.347,0.0566
08.05.2019 18:19:00.000,82.348,82.348,82.327,82.327,0.0466
08.05.2019 18:20:00.000,82.328,82.338,82.328,82.338,0.0305
08.05.2019 18:21:00.000,82.348,82.348,82.328,82.338,0.0285
08.05.2019 18:22:00.000,82.337,82.338,82.327,82.337,0.1042
08.05.2019 18:23:00.000,82.338,82.348,82.337,82.348,0.0348
08.05.2019 18:24:00.000,82.347,82.428,82.347,82.418,0.1469
08.05.2019 18:25:00.000,82.418,82.428,82.408,82.408,0.112
08.05.2019 18:26:00.000,82.407,82.418,82.407,82.418,0.032
08.05.2019 18:27:00.000,82.427,82.438,82.417,82.418,0.147
08.05.2019 18:28:00.000,82.417,82.418,82.407,82.408,0.0233
08.05.2019 18:29:00.000,82.407,82.408,82.367,82.377,0.0129
08.05.2019 18:30:00.000,82.378,82.418,82.377,82.408,0.0748
08.05.2019 18:31:00.000,82.407,82.448,82.387,82.447,0.0745
08.05.2019 18:32:00.000,82.448,82.448,82.417,82.418,0.0311
08.05.2019 18:33:00.000,82.417,82.438,82.417,82.428,0.0205
08.05.2019 18:34:00.000,82.427,82.448,82.407,82.438,0.0441
08.05.2019 18:35:00.000,82.437,82.448,82.417,82.438,0.0305
08.05.2019 18:36:00.000,82.447,82.448,82.428,82.428,0.0284
08.05.2019 18:37:00.000,82.428,82.428,82.327,82.328,0.1501
08.05.2019 18:38:00.000,82.338,82.438,82.338,82.428,0.053
08.05.2019 18:39:00.000,82.428,82.437,82.358,82.377,0.1531
08.05.2019 18:40:00.000,82.387,82.418,82.378,82.417,0.1009
08.05.2019 18:41:00.000,82.428,82.448,82.428,82.437,0.0102
08.05.2019 18:42:00.000,82.438,82.438,82.397,82.428,0.0803
08.05.2019 18:43:00.000,82.417,82.428,82.417,82.427,0.0565
08.05.2019 18:44:00.000,82.427,82.438,82.398,82.428,0.1258
08.05.2019 18:45:00.000,82.428,82.428,82.358,82.378,0.0947
08.05.2019 18:46:00.000,82.387,82.388,82.377,82.388,0.0479
08.05.2019 18:47:00.000,82.387,82.428,82.358,82.418,0.068
08.05.2019 18:48:00.000,82.417,82.428,82.397,82.417,0.0735
08.05.2019 18:49:00.000,82.418,82.478,82.407,82.478,0.0937
08.05.2019 18:50:00.000,82.477,82.478,82.457,82.458,0.0844
08.05.2019 18:51:00.000,82.457,82.458,82.438,82.448,0.0442
08.05.2019 18:52:00.000,82.447,82.447,82.398,82.417,0.1333
08.05.2019 18:53:00.000,82.428,82.458,82.418,82.458,0.1003
08.05.2019 18:54:00.000,82.457,82.468,82.457,82.458,0.0484
08.05.2019 18:55:00.000,82.458,82.477,82.448,82.448,0.0699
08.05.2019 18:56:00.000,82.448,82.458,82.398,82.457,0.0947
08.05.2019 18:57:00.000,82.458,82.488,82.458,82.458,0.1094
08.05.2019 18:58:00.000,82.457,82.478,82.457,82.477,0.0223
08.05.2019 18:59:00.000,82.478,82.478,82.447,82.448,0.0793
08.05.2019 19:00:00.000,82.448,82.528,82.448,82.468,0.1071
08.05.2019 19:01:00.000,82.468,82.468,82.398,82.398,0.0586
08.05.2019 19:02:00.000,82.407,82.468,82.407,82.467,0.1039
08.05.2019 19:03:00.000,82.468,82.468,82.417,82.428,0.1592
08.05.2019 19:04:00.000,82.428,82.428,82.347,82.348,0.1198
08.05.2019 19:05:00.000,82.347,82.348,82.287,82.288,0.1007
08.05.2019 19:06:00.000,82.288,82.378,82.287,82.378,0.0884
08.05.2019 19:07:00.000,82.377,82.388,82.357,82.358,0.064
08.05.2019 19:08:00.000,82.338,82.348,82.308,82.308,0.1155
08.05.2019 19:09:00.000,82.318,82.358,82.298,82.318,0.0597
08.05.2019 19:10:00.000,82.327,82.408,82.327,82.408,0.0772
08.05.2019 19:11:00.000,82.407,82.448,82.388,82.397,0.069
08.05.2019 19:12:00.000,82.398,82.438,82.388,82.388,0.071
08.05.2019 19:13:00.000,82.398,82.508,82.387,82.497,0.048
08.05.2019 19:14:00.000,82.498,82.507,82.407,82.407,0.1213
08.05.2019 19:15:00.000,82.408,82.438,82.387,82.397,0.0504
08.05.2019 19:16:00.000,82.397,82.398,82.347,82.358,0.0456
08.05.2019 19:17:00.000,82.357,82.368,82.337,82.348,0.0818
08.05.2019 19:18:00.000,82.348,82.418,82.348,82.418,0.0988
08.05.2019 19:19:00.000,82.427,82.517,82.427,82.478,0.0541
08.05.2019 19:20:00.000,82.477,82.508,82.458,82.507,0.0852
08.05.2019 19:21:00.000,82.527,82.558,82.517,82.558,0.0759
08.05.2019 19:22:00.000,82.557,82.588,82.518,82.567,0.0822
08.05.2019 19:23:00.000,82.568,82.578,82.488,82.498,0.0873
08.05.2019 19:24:00.000,82.507,82.527,82.497,82.508,0.1081
08.05.2019 19:25:00.000,82.498,82.568,82.497,82.568,0.1551
08.05.2019 19:26:00.000,82.567,82.598,82.547,82.597,0.1128
08.05.2019 19:27:00.000,82.598,82.628,82.577,82.607,0.0645
08.05.2019 19:28:00.000,82.618,82.618,82.577,82.578,0.0759
08.05.2019 19:29:00.000,82.577,82.588,82.547,82.588,0.078
08.05.2019 19:30:00.000,82.597,82.618,82.587,82.608,0.0849
08.05.2019 19:31:00.000,82.617,82.658,82.617,82.628,0.0676
08.05.2019 19:32:00.000,82.628,82.708,82.617,82.697,0.1646
08.05.2019 19:33:00.000,82.698,82.708,82.687,82.698,0.0941
08.05.2019 19:34:00.000,82.697,82.748,82.697,82.748,0.2123
08.05.2019 19:35:00.000,82.747,82.748,82.677,82.718,0.0995
08.05.2019 19:36:00.000,82.718,82.808,82.718,82.768,0.1512
08.05.2019 19:37:00.000,82.767,82.767,82.707,82.717,0.0829
08.05.2019 19:38:00.000,82.718,82.758,82.708,82.758,0.0634
08.05.2019 19:39:00.000,82.757,82.768,82.747,82.748,0.0782
08.05.2019 19:40:00.000,82.747,82.758,82.708,82.758,0.1368
08.05.2019 19:41:00.000,82.757,82.778,82.717,82.767,0.1074
08.05.2019 19:42:00.000,82.767,82.807,82.737,82.807,0.0763
08.05.2019 19:43:00.000,82.808,82.908,82.807,82.898,0.1142
08.05.2019 19:44:00.000,82.897,82.898,82.827,82.858,0.1104
08.05.2019 19:45:00.000,82.857,82.878,82.727,82.728,0.1676
08.05.2019 19:46:00.000,82.728,82.728,82.618,82.648,0.2373
08.05.2019 19:47:00.000,82.648,82.688,82.598,82.668,0.2202
08.05.2019 19:48:00.000,82.678,82.678,82.617,82.648,0.1617
08.05.2019 19:49:00.000,82.658,82.688,82.607,82.618,0.0926
08.05.2019 19:50:00.000,82.607,82.608,82.487,82.488,0.2254
08.05.2019 19:51:00.000,82.487,82.578,82.457,82.568,0.2407
08.05.2019 19:52:00.000,82.578,82.598,82.538,82.558,0.2162
08.05.2019 19:53:00.000,82.568,82.568,82.507,82.507,0.1931
08.05.2019 19:54:00.000,82.517,82.548,82.507,82.538,0.2432
08.05.2019 19:55:00.000,82.537,82.538,82.417,82.418,0.2282
08.05.2019 19:56:00.000,82.417,82.478,82.407,82.407,0.3278
08.05.2019 19:57:00.000,82.408,82.418,82.327,82.337,0.3381
08.05.2019 19:58:00.000,82.338,82.368,82.307,82.337,0.2365
08.05.2019 19:59:00.000,82.338,82.398,82.257,82.378,0.3709
09.05.2019 13:30:00.000,81.588,81.667,81.108,81.437,0.1371
09.05.2019 13:31:00.000,81.437,81.548,81.437,81.497,0.0191
09.05.2019 13:32:00.000,81.488,81.677,81.487,81.677,0.0038
09.05.2019 13:33:00.000,81.668,81.668,81.457,81.458,0.0584
09.05.2019 13:34:00.000,81.457,81.558,81.258,81.318,0.236
09.05.2019 13:35:00.000,81.348,81.378,81.217,81.238,0.412
09.05.2019 13:36:00.000,81.238,81.238,80.747,80.758,0.246
09.05.2019 13:37:00.000,80.758,81.037,80.758,80.817,0.1624
09.05.2019 13:38:00.000,80.817,80.978,80.817,80.958,0.2471
09.05.2019 13:39:00.000,80.958,80.998,80.827,80.828,0.1987
09.05.2019 13:40:00.000,80.798,80.858,80.677,80.677,0.2766
09.05.2019 13:41:00.000,80.687,80.908,80.598,80.838,0.2501
09.05.2019 13:42:00.000,80.838,80.838,80.547,80.588,0.2385
09.05.2019 13:43:00.000,80.567,80.567,80.247,80.287,0.3187
09.05.2019 13:44:00.000,80.287,80.287,80.027,80.077,0.465
09.05.2019 13:45:00.000,80.088,80.108,80.037,80.038,0.3953
09.05.2019 13:46:00.000,80.037,80.068,79.658,79.668,0.278
09.05.2019 13:47:00.000,79.667,79.907,79.587,79.898,0.1107
09.05.2019 13:48:00.000,79.897,79.968,79.797,79.798,0.2625
09.05.2019 13:49:00.000,79.798,79.997,79.727,79.868,0.2908
09.05.2019 13:50:00.000,79.868,79.868,79.317,79.327,0.5767
09.05.2019 13:51:00.000,79.327,79.358,79.188,79.188,0.1672
09.05.2019 13:52:00.000,79.168,79.198,79.007,79.018,0.2111
09.05.2019 13:53:00.000,79.027,79.097,78.918,78.958,0.1727
09.05.2019 13:54:00.000,78.958,79.018,78.908,78.998,0.1744
09.05.2019 13:55:00.000,78.988,79.178,78.988,79.087,0.4596
09.05.2019 13:56:00.000,79.088,79.467,79.088,79.437,0.4194
09.05.2019 13:57:00.000,79.438,79.688,79.438,79.597,0.2659
09.05.2019 13:58:00.000,79.587,79.587,79.398,79.507,0.2463
09.05.2019 13:59:00.000,79.498,79.707,79.357,79.668,0.3125
09.05.2019 14:00:00.000,79.678,79.868,79.667,79.838,0.4322
09.05.2019 14:01:00.000,79.838,79.838,79.597,79.697,0.2565
09.05.2019 14:02:00.000,79.687,79.688,79.397,79.508,0.2119
09.05.2019 14:03:00.000,79.508,79.658,79.477,79.658,0.2306
09.05.2019 14:04:00.000,79.658,79.708,79.558,79.608,0.3091
09.05.2019 14:05:00.000,79.607,79.678,79.497,79.518,0.1685
09.05.2019 14:06:00.000,79.518,79.758,79.487,79.658,0.2933
09.05.2019 14:07:00.000,79.658,79.658,79.398,79.398,0.3558
09.05.2019 14:08:00.000,79.398,79.468,79.357,79.388,0.2526
09.05.2019 14:09:00.000,79.387,79.558,79.387,79.508,0.1128
09.05.2019 14:10:00.000,79.508,79.588,79.508,79.518,0.2949
09.05.2019 14:11:00.000,79.528,79.817,79.528,79.798,0.3082
09.05.2019 14:12:00.000,79.797,79.808,79.657,79.658,0.2034
09.05.2019 14:13:00.000,79.657,79.658,79.537,79.628,0.1554
09.05.2019 14:14:00.000,79.638,79.698,79.627,79.628,0.1965
09.05.2019 14:15:00.000,79.628,79.628,79.567,79.578,0.2313
09.05.2019 14:16:00.000,79.578,79.578,79.448,79.448,0.2685
09.05.2019 14:17:00.000,79.448,79.448,79.278,79.288,0.2623
09.05.2019 14:18:00.000,79.278,79.308,79.247,79.298,0.2681
09.05.2019 14:19:00.000,79.297,79.298,79.067,79.097,0.2203
09.05.2019 14:20:00.000,79.098,79.148,79.067,79.138,0.2471
09.05.2019 14:21:00.000,79.128,79.147,79.087,79.088,0.1351
09.05.2019 14:22:00.000,79.087,79.088,79.007,79.027,0.2015
09.05.2019 14:23:00.000,79.028,79.128,79.028,79.068,0.1457
09.05.2019 14:24:00.000,79.068,79.068,78.958,79.008,0.1133
09.05.2019 14:25:00.000,79.008,79.008,78.807,78.828,0.3894
09.05.2019 14:26:00.000,78.827,78.877,78.777,78.818,0.2555
09.05.2019 14:27:00.000,78.818,78.908,78.818,78.867,0.0559
09.05.2019 14:28:00.000,78.867,79.118,78.857,79.118,0.2055
09.05.2019 14:29:00.000,79.128,79.188,79.027,79.027,0.2878
09.05.2019 14:30:00.000,79.028,79.078,78.848,78.858,0.1357
09.05.2019 14:31:00.000,78.857,79.058,78.857,79.057,0.0806
09.05.2019 14:32:00.000,79.058,79.218,79.057,79.178,0.1707
09.05.2019 14:33:00.000,79.178,79.368,79.177,79.217,0.2763
09.05.2019 14:34:00.000,79.217,79.348,79.117,79.348,0.1188
09.05.2019 14:35:00.000,79.348,79.438,79.258,79.308,0.2773
09.05.2019 14:36:00.000,79.308,79.308,79.117,79.127,0.2505
09.05.2019 14:37:00.000,79.118,79.128,79.047,79.048,0.1582
09.05.2019 14:38:00.000,79.047,79.047,78.927,78.928,0.1436
09.05.2019 14:39:00.000,78.927,78.958,78.797,78.837,0.2901
09.05.2019 14:40:00.000,78.858,78.878,78.807,78.878,0.0672
09.05.2019 14:41:00.000,78.858,78.928,78.758,78.928,0.1597
09.05.2019 14:42:00.000,78.918,79.138,78.917,79.077,0.1098
09.05.2019 14:43:00.000,79.077,79.288,79.037,79.287,0.2263
09.05.2019 14:44:00.000,79.287,79.297,79.198,79.228,0.1227
09.05.2019 14:45:00.000,79.228,79.338,79.218,79.338,0.2375
09.05.2019 14:46:00.000,79.338,79.398,79.277,79.348,0.0795
09.05.2019 14:47:00.000,79.358,79.468,79.358,79.468,0.1475
09.05.2019 14:48:00.000,79.468,79.528,79.367,79.367,0.1639
09.05.2019 14:49:00.000,79.368,79.438,79.318,79.397,0.255
09.05.2019 14:50:00.000,79.398,79.418,79.337,79.398,0.1964
09.05.2019 14:51:00.000,79.397,79.468,79.327,79.358,0.2085
09.05.2019 14:52:00.000,79.358,79.358,79.237,79.288,0.1428
09.05.2019 14:53:00.000,79.278,79.318,79.188,79.317,0.1165
09.05.2019 14:54:00.000,79.318,79.318,79.157,79.198,0.1576
09.05.2019 14:55:00.000,79.198,79.268,79.138,79.237,0.1229
09.05.2019 14:56:00.000,79.218,79.308,79.207,79.308,0.1388
09.05.2019 14:57:00.000,79.328,79.438,79.308,79.348,0.1768
09.05.2019 14:58:00.000,79.348,79.468,79.337,79.338,0.043
09.05.2019 14:59:00.000,79.337,79.368,79.327,79.348,0.0938
09.05.2019 15:00:00.000,79.348,79.498,79.328,79.497,0.2133
09.05.2019 15:01:00.000,79.497,79.648,79.497,79.638,0.1706
09.05.2019 15:02:00.000,79.648,79.748,79.627,79.728,0.109
09.05.2019 15:03:00.000,79.728,79.728,79.558,79.558,0.1881
09.05.2019 15:04:00.000,79.567,79.688,79.528,79.688,0.1125
09.05.2019 15:05:00.000,79.688,79.688,79.567,79.588,0.2619
09.05.2019 15:06:00.000,79.588,79.608,79.548,79.578,0.1417
09.05.2019 15:07:00.000,79.578,79.688,79.487,79.688,0.193
09.05.2019 15:08:00.000,79.688,79.778,79.668,79.668,0.2079
09.05.2019 15:09:00.000,79.668,79.717,79.637,79.677,0.2102
09.05.2019 15:10:00.000,79.678,79.788,79.678,79.748,0.1447
09.05.2019 15:11:00.000,79.748,79.748,79.647,79.668,0.0729
09.05.2019 15:12:00.000,79.668,79.738,79.607,79.698,0.1303
09.05.2019 15:13:00.000,79.698,79.738,79.677,79.728,0.0908
09.05.2019 15:14:00.000,79.728,79.817,79.728,79.778,0.1295
09.05.2019 15:15:00.000,79.778,79.877,79.727,79.848,0.353
09.05.2019 15:16:00.000,79.848,79.897,79.787,79.897,0.1821
09.05.2019 15:17:00.000,79.907,79.908,79.758,79.758,0.175
09.05.2019 15:18:00.000,79.758,79.788,79.687,79.788,0.2271
09.05.2019 15:19:00.000,79.767,79.778,79.707,79.728,0.1676
09.05.2019 15:20:00.000,79.728,79.738,79.598,79.637,0.1974
09.05.2019 15:21:00.000,79.648,79.698,79.567,79.598,0.3273
09.05.2019 15:22:00.000,79.598,79.598,79.417,79.478,0.1705
09.05.2019 15:23:00.000,79.477,79.528,79.417,79.448,0.1372
09.05.2019 15:24:00.000,79.448,79.488,79.407,79.467,0.1049
09.05.2019 15:25:00.000,79.457,79.478,79.277,79.287,0.1627
09.05.2019 15:26:00.000,79.288,79.328,79.257,79.268,0.1757
09.05.2019 15:27:00.000,79.277,79.278,79.148,79.187,0.1815
09.05.2019 15:28:00.000,79.188,79.248,79.127,79.158,0.302
09.05.2019 15:29:00.000,79.167,79.168,79.018,79.098,0.1495
09.05.2019 15:30:00.000,79.097,79.228,79.097,79.178,0.1544
09.05.2019 15:31:00.000,79.187,79.198,79.097,79.188,0.1255
09.05.2019 15:32:00.000,79.187,79.298,79.137,79.297,0.1108
09.05.2019 15:33:00.000,79.297,79.338,79.267,79.308,0.2157
09.05.2019 15:34:00.000,79.318,79.398,79.308,79.358,0.1301
09.05.2019 15:35:00.000,79.368,79.568,79.358,79.568,0.1913
09.05.2019 15:36:00.000,79.568,79.588,79.468,79.508,0.1127
09.05.2019 15:37:00.000,79.508,79.528,79.438,79.458,0.1097
09.05.2019 15:38:00.000,79.458,79.568,79.457,79.568,0.113
09.05.2019 15:39:00.000,79.568,79.578,79.428,79.458,0.156
09.05.2019 15:40:00.000,79.458,79.578,79.448,79.478,0.1477
09.05.2019 15:41:00.000,79.477,79.478,79.238,79.248,0.1903
09.05.2019 15:42:00.000,79.258,79.258,79.118,79.118,0.0487
09.05.2019 15:43:00.000,79.118,79.118,79.078,79.098,0.0576
09.05.2019 15:44:00.000,79.088,79.138,79.087,79.098,0.1171
09.05.2019 15:45:00.000,79.097,79.148,79.077,79.128,0.1196
09.05.2019 15:46:00.000,79.128,79.158,79.078,79.148,0.0764
09.05.2019 15:47:00.000,79.148,79.168,79.078,79.168,0.0898
09.05.2019 15:48:00.000,79.168,79.178,79.147,79.168,0.0791
09.05.2019 15:49:00.000,79.167,79.328,79.148,79.317,0.0798
09.05.2019 15:50:00.000,79.317,79.358,79.277,79.358,0.1952
09.05.2019 15:51:00.000,79.358,79.427,79.307,79.378,0.1986
09.05.2019 15:52:00.000,79.377,79.377,79.217,79.238,0.1398
09.05.2019 15:53:00.000,79.228,79.278,79.187,79.268,0.0752
09.05.2019 15:54:00.000,79.277,79.498,79.277,79.448,0.1211
09.05.2019 15:55:00.000,79.448,79.588,79.448,79.567,0.1991
09.05.2019 15:56:00.000,79.588,79.628,79.567,79.598,0.0961
09.05.2019 15:57:00.000,79.588,79.588,79.447,79.447,0.1138
09.05.2019 15:58:00.000,79.448,79.448,79.347,79.368,0.1384
09.05.2019 15:59:00.000,79.367,79.438,79.327,79.437,0.0944
09.05.2019 16:00:00.000,79.438,79.448,79.347,79.397,0.183
09.05.2019 16:01:00.000,79.388,79.388,79.278,79.328,0.1046
09.05.2019 16:02:00.000,79.328,79.358,79.307,79.348,0.0163
09.05.2019 16:03:00.000,79.348,79.358,79.297,79.327,0.1023
09.05.2019 16:04:00.000,79.328,79.418,79.327,79.417,0.1616
09.05.2019 16:05:00.000,79.418,79.418,79.348,79.388,0.1406
09.05.2019 16:06:00.000,79.388,79.398,79.317,79.357,0.1223
09.05.2019 16:07:00.000,79.338,79.378,79.337,79.378,0.0551
09.05.2019 16:08:00.000,79.378,79.398,79.348,79.388,0.1097
09.05.2019 16:09:00.000,79.378,79.388,79.357,79.378,0.0378
09.05.2019 16:10:00.000,79.377,79.538,79.377,79.427,0.1043
09.05.2019 16:11:00.000,79.428,79.468,79.428,79.438,0.1492
09.05.2019 16:12:00.000,79.438,79.438,79.377,79.417,0.118
09.05.2019 16:13:00.000,79.417,79.448,79.408,79.448,0.1023
09.05.2019 16:14:00.000,79.448,79.558,79.447,79.558,0.0938
09.05.2019 16:15:00.000,79.558,79.608,79.537,79.568,0.1708
09.05.2019 16:16:00.000,79.568,79.678,79.568,79.648,0.144
09.05.2019 16:17:00.000,79.668,79.748,79.587,79.727,0.1986
09.05.2019 16:18:00.000,79.718,79.778,79.688,79.778,0.1382
09.05.2019 16:19:00.000,79.778,79.778,79.707,79.718,0.1444
09.05.2019 16:20:00.000,79.708,79.708,79.657,79.708,0.0616
09.05.2019 16:21:00.000,79.707,79.707,79.638,79.638,0.0304
09.05.2019 16:22:00.000,79.637,79.678,79.587,79.678,0.0395
09.05.2019 16:23:00.000,79.658,79.738,79.617,79.708,0.1763
09.05.2019 16:24:00.000,79.697,79.718,79.647,79.678,0.2316
09.05.2019 16:25:00.000,79.688,79.888,79.678,79.817,0.1321
09.05.2019 16:26:00.000,79.818,80.058,79.818,80.027,0.1999
09.05.2019 16:27:00.000,80.038,80.068,79.948,80.028,0.2369
09.05.2019 16:28:00.000,80.018,80.187,80.018,80.178,0.237
09.05.2019 16:29:00.000,80.187,80.278,80.177,80.198,0.1365
09.05.2019 16:30:00.000,80.198,80.358,80.198,80.347,0.2427
09.05.2019 16:31:00.000,80.348,80.378,80.287,80.338,0.2424
09.05.2019 16:32:00.000,80.338,80.398,80.308,80.368,0.1535
09.05.2019 16:33:00.000,80.367,80.438,80.277,80.277,0.2971
09.05.2019 16:34:00.000,80.277,80.308,80.208,80.308,0.1234
09.05.2019 16:35:00.000,80.318,80.527,80.318,80.478,0.0528
09.05.2019 16:36:00.000,80.487,80.618,80.487,80.587,0.1419
09.05.2019 16:37:00.000,80.587,80.638,80.537,80.618,0.1208
09.05.2019 16:38:00.000,80.618,80.748,80.528,80.738,0.1432
09.05.2019 16:39:00.000,80.737,80.928,80.737,80.868,0.1692
09.05.2019 16:40:00.000,80.868,81.088,80.868,81.058,0.1307
09.05.2019 16:41:00.000,81.058,81.148,80.958,81.128,0.181
09.05.2019 16:42:00.000,81.178,81.258,81.077,81.077,0.3781
09.05.2019 16:43:00.000,81.078,81.148,80.848,80.848,0.1744
09.05.2019 16:44:00.000,80.808,81.098,80.808,81.088,0.1551
09.05.2019 16:45:00.000,81.088,81.097,81.018,81.018,0.1144
09.05.2019 16:46:00.000,81.008,81.008,80.888,80.888,0.1021
09.05.2019 16:47:00.000,80.887,80.888,80.708,80.708,0.1235
09.05.2019 16:48:00.000,80.708,80.708,80.598,80.638,0.1202
09.05.2019 16:49:00.000,80.627,80.748,80.608,80.688,0.2163
09.05.2019 16:50:00.000,80.688,80.768,80.618,80.768,0.0734
09.05.2019 16:51:00.000,80.778,80.787,80.698,80.698,0.165
09.05.2019 16:52:00.000,80.698,80.888,80.697,80.888,0.1598
09.05.2019 16:53:00.000,80.888,80.968,80.817,80.838,0.1995
09.05.2019 16:54:00.000,80.837,80.838,80.757,80.778,0.1123
09.05.2019 16:55:00.000,80.777,80.838,80.758,80.827,0.1101
09.05.2019 16:56:00.000,80.837,80.838,80.728,80.758,0.1605
09.05.2019 16:57:00.000,80.757,80.848,80.757,80.828,0.0537
09.05.2019 16:58:00.000,80.808,80.818,80.747,80.767,0.1326
09.05.2019 16:59:00.000,80.768,80.768,80.647,80.658,0.0977
09.05.2019 17:00:00.000,80.648,80.938,80.647,80.918,0.1202
09.05.2019 17:01:00.000,80.917,80.918,80.837,80.878,0.1084
09.05.2019 17:02:00.000,80.898,81.028,80.898,80.937,0.161
09.05.2019 17:03:00.000,80.948,81.068,80.947,81.048,0.1367
09.05.2019 17:04:00.000,81.048,81.088,81.017,81.088,0.1199
09.05.2019 17:05:00.000,81.087,81.138,81.048,81.128,0.0893
09.05.2019 17:06:00.000,81.158,81.228,81.107,81.208,0.169
09.05.2019 17:07:00.000,81.208,81.208,81.058,81.077,0.163
09.05.2019 17:08:00.000,81.068,81.068,80.858,80.898,0.1039
09.05.2019 17:09:00.000,80.898,80.918,80.868,80.868,0.1213
09.05.2019 17:10:00.000,80.877,80.907,80.838,80.867,0.112
09.05.2019 17:11:00.000,80.868,80.888,80.787,80.788,0.0606
09.05.2019 17:12:00.000,80.787,80.888,80.787,80.878,0.0285
09.05.2019 17:13:00.000,80.878,80.908,80.837,80.837,0.0611
09.05.2019 17:14:00.000,80.837,80.837,80.737,80.748,0.0782
09.05.2019 17:15:00.000,80.758,80.758,80.608,80.608,0.1439
09.05.2019 17:16:00.000,80.607,80.668,80.537,80.558,0.0566
09.05.2019 17:17:00.000,80.567,80.628,80.567,80.568,0.055
09.05.2019 17:18:00.000,80.568,80.607,80.478,80.478,0.1274
09.05.2019 17:19:00.000,80.478,80.498,80.417,80.488,0.0968
09.05.2019 17:20:00.000,80.498,80.518,80.438,80.477,0.1119
09.05.2019 17:21:00.000,80.478,80.568,80.478,80.558,0.1391
09.05.2019 17:22:00.000,80.557,80.568,80.488,80.508,0.1027
09.05.2019 17:23:00.000,80.498,80.578,80.498,80.557,0.1205
09.05.2019 17:24:00.000,80.548,80.598,80.537,80.578,0.0754
09.05.2019 17:25:00.000,80.578,80.628,80.567,80.628,0.0676
09.05.2019 17:26:00.000,80.617,80.648,80.608,80.618,0.0745
09.05.2019 17:27:00.000,80.617,80.678,80.587,80.667,0.0853
09.05.2019 17:28:00.000,80.668,80.698,80.627,80.658,0.0612
09.05.2019 17:29:00.000,80.657,80.707,80.657,80.698,0.0741
09.05.2019 17:30:00.000,80.688,80.748,80.657,80.657,0.1215
09.05.2019 17:31:00.000,80.658,80.698,80.627,80.647,0.0928
09.05.2019 17:32:00.000,80.648,80.708,80.647,80.668,0.0939
09.05.2019 17:33:00.000,80.667,80.698,80.637,80.638,0.2418
09.05.2019 17:34:00.000,80.638,80.688,80.637,80.638,0.2129
09.05.2019 17:35:00.000,80.637,80.667,80.607,80.658,0.1028
09.05.2019 17:36:00.000,80.657,80.668,80.617,80.657,0.0938
09.05.2019 17:37:00.000,80.658,80.658,80.617,80.638,0.1292
09.05.2019 17:38:00.000,80.638,80.668,80.617,80.658,0.091
09.05.2019 17:39:00.000,80.657,80.698,80.647,80.698,0.1025
09.05.2019 17:40:00.000,80.698,80.738,80.698,80.698,0.0803
09.05.2019 17:41:00.000,80.678,80.718,80.677,80.717,0.0401
09.05.2019 17:42:00.000,80.718,80.738,80.717,80.738,0.0122
09.05.2019 17:43:00.000,80.737,80.738,80.717,80.718,0.0533
09.05.2019 17:44:00.000,80.718,80.747,80.637,80.658,0.1332
09.05.2019 17:45:00.000,80.657,80.678,80.647,80.668,0.1808
09.05.2019 17:46:00.000,80.668,80.748,80.667,80.728,0.0754
09.05.2019 17:47:00.000,80.728,80.767,80.727,80.767,0.0935
09.05.2019 17:48:00.000,80.767,80.918,80.758,80.918,0.0558
09.05.2019 17:49:00.000,80.918,81.138,80.917,81.118,0.1755
09.05.2019 17:50:00.000,81.118,81.118,81.037,81.117,0.2004
09.05.2019 17:51:00.000,81.118,81.158,81.047,81.047,0.1515
09.05.2019 17:52:00.000,81.048,81.158,81.048,81.107,0.1007
09.05.2019 17:53:00.000,81.098,81.208,81.068,81.208,0.1492
09.05.2019 17:54:00.000,81.217,81.238,81.168,81.228,0.1204
09.05.2019 17:55:00.000,81.217,81.248,81.168,81.168,0.0887
09.05.2019 17:56:00.000,81.168,81.168,81.097,81.097,0.1217
09.05.2019 17:57:00.000,81.098,81.388,81.098,81.388,0.1641
09.05.2019 17:58:00.000,81.388,81.398,81.347,81.388,0.1606
09.05.2019 17:59:00.000,81.408,81.418,81.297,81.348,0.1653
09.05.2019 18:00:00.000,81.347,81.458,81.338,81.428,0.2224
09.05.2019 18:01:00.000,81.428,81.498,81.397,81.487,0.1129
09.05.2019 18:02:00.000,81.497,81.498,81.297,81.298,0.3146
09.05.2019 18:03:00.000,81.298,81.298,81.217,81.218,0.1353
09.05.2019 18:04:00.000,81.218,81.308,81.197,81.277,0.0802
09.05.2019 18:05:00.000,81.278,81.398,81.277,81.398,0.1035
09.05.2019 18:06:00.000,81.408,81.498,81.407,81.468,0.2598
09.05.2019 18:07:00.000,81.468,81.487,81.368,81.417,0.1923
09.05.2019 18:08:00.000,81.397,81.418,81.387,81.417,0.2716
09.05.2019 18:09:00.000,81.418,81.528,81.418,81.528,0.1147
09.05.2019 18:10:00.000,81.547,81.578,81.528,81.558,0.0778
09.05.2019 18:11:00.000,81.557,81.578,81.477,81.478,0.1135
09.05.2019 18:12:00.000,81.478,81.478,81.357,81.358,0.1289
09.05.2019 18:13:00.000,81.377,81.527,81.377,81.527,0.0531
09.05.2019 18:14:00.000,81.507,81.528,81.477,81.477,0.1186
09.05.2019 18:15:00.000,81.478,81.548,81.477,81.538,0.1064
09.05.2019 18:16:00.000,81.528,81.638,81.528,81.607,0.1723
09.05.2019 18:17:00.000,81.608,81.628,81.567,81.568,0.1149
09.05.2019 18:18:00.000,81.568,81.568,81.568,81.568,0.0261
09.05.2019 18:19:00.000,81.568,81.608,81.528,81.607,0.0911
09.05.2019 18:20:00.000,81.628,81.658,81.537,81.658,0.1348
09.05.2019 18:21:00.000,81.667,81.758,81.667,81.668,0.1713
09.05.2019 18:22:00.000,81.687,81.718,81.617,81.718,0.1799
09.05.2019 18:23:00.000,81.718,81.718,81.648,81.678,0.0458
09.05.2019 18:24:00.000,81.677,81.758,81.658,81.748,0.1396
09.05.2019 18:25:00.000,81.748,81.808,81.708,81.748,0.1675
09.05.2019 18:26:00.000,81.747,81.748,81.667,81.698,0.1383
09.05.2019 18:27:00.000,81.707,81.718,81.648,81.698,0.0274
09.05.2019 18:28:00.000,81.697,81.708,81.647,81.707,0.0604
09.05.2019 18:29:00.000,81.707,81.707,81.557,81.557,0.0682
09.05.2019 18:30:00.000,81.577,81.598,81.488,81.498,0.1103
09.05.2019 18:31:00.000,81.497,81.598,81.497,81.567,0.095
09.05.2019 18:32:00.000,81.567,81.688,81.567,81.667,0.141
09.05.2019 18:33:00.000,81.678,81.678,81.647,81.648,0.1365
09.05.2019 18:34:00.000,81.648,81.648,81.538,81.567,0.1442
09.05.2019 18:35:00.000,81.568,81.728,81.567,81.718,0.1533
09.05.2019 18:36:00.000,81.718,81.808,81.717,81.738,0.1913
09.05.2019 18:37:00.000,81.748,81.818,81.737,81.738,0.1334
09.05.2019 18:38:00.000,81.738,81.827,81.737,81.818,0.0254
09.05.2019 18:39:00.000,81.827,81.868,81.787,81.858,0.0589
09.05.2019 18:40:00.000,81.858,81.967,81.858,81.938,0.0465
09.05.2019 18:41:00.000,81.938,82.058,81.907,82.058,0.0724
09.05.2019 18:42:00.000,82.058,82.098,81.998,82.018,0.0508
09.05.2019 18:43:00.000,82.017,82.017,81.927,81.968,0.0818
09.05.2019 18:44:00.000,81.968,81.968,81.808,81.917,0.1172
09.05.2019 18:45:00.000,81.918,81.918,81.767,81.778,0.1066
09.05.2019 18:46:00.000,81.777,81.828,81.777,81.808,0.0484
09.05.2019 18:47:00.000,81.807,81.818,81.697,81.718,0.1613
09.05.2019 18:48:00.000,81.717,81.718,81.657,81.707,0.0726
09.05.2019 18:49:00.000,81.708,81.748,81.688,81.688,0.0625
09.05.2019 18:50:00.000,81.687,81.798,81.687,81.798,0.0603
09.05.2019 18:51:00.000,81.798,81.928,81.798,81.917,0.0986
09.05.2019 18:52:00.000,81.918,81.918,81.877,81.877,0.0529
09.05.2019 18:53:00.000,81.898,81.908,81.867,81.897,0.056
09.05.2019 18:54:00.000,81.898,81.898,81.797,81.798,0.1117
09.05.2019 18:55:00.000,81.777,81.788,81.707,81.707,0.0452
09.05.2019 18:56:00.000,81.697,81.718,81.628,81.648,0.1195
09.05.2019 18:57:00.000,81.648,81.648,81.627,81.647,0.0134
09.05.2019 18:58:00.000,81.648,81.648,81.498,81.508,0.0823
09.05.2019 18:59:00.000,81.518,81.547,81.478,81.537,0.1188
09.05.2019 19:00:00.000,81.538,81.578,81.438,81.438,0.1121
09.05.2019 19:01:00.000,81.417,81.498,81.408,81.487,0.0715
09.05.2019 19:02:00.000,81.487,81.528,81.477,81.498,0.2108
09.05.2019 19:03:00.000,81.497,81.618,81.467,81.598,0.1899
09.05.2019 19:04:00.000,81.608,81.707,81.608,81.638,0.1474
09.05.2019 19:05:00.000,81.638,81.678,81.628,81.658,0.1014
09.05.2019 19:06:00.000,81.658,81.678,81.608,81.627,0.1894
09.05.2019 19:07:00.000,81.618,81.618,81.508,81.517,0.1796
09.05.2019 19:08:00.000,81.498,81.538,81.408,81.408,0.1247
09.05.2019 19:09:00.000,81.408,81.418,81.327,81.387,0.126
09.05.2019 19:10:00.000,81.388,81.398,81.357,81.357,0.131
09.05.2019 19:11:00.000,81.358,81.438,81.358,81.438,0.077
09.05.2019 19:12:00.000,81.437,81.518,81.397,81.518,0.1406
09.05.2019 19:13:00.000,81.518,81.648,81.488,81.628,0.1226
09.05.2019 19:14:00.000,81.628,81.628,81.518,81.548,0.1708
09.05.2019 19:15:00.000,81.558,81.658,81.558,81.627,0.1679
09.05.2019 19:16:00.000,81.638,81.668,81.627,81.628,0.0873
09.05.2019 19:17:00.000,81.627,81.638,81.608,81.628,0.0424
09.05.2019 19:18:00.000,81.637,81.767,81.637,81.738,0.0681
09.05.2019 19:19:00.000,81.728,81.808,81.727,81.797,0.1131
09.05.2019 19:20:00.000,81.778,81.798,81.728,81.748,0.1487
09.05.2019 19:21:00.000,81.748,81.777,81.728,81.768,0.0702
09.05.2019 19:22:00.000,81.767,81.898,81.758,81.887,0.0826
09.05.2019 19:23:00.000,81.887,81.918,81.818,81.828,0.0863
09.05.2019 19:24:00.000,81.828,81.858,81.817,81.828,0.1264
09.05.2019 19:25:00.000,81.828,81.918,81.817,81.888,0.1321
09.05.2019 19:26:00.000,81.887,81.908,81.887,81.898,0.1442
09.05.2019 19:27:00.000,81.897,81.988,81.887,81.988,0.0838
09.05.2019 19:28:00.000,81.987,82.097,81.987,82.068,0.1821
09.05.2019 19:29:00.000,82.067,82.147,82.058,82.068,0.1862
09.05.2019 19:30:00.000,82.078,82.078,81.997,82.058,0.1196
09.05.2019 19:31:00.000,82.067,82.068,81.978,82.038,0.1101
09.05.2019 19:32:00.000,82.037,82.088,82.037,82.088,0.1703
09.05.2019 19:33:00.000,82.088,82.138,82.047,82.137,0.1869
09.05.2019 19:34:00.000,82.138,82.278,82.138,82.188,0.185
09.05.2019 19:35:00.000,82.197,82.207,82.097,82.128,0.1886
09.05.2019 19:36:00.000,82.128,82.128,81.998,82.028,0.171
09.05.2019 19:37:00.000,82.027,82.158,81.997,82.158,0.1309
09.05.2019 19:38:00.000,82.157,82.178,82.108,82.117,0.1837
09.05.2019 19:39:00.000,82.118,82.218,82.117,82.178,0.1898
09.05.2019 19:40:00.000,82.177,82.177,82.117,82.138,0.2169
09.05.2019 19:41:00.000,82.138,82.158,82.078,82.158,0.1885
09.05.2019 19:42:00.000,82.157,82.168,82.078,82.117,0.1259
09.05.2019 19:43:00.000,82.118,82.138,82.077,82.117,0.1385
09.05.2019 19:44:00.000,82.118,82.188,82.118,82.158,0.0679
09.05.2019 19:45:00.000,82.157,82.158,82.078,82.108,0.1092
09.05.2019 19:46:00.000,82.107,82.118,81.947,81.968,0.1534
09.05.2019 19:47:00.000,81.967,82.028,81.958,81.978,0.1904
09.05.2019 19:48:00.000,81.988,81.988,81.897,81.898,0.1956
09.05.2019 19:49:00.000,81.897,81.898,81.718,81.718,0.2142
09.05.2019 19:50:00.000,81.718,81.768,81.647,81.648,0.1595
09.05.2019 19:51:00.000,81.658,81.737,81.647,81.668,0.2105
09.05.2019 19:52:00.000,81.667,81.768,81.667,81.738,0.283
09.05.2019 19:53:00.000,81.737,81.777,81.667,81.768,0.2629
09.05.2019 19:54:00.000,81.767,81.878,81.767,81.868,0.2773
09.05.2019 19:55:00.000,81.858,81.888,81.767,81.767,0.2687
09.05.2019 19:56:00.000,81.768,81.788,81.727,81.788,0.1235
09.05.2019 19:57:00.000,81.787,81.788,81.687,81.707,0.2551
09.05.2019 19:58:00.000,81.708,81.728,81.647,81.647,0.3056
09.05.2019 19:59:00.000,81.648,81.767,81.627,81.698,0.6385
10.05.2019 13:30:00.000,81.088,82.218,81.087,82.218,0.0373
10.05.2019 13:31:00.000,82.227,83.597,82.227,83.247,0.1632
10.05.2019 13:32:00.000,83.238,83.238,82.457,82.457,0.028
10.05.2019 13:33:00.000,82.458,82.598,82.097,82.108,0.0808
10.05.2019 13:34:00.000,82.117,82.188,81.988,81.988,0.0966
10.05.2019 13:35:00.000,81.988,82.488,81.987,82.488,0.0912
10.05.2019 13:36:00.000,82.548,82.598,82.297,82.328,0.0097
10.05.2019 13:37:00.000,82.328,82.668,82.328,82.668,0.0185
10.05.2019 13:38:00.000,82.668,82.718,82.487,82.578,0.0805
10.05.2019 13:39:00.000,82.597,82.828,82.566,82.808,0.0806
10.05.2019 13:40:00.000,82.788,82.878,82.677,82.851,0.0331
10.05.2019 13:41:00.000,82.857,82.958,82.777,82.858,0.0423
10.05.2019 13:42:00.000,82.858,83.078,82.858,82.938,0.0501
10.05.2019 13:43:00.000,82.937,83.018,82.788,82.797,0.1095
10.05.2019 13:44:00.000,82.797,82.868,82.738,82.808,0.0536
10.05.2019 13:45:00.000,82.857,82.908,82.577,82.577,0.0643
10.05.2019 13:46:00.000,82.588,82.738,82.587,82.588,0.0263
10.05.2019 13:47:00.000,82.587,82.627,82.587,82.627,0.0026
10.05.2019 13:48:00.000,82.627,82.627,82.167,82.187,0.0494
10.05.2019 13:49:00.000,82.188,82.208,81.808,81.878,0.2207
10.05.2019 13:50:00.000,81.878,81.968,81.807,81.878,0.1227
10.05.2019 13:51:00.000,81.877,81.968,81.767,81.968,0.0752
10.05.2019 13:52:00.000,81.968,82.018,81.818,81.818,0.2168
10.05.2019 13:53:00.000,81.777,81.878,81.768,81.808,0.0776
10.05.2019 13:54:00.000,81.808,81.818,81.667,81.698,0.1489
10.05.2019 13:55:00.000,81.698,81.788,81.558,81.698,0.0798
10.05.2019 13:56:00.000,81.697,81.697,81.567,81.618,0.0707
10.05.2019 13:57:00.000,81.617,81.617,81.507,81.508,0.0711
10.05.2019 13:58:00.000,81.508,81.718,81.508,81.718,0.1226
10.05.2019 13:59:00.000,81.718,81.718,81.597,81.648,0.1008
10.05.2019 14:00:00.000,81.648,81.798,81.648,81.727,0.1057
10.05.2019 14:01:00.000,81.727,81.738,81.668,81.698,0.0304
10.05.2019 14:02:00.000,81.698,81.778,81.657,81.768,0.0355
10.05.2019 14:03:00.000,81.768,81.868,81.767,81.818,0.1742
10.05.2019 14:04:00.000,81.817,81.878,81.757,81.778,0.1068
10.05.2019 14:05:00.000,81.817,81.848,81.777,81.808,0.1304
10.05.2019 14:06:00.000,81.818,81.878,81.777,81.858,0.1256
10.05.2019 14:07:00.000,81.858,81.928,81.817,81.928,0.0339
10.05.2019 14:08:00.000,81.927,81.948,81.817,81.858,0.0866
10.05.2019 14:09:00.000,81.858,81.858,81.738,81.748,0.0804
10.05.2019 14:10:00.000,81.748,81.798,81.747,81.748,0.1309
10.05.2019 14:11:00.000,81.757,81.938,81.747,81.937,0.1021
10.05.2019 14:12:00.000,81.938,81.938,81.787,81.868,0.0314
10.05.2019 14:13:00.000,81.868,81.938,81.828,81.857,0.0835
10.05.2019 14:14:00.000,81.858,81.908,81.807,81.908,0.0214
10.05.2019 14:15:00.000,81.907,81.907,81.698,81.718,0.0676
10.05.2019 14:16:00.000,81.718,81.778,81.588,81.628,0.0781
10.05.2019 14:17:00.000,81.627,81.818,81.587,81.788,0.1009
10.05.2019 14:18:00.000,81.787,81.818,81.708,81.738,0.0936
10.05.2019 14:19:00.000,81.738,81.758,81.617,81.627,0.1377
10.05.2019 14:20:00.000,81.628,81.658,81.568,81.658,0.0363
10.05.2019 14:21:00.000,81.657,81.678,81.627,81.677,0.0693
10.05.2019 14:22:00.000,81.677,81.677,81.547,81.577,0.1134
10.05.2019 14:23:00.000,81.587,81.588,81.498,81.578,0.1869
10.05.2019 14:24:00.000,81.578,81.647,81.527,81.618,0.041
10.05.2019 14:25:00.000,81.618,81.758,81.617,81.758,0.0611
10.05.2019 14:26:00.000,81.758,81.848,81.758,81.828,0.0149
10.05.2019 14:27:00.000,81.828,81.847,81.798,81.837,0.0375
10.05.2019 14:28:00.000,81.838,81.878,81.738,81.758,0.045
10.05.2019 14:29:00.000,81.757,81.838,81.687,81.838,0.1044
10.05.2019 14:30:00.000,81.838,81.867,81.777,81.798,0.0218
10.05.2019 14:31:00.000,81.777,81.778,81.717,81.718,0.0748
10.05.2019 14:32:00.000,81.717,81.717,81.587,81.638,0.1825
10.05.2019 14:33:00.000,81.638,81.678,81.617,81.678,0.1242
10.05.2019 14:34:00.000,81.677,81.678,81.617,81.647,0.0437
10.05.2019 14:35:00.000,81.648,81.658,81.588,81.618,0.06
10.05.2019 14:36:00.000,81.617,81.658,81.507,81.508,0.0999
10.05.2019 14:37:00.000,81.508,81.568,81.507,81.568,0.0546
10.05.2019 14:38:00.000,81.567,81.567,81.458,81.528,0.0853
10.05.2019 14:39:00.000,81.527,81.628,81.488,81.617,0.144
10.05.2019 14:40:00.000,81.628,81.638,81.448,81.458,0.052
10.05.2019 14:41:00.000,81.458,81.458,81.288,81.398,0.1261
10.05.2019 14:42:00.000,81.418,81.567,81.418,81.557,0.1709
10.05.2019 14:43:00.000,81.558,81.598,81.518,81.588,0.1351
10.05.2019 14:44:00.000,81.588,81.728,81.588,81.728,0.1413
10.05.2019 14:45:00.000,81.728,81.838,81.688,81.818,0.1612
10.05.2019 14:46:00.000,81.828,81.858,81.787,81.807,0.035
10.05.2019 14:47:00.000,81.808,81.918,81.807,81.908,0.0921
10.05.2019 14:48:00.000,81.907,82.018,81.907,81.958,0.1984
10.05.2019 14:49:00.000,81.957,82.018,81.828,81.947,0.0869
10.05.2019 14:50:00.000,81.947,82.158,81.947,82.158,0.1956
10.05.2019 14:51:00.000,82.158,82.208,82.077,82.208,0.1351
10.05.2019 14:52:00.000,82.207,82.258,82.138,82.257,0.1287
10.05.2019 14:53:00.000,82.258,82.338,82.158,82.168,0.1698
10.05.2019 14:54:00.000,82.187,82.258,82.147,82.258,0.0602
10.05.2019 14:55:00.000,82.257,82.438,82.247,82.438,0.1619
10.05.2019 14:56:00.000,82.437,82.478,82.396,82.400,0.0441
10.05.2019 14:57:00.000,82.406,82.438,82.388,82.437,0.0617
10.05.2019 14:58:00.000,82.438,82.528,82.291,82.296,0.1278
10.05.2019 14:59:00.000,82.296,82.348,82.218,82.307,0.1624
10.05.2019 15:00:00.000,82.298,82.298,82.028,82.058,0.1978
10.05.2019 15:01:00.000,82.068,82.228,82.068,82.128,0.134
10.05.2019 15:02:00.000,82.138,82.138,81.918,81.918,0.2882
10.05.2019 15:03:00.000,81.885,81.978,81.868,81.948,0.055
10.05.2019 15:04:00.000,81.948,82.108,81.947,82.107,0.1575
10.05.2019 15:05:00.000,82.108,82.278,82.048,82.197,0.1934
10.05.2019 15:06:00.000,82.188,82.217,82.128,82.217,0.1638
10.05.2019 15:07:00.000,82.218,82.308,82.207,82.207,0.0562
10.05.2019 15:08:00.000,82.228,82.228,82.097,82.117,0.2476
10.05.2019 15:09:00.000,82.118,82.118,82.028,82.067,0.2255
10.05.2019 15:10:00.000,82.068,82.158,82.057,82.107,0.1071
10.05.2019 15:11:00.000,82.098,82.198,82.087,82.088,0.032
10.05.2019 15:12:00.000,82.107,82.148,82.088,82.118,0.0201
10.05.2019 15:13:00.000,82.118,82.148,82.108,82.147,0.0725
10.05.2019 15:14:00.000,82.148,82.148,82.057,82.088,0.0906
10.05.2019 15:15:00.000,82.118,82.118,81.987,82.028,0.0663
10.05.2019 15:16:00.000,82.027,82.158,82.027,82.157,0.0936
10.05.2019 15:17:00.000,82.158,82.258,82.158,82.228,0.0166
10.05.2019 15:18:00.000,82.228,82.298,82.198,82.258,0.0876
10.05.2019 15:19:00.000,82.268,82.368,82.268,82.367,0.157
10.05.2019 15:20:00.000,82.367,82.478,82.367,82.477,0.1345
10.05.2019 15:21:00.000,82.478,82.508,82.467,82.468,0.0506
10.05.2019 15:22:00.000,82.448,82.448,82.328,82.417,0.0261
10.05.2019 15:23:00.000,82.418,82.538,82.418,82.527,0.0946
10.05.2019 15:24:00.000,82.527,82.588,82.487,82.588,0.038
10.05.2019 15:25:00.000,82.587,82.658,82.587,82.627,0.12
10.05.2019 15:26:00.000,82.627,82.698,82.627,82.668,0.1322
10.05.2019 15:27:00.000,82.668,82.758,82.647,82.647,0.0786
10.05.2019 15:28:00.000,82.628,82.677,82.457,82.468,0.1522
10.05.2019 15:29:00.000,82.468,82.488,82.367,82.417,0.1066
10.05.2019 15:30:00.000,82.417,82.437,82.217,82.217,0.0843
10.05.2019 15:31:00.000,82.227,82.257,82.177,82.248,0.1
10.05.2019 15:32:00.000,82.248,82.278,82.187,82.277,0.0297
10.05.2019 15:33:00.000,82.277,82.278,82.177,82.237,0.0683
10.05.2019 15:34:00.000,82.238,82.248,82.147,82.167,0.0617
10.05.2019 15:35:00.000,82.167,82.218,82.127,82.218,0.1098
10.05.2019 15:36:00.000,82.217,82.268,82.178,82.207,0.0842
10.05.2019 15:37:00.000,82.207,82.357,82.187,82.288,0.214
10.05.2019 15:38:00.000,82.287,82.447,82.287,82.398,0.1172
10.05.2019 15:39:00.000,82.407,82.407,82.327,82.377,0.2056
10.05.2019 15:40:00.000,82.377,82.378,82.287,82.298,0.0468
10.05.2019 15:41:00.000,82.297,82.337,82.287,82.288,0.0934
10.05.2019 15:42:00.000,82.267,82.268,82.078,82.078,0.1764
10.05.2019 15:43:00.000,82.078,82.078,81.928,82.028,0.3514
10.05.2019 15:44:00.000,82.027,82.127,82.007,82.127,0.1978
10.05.2019 15:45:00.000,82.127,82.188,82.067,82.068,0.1452
10.05.2019 15:46:00.000,82.088,82.107,82.047,82.098,0.1845
10.05.2019 15:47:00.000,82.097,82.137,82.068,82.087,0.1365
10.05.2019 15:48:00.000,82.087,82.127,82.008,82.017,0.274
10.05.2019 15:49:00.000,82.017,82.098,81.987,81.988,0.1128
10.05.2019 15:50:00.000,81.988,82.098,81.987,82.098,0.3913
10.05.2019 15:51:00.000,82.108,82.237,82.098,82.227,0.1745
10.05.2019 15:52:00.000,82.227,82.307,82.188,82.188,0.109
10.05.2019 15:53:00.000,82.187,82.267,82.147,82.147,0.1738
10.05.2019 15:54:00.000,82.127,82.268,82.007,82.268,0.2963
10.05.2019 15:55:00.000,82.258,82.358,82.167,82.188,0.2641
10.05.2019 15:56:00.000,82.168,82.238,82.127,82.208,0.1461
10.05.2019 15:57:00.000,82.207,82.228,82.128,82.208,0.0551
10.05.2019 15:58:00.000,82.207,82.268,82.187,82.248,0.1682
10.05.2019 15:59:00.000,82.247,82.308,82.227,82.268,0.3186
10.05.2019 16:00:00.000,82.268,82.408,82.247,82.368,0.0617
10.05.2019 16:01:00.000,82.348,82.378,82.297,82.358,0.1035
10.05.2019 16:02:00.000,82.357,82.368,82.267,82.288,0.095
10.05.2019 16:03:00.000,82.288,82.388,82.287,82.367,0.0824
10.05.2019 16:04:00.000,82.368,82.368,82.257,82.308,0.1329
10.05.2019 16:05:00.000,82.307,82.308,82.237,82.237,0.1729
10.05.2019 16:06:00.000,82.237,82.258,82.187,82.187,0.0388
10.05.2019 16:07:00.000,82.187,82.187,82.097,82.127,0.0657
10.05.2019 16:08:00.000,82.128,82.198,82.117,82.157,0.1396
10.05.2019 16:09:00.000,82.157,82.188,82.117,82.117,0.1294
10.05.2019 16:10:00.000,82.128,82.168,82.117,82.158,0.0813
10.05.2019 16:11:00.000,82.167,82.278,82.127,82.268,0.0898
10.05.2019 16:12:00.000,82.267,82.448,82.257,82.448,0.1867
10.05.2019 16:13:00.000,82.448,82.468,82.407,82.417,0.1185
10.05.2019 16:14:00.000,82.417,82.448,82.397,82.427,0.0554
10.05.2019 16:15:00.000,82.427,82.528,82.427,82.517,0.0548
10.05.2019 16:16:00.000,82.527,82.748,82.527,82.708,0.0819
10.05.2019 16:17:00.000,82.738,82.747,82.597,82.608,0.1175
10.05.2019 16:18:00.000,82.623,82.858,82.607,82.858,0.321
10.05.2019 16:19:00.000,82.857,82.867,82.757,82.768,0.0813
10.05.2019 16:20:00.000,82.768,82.858,82.757,82.757,0.1818
10.05.2019 16:21:00.000,82.767,82.788,82.748,82.777,0.0587
10.05.2019 16:22:00.000,82.777,82.828,82.777,82.808,0.0474
10.05.2019 16:23:00.000,82.807,82.828,82.777,82.808,0.0754
10.05.2019 16:24:00.000,82.808,82.838,82.757,82.787,0.0737
10.05.2019 16:25:00.000,82.767,82.828,82.748,82.828,0.1094
10.05.2019 16:26:00.000,82.828,82.888,82.767,82.768,0.1152
10.05.2019 16:27:00.000,82.788,82.898,82.787,82.858,0.035
10.05.2019 16:28:00.000,82.858,82.938,82.857,82.937,0.0438
10.05.2019 16:29:00.000,82.938,82.978,82.897,82.917,0.1699
10.05.2019 16:30:00.000,82.917,82.957,82.897,82.947,0.1419
10.05.2019 16:31:00.000,82.947,82.948,82.908,82.938,0.1002
10.05.2019 16:32:00.000,82.947,83.017,82.947,83.008,0.0609
10.05.2019 16:33:00.000,83.007,83.148,83.007,83.098,0.0736
10.05.2019 16:34:00.000,83.098,83.157,83.057,83.067,0.1438
10.05.2019 16:35:00.000,83.068,83.068,82.978,82.978,0.054
10.05.2019 16:36:00.000,82.987,82.988,82.957,82.957,0.1057
10.05.2019 16:37:00.000,82.957,82.957,82.887,82.898,0.0402
10.05.2019 16:38:00.000,82.917,82.928,82.897,82.918,0.0935
10.05.2019 16:39:00.000,82.927,82.928,82.838,82.838,0.0633
10.05.2019 16:40:00.000,82.837,82.837,82.767,82.827,0.1467
10.05.2019 16:41:00.000,82.827,82.827,82.737,82.818,0.0637
10.05.2019 16:42:00.000,82.817,82.888,82.817,82.857,0.1596
10.05.2019 16:43:00.000,82.837,82.848,82.777,82.787,0.0693
10.05.2019 16:44:00.000,82.788,82.818,82.767,82.798,0.0353
10.05.2019 16:45:00.000,82.798,82.798,82.747,82.748,0.0345
10.05.2019 16:46:00.000,82.747,82.748,82.577,82.578,0.0941
10.05.2019 16:47:00.000,82.587,82.658,82.587,82.657,0.0529
10.05.2019 16:48:00.000,82.657,82.727,82.657,82.727,0.1031
10.05.2019 16:49:00.000,82.728,82.728,82.648,82.657,0.0685
10.05.2019 16:50:00.000,82.657,82.758,82.657,82.707,0.1044
10.05.2019 16:51:00.000,82.688,82.788,82.687,82.757,0.2445
10.05.2019 16:52:00.000,82.757,82.857,82.757,82.847,0.121
10.05.2019 16:53:00.000,82.857,82.948,82.857,82.948,0.1344
10.05.2019 16:54:00.000,82.958,82.958,82.888,82.928,0.0637
10.05.2019 16:55:00.000,82.927,83.008,82.927,82.988,0.1223
10.05.2019 16:56:00.000,82.987,83.008,82.927,82.937,0.0452
10.05.2019 16:57:00.000,82.938,82.978,82.927,82.927,0.1145
10.05.2019 16:58:00.000,82.927,82.998,82.927,82.998,0.0147
10.05.2019 16:59:00.000,82.997,83.058,82.997,83.033,0.0268
10.05.2019 17:00:00.000,83.037,83.067,82.998,83.027,0.0674
10.05.2019 17:01:00.000,83.027,83.108,83.027,83.107,0.0791
10.05.2019 17:02:00.000,83.107,83.227,83.107,83.218,0.1662
10.05.2019 17:03:00.000,83.218,83.218,83.107,83.128,0.2544
10.05.2019 17:04:00.000,83.128,83.158,83.107,83.138,0.1981
10.05.2019 17:05:00.000,83.138,83.173,83.067,83.067,0.1029
10.05.2019 17:06:00.000,83.067,83.068,83.037,83.038,0.0524
10.05.2019 17:07:00.000,83.038,83.078,83.037,83.077,0.0868
10.05.2019 17:08:00.000,83.078,83.078,83.007,83.008,0.0331
10.05.2019 17:09:00.000,83.018,83.078,83.007,83.077,0.0463
10.05.2019 17:10:00.000,83.077,83.077,83.007,83.007,0.0765
10.05.2019 17:11:00.000,83.007,83.008,82.948,82.967,0.0234
10.05.2019 17:12:00.000,82.988,83.078,82.968,83.037,0.0602
10.05.2019 17:13:00.000,83.047,83.048,82.887,82.917,0.0673
10.05.2019 17:14:00.000,82.917,83.078,82.898,83.017,0.1203
10.05.2019 17:15:00.000,83.017,83.077,82.997,83.057,0.0264
10.05.2019 17:16:00.000,83.058,83.058,82.927,82.948,0.0426
10.05.2019 17:17:00.000,82.947,82.998,82.947,82.967,0.0246
10.05.2019 17:18:00.000,82.968,83.158,82.968,83.138,0.2837
10.05.2019 17:19:00.000,83.138,83.148,83.077,83.108,0.035
10.05.2019 17:20:00.000,83.087,83.208,83.087,83.208,0.0943
10.05.2019 17:21:00.000,83.217,83.217,83.147,83.187,0.1357
10.05.2019 17:22:00.000,83.187,83.258,83.137,83.137,0.147
10.05.2019 17:23:00.000,83.138,83.138,83.087,83.108,0.0396
10.05.2019 17:24:00.000,83.108,83.128,83.047,83.098,0.1159
10.05.2019 17:25:00.000,83.108,83.158,83.087,83.138,0.1641
10.05.2019 17:26:00.000,83.137,83.148,83.087,83.107,0.15
10.05.2019 17:27:00.000,83.108,83.208,83.108,83.168,0.1612
10.05.2019 17:28:00.000,83.157,83.168,83.127,83.128,0.0549
10.05.2019 17:29:00.000,83.157,83.158,83.037,83.047,0.0526
10.05.2019 17:30:00.000,83.047,83.067,83.017,83.027,0.0963
10.05.2019 17:31:00.000,83.027,83.028,83.007,83.018,0.0403
10.05.2019 17:32:00.000,83.017,83.058,83.007,83.028,0.1541
10.05.2019 17:33:00.000,83.027,83.078,83.027,83.077,0.0155
10.05.2019 17:34:00.000,83.078,83.098,83.047,83.088,0.1462
10.05.2019 17:35:00.000,83.087,83.138,83.087,83.137,0.0596
10.05.2019 17:36:00.000,83.138,83.148,82.977,82.978,0.1469
10.05.2019 17:37:00.000,82.978,83.008,82.917,82.927,0.071
10.05.2019 17:38:00.000,82.928,82.957,82.857,82.878,0.202
10.05.2019 17:39:00.000,82.888,82.908,82.857,82.857,0.0992
10.05.2019 17:40:00.000,82.857,82.948,82.857,82.917,0.1011
10.05.2019 17:41:00.000,82.918,82.968,82.907,82.907,0.1131
10.05.2019 17:42:00.000,82.907,82.937,82.857,82.857,0.0605
10.05.2019 17:43:00.000,82.868,82.898,82.867,82.868,0.0776
10.05.2019 17:44:00.000,82.868,82.917,82.857,82.917,0.0042
10.05.2019 17:45:00.000,82.918,82.978,82.907,82.937,0.1051
10.05.2019 17:46:00.000,82.937,82.998,82.888,82.897,0.1071
10.05.2019 17:47:00.000,82.897,82.988,82.888,82.977,0.0489
10.05.2019 17:48:00.000,82.977,83.088,82.967,83.088,0.0791
10.05.2019 17:49:00.000,83.108,83.108,83.037,83.047,0.1074
10.05.2019 17:50:00.000,83.048,83.068,82.987,82.997,0.0418
10.05.2019 17:51:00.000,82.997,83.027,82.987,82.997,0.1353
10.05.2019 17:52:00.000,82.997,83.018,82.987,82.997,0.0497
10.05.2019 17:53:00.000,82.997,83.058,82.997,83.057,0.2424
10.05.2019 17:54:00.000,83.057,83.078,83.008,83.008,0.0857
10.05.2019 17:55:00.000,83.007,83.008,82.957,82.958,0.0028
10.05.2019 17:56:00.000,82.957,82.967,82.887,82.917,0.1311
10.05.2019 17:57:00.000,82.917,82.958,82.887,82.957,0.206
10.05.2019 17:58:00.000,82.958,83.008,82.957,82.998,0.0603
10.05.2019 17:59:00.000,82.998,83.028,82.978,83.027,0.1338
10.05.2019 18:00:00.000,83.027,83.138,83.027,83.138,0.1669
10.05.2019 18:01:00.000,83.138,83.138,82.997,82.998,0.0332
10.05.2019 18:02:00.000,82.997,83.068,82.997,83.058,0.0511
10.05.2019 18:03:00.000,83.058,83.108,83.058,83.077,0.085
10.05.2019 18:04:00.000,83.077,83.118,83.077,83.108,0.0528
10.05.2019 18:05:00.000,83.108,83.158,83.067,83.068,0.1523
10.05.2019 18:06:00.000,83.067,83.118,83.067,83.118,0.0251
10.05.2019 18:07:00.000,83.117,83.118,83.087,83.097,0.1524
10.05.2019 18:08:00.000,83.098,83.128,83.078,83.128,0.1336
10.05.2019 18:09:00.000,83.128,83.148,83.107,83.118,0.0417
10.05.2019 18:10:00.000,83.118,83.118,83.077,83.087,0.0263
10.05.2019 18:11:00.000,83.088,83.088,83.037,83.038,0.1098
10.05.2019 18:12:00.000,83.037,83.038,83.007,83.017,0.0983
10.05.2019 18:13:00.000,83.017,83.068,83.017,83.067,0.0466
10.05.2019 18:14:00.000,83.067,83.088,82.997,82.997,0.113
10.05.2019 18:15:00.000,82.997,82.998,82.937,82.938,0.1823
10.05.2019 18:16:00.000,82.937,82.988,82.918,82.957,0.0449
10.05.2019 18:17:00.000,82.957,82.977,82.907,82.918,0.1269
10.05.2019 18:18:00.000,82.917,82.917,82.868,82.898,0.04
10.05.2019 18:19:00.000,82.897,82.928,82.868,82.887,0.0393
10.05.2019 18:20:00.000,82.887,82.968,82.887,82.968,0.1038
10.05.2019 18:21:00.000,82.977,82.978,82.957,82.967,0.0466
10.05.2019 18:22:00.000,82.967,82.978,82.867,82.867,0.0972
10.05.2019 18:23:00.000,82.867,82.868,82.837,82.837,0.0499
10.05.2019 18:24:00.000,82.848,82.848,82.827,82.848,0.0066
10.05.2019 18:25:00.000,82.848,82.848,82.797,82.837,0.0258
10.05.2019 18:26:00.000,82.837,82.848,82.748,82.848,0.1284
10.05.2019 18:27:00.000,82.847,82.888,82.807,82.848,0.0494
10.05.2019 18:28:00.000,82.848,82.858,82.827,82.858,0.0024
10.05.2019 18:29:00.000,82.857,82.887,82.857,82.857,0.0449
10.05.2019 18:30:00.000,82.858,82.858,82.777,82.777,0.1188
10.05.2019 18:31:00.000,82.777,82.797,82.738,82.797,0.1689
10.05.2019 18:32:00.000,82.797,82.837,82.787,82.837,0.0979
10.05.2019 18:33:00.000,82.857,82.898,82.857,82.878,0.0023
10.05.2019 18:34:00.000,82.878,82.878,82.807,82.827,0.0689
10.05.2019 18:35:00.000,82.827,82.858,82.817,82.848,0.0772
10.05.2019 18:36:00.000,82.847,82.847,82.807,82.837,0.1161
10.05.2019 18:37:00.000,82.837,82.877,82.837,82.857,0.2779
10.05.2019 18:38:00.000,82.857,82.917,82.857,82.878,0.1026
10.05.2019 18:39:00.000,82.877,82.947,82.877,82.947,0.0559
10.05.2019 18:40:00.000,82.947,83.018,82.947,82.998,0.0824
10.05.2019 18:41:00.000,83.008,83.028,82.997,83.008,0.122
10.05.2019 18:42:00.000,83.018,83.018,82.927,82.927,0.0431
10.05.2019 18:43:00.000,82.927,82.988,82.927,82.968,0.0536
10.05.2019 18:44:00.000,82.977,82.978,82.927,82.928,0.061
10.05.2019 18:45:00.000,82.927,82.998,82.927,82.998,0.0722
10.05.2019 18:46:00.000,82.997,83.038,82.997,83.018,0.0364
10.05.2019 18:47:00.000,83.028,83.047,82.987,83.047,0.0755
10.05.2019 18:48:00.000,83.047,83.088,83.017,83.018,0.0162
10.05.2019 18:49:00.000,83.018,83.028,83.007,83.017,0.1067
10.05.2019 18:50:00.000,83.017,83.078,83.017,83.067,0.1331
10.05.2019 18:51:00.000,83.067,83.118,83.067,83.088,0.1822
10.05.2019 18:52:00.000,83.088,83.197,83.088,83.178,0.2216
10.05.2019 18:53:00.000,83.168,83.218,83.167,83.218,0.0799
10.05.2019 18:54:00.000,83.218,83.218,83.117,83.127,0.0863
10.05.2019 18:55:00.000,83.127,83.128,83.107,83.117,0.0353
10.05.2019 18:56:00.000,83.117,83.118,83.097,83.118,0.0213
10.05.2019 18:57:00.000,83.107,83.118,83.097,83.098,0.0282
10.05.2019 18:58:00.000,83.097,83.128,83.097,83.097,0.0558
10.05.2019 18:59:00.000,83.107,83.158,83.097,83.138,0.1935
10.05.2019 19:00:00.000,83.138,83.218,83.137,83.187,0.1387
10.05.2019 19:01:00.000,83.168,83.258,83.167,83.248,0.1088
10.05.2019 19:02:00.000,83.247,83.338,83.247,83.317,0.1365
10.05.2019 19:03:00.000,83.318,83.318,83.258,83.277,0.1242
10.05.2019 19:04:00.000,83.277,83.398,83.277,83.388,0.1776
10.05.2019 19:05:00.000,83.387,83.448,83.377,83.438,0.1583
10.05.2019 19:06:00.000,83.438,83.448,83.377,83.428,0.0733
10.05.2019 19:07:00.000,83.418,83.428,83.407,83.427,0.0733
10.05.2019 19:08:00.000,83.427,83.448,83.407,83.408,0.0588
10.05.2019 19:09:00.000,83.407,83.498,83.407,83.497,0.0139
10.05.2019 19:10:00.000,83.497,83.497,83.427,83.427,0.0594
10.05.2019 19:11:00.000,83.427,83.498,83.427,83.498,0.1554
10.05.2019 19:12:00.000,83.497,83.557,83.497,83.557,0.0778
10.05.2019 19:13:00.000,83.557,83.568,83.467,83.533,0.0913
10.05.2019 19:14:00.000,83.507,83.618,83.507,83.617,0.0401
10.05.2019 19:15:00.000,83.617,83.647,83.567,83.607,0.1238
10.05.2019 19:16:00.000,83.615,83.728,83.615,83.728,0.1805
10.05.2019 19:17:00.000,83.727,83.798,83.707,83.778,0.0596
10.05.2019 19:18:00.000,83.777,83.938,83.777,83.938,0.175
10.05.2019 19:19:00.000,83.937,83.988,83.917,83.967,0.1881
10.05.2019 19:20:00.000,83.967,83.978,83.918,83.927,0.1047
10.05.2019 19:21:00.000,83.908,83.958,83.847,83.878,0.2504
10.05.2019 19:22:00.000,83.868,83.977,83.868,83.967,0.3168
10.05.2019 19:23:00.000,83.968,83.978,83.917,83.948,0.1373
10.05.2019 19:24:00.000,83.948,83.977,83.897,83.897,0.1153
10.05.2019 19:25:00.000,83.897,83.958,83.877,83.958,0.1202
10.05.2019 19:26:00.000,83.967,84.038,83.967,84.038,0.0767
10.05.2019 19:27:00.000,84.037,84.038,83.967,83.967,0.1069
10.05.2019 19:28:00.000,83.967,84.068,83.967,84.048,0.1648
10.05.2019 19:29:00.000,84.047,84.048,83.927,83.948,0.1099
10.05.2019 19:30:00.000,83.947,83.988,83.908,83.908,0.0616
10.05.2019 19:31:00.000,83.927,83.998,83.877,83.878,0.3002
10.05.2019 19:32:00.000,83.887,83.918,83.848,83.857,0.0629
10.05.2019 19:33:00.000,83.878,83.878,83.797,83.807,0.251
10.05.2019 19:34:00.000,83.807,83.817,83.648,83.668,0.1819
10.05.2019 19:35:00.000,83.658,83.667,83.538,83.548,0.2661
10.05.2019 19:36:00.000,83.548,83.678,83.548,83.607,0.3448
10.05.2019 19:37:00.000,83.618,83.628,83.567,83.597,0.3189
10.05.2019 19:38:00.000,83.598,83.618,83.557,83.618,0.0793
10.05.2019 19:39:00.000,83.617,83.618,83.567,83.607,0.1386
10.05.2019 19:40:00.000,83.608,83.608,83.527,83.547,0.209
10.05.2019 19:41:00.000,83.548,83.588,83.537,83.558,0.138
10.05.2019 19:42:00.000,83.558,83.558,83.457,83.458,0.0798
10.05.2019 19:43:00.000,83.448,83.458,83.287,83.317,0.2581
10.05.2019 19:44:00.000,83.317,83.448,83.277,83.448,0.2284
10.05.2019 19:45:00.000,83.448,83.528,83.417,83.527,0.1773
10.05.2019 19:46:00.000,83.527,83.708,83.477,83.697,0.2337
10.05.2019 19:47:00.000,83.677,83.748,83.657,83.718,0.3963
10.05.2019 19:48:00.000,83.717,83.728,83.558,83.608,0.2209
10.05.2019 19:49:00.000,83.607,83.678,83.558,83.558,0.2758
10.05.2019 19:50:00.000,83.558,83.597,83.487,83.597,0.3339
10.05.2019 19:51:00.000,83.597,83.628,83.498,83.538,0.2592
10.05.2019 19:52:00.000,83.538,83.568,83.527,83.547,0.2514
10.05.2019 19:53:00.000,83.548,83.607,83.517,83.577,0.6172
10.05.2019 19:54:00.000,83.578,83.598,83.487,83.487,0.3937
10.05.2019 19:55:00.000,83.487,83.568,83.457,83.558,0.3017
10.05.2019 19:56:00.000,83.557,83.558,83.477,83.517,0.3571
10.05.2019 19:57:00.000,83.517,83.558,83.488,83.558,0.2278
10.05.2019 19:58:00.000,83.547,83.607,83.507,83.577,0.3043
10.05.2019 19:59:00.000,83.577,83.767,83.577,83.698,0.7142
13.05.2019 13:30:00.000,82.558,82.597,81.797,82.597,0.077
13.05.2019 13:31:00.000,82.597,82.718,82.427,82.587,0.2172
13.05.2019 13:32:00.000,82.587,82.747,82.447,82.487,0.3059
13.05.2019 13:33:00.000,82.487,82.717,82.437,82.667,0.1194
13.05.2019 13:34:00.000,82.667,82.978,82.667,82.958,0.1325
13.05.2019 13:35:00.000,82.967,83.108,82.868,83.047,0.1622
13.05.2019 13:36:00.000,83.047,83.147,82.927,82.927,0.3921
13.05.2019 13:37:00.000,82.927,83.188,82.927,83.127,0.2415
13.05.2019 13:38:00.000,83.137,83.198,83.057,83.187,0.3424
13.05.2019 13:39:00.000,83.197,83.197,82.968,83.007,0.2721
13.05.2019 13:40:00.000,83.008,83.038,82.927,82.998,0.0606
13.05.2019 13:41:00.000,83.037,83.177,82.998,83.177,0.0047
13.05.2019 13:42:00.000,83.177,83.428,83.177,83.428,0.0072
13.05.2019 13:43:00.000,83.437,83.558,83.358,83.418,0.0109
13.05.2019 13:44:00.000,83.448,83.497,83.417,83.427,0.0957
13.05.2019 13:45:00.000,83.387,83.487,83.288,83.388,0.3822
13.05.2019 13:46:00.000,83.387,83.568,83.387,83.487,0.2392
13.05.2019 13:47:00.000,83.407,83.547,83.387,83.547,0.0672
13.05.2019 13:48:00.000,83.547,83.547,83.297,83.297,0.217
13.05.2019 13:49:00.000,83.297,83.398,83.208,83.208,0.1725
13.05.2019 13:50:00.000,83.237,83.237,82.977,82.978,0.261
13.05.2019 13:51:00.000,82.988,82.988,82.807,82.867,0.1647
13.05.2019 13:52:00.000,82.868,82.868,82.657,82.698,0.2516
13.05.2019 13:53:00.000,82.698,82.737,82.338,82.388,0.3126
13.05.2019 13:54:00.000,82.387,82.458,82.288,82.368,0.0993
13.05.2019 13:55:00.000,82.368,82.398,82.217,82.237,0.2432
13.05.2019 13:56:00.000,82.217,82.448,82.217,82.328,0.1284
13.05.2019 13:57:00.000,82.348,82.618,82.347,82.527,0.1573
13.05.2019 13:58:00.000,82.527,82.528,82.467,82.468,0.049
13.05.2019 13:59:00.000,82.487,82.508,82.357,82.437,0.1029
13.05.2019 14:00:00.000,82.448,82.488,82.347,82.468,0.2799
13.05.2019 14:01:00.000,82.467,82.508,82.427,82.507,0.0808
13.05.2019 14:02:00.000,82.498,82.508,82.307,82.307,0.1617
13.05.2019 14:03:00.000,82.287,82.318,82.247,82.258,0.2678
13.05.2019 14:04:00.000,82.257,82.378,82.228,82.238,0.1151
13.05.2019 14:05:00.000,82.237,82.238,82.027,82.058,0.3505
13.05.2019 14:06:00.000,82.068,82.128,81.908,81.937,0.42
13.05.2019 14:07:00.000,81.938,82.038,81.907,81.988,0.251
13.05.2019 14:08:00.000,81.988,81.988,81.877,81.877,0.1653
13.05.2019 14:09:00.000,81.887,81.888,81.678,81.708,0.2075
13.05.2019 14:10:00.000,81.707,81.718,81.568,81.647,0.0334
13.05.2019 14:11:00.000,81.647,81.818,81.567,81.808,0.2397
13.05.2019 14:12:00.000,81.818,81.818,81.697,81.768,0.1146
13.05.2019 14:13:00.000,81.798,81.968,81.798,81.888,0.2145
13.05.2019 14:14:00.000,81.887,81.997,81.778,81.997,0.287
13.05.2019 14:15:00.000,81.997,81.997,81.917,81.917,0.0608
13.05.2019 14:16:00.000,81.917,82.048,81.917,81.947,0.1833
13.05.2019 14:17:00.000,81.947,82.157,81.947,82.038,0.34
13.05.2019 14:18:00.000,82.037,82.067,81.968,82.067,0.118
13.05.2019 14:19:00.000,82.068,82.068,81.957,81.957,0.2752
13.05.2019 14:20:00.000,81.957,81.988,81.917,81.928,0.2123
13.05.2019 14:21:00.000,81.957,81.958,81.907,81.947,0.1436
13.05.2019 14:22:00.000,81.947,82.048,81.947,81.997,0.3477
13.05.2019 14:23:00.000,81.998,82.048,81.997,82.047,0.0379
13.05.2019 14:24:00.000,82.047,82.058,82.027,82.028,0.0553
13.05.2019 14:25:00.000,82.027,82.117,81.987,82.047,0.2988
13.05.2019 14:26:00.000,82.077,82.168,82.047,82.137,0.2344
13.05.2019 14:27:00.000,82.137,82.178,82.137,82.158,0.277
13.05.2019 14:28:00.000,82.157,82.188,82.017,82.017,0.1535
13.05.2019 14:29:00.000,82.018,82.178,81.987,82.178,0.1526
13.05.2019 14:30:00.000,82.177,82.177,81.987,82.057,0.0843
13.05.2019 14:31:00.000,82.057,82.207,82.057,82.147,0.3195
13.05.2019 14:32:00.000,82.147,82.187,82.097,82.147,0.2311
13.05.2019 14:33:00.000,82.147,82.188,82.088,82.168,0.1747
13.05.2019 14:34:00.000,82.168,82.207,82.137,82.148,0.3115
13.05.2019 14:35:00.000,82.128,82.298,82.128,82.297,0.3687
13.05.2019 14:36:00.000,82.297,82.328,82.227,82.228,0.0822
13.05.2019 14:37:00.000,82.228,82.237,82.167,82.177,0.1908
13.05.2019 14:38:00.000,82.178,82.198,82.117,82.138,0.1178
13.05.2019 14:39:00.000,82.177,82.278,82.177,82.277,0.1006
13.05.2019 14:40:00.000,82.277,82.368,82.277,82.338,0.1056
13.05.2019 14:41:00.000,82.337,82.398,82.307,82.338,0.1629
13.05.2019 14:42:00.000,82.337,82.418,82.337,82.417,0.2332
13.05.2019 14:43:00.000,82.418,82.427,82.348,82.377,0.1715
13.05.2019 14:44:00.000,82.378,82.388,82.327,82.328,0.1699
13.05.2019 14:45:00.000,82.327,82.398,82.307,82.397,0.2493
13.05.2019 14:46:00.000,82.397,82.468,82.347,82.418,0.1075
13.05.2019 14:47:00.000,82.418,82.418,82.208,82.277,0.3557
13.05.2019 14:48:00.000,82.278,82.278,82.157,82.218,0.1926
13.05.2019 14:49:00.000,82.218,82.238,82.127,82.137,0.1466
13.05.2019 14:50:00.000,82.128,82.167,82.058,82.167,0.1383
13.05.2019 14:51:00.000,82.167,82.278,82.167,82.188,0.2266
13.05.2019 14:52:00.000,82.197,82.287,82.197,82.287,0.0272
13.05.2019 14:53:00.000,82.247,82.247,82.147,82.178,0.1851
13.05.2019 14:54:00.000,82.147,82.167,82.107,82.127,0.198
13.05.2019 14:55:00.000,82.127,82.248,82.108,82.167,0.1382
13.05.2019 14:56:00.000,82.177,82.198,82.098,82.108,0.2564
13.05.2019 14:57:00.000,82.117,82.187,82.097,82.118,0.1636
13.05.2019 14:58:00.000,82.128,82.178,82.098,82.177,0.1465
13.05.2019 14:59:00.000,82.177,82.328,82.177,82.308,0.1862
13.05.2019 15:00:00.000,82.298,82.388,82.287,82.328,0.2225
13.05.2019 15:01:00.000,82.328,82.347,82.088,82.088,0.2809
13.05.2019 15:02:00.000,82.088,82.118,81.978,81.978,0.288
13.05.2019 15:03:00.000,81.978,82.007,81.947,81.968,0.208
13.05.2019 15:04:00.000,81.968,81.968,81.877,81.877,0.2912
13.05.2019 15:05:00.000,81.868,81.918,81.867,81.868,0.2899
13.05.2019 15:06:00.000,81.867,81.918,81.858,81.877,0.2474
13.05.2019 15:07:00.000,81.877,82.058,81.877,82.057,0.1019
13.05.2019 15:08:00.000,82.058,82.098,81.948,81.948,0.1832
13.05.2019 15:09:00.000,81.947,81.968,81.867,81.908,0.1952
13.05.2019 15:10:00.000,81.907,81.918,81.827,81.828,0.3671
13.05.2019 15:11:00.000,81.827,81.948,81.827,81.928,0.1685
13.05.2019 15:12:00.000,81.937,81.988,81.887,81.978,0.1744
13.05.2019 15:13:00.000,82.008,82.008,81.917,81.967,0.1084
13.05.2019 15:14:00.000,81.978,82.008,81.827,81.868,0.3193
13.05.2019 15:15:00.000,81.867,81.878,81.737,81.737,0.199
13.05.2019 15:16:00.000,81.738,81.738,81.627,81.627,0.1593
13.05.2019 15:17:00.000,81.598,81.698,81.518,81.668,0.1528
13.05.2019 15:18:00.000,81.668,81.668,81.577,81.607,0.1782
13.05.2019 15:19:00.000,81.597,81.647,81.547,81.557,0.1797
13.05.2019 15:20:00.000,81.607,81.737,81.607,81.678,0.0657
13.05.2019 15:21:00.000,81.678,81.698,81.637,81.697,0.0893
13.05.2019 15:22:00.000,81.707,81.707,81.577,81.587,0.1184
13.05.2019 15:23:00.000,81.588,81.748,81.587,81.727,0.0801
13.05.2019 15:24:00.000,81.727,81.728,81.578,81.627,0.0945
13.05.2019 15:25:00.000,81.628,81.638,81.597,81.607,0.0907
13.05.2019 15:26:00.000,81.607,81.648,81.548,81.607,0.2522
13.05.2019 15:27:00.000,81.607,81.607,81.517,81.567,0.1744
13.05.2019 15:28:00.000,81.567,81.567,81.487,81.507,0.1216
13.05.2019 15:29:00.000,81.507,81.508,81.428,81.478,0.0873
13.05.2019 15:30:00.000,81.458,81.637,81.447,81.587,0.2254
13.05.2019 15:31:00.000,81.587,81.598,81.427,81.448,0.2376
13.05.2019 15:32:00.000,81.468,81.468,81.367,81.387,0.1669
13.05.2019 15:33:00.000,81.387,81.388,81.337,81.377,0.2655
13.05.2019 15:34:00.000,81.348,81.378,81.347,81.347,0.202
13.05.2019 15:35:00.000,81.347,81.348,81.257,81.287,0.1995
13.05.2019 15:36:00.000,81.287,81.328,81.247,81.248,0.1249
13.05.2019 15:37:00.000,81.247,81.287,81.168,81.197,0.1375
13.05.2019 15:38:00.000,81.197,81.318,81.197,81.267,0.353
13.05.2019 15:39:00.000,81.267,81.288,81.207,81.277,0.3499
13.05.2019 15:40:00.000,81.278,81.367,81.227,81.247,0.2023
13.05.2019 15:41:00.000,81.217,81.348,81.207,81.317,0.1653
13.05.2019 15:42:00.000,81.317,81.407,81.227,81.358,0.2465
13.05.2019 15:43:00.000,81.327,81.347,81.277,81.287,0.1601
13.05.2019 15:44:00.000,81.277,81.308,81.207,81.278,0.3569
13.05.2019 15:45:00.000,81.277,81.428,81.277,81.408,0.1467
13.05.2019 15:46:00.000,81.407,81.428,81.317,81.348,0.1907
13.05.2019 15:47:00.000,81.328,81.338,81.267,81.268,0.0765
13.05.2019 15:48:00.000,81.267,81.288,81.197,81.207,0.0981
13.05.2019 15:49:00.000,81.207,81.268,81.207,81.268,0.1064
13.05.2019 15:50:00.000,81.268,81.268,81.108,81.108,0.1543
13.05.2019 15:51:00.000,81.107,81.198,81.067,81.128,0.1818
13.05.2019 15:52:00.000,81.148,81.238,81.108,81.148,0.0885
13.05.2019 15:53:00.000,81.128,81.138,81.027,81.097,0.2208
13.05.2019 15:54:00.000,81.097,81.187,81.027,81.187,0.2443
13.05.2019 15:55:00.000,81.168,81.248,81.157,81.248,0.0328
13.05.2019 15:56:00.000,81.257,81.348,81.168,81.308,0.2672
13.05.2019 15:57:00.000,81.308,81.308,81.227,81.277,0.1104
13.05.2019 15:58:00.000,81.287,81.318,81.237,81.307,0.0985
13.05.2019 15:59:00.000,81.308,81.348,81.248,81.348,0.1411
13.05.2019 16:00:00.000,81.348,81.377,81.267,81.277,0.156
13.05.2019 16:01:00.000,81.278,81.298,81.278,81.298,0.1607
13.05.2019 16:02:00.000,81.308,81.367,81.297,81.337,0.1417
13.05.2019 16:03:00.000,81.347,81.368,81.308,81.308,0.1113
13.05.2019 16:04:00.000,81.297,81.328,81.287,81.307,0.1168
13.05.2019 16:05:00.000,81.307,81.318,81.227,81.247,0.0396
13.05.2019 16:06:00.000,81.257,81.278,81.207,81.207,0.1009
13.05.2019 16:07:00.000,81.208,81.208,81.047,81.047,0.1716
13.05.2019 16:08:00.000,81.078,81.078,80.987,81.048,0.1908
13.05.2019 16:09:00.000,81.057,81.058,80.897,80.898,0.151
13.05.2019 16:10:00.000,80.907,81.018,80.897,80.998,0.1461
13.05.2019 16:11:00.000,80.998,81.038,80.998,81.008,0.1316
13.05.2019 16:12:00.000,81.007,81.008,80.927,80.938,0.136
13.05.2019 16:13:00.000,80.937,81.078,80.927,81.037,0.2875
13.05.2019 16:14:00.000,81.027,81.027,80.917,80.917,0.0716
13.05.2019 16:15:00.000,80.928,80.938,80.857,80.888,0.1471
13.05.2019 16:16:00.000,80.908,80.938,80.857,80.857,0.1963
13.05.2019 16:17:00.000,80.857,80.888,80.827,80.857,0.0847
13.05.2019 16:18:00.000,80.857,80.927,80.857,80.888,0.1592
13.05.2019 16:19:00.000,80.888,81.018,80.888,81.017,0.0774
13.05.2019 16:20:00.000,81.018,81.038,80.997,81.038,0.1018
13.05.2019 16:21:00.000,81.037,81.118,81.037,81.117,0.1716
13.05.2019 16:22:00.000,81.117,81.148,81.067,81.128,0.2646
13.05.2019 16:23:00.000,81.107,81.118,81.017,81.027,0.1353
13.05.2019 16:24:00.000,81.028,81.038,80.938,80.968,0.1395
13.05.2019 16:25:00.000,80.967,80.987,80.847,80.847,0.1221
13.05.2019 16:26:00.000,80.857,80.888,80.777,80.818,0.2016
13.05.2019 16:27:00.000,80.818,80.878,80.818,80.878,0.1047
13.05.2019 16:28:00.000,80.878,80.927,80.837,80.907,0.0357
13.05.2019 16:29:00.000,80.907,80.968,80.857,80.938,0.317
13.05.2019 16:30:00.000,80.938,80.957,80.887,80.887,0.164
13.05.2019 16:31:00.000,80.888,80.938,80.867,80.908,0.1709
13.05.2019 16:32:00.000,80.908,80.938,80.877,80.887,0.0919
13.05.2019 16:33:00.000,80.898,80.928,80.898,80.928,0.1633
13.05.2019 16:34:00.000,80.928,80.987,80.907,80.918,0.1843
13.05.2019 16:35:00.000,80.908,81.028,80.897,81.028,0.2068
13.05.2019 16:36:00.000,81.027,81.028,80.917,80.997,0.1663
13.05.2019 16:37:00.000,80.997,81.108,80.967,81.077,0.1659
13.05.2019 16:38:00.000,81.077,81.118,81.057,81.057,0.2311
13.05.2019 16:39:00.000,81.058,81.058,81.017,81.028,0.4227
13.05.2019 16:40:00.000,81.027,81.028,80.957,80.987,0.0445
13.05.2019 16:41:00.000,80.988,81.048,80.977,80.997,0.3093
13.05.2019 16:42:00.000,80.997,81.018,80.947,80.968,0.1384
13.05.2019 16:43:00.000,80.947,80.988,80.937,80.988,0.1199
13.05.2019 16:44:00.000,80.987,81.017,80.967,80.967,0.1295
13.05.2019 16:45:00.000,80.967,81.008,80.947,81.007,0.1243
13.05.2019 16:46:00.000,81.007,81.028,80.977,81.027,0.1404
13.05.2019 16:47:00.000,81.027,81.107,81.027,81.097,0.1283
13.05.2019 16:48:00.000,81.097,81.118,81.097,81.107,0.1314
13.05.2019 16:49:00.000,81.117,81.137,81.117,81.127,0.1807
13.05.2019 16:50:00.000,81.128,81.158,81.117,81.158,0.0675
13.05.2019 16:51:00.000,81.148,81.148,81.067,81.067,0.0973
13.05.2019 16:52:00.000,81.067,81.097,80.997,81.007,0.1871
13.05.2019 16:53:00.000,81.007,81.018,80.987,80.998,0.1314
13.05.2019 16:54:00.000,80.998,81.028,80.957,80.957,0.0539
13.05.2019 16:55:00.000,80.957,80.958,80.787,80.817,0.1979
13.05.2019 16:56:00.000,80.817,80.828,80.777,80.817,0.1754
13.05.2019 16:57:00.000,80.837,80.878,80.837,80.848,0.0551
13.05.2019 16:58:00.000,80.848,80.878,80.798,80.877,0.0704
13.05.2019 16:59:00.000,80.878,80.878,80.777,80.778,0.1603
13.05.2019 17:00:00.000,80.777,80.868,80.758,80.788,0.1208
13.05.2019 17:01:00.000,80.788,80.788,80.707,80.728,0.0997
13.05.2019 17:02:00.000,80.728,80.748,80.707,80.737,0.1396
13.05.2019 17:03:00.000,80.718,80.838,80.717,80.827,0.0924
13.05.2019 17:04:00.000,80.827,80.848,80.787,80.797,0.1003
13.05.2019 17:05:00.000,80.798,80.798,80.747,80.748,0.0473
13.05.2019 17:06:00.000,80.747,80.868,80.747,80.867,0.0958
13.05.2019 17:07:00.000,80.867,80.908,80.847,80.907,0.3218
13.05.2019 17:08:00.000,80.897,80.898,80.817,80.828,0.0238
13.05.2019 17:09:00.000,80.827,80.878,80.827,80.878,0.216
13.05.2019 17:10:00.000,80.877,80.968,80.877,80.918,0.223
13.05.2019 17:11:00.000,80.947,80.958,80.888,80.958,0.095
13.05.2019 17:12:00.000,80.957,80.998,80.927,80.967,0.0993
13.05.2019 17:13:00.000,80.967,80.968,80.937,80.948,0.1676
13.05.2019 17:14:00.000,80.938,80.968,80.888,80.888,0.1808
13.05.2019 17:15:00.000,80.887,80.918,80.858,80.858,0.0537
13.05.2019 17:16:00.000,80.857,80.868,80.817,80.817,0.0039
13.05.2019 17:17:00.000,80.817,80.898,80.808,80.858,0.0424
13.05.2019 17:18:00.000,80.868,80.868,80.787,80.808,0.0726
13.05.2019 17:19:00.000,80.808,80.848,80.777,80.797,0.0342
13.05.2019 17:20:00.000,80.797,80.798,80.737,80.747,0.128
13.05.2019 17:21:00.000,80.757,80.768,80.727,80.767,0.0412
13.05.2019 17:22:00.000,80.768,80.778,80.737,80.748,0.0232
13.05.2019 17:23:00.000,80.748,80.828,80.748,80.807,0.0709
13.05.2019 17:24:00.000,80.807,80.858,80.787,80.798,0.0512
13.05.2019 17:25:00.000,80.797,80.888,80.797,80.888,0.033
13.05.2019 17:26:00.000,80.887,80.928,80.867,80.867,0.06
13.05.2019 17:27:00.000,80.837,80.858,80.797,80.798,0.0862
13.05.2019 17:28:00.000,80.797,80.858,80.797,80.817,0.1479
13.05.2019 17:29:00.000,80.818,80.818,80.737,80.798,0.1399
13.05.2019 17:30:00.000,80.797,80.908,80.787,80.888,0.1025
13.05.2019 17:31:00.000,80.888,80.937,80.887,80.927,0.0488
13.05.2019 17:32:00.000,80.927,80.927,80.847,80.907,0.1494
13.05.2019 17:33:00.000,80.898,80.928,80.847,80.868,0.0636
13.05.2019 17:34:00.000,80.847,80.898,80.847,80.887,0.1115
13.05.2019 17:35:00.000,80.868,80.958,80.867,80.958,0.1557
13.05.2019 17:36:00.000,80.958,81.028,80.947,81.027,0.1637
13.05.2019 17:37:00.000,81.027,81.048,80.987,81.027,0.2053
13.05.2019 17:38:00.000,81.027,81.188,81.027,81.157,0.1508
13.05.2019 17:39:00.000,81.158,81.208,81.067,81.068,0.1138
13.05.2019 17:40:00.000,81.068,81.128,81.057,81.068,0.1137
13.05.2019 17:41:00.000,81.078,81.118,81.058,81.117,0.2108
13.05.2019 17:42:00.000,81.117,81.138,81.067,81.067,0.104
13.05.2019 17:43:00.000,81.088,81.088,80.988,80.988,0.0773
13.05.2019 17:44:00.000,80.987,81.028,80.967,80.968,0.2226
13.05.2019 17:45:00.000,80.967,80.968,80.947,80.967,0.1882
13.05.2019 17:46:00.000,80.967,81.018,80.957,80.998,0.1737
13.05.2019 17:47:00.000,80.997,81.018,80.988,81.018,0.1117
13.05.2019 17:48:00.000,81.017,81.058,80.997,81.058,0.1493
13.05.2019 17:49:00.000,81.058,81.068,81.017,81.028,0.1154
13.05.2019 17:50:00.000,81.007,81.038,80.977,80.988,0.0767
13.05.2019 17:51:00.000,80.988,81.007,80.987,81.007,0.1199
13.05.2019 17:52:00.000,81.008,81.088,81.007,81.088,0.1078
13.05.2019 17:53:00.000,81.078,81.107,81.057,81.058,0.1627
13.05.2019 17:54:00.000,81.067,81.127,81.038,81.108,0.0985
13.05.2019 17:55:00.000,81.118,81.128,81.077,81.077,0.1133
13.05.2019 17:56:00.000,81.077,81.078,81.047,81.057,0.0783
13.05.2019 17:57:00.000,81.058,81.058,80.997,81.007,0.037
13.05.2019 17:58:00.000,81.008,81.057,81.008,81.047,0.0746
13.05.2019 17:59:00.000,81.047,81.107,81.047,81.068,0.13
13.05.2019 18:00:00.000,81.068,81.108,81.047,81.108,0.0384
13.05.2019 18:01:00.000,81.108,81.158,81.107,81.128,0.0666
13.05.2019 18:02:00.000,81.128,81.168,81.077,81.137,0.0638
13.05.2019 18:03:00.000,81.137,81.168,81.127,81.168,0.0351
13.05.2019 18:04:00.000,81.168,81.188,81.147,81.177,0.0469
13.05.2019 18:05:00.000,81.198,81.248,81.198,81.237,0.0931
13.05.2019 18:06:00.000,81.238,81.258,81.208,81.248,0.1515
13.05.2019 18:07:00.000,81.248,81.337,81.247,81.268,0.1092
13.05.2019 18:08:00.000,81.267,81.268,81.167,81.167,0.1391
13.05.2019 18:09:00.000,81.167,81.198,81.137,81.198,0.1261
13.05.2019 18:10:00.000,81.208,81.208,81.058,81.058,0.1429
13.05.2019 18:11:00.000,81.057,81.078,81.057,81.067,0.0352
13.05.2019 18:12:00.000,81.057,81.088,80.997,81.078,0.1046
13.05.2019 18:13:00.000,81.077,81.108,81.058,81.087,0.0432
13.05.2019 18:14:00.000,81.087,81.098,81.057,81.057,0.1443
13.05.2019 18:15:00.000,81.057,81.088,81.018,81.018,0.0436
13.05.2019 18:16:00.000,81.018,81.078,80.987,81.077,0.0742
13.05.2019 18:17:00.000,81.077,81.098,81.067,81.067,0.0228
13.05.2019 18:18:00.000,81.077,81.098,81.077,81.088,0.182
13.05.2019 18:19:00.000,81.097,81.118,81.057,81.108,0.0913
13.05.2019 18:20:00.000,81.107,81.258,81.107,81.138,0.3013
13.05.2019 18:21:00.000,81.157,81.218,81.137,81.167,0.1489
13.05.2019 18:22:00.000,81.167,81.167,81.107,81.137,0.0914
13.05.2019 18:23:00.000,81.148,81.218,81.107,81.117,0.214
13.05.2019 18:24:00.000,81.118,81.238,81.118,81.227,0.11
13.05.2019 18:25:00.000,81.237,81.508,81.217,81.427,0.2782
13.05.2019 18:26:00.000,81.427,81.448,81.357,81.438,0.3516
13.05.2019 18:27:00.000,81.437,81.508,81.387,81.458,0.2364
13.05.2019 18:28:00.000,81.458,81.518,81.428,81.488,0.0174
13.05.2019 18:29:00.000,81.487,81.507,81.357,81.378,0.1289
13.05.2019 18:30:00.000,81.378,81.488,81.378,81.458,0.1483
13.05.2019 18:31:00.000,81.457,81.488,81.387,81.387,0.0561
13.05.2019 18:32:00.000,81.387,81.438,81.358,81.437,0.0897
13.05.2019 18:33:00.000,81.437,81.458,81.357,81.357,0.0463
13.05.2019 18:34:00.000,81.357,81.387,81.337,81.348,0.1419
13.05.2019 18:35:00.000,81.348,81.408,81.337,81.337,0.0617
13.05.2019 18:36:00.000,81.337,81.378,81.307,81.367,0.108
13.05.2019 18:37:00.000,81.367,81.448,81.367,81.418,0.1589
13.05.2019 18:38:00.000,81.418,81.448,81.417,81.437,0.0073
13.05.2019 18:39:00.000,81.437,81.518,81.427,81.428,0.2053
13.05.2019 18:40:00.000,81.427,81.428,81.357,81.398,0.1717
13.05.2019 18:41:00.000,81.418,81.478,81.417,81.437,0.088
13.05.2019 18:42:00.000,81.438,81.458,81.388,81.408,0.1129
13.05.2019 18:43:00.000,81.377,81.378,81.287,81.288,0.1362
13.05.2019 18:44:00.000,81.287,81.378,81.287,81.347,0.1668
13.05.2019 18:45:00.000,81.358,81.438,81.357,81.388,0.1994
13.05.2019 18:46:00.000,81.388,81.457,81.377,81.457,0.0616
13.05.2019 18:47:00.000,81.457,81.538,81.457,81.538,0.1607
13.05.2019 18:48:00.000,81.538,81.568,81.507,81.548,0.2115
13.05.2019 18:49:00.000,81.558,81.558,81.497,81.538,0.2005
13.05.2019 18:50:00.000,81.548,81.678,81.537,81.598,0.2136
13.05.2019 18:51:00.000,81.597,81.648,81.567,81.587,0.0927
13.05.2019 18:52:00.000,81.587,81.658,81.587,81.637,0.0797
13.05.2019 18:53:00.000,81.637,81.758,81.637,81.737,0.1483
13.05.2019 18:54:00.000,81.737,81.737,81.697,81.697,0.0137
13.05.2019 18:55:00.000,81.697,81.728,81.667,81.728,0.0222
13.05.2019 18:56:00.000,81.728,81.737,81.707,81.737,0.0307
13.05.2019 18:57:00.000,81.738,81.798,81.717,81.798,0.1265
13.05.2019 18:58:00.000,81.787,81.808,81.767,81.768,0.0644
13.05.2019 18:59:00.000,81.768,81.778,81.627,81.627,0.0685
13.05.2019 19:00:00.000,81.627,81.778,81.627,81.747,0.0985
13.05.2019 19:01:00.000,81.747,81.748,81.667,81.667,0.2472
13.05.2019 19:02:00.000,81.678,81.678,81.597,81.618,0.1573
13.05.2019 19:03:00.000,81.618,81.618,81.487,81.507,0.1456
13.05.2019 19:04:00.000,81.507,81.557,81.507,81.548,0.3072
13.05.2019 19:05:00.000,81.548,81.568,81.507,81.517,0.1207
13.05.2019 19:06:00.000,81.517,81.578,81.508,81.528,0.2872
13.05.2019 19:07:00.000,81.538,81.568,81.507,81.538,0.1003
13.05.2019 19:08:00.000,81.538,81.638,81.537,81.637,0.2453
13.05.2019 19:09:00.000,81.637,81.648,81.517,81.517,0.1594
13.05.2019 19:10:00.000,81.518,81.568,81.517,81.568,0.1153
13.05.2019 19:11:00.000,81.587,81.588,81.487,81.497,0.1859
13.05.2019 19:12:00.000,81.497,81.538,81.467,81.527,0.1413
13.05.2019 19:13:00.000,81.527,81.558,81.487,81.497,0.1099
13.05.2019 19:14:00.000,81.498,81.498,81.428,81.428,0.199
13.05.2019 19:15:00.000,81.438,81.468,81.407,81.437,0.0699
13.05.2019 19:16:00.000,81.437,81.468,81.387,81.388,0.1461
13.05.2019 19:17:00.000,81.388,81.447,81.387,81.418,0.1734
13.05.2019 19:18:00.000,81.418,81.418,81.377,81.387,0.1094
13.05.2019 19:19:00.000,81.387,81.398,81.337,81.388,0.2028
13.05.2019 19:20:00.000,81.388,81.438,81.347,81.368,0.1164
13.05.2019 19:21:00.000,81.367,81.398,81.338,81.348,0.1019
13.05.2019 19:22:00.000,81.367,81.388,81.337,81.367,0.1883
13.05.2019 19:23:00.000,81.367,81.448,81.367,81.427,0.1583
13.05.2019 19:24:00.000,81.427,81.438,81.337,81.347,0.1517
13.05.2019 19:25:00.000,81.348,81.388,81.328,81.328,0.1102
13.05.2019 19:26:00.000,81.327,81.337,81.297,81.308,0.144
13.05.2019 19:27:00.000,81.318,81.357,81.287,81.318,0.1934
13.05.2019 19:28:00.000,81.317,81.378,81.317,81.368,0.1479
13.05.2019 19:29:00.000,81.377,81.378,81.307,81.338,0.1968
13.05.2019 19:30:00.000,81.337,81.358,81.277,81.307,0.348
13.05.2019 19:31:00.000,81.307,81.337,81.277,81.288,0.3213
13.05.2019 19:32:00.000,81.297,81.298,81.207,81.298,0.306
13.05.2019 19:33:00.000,81.298,81.298,81.227,81.277,0.1329
13.05.2019 19:34:00.000,81.277,81.298,81.258,81.258,0.3338
13.05.2019 19:35:00.000,81.268,81.268,81.207,81.217,0.2389
13.05.2019 19:36:00.000,81.218,81.248,81.177,81.217,0.1916
13.05.2019 19:37:00.000,81.227,81.278,81.177,81.228,0.2786
13.05.2019 19:38:00.000,81.217,81.268,81.168,81.267,0.265
13.05.2019 19:39:00.000,81.267,81.287,81.217,81.287,0.3275
13.05.2019 19:40:00.000,81.288,81.348,81.227,81.228,0.3332
13.05.2019 19:41:00.000,81.238,81.288,81.217,81.268,0.267
13.05.2019 19:42:00.000,81.267,81.278,81.208,81.267,0.2823
13.05.2019 19:43:00.000,81.268,81.288,81.247,81.258,0.2222
13.05.2019 19:44:00.000,81.268,81.307,81.197,81.207,0.2918
13.05.2019 19:45:00.000,81.208,81.288,81.208,81.228,0.2704
13.05.2019 19:46:00.000,81.228,81.288,81.227,81.278,0.2755
13.05.2019 19:47:00.000,81.277,81.368,81.277,81.347,0.2834
13.05.2019 19:48:00.000,81.358,81.438,81.357,81.428,0.3164
13.05.2019 19:49:00.000,81.427,81.438,81.377,81.377,0.1772
13.05.2019 19:50:00.000,81.377,81.378,81.298,81.318,0.1973
13.05.2019 19:51:00.000,81.317,81.368,81.317,81.368,0.1711
13.05.2019 19:52:00.000,81.367,81.367,81.267,81.317,0.2248
13.05.2019 19:53:00.000,81.317,81.338,81.277,81.308,0.3244
13.05.2019 19:54:00.000,81.327,81.368,81.257,81.338,0.3981
13.05.2019 19:55:00.000,81.337,81.428,81.298,81.418,0.3984
13.05.2019 19:56:00.000,81.408,81.408,81.318,81.387,0.1763
13.05.2019 19:57:00.000,81.398,81.418,81.377,81.408,0.3693
13.05.2019 19:58:00.000,81.408,81.438,81.357,81.378,0.4919
13.05.2019 19:59:00.000,81.378,81.448,81.307,81.347,0.9725
14.05.2019 13:30:00.000,81.328,81.417,80.817,81.417,0.0989
14.05.2019 13:31:00.000,81.498,81.657,81.498,81.657,0.1134
14.05.2019 13:32:00.000,81.657,81.658,81.377,81.617,0.2357
14.05.2019 13:33:00.000,81.648,81.718,81.468,81.688,0.3889
14.05.2019 13:34:00.000,81.767,81.887,81.748,81.847,0.1822
14.05.2019 13:35:00.000,81.818,81.818,81.608,81.697,0.1962
14.05.2019 13:36:00.000,81.697,82.008,81.697,81.997,0.1914
14.05.2019 13:37:00.000,81.997,82.098,81.857,81.857,0.2667
14.05.2019 13:38:00.000,81.858,81.908,81.707,81.907,0.2693
14.05.2019 13:39:00.000,81.908,82.048,81.887,82.047,0.295
14.05.2019 13:40:00.000,82.067,82.067,81.847,81.918,0.2992
14.05.2019 13:41:00.000,81.948,82.118,81.888,82.098,0.0751
14.05.2019 13:42:00.000,82.097,82.217,82.057,82.058,0.212
14.05.2019 13:43:00.000,82.057,82.136,82.007,82.087,0.2349
14.05.2019 13:44:00.000,82.087,82.227,82.087,82.218,0.0725
14.05.2019 13:45:00.000,82.247,82.338,82.197,82.197,0.2686
14.05.2019 13:46:00.000,82.198,82.218,82.038,82.068,0.1733
14.05.2019 13:47:00.000,82.078,82.098,81.977,82.048,0.3235
14.05.2019 13:48:00.000,82.047,82.147,82.047,82.067,0.1808
14.05.2019 13:49:00.000,82.067,82.068,81.818,81.818,0.2078
14.05.2019 13:50:00.000,81.817,81.817,81.707,81.707,0.2552
14.05.2019 13:51:00.000,81.708,81.927,81.707,81.867,0.2576
14.05.2019 13:52:00.000,81.868,81.938,81.767,81.938,0.1526
14.05.2019 13:53:00.000,81.948,81.987,81.908,81.908,0.2483
14.05.2019 13:54:00.000,81.907,82.137,81.907,82.088,0.1155
14.05.2019 13:55:00.000,82.088,82.088,81.967,82.058,0.1783
14.05.2019 13:56:00.000,82.097,82.188,82.007,82.187,0.1925
14.05.2019 13:57:00.000,82.187,82.228,82.157,82.157,0.2611
14.05.2019 13:58:00.000,82.187,82.208,82.157,82.187,0.0573
14.05.2019 13:59:00.000,82.187,82.208,82.097,82.108,0.2209
14.05.2019 14:00:00.000,82.108,82.248,82.058,82.248,0.1562
14.05.2019 14:01:00.000,82.248,82.328,82.207,82.277,0.1724
14.05.2019 14:02:00.000,82.278,82.288,82.157,82.217,0.1561
14.05.2019 14:03:00.000,82.218,82.248,82.067,82.107,0.2046
14.05.2019 14:04:00.000,82.108,82.108,81.977,81.977,0.2623
14.05.2019 14:05:00.000,81.977,82.028,81.977,82.008,0.1406
14.05.2019 14:06:00.000,81.997,82.028,81.937,82.028,0.2117
14.05.2019 14:07:00.000,82.027,82.078,82.017,82.068,0.2752
14.05.2019 14:08:00.000,82.067,82.188,82.067,82.188,0.2445
14.05.2019 14:09:00.000,82.188,82.208,82.087,82.087,0.1574
14.05.2019 14:10:00.000,82.087,82.158,82.027,82.048,0.1806
14.05.2019 14:11:00.000,82.048,82.078,82.048,82.067,0.0438
14.05.2019 14:12:00.000,82.067,82.098,82.007,82.048,0.1292
14.05.2019 14:13:00.000,82.047,82.047,82.007,82.027,0.0887
14.05.2019 14:14:00.000,82.027,82.068,82.007,82.038,0.0891
14.05.2019 14:15:00.000,82.037,82.198,82.037,82.168,0.1591
14.05.2019 14:16:00.000,82.178,82.197,82.087,82.127,0.157
14.05.2019 14:17:00.000,82.127,82.248,82.127,82.248,0.118
14.05.2019 14:18:00.000,82.228,82.298,82.177,82.217,0.107
14.05.2019 14:19:00.000,82.218,82.268,82.207,82.268,0.1878
14.05.2019 14:20:00.000,82.268,82.307,82.217,82.218,0.2482
14.05.2019 14:21:00.000,82.218,82.228,82.148,82.178,0.1265
14.05.2019 14:22:00.000,82.177,82.237,82.127,82.228,0.1318
14.05.2019 14:23:00.000,82.227,82.238,82.207,82.227,0.0703
14.05.2019 14:24:00.000,82.228,82.257,82.177,82.198,0.2508
14.05.2019 14:25:00.000,82.208,82.248,82.207,82.217,0.0588
14.05.2019 14:26:00.000,82.218,82.238,82.127,82.128,0.1077
14.05.2019 14:27:00.000,82.128,82.288,82.128,82.278,0.1192
14.05.2019 14:28:00.000,82.277,82.468,82.267,82.447,0.1819
14.05.2019 14:29:00.000,82.448,82.518,82.407,82.428,0.1131
14.05.2019 14:30:00.000,82.427,82.428,82.357,82.368,0.0699
14.05.2019 14:31:00.000,82.367,82.408,82.307,82.408,0.2079
14.05.2019 14:32:00.000,82.397,82.558,82.397,82.558,0.2227
14.05.2019 14:33:00.000,82.557,82.618,82.517,82.618,0.1738
14.05.2019 14:34:00.000,82.617,82.618,82.498,82.507,0.1716
14.05.2019 14:35:00.000,82.507,82.628,82.497,82.628,0.2521
14.05.2019 14:36:00.000,82.628,82.628,82.557,82.558,0.0882
14.05.2019 14:37:00.000,82.557,82.648,82.517,82.517,0.2107
14.05.2019 14:38:00.000,82.517,82.628,82.517,82.568,0.1918
14.05.2019 14:39:00.000,82.568,82.678,82.568,82.637,0.0598
14.05.2019 14:40:00.000,82.637,82.667,82.627,82.667,0.0527
14.05.2019 14:41:00.000,82.667,82.668,82.617,82.668,0.0833
14.05.2019 14:42:00.000,82.667,82.708,82.667,82.708,0.0273
14.05.2019 14:43:00.000,82.708,82.777,82.647,82.648,0.1838
14.05.2019 14:44:00.000,82.648,82.708,82.597,82.597,0.197
14.05.2019 14:45:00.000,82.597,82.598,82.567,82.577,0.0712
14.05.2019 14:46:00.000,82.577,82.588,82.577,82.587,0.1034
14.05.2019 14:47:00.000,82.597,82.628,82.517,82.518,0.2292
14.05.2019 14:48:00.000,82.528,82.528,82.417,82.438,0.0903
14.05.2019 14:49:00.000,82.437,82.498,82.437,82.438,0.1185
14.05.2019 14:50:00.000,82.437,82.437,82.317,82.367,0.3053
14.05.2019 14:51:00.000,82.367,82.458,82.357,82.457,0.2433
14.05.2019 14:52:00.000,82.457,82.457,82.408,82.437,0.1136
14.05.2019 14:53:00.000,82.438,82.438,82.387,82.387,0.0807
14.05.2019 14:54:00.000,82.367,82.368,82.257,82.358,0.0698
14.05.2019 14:55:00.000,82.368,82.378,82.277,82.298,0.0724
14.05.2019 14:56:00.000,82.297,82.358,82.278,82.278,0.0843
14.05.2019 14:57:00.000,82.278,82.398,82.277,82.398,0.115
14.05.2019 14:58:00.000,82.407,82.407,82.327,82.398,0.1283
14.05.2019 14:59:00.000,82.397,82.508,82.377,82.478,0.1526
14.05.2019 15:00:00.000,82.477,82.518,82.407,82.487,0.036
14.05.2019 15:01:00.000,82.487,82.498,82.398,82.417,0.0675
14.05.2019 15:02:00.000,82.417,82.457,82.297,82.318,0.1009
14.05.2019 15:03:00.000,82.317,82.348,82.287,82.318,0.1908
14.05.2019 15:04:00.000,82.298,82.388,82.287,82.388,0.1189
14.05.2019 15:05:00.000,82.407,82.548,82.397,82.538,0.317
14.05.2019 15:06:00.000,82.547,82.667,82.547,82.667,0.1759
14.05.2019 15:07:00.000,82.667,82.738,82.648,82.648,0.2447
14.05.2019 15:08:00.000,82.658,82.678,82.637,82.657,0.0778
14.05.2019 15:09:00.000,82.637,82.658,82.537,82.538,0.2224
14.05.2019 15:10:00.000,82.538,82.628,82.537,82.607,0.0844
14.05.2019 15:11:00.000,82.618,82.688,82.577,82.657,0.1201
14.05.2019 15:12:00.000,82.667,82.697,82.637,82.697,0.0937
14.05.2019 15:13:00.000,82.677,82.677,82.587,82.607,0.227
14.05.2019 15:14:00.000,82.608,82.698,82.608,82.688,0.0694
14.05.2019 15:15:00.000,82.687,82.758,82.677,82.748,0.1026
14.05.2019 15:16:00.000,82.747,82.748,82.597,82.607,0.1509
14.05.2019 15:17:00.000,82.617,82.698,82.617,82.698,0.006
14.05.2019 15:18:00.000,82.697,82.748,82.697,82.747,0.008
14.05.2019 15:19:00.000,82.747,82.858,82.737,82.778,0.085
14.05.2019 15:20:00.000,82.777,82.828,82.777,82.818,0.0271
14.05.2019 15:21:00.000,82.807,82.858,82.737,82.737,0.0254
14.05.2019 15:22:00.000,82.698,82.778,82.677,82.758,0.0507
14.05.2019 15:23:00.000,82.757,82.888,82.717,82.797,0.2009
14.05.2019 15:24:00.000,82.848,82.938,82.827,82.927,0.1831
14.05.2019 15:25:00.000,82.927,82.938,82.837,82.838,0.044
14.05.2019 15:26:00.000,82.837,82.888,82.817,82.837,0.0436
14.05.2019 15:27:00.000,82.837,82.838,82.737,82.767,0.1335
14.05.2019 15:28:00.000,82.767,82.768,82.707,82.747,0.1528
14.05.2019 15:29:00.000,82.747,82.768,82.727,82.737,0.196
14.05.2019 15:30:00.000,82.738,82.797,82.687,82.697,0.0621
14.05.2019 15:31:00.000,82.697,82.858,82.648,82.857,0.1085
14.05.2019 15:32:00.000,82.857,82.888,82.857,82.868,0.0835
14.05.2019 15:33:00.000,82.858,82.938,82.858,82.897,0.1851
14.05.2019 15:34:00.000,82.897,82.958,82.897,82.957,0.0679
14.05.2019 15:35:00.000,82.957,83.108,82.957,83.078,0.3266
14.05.2019 15:36:00.000,83.077,83.088,83.007,83.007,0.1981
14.05.2019 15:37:00.000,83.007,83.008,82.967,82.978,0.2498
14.05.2019 15:38:00.000,82.977,83.067,82.977,82.998,0.0932
14.05.2019 15:39:00.000,82.997,82.998,82.937,82.937,0.1094
14.05.2019 15:40:00.000,82.917,82.937,82.877,82.898,0.3771
14.05.2019 15:41:00.000,82.897,82.938,82.877,82.918,0.1137
14.05.2019 15:42:00.000,82.917,83.038,82.917,83.027,0.2246
14.05.2019 15:43:00.000,83.027,83.028,82.917,82.917,0.181
14.05.2019 15:44:00.000,82.917,82.968,82.917,82.957,0.1496
14.05.2019 15:45:00.000,82.958,82.958,82.857,82.877,0.2376
14.05.2019 15:46:00.000,82.897,82.918,82.877,82.887,0.1572
14.05.2019 15:47:00.000,82.897,82.957,82.897,82.937,0.0677
14.05.2019 15:48:00.000,82.937,83.078,82.937,83.077,0.1554
14.05.2019 15:49:00.000,83.077,83.208,83.067,83.207,0.1602
14.05.2019 15:50:00.000,83.207,83.267,83.107,83.107,0.209
14.05.2019 15:51:00.000,83.108,83.208,83.108,83.207,0.3081
14.05.2019 15:52:00.000,83.207,83.247,83.207,83.247,0.1147
14.05.2019 15:53:00.000,83.247,83.277,83.227,83.267,0.0946
14.05.2019 15:54:00.000,83.267,83.267,83.097,83.097,0.1973
14.05.2019 15:55:00.000,83.097,83.247,83.097,83.247,0.0808
14.05.2019 15:56:00.000,83.247,83.258,83.217,83.218,0.0868
14.05.2019 15:57:00.000,83.217,83.238,83.167,83.198,0.0496
14.05.2019 15:58:00.000,83.197,83.198,83.097,83.098,0.0418
14.05.2019 15:59:00.000,83.108,83.128,83.047,83.058,0.1258
14.05.2019 16:00:00.000,83.058,83.078,83.007,83.007,0.0266
14.05.2019 16:01:00.000,83.007,83.118,83.007,83.118,0.1005
14.05.2019 16:02:00.000,83.118,83.138,83.087,83.118,0.0686
14.05.2019 16:03:00.000,83.117,83.128,83.077,83.108,0.1722
14.05.2019 16:04:00.000,83.118,83.188,83.118,83.158,0.1646
14.05.2019 16:05:00.000,83.158,83.198,83.097,83.148,0.1076
14.05.2019 16:06:00.000,83.148,83.207,83.107,83.108,0.0396
14.05.2019 16:07:00.000,83.127,83.138,83.087,83.087,0.0715
14.05.2019 16:08:00.000,83.068,83.078,82.998,83.007,0.037
14.05.2019 16:09:00.000,83.007,83.027,82.987,82.987,0.0319
14.05.2019 16:10:00.000,82.987,82.998,82.878,82.987,0.0375
14.05.2019 16:11:00.000,82.997,83.097,82.987,82.997,0.0622
14.05.2019 16:12:00.000,82.997,83.017,82.957,82.997,0.072
14.05.2019 16:13:00.000,83.008,83.038,83.007,83.037,0.0351
14.05.2019 16:14:00.000,83.037,83.037,82.927,82.927,0.0592
14.05.2019 16:15:00.000,82.928,82.948,82.837,82.837,0.1917
14.05.2019 16:16:00.000,82.838,82.938,82.827,82.937,0.0632
14.05.2019 16:17:00.000,82.938,82.978,82.917,82.968,0.1664
14.05.2019 16:18:00.000,82.967,83.008,82.907,82.928,0.1321
14.05.2019 16:19:00.000,82.928,82.968,82.897,82.947,0.0919
14.05.2019 16:20:00.000,82.947,82.988,82.937,82.937,0.0632
14.05.2019 16:21:00.000,82.917,83.008,82.917,83.007,0.078
14.05.2019 16:22:00.000,83.008,83.008,82.897,82.938,0.1268
14.05.2019 16:23:00.000,82.938,83.018,82.938,82.978,0.0698
14.05.2019 16:24:00.000,82.978,82.978,82.918,82.968,0.0358
14.05.2019 16:25:00.000,82.967,83.118,82.967,83.097,0.1946
14.05.2019 16:26:00.000,83.098,83.098,83.057,83.078,0.1277
14.05.2019 16:27:00.000,83.098,83.138,83.007,83.007,0.0964
14.05.2019 16:28:00.000,82.997,83.027,82.997,83.017,0.0958
14.05.2019 16:29:00.000,82.997,83.017,82.997,83.008,0.0046
14.05.2019 16:30:00.000,83.008,83.077,83.008,83.047,0.0976
14.05.2019 16:31:00.000,83.048,83.077,83.028,83.057,0.045
14.05.2019 16:32:00.000,83.057,83.057,82.987,83.018,0.0807
14.05.2019 16:33:00.000,83.037,83.068,83.037,83.067,0.0974
14.05.2019 16:34:00.000,83.067,83.118,83.067,83.097,0.147
14.05.2019 16:35:00.000,83.088,83.098,83.017,83.017,0.1039
14.05.2019 16:36:00.000,83.017,83.028,82.998,83.008,0.0297
14.05.2019 16:37:00.000,83.007,83.038,83.007,83.018,0.0617
14.05.2019 16:38:00.000,83.028,83.028,82.987,83.017,0.0138
14.05.2019 16:39:00.000,83.018,83.078,83.018,83.027,0.056
14.05.2019 16:40:00.000,83.027,83.038,82.978,82.978,0.0439
14.05.2019 16:41:00.000,82.967,82.988,82.947,82.967,0.0657
14.05.2019 16:42:00.000,82.967,82.997,82.967,82.987,0.0032
14.05.2019 16:43:00.000,82.987,83.038,82.987,83.037,0.0203
14.05.2019 16:44:00.000,83.068,83.078,82.987,82.987,0.0755
14.05.2019 16:45:00.000,82.988,83.038,82.968,83.038,0.1006
14.05.2019 16:46:00.000,83.047,83.068,82.987,82.988,0.1273
14.05.2019 16:47:00.000,82.988,83.058,82.987,83.027,0.2222
14.05.2019 16:48:00.000,83.018,83.038,83.017,83.038,0.023
14.05.2019 16:49:00.000,83.037,83.078,83.037,83.058,0.1364
14.05.2019 16:50:00.000,83.037,83.058,83.017,83.057,0.1069
14.05.2019 16:51:00.000,83.048,83.078,83.047,83.077,0.0138
14.05.2019 16:52:00.000,83.078,83.078,83.058,83.058,0.128
14.05.2019 16:53:00.000,83.057,83.078,83.037,83.077,0.0198
14.05.2019 16:54:00.000,83.077,83.088,83.057,83.057,0.1489
14.05.2019 16:55:00.000,83.058,83.078,83.028,83.028,0.0124
14.05.2019 16:56:00.000,83.037,83.038,82.947,82.958,0.1153
14.05.2019 16:57:00.000,82.968,82.988,82.917,82.918,0.1315
14.05.2019 16:58:00.000,82.918,82.968,82.918,82.928,0.0938
14.05.2019 16:59:00.000,82.927,82.937,82.868,82.907,0.1426
14.05.2019 17:00:00.000,82.927,82.958,82.927,82.938,0.0959
14.05.2019 17:01:00.000,82.937,82.937,82.798,82.828,0.1486
14.05.2019 17:02:00.000,82.818,82.818,82.787,82.818,0.0952
14.05.2019 17:03:00.000,82.808,82.848,82.808,82.847,0.0155
14.05.2019 17:04:00.000,82.847,82.897,82.847,82.887,0.0444
14.05.2019 17:05:00.000,82.887,82.908,82.887,82.908,0.0043
14.05.2019 17:06:00.000,82.907,83.017,82.907,82.997,0.0627
14.05.2019 17:07:00.000,83.008,83.028,82.987,82.988,0.0139
14.05.2019 17:08:00.000,82.978,82.978,82.927,82.928,0.0876
14.05.2019 17:09:00.000,82.928,82.958,82.928,82.957,0.0232
14.05.2019 17:10:00.000,82.958,83.028,82.947,83.028,0.0454
14.05.2019 17:11:00.000,83.027,83.048,83.027,83.037,0.0641
14.05.2019 17:12:00.000,83.037,83.118,83.037,83.108,0.0456
14.05.2019 17:13:00.000,83.107,83.138,83.087,83.097,0.0937
14.05.2019 17:14:00.000,83.087,83.098,83.077,83.098,0.0242
14.05.2019 17:15:00.000,83.097,83.118,83.037,83.048,0.1433
14.05.2019 17:16:00.000,83.047,83.057,83.037,83.037,0.0129
14.05.2019 17:17:00.000,83.037,83.037,82.997,82.998,0.1587
14.05.2019 17:18:00.000,82.997,83.008,82.977,83.007,0.1009
14.05.2019 17:19:00.000,83.007,83.068,83.007,83.027,0.083
14.05.2019 17:20:00.000,83.027,83.128,83.027,83.128,0.2049
14.05.2019 17:21:00.000,83.118,83.128,83.058,83.078,0.1165
14.05.2019 17:22:00.000,83.078,83.247,83.078,83.218,0.1408
14.05.2019 17:23:00.000,83.237,83.238,83.197,83.198,0.0122
14.05.2019 17:24:00.000,83.198,83.208,83.137,83.177,0.0867
14.05.2019 17:25:00.000,83.177,83.178,83.177,83.177,0.0561
14.05.2019 17:26:00.000,83.177,83.177,83.137,83.158,0.0457
14.05.2019 17:27:00.000,83.158,83.168,83.127,83.148,0.0332
14.05.2019 17:28:00.000,83.147,83.148,83.107,83.128,0.0866
14.05.2019 17:29:00.000,83.138,83.198,83.138,83.147,0.1178
14.05.2019 17:30:00.000,83.177,83.228,83.177,83.207,0.0504
14.05.2019 17:31:00.000,83.207,83.218,83.177,83.198,0.0152
14.05.2019 17:32:00.000,83.197,83.208,83.177,83.177,0.0623
14.05.2019 17:33:00.000,83.177,83.177,83.137,83.157,0.0667
14.05.2019 17:34:00.000,83.158,83.168,83.157,83.157,0.096
14.05.2019 17:35:00.000,83.137,83.188,83.077,83.188,0.094
14.05.2019 17:36:00.000,83.187,83.237,83.167,83.187,0.2747
14.05.2019 17:37:00.000,83.197,83.207,83.177,83.198,0.0606
14.05.2019 17:38:00.000,83.187,83.187,83.127,83.127,0.0559
14.05.2019 17:39:00.000,83.127,83.158,83.127,83.138,0.1299
14.05.2019 17:40:00.000,83.137,83.138,83.077,83.077,0.1029
14.05.2019 17:41:00.000,83.098,83.158,83.077,83.078,0.2051
14.05.2019 17:42:00.000,83.078,83.078,83.037,83.057,0.1292
14.05.2019 17:43:00.000,83.067,83.128,83.067,83.078,0.1563
14.05.2019 17:44:00.000,83.078,83.107,83.077,83.107,0.0248
14.05.2019 17:45:00.000,83.117,83.117,83.077,83.078,0.1064
14.05.2019 17:46:00.000,83.077,83.138,83.077,83.118,0.1287
14.05.2019 17:47:00.000,83.118,83.128,83.077,83.077,0.0535
14.05.2019 17:48:00.000,83.077,83.087,83.027,83.038,0.0302
14.05.2019 17:49:00.000,83.038,83.107,83.038,83.088,0.1399
14.05.2019 17:50:00.000,83.098,83.158,83.087,83.147,0.1231
14.05.2019 17:51:00.000,83.157,83.157,83.087,83.098,0.0402
14.05.2019 17:52:00.000,83.087,83.108,83.087,83.097,0.0874
14.05.2019 17:53:00.000,83.097,83.198,83.097,83.138,0.0846
14.05.2019 17:54:00.000,83.138,83.167,83.137,83.148,0.0821
14.05.2019 17:55:00.000,83.157,83.177,83.127,83.147,0.0823
14.05.2019 17:56:00.000,83.147,83.198,83.147,83.168,0.0712
14.05.2019 17:57:00.000,83.147,83.268,83.138,83.257,0.0951
14.05.2019 17:58:00.000,83.257,83.308,83.257,83.267,0.0679
14.05.2019 17:59:00.000,83.267,83.268,83.218,83.257,0.0414
14.05.2019 18:00:00.000,83.248,83.278,83.218,83.237,0.0676
14.05.2019 18:01:00.000,83.237,83.257,83.237,83.247,0.1029
14.05.2019 18:02:00.000,83.247,83.247,83.127,83.127,0.0596
14.05.2019 18:03:00.000,83.127,83.168,83.127,83.147,0.0479
14.05.2019 18:04:00.000,83.147,83.177,83.147,83.158,0.1059
14.05.2019 18:05:00.000,83.157,83.187,83.137,83.147,0.0513
14.05.2019 18:06:00.000,83.148,83.178,83.127,83.138,0.0582
14.05.2019 18:07:00.000,83.138,83.148,83.077,83.078,0.1006
14.05.2019 18:08:00.000,83.087,83.138,83.087,83.138,0.1065
14.05.2019 18:09:00.000,83.157,83.197,83.157,83.197,0.0757
14.05.2019 18:10:00.000,83.197,83.208,83.088,83.118,0.0687
14.05.2019 18:11:00.000,83.117,83.177,83.117,83.147,0.1437
14.05.2019 18:12:00.000,83.147,83.147,83.097,83.097,0.0371
14.05.2019 18:13:00.000,83.097,83.147,83.097,83.118,0.2354
14.05.2019 18:14:00.000,83.127,83.128,83.117,83.127,0.0535
14.05.2019 18:15:00.000,83.128,83.128,83.107,83.108,0.076
14.05.2019 18:16:00.000,83.107,83.168,83.107,83.158,0.1522
14.05.2019 18:17:00.000,83.168,83.168,83.127,83.138,0.1344
14.05.2019 18:18:00.000,83.157,83.157,83.127,83.137,0.0359
14.05.2019 18:19:00.000,83.137,83.138,83.107,83.117,0.0553
14.05.2019 18:20:00.000,83.117,83.218,83.117,83.217,0.1294
14.05.2019 18:21:00.000,83.218,83.218,83.138,83.187,0.1488
14.05.2019 18:22:00.000,83.187,83.208,83.177,83.178,0.1011
14.05.2019 18:23:00.000,83.177,83.227,83.177,83.227,0.1409
14.05.2019 18:24:00.000,83.227,83.247,83.217,83.247,0.1083
14.05.2019 18:25:00.000,83.238,83.238,83.137,83.137,0.0749
14.05.2019 18:26:00.000,83.137,83.168,83.137,83.147,0.0227
14.05.2019 18:27:00.000,83.147,83.147,83.087,83.137,0.1602
14.05.2019 18:28:00.000,83.137,83.168,83.117,83.168,0.1464
14.05.2019 18:29:00.000,83.167,83.198,83.087,83.088,0.1665
14.05.2019 18:30:00.000,83.098,83.128,83.087,83.118,0.1358
14.05.2019 18:31:00.000,83.117,83.137,83.088,83.108,0.0842
14.05.2019 18:32:00.000,83.107,83.138,83.078,83.087,0.0755
14.05.2019 18:33:00.000,83.087,83.088,83.057,83.057,0.1311
14.05.2019 18:34:00.000,83.058,83.108,83.057,83.107,0.1951
14.05.2019 18:35:00.000,83.107,83.117,83.087,83.107,0.0842
14.05.2019 18:36:00.000,83.107,83.128,83.087,83.107,0.1113
14.05.2019 18:37:00.000,83.108,83.128,83.097,83.097,0.1044
14.05.2019 18:38:00.000,83.098,83.167,83.097,83.157,0.1609
14.05.2019 18:39:00.000,83.158,83.168,83.137,83.137,0.0657
14.05.2019 18:40:00.000,83.138,83.158,83.117,83.137,0.0698
14.05.2019 18:41:00.000,83.147,83.168,83.107,83.108,0.0918
14.05.2019 18:42:00.000,83.088,83.128,83.087,83.127,0.0341
14.05.2019 18:43:00.000,83.118,83.138,83.098,83.108,0.0844
14.05.2019 18:44:00.000,83.108,83.128,83.107,83.107,0.0506
14.05.2019 18:45:00.000,83.107,83.107,83.037,83.037,0.1026
14.05.2019 18:46:00.000,83.027,83.028,82.987,82.998,0.1008
14.05.2019 18:47:00.000,82.988,82.988,82.917,82.917,0.0662
14.05.2019 18:48:00.000,82.917,83.018,82.897,83.017,0.143
14.05.2019 18:49:00.000,83.017,83.077,82.948,82.978,0.1015
14.05.2019 18:50:00.000,82.978,83.018,82.947,82.947,0.1678
14.05.2019 18:51:00.000,82.947,82.968,82.917,82.937,0.1599
14.05.2019 18:52:00.000,82.937,83.028,82.937,83.018,0.1972
14.05.2019 18:53:00.000,83.018,83.028,82.968,82.987,0.1073
14.05.2019 18:54:00.000,82.987,82.987,82.888,82.937,0.0921
14.05.2019 18:55:00.000,82.948,83.048,82.937,83.027,0.1621
14.05.2019 18:56:00.000,83.027,83.087,83.007,83.067,0.1175
14.05.2019 18:57:00.000,83.067,83.067,82.967,82.967,0.0437
14.05.2019 18:58:00.000,82.967,82.967,82.947,82.947,0.0417
14.05.2019 18:59:00.000,82.947,82.958,82.908,82.928,0.1559
14.05.2019 19:00:00.000,82.927,82.928,82.887,82.888,0.0615
14.05.2019 19:01:00.000,82.878,82.967,82.878,82.937,0.1513
14.05.2019 19:02:00.000,82.937,82.987,82.927,82.978,0.0361
14.05.2019 19:03:00.000,83.007,83.037,82.987,83.017,0.0993
14.05.2019 19:04:00.000,83.037,83.067,83.027,83.047,0.1557
14.05.2019 19:05:00.000,83.057,83.058,82.997,83.028,0.139
14.05.2019 19:06:00.000,83.027,83.048,83.017,83.028,0.0552
14.05.2019 19:07:00.000,83.037,83.068,83.027,83.038,0.1055
14.05.2019 19:08:00.000,83.038,83.048,82.997,83.048,0.0513
14.05.2019 19:09:00.000,83.038,83.117,83.037,83.087,0.126
14.05.2019 19:10:00.000,83.087,83.108,83.067,83.067,0.1768
14.05.2019 19:11:00.000,83.048,83.048,83.027,83.027,0.0988
14.05.2019 19:12:00.000,83.027,83.068,83.027,83.067,0.0455
14.05.2019 19:13:00.000,83.068,83.088,83.027,83.038,0.1582
14.05.2019 19:14:00.000,83.028,83.028,82.967,82.997,0.1121
14.05.2019 19:15:00.000,82.997,82.998,82.927,82.928,0.1988
14.05.2019 19:16:00.000,82.928,82.938,82.848,82.898,0.1367
14.05.2019 19:17:00.000,82.908,82.958,82.907,82.957,0.0709
14.05.2019 19:18:00.000,82.957,83.007,82.957,83.007,0.073
14.05.2019 19:19:00.000,83.007,83.058,83.007,83.057,0.1848
14.05.2019 19:20:00.000,83.058,83.098,83.057,83.098,0.0564
14.05.2019 19:21:00.000,83.098,83.098,83.028,83.047,0.2415
14.05.2019 19:22:00.000,83.047,83.087,83.038,83.038,0.1768
14.05.2019 19:23:00.000,83.037,83.078,83.037,83.048,0.3097
14.05.2019 19:24:00.000,83.037,83.118,83.037,83.107,0.0598
14.05.2019 19:25:00.000,83.108,83.128,83.087,83.097,0.0508
14.05.2019 19:26:00.000,83.087,83.208,83.087,83.207,0.1471
14.05.2019 19:27:00.000,83.207,83.208,83.157,83.178,0.0562
14.05.2019 19:28:00.000,83.168,83.188,83.147,83.177,0.0989
14.05.2019 19:29:00.000,83.178,83.178,83.157,83.158,0.1255
14.05.2019 19:30:00.000,83.158,83.158,83.067,83.068,0.1742
14.05.2019 19:31:00.000,83.087,83.178,83.087,83.118,0.2277
14.05.2019 19:32:00.000,83.117,83.168,83.077,83.077,0.2236
14.05.2019 19:33:00.000,83.077,83.078,83.007,83.017,0.2304
14.05.2019 19:34:00.000,83.018,83.018,82.927,82.958,0.1271
14.05.2019 19:35:00.000,82.957,82.998,82.917,82.957,0.1202
14.05.2019 19:36:00.000,82.958,82.958,82.887,82.897,0.1524
14.05.2019 19:37:00.000,82.908,82.917,82.867,82.868,0.0981
14.05.2019 19:38:00.000,82.888,82.918,82.877,82.907,0.0971
14.05.2019 19:39:00.000,82.908,82.938,82.907,82.918,0.1666
14.05.2019 19:40:00.000,82.918,83.018,82.917,82.998,0.1351
14.05.2019 19:41:00.000,82.997,82.998,82.957,82.967,0.0881
14.05.2019 19:42:00.000,82.978,83.018,82.977,82.988,0.063
14.05.2019 19:43:00.000,82.988,82.997,82.937,82.997,0.2493
14.05.2019 19:44:00.000,82.997,82.998,82.957,82.968,0.2392
14.05.2019 19:45:00.000,82.958,82.977,82.857,82.867,0.3024
14.05.2019 19:46:00.000,82.857,82.988,82.857,82.987,0.1681
14.05.2019 19:47:00.000,82.978,83.048,82.908,83.048,0.3245
14.05.2019 19:48:00.000,83.047,83.057,82.997,83.027,0.1996
14.05.2019 19:49:00.000,83.027,83.038,82.948,83.008,0.377
14.05.2019 19:50:00.000,83.008,83.018,82.917,82.947,0.3238
14.05.2019 19:51:00.000,82.948,82.988,82.927,82.977,0.2422
14.05.2019 19:52:00.000,82.967,82.988,82.937,82.987,0.2157
14.05.2019 19:53:00.000,82.988,83.038,82.958,83.027,0.286
14.05.2019 19:54:00.000,83.027,83.148,82.997,83.148,0.2716
14.05.2019 19:55:00.000,83.147,83.168,83.097,83.107,0.2912
14.05.2019 19:56:00.000,83.108,83.118,82.997,83.017,0.4023
14.05.2019 19:57:00.000,83.017,83.068,83.017,83.068,0.3144
14.05.2019 19:58:00.000,83.058,83.058,82.947,82.958,0.5416
14.05.2019 19:59:00.000,82.957,83.018,82.897,82.938,0.7561
15.05.2019 13:30:00.000,81.458,82.318,81.457,81.847,0.0842
15.05.2019 13:31:00.000,81.848,82.018,81.667,81.837,0.0146
15.05.2019 13:32:00.000,81.837,81.998,81.837,81.947,0.0418
15.05.2019 13:33:00.000,81.908,81.917,81.648,81.788,0.0749
15.05.2019 13:34:00.000,81.787,81.908,81.667,81.868,0.1749
15.05.2019 13:35:00.000,81.867,81.927,81.737,81.927,0.1023
15.05.2019 13:36:00.000,81.928,82.007,81.727,81.938,0.1538
15.05.2019 13:37:00.000,81.938,81.987,81.877,81.958,0.0394
15.05.2019 13:38:00.000,81.958,81.958,81.658,81.717,0.1478
15.05.2019 13:39:00.000,81.718,81.778,81.657,81.778,0.1636
15.05.2019 13:40:00.000,81.777,81.837,81.628,81.647,0.1795
15.05.2019 13:41:00.000,81.647,81.687,81.568,81.627,0.1225
15.05.2019 13:42:00.000,81.628,81.757,81.597,81.757,0.0843
15.05.2019 13:43:00.000,81.777,81.826,81.678,81.747,0.1069
15.05.2019 13:44:00.000,81.747,81.807,81.657,81.777,0.0863
15.05.2019 13:45:00.000,81.777,81.837,81.647,81.837,0.0589
15.05.2019 13:46:00.000,81.847,81.978,81.847,81.927,0.1092
15.05.2019 13:47:00.000,81.928,82.208,81.928,82.197,0.0427
15.05.2019 13:48:00.000,82.197,82.198,82.077,82.108,0.1156
15.05.2019 13:49:00.000,82.108,82.127,81.958,82.047,0.1169
15.05.2019 13:50:00.000,82.047,82.247,82.047,82.247,0.2309
15.05.2019 13:51:00.000,82.257,82.318,82.137,82.187,0.1311
15.05.2019 13:52:00.000,82.157,82.248,82.137,82.178,0.0722
15.05.2019 13:53:00.000,82.177,82.328,82.078,82.278,0.2027
15.05.2019 13:54:00.000,82.297,82.338,82.197,82.197,0.0982
15.05.2019 13:55:00.000,82.197,82.308,82.197,82.247,0.0334
15.05.2019 13:56:00.000,82.247,82.267,82.007,82.007,0.1661
15.05.2019 13:57:00.000,82.007,82.097,81.957,82.088,0.1746
15.05.2019 13:58:00.000,82.068,82.178,82.067,82.177,0.1603
15.05.2019 13:59:00.000,82.177,82.288,82.088,82.088,0.2641
15.05.2019 14:00:00.000,82.088,82.158,82.048,82.147,0.1195
15.05.2019 14:01:00.000,82.167,82.218,82.077,82.077,0.0501
15.05.2019 14:02:00.000,82.078,82.128,82.047,82.047,0.2221
15.05.2019 14:03:00.000,82.087,82.197,82.067,82.148,0.2523
15.05.2019 14:04:00.000,82.157,82.257,82.137,82.138,0.2282
15.05.2019 14:05:00.000,82.178,82.238,82.108,82.138,0.1226
15.05.2019 14:06:00.000,82.137,82.248,82.117,82.187,0.3026
15.05.2019 14:07:00.000,82.187,82.288,82.167,82.267,0.2296
15.05.2019 14:08:00.000,82.248,82.358,82.247,82.357,0.2997
15.05.2019 14:09:00.000,82.357,82.458,82.207,82.278,0.2029
15.05.2019 14:10:00.000,82.278,82.338,82.247,82.267,0.1953
15.05.2019 14:11:00.000,82.277,82.307,82.208,82.208,0.0662
15.05.2019 14:12:00.000,82.208,82.268,82.157,82.167,0.282
15.05.2019 14:13:00.000,82.167,82.588,82.098,82.517,0.2003
15.05.2019 14:14:00.000,82.487,82.698,82.377,82.698,0.1549
15.05.2019 14:15:00.000,82.668,82.708,82.587,82.677,0.2593
15.05.2019 14:16:00.000,82.677,82.788,82.607,82.648,0.2646
15.05.2019 14:17:00.000,82.648,82.678,82.567,82.578,0.0196
15.05.2019 14:18:00.000,82.607,82.618,82.527,82.618,0.208
15.05.2019 14:19:00.000,82.608,82.757,82.597,82.607,0.1834
15.05.2019 14:20:00.000,82.608,82.668,82.487,82.507,0.1493
15.05.2019 14:21:00.000,82.477,82.507,82.407,82.407,0.1022
15.05.2019 14:22:00.000,82.407,82.477,82.367,82.398,0.2703
15.05.2019 14:23:00.000,82.398,82.398,82.307,82.367,0.0748
15.05.2019 14:24:00.000,82.357,82.398,82.337,82.388,0.0237
15.05.2019 14:25:00.000,82.427,82.498,82.398,82.447,0.1415
15.05.2019 14:26:00.000,82.468,82.597,82.467,82.578,0.1877
15.05.2019 14:27:00.000,82.577,82.608,82.547,82.548,0.1197
15.05.2019 14:28:00.000,82.547,82.568,82.487,82.487,0.0595
15.05.2019 14:29:00.000,82.487,82.587,82.468,82.487,0.1203
15.05.2019 14:30:00.000,82.487,82.657,82.278,82.647,0.2238
15.05.2019 14:31:00.000,82.647,82.737,82.647,82.717,0.1236
15.05.2019 14:32:00.000,82.717,82.737,82.617,82.688,0.1874
15.05.2019 14:33:00.000,82.697,82.788,82.638,82.767,0.0095
15.05.2019 14:34:00.000,82.767,82.798,82.667,82.708,0.2161
15.05.2019 14:35:00.000,82.687,82.758,82.627,82.627,0.2161
15.05.2019 14:36:00.000,82.628,82.788,82.577,82.747,0.161
15.05.2019 14:37:00.000,82.758,82.858,82.748,82.858,0.128
15.05.2019 14:38:00.000,82.857,82.868,82.747,82.778,0.1216
15.05.2019 14:39:00.000,82.798,82.868,82.798,82.838,0.245
15.05.2019 14:40:00.000,82.838,82.948,82.838,82.887,0.2896
15.05.2019 14:41:00.000,82.877,82.908,82.747,82.747,0.2215
15.05.2019 14:42:00.000,82.747,82.888,82.737,82.888,0.2944
15.05.2019 14:43:00.000,82.887,82.918,82.877,82.917,0.1562
15.05.2019 14:44:00.000,82.917,82.978,82.877,82.877,0.0032
15.05.2019 14:45:00.000,82.877,82.958,82.817,82.818,0.0996
15.05.2019 14:46:00.000,82.818,82.858,82.777,82.858,0.0713
15.05.2019 14:47:00.000,82.857,82.868,82.777,82.778,0.0502
15.05.2019 14:48:00.000,82.778,82.788,82.657,82.687,0.1342
15.05.2019 14:49:00.000,82.687,82.818,82.687,82.797,0.1189
15.05.2019 14:50:00.000,82.798,82.828,82.777,82.797,0.0722
15.05.2019 14:51:00.000,82.798,82.907,82.798,82.877,0.0929
15.05.2019 14:52:00.000,82.877,82.888,82.837,82.837,0.0725
15.05.2019 14:53:00.000,82.847,82.858,82.757,82.757,0.086
15.05.2019 14:54:00.000,82.757,82.758,82.717,82.758,0.0647
15.05.2019 14:55:00.000,82.778,82.887,82.777,82.798,0.0916
15.05.2019 14:56:00.000,82.798,82.798,82.638,82.648,0.1156
15.05.2019 14:57:00.000,82.647,82.668,82.587,82.587,0.0742
15.05.2019 14:58:00.000,82.588,82.598,82.567,82.588,0.0642
15.05.2019 14:59:00.000,82.587,82.588,82.417,82.458,0.1915
15.05.2019 15:00:00.000,82.487,82.538,82.437,82.467,0.1185
15.05.2019 15:01:00.000,82.448,82.448,82.287,82.287,0.0511
15.05.2019 15:02:00.000,82.288,82.338,82.237,82.257,0.2358
15.05.2019 15:03:00.000,82.257,82.267,82.177,82.178,0.1074
15.05.2019 15:04:00.000,82.178,82.278,82.177,82.228,0.1473
15.05.2019 15:05:00.000,82.228,82.228,82.137,82.178,0.0927
15.05.2019 15:06:00.000,82.187,82.288,82.187,82.277,0.0679
15.05.2019 15:07:00.000,82.278,82.298,82.247,82.297,0.0654
15.05.2019 15:08:00.000,82.297,82.338,82.267,82.298,0.1566
15.05.2019 15:09:00.000,82.308,82.408,82.308,82.357,0.0436
15.05.2019 15:10:00.000,82.358,82.437,82.338,82.418,0.1241
15.05.2019 15:11:00.000,82.418,82.478,82.417,82.417,0.0622
15.05.2019 15:12:00.000,82.408,82.528,82.407,82.528,0.0489
15.05.2019 15:13:00.000,82.528,82.578,82.507,82.518,0.1265
15.05.2019 15:14:00.000,82.517,82.558,82.508,82.537,0.1941
15.05.2019 15:15:00.000,82.538,82.538,82.467,82.528,0.0918
15.05.2019 15:16:00.000,82.528,82.528,82.427,82.427,0.1412
15.05.2019 15:17:00.000,82.438,82.467,82.367,82.367,0.112
15.05.2019 15:18:00.000,82.367,82.408,82.337,82.397,0.1008
15.05.2019 15:19:00.000,82.397,82.517,82.397,82.498,0.0492
15.05.2019 15:20:00.000,82.497,82.587,82.458,82.518,0.198
15.05.2019 15:21:00.000,82.518,82.558,82.518,82.557,0.0384
15.05.2019 15:22:00.000,82.557,82.558,82.478,82.508,0.1421
15.05.2019 15:23:00.000,82.507,82.597,82.507,82.557,0.0525
15.05.2019 15:24:00.000,82.537,82.638,82.537,82.607,0.1082
15.05.2019 15:25:00.000,82.607,82.798,82.607,82.768,0.1649
15.05.2019 15:26:00.000,82.787,82.818,82.767,82.797,0.115
15.05.2019 15:27:00.000,82.797,82.848,82.778,82.797,0.1015
15.05.2019 15:28:00.000,82.818,82.838,82.807,82.818,0.0717
15.05.2019 15:29:00.000,82.818,82.818,82.677,82.708,0.1033
15.05.2019 15:30:00.000,82.708,82.768,82.708,82.727,0.0703
15.05.2019 15:31:00.000,82.738,82.738,82.497,82.567,0.1242
15.05.2019 15:32:00.000,82.597,82.677,82.557,82.597,0.0816
15.05.2019 15:33:00.000,82.578,82.708,82.577,82.707,0.0378
15.05.2019 15:34:00.000,82.708,82.748,82.707,82.737,0.1
15.05.2019 15:35:00.000,82.737,82.748,82.667,82.667,0.2009
15.05.2019 15:36:00.000,82.657,82.717,82.597,82.597,0.1924
15.05.2019 15:37:00.000,82.597,82.638,82.577,82.618,0.0904
15.05.2019 15:38:00.000,82.617,82.647,82.557,82.578,0.1111
15.05.2019 15:39:00.000,82.577,82.598,82.557,82.557,0.1055
15.05.2019 15:40:00.000,82.578,82.618,82.577,82.608,0.0847
15.05.2019 15:41:00.000,82.607,82.658,82.597,82.627,0.2246
15.05.2019 15:42:00.000,82.637,82.678,82.627,82.677,0.1845
15.05.2019 15:43:00.000,82.687,82.688,82.597,82.608,0.0757
15.05.2019 15:44:00.000,82.608,82.668,82.608,82.618,0.12
15.05.2019 15:45:00.000,82.618,82.658,82.517,82.527,0.0512
15.05.2019 15:46:00.000,82.528,82.568,82.497,82.568,0.0954
15.05.2019 15:47:00.000,82.567,82.568,82.457,82.518,0.1701
15.05.2019 15:48:00.000,82.517,82.568,82.497,82.567,0.0808
15.05.2019 15:49:00.000,82.578,82.618,82.568,82.617,0.2192
15.05.2019 15:50:00.000,82.617,82.728,82.617,82.657,0.0767
15.05.2019 15:51:00.000,82.677,82.698,82.648,82.658,0.1638
15.05.2019 15:52:00.000,82.647,82.658,82.617,82.657,0.0308
15.05.2019 15:53:00.000,82.658,82.758,82.657,82.748,0.0941
15.05.2019 15:54:00.000,82.748,82.778,82.658,82.658,0.1319
15.05.2019 15:55:00.000,82.657,82.788,82.638,82.747,0.2027
15.05.2019 15:56:00.000,82.747,82.837,82.717,82.797,0.1844
15.05.2019 15:57:00.000,82.798,82.848,82.797,82.818,0.0586
15.05.2019 15:58:00.000,82.797,82.848,82.797,82.848,0.2836
15.05.2019 15:59:00.000,82.847,82.857,82.787,82.788,0.0703
15.05.2019 16:00:00.000,82.788,82.858,82.788,82.858,0.0726
15.05.2019 16:01:00.000,82.857,82.888,82.857,82.857,0.0777
15.05.2019 16:02:00.000,82.868,82.898,82.857,82.878,0.1024
15.05.2019 16:03:00.000,82.877,82.938,82.877,82.917,0.0921
15.05.2019 16:04:00.000,82.887,82.888,82.818,82.848,0.0548
15.05.2019 16:05:00.000,82.857,82.938,82.817,82.908,0.2038
15.05.2019 16:06:00.000,82.907,82.938,82.857,82.877,0.0836
15.05.2019 16:07:00.000,82.877,82.908,82.817,82.817,0.0872
15.05.2019 16:08:00.000,82.837,82.898,82.817,82.898,0.1829
15.05.2019 16:09:00.000,82.897,82.908,82.897,82.907,0.0019
15.05.2019 16:10:00.000,82.908,82.908,82.837,82.847,0.0654
15.05.2019 16:11:00.000,82.848,82.908,82.817,82.908,0.2383
15.05.2019 16:12:00.000,82.907,82.928,82.888,82.897,0.1048
15.05.2019 16:13:00.000,82.888,82.928,82.868,82.897,0.1972
15.05.2019 16:14:00.000,82.897,82.938,82.878,82.928,0.18
15.05.2019 16:15:00.000,82.928,82.938,82.877,82.938,0.1414
15.05.2019 16:16:00.000,82.947,82.967,82.827,82.827,0.0751
15.05.2019 16:17:00.000,82.837,82.858,82.797,82.848,0.127
15.05.2019 16:18:00.000,82.847,82.848,82.797,82.798,0.0709
15.05.2019 16:19:00.000,82.797,82.838,82.737,82.738,0.128
15.05.2019 16:20:00.000,82.757,82.758,82.708,82.758,0.0444
15.05.2019 16:21:00.000,82.737,82.758,82.718,82.727,0.0346
15.05.2019 16:22:00.000,82.718,82.748,82.707,82.718,0.115
15.05.2019 16:23:00.000,82.718,82.768,82.617,82.638,0.144
15.05.2019 16:24:00.000,82.637,82.658,82.607,82.658,0.1182
15.05.2019 16:25:00.000,82.657,82.668,82.617,82.617,0.0836
15.05.2019 16:26:00.000,82.647,82.648,82.537,82.597,0.0958
15.05.2019 16:27:00.000,82.597,82.678,82.587,82.678,0.0195
15.05.2019 16:28:00.000,82.688,82.698,82.667,82.687,0.2035
15.05.2019 16:29:00.000,82.688,82.717,82.657,82.717,0.1039
15.05.2019 16:30:00.000,82.718,82.828,82.718,82.807,0.1732
15.05.2019 16:31:00.000,82.808,82.868,82.807,82.867,0.0622
15.05.2019 16:32:00.000,82.868,82.917,82.867,82.897,0.0351
15.05.2019 16:33:00.000,82.897,82.928,82.897,82.927,0.0692
15.05.2019 16:34:00.000,82.927,82.947,82.897,82.908,0.1811
15.05.2019 16:35:00.000,82.877,82.938,82.818,82.838,0.1864
15.05.2019 16:36:00.000,82.837,82.858,82.767,82.788,0.1067
15.05.2019 16:37:00.000,82.807,82.848,82.777,82.808,0.1837
15.05.2019 16:38:00.000,82.807,82.808,82.797,82.797,0.0506
15.05.2019 16:39:00.000,82.788,82.788,82.747,82.748,0.2894
15.05.2019 16:40:00.000,82.747,82.828,82.737,82.748,0.0789
15.05.2019 16:41:00.000,82.748,82.767,82.727,82.727,0.121
15.05.2019 16:42:00.000,82.728,82.758,82.707,82.727,0.0936
15.05.2019 16:43:00.000,82.727,82.758,82.677,82.717,0.2235
15.05.2019 16:44:00.000,82.718,82.817,82.718,82.788,0.0311
15.05.2019 16:45:00.000,82.798,82.818,82.787,82.798,0.0806
15.05.2019 16:46:00.000,82.797,82.798,82.758,82.758,0.0605
15.05.2019 16:47:00.000,82.757,82.768,82.717,82.767,0.0805
15.05.2019 16:48:00.000,82.767,82.808,82.767,82.808,0.0649
15.05.2019 16:49:00.000,82.807,82.878,82.807,82.868,0.0327
15.05.2019 16:50:00.000,82.867,82.887,82.847,82.858,0.088
15.05.2019 16:51:00.000,82.867,82.938,82.847,82.898,0.1688
15.05.2019 16:52:00.000,82.897,82.916,82.857,82.907,0.0354
15.05.2019 16:53:00.000,82.918,82.928,82.857,82.907,0.0655
15.05.2019 16:54:00.000,82.908,82.958,82.907,82.958,0.0426
15.05.2019 16:55:00.000,82.957,82.987,82.937,82.967,0.2363
15.05.2019 16:56:00.000,82.978,82.978,82.917,82.917,0.0898
15.05.2019 16:57:00.000,82.927,82.968,82.927,82.937,0.185
15.05.2019 16:58:00.000,82.937,82.998,82.927,82.997,0.3485
15.05.2019 16:59:00.000,82.988,83.048,82.967,83.048,0.2783
15.05.2019 17:00:00.000,83.027,83.068,83.027,83.058,0.0738
15.05.2019 17:01:00.000,83.057,83.148,83.057,83.148,0.0833
15.05.2019 17:02:00.000,83.147,83.248,83.147,83.238,0.0461
15.05.2019 17:03:00.000,83.238,83.247,83.197,83.228,0.1766
15.05.2019 17:04:00.000,83.238,83.268,83.187,83.228,0.0534
15.05.2019 17:05:00.000,83.228,83.268,83.177,83.218,0.2522
15.05.2019 17:06:00.000,83.197,83.208,83.178,83.197,0.0518
15.05.2019 17:07:00.000,83.197,83.248,83.197,83.238,0.0653
15.05.2019 17:08:00.000,83.237,83.328,83.237,83.327,0.0463
15.05.2019 17:09:00.000,83.327,83.328,83.238,83.268,0.1065
15.05.2019 17:10:00.000,83.278,83.287,83.238,83.277,0.1665
15.05.2019 17:11:00.000,83.277,83.278,83.217,83.238,0.0312
15.05.2019 17:12:00.000,83.248,83.248,83.177,83.208,0.1143
15.05.2019 17:13:00.000,83.218,83.228,83.178,83.188,0.1052
15.05.2019 17:14:00.000,83.178,83.187,83.138,83.138,0.1
15.05.2019 17:15:00.000,83.127,83.158,83.097,83.137,0.1641
15.05.2019 17:16:00.000,83.148,83.148,83.047,83.057,0.1033
15.05.2019 17:17:00.000,83.058,83.088,83.047,83.057,0.1307
15.05.2019 17:18:00.000,83.077,83.117,83.047,83.098,0.1941
15.05.2019 17:19:00.000,83.097,83.127,83.077,83.127,0.0943
15.05.2019 17:20:00.000,83.127,83.148,83.078,83.137,0.1538
15.05.2019 17:21:00.000,83.137,83.137,83.098,83.107,0.0592
15.05.2019 17:22:00.000,83.077,83.088,82.997,83.017,0.0692
15.05.2019 17:23:00.000,83.028,83.058,83.027,83.028,0.0817
15.05.2019 17:24:00.000,83.027,83.038,82.927,82.948,0.1893
15.05.2019 17:25:00.000,82.947,82.948,82.927,82.948,0.0134
15.05.2019 17:26:00.000,82.928,82.948,82.897,82.898,0.086
15.05.2019 17:27:00.000,82.898,82.957,82.847,82.957,0.1818
15.05.2019 17:28:00.000,82.957,82.958,82.917,82.957,0.0615
15.05.2019 17:29:00.000,82.958,82.998,82.958,82.988,0.0349
15.05.2019 17:30:00.000,82.988,82.988,82.958,82.977,0.0221
15.05.2019 17:31:00.000,82.997,83.048,82.997,83.027,0.0876
15.05.2019 17:32:00.000,83.028,83.028,83.007,83.027,0.0127
15.05.2019 17:33:00.000,83.027,83.058,83.007,83.008,0.0743
15.05.2019 17:34:00.000,83.008,83.088,83.008,83.087,0.0847
15.05.2019 17:35:00.000,83.087,83.098,83.077,83.078,0.0881
15.05.2019 17:36:00.000,83.078,83.108,83.077,83.077,0.0298
15.05.2019 17:37:00.000,83.077,83.107,83.067,83.078,0.0878
15.05.2019 17:38:00.000,83.078,83.108,83.067,83.078,0.0894
15.05.2019 17:39:00.000,83.077,83.147,83.067,83.118,0.0725
15.05.2019 17:40:00.000,83.128,83.148,83.117,83.127,0.0322
15.05.2019 17:41:00.000,83.148,83.168,83.127,83.157,0.0333
15.05.2019 17:42:00.000,83.157,83.178,83.157,83.158,0.0243
15.05.2019 17:43:00.000,83.157,83.208,83.157,83.177,0.1003
15.05.2019 17:44:00.000,83.178,83.178,83.077,83.088,0.1015
15.05.2019 17:45:00.000,83.087,83.087,83.047,83.047,0.013
15.05.2019 17:46:00.000,83.048,83.048,83.007,83.017,0.0616
15.05.2019 17:47:00.000,83.027,83.028,82.997,83.007,0.0381
15.05.2019 17:48:00.000,83.008,83.038,82.978,83.007,0.087
15.05.2019 17:49:00.000,83.007,83.028,82.997,83.008,0.0827
15.05.2019 17:50:00.000,83.008,83.028,82.958,82.987,0.1701
15.05.2019 17:51:00.000,82.987,83.028,82.987,82.997,0.0234
15.05.2019 17:52:00.000,83.008,83.008,82.938,82.958,0.044
15.05.2019 17:53:00.000,82.978,82.997,82.967,82.968,0.0184
15.05.2019 17:54:00.000,82.977,83.048,82.977,83.047,0.0124
15.05.2019 17:55:00.000,83.047,83.088,83.047,83.088,0.0746
15.05.2019 17:56:00.000,83.077,83.077,83.027,83.038,0.1327
15.05.2019 17:57:00.000,83.048,83.097,83.047,83.088,0.0943
15.05.2019 17:58:00.000,83.097,83.168,83.097,83.168,0.2177
15.05.2019 17:59:00.000,83.148,83.168,83.147,83.148,0.0946
15.05.2019 18:00:00.000,83.157,83.208,83.157,83.187,0.0579
15.05.2019 18:01:00.000,83.187,83.228,83.178,83.217,0.1454
15.05.2019 18:02:00.000,83.217,83.248,83.207,83.227,0.1084
15.05.2019 18:03:00.000,83.227,83.228,83.217,83.227,0.033
15.05.2019 18:04:00.000,83.227,83.298,83.227,83.268,0.2202
15.05.2019 18:05:00.000,83.268,83.338,83.267,83.337,0.1075
15.05.2019 18:06:00.000,83.337,83.337,83.217,83.238,0.1188
15.05.2019 18:07:00.000,83.237,83.268,83.218,83.268,0.0429
15.05.2019 18:08:00.000,83.267,83.298,83.267,83.288,0.0467
15.05.2019 18:09:00.000,83.288,83.308,83.267,83.267,0.1089
15.05.2019 18:10:00.000,83.278,83.297,83.277,83.288,0.0692
15.05.2019 18:11:00.000,83.298,83.298,83.197,83.217,0.0454
15.05.2019 18:12:00.000,83.207,83.218,83.197,83.208,0.0725
15.05.2019 18:13:00.000,83.177,83.188,83.098,83.118,0.1456
15.05.2019 18:14:00.000,83.117,83.117,83.097,83.107,0.0516
15.05.2019 18:15:00.000,83.137,83.158,83.098,83.108,0.1519
15.05.2019 18:16:00.000,83.098,83.157,83.097,83.138,0.1511
15.05.2019 18:17:00.000,83.117,83.157,83.117,83.137,0.0632
15.05.2019 18:18:00.000,83.107,83.107,83.028,83.037,0.1233
15.05.2019 18:19:00.000,83.038,83.038,82.997,83.007,0.0935
15.05.2019 18:20:00.000,83.007,83.058,83.007,83.047,0.1611
15.05.2019 18:21:00.000,83.047,83.118,83.047,83.098,0.0851
15.05.2019 18:22:00.000,83.098,83.108,83.057,83.058,0.1666
15.05.2019 18:23:00.000,83.048,83.067,83.027,83.047,0.0736
15.05.2019 18:24:00.000,83.048,83.107,83.048,83.088,0.034
15.05.2019 18:25:00.000,83.077,83.088,83.027,83.027,0.078
15.05.2019 18:26:00.000,83.027,83.048,83.027,83.037,0.0729
15.05.2019 18:27:00.000,83.027,83.028,82.958,82.968,0.073
15.05.2019 18:28:00.000,82.978,82.978,82.908,82.918,0.0531
15.05.2019 18:29:00.000,82.937,82.937,82.877,82.888,0.039
15.05.2019 18:30:00.000,82.888,82.938,82.877,82.878,0.0944
15.05.2019 18:31:00.000,82.877,82.908,82.867,82.867,0.0229
15.05.2019 18:32:00.000,82.858,82.897,82.838,82.897,0.0777
15.05.2019 18:33:00.000,82.897,82.938,82.897,82.928,0.0933
15.05.2019 18:34:00.000,82.927,83.008,82.927,82.997,0.1836
15.05.2019 18:35:00.000,82.998,83.017,82.968,82.998,0.0719
15.05.2019 18:36:00.000,82.997,83.008,82.967,83.007,0.0999
15.05.2019 18:37:00.000,83.007,83.008,82.977,82.998,0.0993
15.05.2019 18:38:00.000,82.988,83.008,82.987,83.007,0.0235
15.05.2019 18:39:00.000,83.007,83.078,83.007,83.077,0.0252
15.05.2019 18:40:00.000,83.088,83.118,83.087,83.098,0.0926
15.05.2019 18:41:00.000,83.097,83.138,83.097,83.137,0.1047
15.05.2019 18:42:00.000,83.128,83.167,83.127,83.148,0.0794
15.05.2019 18:43:00.000,83.167,83.187,83.117,83.138,0.1752
15.05.2019 18:44:00.000,83.137,83.138,83.098,83.138,0.1047
15.05.2019 18:45:00.000,83.137,83.188,83.137,83.177,0.0464
15.05.2019 18:46:00.000,83.157,83.178,83.118,83.127,0.0741
15.05.2019 18:47:00.000,83.128,83.148,83.127,83.127,0.1058
15.05.2019 18:48:00.000,83.127,83.178,83.127,83.167,0.082
15.05.2019 18:49:00.000,83.167,83.188,83.157,83.188,0.014
15.05.2019 18:50:00.000,83.207,83.228,83.207,83.207,0.1207
15.05.2019 18:51:00.000,83.207,83.228,83.147,83.167,0.0991
15.05.2019 18:52:00.000,83.168,83.168,83.117,83.128,0.1023
15.05.2019 18:53:00.000,83.108,83.108,83.047,83.098,0.162
15.05.2019 18:54:00.000,83.097,83.097,83.017,83.027,0.0365
15.05.2019 18:55:00.000,83.038,83.058,83.027,83.048,0.127
15.05.2019 18:56:00.000,83.047,83.108,83.047,83.087,0.0591
15.05.2019 18:57:00.000,83.087,83.097,83.067,83.078,0.058
15.05.2019 18:58:00.000,83.087,83.088,83.077,83.087,0.0346
15.05.2019 18:59:00.000,83.067,83.088,83.047,83.047,0.094
15.05.2019 19:00:00.000,83.048,83.138,83.048,83.117,0.1468
15.05.2019 19:01:00.000,83.117,83.118,83.077,83.108,0.1293
15.05.2019 19:02:00.000,83.117,83.117,83.077,83.078,0.1765
15.05.2019 19:03:00.000,83.067,83.078,83.037,83.048,0.0697
15.05.2019 19:04:00.000,83.038,83.058,83.017,83.038,0.073
15.05.2019 19:05:00.000,83.048,83.128,83.027,83.128,0.1327
15.05.2019 19:06:00.000,83.137,83.158,83.127,83.148,0.113
15.05.2019 19:07:00.000,83.158,83.218,83.137,83.177,0.2343
15.05.2019 19:08:00.000,83.178,83.178,83.127,83.157,0.1726
15.05.2019 19:09:00.000,83.157,83.178,83.157,83.167,0.0906
15.05.2019 19:10:00.000,83.167,83.187,83.157,83.168,0.044
15.05.2019 19:11:00.000,83.177,83.177,83.077,83.108,0.0857
15.05.2019 19:12:00.000,83.118,83.128,83.088,83.127,0.1025
15.05.2019 19:13:00.000,83.138,83.167,83.127,83.148,0.076
15.05.2019 19:14:00.000,83.147,83.158,83.117,83.147,0.1038
15.05.2019 19:15:00.000,83.147,83.197,83.147,83.157,0.2549
15.05.2019 19:16:00.000,83.158,83.198,83.158,83.197,0.051
15.05.2019 19:17:00.000,83.197,83.218,83.197,83.218,0.0165
15.05.2019 19:18:00.000,83.208,83.277,83.207,83.277,0.1031
15.05.2019 19:19:00.000,83.278,83.318,83.238,83.308,0.1504
15.05.2019 19:20:00.000,83.307,83.328,83.297,83.298,0.0889
15.05.2019 19:21:00.000,83.297,83.318,83.287,83.288,0.0287
15.05.2019 19:22:00.000,83.287,83.308,83.237,83.248,0.0769
15.05.2019 19:23:00.000,83.237,83.277,83.217,83.267,0.036
15.05.2019 19:24:00.000,83.267,83.328,83.267,83.318,0.1181
15.05.2019 19:25:00.000,83.327,83.358,83.297,83.297,0.1667
15.05.2019 19:26:00.000,83.297,83.297,83.257,83.268,0.0428
15.05.2019 19:27:00.000,83.267,83.278,83.267,83.278,0.0635
15.05.2019 19:28:00.000,83.267,83.357,83.258,83.328,0.0663
15.05.2019 19:29:00.000,83.327,83.328,83.277,83.287,0.0449
15.05.2019 19:30:00.000,83.287,83.318,83.278,83.307,0.2041
15.05.2019 19:31:00.000,83.307,83.318,83.177,83.207,0.3388
15.05.2019 19:32:00.000,83.207,83.257,83.177,83.188,0.3383
15.05.2019 19:33:00.000,83.187,83.197,83.147,83.177,0.1111
15.05.2019 19:34:00.000,83.177,83.247,83.177,83.238,0.2109
15.05.2019 19:35:00.000,83.248,83.258,83.247,83.257,0.0723
15.05.2019 19:36:00.000,83.247,83.248,83.177,83.197,0.2177
15.05.2019 19:37:00.000,83.197,83.258,83.197,83.247,0.1053
15.05.2019 19:38:00.000,83.257,83.257,83.187,83.228,0.2404
15.05.2019 19:39:00.000,83.227,83.277,83.227,83.248,0.1772
15.05.2019 19:40:00.000,83.258,83.278,83.237,83.277,0.1294
15.05.2019 19:41:00.000,83.277,83.328,83.277,83.307,0.2585
15.05.2019 19:42:00.000,83.307,83.318,83.268,83.288,0.2465
15.05.2019 19:43:00.000,83.298,83.298,83.248,83.278,0.0664
15.05.2019 19:44:00.000,83.267,83.338,83.267,83.327,0.0901
15.05.2019 19:45:00.000,83.327,83.338,83.307,83.337,0.1344
15.05.2019 19:46:00.000,83.337,83.387,83.327,83.387,0.1677
15.05.2019 19:47:00.000,83.388,83.427,83.367,83.427,0.1116
15.05.2019 19:48:00.000,83.427,83.428,83.367,83.367,0.137
15.05.2019 19:49:00.000,83.367,83.418,83.367,83.397,0.2156
15.05.2019 19:50:00.000,83.398,83.428,83.367,83.418,0.1793
15.05.2019 19:51:00.000,83.417,83.418,83.397,83.408,0.167
15.05.2019 19:52:00.000,83.407,83.408,83.387,83.388,0.1296
15.05.2019 19:53:00.000,83.387,83.428,83.387,83.418,0.072
15.05.2019 19:54:00.000,83.417,83.458,83.417,83.427,0.3096
15.05.2019 19:55:00.000,83.427,83.458,83.327,83.448,0.569
15.05.2019 19:56:00.000,83.447,83.448,83.358,83.408,0.1813
15.05.2019 19:57:00.000,83.407,83.418,83.377,83.398,0.2863
15.05.2019 19:58:00.000,83.397,83.418,83.337,83.408,0.3371
15.05.2019 19:59:00.000,83.407,83.418,83.318,83.358,0.4125
16.05.2019 13:30:00.000,83.357,83.808,83.357,83.807,0.1608
16.05.2019 13:31:00.000,83.808,84.088,83.787,84.008,0.0834
16.05.2019 13:32:00.000,84.007,84.008,83.858,83.867,0.0392
16.05.2019 13:33:00.000,83.867,84.208,83.867,84.207,0.1381
16.05.2019 13:34:00.000,84.207,84.477,84.197,84.357,0.0957
16.05.2019 13:35:00.000,84.417,84.418,84.287,84.347,0.0244
16.05.2019 13:36:00.000,84.347,84.508,84.347,84.478,0.0874
16.05.2019 13:37:00.000,84.477,84.478,84.267,84.268,0.1014
16.05.2019 13:38:00.000,84.267,84.267,84.137,84.238,0.1025
16.05.2019 13:39:00.000,84.237,84.257,84.097,84.187,0.0549
16.05.2019 13:40:00.000,84.187,84.248,84.187,84.218,0.0991
16.05.2019 13:41:00.000,84.217,84.237,84.138,84.138,0.05
16.05.2019 13:42:00.000,84.137,84.268,84.127,84.167,0.0988
16.05.2019 13:43:00.000,84.167,84.208,84.067,84.067,0.1994
16.05.2019 13:44:00.000,84.067,84.068,83.938,84.037,0.0456
16.05.2019 13:45:00.000,84.037,84.097,83.947,83.968,0.1715
16.05.2019 13:46:00.000,83.967,83.978,83.917,83.938,0.1899
16.05.2019 13:47:00.000,83.938,83.988,83.897,83.947,0.1916
16.05.2019 13:48:00.000,83.948,84.128,83.947,84.038,0.3405
16.05.2019 13:49:00.000,84.058,84.088,83.927,83.928,0.3078
16.05.2019 13:50:00.000,83.897,83.948,83.807,83.808,0.0667
16.05.2019 13:51:00.000,83.807,83.918,83.737,83.907,0.1741
16.05.2019 13:52:00.000,83.907,84.138,83.907,84.118,0.2103
16.05.2019 13:53:00.000,84.118,84.178,84.087,84.148,0.1598
16.05.2019 13:54:00.000,84.147,84.208,84.137,84.207,0.1661
16.05.2019 13:55:00.000,84.207,84.308,84.207,84.268,0.329
16.05.2019 13:56:00.000,84.267,84.278,84.167,84.187,0.1043
16.05.2019 13:57:00.000,84.187,84.298,84.107,84.238,0.0595
16.05.2019 13:58:00.000,84.237,84.398,84.237,84.378,0.0553
16.05.2019 13:59:00.000,84.338,84.438,84.277,84.328,0.3448
16.05.2019 14:00:00.000,84.328,84.368,84.198,84.258,0.216
16.05.2019 14:01:00.000,84.258,84.307,84.217,84.287,0.1344
16.05.2019 14:02:00.000,84.288,84.298,84.167,84.167,0.1835
16.05.2019 14:03:00.000,84.207,84.268,84.157,84.187,0.14
16.05.2019 14:04:00.000,84.187,84.218,84.117,84.127,0.3181
16.05.2019 14:05:00.000,84.127,84.177,84.057,84.098,0.2249
16.05.2019 14:06:00.000,84.117,84.168,84.037,84.128,0.2501
16.05.2019 14:07:00.000,84.077,84.218,84.067,84.218,0.1841
16.05.2019 14:08:00.000,84.208,84.378,84.167,84.167,0.2701
16.05.2019 14:09:00.000,84.168,84.247,84.167,84.168,0.046
16.05.2019 14:10:00.000,84.118,84.157,84.117,84.147,0.0154
16.05.2019 14:11:00.000,84.147,84.158,84.037,84.068,0.2247
16.05.2019 14:12:00.000,84.088,84.088,83.977,84.007,0.2064
16.05.2019 14:13:00.000,84.007,84.048,83.937,83.988,0.0737
16.05.2019 14:14:00.000,83.987,84.018,83.917,83.957,0.1318
16.05.2019 14:15:00.000,83.957,83.957,83.767,83.767,0.0807
16.05.2019 14:16:00.000,83.777,84.018,83.777,83.968,0.0347
16.05.2019 14:17:00.000,83.948,83.958,83.867,83.917,0.1597
16.05.2019 14:18:00.000,83.947,83.977,83.858,83.907,0.1499
16.05.2019 14:19:00.000,83.907,84.038,83.907,84.017,0.0673
16.05.2019 14:20:00.000,84.018,84.228,83.997,84.187,0.1428
16.05.2019 14:21:00.000,84.178,84.178,84.037,84.037,0.0897
16.05.2019 14:22:00.000,84.047,84.098,83.997,84.047,0.0938
16.05.2019 14:23:00.000,84.047,84.228,84.047,84.198,0.0654
16.05.2019 14:24:00.000,84.198,84.318,84.198,84.297,0.2219
16.05.2019 14:25:00.000,84.297,84.388,84.268,84.297,0.1885
16.05.2019 14:26:00.000,84.297,84.347,84.227,84.227,0.2182
16.05.2019 14:27:00.000,84.237,84.318,84.188,84.267,0.1453
16.05.2019 14:28:00.000,84.298,84.388,84.297,84.357,0.0936
16.05.2019 14:29:00.000,84.357,84.458,84.357,84.438,0.1407
16.05.2019 14:30:00.000,84.437,84.518,84.387,84.447,0.1985
16.05.2019 14:31:00.000,84.457,84.497,84.368,84.437,0.1092
16.05.2019 14:32:00.000,84.448,84.497,84.367,84.437,0.2219
16.05.2019 14:33:00.000,84.387,84.458,84.328,84.418,0.1128
16.05.2019 14:34:00.000,84.378,84.457,84.367,84.388,0.1717
16.05.2019 14:35:00.000,84.388,84.467,84.367,84.457,0.0519
16.05.2019 14:36:00.000,84.457,84.488,84.457,84.478,0.1138
16.05.2019 14:37:00.000,84.438,84.507,84.427,84.507,0.1708
16.05.2019 14:38:00.000,84.508,84.578,84.427,84.537,0.1029
16.05.2019 14:39:00.000,84.537,84.558,84.487,84.507,0.2308
16.05.2019 14:40:00.000,84.507,84.577,84.507,84.518,0.13
16.05.2019 14:41:00.000,84.518,84.647,84.487,84.628,0.0741
16.05.2019 14:42:00.000,84.627,84.678,84.597,84.648,0.2612
16.05.2019 14:43:00.000,84.607,84.697,84.607,84.697,0.0752
16.05.2019 14:44:00.000,84.698,84.698,84.587,84.587,0.1714
16.05.2019 14:45:00.000,84.587,84.618,84.548,84.568,0.1024
16.05.2019 14:46:00.000,84.577,84.628,84.567,84.598,0.1403
16.05.2019 14:47:00.000,84.597,84.688,84.597,84.647,0.1467
16.05.2019 14:48:00.000,84.647,84.668,84.567,84.658,0.2108
16.05.2019 14:49:00.000,84.658,84.667,84.617,84.667,0.0545
16.05.2019 14:50:00.000,84.667,84.678,84.607,84.607,0.1489
16.05.2019 14:51:00.000,84.607,84.638,84.548,84.548,0.086
16.05.2019 14:52:00.000,84.547,84.588,84.488,84.588,0.0508
16.05.2019 14:53:00.000,84.608,84.668,84.587,84.668,0.1754
16.05.2019 14:54:00.000,84.658,84.707,84.647,84.647,0.1054
16.05.2019 14:55:00.000,84.648,84.807,84.647,84.788,0.1343
16.05.2019 14:56:00.000,84.787,84.788,84.747,84.748,0.317
16.05.2019 14:57:00.000,84.747,84.898,84.747,84.897,0.1455
16.05.2019 14:58:00.000,84.898,84.898,84.787,84.858,0.0917
16.05.2019 14:59:00.000,84.868,84.878,84.837,84.857,0.1377
16.05.2019 15:00:00.000,84.858,84.908,84.787,84.827,0.1857
16.05.2019 15:01:00.000,84.827,84.908,84.827,84.908,0.1596
16.05.2019 15:02:00.000,84.907,85.038,84.897,85.025,0.4084
16.05.2019 15:03:00.000,85.025,85.068,84.987,85.027,0.3337
16.05.2019 15:04:00.000,85.027,85.027,84.957,84.977,0.2811
16.05.2019 15:05:00.000,84.978,85.047,84.947,85.047,0.1005
16.05.2019 15:06:00.000,85.047,85.128,85.047,85.127,0.1049
16.05.2019 15:07:00.000,85.128,85.168,85.097,85.097,0.1123
16.05.2019 15:08:00.000,85.067,85.118,85.007,85.037,0.1349
16.05.2019 15:09:00.000,85.038,85.038,84.947,84.957,0.1283
16.05.2019 15:10:00.000,84.938,84.938,84.847,84.847,0.0769
16.05.2019 15:11:00.000,84.847,84.938,84.847,84.848,0.1079
16.05.2019 15:12:00.000,84.838,84.888,84.837,84.888,0.088
16.05.2019 15:13:00.000,84.877,84.918,84.867,84.918,0.0592
16.05.2019 15:14:00.000,84.928,84.947,84.887,84.918,0.0178
16.05.2019 15:15:00.000,84.918,85.008,84.918,85.007,0.2356
16.05.2019 15:16:00.000,85.007,85.038,84.967,85.007,0.1535
16.05.2019 15:17:00.000,85.007,85.028,84.947,84.998,0.0651
16.05.2019 15:18:00.000,85.018,85.018,84.847,84.967,0.2058
16.05.2019 15:19:00.000,84.968,85.058,84.967,85.048,0.103
16.05.2019 15:20:00.000,85.048,85.148,85.027,85.088,0.125
16.05.2019 15:21:00.000,85.087,85.137,85.047,85.107,0.1807
16.05.2019 15:22:00.000,85.117,85.138,85.087,85.108,0.0801
16.05.2019 15:23:00.000,85.108,85.218,85.107,85.148,0.2251
16.05.2019 15:24:00.000,85.148,85.148,85.007,85.078,0.1107
16.05.2019 15:25:00.000,85.078,85.168,85.068,85.137,0.1353
16.05.2019 15:26:00.000,85.138,85.158,85.077,85.088,0.1019
16.05.2019 15:27:00.000,85.097,85.188,85.097,85.168,0.0846
16.05.2019 15:28:00.000,85.167,85.188,85.087,85.127,0.1273
16.05.2019 15:29:00.000,85.127,85.138,85.087,85.137,0.0503
16.05.2019 15:30:00.000,85.138,85.178,85.107,85.177,0.0822
16.05.2019 15:31:00.000,85.177,85.198,85.068,85.098,0.1288
16.05.2019 15:32:00.000,85.097,85.117,85.027,85.077,0.1725
16.05.2019 15:33:00.000,85.087,85.087,85.047,85.087,0.0079
16.05.2019 15:34:00.000,85.087,85.087,85.018,85.028,0.0471
16.05.2019 15:35:00.000,85.017,85.018,84.967,85.007,0.0704
16.05.2019 15:36:00.000,85.007,85.008,84.907,84.907,0.0273
16.05.2019 15:37:00.000,84.907,84.908,84.837,84.907,0.1294
16.05.2019 15:38:00.000,84.907,85.008,84.907,84.987,0.0998
16.05.2019 15:39:00.000,84.987,84.988,84.897,84.928,0.0075
16.05.2019 15:40:00.000,84.938,84.998,84.938,84.948,0.0368
16.05.2019 15:41:00.000,84.947,84.977,84.907,84.958,0.0401
16.05.2019 15:42:00.000,84.957,84.987,84.947,84.957,0.0111
16.05.2019 15:43:00.000,84.957,85.128,84.957,85.108,0.1005
16.05.2019 15:44:00.000,85.107,85.107,84.947,85.038,0.155
16.05.2019 15:45:00.000,85.037,85.138,85.007,85.007,0.1933
16.05.2019 15:46:00.000,85.008,85.008,84.927,84.927,0.025
16.05.2019 15:47:00.000,84.938,84.948,84.907,84.907,0.021
16.05.2019 15:48:00.000,84.908,84.908,84.847,84.887,0.0688
16.05.2019 15:49:00.000,84.888,84.958,84.868,84.877,0.056
16.05.2019 15:50:00.000,84.878,84.917,84.867,84.888,0.0643
16.05.2019 15:51:00.000,84.877,84.898,84.818,84.818,0.0713
16.05.2019 15:52:00.000,84.817,84.868,84.817,84.818,0.013
16.05.2019 15:53:00.000,84.817,84.818,84.748,84.818,0.0225
16.05.2019 15:54:00.000,84.807,84.808,84.747,84.748,0.022
16.05.2019 15:55:00.000,84.748,84.918,84.748,84.917,0.0804
16.05.2019 15:56:00.000,84.917,84.978,84.867,84.867,0.0959
16.05.2019 15:57:00.000,84.887,84.947,84.887,84.938,0.0476
16.05.2019 15:58:00.000,84.937,84.957,84.907,84.927,0.0627
16.05.2019 15:59:00.000,84.928,84.928,84.887,84.928,0.1161
16.05.2019 16:00:00.000,84.927,84.938,84.907,84.917,0.0837
16.05.2019 16:01:00.000,84.917,84.918,84.807,84.818,0.085
16.05.2019 16:02:00.000,84.817,84.838,84.807,84.838,0.086
16.05.2019 16:03:00.000,84.837,84.837,84.717,84.718,0.0924
16.05.2019 16:04:00.000,84.717,84.738,84.677,84.728,0.1099
16.05.2019 16:05:00.000,84.728,84.778,84.677,84.778,0.0569
16.05.2019 16:06:00.000,84.777,84.818,84.767,84.768,0.0119
16.05.2019 16:07:00.000,84.768,84.848,84.768,84.818,0.1216
16.05.2019 16:08:00.000,84.818,84.828,84.747,84.808,0.1067
16.05.2019 16:09:00.000,84.807,84.867,84.807,84.827,0.0776
16.05.2019 16:10:00.000,84.827,84.827,84.748,84.787,0.1778
16.05.2019 16:11:00.000,84.788,84.818,84.777,84.817,0.0381
16.05.2019 16:12:00.000,84.817,84.817,84.787,84.788,0.0454
16.05.2019 16:13:00.000,84.787,84.868,84.787,84.857,0.0738
16.05.2019 16:14:00.000,84.857,84.868,84.827,84.868,0.0986
16.05.2019 16:15:00.000,84.877,84.917,84.827,84.827,0.0573
16.05.2019 16:16:00.000,84.828,84.828,84.797,84.817,0.033
16.05.2019 16:17:00.000,84.817,84.918,84.817,84.897,0.1058
16.05.2019 16:18:00.000,84.897,84.977,84.897,84.968,0.065
16.05.2019 16:19:00.000,84.957,84.988,84.897,84.908,0.0915
16.05.2019 16:20:00.000,84.908,84.908,84.867,84.867,0.083
16.05.2019 16:21:00.000,84.867,84.928,84.847,84.927,0.0993
16.05.2019 16:22:00.000,84.927,84.928,84.867,84.878,0.0608
16.05.2019 16:23:00.000,84.878,84.927,84.847,84.897,0.0664
16.05.2019 16:24:00.000,84.897,84.898,84.837,84.838,0.0627
16.05.2019 16:25:00.000,84.837,84.887,84.837,84.857,0.0351
16.05.2019 16:26:00.000,84.857,84.908,84.807,84.897,0.0864
16.05.2019 16:27:00.000,84.898,84.928,84.877,84.887,0.1144
16.05.2019 16:28:00.000,84.887,84.888,84.818,84.827,0.0627
16.05.2019 16:29:00.000,84.818,84.848,84.797,84.827,0.1146
16.05.2019 16:30:00.000,84.827,84.888,84.827,84.887,0.0447
16.05.2019 16:31:00.000,84.887,84.898,84.807,84.808,0.0868
16.05.2019 16:32:00.000,84.807,84.808,84.757,84.757,0.0428
16.05.2019 16:33:00.000,84.757,84.788,84.747,84.748,0.0468
16.05.2019 16:34:00.000,84.747,84.798,84.737,84.798,0.0403
16.05.2019 16:35:00.000,84.798,84.798,84.707,84.707,0.0225
16.05.2019 16:36:00.000,84.708,84.718,84.627,84.637,0.0493
16.05.2019 16:37:00.000,84.628,84.678,84.607,84.678,0.0477
16.05.2019 16:38:00.000,84.677,84.738,84.667,84.728,0.0208
16.05.2019 16:39:00.000,84.717,84.738,84.647,84.657,0.0047
16.05.2019 16:40:00.000,84.657,84.668,84.617,84.648,0.1145
16.05.2019 16:41:00.000,84.648,84.678,84.617,84.678,0.0223
16.05.2019 16:42:00.000,84.677,84.688,84.627,84.657,0.0911
16.05.2019 16:43:00.000,84.658,84.688,84.647,84.657,0.0176
16.05.2019 16:44:00.000,84.658,84.668,84.647,84.647,0.0041
16.05.2019 16:45:00.000,84.647,84.758,84.647,84.727,0.0347
16.05.2019 16:46:00.000,84.727,84.748,84.707,84.707,0.0549
16.05.2019 16:47:00.000,84.707,84.718,84.647,84.657,0.1208
16.05.2019 16:48:00.000,84.657,84.678,84.607,84.668,0.1146
16.05.2019 16:49:00.000,84.677,84.738,84.667,84.667,0.0685
16.05.2019 16:50:00.000,84.667,84.688,84.657,84.667,0.0404
16.05.2019 16:51:00.000,84.667,84.668,84.567,84.578,0.0668
16.05.2019 16:52:00.000,84.577,84.578,84.507,84.578,0.0356
16.05.2019 16:53:00.000,84.577,84.617,84.558,84.608,0.0952
16.05.2019 16:54:00.000,84.608,84.608,84.548,84.548,0.0226
16.05.2019 16:55:00.000,84.548,84.628,84.537,84.627,0.0776
16.05.2019 16:56:00.000,84.627,84.628,84.578,84.617,0.0456
16.05.2019 16:57:00.000,84.587,84.637,84.587,84.637,0.0825
16.05.2019 16:58:00.000,84.637,84.668,84.637,84.657,0.0064
16.05.2019 16:59:00.000,84.658,84.718,84.627,84.627,0.063
16.05.2019 17:00:00.000,84.627,84.718,84.627,84.717,0.1045
16.05.2019 17:01:00.000,84.718,84.758,84.707,84.727,0.0466
16.05.2019 17:02:00.000,84.717,84.717,84.618,84.658,0.0381
16.05.2019 17:03:00.000,84.657,84.658,84.587,84.648,0.0738
16.05.2019 17:04:00.000,84.647,84.658,84.607,84.617,0.129
16.05.2019 17:05:00.000,84.618,84.618,84.567,84.597,0.1446
16.05.2019 17:06:00.000,84.597,84.697,84.597,84.687,0.0812
16.05.2019 17:07:00.000,84.688,84.708,84.637,84.647,0.0018
16.05.2019 17:08:00.000,84.648,84.748,84.647,84.717,0.0371
16.05.2019 17:09:00.000,84.717,84.717,84.608,84.637,0.1003
16.05.2019 17:10:00.000,84.637,84.648,84.627,84.637,0.0591
16.05.2019 17:11:00.000,84.647,84.698,84.647,84.647,0.1014
16.05.2019 17:12:00.000,84.648,84.688,84.648,84.667,0.0052
16.05.2019 17:13:00.000,84.667,84.707,84.667,84.697,0.0037
16.05.2019 17:14:00.000,84.687,84.708,84.668,84.678,0.0966
16.05.2019 17:15:00.000,84.677,84.678,84.657,84.678,0.1048
16.05.2019 17:16:00.000,84.668,84.668,84.607,84.608,0.0935
16.05.2019 17:17:00.000,84.617,84.648,84.617,84.628,0.0741
16.05.2019 17:18:00.000,84.627,84.708,84.627,84.687,0.0161
16.05.2019 17:19:00.000,84.688,84.738,84.687,84.728,0.0462
16.05.2019 17:20:00.000,84.728,84.728,84.677,84.697,0.0678
16.05.2019 17:21:00.000,84.688,84.718,84.658,84.658,0.0427
16.05.2019 17:22:00.000,84.638,84.648,84.627,84.638,0.0006
16.05.2019 17:23:00.000,84.628,84.648,84.597,84.647,0.0579
16.05.2019 17:24:00.000,84.647,84.647,84.598,84.628,0.009
16.05.2019 17:25:00.000,84.627,84.658,84.617,84.648,0.1611
16.05.2019 17:26:00.000,84.638,84.718,84.627,84.718,0.0727
16.05.2019 17:27:00.000,84.717,84.738,84.667,84.687,0.1063
16.05.2019 17:28:00.000,84.687,84.698,84.667,84.677,0.011
16.05.2019 17:29:00.000,84.677,84.677,84.647,84.658,0.0427
16.05.2019 17:30:00.000,84.658,84.668,84.587,84.597,0.0727
16.05.2019 17:31:00.000,84.618,84.737,84.617,84.708,0.0321
16.05.2019 17:32:00.000,84.707,84.748,84.707,84.728,0.0619
16.05.2019 17:33:00.000,84.717,84.737,84.707,84.737,0.0742
16.05.2019 17:34:00.000,84.737,84.758,84.687,84.718,0.1233
16.05.2019 17:35:00.000,84.718,84.758,84.717,84.738,0.0508
16.05.2019 17:36:00.000,84.738,84.738,84.688,84.698,0.0338
16.05.2019 17:37:00.000,84.698,84.707,84.657,84.687,0.0303
16.05.2019 17:38:00.000,84.668,84.688,84.637,84.638,0.0305
16.05.2019 17:39:00.000,84.638,84.748,84.638,84.728,0.0209
16.05.2019 17:40:00.000,84.727,84.778,84.727,84.747,0.0537
16.05.2019 17:41:00.000,84.747,84.748,84.657,84.678,0.0669
16.05.2019 17:42:00.000,84.678,84.737,84.677,84.697,0.0404
16.05.2019 17:43:00.000,84.697,84.758,84.667,84.758,0.0336
16.05.2019 17:44:00.000,84.758,84.758,84.667,84.677,0.0504
16.05.2019 17:45:00.000,84.677,84.738,84.677,84.728,0.0523
16.05.2019 17:46:00.000,84.728,84.728,84.668,84.668,0.0849
16.05.2019 17:47:00.000,84.698,84.718,84.638,84.638,0.0274
16.05.2019 17:48:00.000,84.638,84.638,84.588,84.627,0.0243
16.05.2019 17:49:00.000,84.627,84.628,84.587,84.628,0.0713
16.05.2019 17:50:00.000,84.628,84.628,84.577,84.597,0.0779
16.05.2019 17:51:00.000,84.597,84.608,84.577,84.577,0.0833
16.05.2019 17:52:00.000,84.577,84.577,84.537,84.537,0.0521
16.05.2019 17:53:00.000,84.537,84.588,84.537,84.587,0.062
16.05.2019 17:54:00.000,84.587,84.588,84.538,84.538,0.1164
16.05.2019 17:55:00.000,84.558,84.558,84.507,84.518,0.0494
16.05.2019 17:56:00.000,84.517,84.588,84.517,84.588,0.0544
16.05.2019 17:57:00.000,84.587,84.617,84.587,84.617,0.0238
16.05.2019 17:58:00.000,84.617,84.648,84.617,84.628,0.103
16.05.2019 17:59:00.000,84.637,84.708,84.637,84.657,0.0259
16.05.2019 18:00:00.000,84.658,84.668,84.618,84.638,0.0354
16.05.2019 18:01:00.000,84.638,84.707,84.638,84.707,0.03
16.05.2019 18:02:00.000,84.707,84.738,84.667,84.708,0.0857
16.05.2019 18:03:00.000,84.727,84.767,84.707,84.727,0.0261
16.05.2019 18:04:00.000,84.728,84.758,84.667,84.688,0.0679
16.05.2019 18:05:00.000,84.678,84.688,84.647,84.648,0.1122
16.05.2019 18:06:00.000,84.647,84.697,84.647,84.667,0.1558
16.05.2019 18:07:00.000,84.677,84.687,84.667,84.667,0.0005
16.05.2019 18:08:00.000,84.667,84.718,84.667,84.687,0.0639
16.05.2019 18:09:00.000,84.687,84.688,84.627,84.628,0.0324
16.05.2019 18:10:00.000,84.618,84.618,84.547,84.547,0.1057
16.05.2019 18:11:00.000,84.558,84.618,84.558,84.567,0.0753
16.05.2019 18:12:00.000,84.567,84.617,84.567,84.598,0.0581
16.05.2019 18:13:00.000,84.588,84.668,84.587,84.668,0.1264
16.05.2019 18:14:00.000,84.668,84.708,84.647,84.668,0.1097
16.05.2019 18:15:00.000,84.668,84.748,84.628,84.738,0.0666
16.05.2019 18:16:00.000,84.738,84.738,84.688,84.688,0.1378
16.05.2019 18:17:00.000,84.688,84.737,84.687,84.728,0.1834
16.05.2019 18:18:00.000,84.728,84.737,84.698,84.727,0.0122
16.05.2019 18:19:00.000,84.727,84.737,84.697,84.697,0.0957
16.05.2019 18:20:00.000,84.707,84.748,84.707,84.748,0.0006
16.05.2019 18:21:00.000,84.758,84.768,84.708,84.728,0.0766
16.05.2019 18:22:00.000,84.727,84.748,84.727,84.747,0.0813
16.05.2019 18:23:00.000,84.748,84.778,84.727,84.758,0.1872
16.05.2019 18:24:00.000,84.758,84.838,84.747,84.818,0.0948
16.05.2019 18:25:00.000,84.817,84.848,84.808,84.848,0.0399
16.05.2019 18:26:00.000,84.848,84.878,84.817,84.817,0.089
16.05.2019 18:27:00.000,84.818,84.828,84.787,84.798,0.0031
16.05.2019 18:28:00.000,84.798,84.807,84.797,84.797,0.0318
16.05.2019 18:29:00.000,84.797,84.858,84.777,84.857,0.1258
16.05.2019 18:30:00.000,84.857,84.857,84.827,84.848,0.0629
16.05.2019 18:31:00.000,84.848,84.848,84.807,84.828,0.0452
16.05.2019 18:32:00.000,84.827,84.828,84.787,84.788,0.0464
16.05.2019 18:33:00.000,84.778,84.807,84.747,84.807,0.0323
16.05.2019 18:34:00.000,84.808,84.808,84.767,84.787,0.0445
16.05.2019 18:35:00.000,84.777,84.828,84.777,84.827,0.1671
16.05.2019 18:36:00.000,84.827,84.848,84.827,84.838,0.0661
16.05.2019 18:37:00.000,84.847,84.878,84.828,84.868,0.046
16.05.2019 18:38:00.000,84.877,84.877,84.847,84.857,0.0903
16.05.2019 18:39:00.000,84.857,84.898,84.857,84.868,0.09
16.05.2019 18:40:00.000,84.867,84.898,84.847,84.867,0.0259
16.05.2019 18:41:00.000,84.868,84.888,84.857,84.877,0.0517
16.05.2019 18:42:00.000,84.878,84.878,84.818,84.847,0.0716
16.05.2019 18:43:00.000,84.857,84.917,84.857,84.867,0.0719
16.05.2019 18:44:00.000,84.878,84.928,84.877,84.928,0.1408
16.05.2019 18:45:00.000,84.937,84.968,84.937,84.967,0.1224
16.05.2019 18:46:00.000,84.977,85.028,84.977,84.978,0.1124
16.05.2019 18:47:00.000,84.988,85.007,84.937,84.957,0.1468
16.05.2019 18:48:00.000,84.957,84.968,84.928,84.967,0.0315
16.05.2019 18:49:00.000,84.967,84.967,84.937,84.938,0.0333
16.05.2019 18:50:00.000,84.937,84.998,84.917,84.957,0.0542
16.05.2019 18:51:00.000,84.957,84.997,84.937,84.987,0.0725
16.05.2019 18:52:00.000,84.987,85.017,84.977,84.977,0.0761
16.05.2019 18:53:00.000,84.977,85.008,84.968,84.978,0.0685
16.05.2019 18:54:00.000,84.978,85.018,84.937,85.018,0.1134
16.05.2019 18:55:00.000,85.017,85.027,84.967,85.017,0.0905
16.05.2019 18:56:00.000,85.028,85.058,85.027,85.058,0.077
16.05.2019 18:57:00.000,85.048,85.168,85.047,85.148,0.2007
16.05.2019 18:58:00.000,85.138,85.178,85.107,85.178,0.1584
16.05.2019 18:59:00.000,85.177,85.188,85.147,85.168,0.2259
16.05.2019 19:00:00.000,85.167,85.168,85.097,85.128,0.1955
16.05.2019 19:01:00.000,85.127,85.158,85.107,85.147,0.0338
16.05.2019 19:02:00.000,85.158,85.167,85.067,85.087,0.1539
16.05.2019 19:03:00.000,85.088,85.138,85.087,85.138,0.0581
16.05.2019 19:04:00.000,85.138,85.198,85.137,85.197,0.1255
16.05.2019 19:05:00.000,85.198,85.277,85.176,85.247,0.2419
16.05.2019 19:06:00.000,85.248,85.248,85.187,85.238,0.0648
16.05.2019 19:07:00.000,85.227,85.228,85.087,85.087,0.0281
16.05.2019 19:08:00.000,85.107,85.168,85.107,85.168,0.0438
16.05.2019 19:09:00.000,85.167,85.268,85.167,85.248,0.0935
16.05.2019 19:10:00.000,85.247,85.297,85.207,85.207,0.0172
16.05.2019 19:11:00.000,85.207,85.238,85.207,85.217,0.0139
16.05.2019 19:12:00.000,85.217,85.228,85.157,85.178,0.0693
16.05.2019 19:13:00.000,85.177,85.188,85.108,85.118,0.0906
16.05.2019 19:14:00.000,85.117,85.128,85.107,85.117,0.0049
16.05.2019 19:15:00.000,85.117,85.177,85.117,85.127,0.1559
16.05.2019 19:16:00.000,85.127,85.137,85.027,85.098,0.0828
16.05.2019 19:17:00.000,85.097,85.108,85.007,85.007,0.0342
16.05.2019 19:18:00.000,85.007,85.008,84.937,84.998,0.0829
16.05.2019 19:19:00.000,85.017,85.077,84.997,85.077,0.0168
16.05.2019 19:20:00.000,85.077,85.188,85.067,85.178,0.0741
16.05.2019 19:21:00.000,85.167,85.228,85.157,85.227,0.1493
16.05.2019 19:22:00.000,85.227,85.318,85.227,85.298,0.0744
16.05.2019 19:23:00.000,85.297,85.308,85.217,85.218,0.1537
16.05.2019 19:24:00.000,85.218,85.358,85.218,85.337,0.0965
16.05.2019 19:25:00.000,85.378,85.388,85.317,85.317,0.03
16.05.2019 19:26:00.000,85.317,85.528,85.317,85.488,0.1464
16.05.2019 19:27:00.000,85.488,85.567,85.457,85.558,0.1944
16.05.2019 19:28:00.000,85.557,85.578,85.467,85.488,0.1229
16.05.2019 19:29:00.000,85.488,85.548,85.457,85.477,0.0495
16.05.2019 19:30:00.000,85.477,85.477,85.347,85.358,0.183
16.05.2019 19:31:00.000,85.357,85.398,85.317,85.337,0.146
16.05.2019 19:32:00.000,85.337,85.368,85.318,85.347,0.0958
16.05.2019 19:33:00.000,85.347,85.367,85.327,85.367,0.0812
16.05.2019 19:34:00.000,85.367,85.428,85.337,85.418,0.2588
16.05.2019 19:35:00.000,85.417,85.478,85.417,85.438,0.123
16.05.2019 19:36:00.000,85.428,85.478,85.427,85.458,0.1623
16.05.2019 19:37:00.000,85.457,85.457,85.307,85.318,0.264
16.05.2019 19:38:00.000,85.318,85.408,85.318,85.408,0.2933
16.05.2019 19:39:00.000,85.407,85.457,85.358,85.408,0.331
16.05.2019 19:40:00.000,85.407,85.418,85.347,85.358,0.1213
16.05.2019 19:41:00.000,85.358,85.378,85.197,85.198,0.4049
16.05.2019 19:42:00.000,85.198,85.307,85.197,85.297,0.1146
16.05.2019 19:43:00.000,85.297,85.298,85.208,85.287,0.2292
16.05.2019 19:44:00.000,85.288,85.318,85.238,85.247,0.294
16.05.2019 19:45:00.000,85.247,85.347,85.247,85.347,0.2635
16.05.2019 19:46:00.000,85.357,85.408,85.337,85.378,0.291
16.05.2019 19:47:00.000,85.378,85.378,85.298,85.337,0.1652
16.05.2019 19:48:00.000,85.338,85.388,85.317,85.347,0.1941
16.05.2019 19:49:00.000,85.338,85.357,85.297,85.348,0.1473
16.05.2019 19:50:00.000,85.337,85.357,85.277,85.287,0.2139
16.05.2019 19:51:00.000,85.288,85.318,85.287,85.297,0.1872
16.05.2019 19:52:00.000,85.297,85.368,85.287,85.358,0.2536
16.05.2019 19:53:00.000,85.357,85.417,85.357,85.397,0.4069
16.05.2019 19:54:00.000,85.397,85.448,85.378,85.388,0.267
16.05.2019 19:55:00.000,85.368,85.458,85.367,85.407,0.3023
16.05.2019 19:56:00.000,85.407,85.448,85.387,85.438,0.2826
16.05.2019 19:57:00.000,85.418,85.468,85.367,85.408,0.3958
16.05.2019 19:58:00.000,85.407,85.488,85.407,85.487,0.4124
16.05.2019 19:59:00.000,85.488,85.508,85.407,85.438,0.8356
17.05.2019 13:30:00.000,84.088,84.088,83.997,84.058,0.0043
17.05.2019 13:31:00.000,84.057,84.208,83.997,84.208,0.0151
17.05.2019 13:32:00.000,84.208,84.448,84.128,84.427,0.1216
17.05.2019 13:33:00.000,84.427,84.468,84.267,84.267,0.1355
17.05.2019 13:34:00.000,84.267,84.418,84.267,84.387,0.1146
17.05.2019 13:35:00.000,84.387,84.398,84.198,84.207,0.1831
17.05.2019 13:36:00.000,84.207,84.307,84.107,84.167,0.0735
17.05.2019 13:37:00.000,84.168,84.268,84.108,84.167,0.0937
17.05.2019 13:38:00.000,84.167,84.258,84.077,84.167,0.0956
17.05.2019 13:39:00.000,84.167,84.288,84.087,84.288,0.0045
17.05.2019 13:40:00.000,84.288,84.358,84.167,84.357,0.0861
17.05.2019 13:41:00.000,84.358,84.407,84.227,84.407,0.0302
17.05.2019 13:42:00.000,84.407,84.487,84.407,84.437,0.1789
17.05.2019 13:43:00.000,84.437,84.568,84.377,84.518,0.07
17.05.2019 13:44:00.000,84.517,84.708,84.517,84.698,0.193
17.05.2019 13:45:00.000,84.687,84.748,84.647,84.648,0.0247
17.05.2019 13:46:00.000,84.648,84.648,84.467,84.467,0.0185
17.05.2019 13:47:00.000,84.467,84.467,84.377,84.447,0.0339
17.05.2019 13:48:00.000,84.438,84.488,84.317,84.338,0.0969
17.05.2019 13:49:00.000,84.318,84.368,84.288,84.357,0.0044
17.05.2019 13:50:00.000,84.357,84.357,84.137,84.148,0.0368
17.05.2019 13:51:00.000,84.148,84.168,84.047,84.137,0.2346
17.05.2019 13:52:00.000,84.138,84.168,84.077,84.128,0.0616
17.05.2019 13:53:00.000,84.077,84.177,84.077,84.148,0.06
17.05.2019 13:54:00.000,84.147,84.298,84.107,84.108,0.1028
17.05.2019 13:55:00.000,84.137,84.238,84.137,84.167,0.064
17.05.2019 13:56:00.000,84.167,84.247,84.137,84.158,0.0581
17.05.2019 13:57:00.000,84.168,84.197,84.077,84.188,0.0445
17.05.2019 13:58:00.000,84.188,84.228,84.138,84.197,0.1442
17.05.2019 13:59:00.000,84.197,84.288,84.197,84.287,0.1661
17.05.2019 14:00:00.000,84.287,84.348,84.257,84.347,0.152
17.05.2019 14:01:00.000,84.338,84.388,84.287,84.348,0.0599
17.05.2019 14:02:00.000,84.347,84.358,84.267,84.328,0.0767
17.05.2019 14:03:00.000,84.327,84.328,84.237,84.278,0.0903
17.05.2019 14:04:00.000,84.277,84.277,84.167,84.168,0.0676
17.05.2019 14:05:00.000,84.187,84.198,84.137,84.177,0.1158
17.05.2019 14:06:00.000,84.177,84.267,84.137,84.267,0.1892
17.05.2019 14:07:00.000,84.278,84.308,84.237,84.258,0.0557
17.05.2019 14:08:00.000,84.278,84.428,84.267,84.377,0.0152
17.05.2019 14:09:00.000,84.377,84.438,84.377,84.417,0.0153
17.05.2019 14:10:00.000,84.418,84.448,84.417,84.448,0.0997
17.05.2019 14:11:00.000,84.417,84.528,84.417,84.427,0.1842
17.05.2019 14:12:00.000,84.417,84.418,84.257,84.297,0.28
17.05.2019 14:13:00.000,84.297,84.298,84.198,84.198,0.2647
17.05.2019 14:14:00.000,84.198,84.228,84.138,84.177,0.0897
17.05.2019 14:15:00.000,84.177,84.188,84.117,84.188,0.1024
17.05.2019 14:16:00.000,84.187,84.268,84.187,84.238,0.069
17.05.2019 14:17:00.000,84.267,84.288,84.197,84.278,0.1991
17.05.2019 14:18:00.000,84.277,84.418,84.277,84.397,0.1275
17.05.2019 14:19:00.000,84.397,84.398,84.298,84.357,0.0251
17.05.2019 14:20:00.000,84.378,84.468,84.378,84.467,0.2319
17.05.2019 14:21:00.000,84.498,84.498,84.377,84.397,0.1798
17.05.2019 14:22:00.000,84.397,84.458,84.397,84.418,0.0589
17.05.2019 14:23:00.000,84.417,84.477,84.377,84.377,0.1695
17.05.2019 14:24:00.000,84.377,84.518,84.377,84.518,0.0954
17.05.2019 14:25:00.000,84.477,84.498,84.437,84.498,0.1391
17.05.2019 14:26:00.000,84.527,84.588,84.507,84.588,0.053
17.05.2019 14:27:00.000,84.588,84.717,84.588,84.647,0.1932
17.05.2019 14:28:00.000,84.648,84.708,84.607,84.707,0.0991
17.05.2019 14:29:00.000,84.718,84.738,84.677,84.697,0.066
17.05.2019 14:30:00.000,84.697,84.778,84.677,84.718,0.2015
17.05.2019 14:31:00.000,84.718,84.747,84.687,84.747,0.1219
17.05.2019 14:32:00.000,84.748,84.827,84.747,84.758,0.0993
17.05.2019 14:33:00.000,84.757,84.867,84.757,84.848,0.2623
17.05.2019 14:34:00.000,84.848,84.948,84.847,84.897,0.4486
17.05.2019 14:35:00.000,84.897,84.898,84.758,84.778,0.0543
17.05.2019 14:36:00.000,84.757,84.777,84.677,84.688,0.1453
17.05.2019 14:37:00.000,84.687,84.748,84.687,84.747,0.0092
17.05.2019 14:38:00.000,84.697,84.748,84.638,84.638,0.0917
17.05.2019 14:39:00.000,84.658,84.658,84.577,84.588,0.1841
17.05.2019 14:40:00.000,84.588,84.617,84.557,84.577,0.2197
17.05.2019 14:41:00.000,84.598,84.607,84.568,84.568,0.0634
17.05.2019 14:42:00.000,84.537,84.597,84.497,84.597,0.078
17.05.2019 14:43:00.000,84.597,84.658,84.557,84.638,0.0043
17.05.2019 14:44:00.000,84.608,84.617,84.538,84.578,0.1411
17.05.2019 14:45:00.000,84.578,84.628,84.577,84.607,0.0659
17.05.2019 14:46:00.000,84.607,84.607,84.477,84.488,0.05
17.05.2019 14:47:00.000,84.488,84.518,84.487,84.488,0.0013
17.05.2019 14:48:00.000,84.487,84.487,84.398,84.438,0.0552
17.05.2019 14:49:00.000,84.467,84.547,84.457,84.528,0.1059
17.05.2019 14:50:00.000,84.527,84.658,84.527,84.647,0.008
17.05.2019 14:51:00.000,84.647,84.708,84.618,84.697,0.2118
17.05.2019 14:52:00.000,84.698,84.747,84.657,84.687,0.0606
17.05.2019 14:53:00.000,84.687,84.788,84.687,84.787,0.0298
17.05.2019 14:54:00.000,84.787,84.868,84.787,84.868,0.1208
17.05.2019 14:55:00.000,84.867,84.907,84.857,84.868,0.0614
17.05.2019 14:56:00.000,84.837,85.007,84.837,84.978,0.2101
17.05.2019 14:57:00.000,84.957,85.078,84.957,85.078,0.082
17.05.2019 14:58:00.000,85.078,85.078,84.897,84.897,0.0071
17.05.2019 14:59:00.000,84.897,84.958,84.897,84.957,0.076
17.05.2019 15:00:00.000,84.958,85.108,84.957,85.077,0.1794
17.05.2019 15:01:00.000,85.097,85.208,85.077,85.188,0.066
17.05.2019 15:02:00.000,85.187,85.187,85.057,85.097,0.1504
17.05.2019 15:03:00.000,85.097,85.118,85.037,85.118,0.0767
17.05.2019 15:04:00.000,85.098,85.137,85.057,85.078,0.2431
17.05.2019 15:05:00.000,85.077,85.177,85.057,85.177,0.0735
17.05.2019 15:06:00.000,85.207,85.228,85.177,85.198,0.1204
17.05.2019 15:07:00.000,85.217,85.268,85.187,85.268,0.1582
17.05.2019 15:08:00.000,85.267,85.267,85.127,85.138,0.1544
17.05.2019 15:09:00.000,85.137,85.158,85.107,85.118,0.034
17.05.2019 15:10:00.000,85.118,85.168,85.117,85.117,0.1509
17.05.2019 15:11:00.000,85.117,85.117,85.058,85.087,0.1369
17.05.2019 15:12:00.000,85.088,85.147,85.087,85.107,0.1628
17.05.2019 15:13:00.000,85.108,85.108,85.057,85.108,0.0587
17.05.2019 15:14:00.000,85.107,85.108,85.027,85.048,0.0585
17.05.2019 15:15:00.000,85.057,85.108,85.017,85.017,0.054
17.05.2019 15:16:00.000,85.017,85.058,84.937,84.937,0.2151
17.05.2019 15:17:00.000,84.937,84.998,84.937,84.998,0.1191
17.05.2019 15:18:00.000,85.028,85.038,84.897,84.918,0.1742
17.05.2019 15:19:00.000,84.918,84.958,84.897,84.957,0.1628
17.05.2019 15:20:00.000,84.957,84.958,84.917,84.937,0.0868
17.05.2019 15:21:00.000,84.937,84.948,84.877,84.938,0.0411
17.05.2019 15:22:00.000,84.938,84.948,84.887,84.897,0.1754
17.05.2019 15:23:00.000,84.907,84.918,84.877,84.877,0.0191
17.05.2019 15:24:00.000,84.877,84.918,84.877,84.877,0.0236
17.05.2019 15:25:00.000,84.877,84.917,84.867,84.897,0.0804
17.05.2019 15:26:00.000,84.898,84.898,84.817,84.827,0.0434
17.05.2019 15:27:00.000,84.838,84.878,84.777,84.777,0.0324
17.05.2019 15:28:00.000,84.778,84.778,84.697,84.747,0.0437
17.05.2019 15:29:00.000,84.748,84.748,84.658,84.727,0.0656
17.05.2019 15:30:00.000,84.727,84.757,84.617,84.617,0.0708
17.05.2019 15:31:00.000,84.617,84.658,84.517,84.597,0.1504
17.05.2019 15:32:00.000,84.597,84.648,84.537,84.638,0.1486
17.05.2019 15:33:00.000,84.637,84.638,84.567,84.597,0.0758
17.05.2019 15:34:00.000,84.608,84.678,84.607,84.657,0.0833
17.05.2019 15:35:00.000,84.658,84.697,84.628,84.657,0.0944
17.05.2019 15:36:00.000,84.667,84.698,84.667,84.667,0.0242
17.05.2019 15:37:00.000,84.647,84.687,84.577,84.657,0.1069
17.05.2019 15:38:00.000,84.657,84.698,84.647,84.698,0.0035
17.05.2019 15:39:00.000,84.697,84.698,84.667,84.697,0.0131
17.05.2019 15:40:00.000,84.698,84.698,84.537,84.538,0.0767
17.05.2019 15:41:00.000,84.538,84.607,84.507,84.598,0.1405
17.05.2019 15:42:00.000,84.607,84.678,84.587,84.587,0.0245
17.05.2019 15:43:00.000,84.587,84.618,84.557,84.577,0.0672
17.05.2019 15:44:00.000,84.588,84.618,84.557,84.587,0.1235
17.05.2019 15:45:00.000,84.597,84.598,84.538,84.598,0.0345
17.05.2019 15:46:00.000,84.598,84.708,84.597,84.707,0.1362
17.05.2019 15:47:00.000,84.707,84.707,84.627,84.687,0.0377
17.05.2019 15:48:00.000,84.688,84.688,84.627,84.637,0.0534
17.05.2019 15:49:00.000,84.637,84.648,84.557,84.628,0.056
17.05.2019 15:50:00.000,84.577,84.578,84.547,84.548,0.0542
17.05.2019 15:51:00.000,84.548,84.628,84.548,84.628,0.0186
17.05.2019 15:52:00.000,84.617,84.648,84.587,84.628,0.003
17.05.2019 15:53:00.000,84.628,84.708,84.627,84.698,0.0063
17.05.2019 15:54:00.000,84.697,84.718,84.677,84.718,0.0081
17.05.2019 15:55:00.000,84.717,84.728,84.687,84.687,0.0064
17.05.2019 15:56:00.000,84.677,84.678,84.617,84.667,0.0569
17.05.2019 15:57:00.000,84.667,84.697,84.598,84.648,0.1296
17.05.2019 15:58:00.000,84.647,84.698,84.647,84.697,0.002
17.05.2019 15:59:00.000,84.697,84.728,84.677,84.708,0.1237
17.05.2019 16:00:00.000,84.688,84.688,84.597,84.628,0.1008
17.05.2019 16:01:00.000,84.627,84.698,84.627,84.688,0.0689
17.05.2019 16:02:00.000,84.687,84.708,84.618,84.637,0.0468
17.05.2019 16:03:00.000,84.638,84.707,84.627,84.678,0.0047
17.05.2019 16:04:00.000,84.677,84.718,84.628,84.678,0.0159
17.05.2019 16:05:00.000,84.647,84.647,84.467,84.467,0.0787
17.05.2019 16:06:00.000,84.468,84.558,84.457,84.548,0.2461
17.05.2019 16:07:00.000,84.548,84.598,84.547,84.547,0.1071
17.05.2019 16:08:00.000,84.567,84.568,84.518,84.518,0.0036
17.05.2019 16:09:00.000,84.517,84.538,84.478,84.527,0.0457
17.05.2019 16:10:00.000,84.528,84.528,84.417,84.457,0.0525
17.05.2019 16:11:00.000,84.478,84.488,84.417,84.428,0.0944
17.05.2019 16:12:00.000,84.428,84.497,84.427,84.457,0.053
17.05.2019 16:13:00.000,84.457,84.558,84.457,84.547,0.1383
17.05.2019 16:14:00.000,84.548,84.548,84.378,84.388,0.0326
17.05.2019 16:15:00.000,84.378,84.457,84.357,84.398,0.13
17.05.2019 16:16:00.000,84.397,84.438,84.368,84.377,0.0628
17.05.2019 16:17:00.000,84.377,84.398,84.357,84.398,0.1331
17.05.2019 16:18:00.000,84.398,84.458,84.397,84.448,0.0323
17.05.2019 16:19:00.000,84.447,84.447,84.377,84.387,0.0437
17.05.2019 16:20:00.000,84.387,84.458,84.387,84.398,0.0915
17.05.2019 16:21:00.000,84.397,84.508,84.377,84.478,0.0536
17.05.2019 16:22:00.000,84.477,84.578,84.457,84.567,0.0752
17.05.2019 16:23:00.000,84.558,84.598,84.557,84.588,0.0448
17.05.2019 16:24:00.000,84.597,84.607,84.557,84.557,0.0242
17.05.2019 16:25:00.000,84.588,84.618,84.558,84.587,0.0954
17.05.2019 16:26:00.000,84.587,84.588,84.538,84.538,0.0602
17.05.2019 16:27:00.000,84.537,84.638,84.537,84.598,0.0053
17.05.2019 16:28:00.000,84.608,84.628,84.597,84.607,0.0298
17.05.2019 16:29:00.000,84.607,84.637,84.538,84.587,0.1007
17.05.2019 16:30:00.000,84.588,84.628,84.577,84.597,0.1375
17.05.2019 16:31:00.000,84.598,84.618,84.538,84.538,0.0577
17.05.2019 16:32:00.000,84.517,84.578,84.507,84.578,0.1232
17.05.2019 16:33:00.000,84.578,84.588,84.537,84.548,0.0807
17.05.2019 16:34:00.000,84.547,84.557,84.507,84.548,0.051
17.05.2019 16:35:00.000,84.538,84.628,84.517,84.577,0.0236
17.05.2019 16:36:00.000,84.577,84.578,84.497,84.557,0.0515
17.05.2019 16:37:00.000,84.557,84.658,84.538,84.637,0.0268
17.05.2019 16:38:00.000,84.688,84.718,84.657,84.658,0.0896
17.05.2019 16:39:00.000,84.617,84.678,84.617,84.678,0.0023
17.05.2019 16:40:00.000,84.698,84.698,84.647,84.658,0.0108
17.05.2019 16:41:00.000,84.657,84.768,84.657,84.768,0.015
17.05.2019 16:42:00.000,84.768,84.878,84.768,84.877,0.1515
17.05.2019 16:43:00.000,84.877,84.938,84.877,84.917,0.0965
17.05.2019 16:44:00.000,84.918,84.998,84.918,84.998,0.0881
17.05.2019 16:45:00.000,84.987,85.028,84.977,84.978,0.0921
17.05.2019 16:46:00.000,84.978,85.038,84.978,85.017,0.0549
17.05.2019 16:47:00.000,85.007,85.048,85.007,85.048,0.042
17.05.2019 16:48:00.000,85.058,85.097,85.027,85.097,0.0358
17.05.2019 16:49:00.000,85.097,85.097,85.047,85.047,0.0638
17.05.2019 16:50:00.000,85.048,85.098,85.047,85.067,0.0649
17.05.2019 16:51:00.000,85.067,85.148,85.057,85.117,0.1228
17.05.2019 16:52:00.000,85.118,85.208,85.087,85.157,0.0884
17.05.2019 16:53:00.000,85.138,85.168,85.115,85.157,0.0701
17.05.2019 16:54:00.000,85.188,85.248,85.167,85.248,0.0325
17.05.2019 16:55:00.000,85.258,85.278,85.187,85.188,0.0656
17.05.2019 16:56:00.000,85.187,85.237,85.147,85.237,0.1019
17.05.2019 16:57:00.000,85.217,85.217,85.137,85.157,0.0427
17.05.2019 16:58:00.000,85.157,85.208,85.157,85.187,0.1112
17.05.2019 16:59:00.000,85.208,85.208,85.167,85.178,0.0528
17.05.2019 17:00:00.000,85.178,85.198,85.047,85.048,0.0593
17.05.2019 17:01:00.000,85.047,85.148,85.047,85.097,0.0867
17.05.2019 17:02:00.000,85.097,85.118,85.077,85.118,0.0172
17.05.2019 17:03:00.000,85.117,85.128,85.077,85.090,0.0069
17.05.2019 17:04:00.000,85.077,85.078,85.017,85.038,0.0282
17.05.2019 17:05:00.000,85.057,85.088,85.027,85.058,0.0579
17.05.2019 17:06:00.000,85.057,85.057,84.997,85.047,0.0017
17.05.2019 17:07:00.000,85.048,85.098,85.047,85.098,0.029
17.05.2019 17:08:00.000,85.098,85.098,85.037,85.097,0.0015
17.05.2019 17:09:00.000,85.097,85.158,85.078,85.148,0.0367
17.05.2019 17:10:00.000,85.148,85.218,85.137,85.137,0.0746
17.05.2019 17:11:00.000,85.157,85.168,85.126,85.127,0.0405
17.05.2019 17:12:00.000,85.128,85.178,85.128,85.151,0.0039
17.05.2019 17:13:00.000,85.158,85.198,85.077,85.077,0.1265
17.05.2019 17:14:00.000,85.058,85.058,85.057,85.058,0.0716
17.05.2019 17:15:00.000,85.037,85.068,85.017,85.037,0.0244
17.05.2019 17:16:00.000,85.037,85.088,85.017,85.077,0.0363
17.05.2019 17:17:00.000,85.088,85.098,85.057,85.057,0.0346
17.05.2019 17:18:00.000,85.037,85.067,84.997,84.998,0.013
17.05.2019 17:19:00.000,84.997,85.037,84.988,85.008,0.0611
17.05.2019 17:20:00.000,84.998,85.018,84.937,84.938,0.032
17.05.2019 17:21:00.000,84.938,84.957,84.887,84.887,0.1309
17.05.2019 17:22:00.000,84.897,84.918,84.797,84.898,0.1223
17.05.2019 17:23:00.000,84.908,84.908,84.798,84.828,0.0403
17.05.2019 17:24:00.000,84.827,84.827,84.747,84.748,0.0128
17.05.2019 17:25:00.000,84.748,84.777,84.667,84.738,0.1207
17.05.2019 17:26:00.000,84.738,84.778,84.698,84.708,0.0365
17.05.2019 17:27:00.000,84.717,84.737,84.648,84.648,0.0148
17.05.2019 17:28:00.000,84.647,84.707,84.647,84.707,0.0537
17.05.2019 17:29:00.000,84.717,84.728,84.617,84.617,0.0131
17.05.2019 17:30:00.000,84.617,84.628,84.527,84.538,0.0252
17.05.2019 17:31:00.000,84.528,84.597,84.517,84.548,0.0993
17.05.2019 17:32:00.000,84.547,84.658,84.547,84.607,0.0959
17.05.2019 17:33:00.000,84.607,84.617,84.577,84.577,0.0756
17.05.2019 17:34:00.000,84.597,84.687,84.597,84.687,0.0204
17.05.2019 17:35:00.000,84.687,84.727,84.667,84.727,0.004
17.05.2019 17:36:00.000,84.727,84.727,84.657,84.657,0.0654
17.05.2019 17:37:00.000,84.657,84.687,84.637,84.678,0.0539
17.05.2019 17:38:00.000,84.678,84.678,84.637,84.637,0.0454
17.05.2019 17:39:00.000,84.637,84.637,84.568,84.578,0.1368
17.05.2019 17:40:00.000,84.588,84.658,84.577,84.588,0.2471
17.05.2019 17:41:00.000,84.587,84.588,84.517,84.518,0.1818
17.05.2019 17:42:00.000,84.547,84.548,84.447,84.447,0.0711
17.05.2019 17:43:00.000,84.458,84.488,84.447,84.477,0.0332
17.05.2019 17:44:00.000,84.477,84.498,84.447,84.447,0.2045
17.05.2019 17:45:00.000,84.447,84.508,84.447,84.498,0.1041
17.05.2019 17:46:00.000,84.497,84.498,84.467,84.477,0.0821
17.05.2019 17:47:00.000,84.477,84.507,84.457,84.498,0.0707
17.05.2019 17:48:00.000,84.488,84.488,84.467,84.467,0.1816
17.05.2019 17:49:00.000,84.467,84.498,84.467,84.497,0.0542
17.05.2019 17:50:00.000,84.518,84.568,84.517,84.548,0.0823
17.05.2019 17:51:00.000,84.547,84.588,84.547,84.567,0.0325
17.05.2019 17:52:00.000,84.567,84.598,84.537,84.547,0.1337
17.05.2019 17:53:00.000,84.547,84.547,84.517,84.517,0.1239
17.05.2019 17:54:00.000,84.517,84.538,84.517,84.518,0.0646
17.05.2019 17:55:00.000,84.508,84.557,84.487,84.517,0.0631
17.05.2019 17:56:00.000,84.518,84.558,84.517,84.557,0.012
17.05.2019 17:57:00.000,84.547,84.548,84.488,84.497,0.0551
17.05.2019 17:58:00.000,84.477,84.477,84.397,84.428,0.1842
17.05.2019 17:59:00.000,84.408,84.427,84.388,84.408,0.0612
17.05.2019 18:00:00.000,84.407,84.427,84.397,84.427,0.0236
17.05.2019 18:01:00.000,84.438,84.438,84.357,84.357,0.0899
17.05.2019 18:02:00.000,84.327,84.358,84.308,84.328,0.0872
17.05.2019 18:03:00.000,84.327,84.347,84.317,84.318,0.1361
17.05.2019 18:04:00.000,84.318,84.318,84.247,84.277,0.0608
17.05.2019 18:05:00.000,84.277,84.277,84.237,84.267,0.0293
17.05.2019 18:06:00.000,84.267,84.297,84.248,84.278,0.0129
17.05.2019 18:07:00.000,84.257,84.268,84.237,84.237,0.0897
17.05.2019 18:08:00.000,84.238,84.288,84.237,84.267,0.0718
17.05.2019 18:09:00.000,84.267,84.328,84.267,84.328,0.0955
17.05.2019 18:10:00.000,84.328,84.378,84.267,84.267,0.1289
17.05.2019 18:11:00.000,84.267,84.337,84.247,84.327,0.1406
17.05.2019 18:12:00.000,84.337,84.357,84.327,84.338,0.1465
17.05.2019 18:13:00.000,84.348,84.388,84.337,84.387,0.1009
17.05.2019 18:14:00.000,84.387,84.437,84.387,84.407,0.0999
17.05.2019 18:15:00.000,84.408,84.408,84.367,84.388,0.1641
17.05.2019 18:16:00.000,84.388,84.417,84.347,84.387,0.1669
17.05.2019 18:17:00.000,84.387,84.427,84.387,84.407,0.1516
17.05.2019 18:18:00.000,84.418,84.438,84.417,84.417,0.1043
17.05.2019 18:19:00.000,84.417,84.427,84.407,84.407,0.0724
17.05.2019 18:20:00.000,84.407,84.407,84.357,84.388,0.104
17.05.2019 18:21:00.000,84.387,84.428,84.387,84.427,0.0755
17.05.2019 18:22:00.000,84.427,84.447,84.407,84.417,0.0407
17.05.2019 18:23:00.000,84.417,84.448,84.417,84.418,0.0883
17.05.2019 18:24:00.000,84.407,84.407,84.357,84.377,0.1272
17.05.2019 18:25:00.000,84.378,84.408,84.358,84.367,0.0441
17.05.2019 18:26:00.000,84.367,84.388,84.357,84.368,0.0742
17.05.2019 18:27:00.000,84.368,84.428,84.348,84.377,0.0556
17.05.2019 18:28:00.000,84.377,84.398,84.357,84.358,0.0436
17.05.2019 18:29:00.000,84.357,84.357,84.357,84.357,0.0011
17.05.2019 18:30:00.000,84.358,84.358,84.307,84.317,0.0292
17.05.2019 18:31:00.000,84.318,84.318,84.287,84.287,0.001
17.05.2019 18:32:00.000,84.287,84.308,84.257,84.277,0.033
17.05.2019 18:33:00.000,84.298,84.317,84.287,84.308,0.0394
17.05.2019 18:34:00.000,84.307,84.308,84.287,84.287,0.0203
17.05.2019 18:35:00.000,84.287,84.337,84.287,84.337,0.091
17.05.2019 18:36:00.000,84.347,84.347,84.287,84.287,0.1201
17.05.2019 18:37:00.000,84.287,84.338,84.287,84.328,0.0532
17.05.2019 18:38:00.000,84.327,84.338,84.317,84.337,0.0812
17.05.2019 18:39:00.000,84.338,84.338,84.268,84.278,0.0648
17.05.2019 18:40:00.000,84.278,84.308,84.247,84.308,0.0859
17.05.2019 18:41:00.000,84.308,84.328,84.267,84.267,0.0243
17.05.2019 18:42:00.000,84.267,84.298,84.257,84.278,0.1029
17.05.2019 18:43:00.000,84.277,84.308,84.277,84.288,0.0215
17.05.2019 18:44:00.000,84.278,84.308,84.277,84.297,0.1452
17.05.2019 18:45:00.000,84.298,84.298,84.278,84.288,0.0405
17.05.2019 18:46:00.000,84.287,84.338,84.287,84.287,0.0504
17.05.2019 18:47:00.000,84.287,84.307,84.277,84.298,0.0817
17.05.2019 18:48:00.000,84.297,84.347,84.277,84.318,0.15
17.05.2019 18:49:00.000,84.328,84.347,84.317,84.347,0.0227
17.05.2019 18:50:00.000,84.348,84.348,84.307,84.317,0.044
17.05.2019 18:51:00.000,84.317,84.378,84.297,84.367,0.1014
17.05.2019 18:52:00.000,84.368,84.408,84.367,84.407,0.0431
17.05.2019 18:53:00.000,84.427,84.428,84.377,84.397,0.0783
17.05.2019 18:54:00.000,84.388,84.398,84.347,84.347,0.0922
17.05.2019 18:55:00.000,84.348,84.348,84.297,84.298,0.0122
17.05.2019 18:56:00.000,84.307,84.378,84.307,84.378,0.0026
17.05.2019 18:57:00.000,84.378,84.408,84.367,84.398,0.0601
17.05.2019 18:58:00.000,84.397,84.397,84.337,84.367,0.019
17.05.2019 18:59:00.000,84.367,84.378,84.367,84.367,0.021
17.05.2019 19:00:00.000,84.367,84.407,84.367,84.407,0.1026
17.05.2019 19:01:00.000,84.408,84.408,84.237,84.247,0.196
17.05.2019 19:02:00.000,84.248,84.308,84.177,84.308,0.2386
17.05.2019 19:03:00.000,84.317,84.358,84.277,84.277,0.2966
17.05.2019 19:04:00.000,84.297,84.298,84.207,84.248,0.1896
17.05.2019 19:05:00.000,84.247,84.248,84.167,84.168,0.1132
17.05.2019 19:06:00.000,84.168,84.297,84.147,84.297,0.1907
17.05.2019 19:07:00.000,84.297,84.358,84.247,84.247,0.1889
17.05.2019 19:08:00.000,84.247,84.268,84.188,84.198,0.3169
17.05.2019 19:09:00.000,84.198,84.268,84.167,84.218,0.2426
17.05.2019 19:10:00.000,84.198,84.207,84.127,84.148,0.2174
17.05.2019 19:11:00.000,84.148,84.268,84.148,84.257,0.2437
17.05.2019 19:12:00.000,84.257,84.258,84.177,84.178,0.2824
17.05.2019 19:13:00.000,84.177,84.188,84.147,84.178,0.1863
17.05.2019 19:14:00.000,84.188,84.238,84.177,84.187,0.078
17.05.2019 19:15:00.000,84.187,84.207,84.147,84.147,0.1723
17.05.2019 19:16:00.000,84.157,84.167,84.068,84.148,0.0983
17.05.2019 19:17:00.000,84.147,84.177,84.117,84.118,0.1551
17.05.2019 19:18:00.000,84.117,84.178,84.077,84.147,0.1333
17.05.2019 19:19:00.000,84.147,84.178,84.088,84.128,0.2053
17.05.2019 19:20:00.000,84.138,84.198,84.138,84.138,0.0257
17.05.2019 19:21:00.000,84.137,84.158,84.097,84.128,0.104
17.05.2019 19:22:00.000,84.138,84.187,84.138,84.157,0.1059
17.05.2019 19:23:00.000,84.157,84.188,84.148,84.157,0.0696
17.05.2019 19:24:00.000,84.157,84.178,84.127,84.158,0.1462
17.05.2019 19:25:00.000,84.157,84.168,84.127,84.128,0.0167
17.05.2019 19:26:00.000,84.137,84.178,84.087,84.107,0.1244
17.05.2019 19:27:00.000,84.108,84.127,84.048,84.098,0.1438
17.05.2019 19:28:00.000,84.097,84.138,84.077,84.137,0.2402
17.05.2019 19:29:00.000,84.137,84.158,84.087,84.158,0.1898
17.05.2019 19:30:00.000,84.158,84.168,84.078,84.088,0.3023
17.05.2019 19:31:00.000,84.087,84.088,83.997,83.998,0.2981
17.05.2019 19:32:00.000,83.997,84.008,83.918,83.968,0.1456
17.05.2019 19:33:00.000,83.968,83.968,83.848,83.897,0.1987
17.05.2019 19:34:00.000,83.897,83.948,83.897,83.917,0.1046
17.05.2019 19:35:00.000,83.917,83.937,83.847,83.888,0.2457
17.05.2019 19:36:00.000,83.887,83.988,83.887,83.967,0.1553
17.05.2019 19:37:00.000,83.948,84.028,83.947,83.988,0.1118
17.05.2019 19:38:00.000,83.987,84.018,83.968,83.987,0.0855
17.05.2019 19:39:00.000,83.988,83.998,83.907,83.918,0.1182
17.05.2019 19:40:00.000,83.917,83.918,83.747,83.747,0.329
17.05.2019 19:41:00.000,83.747,83.787,83.737,83.777,0.2259
17.05.2019 19:42:00.000,83.777,83.818,83.747,83.817,0.2891
17.05.2019 19:43:00.000,83.817,83.898,83.817,83.847,0.1978
17.05.2019 19:44:00.000,83.848,83.948,83.847,83.868,0.1459
17.05.2019 19:45:00.000,83.858,83.868,83.797,83.797,0.1691
17.05.2019 19:46:00.000,83.797,83.828,83.767,83.767,0.1088
17.05.2019 19:47:00.000,83.768,83.778,83.687,83.728,0.2099
17.05.2019 19:48:00.000,83.737,83.818,83.717,83.747,0.2037
17.05.2019 19:49:00.000,83.747,83.777,83.687,83.757,0.1553
17.05.2019 19:50:00.000,83.758,83.758,83.658,83.738,0.3975
17.05.2019 19:51:00.000,83.737,83.818,83.737,83.798,0.1827
17.05.2019 19:52:00.000,83.787,83.817,83.747,83.778,0.3413
17.05.2019 19:53:00.000,83.777,83.837,83.777,83.808,0.2395
17.05.2019 19:54:00.000,83.818,83.827,83.747,83.748,0.1786
17.05.2019 19:55:00.000,83.747,83.908,83.747,83.897,0.4342
17.05.2019 19:56:00.000,83.897,83.908,83.847,83.867,0.2218
17.05.2019 19:57:00.000,83.867,83.868,83.817,83.827,0.4154
17.05.2019 19:58:00.000,83.827,83.828,83.688,83.727,0.4302
17.05.2019 19:59:00.000,83.727,83.767,83.657,83.657,0.5624
20.05.2019 13:30:00.000,82.698,83.298,82.697,83.217,0.0699
20.05.2019 13:31:00.000,83.217,83.218,82.987,83.007,0.0372
20.05.2019 13:32:00.000,83.007,83.257,83.007,83.138,0.0368
20.05.2019 13:33:00.000,83.138,83.158,82.987,83.118,0.0392
20.05.2019 13:34:00.000,83.118,83.257,83.117,83.147,0.0121
20.05.2019 13:35:00.000,83.200,83.248,83.077,83.077,0.0314
20.05.2019 13:36:00.000,83.077,83.078,82.907,83.008,0.1051
20.05.2019 13:37:00.000,83.008,83.038,82.897,82.928,0.1441
20.05.2019 13:38:00.000,82.927,82.968,82.857,82.878,0.136
20.05.2019 13:39:00.000,82.877,83.028,82.818,83.028,0.0881
20.05.2019 13:40:00.000,82.988,83.018,82.907,82.928,0.0303
20.05.2019 13:41:00.000,82.927,83.078,82.927,83.018,0.0652
20.05.2019 13:42:00.000,83.007,83.197,82.978,83.178,0.1858
20.05.2019 13:43:00.000,83.138,83.267,83.137,83.178,0.2351
20.05.2019 13:44:00.000,83.177,83.180,83.117,83.178,0.0254
20.05.2019 13:45:00.000,83.177,83.448,83.177,83.448,0.1229
20.05.2019 13:46:00.000,83.468,83.578,83.417,83.538,0.3187
20.05.2019 13:47:00.000,83.538,83.538,83.448,83.497,0.0577
20.05.2019 13:48:00.000,83.458,83.458,83.347,83.368,0.1877
20.05.2019 13:49:00.000,83.367,83.417,83.257,83.267,0.1205
20.05.2019 13:50:00.000,83.187,83.188,83.017,83.118,0.1349
20.05.2019 13:51:00.000,83.047,83.048,82.917,82.948,0.2306
20.05.2019 13:52:00.000,82.948,83.008,82.927,82.928,0.1266
20.05.2019 13:53:00.000,82.937,83.038,82.887,82.897,0.0937
20.05.2019 13:54:00.000,82.908,82.968,82.877,82.967,0.2418
20.05.2019 13:55:00.000,82.967,83.088,82.967,83.058,0.2475
20.05.2019 13:56:00.000,83.047,83.168,83.017,83.127,0.2358
20.05.2019 13:57:00.000,83.127,83.317,83.107,83.257,0.0836
20.05.2019 13:58:00.000,83.257,83.378,83.197,83.247,0.2659
20.05.2019 13:59:00.000,83.247,83.258,83.137,83.178,0.0937
20.05.2019 14:00:00.000,83.177,83.198,83.107,83.147,0.3986
20.05.2019 14:01:00.000,83.147,83.288,83.107,83.277,0.1082
20.05.2019 14:02:00.000,83.277,83.388,83.277,83.308,0.0574
20.05.2019 14:03:00.000,83.308,83.338,83.217,83.238,0.1005
20.05.2019 14:04:00.000,83.247,83.328,83.237,83.278,0.1563
20.05.2019 14:05:00.000,83.268,83.268,83.167,83.177,0.0258
20.05.2019 14:06:00.000,83.178,83.188,83.127,83.177,0.1051
20.05.2019 14:07:00.000,83.178,83.268,83.147,83.227,0.0937
20.05.2019 14:08:00.000,83.228,83.347,83.188,83.347,0.1814
20.05.2019 14:09:00.000,83.378,83.428,83.308,83.317,0.0909
20.05.2019 14:10:00.000,83.318,83.318,83.187,83.318,0.1633
20.05.2019 14:11:00.000,83.317,83.358,83.297,83.348,0.0851
20.05.2019 14:12:00.000,83.328,83.388,83.317,83.378,0.1465
20.05.2019 14:13:00.000,83.377,83.448,83.267,83.267,0.088
20.05.2019 14:14:00.000,83.267,83.288,83.207,83.277,0.0879
20.05.2019 14:15:00.000,83.278,83.278,83.187,83.277,0.2234
20.05.2019 14:16:00.000,83.277,83.277,83.157,83.167,0.1364
20.05.2019 14:17:00.000,83.168,83.247,83.157,83.208,0.0762
20.05.2019 14:18:00.000,83.197,83.228,83.147,83.157,0.1562
20.05.2019 14:19:00.000,83.178,83.198,83.058,83.097,0.0916
20.05.2019 14:20:00.000,83.088,83.088,82.938,82.978,0.167
20.05.2019 14:21:00.000,82.977,82.988,82.917,82.967,0.1009
20.05.2019 14:22:00.000,82.967,83.038,82.967,83.028,0.1808
20.05.2019 14:23:00.000,83.028,83.078,82.957,83.058,0.1485
20.05.2019 14:24:00.000,83.057,83.118,83.018,83.027,0.0821
20.05.2019 14:25:00.000,82.977,83.118,82.977,83.118,0.1193
20.05.2019 14:26:00.000,83.118,83.158,83.097,83.098,0.1001
20.05.2019 14:27:00.000,83.097,83.098,82.987,83.058,0.1296
20.05.2019 14:28:00.000,83.048,83.048,82.987,83.017,0.0466
20.05.2019 14:29:00.000,83.017,83.048,82.937,82.937,0.0879
20.05.2019 14:30:00.000,82.937,82.958,82.797,82.838,0.2092
20.05.2019 14:31:00.000,82.837,82.878,82.807,82.808,0.2115
20.05.2019 14:32:00.000,82.807,82.818,82.757,82.818,0.0631
20.05.2019 14:33:00.000,82.817,82.948,82.817,82.947,0.0814
20.05.2019 14:34:00.000,82.957,82.978,82.897,82.978,0.1014
20.05.2019 14:35:00.000,82.988,83.147,82.988,83.147,0.1424
20.05.2019 14:36:00.000,83.128,83.128,83.087,83.118,0.0116
20.05.2019 14:37:00.000,83.138,83.167,83.097,83.127,0.1338
20.05.2019 14:38:00.000,83.137,83.168,83.127,83.168,0.1164
20.05.2019 14:39:00.000,83.168,83.238,83.137,83.148,0.128
20.05.2019 14:40:00.000,83.147,83.178,83.097,83.117,0.0837
20.05.2019 14:41:00.000,83.098,83.237,83.098,83.237,0.1569
20.05.2019 14:42:00.000,83.247,83.247,83.147,83.147,0.1006
20.05.2019 14:43:00.000,83.147,83.178,83.127,83.177,0.0716
20.05.2019 14:44:00.000,83.167,83.218,83.167,83.217,0.1661
20.05.2019 14:45:00.000,83.228,83.228,83.167,83.167,0.3046
20.05.2019 14:46:00.000,83.168,83.218,83.047,83.097,0.2151
20.05.2019 14:47:00.000,83.107,83.118,83.047,83.107,0.099
20.05.2019 14:48:00.000,83.117,83.118,83.088,83.117,0.0141
20.05.2019 14:49:00.000,83.118,83.138,82.918,82.927,0.1687
20.05.2019 14:50:00.000,82.927,82.928,82.877,82.877,0.2262
20.05.2019 14:51:00.000,82.868,82.978,82.867,82.917,0.1239
20.05.2019 14:52:00.000,82.917,82.917,82.827,82.828,0.1086
20.05.2019 14:53:00.000,82.827,82.827,82.767,82.818,0.055
20.05.2019 14:54:00.000,82.847,82.888,82.827,82.828,0.0547
20.05.2019 14:55:00.000,82.828,82.938,82.828,82.867,0.1498
20.05.2019 14:56:00.000,82.867,82.928,82.857,82.857,0.1869
20.05.2019 14:57:00.000,82.857,82.858,82.817,82.817,0.066
20.05.2019 14:58:00.000,82.828,82.968,82.817,82.968,0.1959
20.05.2019 14:59:00.000,82.967,83.018,82.947,82.948,0.1279
20.05.2019 15:00:00.000,82.958,82.997,82.947,82.957,0.1882
20.05.2019 15:01:00.000,82.957,82.957,82.838,82.848,0.1726
20.05.2019 15:02:00.000,82.847,82.848,82.817,82.837,0.094
20.05.2019 15:03:00.000,82.837,82.857,82.837,82.837,0.1364
20.05.2019 15:04:00.000,82.838,82.858,82.787,82.798,0.1652
20.05.2019 15:05:00.000,82.798,82.878,82.797,82.807,0.1386
20.05.2019 15:06:00.000,82.807,82.838,82.787,82.837,0.0824
20.05.2019 15:07:00.000,82.827,82.847,82.777,82.807,0.1925
20.05.2019 15:08:00.000,82.818,82.838,82.757,82.768,0.281
20.05.2019 15:09:00.000,82.768,82.768,82.697,82.698,0.2631
20.05.2019 15:10:00.000,82.697,82.738,82.677,82.707,0.169
20.05.2019 15:11:00.000,82.687,82.828,82.677,82.807,0.1382
20.05.2019 15:12:00.000,82.817,82.878,82.817,82.867,0.2068
20.05.2019 15:13:00.000,82.858,82.858,82.727,82.737,0.1289
20.05.2019 15:14:00.000,82.737,82.808,82.707,82.808,0.1406
20.05.2019 15:15:00.000,82.818,82.878,82.807,82.837,0.2167
20.05.2019 15:16:00.000,82.868,82.868,82.747,82.787,0.1153
20.05.2019 15:17:00.000,82.787,82.827,82.777,82.777,0.0848
20.05.2019 15:18:00.000,82.778,82.778,82.637,82.637,0.2549
20.05.2019 15:19:00.000,82.637,82.678,82.587,82.608,0.1844
20.05.2019 15:20:00.000,82.597,82.598,82.537,82.558,0.2307
20.05.2019 15:21:00.000,82.548,82.618,82.528,82.557,0.2048
20.05.2019 15:22:00.000,82.567,82.598,82.527,82.588,0.2077
20.05.2019 15:23:00.000,82.587,82.598,82.527,82.548,0.1269
20.05.2019 15:24:00.000,82.547,82.628,82.547,82.627,0.0933
20.05.2019 15:25:00.000,82.628,82.628,82.537,82.578,0.2119
20.05.2019 15:26:00.000,82.568,82.568,82.527,82.568,0.0571
20.05.2019 15:27:00.000,82.577,82.618,82.567,82.568,0.0899
20.05.2019 15:28:00.000,82.588,82.638,82.578,82.588,0.1238
20.05.2019 15:29:00.000,82.597,82.638,82.577,82.577,0.0549
20.05.2019 15:30:00.000,82.577,82.718,82.577,82.717,0.2481
20.05.2019 15:31:00.000,82.717,82.718,82.597,82.597,0.0661
20.05.2019 15:32:00.000,82.587,82.658,82.587,82.617,0.11
20.05.2019 15:33:00.000,82.618,82.628,82.587,82.608,0.2024
20.05.2019 15:34:00.000,82.608,82.648,82.597,82.597,0.0518
20.05.2019 15:35:00.000,82.597,82.608,82.507,82.528,0.0601
20.05.2019 15:36:00.000,82.527,82.528,82.447,82.527,0.27
20.05.2019 15:37:00.000,82.527,82.547,82.478,82.508,0.1389
20.05.2019 15:38:00.000,82.507,82.548,82.498,82.517,0.0638
20.05.2019 15:39:00.000,82.497,82.528,82.477,82.528,0.1668
20.05.2019 15:40:00.000,82.517,82.598,82.508,82.597,0.2386
20.05.2019 15:41:00.000,82.597,82.637,82.578,82.598,0.134
20.05.2019 15:42:00.000,82.597,82.598,82.487,82.487,0.0964
20.05.2019 15:43:00.000,82.497,82.518,82.487,82.497,0.0761
20.05.2019 15:44:00.000,82.508,82.528,82.487,82.498,0.2009
20.05.2019 15:45:00.000,82.498,82.618,82.487,82.607,0.1825
20.05.2019 15:46:00.000,82.608,82.667,82.557,82.558,0.1608
20.05.2019 15:47:00.000,82.557,82.637,82.547,82.548,0.1291
20.05.2019 15:48:00.000,82.548,82.558,82.517,82.538,0.0062
20.05.2019 15:49:00.000,82.537,82.538,82.537,82.537,0.0843
20.05.2019 15:50:00.000,82.538,82.608,82.538,82.607,0.0344
20.05.2019 15:51:00.000,82.607,82.638,82.588,82.608,0.1529
20.05.2019 15:52:00.000,82.607,82.607,82.548,82.577,0.0802
20.05.2019 15:53:00.000,82.577,82.627,82.557,82.618,0.1454
20.05.2019 15:54:00.000,82.617,82.617,82.567,82.567,0.0313
20.05.2019 15:55:00.000,82.567,82.598,82.557,82.578,0.0569
20.05.2019 15:56:00.000,82.587,82.598,82.567,82.588,0.0888
20.05.2019 15:57:00.000,82.608,82.637,82.557,82.587,0.1731
20.05.2019 15:58:00.000,82.587,82.678,82.587,82.667,0.1457
20.05.2019 15:59:00.000,82.667,82.698,82.637,82.687,0.145
20.05.2019 16:00:00.000,82.657,82.668,82.637,82.668,0.0229
20.05.2019 16:01:00.000,82.678,82.748,82.677,82.737,0.1464
20.05.2019 16:02:00.000,82.737,82.778,82.737,82.747,0.0725
20.05.2019 16:03:00.000,82.747,82.778,82.738,82.768,0.0273
20.05.2019 16:04:00.000,82.767,82.838,82.767,82.827,0.029
20.05.2019 16:05:00.000,82.827,82.848,82.797,82.797,0.0115
20.05.2019 16:06:00.000,82.797,82.798,82.747,82.757,0.0231
20.05.2019 16:07:00.000,82.757,82.758,82.697,82.697,0.0508
20.05.2019 16:08:00.000,82.698,82.768,82.687,82.687,0.1095
20.05.2019 16:09:00.000,82.688,82.688,82.627,82.638,0.0277
20.05.2019 16:10:00.000,82.647,82.737,82.647,82.727,0.0355
20.05.2019 16:11:00.000,82.728,82.757,82.697,82.757,0.0664
20.05.2019 16:12:00.000,82.757,82.757,82.667,82.677,0.0619
20.05.2019 16:13:00.000,82.677,82.698,82.647,82.657,0.1924
20.05.2019 16:14:00.000,82.667,82.667,82.617,82.658,0.111
20.05.2019 16:15:00.000,82.657,82.748,82.647,82.707,0.1065
20.05.2019 16:16:00.000,82.708,82.788,82.707,82.738,0.2337
20.05.2019 16:17:00.000,82.737,82.767,82.698,82.738,0.0438
20.05.2019 16:18:00.000,82.737,82.738,82.677,82.677,0.0232
20.05.2019 16:19:00.000,82.687,82.718,82.687,82.697,0.0957
20.05.2019 16:20:00.000,82.697,82.708,82.667,82.668,0.034
20.05.2019 16:21:00.000,82.668,82.717,82.657,82.667,0.1361
20.05.2019 16:22:00.000,82.677,82.738,82.667,82.727,0.0442
20.05.2019 16:23:00.000,82.727,82.748,82.698,82.708,0.0221
20.05.2019 16:24:00.000,82.728,82.778,82.717,82.738,0.0276
20.05.2019 16:25:00.000,82.785,82.827,82.737,82.827,0.0421
20.05.2019 16:26:00.000,82.827,82.827,82.797,82.818,0.023
20.05.2019 16:27:00.000,82.817,82.818,82.797,82.817,0.054
20.05.2019 16:28:00.000,82.817,82.828,82.767,82.777,0.0633
20.05.2019 16:29:00.000,82.778,82.797,82.677,82.677,0.0573
20.05.2019 16:30:00.000,82.678,82.697,82.657,82.687,0.0396
20.05.2019 16:31:00.000,82.698,82.728,82.657,82.727,0.1247
20.05.2019 16:32:00.000,82.737,82.778,82.737,82.777,0.1529
20.05.2019 16:33:00.000,82.777,82.777,82.707,82.717,0.1199
20.05.2019 16:34:00.000,82.717,82.778,82.717,82.778,0.0995
20.05.2019 16:35:00.000,82.767,82.828,82.758,82.828,0.0471
20.05.2019 16:36:00.000,82.807,82.868,82.807,82.857,0.0042
20.05.2019 16:37:00.000,82.858,82.868,82.817,82.818,0.0452
20.05.2019 16:38:00.000,82.817,82.817,82.767,82.797,0.1149
20.05.2019 16:39:00.000,82.818,82.838,82.787,82.788,0.0537
20.05.2019 16:40:00.000,82.788,82.788,82.737,82.758,0.005
20.05.2019 16:41:00.000,82.727,82.748,82.708,82.708,0.1017
20.05.2019 16:42:00.000,82.708,82.827,82.707,82.817,0.1028
20.05.2019 16:43:00.000,82.818,82.828,82.797,82.827,0.119
20.05.2019 16:44:00.000,82.838,82.838,82.757,82.768,0.0247
20.05.2019 16:45:00.000,82.778,82.787,82.757,82.757,0.095
20.05.2019 16:46:00.000,82.757,82.808,82.757,82.808,0.0511
20.05.2019 16:47:00.000,82.808,82.818,82.727,82.737,0.1562
20.05.2019 16:48:00.000,82.737,82.778,82.737,82.777,0.0261
20.05.2019 16:49:00.000,82.778,82.778,82.777,82.777,0.0647
20.05.2019 16:50:00.000,82.777,82.788,82.737,82.747,0.049
20.05.2019 16:51:00.000,82.747,82.798,82.747,82.797,0.0741
20.05.2019 16:52:00.000,82.797,82.838,82.777,82.837,0.1329
20.05.2019 16:53:00.000,82.838,82.858,82.797,82.837,0.0887
20.05.2019 16:54:00.000,82.837,82.838,82.807,82.818,0.0397
20.05.2019 16:55:00.000,82.817,82.827,82.767,82.788,0.0862
20.05.2019 16:56:00.000,82.778,82.778,82.727,82.738,0.1586
20.05.2019 16:57:00.000,82.737,82.748,82.707,82.737,0.0587
20.05.2019 16:58:00.000,82.737,82.768,82.727,82.728,0.0344
20.05.2019 16:59:00.000,82.727,82.738,82.697,82.697,0.0686
20.05.2019 17:00:00.000,82.697,82.768,82.677,82.738,0.0811
20.05.2019 17:01:00.000,82.737,82.758,82.718,82.737,0.1317
20.05.2019 17:02:00.000,82.748,82.788,82.717,82.787,0.1306
20.05.2019 17:03:00.000,82.787,82.788,82.748,82.767,0.1456
20.05.2019 17:04:00.000,82.747,82.767,82.707,82.717,0.1888
20.05.2019 17:05:00.000,82.717,82.748,82.717,82.738,0.0222
20.05.2019 17:06:00.000,82.737,82.768,82.697,82.768,0.1298
20.05.2019 17:07:00.000,82.767,82.777,82.717,82.727,0.0801
20.05.2019 17:08:00.000,82.727,82.737,82.667,82.698,0.0326
20.05.2019 17:09:00.000,82.697,82.738,82.697,82.718,0.033
20.05.2019 17:10:00.000,82.727,82.738,82.717,82.727,0.0142
20.05.2019 17:11:00.000,82.728,82.778,82.727,82.747,0.1275
20.05.2019 17:12:00.000,82.747,82.798,82.747,82.747,0.0528
20.05.2019 17:13:00.000,82.737,82.738,82.667,82.678,0.103
20.05.2019 17:14:00.000,82.677,82.678,82.637,82.648,0.0394
20.05.2019 17:15:00.000,82.647,82.698,82.647,82.678,0.1181
20.05.2019 17:16:00.000,82.668,82.728,82.667,82.717,0.0638
20.05.2019 17:17:00.000,82.708,82.708,82.667,82.668,0.0238
20.05.2019 17:18:00.000,82.667,82.697,82.667,82.677,0.0315
20.05.2019 17:19:00.000,82.667,82.698,82.657,82.658,0.0999
20.05.2019 17:20:00.000,82.658,82.678,82.647,82.668,0.0644
20.05.2019 17:21:00.000,82.667,82.678,82.627,82.637,0.0825
20.05.2019 17:22:00.000,82.637,82.637,82.617,82.627,0.0426
20.05.2019 17:23:00.000,82.608,82.618,82.597,82.598,0.0577
20.05.2019 17:24:00.000,82.597,82.598,82.567,82.578,0.108
20.05.2019 17:25:00.000,82.577,82.608,82.547,82.608,0.0059
20.05.2019 17:26:00.000,82.607,82.638,82.597,82.638,0.0514
20.05.2019 17:27:00.000,82.638,82.638,82.608,82.617,0.0733
20.05.2019 17:28:00.000,82.598,82.608,82.577,82.588,0.0583
20.05.2019 17:29:00.000,82.587,82.637,82.587,82.637,0.0134
20.05.2019 17:30:00.000,82.628,82.658,82.597,82.658,0.1156
20.05.2019 17:31:00.000,82.668,82.688,82.607,82.687,0.1219
20.05.2019 17:32:00.000,82.687,82.698,82.617,82.667,0.2365
20.05.2019 17:33:00.000,82.678,82.718,82.657,82.688,0.1787
20.05.2019 17:34:00.000,82.688,82.718,82.667,82.708,0.2205
20.05.2019 17:35:00.000,82.708,82.727,82.677,82.727,0.065
20.05.2019 17:36:00.000,82.727,82.748,82.727,82.747,0.0527
20.05.2019 17:37:00.000,82.747,82.768,82.727,82.727,0.0426
20.05.2019 17:38:00.000,82.727,82.748,82.727,82.727,0.002
20.05.2019 17:39:00.000,82.727,82.767,82.717,82.727,0.0899
20.05.2019 17:40:00.000,82.737,82.747,82.707,82.708,0.0526
20.05.2019 17:41:00.000,82.707,82.708,82.707,82.707,0.0091
20.05.2019 17:42:00.000,82.717,82.717,82.688,82.707,0.055
20.05.2019 17:43:00.000,82.707,82.718,82.677,82.678,0.056
20.05.2019 17:44:00.000,82.688,82.688,82.677,82.687,0.0351
20.05.2019 17:45:00.000,82.687,82.738,82.687,82.737,0.1352
20.05.2019 17:46:00.000,82.737,82.738,82.687,82.688,0.0332
20.05.2019 17:47:00.000,82.687,82.728,82.687,82.727,0.0789
20.05.2019 17:48:00.000,82.728,82.758,82.717,82.757,0.004
20.05.2019 17:49:00.000,82.768,82.768,82.707,82.707,0.1165
20.05.2019 17:50:00.000,82.708,82.758,82.708,82.737,0.0885
20.05.2019 17:51:00.000,82.737,82.738,82.707,82.708,0.0389
20.05.2019 17:52:00.000,82.688,82.698,82.647,82.678,0.0815
20.05.2019 17:53:00.000,82.677,82.678,82.617,82.637,0.1395
20.05.2019 17:54:00.000,82.637,82.638,82.598,82.628,0.0179
20.05.2019 17:55:00.000,82.627,82.627,82.567,82.598,0.0596
20.05.2019 17:56:00.000,82.597,82.618,82.557,82.577,0.055
20.05.2019 17:57:00.000,82.578,82.588,82.557,82.577,0.0166
20.05.2019 17:58:00.000,82.577,82.618,82.567,82.608,0.0289
20.05.2019 17:59:00.000,82.607,82.648,82.597,82.627,0.0174
20.05.2019 18:00:00.000,82.608,82.608,82.577,82.588,0.0073
20.05.2019 18:01:00.000,82.577,82.588,82.557,82.558,0.082
20.05.2019 18:02:00.000,82.557,82.558,82.507,82.517,0.1557
20.05.2019 18:03:00.000,82.517,82.538,82.517,82.538,0.0015
20.05.2019 18:04:00.000,82.558,82.577,82.547,82.577,0.0477
20.05.2019 18:05:00.000,82.588,82.637,82.587,82.608,0.0882
20.05.2019 18:06:00.000,82.607,82.648,82.607,82.628,0.0878
20.05.2019 18:07:00.000,82.628,82.637,82.578,82.578,0.024
20.05.2019 18:08:00.000,82.547,82.558,82.497,82.497,0.0856
20.05.2019 18:09:00.000,82.497,82.518,82.488,82.518,0.0461
20.05.2019 18:10:00.000,82.517,82.558,82.517,82.557,0.1168
20.05.2019 18:11:00.000,82.557,82.568,82.537,82.537,0.1374
20.05.2019 18:12:00.000,82.537,82.587,82.537,82.587,0.0851
20.05.2019 18:13:00.000,82.587,82.618,82.557,82.617,0.0499
20.05.2019 18:14:00.000,82.617,82.617,82.527,82.527,0.0642
20.05.2019 18:15:00.000,82.528,82.528,82.497,82.497,0.0778
20.05.2019 18:16:00.000,82.517,82.538,82.507,82.517,0.1228
20.05.2019 18:17:00.000,82.517,82.557,82.507,82.507,0.1255
20.05.2019 18:18:00.000,82.508,82.528,82.508,82.517,0.0873
20.05.2019 18:19:00.000,82.517,82.518,82.497,82.497,0.0619
20.05.2019 18:20:00.000,82.498,82.528,82.478,82.497,0.1006
20.05.2019 18:21:00.000,82.497,82.548,82.497,82.507,0.0188
20.05.2019 18:22:00.000,82.507,82.528,82.507,82.517,0.0242
20.05.2019 18:23:00.000,82.508,82.547,82.508,82.537,0.0365
20.05.2019 18:24:00.000,82.537,82.538,82.487,82.487,0.1328
20.05.2019 18:25:00.000,82.488,82.508,82.457,82.497,0.1118
20.05.2019 18:26:00.000,82.488,82.498,82.477,82.478,0.0698
20.05.2019 18:27:00.000,82.477,82.478,82.437,82.457,0.1
20.05.2019 18:28:00.000,82.457,82.458,82.437,82.437,0.0354
20.05.2019 18:29:00.000,82.437,82.468,82.417,82.427,0.101
20.05.2019 18:30:00.000,82.428,82.458,82.427,82.447,0.1369
20.05.2019 18:31:00.000,82.448,82.498,82.447,82.497,0.0965
20.05.2019 18:32:00.000,82.497,82.518,82.417,82.427,0.062
20.05.2019 18:33:00.000,82.428,82.428,82.377,82.377,0.0817
20.05.2019 18:34:00.000,82.378,82.438,82.377,82.417,0.0435
20.05.2019 18:35:00.000,82.417,82.428,82.377,82.408,0.0966
20.05.2019 18:36:00.000,82.398,82.398,82.358,82.358,0.0257
20.05.2019 18:37:00.000,82.357,82.397,82.337,82.388,0.0217
20.05.2019 18:38:00.000,82.387,82.408,82.387,82.407,0.0743
20.05.2019 18:39:00.000,82.408,82.418,82.347,82.347,0.1424
20.05.2019 18:40:00.000,82.357,82.357,82.317,82.347,0.125
20.05.2019 18:41:00.000,82.347,82.378,82.337,82.367,0.1148
20.05.2019 18:42:00.000,82.367,82.388,82.327,82.327,0.0643
20.05.2019 18:43:00.000,82.328,82.357,82.327,82.338,0.1402
20.05.2019 18:44:00.000,82.337,82.347,82.287,82.298,0.1131
20.05.2019 18:45:00.000,82.297,82.378,82.277,82.317,0.1704
20.05.2019 18:46:00.000,82.318,82.398,82.317,82.397,0.0973
20.05.2019 18:47:00.000,82.397,82.398,82.367,82.387,0.0886
20.05.2019 18:48:00.000,82.387,82.387,82.317,82.318,0.0859
20.05.2019 18:49:00.000,82.307,82.347,82.307,82.327,0.0406
20.05.2019 18:50:00.000,82.317,82.358,82.317,82.328,0.0743
20.05.2019 18:51:00.000,82.327,82.358,82.318,82.337,0.1509
20.05.2019 18:52:00.000,82.337,82.368,82.327,82.337,0.0771
20.05.2019 18:53:00.000,82.338,82.348,82.287,82.287,0.1261
20.05.2019 18:54:00.000,82.258,82.337,82.257,82.317,0.0478
20.05.2019 18:55:00.000,82.308,82.308,82.247,82.288,0.1497
20.05.2019 18:56:00.000,82.287,82.317,82.267,82.288,0.127
20.05.2019 18:57:00.000,82.287,82.308,82.257,82.288,0.0597
20.05.2019 18:58:00.000,82.287,82.308,82.247,82.248,0.1431
20.05.2019 18:59:00.000,82.247,82.257,82.227,82.248,0.1564
20.05.2019 19:00:00.000,82.248,82.248,82.197,82.217,0.1267
20.05.2019 19:01:00.000,82.218,82.257,82.187,82.227,0.1894
20.05.2019 19:02:00.000,82.227,82.228,82.207,82.207,0.0804
20.05.2019 19:03:00.000,82.207,82.238,82.197,82.207,0.1174
20.05.2019 19:04:00.000,82.168,82.178,82.118,82.118,0.0699
20.05.2019 19:05:00.000,82.117,82.138,82.097,82.107,0.0913
20.05.2019 19:06:00.000,82.108,82.148,82.067,82.078,0.1259
20.05.2019 19:07:00.000,82.068,82.068,82.017,82.018,0.1104
20.05.2019 19:08:00.000,81.997,82.028,81.987,81.997,0.0694
20.05.2019 19:09:00.000,81.997,82.028,81.997,82.007,0.2083
20.05.2019 19:10:00.000,82.008,82.037,81.987,81.998,0.0959
20.05.2019 19:11:00.000,82.028,82.028,81.927,81.937,0.0949
20.05.2019 19:12:00.000,81.947,81.988,81.947,81.978,0.0481
20.05.2019 19:13:00.000,81.977,81.978,81.897,81.928,0.0886
20.05.2019 19:14:00.000,81.937,81.958,81.917,81.958,0.1839
20.05.2019 19:15:00.000,81.958,81.958,81.927,81.928,0.0799
20.05.2019 19:16:00.000,81.927,81.977,81.908,81.977,0.1401
20.05.2019 19:17:00.000,81.977,82.087,81.977,82.067,0.0825
20.05.2019 19:18:00.000,82.057,82.068,82.017,82.027,0.0346
20.05.2019 19:19:00.000,82.027,82.038,82.017,82.027,0.0836
20.05.2019 19:20:00.000,82.028,82.068,82.007,82.058,0.054
20.05.2019 19:21:00.000,82.067,82.138,82.067,82.107,0.0671
20.05.2019 19:22:00.000,82.108,82.127,82.087,82.088,0.0462
20.05.2019 19:23:00.000,82.087,82.088,82.057,82.058,0.1007
20.05.2019 19:24:00.000,82.057,82.068,82.057,82.057,0.0992
20.05.2019 19:25:00.000,82.048,82.048,82.028,82.037,0.0806
20.05.2019 19:26:00.000,82.048,82.078,82.047,82.067,0.0653
20.05.2019 19:27:00.000,82.067,82.128,82.067,82.118,0.0473
20.05.2019 19:28:00.000,82.117,82.128,82.097,82.117,0.1246
20.05.2019 19:29:00.000,82.117,82.138,82.097,82.117,0.2185
20.05.2019 19:30:00.000,82.117,82.118,82.077,82.107,0.1618
20.05.2019 19:31:00.000,82.117,82.128,82.107,82.127,0.1505
20.05.2019 19:32:00.000,82.127,82.138,82.107,82.107,0.1448
20.05.2019 19:33:00.000,82.107,82.118,82.077,82.087,0.1653
20.05.2019 19:34:00.000,82.088,82.118,82.087,82.098,0.0951
20.05.2019 19:35:00.000,82.087,82.128,82.087,82.107,0.1961
20.05.2019 19:36:00.000,82.107,82.188,82.097,82.177,0.265
20.05.2019 19:37:00.000,82.178,82.178,82.137,82.168,0.3291
20.05.2019 19:38:00.000,82.167,82.167,82.117,82.128,0.1841
20.05.2019 19:39:00.000,82.127,82.138,82.087,82.097,0.0843
20.05.2019 19:40:00.000,82.097,82.118,82.067,82.068,0.2847
20.05.2019 19:41:00.000,82.068,82.138,82.068,82.117,0.2824
20.05.2019 19:42:00.000,82.117,82.118,82.067,82.077,0.0728
20.05.2019 19:43:00.000,82.078,82.078,82.038,82.048,0.1501
20.05.2019 19:44:00.000,82.047,82.068,82.027,82.058,0.1638
20.05.2019 19:45:00.000,82.058,82.078,82.027,82.077,0.0621
20.05.2019 19:46:00.000,82.077,82.118,82.067,82.077,0.1819
20.05.2019 19:47:00.000,82.078,82.087,82.047,82.057,0.1027
20.05.2019 19:48:00.000,82.057,82.078,82.047,82.067,0.1487
20.05.2019 19:49:00.000,82.067,82.078,82.007,82.007,0.1282
20.05.2019 19:50:00.000,82.018,82.058,82.007,82.018,0.3183
20.05.2019 19:51:00.000,82.017,82.057,82.007,82.037,0.228
20.05.2019 19:52:00.000,82.037,82.118,82.037,82.117,0.2858
20.05.2019 19:53:00.000,82.117,82.118,82.087,82.107,0.1086
20.05.2019 19:54:00.000,82.107,82.168,82.067,82.168,0.3851
20.05.2019 19:55:00.000,82.157,82.178,82.127,82.157,0.2747
20.05.2019 19:56:00.000,82.157,82.158,82.087,82.128,0.2831
20.05.2019 19:57:00.000,82.127,82.178,82.127,82.138,0.2121
20.05.2019 19:58:00.000,82.137,82.137,82.077,82.088,0.5083
20.05.2019 19:59:00.000,82.097,82.147,82.037,82.037,0.8043
21.05.2019 13:30:00.000,82.097,82.588,82.097,82.588,0.0147
21.05.2019 13:31:00.000,82.587,82.697,82.517,82.697,0.0268
21.05.2019 13:32:00.000,82.707,82.808,82.607,82.697,0.0778
21.05.2019 13:33:00.000,82.698,82.737,82.597,82.737,0.1632
21.05.2019 13:34:00.000,82.738,82.738,82.388,82.388,0.1348
21.05.2019 13:35:00.000,82.398,82.488,82.387,82.387,0.051
21.05.2019 13:36:00.000,82.388,82.518,82.277,82.437,0.2665
21.05.2019 13:37:00.000,82.437,82.458,82.367,82.378,0.1403
21.05.2019 13:38:00.000,82.397,82.397,82.287,82.308,0.1408
21.05.2019 13:39:00.000,82.307,82.438,82.248,82.347,0.0842
21.05.2019 13:40:00.000,82.347,82.378,82.287,82.358,0.3795
21.05.2019 13:41:00.000,82.368,82.407,82.327,82.347,0.0399
21.05.2019 13:42:00.000,82.348,82.467,82.347,82.368,0.1325
21.05.2019 13:43:00.000,82.367,82.458,82.338,82.388,0.1359
21.05.2019 13:44:00.000,82.397,82.397,82.227,82.288,0.0629
21.05.2019 13:45:00.000,82.287,82.317,82.167,82.228,0.1261
21.05.2019 13:46:00.000,82.228,82.468,82.228,82.438,0.0766
21.05.2019 13:47:00.000,82.428,82.428,82.308,82.308,0.1335
21.05.2019 13:48:00.000,82.307,82.358,82.267,82.338,0.0457
21.05.2019 13:49:00.000,82.337,82.337,82.227,82.267,0.1224
21.05.2019 13:50:00.000,82.278,82.358,82.237,82.238,0.149
21.05.2019 13:51:00.000,82.238,82.317,82.217,82.307,0.074
21.05.2019 13:52:00.000,82.308,82.408,82.287,82.407,0.1139
21.05.2019 13:53:00.000,82.407,82.438,82.377,82.417,0.2129
21.05.2019 13:54:00.000,82.418,82.438,82.377,82.388,0.0625
21.05.2019 13:55:00.000,82.387,82.468,82.317,82.468,0.13
21.05.2019 13:56:00.000,82.468,82.468,82.378,82.457,0.0549
21.05.2019 13:57:00.000,82.457,82.528,82.457,82.457,0.1614
21.05.2019 13:58:00.000,82.458,82.568,82.457,82.548,0.0946
21.05.2019 13:59:00.000,82.547,82.578,82.477,82.478,0.2426
21.05.2019 14:00:00.000,82.477,82.738,82.477,82.738,0.0378
21.05.2019 14:01:00.000,82.748,82.818,82.688,82.697,0.0992
21.05.2019 14:02:00.000,82.707,82.798,82.677,82.798,0.0636
21.05.2019 14:03:00.000,82.798,82.828,82.708,82.728,0.1185
21.05.2019 14:04:00.000,82.698,82.708,82.597,82.597,0.2337
21.05.2019 14:05:00.000,82.598,82.698,82.598,82.678,0.0531
21.05.2019 14:06:00.000,82.668,82.678,82.627,82.628,0.0619
21.05.2019 14:07:00.000,82.648,82.717,82.618,82.677,0.0751
21.05.2019 14:08:00.000,82.678,82.728,82.588,82.717,0.0704
21.05.2019 14:09:00.000,82.687,82.738,82.667,82.688,0.1449
21.05.2019 14:10:00.000,82.688,82.767,82.677,82.688,0.1321
21.05.2019 14:11:00.000,82.687,82.687,82.597,82.627,0.0512
21.05.2019 14:12:00.000,82.627,82.697,82.597,82.688,0.0731
21.05.2019 14:13:00.000,82.668,82.747,82.657,82.738,0.0606
21.05.2019 14:14:00.000,82.737,82.737,82.607,82.628,0.1276
21.05.2019 14:15:00.000,82.627,82.747,82.627,82.747,0.1103
21.05.2019 14:16:00.000,82.748,82.768,82.677,82.708,0.0802
21.05.2019 14:17:00.000,82.698,82.698,82.607,82.638,0.1869
21.05.2019 14:18:00.000,82.638,82.708,82.638,82.688,0.1158
21.05.2019 14:19:00.000,82.677,82.678,82.628,82.678,0.1482
21.05.2019 14:20:00.000,82.677,82.777,82.677,82.687,0.0509
21.05.2019 14:21:00.000,82.688,82.698,82.657,82.687,0.123
21.05.2019 14:22:00.000,82.687,82.708,82.687,82.708,0.0544
21.05.2019 14:23:00.000,82.708,82.708,82.577,82.587,0.1424
21.05.2019 14:24:00.000,82.587,82.598,82.547,82.578,0.0301
21.05.2019 14:25:00.000,82.578,82.598,82.568,82.587,0.0883
21.05.2019 14:26:00.000,82.588,82.707,82.588,82.667,0.0405
21.05.2019 14:27:00.000,82.667,82.688,82.547,82.547,0.118
21.05.2019 14:28:00.000,82.557,82.568,82.507,82.557,0.1358
21.05.2019 14:29:00.000,82.558,82.588,82.547,82.588,0.0265
21.05.2019 14:30:00.000,82.588,82.588,82.547,82.548,0.0959
21.05.2019 14:31:00.000,82.547,82.548,82.467,82.468,0.0828
21.05.2019 14:32:00.000,82.467,82.468,82.387,82.407,0.0509
21.05.2019 14:33:00.000,82.408,82.418,82.357,82.368,0.0394
21.05.2019 14:34:00.000,82.397,82.408,82.337,82.338,0.0158
21.05.2019 14:35:00.000,82.337,82.338,82.277,82.317,0.0878
21.05.2019 14:36:00.000,82.317,82.378,82.297,82.297,0.0935
21.05.2019 14:37:00.000,82.298,82.327,82.297,82.327,0.0229
21.05.2019 14:38:00.000,82.327,82.328,82.287,82.297,0.1188
21.05.2019 14:39:00.000,82.297,82.308,82.277,82.287,0.0388
21.05.2019 14:40:00.000,82.308,82.328,82.247,82.247,0.0346
21.05.2019 14:41:00.000,82.247,82.297,82.237,82.248,0.0474
21.05.2019 14:42:00.000,82.237,82.298,82.207,82.298,0.1995
21.05.2019 14:43:00.000,82.297,82.397,82.297,82.348,0.0494
21.05.2019 14:44:00.000,82.347,82.447,82.347,82.447,0.0519
21.05.2019 14:45:00.000,82.467,82.548,82.457,82.548,0.0858
21.05.2019 14:46:00.000,82.548,82.568,82.507,82.507,0.0916
21.05.2019 14:47:00.000,82.507,82.578,82.507,82.547,0.1481
21.05.2019 14:48:00.000,82.547,82.558,82.527,82.537,0.0936
21.05.2019 14:49:00.000,82.537,82.537,82.447,82.487,0.1153
21.05.2019 14:50:00.000,82.487,82.548,82.487,82.547,0.0748
21.05.2019 14:51:00.000,82.547,82.607,82.547,82.558,0.0924
21.05.2019 14:52:00.000,82.557,82.638,82.547,82.617,0.077
21.05.2019 14:53:00.000,82.617,82.718,82.587,82.678,0.0276
21.05.2019 14:54:00.000,82.697,82.698,82.607,82.607,0.0664
21.05.2019 14:55:00.000,82.607,82.628,82.597,82.628,0.0517
21.05.2019 14:56:00.000,82.618,82.727,82.617,82.727,0.0778
21.05.2019 14:57:00.000,82.727,82.798,82.727,82.797,0.1058
21.05.2019 14:58:00.000,82.798,82.857,82.767,82.857,0.0723
21.05.2019 14:59:00.000,82.857,82.908,82.857,82.907,0.0547
21.05.2019 15:00:00.000,82.908,82.958,82.907,82.928,0.2093
21.05.2019 15:01:00.000,82.918,82.918,82.857,82.898,0.1866
21.05.2019 15:02:00.000,82.908,82.908,82.847,82.867,0.0079
21.05.2019 15:03:00.000,82.867,82.868,82.737,82.737,0.0493
21.05.2019 15:04:00.000,82.738,82.738,82.677,82.688,0.1187
21.05.2019 15:05:00.000,82.688,82.777,82.648,82.767,0.2635
21.05.2019 15:06:00.000,82.747,82.777,82.718,82.737,0.124
21.05.2019 15:07:00.000,82.718,82.758,82.687,82.688,0.0837
21.05.2019 15:08:00.000,82.697,82.698,82.537,82.567,0.1591
21.05.2019 15:09:00.000,82.568,82.678,82.547,82.678,0.239
21.05.2019 15:10:00.000,82.677,82.707,82.627,82.658,0.0823
21.05.2019 15:11:00.000,82.657,82.658,82.537,82.548,0.0553
21.05.2019 15:12:00.000,82.567,82.598,82.517,82.547,0.1248
21.05.2019 15:13:00.000,82.548,82.598,82.547,82.577,0.0999
21.05.2019 15:14:00.000,82.577,82.587,82.527,82.587,0.0221
21.05.2019 15:15:00.000,82.588,82.637,82.557,82.637,0.1314
21.05.2019 15:16:00.000,82.647,82.667,82.567,82.567,0.0286
21.05.2019 15:17:00.000,82.568,82.577,82.537,82.558,0.0623
21.05.2019 15:18:00.000,82.567,82.607,82.517,82.517,0.0605
21.05.2019 15:19:00.000,82.537,82.558,82.517,82.518,0.0156
21.05.2019 15:20:00.000,82.508,82.508,82.458,82.468,0.0343
21.05.2019 15:21:00.000,82.468,82.468,82.447,82.458,0.1228
21.05.2019 15:22:00.000,82.457,82.518,82.457,82.518,0.0558
21.05.2019 15:23:00.000,82.517,82.528,82.467,82.468,0.101
21.05.2019 15:24:00.000,82.478,82.478,82.388,82.397,0.1288
21.05.2019 15:25:00.000,82.397,82.538,82.397,82.538,0.0771
21.05.2019 15:26:00.000,82.538,82.627,82.538,82.577,0.0969
21.05.2019 15:27:00.000,82.578,82.578,82.498,82.498,0.0433
21.05.2019 15:28:00.000,82.497,82.507,82.467,82.467,0.0354
21.05.2019 15:29:00.000,82.467,82.468,82.417,82.447,0.0869
21.05.2019 15:30:00.000,82.447,82.477,82.428,82.437,0.033
21.05.2019 15:31:00.000,82.437,82.528,82.437,82.517,0.0719
21.05.2019 15:32:00.000,82.518,82.547,82.507,82.517,0.0502
21.05.2019 15:33:00.000,82.517,82.538,82.457,82.537,0.0289
21.05.2019 15:34:00.000,82.547,82.568,82.497,82.498,0.0562
21.05.2019 15:35:00.000,82.497,82.497,82.447,82.488,0.0595
21.05.2019 15:36:00.000,82.497,82.498,82.477,82.487,0.046
21.05.2019 15:37:00.000,82.488,82.517,82.477,82.507,0.0537
21.05.2019 15:38:00.000,82.508,82.517,82.487,82.508,0.0152
21.05.2019 15:39:00.000,82.508,82.508,82.438,82.438,0.0853
21.05.2019 15:40:00.000,82.437,82.478,82.397,82.457,0.192
21.05.2019 15:41:00.000,82.457,82.457,82.407,82.447,0.0799
21.05.2019 15:42:00.000,82.447,82.448,82.397,82.397,0.1087
21.05.2019 15:43:00.000,82.398,82.398,82.347,82.348,0.0879
21.05.2019 15:44:00.000,82.338,82.338,82.257,82.288,0.2108
21.05.2019 15:45:00.000,82.288,82.348,82.288,82.327,0.1973
21.05.2019 15:46:00.000,82.327,82.348,82.327,82.338,0.1142
21.05.2019 15:47:00.000,82.318,82.347,82.307,82.347,0.0239
21.05.2019 15:48:00.000,82.348,82.348,82.287,82.288,0.0873
21.05.2019 15:49:00.000,82.287,82.318,82.287,82.307,0.0047
21.05.2019 15:50:00.000,82.318,82.328,82.297,82.328,0.0115
21.05.2019 15:51:00.000,82.327,82.338,82.297,82.298,0.1488
21.05.2019 15:52:00.000,82.277,82.278,82.207,82.208,0.1003
21.05.2019 15:53:00.000,82.217,82.248,82.217,82.248,0.0328
21.05.2019 15:54:00.000,82.248,82.318,82.237,82.238,0.0591
21.05.2019 15:55:00.000,82.217,82.248,82.207,82.227,0.0661
21.05.2019 15:56:00.000,82.228,82.228,82.177,82.208,0.1263
21.05.2019 15:57:00.000,82.207,82.227,82.177,82.227,0.0457
21.05.2019 15:58:00.000,82.228,82.228,82.187,82.187,0.1159
21.05.2019 15:59:00.000,82.197,82.238,82.197,82.238,0.0036
21.05.2019 16:00:00.000,82.248,82.318,82.247,82.307,0.0453
21.05.2019 16:01:00.000,82.317,82.357,82.277,82.357,0.0821
21.05.2019 16:02:00.000,82.368,82.387,82.317,82.318,0.09
21.05.2019 16:03:00.000,82.308,82.347,82.307,82.327,0.0351
21.05.2019 16:04:00.000,82.327,82.347,82.318,82.338,0.0517
21.05.2019 16:05:00.000,82.347,82.437,82.347,82.417,0.0132
21.05.2019 16:06:00.000,82.408,82.408,82.368,82.368,0.0221
21.05.2019 16:07:00.000,82.368,82.368,82.337,82.338,0.023
21.05.2019 16:08:00.000,82.328,82.358,82.327,82.358,0.0772
21.05.2019 16:09:00.000,82.357,82.368,82.357,82.368,0.0437
21.05.2019 16:10:00.000,82.368,82.408,82.367,82.377,0.0252
21.05.2019 16:11:00.000,82.387,82.408,82.377,82.408,0.0408
21.05.2019 16:12:00.000,82.428,82.458,82.428,82.458,0.0419
21.05.2019 16:13:00.000,82.457,82.478,82.457,82.467,0.0799
21.05.2019 16:14:00.000,82.467,82.578,82.467,82.568,0.1497
21.05.2019 16:15:00.000,82.567,82.568,82.487,82.488,0.1216
21.05.2019 16:16:00.000,82.518,82.548,82.507,82.548,0.0343
21.05.2019 16:17:00.000,82.538,82.538,82.457,82.457,0.0172
21.05.2019 16:18:00.000,82.487,82.498,82.457,82.497,0.0655
21.05.2019 16:19:00.000,82.497,82.528,82.497,82.528,0.0114
21.05.2019 16:20:00.000,82.538,82.548,82.517,82.517,0.0118
21.05.2019 16:21:00.000,82.518,82.558,82.518,82.557,0.0233
21.05.2019 16:22:00.000,82.558,82.558,82.517,82.517,0.0519
21.05.2019 16:23:00.000,82.518,82.548,82.518,82.537,0.0729
21.05.2019 16:24:00.000,82.547,82.548,82.537,82.537,0.0033
21.05.2019 16:25:00.000,82.538,82.568,82.537,82.558,0.0353
21.05.2019 16:26:00.000,82.557,82.607,82.557,82.598,0.0266
21.05.2019 16:27:00.000,82.598,82.638,82.577,82.637,0.0142
21.05.2019 16:28:00.000,82.638,82.648,82.597,82.598,0.073
21.05.2019 16:29:00.000,82.597,82.628,82.597,82.617,0.0109
21.05.2019 16:30:00.000,82.617,82.637,82.617,82.617,0.0032
21.05.2019 16:31:00.000,82.617,82.638,82.617,82.628,0.0235
21.05.2019 16:32:00.000,82.627,82.668,82.627,82.658,0.0721
21.05.2019 16:33:00.000,82.657,82.658,82.607,82.648,0.0924
21.05.2019 16:34:00.000,82.647,82.678,82.647,82.678,0.0137
21.05.2019 16:35:00.000,82.678,82.678,82.627,82.627,0.0519
21.05.2019 16:36:00.000,82.628,82.718,82.627,82.707,0.086
21.05.2019 16:37:00.000,82.708,82.708,82.647,82.648,0.0854
21.05.2019 16:38:00.000,82.647,82.668,82.607,82.627,0.0573
21.05.2019 16:39:00.000,82.627,82.677,82.627,82.657,0.0725
21.05.2019 16:40:00.000,82.667,82.688,82.647,82.688,0.0663
21.05.2019 16:41:00.000,82.687,82.708,82.687,82.707,0.0138
21.05.2019 16:42:00.000,82.707,82.727,82.648,82.727,0.0422
21.05.2019 16:43:00.000,82.707,82.747,82.707,82.747,0.0719
21.05.2019 16:44:00.000,82.748,82.818,82.748,82.817,0.0424
21.05.2019 16:45:00.000,82.828,82.828,82.797,82.797,0.0568
21.05.2019 16:46:00.000,82.778,82.787,82.757,82.758,0.0325
21.05.2019 16:47:00.000,82.758,82.768,82.647,82.647,0.1038
21.05.2019 16:48:00.000,82.648,82.668,82.627,82.667,0.0313
21.05.2019 16:49:00.000,82.667,82.678,82.657,82.678,0.044
21.05.2019 16:50:00.000,82.677,82.718,82.627,82.648,0.1483
21.05.2019 16:51:00.000,82.648,82.678,82.648,82.668,0.0595
21.05.2019 16:52:00.000,82.667,82.748,82.667,82.748,0.0582
21.05.2019 16:53:00.000,82.747,82.747,82.668,82.668,0.2228
21.05.2019 16:54:00.000,82.667,82.748,82.667,82.727,0.0666
21.05.2019 16:55:00.000,82.727,82.728,82.667,82.677,0.0943
21.05.2019 16:56:00.000,82.677,82.737,82.677,82.727,0.0223
21.05.2019 16:57:00.000,82.728,82.748,82.708,82.728,0.0501
21.05.2019 16:58:00.000,82.727,82.758,82.727,82.747,0.0032
21.05.2019 16:59:00.000,82.747,82.758,82.727,82.727,0.0937
21.05.2019 17:00:00.000,82.727,82.788,82.727,82.767,0.0646
21.05.2019 17:01:00.000,82.768,82.768,82.737,82.757,0.005
21.05.2019 17:02:00.000,82.758,82.798,82.758,82.787,0.0015
21.05.2019 17:03:00.000,82.758,82.798,82.747,82.747,0.0497
21.05.2019 17:04:00.000,82.748,82.768,82.747,82.757,0.0395
21.05.2019 17:05:00.000,82.758,82.758,82.727,82.727,0.1078
21.05.2019 17:06:00.000,82.717,82.737,82.658,82.658,0.0555
21.05.2019 17:07:00.000,82.658,82.668,82.627,82.667,0.0969
21.05.2019 17:08:00.000,82.668,82.668,82.647,82.657,0.0212
21.05.2019 17:09:00.000,82.658,82.658,82.607,82.608,0.0122
21.05.2019 17:10:00.000,82.607,82.608,82.597,82.608,0.0008
21.05.2019 17:11:00.000,82.607,82.608,82.567,82.568,0.0653
21.05.2019 17:12:00.000,82.568,82.608,82.568,82.578,0.0335
21.05.2019 17:13:00.000,82.577,82.598,82.567,82.588,0.0425
21.05.2019 17:14:00.000,82.597,82.597,82.557,82.567,0.1079
21.05.2019 17:15:00.000,82.568,82.568,82.527,82.528,0.0753
21.05.2019 17:16:00.000,82.547,82.588,82.547,82.587,0.0764
21.05.2019 17:17:00.000,82.587,82.598,82.547,82.547,0.0256
21.05.2019 17:18:00.000,82.548,82.558,82.517,82.537,0.0897
21.05.2019 17:19:00.000,82.537,82.558,82.537,82.557,0.0456
21.05.2019 17:20:00.000,82.558,82.558,82.547,82.547,0.0009
21.05.2019 17:21:00.000,82.547,82.567,82.527,82.527,0.1564
21.05.2019 17:22:00.000,82.527,82.558,82.527,82.538,0.0404
21.05.2019 17:23:00.000,82.558,82.588,82.518,82.547,0.1616
21.05.2019 17:24:00.000,82.548,82.608,82.547,82.548,0.0894
21.05.2019 17:25:00.000,82.547,82.578,82.547,82.578,0.1132
21.05.2019 17:26:00.000,82.577,82.578,82.567,82.577,0.0208
21.05.2019 17:27:00.000,82.577,82.577,82.508,82.527,0.0406
21.05.2019 17:28:00.000,82.528,82.537,82.497,82.497,0.0409
21.05.2019 17:29:00.000,82.497,82.538,82.488,82.527,0.1185
21.05.2019 17:30:00.000,82.528,82.528,82.507,82.508,0.057
21.05.2019 17:31:00.000,82.528,82.578,82.517,82.578,0.0359
21.05.2019 17:32:00.000,82.577,82.577,82.537,82.547,0.0339
21.05.2019 17:33:00.000,82.547,82.568,82.527,82.528,0.1244
21.05.2019 17:34:00.000,82.537,82.587,82.537,82.548,0.0754
21.05.2019 17:35:00.000,82.547,82.558,82.517,82.527,0.0321
21.05.2019 17:36:00.000,82.528,82.578,82.527,82.568,0.0469
21.05.2019 17:37:00.000,82.567,82.597,82.567,82.597,0.0427
21.05.2019 17:38:00.000,82.598,82.617,82.587,82.598,0.054
21.05.2019 17:39:00.000,82.597,82.648,82.597,82.638,0.0144
21.05.2019 17:40:00.000,82.637,82.668,82.627,82.658,0.0724
21.05.2019 17:41:00.000,82.657,82.657,82.627,82.647,0.0722
21.05.2019 17:42:00.000,82.647,82.657,82.647,82.648,0.014
21.05.2019 17:43:00.000,82.648,82.668,82.648,82.657,0.0659
21.05.2019 17:44:00.000,82.658,82.658,82.627,82.628,0.0893
21.05.2019 17:45:00.000,82.627,82.628,82.587,82.608,0.0959
21.05.2019 17:46:00.000,82.628,82.678,82.628,82.677,0.0223
21.05.2019 17:47:00.000,82.677,82.677,82.637,82.658,0.024
21.05.2019 17:48:00.000,82.667,82.668,82.657,82.667,0.0341
21.05.2019 17:49:00.000,82.667,82.667,82.637,82.637,0.0246
21.05.2019 17:50:00.000,82.638,82.687,82.627,82.648,0.0759
21.05.2019 17:51:00.000,82.648,82.688,82.648,82.667,0.0316
21.05.2019 17:52:00.000,82.668,82.697,82.668,82.688,0.0448
21.05.2019 17:53:00.000,82.667,82.667,82.657,82.657,0.0317
21.05.2019 17:54:00.000,82.657,82.657,82.607,82.617,0.1292
21.05.2019 17:55:00.000,82.617,82.617,82.597,82.597,0.0509
21.05.2019 17:56:00.000,82.597,82.658,82.597,82.658,0.0328
21.05.2019 17:57:00.000,82.668,82.668,82.667,82.667,0.0426
21.05.2019 17:58:00.000,82.667,82.698,82.667,82.668,0.0852
21.05.2019 17:59:00.000,82.677,82.708,82.677,82.687,0.0769
21.05.2019 18:00:00.000,82.687,82.747,82.677,82.737,0.2162
21.05.2019 18:01:00.000,82.737,82.768,82.737,82.757,0.0302
21.05.2019 18:02:00.000,82.768,82.818,82.768,82.818,0.0127
21.05.2019 18:03:00.000,82.817,82.837,82.737,82.737,0.0403
21.05.2019 18:04:00.000,82.737,82.808,82.737,82.807,0.0524
21.05.2019 18:05:00.000,82.817,82.818,82.807,82.817,0.0563
21.05.2019 18:06:00.000,82.817,82.858,82.817,82.847,0.0587
21.05.2019 18:07:00.000,82.868,82.868,82.817,82.818,0.0615
21.05.2019 18:08:00.000,82.818,82.838,82.797,82.808,0.0676
21.05.2019 18:09:00.000,82.808,82.818,82.767,82.777,0.1125
21.05.2019 18:10:00.000,82.777,82.808,82.757,82.768,0.0827
21.05.2019 18:11:00.000,82.767,82.818,82.767,82.798,0.0521
21.05.2019 18:12:00.000,82.797,82.808,82.767,82.767,0.1205
21.05.2019 18:13:00.000,82.768,82.808,82.767,82.807,0.0658
21.05.2019 18:14:00.000,82.798,82.818,82.797,82.818,0.0553
21.05.2019 18:15:00.000,82.827,82.837,82.827,82.828,0.0532
21.05.2019 18:16:00.000,82.837,82.877,82.837,82.868,0.0491
21.05.2019 18:17:00.000,82.858,82.858,82.847,82.857,0.1292
21.05.2019 18:18:00.000,82.857,82.888,82.847,82.867,0.0652
21.05.2019 18:19:00.000,82.867,82.908,82.857,82.897,0.0451
21.05.2019 18:20:00.000,82.897,82.898,82.867,82.867,0.0938
21.05.2019 18:21:00.000,82.878,82.888,82.867,82.867,0.0856
21.05.2019 18:22:00.000,82.888,82.938,82.887,82.907,0.1091
21.05.2019 18:23:00.000,82.917,82.958,82.897,82.937,0.1162
21.05.2019 18:24:00.000,82.918,82.918,82.897,82.898,0.0228
21.05.2019 18:25:00.000,82.897,82.898,82.868,82.898,0.0939
21.05.2019 18:26:00.000,82.897,82.897,82.827,82.828,0.0353
21.05.2019 18:27:00.000,82.838,82.858,82.837,82.848,0.0331
21.05.2019 18:28:00.000,82.847,82.847,82.808,82.818,0.0681
21.05.2019 18:29:00.000,82.838,82.838,82.767,82.767,0.0396
21.05.2019 18:30:00.000,82.767,82.797,82.738,82.748,0.0805
21.05.2019 18:31:00.000,82.748,82.748,82.717,82.717,0.0709
21.05.2019 18:32:00.000,82.717,82.748,82.717,82.728,0.0201
21.05.2019 18:33:00.000,82.727,82.758,82.727,82.737,0.0017
21.05.2019 18:34:00.000,82.737,82.778,82.718,82.778,0.0732
21.05.2019 18:35:00.000,82.777,82.798,82.757,82.798,0.0428
21.05.2019 18:36:00.000,82.778,82.797,82.767,82.778,0.0436
21.05.2019 18:37:00.000,82.787,82.808,82.787,82.808,0.0532
21.05.2019 18:38:00.000,82.807,82.808,82.758,82.767,0.0699
21.05.2019 18:39:00.000,82.737,82.738,82.737,82.737,0.0232
21.05.2019 18:40:00.000,82.748,82.757,82.737,82.748,0.0705
21.05.2019 18:41:00.000,82.747,82.768,82.747,82.768,0.0951
21.05.2019 18:42:00.000,82.768,82.768,82.757,82.767,0.0622
21.05.2019 18:43:00.000,82.778,82.778,82.747,82.757,0.0076
21.05.2019 18:44:00.000,82.758,82.778,82.737,82.778,0.1852
21.05.2019 18:45:00.000,82.778,82.787,82.757,82.778,0.0653
21.05.2019 18:46:00.000,82.777,82.788,82.757,82.758,0.0329
21.05.2019 18:47:00.000,82.748,82.748,82.737,82.738,0.0525
21.05.2019 18:48:00.000,82.737,82.788,82.737,82.778,0.015
21.05.2019 18:49:00.000,82.777,82.778,82.737,82.737,0.0877
21.05.2019 18:50:00.000,82.757,82.767,82.737,82.757,0.0805
21.05.2019 18:51:00.000,82.757,82.788,82.738,82.757,0.0948
21.05.2019 18:52:00.000,82.757,82.778,82.747,82.778,0.082
21.05.2019 18:53:00.000,82.777,82.808,82.777,82.797,0.0126
21.05.2019 18:54:00.000,82.797,82.797,82.757,82.757,0.1548
21.05.2019 18:55:00.000,82.757,82.788,82.737,82.748,0.0358
21.05.2019 18:56:00.000,82.757,82.757,82.727,82.727,0.0267
21.05.2019 18:57:00.000,82.728,82.728,82.697,82.697,0.0254
21.05.2019 18:58:00.000,82.697,82.698,82.677,82.678,0.0333
21.05.2019 18:59:00.000,82.667,82.677,82.667,82.668,0.0323
21.05.2019 19:00:00.000,82.667,82.687,82.647,82.658,0.2191
21.05.2019 19:01:00.000,82.657,82.678,82.617,82.627,0.0353
21.05.2019 19:02:00.000,82.608,82.628,82.567,82.578,0.1262
21.05.2019 19:03:00.000,82.577,82.578,82.487,82.508,0.0984
21.05.2019 19:04:00.000,82.507,82.518,82.487,82.498,0.0809
21.05.2019 19:05:00.000,82.497,82.558,82.497,82.538,0.0467
21.05.2019 19:06:00.000,82.548,82.548,82.517,82.528,0.0618
21.05.2019 19:07:00.000,82.527,82.548,82.527,82.537,0.1189
21.05.2019 19:08:00.000,82.538,82.577,82.527,82.577,0.0407
21.05.2019 19:09:00.000,82.577,82.647,82.568,82.617,0.0508
21.05.2019 19:10:00.000,82.617,82.638,82.607,82.607,0.0523
21.05.2019 19:11:00.000,82.618,82.618,82.577,82.588,0.0642
21.05.2019 19:12:00.000,82.578,82.578,82.547,82.577,0.0294
21.05.2019 19:13:00.000,82.577,82.588,82.507,82.527,0.0633
21.05.2019 19:14:00.000,82.528,82.528,82.517,82.527,0.0496
21.05.2019 19:15:00.000,82.518,82.518,82.488,82.488,0.0717
21.05.2019 19:16:00.000,82.498,82.508,82.447,82.457,0.1707
21.05.2019 19:17:00.000,82.457,82.458,82.457,82.457,0.1153
21.05.2019 19:18:00.000,82.457,82.468,82.447,82.458,0.1736
21.05.2019 19:19:00.000,82.457,82.478,82.447,82.468,0.0655
21.05.2019 19:20:00.000,82.467,82.478,82.457,82.467,0.0727
21.05.2019 19:21:00.000,82.478,82.498,82.457,82.468,0.1361
21.05.2019 19:22:00.000,82.467,82.488,82.457,82.467,0.1184
21.05.2019 19:23:00.000,82.468,82.538,82.468,82.528,0.0827
21.05.2019 19:24:00.000,82.527,82.538,82.497,82.517,0.1595
21.05.2019 19:25:00.000,82.517,82.568,82.517,82.567,0.0836
21.05.2019 19:26:00.000,82.578,82.608,82.567,82.608,0.0852
21.05.2019 19:27:00.000,82.608,82.628,82.607,82.627,0.0671
21.05.2019 19:28:00.000,82.627,82.658,82.577,82.577,0.1014
21.05.2019 19:29:00.000,82.568,82.588,82.567,82.577,0.087
21.05.2019 19:30:00.000,82.577,82.598,82.547,82.587,0.1112
21.05.2019 19:31:00.000,82.598,82.668,82.598,82.657,0.1024
21.05.2019 19:32:00.000,82.657,82.688,82.657,82.667,0.0574
21.05.2019 19:33:00.000,82.667,82.667,82.607,82.617,0.025
21.05.2019 19:34:00.000,82.618,82.648,82.617,82.618,0.0458
21.05.2019 19:35:00.000,82.617,82.648,82.617,82.628,0.2336
21.05.2019 19:36:00.000,82.637,82.657,82.617,82.627,0.2022
21.05.2019 19:37:00.000,82.627,82.648,82.597,82.648,0.1543
21.05.2019 19:38:00.000,82.667,82.678,82.637,82.678,0.1139
21.05.2019 19:39:00.000,82.688,82.688,82.647,82.648,0.1063
21.05.2019 19:40:00.000,82.658,82.658,82.547,82.548,0.1581
21.05.2019 19:41:00.000,82.548,82.548,82.477,82.507,0.1052
21.05.2019 19:42:00.000,82.508,82.518,82.478,82.487,0.1243
21.05.2019 19:43:00.000,82.487,82.548,82.487,82.538,0.1358
21.05.2019 19:44:00.000,82.537,82.538,82.497,82.507,0.1258
21.05.2019 19:45:00.000,82.508,82.508,82.497,82.507,0.0753
21.05.2019 19:46:00.000,82.497,82.528,82.487,82.527,0.1683
21.05.2019 19:47:00.000,82.527,82.608,82.527,82.597,0.1505
21.05.2019 19:48:00.000,82.597,82.598,82.567,82.567,0.1431
21.05.2019 19:49:00.000,82.558,82.567,82.547,82.547,0.1196
21.05.2019 19:50:00.000,82.547,82.558,82.507,82.558,0.1851
21.05.2019 19:51:00.000,82.557,82.578,82.557,82.568,0.1147
21.05.2019 19:52:00.000,82.567,82.608,82.547,82.598,0.2133
21.05.2019 19:53:00.000,82.588,82.588,82.567,82.578,0.1991
21.05.2019 19:54:00.000,82.577,82.578,82.547,82.578,0.2975
21.05.2019 19:55:00.000,82.568,82.568,82.497,82.497,0.1449
21.05.2019 19:56:00.000,82.498,82.527,82.487,82.498,0.2474
21.05.2019 19:57:00.000,82.507,82.518,82.477,82.497,0.2519
21.05.2019 19:58:00.000,82.497,82.518,82.477,82.507,0.3392
21.05.2019 19:59:00.000,82.507,82.517,82.428,82.467,0.6451
22.05.2019 13:30:00.000,81.988,82.088,81.487,81.527,0.1183
22.05.2019 13:31:00.000,81.528,81.978,81.528,81.978,0.0808
22.05.2019 13:32:00.000,81.978,82.218,81.977,82.167,0.1729
22.05.2019 13:33:00.000,82.168,82.198,82.127,82.127,0.1394
22.05.2019 13:34:00.000,82.127,82.198,82.127,82.188,0.0993
22.05.2019 13:35:00.000,82.188,82.317,82.167,82.187,0.1514
22.05.2019 13:36:00.000,82.217,82.217,82.098,82.138,0.097
22.05.2019 13:37:00.000,82.137,82.168,82.137,82.157,0.0231
22.05.2019 13:38:00.000,82.227,82.347,82.227,82.347,0.0227
22.05.2019 13:39:00.000,82.347,82.378,82.287,82.297,0.0721
22.05.2019 13:40:00.000,82.298,82.367,82.227,82.288,0.1191
22.05.2019 13:41:00.000,82.308,82.308,82.227,82.237,0.0543
22.05.2019 13:42:00.000,82.288,82.328,82.208,82.208,0.0465
22.05.2019 13:43:00.000,82.147,82.187,82.107,82.177,0.1608
22.05.2019 13:44:00.000,82.188,82.308,82.188,82.267,0.1684
22.05.2019 13:45:00.000,82.267,82.298,82.177,82.237,0.1672
22.05.2019 13:46:00.000,82.238,82.238,82.187,82.218,0.0273
22.05.2019 13:47:00.000,82.217,82.217,82.177,82.178,0.0647
22.05.2019 13:48:00.000,82.177,82.227,82.177,82.177,0.0515
22.05.2019 13:49:00.000,82.178,82.287,82.157,82.287,0.0605
22.05.2019 13:50:00.000,82.287,82.318,82.187,82.317,0.0045
22.05.2019 13:51:00.000,82.317,82.318,82.277,82.288,0.1114
22.05.2019 13:52:00.000,82.288,82.337,82.237,82.337,0.1628
22.05.2019 13:53:00.000,82.337,82.388,82.337,82.368,0.0915
22.05.2019 13:54:00.000,82.348,82.348,82.307,82.327,0.0299
22.05.2019 13:55:00.000,82.328,82.417,82.327,82.327,0.0623
22.05.2019 13:56:00.000,82.327,82.328,82.217,82.217,0.0666
22.05.2019 13:57:00.000,82.218,82.338,82.218,82.227,0.2503
22.05.2019 13:58:00.000,82.228,82.337,82.227,82.337,0.0745
22.05.2019 13:59:00.000,82.347,82.398,82.267,82.288,0.1336
22.05.2019 14:00:00.000,82.297,82.308,82.237,82.247,0.0551
22.05.2019 14:01:00.000,82.247,82.258,82.157,82.258,0.0518
22.05.2019 14:02:00.000,82.257,82.297,82.237,82.237,0.0426
22.05.2019 14:03:00.000,82.237,82.237,82.137,82.147,0.0616
22.05.2019 14:04:00.000,82.158,82.188,82.057,82.167,0.0517
22.05.2019 14:05:00.000,82.128,82.188,82.107,82.108,0.0313
22.05.2019 14:06:00.000,82.118,82.168,82.038,82.168,0.042
22.05.2019 14:07:00.000,82.127,82.127,82.037,82.037,0.0774
22.05.2019 14:08:00.000,82.038,82.038,81.977,82.018,0.1552
22.05.2019 14:09:00.000,82.007,82.017,81.847,81.847,0.1073
22.05.2019 14:10:00.000,81.847,81.937,81.807,81.937,0.1055
22.05.2019 14:11:00.000,81.938,81.958,81.917,81.917,0.0389
22.05.2019 14:12:00.000,81.918,81.937,81.897,81.908,0.0605
22.05.2019 14:13:00.000,81.907,81.907,81.867,81.888,0.0788
22.05.2019 14:14:00.000,81.877,82.007,81.877,81.987,0.0653
22.05.2019 14:15:00.000,81.988,82.178,81.948,81.977,0.1642
22.05.2019 14:16:00.000,81.987,82.098,81.987,82.098,0.0065
22.05.2019 14:17:00.000,82.097,82.117,81.938,81.938,0.0044
22.05.2019 14:18:00.000,81.937,81.957,81.787,81.818,0.0178
22.05.2019 14:19:00.000,81.817,81.898,81.817,81.898,0.0034
22.05.2019 14:20:00.000,81.897,81.897,81.837,81.857,0.013
22.05.2019 14:21:00.000,81.858,81.908,81.857,81.908,0.1031
22.05.2019 14:22:00.000,81.907,81.908,81.857,81.888,0.1547
22.05.2019 14:23:00.000,81.898,81.938,81.897,81.917,0.0715
22.05.2019 14:24:00.000,81.918,81.998,81.918,81.977,0.0726
22.05.2019 14:25:00.000,81.977,81.998,81.977,81.998,0.0186
22.05.2019 14:26:00.000,81.998,82.028,81.997,82.008,0.0124
22.05.2019 14:27:00.000,81.997,82.017,81.958,81.997,0.0071
22.05.2019 14:28:00.000,81.997,82.058,81.997,82.058,0.0751
22.05.2019 14:29:00.000,82.057,82.158,82.057,82.058,0.089
22.05.2019 14:30:00.000,82.057,82.058,81.838,81.898,0.219
22.05.2019 14:31:00.000,81.878,81.887,81.877,81.887,0.0116
22.05.2019 14:32:00.000,81.858,81.858,81.757,81.757,0.0292
22.05.2019 14:33:00.000,81.778,81.778,81.648,81.657,0.1915
22.05.2019 14:34:00.000,81.647,81.647,81.607,81.627,0.1976
22.05.2019 14:35:00.000,81.627,81.657,81.588,81.648,0.1832
22.05.2019 14:36:00.000,81.658,81.658,81.577,81.588,0.0541
22.05.2019 14:37:00.000,81.587,81.598,81.497,81.518,0.1539
22.05.2019 14:38:00.000,81.497,81.498,81.487,81.488,0.0658
22.05.2019 14:39:00.000,81.487,81.518,81.487,81.488,0.2184
22.05.2019 14:40:00.000,81.488,81.588,81.487,81.587,0.1219
22.05.2019 14:41:00.000,81.588,81.628,81.567,81.588,0.1739
22.05.2019 14:42:00.000,81.587,81.598,81.567,81.597,0.1367
22.05.2019 14:43:00.000,81.577,81.598,81.517,81.598,0.1584
22.05.2019 14:44:00.000,81.597,81.598,81.497,81.538,0.2051
22.05.2019 14:45:00.000,81.537,81.567,81.497,81.498,0.2936
22.05.2019 14:46:00.000,81.497,81.528,81.457,81.457,0.1691
22.05.2019 14:47:00.000,81.457,81.498,81.457,81.477,0.0259
22.05.2019 14:48:00.000,81.478,81.558,81.458,81.458,0.1006
22.05.2019 14:49:00.000,81.477,81.508,81.477,81.508,0.0369
22.05.2019 14:50:00.000,81.508,81.538,81.497,81.498,0.074
22.05.2019 14:51:00.000,81.498,81.528,81.497,81.528,0.0841
22.05.2019 14:52:00.000,81.538,81.588,81.537,81.588,0.1395
22.05.2019 14:53:00.000,81.587,81.608,81.587,81.608,0.0451
22.05.2019 14:54:00.000,81.607,81.638,81.607,81.637,0.0739
22.05.2019 14:55:00.000,81.628,81.628,81.547,81.547,0.1596
22.05.2019 14:56:00.000,81.548,81.548,81.457,81.457,0.0541
22.05.2019 14:57:00.000,81.457,81.468,81.297,81.317,0.2112
22.05.2019 14:58:00.000,81.317,81.418,81.317,81.387,0.1746
22.05.2019 14:59:00.000,81.387,81.388,81.318,81.348,0.2793
22.05.2019 15:00:00.000,81.348,81.348,81.267,81.268,0.0162
22.05.2019 15:01:00.000,81.267,81.278,81.267,81.278,0.0053
22.05.2019 15:02:00.000,81.277,81.277,81.207,81.238,0.2861
22.05.2019 15:03:00.000,81.237,81.257,81.177,81.207,0.0571
22.05.2019 15:04:00.000,81.208,81.268,81.207,81.267,0.1209
22.05.2019 15:05:00.000,81.267,81.297,81.177,81.177,0.146
22.05.2019 15:06:00.000,81.177,81.218,81.057,81.057,0.2537
22.05.2019 15:07:00.000,81.057,81.087,81.057,81.087,0.0347
22.05.2019 15:08:00.000,81.068,81.068,80.987,81.007,0.1163
22.05.2019 15:09:00.000,81.007,81.008,80.908,80.918,0.0224
22.05.2019 15:10:00.000,80.928,80.997,80.917,80.997,0.08
22.05.2019 15:11:00.000,80.977,80.997,80.947,80.997,0.0563
22.05.2019 15:12:00.000,80.958,80.978,80.807,80.818,0.1992
22.05.2019 15:13:00.000,80.818,80.938,80.807,80.928,0.0688
22.05.2019 15:14:00.000,80.938,81.067,80.938,81.067,0.035
22.05.2019 15:15:00.000,81.087,81.158,81.068,81.127,0.0825
22.05.2019 15:16:00.000,81.128,81.168,81.107,81.107,0.0669
22.05.2019 15:17:00.000,81.107,81.108,81.037,81.108,0.0785
22.05.2019 15:18:00.000,81.097,81.148,81.097,81.107,0.04
22.05.2019 15:19:00.000,81.098,81.098,81.057,81.057,0.055
22.05.2019 15:20:00.000,81.057,81.098,81.037,81.038,0.0303
22.05.2019 15:21:00.000,81.037,81.038,81.027,81.027,0.0633
22.05.2019 15:22:00.000,81.027,81.027,80.977,81.017,0.1096
22.05.2019 15:23:00.000,81.028,81.028,80.918,80.918,0.1094
22.05.2019 15:24:00.000,80.907,80.908,80.887,80.907,0.012
22.05.2019 15:25:00.000,80.917,80.948,80.897,80.937,0.1058
22.05.2019 15:26:00.000,80.937,80.937,80.877,80.887,0.2193
22.05.2019 15:27:00.000,80.887,80.968,80.887,80.967,0.0454
22.05.2019 15:28:00.000,80.967,81.018,80.967,80.998,0.0987
22.05.2019 15:29:00.000,80.997,81.118,80.987,81.118,0.1243
22.05.2019 15:30:00.000,81.118,81.258,81.118,81.247,0.1206
22.05.2019 15:31:00.000,81.247,81.268,81.247,81.267,0.0522
22.05.2019 15:32:00.000,81.267,81.308,81.258,81.258,0.101
22.05.2019 15:33:00.000,81.258,81.268,81.247,81.258,0.0773
22.05.2019 15:34:00.000,81.258,81.268,81.217,81.248,0.072
22.05.2019 15:35:00.000,81.257,81.278,81.207,81.268,0.1242
22.05.2019 15:36:00.000,81.238,81.258,81.147,81.147,0.104
22.05.2019 15:37:00.000,81.158,81.158,80.977,80.998,0.0723
22.05.2019 15:38:00.000,80.997,81.018,80.957,80.957,0.0314
22.05.2019 15:39:00.000,80.977,81.017,80.977,81.008,0.0427
22.05.2019 15:40:00.000,81.007,81.018,80.957,80.997,0.0616
22.05.2019 15:41:00.000,80.977,81.007,80.958,80.988,0.0404
22.05.2019 15:42:00.000,81.008,81.027,80.947,80.948,0.0575
22.05.2019 15:43:00.000,80.947,80.947,80.907,80.918,0.0793
22.05.2019 15:44:00.000,80.907,80.907,80.788,80.788,0.1319
22.05.2019 15:45:00.000,80.787,80.818,80.727,80.737,0.1363
22.05.2019 15:46:00.000,80.747,80.748,80.668,80.737,0.0572
22.05.2019 15:47:00.000,80.737,80.738,80.677,80.727,0.107
22.05.2019 15:48:00.000,80.727,80.728,80.657,80.657,0.096
22.05.2019 15:49:00.000,80.668,80.698,80.647,80.647,0.043
22.05.2019 15:50:00.000,80.647,80.738,80.647,80.738,0.0207
22.05.2019 15:51:00.000,80.737,80.768,80.737,80.748,0.0509
22.05.2019 15:52:00.000,80.767,80.768,80.607,80.608,0.0772
22.05.2019 15:53:00.000,80.607,80.658,80.547,80.658,0.2531
22.05.2019 15:54:00.000,80.668,80.668,80.597,80.597,0.1367
22.05.2019 15:55:00.000,80.598,80.607,80.548,80.568,0.1227
22.05.2019 15:56:00.000,80.557,80.607,80.557,80.578,0.0538
22.05.2019 15:57:00.000,80.578,80.648,80.567,80.648,0.0959
22.05.2019 15:58:00.000,80.647,80.687,80.587,80.637,0.1096
22.05.2019 15:59:00.000,80.637,80.658,80.587,80.588,0.0968
22.05.2019 16:00:00.000,80.588,80.657,80.588,80.657,0.0768
22.05.2019 16:01:00.000,80.668,80.678,80.657,80.657,0.0249
22.05.2019 16:02:00.000,80.657,80.657,80.578,80.597,0.0636
22.05.2019 16:03:00.000,80.597,80.618,80.587,80.588,0.0874
22.05.2019 16:04:00.000,80.587,80.698,80.577,80.638,0.1843
22.05.2019 16:05:00.000,80.627,80.627,80.577,80.577,0.1573
22.05.2019 16:06:00.000,80.577,80.658,80.577,80.658,0.0704
22.05.2019 16:07:00.000,80.657,80.657,80.617,80.638,0.1821
22.05.2019 16:08:00.000,80.637,80.637,80.597,80.597,0.0697
22.05.2019 16:09:00.000,80.597,80.598,80.547,80.557,0.1478
22.05.2019 16:10:00.000,80.548,80.578,80.517,80.578,0.0861
22.05.2019 16:11:00.000,80.597,80.608,80.578,80.578,0.0115
22.05.2019 16:12:00.000,80.578,80.578,80.417,80.417,0.2224
22.05.2019 16:13:00.000,80.418,80.438,80.377,80.417,0.1123
22.05.2019 16:14:00.000,80.417,80.418,80.377,80.397,0.0961
22.05.2019 16:15:00.000,80.398,80.438,80.397,80.407,0.2317
22.05.2019 16:16:00.000,80.407,80.407,80.357,80.357,0.0407
22.05.2019 16:17:00.000,80.357,80.398,80.357,80.398,0.0065
22.05.2019 16:18:00.000,80.388,80.398,80.237,80.298,0.127
22.05.2019 16:19:00.000,80.297,80.308,80.297,80.298,0.0114
22.05.2019 16:20:00.000,80.298,80.307,80.277,80.278,0.089
22.05.2019 16:21:00.000,80.268,80.307,80.267,80.287,0.0249
22.05.2019 16:22:00.000,80.287,80.297,80.267,80.267,0.032
22.05.2019 16:23:00.000,80.267,80.267,80.217,80.217,0.062
22.05.2019 16:24:00.000,80.218,80.248,80.197,80.237,0.168
22.05.2019 16:25:00.000,80.237,80.278,80.237,80.257,0.0499
22.05.2019 16:26:00.000,80.258,80.298,80.257,80.297,0.0367
22.05.2019 16:27:00.000,80.287,80.408,80.277,80.407,0.1931
22.05.2019 16:28:00.000,80.427,80.478,80.427,80.477,0.0536
22.05.2019 16:29:00.000,80.478,80.508,80.478,80.508,0.0038
22.05.2019 16:30:00.000,80.508,80.538,80.497,80.527,0.1277
22.05.2019 16:31:00.000,80.517,80.517,80.448,80.458,0.0785
22.05.2019 16:32:00.000,80.458,80.487,80.438,80.487,0.0038
22.05.2019 16:33:00.000,80.528,80.548,80.508,80.548,0.0041
22.05.2019 16:34:00.000,80.547,80.548,80.477,80.477,0.025
22.05.2019 16:35:00.000,80.478,80.478,80.457,80.467,0.0481
22.05.2019 16:36:00.000,80.468,80.468,80.377,80.377,0.1028
22.05.2019 16:37:00.000,80.377,80.378,80.357,80.367,0.0311
22.05.2019 16:38:00.000,80.367,80.388,80.307,80.307,0.07
22.05.2019 16:39:00.000,80.297,80.298,80.257,80.258,0.0224
22.05.2019 16:40:00.000,80.257,80.257,80.097,80.098,0.0647
22.05.2019 16:41:00.000,80.097,80.168,80.097,80.167,0.2245
22.05.2019 16:42:00.000,80.168,80.168,80.097,80.107,0.0794
22.05.2019 16:43:00.000,80.128,80.147,80.117,80.138,0.0587
22.05.2019 16:44:00.000,80.137,80.158,80.137,80.138,0.1398
22.05.2019 16:45:00.000,80.157,80.207,80.107,80.197,0.1147
22.05.2019 16:46:00.000,80.208,80.258,80.137,80.138,0.0433
22.05.2019 16:47:00.000,80.137,80.178,80.137,80.168,0.0609
22.05.2019 16:48:00.000,80.168,80.248,80.167,80.248,0.0126
22.05.2019 16:49:00.000,80.248,80.257,80.218,80.218,0.0286
22.05.2019 16:50:00.000,80.237,80.237,80.197,80.197,0.0294
22.05.2019 16:51:00.000,80.198,80.198,80.157,80.157,0.0903
22.05.2019 16:52:00.000,80.157,80.167,80.097,80.097,0.12
22.05.2019 16:53:00.000,80.097,80.097,80.057,80.058,0.0233
22.05.2019 16:54:00.000,80.058,80.127,80.058,80.118,0.1092
22.05.2019 16:55:00.000,80.118,80.118,80.117,80.117,0.022
22.05.2019 16:56:00.000,80.078,80.088,80.047,80.067,0.1158
22.05.2019 16:57:00.000,80.067,80.068,80.017,80.058,0.1021
22.05.2019 16:58:00.000,80.058,80.058,80.037,80.038,0.0712
22.05.2019 16:59:00.000,80.048,80.048,79.947,79.958,0.0858
22.05.2019 17:00:00.000,79.968,80.058,79.967,80.058,0.0477
22.05.2019 17:01:00.000,80.057,80.098,80.057,80.067,0.0497
22.05.2019 17:02:00.000,80.068,80.068,80.027,80.037,0.0694
22.05.2019 17:03:00.000,80.057,80.088,80.057,80.088,0.0114
22.05.2019 17:04:00.000,80.077,80.077,80.027,80.047,0.091
22.05.2019 17:05:00.000,80.048,80.087,80.048,80.077,0.0212
22.05.2019 17:06:00.000,80.077,80.077,79.997,80.008,0.0673
22.05.2019 17:07:00.000,80.007,80.017,80.007,80.008,0.0419
22.05.2019 17:08:00.000,80.007,80.018,79.957,79.958,0.0707
22.05.2019 17:09:00.000,79.958,79.958,79.937,79.947,0.0839
22.05.2019 17:10:00.000,79.947,79.967,79.907,79.967,0.0652
22.05.2019 17:11:00.000,79.967,79.988,79.928,79.958,0.0561
22.05.2019 17:12:00.000,79.957,79.958,79.927,79.958,0.1098
22.05.2019 17:13:00.000,79.957,79.968,79.957,79.967,0.0978
22.05.2019 17:14:00.000,79.967,79.968,79.957,79.968,0.0214
22.05.2019 17:15:00.000,79.967,80.037,79.967,80.028,0.028
22.05.2019 17:16:00.000,80.027,80.038,79.977,79.978,0.138
22.05.2019 17:17:00.000,79.968,79.987,79.967,79.987,0.0316
22.05.2019 17:18:00.000,79.987,80.008,79.987,80.007,0.0779
22.05.2019 17:19:00.000,80.008,80.058,80.008,80.037,0.0224
22.05.2019 17:20:00.000,80.038,80.208,80.027,80.168,0.0923
22.05.2019 17:21:00.000,80.168,80.168,80.017,80.038,0.1232
22.05.2019 17:22:00.000,80.038,80.087,80.038,80.087,0.0124
22.05.2019 17:23:00.000,80.098,80.168,80.087,80.168,0.0729
22.05.2019 17:24:00.000,80.167,80.188,80.163,80.168,0.1441
22.05.2019 17:25:00.000,80.167,80.198,80.167,80.197,0.0525
22.05.2019 17:26:00.000,80.197,80.218,80.187,80.187,0.0562
22.05.2019 17:27:00.000,80.187,80.258,80.177,80.238,0.073
22.05.2019 17:28:00.000,80.237,80.387,80.237,80.378,0.1028
22.05.2019 17:29:00.000,80.377,80.427,80.367,80.397,0.0771
22.05.2019 17:30:00.000,80.367,80.377,80.357,80.377,0.0788
22.05.2019 17:31:00.000,80.377,80.388,80.367,80.368,0.0711
22.05.2019 17:32:00.000,80.368,80.428,80.368,80.397,0.0508
22.05.2019 17:33:00.000,80.397,80.427,80.397,80.398,0.1337
22.05.2019 17:34:00.000,80.398,80.418,80.397,80.418,0.0348
22.05.2019 17:35:00.000,80.437,80.447,80.427,80.427,0.002
22.05.2019 17:36:00.000,80.427,80.427,80.367,80.368,0.0381
22.05.2019 17:37:00.000,80.368,80.417,80.367,80.378,0.0508
22.05.2019 17:38:00.000,80.377,80.408,80.377,80.407,0.0024
22.05.2019 17:39:00.000,80.407,80.438,80.407,80.437,0.0372
22.05.2019 17:40:00.000,80.438,80.578,80.397,80.578,0.2034
22.05.2019 17:41:00.000,80.578,80.578,80.507,80.508,0.0324
22.05.2019 17:42:00.000,80.497,80.497,80.457,80.457,0.05
22.05.2019 17:43:00.000,80.457,80.528,80.457,80.528,0.1532
22.05.2019 17:44:00.000,80.527,80.558,80.477,80.477,0.1451
22.05.2019 17:45:00.000,80.478,80.478,80.458,80.458,0.0636
22.05.2019 17:46:00.000,80.457,80.468,80.427,80.427,0.0291
22.05.2019 17:47:00.000,80.427,80.447,80.417,80.417,0.0534
22.05.2019 17:48:00.000,80.417,80.437,80.387,80.397,0.012
22.05.2019 17:49:00.000,80.397,80.418,80.377,80.377,0.0729
22.05.2019 17:50:00.000,80.378,80.378,80.347,80.358,0.0226
22.05.2019 17:51:00.000,80.347,80.388,80.337,80.388,0.0945
22.05.2019 17:52:00.000,80.378,80.378,80.358,80.358,0.0079
22.05.2019 17:53:00.000,80.378,80.458,80.358,80.458,0.0895
22.05.2019 17:54:00.000,80.457,80.498,80.457,80.477,0.0733
22.05.2019 17:55:00.000,80.477,80.498,80.458,80.477,0.0132
22.05.2019 17:56:00.000,80.487,80.488,80.477,80.477,0.0223
22.05.2019 17:57:00.000,80.477,80.477,80.387,80.387,0.0034
22.05.2019 17:58:00.000,80.387,80.407,80.387,80.407,0.0309
22.05.2019 17:59:00.000,80.408,80.408,80.367,80.368,0.0503
22.05.2019 18:00:00.000,80.368,80.468,80.358,80.467,0.087
22.05.2019 18:01:00.000,80.457,80.457,80.397,80.397,0.0818
22.05.2019 18:02:00.000,80.398,80.398,80.357,80.357,0.0222
22.05.2019 18:03:00.000,80.357,80.408,80.357,80.388,0.0331
22.05.2019 18:04:00.000,80.388,80.388,80.277,80.288,0.0969
22.05.2019 18:05:00.000,80.288,80.337,80.277,80.337,0.033
22.05.2019 18:06:00.000,80.337,80.367,80.337,80.347,0.0643
22.05.2019 18:07:00.000,80.347,80.347,80.307,80.308,0.0012
22.05.2019 18:08:00.000,80.307,80.358,80.307,80.327,0.0447
22.05.2019 18:09:00.000,80.327,80.347,80.307,80.308,0.024
22.05.2019 18:10:00.000,80.307,80.307,80.277,80.288,0.0306
22.05.2019 18:11:00.000,80.287,80.318,80.287,80.317,0.0224
22.05.2019 18:12:00.000,80.307,80.348,80.307,80.348,0.046
22.05.2019 18:13:00.000,80.347,80.388,80.347,80.387,0.0513
22.05.2019 18:14:00.000,80.387,80.388,80.367,80.367,0.0392
22.05.2019 18:15:00.000,80.368,80.408,80.368,80.408,0.0224
22.05.2019 18:16:00.000,80.408,80.477,80.408,80.477,0.0336
22.05.2019 18:17:00.000,80.478,80.537,80.478,80.527,0.0901
22.05.2019 18:18:00.000,80.527,80.548,80.498,80.538,0.0125
22.05.2019 18:19:00.000,80.548,80.597,80.548,80.597,0.0999
22.05.2019 18:20:00.000,80.597,80.628,80.587,80.587,0.1167
22.05.2019 18:21:00.000,80.578,80.617,80.577,80.607,0.1124
22.05.2019 18:22:00.000,80.608,80.628,80.607,80.617,0.001
22.05.2019 18:23:00.000,80.617,80.667,80.617,80.667,0.0406
22.05.2019 18:24:00.000,80.668,80.688,80.657,80.688,0.0707
22.05.2019 18:25:00.000,80.678,80.678,80.567,80.567,0.0334
22.05.2019 18:26:00.000,80.567,80.587,80.528,80.587,0.1107
22.05.2019 18:27:00.000,80.587,80.587,80.527,80.527,0.0214
22.05.2019 18:28:00.000,80.527,80.528,80.527,80.528,0.0113
22.05.2019 18:29:00.000,80.527,80.547,80.487,80.487,0.0332
22.05.2019 18:30:00.000,80.487,80.518,80.477,80.477,0.033
22.05.2019 18:31:00.000,80.478,80.577,80.477,80.577,0.0477
22.05.2019 18:32:00.000,80.577,80.608,80.557,80.608,0.0864
22.05.2019 18:33:00.000,80.607,80.608,80.517,80.518,0.0147
22.05.2019 18:34:00.000,80.517,80.568,80.517,80.568,0.0729
22.05.2019 18:35:00.000,80.567,80.598,80.567,80.567,0.0352
22.05.2019 18:36:00.000,80.587,80.617,80.587,80.598,0.0452
22.05.2019 18:37:00.000,80.598,80.598,80.577,80.587,0.0222
22.05.2019 18:38:00.000,80.597,80.628,80.597,80.618,0.0025
22.05.2019 18:39:00.000,80.617,80.617,80.567,80.577,0.0978
22.05.2019 18:40:00.000,80.577,80.577,80.497,80.497,0.1129
22.05.2019 18:41:00.000,80.497,80.508,80.497,80.508,0.1059
22.05.2019 18:42:00.000,80.507,80.507,80.467,80.488,0.0775
22.05.2019 18:43:00.000,80.468,80.468,80.457,80.468,0.0528
22.05.2019 18:44:00.000,80.467,80.468,80.438,80.438,0.049
22.05.2019 18:45:00.000,80.437,80.448,80.417,80.428,0.0899
22.05.2019 18:46:00.000,80.427,80.478,80.427,80.467,0.1337
22.05.2019 18:47:00.000,80.467,80.468,80.427,80.428,0.0594
22.05.2019 18:48:00.000,80.427,80.427,80.417,80.418,0.0295
22.05.2019 18:49:00.000,80.417,80.417,80.387,80.397,0.0972
22.05.2019 18:50:00.000,80.397,80.428,80.387,80.428,0.1188
22.05.2019 18:51:00.000,80.427,80.488,80.427,80.428,0.1121
22.05.2019 18:52:00.000,80.437,80.468,80.437,80.467,0.0792
22.05.2019 18:53:00.000,80.467,80.467,80.407,80.408,0.1198
22.05.2019 18:54:00.000,80.398,80.408,80.397,80.407,0.0026
22.05.2019 18:55:00.000,80.407,80.408,80.387,80.407,0.0792
22.05.2019 18:56:00.000,80.398,80.468,80.398,80.468,0.0519
22.05.2019 18:57:00.000,80.467,80.478,80.457,80.467,0.1222
22.05.2019 18:58:00.000,80.467,80.478,80.427,80.448,0.0816
22.05.2019 18:59:00.000,80.448,80.468,80.417,80.417,0.0632
22.05.2019 19:00:00.000,80.417,80.448,80.387,80.448,0.0692
22.05.2019 19:01:00.000,80.437,80.438,80.417,80.417,0.058
22.05.2019 19:02:00.000,80.417,80.438,80.417,80.428,0.0769
22.05.2019 19:03:00.000,80.427,80.467,80.417,80.447,0.0867
22.05.2019 19:04:00.000,80.447,80.508,80.447,80.488,0.0582
22.05.2019 19:05:00.000,80.477,80.488,80.447,80.447,0.0646
22.05.2019 19:06:00.000,80.458,80.458,80.427,80.428,0.0233
22.05.2019 19:07:00.000,80.417,80.417,80.387,80.388,0.0784
22.05.2019 19:08:00.000,80.398,80.398,80.347,80.348,0.0377
22.05.2019 19:09:00.000,80.347,80.348,80.267,80.338,0.1159
22.05.2019 19:10:00.000,80.337,80.398,80.337,80.397,0.0455
22.05.2019 19:11:00.000,80.397,80.438,80.387,80.438,0.0851
22.05.2019 19:12:00.000,80.437,80.458,80.437,80.458,0.0241
22.05.2019 19:13:00.000,80.478,80.497,80.457,80.467,0.0358
22.05.2019 19:14:00.000,80.468,80.498,80.467,80.497,0.0917
22.05.2019 19:15:00.000,80.507,80.528,80.497,80.528,0.0361
22.05.2019 19:16:00.000,80.528,80.528,80.457,80.458,0.0447
22.05.2019 19:17:00.000,80.457,80.468,80.437,80.437,0.1142
22.05.2019 19:18:00.000,80.438,80.468,80.427,80.447,0.0353
22.05.2019 19:19:00.000,80.447,80.517,80.447,80.498,0.0585
22.05.2019 19:20:00.000,80.497,80.508,80.427,80.437,0.14
22.05.2019 19:21:00.000,80.437,80.447,80.437,80.447,0.0518
22.05.2019 19:22:00.000,80.437,80.447,80.367,80.437,0.0867
22.05.2019 19:23:00.000,80.437,80.478,80.437,80.457,0.0349
22.05.2019 19:24:00.000,80.457,80.498,80.457,80.477,0.045
22.05.2019 19:25:00.000,80.468,80.488,80.447,80.447,0.0834
22.05.2019 19:26:00.000,80.448,80.467,80.447,80.457,0.0999
22.05.2019 19:27:00.000,80.457,80.467,80.437,80.437,0.0329
22.05.2019 19:28:00.000,80.427,80.427,80.377,80.377,0.0546
22.05.2019 19:29:00.000,80.377,80.378,80.317,80.318,0.1949
22.05.2019 19:30:00.000,80.327,80.377,80.327,80.367,0.102
22.05.2019 19:31:00.000,80.368,80.368,80.337,80.337,0.2461
22.05.2019 19:32:00.000,80.337,80.367,80.317,80.358,0.1238
22.05.2019 19:33:00.000,80.348,80.348,80.317,80.327,0.0451
22.05.2019 19:34:00.000,80.318,80.318,80.307,80.307,0.0368
22.05.2019 19:35:00.000,80.307,80.308,80.277,80.287,0.1866
22.05.2019 19:36:00.000,80.287,80.288,80.237,80.257,0.1252
22.05.2019 19:37:00.000,80.257,80.267,80.247,80.248,0.1202
22.05.2019 19:38:00.000,80.247,80.288,80.247,80.277,0.0714
22.05.2019 19:39:00.000,80.277,80.298,80.267,80.288,0.0988
22.05.2019 19:40:00.000,80.288,80.308,80.267,80.307,0.1725
22.05.2019 19:41:00.000,80.307,80.358,80.307,80.357,0.0556
22.05.2019 19:42:00.000,80.357,80.408,80.347,80.348,0.0473
22.05.2019 19:43:00.000,80.347,80.398,80.328,80.397,0.1073
22.05.2019 19:44:00.000,80.398,80.408,80.388,80.397,0.1382
22.05.2019 19:45:00.000,80.388,80.398,80.338,80.397,0.1195
22.05.2019 19:46:00.000,80.397,80.398,80.347,80.387,0.0351
22.05.2019 19:47:00.000,80.388,80.408,80.377,80.397,0.1408
22.05.2019 19:48:00.000,80.397,80.408,80.327,80.338,0.1243
22.05.2019 19:49:00.000,80.347,80.438,80.347,80.427,0.2335
22.05.2019 19:50:00.000,80.427,80.448,80.347,80.357,0.3086
22.05.2019 19:51:00.000,80.368,80.398,80.367,80.387,0.0323
22.05.2019 19:52:00.000,80.388,80.427,80.377,80.427,0.2868
22.05.2019 19:53:00.000,80.427,80.428,80.378,80.428,0.2383
22.05.2019 19:54:00.000,80.427,80.428,80.377,80.387,0.163
22.05.2019 19:55:00.000,80.387,80.388,80.337,80.347,0.1814
22.05.2019 19:56:00.000,80.347,80.368,80.337,80.347,0.1635
22.05.2019 19:57:00.000,80.347,80.368,80.347,80.347,0.2186
22.05.2019 19:58:00.000,80.347,80.368,80.307,80.308,0.2689
22.05.2019 19:59:00.000,80.307,80.348,80.277,80.298,0.5149
23.05.2019 13:30:00.000,78.598,78.598,77.827,78.107,0.1433
23.05.2019 13:31:00.000,78.108,78.368,78.107,78.107,0.1531
23.05.2019 13:32:00.000,78.107,78.207,77.987,77.987,0.2596
23.05.2019 13:33:00.000,77.987,78.157,77.797,77.847,0.419
23.05.2019 13:34:00.000,77.848,77.888,77.697,77.698,0.2976
23.05.2019 13:35:00.000,77.697,77.768,77.547,77.728,0.4617
23.05.2019 13:36:00.000,77.738,77.808,77.647,77.738,0.2806
23.05.2019 13:37:00.000,77.738,77.868,77.737,77.867,0.1019
23.05.2019 13:38:00.000,77.868,77.887,77.687,77.738,0.0836
23.05.2019 13:39:00.000,77.738,77.738,77.487,77.497,0.1283
23.05.2019 13:40:00.000,77.498,77.517,77.087,77.257,0.2026
23.05.2019 13:41:00.000,77.277,77.278,76.707,76.737,0.542
23.05.2019 13:42:00.000,76.737,77.008,76.737,76.907,0.2198
23.05.2019 13:43:00.000,76.948,77.108,76.937,77.057,0.0913
23.05.2019 13:44:00.000,77.057,77.128,76.937,76.938,0.2225
23.05.2019 13:45:00.000,76.887,77.038,76.887,76.958,0.1693
23.05.2019 13:46:00.000,76.957,77.167,76.957,77.137,0.0293
23.05.2019 13:47:00.000,77.137,77.498,77.127,77.467,0.1677
23.05.2019 13:48:00.000,77.467,77.498,77.307,77.457,0.2452
23.05.2019 13:49:00.000,77.457,77.468,77.347,77.368,0.1812
23.05.2019 13:50:00.000,77.368,77.368,77.227,77.227,0.0597
23.05.2019 13:51:00.000,77.247,77.247,77.067,77.128,0.2404
23.05.2019 13:52:00.000,77.128,77.238,77.067,77.238,0.1276
23.05.2019 13:53:00.000,77.238,77.298,77.198,77.198,0.1716
23.05.2019 13:54:00.000,77.198,77.228,77.168,77.228,0.1019
23.05.2019 13:55:00.000,77.208,77.447,77.207,77.407,0.223
23.05.2019 13:56:00.000,77.407,77.408,77.268,77.367,0.2214
23.05.2019 13:57:00.000,77.388,77.848,77.388,77.847,0.2586
23.05.2019 13:58:00.000,77.867,77.868,77.737,77.768,0.3821
23.05.2019 13:59:00.000,77.737,77.748,77.687,77.707,0.1989
23.05.2019 14:00:00.000,77.707,77.917,77.707,77.867,0.2526
23.05.2019 14:01:00.000,77.908,78.037,77.907,78.037,0.1946
23.05.2019 14:02:00.000,78.037,78.188,78.037,78.147,0.1969
23.05.2019 14:03:00.000,78.097,78.138,78.037,78.048,0.1993
23.05.2019 14:04:00.000,78.048,78.128,78.017,78.087,0.2853
23.05.2019 14:05:00.000,78.107,78.168,78.057,78.057,0.165
23.05.2019 14:06:00.000,78.057,78.088,77.987,77.997,0.1603
23.05.2019 14:07:00.000,77.997,78.018,77.927,77.957,0.135
23.05.2019 14:08:00.000,77.958,78.038,77.908,77.908,0.2293
23.05.2019 14:09:00.000,77.908,77.948,77.857,77.937,0.2575
23.05.2019 14:10:00.000,77.937,77.938,77.787,77.788,0.2299
23.05.2019 14:11:00.000,77.787,77.807,77.687,77.797,0.201
23.05.2019 14:12:00.000,77.797,77.848,77.767,77.768,0.0658
23.05.2019 14:13:00.000,77.768,77.768,77.677,77.727,0.1922
23.05.2019 14:14:00.000,77.728,77.778,77.687,77.778,0.182
23.05.2019 14:15:00.000,77.778,77.908,77.777,77.877,0.173
23.05.2019 14:16:00.000,77.877,77.878,77.827,77.838,0.2019
23.05.2019 14:17:00.000,77.837,77.898,77.747,77.748,0.2018
23.05.2019 14:18:00.000,77.748,77.768,77.688,77.728,0.1107
23.05.2019 14:19:00.000,77.727,77.757,77.687,77.687,0.2076
23.05.2019 14:20:00.000,77.687,77.778,77.687,77.697,0.1333
23.05.2019 14:21:00.000,77.698,77.727,77.637,77.637,0.3277
23.05.2019 14:22:00.000,77.638,77.638,77.587,77.597,0.2034
23.05.2019 14:23:00.000,77.597,77.638,77.597,77.637,0.1323
23.05.2019 14:24:00.000,77.588,77.688,77.587,77.608,0.2217
23.05.2019 14:25:00.000,77.598,77.688,77.597,77.648,0.0855
23.05.2019 14:26:00.000,77.647,77.648,77.407,77.508,0.1705
23.05.2019 14:27:00.000,77.507,77.597,77.477,77.558,0.2944
23.05.2019 14:28:00.000,77.558,77.697,77.557,77.687,0.2724
23.05.2019 14:29:00.000,77.688,77.778,77.687,77.778,0.1202
23.05.2019 14:30:00.000,77.778,77.807,77.727,77.737,0.0513
23.05.2019 14:31:00.000,77.737,77.828,77.707,77.828,0.1005
23.05.2019 14:32:00.000,77.827,77.948,77.817,77.947,0.2616
23.05.2019 14:33:00.000,77.957,78.067,77.957,78.047,0.14
23.05.2019 14:34:00.000,78.008,78.118,78.008,78.117,0.1251
23.05.2019 14:35:00.000,78.127,78.127,78.057,78.058,0.0894
23.05.2019 14:36:00.000,78.098,78.158,77.987,77.998,0.124
23.05.2019 14:37:00.000,78.008,78.117,78.007,78.078,0.1544
23.05.2019 14:38:00.000,78.077,78.088,77.997,77.997,0.0483
23.05.2019 14:39:00.000,77.997,78.007,77.907,77.907,0.2213
23.05.2019 14:40:00.000,77.908,77.948,77.787,77.788,0.0963
23.05.2019 14:41:00.000,77.778,77.818,77.697,77.768,0.1705
23.05.2019 14:42:00.000,77.777,77.908,77.767,77.838,0.1271
23.05.2019 14:43:00.000,77.837,77.898,77.827,77.877,0.0236
23.05.2019 14:44:00.000,77.877,77.898,77.767,77.768,0.1145
23.05.2019 14:45:00.000,77.768,77.868,77.737,77.867,0.0717
23.05.2019 14:46:00.000,77.867,77.878,77.688,77.717,0.1108
23.05.2019 14:47:00.000,77.717,77.738,77.667,77.697,0.0302
23.05.2019 14:48:00.000,77.688,77.727,77.647,77.697,0.0602
23.05.2019 14:49:00.000,77.697,77.828,77.697,77.808,0.0355
23.05.2019 14:50:00.000,77.807,77.828,77.667,77.708,0.1207
23.05.2019 14:51:00.000,77.718,77.768,77.677,77.737,0.0474
23.05.2019 14:52:00.000,77.738,77.777,77.707,77.737,0.1356
23.05.2019 14:53:00.000,77.737,77.798,77.727,77.768,0.0383
23.05.2019 14:54:00.000,77.777,77.828,77.737,77.798,0.0828
23.05.2019 14:55:00.000,77.787,77.788,77.757,77.788,0.0443
23.05.2019 14:56:00.000,77.787,77.788,77.747,77.787,0.0686
23.05.2019 14:57:00.000,77.788,77.797,77.727,77.778,0.0757
23.05.2019 14:58:00.000,77.778,77.788,77.667,77.757,0.1559
23.05.2019 14:59:00.000,77.757,77.778,77.677,77.697,0.0988
23.05.2019 15:00:00.000,77.698,77.698,77.538,77.538,0.3453
23.05.2019 15:01:00.000,77.538,77.538,77.397,77.397,0.1336
23.05.2019 15:02:00.000,77.397,77.398,77.168,77.238,0.2324
23.05.2019 15:03:00.000,77.227,77.318,77.218,77.257,0.2724
23.05.2019 15:04:00.000,77.257,77.328,77.227,77.238,0.2146
23.05.2019 15:05:00.000,77.247,77.278,77.117,77.127,0.1809
23.05.2019 15:06:00.000,77.128,77.148,77.058,77.148,0.2564
23.05.2019 15:07:00.000,77.148,77.208,77.107,77.167,0.1928
23.05.2019 15:08:00.000,77.177,77.198,77.127,77.127,0.2281
23.05.2019 15:09:00.000,77.128,77.178,77.067,77.108,0.2295
23.05.2019 15:10:00.000,77.117,77.128,77.027,77.117,0.2714
23.05.2019 15:11:00.000,77.117,77.148,77.077,77.138,0.1749
23.05.2019 15:12:00.000,77.137,77.138,77.087,77.087,0.075
23.05.2019 15:13:00.000,77.088,77.088,77.007,77.047,0.1155
23.05.2019 15:14:00.000,77.047,77.058,76.997,76.997,0.1898
23.05.2019 15:15:00.000,76.997,77.027,76.937,76.998,0.279
23.05.2019 15:16:00.000,76.988,77.098,76.967,77.068,0.3493
23.05.2019 15:17:00.000,77.067,77.097,76.987,76.987,0.1402
23.05.2019 15:18:00.000,76.987,77.058,76.987,77.057,0.0312
23.05.2019 15:19:00.000,77.057,77.088,77.027,77.078,0.1324
23.05.2019 15:20:00.000,77.077,77.107,76.978,76.978,0.2907
23.05.2019 15:21:00.000,76.978,76.997,76.887,76.928,0.1265
23.05.2019 15:22:00.000,76.927,77.007,76.827,76.847,0.2836
23.05.2019 15:23:00.000,76.847,76.878,76.778,76.788,0.3985
23.05.2019 15:24:00.000,76.787,76.878,76.787,76.827,0.2352
23.05.2019 15:25:00.000,76.827,76.888,76.757,76.807,0.1882
23.05.2019 15:26:00.000,76.817,76.957,76.817,76.938,0.1096
23.05.2019 15:27:00.000,76.937,76.938,76.777,76.797,0.1318
23.05.2019 15:28:00.000,76.807,76.808,76.687,76.687,0.1674
23.05.2019 15:29:00.000,76.657,76.708,76.517,76.547,0.2188
23.05.2019 15:30:00.000,76.548,76.658,76.517,76.548,0.1663
23.05.2019 15:31:00.000,76.547,76.648,76.487,76.648,0.3281
23.05.2019 15:32:00.000,76.657,76.678,76.547,76.547,0.2322
23.05.2019 15:33:00.000,76.548,76.588,76.507,76.507,0.0926
23.05.2019 15:34:00.000,76.507,76.507,76.387,76.478,0.1593
23.05.2019 15:35:00.000,76.478,76.527,76.437,76.457,0.2992
23.05.2019 15:36:00.000,76.458,76.488,76.427,76.447,0.222
23.05.2019 15:37:00.000,76.448,76.517,76.448,76.497,0.2318
23.05.2019 15:38:00.000,76.498,76.498,76.427,76.457,0.273
23.05.2019 15:39:00.000,76.457,76.468,76.377,76.417,0.1944
23.05.2019 15:40:00.000,76.417,76.417,76.347,76.357,0.2281
23.05.2019 15:41:00.000,76.358,76.398,76.347,76.348,0.1398
23.05.2019 15:42:00.000,76.347,76.358,76.267,76.337,0.2721
23.05.2019 15:43:00.000,76.347,76.397,76.307,76.307,0.0657
23.05.2019 15:44:00.000,76.328,76.458,76.327,76.377,0.3624
23.05.2019 15:45:00.000,76.378,76.407,76.317,76.348,0.1194
23.05.2019 15:46:00.000,76.338,76.347,76.167,76.237,0.1806
23.05.2019 15:47:00.000,76.247,76.248,76.157,76.217,0.098
23.05.2019 15:48:00.000,76.217,76.288,76.188,76.198,0.1784
23.05.2019 15:49:00.000,76.197,76.338,76.197,76.338,0.1251
23.05.2019 15:50:00.000,76.337,76.358,76.267,76.308,0.2926
23.05.2019 15:51:00.000,76.307,76.417,76.307,76.367,0.3048
23.05.2019 15:52:00.000,76.367,76.368,76.327,76.327,0.1419
23.05.2019 15:53:00.000,76.338,76.418,76.327,76.358,0.1498
23.05.2019 15:54:00.000,76.358,76.358,76.247,76.257,0.1186
23.05.2019 15:55:00.000,76.238,76.248,76.087,76.088,0.2221
23.05.2019 15:56:00.000,76.088,76.107,75.988,76.007,0.29
23.05.2019 15:57:00.000,76.007,76.108,75.988,76.057,0.1851
23.05.2019 15:58:00.000,76.067,76.068,75.987,76.007,0.1521
23.05.2019 15:59:00.000,76.008,76.038,75.937,75.977,0.1791
23.05.2019 16:00:00.000,75.977,76.027,75.957,75.977,0.0731
23.05.2019 16:01:00.000,75.977,75.998,75.967,75.967,0.0355
23.05.2019 16:02:00.000,75.957,76.108,75.957,76.057,0.2105
23.05.2019 16:03:00.000,76.057,76.087,76.047,76.068,0.0605
23.05.2019 16:04:00.000,76.068,76.138,76.047,76.097,0.1605
23.05.2019 16:05:00.000,76.098,76.098,76.037,76.037,0.1625
23.05.2019 16:06:00.000,76.037,76.128,76.037,76.088,0.1453
23.05.2019 16:07:00.000,76.087,76.198,76.077,76.188,0.1927
23.05.2019 16:08:00.000,76.187,76.208,76.097,76.107,0.354
23.05.2019 16:09:00.000,76.107,76.107,76.007,76.067,0.125
23.05.2019 16:10:00.000,76.067,76.237,76.037,76.217,0.1616
23.05.2019 16:11:00.000,76.208,76.248,76.117,76.118,0.3493
23.05.2019 16:12:00.000,76.117,76.208,76.117,76.188,0.1788
23.05.2019 16:13:00.000,76.188,76.258,76.168,76.177,0.2311
23.05.2019 16:14:00.000,76.178,76.178,76.117,76.167,0.0757
23.05.2019 16:15:00.000,76.167,76.168,76.117,76.127,0.0492
23.05.2019 16:16:00.000,76.127,76.168,76.087,76.088,0.1166
23.05.2019 16:17:00.000,76.087,76.087,75.997,75.997,0.0835
23.05.2019 16:18:00.000,75.997,76.008,75.917,76.008,0.2626
23.05.2019 16:19:00.000,75.998,76.058,75.977,75.997,0.3625
23.05.2019 16:20:00.000,75.997,76.008,75.977,76.007,0.1132
23.05.2019 16:21:00.000,76.007,76.007,75.897,75.898,0.15
23.05.2019 16:22:00.000,75.897,75.928,75.757,75.768,0.3029
23.05.2019 16:23:00.000,75.768,75.858,75.737,75.817,0.2273
23.05.2019 16:24:00.000,75.807,75.818,75.777,75.787,0.2233
23.05.2019 16:25:00.000,75.787,75.917,75.787,75.908,0.0763
23.05.2019 16:26:00.000,75.907,75.908,75.827,75.838,0.2384
23.05.2019 16:27:00.000,75.837,75.898,75.817,75.878,0.188
23.05.2019 16:28:00.000,75.878,75.878,75.837,75.857,0.0681
23.05.2019 16:29:00.000,75.847,75.898,75.847,75.897,0.1449
23.05.2019 16:30:00.000,75.897,75.908,75.847,75.888,0.1265
23.05.2019 16:31:00.000,75.887,75.888,75.757,75.758,0.1551
23.05.2019 16:32:00.000,75.757,75.768,75.707,75.727,0.1333
23.05.2019 16:33:00.000,75.718,75.738,75.707,75.717,0.1016
23.05.2019 16:34:00.000,75.718,75.768,75.707,75.747,0.1825
23.05.2019 16:35:00.000,75.747,75.748,75.637,75.638,0.1086
23.05.2019 16:36:00.000,75.637,75.657,75.567,75.567,0.2082
23.05.2019 16:37:00.000,75.567,75.618,75.567,75.607,0.0533
23.05.2019 16:38:00.000,75.608,75.618,75.577,75.617,0.1257
23.05.2019 16:39:00.000,75.618,75.667,75.607,75.618,0.1549
23.05.2019 16:40:00.000,75.618,75.618,75.558,75.578,0.2134
23.05.2019 16:41:00.000,75.588,75.697,75.557,75.697,0.1095
23.05.2019 16:42:00.000,75.698,75.738,75.697,75.737,0.0314
23.05.2019 16:43:00.000,75.737,75.778,75.667,75.757,0.1008
23.05.2019 16:44:00.000,75.758,75.778,75.707,75.777,0.1082
23.05.2019 16:45:00.000,75.778,75.788,75.667,75.687,0.2654
23.05.2019 16:46:00.000,75.688,75.778,75.687,75.778,0.1237
23.05.2019 16:47:00.000,75.777,75.838,75.737,75.837,0.1848
23.05.2019 16:48:00.000,75.857,75.878,75.807,75.808,0.1101
23.05.2019 16:49:00.000,75.807,75.888,75.807,75.867,0.1837
23.05.2019 16:50:00.000,75.867,75.908,75.837,75.868,0.1127
23.05.2019 16:51:00.000,75.867,75.877,75.797,75.837,0.1245
23.05.2019 16:52:00.000,75.828,75.837,75.737,75.738,0.1532
23.05.2019 16:53:00.000,75.748,75.918,75.747,75.907,0.2187
23.05.2019 16:54:00.000,75.918,76.018,75.898,76.007,0.3143
23.05.2019 16:55:00.000,76.008,76.008,75.907,75.907,0.0483
23.05.2019 16:56:00.000,75.908,75.928,75.908,75.927,0.0687
23.05.2019 16:57:00.000,75.928,75.998,75.927,75.948,0.0683
23.05.2019 16:58:00.000,75.938,75.948,75.897,75.947,0.0359
23.05.2019 16:59:00.000,75.957,76.018,75.927,75.928,0.0687
23.05.2019 17:00:00.000,75.907,75.948,75.897,75.927,0.0727
23.05.2019 17:01:00.000,75.927,75.988,75.908,75.968,0.1023
23.05.2019 17:02:00.000,75.968,76.008,75.967,75.968,0.146
23.05.2019 17:03:00.000,75.968,76.037,75.957,75.958,0.0699
23.05.2019 17:04:00.000,75.978,76.048,75.977,76.027,0.1377
23.05.2019 17:05:00.000,76.028,76.088,76.027,76.047,0.1805
23.05.2019 17:06:00.000,76.047,76.078,76.018,76.078,0.0749
23.05.2019 17:07:00.000,76.077,76.128,76.077,76.128,0.1588
23.05.2019 17:08:00.000,76.127,76.128,76.017,76.027,0.1747
23.05.2019 17:09:00.000,76.027,76.088,76.027,76.067,0.0835
23.05.2019 17:10:00.000,76.067,76.067,76.017,76.017,0.0917
23.05.2019 17:11:00.000,76.017,76.017,75.947,75.978,0.1715
23.05.2019 17:12:00.000,75.977,76.048,75.957,76.047,0.1488
23.05.2019 17:13:00.000,76.047,76.058,75.967,76.007,0.2487
23.05.2019 17:14:00.000,76.007,76.078,76.007,76.028,0.1061
23.05.2019 17:15:00.000,76.028,76.048,75.987,76.028,0.2542
23.05.2019 17:16:00.000,76.027,76.048,75.977,76.028,0.2003
23.05.2019 17:17:00.000,76.027,76.068,76.007,76.057,0.1308
23.05.2019 17:18:00.000,76.057,76.098,76.047,76.097,0.2737
23.05.2019 17:19:00.000,76.098,76.168,76.087,76.147,0.1508
23.05.2019 17:20:00.000,76.147,76.148,76.047,76.087,0.0804
23.05.2019 17:21:00.000,76.098,76.118,76.037,76.038,0.1506
23.05.2019 17:22:00.000,76.038,76.038,75.947,75.987,0.2705
23.05.2019 17:23:00.000,75.987,76.088,75.947,76.068,0.2581
23.05.2019 17:24:00.000,76.078,76.078,76.037,76.048,0.0141
23.05.2019 17:25:00.000,76.047,76.078,76.037,76.077,0.268
23.05.2019 17:26:00.000,76.078,76.128,76.078,76.117,0.1521
23.05.2019 17:27:00.000,76.117,76.118,76.087,76.098,0.1022
23.05.2019 17:28:00.000,76.098,76.108,76.098,76.107,0.0075
23.05.2019 17:29:00.000,76.087,76.088,75.977,75.977,0.1141
23.05.2019 17:30:00.000,75.977,75.978,75.927,75.947,0.1279
23.05.2019 17:31:00.000,75.948,75.998,75.927,75.927,0.1422
23.05.2019 17:32:00.000,75.927,75.957,75.917,75.957,0.0617
23.05.2019 17:33:00.000,75.957,75.957,75.918,75.918,0.1195
23.05.2019 17:34:00.000,75.927,75.978,75.927,75.977,0.1394
23.05.2019 17:35:00.000,75.968,75.998,75.927,75.927,0.0687
23.05.2019 17:36:00.000,75.927,75.998,75.927,75.997,0.0673
23.05.2019 17:37:00.000,75.997,76.028,75.957,76.028,0.0991
23.05.2019 17:38:00.000,76.037,76.078,76.007,76.047,0.0978
23.05.2019 17:39:00.000,76.047,76.088,76.047,76.057,0.1745
23.05.2019 17:40:00.000,76.057,76.088,76.027,76.038,0.0992
23.05.2019 17:41:00.000,76.048,76.048,76.007,76.027,0.0345
23.05.2019 17:42:00.000,76.027,76.048,75.998,76.007,0.1356
23.05.2019 17:43:00.000,76.007,76.028,75.967,75.988,0.1436
23.05.2019 17:44:00.000,75.998,76.007,75.947,75.988,0.1366
23.05.2019 17:45:00.000,75.987,76.017,75.977,75.997,0.1926
23.05.2019 17:46:00.000,75.997,76.008,75.967,76.007,0.2673
23.05.2019 17:47:00.000,76.017,76.028,75.967,75.967,0.1477
23.05.2019 17:48:00.000,75.968,76.017,75.968,76.017,0.1675
23.05.2019 17:49:00.000,76.018,76.018,75.957,75.957,0.2429
23.05.2019 17:50:00.000,75.967,75.978,75.967,75.977,0.0606
23.05.2019 17:51:00.000,75.988,76.027,75.947,75.957,0.0683
23.05.2019 17:52:00.000,75.957,76.008,75.957,75.967,0.1319
23.05.2019 17:53:00.000,75.977,75.977,75.938,75.958,0.1237
23.05.2019 17:54:00.000,75.957,75.988,75.897,75.977,0.1526
23.05.2019 17:55:00.000,75.947,75.948,75.928,75.928,0.0591
23.05.2019 17:56:00.000,75.927,75.948,75.897,75.947,0.1454
23.05.2019 17:57:00.000,75.958,75.998,75.947,75.998,0.2047
23.05.2019 17:58:00.000,76.008,76.018,75.947,75.967,0.048
23.05.2019 17:59:00.000,75.967,75.978,75.917,75.978,0.0762
23.05.2019 18:00:00.000,75.978,76.038,75.967,76.008,0.1074
23.05.2019 18:01:00.000,76.007,76.038,75.977,76.038,0.1047
23.05.2019 18:02:00.000,76.027,76.097,75.987,75.998,0.3239
23.05.2019 18:03:00.000,75.998,75.998,75.937,75.968,0.0738
23.05.2019 18:04:00.000,75.968,75.978,75.927,75.947,0.1396
23.05.2019 18:05:00.000,75.947,75.948,75.927,75.928,0.0205
23.05.2019 18:06:00.000,75.927,75.948,75.917,75.918,0.0755
23.05.2019 18:07:00.000,75.927,75.957,75.907,75.937,0.0887
23.05.2019 18:08:00.000,75.937,75.938,75.907,75.927,0.0727
23.05.2019 18:09:00.000,75.938,75.938,75.907,75.918,0.161
23.05.2019 18:10:00.000,75.917,75.948,75.917,75.927,0.1504
23.05.2019 18:11:00.000,75.907,75.938,75.838,75.868,0.2084
23.05.2019 18:12:00.000,75.847,75.848,75.757,75.758,0.113
23.05.2019 18:13:00.000,75.758,75.767,75.688,75.688,0.0478
23.05.2019 18:14:00.000,75.687,75.737,75.687,75.698,0.1308
23.05.2019 18:15:00.000,75.697,75.698,75.607,75.608,0.0507
23.05.2019 18:16:00.000,75.607,75.648,75.607,75.617,0.0454
23.05.2019 18:17:00.000,75.617,75.617,75.547,75.558,0.0844
23.05.2019 18:18:00.000,75.557,75.578,75.518,75.537,0.1279
23.05.2019 18:19:00.000,75.538,75.558,75.488,75.558,0.0795
23.05.2019 18:20:00.000,75.557,75.568,75.497,75.538,0.1334
23.05.2019 18:21:00.000,75.557,75.618,75.527,75.617,0.0539
23.05.2019 18:22:00.000,75.617,75.628,75.587,75.607,0.0892
23.05.2019 18:23:00.000,75.607,75.628,75.597,75.597,0.0688
23.05.2019 18:24:00.000,75.607,75.668,75.607,75.667,0.1128
23.05.2019 18:25:00.000,75.668,75.708,75.668,75.688,0.0593
23.05.2019 18:26:00.000,75.678,75.678,75.647,75.647,0.042
23.05.2019 18:27:00.000,75.637,75.638,75.557,75.588,0.0973
23.05.2019 18:28:00.000,75.588,75.588,75.547,75.578,0.0249
23.05.2019 18:29:00.000,75.577,75.578,75.507,75.508,0.1092
23.05.2019 18:30:00.000,75.508,75.607,75.507,75.577,0.152
23.05.2019 18:31:00.000,75.577,75.598,75.537,75.537,0.0714
23.05.2019 18:32:00.000,75.548,75.578,75.547,75.557,0.0869
23.05.2019 18:33:00.000,75.558,75.588,75.557,75.557,0.0221
23.05.2019 18:34:00.000,75.557,75.588,75.537,75.558,0.075
23.05.2019 18:35:00.000,75.557,75.558,75.527,75.528,0.0737
23.05.2019 18:36:00.000,75.527,75.568,75.497,75.568,0.2618
23.05.2019 18:37:00.000,75.567,75.578,75.537,75.547,0.0502
23.05.2019 18:38:00.000,75.547,75.557,75.497,75.498,0.0764
23.05.2019 18:39:00.000,75.498,75.538,75.487,75.517,0.0797
23.05.2019 18:40:00.000,75.517,75.518,75.487,75.487,0.1452
23.05.2019 18:41:00.000,75.488,75.488,75.417,75.447,0.1282
23.05.2019 18:42:00.000,75.448,75.448,75.327,75.327,0.0553
23.05.2019 18:43:00.000,75.327,75.368,75.327,75.337,0.0551
23.05.2019 18:44:00.000,75.337,75.388,75.337,75.388,0.0876
23.05.2019 18:45:00.000,75.387,75.417,75.377,75.417,0.1211
23.05.2019 18:46:00.000,75.437,75.468,75.437,75.467,0.05
23.05.2019 18:47:00.000,75.467,75.477,75.417,75.427,0.1198
23.05.2019 18:48:00.000,75.427,75.437,75.377,75.378,0.0641
23.05.2019 18:49:00.000,75.377,75.378,75.297,75.297,0.0962
23.05.2019 18:50:00.000,75.297,75.298,75.167,75.187,0.229
23.05.2019 18:51:00.000,75.188,75.248,75.157,75.248,0.0257
23.05.2019 18:52:00.000,75.277,75.278,75.218,75.227,0.1045
23.05.2019 18:53:00.000,75.228,75.278,75.147,75.278,0.1085
23.05.2019 18:54:00.000,75.277,75.398,75.277,75.367,0.1465
23.05.2019 18:55:00.000,75.367,75.418,75.357,75.367,0.0781
23.05.2019 18:56:00.000,75.367,75.387,75.317,75.337,0.0682
23.05.2019 18:57:00.000,75.307,75.408,75.307,75.407,0.1772
23.05.2019 18:58:00.000,75.408,75.468,75.408,75.468,0.0606
23.05.2019 18:59:00.000,75.467,75.468,75.397,75.438,0.0708
23.05.2019 19:00:00.000,75.437,75.437,75.377,75.408,0.1352
23.05.2019 19:01:00.000,75.418,75.458,75.378,75.437,0.086
23.05.2019 19:02:00.000,75.437,75.437,75.327,75.328,0.0788
23.05.2019 19:03:00.000,75.328,75.348,75.297,75.327,0.1199
23.05.2019 19:04:00.000,75.317,75.378,75.317,75.378,0.0762
23.05.2019 19:05:00.000,75.377,75.418,75.357,75.388,0.1797
23.05.2019 19:06:00.000,75.417,75.418,75.367,75.387,0.0914
23.05.2019 19:07:00.000,75.378,75.388,75.317,75.357,0.171
23.05.2019 19:08:00.000,75.367,75.388,75.347,75.377,0.0643
23.05.2019 19:09:00.000,75.378,75.378,75.277,75.298,0.0736
23.05.2019 19:10:00.000,75.298,75.348,75.298,75.327,0.1559
23.05.2019 19:11:00.000,75.328,75.368,75.317,75.348,0.2183
23.05.2019 19:12:00.000,75.347,75.347,75.257,75.267,0.1665
23.05.2019 19:13:00.000,75.267,75.348,75.248,75.348,0.093
23.05.2019 19:14:00.000,75.338,75.348,75.277,75.278,0.1574
23.05.2019 19:15:00.000,75.267,75.308,75.217,75.228,0.1648
23.05.2019 19:16:00.000,75.227,75.348,75.217,75.327,0.1167
23.05.2019 19:17:00.000,75.347,75.428,75.347,75.417,0.1125
23.05.2019 19:18:00.000,75.427,75.518,75.407,75.517,0.1255
23.05.2019 19:19:00.000,75.517,75.538,75.467,75.467,0.0205
23.05.2019 19:20:00.000,75.468,75.587,75.467,75.587,0.348
23.05.2019 19:21:00.000,75.588,75.658,75.588,75.617,0.1955
23.05.2019 19:22:00.000,75.617,75.718,75.577,75.717,0.1907
23.05.2019 19:23:00.000,75.727,75.738,75.587,75.587,0.2469
23.05.2019 19:24:00.000,75.588,75.588,75.477,75.508,0.1312
23.05.2019 19:25:00.000,75.508,75.508,75.397,75.447,0.0647
23.05.2019 19:26:00.000,75.448,75.518,75.397,75.518,0.2059
23.05.2019 19:27:00.000,75.508,75.608,75.507,75.568,0.3295
23.05.2019 19:28:00.000,75.578,75.637,75.558,75.558,0.2448
23.05.2019 19:29:00.000,75.567,75.618,75.567,75.598,0.2267
23.05.2019 19:30:00.000,75.597,75.608,75.507,75.517,0.3125
23.05.2019 19:31:00.000,75.518,75.578,75.517,75.578,0.1175
23.05.2019 19:32:00.000,75.577,75.638,75.567,75.638,0.301
23.05.2019 19:33:00.000,75.637,75.658,75.587,75.618,0.1392
23.05.2019 19:34:00.000,75.617,75.658,75.548,75.548,0.1193
23.05.2019 19:35:00.000,75.558,75.608,75.547,75.608,0.1264
23.05.2019 19:36:00.000,75.618,75.648,75.587,75.628,0.193
23.05.2019 19:37:00.000,75.627,75.648,75.617,75.638,0.3093
23.05.2019 19:38:00.000,75.628,75.638,75.587,75.588,0.0957
23.05.2019 19:39:00.000,75.578,75.578,75.547,75.547,0.2539
23.05.2019 19:40:00.000,75.547,75.547,75.437,75.437,0.2208
23.05.2019 19:41:00.000,75.437,75.478,75.407,75.478,0.3107
23.05.2019 19:42:00.000,75.478,75.478,75.388,75.408,0.2817
23.05.2019 19:43:00.000,75.418,75.448,75.417,75.428,0.2358
23.05.2019 19:44:00.000,75.427,75.508,75.427,75.508,0.404
23.05.2019 19:45:00.000,75.507,75.548,75.448,75.448,0.2817
23.05.2019 19:46:00.000,75.457,75.458,75.388,75.397,0.2915
23.05.2019 19:47:00.000,75.398,75.448,75.377,75.427,0.3486
23.05.2019 19:48:00.000,75.417,75.517,75.408,75.517,0.5721
23.05.2019 19:49:00.000,75.528,75.537,75.417,75.437,0.3483
23.05.2019 19:50:00.000,75.448,75.468,75.377,75.458,0.5161
23.05.2019 19:51:00.000,75.468,75.468,75.408,75.417,0.2713
23.05.2019 19:52:00.000,75.428,75.487,75.398,75.468,0.4935
23.05.2019 19:53:00.000,75.467,75.527,75.438,75.517,0.4654
23.05.2019 19:54:00.000,75.528,75.538,75.487,75.497,0.2776
23.05.2019 19:55:00.000,75.498,75.518,75.397,75.407,0.6532
23.05.2019 19:56:00.000,75.407,75.407,75.288,75.328,0.5306
23.05.2019 19:57:00.000,75.327,75.388,75.307,75.377,0.5584
23.05.2019 19:58:00.000,75.377,75.388,75.307,75.317,0.6067
23.05.2019 19:59:00.000,75.327,75.428,75.297,75.388,0.5845
24.05.2019 13:30:00.000,75.917,76.548,75.397,76.547,0.0511
24.05.2019 13:31:00.000,76.548,76.687,76.548,76.687,0.0861
24.05.2019 13:32:00.000,76.687,76.738,76.387,76.488,0.0942
24.05.2019 13:33:00.000,76.488,76.488,76.317,76.438,0.1152
24.05.2019 13:34:00.000,76.437,76.487,76.077,76.408,0.2718
24.05.2019 13:35:00.000,76.317,76.507,76.297,76.488,0.1105
24.05.2019 13:36:00.000,76.487,76.487,76.267,76.268,0.1525
24.05.2019 13:37:00.000,76.277,76.277,75.988,76.057,0.1396
24.05.2019 13:38:00.000,76.117,76.198,76.017,76.087,0.0914
24.05.2019 13:39:00.000,76.088,76.257,76.088,76.158,0.0316
24.05.2019 13:40:00.000,76.157,76.158,76.077,76.097,0.0587
24.05.2019 13:41:00.000,76.097,76.128,75.988,76.037,0.1866
24.05.2019 13:42:00.000,75.988,76.018,75.867,75.977,0.1513
24.05.2019 13:43:00.000,75.977,76.018,75.847,75.847,0.2056
24.05.2019 13:44:00.000,75.847,75.917,75.837,75.858,0.0895
24.05.2019 13:45:00.000,75.857,75.858,75.677,75.738,0.1126
24.05.2019 13:46:00.000,75.737,75.938,75.657,75.908,0.1489
24.05.2019 13:47:00.000,75.908,75.918,75.787,75.787,0.2327
24.05.2019 13:48:00.000,75.817,75.837,75.698,75.747,0.1177
24.05.2019 13:49:00.000,75.757,75.878,75.687,75.838,0.0862
24.05.2019 13:50:00.000,75.838,75.888,75.737,75.847,0.159
24.05.2019 13:51:00.000,75.867,75.968,75.837,75.968,0.1286
24.05.2019 13:52:00.000,76.028,76.037,75.927,76.028,0.1602
24.05.2019 13:53:00.000,76.028,76.028,75.907,75.907,0.1071
24.05.2019 13:54:00.000,75.907,75.958,75.857,75.857,0.0859
24.05.2019 13:55:00.000,75.857,75.868,75.837,75.868,0.0571
24.05.2019 13:56:00.000,75.867,76.018,75.867,75.987,0.1211
24.05.2019 13:57:00.000,75.998,76.147,75.978,76.118,0.102
24.05.2019 13:58:00.000,76.177,76.188,76.057,76.058,0.0425
24.05.2019 13:59:00.000,76.068,76.258,76.068,76.208,0.1829
24.05.2019 14:00:00.000,76.237,76.258,76.167,76.198,0.2758
24.05.2019 14:01:00.000,76.197,76.277,76.197,76.238,0.1016
24.05.2019 14:02:00.000,76.237,76.338,76.237,76.317,0.0443
24.05.2019 14:03:00.000,76.317,76.518,76.277,76.487,0.1881
24.05.2019 14:04:00.000,76.488,76.518,76.367,76.438,0.0815
24.05.2019 14:05:00.000,76.437,76.437,76.287,76.287,0.0907
24.05.2019 14:06:00.000,76.287,76.298,76.148,76.148,0.0669
24.05.2019 14:07:00.000,76.167,76.168,76.087,76.168,0.0446
24.05.2019 14:08:00.000,76.168,76.218,76.127,76.168,0.0415
24.05.2019 14:09:00.000,76.167,76.228,76.117,76.157,0.0647
24.05.2019 14:10:00.000,76.157,76.178,76.137,76.158,0.059
24.05.2019 14:11:00.000,76.157,76.208,76.157,76.178,0.1383
24.05.2019 14:12:00.000,76.177,76.248,76.127,76.248,0.1717
24.05.2019 14:13:00.000,76.238,76.287,76.217,76.258,0.0544
24.05.2019 14:14:00.000,76.258,76.328,76.257,76.258,0.0767
24.05.2019 14:15:00.000,76.257,76.328,76.257,76.328,0.0662
24.05.2019 14:16:00.000,76.338,76.338,76.258,76.317,0.1658
24.05.2019 14:17:00.000,76.318,76.368,76.257,76.258,0.0856
24.05.2019 14:18:00.000,76.267,76.298,76.207,76.238,0.1146
24.05.2019 14:19:00.000,76.237,76.278,76.227,76.247,0.0483
24.05.2019 14:20:00.000,76.247,76.248,76.127,76.147,0.0991
24.05.2019 14:21:00.000,76.167,76.208,76.167,76.168,0.0375
24.05.2019 14:22:00.000,76.167,76.257,76.167,76.257,0.0393
24.05.2019 14:23:00.000,76.257,76.267,76.207,76.238,0.0587
24.05.2019 14:24:00.000,76.238,76.278,76.227,76.257,0.0368
24.05.2019 14:25:00.000,76.258,76.297,76.217,76.237,0.1122
24.05.2019 14:26:00.000,76.257,76.278,76.197,76.278,0.1751
24.05.2019 14:27:00.000,76.278,76.308,76.208,76.228,0.1139
24.05.2019 14:28:00.000,76.228,76.228,76.088,76.128,0.1791
24.05.2019 14:29:00.000,76.138,76.138,76.017,76.028,0.0166
24.05.2019 14:30:00.000,76.037,76.128,76.037,76.108,0.1149
24.05.2019 14:31:00.000,76.107,76.128,76.067,76.068,0.2185
24.05.2019 14:32:00.000,76.067,76.098,76.057,76.057,0.1258
24.05.2019 14:33:00.000,76.057,76.098,76.037,76.088,0.1804
24.05.2019 14:34:00.000,76.088,76.158,76.088,76.108,0.2364
24.05.2019 14:35:00.000,76.107,76.128,76.077,76.127,0.1174
24.05.2019 14:36:00.000,76.127,76.218,76.117,76.218,0.1245
24.05.2019 14:37:00.000,76.217,76.228,76.117,76.137,0.0571
24.05.2019 14:38:00.000,76.127,76.138,76.047,76.048,0.0651
24.05.2019 14:39:00.000,76.047,76.137,76.047,76.128,0.0979
24.05.2019 14:40:00.000,76.127,76.127,75.997,76.028,0.0635
24.05.2019 14:41:00.000,76.027,76.077,75.997,75.997,0.0241
24.05.2019 14:42:00.000,75.998,76.018,75.977,75.977,0.1434
24.05.2019 14:43:00.000,75.978,76.028,75.947,75.967,0.1061
24.05.2019 14:44:00.000,75.977,76.018,75.967,75.998,0.0549
24.05.2019 14:45:00.000,75.998,76.028,75.957,76.008,0.0799
24.05.2019 14:46:00.000,76.007,76.018,75.848,75.878,0.1268
24.05.2019 14:47:00.000,75.888,75.888,75.767,75.768,0.0809
24.05.2019 14:48:00.000,75.778,75.828,75.778,75.818,0.1005
24.05.2019 14:49:00.000,75.817,75.817,75.717,75.728,0.0666
24.05.2019 14:50:00.000,75.728,75.748,75.707,75.727,0.0778
24.05.2019 14:51:00.000,75.728,75.728,75.687,75.688,0.0618
24.05.2019 14:52:00.000,75.698,75.708,75.668,75.698,0.136
24.05.2019 14:53:00.000,75.718,75.728,75.608,75.608,0.1346
24.05.2019 14:54:00.000,75.607,75.687,75.607,75.637,0.106
24.05.2019 14:55:00.000,75.638,75.678,75.597,75.638,0.0345
24.05.2019 14:56:00.000,75.637,75.678,75.597,75.598,0.063
24.05.2019 14:57:00.000,75.597,75.708,75.597,75.708,0.1409
24.05.2019 14:58:00.000,75.718,75.748,75.687,75.717,0.2006
24.05.2019 14:59:00.000,75.717,75.718,75.647,75.657,0.0585
24.05.2019 15:00:00.000,75.657,75.708,75.598,75.668,0.0609
24.05.2019 15:01:00.000,75.667,75.668,75.607,75.668,0.06
24.05.2019 15:02:00.000,75.668,75.708,75.647,75.708,0.1097
24.05.2019 15:03:00.000,75.717,75.758,75.708,75.738,0.0906
24.05.2019 15:04:00.000,75.738,75.748,75.678,75.738,0.1417
24.05.2019 15:05:00.000,75.737,75.808,75.718,75.798,0.0684
24.05.2019 15:06:00.000,75.798,75.818,75.767,75.768,0.146
24.05.2019 15:07:00.000,75.767,75.788,75.747,75.748,0.1398
24.05.2019 15:08:00.000,75.758,75.758,75.687,75.698,0.0551
24.05.2019 15:09:00.000,75.688,75.688,75.587,75.598,0.0809
24.05.2019 15:10:00.000,75.607,75.628,75.537,75.537,0.0901
24.05.2019 15:11:00.000,75.538,75.548,75.507,75.508,0.032
24.05.2019 15:12:00.000,75.508,75.528,75.428,75.528,0.1642
24.05.2019 15:13:00.000,75.528,75.548,75.508,75.528,0.2114
24.05.2019 15:14:00.000,75.527,75.558,75.507,75.558,0.1485
24.05.2019 15:15:00.000,75.557,75.568,75.537,75.538,0.1005
24.05.2019 15:16:00.000,75.537,75.537,75.378,75.378,0.0829
24.05.2019 15:17:00.000,75.378,75.378,75.328,75.338,0.1291
24.05.2019 15:18:00.000,75.337,75.418,75.337,75.418,0.0319
24.05.2019 15:19:00.000,75.407,75.477,75.387,75.477,0.1641
24.05.2019 15:20:00.000,75.477,75.528,75.467,75.527,0.0806
24.05.2019 15:21:00.000,75.528,75.558,75.508,75.547,0.0148
24.05.2019 15:22:00.000,75.548,75.598,75.547,75.578,0.088
24.05.2019 15:23:00.000,75.588,75.688,75.588,75.688,0.1245
24.05.2019 15:24:00.000,75.687,75.698,75.607,75.628,0.078
24.05.2019 15:25:00.000,75.638,75.658,75.607,75.637,0.0565
24.05.2019 15:26:00.000,75.638,75.638,75.567,75.617,0.0971
24.05.2019 15:27:00.000,75.618,75.637,75.578,75.578,0.0407
24.05.2019 15:28:00.000,75.577,75.608,75.557,75.558,0.0746
24.05.2019 15:29:00.000,75.557,75.678,75.537,75.678,0.1083
24.05.2019 15:30:00.000,75.688,75.858,75.688,75.757,0.1408
24.05.2019 15:31:00.000,75.758,75.858,75.758,75.828,0.0812
24.05.2019 15:32:00.000,75.827,75.858,75.767,75.838,0.0867
24.05.2019 15:33:00.000,75.837,75.878,75.788,75.788,0.057
24.05.2019 15:34:00.000,75.788,75.808,75.727,75.767,0.0566
24.05.2019 15:35:00.000,75.768,75.778,75.727,75.758,0.0526
24.05.2019 15:36:00.000,75.747,75.828,75.747,75.828,0.0353
24.05.2019 15:37:00.000,75.827,75.827,75.728,75.737,0.1051
24.05.2019 15:38:00.000,75.738,75.818,75.737,75.798,0.0707
24.05.2019 15:39:00.000,75.798,75.828,75.718,75.728,0.1567
24.05.2019 15:40:00.000,75.727,75.727,75.647,75.678,0.0685
24.05.2019 15:41:00.000,75.688,75.728,75.687,75.728,0.0729
24.05.2019 15:42:00.000,75.738,75.808,75.738,75.767,0.0895
24.05.2019 15:43:00.000,75.768,75.778,75.687,75.718,0.0907
24.05.2019 15:44:00.000,75.717,75.768,75.697,75.727,0.1193
24.05.2019 15:45:00.000,75.728,75.758,75.727,75.758,0.0503
24.05.2019 15:46:00.000,75.768,75.768,75.677,75.717,0.0903
24.05.2019 15:47:00.000,75.727,75.788,75.727,75.728,0.0294
24.05.2019 15:48:00.000,75.727,75.788,75.727,75.787,0.0486
24.05.2019 15:49:00.000,75.788,75.818,75.788,75.798,0.0638
24.05.2019 15:50:00.000,75.817,75.828,75.728,75.737,0.1027
24.05.2019 15:51:00.000,75.738,75.767,75.697,75.738,0.1103
24.05.2019 15:52:00.000,75.738,75.798,75.708,75.797,0.0398
24.05.2019 15:53:00.000,75.798,75.827,75.797,75.798,0.0119
24.05.2019 15:54:00.000,75.798,75.828,75.788,75.788,0.0799
24.05.2019 15:55:00.000,75.787,75.798,75.737,75.778,0.085
24.05.2019 15:56:00.000,75.777,75.777,75.698,75.717,0.0186
24.05.2019 15:57:00.000,75.718,75.738,75.717,75.727,0.1086
24.05.2019 15:58:00.000,75.728,75.748,75.717,75.738,0.0237
24.05.2019 15:59:00.000,75.738,75.818,75.738,75.808,0.0066
24.05.2019 16:00:00.000,75.807,75.808,75.717,75.738,0.0301
24.05.2019 16:01:00.000,75.737,75.787,75.717,75.787,0.0692
24.05.2019 16:02:00.000,75.788,75.788,75.728,75.728,0.0357
24.05.2019 16:03:00.000,75.728,75.778,75.727,75.748,0.0578
24.05.2019 16:04:00.000,75.748,75.778,75.747,75.767,0.0361
24.05.2019 16:05:00.000,75.768,75.777,75.737,75.768,0.0377
24.05.2019 16:06:00.000,75.767,75.778,75.757,75.757,0.0177
24.05.2019 16:07:00.000,75.758,75.768,75.727,75.728,0.0214
24.05.2019 16:08:00.000,75.728,75.728,75.697,75.718,0.0659
24.05.2019 16:09:00.000,75.708,75.708,75.667,75.697,0.1088
24.05.2019 16:10:00.000,75.698,75.708,75.667,75.667,0.1388
24.05.2019 16:11:00.000,75.668,75.668,75.587,75.588,0.0644
24.05.2019 16:12:00.000,75.587,75.607,75.557,75.578,0.0374
24.05.2019 16:13:00.000,75.577,75.577,75.528,75.537,0.1197
24.05.2019 16:14:00.000,75.537,75.578,75.518,75.578,0.079
24.05.2019 16:15:00.000,75.588,75.608,75.558,75.558,0.0125
24.05.2019 16:16:00.000,75.547,75.608,75.527,75.588,0.077
24.05.2019 16:17:00.000,75.588,75.588,75.527,75.548,0.0504
24.05.2019 16:18:00.000,75.528,75.528,75.507,75.508,0.0669
24.05.2019 16:19:00.000,75.507,75.518,75.487,75.507,0.0819
24.05.2019 16:20:00.000,75.508,75.588,75.507,75.587,0.047
24.05.2019 16:21:00.000,75.588,75.608,75.527,75.528,0.0803
24.05.2019 16:22:00.000,75.558,75.578,75.527,75.538,0.0938
24.05.2019 16:23:00.000,75.538,75.578,75.537,75.568,0.0446
24.05.2019 16:24:00.000,75.567,75.628,75.567,75.628,0.1108
24.05.2019 16:25:00.000,75.638,75.768,75.628,75.767,0.1436
24.05.2019 16:26:00.000,75.768,75.828,75.768,75.828,0.2052
24.05.2019 16:27:00.000,75.837,75.858,75.827,75.848,0.0302
24.05.2019 16:28:00.000,75.838,75.868,75.817,75.838,0.0629
24.05.2019 16:29:00.000,75.828,75.868,75.827,75.868,0.0177
24.05.2019 16:30:00.000,75.867,75.908,75.867,75.888,0.0532
24.05.2019 16:31:00.000,75.888,75.958,75.887,75.958,0.0832
24.05.2019 16:32:00.000,75.957,75.978,75.937,75.958,0.1118
24.05.2019 16:33:00.000,75.958,75.958,75.857,75.858,0.1138
24.05.2019 16:34:00.000,75.857,75.868,75.817,75.848,0.1191
24.05.2019 16:35:00.000,75.847,75.908,75.847,75.867,0.0929
24.05.2019 16:36:00.000,75.867,75.877,75.857,75.858,0.0131
24.05.2019 16:37:00.000,75.858,75.988,75.858,75.977,0.1316
24.05.2019 16:38:00.000,75.987,75.988,75.938,75.958,0.0696
24.05.2019 16:39:00.000,75.957,76.028,75.957,76.027,0.0858
24.05.2019 16:40:00.000,76.027,76.048,75.987,75.997,0.0938
24.05.2019 16:41:00.000,76.017,76.058,75.977,75.998,0.0599
24.05.2019 16:42:00.000,76.008,76.088,76.008,76.088,0.0188
24.05.2019 16:43:00.000,76.087,76.148,76.067,76.098,0.1172
24.05.2019 16:44:00.000,76.098,76.138,76.097,76.098,0.0691
24.05.2019 16:45:00.000,76.097,76.118,76.097,76.098,0.0364
24.05.2019 16:46:00.000,76.097,76.098,76.047,76.057,0.0755
24.05.2019 16:47:00.000,76.067,76.068,76.047,76.048,0.0449
24.05.2019 16:48:00.000,76.047,76.068,76.028,76.068,0.0512
24.05.2019 16:49:00.000,76.058,76.068,75.988,76.038,0.0496
24.05.2019 16:50:00.000,76.037,76.048,75.997,75.998,0.033
24.05.2019 16:51:00.000,75.997,76.028,75.997,76.028,0.0374
24.05.2019 16:52:00.000,76.037,76.058,76.027,76.028,0.1115
24.05.2019 16:53:00.000,76.027,76.038,75.997,76.028,0.162
24.05.2019 16:54:00.000,76.038,76.038,75.987,75.998,0.0268
24.05.2019 16:55:00.000,75.997,75.998,75.947,75.948,0.1152
24.05.2019 16:56:00.000,75.948,75.968,75.947,75.958,0.029
24.05.2019 16:57:00.000,75.948,75.988,75.947,75.967,0.0665
24.05.2019 16:58:00.000,75.968,76.018,75.967,75.988,0.0451
24.05.2019 16:59:00.000,75.998,76.038,75.988,76.037,0.065
24.05.2019 17:00:00.000,76.037,76.098,76.037,76.098,0.0735
24.05.2019 17:01:00.000,76.107,76.108,76.087,76.088,0.0403
24.05.2019 17:02:00.000,76.087,76.088,76.047,76.048,0.05
24.05.2019 17:03:00.000,76.027,76.088,76.027,76.088,0.0254
24.05.2019 17:04:00.000,76.088,76.088,76.038,76.038,0.0535
24.05.2019 17:05:00.000,76.037,76.108,76.037,76.108,0.0158
24.05.2019 17:06:00.000,76.108,76.118,76.078,76.078,0.0534
24.05.2019 17:07:00.000,76.078,76.128,76.068,76.128,0.0942
24.05.2019 17:08:00.000,76.128,76.138,76.078,76.078,0.1043
24.05.2019 17:09:00.000,76.078,76.118,76.078,76.088,0.0382
24.05.2019 17:10:00.000,76.087,76.118,76.087,76.087,0.1276
24.05.2019 17:11:00.000,76.088,76.088,76.037,76.038,0.0026
24.05.2019 17:12:00.000,76.018,76.048,76.018,76.038,0.0403
24.05.2019 17:13:00.000,76.018,76.067,76.017,76.018,0.0396
24.05.2019 17:14:00.000,76.027,76.027,75.987,76.007,0.0442
24.05.2019 17:15:00.000,76.008,76.078,75.997,76.068,0.0802
24.05.2019 17:16:00.000,76.067,76.068,76.027,76.037,0.0489
24.05.2019 17:17:00.000,76.038,76.058,76.028,76.048,0.0628
24.05.2019 17:18:00.000,76.058,76.088,76.057,76.087,0.0647
24.05.2019 17:19:00.000,76.087,76.118,76.087,76.118,0.0444
24.05.2019 17:20:00.000,76.128,76.148,76.108,76.138,0.0239
24.05.2019 17:21:00.000,76.137,76.248,76.137,76.228,0.185
24.05.2019 17:22:00.000,76.248,76.258,76.217,76.227,0.057
24.05.2019 17:23:00.000,76.227,76.227,76.148,76.148,0.048
24.05.2019 17:24:00.000,76.157,76.168,76.127,76.127,0.1239
24.05.2019 17:25:00.000,76.128,76.138,76.117,76.118,0.0488
24.05.2019 17:26:00.000,76.117,76.118,76.057,76.057,0.0869
24.05.2019 17:27:00.000,76.058,76.068,76.027,76.037,0.0337
24.05.2019 17:28:00.000,76.038,76.067,76.017,76.048,0.0372
24.05.2019 17:29:00.000,76.047,76.047,75.978,75.978,0.0256
24.05.2019 17:30:00.000,75.977,76.018,75.977,76.008,0.0724
24.05.2019 17:31:00.000,76.007,76.008,75.948,75.967,0.0641
24.05.2019 17:32:00.000,75.968,76.027,75.968,76.018,0.1439
24.05.2019 17:33:00.000,76.018,76.018,75.978,76.018,0.0948
24.05.2019 17:34:00.000,76.018,76.018,75.988,75.988,0.0419
24.05.2019 17:35:00.000,75.988,75.988,75.937,75.967,0.0496
24.05.2019 17:36:00.000,75.968,75.997,75.958,75.988,0.0628
24.05.2019 17:37:00.000,75.987,76.028,75.987,76.028,0.0529
24.05.2019 17:38:00.000,76.028,76.078,76.028,76.078,0.0455
24.05.2019 17:39:00.000,76.077,76.077,76.007,76.027,0.0673
24.05.2019 17:40:00.000,76.027,76.068,76.007,76.068,0.034
24.05.2019 17:41:00.000,76.077,76.148,76.047,76.117,0.0372
24.05.2019 17:42:00.000,76.118,76.168,76.107,76.167,0.0251
24.05.2019 17:43:00.000,76.168,76.177,76.137,76.158,0.0519
24.05.2019 17:44:00.000,76.157,76.178,76.137,76.138,0.0307
24.05.2019 17:45:00.000,76.137,76.168,76.128,76.147,0.0193
24.05.2019 17:46:00.000,76.148,76.168,76.148,76.168,0.0091
24.05.2019 17:47:00.000,76.167,76.178,76.158,76.158,0.0397
24.05.2019 17:48:00.000,76.127,76.128,76.107,76.127,0.0115
24.05.2019 17:49:00.000,76.127,76.168,76.127,76.167,0.0118
24.05.2019 17:50:00.000,76.148,76.168,76.147,76.158,0.0027
24.05.2019 17:51:00.000,76.157,76.198,76.157,76.197,0.0131
24.05.2019 17:52:00.000,76.198,76.218,76.197,76.218,0.0441
24.05.2019 17:53:00.000,76.208,76.248,76.198,76.198,0.0307
24.05.2019 17:54:00.000,76.197,76.198,76.127,76.128,0.0474
24.05.2019 17:55:00.000,76.128,76.148,76.057,76.058,0.0463
24.05.2019 17:56:00.000,76.058,76.078,76.037,76.038,0.0547
24.05.2019 17:57:00.000,76.037,76.038,75.968,75.978,0.078
24.05.2019 17:58:00.000,75.968,75.978,75.927,75.968,0.0418
24.05.2019 17:59:00.000,75.967,76.007,75.967,75.998,0.0464
24.05.2019 18:00:00.000,75.998,76.038,75.997,76.038,0.0059
24.05.2019 18:01:00.000,76.037,76.037,75.967,75.967,0.0639
24.05.2019 18:02:00.000,75.968,75.988,75.948,75.948,0.0526
24.05.2019 18:03:00.000,75.947,75.968,75.928,75.968,0.0498
24.05.2019 18:04:00.000,75.978,75.998,75.948,75.958,0.0162
24.05.2019 18:05:00.000,75.958,75.958,75.918,75.927,0.0736
24.05.2019 18:06:00.000,75.928,75.928,75.857,75.858,0.0402
24.05.2019 18:07:00.000,75.857,75.868,75.847,75.858,0.0425
24.05.2019 18:08:00.000,75.858,75.858,75.808,75.818,0.0971
24.05.2019 18:09:00.000,75.828,75.868,75.827,75.827,0.1228
24.05.2019 18:10:00.000,75.828,75.848,75.808,75.818,0.057
24.05.2019 18:11:00.000,75.817,75.838,75.817,75.818,0.0387
24.05.2019 18:12:00.000,75.818,75.828,75.787,75.797,0.0373
24.05.2019 18:13:00.000,75.808,75.818,75.747,75.808,0.1526
24.05.2019 18:14:00.000,75.808,75.818,75.787,75.788,0.1121
24.05.2019 18:15:00.000,75.788,75.828,75.757,75.807,0.1145
24.05.2019 18:16:00.000,75.808,75.848,75.767,75.828,0.1033
24.05.2019 18:17:00.000,75.828,75.848,75.807,75.848,0.0851
24.05.2019 18:18:00.000,75.868,75.918,75.847,75.917,0.0884
24.05.2019 18:19:00.000,75.918,75.968,75.917,75.958,0.0617
24.05.2019 18:20:00.000,75.957,76.008,75.947,75.988,0.0357
24.05.2019 18:21:00.000,75.987,75.988,75.937,75.948,0.0301
24.05.2019 18:22:00.000,75.947,75.948,75.907,75.927,0.1133
24.05.2019 18:23:00.000,75.928,75.928,75.887,75.887,0.0039
24.05.2019 18:24:00.000,75.888,75.908,75.858,75.887,0.1112
24.05.2019 18:25:00.000,75.888,75.948,75.887,75.918,0.0598
24.05.2019 18:26:00.000,75.917,75.938,75.917,75.937,0.0358
24.05.2019 18:27:00.000,75.937,75.968,75.908,75.968,0.028
24.05.2019 18:28:00.000,75.957,75.957,75.928,75.938,0.0449
24.05.2019 18:29:00.000,75.937,75.948,75.897,75.938,0.0905
24.05.2019 18:30:00.000,75.938,75.968,75.928,75.938,0.1011
24.05.2019 18:31:00.000,75.937,75.948,75.907,75.938,0.0752
24.05.2019 18:32:00.000,75.938,75.948,75.908,75.928,0.1346
24.05.2019 18:33:00.000,75.937,75.948,75.897,75.898,0.1029
24.05.2019 18:34:00.000,75.908,75.908,75.898,75.908,0.0462
24.05.2019 18:35:00.000,75.908,75.938,75.897,75.938,0.0457
24.05.2019 18:36:00.000,75.937,75.938,75.897,75.918,0.0795
24.05.2019 18:37:00.000,75.917,75.968,75.917,75.957,0.1934
24.05.2019 18:38:00.000,75.958,76.038,75.958,75.998,0.0203
24.05.2019 18:39:00.000,75.998,75.998,75.977,75.988,0.0149
24.05.2019 18:40:00.000,75.978,76.018,75.978,75.998,0.0746
24.05.2019 18:41:00.000,75.988,75.998,75.968,75.998,0.0309
24.05.2019 18:42:00.000,75.997,75.997,75.957,75.978,0.0362
24.05.2019 18:43:00.000,75.977,75.988,75.957,75.967,0.0541
24.05.2019 18:44:00.000,75.977,75.977,75.957,75.967,0.0589
24.05.2019 18:45:00.000,75.968,75.978,75.937,75.947,0.0359
24.05.2019 18:46:00.000,75.947,75.948,75.917,75.938,0.0851
24.05.2019 18:47:00.000,75.927,75.928,75.897,75.898,0.017
24.05.2019 18:48:00.000,75.898,75.898,75.857,75.878,0.065
24.05.2019 18:49:00.000,75.878,75.878,75.867,75.867,0.0023
24.05.2019 18:50:00.000,75.867,75.878,75.837,75.858,0.1115
24.05.2019 18:51:00.000,75.858,75.898,75.858,75.898,0.0591
24.05.2019 18:52:00.000,75.897,75.908,75.877,75.908,0.0673
24.05.2019 18:53:00.000,75.907,75.948,75.897,75.947,0.026
24.05.2019 18:54:00.000,75.947,75.947,75.877,75.888,0.0706
24.05.2019 18:55:00.000,75.897,75.918,75.897,75.918,0.0537
24.05.2019 18:56:00.000,75.907,75.908,75.827,75.827,0.0669
24.05.2019 18:57:00.000,75.838,75.878,75.838,75.877,0.1004
24.05.2019 18:58:00.000,75.878,75.888,75.857,75.857,0.0406
24.05.2019 18:59:00.000,75.858,75.868,75.848,75.848,0.035
24.05.2019 19:00:00.000,75.847,75.898,75.847,75.867,0.0389
24.05.2019 19:01:00.000,75.868,75.887,75.867,75.878,0.0812
24.05.2019 19:02:00.000,75.878,75.927,75.877,75.888,0.1407
24.05.2019 19:03:00.000,75.888,75.898,75.847,75.847,0.0817
24.05.2019 19:04:00.000,75.848,75.868,75.847,75.868,0.055
24.05.2019 19:05:00.000,75.878,75.908,75.867,75.898,0.0645
24.05.2019 19:06:00.000,75.898,75.928,75.898,75.917,0.1002
24.05.2019 19:07:00.000,75.918,75.918,75.888,75.888,0.119
24.05.2019 19:08:00.000,75.887,75.888,75.867,75.877,0.018
24.05.2019 19:09:00.000,75.878,75.918,75.877,75.917,0.1874
24.05.2019 19:10:00.000,75.917,75.918,75.887,75.898,0.0719
24.05.2019 19:11:00.000,75.897,75.948,75.897,75.947,0.0463
24.05.2019 19:12:00.000,75.947,76.008,75.907,76.008,0.0879
24.05.2019 19:13:00.000,76.007,76.048,75.997,76.028,0.0786
24.05.2019 19:14:00.000,76.027,76.058,76.027,76.048,0.0794
24.05.2019 19:15:00.000,76.058,76.127,76.048,76.118,0.1673
24.05.2019 19:16:00.000,76.108,76.128,76.088,76.098,0.087
24.05.2019 19:17:00.000,76.097,76.138,76.068,76.078,0.0873
24.05.2019 19:18:00.000,76.078,76.088,76.057,76.058,0.093
24.05.2019 19:19:00.000,76.048,76.058,76.028,76.048,0.0956
24.05.2019 19:20:00.000,76.047,76.048,76.007,76.008,0.0468
24.05.2019 19:21:00.000,76.007,76.088,76.007,76.087,0.0974
24.05.2019 19:22:00.000,76.098,76.118,76.058,76.068,0.0236
24.05.2019 19:23:00.000,76.058,76.108,76.057,76.088,0.1371
24.05.2019 19:24:00.000,76.097,76.098,76.058,76.058,0.1032
24.05.2019 19:25:00.000,76.058,76.068,76.048,76.058,0.0654
24.05.2019 19:26:00.000,76.058,76.068,76.057,76.058,0.0381
24.05.2019 19:27:00.000,76.068,76.077,76.048,76.057,0.1185
24.05.2019 19:28:00.000,76.058,76.098,76.057,76.098,0.0946
24.05.2019 19:29:00.000,76.108,76.228,76.108,76.218,0.0732
24.05.2019 19:30:00.000,76.218,76.218,76.128,76.178,0.0357
24.05.2019 19:31:00.000,76.178,76.178,76.128,76.168,0.0227
24.05.2019 19:32:00.000,76.167,76.218,76.167,76.208,0.0474
24.05.2019 19:33:00.000,76.208,76.208,76.167,76.188,0.1546
24.05.2019 19:34:00.000,76.168,76.198,76.148,76.188,0.0627
24.05.2019 19:35:00.000,76.188,76.208,76.177,76.188,0.0281
24.05.2019 19:36:00.000,76.187,76.238,76.187,76.218,0.1739
24.05.2019 19:37:00.000,76.197,76.217,76.167,76.188,0.1239
24.05.2019 19:38:00.000,76.198,76.208,76.167,76.188,0.0123
24.05.2019 19:39:00.000,76.187,76.198,76.177,76.188,0.037
24.05.2019 19:40:00.000,76.187,76.208,76.178,76.198,0.0787
24.05.2019 19:41:00.000,76.197,76.197,76.167,76.178,0.0501
24.05.2019 19:42:00.000,76.188,76.188,76.168,76.168,0.0486
24.05.2019 19:43:00.000,76.178,76.208,76.167,76.208,0.1093
24.05.2019 19:44:00.000,76.208,76.228,76.197,76.218,0.102
24.05.2019 19:45:00.000,76.217,76.218,76.147,76.148,0.0716
24.05.2019 19:46:00.000,76.147,76.188,76.147,76.188,0.044
24.05.2019 19:47:00.000,76.198,76.208,76.177,76.188,0.0329
24.05.2019 19:48:00.000,76.198,76.258,76.187,76.258,0.1285
24.05.2019 19:49:00.000,76.258,76.258,76.198,76.208,0.0411
24.05.2019 19:50:00.000,76.217,76.248,76.197,76.198,0.1468
24.05.2019 19:51:00.000,76.208,76.228,76.178,76.228,0.0435
24.05.2019 19:52:00.000,76.228,76.228,76.187,76.198,0.1376
24.05.2019 19:53:00.000,76.198,76.198,76.177,76.198,0.098
24.05.2019 19:54:00.000,76.197,76.278,76.197,76.278,0.2089
24.05.2019 19:55:00.000,76.277,76.328,76.247,76.258,0.1126
24.05.2019 19:56:00.000,76.267,76.268,76.197,76.218,0.1673
24.05.2019 19:57:00.000,76.218,76.238,76.197,76.208,0.2291
24.05.2019 19:58:00.000,76.208,76.208,76.087,76.168,0.3703
24.05.2019 19:59:00.000,76.167,76.218,76.108,76.198,0.3143
28.05.2019 13:30:00.000,75.828,76.648,75.638,76.587,0.0131
28.05.2019 13:31:00.000,76.638,77.038,76.608,76.948,0.0712
28.05.2019 13:32:00.000,76.988,77.086,76.687,76.878,0.0491
28.05.2019 13:33:00.000,76.887,76.888,76.577,76.598,0.0594
28.05.2019 13:34:00.000,76.617,76.688,76.497,76.577,0.0706
28.05.2019 13:35:00.000,76.578,76.687,76.548,76.687,0.0387
28.05.2019 13:36:00.000,76.688,76.688,76.487,76.538,0.0096
28.05.2019 13:37:00.000,76.537,76.538,76.418,76.468,0.0234
28.05.2019 13:38:00.000,76.467,76.571,76.448,76.468,0.0292
28.05.2019 13:39:00.000,76.558,76.638,76.507,76.617,0.0549
28.05.2019 13:40:00.000,76.627,76.688,76.558,76.568,0.0086
28.05.2019 13:41:00.000,76.567,76.678,76.497,76.667,0.0392
28.05.2019 13:42:00.000,76.648,76.728,76.647,76.708,0.0242
28.05.2019 13:43:00.000,76.708,76.708,76.587,76.628,0.0089
28.05.2019 13:44:00.000,76.648,76.648,76.447,76.518,0.002
28.05.2019 13:45:00.000,76.517,76.648,76.517,76.628,0.0064
28.05.2019 13:46:00.000,76.628,76.648,76.517,76.518,0.1188
28.05.2019 13:47:00.000,76.517,76.527,76.447,76.448,0.0129
28.05.2019 13:48:00.000,76.447,76.488,76.408,76.458,0.047
28.05.2019 13:49:00.000,76.458,76.458,76.377,76.448,0.0439
28.05.2019 13:50:00.000,76.447,76.498,76.288,76.288,0.0999
28.05.2019 13:51:00.000,76.287,76.308,76.227,76.248,0.1607
28.05.2019 13:52:00.000,76.248,76.288,76.117,76.177,0.1524
28.05.2019 13:53:00.000,76.178,76.338,76.177,76.248,0.0183
28.05.2019 13:54:00.000,76.247,76.358,76.247,76.307,0.0358
28.05.2019 13:55:00.000,76.308,76.308,76.198,76.278,0.0916
28.05.2019 13:56:00.000,76.278,76.298,76.147,76.148,0.0466
28.05.2019 13:57:00.000,76.148,76.148,76.038,76.048,0.1339
28.05.2019 13:58:00.000,76.047,76.048,75.987,76.038,0.0318
28.05.2019 13:59:00.000,76.037,76.068,75.868,75.878,0.1492
28.05.2019 14:00:00.000,75.877,75.948,75.877,75.918,0.0977
28.05.2019 14:01:00.000,75.928,75.928,75.847,75.848,0.0046
28.05.2019 14:02:00.000,75.847,75.937,75.847,75.918,0.0628
28.05.2019 14:03:00.000,75.916,75.918,75.857,75.868,0.0227
28.05.2019 14:04:00.000,75.867,75.968,75.867,75.938,0.0198
28.05.2019 14:05:00.000,75.928,76.038,75.907,76.038,0.035
28.05.2019 14:06:00.000,76.037,76.158,76.027,76.138,0.0303
28.05.2019 14:07:00.000,76.108,76.257,76.097,76.237,0.0127
28.05.2019 14:08:00.000,76.238,76.318,76.237,76.318,0.0147
28.05.2019 14:09:00.000,76.318,76.318,76.048,76.048,0.1326
28.05.2019 14:10:00.000,76.057,76.098,75.997,76.047,0.1259
28.05.2019 14:11:00.000,76.047,76.138,75.987,75.997,0.0564
28.05.2019 14:12:00.000,75.998,76.078,75.967,76.048,0.0353
28.05.2019 14:13:00.000,76.048,76.137,76.048,76.118,0.113
28.05.2019 14:14:00.000,76.107,76.138,76.008,76.138,0.0404
28.05.2019 14:15:00.000,76.138,76.188,76.137,76.138,0.0258
28.05.2019 14:16:00.000,76.138,76.178,76.058,76.067,0.0353
28.05.2019 14:17:00.000,76.068,76.068,76.007,76.008,0.0033
28.05.2019 14:18:00.000,76.007,76.007,75.877,75.927,0.1222
28.05.2019 14:19:00.000,75.928,75.958,75.868,75.908,0.0508
28.05.2019 14:20:00.000,75.937,75.998,75.888,75.908,0.0413
28.05.2019 14:21:00.000,75.908,75.968,75.877,75.968,0.0114
28.05.2019 14:22:00.000,75.977,76.028,75.897,75.898,0.0564
28.05.2019 14:23:00.000,75.897,75.898,75.807,75.808,0.0489
28.05.2019 14:24:00.000,75.817,75.818,75.787,75.788,0.0229
28.05.2019 14:25:00.000,75.788,75.858,75.757,75.848,0.0494
28.05.2019 14:26:00.000,75.867,75.867,75.847,75.847,0.0404
28.05.2019 14:27:00.000,75.848,75.898,75.838,75.838,0.0482
28.05.2019 14:28:00.000,75.828,75.908,75.808,75.908,0.0226
28.05.2019 14:29:00.000,75.907,75.967,75.907,75.957,0.0765
28.05.2019 14:30:00.000,75.967,75.967,75.888,75.908,0.0858
28.05.2019 14:31:00.000,75.908,75.908,75.767,75.877,0.0457
28.05.2019 14:32:00.000,75.878,75.878,75.847,75.867,0.0745
28.05.2019 14:33:00.000,75.868,75.918,75.857,75.898,0.0834
28.05.2019 14:34:00.000,75.898,76.018,75.898,76.018,0.0726
28.05.2019 14:35:00.000,76.008,76.008,75.947,75.948,0.0159
28.05.2019 14:36:00.000,75.958,76.048,75.948,76.037,0.0552
28.05.2019 14:37:00.000,76.037,76.037,75.987,76.018,0.0211
28.05.2019 14:38:00.000,76.017,76.038,76.007,76.008,0.0272
28.05.2019 14:39:00.000,76.027,76.028,75.897,75.928,0.0825
28.05.2019 14:40:00.000,75.928,75.998,75.917,75.997,0.1571
28.05.2019 14:41:00.000,75.998,76.088,75.998,76.058,0.0508
28.05.2019 14:42:00.000,76.058,76.118,76.057,76.098,0.0186
28.05.2019 14:43:00.000,76.108,76.108,76.047,76.108,0.0861
28.05.2019 14:44:00.000,76.108,76.108,75.997,75.998,0.0521
28.05.2019 14:45:00.000,75.997,76.048,75.948,76.037,0.0571
28.05.2019 14:46:00.000,76.038,76.127,76.037,76.118,0.0359
28.05.2019 14:47:00.000,76.127,76.148,76.078,76.147,0.0307
28.05.2019 14:48:00.000,76.148,76.198,76.147,76.178,0.0522
28.05.2019 14:49:00.000,76.188,76.198,76.117,76.128,0.0864
28.05.2019 14:50:00.000,76.127,76.198,76.108,76.128,0.1052
28.05.2019 14:51:00.000,76.128,76.128,76.048,76.128,0.0571
28.05.2019 14:52:00.000,76.128,76.128,75.998,75.998,0.048
28.05.2019 14:53:00.000,75.998,76.098,75.998,76.068,0.0514
28.05.2019 14:54:00.000,76.097,76.108,76.047,76.048,0.0578
28.05.2019 14:55:00.000,76.057,76.067,75.998,76.067,0.0592
28.05.2019 14:56:00.000,76.067,76.067,75.947,76.008,0.0323
28.05.2019 14:57:00.000,76.008,76.028,75.927,75.927,0.0418
28.05.2019 14:58:00.000,75.958,76.008,75.938,75.998,0.094
28.05.2019 14:59:00.000,75.998,76.028,75.968,75.968,0.0514
28.05.2019 15:00:00.000,75.958,76.047,75.957,76.047,0.0607
28.05.2019 15:01:00.000,76.048,76.078,76.027,76.058,0.0322
28.05.2019 15:02:00.000,76.057,76.148,76.027,76.148,0.045
28.05.2019 15:03:00.000,76.148,76.158,76.008,76.008,0.0886
28.05.2019 15:04:00.000,76.007,76.088,76.007,76.068,0.0154
28.05.2019 15:05:00.000,76.067,76.148,76.067,76.128,0.0605
28.05.2019 15:06:00.000,76.127,76.168,76.117,76.148,0.0287
28.05.2019 15:07:00.000,76.148,76.218,76.147,76.198,0.0934
28.05.2019 15:08:00.000,76.197,76.228,76.178,76.208,0.0139
28.05.2019 15:09:00.000,76.207,76.208,76.127,76.128,0.0372
28.05.2019 15:10:00.000,76.127,76.228,76.127,76.218,0.1052
28.05.2019 15:11:00.000,76.217,76.218,76.167,76.188,0.0169
28.05.2019 15:12:00.000,76.198,76.228,76.197,76.207,0.007
28.05.2019 15:13:00.000,76.198,76.308,76.197,76.307,0.0053
28.05.2019 15:14:00.000,76.307,76.308,76.257,76.268,0.0119
28.05.2019 15:15:00.000,76.268,76.298,76.207,76.298,0.0041
28.05.2019 15:16:00.000,76.317,76.318,76.267,76.308,0.0193
28.05.2019 15:17:00.000,76.307,76.368,76.307,76.348,0.0209
28.05.2019 15:18:00.000,76.348,76.348,76.268,76.328,0.039
28.05.2019 15:19:00.000,76.327,76.348,76.287,76.287,0.0302
28.05.2019 15:20:00.000,76.288,76.308,76.247,76.298,0.0111
28.05.2019 15:21:00.000,76.307,76.318,76.257,76.288,0.1331
28.05.2019 15:22:00.000,76.287,76.288,76.247,76.248,0.0203
28.05.2019 15:23:00.000,76.248,76.308,76.247,76.308,0.0803
28.05.2019 15:24:00.000,76.308,76.328,76.237,76.327,0.0972
28.05.2019 15:25:00.000,76.328,76.348,76.267,76.268,0.0361
28.05.2019 15:26:00.000,76.267,76.288,76.227,76.268,0.1033
28.05.2019 15:27:00.000,76.267,76.308,76.248,76.298,0.0712
28.05.2019 15:28:00.000,76.297,76.338,76.227,76.268,0.0944
28.05.2019 15:29:00.000,76.257,76.268,76.188,76.188,0.1024
28.05.2019 15:30:00.000,76.187,76.258,76.147,76.237,0.1359
28.05.2019 15:31:00.000,76.257,76.338,76.198,76.228,0.1394
28.05.2019 15:32:00.000,76.227,76.227,76.138,76.217,0.0122
28.05.2019 15:33:00.000,76.218,76.218,76.127,76.168,0.0401
28.05.2019 15:34:00.000,76.167,76.288,76.167,76.248,0.0463
28.05.2019 15:35:00.000,76.247,76.358,76.227,76.347,0.0332
28.05.2019 15:36:00.000,76.348,76.387,76.347,76.377,0.024
28.05.2019 15:37:00.000,76.377,76.398,76.337,76.388,0.0519
28.05.2019 15:38:00.000,76.387,76.418,76.377,76.388,0.021
28.05.2019 15:39:00.000,76.387,76.448,76.387,76.448,0.0224
28.05.2019 15:40:00.000,76.447,76.508,76.447,76.487,0.093
28.05.2019 15:41:00.000,76.487,76.497,76.437,76.468,0.0564
28.05.2019 15:42:00.000,76.467,76.588,76.467,76.588,0.0432
28.05.2019 15:43:00.000,76.588,76.588,76.528,76.548,0.1332
28.05.2019 15:44:00.000,76.557,76.578,76.487,76.568,0.1018
28.05.2019 15:45:00.000,76.568,76.568,76.507,76.558,0.0708
28.05.2019 15:46:00.000,76.557,76.558,76.487,76.488,0.0399
28.05.2019 15:47:00.000,76.488,76.547,76.488,76.547,0.0339
28.05.2019 15:48:00.000,76.557,76.558,76.488,76.497,0.0784
28.05.2019 15:49:00.000,76.488,76.488,76.427,76.428,0.0056
28.05.2019 15:50:00.000,76.428,76.488,76.397,76.488,0.0535
28.05.2019 15:51:00.000,76.488,76.508,76.467,76.487,0.1175
28.05.2019 15:52:00.000,76.478,76.478,76.407,76.428,0.0922
28.05.2019 15:53:00.000,76.417,76.428,76.368,76.387,0.1763
28.05.2019 15:54:00.000,76.388,76.408,76.347,76.388,0.0936
28.05.2019 15:55:00.000,76.388,76.428,76.367,76.378,0.061
28.05.2019 15:56:00.000,76.378,76.428,76.378,76.378,0.0291
28.05.2019 15:57:00.000,76.377,76.408,76.357,76.407,0.0532
28.05.2019 15:58:00.000,76.408,76.478,76.407,76.467,0.0668
28.05.2019 15:59:00.000,76.468,76.508,76.467,76.508,0.0839
28.05.2019 16:00:00.000,76.507,76.548,76.488,76.547,0.0498
28.05.2019 16:01:00.000,76.548,76.548,76.487,76.488,0.0461
28.05.2019 16:02:00.000,76.498,76.588,76.487,76.587,0.043
28.05.2019 16:03:00.000,76.588,76.598,76.557,76.557,0.0174
28.05.2019 16:04:00.000,76.558,76.558,76.497,76.498,0.0037
28.05.2019 16:05:00.000,76.497,76.498,76.457,76.458,0.0147
28.05.2019 16:06:00.000,76.457,76.528,76.457,76.508,0.0372
28.05.2019 16:07:00.000,76.507,76.508,76.467,76.488,0.006
28.05.2019 16:08:00.000,76.498,76.498,76.397,76.417,0.0795
28.05.2019 16:09:00.000,76.428,76.428,76.318,76.328,0.0436
28.05.2019 16:10:00.000,76.328,76.328,76.277,76.308,0.003
28.05.2019 16:11:00.000,76.278,76.308,76.257,76.288,0.0432
28.05.2019 16:12:00.000,76.287,76.317,76.267,76.278,0.0195
28.05.2019 16:13:00.000,76.288,76.358,76.288,76.358,0.0202
28.05.2019 16:14:00.000,76.348,76.368,76.327,76.348,0.0488
28.05.2019 16:15:00.000,76.348,76.348,76.307,76.308,0.0023
28.05.2019 16:16:00.000,76.308,76.308,76.257,76.268,0.0019
28.05.2019 16:17:00.000,76.267,76.267,76.208,76.208,0.001
28.05.2019 16:18:00.000,76.208,76.328,76.197,76.318,0.0206
28.05.2019 16:19:00.000,76.327,76.368,76.268,76.268,0.1142
28.05.2019 16:20:00.000,76.268,76.318,76.247,76.308,0.0058
28.05.2019 16:21:00.000,76.307,76.338,76.287,76.328,0.016
28.05.2019 16:22:00.000,76.337,76.358,76.318,76.337,0.0039
28.05.2019 16:23:00.000,76.338,76.358,76.297,76.338,0.0244
28.05.2019 16:24:00.000,76.338,76.398,76.338,76.367,0.0112
28.05.2019 16:25:00.000,76.388,76.448,76.357,76.437,0.0472
28.05.2019 16:26:00.000,76.438,76.448,76.387,76.407,0.0137
28.05.2019 16:27:00.000,76.408,76.448,76.387,76.438,0.0055
28.05.2019 16:28:00.000,76.438,76.438,76.377,76.387,0.0227
28.05.2019 16:29:00.000,76.377,76.388,76.347,76.347,0.0437
28.05.2019 16:30:00.000,76.348,76.348,76.327,76.328,0.0298
28.05.2019 16:31:00.000,76.328,76.328,76.287,76.288,0.0811
28.05.2019 16:32:00.000,76.288,76.288,76.218,76.218,0.0014
28.05.2019 16:33:00.000,76.238,76.248,76.188,76.198,0.0347
28.05.2019 16:34:00.000,76.198,76.248,76.198,76.218,0.0573
28.05.2019 16:35:00.000,76.218,76.238,76.217,76.238,0.0757
28.05.2019 16:36:00.000,76.238,76.248,76.188,76.218,0.0539
28.05.2019 16:37:00.000,76.218,76.248,76.197,76.228,0.0223
28.05.2019 16:38:00.000,76.227,76.238,76.208,76.218,0.0126
28.05.2019 16:39:00.000,76.217,76.238,76.187,76.227,0.0244
28.05.2019 16:40:00.000,76.228,76.238,76.177,76.178,0.0682
28.05.2019 16:41:00.000,76.167,76.188,76.158,76.158,0.0032
28.05.2019 16:42:00.000,76.157,76.188,76.157,76.178,0.0317
28.05.2019 16:43:00.000,76.177,76.178,76.117,76.158,0.034
28.05.2019 16:44:00.000,76.157,76.168,76.077,76.107,0.0801
28.05.2019 16:45:00.000,76.108,76.127,76.077,76.108,0.031
28.05.2019 16:46:00.000,76.118,76.198,76.117,76.198,0.056
28.05.2019 16:47:00.000,76.197,76.248,76.197,76.237,0.0703
28.05.2019 16:48:00.000,76.238,76.298,76.238,76.288,0.0239
28.05.2019 16:49:00.000,76.288,76.298,76.237,76.238,0.0142
28.05.2019 16:50:00.000,76.238,76.288,76.227,76.288,0.0266
28.05.2019 16:51:00.000,76.288,76.288,76.218,76.248,0.0349
28.05.2019 16:52:00.000,76.247,76.248,76.217,76.248,0.0048
28.05.2019 16:53:00.000,76.247,76.258,76.237,76.238,0.0107
28.05.2019 16:54:00.000,76.237,76.248,76.197,76.198,0.0038
28.05.2019 16:55:00.000,76.197,76.218,76.167,76.168,0.0463
28.05.2019 16:56:00.000,76.177,76.218,76.177,76.188,0.0693
28.05.2019 16:57:00.000,76.187,76.208,76.177,76.177,0.0035
28.05.2019 16:58:00.000,76.178,76.198,76.147,76.157,0.0452
28.05.2019 16:59:00.000,76.158,76.168,76.087,76.098,0.0503
28.05.2019 17:00:00.000,76.098,76.168,76.097,76.167,0.0066
28.05.2019 17:01:00.000,76.167,76.188,76.137,76.188,0.003
28.05.2019 17:02:00.000,76.198,76.248,76.187,76.238,0.0474
28.05.2019 17:03:00.000,76.237,76.308,76.237,76.247,0.0644
28.05.2019 17:04:00.000,76.247,76.248,76.197,76.198,0.0092
28.05.2019 17:05:00.000,76.198,76.198,76.157,76.178,0.0037
28.05.2019 17:06:00.000,76.177,76.208,76.177,76.207,0.0044
28.05.2019 17:07:00.000,76.208,76.228,76.177,76.177,0.0409
28.05.2019 17:08:00.000,76.178,76.198,76.158,76.168,0.0022
28.05.2019 17:09:00.000,76.168,76.208,76.167,76.188,0.0476
28.05.2019 17:10:00.000,76.187,76.188,76.127,76.158,0.0366
28.05.2019 17:11:00.000,76.157,76.187,76.148,76.178,0.0224
28.05.2019 17:12:00.000,76.158,76.168,76.148,76.158,0.0031
28.05.2019 17:13:00.000,76.157,76.158,76.138,76.158,0.002
28.05.2019 17:14:00.000,76.157,76.158,76.117,76.128,0.0279
28.05.2019 17:15:00.000,76.148,76.148,76.107,76.107,0.0454
28.05.2019 17:16:00.000,76.098,76.158,76.097,76.157,0.0646
28.05.2019 17:17:00.000,76.158,76.218,76.158,76.168,0.0489
28.05.2019 17:18:00.000,76.148,76.148,76.107,76.108,0.064
28.05.2019 17:19:00.000,76.108,76.117,76.087,76.087,0.1355
28.05.2019 17:20:00.000,76.088,76.118,76.057,76.117,0.0457
28.05.2019 17:21:00.000,76.098,76.117,76.088,76.098,0.0677
28.05.2019 17:22:00.000,76.108,76.108,76.047,76.078,0.05
28.05.2019 17:23:00.000,76.078,76.078,76.047,76.058,0.0035
28.05.2019 17:24:00.000,76.057,76.058,76.007,76.028,0.0339
28.05.2019 17:25:00.000,76.008,76.028,75.988,76.018,0.0496
28.05.2019 17:26:00.000,76.018,76.018,75.987,75.998,0.0131
28.05.2019 17:27:00.000,75.997,75.998,75.957,75.958,0.0665
28.05.2019 17:28:00.000,75.957,75.998,75.957,75.998,0.0131
28.05.2019 17:29:00.000,76.007,76.008,75.957,75.968,0.0328
28.05.2019 17:30:00.000,75.967,75.978,75.928,75.968,0.0246
28.05.2019 17:31:00.000,75.958,75.958,75.927,75.938,0.0297
28.05.2019 17:32:00.000,75.938,75.938,75.917,75.928,0.0243
28.05.2019 17:33:00.000,75.928,75.948,75.907,75.917,0.052
28.05.2019 17:34:00.000,75.918,75.988,75.917,75.968,0.005
28.05.2019 17:35:00.000,75.967,75.988,75.967,75.968,0.0129
28.05.2019 17:36:00.000,75.977,76.028,75.977,76.008,0.0363
28.05.2019 17:37:00.000,76.017,76.038,75.987,75.998,0.0468
28.05.2019 17:38:00.000,75.997,75.998,75.957,75.957,0.0273
28.05.2019 17:39:00.000,75.968,75.968,75.937,75.968,0.0422
28.05.2019 17:40:00.000,75.948,75.968,75.928,75.948,0.0203
28.05.2019 17:41:00.000,75.947,75.998,75.947,75.998,0.0874
28.05.2019 17:42:00.000,75.998,75.998,75.977,75.978,0.0182
28.05.2019 17:43:00.000,75.988,75.997,75.947,75.947,0.0114
28.05.2019 17:44:00.000,75.948,75.958,75.927,75.928,0.0493
28.05.2019 17:45:00.000,75.927,75.948,75.897,75.908,0.0352
28.05.2019 17:46:00.000,75.907,75.908,75.877,75.888,0.0037
28.05.2019 17:47:00.000,75.888,75.908,75.877,75.897,0.0505
28.05.2019 17:48:00.000,75.898,75.958,75.898,75.938,0.0183
28.05.2019 17:49:00.000,75.937,75.937,75.907,75.908,0.022
28.05.2019 17:50:00.000,75.917,75.968,75.907,75.957,0.0112
28.05.2019 17:51:00.000,75.958,75.968,75.947,75.958,0.0136
28.05.2019 17:52:00.000,75.957,75.968,75.937,75.938,0.0271
28.05.2019 17:53:00.000,75.937,75.958,75.937,75.938,0.0033
28.05.2019 17:54:00.000,75.938,75.938,75.907,75.917,0.027
28.05.2019 17:55:00.000,75.918,75.958,75.918,75.928,0.0314
28.05.2019 17:56:00.000,75.908,75.928,75.897,75.897,0.0758
28.05.2019 17:57:00.000,75.898,75.908,75.887,75.888,0.0057
28.05.2019 17:58:00.000,75.887,75.938,75.887,75.938,0.0082
28.05.2019 17:59:00.000,75.937,75.968,75.927,75.928,0.0604
28.05.2019 18:00:00.000,75.927,75.968,75.907,75.928,0.0578
28.05.2019 18:01:00.000,75.917,75.928,75.907,75.918,0.0621
28.05.2019 18:02:00.000,75.917,75.938,75.908,75.938,0.0262
28.05.2019 18:03:00.000,75.938,75.938,75.908,75.918,0.1028
28.05.2019 18:04:00.000,75.918,75.928,75.897,75.908,0.0667
28.05.2019 18:05:00.000,75.917,75.947,75.907,75.918,0.0923
28.05.2019 18:06:00.000,75.917,75.948,75.917,75.948,0.001
28.05.2019 18:07:00.000,75.948,75.958,75.937,75.938,0.0158
28.05.2019 18:08:00.000,75.937,75.948,75.917,75.928,0.0156
28.05.2019 18:09:00.000,75.927,75.938,75.897,75.897,0.0293
28.05.2019 18:10:00.000,75.907,75.918,75.898,75.898,0.0251
28.05.2019 18:11:00.000,75.897,75.918,75.807,75.807,0.1255
28.05.2019 18:12:00.000,75.808,75.838,75.807,75.838,0.0737
28.05.2019 18:13:00.000,75.838,75.838,75.808,75.808,0.0406
28.05.2019 18:14:00.000,75.798,75.817,75.777,75.777,0.0745
28.05.2019 18:15:00.000,75.788,75.798,75.767,75.767,0.0506
28.05.2019 18:16:00.000,75.768,75.798,75.768,75.778,0.0191
28.05.2019 18:17:00.000,75.797,75.828,75.797,75.827,0.0462
28.05.2019 18:18:00.000,75.828,75.848,75.818,75.838,0.1077
28.05.2019 18:19:00.000,75.847,75.888,75.847,75.848,0.0562
28.05.2019 18:20:00.000,75.828,75.858,75.808,75.818,0.0219
28.05.2019 18:21:00.000,75.817,75.848,75.807,75.847,0.0858
28.05.2019 18:22:00.000,75.858,75.858,75.827,75.828,0.0119
28.05.2019 18:23:00.000,75.817,75.878,75.817,75.848,0.0447
28.05.2019 18:24:00.000,75.847,75.878,75.817,75.878,0.0776
28.05.2019 18:25:00.000,75.877,75.888,75.807,75.848,0.1467
28.05.2019 18:26:00.000,75.868,75.878,75.807,75.848,0.0599
28.05.2019 18:27:00.000,75.847,75.858,75.797,75.848,0.0258
28.05.2019 18:28:00.000,75.857,76.018,75.738,75.788,0.3138
28.05.2019 18:29:00.000,75.787,75.798,75.768,75.788,0.0547
28.05.2019 18:30:00.000,75.788,75.788,75.737,75.788,0.0972
28.05.2019 18:31:00.000,75.807,75.838,75.807,75.838,0.0544
28.05.2019 18:32:00.000,75.858,75.858,75.827,75.828,0.0037
28.05.2019 18:33:00.000,75.827,75.878,75.818,75.878,0.0839
28.05.2019 18:34:00.000,75.878,75.888,75.857,75.858,0.0648
28.05.2019 18:35:00.000,75.858,75.878,75.847,75.858,0.0509
28.05.2019 18:36:00.000,75.878,75.908,75.877,75.888,0.0844
28.05.2019 18:37:00.000,75.888,75.908,75.857,75.868,0.1412
28.05.2019 18:38:00.000,75.867,75.918,75.867,75.907,0.0803
28.05.2019 18:39:00.000,75.908,75.918,75.907,75.907,0.0182
28.05.2019 18:40:00.000,75.908,75.908,75.857,75.858,0.12
28.05.2019 18:41:00.000,75.867,75.868,75.807,75.838,0.0707
28.05.2019 18:42:00.000,75.837,75.837,75.757,75.758,0.0998
28.05.2019 18:43:00.000,75.758,75.758,75.707,75.707,0.0647
28.05.2019 18:44:00.000,75.708,75.728,75.687,75.687,0.0493
28.05.2019 18:45:00.000,75.688,75.718,75.687,75.688,0.0372
28.05.2019 18:46:00.000,75.698,75.778,75.697,75.748,0.0458
28.05.2019 18:47:00.000,75.748,75.757,75.728,75.757,0.0171
28.05.2019 18:48:00.000,75.767,75.768,75.747,75.748,0.0405
28.05.2019 18:49:00.000,75.757,75.808,75.747,75.797,0.0645
28.05.2019 18:50:00.000,75.798,75.798,75.757,75.797,0.0873
28.05.2019 18:51:00.000,75.798,75.848,75.798,75.847,0.029
28.05.2019 18:52:00.000,75.848,75.848,75.797,75.838,0.0991
28.05.2019 18:53:00.000,75.837,75.837,75.767,75.768,0.0553
28.05.2019 18:54:00.000,75.767,75.798,75.747,75.748,0.1072
28.05.2019 18:55:00.000,75.758,75.778,75.747,75.747,0.1027
28.05.2019 18:56:00.000,75.758,75.788,75.757,75.767,0.1033
28.05.2019 18:57:00.000,75.768,75.808,75.757,75.807,0.042
28.05.2019 18:58:00.000,75.817,75.817,75.777,75.777,0.0343
28.05.2019 18:59:00.000,75.778,75.818,75.777,75.807,0.0498
28.05.2019 19:00:00.000,75.808,75.808,75.767,75.778,0.0919
28.05.2019 19:01:00.000,75.777,75.778,75.737,75.757,0.0704
28.05.2019 19:02:00.000,75.758,75.788,75.737,75.788,0.101
28.05.2019 19:03:00.000,75.788,75.788,75.737,75.738,0.0156
28.05.2019 19:04:00.000,75.737,75.758,75.737,75.738,0.0467
28.05.2019 19:05:00.000,75.737,75.818,75.737,75.818,0.0553
28.05.2019 19:06:00.000,75.817,75.858,75.817,75.858,0.0182
28.05.2019 19:07:00.000,75.868,75.868,75.807,75.827,0.0409
28.05.2019 19:08:00.000,75.827,75.858,75.818,75.838,0.0301
28.05.2019 19:09:00.000,75.837,75.837,75.807,75.807,0.053
28.05.2019 19:10:00.000,75.807,75.808,75.748,75.757,0.0389
28.05.2019 19:11:00.000,75.757,75.757,75.717,75.748,0.0535
28.05.2019 19:12:00.000,75.748,75.778,75.697,75.697,0.0942
28.05.2019 19:13:00.000,75.698,75.738,75.697,75.698,0.0623
28.05.2019 19:14:00.000,75.697,75.738,75.697,75.707,0.0427
28.05.2019 19:15:00.000,75.717,75.768,75.708,75.718,0.0647
28.05.2019 19:16:00.000,75.727,75.758,75.718,75.738,0.069
28.05.2019 19:17:00.000,75.738,75.758,75.727,75.728,0.1472
28.05.2019 19:18:00.000,75.727,75.728,75.727,75.727,0.0247
28.05.2019 19:19:00.000,75.728,75.798,75.728,75.798,0.0942
28.05.2019 19:20:00.000,75.797,75.798,75.667,75.678,0.1193
28.05.2019 19:21:00.000,75.677,75.678,75.597,75.628,0.0643
28.05.2019 19:22:00.000,75.628,75.628,75.548,75.548,0.1404
28.05.2019 19:23:00.000,75.548,75.608,75.548,75.598,0.0373
28.05.2019 19:24:00.000,75.597,75.628,75.597,75.598,0.0923
28.05.2019 19:25:00.000,75.578,75.668,75.577,75.647,0.0806
28.05.2019 19:26:00.000,75.648,75.667,75.647,75.657,0.0046
28.05.2019 19:27:00.000,75.677,75.698,75.677,75.677,0.0385
28.05.2019 19:28:00.000,75.678,75.698,75.677,75.678,0.0708
28.05.2019 19:29:00.000,75.668,75.668,75.597,75.628,0.033
28.05.2019 19:30:00.000,75.628,75.628,75.577,75.577,0.0418
28.05.2019 19:31:00.000,75.578,75.628,75.497,75.508,0.1496
28.05.2019 19:32:00.000,75.507,75.538,75.507,75.518,0.0793
28.05.2019 19:33:00.000,75.498,75.518,75.447,75.448,0.0423
28.05.2019 19:34:00.000,75.447,75.498,75.438,75.457,0.092
28.05.2019 19:35:00.000,75.458,75.498,75.428,75.477,0.0933
28.05.2019 19:36:00.000,75.477,75.498,75.467,75.468,0.1267
28.05.2019 19:37:00.000,75.467,75.478,75.417,75.417,0.0951
28.05.2019 19:38:00.000,75.418,75.438,75.387,75.398,0.0499
28.05.2019 19:39:00.000,75.408,75.448,75.387,75.398,0.0336
28.05.2019 19:40:00.000,75.418,75.418,75.347,75.348,0.0891
28.05.2019 19:41:00.000,75.347,75.408,75.347,75.378,0.015
28.05.2019 19:42:00.000,75.378,75.378,75.337,75.338,0.0515
28.05.2019 19:43:00.000,75.338,75.338,75.267,75.288,0.1193
28.05.2019 19:44:00.000,75.298,75.298,75.237,75.238,0.1741
28.05.2019 19:45:00.000,75.237,75.268,75.177,75.178,0.1663
28.05.2019 19:46:00.000,75.178,75.198,75.127,75.178,0.1684
28.05.2019 19:47:00.000,75.177,75.178,75.027,75.027,0.1505
28.05.2019 19:48:00.000,75.028,75.138,75.007,75.118,0.0986
28.05.2019 19:49:00.000,75.108,75.168,75.037,75.088,0.1614
28.05.2019 19:50:00.000,75.077,75.208,75.037,75.178,0.2657
28.05.2019 19:51:00.000,75.177,75.208,75.157,75.168,0.1517
28.05.2019 19:52:00.000,75.167,75.178,75.128,75.148,0.061
28.05.2019 19:53:00.000,75.138,75.188,75.117,75.137,0.0938
28.05.2019 19:54:00.000,75.138,75.178,75.097,75.138,0.1841
28.05.2019 19:55:00.000,75.137,75.188,75.038,75.038,0.3735
28.05.2019 19:56:00.000,75.047,75.158,75.037,75.157,0.2331
28.05.2019 19:57:00.000,75.158,75.168,75.087,75.098,0.1922
28.05.2019 19:58:00.000,75.097,75.198,75.097,75.138,0.3157
28.05.2019 19:59:00.000,75.137,75.158,75.067,75.077,0.6216
29.05.2019 13:30:00.000,73.718,74.078,73.717,73.998,0.0063
29.05.2019 13:31:00.000,73.997,74.108,73.577,73.678,0.2599
29.05.2019 13:32:00.000,73.798,73.997,73.797,73.838,0.0772
29.05.2019 13:33:00.000,73.837,74.276,73.837,73.898,0.095
29.05.2019 13:34:00.000,73.898,73.898,73.617,73.787,0.0856
29.05.2019 13:35:00.000,73.878,73.908,73.697,73.787,0.0581
29.05.2019 13:36:00.000,73.867,74.107,73.787,74.068,0.0931
29.05.2019 13:37:00.000,74.077,74.177,74.077,74.108,0.0666
29.05.2019 13:38:00.000,74.098,74.108,73.968,73.998,0.0997
29.05.2019 13:39:00.000,73.998,74.008,73.917,73.968,0.014
29.05.2019 13:40:00.000,73.978,74.048,73.928,74.018,0.0326
29.05.2019 13:41:00.000,74.017,74.108,73.968,73.997,0.0936
29.05.2019 13:42:00.000,74.008,74.098,73.947,74.097,0.0932
29.05.2019 13:43:00.000,74.107,74.158,74.037,74.088,0.0534
29.05.2019 13:44:00.000,74.088,74.148,74.007,74.097,0.0537
29.05.2019 13:45:00.000,74.077,74.118,73.998,74.107,0.0561
29.05.2019 13:46:00.000,74.098,74.258,74.067,74.258,0.0537
29.05.2019 13:47:00.000,74.258,74.307,74.187,74.298,0.1172
29.05.2019 13:48:00.000,74.277,74.358,74.208,74.318,0.1249
29.05.2019 13:49:00.000,74.308,74.438,74.307,74.388,0.0467
29.05.2019 13:50:00.000,74.388,74.418,74.358,74.378,0.0763
29.05.2019 13:51:00.000,74.377,74.408,74.297,74.348,0.0688
29.05.2019 13:52:00.000,74.358,74.388,74.338,74.338,0.1318
29.05.2019 13:53:00.000,74.347,74.358,74.267,74.287,0.1206
29.05.2019 13:54:00.000,74.288,74.338,74.217,74.338,0.0788
29.05.2019 13:55:00.000,74.337,74.448,74.318,74.428,0.0344
29.05.2019 13:56:00.000,74.428,74.437,74.337,74.398,0.1405
29.05.2019 13:57:00.000,74.387,74.488,74.357,74.488,0.0733
29.05.2019 13:58:00.000,74.488,74.518,74.447,74.448,0.1458
29.05.2019 13:59:00.000,74.447,74.478,74.388,74.458,0.1158
29.05.2019 14:00:00.000,74.468,74.638,74.467,74.628,0.1735
29.05.2019 14:01:00.000,74.638,74.788,74.637,74.728,0.1363
29.05.2019 14:02:00.000,74.718,74.728,74.647,74.657,0.0842
29.05.2019 14:03:00.000,74.658,74.658,74.528,74.578,0.1918
29.05.2019 14:04:00.000,74.577,74.577,74.497,74.528,0.1074
29.05.2019 14:05:00.000,74.528,74.558,74.437,74.528,0.1272
29.05.2019 14:06:00.000,74.528,74.598,74.458,74.598,0.079
29.05.2019 14:07:00.000,74.588,74.618,74.428,74.478,0.0567
29.05.2019 14:08:00.000,74.457,74.498,74.397,74.498,0.0731
29.05.2019 14:09:00.000,74.488,74.518,74.437,74.517,0.1207
29.05.2019 14:10:00.000,74.517,74.568,74.477,74.498,0.1343
29.05.2019 14:11:00.000,74.507,74.558,74.497,74.558,0.1095
29.05.2019 14:12:00.000,74.558,74.598,74.557,74.587,0.1448
29.05.2019 14:13:00.000,74.588,74.738,74.588,74.668,0.0629
29.05.2019 14:14:00.000,74.687,74.778,74.687,74.768,0.1347
29.05.2019 14:15:00.000,74.768,74.817,74.737,74.817,0.0864
29.05.2019 14:16:00.000,74.818,74.837,74.748,74.788,0.0669
29.05.2019 14:17:00.000,74.797,74.878,74.787,74.878,0.074
29.05.2019 14:18:00.000,74.878,74.928,74.838,74.918,0.093
29.05.2019 14:19:00.000,74.917,74.917,74.857,74.898,0.0334
29.05.2019 14:20:00.000,74.897,74.908,74.807,74.838,0.0813
29.05.2019 14:21:00.000,74.837,74.858,74.817,74.858,0.0416
29.05.2019 14:22:00.000,74.857,74.888,74.847,74.858,0.0834
29.05.2019 14:23:00.000,74.857,74.947,74.857,74.947,0.0982
29.05.2019 14:24:00.000,74.948,75.088,74.908,75.088,0.2237
29.05.2019 14:25:00.000,75.088,75.118,75.037,75.068,0.1305
29.05.2019 14:26:00.000,75.088,75.188,75.067,75.157,0.1268
29.05.2019 14:27:00.000,75.157,75.178,75.077,75.077,0.0752
29.05.2019 14:28:00.000,75.078,75.178,75.078,75.177,0.0663
29.05.2019 14:29:00.000,75.178,75.358,75.178,75.318,0.1636
29.05.2019 14:30:00.000,75.317,75.318,75.167,75.168,0.1294
29.05.2019 14:31:00.000,75.168,75.168,75.067,75.068,0.0755
29.05.2019 14:32:00.000,75.088,75.148,75.087,75.137,0.089
29.05.2019 14:33:00.000,75.138,75.138,74.987,75.007,0.1234
29.05.2019 14:34:00.000,75.008,75.038,74.937,74.938,0.1498
29.05.2019 14:35:00.000,74.938,74.938,74.837,74.838,0.1124
29.05.2019 14:36:00.000,74.847,74.928,74.847,74.918,0.0912
29.05.2019 14:37:00.000,74.918,74.988,74.838,74.988,0.1587
29.05.2019 14:38:00.000,74.998,74.998,74.938,74.998,0.157
29.05.2019 14:39:00.000,74.998,75.048,74.988,74.988,0.1215
29.05.2019 14:40:00.000,74.997,74.998,74.848,74.848,0.1639
29.05.2019 14:41:00.000,74.848,74.898,74.837,74.897,0.1778
29.05.2019 14:42:00.000,74.898,74.908,74.837,74.888,0.1425
29.05.2019 14:43:00.000,74.887,74.968,74.887,74.968,0.2178
29.05.2019 14:44:00.000,74.967,74.968,74.878,74.898,0.3203
29.05.2019 14:45:00.000,74.898,74.928,74.837,74.838,0.1179
29.05.2019 14:46:00.000,74.837,74.877,74.827,74.857,0.0732
29.05.2019 14:47:00.000,74.858,74.908,74.837,74.848,0.085
29.05.2019 14:48:00.000,74.848,74.848,74.767,74.787,0.0674
29.05.2019 14:49:00.000,74.787,74.857,74.747,74.848,0.146
29.05.2019 14:50:00.000,74.838,74.908,74.837,74.868,0.1293
29.05.2019 14:51:00.000,74.868,74.868,74.777,74.777,0.1809
29.05.2019 14:52:00.000,74.787,74.848,74.768,74.778,0.1556
29.05.2019 14:53:00.000,74.788,74.788,74.707,74.728,0.1361
29.05.2019 14:54:00.000,74.737,74.848,74.727,74.848,0.1625
29.05.2019 14:55:00.000,74.848,74.848,74.738,74.768,0.2255
29.05.2019 14:56:00.000,74.788,74.847,74.787,74.838,0.0969
29.05.2019 14:57:00.000,74.837,74.858,74.747,74.758,0.2118
29.05.2019 14:58:00.000,74.758,74.758,74.638,74.658,0.3856
29.05.2019 14:59:00.000,74.657,74.708,74.648,74.658,0.0815
29.05.2019 15:00:00.000,74.658,74.668,74.587,74.628,0.1986
29.05.2019 15:01:00.000,74.628,74.808,74.597,74.768,0.3768
29.05.2019 15:02:00.000,74.767,74.767,74.648,74.738,0.2953
29.05.2019 15:03:00.000,74.738,74.838,74.717,74.838,0.0772
29.05.2019 15:04:00.000,74.838,74.838,74.768,74.768,0.0988
29.05.2019 15:05:00.000,74.768,74.808,74.727,74.788,0.1072
29.05.2019 15:06:00.000,74.787,74.798,74.698,74.717,0.1472
29.05.2019 15:07:00.000,74.718,74.798,74.687,74.787,0.1138
29.05.2019 15:08:00.000,74.788,74.858,74.787,74.837,0.0514
29.05.2019 15:09:00.000,74.838,74.886,74.738,74.738,0.1384
29.05.2019 15:10:00.000,74.737,74.778,74.638,74.658,0.1056
29.05.2019 15:11:00.000,74.638,74.657,74.518,74.547,0.2158
29.05.2019 15:12:00.000,74.548,74.588,74.517,74.538,0.1515
29.05.2019 15:13:00.000,74.547,74.598,74.547,74.587,0.0361
29.05.2019 15:14:00.000,74.588,74.588,74.477,74.498,0.16
29.05.2019 15:15:00.000,74.498,74.538,74.487,74.518,0.2323
29.05.2019 15:16:00.000,74.518,74.518,74.428,74.468,0.1606
29.05.2019 15:17:00.000,74.477,74.498,74.438,74.438,0.1331
29.05.2019 15:18:00.000,74.437,74.518,74.437,74.507,0.2105
29.05.2019 15:19:00.000,74.508,74.518,74.427,74.458,0.1544
29.05.2019 15:20:00.000,74.458,74.498,74.407,74.478,0.1469
29.05.2019 15:21:00.000,74.487,74.548,74.438,74.548,0.1806
29.05.2019 15:22:00.000,74.547,74.548,74.428,74.447,0.2149
29.05.2019 15:23:00.000,74.458,74.478,74.358,74.398,0.2154
29.05.2019 15:24:00.000,74.388,74.408,74.348,74.377,0.1273
29.05.2019 15:25:00.000,74.368,74.408,74.327,74.328,0.1124
29.05.2019 15:26:00.000,74.327,74.398,74.327,74.347,0.0918
29.05.2019 15:27:00.000,74.348,74.368,74.338,74.358,0.1477
29.05.2019 15:28:00.000,74.358,74.368,74.297,74.298,0.2257
29.05.2019 15:29:00.000,74.297,74.298,74.258,74.277,0.1301
29.05.2019 15:30:00.000,74.288,74.368,74.277,74.368,0.1541
29.05.2019 15:31:00.000,74.367,74.418,74.358,74.387,0.0878
29.05.2019 15:32:00.000,74.378,74.378,74.277,74.338,0.2219
29.05.2019 15:33:00.000,74.337,74.418,74.327,74.388,0.1802
29.05.2019 15:34:00.000,74.388,74.468,74.387,74.468,0.2375
29.05.2019 15:35:00.000,74.467,74.488,74.448,74.468,0.1276
29.05.2019 15:36:00.000,74.488,74.498,74.368,74.368,0.1347
29.05.2019 15:37:00.000,74.367,74.468,74.367,74.457,0.0674
29.05.2019 15:38:00.000,74.457,74.458,74.387,74.428,0.09
29.05.2019 15:39:00.000,74.428,74.438,74.348,74.367,0.1679
29.05.2019 15:40:00.000,74.368,74.368,74.337,74.337,0.0677
29.05.2019 15:41:00.000,74.338,74.338,74.268,74.287,0.2267
29.05.2019 15:42:00.000,74.288,74.288,74.178,74.217,0.1611
29.05.2019 15:43:00.000,74.218,74.218,74.117,74.188,0.2375
29.05.2019 15:44:00.000,74.187,74.228,74.187,74.188,0.1471
29.05.2019 15:45:00.000,74.208,74.258,74.207,74.228,0.019
29.05.2019 15:46:00.000,74.228,74.308,74.228,74.298,0.0727
29.05.2019 15:47:00.000,74.298,74.298,74.217,74.248,0.1446
29.05.2019 15:48:00.000,74.257,74.278,74.208,74.228,0.0659
29.05.2019 15:49:00.000,74.228,74.238,74.178,74.228,0.0464
29.05.2019 15:50:00.000,74.228,74.248,74.197,74.208,0.0774
29.05.2019 15:51:00.000,74.207,74.218,74.098,74.098,0.0882
29.05.2019 15:52:00.000,74.108,74.118,73.997,73.997,0.1067
29.05.2019 15:53:00.000,73.998,74.018,73.948,73.987,0.1443
29.05.2019 15:54:00.000,73.987,74.048,73.967,73.968,0.1621
29.05.2019 15:55:00.000,73.978,74.007,73.897,73.998,0.2538
29.05.2019 15:56:00.000,74.007,74.048,73.917,73.948,0.1909
29.05.2019 15:57:00.000,73.937,73.958,73.917,73.938,0.1408
29.05.2019 15:58:00.000,73.937,73.978,73.917,73.918,0.0188
29.05.2019 15:59:00.000,73.918,73.928,73.878,73.918,0.2328
29.05.2019 16:00:00.000,73.918,73.958,73.867,73.938,0.1495
29.05.2019 16:01:00.000,73.937,74.048,73.937,74.027,0.1646
29.05.2019 16:02:00.000,74.027,74.028,73.957,73.988,0.0913
29.05.2019 16:03:00.000,73.998,74.027,73.977,74.018,0.1301
29.05.2019 16:04:00.000,74.028,74.138,74.018,74.138,0.1149
29.05.2019 16:05:00.000,74.138,74.178,74.088,74.168,0.1157
29.05.2019 16:06:00.000,74.177,74.238,74.168,74.228,0.153
29.05.2019 16:07:00.000,74.227,74.258,74.178,74.187,0.1107
29.05.2019 16:08:00.000,74.188,74.268,74.188,74.258,0.1879
29.05.2019 16:09:00.000,74.257,74.258,74.198,74.227,0.0809
29.05.2019 16:10:00.000,74.238,74.337,74.238,74.268,0.1111
29.05.2019 16:11:00.000,74.267,74.357,74.267,74.297,0.1406
29.05.2019 16:12:00.000,74.308,74.358,74.307,74.348,0.0553
29.05.2019 16:13:00.000,74.338,74.428,74.327,74.428,0.086
29.05.2019 16:14:00.000,74.438,74.458,74.377,74.398,0.1216
29.05.2019 16:15:00.000,74.397,74.407,74.318,74.347,0.1567
29.05.2019 16:16:00.000,74.348,74.388,74.347,74.377,0.0288
29.05.2019 16:17:00.000,74.378,74.388,74.327,74.358,0.1232
29.05.2019 16:18:00.000,74.367,74.368,74.338,74.358,0.0739
29.05.2019 16:19:00.000,74.358,74.398,74.358,74.397,0.0575
29.05.2019 16:20:00.000,74.398,74.418,74.327,74.328,0.1009
29.05.2019 16:21:00.000,74.327,74.328,74.257,74.258,0.0997
29.05.2019 16:22:00.000,74.258,74.278,74.237,74.257,0.0471
29.05.2019 16:23:00.000,74.258,74.258,74.198,74.198,0.124
29.05.2019 16:24:00.000,74.208,74.238,74.177,74.208,0.1546
29.05.2019 16:25:00.000,74.158,74.198,74.147,74.148,0.0794
29.05.2019 16:26:00.000,74.148,74.188,74.137,74.188,0.0969
29.05.2019 16:27:00.000,74.188,74.268,74.177,74.228,0.12
29.05.2019 16:28:00.000,74.227,74.227,74.157,74.168,0.1002
29.05.2019 16:29:00.000,74.168,74.178,74.137,74.138,0.1006
29.05.2019 16:30:00.000,74.138,74.287,74.137,74.287,0.0411
29.05.2019 16:31:00.000,74.288,74.378,74.267,74.357,0.0319
29.05.2019 16:32:00.000,74.358,74.408,74.337,74.408,0.084
29.05.2019 16:33:00.000,74.407,74.458,74.407,74.418,0.03
29.05.2019 16:34:00.000,74.418,74.438,74.368,74.408,0.0888
29.05.2019 16:35:00.000,74.408,74.418,74.367,74.367,0.0803
29.05.2019 16:36:00.000,74.368,74.368,74.327,74.358,0.0655
29.05.2019 16:37:00.000,74.358,74.358,74.327,74.358,0.0528
29.05.2019 16:38:00.000,74.358,74.368,74.327,74.337,0.0816
29.05.2019 16:39:00.000,74.338,74.358,74.327,74.358,0.1382
29.05.2019 16:40:00.000,74.357,74.358,74.328,74.338,0.1442
29.05.2019 16:41:00.000,74.337,74.358,74.327,74.338,0.071
29.05.2019 16:42:00.000,74.338,74.358,74.318,74.337,0.1593
29.05.2019 16:43:00.000,74.338,74.447,74.338,74.438,0.0304
29.05.2019 16:44:00.000,74.437,74.448,74.427,74.438,0.014
29.05.2019 16:45:00.000,74.437,74.468,74.437,74.468,0.0414
29.05.2019 16:46:00.000,74.467,74.488,74.447,74.448,0.1059
29.05.2019 16:47:00.000,74.448,74.458,74.407,74.427,0.0743
29.05.2019 16:48:00.000,74.418,74.438,74.417,74.427,0.1674
29.05.2019 16:49:00.000,74.437,74.437,74.367,74.368,0.0852
29.05.2019 16:50:00.000,74.368,74.398,74.358,74.368,0.0408
29.05.2019 16:51:00.000,74.367,74.368,74.318,74.337,0.1365
29.05.2019 16:52:00.000,74.348,74.348,74.318,74.348,0.0907
29.05.2019 16:53:00.000,74.348,74.357,74.327,74.337,0.1476
29.05.2019 16:54:00.000,74.337,74.358,74.327,74.348,0.1715
29.05.2019 16:55:00.000,74.348,74.358,74.327,74.358,0.1951
29.05.2019 16:56:00.000,74.367,74.388,74.327,74.338,0.0985
29.05.2019 16:57:00.000,74.337,74.358,74.327,74.338,0.1055
29.05.2019 16:58:00.000,74.347,74.348,74.277,74.278,0.1313
29.05.2019 16:59:00.000,74.277,74.297,74.267,74.297,0.1376
29.05.2019 17:00:00.000,74.297,74.438,74.297,74.367,0.2005
29.05.2019 17:01:00.000,74.368,74.398,74.338,74.387,0.1456
29.05.2019 17:02:00.000,74.388,74.458,74.387,74.458,0.1343
29.05.2019 17:03:00.000,74.467,74.478,74.427,74.448,0.058
29.05.2019 17:04:00.000,74.448,74.448,74.367,74.408,0.1422
29.05.2019 17:05:00.000,74.417,74.458,74.387,74.458,0.0228
29.05.2019 17:06:00.000,74.458,74.518,74.438,74.508,0.0687
29.05.2019 17:07:00.000,74.507,74.558,74.448,74.478,0.0912
29.05.2019 17:08:00.000,74.487,74.648,74.457,74.638,0.1978
29.05.2019 17:09:00.000,74.637,74.758,74.637,74.718,0.0666
29.05.2019 17:10:00.000,74.718,74.758,74.667,74.677,0.1592
29.05.2019 17:11:00.000,74.678,74.768,74.677,74.757,0.0824
29.05.2019 17:12:00.000,74.758,74.788,74.678,74.678,0.125
29.05.2019 17:13:00.000,74.678,74.688,74.617,74.638,0.1238
29.05.2019 17:14:00.000,74.637,74.637,74.547,74.578,0.1369
29.05.2019 17:15:00.000,74.568,74.577,74.507,74.517,0.1082
29.05.2019 17:16:00.000,74.548,74.578,74.517,74.517,0.0567
29.05.2019 17:17:00.000,74.518,74.558,74.507,74.548,0.1476
29.05.2019 17:18:00.000,74.547,74.548,74.497,74.527,0.1444
29.05.2019 17:19:00.000,74.508,74.528,74.458,74.518,0.1467
29.05.2019 17:20:00.000,74.518,74.528,74.468,74.478,0.0607
29.05.2019 17:21:00.000,74.468,74.488,74.447,74.488,0.0952
29.05.2019 17:22:00.000,74.478,74.498,74.467,74.478,0.0416
29.05.2019 17:23:00.000,74.478,74.528,74.477,74.478,0.0861
29.05.2019 17:24:00.000,74.488,74.547,74.487,74.518,0.0817
29.05.2019 17:25:00.000,74.527,74.558,74.527,74.538,0.0114
29.05.2019 17:26:00.000,74.547,74.548,74.487,74.508,0.0601
29.05.2019 17:27:00.000,74.498,74.528,74.478,74.508,0.0602
29.05.2019 17:28:00.000,74.517,74.528,74.477,74.518,0.0431
29.05.2019 17:29:00.000,74.518,74.578,74.518,74.567,0.05
29.05.2019 17:30:00.000,74.558,74.588,74.537,74.588,0.026
29.05.2019 17:31:00.000,74.588,74.638,74.588,74.617,0.0741
29.05.2019 17:32:00.000,74.618,74.688,74.618,74.677,0.0283
29.05.2019 17:33:00.000,74.678,74.728,74.667,74.668,0.0454
29.05.2019 17:34:00.000,74.678,74.688,74.637,74.648,0.099
29.05.2019 17:35:00.000,74.648,74.688,74.648,74.678,0.0565
29.05.2019 17:36:00.000,74.668,74.668,74.627,74.658,0.0768
29.05.2019 17:37:00.000,74.657,74.657,74.587,74.598,0.1396
29.05.2019 17:38:00.000,74.607,74.607,74.577,74.598,0.0706
29.05.2019 17:39:00.000,74.597,74.638,74.597,74.638,0.0853
29.05.2019 17:40:00.000,74.637,74.638,74.587,74.588,0.0618
29.05.2019 17:41:00.000,74.598,74.678,74.598,74.658,0.0546
29.05.2019 17:42:00.000,74.657,74.688,74.647,74.648,0.0727
29.05.2019 17:43:00.000,74.638,74.688,74.618,74.657,0.0996
29.05.2019 17:44:00.000,74.667,74.748,74.667,74.727,0.0555
29.05.2019 17:45:00.000,74.728,74.728,74.687,74.697,0.1032
29.05.2019 17:46:00.000,74.698,74.738,74.698,74.737,0.0203
29.05.2019 17:47:00.000,74.738,74.778,74.737,74.778,0.0865
29.05.2019 17:48:00.000,74.778,74.808,74.768,74.777,0.078
29.05.2019 17:49:00.000,74.778,74.797,74.747,74.747,0.0351
29.05.2019 17:50:00.000,74.748,74.768,74.747,74.758,0.0427
29.05.2019 17:51:00.000,74.758,74.778,74.747,74.747,0.0232
29.05.2019 17:52:00.000,74.748,74.748,74.667,74.698,0.1248
29.05.2019 17:53:00.000,74.697,74.698,74.638,74.647,0.1136
29.05.2019 17:54:00.000,74.648,74.648,74.567,74.577,0.1095
29.05.2019 17:55:00.000,74.587,74.617,74.558,74.607,0.0368
29.05.2019 17:56:00.000,74.608,74.618,74.577,74.608,0.0462
29.05.2019 17:57:00.000,74.608,74.608,74.578,74.578,0.0464
29.05.2019 17:58:00.000,74.577,74.618,74.568,74.618,0.074
29.05.2019 17:59:00.000,74.618,74.638,74.598,74.618,0.0884
29.05.2019 18:00:00.000,74.617,74.658,74.617,74.658,0.1397
29.05.2019 18:01:00.000,74.678,74.718,74.667,74.718,0.0508
29.05.2019 18:02:00.000,74.718,74.778,74.707,74.778,0.0668
29.05.2019 18:03:00.000,74.788,74.798,74.707,74.717,0.1063
29.05.2019 18:04:00.000,74.718,74.738,74.707,74.718,0.0304
29.05.2019 18:05:00.000,74.717,74.748,74.698,74.737,0.0652
29.05.2019 18:06:00.000,74.718,74.768,74.717,74.768,0.1027
29.05.2019 18:07:00.000,74.768,74.788,74.738,74.738,0.1684
29.05.2019 18:08:00.000,74.738,74.738,74.647,74.687,0.0695
29.05.2019 18:09:00.000,74.688,74.698,74.578,74.578,0.0641
29.05.2019 18:10:00.000,74.578,74.578,74.528,74.557,0.0201
29.05.2019 18:11:00.000,74.558,74.598,74.518,74.538,0.0798
29.05.2019 18:12:00.000,74.557,74.578,74.528,74.568,0.0362
29.05.2019 18:13:00.000,74.568,74.568,74.457,74.477,0.1047
29.05.2019 18:14:00.000,74.508,74.518,74.478,74.508,0.0456
29.05.2019 18:15:00.000,74.497,74.508,74.447,74.508,0.0674
29.05.2019 18:16:00.000,74.518,74.528,74.478,74.488,0.1192
29.05.2019 18:17:00.000,74.487,74.488,74.467,74.488,0.0607
29.05.2019 18:18:00.000,74.487,74.548,74.467,74.508,0.073
29.05.2019 18:19:00.000,74.517,74.538,74.488,74.488,0.0393
29.05.2019 18:20:00.000,74.498,74.498,74.438,74.467,0.1151
29.05.2019 18:21:00.000,74.477,74.498,74.438,74.448,0.0319
29.05.2019 18:22:00.000,74.458,74.478,74.398,74.427,0.1534
29.05.2019 18:23:00.000,74.438,74.448,74.407,74.408,0.0609
29.05.2019 18:24:00.000,74.418,74.448,74.398,74.428,0.1047
29.05.2019 18:25:00.000,74.428,74.448,74.427,74.437,0.0549
29.05.2019 18:26:00.000,74.447,74.488,74.437,74.488,0.0688
29.05.2019 18:27:00.000,74.498,74.538,74.498,74.517,0.0605
29.05.2019 18:28:00.000,74.517,74.548,74.517,74.548,0.1167
29.05.2019 18:29:00.000,74.548,74.578,74.547,74.548,0.005
29.05.2019 18:30:00.000,74.548,74.578,74.528,74.538,0.0997
29.05.2019 18:31:00.000,74.538,74.548,74.497,74.517,0.1332
29.05.2019 18:32:00.000,74.518,74.518,74.457,74.457,0.1125
29.05.2019 18:33:00.000,74.458,74.488,74.457,74.478,0.037
29.05.2019 18:34:00.000,74.477,74.538,74.477,74.537,0.1424
29.05.2019 18:35:00.000,74.537,74.557,74.487,74.498,0.0986
29.05.2019 18:36:00.000,74.517,74.578,74.517,74.567,0.0747
29.05.2019 18:37:00.000,74.568,74.598,74.557,74.587,0.0905
29.05.2019 18:38:00.000,74.588,74.618,74.567,74.568,0.0861
29.05.2019 18:39:00.000,74.568,74.578,74.527,74.528,0.154
29.05.2019 18:40:00.000,74.528,74.528,74.477,74.478,0.1057
29.05.2019 18:41:00.000,74.478,74.478,74.427,74.478,0.0743
29.05.2019 18:42:00.000,74.477,74.508,74.438,74.478,0.0746
29.05.2019 18:43:00.000,74.477,74.497,74.437,74.447,0.1395
29.05.2019 18:44:00.000,74.447,74.488,74.437,74.448,0.1819
29.05.2019 18:45:00.000,74.458,74.488,74.438,74.438,0.1428
29.05.2019 18:46:00.000,74.418,74.448,74.417,74.418,0.0523
29.05.2019 18:47:00.000,74.417,74.458,74.407,74.448,0.0582
29.05.2019 18:48:00.000,74.467,74.488,74.467,74.468,0.0749
29.05.2019 18:49:00.000,74.468,74.518,74.468,74.508,0.0872
29.05.2019 18:50:00.000,74.508,74.518,74.457,74.468,0.1938
29.05.2019 18:51:00.000,74.468,74.518,74.457,74.477,0.141
29.05.2019 18:52:00.000,74.477,74.488,74.438,74.458,0.1228
29.05.2019 18:53:00.000,74.448,74.478,74.448,74.468,0.0288
29.05.2019 18:54:00.000,74.487,74.498,74.457,74.487,0.0838
29.05.2019 18:55:00.000,74.488,74.518,74.457,74.518,0.068
29.05.2019 18:56:00.000,74.518,74.568,74.518,74.548,0.0356
29.05.2019 18:57:00.000,74.537,74.538,74.487,74.487,0.0552
29.05.2019 18:58:00.000,74.488,74.508,74.478,74.478,0.0375
29.05.2019 18:59:00.000,74.478,74.488,74.457,74.457,0.111
29.05.2019 19:00:00.000,74.457,74.457,74.408,74.438,0.127
29.05.2019 19:01:00.000,74.437,74.437,74.298,74.337,0.1026
29.05.2019 19:02:00.000,74.337,74.338,74.288,74.308,0.1233
29.05.2019 19:03:00.000,74.308,74.358,74.297,74.327,0.0953
29.05.2019 19:04:00.000,74.328,74.368,74.327,74.368,0.0781
29.05.2019 19:05:00.000,74.368,74.368,74.268,74.298,0.1747
29.05.2019 19:06:00.000,74.308,74.327,74.277,74.298,0.1011
29.05.2019 19:07:00.000,74.308,74.328,74.297,74.298,0.1047
29.05.2019 19:08:00.000,74.297,74.328,74.267,74.298,0.1187
29.05.2019 19:09:00.000,74.288,74.318,74.287,74.318,0.0793
29.05.2019 19:10:00.000,74.317,74.318,74.278,74.308,0.0456
29.05.2019 19:11:00.000,74.307,74.408,74.307,74.398,0.0857
29.05.2019 19:12:00.000,74.397,74.428,74.388,74.418,0.0568
29.05.2019 19:13:00.000,74.417,74.458,74.417,74.448,0.0458
29.05.2019 19:14:00.000,74.447,74.458,74.427,74.437,0.0861
29.05.2019 19:15:00.000,74.438,74.488,74.438,74.468,0.0958
29.05.2019 19:16:00.000,74.478,74.508,74.447,74.478,0.0904
29.05.2019 19:17:00.000,74.478,74.478,74.457,74.478,0.0628
29.05.2019 19:18:00.000,74.478,74.518,74.467,74.508,0.0697
29.05.2019 19:19:00.000,74.507,74.538,74.507,74.507,0.0434
29.05.2019 19:20:00.000,74.507,74.518,74.457,74.477,0.1266
29.05.2019 19:21:00.000,74.478,74.588,74.477,74.568,0.0984
29.05.2019 19:22:00.000,74.567,74.598,74.567,74.578,0.1183
29.05.2019 19:23:00.000,74.597,74.618,74.577,74.588,0.0902
29.05.2019 19:24:00.000,74.578,74.598,74.557,74.588,0.0471
29.05.2019 19:25:00.000,74.588,74.608,74.547,74.608,0.0803
29.05.2019 19:26:00.000,74.607,74.608,74.567,74.578,0.1315
29.05.2019 19:27:00.000,74.577,74.578,74.518,74.568,0.2194
29.05.2019 19:28:00.000,74.548,74.548,74.507,74.537,0.1286
29.05.2019 19:29:00.000,74.538,74.598,74.537,74.598,0.0621
29.05.2019 19:30:00.000,74.597,74.608,74.528,74.537,0.1287
29.05.2019 19:31:00.000,74.528,74.578,74.518,74.518,0.2026
29.05.2019 19:32:00.000,74.517,74.568,74.507,74.557,0.1411
29.05.2019 19:33:00.000,74.557,74.628,74.557,74.628,0.027
29.05.2019 19:34:00.000,74.638,74.728,74.627,74.717,0.1901
29.05.2019 19:35:00.000,74.718,74.818,74.717,74.787,0.1459
29.05.2019 19:36:00.000,74.778,74.878,74.777,74.868,0.2056
29.05.2019 19:37:00.000,74.867,74.898,74.867,74.868,0.1335
29.05.2019 19:38:00.000,74.878,74.878,74.827,74.828,0.1092
29.05.2019 19:39:00.000,74.827,74.858,74.798,74.817,0.1117
29.05.2019 19:40:00.000,74.828,74.868,74.827,74.847,0.0974
29.05.2019 19:41:00.000,74.848,74.868,74.827,74.828,0.1481
29.05.2019 19:42:00.000,74.827,74.848,74.808,74.848,0.0765
29.05.2019 19:43:00.000,74.847,74.898,74.847,74.897,0.0608
29.05.2019 19:44:00.000,74.898,74.938,74.887,74.908,0.0607
29.05.2019 19:45:00.000,74.918,74.928,74.877,74.888,0.1161
29.05.2019 19:46:00.000,74.888,74.938,74.877,74.887,0.1066
29.05.2019 19:47:00.000,74.888,74.907,74.887,74.907,0.0926
29.05.2019 19:48:00.000,74.908,74.968,74.898,74.948,0.1543
29.05.2019 19:49:00.000,74.947,75.008,74.947,74.988,0.0922
29.05.2019 19:50:00.000,74.987,74.988,74.847,74.867,0.2155
29.05.2019 19:51:00.000,74.868,74.918,74.868,74.887,0.1531
29.05.2019 19:52:00.000,74.888,74.918,74.868,74.907,0.232
29.05.2019 19:53:00.000,74.908,74.918,74.887,74.898,0.0856
29.05.2019 19:54:00.000,74.908,75.018,74.908,75.008,0.2177
29.05.2019 19:55:00.000,75.008,75.048,74.978,74.998,0.1164
29.05.2019 19:56:00.000,75.007,75.028,74.987,75.008,0.1145
29.05.2019 19:57:00.000,75.017,75.038,75.008,75.028,0.1321
29.05.2019 19:58:00.000,75.027,75.028,74.967,74.997,0.1811
29.05.2019 19:59:00.000,74.998,75.018,74.847,74.857,0.5809
30.05.2019 13:30:00.000,74.278,74.528,73.988,74.437,0.0403
30.05.2019 13:31:00.000,74.438,74.588,74.438,74.588,0.0185
30.05.2019 13:32:00.000,74.587,74.588,74.587,74.588,0.0012
30.05.2019 13:33:00.000,74.597,74.688,74.488,74.488,0.0476
30.05.2019 13:34:00.000,74.488,74.498,74.237,74.348,0.0646
30.05.2019 13:35:00.000,74.357,74.498,74.357,74.487,0.0331
30.05.2019 13:36:00.000,74.488,74.688,74.488,74.498,0.1081
30.05.2019 13:37:00.000,74.497,74.508,74.388,74.388,0.0866
30.05.2019 13:38:00.000,74.367,74.368,74.238,74.238,0.0693
30.05.2019 13:39:00.000,74.247,74.348,74.247,74.348,0.0483
30.05.2019 13:40:00.000,74.348,74.348,74.237,74.298,0.0451
30.05.2019 13:41:00.000,74.318,74.318,74.237,74.237,0.0885
30.05.2019 13:42:00.000,74.228,74.228,74.087,74.087,0.1628
30.05.2019 13:43:00.000,74.087,74.097,73.997,74.007,0.2018
30.05.2019 13:44:00.000,73.998,74.068,73.928,73.998,0.3378
30.05.2019 13:45:00.000,73.997,74.038,73.877,73.898,0.2165
30.05.2019 13:46:00.000,73.868,73.918,73.797,73.878,0.1038
30.05.2019 13:47:00.000,73.877,74.058,73.877,74.038,0.2297
30.05.2019 13:48:00.000,74.037,74.088,73.988,74.088,0.08
30.05.2019 13:49:00.000,74.098,74.158,74.047,74.077,0.1054
30.05.2019 13:50:00.000,74.078,74.178,74.027,74.148,0.1446
30.05.2019 13:51:00.000,74.148,74.158,74.107,74.108,0.0725
30.05.2019 13:52:00.000,74.108,74.118,74.048,74.068,0.1159
30.05.2019 13:53:00.000,74.067,74.198,74.037,74.178,0.0536
30.05.2019 13:54:00.000,74.178,74.198,74.098,74.108,0.0779
30.05.2019 13:55:00.000,74.118,74.198,74.058,74.078,0.0759
30.05.2019 13:56:00.000,74.087,74.168,74.067,74.098,0.1107
30.05.2019 13:57:00.000,74.078,74.168,74.068,74.108,0.1126
30.05.2019 13:58:00.000,74.107,74.107,74.058,74.098,0.1541
30.05.2019 13:59:00.000,74.108,74.208,74.058,74.207,0.1959
30.05.2019 14:00:00.000,74.207,74.258,74.148,74.188,0.1369
30.05.2019 14:01:00.000,74.197,74.278,74.197,74.248,0.0503
30.05.2019 14:02:00.000,74.217,74.237,74.198,74.228,0.0106
30.05.2019 14:03:00.000,74.228,74.228,74.077,74.077,0.0879
30.05.2019 14:04:00.000,74.078,74.098,74.067,74.098,0.0173
30.05.2019 14:05:00.000,74.097,74.098,74.037,74.058,0.0921
30.05.2019 14:06:00.000,74.068,74.168,74.037,74.128,0.1223
30.05.2019 14:07:00.000,74.128,74.158,74.048,74.147,0.137
30.05.2019 14:08:00.000,74.148,74.217,74.147,74.197,0.112
30.05.2019 14:09:00.000,74.188,74.188,74.137,74.178,0.1387
30.05.2019 14:10:00.000,74.177,74.178,73.957,73.978,0.2188
30.05.2019 14:11:00.000,73.977,74.087,73.977,74.078,0.095
30.05.2019 14:12:00.000,74.077,74.088,73.998,73.998,0.0561
30.05.2019 14:13:00.000,73.998,73.998,73.878,73.897,0.1265
30.05.2019 14:14:00.000,73.897,73.948,73.897,73.937,0.0338
30.05.2019 14:15:00.000,73.937,73.937,73.837,73.848,0.1402
30.05.2019 14:16:00.000,73.848,73.898,73.797,73.808,0.0823
30.05.2019 14:17:00.000,73.808,73.838,73.787,73.787,0.0862
30.05.2019 14:18:00.000,73.788,73.788,73.708,73.757,0.1963
30.05.2019 14:19:00.000,73.738,73.788,73.728,73.748,0.0795
30.05.2019 14:20:00.000,73.747,73.748,73.688,73.707,0.08
30.05.2019 14:21:00.000,73.707,73.707,73.638,73.658,0.0728
30.05.2019 14:22:00.000,73.647,73.658,73.588,73.588,0.206
30.05.2019 14:23:00.000,73.598,73.637,73.547,73.637,0.1168
30.05.2019 14:24:00.000,73.638,73.658,73.598,73.598,0.0376
30.05.2019 14:25:00.000,73.598,73.638,73.587,73.598,0.101
30.05.2019 14:26:00.000,73.597,73.618,73.517,73.517,0.1643
30.05.2019 14:27:00.000,73.518,73.568,73.517,73.518,0.0782
30.05.2019 14:28:00.000,73.517,73.618,73.517,73.618,0.0835
30.05.2019 14:29:00.000,73.608,73.608,73.567,73.588,0.0477
30.05.2019 14:30:00.000,73.598,73.688,73.537,73.578,0.1232
30.05.2019 14:31:00.000,73.578,73.658,73.577,73.648,0.0933
30.05.2019 14:32:00.000,73.648,73.757,73.627,73.748,0.063
30.05.2019 14:33:00.000,73.747,73.798,73.717,73.717,0.0842
30.05.2019 14:34:00.000,73.717,73.787,73.687,73.777,0.1012
30.05.2019 14:35:00.000,73.777,73.798,73.707,73.707,0.146
30.05.2019 14:36:00.000,73.708,73.708,73.668,73.708,0.0724
30.05.2019 14:37:00.000,73.707,73.727,73.668,73.677,0.1134
30.05.2019 14:38:00.000,73.678,73.678,73.617,73.618,0.0562
30.05.2019 14:39:00.000,73.617,73.628,73.557,73.558,0.0596
30.05.2019 14:40:00.000,73.558,73.558,73.458,73.467,0.1524
30.05.2019 14:41:00.000,73.468,73.468,73.397,73.408,0.077
30.05.2019 14:42:00.000,73.418,73.448,73.337,73.367,0.1906
30.05.2019 14:43:00.000,73.368,73.398,73.367,73.387,0.1203
30.05.2019 14:44:00.000,73.377,73.378,73.298,73.298,0.1569
30.05.2019 14:45:00.000,73.298,73.298,73.257,73.278,0.1021
30.05.2019 14:46:00.000,73.268,73.268,73.208,73.227,0.0608
30.05.2019 14:47:00.000,73.227,73.258,73.198,73.248,0.1104
30.05.2019 14:48:00.000,73.247,73.267,73.197,73.248,0.1699
30.05.2019 14:49:00.000,73.248,73.257,73.237,73.238,0.0356
30.05.2019 14:50:00.000,73.237,73.248,73.187,73.187,0.0482
30.05.2019 14:51:00.000,73.188,73.208,73.058,73.058,0.1565
30.05.2019 14:52:00.000,73.058,73.058,72.997,73.017,0.1378
30.05.2019 14:53:00.000,73.018,73.028,72.987,73.018,0.219
30.05.2019 14:54:00.000,73.018,73.068,72.987,73.038,0.2673
30.05.2019 14:55:00.000,73.037,73.088,73.008,73.008,0.1882
30.05.2019 14:56:00.000,73.028,73.098,72.957,73.057,0.1229
30.05.2019 14:57:00.000,73.058,73.118,73.047,73.067,0.1464
30.05.2019 14:58:00.000,73.068,73.237,73.068,73.207,0.1091
30.05.2019 14:59:00.000,73.208,73.228,73.177,73.178,0.0512
30.05.2019 15:00:00.000,73.178,73.178,72.967,72.978,0.1435
30.05.2019 15:01:00.000,72.978,72.978,72.758,72.758,0.1872
30.05.2019 15:02:00.000,72.757,72.768,72.637,72.677,0.1137
30.05.2019 15:03:00.000,72.668,72.668,72.608,72.657,0.2024
30.05.2019 15:04:00.000,72.667,72.838,72.667,72.818,0.1927
30.05.2019 15:05:00.000,72.817,72.817,72.697,72.698,0.1766
30.05.2019 15:06:00.000,72.698,72.698,72.547,72.588,0.1766
30.05.2019 15:07:00.000,72.588,72.658,72.557,72.637,0.3406
30.05.2019 15:08:00.000,72.638,72.718,72.637,72.698,0.3112
30.05.2019 15:09:00.000,72.698,72.728,72.617,72.728,0.2501
30.05.2019 15:10:00.000,72.728,72.728,72.637,72.657,0.0869
30.05.2019 15:11:00.000,72.658,72.718,72.617,72.708,0.1148
30.05.2019 15:12:00.000,72.708,72.818,72.678,72.817,0.115
30.05.2019 15:13:00.000,72.818,72.838,72.728,72.738,0.0735
30.05.2019 15:14:00.000,72.738,72.868,72.708,72.738,0.1194
30.05.2019 15:15:00.000,72.738,72.738,72.607,72.638,0.1803
30.05.2019 15:16:00.000,72.637,72.648,72.557,72.558,0.1066
30.05.2019 15:17:00.000,72.567,72.678,72.538,72.538,0.1769
30.05.2019 15:18:00.000,72.548,72.578,72.507,72.528,0.0957
30.05.2019 15:19:00.000,72.528,72.548,72.517,72.518,0.1013
30.05.2019 15:20:00.000,72.517,72.548,72.517,72.518,0.0392
30.05.2019 15:21:00.000,72.517,72.568,72.487,72.507,0.1977
30.05.2019 15:22:00.000,72.508,72.547,72.398,72.398,0.22
30.05.2019 15:23:00.000,72.397,72.428,72.347,72.428,0.2123
30.05.2019 15:24:00.000,72.428,72.428,72.307,72.338,0.1233
30.05.2019 15:25:00.000,72.338,72.358,72.287,72.327,0.2358
30.05.2019 15:26:00.000,72.327,72.338,72.238,72.238,0.1899
30.05.2019 15:27:00.000,72.237,72.257,72.187,72.257,0.0644
30.05.2019 15:28:00.000,72.238,72.378,72.237,72.378,0.0511
30.05.2019 15:29:00.000,72.378,72.398,72.268,72.318,0.1093
30.05.2019 15:30:00.000,72.338,72.407,72.287,72.388,0.1197
30.05.2019 15:31:00.000,72.398,72.458,72.398,72.458,0.1073
30.05.2019 15:32:00.000,72.458,72.618,72.457,72.618,0.139
30.05.2019 15:33:00.000,72.617,72.628,72.537,72.557,0.1458
30.05.2019 15:34:00.000,72.568,72.688,72.568,72.648,0.1031
30.05.2019 15:35:00.000,72.648,72.698,72.597,72.597,0.1268
30.05.2019 15:36:00.000,72.607,72.688,72.607,72.658,0.1151
30.05.2019 15:37:00.000,72.657,72.657,72.577,72.608,0.0716
30.05.2019 15:38:00.000,72.607,72.618,72.567,72.608,0.0799
30.05.2019 15:39:00.000,72.607,72.618,72.557,72.587,0.0761
30.05.2019 15:40:00.000,72.588,72.728,72.588,72.728,0.1535
30.05.2019 15:41:00.000,72.727,72.728,72.687,72.728,0.0921
30.05.2019 15:42:00.000,72.727,72.818,72.717,72.718,0.1503
30.05.2019 15:43:00.000,72.717,72.718,72.637,72.647,0.0492
30.05.2019 15:44:00.000,72.648,72.828,72.647,72.727,0.1592
30.05.2019 15:45:00.000,72.728,72.728,72.637,72.658,0.1472
30.05.2019 15:46:00.000,72.658,72.738,72.657,72.737,0.0487
30.05.2019 15:47:00.000,72.738,72.748,72.647,72.708,0.0445
30.05.2019 15:48:00.000,72.707,72.708,72.628,72.688,0.0992
30.05.2019 15:49:00.000,72.688,72.718,72.657,72.718,0.0986
30.05.2019 15:50:00.000,72.717,72.718,72.647,72.648,0.0467
30.05.2019 15:51:00.000,72.647,72.648,72.548,72.568,0.0818
30.05.2019 15:52:00.000,72.567,72.578,72.517,72.528,0.17
30.05.2019 15:53:00.000,72.527,72.528,72.497,72.518,0.0722
30.05.2019 15:54:00.000,72.527,72.548,72.487,72.528,0.1517
30.05.2019 15:55:00.000,72.527,72.537,72.497,72.508,0.0901
30.05.2019 15:56:00.000,72.517,72.558,72.497,72.558,0.214
30.05.2019 15:57:00.000,72.557,72.698,72.537,72.698,0.1189
30.05.2019 15:58:00.000,72.678,72.708,72.637,72.637,0.0916
30.05.2019 15:59:00.000,72.638,72.638,72.578,72.618,0.1125
30.05.2019 16:00:00.000,72.628,72.748,72.628,72.737,0.0441
30.05.2019 16:01:00.000,72.738,72.738,72.658,72.658,0.0878
30.05.2019 16:02:00.000,72.628,72.638,72.608,72.617,0.0778
30.05.2019 16:03:00.000,72.618,72.618,72.587,72.608,0.0771
30.05.2019 16:04:00.000,72.607,72.618,72.547,72.578,0.124
30.05.2019 16:05:00.000,72.578,72.578,72.528,72.568,0.0189
30.05.2019 16:06:00.000,72.557,72.648,72.537,72.648,0.1366
30.05.2019 16:07:00.000,72.658,72.718,72.657,72.678,0.0627
30.05.2019 16:08:00.000,72.668,72.668,72.577,72.577,0.0357
30.05.2019 16:09:00.000,72.588,72.588,72.547,72.558,0.1358
30.05.2019 16:10:00.000,72.558,72.578,72.507,72.508,0.0839
30.05.2019 16:11:00.000,72.527,72.578,72.517,72.558,0.1009
30.05.2019 16:12:00.000,72.547,72.578,72.537,72.538,0.1232
30.05.2019 16:13:00.000,72.538,72.568,72.517,72.558,0.097
30.05.2019 16:14:00.000,72.538,72.548,72.527,72.527,0.0219
30.05.2019 16:15:00.000,72.528,72.578,72.508,72.558,0.0769
30.05.2019 16:16:00.000,72.557,72.578,72.548,72.548,0.117
30.05.2019 16:17:00.000,72.567,72.668,72.567,72.668,0.0893
30.05.2019 16:18:00.000,72.678,72.688,72.657,72.657,0.0605
30.05.2019 16:19:00.000,72.658,72.678,72.607,72.608,0.0157
30.05.2019 16:20:00.000,72.608,72.627,72.567,72.588,0.0922
30.05.2019 16:21:00.000,72.598,72.598,72.537,72.538,0.0329
30.05.2019 16:22:00.000,72.537,72.568,72.537,72.558,0.0005
30.05.2019 16:23:00.000,72.558,72.558,72.527,72.558,0.0795
30.05.2019 16:24:00.000,72.557,72.628,72.548,72.618,0.2081
30.05.2019 16:25:00.000,72.617,72.617,72.558,72.597,0.0926
30.05.2019 16:26:00.000,72.597,72.618,72.567,72.618,0.071
30.05.2019 16:27:00.000,72.617,72.628,72.537,72.568,0.0551
30.05.2019 16:28:00.000,72.578,72.578,72.538,72.547,0.0568
30.05.2019 16:29:00.000,72.548,72.548,72.498,72.498,0.072
30.05.2019 16:30:00.000,72.498,72.498,72.478,72.487,0.0766
30.05.2019 16:31:00.000,72.488,72.488,72.417,72.457,0.1377
30.05.2019 16:32:00.000,72.458,72.468,72.417,72.418,0.0375
30.05.2019 16:33:00.000,72.437,72.448,72.358,72.368,0.0897
30.05.2019 16:34:00.000,72.368,72.498,72.368,72.497,0.1054
30.05.2019 16:35:00.000,72.498,72.528,72.468,72.478,0.0997
30.05.2019 16:36:00.000,72.488,72.517,72.487,72.487,0.0983
30.05.2019 16:37:00.000,72.487,72.558,72.487,72.548,0.0388
30.05.2019 16:38:00.000,72.548,72.548,72.507,72.527,0.022
30.05.2019 16:39:00.000,72.527,72.548,72.527,72.528,0.0209
30.05.2019 16:40:00.000,72.527,72.578,72.527,72.557,0.086
30.05.2019 16:41:00.000,72.558,72.578,72.527,72.527,0.0153
30.05.2019 16:42:00.000,72.538,72.577,72.527,72.567,0.0891
30.05.2019 16:43:00.000,72.578,72.578,72.537,72.577,0.1293
30.05.2019 16:44:00.000,72.578,72.628,72.557,72.587,0.0982
30.05.2019 16:45:00.000,72.588,72.588,72.527,72.528,0.0573
30.05.2019 16:46:00.000,72.527,72.578,72.527,72.578,0.0277
30.05.2019 16:47:00.000,72.578,72.578,72.548,72.548,0.1486
30.05.2019 16:48:00.000,72.567,72.578,72.548,72.568,0.0516
30.05.2019 16:49:00.000,72.577,72.587,72.567,72.578,0.1464
30.05.2019 16:50:00.000,72.588,72.688,72.587,72.677,0.0316
30.05.2019 16:51:00.000,72.678,72.718,72.677,72.717,0.1107
30.05.2019 16:52:00.000,72.728,72.728,72.707,72.717,0.0884
30.05.2019 16:53:00.000,72.728,72.728,72.667,72.698,0.1528
30.05.2019 16:54:00.000,72.708,72.778,72.707,72.738,0.0958
30.05.2019 16:55:00.000,72.737,72.738,72.688,72.727,0.0612
30.05.2019 16:56:00.000,72.728,72.728,72.727,72.727,0.1178
30.05.2019 16:57:00.000,72.728,72.728,72.708,72.728,0.065
30.05.2019 16:58:00.000,72.728,72.778,72.718,72.747,0.0816
30.05.2019 16:59:00.000,72.748,72.778,72.737,72.737,0.0977
30.05.2019 17:00:00.000,72.737,72.768,72.717,72.767,0.1311
30.05.2019 17:01:00.000,72.768,72.768,72.718,72.737,0.1221
30.05.2019 17:02:00.000,72.737,72.788,72.717,72.778,0.0822
30.05.2019 17:03:00.000,72.777,72.778,72.747,72.778,0.0506
30.05.2019 17:04:00.000,72.777,72.778,72.688,72.688,0.0727
30.05.2019 17:05:00.000,72.678,72.678,72.647,72.648,0.0618
30.05.2019 17:06:00.000,72.647,72.647,72.547,72.568,0.0802
30.05.2019 17:07:00.000,72.558,72.558,72.507,72.508,0.0588
30.05.2019 17:08:00.000,72.507,72.508,72.457,72.488,0.1268
30.05.2019 17:09:00.000,72.488,72.488,72.448,72.477,0.0646
30.05.2019 17:10:00.000,72.478,72.508,72.477,72.508,0.0378
30.05.2019 17:11:00.000,72.507,72.548,72.498,72.538,0.0753
30.05.2019 17:12:00.000,72.537,72.558,72.487,72.487,0.072
30.05.2019 17:13:00.000,72.487,72.488,72.467,72.468,0.0152
30.05.2019 17:14:00.000,72.468,72.468,72.358,72.358,0.0523
30.05.2019 17:15:00.000,72.357,72.357,72.297,72.308,0.0846
30.05.2019 17:16:00.000,72.307,72.348,72.307,72.318,0.0496
30.05.2019 17:17:00.000,72.328,72.328,72.317,72.328,0.1232
30.05.2019 17:18:00.000,72.327,72.328,72.278,72.278,0.0682
30.05.2019 17:19:00.000,72.278,72.298,72.277,72.278,0.0554
30.05.2019 17:20:00.000,72.277,72.338,72.277,72.338,0.0884
30.05.2019 17:21:00.000,72.337,72.358,72.307,72.307,0.0836
30.05.2019 17:22:00.000,72.308,72.328,72.287,72.287,0.0729
30.05.2019 17:23:00.000,72.288,72.288,72.227,72.238,0.0215
30.05.2019 17:24:00.000,72.248,72.258,72.188,72.188,0.1235
30.05.2019 17:25:00.000,72.187,72.187,72.107,72.138,0.0885
30.05.2019 17:26:00.000,72.138,72.178,72.108,72.168,0.0523
30.05.2019 17:27:00.000,72.167,72.178,72.137,72.168,0.0438
30.05.2019 17:28:00.000,72.177,72.178,72.118,72.137,0.0518
30.05.2019 17:29:00.000,72.138,72.178,72.137,72.178,0.0316
30.05.2019 17:30:00.000,72.178,72.178,72.118,72.118,0.0534
30.05.2019 17:31:00.000,72.117,72.138,72.117,72.118,0.0619
30.05.2019 17:32:00.000,72.118,72.138,72.117,72.127,0.0657
30.05.2019 17:33:00.000,72.127,72.128,72.028,72.047,0.0062
30.05.2019 17:34:00.000,72.048,72.078,72.037,72.078,0.0326
30.05.2019 17:35:00.000,72.077,72.078,72.007,72.028,0.1738
30.05.2019 17:36:00.000,72.037,72.108,72.028,72.067,0.1878
30.05.2019 17:37:00.000,72.068,72.128,72.067,72.128,0.0745
30.05.2019 17:38:00.000,72.118,72.158,72.118,72.147,0.0496
30.05.2019 17:39:00.000,72.158,72.178,72.137,72.138,0.0797
30.05.2019 17:40:00.000,72.147,72.158,72.117,72.138,0.058
30.05.2019 17:41:00.000,72.118,72.118,72.077,72.077,0.0379
30.05.2019 17:42:00.000,72.078,72.148,72.078,72.148,0.0642
30.05.2019 17:43:00.000,72.148,72.148,72.107,72.108,0.0579
30.05.2019 17:44:00.000,72.107,72.138,72.077,72.078,0.0728
30.05.2019 17:45:00.000,72.077,72.098,72.057,72.067,0.1233
30.05.2019 17:46:00.000,72.068,72.068,72.037,72.048,0.0682
30.05.2019 17:47:00.000,72.058,72.058,71.987,72.007,0.0509
30.05.2019 17:48:00.000,72.017,72.088,72.017,72.087,0.0146
30.05.2019 17:49:00.000,72.098,72.158,72.087,72.147,0.0442
30.05.2019 17:50:00.000,72.148,72.178,72.138,72.168,0.1431
30.05.2019 17:51:00.000,72.167,72.178,72.127,72.177,0.1291
30.05.2019 17:52:00.000,72.177,72.178,72.137,72.168,0.0988
30.05.2019 17:53:00.000,72.167,72.168,72.128,72.158,0.077
30.05.2019 17:54:00.000,72.158,72.218,72.107,72.218,0.1712
30.05.2019 17:55:00.000,72.228,72.238,72.227,72.228,0.0473
30.05.2019 17:56:00.000,72.228,72.228,72.207,72.228,0.0914
30.05.2019 17:57:00.000,72.227,72.328,72.218,72.328,0.1125
30.05.2019 17:58:00.000,72.327,72.378,72.288,72.378,0.1757
30.05.2019 17:59:00.000,72.387,72.468,72.387,72.427,0.1363
30.05.2019 18:00:00.000,72.427,72.428,72.357,72.368,0.1016
30.05.2019 18:01:00.000,72.367,72.448,72.367,72.438,0.109
30.05.2019 18:02:00.000,72.438,72.448,72.377,72.418,0.1633
30.05.2019 18:03:00.000,72.437,72.468,72.418,72.458,0.0694
30.05.2019 18:04:00.000,72.458,72.508,72.457,72.498,0.052
30.05.2019 18:05:00.000,72.508,72.518,72.427,72.478,0.0808
30.05.2019 18:06:00.000,72.478,72.528,72.478,72.518,0.053
30.05.2019 18:07:00.000,72.538,72.538,72.427,72.428,0.0429
30.05.2019 18:08:00.000,72.428,72.428,72.347,72.378,0.0522
30.05.2019 18:09:00.000,72.378,72.378,72.307,72.307,0.0766
30.05.2019 18:10:00.000,72.308,72.368,72.297,72.368,0.0293
30.05.2019 18:11:00.000,72.368,72.368,72.297,72.328,0.0336
30.05.2019 18:12:00.000,72.318,72.348,72.298,72.298,0.0345
30.05.2019 18:13:00.000,72.308,72.348,72.287,72.338,0.1157
30.05.2019 18:14:00.000,72.338,72.338,72.288,72.288,0.0675
30.05.2019 18:15:00.000,72.297,72.348,72.278,72.338,0.0962
30.05.2019 18:16:00.000,72.338,72.338,72.277,72.308,0.103
30.05.2019 18:17:00.000,72.297,72.368,72.297,72.328,0.0366
30.05.2019 18:18:00.000,72.298,72.318,72.288,72.307,0.1394
30.05.2019 18:19:00.000,72.308,72.348,72.267,72.348,0.0414
30.05.2019 18:20:00.000,72.357,72.448,72.357,72.408,0.0282
30.05.2019 18:21:00.000,72.407,72.428,72.327,72.348,0.1074
30.05.2019 18:22:00.000,72.347,72.358,72.267,72.268,0.0441
30.05.2019 18:23:00.000,72.267,72.298,72.218,72.228,0.0298
30.05.2019 18:24:00.000,72.218,72.218,72.157,72.198,0.1268
30.05.2019 18:25:00.000,72.197,72.198,72.157,72.158,0.1374
30.05.2019 18:26:00.000,72.157,72.208,72.157,72.207,0.139
30.05.2019 18:27:00.000,72.218,72.218,72.158,72.188,0.0925
30.05.2019 18:28:00.000,72.198,72.228,72.197,72.208,0.0991
30.05.2019 18:29:00.000,72.208,72.208,72.147,72.168,0.0734
30.05.2019 18:30:00.000,72.178,72.198,72.147,72.158,0.1279
30.05.2019 18:31:00.000,72.168,72.198,72.147,72.198,0.0353
30.05.2019 18:32:00.000,72.197,72.278,72.197,72.278,0.0971
30.05.2019 18:33:00.000,72.287,72.378,72.287,72.378,0.0396
30.05.2019 18:34:00.000,72.377,72.388,72.358,72.368,0.055
30.05.2019 18:35:00.000,72.378,72.378,72.348,72.378,0.0628
30.05.2019 18:36:00.000,72.368,72.398,72.358,72.368,0.1631
30.05.2019 18:37:00.000,72.367,72.378,72.297,72.318,0.1982
30.05.2019 18:38:00.000,72.318,72.368,72.307,72.328,0.1158
30.05.2019 18:39:00.000,72.327,72.338,72.297,72.318,0.0734
30.05.2019 18:40:00.000,72.317,72.348,72.297,72.298,0.1556
30.05.2019 18:41:00.000,72.308,72.308,72.218,72.228,0.1056
30.05.2019 18:42:00.000,72.227,72.258,72.218,72.228,0.046
30.05.2019 18:43:00.000,72.247,72.288,72.227,72.258,0.0155
30.05.2019 18:44:00.000,72.267,72.328,72.267,72.287,0.1074
30.05.2019 18:45:00.000,72.288,72.298,72.277,72.287,0.0913
30.05.2019 18:46:00.000,72.308,72.397,72.307,72.388,0.0291
30.05.2019 18:47:00.000,72.388,72.438,72.348,72.428,0.1231
30.05.2019 18:48:00.000,72.427,72.468,72.417,72.448,0.1671
30.05.2019 18:49:00.000,72.457,72.578,72.448,72.578,0.1796
30.05.2019 18:50:00.000,72.588,72.648,72.577,72.618,0.1734
30.05.2019 18:51:00.000,72.607,72.618,72.537,72.578,0.0951
30.05.2019 18:52:00.000,72.578,72.607,72.538,72.538,0.0816
30.05.2019 18:53:00.000,72.537,72.638,72.537,72.638,0.0062
30.05.2019 18:54:00.000,72.637,72.698,72.637,72.697,0.0169
30.05.2019 18:55:00.000,72.687,72.787,72.657,72.778,0.123
30.05.2019 18:56:00.000,72.777,72.818,72.777,72.798,0.0904
30.05.2019 18:57:00.000,72.798,72.828,72.727,72.727,0.0866
30.05.2019 18:58:00.000,72.738,72.788,72.717,72.768,0.0031
30.05.2019 18:59:00.000,72.767,72.798,72.758,72.798,0.0893
30.05.2019 19:00:00.000,72.798,72.798,72.707,72.728,0.2571
30.05.2019 19:01:00.000,72.728,72.768,72.707,72.728,0.1642
30.05.2019 19:02:00.000,72.718,72.728,72.598,72.608,0.0427
30.05.2019 19:03:00.000,72.607,72.708,72.607,72.688,0.149
30.05.2019 19:04:00.000,72.688,72.718,72.637,72.687,0.0499
30.05.2019 19:05:00.000,72.688,72.688,72.587,72.618,0.0378
30.05.2019 19:06:00.000,72.617,72.648,72.508,72.528,0.0871
30.05.2019 19:07:00.000,72.528,72.558,72.487,72.507,0.0793
30.05.2019 19:08:00.000,72.508,72.528,72.457,72.527,0.069
30.05.2019 19:09:00.000,72.528,72.588,72.528,72.557,0.036
30.05.2019 19:10:00.000,72.558,72.568,72.537,72.558,0.0494
30.05.2019 19:11:00.000,72.568,72.608,72.558,72.607,0.0318
30.05.2019 19:12:00.000,72.608,72.648,72.578,72.628,0.0868
30.05.2019 19:13:00.000,72.637,72.638,72.587,72.618,0.0042
30.05.2019 19:14:00.000,72.617,72.668,72.617,72.658,0.0551
30.05.2019 19:15:00.000,72.657,72.658,72.587,72.618,0.0561
30.05.2019 19:16:00.000,72.627,72.678,72.627,72.628,0.0727
30.05.2019 19:17:00.000,72.638,72.698,72.628,72.688,0.1517
30.05.2019 19:18:00.000,72.687,72.728,72.687,72.728,0.0706
30.05.2019 19:19:00.000,72.738,72.768,72.727,72.738,0.1132
30.05.2019 19:20:00.000,72.737,72.798,72.707,72.798,0.0683
30.05.2019 19:21:00.000,72.807,72.808,72.737,72.738,0.1208
30.05.2019 19:22:00.000,72.737,72.748,72.717,72.717,0.0407
30.05.2019 19:23:00.000,72.718,72.788,72.717,72.748,0.0831
30.05.2019 19:24:00.000,72.748,72.788,72.727,72.788,0.1117
30.05.2019 19:25:00.000,72.778,72.778,72.667,72.667,0.0202
30.05.2019 19:26:00.000,72.668,72.668,72.607,72.618,0.0245
30.05.2019 19:27:00.000,72.637,72.648,72.608,72.608,0.0474
30.05.2019 19:28:00.000,72.607,72.678,72.587,72.677,0.2132
30.05.2019 19:29:00.000,72.678,72.687,72.587,72.588,0.0592
30.05.2019 19:30:00.000,72.587,72.628,72.557,72.558,0.1273
30.05.2019 19:31:00.000,72.557,72.568,72.527,72.548,0.0507
30.05.2019 19:32:00.000,72.547,72.638,72.547,72.637,0.0909
30.05.2019 19:33:00.000,72.638,72.658,72.608,72.628,0.245
30.05.2019 19:34:00.000,72.627,72.668,72.627,72.658,0.0698
30.05.2019 19:35:00.000,72.657,72.848,72.657,72.828,0.1876
30.05.2019 19:36:00.000,72.828,72.898,72.777,72.898,0.1899
30.05.2019 19:37:00.000,72.897,72.988,72.897,72.988,0.1953
30.05.2019 19:38:00.000,72.987,73.008,72.908,72.908,0.1578
30.05.2019 19:39:00.000,72.907,72.958,72.868,72.948,0.1836
30.05.2019 19:40:00.000,72.948,72.948,72.788,72.788,0.1129
30.05.2019 19:41:00.000,72.807,72.878,72.777,72.857,0.126
30.05.2019 19:42:00.000,72.858,72.928,72.828,72.848,0.1558
30.05.2019 19:43:00.000,72.847,72.898,72.838,72.898,0.2278
30.05.2019 19:44:00.000,72.898,72.917,72.818,72.898,0.1765
30.05.2019 19:45:00.000,72.897,72.918,72.857,72.868,0.1486
30.05.2019 19:46:00.000,72.868,72.988,72.868,72.948,0.1016
30.05.2019 19:47:00.000,72.947,72.968,72.937,72.968,0.1031
30.05.2019 19:48:00.000,72.967,73.008,72.937,73.008,0.1238
30.05.2019 19:49:00.000,73.008,73.028,72.937,73.028,0.1852
30.05.2019 19:50:00.000,73.027,73.058,72.977,72.987,0.2654
30.05.2019 19:51:00.000,72.988,73.028,72.967,72.968,0.1581
30.05.2019 19:52:00.000,72.967,72.968,72.917,72.937,0.1323
30.05.2019 19:53:00.000,72.938,72.958,72.927,72.957,0.0929
30.05.2019 19:54:00.000,72.958,72.978,72.928,72.938,0.1364
30.05.2019 19:55:00.000,72.947,72.968,72.897,72.898,0.2532
30.05.2019 19:56:00.000,72.908,72.938,72.868,72.878,0.3399
30.05.2019 19:57:00.000,72.877,72.928,72.857,72.857,0.328
30.05.2019 19:58:00.000,72.858,72.898,72.808,72.828,0.2953
30.05.2019 19:59:00.000,72.828,72.888,72.808,72.858,0.4069
31.05.2019 13:30:00.000,71.038,71.048,70.747,70.868,0.0165
31.05.2019 13:31:00.000,70.868,70.868,70.867,70.868,0.0095
31.05.2019 13:32:00.000,70.888,71.078,70.577,70.577,0.1528
31.05.2019 13:33:00.000,70.538,70.538,70.297,70.378,0.2068
31.05.2019 13:34:00.000,70.358,70.358,70.197,70.197,0.1006
31.05.2019 13:35:00.000,70.197,70.298,70.137,70.137,0.0944
31.05.2019 13:36:00.000,70.138,70.208,69.987,70.208,0.187
31.05.2019 13:37:00.000,70.208,70.398,70.198,70.278,0.1886
31.05.2019 13:38:00.000,70.278,70.317,69.807,69.837,0.1844
31.05.2019 13:39:00.000,69.838,69.838,69.527,69.527,0.2055
31.05.2019 13:40:00.000,69.537,69.718,69.447,69.538,0.1028
31.05.2019 13:41:00.000,69.548,69.768,69.487,69.728,0.1513
31.05.2019 13:42:00.000,69.728,69.938,69.647,69.878,0.1204
31.05.2019 13:43:00.000,69.887,70.078,69.807,70.048,0.1626
31.05.2019 13:44:00.000,70.047,70.258,70.038,70.258,0.1918
31.05.2019 13:45:00.000,70.247,70.528,70.247,70.447,0.1672
31.05.2019 13:46:00.000,70.457,70.568,70.427,70.568,0.0896
31.05.2019 13:47:00.000,70.568,70.668,70.488,70.488,0.2544
31.05.2019 13:48:00.000,70.448,70.498,70.417,70.458,0.179
31.05.2019 13:49:00.000,70.458,70.548,70.457,70.518,0.0944
31.05.2019 13:50:00.000,70.518,70.538,70.397,70.408,0.104
31.05.2019 13:51:00.000,70.408,70.428,70.257,70.268,0.1019
31.05.2019 13:52:00.000,70.277,70.288,70.117,70.238,0.125
31.05.2019 13:53:00.000,70.238,70.278,70.178,70.238,0.1539
31.05.2019 13:54:00.000,70.237,70.258,70.208,70.258,0.1465
31.05.2019 13:55:00.000,70.248,70.268,70.118,70.188,0.131
31.05.2019 13:56:00.000,70.228,70.388,70.197,70.338,0.2833
31.05.2019 13:57:00.000,70.338,70.338,70.147,70.157,0.074
31.05.2019 13:58:00.000,70.158,70.297,70.097,70.277,0.2423
31.05.2019 13:59:00.000,70.277,70.388,70.227,70.278,0.0945
31.05.2019 14:00:00.000,70.278,70.418,70.178,70.358,0.2876
31.05.2019 14:01:00.000,70.357,70.368,70.197,70.198,0.2944
31.05.2019 14:02:00.000,70.187,70.258,70.157,70.167,0.2744
31.05.2019 14:03:00.000,70.178,70.178,70.087,70.128,0.2282
31.05.2019 14:04:00.000,70.158,70.248,70.108,70.187,0.4109
31.05.2019 14:05:00.000,70.198,70.198,70.117,70.137,0.1714
31.05.2019 14:06:00.000,70.138,70.178,70.078,70.078,0.1919
31.05.2019 14:07:00.000,70.078,70.098,69.958,69.967,0.2168
31.05.2019 14:08:00.000,69.968,70.057,69.897,70.048,0.1511
31.05.2019 14:09:00.000,70.028,70.028,69.887,69.888,0.2035
31.05.2019 14:10:00.000,69.898,69.907,69.857,69.888,0.0334
31.05.2019 14:11:00.000,69.887,69.928,69.827,69.898,0.1145
31.05.2019 14:12:00.000,69.898,69.898,69.818,69.848,0.1961
31.05.2019 14:13:00.000,69.847,69.897,69.768,69.768,0.1143
31.05.2019 14:14:00.000,69.778,69.848,69.768,69.818,0.1052
31.05.2019 14:15:00.000,69.817,70.067,69.817,70.057,0.3415
31.05.2019 14:16:00.000,70.058,70.197,70.057,70.128,0.1916
31.05.2019 14:17:00.000,70.157,70.248,70.108,70.198,0.2129
31.05.2019 14:18:00.000,70.197,70.358,70.197,70.338,0.146
31.05.2019 14:19:00.000,70.338,70.478,70.328,70.478,0.2449
31.05.2019 14:20:00.000,70.477,70.548,70.468,70.487,0.1425
31.05.2019 14:21:00.000,70.488,70.608,70.478,70.607,0.2644
31.05.2019 14:22:00.000,70.608,70.688,70.587,70.678,0.2237
31.05.2019 14:23:00.000,70.677,70.808,70.677,70.808,0.2054
31.05.2019 14:24:00.000,70.808,70.808,70.718,70.758,0.1162
31.05.2019 14:25:00.000,70.767,70.778,70.678,70.678,0.1268
31.05.2019 14:26:00.000,70.687,70.788,70.677,70.698,0.1015
31.05.2019 14:27:00.000,70.708,70.808,70.708,70.737,0.1802
31.05.2019 14:28:00.000,70.737,70.828,70.677,70.697,0.147
31.05.2019 14:29:00.000,70.698,70.818,70.697,70.758,0.119
31.05.2019 14:30:00.000,70.768,70.878,70.748,70.778,0.1099
31.05.2019 14:31:00.000,70.808,70.978,70.808,70.897,0.2749
31.05.2019 14:32:00.000,70.897,70.928,70.867,70.898,0.2305
31.05.2019 14:33:00.000,70.897,70.918,70.827,70.898,0.1811
31.05.2019 14:34:00.000,70.898,70.998,70.878,70.918,0.1748
31.05.2019 14:35:00.000,70.917,70.918,70.838,70.868,0.1488
31.05.2019 14:36:00.000,70.868,70.868,70.767,70.817,0.137
31.05.2019 14:37:00.000,70.798,70.848,70.777,70.848,0.1731
31.05.2019 14:38:00.000,70.848,70.868,70.837,70.868,0.0794
31.05.2019 14:39:00.000,70.887,70.908,70.787,70.838,0.3225
31.05.2019 14:40:00.000,70.837,70.867,70.777,70.778,0.2409
31.05.2019 14:41:00.000,70.778,70.778,70.677,70.718,0.1594
31.05.2019 14:42:00.000,70.717,70.758,70.717,70.718,0.1001
31.05.2019 14:43:00.000,70.717,70.768,70.667,70.668,0.1339
31.05.2019 14:44:00.000,70.668,70.678,70.577,70.578,0.1609
31.05.2019 14:45:00.000,70.578,70.628,70.567,70.617,0.1362
31.05.2019 14:46:00.000,70.618,70.628,70.557,70.568,0.072
31.05.2019 14:47:00.000,70.558,70.558,70.498,70.498,0.0832
31.05.2019 14:48:00.000,70.497,70.528,70.438,70.467,0.2728
31.05.2019 14:49:00.000,70.468,70.578,70.427,70.578,0.225
31.05.2019 14:50:00.000,70.578,70.748,70.577,70.748,0.1491
31.05.2019 14:51:00.000,70.748,70.748,70.698,70.708,0.1438
31.05.2019 14:52:00.000,70.708,70.797,70.648,70.797,0.1821
31.05.2019 14:53:00.000,70.798,70.828,70.777,70.808,0.1047
31.05.2019 14:54:00.000,70.807,70.838,70.777,70.788,0.1805
31.05.2019 14:55:00.000,70.797,70.808,70.707,70.708,0.1611
31.05.2019 14:56:00.000,70.707,70.748,70.677,70.737,0.1975
31.05.2019 14:57:00.000,70.737,70.768,70.658,70.658,0.2778
31.05.2019 14:58:00.000,70.678,70.728,70.677,70.688,0.2041
31.05.2019 14:59:00.000,70.687,70.697,70.607,70.658,0.2567
31.05.2019 15:00:00.000,70.637,70.637,70.517,70.537,0.2644
31.05.2019 15:01:00.000,70.578,70.597,70.527,70.578,0.2368
31.05.2019 15:02:00.000,70.578,70.627,70.567,70.608,0.068
31.05.2019 15:03:00.000,70.608,70.687,70.537,70.547,0.1179
31.05.2019 15:04:00.000,70.548,70.548,70.488,70.498,0.1592
31.05.2019 15:05:00.000,70.498,70.508,70.407,70.417,0.1477
31.05.2019 15:06:00.000,70.417,70.438,70.397,70.438,0.131
31.05.2019 15:07:00.000,70.448,70.528,70.438,70.518,0.1571
31.05.2019 15:08:00.000,70.518,70.628,70.518,70.608,0.1104
31.05.2019 15:09:00.000,70.618,70.638,70.497,70.497,0.1684
31.05.2019 15:10:00.000,70.498,70.538,70.477,70.488,0.1383
31.05.2019 15:11:00.000,70.488,70.538,70.487,70.507,0.1946
31.05.2019 15:12:00.000,70.507,70.528,70.457,70.458,0.1957
31.05.2019 15:13:00.000,70.458,70.468,70.377,70.458,0.1733
31.05.2019 15:14:00.000,70.468,70.478,70.407,70.408,0.166
31.05.2019 15:15:00.000,70.407,70.518,70.407,70.518,0.1365
31.05.2019 15:16:00.000,70.508,70.508,70.458,70.458,0.0687
31.05.2019 15:17:00.000,70.458,70.538,70.437,70.528,0.1169
31.05.2019 15:18:00.000,70.528,70.548,70.507,70.547,0.1301
31.05.2019 15:19:00.000,70.547,70.547,70.478,70.488,0.0743
31.05.2019 15:20:00.000,70.488,70.488,70.438,70.458,0.0908
31.05.2019 15:21:00.000,70.458,70.598,70.458,70.598,0.097
31.05.2019 15:22:00.000,70.608,70.658,70.607,70.617,0.0704
31.05.2019 15:23:00.000,70.617,70.648,70.608,70.608,0.064
31.05.2019 15:24:00.000,70.607,70.648,70.607,70.628,0.1023
31.05.2019 15:25:00.000,70.627,70.708,70.597,70.698,0.0914
31.05.2019 15:26:00.000,70.697,70.697,70.647,70.648,0.0293
31.05.2019 15:27:00.000,70.648,70.678,70.647,70.648,0.0717
31.05.2019 15:28:00.000,70.647,70.778,70.647,70.778,0.0598
31.05.2019 15:29:00.000,70.788,70.818,70.777,70.788,0.1191
31.05.2019 15:30:00.000,70.787,70.817,70.757,70.757,0.2066
31.05.2019 15:31:00.000,70.758,70.768,70.697,70.768,0.1046
31.05.2019 15:32:00.000,70.768,70.778,70.687,70.718,0.1205
31.05.2019 15:33:00.000,70.717,70.717,70.637,70.637,0.0966
31.05.2019 15:34:00.000,70.638,70.658,70.558,70.567,0.145
31.05.2019 15:35:00.000,70.558,70.598,70.517,70.548,0.0907
31.05.2019 15:36:00.000,70.557,70.578,70.447,70.447,0.0792
31.05.2019 15:37:00.000,70.448,70.448,70.378,70.378,0.1049
31.05.2019 15:38:00.000,70.368,70.368,70.208,70.208,0.1882
31.05.2019 15:39:00.000,70.207,70.248,70.088,70.088,0.1824
31.05.2019 15:40:00.000,70.088,70.098,70.007,70.008,0.0799
31.05.2019 15:41:00.000,70.018,70.057,69.997,69.998,0.0577
31.05.2019 15:42:00.000,70.008,70.148,69.948,70.147,0.0098
31.05.2019 15:43:00.000,70.148,70.168,70.098,70.107,0.0044
31.05.2019 15:44:00.000,70.127,70.268,70.127,70.218,0.0495
31.05.2019 15:45:00.000,70.218,70.218,70.107,70.118,0.1403
31.05.2019 15:46:00.000,70.117,70.167,70.107,70.108,0.1623
31.05.2019 15:47:00.000,70.108,70.108,69.997,70.058,0.1191
31.05.2019 15:48:00.000,70.048,70.078,70.008,70.068,0.0617
31.05.2019 15:49:00.000,70.058,70.108,70.057,70.057,0.008
31.05.2019 15:50:00.000,70.058,70.098,70.047,70.047,0.0528
31.05.2019 15:51:00.000,70.048,70.137,70.037,70.057,0.0926
31.05.2019 15:52:00.000,70.057,70.087,70.037,70.048,0.047
31.05.2019 15:53:00.000,70.048,70.048,70.007,70.008,0.2011
31.05.2019 15:54:00.000,70.017,70.028,69.987,69.997,0.1033
31.05.2019 15:55:00.000,69.998,70.098,69.978,70.038,0.2523
31.05.2019 15:56:00.000,70.038,70.078,69.988,70.078,0.1984
31.05.2019 15:57:00.000,70.087,70.088,70.057,70.077,0.0406
31.05.2019 15:58:00.000,70.078,70.118,70.047,70.118,0.1386
31.05.2019 15:59:00.000,70.117,70.198,70.117,70.187,0.0778
31.05.2019 16:00:00.000,70.197,70.228,70.187,70.198,0.0792
31.05.2019 16:01:00.000,70.207,70.248,70.207,70.248,0.0436
31.05.2019 16:02:00.000,70.258,70.278,70.147,70.178,0.077
31.05.2019 16:03:00.000,70.177,70.198,70.158,70.167,0.0728
31.05.2019 16:04:00.000,70.168,70.228,70.168,70.228,0.0524
31.05.2019 16:05:00.000,70.227,70.228,70.188,70.207,0.0602
31.05.2019 16:06:00.000,70.218,70.278,70.217,70.268,0.0817
31.05.2019 16:07:00.000,70.268,70.268,70.167,70.168,0.104
31.05.2019 16:08:00.000,70.168,70.188,70.127,70.128,0.0688
31.05.2019 16:09:00.000,70.148,70.168,70.108,70.157,0.0668
31.05.2019 16:10:00.000,70.158,70.158,70.077,70.078,0.1342
31.05.2019 16:11:00.000,70.087,70.138,70.087,70.118,0.1765
31.05.2019 16:12:00.000,70.118,70.128,70.077,70.077,0.0713
31.05.2019 16:13:00.000,70.078,70.118,70.077,70.098,0.0917
31.05.2019 16:14:00.000,70.097,70.108,70.067,70.097,0.0918
31.05.2019 16:15:00.000,70.097,70.178,70.068,70.178,0.0738
31.05.2019 16:16:00.000,70.158,70.188,70.128,70.148,0.1153
31.05.2019 16:17:00.000,70.147,70.168,70.107,70.107,0.2426
31.05.2019 16:18:00.000,70.108,70.158,70.107,70.147,0.0813
31.05.2019 16:19:00.000,70.148,70.218,70.127,70.128,0.2031
31.05.2019 16:20:00.000,70.127,70.128,70.067,70.068,0.049
31.05.2019 16:21:00.000,70.067,70.068,70.017,70.018,0.0618
31.05.2019 16:22:00.000,70.017,70.018,69.937,69.968,0.1376
31.05.2019 16:23:00.000,69.957,69.998,69.948,69.987,0.1562
31.05.2019 16:24:00.000,69.998,70.018,69.958,69.998,0.0903
31.05.2019 16:25:00.000,70.007,70.098,70.007,70.097,0.0711
31.05.2019 16:26:00.000,70.098,70.098,69.987,69.988,0.0942
31.05.2019 16:27:00.000,69.998,70.028,69.987,69.998,0.1205
31.05.2019 16:28:00.000,69.988,69.998,69.967,69.987,0.0183
31.05.2019 16:29:00.000,69.988,70.028,69.987,70.017,0.0056
31.05.2019 16:30:00.000,70.018,70.028,69.967,70.028,0.0502
31.05.2019 16:31:00.000,70.028,70.048,69.987,70.038,0.0824
31.05.2019 16:32:00.000,70.037,70.038,70.007,70.018,0.042
31.05.2019 16:33:00.000,70.008,70.088,70.008,70.078,0.0888
31.05.2019 16:34:00.000,70.078,70.118,70.048,70.048,0.0172
31.05.2019 16:35:00.000,70.058,70.068,70.008,70.058,0.0642
31.05.2019 16:36:00.000,70.057,70.088,70.057,70.078,0.0478
31.05.2019 16:37:00.000,70.087,70.108,70.037,70.038,0.1013
31.05.2019 16:38:00.000,70.047,70.058,69.987,69.997,0.1739
31.05.2019 16:39:00.000,69.998,70.057,69.987,69.987,0.1087
31.05.2019 16:40:00.000,69.998,70.017,69.978,69.978,0.0297
31.05.2019 16:41:00.000,69.987,70.018,69.977,70.018,0.0945
31.05.2019 16:42:00.000,69.998,70.017,69.977,69.988,0.1186
31.05.2019 16:43:00.000,69.987,70.048,69.977,70.047,0.1157
31.05.2019 16:44:00.000,70.048,70.078,70.028,70.068,0.089
31.05.2019 16:45:00.000,70.068,70.068,70.018,70.028,0.1132
31.05.2019 16:46:00.000,70.027,70.068,70.027,70.058,0.1117
31.05.2019 16:47:00.000,70.057,70.088,70.057,70.088,0.0133
31.05.2019 16:48:00.000,70.058,70.068,70.027,70.058,0.1027
31.05.2019 16:49:00.000,70.057,70.088,70.057,70.068,0.011
31.05.2019 16:50:00.000,70.048,70.058,70.008,70.038,0.1807
31.05.2019 16:51:00.000,70.047,70.048,70.018,70.028,0.0355
31.05.2019 16:52:00.000,70.027,70.048,70.017,70.018,0.0569
31.05.2019 16:53:00.000,70.017,70.058,70.007,70.048,0.0688
31.05.2019 16:54:00.000,70.047,70.098,70.017,70.098,0.1869
31.05.2019 16:55:00.000,70.098,70.108,70.077,70.078,0.1452
31.05.2019 16:56:00.000,70.077,70.078,70.007,70.048,0.2504
31.05.2019 16:57:00.000,70.048,70.177,70.047,70.167,0.1452
31.05.2019 16:58:00.000,70.167,70.207,70.137,70.188,0.0879
31.05.2019 16:59:00.000,70.187,70.198,70.117,70.118,0.144
31.05.2019 17:00:00.000,70.108,70.108,70.067,70.068,0.0376
31.05.2019 17:01:00.000,70.067,70.108,70.067,70.087,0.0488
31.05.2019 17:02:00.000,70.088,70.118,70.087,70.098,0.0229
31.05.2019 17:03:00.000,70.097,70.108,70.067,70.108,0.0404
31.05.2019 17:04:00.000,70.107,70.128,70.087,70.118,0.1318
31.05.2019 17:05:00.000,70.118,70.158,70.117,70.137,0.1018
31.05.2019 17:06:00.000,70.138,70.138,70.087,70.087,0.1205
31.05.2019 17:07:00.000,70.088,70.088,69.997,70.008,0.1076
31.05.2019 17:08:00.000,70.008,70.078,69.997,70.057,0.1359
31.05.2019 17:09:00.000,70.058,70.128,70.058,70.127,0.1498
31.05.2019 17:10:00.000,70.128,70.178,70.108,70.167,0.1559
31.05.2019 17:11:00.000,70.168,70.198,70.157,70.187,0.0869
31.05.2019 17:12:00.000,70.188,70.288,70.188,70.278,0.1127
31.05.2019 17:13:00.000,70.268,70.278,70.208,70.208,0.0698
31.05.2019 17:14:00.000,70.217,70.218,70.167,70.178,0.0659
31.05.2019 17:15:00.000,70.198,70.227,70.167,70.218,0.073
31.05.2019 17:16:00.000,70.208,70.208,70.137,70.138,0.0807
31.05.2019 17:17:00.000,70.137,70.148,70.107,70.117,0.0851
31.05.2019 17:18:00.000,70.118,70.138,70.097,70.117,0.0282
31.05.2019 17:19:00.000,70.118,70.138,70.097,70.098,0.1446
31.05.2019 17:20:00.000,70.097,70.158,70.097,70.158,0.1041
31.05.2019 17:21:00.000,70.157,70.157,70.107,70.118,0.1351
31.05.2019 17:22:00.000,70.118,70.118,70.077,70.078,0.0732
31.05.2019 17:23:00.000,70.088,70.108,70.078,70.087,0.0876
31.05.2019 17:24:00.000,70.088,70.108,70.077,70.078,0.075
31.05.2019 17:25:00.000,70.077,70.138,70.067,70.138,0.0704
31.05.2019 17:26:00.000,70.137,70.148,70.077,70.108,0.2069
31.05.2019 17:27:00.000,70.088,70.128,70.087,70.127,0.1152
31.05.2019 17:28:00.000,70.128,70.228,70.117,70.228,0.0839
31.05.2019 17:29:00.000,70.227,70.228,70.167,70.198,0.1195
31.05.2019 17:30:00.000,70.198,70.198,70.147,70.178,0.1114
31.05.2019 17:31:00.000,70.178,70.228,70.167,70.208,0.0632
31.05.2019 17:32:00.000,70.207,70.238,70.197,70.218,0.1381
31.05.2019 17:33:00.000,70.238,70.238,70.197,70.208,0.0824
31.05.2019 17:34:00.000,70.218,70.218,70.137,70.157,0.1099
31.05.2019 17:35:00.000,70.148,70.178,70.128,70.167,0.092
31.05.2019 17:36:00.000,70.168,70.198,70.128,70.158,0.1302
31.05.2019 17:37:00.000,70.148,70.218,70.148,70.208,0.107
31.05.2019 17:38:00.000,70.207,70.238,70.177,70.188,0.0957
31.05.2019 17:39:00.000,70.178,70.238,70.178,70.207,0.123
31.05.2019 17:40:00.000,70.208,70.257,70.208,70.228,0.0312
31.05.2019 17:41:00.000,70.228,70.238,70.187,70.237,0.066
31.05.2019 17:42:00.000,70.238,70.238,70.198,70.218,0.0746
31.05.2019 17:43:00.000,70.227,70.238,70.168,70.228,0.0766
31.05.2019 17:44:00.000,70.218,70.248,70.167,70.168,0.0581
31.05.2019 17:45:00.000,70.167,70.168,70.097,70.148,0.0952
31.05.2019 17:46:00.000,70.147,70.188,70.117,70.188,0.0601
31.05.2019 17:47:00.000,70.178,70.178,70.118,70.177,0.126
31.05.2019 17:48:00.000,70.178,70.278,70.178,70.268,0.1167
31.05.2019 17:49:00.000,70.267,70.278,70.188,70.208,0.1444
31.05.2019 17:50:00.000,70.207,70.218,70.157,70.197,0.1358
31.05.2019 17:51:00.000,70.207,70.217,70.117,70.137,0.1056
31.05.2019 17:52:00.000,70.137,70.228,70.117,70.218,0.2243
31.05.2019 17:53:00.000,70.218,70.227,70.187,70.188,0.0751
31.05.2019 17:54:00.000,70.187,70.278,70.187,70.248,0.1261
31.05.2019 17:55:00.000,70.247,70.288,70.237,70.257,0.0483
31.05.2019 17:56:00.000,70.258,70.318,70.258,70.308,0.0925
31.05.2019 17:57:00.000,70.308,70.318,70.247,70.278,0.0839
31.05.2019 17:58:00.000,70.287,70.308,70.267,70.288,0.0588
31.05.2019 17:59:00.000,70.287,70.287,70.267,70.268,0.0411
31.05.2019 18:00:00.000,70.277,70.298,70.198,70.218,0.0878
31.05.2019 18:01:00.000,70.218,70.218,70.167,70.207,0.0882
31.05.2019 18:02:00.000,70.207,70.207,70.167,70.187,0.1669
31.05.2019 18:03:00.000,70.187,70.187,70.148,70.158,0.01
31.05.2019 18:04:00.000,70.167,70.178,70.137,70.138,0.1171
31.05.2019 18:05:00.000,70.138,70.178,70.127,70.138,0.1431
31.05.2019 18:06:00.000,70.148,70.178,70.147,70.158,0.0271
31.05.2019 18:07:00.000,70.158,70.158,70.137,70.137,0.0264
31.05.2019 18:08:00.000,70.157,70.197,70.148,70.168,0.1303
31.05.2019 18:09:00.000,70.168,70.208,70.167,70.208,0.125
31.05.2019 18:10:00.000,70.217,70.218,70.147,70.188,0.1483
31.05.2019 18:11:00.000,70.187,70.228,70.107,70.107,0.0976
31.05.2019 18:12:00.000,70.118,70.148,70.098,70.128,0.093
31.05.2019 18:13:00.000,70.127,70.158,70.097,70.098,0.0937
31.05.2019 18:14:00.000,70.108,70.138,70.067,70.088,0.097
31.05.2019 18:15:00.000,70.088,70.098,70.037,70.048,0.1062
31.05.2019 18:16:00.000,70.058,70.118,70.057,70.078,0.0455
31.05.2019 18:17:00.000,70.098,70.098,70.028,70.048,0.0655
31.05.2019 18:18:00.000,70.047,70.088,70.037,70.068,0.0438
31.05.2019 18:19:00.000,70.067,70.108,70.047,70.068,0.0566
31.05.2019 18:20:00.000,70.067,70.078,70.047,70.057,0.093
31.05.2019 18:21:00.000,70.058,70.088,70.048,70.068,0.1134
31.05.2019 18:22:00.000,70.078,70.128,70.077,70.128,0.0051
31.05.2019 18:23:00.000,70.127,70.138,70.088,70.127,0.1091
31.05.2019 18:24:00.000,70.127,70.158,70.107,70.138,0.2185
31.05.2019 18:25:00.000,70.138,70.158,70.098,70.108,0.1077
31.05.2019 18:26:00.000,70.098,70.098,70.067,70.078,0.0791
31.05.2019 18:27:00.000,70.077,70.138,70.068,70.068,0.119
31.05.2019 18:28:00.000,70.067,70.118,70.067,70.088,0.1557
31.05.2019 18:29:00.000,70.088,70.118,70.067,70.088,0.0514
31.05.2019 18:30:00.000,70.087,70.088,70.067,70.068,0.064
31.05.2019 18:31:00.000,70.078,70.088,70.037,70.048,0.126
31.05.2019 18:32:00.000,70.048,70.048,70.018,70.027,0.0263
31.05.2019 18:33:00.000,70.028,70.038,69.987,70.008,0.1197
31.05.2019 18:34:00.000,70.007,70.008,69.977,69.978,0.1331
31.05.2019 18:35:00.000,69.988,70.048,69.977,70.028,0.1108
31.05.2019 18:36:00.000,70.027,70.048,69.987,70.008,0.1437
31.05.2019 18:37:00.000,70.008,70.058,69.987,70.058,0.1108
31.05.2019 18:38:00.000,70.048,70.078,70.037,70.078,0.1241
31.05.2019 18:39:00.000,70.078,70.118,70.077,70.108,0.0719
31.05.2019 18:40:00.000,70.107,70.158,70.107,70.148,0.0788
31.05.2019 18:41:00.000,70.158,70.198,70.148,70.168,0.1103
31.05.2019 18:42:00.000,70.167,70.208,70.147,70.198,0.0358
31.05.2019 18:43:00.000,70.197,70.248,70.187,70.248,0.1182
31.05.2019 18:44:00.000,70.247,70.258,70.208,70.237,0.101
31.05.2019 18:45:00.000,70.238,70.318,70.238,70.267,0.133
31.05.2019 18:46:00.000,70.268,70.278,70.217,70.218,0.0451
31.05.2019 18:47:00.000,70.227,70.228,70.187,70.217,0.0749
31.05.2019 18:48:00.000,70.218,70.218,70.187,70.188,0.0826
31.05.2019 18:49:00.000,70.188,70.228,70.157,70.208,0.1565
31.05.2019 18:50:00.000,70.218,70.258,70.177,70.257,0.1457
31.05.2019 18:51:00.000,70.258,70.308,70.258,70.307,0.0903
31.05.2019 18:52:00.000,70.308,70.318,70.247,70.288,0.0615
31.05.2019 18:53:00.000,70.287,70.397,70.287,70.357,0.137
31.05.2019 18:54:00.000,70.358,70.388,70.348,70.388,0.0595
31.05.2019 18:55:00.000,70.398,70.398,70.338,70.357,0.1509
31.05.2019 18:56:00.000,70.358,70.458,70.357,70.458,0.0877
31.05.2019 18:57:00.000,70.468,70.468,70.367,70.368,0.0552
31.05.2019 18:58:00.000,70.367,70.398,70.348,70.397,0.1016
31.05.2019 18:59:00.000,70.407,70.438,70.388,70.388,0.1947
31.05.2019 19:00:00.000,70.387,70.388,70.347,70.388,0.0921
31.05.2019 19:01:00.000,70.387,70.428,70.347,70.368,0.1634
31.05.2019 19:02:00.000,70.367,70.428,70.367,70.377,0.0605
31.05.2019 19:03:00.000,70.377,70.408,70.348,70.388,0.0812
31.05.2019 19:04:00.000,70.388,70.388,70.268,70.318,0.1444
31.05.2019 19:05:00.000,70.317,70.318,70.257,70.258,0.122
31.05.2019 19:06:00.000,70.257,70.308,70.257,70.268,0.0673
31.05.2019 19:07:00.000,70.267,70.308,70.258,70.298,0.0728
31.05.2019 19:08:00.000,70.298,70.327,70.277,70.288,0.1149
31.05.2019 19:09:00.000,70.288,70.338,70.258,70.337,0.0785
31.05.2019 19:10:00.000,70.338,70.347,70.257,70.258,0.1349
31.05.2019 19:11:00.000,70.268,70.298,70.248,70.258,0.1084
31.05.2019 19:12:00.000,70.257,70.288,70.247,70.278,0.0589
31.05.2019 19:13:00.000,70.278,70.298,70.277,70.288,0.1077
31.05.2019 19:14:00.000,70.297,70.298,70.248,70.278,0.0923
31.05.2019 19:15:00.000,70.287,70.318,70.278,70.288,0.0551
31.05.2019 19:16:00.000,70.297,70.328,70.238,70.268,0.0765
31.05.2019 19:17:00.000,70.267,70.277,70.197,70.208,0.0782
31.05.2019 19:18:00.000,70.207,70.228,70.198,70.207,0.1093
31.05.2019 19:19:00.000,70.197,70.237,70.167,70.228,0.1167
31.05.2019 19:20:00.000,70.228,70.238,70.207,70.228,0.082
31.05.2019 19:21:00.000,70.228,70.268,70.198,70.268,0.161
31.05.2019 19:22:00.000,70.268,70.268,70.167,70.188,0.077
31.05.2019 19:23:00.000,70.207,70.248,70.187,70.227,0.1212
31.05.2019 19:24:00.000,70.227,70.238,70.207,70.208,0.1001
31.05.2019 19:25:00.000,70.207,70.238,70.167,70.208,0.1671
31.05.2019 19:26:00.000,70.218,70.248,70.187,70.188,0.0512
31.05.2019 19:27:00.000,70.187,70.188,70.137,70.157,0.0719
31.05.2019 19:28:00.000,70.157,70.157,70.097,70.127,0.0866
31.05.2019 19:29:00.000,70.128,70.188,70.117,70.188,0.1185
31.05.2019 19:30:00.000,70.187,70.218,70.157,70.218,0.1689
31.05.2019 19:31:00.000,70.217,70.238,70.188,70.208,0.2225
31.05.2019 19:32:00.000,70.208,70.248,70.207,70.227,0.0378
31.05.2019 19:33:00.000,70.238,70.278,70.197,70.197,0.0628
31.05.2019 19:34:00.000,70.198,70.278,70.198,70.278,0.1058
31.05.2019 19:35:00.000,70.278,70.278,70.207,70.227,0.1091
31.05.2019 19:36:00.000,70.237,70.258,70.208,70.218,0.0938
31.05.2019 19:37:00.000,70.217,70.268,70.217,70.238,0.0399
31.05.2019 19:38:00.000,70.248,70.258,70.188,70.258,0.1185
31.05.2019 19:39:00.000,70.257,70.318,70.257,70.288,0.0678
31.05.2019 19:40:00.000,70.287,70.318,70.287,70.308,0.1324
31.05.2019 19:41:00.000,70.307,70.358,70.307,70.348,0.119
31.05.2019 19:42:00.000,70.357,70.388,70.337,70.338,0.0558
31.05.2019 19:43:00.000,70.337,70.408,70.337,70.398,0.1013
31.05.2019 19:44:00.000,70.398,70.408,70.337,70.388,0.0808
31.05.2019 19:45:00.000,70.397,70.428,70.387,70.408,0.0839
31.05.2019 19:46:00.000,70.418,70.418,70.317,70.367,0.1567
31.05.2019 19:47:00.000,70.368,70.408,70.357,70.408,0.1063
31.05.2019 19:48:00.000,70.418,70.428,70.377,70.418,0.033
31.05.2019 19:49:00.000,70.417,70.417,70.328,70.337,0.1683
31.05.2019 19:50:00.000,70.338,70.438,70.338,70.428,0.1502
31.05.2019 19:51:00.000,70.427,70.478,70.387,70.387,0.1738
31.05.2019 19:52:00.000,70.388,70.448,70.387,70.448,0.1376
31.05.2019 19:53:00.000,70.447,70.478,70.437,70.448,0.0927
31.05.2019 19:54:00.000,70.448,70.478,70.407,70.408,0.1908
31.05.2019 19:55:00.000,70.408,70.478,70.377,70.468,0.4179
31.05.2019 19:56:00.000,70.467,70.488,70.437,70.467,0.1581
31.05.2019 19:57:00.000,70.478,70.478,70.467,70.468,0.191
31.05.2019 19:58:00.000,70.477,70.478,70.437,70.468,0.2711
31.05.2019 19:59:00.000,70.468,70.478,70.377,70.377,0.5497
03.06.2019 13:30:00.000,69.797,70.718,69.797,70.707,0.1331
03.06.2019 13:31:00.000,70.707,71.058,70.707,71.058,0.1886
03.06.2019 13:32:00.000,71.038,71.238,71.038,71.167,0.1293
03.06.2019 13:33:00.000,71.168,71.288,71.167,71.278,0.0551
03.06.2019 13:34:00.000,71.278,71.278,71.088,71.258,0.1379
03.06.2019 13:35:00.000,71.267,71.288,71.207,71.288,0.0403
03.06.2019 13:36:00.000,71.297,71.368,71.297,71.348,0.1749
03.06.2019 13:37:00.000,71.348,71.578,71.348,71.578,0.1776
03.06.2019 13:38:00.000,71.578,71.608,71.567,71.608,0.0982
03.06.2019 13:39:00.000,71.657,71.698,71.657,71.658,0.0827
03.06.2019 13:40:00.000,71.658,71.828,71.658,71.828,0.1432
03.06.2019 13:41:00.000,71.838,71.888,71.808,71.847,0.0556
03.06.2019 13:42:00.000,71.848,71.877,71.798,71.807,0.2178
03.06.2019 13:43:00.000,71.807,71.918,71.728,71.918,0.154
03.06.2019 13:44:00.000,71.928,71.948,71.768,71.768,0.1654
03.06.2019 13:45:00.000,71.777,71.868,71.718,71.718,0.0694
03.06.2019 13:46:00.000,71.718,71.878,71.718,71.868,0.1335
03.06.2019 13:47:00.000,71.867,71.868,71.698,71.718,0.1106
03.06.2019 13:48:00.000,71.698,71.698,71.498,71.598,0.2743
03.06.2019 13:49:00.000,71.598,71.708,71.598,71.697,0.1485
03.06.2019 13:50:00.000,71.698,71.778,71.657,71.778,0.1696
03.06.2019 13:51:00.000,71.768,71.847,71.608,71.608,0.5303
03.06.2019 13:52:00.000,71.628,71.688,71.537,71.578,0.2518
03.06.2019 13:53:00.000,71.577,71.578,71.428,71.528,0.2341
03.06.2019 13:54:00.000,71.528,71.538,71.387,71.387,0.2471
03.06.2019 13:55:00.000,71.397,71.497,71.378,71.497,0.0796
03.06.2019 13:56:00.000,71.498,71.628,71.497,71.607,0.0823
03.06.2019 13:57:00.000,71.607,71.688,71.607,71.688,0.1085
03.06.2019 13:58:00.000,71.687,71.778,71.647,71.768,0.1286
03.06.2019 13:59:00.000,71.767,71.828,71.767,71.797,0.0642
03.06.2019 14:00:00.000,71.797,71.958,71.797,71.958,0.0657
03.06.2019 14:01:00.000,71.948,71.977,71.827,71.838,0.1484
03.06.2019 14:02:00.000,71.838,71.918,71.777,71.867,0.1774
03.06.2019 14:03:00.000,71.868,71.978,71.867,71.977,0.0888
03.06.2019 14:04:00.000,71.978,72.038,71.847,72.018,0.1299
03.06.2019 14:05:00.000,72.027,72.028,71.798,71.798,0.1652
03.06.2019 14:06:00.000,71.787,71.898,71.747,71.878,0.0414
03.06.2019 14:07:00.000,71.878,71.888,71.748,71.888,0.1288
03.06.2019 14:08:00.000,71.908,71.978,71.887,71.918,0.0404
03.06.2019 14:09:00.000,71.918,71.968,71.917,71.968,0.0212
03.06.2019 14:10:00.000,71.968,72.038,71.937,71.998,0.1467
03.06.2019 14:11:00.000,72.008,72.038,71.917,71.917,0.234
03.06.2019 14:12:00.000,71.928,71.938,71.797,71.798,0.1513
03.06.2019 14:13:00.000,71.798,71.838,71.587,71.587,0.1048
03.06.2019 14:14:00.000,71.588,71.757,71.588,71.708,0.0319
03.06.2019 14:15:00.000,71.718,71.808,71.717,71.807,0.1063
03.06.2019 14:16:00.000,71.808,71.828,71.707,71.728,0.1236
03.06.2019 14:17:00.000,71.728,71.828,71.717,71.757,0.0921
03.06.2019 14:18:00.000,71.757,71.828,71.757,71.808,0.0579
03.06.2019 14:19:00.000,71.808,71.868,71.758,71.868,0.0155
03.06.2019 14:20:00.000,71.878,71.908,71.827,71.908,0.0366
03.06.2019 14:21:00.000,71.907,72.058,71.907,72.017,0.1246
03.06.2019 14:22:00.000,72.017,72.028,71.958,71.988,0.1707
03.06.2019 14:23:00.000,71.997,72.048,71.927,72.048,0.0751
03.06.2019 14:24:00.000,72.058,72.108,72.028,72.078,0.1255
03.06.2019 14:25:00.000,72.068,72.088,71.997,72.078,0.0286
03.06.2019 14:26:00.000,72.088,72.168,72.078,72.168,0.0327
03.06.2019 14:27:00.000,72.158,72.188,72.117,72.117,0.0702
03.06.2019 14:28:00.000,72.118,72.228,72.118,72.178,0.0378
03.06.2019 14:29:00.000,72.188,72.188,72.067,72.168,0.0613
03.06.2019 14:30:00.000,72.188,72.258,72.167,72.258,0.0167
03.06.2019 14:31:00.000,72.268,72.318,72.237,72.318,0.1185
03.06.2019 14:32:00.000,72.337,72.398,72.337,72.368,0.1773
03.06.2019 14:33:00.000,72.367,72.498,72.358,72.448,0.1956
03.06.2019 14:34:00.000,72.428,72.518,72.407,72.468,0.1817
03.06.2019 14:35:00.000,72.468,72.478,72.457,72.478,0.0176
03.06.2019 14:36:00.000,72.507,72.588,72.507,72.587,0.0422
03.06.2019 14:37:00.000,72.597,72.637,72.447,72.448,0.0765
03.06.2019 14:38:00.000,72.468,72.468,72.407,72.408,0.0205
03.06.2019 14:39:00.000,72.408,72.508,72.368,72.507,0.0168
03.06.2019 14:40:00.000,72.508,72.548,72.427,72.428,0.1152
03.06.2019 14:41:00.000,72.428,72.428,72.367,72.418,0.0656
03.06.2019 14:42:00.000,72.427,72.488,72.387,72.458,0.0474
03.06.2019 14:43:00.000,72.457,72.508,72.457,72.488,0.0464
03.06.2019 14:44:00.000,72.488,72.498,72.448,72.488,0.1117
03.06.2019 14:45:00.000,72.487,72.618,72.487,72.548,0.1375
03.06.2019 14:46:00.000,72.557,72.568,72.488,72.488,0.0861
03.06.2019 14:47:00.000,72.488,72.518,72.417,72.428,0.1012
03.06.2019 14:48:00.000,72.428,72.428,72.227,72.268,0.0526
03.06.2019 14:49:00.000,72.278,72.298,72.248,72.268,0.0912
03.06.2019 14:50:00.000,72.257,72.258,72.207,72.228,0.0598
03.06.2019 14:51:00.000,72.228,72.268,72.117,72.118,0.0144
03.06.2019 14:52:00.000,72.117,72.208,72.097,72.208,0.0132
03.06.2019 14:53:00.000,72.227,72.247,72.168,72.187,0.0548
03.06.2019 14:54:00.000,72.198,72.277,72.197,72.277,0.0375
03.06.2019 14:55:00.000,72.278,72.278,72.128,72.158,0.0899
03.06.2019 14:56:00.000,72.168,72.308,72.167,72.308,0.1117
03.06.2019 14:57:00.000,72.297,72.437,72.297,72.298,0.0787
03.06.2019 14:58:00.000,72.298,72.388,72.298,72.328,0.0958
03.06.2019 14:59:00.000,72.348,72.388,72.337,72.368,0.0634
03.06.2019 15:00:00.000,72.368,72.468,72.348,72.448,0.0865
03.06.2019 15:01:00.000,72.447,72.458,72.267,72.318,0.0827
03.06.2019 15:02:00.000,72.328,72.328,72.138,72.248,0.1453
03.06.2019 15:03:00.000,72.247,72.278,72.218,72.267,0.094
03.06.2019 15:04:00.000,72.278,72.308,72.237,72.308,0.1011
03.06.2019 15:05:00.000,72.308,72.308,72.228,72.248,0.1843
03.06.2019 15:06:00.000,72.247,72.288,72.198,72.238,0.2233
03.06.2019 15:07:00.000,72.238,72.278,72.227,72.228,0.1083
03.06.2019 15:08:00.000,72.227,72.227,72.147,72.167,0.1066
03.06.2019 15:09:00.000,72.168,72.307,72.168,72.238,0.2223
03.06.2019 15:10:00.000,72.237,72.238,72.187,72.208,0.1554
03.06.2019 15:11:00.000,72.248,72.278,72.157,72.158,0.1617
03.06.2019 15:12:00.000,72.148,72.227,72.137,72.138,0.0524
03.06.2019 15:13:00.000,72.138,72.138,71.997,71.997,0.149
03.06.2019 15:14:00.000,71.998,72.038,71.937,71.957,0.1077
03.06.2019 15:15:00.000,71.958,72.058,71.957,71.997,0.1357
03.06.2019 15:16:00.000,71.997,71.997,71.907,71.948,0.0707
03.06.2019 15:17:00.000,71.948,71.948,71.887,71.908,0.0236
03.06.2019 15:18:00.000,71.908,71.948,71.877,71.878,0.0733
03.06.2019 15:19:00.000,71.877,71.878,71.767,71.767,0.0859
03.06.2019 15:20:00.000,71.768,71.768,71.668,71.688,0.0255
03.06.2019 15:21:00.000,71.727,71.788,71.708,71.728,0.0572
03.06.2019 15:22:00.000,71.737,71.768,71.677,71.737,0.0881
03.06.2019 15:23:00.000,71.738,71.788,71.687,71.728,0.1715
03.06.2019 15:24:00.000,71.727,71.838,71.717,71.838,0.0887
03.06.2019 15:25:00.000,71.837,71.918,71.808,71.918,0.2276
03.06.2019 15:26:00.000,71.928,71.938,71.918,71.928,0.0448
03.06.2019 15:27:00.000,71.927,72.008,71.907,72.008,0.1577
03.06.2019 15:28:00.000,72.007,72.058,71.927,71.938,0.1057
03.06.2019 15:29:00.000,71.937,71.948,71.908,71.948,0.0798
03.06.2019 15:30:00.000,71.958,72.038,71.937,72.008,0.1809
03.06.2019 15:31:00.000,72.007,72.068,71.997,72.068,0.0275
03.06.2019 15:32:00.000,72.078,72.088,72.007,72.058,0.0767
03.06.2019 15:33:00.000,72.077,72.097,72.007,72.018,0.0645
03.06.2019 15:34:00.000,72.028,72.078,71.977,71.987,0.1533
03.06.2019 15:35:00.000,71.988,71.998,71.928,71.928,0.1587
03.06.2019 15:36:00.000,71.928,71.988,71.897,71.907,0.0406
03.06.2019 15:37:00.000,71.908,71.968,71.907,71.918,0.1754
03.06.2019 15:38:00.000,71.917,72.028,71.898,72.028,0.0317
03.06.2019 15:39:00.000,72.037,72.108,72.037,72.087,0.0053
03.06.2019 15:40:00.000,72.087,72.128,72.037,72.038,0.1679
03.06.2019 15:41:00.000,72.047,72.048,71.917,71.967,0.2376
03.06.2019 15:42:00.000,71.968,71.968,71.887,71.948,0.1038
03.06.2019 15:43:00.000,71.968,72.008,71.958,72.007,0.0734
03.06.2019 15:44:00.000,72.008,72.058,71.997,72.018,0.0834
03.06.2019 15:45:00.000,72.017,72.058,71.978,72.048,0.0731
03.06.2019 15:46:00.000,72.047,72.078,71.988,72.028,0.0859
03.06.2019 15:47:00.000,72.028,72.038,71.968,71.968,0.1254
03.06.2019 15:48:00.000,71.967,71.998,71.937,71.938,0.1135
03.06.2019 15:49:00.000,71.938,71.958,71.897,71.928,0.0436
03.06.2019 15:50:00.000,71.928,71.988,71.917,71.978,0.0671
03.06.2019 15:51:00.000,71.977,71.998,71.907,71.927,0.1212
03.06.2019 15:52:00.000,71.928,71.948,71.897,71.938,0.0926
03.06.2019 15:53:00.000,71.938,71.948,71.877,71.908,0.1173
03.06.2019 15:54:00.000,71.907,71.948,71.907,71.918,0.139
03.06.2019 15:55:00.000,71.917,71.928,71.838,71.898,0.0368
03.06.2019 15:56:00.000,71.908,71.908,71.837,71.838,0.0585
03.06.2019 15:57:00.000,71.838,71.838,71.788,71.788,0.1366
03.06.2019 15:58:00.000,71.787,71.828,71.737,71.758,0.1231
03.06.2019 15:59:00.000,71.758,71.758,71.697,71.717,0.1105
03.06.2019 16:00:00.000,71.708,71.798,71.707,71.798,0.1117
03.06.2019 16:01:00.000,71.798,71.818,71.758,71.777,0.1247
03.06.2019 16:02:00.000,71.778,71.788,71.738,71.747,0.0511
03.06.2019 16:03:00.000,71.748,71.818,71.747,71.808,0.1087
03.06.2019 16:04:00.000,71.808,71.838,71.797,71.808,0.0954
03.06.2019 16:05:00.000,71.808,71.808,71.697,71.697,0.0997
03.06.2019 16:06:00.000,71.698,71.748,71.697,71.738,0.049
03.06.2019 16:07:00.000,71.738,71.778,71.708,71.777,0.0997
03.06.2019 16:08:00.000,71.778,71.808,71.697,71.727,0.0127
03.06.2019 16:09:00.000,71.728,71.798,71.687,71.798,0.0964
03.06.2019 16:10:00.000,71.797,71.828,71.758,71.798,0.0328
03.06.2019 16:11:00.000,71.788,71.838,71.788,71.828,0.0475
03.06.2019 16:12:00.000,71.827,71.868,71.818,71.848,0.1142
03.06.2019 16:13:00.000,71.847,71.847,71.717,71.728,0.0811
03.06.2019 16:14:00.000,71.738,71.798,71.737,71.758,0.1868
03.06.2019 16:15:00.000,71.748,71.768,71.718,71.728,0.1257
03.06.2019 16:16:00.000,71.727,71.808,71.717,71.788,0.0694
03.06.2019 16:17:00.000,71.798,71.848,71.788,71.828,0.0367
03.06.2019 16:18:00.000,71.837,71.908,71.827,71.878,0.1429
03.06.2019 16:19:00.000,71.878,71.908,71.838,71.908,0.0349
03.06.2019 16:20:00.000,71.917,71.918,71.847,71.848,0.0261
03.06.2019 16:21:00.000,71.857,71.908,71.857,71.888,0.0382
03.06.2019 16:22:00.000,71.888,71.908,71.858,71.888,0.0357
03.06.2019 16:23:00.000,71.897,71.948,71.897,71.928,0.1522
03.06.2019 16:24:00.000,71.928,71.948,71.877,71.937,0.0719
03.06.2019 16:25:00.000,71.938,71.958,71.917,71.937,0.0498
03.06.2019 16:26:00.000,71.937,72.018,71.927,71.997,0.0709
03.06.2019 16:27:00.000,71.998,72.008,71.977,71.997,0.0261
03.06.2019 16:28:00.000,72.007,72.038,72.007,72.007,0.072
03.06.2019 16:29:00.000,72.008,72.008,71.978,71.978,0.0866
03.06.2019 16:30:00.000,71.988,72.088,71.988,72.048,0.0295
03.06.2019 16:31:00.000,72.058,72.078,72.007,72.008,0.1312
03.06.2019 16:32:00.000,72.008,72.028,71.967,71.968,0.0429
03.06.2019 16:33:00.000,71.988,71.998,71.927,71.947,0.0739
03.06.2019 16:34:00.000,71.948,71.948,71.917,71.918,0.0931
03.06.2019 16:35:00.000,71.917,71.957,71.907,71.908,0.0497
03.06.2019 16:36:00.000,71.907,71.937,71.887,71.937,0.0139
03.06.2019 16:37:00.000,71.938,72.008,71.937,71.997,0.0514
03.06.2019 16:38:00.000,72.007,72.038,72.007,72.018,0.13
03.06.2019 16:39:00.000,72.028,72.098,72.028,72.068,0.0786
03.06.2019 16:40:00.000,72.057,72.068,72.017,72.017,0.116
03.06.2019 16:41:00.000,72.037,72.078,71.977,71.978,0.0674
03.06.2019 16:42:00.000,71.987,71.998,71.967,71.998,0.0529
03.06.2019 16:43:00.000,72.017,72.048,71.997,72.048,0.0797
03.06.2019 16:44:00.000,72.038,72.058,71.988,71.988,0.0535
03.06.2019 16:45:00.000,71.987,71.987,71.927,71.958,0.0742
03.06.2019 16:46:00.000,71.958,71.977,71.927,71.968,0.0957
03.06.2019 16:47:00.000,71.967,71.988,71.967,71.988,0.0265
03.06.2019 16:48:00.000,71.988,71.988,71.937,71.968,0.0722
03.06.2019 16:49:00.000,71.967,72.008,71.967,72.008,0.0255
03.06.2019 16:50:00.000,72.008,72.008,71.887,71.888,0.0214
03.06.2019 16:51:00.000,71.887,71.908,71.847,71.898,0.0238
03.06.2019 16:52:00.000,71.897,71.898,71.847,71.888,0.0396
03.06.2019 16:53:00.000,71.868,71.878,71.848,71.868,0.0425
03.06.2019 16:54:00.000,71.877,71.918,71.858,71.898,0.0634
03.06.2019 16:55:00.000,71.898,71.967,71.897,71.958,0.0661
03.06.2019 16:56:00.000,71.967,71.988,71.908,71.908,0.0516
03.06.2019 16:57:00.000,71.908,71.917,71.867,71.868,0.0038
03.06.2019 16:58:00.000,71.868,71.898,71.867,71.868,0.0229
03.06.2019 16:59:00.000,71.867,71.868,71.807,71.838,0.0283
03.06.2019 17:00:00.000,71.838,71.898,71.837,71.848,0.1891
03.06.2019 17:01:00.000,71.838,71.858,71.777,71.788,0.1191
03.06.2019 17:02:00.000,71.798,71.818,71.757,71.817,0.0745
03.06.2019 17:03:00.000,71.817,71.908,71.808,71.878,0.2495
03.06.2019 17:04:00.000,71.887,71.928,71.877,71.878,0.1866
03.06.2019 17:05:00.000,71.888,71.928,71.857,71.928,0.0554
03.06.2019 17:06:00.000,71.948,71.948,71.877,71.928,0.0755
03.06.2019 17:07:00.000,71.947,71.998,71.938,71.997,0.1103
03.06.2019 17:08:00.000,71.987,71.998,71.968,71.977,0.0483
03.06.2019 17:09:00.000,72.008,72.088,72.008,72.077,0.1623
03.06.2019 17:10:00.000,72.078,72.098,72.047,72.058,0.0783
03.06.2019 17:11:00.000,72.057,72.068,72.007,72.008,0.0043
03.06.2019 17:12:00.000,72.007,72.048,72.007,72.028,0.0665
03.06.2019 17:13:00.000,72.028,72.108,72.027,72.038,0.1289
03.06.2019 17:14:00.000,72.048,72.068,72.037,72.048,0.0228
03.06.2019 17:15:00.000,72.058,72.108,72.037,72.097,0.0196
03.06.2019 17:16:00.000,72.098,72.108,72.047,72.108,0.1411
03.06.2019 17:17:00.000,72.107,72.128,72.107,72.108,0.0926
03.06.2019 17:18:00.000,72.108,72.118,72.057,72.068,0.1554
03.06.2019 17:19:00.000,72.068,72.068,72.028,72.028,0.1223
03.06.2019 17:20:00.000,72.048,72.048,71.977,71.978,0.0443
03.06.2019 17:21:00.000,71.977,71.978,71.947,71.957,0.1246
03.06.2019 17:22:00.000,71.957,72.008,71.957,71.978,0.1654
03.06.2019 17:23:00.000,71.978,72.048,71.977,72.047,0.0439
03.06.2019 17:24:00.000,72.048,72.048,72.017,72.037,0.0679
03.06.2019 17:25:00.000,72.038,72.358,72.037,72.358,0.1671
03.06.2019 17:26:00.000,72.357,72.418,72.277,72.277,0.0994
03.06.2019 17:27:00.000,72.278,72.278,72.167,72.218,0.0366
03.06.2019 17:28:00.000,72.228,72.258,72.037,72.058,0.3257
03.06.2019 17:29:00.000,72.058,72.158,72.048,72.137,0.23
03.06.2019 17:30:00.000,72.138,72.138,72.017,72.018,0.433
03.06.2019 17:31:00.000,72.018,72.018,71.897,71.907,0.1676
03.06.2019 17:32:00.000,71.898,72.038,71.897,71.978,0.2337
03.06.2019 17:33:00.000,71.998,72.058,71.977,72.027,0.1387
03.06.2019 17:34:00.000,72.028,72.028,71.938,71.948,0.0898
03.06.2019 17:35:00.000,71.947,72.018,71.947,72.008,0.099
03.06.2019 17:36:00.000,72.008,72.068,71.998,71.998,0.1529
03.06.2019 17:37:00.000,71.998,72.008,71.928,71.958,0.0546
03.06.2019 17:38:00.000,71.948,72.047,71.948,72.027,0.1323
03.06.2019 17:39:00.000,72.027,72.038,71.968,71.968,0.0876
03.06.2019 17:40:00.000,71.968,72.038,71.967,71.987,0.0798
03.06.2019 17:41:00.000,71.998,72.108,71.987,72.108,0.1187
03.06.2019 17:42:00.000,72.118,72.198,72.117,72.177,0.2104
03.06.2019 17:43:00.000,72.178,72.227,72.177,72.217,0.1165
03.06.2019 17:44:00.000,72.218,72.268,72.177,72.188,0.1732
03.06.2019 17:45:00.000,72.207,72.228,72.178,72.198,0.0694
03.06.2019 17:46:00.000,72.198,72.308,72.198,72.307,0.0623
03.06.2019 17:47:00.000,72.308,72.368,72.258,72.258,0.1242
03.06.2019 17:48:00.000,72.257,72.298,72.257,72.268,0.0377
03.06.2019 17:49:00.000,72.268,72.268,72.197,72.228,0.1445
03.06.2019 17:50:00.000,72.228,72.228,72.177,72.198,0.0481
03.06.2019 17:51:00.000,72.178,72.228,72.178,72.228,0.0071
03.06.2019 17:52:00.000,72.227,72.358,72.227,72.317,0.1467
03.06.2019 17:53:00.000,72.318,72.368,72.267,72.328,0.0959
03.06.2019 17:54:00.000,72.347,72.348,72.298,72.308,0.0628
03.06.2019 17:55:00.000,72.307,72.358,72.228,72.228,0.0869
03.06.2019 17:56:00.000,72.217,72.288,72.197,72.247,0.0596
03.06.2019 17:57:00.000,72.258,72.438,72.258,72.388,0.0493
03.06.2019 17:58:00.000,72.388,72.488,72.387,72.458,0.0692
03.06.2019 17:59:00.000,72.458,72.468,72.407,72.427,0.0764
03.06.2019 18:00:00.000,72.428,72.468,72.327,72.327,0.057
03.06.2019 18:01:00.000,72.327,72.398,72.317,72.378,0.0835
03.06.2019 18:02:00.000,72.377,72.468,72.337,72.468,0.1101
03.06.2019 18:03:00.000,72.467,72.498,72.437,72.458,0.0905
03.06.2019 18:04:00.000,72.438,72.478,72.398,72.478,0.0111
03.06.2019 18:05:00.000,72.477,72.478,72.417,72.448,0.1527
03.06.2019 18:06:00.000,72.467,72.468,72.397,72.397,0.0494
03.06.2019 18:07:00.000,72.408,72.448,72.378,72.418,0.0604
03.06.2019 18:08:00.000,72.427,72.488,72.417,72.488,0.0604
03.06.2019 18:09:00.000,72.498,72.588,72.498,72.587,0.1524
03.06.2019 18:10:00.000,72.588,72.608,72.537,72.538,0.0901
03.06.2019 18:11:00.000,72.538,72.548,72.447,72.448,0.0641
03.06.2019 18:12:00.000,72.457,72.478,72.418,72.438,0.0405
03.06.2019 18:13:00.000,72.437,72.457,72.357,72.357,0.0299
03.06.2019 18:14:00.000,72.358,72.448,72.357,72.388,0.1621
03.06.2019 18:15:00.000,72.398,72.408,72.357,72.387,0.0857
03.06.2019 18:16:00.000,72.388,72.388,72.297,72.308,0.0372
03.06.2019 18:17:00.000,72.308,72.328,72.287,72.308,0.0657
03.06.2019 18:18:00.000,72.327,72.328,72.198,72.198,0.1181
03.06.2019 18:19:00.000,72.217,72.328,72.208,72.288,0.1737
03.06.2019 18:20:00.000,72.287,72.358,72.287,72.348,0.1535
03.06.2019 18:21:00.000,72.357,72.378,72.337,72.367,0.1724
03.06.2019 18:22:00.000,72.348,72.378,72.327,72.348,0.0537
03.06.2019 18:23:00.000,72.347,72.348,72.268,72.278,0.1745
03.06.2019 18:24:00.000,72.277,72.348,72.247,72.348,0.1284
03.06.2019 18:25:00.000,72.358,72.378,72.287,72.318,0.17
03.06.2019 18:26:00.000,72.347,72.358,72.297,72.357,0.11
03.06.2019 18:27:00.000,72.358,72.358,72.288,72.327,0.0596
03.06.2019 18:28:00.000,72.328,72.368,72.287,72.287,0.031
03.06.2019 18:29:00.000,72.278,72.308,72.227,72.308,0.0881
03.06.2019 18:30:00.000,72.318,72.408,72.307,72.308,0.1751
03.06.2019 18:31:00.000,72.308,72.368,72.307,72.347,0.0655
03.06.2019 18:32:00.000,72.348,72.398,72.307,72.328,0.2049
03.06.2019 18:33:00.000,72.328,72.348,72.227,72.258,0.0593
03.06.2019 18:34:00.000,72.257,72.277,72.167,72.167,0.1758
03.06.2019 18:35:00.000,72.168,72.208,72.157,72.178,0.1666
03.06.2019 18:36:00.000,72.188,72.218,72.157,72.218,0.0737
03.06.2019 18:37:00.000,72.238,72.268,72.198,72.208,0.1544
03.06.2019 18:38:00.000,72.198,72.217,72.157,72.177,0.2143
03.06.2019 18:39:00.000,72.168,72.238,72.157,72.218,0.1039
03.06.2019 18:40:00.000,72.218,72.248,72.177,72.218,0.0939
03.06.2019 18:41:00.000,72.218,72.238,72.170,72.188,0.1023
03.06.2019 18:42:00.000,72.188,72.258,72.187,72.248,0.0776
03.06.2019 18:43:00.000,72.238,72.278,72.208,72.258,0.1699
03.06.2019 18:44:00.000,72.258,72.258,72.177,72.217,0.0729
03.06.2019 18:45:00.000,72.218,72.288,72.218,72.248,0.1717
03.06.2019 18:46:00.000,72.248,72.268,72.197,72.198,0.0737
03.06.2019 18:47:00.000,72.198,72.228,72.157,72.157,0.0088
03.06.2019 18:48:00.000,72.158,72.168,72.117,72.118,0.13
03.06.2019 18:49:00.000,72.117,72.138,72.117,72.118,0.0063
03.06.2019 18:50:00.000,72.118,72.128,72.077,72.107,0.0591
03.06.2019 18:51:00.000,72.107,72.107,72.047,72.048,0.0693
03.06.2019 18:52:00.000,72.048,72.048,72.007,72.037,0.0484
03.06.2019 18:53:00.000,72.038,72.058,72.008,72.008,0.0232
03.06.2019 18:54:00.000,72.018,72.038,71.987,71.998,0.2137
03.06.2019 18:55:00.000,71.997,72.038,71.987,72.028,0.1138
03.06.2019 18:56:00.000,72.038,72.058,71.998,72.008,0.1313
03.06.2019 18:57:00.000,72.007,72.028,71.997,71.997,0.0587
03.06.2019 18:58:00.000,71.998,71.998,71.967,71.968,0.0208
03.06.2019 18:59:00.000,71.968,72.108,71.947,72.088,0.1329
03.06.2019 19:00:00.000,72.107,72.128,72.017,72.017,0.173
03.06.2019 19:01:00.000,71.998,72.007,71.957,71.958,0.0789
03.06.2019 19:02:00.000,71.957,72.008,71.957,71.968,0.1013
03.06.2019 19:03:00.000,71.998,72.038,71.897,71.898,0.0821
03.06.2019 19:04:00.000,71.898,71.948,71.887,71.917,0.2416
03.06.2019 19:05:00.000,71.918,72.018,71.917,72.017,0.0599
03.06.2019 19:06:00.000,72.018,72.058,71.997,71.997,0.0554
03.06.2019 19:07:00.000,71.998,72.048,71.977,71.977,0.3027
03.06.2019 19:08:00.000,71.978,72.038,71.968,72.018,0.2099
03.06.2019 19:09:00.000,72.017,72.018,71.957,71.958,0.1058
03.06.2019 19:10:00.000,71.958,72.008,71.937,71.988,0.1143
03.06.2019 19:11:00.000,71.987,72.018,71.948,71.967,0.1392
03.06.2019 19:12:00.000,71.968,72.018,71.947,72.008,0.2048
03.06.2019 19:13:00.000,72.018,72.068,72.008,72.068,0.2874
03.06.2019 19:14:00.000,72.068,72.198,72.058,72.178,0.2574
03.06.2019 19:15:00.000,72.177,72.198,72.127,72.128,0.1271
03.06.2019 19:16:00.000,72.128,72.137,72.047,72.068,0.1321
03.06.2019 19:17:00.000,72.058,72.058,71.987,71.987,0.0579
03.06.2019 19:18:00.000,71.997,72.048,71.987,72.047,0.0881
03.06.2019 19:19:00.000,72.048,72.108,72.047,72.077,0.1022
03.06.2019 19:20:00.000,72.077,72.138,72.017,72.107,0.1073
03.06.2019 19:21:00.000,72.117,72.188,72.107,72.148,0.0906
03.06.2019 19:22:00.000,72.148,72.148,72.067,72.108,0.1441
03.06.2019 19:23:00.000,72.108,72.198,72.108,72.198,0.1194
03.06.2019 19:24:00.000,72.198,72.218,72.058,72.058,0.1544
03.06.2019 19:25:00.000,72.057,72.068,71.987,72.068,0.2344
03.06.2019 19:26:00.000,72.058,72.068,71.948,72.008,0.174
03.06.2019 19:27:00.000,72.007,72.028,71.937,72.028,0.1079
03.06.2019 19:28:00.000,72.027,72.078,71.997,72.078,0.1164
03.06.2019 19:29:00.000,72.097,72.108,71.988,71.998,0.3826
03.06.2019 19:30:00.000,71.998,71.998,71.878,71.898,0.2198
03.06.2019 19:31:00.000,71.898,71.918,71.827,71.888,0.1982
03.06.2019 19:32:00.000,71.878,71.888,71.798,71.878,0.1934
03.06.2019 19:33:00.000,71.877,71.908,71.817,71.888,0.0884
03.06.2019 19:34:00.000,71.887,71.978,71.877,71.948,0.1145
03.06.2019 19:35:00.000,71.957,72.018,71.927,71.958,0.2591
03.06.2019 19:36:00.000,71.958,71.998,71.877,71.907,0.1439
03.06.2019 19:37:00.000,71.907,71.948,71.868,71.898,0.2394
03.06.2019 19:38:00.000,71.907,71.988,71.898,71.978,0.2275
03.06.2019 19:39:00.000,71.978,71.978,71.867,71.938,0.2057
03.06.2019 19:40:00.000,71.948,71.998,71.938,71.987,0.1546
03.06.2019 19:41:00.000,71.988,72.038,71.917,71.917,0.2851
03.06.2019 19:42:00.000,71.918,72.058,71.918,72.017,0.2108
03.06.2019 19:43:00.000,72.018,72.068,71.968,72.007,0.1812
03.06.2019 19:44:00.000,72.008,72.058,71.998,72.048,0.2522
03.06.2019 19:45:00.000,72.038,72.128,72.037,72.078,0.2904
03.06.2019 19:46:00.000,72.078,72.118,71.977,71.978,0.2845
03.06.2019 19:47:00.000,71.978,71.998,71.948,71.987,0.2518
03.06.2019 19:48:00.000,71.988,71.988,71.948,71.978,0.1109
03.06.2019 19:49:00.000,71.978,72.068,71.958,72.027,0.1772
03.06.2019 19:50:00.000,72.027,72.058,71.977,72.008,0.2226
03.06.2019 19:51:00.000,72.007,72.058,71.957,71.988,0.2266
03.06.2019 19:52:00.000,71.988,71.988,71.887,71.898,0.1984
03.06.2019 19:53:00.000,71.887,71.898,71.808,71.808,0.2469
03.06.2019 19:54:00.000,71.807,71.898,71.807,71.898,0.1829
03.06.2019 19:55:00.000,71.898,72.048,71.897,72.048,0.42
03.06.2019 19:56:00.000,72.048,72.048,71.977,72.008,0.3423
03.06.2019 19:57:00.000,72.018,72.048,71.997,72.048,0.23
03.06.2019 19:58:00.000,72.047,72.108,72.028,72.098,0.4397
03.06.2019 19:59:00.000,72.097,72.097,71.938,71.998,0.5406
04.06.2019 13:30:00.000,72.427,72.578,72.427,72.568,0.0609
04.06.2019 13:31:00.000,72.587,72.658,72.557,72.618,0.1067
04.06.2019 13:32:00.000,72.658,72.668,72.607,72.668,0.0261
04.06.2019 13:33:00.000,72.688,73.145,72.688,73.088,0.0117
04.06.2019 13:34:00.000,73.078,73.178,72.988,73.058,0.1824
04.06.2019 13:35:00.000,73.058,73.368,73.058,73.148,0.0772
04.06.2019 13:36:00.000,73.148,73.268,73.087,73.188,0.0736
04.06.2019 13:37:00.000,73.187,73.188,72.868,72.928,0.0694
04.06.2019 13:38:00.000,72.927,72.927,72.738,72.738,0.0575
04.06.2019 13:39:00.000,72.738,72.738,72.617,72.678,0.0702
04.06.2019 13:40:00.000,72.678,72.788,72.678,72.688,0.0408
04.06.2019 13:41:00.000,72.688,72.707,72.658,72.687,0.0723
04.06.2019 13:42:00.000,72.697,72.798,72.657,72.657,0.0594
04.06.2019 13:43:00.000,72.657,72.658,72.587,72.617,0.0966
04.06.2019 13:44:00.000,72.617,72.618,72.487,72.558,0.1652
04.06.2019 13:45:00.000,72.558,72.688,72.527,72.577,0.1326
04.06.2019 13:46:00.000,72.578,72.588,72.537,72.548,0.0349
04.06.2019 13:47:00.000,72.547,72.698,72.468,72.647,0.1655
04.06.2019 13:48:00.000,72.648,72.718,72.647,72.697,0.0921
04.06.2019 13:49:00.000,72.698,72.758,72.687,72.688,0.1167
04.06.2019 13:50:00.000,72.688,72.738,72.617,72.708,0.0886
04.06.2019 13:51:00.000,72.708,72.708,72.617,72.618,0.0592
04.06.2019 13:52:00.000,72.618,72.618,72.347,72.367,0.1202
04.06.2019 13:53:00.000,72.368,72.478,72.298,72.478,0.0492
04.06.2019 13:54:00.000,72.478,72.538,72.457,72.508,0.0885
04.06.2019 13:55:00.000,72.508,72.788,72.508,72.747,0.2418
04.06.2019 13:56:00.000,72.747,72.747,72.628,72.678,0.0736
04.06.2019 13:57:00.000,72.678,72.717,72.557,72.628,0.0773
04.06.2019 13:58:00.000,72.648,72.668,72.577,72.588,0.0856
04.06.2019 13:59:00.000,72.558,72.578,72.487,72.498,0.0228
04.06.2019 14:00:00.000,72.498,72.498,72.328,72.357,0.1542
04.06.2019 14:01:00.000,72.358,72.478,72.348,72.427,0.1075
04.06.2019 14:02:00.000,72.427,72.548,72.427,72.548,0.1503
04.06.2019 14:03:00.000,72.547,72.548,72.497,72.528,0.067
04.06.2019 14:04:00.000,72.527,72.538,72.428,72.468,0.1651
04.06.2019 14:05:00.000,72.477,72.577,72.428,72.428,0.1654
04.06.2019 14:06:00.000,72.428,72.428,72.247,72.248,0.2275
04.06.2019 14:07:00.000,72.247,72.338,72.247,72.337,0.1111
04.06.2019 14:08:00.000,72.337,72.348,72.227,72.298,0.1481
04.06.2019 14:09:00.000,72.308,72.348,72.237,72.248,0.1442
04.06.2019 14:10:00.000,72.238,72.358,72.238,72.327,0.1193
04.06.2019 14:11:00.000,72.337,72.348,72.307,72.318,0.1083
04.06.2019 14:12:00.000,72.327,72.458,72.327,72.378,0.1049
04.06.2019 14:13:00.000,72.388,72.518,72.388,72.467,0.1759
04.06.2019 14:14:00.000,72.467,72.648,72.467,72.647,0.0703
04.06.2019 14:15:00.000,72.657,72.778,72.648,72.698,0.2364
04.06.2019 14:16:00.000,72.707,72.768,72.697,72.768,0.1367
04.06.2019 14:17:00.000,72.777,72.868,72.748,72.758,0.115
04.06.2019 14:18:00.000,72.758,72.828,72.728,72.817,0.2274
04.06.2019 14:19:00.000,72.818,72.858,72.757,72.757,0.0972
04.06.2019 14:20:00.000,72.758,72.798,72.707,72.727,0.2111
04.06.2019 14:21:00.000,72.728,72.728,72.588,72.588,0.1412
04.06.2019 14:22:00.000,72.588,72.688,72.547,72.668,0.2369
04.06.2019 14:23:00.000,72.708,72.778,72.687,72.738,0.0584
04.06.2019 14:24:00.000,72.728,72.758,72.607,72.758,0.1772
04.06.2019 14:25:00.000,72.757,72.898,72.748,72.888,0.2126
04.06.2019 14:26:00.000,72.888,72.958,72.877,72.878,0.1866
04.06.2019 14:27:00.000,72.888,73.197,72.878,73.178,0.1491
04.06.2019 14:28:00.000,73.187,73.268,73.187,73.197,0.1011
04.06.2019 14:29:00.000,73.228,73.238,73.107,73.108,0.1099
04.06.2019 14:30:00.000,73.107,73.118,73.038,73.058,0.0923
04.06.2019 14:31:00.000,73.077,73.128,73.007,73.007,0.3332
04.06.2019 14:32:00.000,73.018,73.018,72.867,72.948,0.0797
04.06.2019 14:33:00.000,72.948,73.038,72.938,72.998,0.1158
04.06.2019 14:34:00.000,72.997,73.017,72.937,73.017,0.0775
04.06.2019 14:35:00.000,73.018,73.048,72.957,72.997,0.1191
04.06.2019 14:36:00.000,72.998,73.038,72.927,72.928,0.2069
04.06.2019 14:37:00.000,72.937,72.998,72.937,72.948,0.1093
04.06.2019 14:38:00.000,72.947,72.978,72.907,72.947,0.0958
04.06.2019 14:39:00.000,72.957,72.978,72.897,72.898,0.0716
04.06.2019 14:40:00.000,72.898,72.928,72.867,72.867,0.117
04.06.2019 14:41:00.000,72.868,72.998,72.868,72.938,0.0959
04.06.2019 14:42:00.000,72.938,73.038,72.927,72.997,0.1322
04.06.2019 14:43:00.000,72.998,73.047,72.977,73.038,0.0729
04.06.2019 14:44:00.000,73.038,73.078,72.998,73.008,0.1071
04.06.2019 14:45:00.000,73.008,73.048,72.928,72.958,0.1066
04.06.2019 14:46:00.000,72.958,72.978,72.907,72.937,0.0848
04.06.2019 14:47:00.000,72.938,73.058,72.937,73.047,0.0671
04.06.2019 14:48:00.000,73.048,73.188,73.048,73.178,0.092
04.06.2019 14:49:00.000,73.167,73.207,73.138,73.147,0.0366
04.06.2019 14:50:00.000,73.148,73.227,73.147,73.218,0.086
04.06.2019 14:51:00.000,73.218,73.288,73.167,73.217,0.1253
04.06.2019 14:52:00.000,73.218,73.218,73.127,73.127,0.0694
04.06.2019 14:53:00.000,73.128,73.198,73.097,73.108,0.0274
04.06.2019 14:54:00.000,73.108,73.118,73.067,73.067,0.0902
04.06.2019 14:55:00.000,73.068,73.177,73.068,73.138,0.0148
04.06.2019 14:56:00.000,73.138,73.168,73.067,73.168,0.0965
04.06.2019 14:57:00.000,73.167,73.228,73.138,73.198,0.1292
04.06.2019 14:58:00.000,73.198,73.228,73.138,73.208,0.0438
04.06.2019 14:59:00.000,73.208,73.248,73.198,73.217,0.0597
04.06.2019 15:00:00.000,73.218,73.238,73.158,73.228,0.0388
04.06.2019 15:01:00.000,73.237,73.348,73.237,73.348,0.0902
04.06.2019 15:02:00.000,73.338,73.338,73.277,73.277,0.0355
04.06.2019 15:03:00.000,73.278,73.318,73.277,73.307,0.1249
04.06.2019 15:04:00.000,73.298,73.358,73.277,73.358,0.073
04.06.2019 15:05:00.000,73.358,73.418,73.358,73.418,0.1423
04.06.2019 15:06:00.000,73.427,73.468,73.397,73.397,0.0806
04.06.2019 15:07:00.000,73.398,73.398,73.328,73.348,0.0503
04.06.2019 15:08:00.000,73.348,73.408,73.297,73.398,0.1078
04.06.2019 15:09:00.000,73.397,73.428,73.378,73.418,0.1089
04.06.2019 15:10:00.000,73.428,73.438,73.348,73.357,0.1088
04.06.2019 15:11:00.000,73.358,73.388,73.337,73.348,0.0063
04.06.2019 15:12:00.000,73.358,73.388,73.288,73.298,0.1839
04.06.2019 15:13:00.000,73.297,73.318,73.257,73.278,0.0244
04.06.2019 15:14:00.000,73.277,73.348,73.277,73.318,0.098
04.06.2019 15:15:00.000,73.318,73.358,73.218,73.227,0.162
04.06.2019 15:16:00.000,73.227,73.308,73.227,73.257,0.1802
04.06.2019 15:17:00.000,73.258,73.298,73.237,73.238,0.1013
04.06.2019 15:18:00.000,73.237,73.268,73.217,73.257,0.0646
04.06.2019 15:19:00.000,73.267,73.268,73.207,73.218,0.0672
04.06.2019 15:20:00.000,73.217,73.268,73.217,73.228,0.1236
04.06.2019 15:21:00.000,73.228,73.358,73.217,73.348,0.1004
04.06.2019 15:22:00.000,73.347,73.348,73.247,73.278,0.118
04.06.2019 15:23:00.000,73.277,73.428,73.277,73.398,0.0931
04.06.2019 15:24:00.000,73.398,73.408,73.347,73.397,0.086
04.06.2019 15:25:00.000,73.398,73.428,73.398,73.407,0.0153
04.06.2019 15:26:00.000,73.398,73.438,73.378,73.398,0.1154
04.06.2019 15:27:00.000,73.408,73.478,73.408,73.438,0.0425
04.06.2019 15:28:00.000,73.437,73.568,73.437,73.548,0.0814
04.06.2019 15:29:00.000,73.547,73.568,73.467,73.467,0.08
04.06.2019 15:30:00.000,73.468,73.478,73.438,73.438,0.0688
04.06.2019 15:31:00.000,73.438,73.448,73.357,73.357,0.0148
04.06.2019 15:32:00.000,73.358,73.458,73.357,73.458,0.1151
04.06.2019 15:33:00.000,73.458,73.498,73.417,73.498,0.0822
04.06.2019 15:34:00.000,73.487,73.528,73.477,73.527,0.0089
04.06.2019 15:35:00.000,73.518,73.538,73.467,73.497,0.0413
04.06.2019 15:36:00.000,73.508,73.518,73.447,73.447,0.0286
04.06.2019 15:37:00.000,73.448,73.477,73.437,73.438,0.0188
04.06.2019 15:38:00.000,73.438,73.448,73.387,73.388,0.0654
04.06.2019 15:39:00.000,73.388,73.388,73.347,73.348,0.0269
04.06.2019 15:40:00.000,73.347,73.388,73.347,73.368,0.0484
04.06.2019 15:41:00.000,73.368,73.398,73.367,73.368,0.0654
04.06.2019 15:42:00.000,73.367,73.367,73.267,73.268,0.0418
04.06.2019 15:43:00.000,73.267,73.288,73.257,73.278,0.0181
04.06.2019 15:44:00.000,73.277,73.298,73.257,73.268,0.049
04.06.2019 15:45:00.000,73.268,73.338,73.267,73.268,0.0702
04.06.2019 15:46:00.000,73.267,73.298,73.267,73.297,0.0229
04.06.2019 15:47:00.000,73.298,73.338,73.298,73.318,0.0849
04.06.2019 15:48:00.000,73.318,73.358,73.318,73.338,0.1064
04.06.2019 15:49:00.000,73.347,73.388,73.347,73.388,0.0296
04.06.2019 15:50:00.000,73.387,73.388,73.308,73.318,0.1163
04.06.2019 15:51:00.000,73.317,73.388,73.317,73.368,0.0951
04.06.2019 15:52:00.000,73.367,73.398,73.367,73.387,0.037
04.06.2019 15:53:00.000,73.387,73.438,73.387,73.408,0.0754
04.06.2019 15:54:00.000,73.418,73.438,73.377,73.388,0.034
04.06.2019 15:55:00.000,73.407,73.428,73.377,73.378,0.0766
04.06.2019 15:56:00.000,73.377,73.398,73.337,73.337,0.0752
04.06.2019 15:57:00.000,73.338,73.338,73.317,73.338,0.0243
04.06.2019 15:58:00.000,73.337,73.378,73.317,73.368,0.0322
04.06.2019 15:59:00.000,73.368,73.368,73.297,73.318,0.0069
04.06.2019 16:00:00.000,73.318,73.338,73.227,73.258,0.0749
04.06.2019 16:01:00.000,73.258,73.258,73.197,73.197,0.0269
04.06.2019 16:02:00.000,73.198,73.198,73.117,73.118,0.1002
04.06.2019 16:03:00.000,73.118,73.118,73.047,73.048,0.0933
04.06.2019 16:04:00.000,73.058,73.088,73.027,73.088,0.0068
04.06.2019 16:05:00.000,73.087,73.088,73.057,73.068,0.0131
04.06.2019 16:06:00.000,73.068,73.097,73.017,73.097,0.0642
04.06.2019 16:07:00.000,73.097,73.098,73.057,73.098,0.0479
04.06.2019 16:08:00.000,73.097,73.128,73.037,73.058,0.0767
04.06.2019 16:09:00.000,73.058,73.107,73.047,73.097,0.0216
04.06.2019 16:10:00.000,73.098,73.108,73.067,73.088,0.1035
04.06.2019 16:11:00.000,73.088,73.088,73.047,73.048,0.0677
04.06.2019 16:12:00.000,73.048,73.048,72.997,73.008,0.0673
04.06.2019 16:13:00.000,73.008,73.048,72.988,73.037,0.0878
04.06.2019 16:14:00.000,73.047,73.068,73.018,73.068,0.1044
04.06.2019 16:15:00.000,73.068,73.068,73.008,73.048,0.0527
04.06.2019 16:16:00.000,73.047,73.078,73.017,73.067,0.0357
04.06.2019 16:17:00.000,73.068,73.068,73.017,73.058,0.0472
04.06.2019 16:18:00.000,73.058,73.058,73.008,73.048,0.1119
04.06.2019 16:19:00.000,73.048,73.138,73.048,73.137,0.0658
04.06.2019 16:20:00.000,73.147,73.188,73.147,73.188,0.065
04.06.2019 16:21:00.000,73.187,73.198,73.148,73.187,0.0795
04.06.2019 16:22:00.000,73.188,73.198,73.168,73.187,0.0944
04.06.2019 16:23:00.000,73.187,73.218,73.177,73.218,0.0522
04.06.2019 16:24:00.000,73.217,73.217,73.168,73.168,0.0119
04.06.2019 16:25:00.000,73.177,73.208,73.177,73.188,0.0174
04.06.2019 16:26:00.000,73.188,73.188,73.177,73.178,0.0911
04.06.2019 16:27:00.000,73.177,73.177,73.147,73.158,0.1167
04.06.2019 16:28:00.000,73.158,73.168,73.087,73.088,0.0916
04.06.2019 16:29:00.000,73.087,73.118,73.077,73.097,0.0284
04.06.2019 16:30:00.000,73.117,73.138,73.107,73.137,0.1491
04.06.2019 16:31:00.000,73.138,73.148,73.027,73.027,0.0687
04.06.2019 16:32:00.000,73.028,73.038,72.988,72.997,0.1447
04.06.2019 16:33:00.000,72.998,73.008,72.948,72.948,0.0891
04.06.2019 16:34:00.000,72.947,72.978,72.947,72.948,0.0523
04.06.2019 16:35:00.000,72.947,72.968,72.947,72.948,0.0987
04.06.2019 16:36:00.000,72.948,73.008,72.947,73.008,0.1151
04.06.2019 16:37:00.000,73.007,73.008,72.937,72.937,0.0739
04.06.2019 16:38:00.000,72.938,72.968,72.938,72.958,0.0451
04.06.2019 16:39:00.000,72.948,72.958,72.927,72.958,0.0373
04.06.2019 16:40:00.000,72.948,73.048,72.947,73.028,0.1631
04.06.2019 16:41:00.000,73.028,73.048,73.008,73.038,0.067
04.06.2019 16:42:00.000,73.038,73.088,73.037,73.088,0.095
04.06.2019 16:43:00.000,73.087,73.128,73.087,73.127,0.1272
04.06.2019 16:44:00.000,73.127,73.138,73.107,73.107,0.0032
04.06.2019 16:45:00.000,73.108,73.148,73.107,73.127,0.0788
04.06.2019 16:46:00.000,73.127,73.158,73.087,73.157,0.0383
04.06.2019 16:47:00.000,73.158,73.208,73.157,73.187,0.0613
04.06.2019 16:48:00.000,73.188,73.217,73.177,73.178,0.0506
04.06.2019 16:49:00.000,73.178,73.178,73.067,73.078,0.0775
04.06.2019 16:50:00.000,73.078,73.138,73.068,73.138,0.0838
04.06.2019 16:51:00.000,73.128,73.138,73.088,73.138,0.1227
04.06.2019 16:52:00.000,73.137,73.198,73.137,73.177,0.0612
04.06.2019 16:53:00.000,73.178,73.198,73.128,73.138,0.124
04.06.2019 16:54:00.000,73.138,73.198,73.127,73.137,0.0478
04.06.2019 16:55:00.000,73.148,73.218,73.147,73.188,0.0627
04.06.2019 16:56:00.000,73.177,73.178,73.128,73.138,0.0607
04.06.2019 16:57:00.000,73.138,73.148,73.107,73.137,0.0241
04.06.2019 16:58:00.000,73.138,73.178,73.108,73.108,0.1872
04.06.2019 16:59:00.000,73.117,73.118,73.087,73.108,0.041
04.06.2019 17:00:00.000,73.108,73.128,73.107,73.128,0.0351
04.06.2019 17:01:00.000,73.127,73.168,73.118,73.158,0.0749
04.06.2019 17:02:00.000,73.158,73.188,73.157,73.158,0.014
04.06.2019 17:03:00.000,73.157,73.198,73.157,73.168,0.0979
04.06.2019 17:04:00.000,73.167,73.168,73.137,73.168,0.1547
04.06.2019 17:05:00.000,73.188,73.188,73.157,73.158,0.0744
04.06.2019 17:06:00.000,73.157,73.177,73.157,73.168,0.092
04.06.2019 17:07:00.000,73.168,73.188,73.157,73.178,0.0879
04.06.2019 17:08:00.000,73.178,73.178,73.127,73.138,0.1426
04.06.2019 17:09:00.000,73.158,73.218,73.157,73.207,0.1064
04.06.2019 17:10:00.000,73.208,73.248,73.198,73.198,0.0191
04.06.2019 17:11:00.000,73.208,73.208,73.197,73.207,0.0099
04.06.2019 17:12:00.000,73.208,73.208,73.157,73.168,0.0601
04.06.2019 17:13:00.000,73.168,73.207,73.168,73.178,0.0859
04.06.2019 17:14:00.000,73.197,73.218,73.178,73.178,0.0677
04.06.2019 17:15:00.000,73.177,73.188,73.157,73.188,0.077
04.06.2019 17:16:00.000,73.168,73.208,73.128,73.138,0.0997
04.06.2019 17:17:00.000,73.138,73.168,73.128,73.128,0.0423
04.06.2019 17:18:00.000,73.127,73.128,73.077,73.118,0.0236
04.06.2019 17:19:00.000,73.117,73.118,73.037,73.038,0.0484
04.06.2019 17:20:00.000,73.037,73.078,73.017,73.027,0.1241
04.06.2019 17:21:00.000,73.027,73.078,73.027,73.057,0.0178
04.06.2019 17:22:00.000,73.068,73.068,73.018,73.028,0.083
04.06.2019 17:23:00.000,73.028,73.088,73.028,73.078,0.0656
04.06.2019 17:24:00.000,73.088,73.128,73.088,73.098,0.0501
04.06.2019 17:25:00.000,73.098,73.128,73.097,73.108,0.103
04.06.2019 17:26:00.000,73.107,73.107,73.037,73.078,0.1074
04.06.2019 17:27:00.000,73.078,73.087,73.057,73.058,0.1123
04.06.2019 17:28:00.000,73.058,73.078,73.038,73.038,0.0706
04.06.2019 17:29:00.000,73.057,73.068,73.037,73.048,0.0407
04.06.2019 17:30:00.000,73.038,73.078,73.028,73.047,0.0826
04.06.2019 17:31:00.000,73.048,73.058,73.007,73.058,0.0816
04.06.2019 17:32:00.000,73.058,73.078,73.028,73.028,0.0671
04.06.2019 17:33:00.000,73.027,73.058,73.017,73.028,0.0693
04.06.2019 17:34:00.000,73.028,73.048,73.018,73.028,0.0909
04.06.2019 17:35:00.000,73.027,73.028,72.997,72.997,0.0639
04.06.2019 17:36:00.000,72.997,72.998,72.868,72.868,0.1308
04.06.2019 17:37:00.000,72.867,72.868,72.827,72.848,0.0503
04.06.2019 17:38:00.000,72.848,72.868,72.827,72.828,0.0169
04.06.2019 17:39:00.000,72.827,72.888,72.817,72.868,0.0301
04.06.2019 17:40:00.000,72.868,72.888,72.857,72.877,0.0554
04.06.2019 17:41:00.000,72.878,72.938,72.878,72.937,0.0222
04.06.2019 17:42:00.000,72.937,72.938,72.877,72.878,0.0936
04.06.2019 17:43:00.000,72.878,72.878,72.827,72.857,0.0796
04.06.2019 17:44:00.000,72.857,72.898,72.827,72.878,0.0642
04.06.2019 17:45:00.000,72.878,72.898,72.847,72.858,0.0472
04.06.2019 17:46:00.000,72.857,72.908,72.848,72.898,0.037
04.06.2019 17:47:00.000,72.898,72.908,72.848,72.858,0.0737
04.06.2019 17:48:00.000,72.858,72.908,72.858,72.908,0.0044
04.06.2019 17:49:00.000,72.907,72.918,72.907,72.918,0.0394
04.06.2019 17:50:00.000,72.917,72.948,72.917,72.928,0.0318
04.06.2019 17:51:00.000,72.928,72.928,72.878,72.878,0.1178
04.06.2019 17:52:00.000,72.877,72.878,72.848,72.868,0.0728
04.06.2019 17:53:00.000,72.867,72.888,72.847,72.848,0.0215
04.06.2019 17:54:00.000,72.877,72.877,72.827,72.828,0.0036
04.06.2019 17:55:00.000,72.818,72.838,72.817,72.828,0.046
04.06.2019 17:56:00.000,72.828,72.828,72.807,72.818,0.0136
04.06.2019 17:57:00.000,72.818,72.828,72.767,72.768,0.1277
04.06.2019 17:58:00.000,72.768,72.838,72.768,72.837,0.0595
04.06.2019 17:59:00.000,72.847,72.898,72.837,72.878,0.0714
04.06.2019 18:00:00.000,72.878,72.878,72.857,72.868,0.0283
04.06.2019 18:01:00.000,72.868,72.878,72.847,72.848,0.1066
04.06.2019 18:02:00.000,72.847,72.847,72.797,72.828,0.0558
04.06.2019 18:03:00.000,72.827,72.838,72.807,72.817,0.1717
04.06.2019 18:04:00.000,72.818,72.898,72.807,72.877,0.1292
04.06.2019 18:05:00.000,72.878,72.908,72.868,72.908,0.1859
04.06.2019 18:06:00.000,72.908,72.908,72.877,72.898,0.0872
04.06.2019 18:07:00.000,72.898,72.898,72.868,72.888,0.0354
04.06.2019 18:08:00.000,72.887,72.938,72.887,72.918,0.1067
04.06.2019 18:09:00.000,72.917,72.937,72.917,72.918,0.0615
04.06.2019 18:10:00.000,72.928,72.948,72.907,72.908,0.0492
04.06.2019 18:11:00.000,72.908,72.968,72.887,72.947,0.0327
04.06.2019 18:12:00.000,72.948,72.978,72.927,72.937,0.0502
04.06.2019 18:13:00.000,72.938,72.948,72.898,72.898,0.0804
04.06.2019 18:14:00.000,72.898,72.928,72.887,72.908,0.0777
04.06.2019 18:15:00.000,72.908,72.908,72.857,72.868,0.1231
04.06.2019 18:16:00.000,72.868,72.958,72.867,72.958,0.1109
04.06.2019 18:17:00.000,72.958,72.958,72.927,72.948,0.1307
04.06.2019 18:18:00.000,72.947,72.998,72.937,72.987,0.0766
04.06.2019 18:19:00.000,72.988,73.048,72.987,73.017,0.0597
04.06.2019 18:20:00.000,73.017,73.068,73.017,73.068,0.0515
04.06.2019 18:21:00.000,73.058,73.088,73.047,73.048,0.0924
04.06.2019 18:22:00.000,73.048,73.078,73.048,73.067,0.066
04.06.2019 18:23:00.000,73.068,73.098,73.008,73.027,0.102
04.06.2019 18:24:00.000,73.028,73.048,73.007,73.037,0.1003
04.06.2019 18:25:00.000,73.038,73.098,73.037,73.048,0.0593
04.06.2019 18:26:00.000,73.047,73.108,73.047,73.108,0.052
04.06.2019 18:27:00.000,73.107,73.158,73.087,73.127,0.0519
04.06.2019 18:28:00.000,73.128,73.128,73.078,73.078,0.052
04.06.2019 18:29:00.000,73.078,73.117,73.067,73.117,0.1565
04.06.2019 18:30:00.000,73.118,73.188,73.117,73.177,0.1092
04.06.2019 18:31:00.000,73.177,73.187,73.157,73.158,0.0612
04.06.2019 18:32:00.000,73.177,73.188,73.107,73.107,0.194
04.06.2019 18:33:00.000,73.108,73.118,73.087,73.088,0.1114
04.06.2019 18:34:00.000,73.087,73.138,73.087,73.137,0.0914
04.06.2019 18:35:00.000,73.138,73.198,73.138,73.188,0.1446
04.06.2019 18:36:00.000,73.198,73.228,73.187,73.188,0.0903
04.06.2019 18:37:00.000,73.187,73.238,73.187,73.238,0.0278
04.06.2019 18:38:00.000,73.237,73.298,73.237,73.288,0.0683
04.06.2019 18:39:00.000,73.287,73.308,73.268,73.308,0.0989
04.06.2019 18:40:00.000,73.308,73.338,73.307,73.337,0.1416
04.06.2019 18:41:00.000,73.338,73.388,73.337,73.388,0.0795
04.06.2019 18:42:00.000,73.387,73.398,73.377,73.388,0.0855
04.06.2019 18:43:00.000,73.377,73.378,73.357,73.358,0.1159
04.06.2019 18:44:00.000,73.357,73.358,73.307,73.318,0.0056
04.06.2019 18:45:00.000,73.317,73.368,73.317,73.358,0.0744
04.06.2019 18:46:00.000,73.358,73.358,73.327,73.337,0.0804
04.06.2019 18:47:00.000,73.338,73.338,73.317,73.337,0.0712
04.06.2019 18:48:00.000,73.338,73.348,73.307,73.318,0.0826
04.06.2019 18:49:00.000,73.317,73.348,73.297,73.338,0.1599
04.06.2019 18:50:00.000,73.337,73.368,73.297,73.298,0.1293
04.06.2019 18:51:00.000,73.298,73.348,73.297,73.348,0.1214
04.06.2019 18:52:00.000,73.347,73.348,73.287,73.288,0.1031
04.06.2019 18:53:00.000,73.298,73.328,73.287,73.288,0.0548
04.06.2019 18:54:00.000,73.308,73.377,73.307,73.368,0.0402
04.06.2019 18:55:00.000,73.368,73.398,73.368,73.398,0.082
04.06.2019 18:56:00.000,73.397,73.418,73.387,73.418,0.0448
04.06.2019 18:57:00.000,73.417,73.418,73.347,73.348,0.0963
04.06.2019 18:58:00.000,73.347,73.378,73.347,73.368,0.0251
04.06.2019 18:59:00.000,73.367,73.398,73.337,73.388,0.1092
04.06.2019 19:00:00.000,73.387,73.448,73.387,73.447,0.0366
04.06.2019 19:01:00.000,73.448,73.448,73.387,73.387,0.1236
04.06.2019 19:02:00.000,73.388,73.418,73.347,73.358,0.0667
04.06.2019 19:03:00.000,73.357,73.388,73.357,73.388,0.0277
04.06.2019 19:04:00.000,73.387,73.418,73.377,73.388,0.071
04.06.2019 19:05:00.000,73.387,73.408,73.377,73.407,0.0383
04.06.2019 19:06:00.000,73.408,73.428,73.367,73.398,0.0703
04.06.2019 19:07:00.000,73.397,73.418,73.378,73.417,0.0881
04.06.2019 19:08:00.000,73.418,73.467,73.418,73.458,0.0144
04.06.2019 19:09:00.000,73.458,73.458,73.437,73.448,0.0855
04.06.2019 19:10:00.000,73.447,73.498,73.447,73.498,0.1033
04.06.2019 19:11:00.000,73.497,73.498,73.457,73.468,0.078
04.06.2019 19:12:00.000,73.467,73.498,73.457,73.478,0.0922
04.06.2019 19:13:00.000,73.478,73.488,73.427,73.458,0.0926
04.06.2019 19:14:00.000,73.457,73.478,73.427,73.428,0.1245
04.06.2019 19:15:00.000,73.427,73.468,73.427,73.427,0.0687
04.06.2019 19:16:00.000,73.437,73.498,73.437,73.488,0.0826
04.06.2019 19:17:00.000,73.487,73.488,73.427,73.437,0.0786
04.06.2019 19:18:00.000,73.437,73.478,73.428,73.478,0.0424
04.06.2019 19:19:00.000,73.477,73.478,73.437,73.468,0.0849
04.06.2019 19:20:00.000,73.478,73.488,73.427,73.428,0.2311
04.06.2019 19:21:00.000,73.428,73.438,73.408,73.427,0.0162
04.06.2019 19:22:00.000,73.428,73.448,73.397,73.418,0.1177
04.06.2019 19:23:00.000,73.407,73.448,73.397,73.408,0.0869
04.06.2019 19:24:00.000,73.407,73.468,73.398,73.467,0.1145
04.06.2019 19:25:00.000,73.468,73.498,73.468,73.498,0.0211
04.06.2019 19:26:00.000,73.478,73.508,73.478,73.507,0.0605
04.06.2019 19:27:00.000,73.508,73.528,73.487,73.498,0.1028
04.06.2019 19:28:00.000,73.488,73.488,73.437,73.458,0.0545
04.06.2019 19:29:00.000,73.457,73.498,73.438,73.498,0.1416
04.06.2019 19:30:00.000,73.498,73.518,73.487,73.498,0.1121
04.06.2019 19:31:00.000,73.497,73.518,73.488,73.498,0.1667
04.06.2019 19:32:00.000,73.498,73.538,73.497,73.518,0.1983
04.06.2019 19:33:00.000,73.518,73.528,73.487,73.508,0.1169
04.06.2019 19:34:00.000,73.517,73.548,73.467,73.467,0.0764
04.06.2019 19:35:00.000,73.468,73.468,73.407,73.408,0.1243
04.06.2019 19:36:00.000,73.418,73.438,73.397,73.427,0.1209
04.06.2019 19:37:00.000,73.428,73.428,73.397,73.418,0.0994
04.06.2019 19:38:00.000,73.418,73.447,73.418,73.418,0.1059
04.06.2019 19:39:00.000,73.418,73.428,73.417,73.428,0.0518
04.06.2019 19:40:00.000,73.438,73.488,73.437,73.478,0.0815
04.06.2019 19:41:00.000,73.477,73.488,73.428,73.437,0.1384
04.06.2019 19:42:00.000,73.438,73.478,73.437,73.478,0.0962
04.06.2019 19:43:00.000,73.477,73.568,73.468,73.538,0.1073
04.06.2019 19:44:00.000,73.538,73.548,73.487,73.528,0.1969
04.06.2019 19:45:00.000,73.528,73.578,73.527,73.578,0.1546
04.06.2019 19:46:00.000,73.577,73.678,73.577,73.667,0.111
04.06.2019 19:47:00.000,73.668,73.698,73.627,73.698,0.1478
04.06.2019 19:48:00.000,73.698,73.718,73.678,73.688,0.1335
04.06.2019 19:49:00.000,73.687,73.698,73.677,73.678,0.2503
04.06.2019 19:50:00.000,73.698,73.748,73.688,73.728,0.0607
04.06.2019 19:51:00.000,73.727,73.768,73.717,73.757,0.1885
04.06.2019 19:52:00.000,73.757,73.808,73.757,73.808,0.0499
04.06.2019 19:53:00.000,73.807,73.838,73.807,73.818,0.2695
04.06.2019 19:54:00.000,73.817,73.898,73.807,73.897,0.2714
04.06.2019 19:55:00.000,73.897,73.897,73.788,73.807,0.2987
04.06.2019 19:56:00.000,73.808,73.868,73.807,73.838,0.1752
04.06.2019 19:57:00.000,73.837,73.858,73.817,73.847,0.1651
04.06.2019 19:58:00.000,73.848,73.938,73.837,73.938,0.3154
04.06.2019 19:59:00.000,73.928,73.928,73.808,73.808,0.425
05.06.2019 13:30:00.000,74.408,74.408,73.288,74.173,0.1108
05.06.2019 13:31:00.000,74.188,74.258,74.173,74.258,0.0301
05.06.2019 13:32:00.000,74.258,74.258,73.888,73.898,0.1072
05.06.2019 13:33:00.000,74.007,74.088,73.927,73.948,0.0406
05.06.2019 13:34:00.000,73.947,73.948,73.688,73.688,0.1511
05.06.2019 13:35:00.000,73.688,73.698,73.517,73.667,0.0411
05.06.2019 13:36:00.000,73.717,73.717,73.487,73.527,0.0598
05.06.2019 13:37:00.000,73.517,73.537,73.408,73.528,0.1137
05.06.2019 13:38:00.000,73.528,73.528,73.237,73.237,0.0944
05.06.2019 13:39:00.000,73.238,73.238,73.047,73.058,0.1775
05.06.2019 13:40:00.000,73.057,73.057,72.818,72.818,0.1683
05.06.2019 13:41:00.000,72.837,72.948,72.727,72.868,0.2128
05.06.2019 13:42:00.000,72.868,72.888,72.658,72.788,0.1161
05.06.2019 13:43:00.000,72.778,72.778,72.627,72.717,0.022
05.06.2019 13:44:00.000,72.717,72.947,72.717,72.887,0.0687
05.06.2019 13:45:00.000,72.888,72.888,72.627,72.628,0.044
05.06.2019 13:46:00.000,72.627,72.687,72.538,72.568,0.0359
05.06.2019 13:47:00.000,72.548,72.598,72.438,72.438,0.0871
05.06.2019 13:48:00.000,72.438,72.438,72.278,72.357,0.0573
05.06.2019 13:49:00.000,72.417,72.427,72.308,72.348,0.1029
05.06.2019 13:50:00.000,72.318,72.388,72.248,72.377,0.066
05.06.2019 13:51:00.000,72.377,72.628,72.377,72.628,0.0945
05.06.2019 13:52:00.000,72.618,72.798,72.588,72.798,0.2035
05.06.2019 13:53:00.000,72.798,72.808,72.577,72.618,0.0358
05.06.2019 13:54:00.000,72.678,72.808,72.678,72.797,0.0461
05.06.2019 13:55:00.000,72.798,72.818,72.797,72.817,0.0403
05.06.2019 13:56:00.000,72.818,72.928,72.818,72.888,0.0523
05.06.2019 13:57:00.000,72.888,72.888,72.628,72.628,0.0634
05.06.2019 13:58:00.000,72.628,72.637,72.507,72.578,0.087
05.06.2019 13:59:00.000,72.578,72.578,72.398,72.408,0.0841
05.06.2019 14:00:00.000,72.488,72.637,72.408,72.618,0.2012
05.06.2019 14:01:00.000,72.618,72.678,72.528,72.678,0.0486
05.06.2019 14:02:00.000,72.707,72.738,72.537,72.557,0.0721
05.06.2019 14:03:00.000,72.558,72.558,72.317,72.348,0.1073
05.06.2019 14:04:00.000,72.401,72.477,72.357,72.368,0.1145
05.06.2019 14:05:00.000,72.408,72.558,72.387,72.388,0.2073
05.06.2019 14:06:00.000,72.387,72.388,72.187,72.198,0.2507
05.06.2019 14:07:00.000,72.198,72.458,72.198,72.458,0.0935
05.06.2019 14:08:00.000,72.457,72.578,72.437,72.478,0.1318
05.06.2019 14:09:00.000,72.498,72.597,72.498,72.548,0.306
05.06.2019 14:10:00.000,72.547,72.688,72.547,72.667,0.0436
05.06.2019 14:11:00.000,72.667,72.728,72.627,72.698,0.1413
05.06.2019 14:12:00.000,72.697,72.798,72.577,72.578,0.267
05.06.2019 14:13:00.000,72.578,72.718,72.517,72.688,0.2263
05.06.2019 14:14:00.000,72.758,72.918,72.747,72.887,0.1295
05.06.2019 14:15:00.000,72.907,73.028,72.907,73.028,0.0237
05.06.2019 14:16:00.000,73.048,73.128,72.978,72.988,0.0814
05.06.2019 14:17:00.000,72.987,73.098,72.987,73.088,0.059
05.06.2019 14:18:00.000,73.068,73.068,72.937,72.958,0.012
05.06.2019 14:19:00.000,72.968,73.038,72.908,73.038,0.1824
05.06.2019 14:20:00.000,73.038,73.188,73.038,73.188,0.0524
05.06.2019 14:21:00.000,73.188,73.188,73.018,73.077,0.0917
05.06.2019 14:22:00.000,73.078,73.178,73.027,73.028,0.0409
05.06.2019 14:23:00.000,73.028,73.148,73.027,73.148,0.0122
05.06.2019 14:24:00.000,73.148,73.188,73.147,73.187,0.0915
05.06.2019 14:25:00.000,73.187,73.198,73.167,73.187,0.004
05.06.2019 14:26:00.000,73.188,73.208,73.187,73.208,0.0078
05.06.2019 14:27:00.000,73.218,73.238,73.188,73.208,0.0435
05.06.2019 14:28:00.000,73.207,73.257,73.207,73.248,0.0274
05.06.2019 14:29:00.000,73.248,73.248,73.027,73.027,0.0511
05.06.2019 14:30:00.000,73.028,73.028,72.607,72.658,0.1416
05.06.2019 14:31:00.000,72.668,72.678,72.558,72.558,0.0732
05.06.2019 14:32:00.000,72.558,72.558,72.397,72.417,0.0867
05.06.2019 14:33:00.000,72.418,72.548,72.417,72.548,0.1487
05.06.2019 14:34:00.000,72.548,72.648,72.518,72.648,0.2118
05.06.2019 14:35:00.000,72.658,72.698,72.517,72.518,0.0823
05.06.2019 14:36:00.000,72.517,72.688,72.517,72.688,0.1244
05.06.2019 14:37:00.000,72.688,72.688,72.578,72.588,0.103
05.06.2019 14:38:00.000,72.598,72.648,72.587,72.627,0.083
05.06.2019 14:39:00.000,72.628,72.707,72.587,72.587,0.1037
05.06.2019 14:40:00.000,72.618,72.858,72.617,72.817,0.156
05.06.2019 14:41:00.000,72.818,72.828,72.647,72.697,0.1481
05.06.2019 14:42:00.000,72.697,72.697,72.528,72.528,0.13
05.06.2019 14:43:00.000,72.527,72.598,72.487,72.487,0.0835
05.06.2019 14:44:00.000,72.478,72.628,72.468,72.577,0.1692
05.06.2019 14:45:00.000,72.577,72.597,72.488,72.568,0.1768
05.06.2019 14:46:00.000,72.588,72.668,72.588,72.608,0.0737
05.06.2019 14:47:00.000,72.627,72.628,72.518,72.518,0.0774
05.06.2019 14:48:00.000,72.517,72.517,72.367,72.398,0.2757
05.06.2019 14:49:00.000,72.398,72.488,72.348,72.488,0.0331
05.06.2019 14:50:00.000,72.487,72.508,72.397,72.398,0.0378
05.06.2019 14:51:00.000,72.408,72.408,72.288,72.298,0.0767
05.06.2019 14:52:00.000,72.307,72.328,72.187,72.187,0.081
05.06.2019 14:53:00.000,72.188,72.318,72.187,72.248,0.1463
05.06.2019 14:54:00.000,72.238,72.288,72.187,72.258,0.0844
05.06.2019 14:55:00.000,72.258,72.308,72.197,72.288,0.0456
05.06.2019 14:56:00.000,72.287,72.288,72.218,72.227,0.0543
05.06.2019 14:57:00.000,72.218,72.218,72.128,72.138,0.0591
05.06.2019 14:58:00.000,72.148,72.208,72.147,72.197,0.0198
05.06.2019 14:59:00.000,72.198,72.328,72.147,72.318,0.0821
05.06.2019 15:00:00.000,72.317,72.328,72.187,72.198,0.0365
05.06.2019 15:01:00.000,72.197,72.348,72.197,72.348,0.0678
05.06.2019 15:02:00.000,72.368,72.388,72.327,72.377,0.0301
05.06.2019 15:03:00.000,72.358,72.368,72.267,72.308,0.0741
05.06.2019 15:04:00.000,72.308,72.328,72.267,72.328,0.1013
05.06.2019 15:05:00.000,72.318,72.408,72.278,72.378,0.0842
05.06.2019 15:06:00.000,72.397,72.547,72.378,72.517,0.051
05.06.2019 15:07:00.000,72.517,72.557,72.517,72.557,0.0334
05.06.2019 15:08:00.000,72.557,72.637,72.517,72.618,0.1023
05.06.2019 15:09:00.000,72.618,72.658,72.548,72.638,0.1173
05.06.2019 15:10:00.000,72.638,72.708,72.607,72.668,0.0453
05.06.2019 15:11:00.000,72.668,72.788,72.668,72.788,0.075
05.06.2019 15:12:00.000,72.787,72.928,72.787,72.928,0.0994
05.06.2019 15:13:00.000,72.928,72.968,72.797,72.828,0.1107
05.06.2019 15:14:00.000,72.828,72.918,72.787,72.898,0.0719
05.06.2019 15:15:00.000,72.897,72.908,72.847,72.887,0.04
05.06.2019 15:16:00.000,72.888,72.888,72.787,72.848,0.0832
05.06.2019 15:17:00.000,72.847,72.847,72.708,72.708,0.042
05.06.2019 15:18:00.000,72.728,72.798,72.698,72.698,0.0254
05.06.2019 15:19:00.000,72.697,72.768,72.657,72.768,0.0378
05.06.2019 15:20:00.000,72.767,72.788,72.697,72.728,0.1029
05.06.2019 15:21:00.000,72.727,72.748,72.598,72.748,0.1029
05.06.2019 15:22:00.000,72.748,72.798,72.737,72.758,0.0514
05.06.2019 15:23:00.000,72.758,72.838,72.757,72.838,0.1035
05.06.2019 15:24:00.000,72.837,72.838,72.747,72.748,0.064
05.06.2019 15:25:00.000,72.747,72.758,72.688,72.688,0.0218
05.06.2019 15:26:00.000,72.687,72.738,72.628,72.738,0.1045
05.06.2019 15:27:00.000,72.738,72.848,72.738,72.808,0.1111
05.06.2019 15:28:00.000,72.818,72.898,72.747,72.747,0.0684
05.06.2019 15:29:00.000,72.758,72.788,72.698,72.788,0.0211
05.06.2019 15:30:00.000,72.758,72.838,72.728,72.838,0.1243
05.06.2019 15:31:00.000,72.838,72.898,72.838,72.857,0.0738
05.06.2019 15:32:00.000,72.857,72.857,72.747,72.748,0.0749
05.06.2019 15:33:00.000,72.758,72.828,72.758,72.798,0.0358
05.06.2019 15:34:00.000,72.817,72.848,72.778,72.778,0.0362
05.06.2019 15:35:00.000,72.777,72.778,72.688,72.738,0.0186
05.06.2019 15:36:00.000,72.758,72.858,72.758,72.858,0.0181
05.06.2019 15:37:00.000,72.857,72.857,72.807,72.838,0.0024
05.06.2019 15:38:00.000,72.868,72.878,72.808,72.858,0.02
05.06.2019 15:39:00.000,72.858,72.888,72.857,72.868,0.0412
05.06.2019 15:40:00.000,72.868,72.868,72.727,72.748,0.0918
05.06.2019 15:41:00.000,72.758,72.788,72.747,72.767,0.0485
05.06.2019 15:42:00.000,72.767,72.767,72.688,72.698,0.0257
05.06.2019 15:43:00.000,72.708,72.788,72.678,72.708,0.0843
05.06.2019 15:44:00.000,72.718,72.828,72.717,72.767,0.0691
05.06.2019 15:45:00.000,72.768,72.808,72.757,72.778,0.0569
05.06.2019 15:46:00.000,72.777,72.778,72.698,72.707,0.0562
05.06.2019 15:47:00.000,72.708,72.738,72.668,72.668,0.0234
05.06.2019 15:48:00.000,72.667,72.708,72.638,72.647,0.1707
05.06.2019 15:49:00.000,72.648,72.658,72.587,72.597,0.1058
05.06.2019 15:50:00.000,72.598,72.668,72.578,72.598,0.1033
05.06.2019 15:51:00.000,72.597,72.638,72.547,72.638,0.1924
05.06.2019 15:52:00.000,72.638,72.728,72.638,72.658,0.1328
05.06.2019 15:53:00.000,72.657,72.818,72.657,72.778,0.0752
05.06.2019 15:54:00.000,72.778,72.818,72.698,72.768,0.0692
05.06.2019 15:55:00.000,72.758,72.847,72.757,72.797,0.0969
05.06.2019 15:56:00.000,72.838,72.838,72.808,72.818,0.0461
05.06.2019 15:57:00.000,72.818,72.818,72.737,72.757,0.1398
05.06.2019 15:58:00.000,72.758,72.778,72.678,72.717,0.1056
05.06.2019 15:59:00.000,72.718,72.718,72.697,72.698,0.0491
05.06.2019 16:00:00.000,72.698,72.758,72.688,72.748,0.0771
05.06.2019 16:01:00.000,72.748,72.798,72.717,72.717,0.0847
05.06.2019 16:02:00.000,72.728,72.738,72.657,72.738,0.1009
05.06.2019 16:03:00.000,72.718,72.758,72.718,72.758,0.035
05.06.2019 16:04:00.000,72.757,72.808,72.757,72.767,0.0058
05.06.2019 16:05:00.000,72.778,72.858,72.777,72.788,0.1046
05.06.2019 16:06:00.000,72.787,72.828,72.708,72.708,0.0358
05.06.2019 16:07:00.000,72.718,72.718,72.658,72.667,0.006
05.06.2019 16:08:00.000,72.668,72.778,72.668,72.757,0.0378
05.06.2019 16:09:00.000,72.758,72.768,72.687,72.687,0.0347
05.06.2019 16:10:00.000,72.687,72.687,72.657,72.658,0.0674
05.06.2019 16:11:00.000,72.657,72.697,72.617,72.648,0.0892
05.06.2019 16:12:00.000,72.658,72.698,72.637,72.668,0.1128
05.06.2019 16:13:00.000,72.657,72.798,72.647,72.798,0.0555
05.06.2019 16:14:00.000,72.798,72.808,72.747,72.808,0.0776
05.06.2019 16:15:00.000,72.808,72.818,72.757,72.768,0.0369
05.06.2019 16:16:00.000,72.807,72.827,72.788,72.788,0.1015
05.06.2019 16:17:00.000,72.787,72.818,72.787,72.808,0.0296
05.06.2019 16:18:00.000,72.808,72.838,72.787,72.838,0.0303
05.06.2019 16:19:00.000,72.848,72.888,72.837,72.848,0.0311
05.06.2019 16:20:00.000,72.847,72.888,72.828,72.828,0.0488
05.06.2019 16:21:00.000,72.827,72.838,72.798,72.818,0.041
05.06.2019 16:22:00.000,72.837,72.908,72.837,72.868,0.006
05.06.2019 16:23:00.000,72.868,72.868,72.847,72.847,0.0118
05.06.2019 16:24:00.000,72.848,72.858,72.797,72.858,0.008
05.06.2019 16:25:00.000,72.858,72.908,72.858,72.888,0.0417
05.06.2019 16:26:00.000,72.887,72.918,72.867,72.918,0.0514
05.06.2019 16:27:00.000,72.918,72.948,72.887,72.898,0.0328
05.06.2019 16:28:00.000,72.897,72.908,72.887,72.908,0.0339
05.06.2019 16:29:00.000,72.918,73.008,72.918,73.008,0.0304
05.06.2019 16:30:00.000,73.008,73.008,72.927,72.948,0.0117
05.06.2019 16:31:00.000,72.938,72.998,72.937,72.998,0.12
05.06.2019 16:32:00.000,72.998,72.998,72.877,72.878,0.0876
05.06.2019 16:33:00.000,72.877,72.898,72.857,72.858,0.0324
05.06.2019 16:34:00.000,72.868,72.948,72.868,72.927,0.0359
05.06.2019 16:35:00.000,72.927,72.958,72.907,72.948,0.0262
05.06.2019 16:36:00.000,72.947,72.998,72.927,72.998,0.0484
05.06.2019 16:37:00.000,73.038,73.118,73.027,73.118,0.0406
05.06.2019 16:38:00.000,73.117,73.128,73.067,73.068,0.0203
05.06.2019 16:39:00.000,73.077,73.148,73.077,73.148,0.0203
05.06.2019 16:40:00.000,73.147,73.198,73.138,73.197,0.0438
05.06.2019 16:41:00.000,73.208,73.228,73.208,73.217,0.0377
05.06.2019 16:42:00.000,73.218,73.218,73.167,73.187,0.0549
05.06.2019 16:43:00.000,73.188,73.258,73.187,73.247,0.0266
05.06.2019 16:44:00.000,73.248,73.248,73.207,73.218,0.0104
05.06.2019 16:45:00.000,73.227,73.248,73.107,73.108,0.0633
05.06.2019 16:46:00.000,73.108,73.148,73.108,73.148,0.0342
05.06.2019 16:47:00.000,73.148,73.208,73.148,73.197,0.0556
05.06.2019 16:48:00.000,73.198,73.258,73.178,73.258,0.0363
05.06.2019 16:49:00.000,73.258,73.258,73.167,73.167,0.0207
05.06.2019 16:50:00.000,73.168,73.168,73.098,73.108,0.0727
05.06.2019 16:51:00.000,73.117,73.128,73.057,73.057,0.0283
05.06.2019 16:52:00.000,73.068,73.128,73.058,73.058,0.0326
05.06.2019 16:53:00.000,73.057,73.058,73.057,73.058,0.0001
05.06.2019 16:54:00.000,73.058,73.078,73.057,73.058,0.0462
05.06.2019 16:55:00.000,73.057,73.128,73.057,73.118,0.1115
05.06.2019 16:56:00.000,73.108,73.108,73.097,73.108,0.04
05.06.2019 16:57:00.000,73.107,73.108,73.087,73.088,0.069
05.06.2019 16:58:00.000,73.068,73.088,73.038,73.038,0.0106
05.06.2019 16:59:00.000,73.027,73.058,73.017,73.018,0.1109
05.06.2019 17:00:00.000,73.017,73.108,73.017,73.108,0.0811
05.06.2019 17:01:00.000,73.107,73.138,73.107,73.108,0.0447
05.06.2019 17:02:00.000,73.117,73.138,73.077,73.088,0.0466
05.06.2019 17:03:00.000,73.108,73.158,73.107,73.157,0.0626
05.06.2019 17:04:00.000,73.167,73.198,73.087,73.088,0.0329
05.06.2019 17:05:00.000,73.087,73.168,73.087,73.158,0.0782
05.06.2019 17:06:00.000,73.158,73.158,73.067,73.078,0.0675
05.06.2019 17:07:00.000,73.088,73.098,73.028,73.028,0.0026
05.06.2019 17:08:00.000,73.018,73.028,73.007,73.007,0.013
05.06.2019 17:09:00.000,73.007,73.008,72.927,72.927,0.0704
05.06.2019 17:10:00.000,72.928,72.978,72.928,72.958,0.06
05.06.2019 17:11:00.000,72.947,72.988,72.928,72.938,0.008
05.06.2019 17:12:00.000,72.937,72.937,72.877,72.928,0.0337
05.06.2019 17:13:00.000,72.927,72.938,72.867,72.907,0.0611
05.06.2019 17:14:00.000,72.898,72.898,72.877,72.878,0.043
05.06.2019 17:15:00.000,72.877,72.908,72.838,72.908,0.073
05.06.2019 17:16:00.000,72.908,72.928,72.908,72.928,0.0211
05.06.2019 17:17:00.000,72.938,72.938,72.928,72.928,0.0085
05.06.2019 17:18:00.000,72.927,72.938,72.917,72.938,0.0183
05.06.2019 17:19:00.000,72.948,72.988,72.948,72.968,0.0289
05.06.2019 17:20:00.000,72.967,72.968,72.967,72.968,0.0015
05.06.2019 17:21:00.000,72.968,73.007,72.967,72.977,0.0043
05.06.2019 17:22:00.000,72.978,72.998,72.977,72.998,0.0111
05.06.2019 17:23:00.000,72.997,73.048,72.997,73.048,0.0351
05.06.2019 17:24:00.000,73.047,73.047,72.977,73.037,0.0364
05.06.2019 17:25:00.000,73.027,73.048,72.997,72.998,0.025
05.06.2019 17:26:00.000,72.997,72.998,72.948,72.948,0.0226
05.06.2019 17:27:00.000,72.938,72.938,72.878,72.887,0.0183
05.06.2019 17:28:00.000,72.888,72.928,72.888,72.918,0.0692
05.06.2019 17:29:00.000,72.928,72.978,72.927,72.968,0.0521
05.06.2019 17:30:00.000,72.967,72.968,72.927,72.947,0.0281
05.06.2019 17:31:00.000,72.948,72.948,72.908,72.908,0.038
05.06.2019 17:32:00.000,72.907,72.918,72.887,72.888,0.0022
05.06.2019 17:33:00.000,72.887,72.907,72.857,72.868,0.0349
05.06.2019 17:34:00.000,72.867,72.898,72.867,72.877,0.0197
05.06.2019 17:35:00.000,72.868,72.888,72.857,72.868,0.0423
05.06.2019 17:36:00.000,72.867,72.898,72.848,72.867,0.0484
05.06.2019 17:37:00.000,72.868,72.947,72.868,72.938,0.0324
05.06.2019 17:38:00.000,72.938,73.038,72.938,73.038,0.1001
05.06.2019 17:39:00.000,73.037,73.037,72.987,72.998,0.0359
05.06.2019 17:40:00.000,73.008,73.008,72.927,72.957,0.0236
05.06.2019 17:41:00.000,72.958,72.988,72.958,72.988,0.0366
05.06.2019 17:42:00.000,72.977,73.008,72.977,73.008,0.0097
05.06.2019 17:43:00.000,73.007,73.057,73.007,73.048,0.067
05.06.2019 17:44:00.000,73.048,73.058,73.008,73.038,0.0439
05.06.2019 17:45:00.000,73.038,73.088,73.037,73.078,0.0264
05.06.2019 17:46:00.000,73.078,73.078,73.067,73.068,0.0293
05.06.2019 17:47:00.000,73.078,73.088,73.077,73.087,0.0456
05.06.2019 17:48:00.000,73.088,73.118,73.087,73.118,0.0243
05.06.2019 17:49:00.000,73.117,73.148,73.077,73.077,0.0406
05.06.2019 17:50:00.000,73.078,73.078,72.997,73.047,0.0688
05.06.2019 17:51:00.000,73.048,73.068,72.997,73.017,0.0845
05.06.2019 17:52:00.000,73.018,73.068,73.017,73.068,0.0566
05.06.2019 17:53:00.000,73.068,73.068,72.988,72.998,0.0325
05.06.2019 17:54:00.000,72.998,73.017,72.997,72.997,0.0194
05.06.2019 17:55:00.000,72.998,72.998,72.937,72.958,0.0438
05.06.2019 17:56:00.000,72.958,72.988,72.948,72.978,0.0736
05.06.2019 17:57:00.000,72.977,72.978,72.937,72.958,0.0103
05.06.2019 17:58:00.000,72.967,73.008,72.957,73.008,0.0359
05.06.2019 17:59:00.000,73.008,73.008,73.007,73.008,0.0082
05.06.2019 18:00:00.000,73.008,73.008,72.938,72.958,0.0612
05.06.2019 18:01:00.000,72.958,72.998,72.937,72.988,0.0243
05.06.2019 18:02:00.000,72.988,72.998,72.967,72.997,0.0679
05.06.2019 18:03:00.000,73.008,73.008,72.987,72.997,0.0019
05.06.2019 18:04:00.000,72.997,73.038,72.987,73.038,0.1236
05.06.2019 18:05:00.000,73.047,73.058,73.027,73.058,0.0524
05.06.2019 18:06:00.000,73.057,73.067,73.038,73.048,0.0213
05.06.2019 18:07:00.000,73.048,73.088,73.037,73.078,0.0466
05.06.2019 18:08:00.000,73.088,73.098,73.077,73.078,0.0293
05.06.2019 18:09:00.000,73.078,73.078,73.067,73.068,0.0358
05.06.2019 18:10:00.000,73.067,73.067,73.047,73.058,0.0095
05.06.2019 18:11:00.000,73.077,73.077,73.047,73.048,0.0562
05.06.2019 18:12:00.000,73.068,73.068,73.047,73.058,0.013
05.06.2019 18:13:00.000,73.057,73.128,73.057,73.128,0.0726
05.06.2019 18:14:00.000,73.108,73.128,73.078,73.088,0.0188
05.06.2019 18:15:00.000,73.058,73.058,73.018,73.018,0.003
05.06.2019 18:16:00.000,73.037,73.058,73.017,73.017,0.0354
05.06.2019 18:17:00.000,73.018,73.078,73.018,73.077,0.0029
05.06.2019 18:18:00.000,73.078,73.098,73.037,73.038,0.0264
05.06.2019 18:19:00.000,73.037,73.047,73.007,73.008,0.005
05.06.2019 18:20:00.000,73.007,73.008,72.948,72.968,0.0191
05.06.2019 18:21:00.000,72.978,72.978,72.917,72.918,0.0406
05.06.2019 18:22:00.000,72.927,72.948,72.907,72.908,0.0322
05.06.2019 18:23:00.000,72.917,72.978,72.917,72.968,0.0675
05.06.2019 18:24:00.000,72.968,72.978,72.948,72.948,0.0606
05.06.2019 18:25:00.000,72.948,72.948,72.867,72.867,0.0184
05.06.2019 18:26:00.000,72.868,72.878,72.807,72.807,0.0294
05.06.2019 18:27:00.000,72.808,72.828,72.788,72.827,0.0209
05.06.2019 18:28:00.000,72.828,72.828,72.787,72.808,0.0706
05.06.2019 18:29:00.000,72.818,72.818,72.777,72.788,0.0278
05.06.2019 18:30:00.000,72.797,72.858,72.797,72.828,0.1129
05.06.2019 18:31:00.000,72.827,72.858,72.827,72.858,0.0091
05.06.2019 18:32:00.000,72.857,72.858,72.827,72.827,0.0182
05.06.2019 18:33:00.000,72.828,72.858,72.827,72.858,0.0444
05.06.2019 18:34:00.000,72.868,72.878,72.807,72.808,0.0916
05.06.2019 18:35:00.000,72.797,72.848,72.787,72.848,0.0417
05.06.2019 18:36:00.000,72.868,72.888,72.848,72.888,0.0465
05.06.2019 18:37:00.000,72.898,72.928,72.897,72.898,0.116
05.06.2019 18:38:00.000,72.887,72.908,72.877,72.878,0.0469
05.06.2019 18:39:00.000,72.877,72.877,72.817,72.818,0.0462
05.06.2019 18:40:00.000,72.828,72.888,72.827,72.887,0.1242
05.06.2019 18:41:00.000,72.887,72.888,72.877,72.877,0.0422
05.06.2019 18:42:00.000,72.888,72.908,72.878,72.878,0.0723
05.06.2019 18:43:00.000,72.878,72.928,72.878,72.928,0.034
05.06.2019 18:44:00.000,72.927,72.968,72.927,72.968,0.0655
05.06.2019 18:45:00.000,72.967,72.968,72.917,72.918,0.0498
05.06.2019 18:46:00.000,72.918,72.968,72.918,72.958,0.0468
05.06.2019 18:47:00.000,72.957,72.978,72.957,72.978,0.0405
05.06.2019 18:48:00.000,72.977,72.978,72.957,72.977,0.0612
05.06.2019 18:49:00.000,72.978,72.978,72.818,72.858,0.0579
05.06.2019 18:50:00.000,72.847,72.848,72.787,72.817,0.0261
05.06.2019 18:51:00.000,72.808,72.808,72.767,72.768,0.0626
05.06.2019 18:52:00.000,72.768,72.777,72.747,72.747,0.0335
05.06.2019 18:53:00.000,72.748,72.788,72.747,72.758,0.0315
05.06.2019 18:54:00.000,72.757,72.818,72.757,72.818,0.0507
05.06.2019 18:55:00.000,72.808,72.808,72.748,72.768,0.0487
05.06.2019 18:56:00.000,72.767,72.828,72.758,72.828,0.0625
05.06.2019 18:57:00.000,72.838,72.838,72.817,72.818,0.0379
05.06.2019 18:58:00.000,72.827,72.888,72.827,72.888,0.1093
05.06.2019 18:59:00.000,72.878,72.898,72.827,72.847,0.0946
05.06.2019 19:00:00.000,72.848,72.888,72.837,72.888,0.0257
05.06.2019 19:01:00.000,72.888,72.908,72.887,72.908,0.0765
05.06.2019 19:02:00.000,72.907,73.008,72.907,73.007,0.0597
05.06.2019 19:03:00.000,73.008,73.018,72.997,73.008,0.0537
05.06.2019 19:04:00.000,73.008,73.038,72.967,72.977,0.039
05.06.2019 19:05:00.000,72.977,73.018,72.977,73.018,0.0293
05.06.2019 19:06:00.000,73.017,73.018,72.948,72.978,0.0933
05.06.2019 19:07:00.000,72.977,72.998,72.977,72.977,0.0063
05.06.2019 19:08:00.000,72.978,72.978,72.907,72.918,0.1296
05.06.2019 19:09:00.000,72.917,72.958,72.907,72.948,0.0669
05.06.2019 19:10:00.000,72.948,72.978,72.948,72.957,0.0516
05.06.2019 19:11:00.000,72.977,73.037,72.967,73.037,0.0914
05.06.2019 19:12:00.000,73.038,73.038,72.988,73.007,0.0361
05.06.2019 19:13:00.000,73.008,73.038,72.987,73.038,0.0824
05.06.2019 19:14:00.000,73.038,73.038,73.017,73.038,0.0156
05.06.2019 19:15:00.000,73.028,73.066,73.028,73.058,0.0144
05.06.2019 19:16:00.000,73.067,73.107,73.057,73.088,0.0585
05.06.2019 19:17:00.000,73.088,73.098,73.087,73.097,0.0043
05.06.2019 19:18:00.000,73.098,73.218,73.097,73.218,0.0588
05.06.2019 19:19:00.000,73.218,73.258,73.217,73.248,0.0268
05.06.2019 19:20:00.000,73.248,73.307,73.238,73.297,0.0284
05.06.2019 19:21:00.000,73.308,73.348,73.288,73.348,0.078
05.06.2019 19:22:00.000,73.357,73.368,73.307,73.318,0.0624
05.06.2019 19:23:00.000,73.317,73.357,73.308,73.328,0.0182
05.06.2019 19:24:00.000,73.338,73.348,73.277,73.308,0.0848
05.06.2019 19:25:00.000,73.308,73.308,73.257,73.258,0.0377
05.06.2019 19:26:00.000,73.258,73.298,73.237,73.298,0.0649
05.06.2019 19:27:00.000,73.297,73.297,73.247,73.288,0.1287
05.06.2019 19:28:00.000,73.287,73.317,73.277,73.278,0.0596
05.06.2019 19:29:00.000,73.287,73.288,73.237,73.238,0.0126
05.06.2019 19:30:00.000,73.238,73.248,73.168,73.178,0.1519
05.06.2019 19:31:00.000,73.178,73.198,73.128,73.178,0.0948
05.06.2019 19:32:00.000,73.188,73.218,73.157,73.178,0.0879
05.06.2019 19:33:00.000,73.178,73.188,73.058,73.088,0.0907
05.06.2019 19:34:00.000,73.097,73.138,73.058,73.088,0.0588
05.06.2019 19:35:00.000,73.108,73.118,73.008,73.048,0.0856
05.06.2019 19:36:00.000,73.078,73.078,73.027,73.038,0.07
05.06.2019 19:37:00.000,73.037,73.037,72.978,73.007,0.0465
05.06.2019 19:38:00.000,73.008,73.078,73.007,73.007,0.1101
05.06.2019 19:39:00.000,73.018,73.128,73.017,73.128,0.0782
05.06.2019 19:40:00.000,73.128,73.198,73.128,73.158,0.1206
05.06.2019 19:41:00.000,73.157,73.168,73.077,73.117,0.1002
05.06.2019 19:42:00.000,73.118,73.168,73.117,73.168,0.0382
05.06.2019 19:43:00.000,73.168,73.218,73.138,73.217,0.1045
05.06.2019 19:44:00.000,73.218,73.258,73.218,73.258,0.0709
05.06.2019 19:45:00.000,73.257,73.278,73.227,73.248,0.1278
05.06.2019 19:46:00.000,73.258,73.258,73.158,73.158,0.0691
05.06.2019 19:47:00.000,73.148,73.168,73.127,73.148,0.0957
05.06.2019 19:48:00.000,73.158,73.158,73.107,73.107,0.1381
05.06.2019 19:49:00.000,73.117,73.148,73.088,73.107,0.1071
05.06.2019 19:50:00.000,73.108,73.158,73.108,73.158,0.0962
05.06.2019 19:51:00.000,73.158,73.198,73.138,73.197,0.1326
05.06.2019 19:52:00.000,73.207,73.208,73.157,73.157,0.1518
05.06.2019 19:53:00.000,73.158,73.178,73.157,73.178,0.114
05.06.2019 19:54:00.000,73.178,73.188,73.118,73.118,0.1503
05.06.2019 19:55:00.000,73.128,73.208,73.128,73.178,0.1497
05.06.2019 19:56:00.000,73.177,73.188,73.138,73.138,0.0898
05.06.2019 19:57:00.000,73.148,73.238,73.148,73.237,0.1573
05.06.2019 19:58:00.000,73.238,73.247,73.197,73.218,0.3274
05.06.2019 19:59:00.000,73.218,73.218,73.058,73.138,0.5199
06.06.2019 13:30:00.000,74.108,74.108,73.237,73.998,0.0759
06.06.2019 13:31:00.000,73.998,74.118,73.978,73.978,0.0305
06.06.2019 13:32:00.000,73.977,74.318,73.977,74.267,0.1168
06.06.2019 13:33:00.000,74.337,74.358,74.098,74.118,0.1443
06.06.2019 13:34:00.000,74.118,74.378,74.117,74.337,0.0321
06.06.2019 13:35:00.000,74.337,74.438,74.337,74.428,0.0876
06.06.2019 13:36:00.000,74.531,74.531,74.308,74.348,0.0792
06.06.2019 13:37:00.000,74.368,74.568,74.358,74.538,0.1452
06.06.2019 13:38:00.000,74.578,74.707,74.558,74.698,0.0743
06.06.2019 13:39:00.000,74.697,74.798,74.557,74.657,0.0664
06.06.2019 13:40:00.000,74.677,74.748,74.587,74.748,0.0601
06.06.2019 13:41:00.000,74.748,74.748,74.487,74.518,0.1916
06.06.2019 13:42:00.000,74.517,74.518,74.407,74.428,0.11
06.06.2019 13:43:00.000,74.428,74.428,74.208,74.238,0.1152
06.06.2019 13:44:00.000,74.238,74.368,74.238,74.328,0.0888
06.06.2019 13:45:00.000,74.318,74.328,74.107,74.127,0.2272
06.06.2019 13:46:00.000,74.127,74.268,74.097,74.237,0.163
06.06.2019 13:47:00.000,74.237,74.257,74.147,74.168,0.0967
06.06.2019 13:48:00.000,74.168,74.228,74.097,74.208,0.0865
06.06.2019 13:49:00.000,74.207,74.258,74.178,74.228,0.0841
06.06.2019 13:50:00.000,74.237,74.298,74.117,74.288,0.2836
06.06.2019 13:51:00.000,74.298,74.298,74.217,74.238,0.2228
06.06.2019 13:52:00.000,74.218,74.218,74.118,74.187,0.1028
06.06.2019 13:53:00.000,74.188,74.188,73.897,73.967,0.1464
06.06.2019 13:54:00.000,73.967,74.008,73.888,73.888,0.0813
06.06.2019 13:55:00.000,73.887,73.988,73.878,73.967,0.1239
06.06.2019 13:56:00.000,73.987,73.988,73.857,73.868,0.0955
06.06.2019 13:57:00.000,73.867,73.978,73.818,73.958,0.11
06.06.2019 13:58:00.000,73.937,73.938,73.757,73.757,0.1896
06.06.2019 13:59:00.000,73.788,73.788,73.597,73.598,0.083
06.06.2019 14:00:00.000,73.597,73.597,73.467,73.497,0.1372
06.06.2019 14:01:00.000,73.478,73.548,73.448,73.538,0.0938
06.06.2019 14:02:00.000,73.538,73.618,73.507,73.617,0.2002
06.06.2019 14:03:00.000,73.618,73.658,73.617,73.658,0.0273
06.06.2019 14:04:00.000,73.667,73.748,73.657,73.678,0.1351
06.06.2019 14:05:00.000,73.678,73.788,73.627,73.627,0.1296
06.06.2019 14:06:00.000,73.628,73.658,73.567,73.588,0.1064
06.06.2019 14:07:00.000,73.588,73.618,73.478,73.617,0.0876
06.06.2019 14:08:00.000,73.618,73.698,73.528,73.558,0.1799
06.06.2019 14:09:00.000,73.557,73.628,73.557,73.568,0.0765
06.06.2019 14:10:00.000,73.577,73.708,73.577,73.618,0.0828
06.06.2019 14:11:00.000,73.617,73.738,73.607,73.648,0.0377
06.06.2019 14:12:00.000,73.648,73.658,73.507,73.517,0.1452
06.06.2019 14:13:00.000,73.518,73.588,73.478,73.488,0.1839
06.06.2019 14:14:00.000,73.498,73.498,73.308,73.308,0.1411
06.06.2019 14:15:00.000,73.308,73.308,73.127,73.148,0.123
06.06.2019 14:16:00.000,73.147,73.198,73.138,73.148,0.0948
06.06.2019 14:17:00.000,73.157,73.178,72.907,72.928,0.1483
06.06.2019 14:18:00.000,72.927,73.048,72.917,72.988,0.1367
06.06.2019 14:19:00.000,72.997,73.128,72.967,73.128,0.0868
06.06.2019 14:20:00.000,73.127,73.128,73.067,73.077,0.0514
06.06.2019 14:21:00.000,73.077,73.078,73.007,73.068,0.0459
06.06.2019 14:22:00.000,73.078,73.148,73.077,73.108,0.113
06.06.2019 14:23:00.000,73.138,73.168,73.118,73.118,0.0711
06.06.2019 14:24:00.000,73.128,73.148,72.938,72.938,0.1117
06.06.2019 14:25:00.000,72.968,73.037,72.967,73.027,0.1153
06.06.2019 14:26:00.000,73.028,73.198,73.028,73.058,0.0915
06.06.2019 14:27:00.000,73.058,73.188,73.058,73.118,0.0527
06.06.2019 14:28:00.000,73.127,73.158,73.058,73.098,0.0612
06.06.2019 14:29:00.000,73.118,73.118,72.998,73.027,0.0499
06.06.2019 14:30:00.000,73.008,73.088,72.967,73.028,0.1095
06.06.2019 14:31:00.000,73.028,73.108,72.987,73.108,0.0204
06.06.2019 14:32:00.000,73.097,73.128,73.028,73.088,0.0922
06.06.2019 14:33:00.000,73.068,73.097,73.047,73.078,0.0768
06.06.2019 14:34:00.000,73.077,73.188,73.077,73.188,0.0676
06.06.2019 14:35:00.000,73.187,73.258,73.187,73.228,0.0584
06.06.2019 14:36:00.000,73.228,73.298,73.227,73.258,0.0278
06.06.2019 14:37:00.000,73.258,73.328,73.247,73.247,0.114
06.06.2019 14:38:00.000,73.257,73.328,73.257,73.288,0.0476
06.06.2019 14:39:00.000,73.288,73.328,73.238,73.328,0.0852
06.06.2019 14:40:00.000,73.337,73.438,73.318,73.437,0.0531
06.06.2019 14:41:00.000,73.438,73.558,73.437,73.558,0.0247
06.06.2019 14:42:00.000,73.548,73.578,73.507,73.578,0.0973
06.06.2019 14:43:00.000,73.578,73.728,73.577,73.727,0.1305
06.06.2019 14:44:00.000,73.738,73.738,73.648,73.698,0.1348
06.06.2019 14:45:00.000,73.697,73.698,73.627,73.627,0.0903
06.06.2019 14:46:00.000,73.628,73.638,73.537,73.598,0.0495
06.06.2019 14:47:00.000,73.598,73.598,73.537,73.598,0.0903
06.06.2019 14:48:00.000,73.607,73.607,73.498,73.498,0.0468
06.06.2019 14:49:00.000,73.507,73.558,73.467,73.468,0.1079
06.06.2019 14:50:00.000,73.478,73.508,73.417,73.427,0.0486
06.06.2019 14:51:00.000,73.428,73.547,73.388,73.498,0.0411
06.06.2019 14:52:00.000,73.518,73.558,73.448,73.458,0.0602
06.06.2019 14:53:00.000,73.458,73.458,73.358,73.358,0.0587
06.06.2019 14:54:00.000,73.358,73.408,73.298,73.368,0.0316
06.06.2019 14:55:00.000,73.357,73.357,73.247,73.247,0.0616
06.06.2019 14:56:00.000,73.248,73.258,73.207,73.228,0.0768
06.06.2019 14:57:00.000,73.227,73.258,73.177,73.178,0.057
06.06.2019 14:58:00.000,73.188,73.188,73.097,73.107,0.0578
06.06.2019 14:59:00.000,73.117,73.137,73.087,73.108,0.0627
06.06.2019 15:00:00.000,73.108,73.108,73.067,73.098,0.0941
06.06.2019 15:01:00.000,73.108,73.128,73.007,73.047,0.0276
06.06.2019 15:02:00.000,73.048,73.098,72.978,73.078,0.0893
06.06.2019 15:03:00.000,73.078,73.138,73.078,73.088,0.138
06.06.2019 15:04:00.000,73.087,73.088,72.997,72.998,0.0286
06.06.2019 15:05:00.000,72.997,73.007,72.908,72.927,0.1902
06.06.2019 15:06:00.000,72.928,73.068,72.928,73.067,0.0258
06.06.2019 15:07:00.000,73.068,73.108,73.058,73.107,0.0853
06.06.2019 15:08:00.000,73.118,73.167,73.107,73.158,0.0829
06.06.2019 15:09:00.000,73.158,73.228,73.157,73.218,0.1146
06.06.2019 15:10:00.000,73.207,73.298,73.197,73.197,0.0913
06.06.2019 15:11:00.000,73.198,73.228,73.118,73.197,0.1059
06.06.2019 15:12:00.000,73.188,73.208,73.187,73.208,0.047
06.06.2019 15:13:00.000,73.208,73.308,73.187,73.308,0.0764
06.06.2019 15:14:00.000,73.307,73.338,73.307,73.318,0.0317
06.06.2019 15:15:00.000,73.317,73.408,73.317,73.408,0.0743
06.06.2019 15:16:00.000,73.407,73.408,73.277,73.337,0.1012
06.06.2019 15:17:00.000,73.338,73.338,73.217,73.248,0.0384
06.06.2019 15:18:00.000,73.267,73.348,73.267,73.328,0.0249
06.06.2019 15:19:00.000,73.337,73.357,73.278,73.288,0.0986
06.06.2019 15:20:00.000,73.298,73.298,73.177,73.178,0.0665
06.06.2019 15:21:00.000,73.177,73.188,73.137,73.178,0.0581
06.06.2019 15:22:00.000,73.177,73.208,73.138,73.138,0.0701
06.06.2019 15:23:00.000,73.148,73.148,73.027,73.038,0.0125
06.06.2019 15:24:00.000,73.058,73.058,72.997,73.048,0.0444
06.06.2019 15:25:00.000,73.057,73.087,73.027,73.028,0.0656
06.06.2019 15:26:00.000,73.027,73.038,72.977,72.988,0.1278
06.06.2019 15:27:00.000,72.988,72.988,72.928,72.958,0.07
06.06.2019 15:28:00.000,72.958,72.978,72.927,72.958,0.0762
06.06.2019 15:29:00.000,72.958,73.018,72.957,73.008,0.0435
06.06.2019 15:30:00.000,72.997,73.068,72.997,73.058,0.0512
06.06.2019 15:31:00.000,73.057,73.088,73.017,73.077,0.0861
06.06.2019 15:32:00.000,73.078,73.078,73.008,73.018,0.04
06.06.2019 15:33:00.000,73.018,73.067,72.998,73.057,0.0493
06.06.2019 15:34:00.000,73.058,73.118,73.058,73.118,0.0362
06.06.2019 15:35:00.000,73.128,73.168,73.117,73.158,0.086
06.06.2019 15:36:00.000,73.158,73.158,73.127,73.128,0.0704
06.06.2019 15:37:00.000,73.127,73.148,73.078,73.117,0.0166
06.06.2019 15:38:00.000,73.118,73.198,73.087,73.168,0.1284
06.06.2019 15:39:00.000,73.167,73.167,73.027,73.088,0.1137
06.06.2019 15:40:00.000,73.087,73.088,73.027,73.058,0.0361
06.06.2019 15:41:00.000,73.058,73.108,73.058,73.108,0.0552
06.06.2019 15:42:00.000,73.107,73.108,73.008,73.027,0.0403
06.06.2019 15:43:00.000,73.028,73.048,72.987,72.987,0.0634
06.06.2019 15:44:00.000,72.987,72.998,72.777,72.817,0.1202
06.06.2019 15:45:00.000,72.818,72.938,72.818,72.938,0.0791
06.06.2019 15:46:00.000,72.938,72.938,72.897,72.898,0.0783
06.06.2019 15:47:00.000,72.898,72.908,72.847,72.858,0.1175
06.06.2019 15:48:00.000,72.877,72.908,72.868,72.908,0.0849
06.06.2019 15:49:00.000,72.907,72.928,72.847,72.928,0.0611
06.06.2019 15:50:00.000,72.937,72.998,72.937,72.967,0.0926
06.06.2019 15:51:00.000,72.967,73.018,72.967,73.007,0.0513
06.06.2019 15:52:00.000,73.018,73.018,72.927,72.968,0.0915
06.06.2019 15:53:00.000,72.997,73.028,72.917,72.918,0.1078
06.06.2019 15:54:00.000,72.927,72.998,72.927,72.987,0.0882
06.06.2019 15:55:00.000,72.987,73.008,72.958,73.008,0.0742
06.06.2019 15:56:00.000,73.008,73.028,72.957,72.977,0.1313
06.06.2019 15:57:00.000,72.977,72.978,72.947,72.957,0.0622
06.06.2019 15:58:00.000,72.958,72.968,72.887,72.887,0.1137
06.06.2019 15:59:00.000,72.888,72.958,72.837,72.958,0.1725
06.06.2019 16:00:00.000,72.957,72.957,72.887,72.888,0.178
06.06.2019 16:01:00.000,72.898,73.008,72.898,72.988,0.1266
06.06.2019 16:02:00.000,72.988,73.028,72.977,73.028,0.0256
06.06.2019 16:03:00.000,73.027,73.068,73.027,73.068,0.1404
06.06.2019 16:04:00.000,73.067,73.068,72.998,73.048,0.0568
06.06.2019 16:05:00.000,73.048,73.058,72.998,73.047,0.0546
06.06.2019 16:06:00.000,73.058,73.068,73.017,73.038,0.0401
06.06.2019 16:07:00.000,73.027,73.048,73.007,73.038,0.055
06.06.2019 16:08:00.000,73.038,73.068,73.038,73.047,0.0322
06.06.2019 16:09:00.000,73.048,73.048,73.047,73.048,0.0079
06.06.2019 16:10:00.000,73.077,73.098,73.067,73.098,0.0375
06.06.2019 16:11:00.000,73.098,73.148,73.087,73.148,0.1901
06.06.2019 16:12:00.000,73.158,73.158,73.127,73.128,0.0521
06.06.2019 16:13:00.000,73.128,73.168,73.098,73.117,0.1101
06.06.2019 16:14:00.000,73.127,73.188,73.127,73.177,0.0331
06.06.2019 16:15:00.000,73.178,73.208,73.167,73.198,0.0329
06.06.2019 16:16:00.000,73.188,73.208,73.158,73.208,0.0615
06.06.2019 16:17:00.000,73.208,73.208,73.177,73.177,0.0228
06.06.2019 16:18:00.000,73.178,73.228,73.178,73.228,0.0348
06.06.2019 16:19:00.000,73.247,73.308,73.247,73.288,0.0684
06.06.2019 16:20:00.000,73.287,73.288,73.227,73.228,0.0367
06.06.2019 16:21:00.000,73.228,73.288,73.207,73.268,0.0269
06.06.2019 16:22:00.000,73.278,73.328,73.277,73.298,0.041
06.06.2019 16:23:00.000,73.297,73.308,73.247,73.307,0.1143
06.06.2019 16:24:00.000,73.308,73.308,73.287,73.288,0.0269
06.06.2019 16:25:00.000,73.287,73.298,73.287,73.298,0.0748
06.06.2019 16:26:00.000,73.297,73.338,73.287,73.288,0.1077
06.06.2019 16:27:00.000,73.287,73.308,73.287,73.308,0.0122
06.06.2019 16:28:00.000,73.307,73.308,73.237,73.248,0.0752
06.06.2019 16:29:00.000,73.257,73.258,73.177,73.198,0.0039
06.06.2019 16:30:00.000,73.218,73.218,73.138,73.138,0.0245
06.06.2019 16:31:00.000,73.138,73.177,73.137,73.157,0.0527
06.06.2019 16:32:00.000,73.157,73.198,73.157,73.178,0.0816
06.06.2019 16:33:00.000,73.177,73.198,73.177,73.178,0.1022
06.06.2019 16:34:00.000,73.188,73.208,73.177,73.197,0.0741
06.06.2019 16:35:00.000,73.187,73.198,73.137,73.148,0.0354
06.06.2019 16:36:00.000,73.148,73.148,73.097,73.138,0.0609
06.06.2019 16:37:00.000,73.158,73.198,73.158,73.197,0.046
06.06.2019 16:38:00.000,73.198,73.198,73.147,73.188,0.0662
06.06.2019 16:39:00.000,73.198,73.218,73.187,73.187,0.1041
06.06.2019 16:40:00.000,73.188,73.188,73.158,73.168,0.0084
06.06.2019 16:41:00.000,73.167,73.208,73.167,73.208,0.009
06.06.2019 16:42:00.000,73.198,73.198,73.148,73.168,0.0288
06.06.2019 16:43:00.000,73.168,73.238,73.168,73.228,0.0354
06.06.2019 16:44:00.000,73.238,73.258,73.227,73.258,0.0637
06.06.2019 16:45:00.000,73.258,73.328,73.257,73.328,0.0358
06.06.2019 16:46:00.000,73.338,73.398,73.338,73.398,0.0018
06.06.2019 16:47:00.000,73.397,73.478,73.397,73.478,0.067
06.06.2019 16:48:00.000,73.478,73.498,73.438,73.438,0.0386
06.06.2019 16:49:00.000,73.438,73.458,73.438,73.458,0.0307
06.06.2019 16:50:00.000,73.467,73.467,73.377,73.378,0.0595
06.06.2019 16:51:00.000,73.378,73.418,73.348,73.348,0.0769
06.06.2019 16:52:00.000,73.347,73.368,73.347,73.367,0.012
06.06.2019 16:53:00.000,73.377,73.388,73.377,73.388,0.009
06.06.2019 16:54:00.000,73.397,73.418,73.388,73.418,0.027
06.06.2019 16:55:00.000,73.417,73.448,73.417,73.437,0.0314
06.06.2019 16:56:00.000,73.438,73.458,73.398,73.398,0.0189
06.06.2019 16:57:00.000,73.387,73.427,73.387,73.427,0.0238
06.06.2019 16:58:00.000,73.428,73.468,73.427,73.457,0.0372
06.06.2019 16:59:00.000,73.458,73.458,73.457,73.458,0.0011
06.06.2019 17:00:00.000,73.458,73.468,73.457,73.468,0.0498
06.06.2019 17:01:00.000,73.458,73.508,73.448,73.508,0.0624
06.06.2019 17:02:00.000,73.508,73.598,73.497,73.598,0.1506
06.06.2019 17:03:00.000,73.598,73.598,73.538,73.587,0.0864
06.06.2019 17:04:00.000,73.588,73.588,73.577,73.588,0.092
06.06.2019 17:05:00.000,73.587,73.588,73.497,73.538,0.0581
06.06.2019 17:06:00.000,73.537,73.558,73.508,73.548,0.0495
06.06.2019 17:07:00.000,73.558,73.578,73.548,73.568,0.0037
06.06.2019 17:08:00.000,73.568,73.578,73.527,73.528,0.0196
06.06.2019 17:09:00.000,73.538,73.598,73.537,73.588,0.0373
06.06.2019 17:10:00.000,73.598,73.598,73.558,73.588,0.1444
06.06.2019 17:11:00.000,73.588,73.628,73.588,73.627,0.1159
06.06.2019 17:12:00.000,73.628,73.698,73.627,73.668,0.0427
06.06.2019 17:13:00.000,73.668,73.728,73.668,73.708,0.0631
06.06.2019 17:14:00.000,73.717,73.728,73.717,73.718,0.0164
06.06.2019 17:15:00.000,73.708,73.728,73.697,73.707,0.0124
06.06.2019 17:16:00.000,73.697,73.708,73.697,73.707,0.011
06.06.2019 17:17:00.000,73.698,73.698,73.587,73.598,0.0326
06.06.2019 17:18:00.000,73.598,73.598,73.518,73.528,0.0128
06.06.2019 17:19:00.000,73.518,73.568,73.518,73.567,0.0197
06.06.2019 17:20:00.000,73.568,73.568,73.437,73.438,0.0313
06.06.2019 17:21:00.000,73.468,73.477,73.386,73.386,0.0432
06.06.2019 17:22:00.000,73.385,73.438,73.385,73.418,0.0479
06.06.2019 17:23:00.000,73.438,73.467,73.427,73.427,0.0346
06.06.2019 17:24:00.000,73.428,73.458,73.427,73.428,0.0241
06.06.2019 17:25:00.000,73.427,73.438,73.408,73.438,0.0604
06.06.2019 17:26:00.000,73.437,73.468,73.437,73.467,0.0151
06.06.2019 17:27:00.000,73.478,73.538,73.457,73.537,0.0348
06.06.2019 17:28:00.000,73.537,73.568,73.537,73.558,0.0093
06.06.2019 17:29:00.000,73.548,73.548,73.478,73.478,0.0099
06.06.2019 17:30:00.000,73.478,73.508,73.387,73.428,0.0684
06.06.2019 17:31:00.000,73.427,73.427,73.357,73.378,0.0039
06.06.2019 17:32:00.000,73.378,73.378,73.357,73.358,0.0241
06.06.2019 17:33:00.000,73.357,73.378,73.328,73.358,0.0796
06.06.2019 17:34:00.000,73.358,73.358,73.298,73.298,0.0165
06.06.2019 17:35:00.000,73.297,73.368,73.297,73.347,0.0256
06.06.2019 17:36:00.000,73.348,73.398,73.347,73.388,0.0473
06.06.2019 17:37:00.000,73.387,73.388,73.337,73.358,0.0636
06.06.2019 17:38:00.000,73.368,73.368,73.337,73.337,0.0537
06.06.2019 17:39:00.000,73.337,73.358,73.307,73.307,0.0224
06.06.2019 17:40:00.000,73.308,73.318,73.287,73.308,0.0484
06.06.2019 17:41:00.000,73.308,73.348,73.298,73.308,0.0929
06.06.2019 17:42:00.000,73.307,73.318,73.307,73.308,0.0005
06.06.2019 17:43:00.000,73.308,73.378,73.308,73.378,0.0102
06.06.2019 17:44:00.000,73.377,73.377,73.318,73.318,0.0176
06.06.2019 17:45:00.000,73.317,73.318,73.297,73.308,0.0161
06.06.2019 17:46:00.000,73.337,73.338,73.297,73.307,0.0305
06.06.2019 17:47:00.000,73.308,73.318,73.278,73.318,0.0606
06.06.2019 17:48:00.000,73.317,73.317,73.257,73.288,0.0688
06.06.2019 17:49:00.000,73.288,73.308,73.267,73.298,0.0466
06.06.2019 17:50:00.000,73.297,73.328,73.278,73.328,0.0757
06.06.2019 17:51:00.000,73.318,73.318,73.287,73.318,0.0919
06.06.2019 17:52:00.000,73.317,73.318,73.317,73.318,0.0104
06.06.2019 17:53:00.000,73.317,73.318,73.287,73.288,0.0408
06.06.2019 17:54:00.000,73.288,73.288,73.247,73.248,0.0028
06.06.2019 17:55:00.000,73.247,73.268,73.237,73.257,0.0042
06.06.2019 17:56:00.000,73.258,73.318,73.257,73.318,0.004
06.06.2019 17:57:00.000,73.317,73.318,73.287,73.288,0.024
06.06.2019 17:58:00.000,73.308,73.338,73.297,73.338,0.0389
06.06.2019 17:59:00.000,73.348,73.358,73.337,73.358,0.0651
06.06.2019 18:00:00.000,73.358,73.358,73.298,73.318,0.0095
06.06.2019 18:01:00.000,73.317,73.338,73.268,73.268,0.0247
06.06.2019 18:02:00.000,73.267,73.358,73.267,73.348,0.0857
06.06.2019 18:03:00.000,73.347,73.358,73.347,73.358,0.0112
06.06.2019 18:04:00.000,73.357,73.408,73.357,73.407,0.0275
06.06.2019 18:05:00.000,73.408,73.418,73.387,73.388,0.012
06.06.2019 18:06:00.000,73.387,73.448,73.387,73.448,0.0207
06.06.2019 18:07:00.000,73.448,73.448,73.397,73.397,0.0474
06.06.2019 18:08:00.000,73.398,73.418,73.387,73.418,0.0118
06.06.2019 18:09:00.000,73.428,73.468,73.428,73.468,0.0415
06.06.2019 18:10:00.000,73.488,73.488,73.477,73.488,0.0519
06.06.2019 18:11:00.000,73.487,73.528,73.467,73.517,0.0617
06.06.2019 18:12:00.000,73.518,73.548,73.507,73.537,0.0918
06.06.2019 18:13:00.000,73.537,73.538,73.477,73.517,0.0719
06.06.2019 18:14:00.000,73.518,73.518,73.497,73.498,0.0358
06.06.2019 18:15:00.000,73.497,73.508,73.497,73.508,0.0034
06.06.2019 18:16:00.000,73.507,73.548,73.507,73.548,0.0169
06.06.2019 18:17:00.000,73.548,73.548,73.517,73.537,0.1192
06.06.2019 18:18:00.000,73.538,73.598,73.538,73.588,0.0564
06.06.2019 18:19:00.000,73.588,73.608,73.587,73.597,0.0364
06.06.2019 18:20:00.000,73.598,73.628,73.597,73.628,0.0272
06.06.2019 18:21:00.000,73.637,73.718,73.637,73.667,0.1306
06.06.2019 18:22:00.000,73.698,73.698,73.667,73.668,0.0671
06.06.2019 18:23:00.000,73.658,73.678,73.648,73.677,0.0241
06.06.2019 18:24:00.000,73.688,73.728,73.678,73.728,0.0358
06.06.2019 18:25:00.000,73.727,73.738,73.727,73.738,0.022
06.06.2019 18:26:00.000,73.748,73.798,73.737,73.798,0.1
06.06.2019 18:27:00.000,73.797,73.838,73.797,73.838,0.0531
06.06.2019 18:28:00.000,73.838,73.878,73.817,73.878,0.0732
06.06.2019 18:29:00.000,73.877,73.877,73.828,73.828,0.1416
06.06.2019 18:30:00.000,73.827,73.848,73.827,73.848,0.0758
06.06.2019 18:31:00.000,73.848,73.848,73.817,73.818,0.1009
06.06.2019 18:32:00.000,73.808,73.858,73.778,73.788,0.0572
06.06.2019 18:33:00.000,73.758,73.988,73.758,73.967,0.1771
06.06.2019 18:34:00.000,73.967,74.138,73.967,74.028,0.0358
06.06.2019 18:35:00.000,74.028,74.078,73.998,74.017,0.0094
06.06.2019 18:36:00.000,74.007,74.058,73.988,74.058,0.0695
06.06.2019 18:37:00.000,74.057,74.108,74.048,74.091,0.0927
06.06.2019 18:38:00.000,74.088,74.218,74.078,74.167,0.0359
06.06.2019 18:39:00.000,74.168,74.258,74.160,74.218,0.0624
06.06.2019 18:40:00.000,74.218,74.248,74.176,74.188,0.0132
06.06.2019 18:41:00.000,74.188,74.248,74.187,74.248,0.0117
06.06.2019 18:42:00.000,74.257,74.273,74.217,74.257,0.0216
06.06.2019 18:43:00.000,74.258,74.378,74.258,74.368,0.1411
06.06.2019 18:44:00.000,74.368,74.448,74.368,74.448,0.0754
06.06.2019 18:45:00.000,74.458,74.488,74.403,74.403,0.0569
06.06.2019 18:46:00.000,74.406,74.418,74.377,74.378,0.002
06.06.2019 18:47:00.000,74.388,74.448,74.388,74.438,0.0237
06.06.2019 18:48:00.000,74.437,74.438,74.316,74.318,0.0436
06.06.2019 18:49:00.000,74.337,74.377,74.287,74.338,0.0821
06.06.2019 18:50:00.000,74.327,74.368,74.287,74.298,0.0594
06.06.2019 18:51:00.000,74.287,74.358,74.287,74.308,0.0567
06.06.2019 18:52:00.000,74.327,74.338,74.298,74.338,0.1345
06.06.2019 18:53:00.000,74.327,74.327,74.298,74.308,0.1047
06.06.2019 18:54:00.000,74.307,74.307,74.197,74.198,0.0405
06.06.2019 18:55:00.000,74.197,74.197,74.127,74.148,0.0112
06.06.2019 18:56:00.000,74.148,74.178,74.128,74.147,0.0613
06.06.2019 18:57:00.000,74.147,74.148,74.077,74.078,0.0036
06.06.2019 18:58:00.000,74.088,74.168,74.088,74.148,0.0196
06.06.2019 18:59:00.000,74.158,74.197,74.127,74.197,0.0365
06.06.2019 19:00:00.000,74.217,74.238,74.177,74.238,0.1263
06.06.2019 19:01:00.000,74.237,74.278,74.207,74.208,0.0375
06.06.2019 19:02:00.000,74.207,74.277,74.207,74.238,0.0489
06.06.2019 19:03:00.000,74.238,74.238,74.197,74.228,0.0165
06.06.2019 19:04:00.000,74.227,74.288,74.227,74.288,0.0726
06.06.2019 19:05:00.000,74.268,74.318,74.248,74.288,0.1268
06.06.2019 19:06:00.000,74.287,74.288,74.257,74.267,0.0421
06.06.2019 19:07:00.000,74.268,74.268,74.178,74.248,0.0731
06.06.2019 19:08:00.000,74.247,74.258,74.228,74.247,0.0268
06.06.2019 19:09:00.000,74.238,74.248,74.178,74.228,0.0522
06.06.2019 19:10:00.000,74.227,74.278,74.227,74.268,0.0801
06.06.2019 19:11:00.000,74.268,74.328,74.267,74.317,0.0344
06.06.2019 19:12:00.000,74.317,74.368,74.277,74.277,0.1154
06.06.2019 19:13:00.000,74.278,74.298,74.247,74.277,0.0629
06.06.2019 19:14:00.000,74.278,74.297,74.248,74.287,0.0383
06.06.2019 19:15:00.000,74.288,74.308,74.278,74.307,0.0388
06.06.2019 19:16:00.000,74.308,74.348,74.267,74.318,0.0941
06.06.2019 19:17:00.000,74.317,74.358,74.317,74.338,0.0046
06.06.2019 19:18:00.000,74.337,74.358,74.317,74.358,0.043
06.06.2019 19:19:00.000,74.378,74.448,74.357,74.438,0.1177
06.06.2019 19:20:00.000,74.448,74.538,74.418,74.538,0.1316
06.06.2019 19:21:00.000,74.538,74.558,74.498,74.558,0.0582
06.06.2019 19:22:00.000,74.568,74.588,74.537,74.578,0.1349
06.06.2019 19:23:00.000,74.578,74.628,74.565,74.588,0.0783
06.06.2019 19:24:00.000,74.578,74.618,74.537,74.538,0.0518
06.06.2019 19:25:00.000,74.547,74.578,74.547,74.568,0.0528
06.06.2019 19:26:00.000,74.567,74.638,74.548,74.638,0.0536
06.06.2019 19:27:00.000,74.647,74.708,74.617,74.698,0.0808
06.06.2019 19:28:00.000,74.698,74.728,74.638,74.638,0.0511
06.06.2019 19:29:00.000,74.637,74.688,74.637,74.658,0.0906
06.06.2019 19:30:00.000,74.657,74.688,74.568,74.658,0.1606
06.06.2019 19:31:00.000,74.657,74.758,74.657,74.738,0.1052
06.06.2019 19:32:00.000,74.738,74.738,74.628,74.658,0.0654
06.06.2019 19:33:00.000,74.668,74.757,74.667,74.757,0.1018
06.06.2019 19:34:00.000,74.757,74.788,74.697,74.778,0.1636
06.06.2019 19:35:00.000,74.777,74.798,74.687,74.718,0.1729
06.06.2019 19:36:00.000,74.718,74.738,74.667,74.728,0.202
06.06.2019 19:37:00.000,74.738,74.738,74.668,74.728,0.1792
06.06.2019 19:38:00.000,74.738,74.787,74.677,74.708,0.0877
06.06.2019 19:39:00.000,74.707,74.718,74.628,74.657,0.1605
06.06.2019 19:40:00.000,74.658,74.658,74.547,74.568,0.0848
06.06.2019 19:41:00.000,74.567,74.638,74.558,74.638,0.0978
06.06.2019 19:42:00.000,74.638,74.638,74.587,74.588,0.0971
06.06.2019 19:43:00.000,74.577,74.618,74.557,74.558,0.1991
06.06.2019 19:44:00.000,74.558,74.558,74.488,74.528,0.1749
06.06.2019 19:45:00.000,74.528,74.558,74.477,74.558,0.1255
06.06.2019 19:46:00.000,74.557,74.588,74.538,74.538,0.0555
06.06.2019 19:47:00.000,74.537,74.578,74.518,74.568,0.0536
06.06.2019 19:48:00.000,74.568,74.678,74.568,74.677,0.2153
06.06.2019 19:49:00.000,74.677,74.678,74.617,74.638,0.0751
06.06.2019 19:50:00.000,74.638,74.717,74.638,74.707,0.0858
06.06.2019 19:51:00.000,74.708,74.728,74.677,74.678,0.16
06.06.2019 19:52:00.000,74.688,74.708,74.647,74.698,0.1198
06.06.2019 19:53:00.000,74.698,74.698,74.608,74.658,0.168
06.06.2019 19:54:00.000,74.657,74.688,74.607,74.647,0.1213
06.06.2019 19:55:00.000,74.648,74.648,74.547,74.618,0.1937
06.06.2019 19:56:00.000,74.608,74.608,74.507,74.558,0.2672
06.06.2019 19:57:00.000,74.558,74.598,74.537,74.568,0.2508
06.06.2019 19:58:00.000,74.548,74.568,74.507,74.568,0.2221
06.06.2019 19:59:00.000,74.568,74.568,74.348,74.448,0.5851
07.06.2019 13:30:00.000,74.167,74.628,74.167,74.578,0.0105
07.06.2019 13:31:00.000,74.628,74.637,74.578,74.627,0.0614
07.06.2019 13:32:00.000,74.627,74.627,74.437,74.538,0.028
07.06.2019 13:33:00.000,74.578,74.608,74.447,74.448,0.0397
07.06.2019 13:34:00.000,74.448,74.538,74.328,74.538,0.0294
07.06.2019 13:35:00.000,74.537,74.537,74.268,74.277,0.0631
07.06.2019 13:36:00.000,74.277,74.428,74.267,74.387,0.0278
07.06.2019 13:37:00.000,74.388,74.428,74.317,74.357,0.0346
07.06.2019 13:38:00.000,74.368,74.387,74.317,74.318,0.0325
07.06.2019 13:39:00.000,74.317,74.337,74.197,74.287,0.0757
07.06.2019 13:40:00.000,74.288,74.428,74.287,74.288,0.1538
07.06.2019 13:41:00.000,74.307,74.397,74.248,74.368,0.038
07.06.2019 13:42:00.000,74.368,74.478,74.338,74.448,0.022
07.06.2019 13:43:00.000,74.447,74.507,74.397,74.398,0.0027
07.06.2019 13:44:00.000,74.398,74.398,74.278,74.327,0.0838
07.06.2019 13:45:00.000,74.328,74.477,74.328,74.427,0.1631
07.06.2019 13:46:00.000,74.427,74.448,74.317,74.318,0.161
07.06.2019 13:47:00.000,74.318,74.318,74.068,74.087,0.2564
07.06.2019 13:48:00.000,74.088,74.138,74.047,74.138,0.0546
07.06.2019 13:49:00.000,74.138,74.218,74.088,74.088,0.1111
07.06.2019 13:50:00.000,74.087,74.218,74.087,74.218,0.137
07.06.2019 13:51:00.000,74.237,74.398,74.218,74.398,0.1693
07.06.2019 13:52:00.000,74.398,74.478,74.357,74.448,0.3199
07.06.2019 13:53:00.000,74.448,74.497,74.447,74.468,0.1176
07.06.2019 13:54:00.000,74.467,74.467,74.368,74.398,0.0414
07.06.2019 13:55:00.000,74.438,74.438,74.268,74.268,0.1138
07.06.2019 13:56:00.000,74.338,74.388,74.238,74.258,0.2871
07.06.2019 13:57:00.000,74.307,74.348,74.258,74.258,0.1378
07.06.2019 13:58:00.000,74.258,74.347,74.258,74.287,0.0702
07.06.2019 13:59:00.000,74.288,74.378,74.278,74.288,0.034
07.06.2019 14:00:00.000,74.288,74.337,74.287,74.327,0.1463
07.06.2019 14:01:00.000,74.327,74.427,74.327,74.368,0.1553
07.06.2019 14:02:00.000,74.368,74.428,74.368,74.408,0.0387
07.06.2019 14:03:00.000,74.457,74.607,74.428,74.567,0.0693
07.06.2019 14:04:00.000,74.567,74.628,74.517,74.548,0.0366
07.06.2019 14:05:00.000,74.557,74.768,74.557,74.767,0.0276
07.06.2019 14:06:00.000,74.768,74.838,74.707,74.728,0.0864
07.06.2019 14:07:00.000,74.727,74.727,74.607,74.627,0.0572
07.06.2019 14:08:00.000,74.638,74.648,74.557,74.598,0.0793
07.06.2019 14:09:00.000,74.598,74.598,74.488,74.497,0.0382
07.06.2019 14:10:00.000,74.527,74.588,74.518,74.518,0.0382
07.06.2019 14:11:00.000,74.517,74.568,74.497,74.547,0.0627
07.06.2019 14:12:00.000,74.548,74.558,74.537,74.538,0.0314
07.06.2019 14:13:00.000,74.538,74.588,74.507,74.507,0.0613
07.06.2019 14:14:00.000,74.508,74.508,74.398,74.398,0.1205
07.06.2019 14:15:00.000,74.398,74.477,74.298,74.298,0.1677
07.06.2019 14:16:00.000,74.298,74.357,74.297,74.338,0.0412
07.06.2019 14:17:00.000,74.337,74.398,74.337,74.368,0.0493
07.06.2019 14:18:00.000,74.367,74.408,74.367,74.407,0.0727
07.06.2019 14:19:00.000,74.417,74.438,74.337,74.348,0.0387
07.06.2019 14:20:00.000,74.348,74.448,74.318,74.417,0.0551
07.06.2019 14:21:00.000,74.418,74.448,74.367,74.388,0.1236
07.06.2019 14:22:00.000,74.397,74.398,74.247,74.257,0.0923
07.06.2019 14:23:00.000,74.247,74.328,74.247,74.327,0.0034
07.06.2019 14:24:00.000,74.338,74.348,74.238,74.318,0.1241
07.06.2019 14:25:00.000,74.317,74.317,74.238,74.278,0.08
07.06.2019 14:26:00.000,74.278,74.288,74.237,74.268,0.0557
07.06.2019 14:27:00.000,74.278,74.288,74.247,74.248,0.0541
07.06.2019 14:28:00.000,74.258,74.328,74.257,74.328,0.0131
07.06.2019 14:29:00.000,74.328,74.328,74.297,74.297,0.043
07.06.2019 14:30:00.000,74.297,74.408,74.297,74.408,0.0727
07.06.2019 14:31:00.000,74.417,74.558,74.417,74.518,0.1419
07.06.2019 14:32:00.000,74.518,74.618,74.518,74.598,0.0227
07.06.2019 14:33:00.000,74.607,74.618,74.528,74.587,0.1456
07.06.2019 14:34:00.000,74.618,74.728,74.607,74.697,0.1064
07.06.2019 14:35:00.000,74.687,74.688,74.617,74.618,0.0559
07.06.2019 14:36:00.000,74.618,74.628,74.558,74.568,0.1799
07.06.2019 14:37:00.000,74.567,74.568,74.517,74.538,0.0474
07.06.2019 14:38:00.000,74.568,74.588,74.537,74.567,0.0543
07.06.2019 14:39:00.000,74.567,74.657,74.567,74.618,0.0642
07.06.2019 14:40:00.000,74.617,74.657,74.518,74.518,0.0874
07.06.2019 14:41:00.000,74.528,74.548,74.487,74.507,0.0947
07.06.2019 14:42:00.000,74.498,74.598,74.497,74.558,0.047
07.06.2019 14:43:00.000,74.578,74.648,74.538,74.578,0.0354
07.06.2019 14:44:00.000,74.587,74.658,74.578,74.617,0.1395
07.06.2019 14:45:00.000,74.607,74.608,74.517,74.547,0.0367
07.06.2019 14:46:00.000,74.557,74.678,74.557,74.678,0.0953
07.06.2019 14:47:00.000,74.677,74.728,74.677,74.728,0.0519
07.06.2019 14:48:00.000,74.728,74.788,74.677,74.677,0.0366
07.06.2019 14:49:00.000,74.678,74.748,74.677,74.738,0.0192
07.06.2019 14:50:00.000,74.738,74.828,74.738,74.828,0.0316
07.06.2019 14:51:00.000,74.827,74.878,74.797,74.848,0.094
07.06.2019 14:52:00.000,74.848,74.967,74.848,74.967,0.0814
07.06.2019 14:53:00.000,74.977,75.038,74.958,75.018,0.0296
07.06.2019 14:54:00.000,75.028,75.058,74.957,74.958,0.1629
07.06.2019 14:55:00.000,74.958,74.958,74.897,74.938,0.0716
07.06.2019 14:56:00.000,74.948,74.998,74.877,74.888,0.123
07.06.2019 14:57:00.000,74.887,74.888,74.768,74.788,0.0562
07.06.2019 14:58:00.000,74.788,74.898,74.767,74.868,0.2266
07.06.2019 14:59:00.000,74.878,74.878,74.758,74.828,0.0886
07.06.2019 15:00:00.000,74.828,74.857,74.758,74.778,0.0815
07.06.2019 15:01:00.000,74.787,74.808,74.777,74.788,0.131
07.06.2019 15:02:00.000,74.787,74.798,74.758,74.788,0.0817
07.06.2019 15:03:00.000,74.787,74.798,74.737,74.747,0.0635
07.06.2019 15:04:00.000,74.748,74.748,74.668,74.668,0.1082
07.06.2019 15:05:00.000,74.668,74.668,74.598,74.628,0.1412
07.06.2019 15:06:00.000,74.628,74.697,74.618,74.658,0.1032
07.06.2019 15:07:00.000,74.668,74.668,74.617,74.627,0.1488
07.06.2019 15:08:00.000,74.628,74.688,74.617,74.668,0.1201
07.06.2019 15:09:00.000,74.668,74.748,74.647,74.748,0.0441
07.06.2019 15:10:00.000,74.747,74.777,74.667,74.768,0.1252
07.06.2019 15:11:00.000,74.767,74.837,74.757,74.768,0.0804
07.06.2019 15:12:00.000,74.768,74.768,74.697,74.717,0.1819
07.06.2019 15:13:00.000,74.718,74.728,74.658,74.708,0.0527
07.06.2019 15:14:00.000,74.708,74.718,74.687,74.718,0.1276
07.06.2019 15:15:00.000,74.718,74.828,74.698,74.827,0.2227
07.06.2019 15:16:00.000,74.828,74.878,74.788,74.817,0.1627
07.06.2019 15:17:00.000,74.827,74.918,74.827,74.898,0.1274
07.06.2019 15:18:00.000,74.907,74.928,74.837,74.868,0.1183
07.06.2019 15:19:00.000,74.868,74.888,74.807,74.807,0.0974
07.06.2019 15:20:00.000,74.808,74.878,74.797,74.818,0.0894
07.06.2019 15:21:00.000,74.817,74.828,74.757,74.788,0.0437
07.06.2019 15:22:00.000,74.787,74.878,74.787,74.798,0.06
07.06.2019 15:23:00.000,74.797,74.818,74.727,74.748,0.1137
07.06.2019 15:24:00.000,74.758,74.778,74.728,74.747,0.1043
07.06.2019 15:25:00.000,74.748,74.818,74.747,74.768,0.0792
07.06.2019 15:26:00.000,74.758,74.768,74.677,74.677,0.0624
07.06.2019 15:27:00.000,74.658,74.688,74.588,74.588,0.1867
07.06.2019 15:28:00.000,74.578,74.638,74.548,74.548,0.1253
07.06.2019 15:29:00.000,74.557,74.618,74.557,74.607,0.0584
07.06.2019 15:30:00.000,74.608,74.718,74.607,74.707,0.1068
07.06.2019 15:31:00.000,74.717,74.728,74.648,74.668,0.0905
07.06.2019 15:32:00.000,74.667,74.668,74.597,74.597,0.1289
07.06.2019 15:33:00.000,74.598,74.688,74.598,74.688,0.0594
07.06.2019 15:34:00.000,74.687,74.698,74.637,74.658,0.2103
07.06.2019 15:35:00.000,74.658,74.698,74.638,74.638,0.1599
07.06.2019 15:36:00.000,74.638,74.638,74.608,74.628,0.0395
07.06.2019 15:37:00.000,74.628,74.728,74.628,74.698,0.055
07.06.2019 15:38:00.000,74.708,74.728,74.697,74.708,0.0766
07.06.2019 15:39:00.000,74.707,74.728,74.707,74.728,0.0109
07.06.2019 15:40:00.000,74.748,74.808,74.748,74.758,0.1435
07.06.2019 15:41:00.000,74.767,74.778,74.698,74.708,0.1037
07.06.2019 15:42:00.000,74.717,74.737,74.668,74.668,0.0601
07.06.2019 15:43:00.000,74.678,74.678,74.567,74.598,0.1104
07.06.2019 15:44:00.000,74.597,74.638,74.558,74.588,0.0745
07.06.2019 15:45:00.000,74.587,74.688,74.567,74.677,0.0916
07.06.2019 15:46:00.000,74.678,74.678,74.568,74.577,0.0968
07.06.2019 15:47:00.000,74.607,74.608,74.547,74.547,0.0921
07.06.2019 15:48:00.000,74.548,74.558,74.508,74.508,0.0535
07.06.2019 15:49:00.000,74.538,74.628,74.537,74.628,0.0625
07.06.2019 15:50:00.000,74.628,74.638,74.577,74.578,0.0247
07.06.2019 15:51:00.000,74.578,74.648,74.578,74.637,0.0315
07.06.2019 15:52:00.000,74.638,74.638,74.587,74.608,0.0921
07.06.2019 15:53:00.000,74.608,74.608,74.547,74.588,0.0663
07.06.2019 15:54:00.000,74.587,74.588,74.547,74.568,0.0343
07.06.2019 15:55:00.000,74.587,74.668,74.587,74.627,0.0725
07.06.2019 15:56:00.000,74.628,74.678,74.627,74.658,0.0717
07.06.2019 15:57:00.000,74.668,74.668,74.658,74.668,0.0036
07.06.2019 15:58:00.000,74.668,74.688,74.607,74.608,0.0457
07.06.2019 15:59:00.000,74.607,74.628,74.598,74.618,0.0527
07.06.2019 16:00:00.000,74.617,74.658,74.617,74.627,0.0528
07.06.2019 16:01:00.000,74.627,74.627,74.548,74.548,0.0711
07.06.2019 16:02:00.000,74.547,74.558,74.528,74.528,0.0027
07.06.2019 16:03:00.000,74.528,74.547,74.477,74.488,0.0973
07.06.2019 16:04:00.000,74.497,74.508,74.388,74.478,0.0719
07.06.2019 16:05:00.000,74.487,74.497,74.437,74.448,0.1528
07.06.2019 16:06:00.000,74.447,74.498,74.447,74.468,0.0284
07.06.2019 16:07:00.000,74.478,74.488,74.467,74.477,0.0753
07.06.2019 16:08:00.000,74.468,74.567,74.467,74.557,0.1056
07.06.2019 16:09:00.000,74.558,74.568,74.488,74.498,0.0043
07.06.2019 16:10:00.000,74.518,74.557,74.438,74.458,0.1066
07.06.2019 16:11:00.000,74.458,74.538,74.448,74.538,0.0597
07.06.2019 16:12:00.000,74.547,74.547,74.467,74.467,0.0818
07.06.2019 16:13:00.000,74.457,74.468,74.397,74.428,0.1455
07.06.2019 16:14:00.000,74.437,74.448,74.407,74.438,0.0936
07.06.2019 16:15:00.000,74.438,74.468,74.377,74.388,0.0844
07.06.2019 16:16:00.000,74.388,74.388,74.268,74.278,0.0473
07.06.2019 16:17:00.000,74.278,74.318,74.257,74.258,0.1941
07.06.2019 16:18:00.000,74.258,74.258,74.197,74.248,0.0861
07.06.2019 16:19:00.000,74.247,74.268,74.237,74.247,0.0636
07.06.2019 16:20:00.000,74.248,74.277,74.177,74.178,0.0766
07.06.2019 16:21:00.000,74.187,74.228,74.167,74.218,0.04
07.06.2019 16:22:00.000,74.238,74.238,74.197,74.197,0.0851
07.06.2019 16:23:00.000,74.198,74.298,74.167,74.297,0.0331
07.06.2019 16:24:00.000,74.298,74.388,74.278,74.377,0.0305
07.06.2019 16:25:00.000,74.378,74.438,74.357,74.417,0.0531
07.06.2019 16:26:00.000,74.418,74.418,74.357,74.358,0.0332
07.06.2019 16:27:00.000,74.358,74.358,74.287,74.298,0.0748
07.06.2019 16:28:00.000,74.298,74.358,74.277,74.348,0.0648
07.06.2019 16:29:00.000,74.348,74.408,74.348,74.377,0.054
07.06.2019 16:30:00.000,74.408,74.418,74.367,74.368,0.0391
07.06.2019 16:31:00.000,74.368,74.388,74.368,74.388,0.0015
07.06.2019 16:32:00.000,74.388,74.408,74.367,74.368,0.0768
07.06.2019 16:33:00.000,74.368,74.368,74.258,74.297,0.0896
07.06.2019 16:34:00.000,74.297,74.297,74.227,74.248,0.0733
07.06.2019 16:35:00.000,74.247,74.248,74.207,74.208,0.0135
07.06.2019 16:36:00.000,74.207,74.218,74.168,74.198,0.1365
07.06.2019 16:37:00.000,74.197,74.218,74.138,74.197,0.0873
07.06.2019 16:38:00.000,74.198,74.208,74.187,74.208,0.02
07.06.2019 16:39:00.000,74.207,74.268,74.197,74.268,0.0685
07.06.2019 16:40:00.000,74.267,74.308,74.267,74.308,0.0698
07.06.2019 16:41:00.000,74.317,74.358,74.317,74.328,0.1057
07.06.2019 16:42:00.000,74.337,74.338,74.277,74.338,0.0605
07.06.2019 16:43:00.000,74.338,74.398,74.338,74.358,0.0177
07.06.2019 16:44:00.000,74.357,74.398,74.348,74.348,0.0526
07.06.2019 16:45:00.000,74.358,74.368,74.307,74.358,0.0685
07.06.2019 16:46:00.000,74.368,74.418,74.368,74.388,0.0835
07.06.2019 16:47:00.000,74.398,74.468,74.387,74.387,0.0597
07.06.2019 16:48:00.000,74.408,74.408,74.347,74.357,0.0989
07.06.2019 16:49:00.000,74.357,74.468,74.357,74.467,0.0286
07.06.2019 16:50:00.000,74.468,74.497,74.468,74.488,0.0223
07.06.2019 16:51:00.000,74.518,74.568,74.507,74.507,0.0971
07.06.2019 16:52:00.000,74.507,74.508,74.367,74.368,0.0759
07.06.2019 16:53:00.000,74.387,74.408,74.367,74.408,0.0503
07.06.2019 16:54:00.000,74.407,74.407,74.347,74.348,0.0501
07.06.2019 16:55:00.000,74.368,74.468,74.348,74.398,0.1284
07.06.2019 16:56:00.000,74.398,74.437,74.368,74.407,0.145
07.06.2019 16:57:00.000,74.408,74.498,74.408,74.488,0.0518
07.06.2019 16:58:00.000,74.487,74.487,74.407,74.468,0.0717
07.06.2019 16:59:00.000,74.468,74.498,74.448,74.448,0.1525
07.06.2019 17:00:00.000,74.457,74.498,74.457,74.488,0.0275
07.06.2019 17:01:00.000,74.458,74.498,74.447,74.498,0.0435
07.06.2019 17:02:00.000,74.497,74.548,74.497,74.548,0.0529
07.06.2019 17:03:00.000,74.547,74.568,74.538,74.548,0.0283
07.06.2019 17:04:00.000,74.547,74.568,74.537,74.538,0.0707
07.06.2019 17:05:00.000,74.537,74.548,74.527,74.527,0.0159
07.06.2019 17:06:00.000,74.528,74.538,74.477,74.487,0.0422
07.06.2019 17:07:00.000,74.488,74.488,74.437,74.438,0.0095
07.06.2019 17:08:00.000,74.438,74.498,74.387,74.498,0.0345
07.06.2019 17:09:00.000,74.508,74.508,74.468,74.497,0.0416
07.06.2019 17:10:00.000,74.498,74.498,74.447,74.448,0.0286
07.06.2019 17:11:00.000,74.478,74.518,74.478,74.507,0.0284
07.06.2019 17:12:00.000,74.508,74.548,74.507,74.548,0.0199
07.06.2019 17:13:00.000,74.557,74.568,74.508,74.528,0.06
07.06.2019 17:14:00.000,74.558,74.588,74.547,74.588,0.0165
07.06.2019 17:15:00.000,74.587,74.588,74.548,74.548,0.0495
07.06.2019 17:16:00.000,74.558,74.558,74.487,74.488,0.0223
07.06.2019 17:17:00.000,74.508,74.568,74.488,74.568,0.109
07.06.2019 17:18:00.000,74.568,74.597,74.538,74.587,0.1153
07.06.2019 17:19:00.000,74.587,74.658,74.577,74.658,0.0814
07.06.2019 17:20:00.000,74.668,74.748,74.667,74.668,0.0883
07.06.2019 17:21:00.000,74.668,74.708,74.667,74.668,0.004
07.06.2019 17:22:00.000,74.688,74.688,74.538,74.538,0.0933
07.06.2019 17:23:00.000,74.538,74.548,74.507,74.508,0.0327
07.06.2019 17:24:00.000,74.527,74.548,74.457,74.538,0.0737
07.06.2019 17:25:00.000,74.547,74.548,74.487,74.487,0.0485
07.06.2019 17:26:00.000,74.488,74.508,74.488,74.508,0.0161
07.06.2019 17:27:00.000,74.527,74.598,74.527,74.568,0.0415
07.06.2019 17:28:00.000,74.567,74.608,74.548,74.598,0.0112
07.06.2019 17:29:00.000,74.608,74.648,74.598,74.628,0.0277
07.06.2019 17:30:00.000,74.627,74.648,74.618,74.637,0.1026
07.06.2019 17:31:00.000,74.638,74.688,74.638,74.688,0.0327
07.06.2019 17:32:00.000,74.698,74.718,74.687,74.718,0.0929
07.06.2019 17:33:00.000,74.717,74.748,74.697,74.697,0.0965
07.06.2019 17:34:00.000,74.698,74.708,74.638,74.698,0.085
07.06.2019 17:35:00.000,74.698,74.738,74.698,74.728,0.0376
07.06.2019 17:36:00.000,74.737,74.758,74.717,74.748,0.1285
07.06.2019 17:37:00.000,74.758,74.828,74.748,74.828,0.0633
07.06.2019 17:38:00.000,74.827,74.858,74.788,74.788,0.0729
07.06.2019 17:39:00.000,74.777,74.788,74.717,74.758,0.0398
07.06.2019 17:40:00.000,74.758,74.798,74.748,74.758,0.0546
07.06.2019 17:41:00.000,74.758,74.768,74.738,74.738,0.0229
07.06.2019 17:42:00.000,74.737,74.768,74.737,74.737,0.0845
07.06.2019 17:43:00.000,74.738,74.788,74.738,74.768,0.0484
07.06.2019 17:44:00.000,74.768,74.838,74.767,74.838,0.1502
07.06.2019 17:45:00.000,74.838,74.848,74.797,74.817,0.0785
07.06.2019 17:46:00.000,74.828,74.858,74.808,74.848,0.0419
07.06.2019 17:47:00.000,74.847,74.847,74.808,74.818,0.035
07.06.2019 17:48:00.000,74.817,74.817,74.758,74.797,0.0124
07.06.2019 17:49:00.000,74.787,74.788,74.787,74.788,0.0009
07.06.2019 17:50:00.000,74.797,74.808,74.787,74.808,0.0632
07.06.2019 17:51:00.000,74.798,74.828,74.797,74.818,0.0017
07.06.2019 17:52:00.000,74.828,74.848,74.797,74.837,0.0805
07.06.2019 17:53:00.000,74.837,74.838,74.817,74.838,0.0447
07.06.2019 17:54:00.000,74.837,74.878,74.837,74.868,0.0365
07.06.2019 17:55:00.000,74.888,74.888,74.828,74.848,0.0507
07.06.2019 17:56:00.000,74.857,74.888,74.848,74.888,0.0241
07.06.2019 17:57:00.000,74.887,74.938,74.847,74.928,0.0659
07.06.2019 17:58:00.000,74.947,74.978,74.947,74.978,0.0452
07.06.2019 17:59:00.000,74.977,75.028,74.977,75.028,0.0106
07.06.2019 18:00:00.000,75.038,75.048,74.997,75.028,0.0591
07.06.2019 18:01:00.000,75.028,75.028,74.947,74.957,0.0685
07.06.2019 18:02:00.000,74.957,74.978,74.918,74.958,0.0743
07.06.2019 18:03:00.000,74.957,74.957,74.868,74.928,0.0817
07.06.2019 18:04:00.000,74.928,74.948,74.908,74.938,0.1144
07.06.2019 18:05:00.000,74.938,74.948,74.908,74.927,0.0578
07.06.2019 18:06:00.000,74.918,74.948,74.907,74.948,0.1023
07.06.2019 18:07:00.000,74.948,74.948,74.818,74.818,0.0967
07.06.2019 18:08:00.000,74.828,74.868,74.828,74.858,0.0806
07.06.2019 18:09:00.000,74.857,74.857,74.788,74.828,0.0361
07.06.2019 18:10:00.000,74.827,74.858,74.827,74.848,0.0632
07.06.2019 18:11:00.000,74.857,74.887,74.817,74.887,0.09
07.06.2019 18:12:00.000,74.888,74.908,74.877,74.877,0.0754
07.06.2019 18:13:00.000,74.888,74.928,74.867,74.887,0.043
07.06.2019 18:14:00.000,74.897,74.938,74.897,74.918,0.0851
07.06.2019 18:15:00.000,74.917,74.928,74.898,74.928,0.0872
07.06.2019 18:16:00.000,74.938,74.958,74.927,74.927,0.0224
07.06.2019 18:17:00.000,74.928,74.968,74.928,74.928,0.0712
07.06.2019 18:18:00.000,74.918,74.918,74.887,74.888,0.0416
07.06.2019 18:19:00.000,74.888,74.888,74.847,74.858,0.0111
07.06.2019 18:20:00.000,74.847,74.847,74.788,74.797,0.0467
07.06.2019 18:21:00.000,74.798,74.808,74.758,74.778,0.0521
07.06.2019 18:22:00.000,74.787,74.808,74.778,74.808,0.0317
07.06.2019 18:23:00.000,74.808,74.868,74.787,74.858,0.0676
07.06.2019 18:24:00.000,74.857,74.918,74.857,74.897,0.1159
07.06.2019 18:25:00.000,74.898,74.918,74.897,74.898,0.0472
07.06.2019 18:26:00.000,74.897,74.897,74.808,74.808,0.0275
07.06.2019 18:27:00.000,74.828,74.887,74.828,74.868,0.0445
07.06.2019 18:28:00.000,74.858,74.858,74.808,74.818,0.0351
07.06.2019 18:29:00.000,74.818,74.848,74.807,74.847,0.0305
07.06.2019 18:30:00.000,74.858,74.908,74.858,74.867,0.0809
07.06.2019 18:31:00.000,74.858,74.928,74.847,74.918,0.0381
07.06.2019 18:32:00.000,74.917,74.948,74.907,74.927,0.0064
07.06.2019 18:33:00.000,74.928,75.008,74.927,74.988,0.0342
07.06.2019 18:34:00.000,74.998,75.028,74.997,75.018,0.051
07.06.2019 18:35:00.000,75.018,75.018,74.997,74.998,0.0053
07.06.2019 18:36:00.000,74.997,75.008,74.977,74.998,0.089
07.06.2019 18:37:00.000,75.007,75.008,74.997,75.007,0.042
07.06.2019 18:38:00.000,75.018,75.018,74.917,74.958,0.0222
07.06.2019 18:39:00.000,74.957,74.998,74.957,74.968,0.0881
07.06.2019 18:40:00.000,74.967,74.978,74.958,74.958,0.0254
07.06.2019 18:41:00.000,74.957,74.988,74.948,74.988,0.0652
07.06.2019 18:42:00.000,74.978,75.058,74.967,75.058,0.1217
07.06.2019 18:43:00.000,75.057,75.057,75.017,75.018,0.0295
07.06.2019 18:44:00.000,75.037,75.088,75.037,75.087,0.0792
07.06.2019 18:45:00.000,75.088,75.088,75.048,75.078,0.034
07.06.2019 18:46:00.000,75.088,75.118,75.087,75.097,0.0127
07.06.2019 18:47:00.000,75.098,75.108,75.068,75.078,0.0332
07.06.2019 18:48:00.000,75.068,75.068,74.997,74.997,0.0922
07.06.2019 18:49:00.000,74.998,75.017,74.947,74.948,0.0292
07.06.2019 18:50:00.000,74.928,74.968,74.908,74.958,0.1374
07.06.2019 18:51:00.000,74.958,74.988,74.958,74.967,0.051
07.06.2019 18:52:00.000,74.977,75.018,74.977,75.018,0.0045
07.06.2019 18:53:00.000,75.017,75.018,75.007,75.018,0.0367
07.06.2019 18:54:00.000,75.017,75.028,74.997,74.998,0.0457
07.06.2019 18:55:00.000,74.997,75.028,74.987,75.008,0.0134
07.06.2019 18:56:00.000,75.017,75.038,74.987,74.988,0.0891
07.06.2019 18:57:00.000,74.987,74.988,74.947,74.948,0.0621
07.06.2019 18:58:00.000,74.947,74.958,74.937,74.938,0.1059
07.06.2019 18:59:00.000,74.937,74.958,74.928,74.928,0.0333
07.06.2019 19:00:00.000,74.937,74.998,74.937,74.998,0.0421
07.06.2019 19:01:00.000,75.008,75.038,75.007,75.038,0.0732
07.06.2019 19:02:00.000,75.038,75.038,75.007,75.008,0.0366
07.06.2019 19:03:00.000,75.017,75.068,75.017,75.028,0.126
07.06.2019 19:04:00.000,75.028,75.078,75.028,75.048,0.1623
07.06.2019 19:05:00.000,75.047,75.048,75.007,75.018,0.0778
07.06.2019 19:06:00.000,75.008,75.028,74.987,75.017,0.0413
07.06.2019 19:07:00.000,75.018,75.038,74.998,75.008,0.0533
07.06.2019 19:08:00.000,75.008,75.017,74.978,74.987,0.0397
07.06.2019 19:09:00.000,74.988,74.998,74.947,74.988,0.0527
07.06.2019 19:10:00.000,74.987,75.028,74.987,75.008,0.1069
07.06.2019 19:11:00.000,75.008,75.138,75.008,75.128,0.0771
07.06.2019 19:12:00.000,75.118,75.138,75.108,75.118,0.032
07.06.2019 19:13:00.000,75.118,75.148,75.097,75.108,0.0226
07.06.2019 19:14:00.000,75.098,75.148,75.098,75.138,0.0309
07.06.2019 19:15:00.000,75.127,75.127,75.077,75.078,0.0939
07.06.2019 19:16:00.000,75.078,75.078,75.008,75.008,0.0622
07.06.2019 19:17:00.000,75.008,75.018,74.978,74.998,0.112
07.06.2019 19:18:00.000,74.988,75.018,74.988,75.007,0.0427
07.06.2019 19:19:00.000,75.008,75.057,75.007,75.048,0.0625
07.06.2019 19:20:00.000,75.058,75.068,74.947,74.948,0.1376
07.06.2019 19:21:00.000,74.938,74.968,74.918,74.948,0.1556
07.06.2019 19:22:00.000,74.947,75.038,74.947,75.028,0.0751
07.06.2019 19:23:00.000,75.037,75.098,75.037,75.098,0.1196
07.06.2019 19:24:00.000,75.088,75.118,75.077,75.118,0.0569
07.06.2019 19:25:00.000,75.117,75.148,75.117,75.118,0.0365
07.06.2019 19:26:00.000,75.108,75.118,75.088,75.108,0.0918
07.06.2019 19:27:00.000,75.118,75.148,75.108,75.138,0.0665
07.06.2019 19:28:00.000,75.128,75.158,75.128,75.138,0.0774
07.06.2019 19:29:00.000,75.137,75.148,75.127,75.128,0.0452
07.06.2019 19:30:00.000,75.127,75.178,75.107,75.148,0.1058
07.06.2019 19:31:00.000,75.168,75.178,75.098,75.158,0.2011
07.06.2019 19:32:00.000,75.157,75.158,75.037,75.048,0.2043
07.06.2019 19:33:00.000,75.048,75.058,74.948,74.968,0.1213
07.06.2019 19:34:00.000,74.967,74.998,74.957,74.997,0.0942
07.06.2019 19:35:00.000,74.998,74.998,74.867,74.878,0.1658
07.06.2019 19:36:00.000,74.878,74.898,74.857,74.868,0.0912
07.06.2019 19:37:00.000,74.878,74.888,74.827,74.858,0.0927
07.06.2019 19:38:00.000,74.858,74.858,74.827,74.838,0.065
07.06.2019 19:39:00.000,74.837,74.837,74.777,74.778,0.0862
07.06.2019 19:40:00.000,74.788,74.798,74.747,74.748,0.2005
07.06.2019 19:41:00.000,74.748,74.778,74.727,74.748,0.1648
07.06.2019 19:42:00.000,74.748,74.828,74.717,74.797,0.084
07.06.2019 19:43:00.000,74.798,74.798,74.717,74.718,0.1029
07.06.2019 19:44:00.000,74.737,74.748,74.668,74.678,0.1114
07.06.2019 19:45:00.000,74.677,74.687,74.647,74.648,0.0788
07.06.2019 19:46:00.000,74.647,74.717,74.647,74.708,0.1336
07.06.2019 19:47:00.000,74.708,74.738,74.678,74.718,0.0497
07.06.2019 19:48:00.000,74.718,74.767,74.687,74.767,0.2071
07.06.2019 19:49:00.000,74.768,74.778,74.697,74.727,0.0899
07.06.2019 19:50:00.000,74.737,74.788,74.707,74.708,0.0288
07.06.2019 19:51:00.000,74.708,74.708,74.667,74.678,0.1114
07.06.2019 19:52:00.000,74.677,74.728,74.677,74.718,0.1495
07.06.2019 19:53:00.000,74.717,74.728,74.687,74.688,0.1605
07.06.2019 19:54:00.000,74.688,74.688,74.647,74.687,0.1185
07.06.2019 19:55:00.000,74.687,74.708,74.618,74.637,0.2615
07.06.2019 19:56:00.000,74.638,74.708,74.627,74.707,0.2526
07.06.2019 19:57:00.000,74.698,74.718,74.648,74.668,0.1889
07.06.2019 19:58:00.000,74.678,74.698,74.668,74.678,0.0618
07.06.2019 19:59:00.000,74.677,74.728,74.658,74.687,0.368
10.06.2019 13:30:00.000,74.988,75.638,74.987,75.577,0.0121
10.06.2019 13:31:00.000,75.578,76.118,75.578,76.088,0.1344
10.06.2019 13:32:00.000,76.088,76.477,76.088,76.368,0.0918
10.06.2019 13:33:00.000,76.367,76.378,75.748,76.008,0.0641
10.06.2019 13:34:00.000,76.007,76.428,76.007,76.088,0.0774
10.06.2019 13:35:00.000,76.088,76.398,76.088,76.288,0.0763
10.06.2019 13:36:00.000,76.373,76.508,76.117,76.168,0.0769
10.06.2019 13:37:00.000,76.187,76.308,76.187,76.298,0.0707
10.06.2019 13:38:00.000,76.297,76.428,76.297,76.418,0.1309
10.06.2019 13:39:00.000,76.427,76.578,76.427,76.557,0.0635
10.06.2019 13:40:00.000,76.567,76.588,76.317,76.317,0.0958
10.06.2019 13:41:00.000,76.327,76.447,76.228,76.278,0.1469
10.06.2019 13:42:00.000,76.277,76.277,75.788,75.868,0.0482
10.06.2019 13:43:00.000,75.837,76.058,75.837,75.998,0.053
10.06.2019 13:44:00.000,76.008,76.158,76.007,76.157,0.0994
10.06.2019 13:45:00.000,76.217,76.347,76.207,76.207,0.0639
10.06.2019 13:46:00.000,76.208,76.378,76.208,76.327,0.1588
10.06.2019 13:47:00.000,76.367,76.478,76.308,76.378,0.1011
10.06.2019 13:48:00.000,76.378,76.398,76.288,76.288,0.107
10.06.2019 13:49:00.000,76.257,76.257,76.168,76.238,0.1404
10.06.2019 13:50:00.000,76.248,76.288,76.118,76.178,0.162
10.06.2019 13:51:00.000,76.198,76.408,76.197,76.298,0.0654
10.06.2019 13:52:00.000,76.307,76.568,76.307,76.497,0.1033
10.06.2019 13:53:00.000,76.498,76.578,76.488,76.518,0.1005
10.06.2019 13:54:00.000,76.528,76.618,76.518,76.537,0.1411
10.06.2019 13:55:00.000,76.538,76.668,76.538,76.587,0.2513
10.06.2019 13:56:00.000,76.587,76.588,76.497,76.538,0.2936
10.06.2019 13:57:00.000,76.537,76.657,76.537,76.608,0.1057
10.06.2019 13:58:00.000,76.608,76.768,76.607,76.748,0.1858
10.06.2019 13:59:00.000,76.767,76.787,76.617,76.728,0.0984
10.06.2019 14:00:00.000,76.727,76.738,76.607,76.688,0.0714
10.06.2019 14:01:00.000,76.687,76.837,76.687,76.748,0.051
10.06.2019 14:02:00.000,76.748,76.788,76.718,76.748,0.1229
10.06.2019 14:03:00.000,76.747,76.838,76.677,76.817,0.1431
10.06.2019 14:04:00.000,76.837,76.888,76.778,76.818,0.1916
10.06.2019 14:05:00.000,76.817,76.928,76.747,76.818,0.1268
10.06.2019 14:06:00.000,76.828,76.898,76.747,76.838,0.0771
10.06.2019 14:07:00.000,76.838,76.838,76.757,76.788,0.0577
10.06.2019 14:08:00.000,76.787,76.908,76.747,76.898,0.0905
10.06.2019 14:09:00.000,76.898,76.948,76.857,76.938,0.1181
10.06.2019 14:10:00.000,76.967,76.988,76.887,76.887,0.1215
10.06.2019 14:11:00.000,76.888,76.948,76.867,76.868,0.1245
10.06.2019 14:12:00.000,76.867,76.927,76.747,76.927,0.1265
10.06.2019 14:13:00.000,76.928,76.928,76.907,76.928,0.1051
10.06.2019 14:14:00.000,76.928,77.007,76.927,76.997,0.0617
10.06.2019 14:15:00.000,76.998,77.008,76.948,76.958,0.1001
10.06.2019 14:16:00.000,76.968,77.017,76.888,76.908,0.1096
10.06.2019 14:17:00.000,76.918,76.978,76.917,76.978,0.0902
10.06.2019 14:18:00.000,76.977,77.168,76.977,77.158,0.0661
10.06.2019 14:19:00.000,77.158,77.158,77.017,77.028,0.0846
10.06.2019 14:20:00.000,77.048,77.117,76.987,77.117,0.1489
10.06.2019 14:21:00.000,77.117,77.178,77.107,77.127,0.0813
10.06.2019 14:22:00.000,77.128,77.218,77.088,77.177,0.2202
10.06.2019 14:23:00.000,77.187,77.198,77.137,77.138,0.0576
10.06.2019 14:24:00.000,77.137,77.208,77.137,77.177,0.1547
10.06.2019 14:25:00.000,77.187,77.248,77.157,77.157,0.1637
10.06.2019 14:26:00.000,77.138,77.158,77.038,77.038,0.1024
10.06.2019 14:27:00.000,77.048,77.178,77.037,77.168,0.0614
10.06.2019 14:28:00.000,77.168,77.308,77.168,77.308,0.1015
10.06.2019 14:29:00.000,77.308,77.348,77.278,77.278,0.1878
10.06.2019 14:30:00.000,77.257,77.328,77.257,77.327,0.148
10.06.2019 14:31:00.000,77.328,77.338,77.228,77.228,0.0856
10.06.2019 14:32:00.000,77.228,77.258,77.117,77.117,0.0612
10.06.2019 14:33:00.000,77.118,77.138,77.048,77.078,0.1328
10.06.2019 14:34:00.000,77.077,77.078,76.987,76.988,0.0739
10.06.2019 14:35:00.000,76.987,76.988,76.987,76.988,0.0127
10.06.2019 14:36:00.000,76.988,76.988,76.887,76.958,0.0938
10.06.2019 14:37:00.000,76.957,77.008,76.957,76.988,0.0465
10.06.2019 14:38:00.000,76.987,76.987,76.807,76.948,0.1848
10.06.2019 14:39:00.000,76.948,76.968,76.907,76.937,0.1904
10.06.2019 14:40:00.000,76.937,77.017,76.908,77.008,0.0937
10.06.2019 14:41:00.000,77.028,77.078,76.948,76.968,0.0641
10.06.2019 14:42:00.000,77.007,77.007,76.958,76.988,0.0648
10.06.2019 14:43:00.000,76.988,76.988,76.818,76.917,0.0808
10.06.2019 14:44:00.000,76.917,76.918,76.868,76.888,0.0319
10.06.2019 14:45:00.000,76.888,76.918,76.887,76.888,0.0091
10.06.2019 14:46:00.000,76.887,76.908,76.787,76.787,0.0588
10.06.2019 14:47:00.000,76.788,76.878,76.697,76.828,0.1158
10.06.2019 14:48:00.000,76.827,76.828,76.677,76.688,0.0489
10.06.2019 14:49:00.000,76.688,76.698,76.627,76.628,0.0534
10.06.2019 14:50:00.000,76.628,76.658,76.577,76.658,0.0392
10.06.2019 14:51:00.000,76.657,76.688,76.657,76.688,0.0588
10.06.2019 14:52:00.000,76.688,76.817,76.688,76.778,0.1
10.06.2019 14:53:00.000,76.787,76.888,76.787,76.888,0.0113
10.06.2019 14:54:00.000,76.888,76.978,76.807,76.968,0.0991
10.06.2019 14:55:00.000,76.968,76.968,76.858,76.858,0.0786
10.06.2019 14:56:00.000,76.858,76.948,76.828,76.917,0.0777
10.06.2019 14:57:00.000,76.917,76.938,76.887,76.918,0.0197
10.06.2019 14:58:00.000,76.917,76.948,76.818,76.818,0.0848
10.06.2019 14:59:00.000,76.818,76.848,76.807,76.808,0.0726
10.06.2019 15:00:00.000,76.807,76.828,76.757,76.757,0.0297
10.06.2019 15:01:00.000,76.758,76.768,76.677,76.767,0.1099
10.06.2019 15:02:00.000,76.768,76.768,76.687,76.738,0.0544
10.06.2019 15:03:00.000,76.728,76.738,76.678,76.708,0.0353
10.06.2019 15:04:00.000,76.708,76.708,76.668,76.678,0.0507
10.06.2019 15:05:00.000,76.678,76.678,76.568,76.568,0.0298
10.06.2019 15:06:00.000,76.567,76.618,76.547,76.558,0.0429
10.06.2019 15:07:00.000,76.557,76.578,76.488,76.498,0.0702
10.06.2019 15:08:00.000,76.507,76.638,76.507,76.638,0.0229
10.06.2019 15:09:00.000,76.638,76.717,76.638,76.717,0.062
10.06.2019 15:10:00.000,76.717,76.828,76.708,76.808,0.0642
10.06.2019 15:11:00.000,76.807,76.827,76.767,76.798,0.0651
10.06.2019 15:12:00.000,76.818,76.838,76.717,76.717,0.0659
10.06.2019 15:13:00.000,76.718,76.748,76.587,76.587,0.026
10.06.2019 15:14:00.000,76.588,76.588,76.498,76.557,0.0852
10.06.2019 15:15:00.000,76.577,76.578,76.488,76.508,0.0647
10.06.2019 15:16:00.000,76.518,76.558,76.487,76.497,0.0368
10.06.2019 15:17:00.000,76.498,76.548,76.487,76.548,0.056
10.06.2019 15:18:00.000,76.558,76.598,76.557,76.577,0.0752
10.06.2019 15:19:00.000,76.577,76.587,76.548,76.557,0.0349
10.06.2019 15:20:00.000,76.548,76.548,76.438,76.448,0.0714
10.06.2019 15:21:00.000,76.418,76.448,76.368,76.378,0.0138
10.06.2019 15:22:00.000,76.378,76.417,76.328,76.417,0.0102
10.06.2019 15:23:00.000,76.417,76.428,76.378,76.387,0.0176
10.06.2019 15:24:00.000,76.398,76.398,76.287,76.308,0.1259
10.06.2019 15:25:00.000,76.317,76.378,76.317,76.348,0.0798
10.06.2019 15:26:00.000,76.347,76.348,76.307,76.308,0.0517
10.06.2019 15:27:00.000,76.307,76.317,76.258,76.258,0.1204
10.06.2019 15:28:00.000,76.267,76.268,76.147,76.148,0.0415
10.06.2019 15:29:00.000,76.147,76.287,76.147,76.238,0.0884
10.06.2019 15:30:00.000,76.237,76.268,76.227,76.258,0.0359
10.06.2019 15:31:00.000,76.278,76.278,76.157,76.157,0.0274
10.06.2019 15:32:00.000,76.157,76.298,76.157,76.298,0.0598
10.06.2019 15:33:00.000,76.298,76.308,76.207,76.238,0.0455
10.06.2019 15:34:00.000,76.208,76.208,76.098,76.147,0.0441
10.06.2019 15:35:00.000,76.147,76.228,76.088,76.088,0.0934
10.06.2019 15:36:00.000,76.088,76.138,76.048,76.078,0.0847
10.06.2019 15:37:00.000,76.078,76.128,76.068,76.107,0.0669
10.06.2019 15:38:00.000,76.107,76.107,76.067,76.098,0.0301
10.06.2019 15:39:00.000,76.098,76.148,76.077,76.148,0.1416
10.06.2019 15:40:00.000,76.148,76.268,76.148,76.268,0.1324
10.06.2019 15:41:00.000,76.258,76.298,76.258,76.277,0.1602
10.06.2019 15:42:00.000,76.278,76.318,76.257,76.318,0.0525
10.06.2019 15:43:00.000,76.318,76.348,76.267,76.267,0.0387
10.06.2019 15:44:00.000,76.268,76.328,76.238,76.238,0.0979
10.06.2019 15:45:00.000,76.248,76.257,76.197,76.257,0.0935
10.06.2019 15:46:00.000,76.267,76.308,76.187,76.188,0.0799
10.06.2019 15:47:00.000,76.187,76.188,76.128,76.148,0.0797
10.06.2019 15:48:00.000,76.148,76.268,76.147,76.267,0.0307
10.06.2019 15:49:00.000,76.278,76.358,76.267,76.357,0.1011
10.06.2019 15:50:00.000,76.367,76.418,76.367,76.397,0.0444
10.06.2019 15:51:00.000,76.398,76.467,76.398,76.448,0.0189
10.06.2019 15:52:00.000,76.438,76.488,76.407,76.488,0.0374
10.06.2019 15:53:00.000,76.488,76.507,76.428,76.437,0.1155
10.06.2019 15:54:00.000,76.458,76.488,76.427,76.488,0.0722
10.06.2019 15:55:00.000,76.488,76.528,76.458,76.528,0.0615
10.06.2019 15:56:00.000,76.538,76.538,76.447,76.448,0.0354
10.06.2019 15:57:00.000,76.447,76.448,76.408,76.438,0.0823
10.06.2019 15:58:00.000,76.457,76.478,76.457,76.468,0.0697
10.06.2019 15:59:00.000,76.458,76.458,76.388,76.398,0.0965
10.06.2019 16:00:00.000,76.398,76.518,76.387,76.517,0.0714
10.06.2019 16:01:00.000,76.518,76.548,76.517,76.538,0.0479
10.06.2019 16:02:00.000,76.528,76.558,76.527,76.547,0.1289
10.06.2019 16:03:00.000,76.548,76.548,76.447,76.457,0.1124
10.06.2019 16:04:00.000,76.448,76.468,76.397,76.397,0.0468
10.06.2019 16:05:00.000,76.398,76.398,76.218,76.228,0.1346
10.06.2019 16:06:00.000,76.228,76.318,76.228,76.298,0.0662
10.06.2019 16:07:00.000,76.307,76.337,76.238,76.328,0.0823
10.06.2019 16:08:00.000,76.328,76.328,76.197,76.218,0.1003
10.06.2019 16:09:00.000,76.208,76.268,76.207,76.228,0.0631
10.06.2019 16:10:00.000,76.227,76.308,76.227,76.308,0.044
10.06.2019 16:11:00.000,76.307,76.308,76.217,76.258,0.0632
10.06.2019 16:12:00.000,76.298,76.408,76.278,76.408,0.0642
10.06.2019 16:13:00.000,76.427,76.437,76.337,76.348,0.1268
10.06.2019 16:14:00.000,76.348,76.458,76.348,76.458,0.0071
10.06.2019 16:15:00.000,76.478,76.497,76.458,76.477,0.0451
10.06.2019 16:16:00.000,76.478,76.538,76.447,76.448,0.0607
10.06.2019 16:17:00.000,76.447,76.478,76.447,76.478,0.0393
10.06.2019 16:18:00.000,76.478,76.538,76.447,76.528,0.0769
10.06.2019 16:19:00.000,76.538,76.548,76.517,76.548,0.0033
10.06.2019 16:20:00.000,76.558,76.578,76.508,76.528,0.0877
10.06.2019 16:21:00.000,76.527,76.607,76.517,76.598,0.1114
10.06.2019 16:22:00.000,76.598,76.678,76.598,76.647,0.1095
10.06.2019 16:23:00.000,76.648,76.648,76.537,76.548,0.0562
10.06.2019 16:24:00.000,76.547,76.598,76.547,76.558,0.0424
10.06.2019 16:25:00.000,76.557,76.558,76.517,76.557,0.0589
10.06.2019 16:26:00.000,76.558,76.708,76.558,76.697,0.0793
10.06.2019 16:27:00.000,76.698,76.768,76.697,76.717,0.0451
10.06.2019 16:28:00.000,76.718,76.728,76.688,76.688,0.0548
10.06.2019 16:29:00.000,76.687,76.748,76.687,76.727,0.0298
10.06.2019 16:30:00.000,76.728,76.758,76.687,76.718,0.1037
10.06.2019 16:31:00.000,76.717,76.788,76.717,76.768,0.0673
10.06.2019 16:32:00.000,76.788,76.808,76.727,76.748,0.0889
10.06.2019 16:33:00.000,76.737,76.748,76.667,76.697,0.0107
10.06.2019 16:34:00.000,76.697,76.728,76.697,76.718,0.0264
10.06.2019 16:35:00.000,76.727,76.727,76.677,76.677,0.0556
10.06.2019 16:36:00.000,76.678,76.678,76.598,76.638,0.0853
10.06.2019 16:37:00.000,76.618,76.668,76.598,76.668,0.0745
10.06.2019 16:38:00.000,76.667,76.798,76.657,76.698,0.0726
10.06.2019 16:39:00.000,76.707,76.708,76.567,76.588,0.0508
10.06.2019 16:40:00.000,76.587,76.587,76.517,76.548,0.0141
10.06.2019 16:41:00.000,76.548,76.548,76.528,76.528,0.001
10.06.2019 16:42:00.000,76.547,76.548,76.447,76.448,0.0737
10.06.2019 16:43:00.000,76.468,76.508,76.468,76.487,0.019
10.06.2019 16:44:00.000,76.457,76.468,76.427,76.437,0.0488
10.06.2019 16:45:00.000,76.428,76.428,76.338,76.338,0.0441
10.06.2019 16:46:00.000,76.347,76.368,76.327,76.328,0.0325
10.06.2019 16:47:00.000,76.328,76.348,76.327,76.348,0.0024
10.06.2019 16:48:00.000,76.347,76.348,76.338,76.338,0.0467
10.06.2019 16:49:00.000,76.348,76.418,76.347,76.398,0.0528
10.06.2019 16:50:00.000,76.397,76.398,76.288,76.288,0.0503
10.06.2019 16:51:00.000,76.287,76.338,76.257,76.257,0.0205
10.06.2019 16:52:00.000,76.257,76.268,76.247,76.268,0.0164
10.06.2019 16:53:00.000,76.258,76.318,76.257,76.277,0.0326
10.06.2019 16:54:00.000,76.278,76.398,76.278,76.368,0.0941
10.06.2019 16:55:00.000,76.378,76.388,76.307,76.308,0.0213
10.06.2019 16:56:00.000,76.307,76.318,76.267,76.268,0.0398
10.06.2019 16:57:00.000,76.298,76.348,76.278,76.347,0.0744
10.06.2019 16:58:00.000,76.348,76.388,76.287,76.307,0.0324
10.06.2019 16:59:00.000,76.288,76.318,76.258,76.288,0.043
10.06.2019 17:00:00.000,76.308,76.358,76.308,76.358,0.0464
10.06.2019 17:01:00.000,76.367,76.438,76.367,76.437,0.0442
10.06.2019 17:02:00.000,76.438,76.478,76.408,76.408,0.0641
10.06.2019 17:03:00.000,76.407,76.408,76.328,76.338,0.0599
10.06.2019 17:04:00.000,76.337,76.408,76.328,76.407,0.1073
10.06.2019 17:05:00.000,76.408,76.408,76.388,76.388,0.0309
10.06.2019 17:06:00.000,76.387,76.408,76.328,76.408,0.0276
10.06.2019 17:07:00.000,76.407,76.428,76.387,76.387,0.0171
10.06.2019 17:08:00.000,76.368,76.368,76.318,76.338,0.0245
10.06.2019 17:09:00.000,76.347,76.347,76.317,76.318,0.0306
10.06.2019 17:10:00.000,76.317,76.328,76.288,76.318,0.0096
10.06.2019 17:11:00.000,76.327,76.378,76.327,76.358,0.0236
10.06.2019 17:12:00.000,76.328,76.328,76.297,76.318,0.0464
10.06.2019 17:13:00.000,76.298,76.298,76.207,76.207,0.0098
10.06.2019 17:14:00.000,76.207,76.207,76.177,76.198,0.0353
10.06.2019 17:15:00.000,76.197,76.238,76.147,76.157,0.097
10.06.2019 17:16:00.000,76.158,76.178,76.138,76.138,0.0105
10.06.2019 17:17:00.000,76.148,76.198,76.098,76.137,0.1105
10.06.2019 17:18:00.000,76.138,76.148,76.117,76.117,0.0827
10.06.2019 17:19:00.000,76.117,76.258,76.117,76.238,0.0357
10.06.2019 17:20:00.000,76.258,76.288,76.227,76.228,0.0328
10.06.2019 17:22:00.000,76.218,76.228,76.198,76.218,0.0311
10.06.2019 17:23:00.000,76.237,76.248,76.237,76.248,0.054
10.06.2019 17:24:00.000,76.248,76.248,76.207,76.208,0.001
10.06.2019 17:25:00.000,76.207,76.227,76.177,76.227,0.004
10.06.2019 17:26:00.000,76.228,76.228,76.228,76.228,0.0005
10.06.2019 17:27:00.000,76.227,76.227,76.167,76.208,0.0251
10.06.2019 17:28:00.000,76.228,76.288,76.227,76.268,0.0191
10.06.2019 17:29:00.000,76.277,76.348,76.277,76.347,0.0344
10.06.2019 17:30:00.000,76.357,76.458,76.357,76.417,0.1191
10.06.2019 17:31:00.000,76.418,76.418,76.327,76.327,0.0371
10.06.2019 17:32:00.000,76.327,76.407,76.327,76.398,0.0368
10.06.2019 17:33:00.000,76.427,76.448,76.408,76.408,0.0645
10.06.2019 17:34:00.000,76.408,76.438,76.358,76.397,0.0613
10.06.2019 17:35:00.000,76.418,76.438,76.397,76.438,0.052
10.06.2019 17:36:00.000,76.437,76.478,76.427,76.438,0.0607
10.06.2019 17:37:00.000,76.437,76.437,76.387,76.417,0.0194
10.06.2019 17:38:00.000,76.418,76.478,76.418,76.448,0.0367
10.06.2019 17:39:00.000,76.447,76.448,76.408,76.418,0.0397
10.06.2019 17:40:00.000,76.408,76.458,76.408,76.428,0.0445
10.06.2019 17:41:00.000,76.438,76.438,76.398,76.398,0.0005
10.06.2019 17:42:00.000,76.407,76.407,76.387,76.388,0.0016
10.06.2019 17:43:00.000,76.387,76.387,76.327,76.338,0.0396
10.06.2019 17:44:00.000,76.337,76.348,76.277,76.278,0.0394
10.06.2019 17:45:00.000,76.277,76.277,76.227,76.228,0.0342
10.06.2019 17:46:00.000,76.227,76.268,76.227,76.228,0.072
10.06.2019 17:47:00.000,76.228,76.328,76.228,76.317,0.0999
10.06.2019 17:48:00.000,76.318,76.327,76.307,76.308,0.1391
10.06.2019 17:49:00.000,76.327,76.338,76.258,76.258,0.0555
10.06.2019 17:50:00.000,76.257,76.257,76.217,76.228,0.0614
10.06.2019 17:51:00.000,76.228,76.228,76.138,76.138,0.0243
10.06.2019 17:52:00.000,76.165,76.168,76.137,76.138,0.0283
10.06.2019 17:53:00.000,76.138,76.138,76.078,76.088,0.0617
10.06.2019 17:54:00.000,76.078,76.148,76.078,76.147,0.0423
10.06.2019 17:55:00.000,76.118,76.118,76.077,76.098,0.063
10.06.2019 17:56:00.000,76.097,76.158,76.097,76.127,0.1047
10.06.2019 17:57:00.000,76.128,76.178,76.128,76.147,0.0531
10.06.2019 17:58:00.000,76.148,76.148,76.107,76.118,0.0294
10.06.2019 17:59:00.000,76.117,76.138,76.088,76.108,0.0574
10.06.2019 18:00:00.000,76.107,76.138,76.087,76.088,0.0724
10.06.2019 18:01:00.000,76.087,76.087,75.988,75.988,0.148
10.06.2019 18:02:00.000,75.988,75.988,75.927,75.928,0.0135
10.06.2019 18:03:00.000,75.928,75.948,75.918,75.947,0.1465
10.06.2019 18:04:00.000,75.948,75.958,75.898,75.898,0.0945
10.06.2019 18:05:00.000,75.897,75.958,75.867,75.928,0.1181
10.06.2019 18:06:00.000,75.918,76.028,75.898,75.948,0.0981
10.06.2019 18:07:00.000,75.947,75.988,75.908,75.968,0.0291
10.06.2019 18:08:00.000,75.967,75.968,75.947,75.958,0.0321
10.06.2019 18:09:00.000,75.968,75.988,75.948,75.958,0.0401
10.06.2019 18:10:00.000,75.958,75.958,75.927,75.958,0.1087
10.06.2019 18:11:00.000,75.958,75.958,75.898,75.918,0.0587
10.06.2019 18:12:00.000,75.918,75.918,75.897,75.908,0.098
10.06.2019 18:13:00.000,75.908,75.908,75.837,75.838,0.0198
10.06.2019 18:14:00.000,75.848,75.888,75.827,75.858,0.1069
10.06.2019 18:15:00.000,75.848,75.848,75.767,75.828,0.0604
10.06.2019 18:16:00.000,75.827,75.898,75.827,75.898,0.0696
10.06.2019 18:17:00.000,75.898,75.898,75.878,75.878,0.0345
10.06.2019 18:18:00.000,75.888,75.978,75.877,75.968,0.1424
10.06.2019 18:19:00.000,75.967,75.978,75.957,75.977,0.0707
10.06.2019 18:20:00.000,75.978,76.018,75.967,76.008,0.0577
10.06.2019 18:21:00.000,75.997,75.997,75.947,75.958,0.0708
10.06.2019 18:22:00.000,75.977,75.978,75.957,75.958,0.0259
10.06.2019 18:23:00.000,75.968,76.078,75.968,76.078,0.1465
10.06.2019 18:24:00.000,76.077,76.128,76.067,76.118,0.0229
10.06.2019 18:25:00.000,76.117,76.118,76.027,76.077,0.1276
10.06.2019 18:26:00.000,76.068,76.078,76.037,76.037,0.0812
10.06.2019 18:27:00.000,76.037,76.037,75.968,75.988,0.0806
10.06.2019 18:28:00.000,75.987,75.998,75.987,75.997,0.0221
10.06.2019 18:29:00.000,75.998,76.048,75.988,76.037,0.0326
10.06.2019 18:30:00.000,76.048,76.098,76.007,76.027,0.0514
10.06.2019 18:31:00.000,76.038,76.038,75.957,75.958,0.0429
10.06.2019 18:32:00.000,75.968,75.988,75.958,75.978,0.0384
10.06.2019 18:33:00.000,75.978,75.978,75.967,75.968,0.0282
10.06.2019 18:34:00.000,75.978,75.997,75.957,75.958,0.0476
10.06.2019 18:35:00.000,75.957,75.978,75.937,75.978,0.0455
10.06.2019 18:36:00.000,75.978,75.988,75.967,75.968,0.0667
10.06.2019 18:37:00.000,75.967,75.987,75.867,75.868,0.1064
10.06.2019 18:38:00.000,75.888,75.937,75.887,75.918,0.0719
10.06.2019 18:39:00.000,75.917,75.978,75.877,75.878,0.111
10.06.2019 18:40:00.000,75.878,75.878,75.818,75.838,0.1173
10.06.2019 18:41:00.000,75.838,75.918,75.827,75.898,0.1447
10.06.2019 18:42:00.000,75.908,75.908,75.798,75.838,0.0712
10.06.2019 18:43:00.000,75.847,75.878,75.807,75.878,0.0652
10.06.2019 18:44:00.000,75.877,75.908,75.858,75.858,0.0507
10.06.2019 18:45:00.000,75.867,75.908,75.867,75.888,0.0572
10.06.2019 18:46:00.000,75.898,75.918,75.888,75.918,0.0146
10.06.2019 18:47:00.000,75.917,75.977,75.917,75.937,0.0322
10.06.2019 18:48:00.000,75.938,75.938,75.897,75.898,0.0338
10.06.2019 18:49:00.000,75.897,75.897,75.828,75.877,0.0558
10.06.2019 18:50:00.000,75.887,75.968,75.877,75.937,0.0353
10.06.2019 18:51:00.000,75.938,75.938,75.848,75.848,0.0213
10.06.2019 18:52:00.000,75.847,75.888,75.838,75.888,0.0274
10.06.2019 18:53:00.000,75.888,75.898,75.798,75.888,0.0145
10.06.2019 18:54:00.000,75.897,75.908,75.867,75.868,0.0841
10.06.2019 18:55:00.000,75.887,75.928,75.887,75.908,0.0684
10.06.2019 18:56:00.000,75.908,75.948,75.907,75.918,0.0411
10.06.2019 18:57:00.000,75.917,75.917,75.888,75.898,0.0183
10.06.2019 18:58:00.000,75.897,75.948,75.847,75.938,0.0557
10.06.2019 18:59:00.000,75.938,75.948,75.907,75.908,0.0422
10.06.2019 19:00:00.000,75.907,75.968,75.897,75.968,0.0175
10.06.2019 19:01:00.000,75.947,75.948,75.847,75.848,0.0621
10.06.2019 19:02:00.000,75.858,75.918,75.858,75.908,0.0324
10.06.2019 19:03:00.000,75.908,75.928,75.888,75.927,0.0195
10.06.2019 19:04:00.000,75.928,75.928,75.867,75.868,0.0551
10.06.2019 19:05:00.000,75.868,75.897,75.867,75.868,0.0735
10.06.2019 19:06:00.000,75.878,75.898,75.847,75.888,0.1044
10.06.2019 19:07:00.000,75.898,75.918,75.878,75.887,0.0413
10.06.2019 19:08:00.000,75.888,75.918,75.887,75.907,0.0277
10.06.2019 19:09:00.000,75.908,75.968,75.908,75.918,0.0717
10.06.2019 19:10:00.000,75.918,75.918,75.888,75.898,0.0362
10.06.2019 19:11:00.000,75.897,75.898,75.857,75.887,0.0555
10.06.2019 19:12:00.000,75.888,75.928,75.888,75.918,0.0663
10.06.2019 19:13:00.000,75.918,75.938,75.897,75.917,0.0425
10.06.2019 19:14:00.000,75.917,75.928,75.888,75.897,0.1018
10.06.2019 19:15:00.000,75.898,75.938,75.888,75.898,0.0727
10.06.2019 19:16:00.000,75.897,75.928,75.887,75.908,0.1656
10.06.2019 19:17:00.000,75.908,75.978,75.908,75.967,0.08
10.06.2019 19:18:00.000,75.968,75.968,75.907,75.908,0.0533
10.06.2019 19:19:00.000,75.907,75.968,75.907,75.968,0.1542
10.06.2019 19:20:00.000,75.977,75.987,75.958,75.958,0.113
10.06.2019 19:21:00.000,75.948,75.948,75.907,75.928,0.0984
10.06.2019 19:22:00.000,75.928,75.948,75.908,75.918,0.1038
10.06.2019 19:23:00.000,75.928,75.958,75.908,75.938,0.0654
10.06.2019 19:24:00.000,75.938,75.938,75.898,75.928,0.0699
10.06.2019 19:25:00.000,75.937,75.938,75.877,75.888,0.0488
10.06.2019 19:26:00.000,75.887,75.908,75.877,75.878,0.0446
10.06.2019 19:27:00.000,75.867,75.928,75.867,75.928,0.1121
10.06.2019 19:28:00.000,75.927,75.927,75.857,75.868,0.013
10.06.2019 19:29:00.000,75.868,75.888,75.867,75.878,0.0273
10.06.2019 19:30:00.000,75.888,75.898,75.867,75.898,0.1203
10.06.2019 19:31:00.000,75.897,75.998,75.897,75.997,0.1463
10.06.2019 19:32:00.000,75.998,75.998,75.957,75.968,0.1302
10.06.2019 19:33:00.000,75.967,76.068,75.957,76.047,0.1064
10.06.2019 19:34:00.000,76.048,76.048,75.967,75.968,0.1704
10.06.2019 19:35:00.000,75.967,75.978,75.928,75.958,0.1433
10.06.2019 19:36:00.000,75.977,75.978,75.937,75.948,0.0368
10.06.2019 19:37:00.000,75.947,75.988,75.937,75.937,0.0931
10.06.2019 19:38:00.000,75.938,75.948,75.887,75.898,0.0665
10.06.2019 19:39:00.000,75.897,75.908,75.847,75.878,0.0857
10.06.2019 19:40:00.000,75.888,75.937,75.878,75.908,0.0717
10.06.2019 19:41:00.000,75.907,75.917,75.837,75.857,0.1328
10.06.2019 19:42:00.000,75.847,75.898,75.767,75.888,0.1941
10.06.2019 19:43:00.000,75.887,75.888,75.837,75.838,0.073
10.06.2019 19:44:00.000,75.838,75.888,75.837,75.868,0.1186
10.06.2019 19:45:00.000,75.868,75.868,75.778,75.827,0.1501
10.06.2019 19:46:00.000,75.837,75.838,75.807,75.818,0.0525
10.06.2019 19:47:00.000,75.818,75.858,75.818,75.858,0.1223
10.06.2019 19:48:00.000,75.848,75.888,75.848,75.878,0.1576
10.06.2019 19:49:00.000,75.877,75.908,75.857,75.867,0.0544
10.06.2019 19:50:00.000,75.868,75.878,75.807,75.818,0.0844
10.06.2019 19:51:00.000,75.817,75.857,75.777,75.828,0.1269
10.06.2019 19:52:00.000,75.828,75.858,75.777,75.787,0.157
10.06.2019 19:53:00.000,75.808,75.808,75.747,75.788,0.2134
10.06.2019 19:54:00.000,75.788,75.858,75.787,75.818,0.1486
10.06.2019 19:55:00.000,75.818,75.818,75.778,75.818,0.1633
10.06.2019 19:56:00.000,75.818,75.837,75.778,75.808,0.2215
10.06.2019 19:57:00.000,75.807,75.808,75.737,75.767,0.2687
10.06.2019 19:58:00.000,75.778,75.838,75.767,75.808,0.2893
10.06.2019 19:59:00.000,75.808,75.878,75.807,75.818,0.3141
11.06.2019 13:30:00.000,76.567,76.587,76.567,76.587,0.0028
11.06.2019 13:31:00.000,76.588,76.588,76.327,76.327,0.0453
11.06.2019 13:32:00.000,76.358,76.478,76.287,76.478,0.1229
11.06.2019 13:33:00.000,76.538,76.547,76.467,76.488,0.0312
11.06.2019 13:34:00.000,76.468,76.468,76.347,76.467,0.1241
11.06.2019 13:35:00.000,76.468,76.838,76.468,76.837,0.0524
11.06.2019 13:36:00.000,76.838,76.838,76.627,76.628,0.116
11.06.2019 13:37:00.000,76.628,76.628,76.428,76.428,0.0598
11.06.2019 13:38:00.000,76.448,76.678,76.438,76.678,0.0319
11.06.2019 13:39:00.000,76.688,76.768,76.557,76.748,0.0787
11.06.2019 13:40:00.000,76.787,76.808,76.747,76.788,0.0099
11.06.2019 13:41:00.000,76.807,77.008,76.807,76.928,0.031
11.06.2019 13:42:00.000,76.927,77.048,76.927,77.047,0.0577
11.06.2019 13:43:00.000,77.047,77.127,77.047,77.057,0.1183
11.06.2019 13:44:00.000,77.058,77.157,77.057,77.137,0.0563
11.06.2019 13:45:00.000,77.138,77.138,77.048,77.098,0.1092
11.06.2019 13:46:00.000,77.098,77.098,77.027,77.088,0.071
11.06.2019 13:47:00.000,77.088,77.088,77.008,77.068,0.0813
11.06.2019 13:48:00.000,77.108,77.128,76.988,77.038,0.1063
11.06.2019 13:49:00.000,77.078,77.218,77.078,77.207,0.1526
11.06.2019 13:50:00.000,77.218,77.288,77.148,77.148,0.0759
11.06.2019 13:51:00.000,77.148,77.188,77.048,77.048,0.0445
11.06.2019 13:52:00.000,77.048,77.147,77.037,77.038,0.0744
11.06.2019 13:53:00.000,77.038,77.058,77.008,77.018,0.043
11.06.2019 13:54:00.000,77.027,77.118,77.018,77.038,0.055
11.06.2019 13:55:00.000,77.038,77.038,76.837,76.837,0.0728
11.06.2019 13:56:00.000,76.837,76.867,76.738,76.867,0.0801
11.06.2019 13:57:00.000,76.867,76.878,76.787,76.827,0.075
11.06.2019 13:58:00.000,76.828,76.938,76.828,76.927,0.1294
11.06.2019 13:59:00.000,76.928,76.928,76.787,76.837,0.0779
11.06.2019 14:00:00.000,76.837,76.908,76.837,76.908,0.0417
11.06.2019 14:01:00.000,76.917,76.958,76.888,76.888,0.0749
11.06.2019 14:02:00.000,76.887,76.938,76.887,76.898,0.0679
11.06.2019 14:03:00.000,76.868,77.008,76.837,76.957,0.0383
11.06.2019 14:04:00.000,76.957,77.098,76.957,77.058,0.0546
11.06.2019 14:05:00.000,77.057,77.078,76.977,77.068,0.124
11.06.2019 14:06:00.000,77.067,77.108,76.998,77.088,0.0644
11.06.2019 14:07:00.000,77.088,77.088,76.937,76.948,0.2256
11.06.2019 14:08:00.000,76.967,76.967,76.857,76.898,0.0953
11.06.2019 14:09:00.000,76.897,76.898,76.837,76.838,0.028
11.06.2019 14:10:00.000,76.838,76.858,76.777,76.828,0.1109
11.06.2019 14:11:00.000,76.828,76.828,76.658,76.658,0.1115
11.06.2019 14:12:00.000,76.657,76.698,76.608,76.698,0.0484
11.06.2019 14:13:00.000,76.698,76.988,76.697,76.948,0.192
11.06.2019 14:14:00.000,76.948,77.018,76.878,76.958,0.1515
11.06.2019 14:15:00.000,76.957,76.957,76.847,76.897,0.0598
11.06.2019 14:16:00.000,76.898,76.958,76.887,76.927,0.0638
11.06.2019 14:17:00.000,76.928,76.928,76.858,76.868,0.0036
11.06.2019 14:18:00.000,76.877,76.918,76.877,76.918,0.0537
11.06.2019 14:19:00.000,76.918,76.947,76.917,76.918,0.0764
11.06.2019 14:20:00.000,76.927,76.938,76.867,76.868,0.0517
11.06.2019 14:21:00.000,76.867,76.938,76.867,76.938,0.0269
11.06.2019 14:22:00.000,76.947,77.068,76.947,77.038,0.0649
11.06.2019 14:23:00.000,77.038,77.047,76.987,77.008,0.1458
11.06.2019 14:24:00.000,77.008,77.008,76.907,76.948,0.1674
11.06.2019 14:25:00.000,76.967,77.027,76.948,77.027,0.096
11.06.2019 14:26:00.000,77.028,77.038,76.938,76.948,0.0444
11.06.2019 14:27:00.000,76.988,77.068,76.968,77.068,0.1841
11.06.2019 14:28:00.000,77.077,77.078,77.037,77.068,0.05
11.06.2019 14:29:00.000,77.067,77.137,77.067,77.128,0.0425
11.06.2019 14:30:00.000,77.127,77.138,77.027,77.027,0.0419
11.06.2019 14:31:00.000,77.028,77.088,77.027,77.088,0.0366
11.06.2019 14:32:00.000,77.087,77.088,77.067,77.068,0.0551
11.06.2019 14:33:00.000,77.068,77.068,76.987,77.017,0.046
11.06.2019 14:34:00.000,77.018,77.148,77.017,77.058,0.0401
11.06.2019 14:35:00.000,77.057,77.058,77.007,77.028,0.0645
11.06.2019 14:36:00.000,77.037,77.038,76.988,77.008,0.0815
11.06.2019 14:37:00.000,77.008,77.138,76.997,77.128,0.0669
11.06.2019 14:38:00.000,77.137,77.138,77.048,77.077,0.0622
11.06.2019 14:39:00.000,77.078,77.078,77.067,77.068,0.0214
11.06.2019 14:40:00.000,77.068,77.088,77.037,77.068,0.0713
11.06.2019 14:41:00.000,77.067,77.068,76.887,76.887,0.1483
11.06.2019 14:42:00.000,76.888,76.888,76.728,76.728,0.0349
11.06.2019 14:43:00.000,76.728,76.758,76.678,76.708,0.0047
11.06.2019 14:44:00.000,76.707,76.738,76.707,76.727,0.0208
11.06.2019 14:45:00.000,76.728,76.788,76.727,76.738,0.0444
11.06.2019 14:46:00.000,76.737,76.748,76.687,76.708,0.0974
11.06.2019 14:47:00.000,76.707,76.748,76.657,76.748,0.0849
11.06.2019 14:48:00.000,76.748,76.748,76.687,76.728,0.0363
11.06.2019 14:49:00.000,76.727,76.778,76.727,76.767,0.1371
11.06.2019 14:50:00.000,76.798,76.808,76.787,76.787,0.0687
11.06.2019 14:51:00.000,76.797,76.817,76.778,76.778,0.0752
11.06.2019 14:52:00.000,76.798,76.828,76.787,76.828,0.0267
11.06.2019 14:53:00.000,76.807,76.818,76.708,76.788,0.0485
11.06.2019 14:54:00.000,76.788,76.888,76.788,76.887,0.0645
11.06.2019 14:55:00.000,76.888,76.938,76.887,76.928,0.0389
11.06.2019 14:56:00.000,76.937,76.998,76.937,76.967,0.0646
11.06.2019 14:57:00.000,76.968,76.968,76.877,76.878,0.0521
11.06.2019 14:58:00.000,76.878,76.928,76.877,76.908,0.0359
11.06.2019 14:59:00.000,76.907,77.018,76.907,77.018,0.0422
11.06.2019 15:00:00.000,77.038,77.038,76.997,77.027,0.0123
11.06.2019 15:01:00.000,77.028,77.078,77.028,77.058,0.1023
11.06.2019 15:02:00.000,77.057,77.108,77.057,77.088,0.0315
11.06.2019 15:03:00.000,77.087,77.148,77.087,77.138,0.0651
11.06.2019 15:04:00.000,77.138,77.148,77.058,77.058,0.0483
11.06.2019 15:05:00.000,77.058,77.058,77.008,77.028,0.06
11.06.2019 15:06:00.000,77.027,77.088,77.027,77.078,0.0444
11.06.2019 15:07:00.000,77.078,77.098,77.077,77.077,0.0589
11.06.2019 15:08:00.000,77.078,77.138,77.057,77.138,0.1338
11.06.2019 15:09:00.000,77.137,77.178,77.137,77.148,0.0612
11.06.2019 15:10:00.000,77.147,77.197,77.147,77.188,0.0385
11.06.2019 15:11:00.000,77.208,77.228,77.167,77.198,0.0273
11.06.2019 15:12:00.000,77.197,77.238,77.187,77.188,0.0215
11.06.2019 15:13:00.000,77.188,77.198,77.147,77.158,0.0754
11.06.2019 15:14:00.000,77.157,77.158,77.057,77.058,0.034
11.06.2019 15:15:00.000,77.057,77.058,77.017,77.038,0.0021
11.06.2019 15:16:00.000,77.058,77.088,77.047,77.088,0.0678
11.06.2019 15:17:00.000,77.087,77.108,77.058,77.058,0.1504
11.06.2019 15:18:00.000,77.047,77.118,77.047,77.077,0.0122
11.06.2019 15:19:00.000,77.068,77.128,77.047,77.048,0.0186
11.06.2019 15:20:00.000,77.058,77.108,77.058,77.108,0.0227
11.06.2019 15:21:00.000,77.098,77.108,77.067,77.098,0.0211
11.06.2019 15:22:00.000,77.098,77.138,77.077,77.117,0.0048
11.06.2019 15:23:00.000,77.118,77.118,77.107,77.118,0.0243
11.06.2019 15:24:00.000,77.127,77.228,77.118,77.228,0.0586
11.06.2019 15:25:00.000,77.228,77.228,77.208,77.218,0.0115
11.06.2019 15:26:00.000,77.218,77.278,77.168,77.168,0.0368
11.06.2019 15:27:00.000,77.167,77.238,77.167,77.237,0.0027
11.06.2019 15:28:00.000,77.238,77.278,77.227,77.228,0.0202
11.06.2019 15:29:00.000,77.248,77.258,77.197,77.258,0.0787
11.06.2019 15:30:00.000,77.258,77.258,77.187,77.188,0.0135
11.06.2019 15:31:00.000,77.187,77.258,77.187,77.208,0.0426
11.06.2019 15:32:00.000,77.188,77.208,77.128,77.128,0.0506
11.06.2019 15:33:00.000,77.128,77.148,77.117,77.118,0.1836
11.06.2019 15:34:00.000,77.117,77.118,77.028,77.047,0.1054
11.06.2019 15:35:00.000,77.037,77.038,76.978,77.008,0.0362
11.06.2019 15:36:00.000,77.008,77.048,76.997,76.998,0.0458
11.06.2019 15:37:00.000,76.967,76.988,76.967,76.968,0.0463
11.06.2019 15:38:00.000,76.948,76.998,76.947,76.987,0.0191
11.06.2019 15:39:00.000,76.988,76.988,76.967,76.967,0.0215
11.06.2019 15:40:00.000,76.988,77.018,76.988,77.018,0.0704
11.06.2019 15:41:00.000,77.018,77.088,76.987,77.068,0.0318
11.06.2019 15:42:00.000,77.067,77.068,76.987,76.987,0.0248
11.06.2019 15:43:00.000,76.988,76.998,76.927,76.977,0.055
11.06.2019 15:44:00.000,76.987,77.048,76.987,77.038,0.0775
11.06.2019 15:45:00.000,77.038,77.078,77.027,77.078,0.0729
11.06.2019 15:46:00.000,77.077,77.078,76.987,77.018,0.0615
11.06.2019 15:47:00.000,77.018,77.018,76.978,76.987,0.0227
11.06.2019 15:48:00.000,76.978,76.988,76.937,76.988,0.0139
11.06.2019 15:49:00.000,76.988,76.988,76.917,76.968,0.0029
11.06.2019 15:50:00.000,76.987,76.988,76.918,76.978,0.0196
11.06.2019 15:51:00.000,76.987,77.028,76.958,77.018,0.092
11.06.2019 15:52:00.000,77.018,77.048,77.017,77.018,0.0313
11.06.2019 15:53:00.000,77.018,77.048,77.017,77.048,0.0692
11.06.2019 15:54:00.000,77.058,77.068,77.037,77.048,0.0102
11.06.2019 15:55:00.000,77.068,77.068,77.047,77.058,0.06
11.06.2019 15:56:00.000,77.058,77.158,77.057,77.158,0.0795
11.06.2019 15:57:00.000,77.168,77.228,77.168,77.218,0.0582
11.06.2019 15:58:00.000,77.227,77.228,77.117,77.117,0.0488
11.06.2019 15:59:00.000,77.118,77.138,77.097,77.098,0.0013
11.06.2019 16:00:00.000,77.098,77.098,77.018,77.038,0.028
11.06.2019 16:01:00.000,77.037,77.058,77.008,77.008,0.0257
11.06.2019 16:02:00.000,77.008,77.008,76.967,76.988,0.0481
11.06.2019 16:03:00.000,76.988,77.078,76.987,77.068,0.0873
11.06.2019 16:04:00.000,77.067,77.068,77.028,77.028,0.0529
11.06.2019 16:05:00.000,77.037,77.058,76.998,76.998,0.0687
11.06.2019 16:06:00.000,76.998,76.998,76.928,76.928,0.0655
11.06.2019 16:07:00.000,76.937,76.938,76.867,76.908,0.0637
11.06.2019 16:08:00.000,76.908,76.988,76.888,76.988,0.028
11.06.2019 16:09:00.000,76.987,76.988,76.937,76.938,0.0766
11.06.2019 16:10:00.000,76.938,76.938,76.897,76.908,0.0862
11.06.2019 16:11:00.000,76.907,77.008,76.907,77.008,0.0998
11.06.2019 16:12:00.000,77.008,77.027,76.967,76.978,0.0514
11.06.2019 16:13:00.000,76.977,77.018,76.968,76.978,0.0178
11.06.2019 16:14:00.000,76.997,77.018,76.968,76.968,0.0775
11.06.2019 16:15:00.000,76.988,76.998,76.927,76.978,0.0526
11.06.2019 16:16:00.000,76.987,77.028,76.987,76.987,0.0336
11.06.2019 16:17:00.000,76.988,77.098,76.987,77.098,0.0566
11.06.2019 16:18:00.000,77.098,77.128,77.087,77.118,0.0755
11.06.2019 16:19:00.000,77.117,77.238,77.107,77.217,0.0629
11.06.2019 16:20:00.000,77.218,77.258,77.217,77.258,0.0725
11.06.2019 16:21:00.000,77.268,77.278,77.258,77.258,0.0807
11.06.2019 16:22:00.000,77.257,77.278,77.257,77.267,0.0319
11.06.2019 16:23:00.000,77.268,77.268,77.247,77.248,0.0031
11.06.2019 16:24:00.000,77.248,77.268,77.198,77.198,0.0803
11.06.2019 16:25:00.000,77.198,77.198,77.148,77.158,0.0196
11.06.2019 16:26:00.000,77.157,77.158,77.077,77.088,0.0668
11.06.2019 16:27:00.000,77.098,77.098,77.017,77.078,0.0749
11.06.2019 16:28:00.000,77.077,77.077,77.018,77.018,0.0279
11.06.2019 16:29:00.000,77.017,77.028,77.017,77.017,0.0207
11.06.2019 16:30:00.000,77.018,77.028,76.977,77.028,0.0169
11.06.2019 16:31:00.000,77.027,77.038,77.027,77.038,0.0586
11.06.2019 16:32:00.000,77.068,77.068,77.028,77.048,0.024
11.06.2019 16:33:00.000,77.058,77.118,77.057,77.108,0.0703
11.06.2019 16:34:00.000,77.107,77.168,77.107,77.158,0.0626
11.06.2019 16:35:00.000,77.147,77.148,77.098,77.128,0.0451
11.06.2019 16:36:00.000,77.128,77.128,77.098,77.108,0.0789
11.06.2019 16:37:00.000,77.108,77.108,77.038,77.068,0.0422
11.06.2019 16:38:00.000,77.067,77.068,77.037,77.038,0.0307
11.06.2019 16:39:00.000,77.038,77.078,77.018,77.067,0.0271
11.06.2019 16:40:00.000,77.068,77.078,77.068,77.078,0.009
11.06.2019 16:41:00.000,77.078,77.078,77.008,77.028,0.0743
11.06.2019 16:42:00.000,77.018,77.018,76.898,76.928,0.1378
11.06.2019 16:43:00.000,76.928,76.988,76.927,76.978,0.0555
11.06.2019 16:44:00.000,76.978,76.988,76.887,76.897,0.0631
11.06.2019 16:45:00.000,76.898,76.948,76.897,76.938,0.0507
11.06.2019 16:46:00.000,76.938,76.998,76.897,76.998,0.0656
11.06.2019 16:47:00.000,76.998,76.998,76.897,76.898,0.0113
11.06.2019 16:48:00.000,76.887,76.908,76.847,76.847,0.0817
11.06.2019 16:49:00.000,76.848,76.858,76.788,76.807,0.0533
11.06.2019 16:50:00.000,76.807,76.868,76.807,76.868,0.0437
11.06.2019 16:51:00.000,76.877,76.888,76.858,76.878,0.0318
11.06.2019 16:52:00.000,76.877,76.888,76.857,76.888,0.0622
11.06.2019 16:53:00.000,76.898,76.898,76.878,76.888,0.0423
11.06.2019 16:54:00.000,76.888,76.888,76.778,76.778,0.0663
11.06.2019 16:55:00.000,76.777,76.828,76.747,76.747,0.0438
11.06.2019 16:56:00.000,76.748,76.748,76.697,76.728,0.0379
11.06.2019 16:57:00.000,76.727,76.797,76.727,76.777,0.0333
11.06.2019 16:58:00.000,76.778,76.778,76.708,76.708,0.1183
11.06.2019 16:59:00.000,76.718,76.768,76.707,76.768,0.135
11.06.2019 17:00:00.000,76.767,76.818,76.767,76.798,0.0243
11.06.2019 17:01:00.000,76.797,76.838,76.768,76.828,0.0688
11.06.2019 17:02:00.000,76.847,76.847,76.748,76.748,0.062
11.06.2019 17:03:00.000,76.737,76.748,76.717,76.718,0.0602
11.06.2019 17:04:00.000,76.717,76.718,76.647,76.648,0.0191
11.06.2019 17:05:00.000,76.657,76.668,76.638,76.638,0.1003
11.06.2019 17:06:00.000,76.638,76.648,76.567,76.567,0.0842
11.06.2019 17:07:00.000,76.568,76.608,76.568,76.578,0.0671
11.06.2019 17:08:00.000,76.578,76.578,76.568,76.568,0.0228
11.06.2019 17:09:00.000,76.568,76.648,76.548,76.648,0.0463
11.06.2019 17:10:00.000,76.638,76.638,76.558,76.558,0.0157
11.06.2019 17:11:00.000,76.547,76.598,76.547,76.598,0.0267
11.06.2019 17:12:00.000,76.597,76.628,76.567,76.568,0.1187
11.06.2019 17:13:00.000,76.568,76.597,76.567,76.578,0.0571
11.06.2019 17:14:00.000,76.577,76.628,76.577,76.628,0.0025
11.06.2019 17:15:00.000,76.628,76.668,76.628,76.668,0.0104
11.06.2019 17:16:00.000,76.678,76.678,76.657,76.668,0.0207
11.06.2019 17:17:00.000,76.667,76.698,76.657,76.657,0.0383
11.06.2019 17:18:00.000,76.658,76.668,76.658,76.658,0.0345
11.06.2019 17:19:00.000,76.658,76.658,76.638,76.638,0.0898
11.06.2019 17:20:00.000,76.638,76.677,76.627,76.677,0.0541
11.06.2019 17:21:00.000,76.678,76.678,76.658,76.677,0.0016
11.06.2019 17:22:00.000,76.688,76.698,76.678,76.688,0.0251
11.06.2019 17:23:00.000,76.688,76.718,76.688,76.717,0.0305
11.06.2019 17:24:00.000,76.718,76.728,76.708,76.718,0.0633
11.06.2019 17:25:00.000,76.717,76.718,76.677,76.687,0.0246
11.06.2019 17:26:00.000,76.688,76.688,76.667,76.667,0.0026
11.06.2019 17:27:00.000,76.668,76.688,76.668,76.677,0.0046
11.06.2019 17:28:00.000,76.688,76.708,76.677,76.697,0.0422
11.06.2019 17:29:00.000,76.698,76.768,76.697,76.738,0.0131
11.06.2019 17:30:00.000,76.738,76.748,76.697,76.748,0.0194
11.06.2019 17:31:00.000,76.737,76.778,76.727,76.778,0.0455
11.06.2019 17:32:00.000,76.777,76.788,76.727,76.767,0.0615
11.06.2019 17:33:00.000,76.777,76.798,76.777,76.788,0.0552
11.06.2019 17:34:00.000,76.788,76.798,76.767,76.768,0.0342
11.06.2019 17:35:00.000,76.768,76.808,76.767,76.808,0.0492
11.06.2019 17:36:00.000,76.818,76.848,76.817,76.838,0.0877
11.06.2019 17:37:00.000,76.838,76.888,76.827,76.887,0.0812
11.06.2019 17:38:00.000,76.887,76.888,76.877,76.888,0.0138
11.06.2019 17:39:00.000,76.887,76.907,76.867,76.897,0.0492
11.06.2019 17:40:00.000,76.897,76.897,76.867,76.867,0.0438
11.06.2019 17:41:00.000,76.868,76.918,76.868,76.918,0.048
11.06.2019 17:42:00.000,76.917,76.948,76.907,76.948,0.0515
11.06.2019 17:43:00.000,76.948,76.968,76.948,76.968,0.05
11.06.2019 17:44:00.000,76.958,76.958,76.947,76.957,0.0231
11.06.2019 17:45:00.000,76.957,76.957,76.847,76.877,0.0772
11.06.2019 17:46:00.000,76.878,76.878,76.768,76.788,0.5903
11.06.2019 17:47:00.000,76.787,76.788,76.747,76.747,0.2145
11.06.2019 17:48:00.000,76.748,76.817,76.747,76.798,0.0672
11.06.2019 17:49:00.000,76.808,76.838,76.807,76.838,0.0088
11.06.2019 17:50:00.000,76.848,76.857,76.777,76.777,0.1169
11.06.2019 17:51:00.000,76.777,76.778,76.727,76.728,0.2593
11.06.2019 17:52:00.000,76.728,76.757,76.728,76.748,0.314
11.06.2019 17:53:00.000,76.747,76.768,76.737,76.768,0.0387
11.06.2019 17:54:00.000,76.777,76.777,76.767,76.768,0.01
11.06.2019 17:55:00.000,76.767,76.788,76.767,76.777,0.0039
11.06.2019 17:56:00.000,76.778,76.778,76.757,76.758,0.0345
11.06.2019 17:57:00.000,76.768,76.817,76.758,76.808,0.0274
11.06.2019 17:58:00.000,76.807,76.808,76.797,76.798,0.0014
11.06.2019 17:59:00.000,76.798,76.868,76.798,76.867,0.0186
11.06.2019 18:00:00.000,76.868,76.868,76.827,76.838,0.0398
11.06.2019 18:01:00.000,76.847,76.878,76.838,76.868,0.0796
11.06.2019 18:02:00.000,76.868,76.878,76.858,76.868,0.0959
11.06.2019 18:03:00.000,76.868,76.908,76.847,76.898,0.1076
11.06.2019 18:04:00.000,76.897,76.897,76.867,76.878,0.036
11.06.2019 18:05:00.000,76.877,76.888,76.877,76.887,0.0444
11.06.2019 18:06:00.000,76.888,76.898,76.868,76.898,0.0972
11.06.2019 18:07:00.000,76.897,76.928,76.887,76.928,0.0342
11.06.2019 18:08:00.000,76.927,76.988,76.927,76.958,0.147
11.06.2019 18:09:00.000,76.967,76.998,76.967,76.997,0.0136
11.06.2019 18:10:00.000,76.998,76.998,76.967,76.977,0.0681
11.06.2019 18:11:00.000,76.978,76.988,76.967,76.968,0.0034
11.06.2019 18:12:00.000,76.988,76.998,76.938,76.958,0.0967
11.06.2019 18:13:00.000,76.978,76.978,76.947,76.958,0.1324
11.06.2019 18:14:00.000,76.957,76.988,76.957,76.988,0.0192
11.06.2019 18:15:00.000,76.987,77.028,76.987,77.018,0.0898
11.06.2019 18:16:00.000,77.028,77.098,77.028,77.098,0.025
11.06.2019 18:17:00.000,77.097,77.128,77.097,77.128,0.0138
11.06.2019 18:18:00.000,77.128,77.137,77.117,77.117,0.0331
11.06.2019 18:19:00.000,77.117,77.118,77.067,77.078,0.0512
11.06.2019 18:20:00.000,77.068,77.088,77.027,77.077,0.0799
11.06.2019 18:21:00.000,77.078,77.138,77.077,77.108,0.0833
11.06.2019 18:22:00.000,77.108,77.178,77.097,77.178,0.1205
11.06.2019 18:23:00.000,77.178,77.228,77.168,77.188,0.0357
11.06.2019 18:24:00.000,77.187,77.238,77.187,77.228,0.0498
11.06.2019 18:25:00.000,77.227,77.227,77.147,77.147,0.0313
11.06.2019 18:26:00.000,77.148,77.148,77.098,77.098,0.0969
11.06.2019 18:27:00.000,77.097,77.138,77.097,77.117,0.0706
11.06.2019 18:28:00.000,77.127,77.128,77.078,77.098,0.0364
11.06.2019 18:29:00.000,77.088,77.088,77.028,77.047,0.117
11.06.2019 18:30:00.000,77.048,77.058,77.047,77.058,0.0118
11.06.2019 18:31:00.000,77.057,77.078,77.038,77.058,0.0383
11.06.2019 18:32:00.000,77.057,77.058,76.998,76.998,0.0961
11.06.2019 18:33:00.000,76.998,76.998,76.987,76.998,0.0192
11.06.2019 18:34:00.000,76.997,77.008,76.987,76.998,0.0201
11.06.2019 18:35:00.000,76.988,76.988,76.868,76.878,0.093
11.06.2019 18:36:00.000,76.887,76.898,76.887,76.888,0.0093
11.06.2019 18:37:00.000,76.888,76.917,76.877,76.897,0.0349
11.06.2019 18:38:00.000,76.908,76.918,76.867,76.878,0.0135
11.06.2019 18:39:00.000,76.877,76.877,76.857,76.858,0.0162
11.06.2019 18:40:00.000,76.857,76.857,76.807,76.808,0.0827
11.06.2019 18:41:00.000,76.807,76.848,76.787,76.848,0.0219
11.06.2019 18:42:00.000,76.848,76.888,76.848,76.868,0.0419
11.06.2019 18:43:00.000,76.868,76.878,76.867,76.868,0.0446
11.06.2019 18:44:00.000,76.847,76.898,76.847,76.898,0.039
11.06.2019 18:45:00.000,76.897,76.898,76.847,76.858,0.0333
11.06.2019 18:46:00.000,76.858,76.868,76.798,76.798,0.0665
11.06.2019 18:47:00.000,76.808,76.858,76.808,76.858,0.0179
11.06.2019 18:48:00.000,76.857,76.868,76.848,76.848,0.0083
11.06.2019 18:49:00.000,76.847,76.848,76.847,76.848,0.0013
11.06.2019 18:50:00.000,76.847,76.857,76.787,76.788,0.0606
11.06.2019 18:51:00.000,76.787,76.788,76.708,76.718,0.0599
11.06.2019 18:52:00.000,76.717,76.798,76.707,76.788,0.0399
11.06.2019 18:53:00.000,76.788,76.798,76.777,76.777,0.0231
11.06.2019 18:54:00.000,76.788,76.788,76.728,76.728,0.0986
11.06.2019 18:55:00.000,76.727,76.738,76.707,76.738,0.0693
11.06.2019 18:56:00.000,76.758,76.788,76.758,76.788,0.0301
11.06.2019 18:57:00.000,76.787,76.827,76.787,76.808,0.0425
11.06.2019 18:58:00.000,76.818,76.878,76.817,76.877,0.0461
11.06.2019 18:59:00.000,76.878,76.888,76.877,76.878,0.0292
11.06.2019 19:00:00.000,76.867,76.938,76.857,76.938,0.0324
11.06.2019 19:01:00.000,76.928,76.928,76.868,76.888,0.0452
11.06.2019 19:02:00.000,76.887,76.898,76.828,76.838,0.0704
11.06.2019 19:03:00.000,76.837,76.838,76.817,76.818,0.0027
11.06.2019 19:04:00.000,76.808,76.808,76.768,76.768,0.0273
11.06.2019 19:05:00.000,76.768,76.808,76.768,76.808,0.045
11.06.2019 19:06:00.000,76.828,76.848,76.807,76.847,0.116
11.06.2019 19:07:00.000,76.838,76.838,76.787,76.787,0.1273
11.06.2019 19:08:00.000,76.787,76.838,76.787,76.828,0.0253
11.06.2019 19:09:00.000,76.828,76.838,76.807,76.808,0.1008
11.06.2019 19:10:00.000,76.808,76.808,76.787,76.788,0.1346
11.06.2019 19:11:00.000,76.787,76.858,76.787,76.857,0.1268
11.06.2019 19:12:00.000,76.857,76.858,76.827,76.848,0.0593
11.06.2019 19:13:00.000,76.848,76.848,76.797,76.797,0.1119
11.06.2019 19:14:00.000,76.798,76.818,76.797,76.797,0.0232
11.06.2019 19:15:00.000,76.798,76.798,76.738,76.748,0.0347
11.06.2019 19:16:00.000,76.748,76.778,76.747,76.778,0.0418
11.06.2019 19:17:00.000,76.777,76.777,76.737,76.748,0.0892
11.06.2019 19:18:00.000,76.747,76.758,76.707,76.707,0.0479
11.06.2019 19:19:00.000,76.708,76.708,76.687,76.698,0.0808
11.06.2019 19:20:00.000,76.707,76.758,76.707,76.738,0.0754
11.06.2019 19:21:00.000,76.738,76.738,76.667,76.668,0.1385
11.06.2019 19:22:00.000,76.667,76.698,76.667,76.668,0.0457
11.06.2019 19:23:00.000,76.678,76.678,76.667,76.668,0.0432
11.06.2019 19:24:00.000,76.667,76.678,76.667,76.677,0.0813
11.06.2019 19:25:00.000,76.678,76.688,76.667,76.678,0.129
11.06.2019 19:26:00.000,76.677,76.678,76.647,76.648,0.0462
11.06.2019 19:27:00.000,76.647,76.648,76.627,76.647,0.0312
11.06.2019 19:28:00.000,76.657,76.678,76.617,76.617,0.1062
11.06.2019 19:29:00.000,76.598,76.618,76.598,76.608,0.1943
11.06.2019 19:30:00.000,76.608,76.628,76.597,76.608,0.0525
11.06.2019 19:31:00.000,76.608,76.678,76.608,76.657,0.0886
11.06.2019 19:32:00.000,76.658,76.678,76.657,76.667,0.125
11.06.2019 19:33:00.000,76.658,76.788,76.657,76.787,0.0616
11.06.2019 19:34:00.000,76.788,76.808,76.777,76.788,0.0751
11.06.2019 19:35:00.000,76.787,76.788,76.697,76.708,0.0855
11.06.2019 19:36:00.000,76.707,76.728,76.687,76.697,0.0797
11.06.2019 19:37:00.000,76.698,76.718,76.678,76.718,0.0605
11.06.2019 19:38:00.000,76.718,76.718,76.657,76.658,0.0642
11.06.2019 19:39:00.000,76.648,76.678,76.637,76.668,0.0821
11.06.2019 19:40:00.000,76.668,76.668,76.647,76.647,0.0609
11.06.2019 19:41:00.000,76.648,76.648,76.577,76.598,0.1346
11.06.2019 19:42:00.000,76.597,76.628,76.597,76.628,0.0269
11.06.2019 19:43:00.000,76.618,76.618,76.597,76.597,0.0818
11.06.2019 19:44:00.000,76.598,76.608,76.597,76.598,0.0828
11.06.2019 19:45:00.000,76.597,76.608,76.587,76.607,0.1075
11.06.2019 19:46:00.000,76.608,76.657,76.607,76.648,0.1126
11.06.2019 19:47:00.000,76.647,76.648,76.607,76.618,0.0867
11.06.2019 19:48:00.000,76.617,76.638,76.597,76.638,0.0734
11.06.2019 19:49:00.000,76.637,76.668,76.617,76.658,0.1278
11.06.2019 19:50:00.000,76.657,76.668,76.528,76.537,0.2104
11.06.2019 19:51:00.000,76.538,76.558,76.428,76.438,0.1012
11.06.2019 19:52:00.000,76.437,76.438,76.397,76.398,0.0719
11.06.2019 19:53:00.000,76.397,76.398,76.347,76.368,0.0697
11.06.2019 19:54:00.000,76.368,76.398,76.348,76.357,0.1905
11.06.2019 19:55:00.000,76.357,76.408,76.327,76.408,0.3038
11.06.2019 19:56:00.000,76.407,76.407,76.317,76.328,0.19
11.06.2019 19:57:00.000,76.327,76.347,76.307,76.317,0.2703
11.06.2019 19:58:00.000,76.317,76.398,76.317,76.388,0.2514
11.06.2019 19:59:00.000,76.388,76.388,76.308,76.347,0.302
12.06.2019 13:30:00.000,75.238,76.188,74.988,76.188,0.1353
12.06.2019 13:31:00.000,76.218,76.248,75.937,75.988,0.0416
12.06.2019 13:32:00.000,75.988,75.988,75.787,75.847,0.0652
12.06.2019 13:33:00.000,75.848,75.998,75.847,75.978,0.0157
12.06.2019 13:34:00.000,75.998,76.138,75.788,76.068,0.1159
12.06.2019 13:35:00.000,76.068,76.127,76.048,76.058,0.1114
12.06.2019 13:36:00.000,76.057,76.238,76.048,76.218,0.1074
12.06.2019 13:37:00.000,76.217,76.378,76.217,76.377,0.0369
12.06.2019 13:38:00.000,76.378,76.418,76.378,76.408,0.0111
12.06.2019 13:39:00.000,76.408,76.528,76.348,76.378,0.1629
12.06.2019 13:40:00.000,76.488,76.488,76.188,76.238,0.1171
12.06.2019 13:41:00.000,76.238,76.368,76.237,76.317,0.0377
12.06.2019 13:42:00.000,76.308,76.428,76.308,76.428,0.023
12.06.2019 13:43:00.000,76.427,76.498,76.427,76.458,0.133
12.06.2019 13:44:00.000,76.488,76.488,76.348,76.348,0.1404
12.06.2019 13:45:00.000,76.378,76.378,76.168,76.188,0.0284
12.06.2019 13:46:00.000,76.197,76.247,76.077,76.077,0.0907
12.06.2019 13:47:00.000,76.077,76.088,75.888,75.927,0.156
12.06.2019 13:48:00.000,75.928,76.067,75.928,76.067,0.2382
12.06.2019 13:49:00.000,76.087,76.218,76.067,76.217,0.0839
12.06.2019 13:50:00.000,76.218,76.278,76.107,76.107,0.0155
12.06.2019 13:51:00.000,76.108,76.198,76.047,76.198,0.153
12.06.2019 13:52:00.000,76.198,76.267,76.158,76.258,0.072
12.06.2019 13:53:00.000,76.257,76.368,76.167,76.178,0.1831
12.06.2019 13:54:00.000,76.187,76.287,76.098,76.277,0.1337
12.06.2019 13:55:00.000,76.288,76.298,76.038,76.038,0.025
12.06.2019 13:56:00.000,76.038,76.108,76.027,76.077,0.0517
12.06.2019 13:57:00.000,76.078,76.118,76.017,76.077,0.0602
12.06.2019 13:58:00.000,76.078,76.078,75.928,75.988,0.0422
12.06.2019 13:59:00.000,75.987,76.048,75.928,76.018,0.0409
12.06.2019 14:00:00.000,76.017,76.118,75.958,76.108,0.0737
12.06.2019 14:01:00.000,76.108,76.128,76.037,76.048,0.0533
12.06.2019 14:02:00.000,76.058,76.217,76.058,76.208,0.0344
12.06.2019 14:03:00.000,76.208,76.228,76.128,76.147,0.026
12.06.2019 14:04:00.000,76.148,76.148,76.047,76.077,0.1246
12.06.2019 14:05:00.000,76.077,76.087,75.967,76.038,0.0585
12.06.2019 14:06:00.000,76.058,76.078,75.998,76.047,0.1322
12.06.2019 14:07:00.000,76.058,76.098,75.958,75.998,0.1618
12.06.2019 14:08:00.000,75.998,76.098,75.997,76.098,0.0125
12.06.2019 14:09:00.000,76.097,76.148,76.068,76.088,0.1549
12.06.2019 14:10:00.000,76.108,76.228,76.107,76.218,0.0814
12.06.2019 14:11:00.000,76.218,76.268,76.107,76.108,0.2086
12.06.2019 14:12:00.000,76.127,76.217,76.117,76.208,0.0477
12.06.2019 14:13:00.000,76.207,76.238,76.157,76.218,0.1765
12.06.2019 14:14:00.000,76.218,76.218,76.177,76.187,0.0694
12.06.2019 14:15:00.000,76.187,76.208,76.177,76.207,0.0023
12.06.2019 14:16:00.000,76.208,76.388,76.207,76.298,0.0537
12.06.2019 14:17:00.000,76.298,76.388,76.297,76.378,0.0027
12.06.2019 14:18:00.000,76.398,76.398,76.258,76.258,0.041
12.06.2019 14:19:00.000,76.258,76.358,76.237,76.348,0.0619
12.06.2019 14:20:00.000,76.357,76.467,76.338,76.338,0.1013
12.06.2019 14:21:00.000,76.337,76.428,76.337,76.428,0.0142
12.06.2019 14:22:00.000,76.428,76.448,76.427,76.427,0.0881
12.06.2019 14:23:00.000,76.428,76.508,76.397,76.468,0.0821
12.06.2019 14:24:00.000,76.467,76.488,76.318,76.318,0.0587
12.06.2019 14:25:00.000,76.317,76.428,76.317,76.428,0.0376
12.06.2019 14:26:00.000,76.427,76.447,76.317,76.348,0.2516
12.06.2019 14:27:00.000,76.338,76.338,76.277,76.288,0.131
12.06.2019 14:28:00.000,76.287,76.368,76.287,76.368,0.0512
12.06.2019 14:29:00.000,76.358,76.408,76.357,76.408,0.0342
12.06.2019 14:30:00.000,76.408,76.498,76.248,76.338,0.2121
12.06.2019 14:31:00.000,76.338,76.338,76.128,76.188,0.1824
12.06.2019 14:32:00.000,76.218,76.218,76.128,76.138,0.0801
12.06.2019 14:33:00.000,76.148,76.178,76.147,76.178,0.1926
12.06.2019 14:34:00.000,76.177,76.248,76.177,76.238,0.0497
12.06.2019 14:35:00.000,76.237,76.288,76.227,76.238,0.1295
12.06.2019 14:36:00.000,76.237,76.298,76.177,76.188,0.0666
12.06.2019 14:37:00.000,76.187,76.277,76.187,76.267,0.2737
12.06.2019 14:38:00.000,76.278,76.328,76.238,76.317,0.1218
12.06.2019 14:39:00.000,76.338,76.388,76.327,76.348,0.071
12.06.2019 14:40:00.000,76.368,76.478,76.368,76.448,0.3391
12.06.2019 14:41:00.000,76.448,76.468,76.328,76.328,0.1047
12.06.2019 14:42:00.000,76.328,76.378,76.287,76.288,0.1357
12.06.2019 14:43:00.000,76.298,76.328,76.298,76.328,0.1101
12.06.2019 14:44:00.000,76.307,76.348,76.307,76.347,0.0539
12.06.2019 14:45:00.000,76.348,76.358,76.297,76.308,0.1878
12.06.2019 14:46:00.000,76.317,76.448,76.317,76.388,0.0873
12.06.2019 14:47:00.000,76.388,76.428,76.387,76.408,0.0329
12.06.2019 14:48:00.000,76.407,76.458,76.407,76.438,0.1025
12.06.2019 14:49:00.000,76.438,76.448,76.368,76.408,0.0535
12.06.2019 14:50:00.000,76.407,76.428,76.267,76.268,0.0561
12.06.2019 14:51:00.000,76.267,76.328,76.267,76.328,0.0353
12.06.2019 14:52:00.000,76.328,76.438,76.327,76.438,0.1746
12.06.2019 14:53:00.000,76.437,76.458,76.327,76.408,0.0519
12.06.2019 14:54:00.000,76.418,76.428,76.327,76.327,0.0495
12.06.2019 14:55:00.000,76.327,76.338,76.227,76.278,0.0479
12.06.2019 14:56:00.000,76.288,76.307,76.257,76.258,0.034
12.06.2019 14:57:00.000,76.257,76.258,76.167,76.168,0.0845
12.06.2019 14:58:00.000,76.188,76.188,76.107,76.128,0.0268
12.06.2019 14:59:00.000,76.127,76.188,76.107,76.187,0.0199
12.06.2019 15:00:00.000,76.188,76.248,76.187,76.237,0.1206
12.06.2019 15:01:00.000,76.238,76.288,76.238,76.288,0.0593
12.06.2019 15:02:00.000,76.288,76.288,76.217,76.238,0.0823
12.06.2019 15:03:00.000,76.238,76.298,76.238,76.288,0.0527
12.06.2019 15:04:00.000,76.287,76.328,76.287,76.317,0.0203
12.06.2019 15:05:00.000,76.318,76.318,76.257,76.257,0.0484
12.06.2019 15:06:00.000,76.267,76.318,76.257,76.278,0.1548
12.06.2019 15:07:00.000,76.288,76.318,76.278,76.298,0.0695
12.06.2019 15:08:00.000,76.308,76.358,76.297,76.358,0.061
12.06.2019 15:09:00.000,76.357,76.418,76.308,76.358,0.1245
12.06.2019 15:10:00.000,76.357,76.448,76.357,76.408,0.0639
12.06.2019 15:11:00.000,76.408,76.498,76.407,76.428,0.1006
12.06.2019 15:12:00.000,76.438,76.438,76.347,76.418,0.0646
12.06.2019 15:13:00.000,76.417,76.417,76.348,76.397,0.0387
12.06.2019 15:14:00.000,76.398,76.418,76.328,76.348,0.0239
12.06.2019 15:15:00.000,76.367,76.398,76.308,76.328,0.0525
12.06.2019 15:16:00.000,76.327,76.328,76.307,76.308,0.0538
12.06.2019 15:17:00.000,76.307,76.377,76.307,76.308,0.0822
12.06.2019 15:18:00.000,76.307,76.348,76.307,76.318,0.0177
12.06.2019 15:19:00.000,76.318,76.358,76.307,76.358,0.0535
12.06.2019 15:20:00.000,76.357,76.358,76.318,76.328,0.0097
12.06.2019 15:21:00.000,76.317,76.318,76.227,76.248,0.0182
12.06.2019 15:22:00.000,76.247,76.258,76.198,76.207,0.0034
12.06.2019 15:23:00.000,76.218,76.238,76.217,76.218,0.0019
12.06.2019 15:24:00.000,76.218,76.248,76.167,76.188,0.0666
12.06.2019 15:25:00.000,76.168,76.228,76.168,76.207,0.0017
12.06.2019 15:26:00.000,76.208,76.248,76.168,76.168,0.0283
12.06.2019 15:27:00.000,76.167,76.198,76.158,76.178,0.0536
12.06.2019 15:28:00.000,76.177,76.198,76.167,76.188,0.0314
12.06.2019 15:29:00.000,76.187,76.208,76.137,76.167,0.0288
12.06.2019 15:30:00.000,76.148,76.188,76.137,76.168,0.1022
12.06.2019 15:31:00.000,76.168,76.188,76.157,76.157,0.0869
12.06.2019 15:32:00.000,76.158,76.218,76.157,76.217,0.1049
12.06.2019 15:33:00.000,76.217,76.288,76.217,76.277,0.0711
12.06.2019 15:34:00.000,76.278,76.308,76.248,76.278,0.1157
12.06.2019 15:35:00.000,76.248,76.248,76.157,76.167,0.0139
12.06.2019 15:36:00.000,76.168,76.208,76.148,76.187,0.0431
12.06.2019 15:37:00.000,76.188,76.188,76.097,76.148,0.0399
12.06.2019 15:38:00.000,76.148,76.198,76.147,76.178,0.0174
12.06.2019 15:39:00.000,76.177,76.217,76.127,76.197,0.0109
12.06.2019 15:40:00.000,76.198,76.208,76.197,76.208,0.0012
12.06.2019 15:41:00.000,76.207,76.218,76.167,76.197,0.0412
12.06.2019 15:42:00.000,76.197,76.238,76.197,76.217,0.0121
12.06.2019 15:43:00.000,76.208,76.238,76.207,76.238,0.0016
12.06.2019 15:44:00.000,76.238,76.247,76.187,76.197,0.0221
12.06.2019 15:45:00.000,76.207,76.207,76.107,76.127,0.0645
12.06.2019 15:46:00.000,76.128,76.148,76.127,76.128,0.0428
12.06.2019 15:47:00.000,76.138,76.188,76.128,76.148,0.0729
12.06.2019 15:48:00.000,76.148,76.228,76.147,76.178,0.058
12.06.2019 15:49:00.000,76.177,76.178,76.117,76.118,0.0532
12.06.2019 15:50:00.000,76.118,76.147,76.118,76.147,0.0317
12.06.2019 15:51:00.000,76.148,76.148,76.087,76.088,0.0481
12.06.2019 15:52:00.000,76.087,76.098,76.057,76.078,0.0801
12.06.2019 15:53:00.000,76.087,76.138,76.077,76.138,0.0318
12.06.2019 15:54:00.000,76.147,76.168,76.147,76.147,0.0798
12.06.2019 15:55:00.000,76.148,76.148,76.118,76.128,0.1127
12.06.2019 15:56:00.000,76.137,76.158,76.137,76.158,0.0006
12.06.2019 15:57:00.000,76.167,76.208,76.157,76.188,0.0552
12.06.2019 15:58:00.000,76.198,76.228,76.187,76.188,0.0287
12.06.2019 15:59:00.000,76.188,76.188,76.118,76.128,0.1026
12.06.2019 16:00:00.000,76.128,76.218,76.097,76.218,0.0553
12.06.2019 16:01:00.000,76.227,76.228,76.178,76.178,0.0294
12.06.2019 16:02:00.000,76.188,76.208,76.187,76.208,0.0354
12.06.2019 16:03:00.000,76.207,76.218,76.207,76.208,0.011
12.06.2019 16:04:00.000,76.207,76.218,76.178,76.218,0.1053
12.06.2019 16:05:00.000,76.208,76.218,76.207,76.207,0.058
12.06.2019 16:06:00.000,76.208,76.228,76.207,76.218,0.0237
12.06.2019 16:07:00.000,76.228,76.248,76.187,76.188,0.0373
12.06.2019 16:08:00.000,76.187,76.248,76.187,76.248,0.0655
12.06.2019 16:09:00.000,76.247,76.268,76.198,76.198,0.0354
12.06.2019 16:10:00.000,76.197,76.218,76.187,76.188,0.0437
12.06.2019 16:11:00.000,76.188,76.198,76.187,76.188,0.0662
12.06.2019 16:12:00.000,76.197,76.238,76.187,76.187,0.0733
12.06.2019 16:13:00.000,76.188,76.208,76.187,76.188,0.0138
12.06.2019 16:14:00.000,76.187,76.238,76.187,76.208,0.0561
12.06.2019 16:15:00.000,76.207,76.208,76.167,76.188,0.0568
12.06.2019 16:16:00.000,76.187,76.248,76.187,76.238,0.0179
12.06.2019 16:17:00.000,76.237,76.238,76.168,76.208,0.0542
12.06.2019 16:18:00.000,76.208,76.228,76.197,76.197,0.0853
12.06.2019 16:19:00.000,76.197,76.197,76.137,76.138,0.0021
12.06.2019 16:20:00.000,76.137,76.137,76.107,76.128,0.0496
12.06.2019 16:21:00.000,76.138,76.188,76.137,76.178,0.1607
12.06.2019 16:22:00.000,76.188,76.227,76.178,76.208,0.026
12.06.2019 16:23:00.000,76.207,76.248,76.177,76.237,0.0257
12.06.2019 16:24:00.000,76.238,76.238,76.217,76.228,0.0412
12.06.2019 16:25:00.000,76.237,76.258,76.237,76.258,0.0559
12.06.2019 16:26:00.000,76.267,76.288,76.257,76.287,0.0159
12.06.2019 16:27:00.000,76.278,76.308,76.278,76.297,0.0405
12.06.2019 16:28:00.000,76.298,76.298,76.237,76.238,0.0277
12.06.2019 16:29:00.000,76.237,76.338,76.237,76.318,0.162
12.06.2019 16:30:00.000,76.317,76.328,76.317,76.318,0.0177
12.06.2019 16:31:00.000,76.318,76.337,76.317,76.337,0.0025
12.06.2019 16:32:00.000,76.337,76.338,76.317,76.318,0.0357
12.06.2019 16:33:00.000,76.318,76.328,76.317,76.318,0.0565
12.06.2019 16:34:00.000,76.338,76.358,76.337,76.348,0.013
12.06.2019 16:35:00.000,76.347,76.408,76.347,76.398,0.0102
12.06.2019 16:36:00.000,76.398,76.398,76.357,76.358,0.0123
12.06.2019 16:37:00.000,76.338,76.338,76.287,76.308,0.0022
12.06.2019 16:38:00.000,76.307,76.348,76.307,76.347,0.0221
12.06.2019 16:39:00.000,76.348,76.348,76.327,76.328,0.0219
12.06.2019 16:40:00.000,76.357,76.358,76.357,76.358,0.0002
12.06.2019 16:41:00.000,76.358,76.358,76.327,76.338,0.0362
12.06.2019 16:42:00.000,76.338,76.348,76.327,76.328,0.047
12.06.2019 16:43:00.000,76.327,76.358,76.327,76.327,0.0878
12.06.2019 16:44:00.000,76.328,76.338,76.307,76.318,0.0356
12.06.2019 16:45:00.000,76.328,76.328,76.327,76.327,0.0009
12.06.2019 16:46:00.000,76.328,76.378,76.327,76.378,0.036
12.06.2019 16:47:00.000,76.387,76.408,76.387,76.398,0.0607
12.06.2019 16:48:00.000,76.398,76.408,76.378,76.398,0.0593
12.06.2019 16:49:00.000,76.398,76.408,76.397,76.407,0.0633
12.06.2019 16:50:00.000,76.408,76.458,76.407,76.448,0.0269
12.06.2019 16:51:00.000,76.458,76.458,76.407,76.417,0.1182
12.06.2019 16:52:00.000,76.407,76.418,76.358,76.367,0.1319
12.06.2019 16:53:00.000,76.368,76.408,76.367,76.387,0.0608
12.06.2019 16:54:00.000,76.388,76.408,76.387,76.398,0.0314
12.06.2019 16:55:00.000,76.397,76.428,76.388,76.388,0.0479
12.06.2019 16:56:00.000,76.398,76.438,76.387,76.388,0.1075
12.06.2019 16:57:00.000,76.387,76.428,76.387,76.427,0.0755
12.06.2019 16:58:00.000,76.428,76.438,76.307,76.307,0.0452
12.06.2019 16:59:00.000,76.308,76.348,76.307,76.348,0.106
12.06.2019 17:00:00.000,76.348,76.398,76.328,76.388,0.0938
12.06.2019 17:01:00.000,76.388,76.388,76.367,76.367,0.0276
12.06.2019 17:02:00.000,76.368,76.388,76.357,76.368,0.0337
12.06.2019 17:03:00.000,76.387,76.398,76.367,76.387,0.0764
12.06.2019 17:04:00.000,76.388,76.388,76.347,76.348,0.1943
12.06.2019 17:05:00.000,76.368,76.428,76.368,76.418,0.1039
12.06.2019 17:06:00.000,76.418,76.428,76.417,76.418,0.0015
12.06.2019 17:07:00.000,76.417,76.418,76.357,76.377,0.0052
12.06.2019 17:08:00.000,76.378,76.408,76.357,76.388,0.136
12.06.2019 17:09:00.000,76.398,76.398,76.358,76.398,0.1409
12.06.2019 17:10:00.000,76.397,76.428,76.368,76.378,0.1024
12.06.2019 17:11:00.000,76.377,76.458,76.377,76.408,0.085
12.06.2019 17:12:00.000,76.407,76.418,76.407,76.408,0.0791
12.06.2019 17:13:00.000,76.407,76.408,76.407,76.408,0.0408
12.06.2019 17:14:00.000,76.408,76.418,76.357,76.368,0.0262
12.06.2019 17:15:00.000,76.368,76.378,76.338,76.368,0.0101
12.06.2019 17:16:00.000,76.378,76.388,76.337,76.338,0.0027
12.06.2019 17:17:00.000,76.337,76.378,76.337,76.378,0.0277
12.06.2019 17:18:00.000,76.378,76.388,76.377,76.387,0.0432
12.06.2019 17:19:00.000,76.388,76.388,76.367,76.367,0.1091
12.06.2019 17:20:00.000,76.368,76.398,76.367,76.388,0.034
12.06.2019 17:21:00.000,76.388,76.388,76.347,76.347,0.0748
12.06.2019 17:22:00.000,76.348,76.357,76.288,76.357,0.0421
12.06.2019 17:23:00.000,76.357,76.368,76.307,76.318,0.0578
12.06.2019 17:24:00.000,76.318,76.318,76.267,76.267,0.0189
12.06.2019 17:25:00.000,76.288,76.288,76.237,76.238,0.0526
12.06.2019 17:26:00.000,76.248,76.267,76.208,76.218,0.1516
12.06.2019 17:27:00.000,76.218,76.238,76.217,76.238,0.0791
12.06.2019 17:28:00.000,76.238,76.298,76.238,76.287,0.0939
12.06.2019 17:29:00.000,76.288,76.308,76.287,76.307,0.0071
12.06.2019 17:30:00.000,76.308,76.348,76.308,76.338,0.0639
12.06.2019 17:31:00.000,76.347,76.347,76.337,76.337,0.0052
12.06.2019 17:32:00.000,76.338,76.367,76.337,76.337,0.0264
12.06.2019 17:33:00.000,76.338,76.358,76.327,76.358,0.0371
12.06.2019 17:34:00.000,76.358,76.388,76.357,76.378,0.0618
12.06.2019 17:35:00.000,76.377,76.398,76.357,76.388,0.0569
12.06.2019 17:36:00.000,76.387,76.387,76.357,76.358,0.0573
12.06.2019 17:37:00.000,76.358,76.428,76.358,76.427,0.2251
12.06.2019 17:38:00.000,76.427,76.428,76.337,76.337,0.0655
12.06.2019 17:39:00.000,76.337,76.348,76.297,76.328,0.0975
12.06.2019 17:40:00.000,76.327,76.378,76.327,76.368,0.1051
12.06.2019 17:41:00.000,76.378,76.398,76.327,76.358,0.0665
12.06.2019 17:42:00.000,76.365,76.378,76.357,76.377,0.028
12.06.2019 17:43:00.000,76.378,76.408,76.367,76.398,0.0702
12.06.2019 17:44:00.000,76.397,76.408,76.388,76.397,0.0566
12.06.2019 17:45:00.000,76.407,76.468,76.407,76.468,0.0312
12.06.2019 17:46:00.000,76.468,76.468,76.407,76.418,0.1285
12.06.2019 17:47:00.000,76.428,76.488,76.397,76.488,0.1686
12.06.2019 17:48:00.000,76.488,76.508,76.487,76.508,0.0744
12.06.2019 17:49:00.000,76.507,76.508,76.477,76.477,0.0431
12.06.2019 17:50:00.000,76.478,76.478,76.447,76.448,0.0338
12.06.2019 17:51:00.000,76.448,76.458,76.437,76.438,0.078
12.06.2019 17:52:00.000,76.437,76.438,76.387,76.398,0.0608
12.06.2019 17:53:00.000,76.397,76.408,76.387,76.387,0.0591
12.06.2019 17:54:00.000,76.388,76.388,76.368,76.368,0.0027
12.06.2019 17:55:00.000,76.368,76.368,76.347,76.347,0.0354
12.06.2019 17:56:00.000,76.348,76.348,76.297,76.338,0.0657
12.06.2019 17:57:00.000,76.337,76.348,76.308,76.328,0.0365
12.06.2019 17:58:00.000,76.327,76.328,76.327,76.328,0.0421
12.06.2019 17:59:00.000,76.328,76.428,76.328,76.417,0.0988
12.06.2019 18:00:00.000,76.417,76.478,76.417,76.467,0.0452
12.06.2019 18:01:00.000,76.468,76.468,76.418,76.437,0.0989
12.06.2019 18:02:00.000,76.437,76.458,76.417,76.448,0.1036
12.06.2019 18:03:00.000,76.458,76.468,76.448,76.458,0.023
12.06.2019 18:04:00.000,76.457,76.458,76.387,76.387,0.1496
12.06.2019 18:05:00.000,76.388,76.418,76.358,76.398,0.0889
12.06.2019 18:06:00.000,76.407,76.427,76.397,76.398,0.0577
12.06.2019 18:07:00.000,76.408,76.518,76.407,76.508,0.0358
12.06.2019 18:08:00.000,76.517,76.527,76.487,76.488,0.0594
12.06.2019 18:09:00.000,76.497,76.558,76.497,76.538,0.1056
12.06.2019 18:10:00.000,76.538,76.548,76.447,76.447,0.0892
12.06.2019 18:11:00.000,76.448,76.488,76.447,76.448,0.0054
12.06.2019 18:12:00.000,76.468,76.498,76.428,76.428,0.0222
12.06.2019 18:13:00.000,76.427,76.468,76.417,76.448,0.0836
12.06.2019 18:14:00.000,76.468,76.488,76.447,76.477,0.1204
12.06.2019 18:15:00.000,76.478,76.488,76.437,76.457,0.0645
12.06.2019 18:16:00.000,76.467,76.498,76.467,76.478,0.0015
12.06.2019 18:17:00.000,76.478,76.478,76.448,76.468,0.0644
12.06.2019 18:18:00.000,76.467,76.468,76.388,76.388,0.0208
12.06.2019 18:19:00.000,76.387,76.388,76.357,76.368,0.0286
12.06.2019 18:20:00.000,76.377,76.398,76.338,76.358,0.0723
12.06.2019 18:21:00.000,76.368,76.368,76.327,76.357,0.0223
12.06.2019 18:22:00.000,76.358,76.418,76.358,76.397,0.0633
12.06.2019 18:23:00.000,76.398,76.408,76.378,76.388,0.0507
12.06.2019 18:24:00.000,76.397,76.438,76.397,76.438,0.0645
12.06.2019 18:25:00.000,76.437,76.438,76.407,76.408,0.0783
12.06.2019 18:26:00.000,76.407,76.448,76.407,76.438,0.0374
12.06.2019 18:27:00.000,76.438,76.468,76.427,76.428,0.0684
12.06.2019 18:28:00.000,76.448,76.468,76.397,76.397,0.081
12.06.2019 18:29:00.000,76.397,76.438,76.348,76.418,0.0574
12.06.2019 18:30:00.000,76.417,76.448,76.408,76.408,0.1131
12.06.2019 18:31:00.000,76.417,76.428,76.367,76.368,0.0708
12.06.2019 18:32:00.000,76.357,76.357,76.307,76.308,0.0487
12.06.2019 18:33:00.000,76.317,76.358,76.307,76.348,0.0256
12.06.2019 18:34:00.000,76.348,76.348,76.287,76.298,0.0637
12.06.2019 18:35:00.000,76.308,76.358,76.307,76.358,0.0698
12.06.2019 18:36:00.000,76.378,76.398,76.337,76.387,0.1008
12.06.2019 18:37:00.000,76.388,76.478,76.388,76.478,0.1328
12.06.2019 18:38:00.000,76.468,76.507,76.468,76.498,0.0129
12.06.2019 18:39:00.000,76.518,76.518,76.447,76.447,0.0489
12.06.2019 18:40:00.000,76.448,76.488,76.447,76.478,0.0778
12.06.2019 18:41:00.000,76.498,76.518,76.458,76.467,0.0433
12.06.2019 18:42:00.000,76.468,76.488,76.467,76.477,0.0142
12.06.2019 18:43:00.000,76.478,76.488,76.457,76.457,0.0505
12.06.2019 18:44:00.000,76.458,76.538,76.447,76.538,0.0686
12.06.2019 18:45:00.000,76.538,76.567,76.517,76.547,0.0251
12.06.2019 18:46:00.000,76.567,76.598,76.567,76.588,0.0572
12.06.2019 18:47:00.000,76.597,76.608,76.557,76.577,0.0872
12.06.2019 18:48:00.000,76.588,76.588,76.577,76.578,0.0294
12.06.2019 18:49:00.000,76.577,76.588,76.537,76.578,0.0717
12.06.2019 18:50:00.000,76.578,76.578,76.557,76.558,0.032
12.06.2019 18:51:00.000,76.557,76.608,76.557,76.588,0.0204
12.06.2019 18:52:00.000,76.587,76.697,76.587,76.677,0.0518
12.06.2019 18:53:00.000,76.688,76.688,76.617,76.618,0.1221
12.06.2019 18:54:00.000,76.618,76.688,76.607,76.608,0.1039
12.06.2019 18:55:00.000,76.618,76.648,76.617,76.627,0.0364
12.06.2019 18:56:00.000,76.647,76.668,76.627,76.628,0.0461
12.06.2019 18:57:00.000,76.638,76.768,76.637,76.768,0.0737
12.06.2019 18:58:00.000,76.778,76.818,76.718,76.728,0.0913
12.06.2019 18:59:00.000,76.708,76.758,76.697,76.758,0.0258
12.06.2019 19:00:00.000,76.757,76.758,76.678,76.688,0.0984
12.06.2019 19:01:00.000,76.688,76.698,76.668,76.697,0.0154
12.06.2019 19:02:00.000,76.698,76.698,76.627,76.628,0.0288
12.06.2019 19:03:00.000,76.648,76.658,76.627,76.627,0.064
12.06.2019 19:04:00.000,76.628,76.638,76.627,76.628,0.0458
12.06.2019 19:05:00.000,76.628,76.668,76.628,76.658,0.0736
12.06.2019 19:06:00.000,76.658,76.658,76.617,76.618,0.0892
12.06.2019 19:07:00.000,76.618,76.668,76.617,76.647,0.0542
12.06.2019 19:08:00.000,76.648,76.688,76.647,76.678,0.1181
12.06.2019 19:09:00.000,76.677,76.728,76.668,76.728,0.048
12.06.2019 19:10:00.000,76.727,76.748,76.707,76.748,0.0638
12.06.2019 19:11:00.000,76.747,76.748,76.698,76.738,0.0396
12.06.2019 19:12:00.000,76.737,76.778,76.727,76.778,0.0379
12.06.2019 19:13:00.000,76.777,76.788,76.767,76.788,0.0486
12.06.2019 19:14:00.000,76.788,76.818,76.758,76.758,0.1223
12.06.2019 19:15:00.000,76.757,76.758,76.698,76.698,0.0534
12.06.2019 19:16:00.000,76.698,76.718,76.677,76.677,0.0639
12.06.2019 19:17:00.000,76.687,76.708,76.657,76.657,0.0944
12.06.2019 19:18:00.000,76.658,76.698,76.658,76.688,0.0177
12.06.2019 19:19:00.000,76.687,76.758,76.687,76.728,0.0699
12.06.2019 19:20:00.000,76.727,76.748,76.717,76.718,0.0629
12.06.2019 19:21:00.000,76.718,76.728,76.707,76.727,0.0651
12.06.2019 19:22:00.000,76.737,76.768,76.737,76.748,0.0923
12.06.2019 19:23:00.000,76.747,76.747,76.707,76.718,0.0824
12.06.2019 19:24:00.000,76.718,76.738,76.717,76.738,0.077
12.06.2019 19:25:00.000,76.747,76.748,76.717,76.718,0.0308
12.06.2019 19:26:00.000,76.718,76.718,76.677,76.678,0.0503
12.06.2019 19:27:00.000,76.678,76.678,76.567,76.578,0.2151
12.06.2019 19:28:00.000,76.577,76.578,76.458,76.468,0.1145
12.06.2019 19:29:00.000,76.468,76.498,76.457,76.478,0.079
12.06.2019 19:30:00.000,76.487,76.588,76.487,76.578,0.1898
12.06.2019 19:31:00.000,76.587,76.608,76.557,76.588,0.0915
12.06.2019 19:32:00.000,76.588,76.588,76.537,76.538,0.0601
12.06.2019 19:33:00.000,76.537,76.548,76.517,76.538,0.1125
12.06.2019 19:34:00.000,76.538,76.548,76.527,76.528,0.0886
12.06.2019 19:35:00.000,76.538,76.538,76.498,76.517,0.0277
12.06.2019 19:36:00.000,76.517,76.518,76.457,76.458,0.0292
12.06.2019 19:37:00.000,76.457,76.488,76.457,76.487,0.0327
12.06.2019 19:38:00.000,76.488,76.508,76.478,76.478,0.0533
12.06.2019 19:39:00.000,76.468,76.487,76.417,76.487,0.1733
12.06.2019 19:40:00.000,76.487,76.497,76.447,76.447,0.1175
12.06.2019 19:41:00.000,76.448,76.448,76.417,76.418,0.0666
12.06.2019 19:42:00.000,76.417,76.518,76.417,76.488,0.086
12.06.2019 19:43:00.000,76.487,76.488,76.437,76.458,0.0452
12.06.2019 19:44:00.000,76.447,76.448,76.417,76.428,0.0637
12.06.2019 19:45:00.000,76.417,76.448,76.397,76.398,0.1147
12.06.2019 19:46:00.000,76.398,76.398,76.338,76.348,0.0721
12.06.2019 19:47:00.000,76.347,76.368,76.337,76.358,0.2111
12.06.2019 19:48:00.000,76.357,76.388,76.357,76.388,0.0676
12.06.2019 19:49:00.000,76.387,76.417,76.378,76.397,0.1477
12.06.2019 19:50:00.000,76.397,76.397,76.327,76.347,0.2236
12.06.2019 19:51:00.000,76.337,76.367,76.318,76.328,0.0639
12.06.2019 19:52:00.000,76.327,76.328,76.267,76.318,0.1723
12.06.2019 19:53:00.000,76.338,76.398,76.337,76.398,0.0885
12.06.2019 19:54:00.000,76.398,76.428,76.307,76.308,0.1709
12.06.2019 19:55:00.000,76.307,76.378,76.307,76.368,0.1729
12.06.2019 19:56:00.000,76.368,76.388,76.308,76.318,0.1815
12.06.2019 19:57:00.000,76.317,76.338,76.297,76.327,0.0691
12.06.2019 19:58:00.000,76.328,76.418,76.327,76.408,0.2499
12.06.2019 19:59:00.000,76.407,76.487,76.388,76.478,0.3639
13.06.2019 13:30:00.000,76.708,77.388,76.707,77.388,0.0018
13.06.2019 13:31:00.000,77.388,77.417,77.187,77.188,0.071
13.06.2019 13:32:00.000,77.188,77.188,76.988,77.088,0.0171
13.06.2019 13:33:00.000,77.087,77.148,76.868,76.928,0.0621
13.06.2019 13:34:00.000,76.927,77.128,76.927,76.997,0.0569
13.06.2019 13:35:00.000,76.998,77.368,76.967,77.368,0.0502
13.06.2019 13:36:00.000,77.368,77.528,77.287,77.308,0.1763
13.06.2019 13:37:00.000,77.307,77.448,77.307,77.388,0.0506
13.06.2019 13:38:00.000,77.417,77.478,77.298,77.418,0.0338
13.06.2019 13:39:00.000,77.418,77.498,77.377,77.468,0.0043
13.06.2019 13:40:00.000,77.468,77.628,77.417,77.628,0.0691
13.06.2019 13:41:00.000,77.628,77.628,77.458,77.458,0.1123
13.06.2019 13:42:00.000,77.467,77.668,77.458,77.618,0.0531
13.06.2019 13:43:00.000,77.618,77.727,77.597,77.638,0.0335
13.06.2019 13:44:00.000,77.638,77.808,77.637,77.808,0.1766
13.06.2019 13:45:00.000,77.778,77.898,77.667,77.868,0.1336
13.06.2019 13:46:00.000,77.868,77.918,77.858,77.917,0.0674
13.06.2019 13:47:00.000,77.927,78.027,77.897,77.958,0.1457
13.06.2019 13:48:00.000,77.968,77.998,77.707,77.718,0.2138
13.06.2019 13:49:00.000,77.718,77.808,77.708,77.718,0.117
13.06.2019 13:50:00.000,77.717,77.728,77.527,77.538,0.0591
13.06.2019 13:51:00.000,77.538,77.538,77.357,77.448,0.2156
13.06.2019 13:52:00.000,77.448,77.558,77.378,77.558,0.0586
13.06.2019 13:53:00.000,77.558,77.558,77.458,77.548,0.037
13.06.2019 13:54:00.000,77.548,77.668,77.537,77.568,0.1184
13.06.2019 13:55:00.000,77.568,77.728,77.568,77.707,0.0179
13.06.2019 13:56:00.000,77.707,77.707,77.557,77.628,0.0406
13.06.2019 13:57:00.000,77.668,77.768,77.668,77.717,0.0714
13.06.2019 13:58:00.000,77.718,77.718,77.557,77.567,0.0146
13.06.2019 13:59:00.000,77.568,77.598,77.498,77.557,0.0434
13.06.2019 14:00:00.000,77.568,77.597,77.428,77.448,0.1007
13.06.2019 14:01:00.000,77.447,77.518,77.407,77.508,0.0898
13.06.2019 14:02:00.000,77.507,77.527,77.408,77.428,0.0698
13.06.2019 14:03:00.000,77.438,77.478,77.307,77.308,0.0702
13.06.2019 14:04:00.000,77.307,77.308,77.207,77.218,0.0579
13.06.2019 14:05:00.000,77.218,77.247,77.137,77.218,0.1371
13.06.2019 14:06:00.000,77.217,77.218,77.047,77.077,0.196
13.06.2019 14:07:00.000,77.078,77.148,77.018,77.018,0.0867
13.06.2019 14:08:00.000,77.058,77.098,77.038,77.087,0.0275
13.06.2019 14:09:00.000,77.087,77.108,76.927,76.948,0.136
13.06.2019 14:10:00.000,76.928,76.928,76.827,76.908,0.0796
13.06.2019 14:11:00.000,76.908,76.958,76.838,76.958,0.0821
13.06.2019 14:12:00.000,76.958,76.978,76.877,76.888,0.05
13.06.2019 14:13:00.000,76.887,76.888,76.758,76.798,0.1656
13.06.2019 14:14:00.000,76.797,76.858,76.727,76.797,0.0918
13.06.2019 14:15:00.000,76.797,76.797,76.757,76.757,0.044
13.06.2019 14:16:00.000,76.758,76.758,76.597,76.618,0.1222
13.06.2019 14:17:00.000,76.617,76.718,76.598,76.598,0.118
13.06.2019 14:18:00.000,76.607,76.637,76.538,76.598,0.0528
13.06.2019 14:19:00.000,76.597,76.598,76.527,76.538,0.0695
13.06.2019 14:20:00.000,76.528,76.537,76.448,76.457,0.1185
13.06.2019 14:21:00.000,76.458,76.588,76.458,76.568,0.1125
13.06.2019 14:22:00.000,76.568,76.668,76.548,76.608,0.0384
13.06.2019 14:23:00.000,76.616,76.616,76.498,76.528,0.0327
13.06.2019 14:24:00.000,76.538,76.638,76.508,76.638,0.0952
13.06.2019 14:25:00.000,76.638,76.728,76.638,76.677,0.044
13.06.2019 14:26:00.000,76.678,76.848,76.677,76.848,0.0783
13.06.2019 14:27:00.000,76.847,76.918,76.817,76.867,0.1376
13.06.2019 14:28:00.000,76.868,76.948,76.808,76.948,0.0227
13.06.2019 14:29:00.000,76.948,77.008,76.947,76.978,0.1025
13.06.2019 14:30:00.000,76.998,77.068,76.948,76.948,0.0288
13.06.2019 14:31:00.000,76.948,76.948,76.867,76.868,0.091
13.06.2019 14:32:00.000,76.868,76.897,76.807,76.828,0.0185
13.06.2019 14:33:00.000,76.847,76.868,76.697,76.728,0.1187
13.06.2019 14:34:00.000,76.718,76.778,76.657,76.778,0.0552
13.06.2019 14:35:00.000,76.807,76.918,76.807,76.918,0.0898
13.06.2019 14:36:00.000,76.907,76.907,76.797,76.838,0.0697
13.06.2019 14:37:00.000,76.838,76.858,76.797,76.858,0.063
13.06.2019 14:38:00.000,76.858,76.858,76.757,76.788,0.0691
13.06.2019 14:39:00.000,76.788,76.848,76.787,76.838,0.0366
13.06.2019 14:40:00.000,76.838,76.888,76.808,76.877,0.0576
13.06.2019 14:41:00.000,76.878,76.888,76.787,76.838,0.1513
13.06.2019 14:42:00.000,76.838,76.838,76.787,76.798,0.0381
13.06.2019 14:43:00.000,76.797,76.818,76.778,76.818,0.0311
13.06.2019 14:44:00.000,76.818,76.968,76.818,76.968,0.0835
13.06.2019 14:45:00.000,76.968,76.968,76.887,76.887,0.0724
13.06.2019 14:46:00.000,76.907,77.008,76.887,76.977,0.0667
13.06.2019 14:47:00.000,76.977,77.018,76.957,77.017,0.0208
13.06.2019 14:48:00.000,77.018,77.018,76.878,76.888,0.1241
13.06.2019 14:49:00.000,76.888,76.888,76.808,76.848,0.0251
13.06.2019 14:50:00.000,76.847,76.928,76.828,76.928,0.0792
13.06.2019 14:51:00.000,76.948,76.968,76.867,76.868,0.15
13.06.2019 14:52:00.000,76.878,76.938,76.857,76.928,0.0494
13.06.2019 14:53:00.000,76.927,76.948,76.888,76.928,0.0354
13.06.2019 14:54:00.000,76.928,77.028,76.928,76.948,0.096
13.06.2019 14:55:00.000,76.947,76.957,76.887,76.948,0.0441
13.06.2019 14:56:00.000,76.947,76.947,76.858,76.858,0.0678
13.06.2019 14:57:00.000,76.857,76.858,76.787,76.807,0.0693
13.06.2019 14:58:00.000,76.808,76.878,76.808,76.878,0.061
13.06.2019 14:59:00.000,76.887,76.918,76.887,76.907,0.0872
13.06.2019 15:00:00.000,76.908,77.068,76.908,77.058,0.1678
13.06.2019 15:01:00.000,77.057,77.128,77.057,77.128,0.0477
13.06.2019 15:02:00.000,77.127,77.208,77.127,77.198,0.0731
13.06.2019 15:03:00.000,77.198,77.198,77.137,77.138,0.0274
13.06.2019 15:04:00.000,77.148,77.178,77.137,77.178,0.0278
13.06.2019 15:05:00.000,77.178,77.197,77.037,77.038,0.0609
13.06.2019 15:06:00.000,77.037,77.067,76.977,77.018,0.104
13.06.2019 15:07:00.000,77.017,77.117,76.998,77.087,0.065
13.06.2019 15:08:00.000,77.088,77.088,76.968,76.968,0.1648
13.06.2019 15:09:00.000,76.998,77.018,76.968,77.018,0.0425
13.06.2019 15:10:00.000,77.068,77.068,76.968,76.987,0.0757
13.06.2019 15:11:00.000,76.987,77.038,76.987,77.038,0.0091
13.06.2019 15:12:00.000,77.038,77.098,77.038,77.078,0.042
13.06.2019 15:13:00.000,77.077,77.128,77.047,77.128,0.0994
13.06.2019 15:14:00.000,77.137,77.188,77.137,77.188,0.0445
13.06.2019 15:15:00.000,77.197,77.228,77.147,77.157,0.1077
13.06.2019 15:16:00.000,77.158,77.158,77.098,77.098,0.1105
13.06.2019 15:17:00.000,77.098,77.128,77.038,77.038,0.1374
13.06.2019 15:18:00.000,77.037,77.058,77.007,77.007,0.0802
13.06.2019 15:19:00.000,77.007,77.118,76.997,77.118,0.0193
13.06.2019 15:20:00.000,77.128,77.168,77.048,77.048,0.0442
13.06.2019 15:21:00.000,77.048,77.048,76.997,77.018,0.1405
13.06.2019 15:22:00.000,77.017,77.058,76.997,77.037,0.0653
13.06.2019 15:23:00.000,77.037,77.078,76.968,76.968,0.1157
13.06.2019 15:24:00.000,76.967,76.968,76.887,76.948,0.0855
13.06.2019 15:25:00.000,76.947,76.948,76.857,76.887,0.0847
13.06.2019 15:26:00.000,76.888,76.908,76.828,76.848,0.082
13.06.2019 15:27:00.000,76.838,76.898,76.817,76.898,0.1353
13.06.2019 15:28:00.000,76.888,76.908,76.857,76.878,0.0061
13.06.2019 15:29:00.000,76.878,76.878,76.808,76.838,0.0734
13.06.2019 15:30:00.000,76.837,76.837,76.767,76.777,0.0868
13.06.2019 15:31:00.000,76.807,76.818,76.767,76.778,0.0393
13.06.2019 15:32:00.000,76.777,76.798,76.758,76.788,0.0362
13.06.2019 15:33:00.000,76.787,76.828,76.758,76.828,0.0264
13.06.2019 15:34:00.000,76.818,76.828,76.817,76.828,0.0146
13.06.2019 15:35:00.000,76.828,76.838,76.787,76.788,0.0972
13.06.2019 15:36:00.000,76.777,76.798,76.757,76.768,0.0697
13.06.2019 15:37:00.000,76.767,76.797,76.718,76.718,0.0578
13.06.2019 15:38:00.000,76.718,76.718,76.657,76.698,0.0841
13.06.2019 15:39:00.000,76.708,76.728,76.688,76.688,0.0238
13.06.2019 15:40:00.000,76.698,76.797,76.698,76.778,0.0531
13.06.2019 15:41:00.000,76.778,76.778,76.747,76.748,0.1019
13.06.2019 15:42:00.000,76.757,76.848,76.757,76.838,0.0383
13.06.2019 15:43:00.000,76.838,76.838,76.777,76.778,0.0583
13.06.2019 15:44:00.000,76.778,76.828,76.757,76.828,0.0284
13.06.2019 15:45:00.000,76.847,76.878,76.817,76.818,0.1241
13.06.2019 15:46:00.000,76.808,76.858,76.807,76.818,0.0129
13.06.2019 15:47:00.000,76.827,76.838,76.807,76.828,0.0353
13.06.2019 15:48:00.000,76.827,76.838,76.798,76.808,0.0732
13.06.2019 15:49:00.000,76.788,76.788,76.697,76.738,0.0358
13.06.2019 15:50:00.000,76.737,76.798,76.737,76.768,0.084
13.06.2019 15:51:00.000,76.777,76.778,76.747,76.748,0.0254
13.06.2019 15:52:00.000,76.747,76.818,76.747,76.758,0.0617
13.06.2019 15:53:00.000,76.757,76.778,76.707,76.727,0.0432
13.06.2019 15:54:00.000,76.728,76.728,76.647,76.668,0.0555
13.06.2019 15:55:00.000,76.668,76.687,76.667,76.687,0.0209
13.06.2019 15:56:00.000,76.687,76.687,76.627,76.648,0.0489
13.06.2019 15:57:00.000,76.648,76.708,76.648,76.708,0.0928
13.06.2019 15:58:00.000,76.717,76.718,76.627,76.648,0.0716
13.06.2019 15:59:00.000,76.668,76.758,76.668,76.748,0.0732
13.06.2019 16:00:00.000,76.758,76.818,76.738,76.798,0.0798
13.06.2019 16:01:00.000,76.798,76.798,76.697,76.728,0.0346
13.06.2019 16:02:00.000,76.728,76.728,76.607,76.607,0.0431
13.06.2019 16:03:00.000,76.617,76.678,76.617,76.678,0.0556
13.06.2019 16:04:00.000,76.697,76.808,76.697,76.788,0.0575
13.06.2019 16:05:00.000,76.788,76.808,76.738,76.738,0.0831
13.06.2019 16:06:00.000,76.737,76.858,76.737,76.857,0.0648
13.06.2019 16:07:00.000,76.858,76.917,76.847,76.867,0.0531
13.06.2019 16:08:00.000,76.868,76.908,76.838,76.868,0.0089
13.06.2019 16:09:00.000,76.887,76.928,76.857,76.908,0.1271
13.06.2019 16:10:00.000,76.908,76.928,76.907,76.928,0.0188
13.06.2019 16:11:00.000,76.937,76.938,76.908,76.938,0.0564
13.06.2019 16:12:00.000,76.937,76.948,76.857,76.858,0.0284
13.06.2019 16:13:00.000,76.857,76.898,76.857,76.868,0.0082
13.06.2019 16:14:00.000,76.867,76.867,76.807,76.807,0.0541
13.06.2019 16:15:00.000,76.807,76.828,76.748,76.828,0.0771
13.06.2019 16:16:00.000,76.818,76.828,76.767,76.788,0.0551
13.06.2019 16:17:00.000,76.798,76.828,76.788,76.808,0.1049
13.06.2019 16:18:00.000,76.837,76.837,76.807,76.818,0.0831
13.06.2019 16:19:00.000,76.817,76.828,76.768,76.768,0.0544
13.06.2019 16:20:00.000,76.768,76.798,76.767,76.768,0.0406
13.06.2019 16:21:00.000,76.767,76.768,76.727,76.728,0.1163
13.06.2019 16:22:00.000,76.748,76.748,76.717,76.718,0.0134
13.06.2019 16:23:00.000,76.717,76.728,76.678,76.678,0.035
13.06.2019 16:24:00.000,76.677,76.788,76.677,76.768,0.0629
13.06.2019 16:25:00.000,76.777,76.808,76.728,76.768,0.0529
13.06.2019 16:26:00.000,76.778,76.778,76.747,76.768,0.0679
13.06.2019 16:27:00.000,76.777,76.788,76.727,76.738,0.033
13.06.2019 16:28:00.000,76.737,76.788,76.737,76.758,0.0676
13.06.2019 16:29:00.000,76.757,76.758,76.727,76.738,0.0659
13.06.2019 16:30:00.000,76.737,76.738,76.667,76.667,0.0147
13.06.2019 16:31:00.000,76.668,76.678,76.638,76.658,0.2687
13.06.2019 16:32:00.000,76.667,76.698,76.667,76.678,0.042
13.06.2019 16:33:00.000,76.677,76.688,76.638,76.688,0.0529
13.06.2019 16:34:00.000,76.688,76.698,76.627,76.627,0.0222
13.06.2019 16:35:00.000,76.628,76.717,76.627,76.657,0.105
13.06.2019 16:36:00.000,76.657,76.708,76.657,76.688,0.0541
13.06.2019 16:37:00.000,76.708,76.708,76.667,76.687,0.0186
13.06.2019 16:38:00.000,76.688,76.708,76.647,76.658,0.0824
13.06.2019 16:39:00.000,76.658,76.658,76.627,76.638,0.049
13.06.2019 16:40:00.000,76.637,76.697,76.587,76.688,0.0851
13.06.2019 16:41:00.000,76.698,76.728,76.697,76.728,0.0187
13.06.2019 16:42:00.000,76.727,76.788,76.727,76.768,0.0286
13.06.2019 16:43:00.000,76.767,76.838,76.757,76.808,0.0618
13.06.2019 16:44:00.000,76.808,76.838,76.768,76.838,0.2348
13.06.2019 16:45:00.000,76.828,76.888,76.807,76.888,0.033
13.06.2019 16:46:00.000,76.887,76.918,76.887,76.898,0.0345
13.06.2019 16:47:00.000,76.898,76.978,76.898,76.978,0.0776
13.06.2019 16:48:00.000,76.978,77.008,76.957,76.988,0.043
13.06.2019 16:49:00.000,76.988,76.998,76.907,76.957,0.0176
13.06.2019 16:50:00.000,76.958,76.958,76.908,76.908,0.0429
13.06.2019 16:51:00.000,76.907,76.908,76.818,76.827,0.08
13.06.2019 16:52:00.000,76.828,76.887,76.828,76.887,0.0413
13.06.2019 16:53:00.000,76.897,76.958,76.848,76.958,0.0725
13.06.2019 16:54:00.000,76.978,77.048,76.967,77.038,0.051
13.06.2019 16:55:00.000,77.038,77.038,77.017,77.038,0.035
13.06.2019 16:56:00.000,77.037,77.088,77.037,77.088,0.0345
13.06.2019 16:57:00.000,77.087,77.098,77.038,77.058,0.0839
13.06.2019 16:58:00.000,77.057,77.057,77.037,77.038,0.0465
13.06.2019 16:59:00.000,77.038,77.038,76.997,77.028,0.0798
13.06.2019 17:00:00.000,77.047,77.068,77.008,77.027,0.0566
13.06.2019 17:01:00.000,77.028,77.068,77.028,77.048,0.0316
13.06.2019 17:02:00.000,77.058,77.118,77.058,77.108,0.0631
13.06.2019 17:03:00.000,77.108,77.168,77.107,77.168,0.0525
13.06.2019 17:04:00.000,77.167,77.178,77.047,77.048,0.0736
13.06.2019 17:05:00.000,77.048,77.058,76.987,77.018,0.0696
13.06.2019 17:06:00.000,77.028,77.038,76.987,76.998,0.0036
13.06.2019 17:07:00.000,76.997,77.008,76.988,76.998,0.0409
13.06.2019 17:08:00.000,76.997,77.027,76.997,77.027,0.0203
13.06.2019 17:09:00.000,77.028,77.038,77.017,77.017,0.1464
13.06.2019 17:10:00.000,77.018,77.108,77.018,77.068,0.0281
13.06.2019 17:11:00.000,77.068,77.088,77.037,77.047,0.1606
13.06.2019 17:12:00.000,77.048,77.078,77.047,77.048,0.0169
13.06.2019 17:13:00.000,77.047,77.058,77.037,77.038,0.0224
13.06.2019 17:14:00.000,77.037,77.058,77.027,77.058,0.0521
13.06.2019 17:15:00.000,77.057,77.158,77.057,77.158,0.0454
13.06.2019 17:16:00.000,77.167,77.168,77.147,77.147,0.0373
13.06.2019 17:17:00.000,77.148,77.168,77.148,77.168,0.0229
13.06.2019 17:18:00.000,77.168,77.178,77.128,77.158,0.0182
13.06.2019 17:19:00.000,77.158,77.267,77.157,77.267,0.147
13.06.2019 17:20:00.000,77.267,77.317,77.228,77.298,0.1133
13.06.2019 17:21:00.000,77.297,77.318,77.247,77.248,0.0472
13.06.2019 17:22:00.000,77.258,77.258,77.167,77.208,0.1284
13.06.2019 17:23:00.000,77.208,77.218,77.147,77.187,0.0619
13.06.2019 17:24:00.000,77.188,77.208,77.177,77.198,0.0489
13.06.2019 17:25:00.000,77.198,77.198,77.157,77.158,0.0323
13.06.2019 17:26:00.000,77.158,77.158,77.108,77.138,0.0182
13.06.2019 17:27:00.000,77.127,77.188,77.127,77.187,0.0372
13.06.2019 17:28:00.000,77.188,77.188,77.158,77.158,0.0137
13.06.2019 17:29:00.000,77.157,77.178,77.147,77.178,0.0382
13.06.2019 17:30:00.000,77.188,77.218,77.158,77.208,0.0111
13.06.2019 17:31:00.000,77.188,77.208,77.188,77.197,0.0485
13.06.2019 17:32:00.000,77.198,77.228,77.187,77.218,0.0293
13.06.2019 17:33:00.000,77.217,77.227,77.178,77.208,0.0174
13.06.2019 17:34:00.000,77.207,77.248,77.207,77.248,0.1302
13.06.2019 17:35:00.000,77.268,77.268,77.188,77.237,0.0765
13.06.2019 17:36:00.000,77.238,77.258,77.237,77.238,0.0458
13.06.2019 17:37:00.000,77.228,77.278,77.228,77.248,0.0617
13.06.2019 17:38:00.000,77.248,77.258,77.188,77.208,0.0424
13.06.2019 17:39:00.000,77.208,77.208,77.157,77.158,0.0053
13.06.2019 17:40:00.000,77.157,77.157,77.068,77.097,0.0129
13.06.2019 17:41:00.000,77.098,77.098,76.997,76.998,0.0867
13.06.2019 17:42:00.000,76.998,77.038,76.987,77.037,0.0184
13.06.2019 17:43:00.000,77.038,77.068,77.038,77.068,0.028
13.06.2019 17:44:00.000,77.067,77.088,77.048,77.048,0.0178
13.06.2019 17:45:00.000,77.068,77.147,77.068,77.147,0.0584
13.06.2019 17:46:00.000,77.138,77.228,77.138,77.218,0.0588
13.06.2019 17:47:00.000,77.217,77.248,77.217,77.238,0.0588
13.06.2019 17:48:00.000,77.247,77.278,77.228,77.277,0.0528
13.06.2019 17:49:00.000,77.278,77.318,77.248,77.318,0.0345
13.06.2019 17:50:00.000,77.317,77.317,77.247,77.248,0.0171
13.06.2019 17:51:00.000,77.248,77.268,77.248,77.268,0.0294
13.06.2019 17:52:00.000,77.267,77.268,77.187,77.227,0.0606
13.06.2019 17:53:00.000,77.228,77.248,77.188,77.188,0.0489
13.06.2019 17:54:00.000,77.197,77.298,77.197,77.288,0.0184
13.06.2019 17:55:00.000,77.288,77.308,77.248,77.298,0.0389
13.06.2019 17:56:00.000,77.308,77.308,77.188,77.188,0.0113
13.06.2019 17:57:00.000,77.198,77.247,77.197,77.247,0.0759
13.06.2019 17:58:00.000,77.237,77.308,77.228,77.288,0.0356
13.06.2019 17:59:00.000,77.288,77.288,77.217,77.248,0.0454
13.06.2019 18:00:00.000,77.248,77.267,77.217,77.218,0.0675
13.06.2019 18:01:00.000,77.217,77.218,77.198,77.218,0.0278
13.06.2019 18:02:00.000,77.207,77.228,77.187,77.218,0.0285
13.06.2019 18:03:00.000,77.218,77.218,77.127,77.138,0.0994
13.06.2019 18:04:00.000,77.158,77.218,77.147,77.218,0.0331
13.06.2019 18:05:00.000,77.208,77.218,77.177,77.218,0.0456
13.06.2019 18:06:00.000,77.217,77.228,77.198,77.228,0.0584
13.06.2019 18:07:00.000,77.218,77.218,77.158,77.198,0.0457
13.06.2019 18:08:00.000,77.198,77.218,77.148,77.177,0.0595
13.06.2019 18:09:00.000,77.177,77.218,77.177,77.177,0.1282
13.06.2019 18:10:00.000,77.177,77.177,77.128,77.147,0.0744
13.06.2019 18:11:00.000,77.148,77.198,77.148,77.198,0.0246
13.06.2019 18:12:00.000,77.198,77.198,77.167,77.178,0.0194
13.06.2019 18:13:00.000,77.177,77.198,77.177,77.188,0.0335
13.06.2019 18:14:00.000,77.187,77.228,77.187,77.208,0.0124
13.06.2019 18:15:00.000,77.218,77.228,77.188,77.218,0.0229
13.06.2019 18:16:00.000,77.217,77.248,77.177,77.248,0.1071
13.06.2019 18:17:00.000,77.247,77.298,77.238,77.238,0.0799
13.06.2019 18:18:00.000,77.238,77.278,77.198,77.218,0.0591
13.06.2019 18:19:00.000,77.228,77.338,77.228,77.308,0.0534
13.06.2019 18:20:00.000,77.308,77.318,77.237,77.268,0.1138
13.06.2019 18:21:00.000,77.267,77.268,77.207,77.208,0.1612
13.06.2019 18:22:00.000,77.207,77.268,77.207,77.258,0.0809
13.06.2019 18:23:00.000,77.268,77.308,77.247,77.297,0.0311
13.06.2019 18:24:00.000,77.298,77.298,77.287,77.288,0.0094
13.06.2019 18:25:00.000,77.287,77.308,77.287,77.308,0.0184
13.06.2019 18:26:00.000,77.317,77.328,77.317,77.328,0.0245
13.06.2019 18:27:00.000,77.328,77.328,77.257,77.298,0.0618
13.06.2019 18:28:00.000,77.297,77.338,77.257,77.288,0.0944
13.06.2019 18:29:00.000,77.287,77.308,77.287,77.297,0.0352
13.06.2019 18:30:00.000,77.298,77.298,77.247,77.288,0.0265
13.06.2019 18:31:00.000,77.297,77.327,77.267,77.327,0.025
13.06.2019 18:32:00.000,77.338,77.348,77.287,77.288,0.0022
13.06.2019 18:33:00.000,77.287,77.308,77.277,77.308,0.0303
13.06.2019 18:34:00.000,77.307,77.318,77.247,77.258,0.0672
13.06.2019 18:35:00.000,77.257,77.288,77.207,77.228,0.0366
13.06.2019 18:36:00.000,77.238,77.247,77.187,77.197,0.1474
13.06.2019 18:37:00.000,77.197,77.248,77.197,77.228,0.0434
13.06.2019 18:38:00.000,77.228,77.258,77.217,77.247,0.0385
13.06.2019 18:39:00.000,77.248,77.278,77.237,77.278,0.0583
13.06.2019 18:40:00.000,77.277,77.318,77.277,77.288,0.0535
13.06.2019 18:41:00.000,77.298,77.308,77.278,77.298,0.0905
13.06.2019 18:42:00.000,77.307,77.318,77.278,77.288,0.0638
13.06.2019 18:43:00.000,77.287,77.288,77.258,77.268,0.0879
13.06.2019 18:44:00.000,77.268,77.338,77.268,77.338,0.0373
13.06.2019 18:45:00.000,77.338,77.338,77.298,77.308,0.0129
13.06.2019 18:46:00.000,77.307,77.328,77.307,77.308,0.0041
13.06.2019 18:47:00.000,77.307,77.308,77.257,77.257,0.0415
13.06.2019 18:48:00.000,77.257,77.258,77.208,77.238,0.0272
13.06.2019 18:49:00.000,77.227,77.268,77.227,77.258,0.0382
13.06.2019 18:50:00.000,77.258,77.258,77.208,77.208,0.0259
13.06.2019 18:51:00.000,77.218,77.238,77.187,77.188,0.0226
13.06.2019 18:52:00.000,77.187,77.188,77.107,77.128,0.0371
13.06.2019 18:53:00.000,77.127,77.148,77.117,77.138,0.0388
13.06.2019 18:54:00.000,77.137,77.138,77.137,77.138,0.0229
13.06.2019 18:55:00.000,77.138,77.138,77.117,77.118,0.032
13.06.2019 18:56:00.000,77.118,77.118,77.067,77.098,0.0268
13.06.2019 18:57:00.000,77.067,77.068,77.037,77.038,0.0311
13.06.2019 18:58:00.000,77.038,77.038,76.997,76.997,0.017
13.06.2019 18:59:00.000,76.998,77.028,76.938,77.018,0.1816
13.06.2019 19:00:00.000,77.018,77.038,76.967,76.967,0.0299
13.06.2019 19:01:00.000,76.968,77.068,76.967,77.057,0.0447
13.06.2019 19:02:00.000,77.058,77.058,77.027,77.038,0.0816
13.06.2019 19:03:00.000,77.037,77.068,77.008,77.057,0.0832
13.06.2019 19:04:00.000,77.058,77.067,77.017,77.018,0.1242
13.06.2019 19:05:00.000,77.017,77.058,77.007,77.048,0.1418
13.06.2019 19:06:00.000,77.048,77.048,76.987,77.008,0.1652
13.06.2019 19:07:00.000,77.017,77.028,76.987,77.018,0.1711
13.06.2019 19:08:00.000,77.018,77.018,76.947,76.958,0.117
13.06.2019 19:09:00.000,76.957,77.028,76.957,76.998,0.0926
13.06.2019 19:10:00.000,76.997,77.048,76.997,77.007,0.0298
13.06.2019 19:11:00.000,77.008,77.058,77.007,77.027,0.144
13.06.2019 19:12:00.000,77.028,77.038,76.987,76.988,0.123
13.06.2019 19:13:00.000,76.987,76.998,76.987,76.988,0.0664
13.06.2019 19:14:00.000,77.007,77.018,76.958,76.998,0.1008
13.06.2019 19:15:00.000,76.998,77.008,76.927,76.938,0.1216
13.06.2019 19:16:00.000,76.938,76.948,76.888,76.908,0.036
13.06.2019 19:17:00.000,76.908,76.958,76.868,76.948,0.1258
13.06.2019 19:18:00.000,76.947,76.977,76.947,76.967,0.027
13.06.2019 19:19:00.000,76.968,77.018,76.937,76.958,0.0736
13.06.2019 19:20:00.000,76.968,77.038,76.968,77.007,0.0908
13.06.2019 19:21:00.000,77.008,77.008,76.967,76.978,0.0543
13.06.2019 19:22:00.000,76.977,76.978,76.947,76.978,0.0877
13.06.2019 19:23:00.000,76.988,76.998,76.977,76.987,0.0798
13.06.2019 19:24:00.000,76.998,77.008,76.977,76.987,0.0548
13.06.2019 19:25:00.000,76.988,77.038,76.988,77.018,0.0497
13.06.2019 19:26:00.000,77.018,77.018,76.998,77.018,0.0753
13.06.2019 19:27:00.000,77.017,77.038,77.017,77.037,0.0115
13.06.2019 19:28:00.000,77.038,77.048,76.987,76.988,0.1084
13.06.2019 19:29:00.000,76.987,77.018,76.987,77.008,0.0595
13.06.2019 19:30:00.000,77.008,77.008,76.987,76.988,0.1009
13.06.2019 19:31:00.000,76.988,77.058,76.988,77.048,0.1145
13.06.2019 19:32:00.000,77.047,77.088,77.047,77.088,0.0725
13.06.2019 19:33:00.000,77.088,77.098,77.047,77.058,0.1538
13.06.2019 19:34:00.000,77.068,77.068,77.008,77.028,0.0631
13.06.2019 19:35:00.000,77.027,77.028,76.977,76.988,0.0683
13.06.2019 19:36:00.000,76.988,77.038,76.987,77.017,0.1743
13.06.2019 19:37:00.000,77.018,77.028,76.987,77.018,0.0545
13.06.2019 19:38:00.000,77.018,77.018,76.907,76.908,0.173
13.06.2019 19:39:00.000,76.908,76.938,76.888,76.927,0.0923
13.06.2019 19:40:00.000,76.928,76.938,76.927,76.928,0.0064
13.06.2019 19:41:00.000,76.927,76.948,76.907,76.927,0.1479
13.06.2019 19:42:00.000,76.907,76.918,76.907,76.917,0.1162
13.06.2019 19:43:00.000,76.918,76.918,76.878,76.898,0.0344
13.06.2019 19:44:00.000,76.908,76.908,76.897,76.898,0.057
13.06.2019 19:45:00.000,76.908,76.938,76.907,76.908,0.0632
13.06.2019 19:46:00.000,76.907,76.938,76.907,76.938,0.1254
13.06.2019 19:47:00.000,76.937,76.968,76.927,76.957,0.1078
13.06.2019 19:48:00.000,76.958,76.968,76.928,76.938,0.0408
13.06.2019 19:49:00.000,76.948,76.968,76.937,76.948,0.0492
13.06.2019 19:50:00.000,76.947,76.968,76.918,76.938,0.0787
13.06.2019 19:51:00.000,76.938,76.938,76.927,76.928,0.0216
13.06.2019 19:52:00.000,76.937,76.958,76.937,76.948,0.0712
13.06.2019 19:53:00.000,76.928,76.978,76.928,76.978,0.1297
13.06.2019 19:54:00.000,76.978,77.028,76.978,77.008,0.1691
13.06.2019 19:55:00.000,77.007,77.068,76.948,77.068,0.1352
13.06.2019 19:56:00.000,77.067,77.138,77.058,77.138,0.1162
13.06.2019 19:57:00.000,77.138,77.138,77.107,77.138,0.1362
13.06.2019 19:58:00.000,77.137,77.138,77.117,77.118,0.1649
13.06.2019 19:59:00.000,77.117,77.238,77.117,77.217,0.4774
14.06.2019 13:30:00.000,76.597,76.927,76.597,76.598,0.0313
14.06.2019 13:31:00.000,76.597,76.598,76.497,76.558,0.0829
14.06.2019 13:32:00.000,76.577,76.577,76.508,76.538,0.0029
14.06.2019 13:33:00.000,76.537,76.537,76.387,76.448,0.0689
14.06.2019 13:34:00.000,76.488,76.518,76.417,76.417,0.0241
14.06.2019 13:35:00.000,76.417,76.478,76.297,76.437,0.0953
14.06.2019 13:36:00.000,76.437,76.438,76.307,76.377,0.0966
14.06.2019 13:37:00.000,76.388,76.588,76.387,76.537,0.035
14.06.2019 13:38:00.000,76.537,76.548,76.388,76.418,0.1735
14.06.2019 13:39:00.000,76.428,76.497,76.347,76.497,0.1384
14.06.2019 13:40:00.000,76.498,76.557,76.498,76.508,0.0235
14.06.2019 13:41:00.000,76.507,76.578,76.507,76.578,0.0407
14.06.2019 13:42:00.000,76.598,76.598,76.557,76.567,0.0545
14.06.2019 13:43:00.000,76.568,76.718,76.568,76.678,0.056
14.06.2019 13:44:00.000,76.678,76.678,76.577,76.578,0.2217
14.06.2019 13:45:00.000,76.577,76.688,76.577,76.688,0.1002
14.06.2019 13:46:00.000,76.738,76.778,76.688,76.708,0.1604
14.06.2019 13:47:00.000,76.717,76.818,76.717,76.818,0.0859
14.06.2019 13:48:00.000,76.817,76.818,76.727,76.817,0.1443
14.06.2019 13:49:00.000,76.828,77.098,76.827,77.038,0.1644
14.06.2019 13:50:00.000,77.037,77.118,77.037,77.117,0.0558
14.06.2019 13:51:00.000,77.147,77.178,76.897,76.898,0.0572
14.06.2019 13:52:00.000,76.898,76.898,76.758,76.848,0.1692
14.06.2019 13:53:00.000,76.858,76.858,76.707,76.708,0.2348
14.06.2019 13:54:00.000,76.708,76.708,76.538,76.557,0.1948
14.06.2019 13:55:00.000,76.558,76.568,76.407,76.418,0.1166
14.06.2019 13:56:00.000,76.428,76.478,76.327,76.408,0.2117
14.06.2019 13:57:00.000,76.407,76.407,76.287,76.378,0.1781
14.06.2019 13:58:00.000,76.388,76.407,76.297,76.328,0.0976
14.06.2019 13:59:00.000,76.327,76.348,76.288,76.327,0.0166
14.06.2019 14:00:00.000,76.308,76.308,76.187,76.258,0.129
14.06.2019 14:01:00.000,76.257,76.268,76.117,76.238,0.1459
14.06.2019 14:02:00.000,76.247,76.278,76.157,76.238,0.1669
14.06.2019 14:03:00.000,76.247,76.258,76.187,76.237,0.079
14.06.2019 14:04:00.000,76.258,76.258,76.158,76.237,0.1259
14.06.2019 14:05:00.000,76.237,76.268,76.157,76.157,0.1815
14.06.2019 14:06:00.000,76.167,76.168,76.117,76.128,0.1591
14.06.2019 14:07:00.000,76.118,76.178,76.118,76.138,0.0944
14.06.2019 14:08:00.000,76.148,76.168,76.128,76.128,0.1747
14.06.2019 14:09:00.000,76.128,76.147,75.997,76.147,0.1286
14.06.2019 14:10:00.000,76.157,76.197,76.097,76.097,0.0887
14.06.2019 14:11:00.000,76.097,76.138,76.057,76.138,0.1326
14.06.2019 14:12:00.000,76.168,76.178,76.097,76.118,0.1004
14.06.2019 14:13:00.000,76.137,76.157,76.078,76.087,0.0936
14.06.2019 14:14:00.000,76.087,76.087,75.987,75.998,0.21
14.06.2019 14:15:00.000,76.007,76.007,75.928,75.938,0.0769
14.06.2019 14:16:00.000,75.937,76.048,75.937,75.978,0.0611
14.06.2019 14:17:00.000,75.988,76.058,75.967,76.008,0.1224
14.06.2019 14:18:00.000,76.017,76.017,75.938,76.008,0.0198
14.06.2019 14:19:00.000,76.007,76.048,75.948,76.048,0.0699
14.06.2019 14:20:00.000,76.047,76.048,76.007,76.028,0.0695
14.06.2019 14:21:00.000,76.048,76.098,76.037,76.098,0.1369
14.06.2019 14:22:00.000,76.078,76.147,76.027,76.077,0.0802
14.06.2019 14:23:00.000,76.087,76.148,76.087,76.148,0.0207
14.06.2019 14:24:00.000,76.148,76.158,76.087,76.088,0.0494
14.06.2019 14:25:00.000,76.088,76.108,76.078,76.088,0.0442
14.06.2019 14:26:00.000,76.087,76.098,76.008,76.008,0.121
14.06.2019 14:27:00.000,76.017,76.068,76.008,76.068,0.0872
14.06.2019 14:28:00.000,76.058,76.118,76.058,76.107,0.0086
14.06.2019 14:29:00.000,76.108,76.108,76.057,76.058,0.0875
14.06.2019 14:30:00.000,76.067,76.128,76.058,76.058,0.0345
14.06.2019 14:31:00.000,76.078,76.098,75.987,76.038,0.1275
14.06.2019 14:32:00.000,76.038,76.098,75.998,76.098,0.1072
14.06.2019 14:33:00.000,76.098,76.168,76.098,76.168,0.0334
14.06.2019 14:34:00.000,76.168,76.198,76.138,76.167,0.0596
14.06.2019 14:35:00.000,76.168,76.218,76.168,76.197,0.0333
14.06.2019 14:36:00.000,76.198,76.258,76.197,76.237,0.0459
14.06.2019 14:37:00.000,76.237,76.278,76.217,76.238,0.0994
14.06.2019 14:38:00.000,76.238,76.238,76.198,76.208,0.0762
14.06.2019 14:39:00.000,76.198,76.238,76.157,76.228,0.0216
14.06.2019 14:40:00.000,76.228,76.327,76.228,76.327,0.0722
14.06.2019 14:41:00.000,76.328,76.338,76.218,76.268,0.1033
14.06.2019 14:42:00.000,76.268,76.318,76.257,76.318,0.0248
14.06.2019 14:43:00.000,76.327,76.328,76.197,76.198,0.052
14.06.2019 14:44:00.000,76.198,76.198,76.137,76.188,0.0121
14.06.2019 14:45:00.000,76.178,76.207,76.147,76.158,0.0777
14.06.2019 14:46:00.000,76.178,76.298,76.177,76.278,0.0737
14.06.2019 14:47:00.000,76.267,76.308,76.267,76.268,0.0567
14.06.2019 14:48:00.000,76.268,76.288,76.258,76.278,0.012
14.06.2019 14:49:00.000,76.268,76.387,76.268,76.387,0.0445
14.06.2019 14:50:00.000,76.388,76.428,76.338,76.338,0.063
14.06.2019 14:51:00.000,76.357,76.358,76.297,76.328,0.0534
14.06.2019 14:52:00.000,76.328,76.358,76.327,76.358,0.0375
14.06.2019 14:53:00.000,76.347,76.378,76.328,76.358,0.023
14.06.2019 14:54:00.000,76.357,76.398,76.338,76.388,0.1263
14.06.2019 14:55:00.000,76.388,76.418,76.388,76.398,0.0338
14.06.2019 14:56:00.000,76.398,76.398,76.368,76.388,0.1184
14.06.2019 14:57:00.000,76.398,76.407,76.377,76.378,0.101
14.06.2019 14:58:00.000,76.388,76.408,76.377,76.378,0.134
14.06.2019 14:59:00.000,76.388,76.418,76.377,76.398,0.0477
14.06.2019 15:00:00.000,76.398,76.408,76.377,76.378,0.1863
14.06.2019 15:01:00.000,76.388,76.398,76.387,76.388,0.0688
14.06.2019 15:02:00.000,76.398,76.398,76.377,76.398,0.0255
14.06.2019 15:03:00.000,76.408,76.408,76.327,76.347,0.1041
14.06.2019 15:04:00.000,76.358,76.378,76.338,76.368,0.0952
14.06.2019 15:05:00.000,76.378,76.398,76.327,76.328,0.0908
14.06.2019 15:06:00.000,76.328,76.328,76.287,76.288,0.1275
14.06.2019 15:07:00.000,76.298,76.308,76.287,76.298,0.0126
14.06.2019 15:08:00.000,76.298,76.298,76.238,76.238,0.1164
14.06.2019 15:09:00.000,76.238,76.248,76.067,76.067,0.0855
14.06.2019 15:10:00.000,76.068,76.128,76.058,76.087,0.0596
14.06.2019 15:11:00.000,76.078,76.138,76.057,76.138,0.0035
14.06.2019 15:12:00.000,76.137,76.148,76.098,76.108,0.0631
14.06.2019 15:13:00.000,76.117,76.178,76.117,76.138,0.0679
14.06.2019 15:14:00.000,76.138,76.138,76.098,76.108,0.0897
14.06.2019 15:15:00.000,76.108,76.148,76.088,76.148,0.0922
14.06.2019 15:16:00.000,76.158,76.187,76.157,76.187,0.0515
14.06.2019 15:17:00.000,76.188,76.198,76.127,76.168,0.1222
14.06.2019 15:18:00.000,76.167,76.227,76.167,76.218,0.0649
14.06.2019 15:19:00.000,76.228,76.228,76.178,76.178,0.0607
14.06.2019 15:20:00.000,76.178,76.228,76.167,76.228,0.0454
14.06.2019 15:21:00.000,76.228,76.228,76.177,76.178,0.0567
14.06.2019 15:22:00.000,76.177,76.198,76.167,76.188,0.0246
14.06.2019 15:23:00.000,76.187,76.187,76.018,76.027,0.1367
14.06.2019 15:24:00.000,76.028,76.068,76.008,76.068,0.068
14.06.2019 15:25:00.000,76.067,76.078,75.987,76.018,0.0682
14.06.2019 15:26:00.000,76.038,76.048,75.997,76.028,0.1161
14.06.2019 15:27:00.000,76.018,76.038,75.967,75.977,0.06
14.06.2019 15:28:00.000,75.978,76.028,75.967,76.008,0.138
14.06.2019 15:29:00.000,76.008,76.088,76.007,76.068,0.0684
14.06.2019 15:30:00.000,76.068,76.078,76.027,76.038,0.1596
14.06.2019 15:31:00.000,76.057,76.108,76.057,76.108,0.1329
14.06.2019 15:32:00.000,76.118,76.118,76.038,76.038,0.0425
14.06.2019 15:33:00.000,76.038,76.108,76.038,76.108,0.0572
14.06.2019 15:34:00.000,76.108,76.108,76.028,76.038,0.0597
14.06.2019 15:35:00.000,76.038,76.038,75.958,75.978,0.0791
14.06.2019 15:36:00.000,75.987,76.017,75.987,76.017,0.0865
14.06.2019 15:37:00.000,76.018,76.038,75.997,76.038,0.0902
14.06.2019 15:38:00.000,76.038,76.048,76.027,76.038,0.0709
14.06.2019 15:39:00.000,76.038,76.068,76.028,76.068,0.0365
14.06.2019 15:40:00.000,76.067,76.068,76.027,76.037,0.0026
14.06.2019 15:41:00.000,76.038,76.058,76.018,76.058,0.0463
14.06.2019 15:42:00.000,76.078,76.108,76.077,76.097,0.0462
14.06.2019 15:43:00.000,76.098,76.108,76.087,76.098,0.0606
14.06.2019 15:44:00.000,76.097,76.158,76.097,76.138,0.022
14.06.2019 15:45:00.000,76.128,76.128,76.097,76.118,0.0307
14.06.2019 15:46:00.000,76.117,76.118,76.057,76.078,0.0532
14.06.2019 15:47:00.000,76.078,76.178,76.078,76.178,0.0967
14.06.2019 15:48:00.000,76.167,76.168,76.128,76.168,0.0739
14.06.2019 15:49:00.000,76.167,76.218,76.167,76.167,0.0483
14.06.2019 15:50:00.000,76.168,76.268,76.168,76.268,0.1085
14.06.2019 15:51:00.000,76.267,76.308,76.267,76.307,0.0725
14.06.2019 15:52:00.000,76.307,76.318,76.257,76.258,0.0348
14.06.2019 15:53:00.000,76.268,76.328,76.258,76.327,0.1018
14.06.2019 15:54:00.000,76.328,76.328,76.277,76.318,0.0625
14.06.2019 15:55:00.000,76.318,76.328,76.307,76.308,0.056
14.06.2019 15:56:00.000,76.337,76.358,76.317,76.327,0.0373
14.06.2019 15:57:00.000,76.318,76.338,76.257,76.278,0.135
14.06.2019 15:58:00.000,76.297,76.328,76.287,76.328,0.0932
14.06.2019 15:59:00.000,76.328,76.328,76.267,76.298,0.0807
14.06.2019 16:00:00.000,76.297,76.298,76.267,76.288,0.109
14.06.2019 16:01:00.000,76.278,76.288,76.267,76.288,0.0604
14.06.2019 16:02:00.000,76.297,76.318,76.287,76.287,0.0271
14.06.2019 16:03:00.000,76.288,76.288,76.247,76.268,0.0678
14.06.2019 16:04:00.000,76.258,76.258,76.248,76.258,0.0615
14.06.2019 16:05:00.000,76.248,76.268,76.247,76.268,0.0368
14.06.2019 16:06:00.000,76.267,76.267,76.197,76.248,0.0424
14.06.2019 16:07:00.000,76.248,76.257,76.197,76.248,0.0699
14.06.2019 16:08:00.000,76.248,76.288,76.237,76.288,0.1157
14.06.2019 16:09:00.000,76.288,76.368,76.258,76.368,0.0947
14.06.2019 16:10:00.000,76.377,76.378,76.337,76.337,0.0591
14.06.2019 16:11:00.000,76.338,76.338,76.307,76.328,0.0738
14.06.2019 16:12:00.000,76.317,76.318,76.297,76.297,0.0274
14.06.2019 16:13:00.000,76.287,76.287,76.237,76.248,0.0992
14.06.2019 16:14:00.000,76.238,76.268,76.238,76.248,0.0351
14.06.2019 16:15:00.000,76.248,76.308,76.247,76.308,0.0211
14.06.2019 16:16:00.000,76.297,76.308,76.267,76.268,0.0787
14.06.2019 16:17:00.000,76.268,76.268,76.267,76.267,0.033
14.06.2019 16:18:00.000,76.268,76.268,76.267,76.267,0.0003
14.06.2019 16:19:00.000,76.268,76.288,76.258,76.267,0.0276
14.06.2019 16:20:00.000,76.268,76.308,76.267,76.277,0.0471
14.06.2019 16:21:00.000,76.278,76.297,76.268,76.268,0.0251
14.06.2019 16:22:00.000,76.278,76.278,76.268,76.278,0.0535
14.06.2019 16:23:00.000,76.278,76.318,76.278,76.298,0.0625
14.06.2019 16:24:00.000,76.308,76.328,76.307,76.328,0.024
14.06.2019 16:25:00.000,76.328,76.328,76.307,76.318,0.0484
14.06.2019 16:26:00.000,76.328,76.338,76.317,76.338,0.0792
14.06.2019 16:27:00.000,76.337,76.348,76.337,76.348,0.0246
14.06.2019 16:28:00.000,76.348,76.358,76.327,76.337,0.0827
14.06.2019 16:29:00.000,76.338,76.338,76.337,76.338,0.002
14.06.2019 16:30:00.000,76.337,76.398,76.337,76.358,0.0361
14.06.2019 16:31:00.000,76.368,76.388,76.368,76.377,0.0715
14.06.2019 16:32:00.000,76.378,76.398,76.308,76.308,0.0744
14.06.2019 16:33:00.000,76.308,76.358,76.308,76.358,0.0561
14.06.2019 16:34:00.000,76.357,76.368,76.308,76.368,0.0482
14.06.2019 16:35:00.000,76.368,76.398,76.368,76.398,0.037
14.06.2019 16:36:00.000,76.398,76.428,76.398,76.407,0.0265
14.06.2019 16:37:00.000,76.408,76.448,76.407,76.447,0.0552
14.06.2019 16:38:00.000,76.447,76.447,76.407,76.407,0.0118
14.06.2019 16:39:00.000,76.398,76.398,76.387,76.398,0.0389
14.06.2019 16:40:00.000,76.407,76.448,76.407,76.448,0.0197
14.06.2019 16:41:00.000,76.447,76.448,76.407,76.408,0.0394
14.06.2019 16:42:00.000,76.408,76.408,76.408,76.408,0.023
14.06.2019 16:43:00.000,76.417,76.418,76.407,76.408,0.0038
14.06.2019 16:44:00.000,76.428,76.428,76.407,76.408,0.0169
14.06.2019 16:45:00.000,76.407,76.408,76.357,76.357,0.1039
14.06.2019 16:46:00.000,76.358,76.358,76.308,76.308,0.0751
14.06.2019 16:47:00.000,76.308,76.338,76.297,76.298,0.0668
14.06.2019 16:48:00.000,76.318,76.328,76.277,76.277,0.0238
14.06.2019 16:49:00.000,76.278,76.308,76.277,76.308,0.0024
14.06.2019 16:50:00.000,76.318,76.318,76.307,76.308,0.0092
14.06.2019 16:51:00.000,76.308,76.308,76.278,76.278,0.0165
14.06.2019 16:52:00.000,76.287,76.308,76.277,76.298,0.021
14.06.2019 16:53:00.000,76.307,76.318,76.307,76.318,0.0519
14.06.2019 16:54:00.000,76.318,76.338,76.317,76.338,0.0546
14.06.2019 16:55:00.000,76.338,76.358,76.337,76.357,0.1073
14.06.2019 16:56:00.000,76.357,76.358,76.347,76.348,0.0122
14.06.2019 16:57:00.000,76.348,76.358,76.347,76.358,0.0328
14.06.2019 16:58:00.000,76.368,76.368,76.347,76.347,0.0177
14.06.2019 16:59:00.000,76.348,76.358,76.327,76.327,0.0684
14.06.2019 17:00:00.000,76.328,76.347,76.327,76.328,0.0419
14.06.2019 17:01:00.000,76.328,76.328,76.287,76.287,0.0342
14.06.2019 17:02:00.000,76.288,76.298,76.277,76.278,0.0273
14.06.2019 17:03:00.000,76.278,76.298,76.248,76.268,0.0438
14.06.2019 17:04:00.000,76.268,76.308,76.268,76.308,0.0179
14.06.2019 17:05:00.000,76.308,76.308,76.278,76.297,0.017
14.06.2019 17:06:00.000,76.298,76.318,76.298,76.307,0.0095
14.06.2019 17:07:00.000,76.307,76.358,76.298,76.328,0.0381
14.06.2019 17:08:00.000,76.328,76.348,76.327,76.348,0.0172
14.06.2019 17:09:00.000,76.357,76.368,76.338,76.338,0.0233
14.06.2019 17:10:00.000,76.338,76.348,76.327,76.348,0.0415
14.06.2019 17:11:00.000,76.348,76.348,76.267,76.288,0.0395
14.06.2019 17:12:00.000,76.317,76.368,76.317,76.368,0.0029
14.06.2019 17:13:00.000,76.368,76.378,76.358,76.358,0.0316
14.06.2019 17:14:00.000,76.357,76.358,76.317,76.348,0.0215
14.06.2019 17:15:00.000,76.347,76.408,76.347,76.388,0.0332
14.06.2019 17:16:00.000,76.387,76.438,76.387,76.418,0.0317
14.06.2019 17:17:00.000,76.418,76.428,76.397,76.408,0.0344
14.06.2019 17:18:00.000,76.407,76.438,76.407,76.438,0.009
14.06.2019 17:19:00.000,76.427,76.428,76.407,76.417,0.021
14.06.2019 17:20:00.000,76.418,76.438,76.418,76.418,0.0597
14.06.2019 17:21:00.000,76.438,76.488,76.427,76.487,0.1724
14.06.2019 17:22:00.000,76.487,76.487,76.447,76.448,0.01
14.06.2019 17:23:00.000,76.458,76.488,76.458,76.488,0.0697
14.06.2019 17:24:00.000,76.488,76.518,76.458,76.507,0.0649
14.06.2019 17:25:00.000,76.508,76.508,76.447,76.448,0.0305
14.06.2019 17:26:00.000,76.447,76.458,76.437,76.458,0.011
14.06.2019 17:27:00.000,76.457,76.478,76.437,76.438,0.0702
14.06.2019 17:28:00.000,76.438,76.488,76.437,76.458,0.0336
14.06.2019 17:29:00.000,76.457,76.468,76.438,76.447,0.0463
14.06.2019 17:30:00.000,76.447,76.458,76.447,76.448,0.0156
14.06.2019 17:31:00.000,76.457,76.458,76.407,76.408,0.0323
14.06.2019 17:32:00.000,76.417,76.448,76.417,76.428,0.0482
14.06.2019 17:33:00.000,76.427,76.458,76.427,76.428,0.0212
14.06.2019 17:34:00.000,76.437,76.458,76.428,76.447,0.0762
14.06.2019 17:35:00.000,76.447,76.448,76.428,76.438,0.0312
14.06.2019 17:36:00.000,76.438,76.498,76.438,76.467,0.0928
14.06.2019 17:37:00.000,76.458,76.458,76.448,76.458,0.0382
14.06.2019 17:38:00.000,76.458,76.467,76.457,76.458,0.0377
14.06.2019 17:39:00.000,76.457,76.467,76.437,76.448,0.0434
14.06.2019 17:40:00.000,76.438,76.438,76.407,76.408,0.0491
14.06.2019 17:41:00.000,76.408,76.428,76.408,76.428,0.0007
14.06.2019 17:42:00.000,76.428,76.428,76.398,76.398,0.0022
14.06.2019 17:43:00.000,76.388,76.388,76.357,76.358,0.0766
14.06.2019 17:44:00.000,76.358,76.368,76.357,76.358,0.0022
14.06.2019 17:45:00.000,76.368,76.368,76.317,76.327,0.035
14.06.2019 17:46:00.000,76.328,76.368,76.328,76.348,0.0702
14.06.2019 17:47:00.000,76.348,76.357,76.327,76.327,0.0313
14.06.2019 17:48:00.000,76.327,76.338,76.307,76.308,0.0346
14.06.2019 17:49:00.000,76.307,76.338,76.307,76.338,0.0241
14.06.2019 17:50:00.000,76.337,76.368,76.327,76.357,0.0156
14.06.2019 17:51:00.000,76.357,76.358,76.318,76.348,0.0682
14.06.2019 17:52:00.000,76.347,76.388,76.347,76.388,0.0946
14.06.2019 17:53:00.000,76.378,76.378,76.347,76.368,0.0736
14.06.2019 17:54:00.000,76.368,76.378,76.367,76.367,0.0418
14.06.2019 17:55:00.000,76.378,76.418,76.377,76.408,0.0178
14.06.2019 17:56:00.000,76.408,76.448,76.408,76.448,0.0026
14.06.2019 17:57:00.000,76.448,76.478,76.448,76.478,0.0273
14.06.2019 17:58:00.000,76.477,76.518,76.477,76.507,0.0441
14.06.2019 17:59:00.000,76.508,76.538,76.508,76.508,0.0736
14.06.2019 18:00:00.000,76.508,76.508,76.477,76.488,0.1056
14.06.2019 18:01:00.000,76.488,76.488,76.448,76.448,0.0209
14.06.2019 18:02:00.000,76.447,76.488,76.447,76.467,0.0579
14.06.2019 18:03:00.000,76.468,76.498,76.458,76.498,0.0593
14.06.2019 18:04:00.000,76.488,76.548,76.487,76.528,0.138
14.06.2019 18:05:00.000,76.527,76.548,76.527,76.548,0.0385
14.06.2019 18:06:00.000,76.538,76.548,76.518,76.518,0.0445
14.06.2019 18:07:00.000,76.537,76.568,76.528,76.548,0.096
14.06.2019 18:08:00.000,76.548,76.568,76.547,76.568,0.0741
14.06.2019 18:09:00.000,76.557,76.588,76.557,76.577,0.0417
14.06.2019 18:10:00.000,76.578,76.588,76.558,76.578,0.0296
14.06.2019 18:11:00.000,76.587,76.608,76.577,76.608,0.0385
14.06.2019 18:12:00.000,76.617,76.658,76.617,76.648,0.0245
14.06.2019 18:13:00.000,76.647,76.648,76.607,76.618,0.0265
14.06.2019 18:14:00.000,76.618,76.628,76.598,76.598,0.0135
14.06.2019 18:15:00.000,76.598,76.657,76.597,76.638,0.0444
14.06.2019 18:16:00.000,76.638,76.658,76.638,76.658,0.0278
14.06.2019 18:17:00.000,76.668,76.708,76.658,76.698,0.0858
14.06.2019 18:18:00.000,76.708,76.728,76.657,76.657,0.0332
14.06.2019 18:19:00.000,76.657,76.658,76.617,76.627,0.0544
14.06.2019 18:20:00.000,76.638,76.658,76.637,76.658,0.0464
14.06.2019 18:21:00.000,76.658,76.658,76.627,76.628,0.0337
14.06.2019 18:22:00.000,76.618,76.618,76.607,76.607,0.0399
14.06.2019 18:23:00.000,76.608,76.618,76.607,76.607,0.0475
14.06.2019 18:24:00.000,76.608,76.608,76.577,76.598,0.0616
14.06.2019 18:25:00.000,76.597,76.608,76.597,76.598,0.0112
14.06.2019 18:26:00.000,76.597,76.597,76.547,76.558,0.0366
14.06.2019 18:27:00.000,76.578,76.598,76.557,76.567,0.0242
14.06.2019 18:28:00.000,76.568,76.568,76.517,76.528,0.032
14.06.2019 18:29:00.000,76.538,76.548,76.537,76.548,0.0445
14.06.2019 18:30:00.000,76.557,76.608,76.557,76.608,0.0133
14.06.2019 18:31:00.000,76.607,76.608,76.578,76.578,0.0668
14.06.2019 18:32:00.000,76.577,76.577,76.537,76.538,0.0199
14.06.2019 18:33:00.000,76.537,76.558,76.527,76.547,0.0896
14.06.2019 18:34:00.000,76.557,76.578,76.557,76.568,0.0296
14.06.2019 18:35:00.000,76.567,76.567,76.537,76.558,0.0435
14.06.2019 18:36:00.000,76.557,76.558,76.547,76.558,0.0083
14.06.2019 18:37:00.000,76.557,76.557,76.467,76.478,0.1044
14.06.2019 18:38:00.000,76.477,76.488,76.477,76.478,0.01
14.06.2019 18:39:00.000,76.488,76.488,76.447,76.448,0.1174
14.06.2019 18:40:00.000,76.458,76.458,76.418,76.418,0.1146
14.06.2019 18:41:00.000,76.428,76.428,76.417,76.427,0.0217
14.06.2019 18:42:00.000,76.437,76.437,76.348,76.398,0.1278
14.06.2019 18:43:00.000,76.398,76.398,76.387,76.397,0.0546
14.06.2019 18:44:00.000,76.408,76.408,76.358,76.368,0.0491
14.06.2019 18:45:00.000,76.358,76.398,76.357,76.398,0.0981
14.06.2019 18:46:00.000,76.388,76.388,76.358,76.378,0.0301
14.06.2019 18:47:00.000,76.378,76.388,76.357,76.378,0.0479
14.06.2019 18:48:00.000,76.387,76.438,76.378,76.427,0.064
14.06.2019 18:49:00.000,76.428,76.438,76.427,76.437,0.0009
14.06.2019 18:50:00.000,76.438,76.448,76.418,76.418,0.0091
14.06.2019 18:51:00.000,76.418,76.438,76.418,76.428,0.0525
14.06.2019 18:52:00.000,76.428,76.438,76.388,76.438,0.0872
14.06.2019 18:53:00.000,76.418,76.458,76.407,76.457,0.0892
14.06.2019 18:54:00.000,76.457,76.458,76.438,76.448,0.0381
14.06.2019 18:55:00.000,76.457,76.458,76.408,76.408,0.0276
14.06.2019 18:56:00.000,76.408,76.408,76.368,76.378,0.0472
14.06.2019 18:57:00.000,76.388,76.408,76.378,76.398,0.0402
14.06.2019 18:58:00.000,76.388,76.408,76.357,76.357,0.0357
14.06.2019 18:59:00.000,76.357,76.357,76.278,76.278,0.057
14.06.2019 19:00:00.000,76.278,76.318,76.258,76.307,0.1126
14.06.2019 19:01:00.000,76.317,76.348,76.317,76.338,0.0432
14.06.2019 19:02:00.000,76.337,76.338,76.317,76.327,0.0781
14.06.2019 19:03:00.000,76.328,76.368,76.297,76.348,0.195
14.06.2019 19:04:00.000,76.348,76.368,76.307,76.337,0.0444
14.06.2019 19:05:00.000,76.338,76.428,76.317,76.427,0.0357
14.06.2019 19:06:00.000,76.428,76.458,76.348,76.368,0.1254
14.06.2019 19:07:00.000,76.368,76.408,76.368,76.398,0.0099
14.06.2019 19:08:00.000,76.398,76.438,76.398,76.407,0.0689
14.06.2019 19:09:00.000,76.408,76.438,76.407,76.438,0.029
14.06.2019 19:10:00.000,76.438,76.438,76.417,76.418,0.0158
14.06.2019 19:11:00.000,76.418,76.478,76.417,76.478,0.0253
14.06.2019 19:12:00.000,76.477,76.528,76.427,76.427,0.0101
14.06.2019 19:13:00.000,76.428,76.438,76.387,76.428,0.0478
14.06.2019 19:14:00.000,76.447,76.457,76.398,76.418,0.1358
14.06.2019 19:15:00.000,76.417,76.468,76.417,76.468,0.0698
14.06.2019 19:16:00.000,76.467,76.468,76.387,76.417,0.0685
14.06.2019 19:17:00.000,76.418,76.418,76.367,76.378,0.0658
14.06.2019 19:18:00.000,76.378,76.398,76.357,76.388,0.0739
14.06.2019 19:19:00.000,76.388,76.468,76.388,76.468,0.0771
14.06.2019 19:20:00.000,76.468,76.528,76.457,76.507,0.0478
14.06.2019 19:21:00.000,76.508,76.518,76.507,76.518,0.0176
14.06.2019 19:22:00.000,76.527,76.558,76.507,76.558,0.0388
14.06.2019 19:23:00.000,76.557,76.598,76.547,76.597,0.0817
14.06.2019 19:24:00.000,76.598,76.618,76.568,76.587,0.0572
14.06.2019 19:25:00.000,76.587,76.588,76.548,76.558,0.0918
14.06.2019 19:26:00.000,76.557,76.588,76.557,76.578,0.0468
14.06.2019 19:27:00.000,76.578,76.588,76.548,76.548,0.05
14.06.2019 19:28:00.000,76.548,76.578,76.547,76.578,0.0808
14.06.2019 19:29:00.000,76.577,76.628,76.577,76.598,0.11
14.06.2019 19:30:00.000,76.597,76.608,76.587,76.598,0.0908
14.06.2019 19:31:00.000,76.598,76.628,76.587,76.627,0.0862
14.06.2019 19:32:00.000,76.627,76.628,76.568,76.577,0.1351
14.06.2019 19:33:00.000,76.577,76.598,76.548,76.598,0.0738
14.06.2019 19:34:00.000,76.608,76.678,76.607,76.668,0.1278
14.06.2019 19:35:00.000,76.667,76.688,76.657,76.678,0.1275
14.06.2019 19:36:00.000,76.678,76.708,76.667,76.708,0.0877
14.06.2019 19:37:00.000,76.707,76.708,76.697,76.708,0.0274
14.06.2019 19:38:00.000,76.728,76.778,76.728,76.778,0.0589
14.06.2019 19:39:00.000,76.778,76.778,76.717,76.727,0.0621
14.06.2019 19:40:00.000,76.727,76.738,76.717,76.728,0.041
14.06.2019 19:41:00.000,76.727,76.748,76.727,76.738,0.0602
14.06.2019 19:42:00.000,76.728,76.748,76.697,76.698,0.1061
14.06.2019 19:43:00.000,76.698,76.718,76.668,76.708,0.0772
14.06.2019 19:44:00.000,76.708,76.768,76.708,76.758,0.0811
14.06.2019 19:45:00.000,76.757,76.768,76.738,76.758,0.0474
14.06.2019 19:46:00.000,76.757,76.848,76.757,76.838,0.1015
14.06.2019 19:47:00.000,76.837,76.838,76.787,76.798,0.0394
14.06.2019 19:48:00.000,76.797,76.828,76.787,76.828,0.0253
14.06.2019 19:49:00.000,76.827,76.868,76.827,76.858,0.0892
14.06.2019 19:50:00.000,76.867,76.888,76.848,76.867,0.1655
14.06.2019 19:51:00.000,76.867,76.868,76.827,76.868,0.1268
14.06.2019 19:52:00.000,76.867,76.878,76.817,76.838,0.1597
14.06.2019 19:53:00.000,76.838,76.838,76.797,76.828,0.2346
14.06.2019 19:54:00.000,76.838,76.878,76.817,76.868,0.2117
14.06.2019 19:55:00.000,76.867,76.867,76.767,76.818,0.1799
14.06.2019 19:56:00.000,76.817,76.858,76.768,76.808,0.2306
14.06.2019 19:57:00.000,76.807,76.818,76.778,76.818,0.0718
14.06.2019 19:58:00.000,76.808,76.808,76.757,76.788,0.1387
14.06.2019 19:59:00.000,76.787,76.788,76.718,76.738,0.3303
17.06.2019 13:30:00.000,76.158,76.488,76.157,76.488,0.0097
17.06.2019 13:31:00.000,76.488,76.578,76.487,76.487,0.0173
17.06.2019 13:32:00.000,76.488,76.488,76.218,76.328,0.091
17.06.2019 13:33:00.000,76.327,76.428,76.297,76.428,0.0261
17.06.2019 13:34:00.000,76.448,76.718,76.428,76.658,0.0248
17.06.2019 13:35:00.000,76.658,76.728,76.597,76.728,0.0174
17.06.2019 13:36:00.000,76.727,77.018,76.727,76.998,0.0553
17.06.2019 13:37:00.000,77.008,77.018,76.898,76.908,0.0166
17.06.2019 13:38:00.000,76.908,76.908,76.808,76.818,0.0382
17.06.2019 13:39:00.000,76.827,76.838,76.728,76.728,0.0573
17.06.2019 13:40:00.000,76.738,76.828,76.738,76.748,0.0566
17.06.2019 13:41:00.000,76.757,76.798,76.757,76.798,0.0022
17.06.2019 13:42:00.000,76.818,76.878,76.817,76.818,0.0625
17.06.2019 13:43:00.000,76.817,76.867,76.817,76.818,0.0094
17.06.2019 13:44:00.000,76.818,76.848,76.818,76.848,0.0005
17.06.2019 13:45:00.000,76.888,76.998,76.888,76.968,0.002
17.06.2019 13:46:00.000,76.968,76.968,76.848,76.908,0.0163
17.06.2019 13:47:00.000,76.908,76.998,76.837,76.867,0.0141
17.06.2019 13:48:00.000,76.878,76.948,76.867,76.898,0.0591
17.06.2019 13:49:00.000,76.898,76.958,76.868,76.958,0.0023
17.06.2019 13:50:00.000,76.957,77.158,76.957,77.158,0.0202
17.06.2019 13:51:00.000,77.158,77.178,77.077,77.107,0.0329
17.06.2019 13:52:00.000,77.107,77.258,77.107,77.187,0.064
17.06.2019 13:53:00.000,77.198,77.228,77.167,77.228,0.0293
17.06.2019 13:54:00.000,77.207,77.248,77.167,77.248,0.0998
17.06.2019 13:55:00.000,77.258,77.377,77.258,77.377,0.0291
17.06.2019 13:56:00.000,77.378,77.378,77.287,77.288,0.0226
17.06.2019 13:57:00.000,77.287,77.288,77.207,77.207,0.0038
17.06.2019 13:58:00.000,77.198,77.318,77.197,77.308,0.0126
17.06.2019 13:59:00.000,77.307,77.368,77.287,77.287,0.0242
17.06.2019 14:00:00.000,77.288,77.288,77.228,77.258,0.0021
17.06.2019 14:01:00.000,77.288,77.388,77.287,77.347,0.0289
17.06.2019 14:02:00.000,77.347,77.438,77.347,77.418,0.022
17.06.2019 14:03:00.000,77.438,77.457,77.328,77.338,0.0579
17.06.2019 14:04:00.000,77.338,77.338,77.228,77.237,0.1113
17.06.2019 14:05:00.000,77.238,77.288,77.127,77.128,0.0711
17.06.2019 14:06:00.000,77.178,77.248,77.127,77.138,0.0468
17.06.2019 14:07:00.000,77.137,77.218,77.128,77.168,0.0321
17.06.2019 14:08:00.000,77.167,77.168,77.097,77.108,0.0424
17.06.2019 14:09:00.000,77.137,77.258,77.137,77.218,0.0374
17.06.2019 14:10:00.000,77.217,77.218,77.067,77.068,0.1056
17.06.2019 14:11:00.000,77.077,77.078,76.947,76.958,0.0442
17.06.2019 14:12:00.000,76.957,77.018,76.957,76.997,0.0062
17.06.2019 14:13:00.000,76.998,77.118,76.998,77.067,0.0447
17.06.2019 14:14:00.000,77.068,77.098,76.978,76.987,0.0134
17.06.2019 14:15:00.000,76.987,77.007,76.957,76.958,0.0318
17.06.2019 14:16:00.000,76.957,76.957,76.838,76.918,0.0889
17.06.2019 14:17:00.000,76.897,76.898,76.857,76.898,0.0253
17.06.2019 14:18:00.000,76.898,76.907,76.848,76.888,0.1344
17.06.2019 14:19:00.000,76.888,76.888,76.837,76.868,0.0241
17.06.2019 14:20:00.000,76.868,76.868,76.807,76.827,0.0252
17.06.2019 14:21:00.000,76.828,76.828,76.758,76.807,0.0385
17.06.2019 14:22:00.000,76.818,76.838,76.778,76.808,0.0093
17.06.2019 14:23:00.000,76.808,76.878,76.808,76.878,0.0418
17.06.2019 14:24:00.000,76.897,76.938,76.897,76.928,0.0265
17.06.2019 14:25:00.000,76.938,77.007,76.938,76.968,0.0477
17.06.2019 14:26:00.000,76.968,76.968,76.927,76.937,0.0026
17.06.2019 14:27:00.000,76.938,77.008,76.937,77.007,0.0631
17.06.2019 14:28:00.000,77.007,77.068,76.987,77.067,0.0454
17.06.2019 14:29:00.000,77.068,77.148,77.057,77.058,0.0248
17.06.2019 14:30:00.000,77.058,77.097,77.057,77.087,0.0294
17.06.2019 14:31:00.000,77.088,77.088,76.998,77.007,0.0034
17.06.2019 14:32:00.000,77.008,77.108,77.007,77.088,0.0252
17.06.2019 14:33:00.000,77.087,77.178,77.067,77.138,0.0427
17.06.2019 14:34:00.000,77.137,77.158,77.077,77.138,0.0363
17.06.2019 14:35:00.000,77.138,77.238,77.127,77.147,0.1235
17.06.2019 14:36:00.000,77.148,77.218,77.137,77.137,0.0575
17.06.2019 14:37:00.000,77.138,77.198,77.138,77.188,0.0441
17.06.2019 14:38:00.000,77.218,77.218,77.157,77.158,0.0417
17.06.2019 14:39:00.000,77.167,77.198,77.127,77.127,0.0421
17.06.2019 14:40:00.000,77.127,77.208,77.127,77.208,0.0525
17.06.2019 14:41:00.000,77.248,77.248,77.157,77.207,0.1254
17.06.2019 14:42:00.000,77.208,77.248,77.208,77.218,0.0761
17.06.2019 14:43:00.000,77.217,77.238,77.137,77.168,0.0276
17.06.2019 14:44:00.000,77.167,77.228,77.167,77.228,0.0489
17.06.2019 14:45:00.000,77.237,77.238,77.098,77.117,0.0421
17.06.2019 14:46:00.000,77.118,77.178,77.108,77.158,0.0372
17.06.2019 14:47:00.000,77.157,77.158,77.137,77.157,0.0187
17.06.2019 14:48:00.000,77.138,77.158,77.127,77.148,0.0335
17.06.2019 14:49:00.000,77.147,77.248,77.147,77.148,0.0423
17.06.2019 14:50:00.000,77.148,77.228,77.137,77.198,0.0919
17.06.2019 14:51:00.000,77.208,77.228,77.107,77.108,0.0521
17.06.2019 14:52:00.000,77.098,77.118,77.068,77.118,0.0945
17.06.2019 14:53:00.000,77.108,77.178,77.108,77.178,0.1227
17.06.2019 14:54:00.000,77.188,77.228,77.178,77.218,0.1024
17.06.2019 14:55:00.000,77.188,77.228,77.157,77.168,0.1425
17.06.2019 14:56:00.000,77.168,77.208,77.097,77.108,0.0249
17.06.2019 14:57:00.000,77.108,77.108,77.057,77.057,0.075
17.06.2019 14:58:00.000,77.058,77.088,77.017,77.028,0.0555
17.06.2019 14:59:00.000,77.037,77.087,77.027,77.028,0.129
17.06.2019 15:00:00.000,77.027,77.068,77.017,77.058,0.031
17.06.2019 15:01:00.000,77.068,77.148,77.058,77.138,0.0415
17.06.2019 15:02:00.000,77.118,77.217,77.107,77.208,0.1199
17.06.2019 15:03:00.000,77.227,77.228,77.147,77.147,0.1228
17.06.2019 15:04:00.000,77.147,77.218,77.118,77.218,0.0452
17.06.2019 15:05:00.000,77.218,77.218,77.127,77.158,0.0399
17.06.2019 15:06:00.000,77.128,77.188,77.128,77.128,0.1224
17.06.2019 15:07:00.000,77.137,77.138,77.107,77.107,0.0758
17.06.2019 15:08:00.000,77.108,77.128,77.047,77.047,0.0336
17.06.2019 15:09:00.000,77.048,77.118,77.038,77.117,0.0577
17.06.2019 15:10:00.000,77.117,77.148,77.097,77.098,0.07
17.06.2019 15:11:00.000,77.107,77.148,77.097,77.097,0.0778
17.06.2019 15:12:00.000,77.088,77.088,77.037,77.067,0.0947
17.06.2019 15:13:00.000,77.067,77.128,77.058,77.128,0.027
17.06.2019 15:14:00.000,77.128,77.138,77.078,77.118,0.0885
17.06.2019 15:15:00.000,77.118,77.188,77.118,77.138,0.0914
17.06.2019 15:16:00.000,77.137,77.137,77.078,77.098,0.0658
17.06.2019 15:17:00.000,77.128,77.148,77.097,77.147,0.0477
17.06.2019 15:18:00.000,77.147,77.168,77.147,77.148,0.0369
17.06.2019 15:19:00.000,77.157,77.218,77.157,77.218,0.0549
17.06.2019 15:20:00.000,77.228,77.228,77.138,77.138,0.0589
17.06.2019 15:21:00.000,77.158,77.218,77.158,77.188,0.071
17.06.2019 15:22:00.000,77.197,77.208,77.187,77.188,0.0202
17.06.2019 15:23:00.000,77.158,77.168,77.158,77.168,0.001
17.06.2019 15:24:00.000,77.168,77.168,77.097,77.118,0.2257
17.06.2019 15:25:00.000,77.117,77.158,77.098,77.138,0.0639
17.06.2019 15:26:00.000,77.138,77.138,77.097,77.128,0.0816
17.06.2019 15:27:00.000,77.128,77.128,77.107,77.117,0.0573
17.06.2019 15:28:00.000,77.128,77.138,77.088,77.107,0.0414
17.06.2019 15:29:00.000,77.097,77.147,77.078,77.087,0.0586
17.06.2019 15:30:00.000,77.088,77.088,77.038,77.058,0.0189
17.06.2019 15:31:00.000,77.067,77.108,77.057,77.108,0.0492
17.06.2019 15:32:00.000,77.108,77.168,77.058,77.167,0.1003
17.06.2019 15:33:00.000,77.178,77.248,77.167,77.198,0.121
17.06.2019 15:34:00.000,77.208,77.268,77.208,77.267,0.0351
17.06.2019 15:35:00.000,77.268,77.308,77.268,77.298,0.0441
17.06.2019 15:36:00.000,77.297,77.348,77.297,77.328,0.0175
17.06.2019 15:37:00.000,77.328,77.358,77.327,77.358,0.0493
17.06.2019 15:38:00.000,77.358,77.378,77.337,77.367,0.0239
17.06.2019 15:39:00.000,77.368,77.438,77.367,77.378,0.1543
17.06.2019 15:40:00.000,77.368,77.397,77.317,77.397,0.099
17.06.2019 15:41:00.000,77.398,77.398,77.377,77.398,0.0575
17.06.2019 15:42:00.000,77.378,77.428,77.358,77.358,0.0578
17.06.2019 15:43:00.000,77.357,77.398,77.357,77.378,0.025
17.06.2019 15:44:00.000,77.377,77.408,77.358,77.377,0.0507
17.06.2019 15:45:00.000,77.377,77.378,77.297,77.338,0.0627
17.06.2019 15:46:00.000,77.338,77.448,77.298,77.428,0.1126
17.06.2019 15:47:00.000,77.428,77.488,77.427,77.488,0.0666
17.06.2019 15:48:00.000,77.498,77.518,77.467,77.468,0.081
17.06.2019 15:49:00.000,77.468,77.518,77.427,77.518,0.1115
17.06.2019 15:50:00.000,77.527,77.588,77.517,77.548,0.2007
17.06.2019 15:51:00.000,77.577,77.608,77.557,77.598,0.1174
17.06.2019 15:52:00.000,77.588,77.608,77.528,77.528,0.0825
17.06.2019 15:53:00.000,77.527,77.538,77.497,77.498,0.0265
17.06.2019 15:54:00.000,77.478,77.508,77.458,77.468,0.0181
17.06.2019 15:55:00.000,77.477,77.507,77.448,77.488,0.1806
17.06.2019 15:56:00.000,77.477,77.488,77.448,77.487,0.0542
17.06.2019 15:57:00.000,77.507,77.558,77.507,77.558,0.0282
17.06.2019 15:58:00.000,77.558,77.568,77.507,77.517,0.1187
17.06.2019 15:59:00.000,77.517,77.598,77.497,77.597,0.0652
17.06.2019 16:00:00.000,77.577,77.608,77.547,77.557,0.0864
17.06.2019 16:01:00.000,77.557,77.598,77.537,77.548,0.0504
17.06.2019 16:02:00.000,77.527,77.628,77.517,77.618,0.1475
17.06.2019 16:03:00.000,77.617,77.617,77.577,77.587,0.0686
17.06.2019 16:04:00.000,77.587,77.608,77.498,77.498,0.0934
17.06.2019 16:05:00.000,77.497,77.497,77.458,77.458,0.0188
17.06.2019 16:06:00.000,77.438,77.488,77.418,77.467,0.1125
17.06.2019 16:07:00.000,77.467,77.498,77.438,77.498,0.0432
17.06.2019 16:08:00.000,77.497,77.538,77.497,77.527,0.0032
17.06.2019 16:09:00.000,77.537,77.548,77.527,77.548,0.0417
17.06.2019 16:10:00.000,77.548,77.548,77.437,77.517,0.118
17.06.2019 16:11:00.000,77.518,77.528,77.488,77.528,0.057
17.06.2019 16:12:00.000,77.528,77.568,77.517,77.558,0.05
17.06.2019 16:13:00.000,77.568,77.598,77.537,77.578,0.1364
17.06.2019 16:14:00.000,77.577,77.637,77.577,77.637,0.0405
17.06.2019 16:15:00.000,77.637,77.648,77.597,77.597,0.0272
17.06.2019 16:16:00.000,77.597,77.597,77.507,77.507,0.0556
17.06.2019 16:17:00.000,77.508,77.508,77.468,77.487,0.0363
17.06.2019 16:18:00.000,77.498,77.498,77.437,77.447,0.0391
17.06.2019 16:19:00.000,77.447,77.468,77.417,77.458,0.0565
17.06.2019 16:20:00.000,77.457,77.538,77.457,77.478,0.0665
17.06.2019 16:21:00.000,77.478,77.488,77.427,77.438,0.0772
17.06.2019 16:22:00.000,77.438,77.478,77.438,77.478,0.0218
17.06.2019 16:23:00.000,77.487,77.538,77.487,77.498,0.0441
17.06.2019 16:24:00.000,77.498,77.498,77.458,77.487,0.0183
17.06.2019 16:25:00.000,77.488,77.518,77.487,77.498,0.0731
17.06.2019 16:26:00.000,77.507,77.508,77.487,77.488,0.0336
17.06.2019 16:27:00.000,77.497,77.528,77.467,77.528,0.0613
17.06.2019 16:28:00.000,77.538,77.558,77.537,77.548,0.0208
17.06.2019 16:29:00.000,77.547,77.578,77.538,77.578,0.0424
17.06.2019 16:30:00.000,77.577,77.587,77.577,77.578,0.013
17.06.2019 16:31:00.000,77.587,77.648,77.587,77.647,0.0374
17.06.2019 16:32:00.000,77.657,77.678,77.627,77.627,0.0789
17.06.2019 16:33:00.000,77.628,77.628,77.578,77.588,0.0388
17.06.2019 16:34:00.000,77.608,77.608,77.587,77.608,0.0289
17.06.2019 16:35:00.000,77.607,77.608,77.557,77.607,0.109
17.06.2019 16:36:00.000,77.618,77.618,77.557,77.558,0.0523
17.06.2019 16:37:00.000,77.558,77.568,77.537,77.568,0.0243
17.06.2019 16:38:00.000,77.568,77.588,77.568,77.588,0.0162
17.06.2019 16:39:00.000,77.588,77.608,77.577,77.578,0.0497
17.06.2019 16:40:00.000,77.597,77.648,77.587,77.608,0.1009
17.06.2019 16:41:00.000,77.608,77.608,77.588,77.598,0.0191
17.06.2019 16:42:00.000,77.598,77.628,77.597,77.628,0.0755
17.06.2019 16:43:00.000,77.627,77.627,77.597,77.618,0.017
17.06.2019 16:44:00.000,77.618,77.618,77.577,77.588,0.0436
17.06.2019 16:45:00.000,77.587,77.638,77.587,77.628,0.0165
17.06.2019 16:46:00.000,77.628,77.638,77.618,77.638,0.0408
17.06.2019 16:47:00.000,77.647,77.668,77.638,77.638,0.0132
17.06.2019 16:48:00.000,77.638,77.648,77.607,77.608,0.0471
17.06.2019 16:49:00.000,77.607,77.618,77.597,77.618,0.0318
17.06.2019 16:50:00.000,77.608,77.608,77.567,77.567,0.0356
17.06.2019 16:51:00.000,77.567,77.608,77.567,77.608,0.0467
17.06.2019 16:52:00.000,77.607,77.608,77.538,77.568,0.0618
17.06.2019 16:53:00.000,77.567,77.567,77.547,77.547,0.0419
17.06.2019 16:54:00.000,77.548,77.588,77.548,77.588,0.0685
17.06.2019 16:55:00.000,77.587,77.608,77.577,77.608,0.037
17.06.2019 16:56:00.000,77.608,77.608,77.548,77.548,0.0473
17.06.2019 16:57:00.000,77.548,77.548,77.517,77.517,0.013
17.06.2019 16:58:00.000,77.518,77.518,77.497,77.508,0.0827
17.06.2019 16:59:00.000,77.508,77.518,77.507,77.518,0.0172
17.06.2019 17:00:00.000,77.518,77.528,77.507,77.528,0.0203
17.06.2019 17:01:00.000,77.528,77.528,77.507,77.508,0.0431
17.06.2019 17:02:00.000,77.508,77.528,77.488,77.488,0.013
17.06.2019 17:03:00.000,77.487,77.498,77.478,77.488,0.0103
17.06.2019 17:04:00.000,77.487,77.547,77.487,77.508,0.0492
17.06.2019 17:06:00.000,77.507,77.558,77.507,77.528,0.059
17.06.2019 17:07:00.000,77.518,77.538,77.518,77.538,0.0105
17.06.2019 17:08:00.000,77.538,77.538,77.538,77.538,0.0004
17.06.2019 17:09:00.000,77.548,77.548,77.518,77.518,0.0165
17.06.2019 17:10:00.000,77.527,77.578,77.527,77.558,0.0352
17.06.2019 17:11:00.000,77.567,77.578,77.567,77.578,0.026
17.06.2019 17:12:00.000,77.577,77.578,77.557,77.557,0.0287
17.06.2019 17:13:00.000,77.557,77.557,77.537,77.538,0.0437
17.06.2019 17:14:00.000,77.538,77.548,77.538,77.548,0.0211
17.06.2019 17:15:00.000,77.547,77.558,77.547,77.558,0.0347
17.06.2019 17:16:00.000,77.557,77.578,77.557,77.568,0.0313
17.06.2019 17:17:00.000,77.568,77.598,77.557,77.597,0.0197
17.06.2019 17:18:00.000,77.597,77.597,77.518,77.528,0.0385
17.06.2019 17:19:00.000,77.527,77.558,77.527,77.528,0.0325
17.06.2019 17:20:00.000,77.527,77.548,77.527,77.538,0.0482
17.06.2019 17:21:00.000,77.538,77.538,77.507,77.527,0.0391
17.06.2019 17:22:00.000,77.528,77.568,77.518,77.567,0.0292
17.06.2019 17:23:00.000,77.567,77.568,77.558,77.568,0.0234
17.06.2019 17:24:00.000,77.568,77.568,77.568,77.568,0.0328
17.06.2019 17:25:00.000,77.568,77.568,77.508,77.518,0.0878
17.06.2019 17:26:00.000,77.518,77.537,77.508,77.508,0.0572
17.06.2019 17:27:00.000,77.508,77.568,77.497,77.557,0.0781
17.06.2019 17:28:00.000,77.558,77.578,77.557,77.578,0.0154
17.06.2019 17:29:00.000,77.587,77.587,77.557,77.557,0.031
17.06.2019 17:30:00.000,77.558,77.598,77.557,77.577,0.0731
17.06.2019 17:31:00.000,77.578,77.578,77.578,77.578,0.0001
17.06.2019 17:32:00.000,77.578,77.588,77.578,77.588,0.0109
17.06.2019 17:33:00.000,77.587,77.618,77.577,77.618,0.0795
17.06.2019 17:34:00.000,77.618,77.648,77.617,77.638,0.0807
17.06.2019 17:35:00.000,77.637,77.638,77.627,77.638,0.0274
17.06.2019 17:36:00.000,77.648,77.688,77.648,77.668,0.038
17.06.2019 17:37:00.000,77.668,77.678,77.658,77.668,0.0474
17.06.2019 17:38:00.000,77.668,77.668,77.657,77.657,0.0088
17.06.2019 17:39:00.000,77.658,77.658,77.657,77.658,0.0008
17.06.2019 17:40:00.000,77.668,77.678,77.657,77.658,0.0581
17.06.2019 17:41:00.000,77.657,77.668,77.657,77.668,0.0098
17.06.2019 17:42:00.000,77.667,77.707,77.667,77.698,0.0127
17.06.2019 17:43:00.000,77.708,77.728,77.698,77.718,0.0439
17.06.2019 17:44:00.000,77.717,77.718,77.698,77.698,0.0254
17.06.2019 17:45:00.000,77.697,77.698,77.667,77.668,0.0369
17.06.2019 17:46:00.000,77.668,77.687,77.668,77.677,0.0085
17.06.2019 17:47:00.000,77.677,77.678,77.628,77.628,0.0253
17.06.2019 17:48:00.000,77.628,77.647,77.587,77.628,0.067
17.06.2019 17:49:00.000,77.628,77.648,77.618,77.648,0.0381
17.06.2019 17:50:00.000,77.648,77.658,77.627,77.647,0.0777
17.06.2019 17:51:00.000,77.648,77.648,77.587,77.587,0.0407
17.06.2019 17:52:00.000,77.587,77.608,77.578,77.608,0.0313
17.06.2019 17:53:00.000,77.608,77.608,77.587,77.587,0.0158
17.06.2019 17:54:00.000,77.587,77.587,77.567,77.567,0.0115
17.06.2019 17:55:00.000,77.568,77.588,77.517,77.518,0.0845
17.06.2019 17:56:00.000,77.518,77.548,77.517,77.538,0.0308
17.06.2019 17:57:00.000,77.537,77.568,77.537,77.558,0.0103
17.06.2019 17:58:00.000,77.547,77.547,77.508,77.508,0.0236
17.06.2019 17:59:00.000,77.508,77.508,77.458,77.487,0.0315
17.06.2019 18:00:00.000,77.487,77.558,77.457,77.558,0.0447
17.06.2019 18:01:00.000,77.557,77.568,77.537,77.538,0.0854
17.06.2019 18:02:00.000,77.537,77.598,77.537,77.558,0.0771
17.06.2019 18:03:00.000,77.558,77.558,77.498,77.498,0.0234
17.06.2019 18:04:00.000,77.497,77.528,77.497,77.498,0.0232
17.06.2019 18:05:00.000,77.498,77.528,77.477,77.487,0.126
17.06.2019 18:06:00.000,77.488,77.488,77.458,77.478,0.0715
17.06.2019 18:07:00.000,77.478,77.498,77.478,77.498,0.0329
17.06.2019 18:08:00.000,77.507,77.508,77.467,77.467,0.0407
17.06.2019 18:09:00.000,77.468,77.508,77.448,77.508,0.0374
17.06.2019 18:10:00.000,77.478,77.478,77.467,77.467,0.0211
17.06.2019 18:11:00.000,77.467,77.477,77.448,77.468,0.0359
17.06.2019 18:12:00.000,77.487,77.508,77.477,77.477,0.0736
17.06.2019 18:13:00.000,77.478,77.488,77.438,77.447,0.0252
17.06.2019 18:14:00.000,77.458,77.458,77.438,77.448,0.0227
17.06.2019 18:15:00.000,77.448,77.468,77.407,77.408,0.048
17.06.2019 18:16:00.000,77.408,77.408,77.378,77.398,0.0036
17.06.2019 18:17:00.000,77.397,77.398,77.388,77.388,0.0005
17.06.2019 18:18:00.000,77.388,77.418,77.327,77.337,0.1302
17.06.2019 18:19:00.000,77.338,77.418,77.307,77.408,0.0887
17.06.2019 18:20:00.000,77.417,77.437,77.338,77.338,0.0881
17.06.2019 18:21:00.000,77.338,77.338,77.327,77.338,0.016
17.06.2019 18:22:00.000,77.338,77.338,77.258,77.258,0.1134
17.06.2019 18:23:00.000,77.268,77.308,77.268,77.278,0.0456
17.06.2019 18:24:00.000,77.277,77.278,77.217,77.217,0.0989
17.06.2019 18:25:00.000,77.218,77.238,77.187,77.228,0.0692
17.06.2019 18:26:00.000,77.237,77.268,77.207,77.258,0.0897
17.06.2019 18:27:00.000,77.248,77.257,77.158,77.198,0.1203
17.06.2019 18:28:00.000,77.208,77.208,77.117,77.118,0.0457
17.06.2019 18:29:00.000,77.118,77.158,77.117,77.138,0.0869
17.06.2019 18:30:00.000,77.148,77.208,77.147,77.177,0.0944
17.06.2019 18:31:00.000,77.188,77.188,77.147,77.158,0.0557
17.06.2019 18:32:00.000,77.167,77.167,77.148,77.148,0.0209
17.06.2019 18:33:00.000,77.148,77.207,77.137,77.187,0.1138
17.06.2019 18:34:00.000,77.188,77.188,77.157,77.157,0.0872
17.06.2019 18:35:00.000,77.168,77.238,77.167,77.228,0.0433
17.06.2019 18:36:00.000,77.227,77.268,77.217,77.228,0.0765
17.06.2019 18:37:00.000,77.237,77.238,77.217,77.218,0.041
17.06.2019 18:38:00.000,77.227,77.267,77.227,77.267,0.0094
17.06.2019 18:39:00.000,77.268,77.288,77.247,77.247,0.0457
17.06.2019 18:40:00.000,77.247,77.247,77.178,77.178,0.0325
17.06.2019 18:41:00.000,77.177,77.178,77.118,77.128,0.0625
17.06.2019 18:42:00.000,77.118,77.158,77.097,77.158,0.0442
17.06.2019 18:43:00.000,77.158,77.197,77.147,77.178,0.0485
17.06.2019 18:44:00.000,77.188,77.208,77.187,77.207,0.0113
17.06.2019 18:45:00.000,77.198,77.198,77.148,77.148,0.0431
17.06.2019 18:46:00.000,77.147,77.168,77.108,77.117,0.0325
17.06.2019 18:47:00.000,77.117,77.118,77.097,77.098,0.0432
17.06.2019 18:48:00.000,77.097,77.098,77.087,77.088,0.0141
17.06.2019 18:49:00.000,77.098,77.107,77.077,77.098,0.0265
17.06.2019 18:50:00.000,77.087,77.118,77.087,77.108,0.0348
17.06.2019 18:51:00.000,77.107,77.118,77.077,77.118,0.0586
17.06.2019 18:52:00.000,77.108,77.178,77.108,77.178,0.0448
17.06.2019 18:53:00.000,77.177,77.208,77.177,77.207,0.0279
17.06.2019 18:54:00.000,77.207,77.248,77.197,77.227,0.0387
17.06.2019 18:55:00.000,77.237,77.278,77.187,77.247,0.0666
17.06.2019 18:56:00.000,77.248,77.258,77.188,77.188,0.0707
17.06.2019 18:57:00.000,77.188,77.188,77.187,77.188,0.0672
17.06.2019 18:58:00.000,77.197,77.218,77.197,77.208,0.0095
17.06.2019 18:59:00.000,77.218,77.258,77.208,77.258,0.0161
17.06.2019 19:00:00.000,77.267,77.278,77.257,77.258,0.0511
17.06.2019 19:01:00.000,77.257,77.258,77.237,77.237,0.0409
17.06.2019 19:02:00.000,77.248,77.248,77.227,77.248,0.0167
17.06.2019 19:03:00.000,77.258,77.288,77.237,77.288,0.0369
17.06.2019 19:04:00.000,77.288,77.327,77.277,77.317,0.0452
17.06.2019 19:05:00.000,77.318,77.328,77.317,77.318,0.036
17.06.2019 19:06:00.000,77.318,77.358,77.318,77.338,0.0405
17.06.2019 19:07:00.000,77.337,77.338,77.327,77.328,0.0125
17.06.2019 19:08:00.000,77.318,77.318,77.307,77.308,0.0314
17.06.2019 19:09:00.000,77.307,77.308,77.267,77.288,0.0886
17.06.2019 19:10:00.000,77.287,77.327,77.267,77.317,0.0623
17.06.2019 19:11:00.000,77.328,77.348,77.327,77.328,0.0361
17.06.2019 19:12:00.000,77.327,77.348,77.327,77.338,0.0485
17.06.2019 19:13:00.000,77.337,77.337,77.277,77.337,0.097
17.06.2019 19:14:00.000,77.337,77.337,77.297,77.298,0.0695
17.06.2019 19:15:00.000,77.307,77.338,77.298,77.307,0.0842
17.06.2019 19:16:00.000,77.308,77.338,77.297,77.297,0.0556
17.06.2019 19:17:00.000,77.298,77.307,77.287,77.298,0.0084
17.06.2019 19:18:00.000,77.297,77.308,77.247,77.248,0.067
17.06.2019 19:19:00.000,77.247,77.308,77.247,77.308,0.0187
17.06.2019 19:20:00.000,77.307,77.367,77.287,77.358,0.0858
17.06.2019 19:21:00.000,77.358,77.368,77.337,77.357,0.0537
17.06.2019 19:22:00.000,77.358,77.368,77.317,77.317,0.0798
17.06.2019 19:23:00.000,77.337,77.348,77.327,77.347,0.0695
17.06.2019 19:24:00.000,77.338,77.358,77.298,77.298,0.0701
17.06.2019 19:25:00.000,77.297,77.298,77.268,77.268,0.0429
17.06.2019 19:26:00.000,77.267,77.308,77.267,77.308,0.0211
17.06.2019 19:27:00.000,77.308,77.318,77.257,77.268,0.0608
17.06.2019 19:28:00.000,77.258,77.288,77.257,77.287,0.0327
17.06.2019 19:29:00.000,77.288,77.288,77.258,77.277,0.0459
17.06.2019 19:30:00.000,77.278,77.288,77.247,77.248,0.1441
17.06.2019 19:31:00.000,77.257,77.268,77.197,77.208,0.1946
17.06.2019 19:32:00.000,77.218,77.258,77.167,77.168,0.0606
17.06.2019 19:33:00.000,77.168,77.198,77.167,77.178,0.0353
17.06.2019 19:34:00.000,77.178,77.178,77.128,77.128,0.0461
17.06.2019 19:35:00.000,77.138,77.187,77.127,77.187,0.0409
17.06.2019 19:36:00.000,77.188,77.288,77.187,77.288,0.0721
17.06.2019 19:37:00.000,77.287,77.288,77.218,77.237,0.1023
17.06.2019 19:38:00.000,77.237,77.238,77.217,77.238,0.0716
17.06.2019 19:39:00.000,77.237,77.238,77.197,77.218,0.0739
17.06.2019 19:40:00.000,77.228,77.248,77.197,77.198,0.0588
17.06.2019 19:41:00.000,77.198,77.208,77.138,77.138,0.1053
17.06.2019 19:42:00.000,77.138,77.168,77.137,77.148,0.066
17.06.2019 19:43:00.000,77.147,77.148,77.137,77.138,0.0784
17.06.2019 19:44:00.000,77.128,77.147,77.117,77.138,0.0715
17.06.2019 19:45:00.000,77.138,77.158,77.117,77.147,0.1297
17.06.2019 19:46:00.000,77.148,77.148,77.117,77.117,0.0615
17.06.2019 19:47:00.000,77.118,77.118,77.058,77.067,0.0619
17.06.2019 19:48:00.000,77.068,77.068,77.057,77.068,0.034
17.06.2019 19:49:00.000,77.067,77.068,77.027,77.027,0.0418
17.06.2019 19:50:00.000,77.028,77.028,76.947,76.978,0.2193
17.06.2019 19:51:00.000,76.978,76.998,76.967,76.967,0.1378
17.06.2019 19:52:00.000,76.977,76.998,76.977,76.988,0.1431
17.06.2019 19:53:00.000,76.987,77.008,76.957,76.958,0.1541
17.06.2019 19:54:00.000,76.957,77.008,76.888,76.908,0.1417
17.06.2019 19:55:00.000,76.908,76.938,76.887,76.908,0.2632
17.06.2019 19:56:00.000,76.907,76.978,76.887,76.978,0.2363
17.06.2019 19:57:00.000,76.977,77.008,76.947,76.948,0.2171
17.06.2019 19:58:00.000,76.948,76.948,76.908,76.908,0.3697
17.06.2019 19:59:00.000,76.908,76.928,76.817,76.907,0.4127
18.06.2019 13:30:00.000,77.158,77.707,77.157,77.588,0.0431
18.06.2019 13:31:00.000,77.587,77.708,77.577,77.608,0.09
18.06.2019 13:32:00.000,77.608,77.957,77.608,77.927,0.0762
18.06.2019 13:33:00.000,77.938,77.938,77.678,77.918,0.0861
18.06.2019 13:34:00.000,77.917,77.928,77.738,77.738,0.0988
18.06.2019 13:35:00.000,77.748,77.878,77.697,77.817,0.0587
18.06.2019 13:36:00.000,77.818,77.848,77.598,77.848,0.0961
18.06.2019 13:37:00.000,77.847,78.057,77.838,77.997,0.1141
18.06.2019 13:38:00.000,78.008,78.048,77.908,77.988,0.0163
18.06.2019 13:39:00.000,77.988,78.087,77.938,78.047,0.0492
18.06.2019 13:40:00.000,78.048,78.228,78.048,78.228,0.089
18.06.2019 13:41:00.000,78.227,78.407,78.187,78.407,0.0562
18.06.2019 13:42:00.000,78.408,78.518,78.368,78.457,0.0686
18.06.2019 13:43:00.000,78.447,78.498,78.447,78.478,0.025
18.06.2019 13:44:00.000,78.477,78.538,78.438,78.538,0.0668
18.06.2019 13:45:00.000,78.537,78.647,78.487,78.587,0.0591
18.06.2019 13:46:00.000,78.588,78.648,78.408,78.448,0.0479
18.06.2019 13:47:00.000,78.447,78.528,78.437,78.528,0.0858
18.06.2019 13:48:00.000,78.527,78.528,78.338,78.338,0.0272
18.06.2019 13:49:00.000,78.328,78.658,78.328,78.657,0.0622
18.06.2019 13:50:00.000,78.667,78.668,78.607,78.617,0.041
18.06.2019 13:51:00.000,78.677,78.738,78.558,78.738,0.151
18.06.2019 13:52:00.000,78.768,78.768,78.677,78.678,0.0726
18.06.2019 13:53:00.000,78.687,78.798,78.687,78.738,0.0658
18.06.2019 13:54:00.000,78.738,78.797,78.737,78.758,0.0283
18.06.2019 13:55:00.000,78.758,78.758,78.647,78.718,0.061
18.06.2019 13:56:00.000,78.727,78.758,78.648,78.668,0.0488
18.06.2019 13:57:00.000,78.668,78.668,78.568,78.578,0.0442
18.06.2019 13:58:00.000,78.577,78.628,78.577,78.608,0.0332
18.06.2019 13:59:00.000,78.627,78.698,78.598,78.598,0.1036
18.06.2019 14:00:00.000,78.597,78.597,78.458,78.518,0.0938
18.06.2019 14:01:00.000,78.518,78.578,78.497,78.498,0.1165
18.06.2019 14:02:00.000,78.498,78.498,78.357,78.398,0.0858
18.06.2019 14:03:00.000,78.397,78.438,78.328,78.357,0.0585
18.06.2019 14:04:00.000,78.357,78.568,78.268,78.547,0.1528
18.06.2019 14:05:00.000,78.548,78.608,78.378,78.388,0.2071
18.06.2019 14:06:00.000,78.388,78.388,78.167,78.167,0.0889
18.06.2019 14:07:00.000,78.167,78.167,78.118,78.127,0.0405
18.06.2019 14:08:00.000,78.128,78.148,78.048,78.048,0.0267
18.06.2019 14:09:00.000,78.037,78.037,77.888,77.888,0.0933
18.06.2019 14:10:00.000,77.898,77.978,77.888,77.888,0.0773
18.06.2019 14:11:00.000,77.888,77.978,77.887,77.938,0.0449
18.06.2019 14:12:00.000,77.937,77.938,77.897,77.908,0.0584
18.06.2019 14:13:00.000,77.908,77.978,77.827,77.948,0.0863
18.06.2019 14:14:00.000,77.948,77.958,77.818,77.827,0.0459
18.06.2019 14:15:00.000,77.828,77.828,77.747,77.758,0.1569
18.06.2019 14:16:00.000,77.758,77.828,77.707,77.788,0.1684
18.06.2019 14:17:00.000,77.788,77.788,77.738,77.747,0.1059
18.06.2019 14:18:00.000,77.747,77.758,77.697,77.718,0.0765
18.06.2019 14:19:00.000,77.717,77.778,77.697,77.777,0.0422
18.06.2019 14:20:00.000,77.778,77.788,77.628,77.638,0.0927
18.06.2019 14:21:00.000,77.618,77.618,77.488,77.488,0.1974
18.06.2019 14:22:00.000,77.497,77.658,77.497,77.498,0.1946
18.06.2019 14:23:00.000,77.498,77.498,77.418,77.448,0.1604
18.06.2019 14:24:00.000,77.457,77.608,77.457,77.528,0.0401
18.06.2019 14:25:00.000,77.537,77.588,77.517,77.577,0.0925
18.06.2019 14:26:00.000,77.587,77.688,77.587,77.668,0.0889
18.06.2019 14:27:00.000,77.688,77.838,77.687,77.818,0.0431
18.06.2019 14:28:00.000,77.818,77.898,77.818,77.887,0.0446
18.06.2019 14:29:00.000,77.887,77.978,77.847,77.977,0.1642
18.06.2019 14:30:00.000,77.988,78.128,77.988,78.088,0.1367
18.06.2019 14:31:00.000,78.087,78.178,78.087,78.128,0.0508
18.06.2019 14:32:00.000,78.127,78.197,78.118,78.168,0.044
18.06.2019 14:33:00.000,78.167,78.188,78.027,78.028,0.1288
18.06.2019 14:34:00.000,78.058,78.138,78.058,78.138,0.0263
18.06.2019 14:35:00.000,78.147,78.188,78.078,78.158,0.069
18.06.2019 14:36:00.000,78.158,78.158,77.998,78.008,0.0452
18.06.2019 14:37:00.000,78.007,78.128,78.007,78.108,0.0487
18.06.2019 14:38:00.000,78.117,78.158,77.987,78.008,0.1024
18.06.2019 14:39:00.000,78.008,78.008,77.887,77.968,0.0958
18.06.2019 14:40:00.000,77.938,77.978,77.898,77.978,0.0612
18.06.2019 14:41:00.000,78.018,78.068,78.017,78.068,0.0206
18.06.2019 14:42:00.000,78.068,78.078,77.918,77.918,0.0845
18.06.2019 14:43:00.000,77.938,77.978,77.918,77.928,0.0803
18.06.2019 14:44:00.000,77.928,77.978,77.928,77.938,0.074
18.06.2019 14:45:00.000,77.937,77.997,77.868,77.997,0.0953
18.06.2019 14:46:00.000,77.998,78.038,77.958,77.968,0.0771
18.06.2019 14:47:00.000,77.967,78.048,77.967,78.048,0.017
18.06.2019 14:48:00.000,78.068,78.198,78.068,78.167,0.0696
18.06.2019 14:49:00.000,78.177,78.178,78.107,78.138,0.1379
18.06.2019 14:50:00.000,78.148,78.168,78.018,78.018,0.2247
18.06.2019 14:51:00.000,78.017,78.028,77.968,77.968,0.0756
18.06.2019 14:52:00.000,77.967,77.967,77.908,77.948,0.0791
18.06.2019 14:53:00.000,77.968,78.058,77.968,78.058,0.0945
18.06.2019 14:54:00.000,78.057,78.098,78.057,78.088,0.0524
18.06.2019 14:55:00.000,78.098,78.168,78.088,78.167,0.0718
18.06.2019 14:56:00.000,78.168,78.178,78.137,78.178,0.065
18.06.2019 14:57:00.000,78.178,78.188,78.117,78.118,0.0796
18.06.2019 14:58:00.000,78.117,78.148,78.067,78.148,0.1231
18.06.2019 14:59:00.000,78.137,78.187,78.137,78.158,0.0951
18.06.2019 15:00:00.000,78.158,78.177,78.067,78.118,0.1591
18.06.2019 15:01:00.000,78.117,78.238,78.117,78.227,0.1344
18.06.2019 15:02:00.000,78.247,78.277,78.217,78.217,0.0873
18.06.2019 15:03:00.000,78.198,78.208,78.147,78.148,0.0511
18.06.2019 15:04:00.000,78.147,78.168,78.107,78.108,0.0727
18.06.2019 15:05:00.000,78.108,78.188,78.098,78.128,0.0838
18.06.2019 15:06:00.000,78.128,78.128,78.017,78.017,0.163
18.06.2019 15:07:00.000,78.018,78.038,77.988,77.988,0.1389
18.06.2019 15:08:00.000,77.988,78.078,77.958,78.047,0.1622
18.06.2019 15:09:00.000,78.048,78.068,78.028,78.038,0.1681
18.06.2019 15:10:00.000,78.037,78.057,77.968,77.977,0.221
18.06.2019 15:11:00.000,77.988,78.057,77.967,78.048,0.0779
18.06.2019 15:12:00.000,78.038,78.038,77.997,78.037,0.2039
18.06.2019 15:13:00.000,78.037,78.037,77.907,77.907,0.1198
18.06.2019 15:14:00.000,77.908,77.908,77.827,77.888,0.1101
18.06.2019 15:15:00.000,77.887,77.887,77.807,77.858,0.1211
18.06.2019 15:16:00.000,77.877,77.918,77.827,77.838,0.0852
18.06.2019 15:17:00.000,77.838,77.878,77.798,77.848,0.0745
18.06.2019 15:18:00.000,77.847,77.858,77.748,77.748,0.1437
18.06.2019 15:19:00.000,77.748,77.878,77.747,77.877,0.0763
18.06.2019 15:20:00.000,77.877,77.887,77.827,77.887,0.0737
18.06.2019 15:21:00.000,77.868,77.868,77.747,77.767,0.1801
18.06.2019 15:22:00.000,77.777,77.888,77.777,77.827,0.0902
18.06.2019 15:23:00.000,77.828,77.858,77.727,77.728,0.2652
18.06.2019 15:24:00.000,77.727,77.758,77.618,77.638,0.3441
18.06.2019 15:25:00.000,77.638,77.788,77.628,77.788,0.0716
18.06.2019 15:26:00.000,77.787,77.798,77.718,77.718,0.0623
18.06.2019 15:27:00.000,77.717,77.798,77.717,77.728,0.088
18.06.2019 15:28:00.000,77.718,77.768,77.697,77.698,0.0878
18.06.2019 15:29:00.000,77.707,77.768,77.698,77.767,0.1624
18.06.2019 15:30:00.000,77.777,77.778,77.717,77.768,0.2836
18.06.2019 15:31:00.000,77.767,77.818,77.767,77.788,0.049
18.06.2019 15:32:00.000,77.787,77.848,77.787,77.818,0.1647
18.06.2019 15:33:00.000,77.817,77.848,77.807,77.848,0.0273
18.06.2019 15:34:00.000,77.867,77.868,77.768,77.797,0.1502
18.06.2019 15:35:00.000,77.788,77.827,77.767,77.798,0.1158
18.06.2019 15:36:00.000,77.797,77.827,77.767,77.808,0.209
18.06.2019 15:37:00.000,77.808,77.808,77.738,77.748,0.2621
18.06.2019 15:38:00.000,77.738,77.787,77.728,77.787,0.1203
18.06.2019 15:39:00.000,77.787,77.837,77.728,77.837,0.0718
18.06.2019 15:40:00.000,77.837,77.908,77.837,77.877,0.1305
18.06.2019 15:41:00.000,77.878,77.918,77.867,77.867,0.1032
18.06.2019 15:42:00.000,77.868,77.898,77.867,77.888,0.05
18.06.2019 15:43:00.000,77.898,77.918,77.887,77.917,0.0521
18.06.2019 15:44:00.000,77.918,77.928,77.917,77.918,0.0407
18.06.2019 15:45:00.000,77.918,77.928,77.818,77.878,0.1315
18.06.2019 15:46:00.000,77.887,77.918,77.858,77.858,0.0546
18.06.2019 15:47:00.000,77.867,77.878,77.827,77.827,0.0469
18.06.2019 15:48:00.000,77.828,77.848,77.807,77.808,0.1922
18.06.2019 15:49:00.000,77.827,77.828,77.708,77.768,0.216
18.06.2019 15:50:00.000,77.767,77.798,77.767,77.787,0.1414
18.06.2019 15:51:00.000,77.787,77.798,77.647,77.668,0.0714
18.06.2019 15:52:00.000,77.668,77.718,77.667,77.698,0.1035
18.06.2019 15:53:00.000,77.698,77.728,77.618,77.688,0.2023
18.06.2019 15:54:00.000,77.688,77.838,77.688,77.828,0.0791
18.06.2019 15:55:00.000,77.827,77.888,77.827,77.868,0.0543
18.06.2019 15:56:00.000,77.868,77.868,77.728,77.728,0.0896
18.06.2019 15:57:00.000,77.728,77.808,77.727,77.807,0.1055
18.06.2019 15:58:00.000,77.808,77.817,77.727,77.808,0.0763
18.06.2019 15:59:00.000,77.817,77.858,77.797,77.858,0.0691
18.06.2019 16:00:00.000,77.888,77.918,77.837,77.918,0.2068
18.06.2019 16:01:00.000,77.918,77.918,77.807,77.878,0.1538
18.06.2019 16:02:00.000,77.877,77.877,77.788,77.828,0.132
18.06.2019 16:03:00.000,77.848,77.908,77.848,77.908,0.0617
18.06.2019 16:04:00.000,77.917,77.918,77.808,77.898,0.1128
18.06.2019 16:05:00.000,77.907,77.918,77.847,77.847,0.1313
18.06.2019 16:06:00.000,77.848,77.888,77.847,77.888,0.0162
18.06.2019 16:07:00.000,77.887,77.918,77.887,77.908,0.0302
18.06.2019 16:08:00.000,77.908,77.918,77.887,77.897,0.0417
18.06.2019 16:09:00.000,77.888,77.918,77.887,77.918,0.0675
18.06.2019 16:10:00.000,77.927,77.928,77.888,77.898,0.0518
18.06.2019 16:11:00.000,77.907,77.918,77.887,77.908,0.0785
18.06.2019 16:12:00.000,77.907,77.918,77.797,77.827,0.1116
18.06.2019 16:13:00.000,77.827,77.827,77.758,77.798,0.0627
18.06.2019 16:14:00.000,77.797,77.797,77.737,77.758,0.1605
18.06.2019 16:15:00.000,77.758,77.778,77.698,77.768,0.0808
18.06.2019 16:16:00.000,77.767,77.828,77.767,77.828,0.0436
18.06.2019 16:17:00.000,77.828,77.858,77.777,77.778,0.0744
18.06.2019 16:18:00.000,77.767,77.768,77.607,77.608,0.1266
18.06.2019 16:19:00.000,77.607,77.728,77.607,77.698,0.186
18.06.2019 16:20:00.000,77.698,77.808,77.698,77.807,0.0804
18.06.2019 16:21:00.000,77.808,77.808,77.717,77.758,0.2115
18.06.2019 16:22:00.000,77.758,77.858,77.758,77.768,0.1339
18.06.2019 16:23:00.000,77.758,77.858,77.757,77.838,0.0834
18.06.2019 16:24:00.000,77.828,77.868,77.797,77.858,0.1502
18.06.2019 16:25:00.000,77.878,77.888,77.828,77.878,0.0767
18.06.2019 16:26:00.000,77.898,77.918,77.847,77.918,0.1123
18.06.2019 16:27:00.000,77.917,78.008,77.917,77.988,0.1641
18.06.2019 16:28:00.000,77.988,78.078,77.967,78.018,0.1691
18.06.2019 16:29:00.000,77.997,78.008,77.937,77.948,0.0953
18.06.2019 16:30:00.000,77.948,77.988,77.897,77.988,0.0723
18.06.2019 16:31:00.000,77.988,77.988,77.908,77.918,0.0542
18.06.2019 16:32:00.000,77.918,77.918,77.868,77.917,0.098
18.06.2019 16:33:00.000,77.917,77.978,77.887,77.948,0.0735
18.06.2019 16:34:00.000,77.947,77.958,77.928,77.938,0.0987
18.06.2019 16:35:00.000,77.937,77.968,77.867,77.968,0.1334
18.06.2019 16:36:00.000,77.977,78.058,77.977,78.058,0.1432
18.06.2019 16:37:00.000,78.057,78.088,78.057,78.088,0.0556
18.06.2019 16:38:00.000,78.087,78.088,78.017,78.078,0.1736
18.06.2019 16:39:00.000,78.078,78.078,77.958,77.958,0.1244
18.06.2019 16:40:00.000,77.957,78.008,77.947,77.948,0.186
18.06.2019 16:41:00.000,77.958,77.997,77.957,77.978,0.1792
18.06.2019 16:42:00.000,77.977,78.038,77.977,78.038,0.0164
18.06.2019 16:43:00.000,78.038,78.048,77.997,78.017,0.0907
18.06.2019 16:44:00.000,78.017,78.048,77.998,78.018,0.0656
18.06.2019 16:45:00.000,78.018,78.068,77.977,78.038,0.0714
18.06.2019 16:46:00.000,78.037,78.068,78.028,78.068,0.0389
18.06.2019 16:47:00.000,78.068,78.138,78.067,78.138,0.0751
18.06.2019 16:48:00.000,78.138,78.158,78.137,78.158,0.039
18.06.2019 16:49:00.000,78.157,78.188,78.107,78.178,0.0785
18.06.2019 16:50:00.000,78.178,78.188,78.108,78.108,0.0492
18.06.2019 16:51:00.000,78.118,78.128,78.028,78.048,0.073
18.06.2019 16:52:00.000,78.047,78.118,78.047,78.078,0.0982
18.06.2019 16:53:00.000,78.078,78.078,78.017,78.028,0.0445
18.06.2019 16:54:00.000,78.018,78.098,77.967,78.098,0.0697
18.06.2019 16:55:00.000,78.097,78.138,78.048,78.048,0.0822
18.06.2019 16:56:00.000,78.057,78.088,78.047,78.047,0.0269
18.06.2019 16:57:00.000,78.048,78.068,78.037,78.038,0.0533
18.06.2019 16:58:00.000,78.038,78.048,78.037,78.038,0.0509
18.06.2019 16:59:00.000,78.038,78.078,78.017,78.077,0.0786
18.06.2019 17:00:00.000,78.078,78.078,77.958,77.997,0.2094
18.06.2019 17:01:00.000,77.998,78.048,77.987,77.988,0.0787
18.06.2019 17:02:00.000,77.968,77.988,77.938,77.948,0.0394
18.06.2019 17:03:00.000,77.938,78.028,77.938,78.018,0.0679
18.06.2019 17:04:00.000,78.018,78.048,77.908,77.908,0.1934
18.06.2019 17:05:00.000,77.897,77.948,77.817,77.888,0.2239
18.06.2019 17:06:00.000,77.888,77.968,77.887,77.958,0.05
18.06.2019 17:07:00.000,77.958,77.958,77.897,77.897,0.0653
18.06.2019 17:08:00.000,77.898,77.948,77.897,77.938,0.0948
18.06.2019 17:09:00.000,77.937,77.977,77.917,77.928,0.211
18.06.2019 17:10:00.000,77.928,77.998,77.908,77.998,0.171
18.06.2019 17:11:00.000,77.998,78.008,77.927,77.998,0.1068
18.06.2019 17:12:00.000,77.997,78.078,77.997,78.058,0.0277
18.06.2019 17:13:00.000,78.057,78.108,78.038,78.098,0.0445
18.06.2019 17:14:00.000,78.107,78.158,78.097,78.107,0.0783
18.06.2019 17:15:00.000,78.107,78.107,78.018,78.028,0.1312
18.06.2019 17:16:00.000,78.028,78.038,77.987,78.027,0.0892
18.06.2019 17:17:00.000,78.028,78.048,78.027,78.048,0.0385
18.06.2019 17:18:00.000,78.048,78.058,77.927,77.948,0.1747
18.06.2019 17:19:00.000,77.947,77.958,77.947,77.947,0.0206
18.06.2019 17:20:00.000,77.948,77.988,77.947,77.987,0.0582
18.06.2019 17:21:00.000,77.987,77.988,77.917,77.918,0.0775
18.06.2019 17:22:00.000,77.918,77.958,77.918,77.938,0.0309
18.06.2019 17:23:00.000,77.907,77.958,77.907,77.948,0.0564
18.06.2019 17:24:00.000,77.947,77.988,77.937,77.948,0.0824
18.06.2019 17:25:00.000,77.967,77.978,77.928,77.928,0.0402
18.06.2019 17:26:00.000,77.938,77.938,77.898,77.918,0.1365
18.06.2019 17:27:00.000,77.918,77.948,77.908,77.928,0.0807
18.06.2019 17:28:00.000,77.927,77.928,77.888,77.918,0.0165
18.06.2019 17:29:00.000,77.917,77.938,77.887,77.888,0.0384
18.06.2019 17:30:00.000,77.888,77.938,77.888,77.907,0.1271
18.06.2019 17:31:00.000,77.907,77.938,77.907,77.908,0.0323
18.06.2019 17:32:00.000,77.908,77.958,77.908,77.958,0.0457
18.06.2019 17:33:00.000,77.958,77.968,77.917,77.928,0.0746
18.06.2019 17:34:00.000,77.937,77.968,77.927,77.928,0.0249
18.06.2019 17:35:00.000,77.937,77.937,77.877,77.928,0.0928
18.06.2019 17:36:00.000,77.928,77.958,77.927,77.957,0.0098
18.06.2019 17:37:00.000,77.957,77.978,77.918,77.918,0.0901
18.06.2019 17:38:00.000,77.908,77.928,77.867,77.868,0.0934
18.06.2019 17:39:00.000,77.868,77.947,77.868,77.938,0.0274
18.06.2019 17:40:00.000,77.938,77.938,77.867,77.918,0.1018
18.06.2019 17:41:00.000,77.917,77.928,77.868,77.868,0.0699
18.06.2019 17:42:00.000,77.868,77.898,77.837,77.898,0.0698
18.06.2019 17:43:00.000,77.897,77.898,77.867,77.878,0.0147
18.06.2019 17:44:00.000,77.888,77.958,77.887,77.957,0.1424
18.06.2019 17:45:00.000,77.958,77.998,77.928,77.978,0.1217
18.06.2019 17:46:00.000,77.968,77.988,77.948,77.968,0.0639
18.06.2019 17:47:00.000,77.967,77.968,77.938,77.938,0.084
18.06.2019 17:48:00.000,77.938,77.948,77.897,77.898,0.0455
18.06.2019 17:49:00.000,77.918,77.958,77.907,77.958,0.0543
18.06.2019 17:50:00.000,77.958,77.958,77.937,77.958,0.0626
18.06.2019 17:51:00.000,77.978,77.978,77.968,77.977,0.0126
18.06.2019 17:52:00.000,77.978,78.018,77.967,78.008,0.0971
18.06.2019 17:53:00.000,78.008,78.028,77.968,78.008,0.0957
18.06.2019 17:54:00.000,78.008,78.038,77.978,77.988,0.1218
18.06.2019 17:55:00.000,77.988,78.028,77.968,78.027,0.0733
18.06.2019 17:56:00.000,78.028,78.058,78.007,78.057,0.0319
18.06.2019 17:57:00.000,78.067,78.067,78.027,78.038,0.0098
18.06.2019 17:58:00.000,78.038,78.038,78.017,78.017,0.0399
18.06.2019 17:59:00.000,78.017,78.058,78.017,78.058,0.089
18.06.2019 18:00:00.000,78.067,78.098,78.057,78.067,0.0808
18.06.2019 18:01:00.000,78.068,78.088,78.057,78.078,0.049
18.06.2019 18:02:00.000,78.068,78.077,78.037,78.038,0.1285
18.06.2019 18:03:00.000,78.047,78.048,78.017,78.018,0.0893
18.06.2019 18:04:00.000,78.017,78.058,77.968,77.968,0.0818
18.06.2019 18:05:00.000,77.968,77.968,77.908,77.928,0.1299
18.06.2019 18:06:00.000,77.928,77.988,77.927,77.967,0.0403
18.06.2019 18:07:00.000,77.967,77.978,77.927,77.928,0.0809
18.06.2019 18:08:00.000,77.927,78.008,77.927,78.008,0.1413
18.06.2019 18:09:00.000,78.008,78.048,77.987,78.018,0.1237
18.06.2019 18:10:00.000,78.018,78.018,77.918,77.948,0.1239
18.06.2019 18:11:00.000,77.948,77.988,77.947,77.948,0.0754
18.06.2019 18:12:00.000,77.947,77.988,77.947,77.948,0.0567
18.06.2019 18:13:00.000,77.938,77.978,77.928,77.928,0.0447
18.06.2019 18:14:00.000,77.927,78.008,77.918,77.998,0.1601
18.06.2019 18:15:00.000,77.998,78.008,77.977,77.998,0.093
18.06.2019 18:16:00.000,77.987,78.018,77.978,78.018,0.1402
18.06.2019 18:17:00.000,78.028,78.028,77.988,78.018,0.0486
18.06.2019 18:18:00.000,78.027,78.048,78.018,78.037,0.0469
18.06.2019 18:19:00.000,78.038,78.088,78.038,78.058,0.0462
18.06.2019 18:20:00.000,78.058,78.068,78.017,78.028,0.1436
18.06.2019 18:21:00.000,78.028,78.078,78.028,78.037,0.0356
18.06.2019 18:22:00.000,78.038,78.068,78.037,78.068,0.0185
18.06.2019 18:23:00.000,78.067,78.078,78.047,78.048,0.0557
18.06.2019 18:24:00.000,78.038,78.067,78.038,78.048,0.0106
18.06.2019 18:25:00.000,78.058,78.078,78.048,78.057,0.0249
18.06.2019 18:26:00.000,78.057,78.078,78.047,78.058,0.0645
18.06.2019 18:27:00.000,78.058,78.078,78.057,78.057,0.0629
18.06.2019 18:28:00.000,78.058,78.088,78.027,78.088,0.0801
18.06.2019 18:29:00.000,78.087,78.118,78.068,78.068,0.0663
18.06.2019 18:30:00.000,78.068,78.108,78.067,78.108,0.1037
18.06.2019 18:31:00.000,78.107,78.108,78.057,78.108,0.0771
18.06.2019 18:32:00.000,78.107,78.168,78.107,78.128,0.0635
18.06.2019 18:33:00.000,78.147,78.147,78.058,78.067,0.1255
18.06.2019 18:34:00.000,78.077,78.108,78.077,78.108,0.0818
18.06.2019 18:35:00.000,78.117,78.118,78.037,78.038,0.0225
18.06.2019 18:36:00.000,78.028,78.058,78.028,78.048,0.0454
18.06.2019 18:37:00.000,78.048,78.068,78.028,78.038,0.0902
18.06.2019 18:38:00.000,78.038,78.038,77.998,78.017,0.0556
18.06.2019 18:39:00.000,78.017,78.017,77.997,77.997,0.019
18.06.2019 18:40:00.000,77.998,78.007,77.927,77.928,0.1033
18.06.2019 18:41:00.000,77.937,77.958,77.937,77.948,0.0359
18.06.2019 18:42:00.000,77.958,77.988,77.957,77.978,0.0327
18.06.2019 18:43:00.000,77.977,78.008,77.958,77.968,0.0607
18.06.2019 18:44:00.000,77.967,77.967,77.948,77.958,0.004
18.06.2019 18:45:00.000,77.957,77.978,77.957,77.968,0.0918
18.06.2019 18:46:00.000,77.968,77.998,77.957,77.957,0.1072
18.06.2019 18:47:00.000,77.958,77.958,77.947,77.948,0.0086
18.06.2019 18:48:00.000,77.948,77.968,77.947,77.948,0.0455
18.06.2019 18:49:00.000,77.948,77.948,77.858,77.868,0.0515
18.06.2019 18:50:00.000,77.868,77.888,77.847,77.847,0.0803
18.06.2019 18:51:00.000,77.848,77.868,77.837,77.858,0.0678
18.06.2019 18:52:00.000,77.858,77.868,77.847,77.857,0.0171
18.06.2019 18:53:00.000,77.857,77.918,77.848,77.908,0.1107
18.06.2019 18:54:00.000,77.898,77.898,77.807,77.848,0.0659
18.06.2019 18:55:00.000,77.857,77.928,77.848,77.928,0.0789
18.06.2019 18:56:00.000,77.928,77.938,77.877,77.877,0.1206
18.06.2019 18:57:00.000,77.877,77.878,77.827,77.857,0.0907
18.06.2019 18:58:00.000,77.857,77.858,77.778,77.788,0.1073
18.06.2019 18:59:00.000,77.798,77.828,77.768,77.777,0.1268
18.06.2019 19:00:00.000,77.778,77.798,77.747,77.768,0.0737
18.06.2019 19:01:00.000,77.767,77.798,77.767,77.777,0.1122
18.06.2019 19:02:00.000,77.787,77.848,77.787,77.838,0.0373
18.06.2019 19:03:00.000,77.848,77.898,77.847,77.897,0.0708
18.06.2019 19:04:00.000,77.898,77.988,77.888,77.978,0.0605
18.06.2019 19:05:00.000,77.978,77.998,77.917,77.917,0.0751
18.06.2019 19:06:00.000,77.918,77.947,77.897,77.947,0.0894
18.06.2019 19:07:00.000,77.948,78.008,77.948,77.997,0.1003
18.06.2019 19:08:00.000,77.997,77.997,77.908,77.958,0.0801
18.06.2019 19:09:00.000,77.958,77.978,77.927,77.938,0.0629
18.06.2019 19:10:00.000,77.938,77.968,77.927,77.927,0.0584
18.06.2019 19:11:00.000,77.928,77.988,77.928,77.987,0.0754
18.06.2019 19:12:00.000,77.988,77.998,77.927,77.928,0.0628
18.06.2019 19:13:00.000,77.927,77.958,77.827,77.838,0.1009
18.06.2019 19:14:00.000,77.837,77.847,77.797,77.847,0.108
18.06.2019 19:15:00.000,77.847,77.858,77.768,77.768,0.1471
18.06.2019 19:16:00.000,77.798,77.828,77.787,77.828,0.0857
18.06.2019 19:17:00.000,77.827,77.878,77.808,77.878,0.1498
18.06.2019 19:18:00.000,77.877,77.908,77.867,77.868,0.035
18.06.2019 19:19:00.000,77.868,77.908,77.857,77.858,0.0464
18.06.2019 19:20:00.000,77.857,77.908,77.847,77.878,0.0689
18.06.2019 19:21:00.000,77.878,77.887,77.848,77.867,0.0484
18.06.2019 19:22:00.000,77.878,77.878,77.857,77.878,0.0693
18.06.2019 19:23:00.000,77.877,77.928,77.877,77.928,0.0806
18.06.2019 19:24:00.000,77.928,77.938,77.868,77.868,0.0588
18.06.2019 19:25:00.000,77.868,77.898,77.808,77.898,0.1518
18.06.2019 19:26:00.000,77.908,77.918,77.858,77.918,0.0932
18.06.2019 19:27:00.000,77.908,77.918,77.868,77.908,0.1153
18.06.2019 19:28:00.000,77.908,77.928,77.898,77.898,0.0926
18.06.2019 19:29:00.000,77.897,77.918,77.897,77.898,0.1803
18.06.2019 19:30:00.000,77.898,77.907,77.807,77.818,0.1845
18.06.2019 19:31:00.000,77.817,77.828,77.757,77.757,0.0987
18.06.2019 19:32:00.000,77.778,77.808,77.698,77.728,0.2347
18.06.2019 19:33:00.000,77.718,77.748,77.717,77.718,0.1301
18.06.2019 19:34:00.000,77.718,77.757,77.717,77.748,0.0215
18.06.2019 19:35:00.000,77.747,77.778,77.737,77.747,0.0911
18.06.2019 19:36:00.000,77.747,77.798,77.738,77.797,0.0948
18.06.2019 19:37:00.000,77.818,77.818,77.767,77.768,0.1457
18.06.2019 19:38:00.000,77.777,77.778,77.728,77.758,0.1918
18.06.2019 19:39:00.000,77.757,77.758,77.697,77.697,0.1452
18.06.2019 19:40:00.000,77.697,77.708,77.587,77.627,0.2614
18.06.2019 19:41:00.000,77.628,77.668,77.617,77.658,0.1457
18.06.2019 19:42:00.000,77.657,77.688,77.638,77.668,0.0653
18.06.2019 19:43:00.000,77.667,77.698,77.627,77.637,0.0991
18.06.2019 19:44:00.000,77.627,77.678,77.617,77.678,0.0736
18.06.2019 19:45:00.000,77.688,77.698,77.648,77.697,0.0864
18.06.2019 19:46:00.000,77.698,77.698,77.657,77.687,0.0479
18.06.2019 19:47:00.000,77.688,77.738,77.658,77.738,0.1482
18.06.2019 19:48:00.000,77.737,77.748,77.697,77.708,0.1573
18.06.2019 19:49:00.000,77.698,77.758,77.688,77.738,0.1928
18.06.2019 19:50:00.000,77.738,77.758,77.668,77.698,0.1872
18.06.2019 19:51:00.000,77.698,77.698,77.637,77.657,0.3093
18.06.2019 19:52:00.000,77.657,77.688,77.657,77.668,0.1437
18.06.2019 19:53:00.000,77.668,77.768,77.657,77.768,0.2595
18.06.2019 19:54:00.000,77.767,77.778,77.628,77.637,0.1698
18.06.2019 19:55:00.000,77.637,77.727,77.597,77.718,0.2866
18.06.2019 19:56:00.000,77.718,77.748,77.697,77.748,0.2667
18.06.2019 19:57:00.000,77.748,77.758,77.697,77.728,0.3636
18.06.2019 19:58:00.000,77.717,77.778,77.698,77.767,0.2105
18.06.2019 19:59:00.000,77.768,77.788,77.727,77.757,0.3738
19.06.2019 13:30:00.000,77.787,78.088,77.187,78.088,0.0815
19.06.2019 13:31:00.000,77.988,77.988,77.827,77.828,0.0795
19.06.2019 13:32:00.000,77.827,77.828,77.748,77.748,0.0996
19.06.2019 13:33:00.000,77.748,77.888,77.678,77.678,0.0643
19.06.2019 13:34:00.000,77.717,77.798,77.598,77.688,0.1149
19.06.2019 13:35:00.000,77.688,77.688,77.578,77.587,0.0724
19.06.2019 13:36:00.000,77.648,77.648,77.538,77.597,0.0391
19.06.2019 13:37:00.000,77.597,77.597,77.477,77.518,0.0556
19.06.2019 13:38:00.000,77.517,77.598,77.487,77.488,0.0771
19.06.2019 13:39:00.000,77.488,77.508,77.407,77.508,0.176
19.06.2019 13:40:00.000,77.507,77.558,77.438,77.557,0.0997
19.06.2019 13:41:00.000,77.558,77.718,77.557,77.697,0.1014
19.06.2019 13:42:00.000,77.697,77.758,77.598,77.658,0.1744
19.06.2019 13:43:00.000,77.658,77.688,77.628,77.678,0.1487
19.06.2019 13:44:00.000,77.697,77.828,77.697,77.728,0.1669
19.06.2019 13:45:00.000,77.757,77.778,77.667,77.668,0.1218
19.06.2019 13:46:00.000,77.668,77.668,77.578,77.657,0.0916
19.06.2019 13:47:00.000,77.658,77.708,77.647,77.658,0.0457
19.06.2019 13:48:00.000,77.648,77.668,77.607,77.618,0.1207
19.06.2019 13:49:00.000,77.627,77.738,77.608,77.618,0.1598
19.06.2019 13:50:00.000,77.618,77.658,77.577,77.658,0.1033
19.06.2019 13:51:00.000,77.647,77.807,77.647,77.758,0.2138
19.06.2019 13:52:00.000,77.758,77.867,77.758,77.837,0.1985
19.06.2019 13:53:00.000,77.838,77.857,77.758,77.838,0.1956
19.06.2019 13:54:00.000,77.838,77.838,77.758,77.788,0.1238
19.06.2019 13:55:00.000,77.808,77.867,77.787,77.797,0.2643
19.06.2019 13:56:00.000,77.797,77.797,77.707,77.767,0.1947
19.06.2019 13:57:00.000,77.757,77.827,77.738,77.788,0.2614
19.06.2019 13:58:00.000,77.797,77.908,77.777,77.858,0.131
19.06.2019 13:59:00.000,77.858,77.908,77.827,77.838,0.0912
19.06.2019 14:00:00.000,77.838,77.858,77.828,77.838,0.1014
19.06.2019 14:01:00.000,77.838,77.878,77.778,77.858,0.1852
19.06.2019 14:02:00.000,77.858,77.897,77.777,77.777,0.1415
19.06.2019 14:03:00.000,77.777,77.778,77.718,77.727,0.1692
19.06.2019 14:04:00.000,77.727,77.788,77.727,77.747,0.0839
19.06.2019 14:05:00.000,77.747,77.818,77.747,77.797,0.1089
19.06.2019 14:06:00.000,77.778,77.818,77.757,77.787,0.1283
19.06.2019 14:07:00.000,77.788,77.847,77.768,77.768,0.0977
19.06.2019 14:08:00.000,77.777,77.808,77.768,77.798,0.0665
19.06.2019 14:09:00.000,77.798,77.858,77.777,77.827,0.18
19.06.2019 14:10:00.000,77.828,77.888,77.817,77.888,0.0859
19.06.2019 14:11:00.000,77.898,77.898,77.818,77.818,0.0478
19.06.2019 14:12:00.000,77.817,77.898,77.817,77.897,0.0884
19.06.2019 14:13:00.000,77.897,77.897,77.818,77.818,0.0703
19.06.2019 14:14:00.000,77.817,77.928,77.787,77.888,0.058
19.06.2019 14:15:00.000,77.878,77.928,77.788,77.788,0.1234
19.06.2019 14:16:00.000,77.797,77.898,77.797,77.868,0.1413
19.06.2019 14:17:00.000,77.848,77.887,77.797,77.798,0.0315
19.06.2019 14:18:00.000,77.798,77.798,77.707,77.708,0.0506
19.06.2019 14:19:00.000,77.708,77.747,77.598,77.598,0.2112
19.06.2019 14:20:00.000,77.597,77.608,77.558,77.588,0.1298
19.06.2019 14:21:00.000,77.588,77.658,77.538,77.548,0.0698
19.06.2019 14:22:00.000,77.548,77.588,77.547,77.548,0.1085
19.06.2019 14:23:00.000,77.548,77.548,77.477,77.488,0.1389
19.06.2019 14:24:00.000,77.498,77.498,77.447,77.498,0.0768
19.06.2019 14:25:00.000,77.518,77.558,77.488,77.498,0.1215
19.06.2019 14:26:00.000,77.497,77.538,77.437,77.528,0.1694
19.06.2019 14:27:00.000,77.528,77.528,77.497,77.497,0.1272
19.06.2019 14:28:00.000,77.498,77.508,77.447,77.458,0.1008
19.06.2019 14:29:00.000,77.468,77.598,77.458,77.597,0.1129
19.06.2019 14:30:00.000,77.598,78.128,77.598,78.068,0.1796
19.06.2019 14:31:00.000,78.078,78.317,78.077,78.317,0.1414
19.06.2019 14:32:00.000,78.317,78.378,78.227,78.318,0.3429
19.06.2019 14:33:00.000,78.328,78.368,78.208,78.208,0.1863
19.06.2019 14:34:00.000,78.268,78.278,78.167,78.198,0.1358
19.06.2019 14:35:00.000,78.208,78.218,78.097,78.187,0.1103
19.06.2019 14:36:00.000,78.187,78.240,78.097,78.218,0.0878
19.06.2019 14:37:00.000,78.228,78.267,78.188,78.258,0.0384
19.06.2019 14:38:00.000,78.248,78.288,78.188,78.248,0.1191
19.06.2019 14:39:00.000,78.248,78.378,78.248,78.328,0.0649
19.06.2019 14:40:00.000,78.367,78.458,78.327,78.437,0.2021
19.06.2019 14:41:00.000,78.438,78.478,78.397,78.478,0.1187
19.06.2019 14:42:00.000,78.447,78.447,78.357,78.408,0.0401
19.06.2019 14:43:00.000,78.407,78.408,78.337,78.368,0.1436
19.06.2019 14:44:00.000,78.348,78.467,78.348,78.458,0.1023
19.06.2019 14:45:00.000,78.457,78.567,78.407,78.488,0.146
19.06.2019 14:46:00.000,78.477,78.527,78.418,78.488,0.1244
19.06.2019 14:47:00.000,78.487,78.518,78.428,78.468,0.195
19.06.2019 14:48:00.000,78.488,78.528,78.467,78.488,0.0606
19.06.2019 14:49:00.000,78.488,78.488,78.407,78.458,0.1015
19.06.2019 14:50:00.000,78.457,78.498,78.457,78.498,0.0646
19.06.2019 14:51:00.000,78.497,78.497,78.427,78.448,0.0163
19.06.2019 14:52:00.000,78.478,78.487,78.408,78.408,0.039
19.06.2019 14:53:00.000,78.398,78.428,78.397,78.417,0.114
19.06.2019 14:54:00.000,78.427,78.458,78.417,78.457,0.0535
19.06.2019 14:55:00.000,78.427,78.477,78.358,78.358,0.1323
19.06.2019 14:56:00.000,78.348,78.348,78.288,78.288,0.0862
19.06.2019 14:57:00.000,78.287,78.378,78.287,78.368,0.1153
19.06.2019 14:58:00.000,78.367,78.368,78.317,78.318,0.0397
19.06.2019 14:59:00.000,78.328,78.368,78.287,78.358,0.1151
19.06.2019 15:00:00.000,78.368,78.408,78.328,78.377,0.1528
19.06.2019 15:01:00.000,78.378,78.378,78.308,78.338,0.186
19.06.2019 15:02:00.000,78.328,78.388,78.297,78.298,0.1655
19.06.2019 15:03:00.000,78.297,78.308,78.227,78.248,0.1801
19.06.2019 15:04:00.000,78.248,78.328,78.228,78.297,0.1268
19.06.2019 15:05:00.000,78.298,78.298,78.177,78.178,0.1625
19.06.2019 15:06:00.000,78.208,78.258,78.208,78.248,0.1096
19.06.2019 15:07:00.000,78.258,78.268,78.207,78.228,0.1377
19.06.2019 15:08:00.000,78.227,78.228,78.168,78.208,0.0381
19.06.2019 15:09:00.000,78.208,78.208,78.187,78.188,0.0202
19.06.2019 15:10:00.000,78.188,78.297,78.187,78.288,0.0739
19.06.2019 15:11:00.000,78.308,78.367,78.308,78.358,0.0309
19.06.2019 15:12:00.000,78.358,78.438,78.337,78.398,0.1456
19.06.2019 15:13:00.000,78.398,78.458,78.397,78.428,0.0612
19.06.2019 15:14:00.000,78.427,78.528,78.397,78.528,0.0934
19.06.2019 15:15:00.000,78.518,78.597,78.517,78.588,0.0649
19.06.2019 15:16:00.000,78.588,78.627,78.567,78.568,0.1379
19.06.2019 15:17:00.000,78.567,78.608,78.528,78.577,0.1039
19.06.2019 15:18:00.000,78.578,78.578,78.527,78.558,0.0405
19.06.2019 15:19:00.000,78.558,78.558,78.497,78.518,0.0349
19.06.2019 15:20:00.000,78.517,78.607,78.517,78.597,0.0354
19.06.2019 15:21:00.000,78.598,78.598,78.488,78.488,0.0467
19.06.2019 15:22:00.000,78.478,78.478,78.348,78.388,0.097
19.06.2019 15:23:00.000,78.348,78.348,78.247,78.248,0.1251
19.06.2019 15:24:00.000,78.257,78.338,78.248,78.298,0.1581
19.06.2019 15:25:00.000,78.307,78.307,78.208,78.278,0.0577
19.06.2019 15:26:00.000,78.277,78.388,78.277,78.388,0.0507
19.06.2019 15:27:00.000,78.388,78.408,78.307,78.388,0.1621
19.06.2019 15:28:00.000,78.398,78.427,78.388,78.408,0.0323
19.06.2019 15:29:00.000,78.397,78.438,78.397,78.438,0.0646
19.06.2019 15:30:00.000,78.437,78.518,78.437,78.508,0.0576
19.06.2019 15:31:00.000,78.498,78.498,78.467,78.467,0.0093
19.06.2019 15:32:00.000,78.468,78.537,78.448,78.508,0.1277
19.06.2019 15:33:00.000,78.518,78.538,78.487,78.507,0.1106
19.06.2019 15:34:00.000,78.507,78.538,78.488,78.518,0.0843
19.06.2019 15:35:00.000,78.517,78.548,78.507,78.528,0.0463
19.06.2019 15:36:00.000,78.558,78.558,78.458,78.488,0.1381
19.06.2019 15:37:00.000,78.477,78.538,78.458,78.538,0.0384
19.06.2019 15:38:00.000,78.538,78.588,78.537,78.548,0.062
19.06.2019 15:39:00.000,78.558,78.598,78.547,78.548,0.0463
19.06.2019 15:40:00.000,78.547,78.548,78.467,78.548,0.1147
19.06.2019 15:41:00.000,78.547,78.618,78.547,78.608,0.0596
19.06.2019 15:42:00.000,78.608,78.628,78.588,78.627,0.0603
19.06.2019 15:43:00.000,78.617,78.647,78.607,78.608,0.1304
19.06.2019 15:44:00.000,78.617,78.658,78.607,78.647,0.0662
19.06.2019 15:45:00.000,78.638,78.638,78.608,78.628,0.013
19.06.2019 15:46:00.000,78.597,78.618,78.567,78.598,0.0645
19.06.2019 15:47:00.000,78.598,78.627,78.508,78.608,0.1006
19.06.2019 15:48:00.000,78.607,78.608,78.607,78.607,0.011
19.06.2019 15:49:00.000,78.608,78.658,78.578,78.617,0.1137
19.06.2019 15:50:00.000,78.618,78.638,78.598,78.638,0.0595
19.06.2019 15:51:00.000,78.637,78.637,78.548,78.598,0.143
19.06.2019 15:52:00.000,78.607,78.667,78.577,78.637,0.1498
19.06.2019 15:53:00.000,78.658,78.688,78.628,78.668,0.1027
19.06.2019 15:54:00.000,78.677,78.678,78.628,78.628,0.0172
19.06.2019 15:55:00.000,78.628,78.638,78.578,78.638,0.0803
19.06.2019 15:56:00.000,78.628,78.658,78.608,78.637,0.066
19.06.2019 15:57:00.000,78.628,78.657,78.597,78.648,0.0542
19.06.2019 15:58:00.000,78.648,78.687,78.627,78.678,0.0336
19.06.2019 15:59:00.000,78.677,78.717,78.637,78.648,0.0587
19.06.2019 16:00:00.000,78.647,78.698,78.637,78.637,0.1245
19.06.2019 16:01:00.000,78.638,78.728,78.638,78.728,0.0625
19.06.2019 16:02:00.000,78.728,78.728,78.667,78.698,0.0291
19.06.2019 16:03:00.000,78.697,78.697,78.628,78.688,0.1402
19.06.2019 16:04:00.000,78.688,78.718,78.667,78.678,0.0646
19.06.2019 16:05:00.000,78.678,78.708,78.668,78.688,0.169
19.06.2019 16:06:00.000,78.688,78.718,78.667,78.718,0.069
19.06.2019 16:07:00.000,78.717,78.717,78.647,78.698,0.1693
19.06.2019 16:08:00.000,78.708,78.728,78.687,78.687,0.0388
19.06.2019 16:09:00.000,78.678,78.678,78.587,78.587,0.0657
19.06.2019 16:10:00.000,78.588,78.588,78.567,78.577,0.0205
19.06.2019 16:11:00.000,78.578,78.578,78.557,78.568,0.0256
19.06.2019 16:12:00.000,78.568,78.568,78.518,78.548,0.1147
19.06.2019 16:13:00.000,78.548,78.558,78.528,78.548,0.0407
19.06.2019 16:14:00.000,78.557,78.578,78.508,78.508,0.068
19.06.2019 16:15:00.000,78.508,78.538,78.508,78.528,0.0706
19.06.2019 16:16:00.000,78.527,78.548,78.488,78.508,0.0347
19.06.2019 16:17:00.000,78.508,78.558,78.487,78.487,0.0857
19.06.2019 16:18:00.000,78.497,78.518,78.497,78.518,0.0484
19.06.2019 16:19:00.000,78.528,78.567,78.428,78.438,0.1128
19.06.2019 16:20:00.000,78.437,78.437,78.387,78.387,0.019
19.06.2019 16:21:00.000,78.368,78.388,78.348,78.348,0.0337
19.06.2019 16:22:00.000,78.348,78.388,78.308,78.377,0.1063
19.06.2019 16:23:00.000,78.378,78.398,78.377,78.378,0.0178
19.06.2019 16:24:00.000,78.367,78.428,78.357,78.428,0.0589
19.06.2019 16:25:00.000,78.438,78.438,78.407,78.437,0.0679
19.06.2019 16:26:00.000,78.437,78.537,78.418,78.498,0.1694
19.06.2019 16:27:00.000,78.507,78.548,78.468,78.468,0.084
19.06.2019 16:28:00.000,78.478,78.488,78.388,78.388,0.0897
19.06.2019 16:29:00.000,78.417,78.438,78.387,78.397,0.127
19.06.2019 16:30:00.000,78.388,78.418,78.357,78.357,0.0996
19.06.2019 16:31:00.000,78.358,78.408,78.357,78.368,0.0925
19.06.2019 16:32:00.000,78.368,78.408,78.357,78.367,0.0795
19.06.2019 16:33:00.000,78.388,78.388,78.357,78.367,0.0268
19.06.2019 16:34:00.000,78.368,78.378,78.357,78.368,0.0251
19.06.2019 16:35:00.000,78.367,78.367,78.307,78.307,0.026
19.06.2019 16:36:00.000,78.318,78.357,78.288,78.348,0.0999
19.06.2019 16:37:00.000,78.347,78.398,78.347,78.388,0.0586
19.06.2019 16:38:00.000,78.388,78.417,78.388,78.417,0.008
19.06.2019 16:39:00.000,78.427,78.478,78.427,78.477,0.0165
19.06.2019 16:40:00.000,78.477,78.477,78.407,78.407,0.0462
19.06.2019 16:41:00.000,78.408,78.418,78.408,78.418,0.0178
19.06.2019 16:42:00.000,78.417,78.458,78.417,78.458,0.0279
19.06.2019 16:43:00.000,78.458,78.468,78.457,78.468,0.0109
19.06.2019 16:44:00.000,78.467,78.467,78.447,78.448,0.0341
19.06.2019 16:45:00.000,78.447,78.458,78.437,78.448,0.0132
19.06.2019 16:46:00.000,78.458,78.468,78.447,78.448,0.0187
19.06.2019 16:47:00.000,78.438,78.448,78.387,78.448,0.0268
19.06.2019 16:48:00.000,78.447,78.458,78.447,78.457,0.0012
19.06.2019 16:49:00.000,78.457,78.508,78.438,78.508,0.0503
19.06.2019 16:50:00.000,78.508,78.508,78.457,78.468,0.0462
19.06.2019 16:51:00.000,78.467,78.508,78.467,78.508,0.0553
19.06.2019 16:52:00.000,78.498,78.507,78.438,78.438,0.0384
19.06.2019 16:53:00.000,78.428,78.428,78.407,78.418,0.0841
19.06.2019 16:54:00.000,78.417,78.428,78.388,78.418,0.0086
19.06.2019 16:55:00.000,78.417,78.418,78.397,78.398,0.0179
19.06.2019 16:56:00.000,78.398,78.448,78.397,78.448,0.0349
19.06.2019 16:57:00.000,78.447,78.448,78.447,78.448,0.0007
19.06.2019 16:58:00.000,78.458,78.458,78.407,78.438,0.0721
19.06.2019 16:59:00.000,78.437,78.498,78.437,78.498,0.0251
19.06.2019 17:00:00.000,78.518,78.618,78.467,78.618,0.1008
19.06.2019 17:01:00.000,78.617,78.678,78.597,78.597,0.0548
19.06.2019 17:02:00.000,78.588,78.588,78.548,78.568,0.0261
19.06.2019 17:03:00.000,78.548,78.558,78.518,78.518,0.0419
19.06.2019 17:04:00.000,78.517,78.518,78.468,78.477,0.1053
19.06.2019 17:05:00.000,78.477,78.477,78.447,78.457,0.0482
19.06.2019 17:06:00.000,78.458,78.468,78.428,78.438,0.0304
19.06.2019 17:07:00.000,78.448,78.478,78.418,78.418,0.0489
19.06.2019 17:08:00.000,78.408,78.468,78.408,78.448,0.0764
19.06.2019 17:09:00.000,78.447,78.468,78.428,78.458,0.0485
19.06.2019 17:10:00.000,78.468,78.488,78.458,78.458,0.0583
19.06.2019 17:11:00.000,78.458,78.488,78.458,78.468,0.0639
19.06.2019 17:12:00.000,78.478,78.498,78.457,78.468,0.0435
19.06.2019 17:13:00.000,78.458,78.458,78.457,78.458,0.0304
19.06.2019 17:14:00.000,78.467,78.478,78.458,78.458,0.0008
19.06.2019 17:15:00.000,78.458,78.508,78.458,78.508,0.0197
19.06.2019 17:16:00.000,78.518,78.528,78.477,78.528,0.0176
19.06.2019 17:17:00.000,78.518,78.538,78.507,78.518,0.0109
19.06.2019 17:18:00.000,78.518,78.527,78.487,78.508,0.0449
19.06.2019 17:19:00.000,78.527,78.538,78.507,78.537,0.0317
19.06.2019 17:20:00.000,78.548,78.598,78.538,78.548,0.0781
19.06.2019 17:21:00.000,78.568,78.568,78.518,78.518,0.086
19.06.2019 17:22:00.000,78.518,78.548,78.488,78.527,0.212
19.06.2019 17:23:00.000,78.528,78.557,78.517,78.547,0.0635
19.06.2019 17:24:00.000,78.548,78.608,78.547,78.577,0.0693
19.06.2019 17:25:00.000,78.567,78.608,78.567,78.608,0.027
19.06.2019 17:26:00.000,78.587,78.608,78.587,78.608,0.0014
19.06.2019 17:27:00.000,78.588,78.598,78.587,78.588,0.0098
19.06.2019 17:28:00.000,78.587,78.588,78.538,78.547,0.0538
19.06.2019 17:29:00.000,78.538,78.538,78.498,78.528,0.1049
19.06.2019 17:30:00.000,78.528,78.548,78.527,78.547,0.045
19.06.2019 17:31:00.000,78.548,78.637,78.548,78.608,0.0426
19.06.2019 17:32:00.000,78.607,78.638,78.607,78.617,0.0161
19.06.2019 17:33:00.000,78.628,78.648,78.627,78.647,0.0041
19.06.2019 17:34:00.000,78.648,78.708,78.647,78.707,0.0436
19.06.2019 17:35:00.000,78.708,78.797,78.707,78.788,0.0298
19.06.2019 17:36:00.000,78.787,78.828,78.767,78.808,0.0767
19.06.2019 17:37:00.000,78.818,78.828,78.807,78.818,0.0127
19.06.2019 17:38:00.000,78.827,78.828,78.807,78.808,0.0291
19.06.2019 17:39:00.000,78.808,78.808,78.787,78.798,0.093
19.06.2019 17:40:00.000,78.798,78.798,78.748,78.748,0.0556
19.06.2019 17:41:00.000,78.747,78.748,78.658,78.658,0.1184
19.06.2019 17:42:00.000,78.658,78.658,78.608,78.618,0.0767
19.06.2019 17:43:00.000,78.597,78.668,78.587,78.668,0.0497
19.06.2019 17:44:00.000,78.667,78.678,78.607,78.628,0.0488
19.06.2019 17:45:00.000,78.638,78.658,78.608,78.608,0.0237
19.06.2019 17:46:00.000,78.618,78.628,78.588,78.588,0.0343
19.06.2019 17:47:00.000,78.597,78.597,78.567,78.577,0.0567
19.06.2019 17:48:00.000,78.568,78.598,78.567,78.568,0.0343
19.06.2019 17:49:00.000,78.597,78.618,78.588,78.588,0.0799
19.06.2019 17:50:00.000,78.587,78.647,78.587,78.618,0.0346
19.06.2019 17:51:00.000,78.628,78.678,78.627,78.678,0.0651
19.06.2019 17:52:00.000,78.678,78.688,78.647,78.648,0.0568
19.06.2019 17:53:00.000,78.648,78.648,78.577,78.607,0.0887
19.06.2019 17:54:00.000,78.607,78.628,78.588,78.618,0.0909
19.06.2019 17:55:00.000,78.627,78.628,78.617,78.618,0.0157
19.06.2019 17:56:00.000,78.617,78.688,78.608,78.657,0.1289
19.06.2019 17:57:00.000,78.658,78.707,78.658,78.707,0.0008
19.06.2019 17:58:00.000,78.707,78.707,78.657,78.658,0.1354
19.06.2019 17:59:00.000,78.668,78.668,78.647,78.648,0.2065
19.06.2019 18:00:00.000,78.648,78.857,78.488,78.788,0.3937
19.06.2019 18:01:00.000,78.808,79.007,78.747,79.007,0.5072
19.06.2019 18:02:00.000,79.038,79.038,78.787,78.818,0.2591
19.06.2019 18:03:00.000,78.818,78.988,78.748,78.988,0.156
19.06.2019 18:04:00.000,78.987,79.008,78.947,78.977,0.0994
19.06.2019 18:05:00.000,78.978,78.998,78.937,78.948,0.1193
19.06.2019 18:06:00.000,78.947,78.948,78.858,78.858,0.05
19.06.2019 18:07:00.000,78.857,78.858,78.758,78.758,0.09
19.06.2019 18:08:00.000,78.718,78.748,78.548,78.548,0.0991
19.06.2019 18:09:00.000,78.548,78.667,78.537,78.587,0.1275
19.06.2019 18:10:00.000,78.588,78.647,78.567,78.647,0.0901
19.06.2019 18:11:00.000,78.657,78.718,78.617,78.698,0.1038
19.06.2019 18:12:00.000,78.708,78.848,78.708,78.718,0.1045
19.06.2019 18:13:00.000,78.698,78.837,78.678,78.718,0.1046
19.06.2019 18:14:00.000,78.718,78.788,78.668,78.698,0.0923
19.06.2019 18:15:00.000,78.698,78.788,78.698,78.738,0.0975
19.06.2019 18:16:00.000,78.748,78.748,78.677,78.708,0.0578
19.06.2019 18:17:00.000,78.718,78.728,78.677,78.678,0.119
19.06.2019 18:18:00.000,78.697,78.738,78.618,78.637,0.1525
19.06.2019 18:19:00.000,78.637,78.637,78.478,78.478,0.1213
19.06.2019 18:20:00.000,78.478,78.498,78.457,78.458,0.0415
19.06.2019 18:21:00.000,78.477,78.488,78.427,78.457,0.0364
19.06.2019 18:22:00.000,78.458,78.498,78.437,78.498,0.0239
19.06.2019 18:23:00.000,78.498,78.498,78.378,78.398,0.1285
19.06.2019 18:24:00.000,78.398,78.398,78.297,78.297,0.1267
19.06.2019 18:25:00.000,78.308,78.368,78.297,78.368,0.1094
19.06.2019 18:26:00.000,78.368,78.388,78.317,78.388,0.0645
19.06.2019 18:27:00.000,78.388,78.388,78.258,78.308,0.1197
19.06.2019 18:28:00.000,78.308,78.378,78.278,78.338,0.1434
19.06.2019 18:29:00.000,78.338,78.338,78.258,78.258,0.0517
19.06.2019 18:30:00.000,78.278,78.428,78.257,78.417,0.1529
19.06.2019 18:31:00.000,78.408,78.438,78.378,78.398,0.1103
19.06.2019 18:32:00.000,78.398,78.518,78.397,78.508,0.1288
19.06.2019 18:33:00.000,78.518,78.588,78.498,78.498,0.1063
19.06.2019 18:34:00.000,78.517,78.548,78.457,78.498,0.1065
19.06.2019 18:35:00.000,78.497,78.538,78.418,78.438,0.1884
19.06.2019 18:36:00.000,78.487,78.578,78.437,78.528,0.0643
19.06.2019 18:37:00.000,78.567,78.567,78.417,78.428,0.1472
19.06.2019 18:38:00.000,78.437,78.478,78.407,78.417,0.1101
19.06.2019 18:39:00.000,78.428,78.448,78.367,78.378,0.0834
19.06.2019 18:40:00.000,78.388,78.388,78.277,78.338,0.095
19.06.2019 18:41:00.000,78.358,78.437,78.357,78.397,0.2957
19.06.2019 18:42:00.000,78.398,78.458,78.388,78.408,0.0696
19.06.2019 18:43:00.000,78.398,78.498,78.357,78.498,0.0814
19.06.2019 18:44:00.000,78.528,78.568,78.468,78.527,0.157
19.06.2019 18:45:00.000,78.528,78.558,78.467,78.508,0.1296
19.06.2019 18:46:00.000,78.507,78.507,78.427,78.468,0.1602
19.06.2019 18:47:00.000,78.467,78.468,78.387,78.428,0.128
19.06.2019 18:48:00.000,78.418,78.508,78.418,78.438,0.145
19.06.2019 18:49:00.000,78.438,78.467,78.398,78.438,0.1539
19.06.2019 18:50:00.000,78.437,78.478,78.437,78.468,0.1434
19.06.2019 18:51:00.000,78.468,78.518,78.447,78.508,0.1079
19.06.2019 18:52:00.000,78.508,78.588,78.508,78.577,0.0662
19.06.2019 18:53:00.000,78.588,78.598,78.538,78.557,0.1513
19.06.2019 18:54:00.000,78.537,78.548,78.477,78.528,0.1406
19.06.2019 18:55:00.000,78.537,78.608,78.517,78.538,0.1351
19.06.2019 18:56:00.000,78.528,78.648,78.527,78.628,0.1514
19.06.2019 18:57:00.000,78.627,78.668,78.627,78.658,0.0846
19.06.2019 18:58:00.000,78.658,78.678,78.627,78.668,0.0643
19.06.2019 18:59:00.000,78.658,78.688,78.628,78.658,0.1275
19.06.2019 19:00:00.000,78.667,78.667,78.617,78.627,0.0532
19.06.2019 19:01:00.000,78.647,78.668,78.617,78.627,0.1698
19.06.2019 19:02:00.000,78.628,78.628,78.617,78.617,0.0029
19.06.2019 19:03:00.000,78.627,78.638,78.617,78.628,0.0865
19.06.2019 19:04:00.000,78.628,78.678,78.537,78.588,0.1425
19.06.2019 19:05:00.000,78.597,78.628,78.578,78.588,0.0702
19.06.2019 19:06:00.000,78.587,78.588,78.527,78.527,0.1238
19.06.2019 19:07:00.000,78.537,78.548,78.457,78.458,0.1597
19.06.2019 19:08:00.000,78.467,78.518,78.447,78.518,0.0584
19.06.2019 19:09:00.000,78.517,78.598,78.517,78.547,0.0808
19.06.2019 19:10:00.000,78.548,78.578,78.527,78.548,0.1092
19.06.2019 19:11:00.000,78.557,78.568,78.547,78.567,0.0468
19.06.2019 19:12:00.000,78.568,78.638,78.557,78.638,0.1361
19.06.2019 19:13:00.000,78.637,78.648,78.607,78.618,0.0734
19.06.2019 19:14:00.000,78.617,78.658,78.617,78.628,0.0761
19.06.2019 19:15:00.000,78.638,78.668,78.617,78.618,0.1042
19.06.2019 19:16:00.000,78.617,78.628,78.567,78.568,0.1438
19.06.2019 19:17:00.000,78.567,78.578,78.508,78.558,0.1873
19.06.2019 19:18:00.000,78.558,78.588,78.557,78.588,0.0908
19.06.2019 19:19:00.000,78.587,78.618,78.548,78.558,0.1458
19.06.2019 19:20:00.000,78.548,78.568,78.517,78.517,0.093
19.06.2019 19:21:00.000,78.517,78.558,78.488,78.537,0.1642
19.06.2019 19:22:00.000,78.538,78.608,78.537,78.588,0.0433
19.06.2019 19:23:00.000,78.587,78.618,78.587,78.598,0.0636
19.06.2019 19:24:00.000,78.618,78.618,78.547,78.567,0.1243
19.06.2019 19:25:00.000,78.568,78.568,78.517,78.547,0.1416
19.06.2019 19:26:00.000,78.548,78.598,78.548,78.567,0.0864
19.06.2019 19:27:00.000,78.568,78.568,78.448,78.458,0.0615
19.06.2019 19:28:00.000,78.458,78.498,78.447,78.488,0.0651
19.06.2019 19:29:00.000,78.487,78.518,78.447,78.448,0.1007
19.06.2019 19:30:00.000,78.448,78.518,78.428,78.498,0.15
19.06.2019 19:31:00.000,78.508,78.508,78.438,78.438,0.1043
19.06.2019 19:32:00.000,78.437,78.438,78.357,78.367,0.1203
19.06.2019 19:33:00.000,78.368,78.398,78.347,78.347,0.112
19.06.2019 19:34:00.000,78.348,78.368,78.287,78.347,0.1674
19.06.2019 19:35:00.000,78.348,78.348,78.238,78.278,0.2274
19.06.2019 19:36:00.000,78.278,78.348,78.258,78.347,0.0851
19.06.2019 19:37:00.000,78.348,78.358,78.288,78.288,0.1146
19.06.2019 19:38:00.000,78.287,78.308,78.268,78.297,0.108
19.06.2019 19:39:00.000,78.297,78.308,78.248,78.258,0.2128
19.06.2019 19:40:00.000,78.257,78.308,78.257,78.278,0.1486
19.06.2019 19:41:00.000,78.277,78.317,78.237,78.308,0.1469
19.06.2019 19:42:00.000,78.308,78.368,78.298,78.298,0.2244
19.06.2019 19:43:00.000,78.297,78.298,78.217,78.217,0.1674
19.06.2019 19:44:00.000,78.217,78.217,78.138,78.138,0.1576
19.06.2019 19:45:00.000,78.137,78.218,78.128,78.217,0.2209
19.06.2019 19:46:00.000,78.218,78.238,78.177,78.208,0.0969
19.06.2019 19:47:00.000,78.218,78.258,78.207,78.218,0.0739
19.06.2019 19:48:00.000,78.227,78.238,78.197,78.198,0.1434
19.06.2019 19:49:00.000,78.197,78.197,78.137,78.137,0.1296
19.06.2019 19:50:00.000,78.138,78.188,78.048,78.048,0.1829
19.06.2019 19:51:00.000,78.047,78.088,78.007,78.088,0.1529
19.06.2019 19:52:00.000,78.098,78.098,77.997,78.008,0.1823
19.06.2019 19:53:00.000,78.018,78.078,78.008,78.008,0.0515
19.06.2019 19:54:00.000,78.008,78.068,77.978,77.978,0.1268
19.06.2019 19:55:00.000,77.978,78.038,77.977,78.027,0.2009
19.06.2019 19:56:00.000,78.018,78.038,77.977,77.978,0.2152
19.06.2019 19:57:00.000,77.987,78.028,77.987,78.028,0.2294
19.06.2019 19:58:00.000,78.038,78.098,78.037,78.068,0.328
19.06.2019 19:59:00.000,78.067,78.228,78.048,78.098,0.6415
20.06.2019 13:30:00.000,79.528,79.627,78.987,79.627,0.017
20.06.2019 13:31:00.000,79.758,79.768,79.127,79.698,0.0404
20.06.2019 13:32:00.000,79.697,79.877,79.597,79.877,0.0724
20.06.2019 13:33:00.000,79.878,80.287,79.878,79.958,0.1002
20.06.2019 13:34:00.000,79.957,79.988,79.668,79.678,0.0855
20.06.2019 13:35:00.000,79.678,79.728,79.618,79.638,0.0935
20.06.2019 13:36:00.000,79.568,79.968,79.557,79.968,0.1808
20.06.2019 13:37:00.000,79.917,79.968,79.738,79.748,0.1177
20.06.2019 13:38:00.000,79.747,80.078,79.747,80.028,0.1646
20.06.2019 13:39:00.000,80.038,80.268,80.007,80.268,0.1829
20.06.2019 13:40:00.000,80.268,80.507,80.247,80.507,0.1905
20.06.2019 13:41:00.000,80.507,80.578,80.208,80.227,0.1978
20.06.2019 13:42:00.000,80.228,80.368,80.228,80.368,0.0586
20.06.2019 13:43:00.000,80.348,80.348,79.987,79.988,0.231
20.06.2019 13:44:00.000,79.998,80.027,79.867,80.027,0.2028
20.06.2019 13:45:00.000,80.048,80.257,80.008,80.037,0.1371
20.06.2019 13:46:00.000,80.038,80.048,79.878,79.987,0.1779
20.06.2019 13:47:00.000,79.998,80.118,79.907,79.927,0.1848
20.06.2019 13:48:00.000,79.927,80.008,79.927,79.938,0.0978
20.06.2019 13:49:00.000,79.938,79.957,79.787,79.888,0.2675
20.06.2019 13:50:00.000,79.887,80.018,79.887,80.018,0.124
20.06.2019 13:51:00.000,80.017,80.088,79.907,79.918,0.1278
20.06.2019 13:52:00.000,79.928,79.968,79.837,79.868,0.2052
20.06.2019 13:53:00.000,79.867,79.978,79.797,79.967,0.1809
20.06.2019 13:54:00.000,79.957,79.988,79.808,79.958,0.194
20.06.2019 13:55:00.000,79.928,79.928,79.807,79.828,0.171
20.06.2019 13:56:00.000,79.828,79.978,79.778,79.918,0.1545
20.06.2019 13:57:00.000,79.888,80.018,79.887,80.018,0.123
20.06.2019 13:58:00.000,80.018,80.158,80.007,80.138,0.1348
20.06.2019 13:59:00.000,80.138,80.147,79.877,79.877,0.1771
20.06.2019 14:00:00.000,79.927,80.008,79.877,79.958,0.1512
20.06.2019 14:01:00.000,79.958,79.988,79.877,79.957,0.1231
20.06.2019 14:02:00.000,79.957,80.138,79.957,80.137,0.0999
20.06.2019 14:03:00.000,80.137,80.198,80.047,80.047,0.1501
20.06.2019 14:04:00.000,80.048,80.048,79.868,79.918,0.2898
20.06.2019 14:05:00.000,79.928,79.978,79.917,79.918,0.0889
20.06.2019 14:06:00.000,79.917,79.997,79.797,79.797,0.1241
20.06.2019 14:07:00.000,79.797,79.928,79.778,79.858,0.1631
20.06.2019 14:08:00.000,79.858,79.918,79.807,79.888,0.1763
20.06.2019 14:09:00.000,79.888,79.957,79.868,79.888,0.0895
20.06.2019 14:10:00.000,79.887,79.968,79.887,79.947,0.0642
20.06.2019 14:11:00.000,79.948,79.948,79.887,79.897,0.1295
20.06.2019 14:12:00.000,79.898,79.917,79.678,79.678,0.1909
20.06.2019 14:13:00.000,79.677,79.677,79.607,79.618,0.0847
20.06.2019 14:14:00.000,79.618,79.678,79.528,79.548,0.146
20.06.2019 14:15:00.000,79.547,79.678,79.547,79.668,0.1258
20.06.2019 14:16:00.000,79.668,79.668,79.547,79.628,0.1402
20.06.2019 14:17:00.000,79.628,79.677,79.577,79.608,0.1638
20.06.2019 14:18:00.000,79.618,79.678,79.527,79.558,0.1852
20.06.2019 14:19:00.000,79.557,79.578,79.497,79.498,0.0623
20.06.2019 14:20:00.000,79.507,79.518,79.388,79.388,0.2298
20.06.2019 14:21:00.000,79.397,79.537,79.397,79.448,0.1085
20.06.2019 14:22:00.000,79.447,79.528,79.398,79.398,0.127
20.06.2019 14:23:00.000,79.378,79.478,79.368,79.387,0.1212
20.06.2019 14:24:00.000,79.387,79.448,79.307,79.448,0.1241
20.06.2019 14:25:00.000,79.448,79.608,79.447,79.608,0.0935
20.06.2019 14:26:00.000,79.607,79.667,79.578,79.638,0.0984
20.06.2019 14:27:00.000,79.638,79.708,79.577,79.708,0.0441
20.06.2019 14:28:00.000,79.677,79.808,79.677,79.798,0.1146
20.06.2019 14:29:00.000,79.798,79.808,79.708,79.708,0.0485
20.06.2019 14:30:00.000,79.737,79.788,79.608,79.628,0.1366
20.06.2019 14:31:00.000,79.627,79.727,79.627,79.718,0.0559
20.06.2019 14:32:00.000,79.737,79.758,79.668,79.707,0.1351
20.06.2019 14:33:00.000,79.707,79.778,79.707,79.777,0.0406
20.06.2019 14:34:00.000,79.777,79.828,79.767,79.828,0.1531
20.06.2019 14:35:00.000,79.837,79.977,79.837,79.967,0.1382
20.06.2019 14:36:00.000,79.968,79.978,79.858,79.888,0.0975
20.06.2019 14:37:00.000,79.898,79.917,79.848,79.867,0.1377
20.06.2019 14:38:00.000,79.867,79.898,79.777,79.858,0.0938
20.06.2019 14:39:00.000,79.838,79.867,79.827,79.848,0.0885
20.06.2019 14:40:00.000,79.857,79.877,79.668,79.678,0.2862
20.06.2019 14:41:00.000,79.697,79.798,79.697,79.768,0.1027
20.06.2019 14:42:00.000,79.767,79.808,79.757,79.808,0.0955
20.06.2019 14:43:00.000,79.828,79.868,79.768,79.777,0.1074
20.06.2019 14:44:00.000,79.778,79.778,79.637,79.658,0.1203
20.06.2019 14:45:00.000,79.657,79.708,79.597,79.687,0.1474
20.06.2019 14:46:00.000,79.697,79.718,79.647,79.668,0.1287
20.06.2019 14:47:00.000,79.667,79.807,79.667,79.748,0.1348
20.06.2019 14:48:00.000,79.748,79.797,79.748,79.768,0.0318
20.06.2019 14:49:00.000,79.777,79.868,79.767,79.858,0.0781
20.06.2019 14:50:00.000,79.868,79.928,79.828,79.928,0.1642
20.06.2019 14:51:00.000,79.908,79.908,79.777,79.788,0.1018
20.06.2019 14:52:00.000,79.777,79.778,79.638,79.697,0.1357
20.06.2019 14:53:00.000,79.688,79.808,79.688,79.808,0.1366
20.06.2019 14:54:00.000,79.828,79.868,79.788,79.818,0.1677
20.06.2019 14:55:00.000,79.808,79.818,79.698,79.708,0.1331
20.06.2019 14:56:00.000,79.707,79.748,79.698,79.747,0.1415
20.06.2019 14:57:00.000,79.748,79.748,79.687,79.688,0.1702
20.06.2019 14:58:00.000,79.698,79.737,79.617,79.628,0.0517
20.06.2019 14:59:00.000,79.628,79.648,79.548,79.558,0.1615
20.06.2019 15:00:00.000,79.567,79.648,79.557,79.618,0.1154
20.06.2019 15:01:00.000,79.658,79.688,79.657,79.688,0.1312
20.06.2019 15:02:00.000,79.687,79.788,79.678,79.738,0.0666
20.06.2019 15:03:00.000,79.738,79.768,79.697,79.708,0.0633
20.06.2019 15:04:00.000,79.698,79.708,79.607,79.698,0.1256
20.06.2019 15:05:00.000,79.698,79.708,79.647,79.657,0.0781
20.06.2019 15:06:00.000,79.658,79.678,79.607,79.607,0.0811
20.06.2019 15:07:00.000,79.608,79.658,79.547,79.547,0.0913
20.06.2019 15:08:00.000,79.548,79.637,79.537,79.637,0.1728
20.06.2019 15:09:00.000,79.638,79.687,79.588,79.588,0.1013
20.06.2019 15:10:00.000,79.587,79.638,79.568,79.568,0.1395
20.06.2019 15:11:00.000,79.558,79.628,79.528,79.608,0.0528
20.06.2019 15:12:00.000,79.607,79.608,79.508,79.537,0.1639
20.06.2019 15:13:00.000,79.537,79.568,79.528,79.538,0.0888
20.06.2019 15:14:00.000,79.548,79.588,79.508,79.578,0.1386
20.06.2019 15:15:00.000,79.578,79.578,79.507,79.518,0.0964
20.06.2019 15:16:00.000,79.508,79.538,79.487,79.507,0.097
20.06.2019 15:17:00.000,79.507,79.537,79.467,79.488,0.1112
20.06.2019 15:18:00.000,79.487,79.518,79.458,79.498,0.1066
20.06.2019 15:19:00.000,79.508,79.518,79.447,79.458,0.0971
20.06.2019 15:20:00.000,79.468,79.518,79.448,79.448,0.1071
20.06.2019 15:21:00.000,79.447,79.518,79.418,79.507,0.1546
20.06.2019 15:22:00.000,79.508,79.528,79.427,79.488,0.1048
20.06.2019 15:23:00.000,79.498,79.558,79.487,79.548,0.0608
20.06.2019 15:24:00.000,79.548,79.618,79.538,79.608,0.0736
20.06.2019 15:25:00.000,79.608,79.618,79.528,79.558,0.0477
20.06.2019 15:26:00.000,79.548,79.637,79.548,79.567,0.1309
20.06.2019 15:27:00.000,79.568,79.618,79.548,79.558,0.1609
20.06.2019 15:28:00.000,79.558,79.578,79.527,79.578,0.1392
20.06.2019 15:29:00.000,79.577,79.598,79.528,79.538,0.0396
20.06.2019 15:30:00.000,79.528,79.658,79.518,79.658,0.1189
20.06.2019 15:31:00.000,79.658,79.688,79.658,79.668,0.0554
20.06.2019 15:32:00.000,79.668,79.668,79.607,79.628,0.1127
20.06.2019 15:33:00.000,79.627,79.668,79.558,79.668,0.1624
20.06.2019 15:34:00.000,79.667,79.698,79.648,79.667,0.0618
20.06.2019 15:35:00.000,79.677,79.707,79.617,79.707,0.1313
20.06.2019 15:36:00.000,79.707,79.717,79.658,79.658,0.0735
20.06.2019 15:37:00.000,79.658,79.658,79.608,79.628,0.0271
20.06.2019 15:38:00.000,79.627,79.668,79.598,79.648,0.0697
20.06.2019 15:39:00.000,79.637,79.658,79.637,79.648,0.0377
20.06.2019 15:40:00.000,79.658,79.698,79.647,79.678,0.0447
20.06.2019 15:41:00.000,79.678,79.698,79.638,79.648,0.0599
20.06.2019 15:42:00.000,79.648,79.648,79.617,79.637,0.0678
20.06.2019 15:43:00.000,79.648,79.707,79.648,79.698,0.087
20.06.2019 15:44:00.000,79.697,79.708,79.667,79.697,0.0958
20.06.2019 15:45:00.000,79.688,79.738,79.677,79.707,0.128
20.06.2019 15:46:00.000,79.707,79.708,79.678,79.708,0.0782
20.06.2019 15:47:00.000,79.718,79.768,79.717,79.758,0.0326
20.06.2019 15:48:00.000,79.767,79.788,79.747,79.757,0.0511
20.06.2019 15:49:00.000,79.758,79.808,79.677,79.788,0.0883
20.06.2019 15:50:00.000,79.788,79.828,79.787,79.818,0.0733
20.06.2019 15:51:00.000,79.818,79.858,79.788,79.857,0.0708
20.06.2019 15:52:00.000,79.858,79.898,79.857,79.858,0.1071
20.06.2019 15:53:00.000,79.878,79.898,79.847,79.857,0.0539
20.06.2019 15:54:00.000,79.857,79.857,79.817,79.838,0.0933
20.06.2019 15:55:00.000,79.838,79.838,79.808,79.808,0.0559
20.06.2019 15:56:00.000,79.828,79.887,79.828,79.887,0.1025
20.06.2019 15:57:00.000,79.888,79.918,79.877,79.887,0.0837
20.06.2019 15:58:00.000,79.888,79.888,79.827,79.827,0.0205
20.06.2019 15:59:00.000,79.827,79.828,79.717,79.757,0.1104
20.06.2019 16:00:00.000,79.748,79.758,79.707,79.717,0.1413
20.06.2019 16:01:00.000,79.728,79.738,79.667,79.667,0.0875
20.06.2019 16:02:00.000,79.668,79.698,79.628,79.678,0.1527
20.06.2019 16:03:00.000,79.678,79.718,79.618,79.708,0.1668
20.06.2019 16:04:00.000,79.708,79.758,79.648,79.678,0.1401
20.06.2019 16:05:00.000,79.677,79.757,79.667,79.668,0.1075
20.06.2019 16:06:00.000,79.667,79.708,79.657,79.668,0.0673
20.06.2019 16:07:00.000,79.668,79.668,79.637,79.638,0.041
20.06.2019 16:08:00.000,79.628,79.638,79.587,79.588,0.0565
20.06.2019 16:09:00.000,79.587,79.608,79.538,79.568,0.0691
20.06.2019 16:10:00.000,79.558,79.558,79.447,79.477,0.1504
20.06.2019 16:11:00.000,79.477,79.538,79.457,79.478,0.1438
20.06.2019 16:12:00.000,79.467,79.478,79.417,79.468,0.1424
20.06.2019 16:13:00.000,79.468,79.468,79.377,79.388,0.0993
20.06.2019 16:14:00.000,79.387,79.387,79.318,79.347,0.0516
20.06.2019 16:15:00.000,79.338,79.378,79.297,79.348,0.1571
20.06.2019 16:16:00.000,79.348,79.357,79.308,79.308,0.1138
20.06.2019 16:17:00.000,79.318,79.378,79.317,79.348,0.136
20.06.2019 16:18:00.000,79.348,79.357,79.297,79.348,0.1103
20.06.2019 16:19:00.000,79.348,79.358,79.287,79.358,0.0745
20.06.2019 16:20:00.000,79.348,79.398,79.327,79.388,0.0399
20.06.2019 16:21:00.000,79.397,79.408,79.328,79.378,0.1898
20.06.2019 16:22:00.000,79.378,79.398,79.347,79.378,0.0477
20.06.2019 16:23:00.000,79.378,79.388,79.347,79.348,0.0671
20.06.2019 16:24:00.000,79.358,79.408,79.328,79.368,0.146
20.06.2019 16:25:00.000,79.377,79.388,79.347,79.358,0.115
20.06.2019 16:26:00.000,79.368,79.468,79.368,79.428,0.1985
20.06.2019 16:27:00.000,79.408,79.447,79.387,79.447,0.0806
20.06.2019 16:28:00.000,79.447,79.468,79.347,79.347,0.0855
20.06.2019 16:29:00.000,79.358,79.358,79.288,79.298,0.0319
20.06.2019 16:30:00.000,79.297,79.348,79.297,79.328,0.0887
20.06.2019 16:31:00.000,79.327,79.397,79.318,79.397,0.1067
20.06.2019 16:32:00.000,79.397,79.418,79.358,79.358,0.0568
20.06.2019 16:33:00.000,79.358,79.358,79.308,79.327,0.0609
20.06.2019 16:34:00.000,79.328,79.378,79.298,79.298,0.11
20.06.2019 16:35:00.000,79.297,79.348,79.287,79.347,0.0888
20.06.2019 16:36:00.000,79.348,79.408,79.307,79.378,0.075
20.06.2019 16:37:00.000,79.358,79.377,79.327,79.368,0.1833
20.06.2019 16:38:00.000,79.378,79.388,79.297,79.298,0.0512
20.06.2019 16:39:00.000,79.308,79.338,79.297,79.328,0.1458
20.06.2019 16:40:00.000,79.317,79.348,79.298,79.307,0.112
20.06.2019 16:41:00.000,79.317,79.348,79.307,79.317,0.0809
20.06.2019 16:42:00.000,79.317,79.377,79.297,79.368,0.0739
20.06.2019 16:43:00.000,79.368,79.378,79.347,79.368,0.0772
20.06.2019 16:44:00.000,79.397,79.428,79.377,79.378,0.0781
20.06.2019 16:45:00.000,79.378,79.418,79.348,79.418,0.082
20.06.2019 16:46:00.000,79.428,79.458,79.397,79.437,0.1381
20.06.2019 16:47:00.000,79.468,79.498,79.428,79.428,0.1669
20.06.2019 16:48:00.000,79.427,79.468,79.377,79.408,0.0888
20.06.2019 16:49:00.000,79.398,79.408,79.377,79.378,0.0652
20.06.2019 16:50:00.000,79.377,79.428,79.367,79.428,0.0216
20.06.2019 16:51:00.000,79.427,79.438,79.407,79.438,0.0582
20.06.2019 16:52:00.000,79.428,79.438,79.387,79.437,0.0733
20.06.2019 16:53:00.000,79.437,79.448,79.388,79.438,0.0552
20.06.2019 16:54:00.000,79.438,79.448,79.408,79.428,0.0507
20.06.2019 16:55:00.000,79.428,79.448,79.397,79.427,0.1189
20.06.2019 16:56:00.000,79.428,79.448,79.407,79.438,0.0686
20.06.2019 16:57:00.000,79.438,79.508,79.428,79.467,0.0823
20.06.2019 16:58:00.000,79.487,79.548,79.467,79.517,0.1251
20.06.2019 16:59:00.000,79.518,79.617,79.518,79.567,0.1023
20.06.2019 17:00:00.000,79.577,79.628,79.567,79.608,0.0733
20.06.2019 17:01:00.000,79.608,79.648,79.598,79.618,0.064
20.06.2019 17:02:00.000,79.628,79.638,79.597,79.607,0.071
20.06.2019 17:03:00.000,79.608,79.678,79.608,79.658,0.1299
20.06.2019 17:04:00.000,79.658,79.668,79.638,79.638,0.0481
20.06.2019 17:05:00.000,79.648,79.668,79.618,79.648,0.0386
20.06.2019 17:06:00.000,79.648,79.708,79.627,79.698,0.0772
20.06.2019 17:07:00.000,79.688,79.708,79.667,79.708,0.0648
20.06.2019 17:08:00.000,79.707,79.758,79.678,79.747,0.0792
20.06.2019 17:09:00.000,79.748,79.748,79.687,79.707,0.092
20.06.2019 17:10:00.000,79.708,79.718,79.608,79.637,0.0811
20.06.2019 17:11:00.000,79.638,79.738,79.637,79.738,0.0587
20.06.2019 17:12:00.000,79.738,79.778,79.738,79.757,0.0358
20.06.2019 17:13:00.000,79.758,79.788,79.747,79.758,0.0164
20.06.2019 17:14:00.000,79.757,79.758,79.727,79.738,0.0123
20.06.2019 17:15:00.000,79.737,79.758,79.707,79.708,0.0946
20.06.2019 17:16:00.000,79.708,79.728,79.678,79.698,0.0877
20.06.2019 17:17:00.000,79.718,79.758,79.707,79.728,0.0677
20.06.2019 17:18:00.000,79.728,79.728,79.687,79.688,0.0091
20.06.2019 17:19:00.000,79.688,79.688,79.627,79.668,0.048
20.06.2019 17:20:00.000,79.677,79.688,79.667,79.668,0.0963
20.06.2019 17:21:00.000,79.667,79.728,79.667,79.688,0.0676
20.06.2019 17:22:00.000,79.677,79.738,79.657,79.717,0.0711
20.06.2019 17:23:00.000,79.717,79.728,79.687,79.728,0.0444
20.06.2019 17:24:00.000,79.727,79.738,79.707,79.708,0.0613
20.06.2019 17:25:00.000,79.718,79.788,79.718,79.788,0.0845
20.06.2019 17:26:00.000,79.787,79.798,79.747,79.768,0.0136
20.06.2019 17:27:00.000,79.768,79.828,79.768,79.787,0.0393
20.06.2019 17:28:00.000,79.798,79.848,79.798,79.847,0.01
20.06.2019 17:29:00.000,79.847,79.868,79.827,79.828,0.0568
20.06.2019 17:30:00.000,79.827,79.877,79.827,79.867,0.0606
20.06.2019 17:31:00.000,79.868,79.888,79.867,79.888,0.0223
20.06.2019 17:32:00.000,79.887,79.888,79.848,79.867,0.0523
20.06.2019 17:33:00.000,79.868,79.888,79.847,79.888,0.0912
20.06.2019 17:34:00.000,79.888,79.888,79.847,79.888,0.0999
20.06.2019 17:35:00.000,79.887,79.888,79.808,79.808,0.0827
20.06.2019 17:36:00.000,79.807,79.808,79.798,79.808,0.0118
20.06.2019 17:37:00.000,79.807,79.808,79.708,79.708,0.0754
20.06.2019 17:38:00.000,79.727,79.737,79.707,79.737,0.1373
20.06.2019 17:39:00.000,79.727,79.788,79.727,79.758,0.0789
20.06.2019 17:40:00.000,79.758,79.768,79.727,79.758,0.0745
20.06.2019 17:41:00.000,79.757,79.808,79.757,79.798,0.0356
20.06.2019 17:42:00.000,79.808,79.818,79.747,79.748,0.0166
20.06.2019 17:43:00.000,79.767,79.828,79.767,79.768,0.0731
20.06.2019 17:44:00.000,79.788,79.848,79.778,79.828,0.078
20.06.2019 17:45:00.000,79.827,79.827,79.748,79.767,0.1023
20.06.2019 17:46:00.000,79.768,79.778,79.767,79.768,0.0645
20.06.2019 17:47:00.000,79.758,79.768,79.677,79.677,0.0579
20.06.2019 17:48:00.000,79.678,79.688,79.637,79.648,0.0632
20.06.2019 17:49:00.000,79.647,79.667,79.637,79.637,0.0489
20.06.2019 17:50:00.000,79.638,79.728,79.638,79.638,0.1331
20.06.2019 17:51:00.000,79.638,79.638,79.567,79.568,0.0417
20.06.2019 17:52:00.000,79.578,79.578,79.538,79.538,0.0588
20.06.2019 17:53:00.000,79.547,79.568,79.517,79.527,0.0797
20.06.2019 17:54:00.000,79.528,79.548,79.458,79.528,0.0864
20.06.2019 17:55:00.000,79.528,79.558,79.467,79.558,0.0269
20.06.2019 17:56:00.000,79.558,79.578,79.508,79.567,0.1215
20.06.2019 17:57:00.000,79.578,79.607,79.538,79.568,0.0652
20.06.2019 17:58:00.000,79.578,79.638,79.567,79.638,0.0463
20.06.2019 17:59:00.000,79.638,79.638,79.597,79.598,0.0498
20.06.2019 18:00:00.000,79.597,79.658,79.547,79.658,0.0572
20.06.2019 18:01:00.000,79.667,79.748,79.667,79.698,0.095
20.06.2019 18:02:00.000,79.697,79.748,79.697,79.728,0.0616
20.06.2019 18:03:00.000,79.737,79.748,79.727,79.728,0.0784
20.06.2019 18:04:00.000,79.757,79.768,79.737,79.737,0.0699
20.06.2019 18:05:00.000,79.738,79.777,79.707,79.738,0.0886
20.06.2019 18:06:00.000,79.748,79.778,79.747,79.778,0.0503
20.06.2019 18:07:00.000,79.787,79.818,79.768,79.768,0.0183
20.06.2019 18:08:00.000,79.758,79.828,79.747,79.808,0.0436
20.06.2019 18:09:00.000,79.797,79.838,79.778,79.808,0.1227
20.06.2019 18:10:00.000,79.817,79.838,79.768,79.798,0.0809
20.06.2019 18:11:00.000,79.798,79.838,79.777,79.838,0.0632
20.06.2019 18:12:00.000,79.838,79.838,79.787,79.808,0.0197
20.06.2019 18:13:00.000,79.807,79.828,79.767,79.828,0.1414
20.06.2019 18:14:00.000,79.808,79.857,79.778,79.848,0.1702
20.06.2019 18:15:00.000,79.837,79.837,79.787,79.807,0.0877
20.06.2019 18:16:00.000,79.808,79.847,79.788,79.808,0.1197
20.06.2019 18:17:00.000,79.807,79.807,79.747,79.758,0.0563
20.06.2019 18:18:00.000,79.758,79.758,79.707,79.738,0.0696
20.06.2019 18:19:00.000,79.748,79.798,79.737,79.798,0.0671
20.06.2019 18:20:00.000,79.808,79.808,79.668,79.668,0.1185
20.06.2019 18:21:00.000,79.668,79.718,79.668,79.718,0.0491
20.06.2019 18:22:00.000,79.717,79.798,79.708,79.787,0.2717
20.06.2019 18:23:00.000,79.797,79.858,79.787,79.848,0.1015
20.06.2019 18:24:00.000,79.847,79.898,79.837,79.868,0.1394
20.06.2019 18:25:00.000,79.867,79.918,79.857,79.868,0.0609
20.06.2019 18:26:00.000,79.857,79.888,79.847,79.878,0.0437
20.06.2019 18:27:00.000,79.877,79.877,79.817,79.818,0.1012
20.06.2019 18:28:00.000,79.817,79.918,79.807,79.908,0.1188
20.06.2019 18:29:00.000,79.908,79.908,79.848,79.848,0.1399
20.06.2019 18:30:00.000,79.847,79.868,79.817,79.828,0.0874
20.06.2019 18:31:00.000,79.827,79.878,79.827,79.868,0.0283
20.06.2019 18:32:00.000,79.867,79.868,79.817,79.818,0.0886
20.06.2019 18:33:00.000,79.808,79.878,79.807,79.857,0.1065
20.06.2019 18:34:00.000,79.857,79.858,79.837,79.857,0.1644
20.06.2019 18:35:00.000,79.858,79.868,79.847,79.868,0.1149
20.06.2019 18:36:00.000,79.868,79.868,79.837,79.838,0.0559
20.06.2019 18:37:00.000,79.838,79.858,79.808,79.808,0.1038
20.06.2019 18:38:00.000,79.808,79.827,79.757,79.757,0.0989
20.06.2019 18:39:00.000,79.758,79.778,79.737,79.778,0.0552
20.06.2019 18:40:00.000,79.777,79.788,79.727,79.728,0.055
20.06.2019 18:41:00.000,79.728,79.738,79.698,79.738,0.0661
20.06.2019 18:42:00.000,79.737,79.768,79.708,79.728,0.0224
20.06.2019 18:43:00.000,79.738,79.767,79.697,79.758,0.1552
20.06.2019 18:44:00.000,79.747,79.748,79.697,79.708,0.1501
20.06.2019 18:45:00.000,79.717,79.748,79.708,79.708,0.1774
20.06.2019 18:46:00.000,79.707,79.718,79.687,79.707,0.1215
20.06.2019 18:47:00.000,79.708,79.718,79.658,79.668,0.0632
20.06.2019 18:48:00.000,79.667,79.668,79.647,79.658,0.05
20.06.2019 18:49:00.000,79.657,79.678,79.618,79.678,0.0632
20.06.2019 18:50:00.000,79.677,79.678,79.598,79.598,0.0918
20.06.2019 18:51:00.000,79.597,79.608,79.587,79.608,0.0797
20.06.2019 18:52:00.000,79.607,79.658,79.607,79.618,0.1169
20.06.2019 18:53:00.000,79.627,79.648,79.607,79.648,0.0494
20.06.2019 18:54:00.000,79.657,79.758,79.657,79.758,0.1066
20.06.2019 18:55:00.000,79.757,79.778,79.707,79.748,0.0733
20.06.2019 18:56:00.000,79.747,79.867,79.747,79.838,0.04
20.06.2019 18:57:00.000,79.837,79.918,79.837,79.917,0.045
20.06.2019 18:58:00.000,79.918,79.938,79.877,79.888,0.0847
20.06.2019 18:59:00.000,79.888,79.928,79.888,79.918,0.0411
20.06.2019 19:00:00.000,79.917,79.928,79.857,79.858,0.0951
20.06.2019 19:01:00.000,79.848,79.938,79.848,79.937,0.0811
20.06.2019 19:02:00.000,79.938,79.938,79.887,79.918,0.0981
20.06.2019 19:03:00.000,79.917,79.957,79.917,79.948,0.0528
20.06.2019 19:04:00.000,79.948,79.998,79.927,79.978,0.1153
20.06.2019 19:05:00.000,79.998,79.998,79.897,79.917,0.1649
20.06.2019 19:06:00.000,79.917,79.948,79.907,79.918,0.1047
20.06.2019 19:07:00.000,79.928,79.987,79.907,79.927,0.1204
20.06.2019 19:08:00.000,79.927,79.938,79.877,79.888,0.1684
20.06.2019 19:09:00.000,79.908,79.918,79.857,79.888,0.0498
20.06.2019 19:10:00.000,79.897,80.008,79.868,79.988,0.1529
20.06.2019 19:11:00.000,79.978,80.007,79.938,79.968,0.113
20.06.2019 19:12:00.000,79.968,79.978,79.937,79.937,0.0854
20.06.2019 19:13:00.000,79.948,79.958,79.927,79.928,0.0216
20.06.2019 19:14:00.000,79.928,79.958,79.917,79.918,0.0477
20.06.2019 19:15:00.000,79.917,79.967,79.898,79.918,0.0269
20.06.2019 19:16:00.000,79.928,79.938,79.917,79.918,0.0587
20.06.2019 19:17:00.000,79.918,79.918,79.898,79.908,0.0804
20.06.2019 19:18:00.000,79.918,79.948,79.907,79.948,0.0587
20.06.2019 19:19:00.000,79.957,79.988,79.937,79.978,0.1007
20.06.2019 19:20:00.000,79.988,79.998,79.957,79.957,0.1033
20.06.2019 19:21:00.000,79.977,79.998,79.957,79.968,0.082
20.06.2019 19:22:00.000,79.967,79.968,79.937,79.947,0.1103
20.06.2019 19:23:00.000,79.948,79.948,79.878,79.928,0.0719
20.06.2019 19:24:00.000,79.938,79.968,79.927,79.938,0.0811
20.06.2019 19:25:00.000,79.937,79.978,79.937,79.968,0.1124
20.06.2019 19:26:00.000,79.968,79.978,79.828,79.828,0.1612
20.06.2019 19:27:00.000,79.828,79.918,79.828,79.918,0.1443
20.06.2019 19:28:00.000,79.928,79.998,79.907,79.998,0.0578
20.06.2019 19:29:00.000,79.998,79.998,79.957,79.958,0.1302
20.06.2019 19:30:00.000,79.948,79.968,79.917,79.958,0.1087
20.06.2019 19:31:00.000,79.958,80.008,79.958,79.998,0.1677
20.06.2019 19:32:00.000,80.007,80.038,79.998,80.038,0.1832
20.06.2019 19:33:00.000,80.037,80.068,80.027,80.058,0.0535
20.06.2019 19:34:00.000,80.057,80.147,80.048,80.138,0.0855
20.06.2019 19:35:00.000,80.138,80.138,80.057,80.098,0.1194
20.06.2019 19:36:00.000,80.098,80.108,80.077,80.098,0.116
20.06.2019 19:37:00.000,80.097,80.097,80.057,80.058,0.209
20.06.2019 19:38:00.000,80.057,80.088,80.057,80.068,0.2336
20.06.2019 19:39:00.000,80.067,80.178,80.067,80.168,0.1342
20.06.2019 19:40:00.000,80.167,80.168,80.107,80.108,0.099
20.06.2019 19:41:00.000,80.107,80.108,79.987,79.988,0.2068
20.06.2019 19:42:00.000,79.998,80.058,79.997,80.048,0.2315
20.06.2019 19:43:00.000,80.047,80.078,80.018,80.037,0.2285
20.06.2019 19:44:00.000,80.038,80.078,79.997,79.998,0.0991
20.06.2019 19:45:00.000,79.997,80.038,79.957,80.038,0.0933
20.06.2019 19:46:00.000,80.037,80.048,79.917,79.928,0.2031
20.06.2019 19:47:00.000,79.927,79.968,79.898,79.947,0.1419
20.06.2019 19:48:00.000,79.948,79.957,79.887,79.898,0.1485
20.06.2019 19:49:00.000,79.897,79.958,79.897,79.908,0.2268
20.06.2019 19:50:00.000,79.907,79.947,79.857,79.908,0.2118
20.06.2019 19:51:00.000,79.907,79.908,79.838,79.848,0.0837
20.06.2019 19:52:00.000,79.868,79.898,79.867,79.888,0.1935
20.06.2019 19:53:00.000,79.887,79.898,79.868,79.888,0.1255
20.06.2019 19:54:00.000,79.888,79.927,79.857,79.908,0.2658
20.06.2019 19:55:00.000,79.918,79.958,79.917,79.938,0.173
20.06.2019 19:56:00.000,79.937,79.938,79.817,79.817,0.3626
20.06.2019 19:57:00.000,79.818,79.848,79.818,79.827,0.2556
20.06.2019 19:58:00.000,79.828,79.888,79.827,79.838,0.222
20.06.2019 19:59:00.000,79.838,79.838,79.727,79.748,0.4501
21.06.2019 13:30:00.000,79.758,80.618,79.757,80.617,0.1301
21.06.2019 13:31:00.000,80.617,80.778,80.558,80.628,0.1402
21.06.2019 13:32:00.000,80.638,80.737,80.638,80.708,0.2531
21.06.2019 13:33:00.000,80.757,80.758,80.017,80.427,0.1724
21.06.2019 13:34:00.000,80.428,80.648,80.428,80.648,0.1708
21.06.2019 13:35:00.000,80.648,80.758,80.567,80.718,0.0957
21.06.2019 13:36:00.000,80.718,80.718,80.268,80.628,0.1464
21.06.2019 13:37:00.000,80.617,80.698,80.598,80.638,0.0038
21.06.2019 13:38:00.000,80.638,80.667,80.518,80.548,0.1494
21.06.2019 13:39:00.000,80.547,80.568,80.388,80.407,0.0805
21.06.2019 13:40:00.000,80.418,80.868,80.418,80.868,0.1483
21.06.2019 13:41:00.000,80.868,80.947,80.788,80.887,0.0635
21.06.2019 13:42:00.000,80.887,80.888,80.727,80.818,0.1621
21.06.2019 13:43:00.000,80.818,80.818,80.648,80.728,0.0842
21.06.2019 13:44:00.000,80.727,80.728,80.617,80.647,0.2309
21.06.2019 13:45:00.000,80.648,80.648,80.367,80.488,0.0723
21.06.2019 13:46:00.000,80.488,80.488,80.318,80.457,0.1719
21.06.2019 13:47:00.000,80.457,80.598,80.388,80.587,0.1149
21.06.2019 13:48:00.000,80.587,80.598,80.567,80.598,0.1257
21.06.2019 13:49:00.000,80.617,80.628,80.498,80.547,0.1704
21.06.2019 13:50:00.000,80.548,80.577,80.467,80.577,0.0396
21.06.2019 13:51:00.000,80.547,80.558,80.507,80.508,0.1231
21.06.2019 13:52:00.000,80.507,80.507,80.407,80.448,0.0856
21.06.2019 13:53:00.000,80.458,80.498,80.397,80.498,0.2178
21.06.2019 13:54:00.000,80.498,80.558,80.468,80.538,0.0924
21.06.2019 13:55:00.000,80.518,80.617,80.467,80.608,0.1055
21.06.2019 13:56:00.000,80.608,80.628,80.458,80.458,0.1438
21.06.2019 13:57:00.000,80.498,80.557,80.428,80.438,0.1784
21.06.2019 13:58:00.000,80.438,80.508,80.437,80.438,0.163
21.06.2019 13:59:00.000,80.438,80.438,80.337,80.347,0.0599
21.06.2019 14:00:00.000,80.348,80.508,80.327,80.368,0.1432
21.06.2019 14:01:00.000,80.417,80.458,80.357,80.418,0.1479
21.06.2019 14:02:00.000,80.417,80.418,80.347,80.348,0.1564
21.06.2019 14:03:00.000,80.347,80.427,80.347,80.378,0.1388
21.06.2019 14:04:00.000,80.388,80.388,80.227,80.387,0.1777
21.06.2019 14:05:00.000,80.397,80.398,80.238,80.338,0.1304
21.06.2019 14:06:00.000,80.348,80.378,80.228,80.278,0.0763
21.06.2019 14:07:00.000,80.298,80.368,80.237,80.237,0.1806
21.06.2019 14:08:00.000,80.237,80.237,80.147,80.197,0.1062
21.06.2019 14:09:00.000,80.178,80.307,80.168,80.267,0.1953
21.06.2019 14:10:00.000,80.257,80.358,80.218,80.228,0.1461
21.06.2019 14:11:00.000,80.208,80.278,80.147,80.168,0.2032
21.06.2019 14:12:00.000,80.167,80.208,80.147,80.158,0.0489
21.06.2019 14:13:00.000,80.158,80.278,80.158,80.188,0.313
21.06.2019 14:14:00.000,80.168,80.208,80.157,80.207,0.0577
21.06.2019 14:15:00.000,80.208,80.307,80.187,80.297,0.1412
21.06.2019 14:16:00.000,80.287,80.298,80.157,80.198,0.1253
21.06.2019 14:17:00.000,80.198,80.248,80.158,80.178,0.1294
21.06.2019 14:18:00.000,80.187,80.208,80.157,80.208,0.1085
21.06.2019 14:19:00.000,80.207,80.238,80.157,80.218,0.1356
21.06.2019 14:20:00.000,80.228,80.238,80.178,80.178,0.1652
21.06.2019 14:21:00.000,80.177,80.288,80.177,80.288,0.0895
21.06.2019 14:22:00.000,80.287,80.418,80.287,80.398,0.1274
21.06.2019 14:23:00.000,80.398,80.398,80.337,80.368,0.0659
21.06.2019 14:24:00.000,80.378,80.438,80.358,80.427,0.0783
21.06.2019 14:25:00.000,80.428,80.478,80.307,80.308,0.0573
21.06.2019 14:26:00.000,80.328,80.348,80.248,80.348,0.0661
21.06.2019 14:27:00.000,80.348,80.508,80.347,80.508,0.0716
21.06.2019 14:28:00.000,80.507,80.537,80.488,80.508,0.0406
21.06.2019 14:29:00.000,80.507,80.538,80.487,80.497,0.0536
21.06.2019 14:30:00.000,80.498,80.628,80.497,80.608,0.1589
21.06.2019 14:31:00.000,80.598,80.748,80.597,80.728,0.1316
21.06.2019 14:32:00.000,80.728,80.788,80.707,80.737,0.1677
21.06.2019 14:33:00.000,80.737,80.758,80.717,80.748,0.177
21.06.2019 14:34:00.000,80.747,80.898,80.727,80.858,0.3111
21.06.2019 14:35:00.000,80.858,80.887,80.798,80.838,0.1753
21.06.2019 14:36:00.000,80.838,80.886,80.838,80.858,0.0977
21.06.2019 14:37:00.000,80.858,80.858,80.777,80.808,0.167
21.06.2019 14:38:00.000,80.807,80.908,80.807,80.887,0.1707
21.06.2019 14:39:00.000,80.887,80.917,80.877,80.888,0.0906
21.06.2019 14:40:00.000,80.888,80.998,80.888,80.977,0.1883
21.06.2019 14:41:00.000,80.978,80.988,80.957,80.978,0.0598
21.06.2019 14:42:00.000,81.023,81.023,80.698,80.757,0.2619
21.06.2019 14:43:00.000,80.757,80.778,80.647,80.778,0.1708
21.06.2019 14:44:00.000,80.778,80.898,80.758,80.808,0.1714
21.06.2019 14:45:00.000,80.808,80.828,80.777,80.778,0.2039
21.06.2019 14:46:00.000,80.777,80.808,80.697,80.768,0.1657
21.06.2019 14:47:00.000,80.778,80.818,80.747,80.767,0.1175
21.06.2019 14:48:00.000,80.768,80.897,80.768,80.868,0.1324
21.06.2019 14:49:00.000,80.887,80.887,80.837,80.868,0.0849
21.06.2019 14:50:00.000,80.887,80.887,80.768,80.788,0.1845
21.06.2019 14:51:00.000,80.818,80.818,80.727,80.727,0.1301
21.06.2019 14:52:00.000,80.728,80.768,80.708,80.708,0.1359
21.06.2019 14:53:00.000,80.708,80.738,80.647,80.708,0.1806
21.06.2019 14:54:00.000,80.707,80.768,80.688,80.758,0.2001
21.06.2019 14:55:00.000,80.768,80.778,80.737,80.767,0.07
21.06.2019 14:56:00.000,80.767,80.858,80.767,80.858,0.0941
21.06.2019 14:57:00.000,80.867,80.887,80.827,80.838,0.1557
21.06.2019 14:58:00.000,80.848,80.857,80.718,80.737,0.0975
21.06.2019 14:59:00.000,80.747,80.747,80.668,80.697,0.2707
21.06.2019 15:00:00.000,80.688,80.738,80.658,80.728,0.1466
21.06.2019 15:01:00.000,80.747,80.798,80.747,80.778,0.2418
21.06.2019 15:02:00.000,80.778,80.798,80.697,80.698,0.3372
21.06.2019 15:03:00.000,80.698,80.708,80.658,80.708,0.1175
21.06.2019 15:04:00.000,80.728,80.788,80.727,80.768,0.1504
21.06.2019 15:05:00.000,80.767,80.958,80.757,80.948,0.0904
21.06.2019 15:06:00.000,80.947,80.978,80.917,80.918,0.0584
21.06.2019 15:07:00.000,80.928,80.978,80.888,80.968,0.0634
21.06.2019 15:08:00.000,80.978,81.038,80.957,81.037,0.1654
21.06.2019 15:09:00.000,81.018,81.108,81.017,81.058,0.2161
21.06.2019 15:10:00.000,81.028,81.058,81.007,81.008,0.0413
21.06.2019 15:11:00.000,81.008,81.018,80.967,80.988,0.1086
21.06.2019 15:12:00.000,80.987,80.998,80.927,80.928,0.3181
21.06.2019 15:13:00.000,80.928,80.928,80.878,80.918,0.1433
21.06.2019 15:14:00.000,80.928,80.948,80.848,80.948,0.0955
21.06.2019 15:15:00.000,80.978,80.978,80.947,80.958,0.0826
21.06.2019 15:16:00.000,80.958,80.968,80.897,80.948,0.1386
21.06.2019 15:17:00.000,80.948,81.018,80.928,81.017,0.1486
21.06.2019 15:18:00.000,81.027,81.058,81.007,81.058,0.1143
21.06.2019 15:19:00.000,81.057,81.098,81.047,81.058,0.2269
21.06.2019 15:20:00.000,81.058,81.078,81.007,81.028,0.1722
21.06.2019 15:21:00.000,81.018,81.168,81.018,81.147,0.1307
21.06.2019 15:22:00.000,81.148,81.157,81.117,81.138,0.0725
21.06.2019 15:23:00.000,81.147,81.187,81.147,81.158,0.1283
21.06.2019 15:24:00.000,81.148,81.148,81.087,81.098,0.1159
21.06.2019 15:25:00.000,81.098,81.098,81.007,81.078,0.2136
21.06.2019 15:26:00.000,81.078,81.078,80.947,80.948,0.1497
21.06.2019 15:27:00.000,80.948,81.018,80.927,81.008,0.0852
21.06.2019 15:28:00.000,81.008,81.008,80.927,80.978,0.0952
21.06.2019 15:29:00.000,80.977,80.978,80.908,80.938,0.0684
21.06.2019 15:30:00.000,80.938,80.987,80.908,80.918,0.164
21.06.2019 15:31:00.000,80.928,80.948,80.907,80.918,0.1745
21.06.2019 15:32:00.000,80.927,80.987,80.847,80.987,0.0895
21.06.2019 15:33:00.000,80.987,81.018,80.958,81.017,0.2043
21.06.2019 15:34:00.000,81.017,81.017,80.968,81.008,0.1004
21.06.2019 15:35:00.000,81.008,81.108,80.987,81.088,0.1771
21.06.2019 15:36:00.000,81.077,81.088,80.988,81.018,0.0887
21.06.2019 15:37:00.000,81.027,81.058,81.017,81.058,0.0872
21.06.2019 15:38:00.000,81.068,81.107,81.067,81.078,0.0834
21.06.2019 15:39:00.000,81.078,81.098,81.058,81.098,0.0708
21.06.2019 15:40:00.000,81.088,81.187,81.087,81.178,0.1478
21.06.2019 15:41:00.000,81.158,81.218,81.088,81.088,0.2007
21.06.2019 15:42:00.000,81.128,81.138,80.928,80.928,0.1521
21.06.2019 15:43:00.000,80.927,80.998,80.917,80.947,0.3829
21.06.2019 15:44:00.000,80.947,81.018,80.898,80.987,0.1924
21.06.2019 15:45:00.000,80.988,81.008,80.958,80.978,0.1958
21.06.2019 15:46:00.000,80.968,81.008,80.918,80.998,0.1797
21.06.2019 15:47:00.000,80.997,80.997,80.887,80.888,0.111
21.06.2019 15:48:00.000,80.888,80.938,80.848,80.848,0.1366
21.06.2019 15:49:00.000,80.848,80.868,80.777,80.778,0.1685
21.06.2019 15:50:00.000,80.777,80.947,80.777,80.928,0.1164
21.06.2019 15:51:00.000,80.938,80.978,80.927,80.948,0.113
21.06.2019 15:52:00.000,80.948,80.978,80.948,80.958,0.0424
21.06.2019 15:53:00.000,80.958,80.998,80.937,80.957,0.1508
21.06.2019 15:54:00.000,80.958,80.958,80.917,80.958,0.1242
21.06.2019 15:55:00.000,80.958,80.988,80.928,80.988,0.1217
21.06.2019 15:56:00.000,80.998,81.008,80.987,80.997,0.0911
21.06.2019 15:57:00.000,80.998,81.098,80.998,81.098,0.1289
21.06.2019 15:58:00.000,81.107,81.138,81.067,81.068,0.1007
21.06.2019 15:59:00.000,81.067,81.068,80.997,81.017,0.2177
21.06.2019 16:00:00.000,81.017,81.068,80.998,81.067,0.1381
21.06.2019 16:01:00.000,81.068,81.118,81.068,81.068,0.1197
21.06.2019 16:02:00.000,81.067,81.108,81.058,81.098,0.0834
21.06.2019 16:03:00.000,81.097,81.148,81.077,81.128,0.1153
21.06.2019 16:04:00.000,81.127,81.148,81.107,81.137,0.2657
21.06.2019 16:05:00.000,81.138,81.148,81.067,81.068,0.1951
21.06.2019 16:06:00.000,81.068,81.068,81.007,81.018,0.2461
21.06.2019 16:07:00.000,81.027,81.058,80.977,81.008,0.2091
21.06.2019 16:08:00.000,81.037,81.068,81.007,81.058,0.0761
21.06.2019 16:09:00.000,81.057,81.097,81.047,81.067,0.1679
21.06.2019 16:10:00.000,81.048,81.088,81.007,81.007,0.1667
21.06.2019 16:11:00.000,81.008,81.098,81.007,81.078,0.1749
21.06.2019 16:12:00.000,81.087,81.098,81.087,81.088,0.0557
21.06.2019 16:13:00.000,81.087,81.138,81.087,81.118,0.1162
21.06.2019 16:14:00.000,81.118,81.158,81.108,81.148,0.1355
21.06.2019 16:15:00.000,81.157,81.168,81.097,81.108,0.1379
21.06.2019 16:16:00.000,81.118,81.118,81.077,81.078,0.0687
21.06.2019 16:17:00.000,81.077,81.098,81.057,81.098,0.1278
21.06.2019 16:18:00.000,81.098,81.137,81.037,81.057,0.1881
21.06.2019 16:19:00.000,81.058,81.098,81.037,81.038,0.0826
21.06.2019 16:20:00.000,81.047,81.087,81.047,81.048,0.1534
21.06.2019 16:21:00.000,81.047,81.058,81.027,81.038,0.1001
21.06.2019 16:22:00.000,81.037,81.068,81.037,81.058,0.096
21.06.2019 16:23:00.000,81.057,81.098,81.048,81.088,0.071
21.06.2019 16:24:00.000,81.077,81.088,81.067,81.088,0.0927
21.06.2019 16:25:00.000,81.087,81.108,81.037,81.108,0.1212
21.06.2019 16:26:00.000,81.108,81.108,81.048,81.078,0.0816
21.06.2019 16:27:00.000,81.077,81.108,81.077,81.088,0.0715
21.06.2019 16:28:00.000,81.087,81.098,81.087,81.097,0.1761
21.06.2019 16:29:00.000,81.097,81.168,81.097,81.158,0.1349
21.06.2019 16:30:00.000,81.157,81.218,81.157,81.218,0.1084
21.06.2019 16:31:00.000,81.217,81.408,81.217,81.377,0.1979
21.06.2019 16:32:00.000,81.377,81.377,81.287,81.348,0.1809
21.06.2019 16:33:00.000,81.347,81.378,81.328,81.348,0.0928
21.06.2019 16:34:00.000,81.348,81.368,81.337,81.358,0.1202
21.06.2019 16:35:00.000,81.368,81.368,81.307,81.337,0.0819
21.06.2019 16:36:00.000,81.337,81.337,81.267,81.268,0.1868
21.06.2019 16:37:00.000,81.268,81.408,81.247,81.307,0.2049
21.06.2019 16:38:00.000,81.308,81.448,81.307,81.438,0.1322
21.06.2019 16:39:00.000,81.437,81.468,81.428,81.457,0.0548
21.06.2019 16:40:00.000,81.458,81.468,81.447,81.468,0.0392
21.06.2019 16:41:00.000,81.477,81.498,81.367,81.388,0.1345
21.06.2019 16:42:00.000,81.388,81.428,81.387,81.398,0.1012
21.06.2019 16:43:00.000,81.407,81.428,81.357,81.358,0.0324
21.06.2019 16:44:00.000,81.358,81.407,81.358,81.368,0.0991
21.06.2019 16:45:00.000,81.378,81.408,81.367,81.398,0.0652
21.06.2019 16:46:00.000,81.408,81.498,81.407,81.498,0.0284
21.06.2019 16:47:00.000,81.497,81.518,81.497,81.508,0.0133
21.06.2019 16:48:00.000,81.527,81.578,81.517,81.577,0.1334
21.06.2019 16:49:00.000,81.578,81.588,81.547,81.547,0.0929
21.06.2019 16:50:00.000,81.547,81.558,81.497,81.537,0.1574
21.06.2019 16:51:00.000,81.537,81.658,81.527,81.648,0.1331
21.06.2019 16:52:00.000,81.647,81.698,81.627,81.688,0.0357
21.06.2019 16:53:00.000,81.688,81.778,81.688,81.718,0.0991
21.06.2019 16:54:00.000,81.708,81.788,81.708,81.778,0.1318
21.06.2019 16:55:00.000,81.777,81.777,81.688,81.728,0.1644
21.06.2019 16:56:00.000,81.728,81.758,81.728,81.748,0.0726
21.06.2019 16:57:00.000,81.757,81.817,81.668,81.668,0.1256
21.06.2019 16:58:00.000,81.667,81.668,81.578,81.638,0.1321
21.06.2019 16:59:00.000,81.627,81.678,81.577,81.678,0.1307
21.06.2019 17:00:00.000,81.678,81.697,81.608,81.638,0.0759
21.06.2019 17:01:00.000,81.647,81.717,81.647,81.688,0.1239
21.06.2019 17:02:00.000,81.687,81.688,81.588,81.598,0.0798
21.06.2019 17:03:00.000,81.598,81.598,81.548,81.578,0.1266
21.06.2019 17:04:00.000,81.587,81.618,81.547,81.578,0.3709
21.06.2019 17:05:00.000,81.578,81.608,81.527,81.538,0.2065
21.06.2019 17:06:00.000,81.547,81.548,81.447,81.458,0.0373
21.06.2019 17:07:00.000,81.488,81.498,81.477,81.487,0.0946
21.06.2019 17:08:00.000,81.487,81.518,81.487,81.508,0.1255
21.06.2019 17:09:00.000,81.508,81.538,81.448,81.507,0.0542
21.06.2019 17:10:00.000,81.507,81.608,81.498,81.557,0.1347
21.06.2019 17:11:00.000,81.548,81.608,81.548,81.607,0.0685
21.06.2019 17:12:00.000,81.608,81.658,81.607,81.658,0.0788
21.06.2019 17:13:00.000,81.668,81.688,81.657,81.688,0.0634
21.06.2019 17:14:00.000,81.688,81.728,81.667,81.727,0.0836
21.06.2019 17:15:00.000,81.728,81.758,81.708,81.758,0.0492
21.06.2019 17:16:00.000,81.757,81.758,81.738,81.747,0.0551
21.06.2019 17:17:00.000,81.747,81.787,81.747,81.757,0.0958
21.06.2019 17:18:00.000,81.758,81.768,81.707,81.758,0.0554
21.06.2019 17:19:00.000,81.768,81.768,81.688,81.697,0.1015
21.06.2019 17:20:00.000,81.698,81.728,81.658,81.707,0.099
21.06.2019 17:21:00.000,81.707,81.748,81.698,81.748,0.0766
21.06.2019 17:22:00.000,81.747,81.748,81.717,81.718,0.0704
21.06.2019 17:23:00.000,81.708,81.708,81.678,81.688,0.0521
21.06.2019 17:24:00.000,81.688,81.768,81.688,81.758,0.0953
21.06.2019 17:25:00.000,81.767,81.788,81.767,81.777,0.1745
21.06.2019 17:26:00.000,81.778,81.818,81.777,81.818,0.0428
21.06.2019 17:27:00.000,81.817,81.838,81.797,81.838,0.1683
21.06.2019 17:28:00.000,81.828,81.887,81.828,81.878,0.1965
21.06.2019 17:29:00.000,81.877,81.878,81.778,81.787,0.11
21.06.2019 17:30:00.000,81.797,81.798,81.687,81.758,0.1957
21.06.2019 17:31:00.000,81.767,81.777,81.718,81.757,0.1167
21.06.2019 17:32:00.000,81.758,81.758,81.708,81.748,0.1202
21.06.2019 17:33:00.000,81.748,81.748,81.688,81.688,0.1426
21.06.2019 17:34:00.000,81.688,81.728,81.627,81.628,0.1511
21.06.2019 17:35:00.000,81.627,81.628,81.558,81.558,0.114
21.06.2019 17:36:00.000,81.547,81.598,81.527,81.588,0.1987
21.06.2019 17:37:00.000,81.578,81.578,81.507,81.518,0.0259
21.06.2019 17:38:00.000,81.517,81.538,81.498,81.498,0.0929
21.06.2019 17:39:00.000,81.488,81.508,81.477,81.478,0.2811
21.06.2019 17:40:00.000,81.477,81.478,81.467,81.467,0.045
21.06.2019 17:41:00.000,81.468,81.468,81.388,81.418,0.2357
21.06.2019 17:42:00.000,81.417,81.428,81.417,81.427,0.0504
21.06.2019 17:43:00.000,81.428,81.428,81.368,81.378,0.0734
21.06.2019 17:44:00.000,81.377,81.448,81.357,81.398,0.1209
21.06.2019 17:45:00.000,81.418,81.447,81.388,81.438,0.1789
21.06.2019 17:46:00.000,81.438,81.438,81.398,81.398,0.0631
21.06.2019 17:47:00.000,81.398,81.458,81.397,81.448,0.0675
21.06.2019 17:48:00.000,81.448,81.448,81.417,81.428,0.0515
21.06.2019 17:49:00.000,81.437,81.498,81.427,81.478,0.1062
21.06.2019 17:50:00.000,81.457,81.468,81.428,81.467,0.0423
21.06.2019 17:51:00.000,81.468,81.498,81.467,81.498,0.0263
21.06.2019 17:52:00.000,81.508,81.528,81.477,81.518,0.0877
21.06.2019 17:53:00.000,81.518,81.518,81.437,81.447,0.1308
21.06.2019 17:54:00.000,81.448,81.458,81.437,81.458,0.0409
21.06.2019 17:55:00.000,81.467,81.467,81.417,81.438,0.0281
21.06.2019 17:56:00.000,81.438,81.458,81.408,81.458,0.032
21.06.2019 17:57:00.000,81.468,81.518,81.448,81.478,0.0823
21.06.2019 17:58:00.000,81.478,81.518,81.477,81.488,0.0176
21.06.2019 17:59:00.000,81.497,81.508,81.407,81.448,0.2278
21.06.2019 18:00:00.000,81.447,81.498,81.427,81.488,0.1523
21.06.2019 18:01:00.000,81.487,81.498,81.447,81.477,0.172
21.06.2019 18:02:00.000,81.477,81.478,81.428,81.448,0.1035
21.06.2019 18:03:00.000,81.447,81.448,81.388,81.438,0.1593
21.06.2019 18:04:00.000,81.437,81.498,81.437,81.437,0.1122
21.06.2019 18:05:00.000,81.438,81.448,81.408,81.448,0.1045
21.06.2019 18:06:00.000,81.448,81.448,81.388,81.398,0.1308
21.06.2019 18:07:00.000,81.388,81.408,81.348,81.398,0.2211
21.06.2019 18:08:00.000,81.398,81.408,81.367,81.378,0.1145
21.06.2019 18:09:00.000,81.377,81.408,81.357,81.358,0.0482
21.06.2019 18:10:00.000,81.367,81.388,81.337,81.388,0.0735
21.06.2019 18:11:00.000,81.387,81.388,81.307,81.328,0.0874
21.06.2019 18:12:00.000,81.337,81.337,81.297,81.318,0.1309
21.06.2019 18:13:00.000,81.318,81.338,81.307,81.318,0.0782
21.06.2019 18:14:00.000,81.318,81.328,81.307,81.327,0.0298
21.06.2019 18:15:00.000,81.328,81.368,81.307,81.357,0.1261
21.06.2019 18:16:00.000,81.358,81.417,81.347,81.398,0.1021
21.06.2019 18:17:00.000,81.398,81.418,81.377,81.388,0.0732
21.06.2019 18:18:00.000,81.388,81.428,81.377,81.378,0.065
21.06.2019 18:19:00.000,81.377,81.418,81.377,81.388,0.0752
21.06.2019 18:20:00.000,81.388,81.408,81.368,81.388,0.0725
21.06.2019 18:21:00.000,81.378,81.428,81.368,81.428,0.0843
21.06.2019 18:22:00.000,81.448,81.448,81.417,81.418,0.0184
21.06.2019 18:23:00.000,81.428,81.437,81.408,81.428,0.0751
21.06.2019 18:24:00.000,81.418,81.478,81.418,81.478,0.239
21.06.2019 18:25:00.000,81.478,81.487,81.447,81.468,0.1461
21.06.2019 18:26:00.000,81.478,81.508,81.458,81.498,0.0771
21.06.2019 18:27:00.000,81.497,81.498,81.428,81.437,0.103
21.06.2019 18:28:00.000,81.438,81.488,81.437,81.478,0.0627
21.06.2019 18:29:00.000,81.478,81.488,81.457,81.458,0.0865
21.06.2019 18:30:00.000,81.457,81.468,81.418,81.458,0.083
21.06.2019 18:31:00.000,81.468,81.488,81.438,81.467,0.096
21.06.2019 18:32:00.000,81.468,81.498,81.468,81.488,0.0971
21.06.2019 18:33:00.000,81.498,81.538,81.487,81.528,0.1589
21.06.2019 18:34:00.000,81.527,81.558,81.508,81.508,0.0676
21.06.2019 18:35:00.000,81.517,81.538,81.428,81.428,0.0918
21.06.2019 18:36:00.000,81.428,81.488,81.418,81.477,0.1394
21.06.2019 18:37:00.000,81.478,81.488,81.468,81.488,0.0738
21.06.2019 18:38:00.000,81.487,81.538,81.477,81.498,0.2002
21.06.2019 18:39:00.000,81.498,81.528,81.488,81.488,0.178
21.06.2019 18:40:00.000,81.487,81.528,81.467,81.527,0.077
21.06.2019 18:41:00.000,81.527,81.528,81.488,81.488,0.0666
21.06.2019 18:42:00.000,81.487,81.518,81.487,81.507,0.0814
21.06.2019 18:43:00.000,81.508,81.518,81.437,81.437,0.1244
21.06.2019 18:44:00.000,81.438,81.488,81.437,81.488,0.0667
21.06.2019 18:45:00.000,81.487,81.508,81.457,81.478,0.1099
21.06.2019 18:46:00.000,81.477,81.508,81.477,81.488,0.0823
21.06.2019 18:47:00.000,81.488,81.518,81.487,81.508,0.0327
21.06.2019 18:48:00.000,81.517,81.538,81.498,81.527,0.1253
21.06.2019 18:49:00.000,81.528,81.558,81.527,81.548,0.0324
21.06.2019 18:50:00.000,81.547,81.548,81.488,81.498,0.0963
21.06.2019 18:51:00.000,81.498,81.568,81.498,81.558,0.0891
21.06.2019 18:52:00.000,81.568,81.588,81.557,81.568,0.0362
21.06.2019 18:53:00.000,81.577,81.578,81.518,81.558,0.1662
21.06.2019 18:54:00.000,81.568,81.618,81.567,81.588,0.0844
21.06.2019 18:55:00.000,81.598,81.598,81.547,81.588,0.0959
21.06.2019 18:56:00.000,81.587,81.598,81.567,81.587,0.0274
21.06.2019 18:57:00.000,81.588,81.588,81.537,81.578,0.058
21.06.2019 18:58:00.000,81.568,81.588,81.517,81.537,0.1082
21.06.2019 18:59:00.000,81.548,81.568,81.508,81.538,0.0981
21.06.2019 19:00:00.000,81.537,81.578,81.537,81.568,0.0802
21.06.2019 19:01:00.000,81.567,81.568,81.508,81.528,0.1106
21.06.2019 19:02:00.000,81.538,81.538,81.527,81.538,0.0347
21.06.2019 19:03:00.000,81.537,81.538,81.507,81.528,0.1165
21.06.2019 19:04:00.000,81.538,81.638,81.538,81.638,0.0562
21.06.2019 19:05:00.000,81.637,81.668,81.617,81.668,0.0494
21.06.2019 19:06:00.000,81.668,81.698,81.667,81.667,0.0305
21.06.2019 19:07:00.000,81.667,81.668,81.647,81.648,0.0494
21.06.2019 19:08:00.000,81.657,81.718,81.657,81.698,0.114
21.06.2019 19:09:00.000,81.707,81.728,81.687,81.728,0.1054
21.06.2019 19:10:00.000,81.727,81.728,81.687,81.688,0.0541
21.06.2019 19:11:00.000,81.687,81.688,81.677,81.678,0.0262
21.06.2019 19:12:00.000,81.677,81.728,81.677,81.677,0.0977
21.06.2019 19:13:00.000,81.678,81.678,81.647,81.667,0.0492
21.06.2019 19:14:00.000,81.677,81.697,81.668,81.688,0.0634
21.06.2019 19:15:00.000,81.688,81.688,81.637,81.647,0.1286
21.06.2019 19:16:00.000,81.648,81.668,81.638,81.657,0.0375
21.06.2019 19:17:00.000,81.658,81.668,81.637,81.657,0.0595
21.06.2019 19:18:00.000,81.658,81.688,81.658,81.668,0.0435
21.06.2019 19:19:00.000,81.677,81.688,81.627,81.638,0.1442
21.06.2019 19:20:00.000,81.637,81.658,81.587,81.598,0.1073
21.06.2019 19:21:00.000,81.577,81.618,81.577,81.617,0.0982
21.06.2019 19:22:00.000,81.618,81.618,81.567,81.578,0.0776
21.06.2019 19:23:00.000,81.577,81.588,81.537,81.578,0.1189
21.06.2019 19:24:00.000,81.577,81.578,81.477,81.477,0.0889
21.06.2019 19:25:00.000,81.478,81.487,81.407,81.407,0.1272
21.06.2019 19:26:00.000,81.408,81.478,81.407,81.467,0.1375
21.06.2019 19:27:00.000,81.477,81.518,81.467,81.498,0.2337
21.06.2019 19:28:00.000,81.498,81.608,81.498,81.568,0.1318
21.06.2019 19:29:00.000,81.567,81.627,81.487,81.528,0.2796
21.06.2019 19:30:00.000,81.527,81.528,81.418,81.418,0.2161
21.06.2019 19:31:00.000,81.438,81.498,81.438,81.488,0.097
21.06.2019 19:32:00.000,81.487,81.488,81.448,81.457,0.1197
21.06.2019 19:33:00.000,81.458,81.488,81.447,81.458,0.1301
21.06.2019 19:34:00.000,81.458,81.468,81.408,81.458,0.1191
21.06.2019 19:35:00.000,81.458,81.478,81.437,81.468,0.0921
21.06.2019 19:36:00.000,81.477,81.518,81.477,81.507,0.1036
21.06.2019 19:37:00.000,81.507,81.558,81.478,81.548,0.1937
21.06.2019 19:38:00.000,81.548,81.587,81.518,81.587,0.0732
21.06.2019 19:39:00.000,81.588,81.608,81.577,81.598,0.137
21.06.2019 19:40:00.000,81.607,81.688,81.607,81.688,0.1424
21.06.2019 19:41:00.000,81.698,81.748,81.697,81.738,0.1004
21.06.2019 19:42:00.000,81.737,81.758,81.718,81.728,0.1335
21.06.2019 19:43:00.000,81.727,81.758,81.657,81.658,0.139
21.06.2019 19:44:00.000,81.668,81.728,81.668,81.698,0.1361
21.06.2019 19:45:00.000,81.697,81.798,81.697,81.778,0.0771
21.06.2019 19:46:00.000,81.777,81.777,81.647,81.688,0.1628
21.06.2019 19:47:00.000,81.687,81.698,81.657,81.697,0.0655
21.06.2019 19:48:00.000,81.698,81.698,81.628,81.678,0.1157
21.06.2019 19:49:00.000,81.677,81.808,81.668,81.777,0.1807
21.06.2019 19:50:00.000,81.778,81.818,81.717,81.788,0.222
21.06.2019 19:51:00.000,81.788,81.798,81.777,81.788,0.0478
21.06.2019 19:52:00.000,81.787,81.788,81.707,81.758,0.1719
21.06.2019 19:53:00.000,81.757,81.788,81.737,81.788,0.2115
21.06.2019 19:54:00.000,81.787,81.848,81.747,81.818,0.3108
21.06.2019 19:55:00.000,81.817,81.858,81.787,81.847,0.2007
21.06.2019 19:56:00.000,81.848,81.918,81.837,81.908,0.3413
21.06.2019 19:57:00.000,81.908,81.908,81.817,81.817,0.3068
21.06.2019 19:58:00.000,81.818,81.828,81.787,81.818,0.3242
21.06.2019 19:59:00.000,81.818,81.888,81.807,81.887,0.384
24.06.2019 13:30:00.000,80.938,81.698,80.937,81.678,0.026
24.06.2019 13:31:00.000,81.955,81.997,81.687,81.728,0.0999
24.06.2019 13:32:00.000,81.728,81.778,81.728,81.778,0.011
24.06.2019 13:33:00.000,81.778,81.798,81.777,81.798,0.0897
24.06.2019 13:34:00.000,81.789,81.789,81.587,81.727,0.0342
24.06.2019 13:35:00.000,81.727,81.728,81.490,81.490,0.1809
24.06.2019 13:36:00.000,81.491,81.491,81.287,81.327,0.4876
24.06.2019 13:37:00.000,81.327,81.545,81.318,81.417,0.1902
24.06.2019 13:38:00.000,81.418,81.598,81.358,81.588,0.1327
24.06.2019 13:39:00.000,81.578,81.587,81.377,81.378,0.2366
24.06.2019 13:40:00.000,81.438,81.538,81.362,81.530,0.2037
24.06.2019 13:41:00.000,81.527,81.568,81.367,81.380,0.2652
24.06.2019 13:42:00.000,81.368,81.468,81.279,81.298,0.2513
24.06.2019 13:43:00.000,81.297,81.311,80.997,80.997,0.2257
24.06.2019 13:44:00.000,80.997,81.148,80.997,81.038,0.0691
24.06.2019 13:45:00.000,81.028,81.118,81.027,81.058,0.1376
24.06.2019 13:46:00.000,81.057,81.307,81.037,81.307,0.1081
24.06.2019 13:47:00.000,81.307,81.358,81.258,81.318,0.1708
24.06.2019 13:48:00.000,81.318,81.318,81.058,81.058,0.2303
24.06.2019 13:49:00.000,81.058,81.187,81.048,81.178,0.1431
24.06.2019 13:50:00.000,81.187,81.288,81.157,81.288,0.1478
24.06.2019 13:51:00.000,81.287,81.518,81.287,81.408,0.1132
24.06.2019 13:52:00.000,81.410,81.440,81.237,81.238,0.1128
24.06.2019 13:53:00.000,81.238,81.450,81.157,81.450,0.1914
24.06.2019 13:54:00.000,81.450,81.520,81.377,81.508,0.1958
24.06.2019 13:55:00.000,81.527,81.558,81.307,81.308,0.1689
24.06.2019 13:56:00.000,81.308,81.337,81.177,81.217,0.1956
24.06.2019 13:57:00.000,81.208,81.278,81.167,81.167,0.2082
24.06.2019 13:58:00.000,81.168,81.178,81.117,81.138,0.127
24.06.2019 13:59:00.000,81.127,81.167,81.058,81.108,0.1549
24.06.2019 14:00:00.000,81.137,81.188,81.107,81.188,0.0797
24.06.2019 14:01:00.000,81.197,81.397,81.188,81.318,0.3076
24.06.2019 14:02:00.000,81.338,81.338,81.230,81.258,0.1544
24.06.2019 14:03:00.000,81.257,81.328,81.227,81.228,0.0785
24.06.2019 14:04:00.000,81.228,81.268,81.149,81.268,0.1701
24.06.2019 14:05:00.000,81.270,81.430,81.270,81.389,0.4275
24.06.2019 14:06:00.000,81.398,81.398,81.267,81.378,0.1572
24.06.2019 14:07:00.000,81.378,81.378,81.237,81.300,0.2487
24.06.2019 14:08:00.000,81.300,81.351,81.207,81.208,0.2474
24.06.2019 14:09:00.000,81.207,81.218,81.138,81.138,0.093
24.06.2019 14:10:00.000,81.147,81.188,81.097,81.098,0.1646
24.06.2019 14:11:00.000,81.098,81.108,80.898,80.928,0.2032
24.06.2019 14:12:00.000,80.928,81.028,80.907,80.998,0.124
24.06.2019 14:13:00.000,81.008,81.078,80.998,81.048,0.145
24.06.2019 14:14:00.000,81.087,81.148,81.087,81.110,0.1298
24.06.2019 14:15:00.000,81.118,81.218,81.117,81.188,0.1669
24.06.2019 14:16:00.000,81.188,81.278,81.127,81.228,0.1008
24.06.2019 14:17:00.000,81.227,81.278,81.167,81.197,0.2202
24.06.2019 14:18:00.000,81.208,81.350,81.208,81.288,0.3113
24.06.2019 14:19:00.000,81.278,81.358,81.257,81.298,0.3176
24.06.2019 14:20:00.000,81.298,81.318,81.218,81.260,0.2429
24.06.2019 14:21:00.000,81.278,81.280,81.177,81.227,0.1907
24.06.2019 14:22:00.000,81.218,81.248,81.178,81.208,0.1826
24.06.2019 14:23:00.000,81.218,81.298,81.217,81.268,0.1425
24.06.2019 14:24:00.000,81.267,81.267,81.187,81.187,0.0698
24.06.2019 14:25:00.000,81.179,81.198,80.988,80.991,0.1643
24.06.2019 14:26:00.000,80.987,80.991,80.887,80.948,0.1779
24.06.2019 14:27:00.000,80.947,81.067,80.947,81.038,0.1531
24.06.2019 14:28:00.000,81.048,81.067,80.968,80.978,0.1393
24.06.2019 14:29:00.000,80.978,81.097,80.978,81.058,0.1493
24.06.2019 14:30:00.000,81.058,81.108,81.018,81.028,0.1671
24.06.2019 14:31:00.000,81.027,81.057,81.018,81.018,0.1625
24.06.2019 14:32:00.000,81.018,81.070,80.968,80.998,0.1458
24.06.2019 14:33:00.000,80.997,81.118,80.997,81.068,0.1763
24.06.2019 14:34:00.000,81.068,81.148,81.047,81.090,0.1652
24.06.2019 14:35:00.000,81.089,81.089,81.067,81.081,0.1252
24.06.2019 14:36:00.000,81.078,81.117,81.017,81.088,0.1312
24.06.2019 14:37:00.000,81.088,81.098,81.027,81.027,0.1828
24.06.2019 14:38:00.000,81.048,81.128,81.037,81.127,0.1357
24.06.2019 14:39:00.000,81.128,81.128,81.038,81.038,0.2424
24.06.2019 14:40:00.000,81.077,81.118,81.019,81.097,0.0911
24.06.2019 14:41:00.000,81.107,81.158,81.098,81.127,0.1313
24.06.2019 14:42:00.000,81.127,81.188,81.117,81.118,0.2084
24.06.2019 14:43:00.000,81.118,81.178,81.118,81.138,0.2401
24.06.2019 14:44:00.000,81.139,81.158,81.109,81.128,0.1392
24.06.2019 14:45:00.000,81.128,81.178,81.098,81.158,0.2176
24.06.2019 14:46:00.000,81.158,81.219,81.137,81.147,0.2932
24.06.2019 14:47:00.000,81.139,81.248,81.138,81.209,0.1074
24.06.2019 14:48:00.000,81.198,81.210,81.157,81.198,0.1881
24.06.2019 14:49:00.000,81.198,81.198,81.157,81.171,0.0673
24.06.2019 14:50:00.000,81.171,81.188,81.138,81.157,0.2257
24.06.2019 14:51:00.000,81.148,81.198,81.147,81.167,0.0816
24.06.2019 14:52:00.000,81.168,81.179,81.157,81.177,0.0774
24.06.2019 14:53:00.000,81.187,81.218,81.097,81.108,0.1419
24.06.2019 14:54:00.000,81.108,81.148,81.097,81.107,0.0861
24.06.2019 14:55:00.000,81.108,81.108,81.048,81.068,0.0881
24.06.2019 14:56:00.000,81.067,81.077,81.017,81.068,0.1674
24.06.2019 14:57:00.000,81.068,81.068,80.957,80.968,0.1734
24.06.2019 14:58:00.000,80.977,80.977,80.898,80.947,0.2548
24.06.2019 14:59:00.000,80.948,81.028,80.947,81.017,0.1063
24.06.2019 15:00:00.000,81.018,81.028,80.958,80.958,0.0951
24.06.2019 15:01:00.000,80.948,80.948,80.797,80.797,0.0586
24.06.2019 15:02:00.000,80.797,80.928,80.788,80.908,0.1461
24.06.2019 15:03:00.000,80.928,81.048,80.928,80.958,0.1992
24.06.2019 15:04:00.000,80.948,80.968,80.879,80.879,0.1887
24.06.2019 15:05:00.000,80.880,80.889,80.798,80.819,0.2218
24.06.2019 15:06:00.000,80.818,80.858,80.787,80.838,0.1093
24.06.2019 15:07:00.000,80.830,80.838,80.787,80.788,0.1371
24.06.2019 15:08:00.000,80.787,80.788,80.637,80.748,0.1664
24.06.2019 15:09:00.000,80.748,80.858,80.740,80.767,0.1839
24.06.2019 15:10:00.000,80.767,80.870,80.748,80.830,0.1675
24.06.2019 15:11:00.000,80.830,80.958,80.830,80.938,0.2632
24.06.2019 15:12:00.000,80.937,80.978,80.917,80.968,0.0817
24.06.2019 15:13:00.000,80.978,81.001,80.958,80.978,0.0687
24.06.2019 15:14:00.000,80.977,81.037,80.937,80.959,0.1043
24.06.2019 15:15:00.000,80.959,80.968,80.918,80.958,0.0261
24.06.2019 15:16:00.000,80.958,80.958,80.917,80.948,0.0158
24.06.2019 15:17:00.000,80.948,80.948,80.887,80.938,0.0411
24.06.2019 15:18:00.000,80.938,80.938,80.827,80.867,0.1436
24.06.2019 15:19:00.000,80.867,80.867,80.678,80.707,0.1995
24.06.2019 15:20:00.000,80.698,80.768,80.698,80.749,0.1854
24.06.2019 15:21:00.000,80.748,80.817,80.747,80.760,0.0698
24.06.2019 15:22:00.000,80.758,80.778,80.728,80.767,0.0781
24.06.2019 15:23:00.000,80.768,80.870,80.767,80.870,0.0543
24.06.2019 15:24:00.000,80.868,80.868,80.768,80.808,0.0642
24.06.2019 15:25:00.000,80.817,80.838,80.787,80.828,0.123
24.06.2019 15:26:00.000,80.827,80.898,80.827,80.888,0.1597
24.06.2019 15:27:00.000,80.888,80.888,80.827,80.837,0.0519
24.06.2019 15:28:00.000,80.838,80.997,80.837,80.848,0.1769
24.06.2019 15:29:00.000,80.848,80.978,80.837,80.897,0.1306
24.06.2019 15:30:00.000,80.897,80.958,80.848,80.848,0.2044
24.06.2019 15:31:00.000,80.848,80.878,80.847,80.878,0.0912
24.06.2019 15:32:00.000,80.887,80.897,80.848,80.858,0.1419
24.06.2019 15:33:00.000,80.858,80.878,80.837,80.868,0.1245
24.06.2019 15:34:00.000,80.858,80.858,80.707,80.709,0.143
24.06.2019 15:35:00.000,80.709,80.738,80.707,80.708,0.1628
24.06.2019 15:36:00.000,80.708,80.840,80.708,80.840,0.1516
24.06.2019 15:37:00.000,80.839,80.878,80.807,80.837,0.0971
24.06.2019 15:38:00.000,80.837,80.858,80.788,80.797,0.0632
24.06.2019 15:39:00.000,80.797,80.797,80.718,80.720,0.1513
24.06.2019 15:40:00.000,80.718,80.748,80.717,80.718,0.0928
24.06.2019 15:41:00.000,80.727,80.748,80.667,80.707,0.3028
24.06.2019 15:42:00.000,80.708,80.728,80.708,80.728,0.0336
24.06.2019 15:43:00.000,80.737,80.770,80.707,80.738,0.0903
24.06.2019 15:44:00.000,80.737,80.848,80.737,80.797,0.0655
24.06.2019 15:45:00.000,80.797,80.797,80.727,80.738,0.2301
24.06.2019 15:46:00.000,80.748,80.778,80.748,80.777,0.1498
24.06.2019 15:47:00.000,80.777,80.808,80.747,80.798,0.0805
24.06.2019 15:48:00.000,80.798,80.798,80.737,80.777,0.138
24.06.2019 15:49:00.000,80.788,80.880,80.777,80.858,0.1071
24.06.2019 15:50:00.000,80.848,80.908,80.847,80.848,0.1802
24.06.2019 15:51:00.000,80.858,80.990,80.858,80.948,0.1729
24.06.2019 15:52:00.000,80.948,80.948,80.867,80.888,0.2351
24.06.2019 15:53:00.000,80.888,80.900,80.857,80.898,0.1211
24.06.2019 15:54:00.000,80.897,80.898,80.808,80.828,0.1179
24.06.2019 15:55:00.000,80.838,80.849,80.837,80.847,0.0154
24.06.2019 15:56:00.000,80.847,80.878,80.837,80.878,0.1067
24.06.2019 15:57:00.000,80.887,80.938,80.868,80.918,0.1231
24.06.2019 15:58:00.000,80.898,80.928,80.857,80.867,0.1342
24.06.2019 15:59:00.000,80.868,80.888,80.837,80.888,0.109
24.06.2019 16:00:00.000,80.878,80.909,80.878,80.908,0.0482
24.06.2019 16:01:00.000,80.918,80.960,80.917,80.917,0.0611
24.06.2019 16:02:00.000,80.917,80.948,80.857,80.878,0.1018
24.06.2019 16:03:00.000,80.888,80.908,80.857,80.858,0.0901
24.06.2019 16:04:00.000,80.858,80.880,80.817,80.858,0.1731
24.06.2019 16:05:00.000,80.878,80.908,80.848,80.897,0.1092
24.06.2019 16:06:00.000,80.898,80.948,80.897,80.928,0.0749
24.06.2019 16:07:00.000,80.947,80.947,80.847,80.858,0.0657
24.06.2019 16:08:00.000,80.858,80.898,80.858,80.898,0.0262
24.06.2019 16:09:00.000,80.898,80.908,80.897,80.908,0.0286
24.06.2019 16:10:00.000,80.907,80.937,80.897,80.918,0.0348
24.06.2019 16:11:00.000,80.918,80.928,80.897,80.917,0.1137
24.06.2019 16:12:00.000,80.908,80.908,80.827,80.858,0.0995
24.06.2019 16:13:00.000,80.870,80.928,80.868,80.928,0.0491
24.06.2019 16:14:00.000,80.928,80.938,80.917,80.928,0.0545
24.06.2019 16:15:00.000,80.928,80.928,80.907,80.928,0.0286
24.06.2019 16:16:00.000,80.928,80.948,80.927,80.927,0.0585
24.06.2019 16:17:00.000,80.927,80.938,80.867,80.867,0.0375
24.06.2019 16:18:00.000,80.868,80.880,80.828,80.878,0.089
24.06.2019 16:19:00.000,80.888,80.888,80.837,80.878,0.1522
24.06.2019 16:20:00.000,80.878,80.908,80.857,80.857,0.125
24.06.2019 16:21:00.000,80.857,80.898,80.857,80.888,0.086
24.06.2019 16:22:00.000,80.898,80.918,80.887,80.917,0.0301
24.06.2019 16:23:00.000,80.909,80.928,80.877,80.917,0.099
24.06.2019 16:24:00.000,80.918,80.938,80.917,80.918,0.0243
24.06.2019 16:25:00.000,80.928,80.938,80.868,80.868,0.1232
24.06.2019 16:26:00.000,80.868,80.910,80.848,80.858,0.1591
24.06.2019 16:27:00.000,80.857,80.868,80.808,80.808,0.0253
24.06.2019 16:28:00.000,80.807,80.808,80.768,80.768,0.0327
24.06.2019 16:29:00.000,80.768,80.778,80.717,80.758,0.153
24.06.2019 16:30:00.000,80.768,80.788,80.747,80.758,0.1069
24.06.2019 16:31:00.000,80.758,80.758,80.717,80.718,0.1522
24.06.2019 16:32:00.000,80.718,80.778,80.717,80.778,0.0721
24.06.2019 16:33:00.000,80.757,80.768,80.727,80.747,0.0846
24.06.2019 16:34:00.000,80.748,80.788,80.748,80.788,0.0964
24.06.2019 16:35:00.000,80.788,80.810,80.778,80.808,0.0467
24.06.2019 16:36:00.000,80.808,80.808,80.737,80.758,0.0902
24.06.2019 16:37:00.000,80.768,80.818,80.768,80.798,0.042
24.06.2019 16:38:00.000,80.798,80.848,80.798,80.837,0.0465
24.06.2019 16:39:00.000,80.837,80.858,80.827,80.858,0.0317
24.06.2019 16:40:00.000,80.858,80.858,80.788,80.800,0.1759
24.06.2019 16:41:00.000,80.799,80.808,80.738,80.758,0.1537
24.06.2019 16:42:00.000,80.767,80.818,80.757,80.818,0.0292
24.06.2019 16:43:00.000,80.818,80.828,80.777,80.788,0.0688
24.06.2019 16:44:00.000,80.788,80.808,80.747,80.788,0.0566
24.06.2019 16:45:00.000,80.788,80.808,80.788,80.807,0.0083
24.06.2019 16:46:00.000,80.808,80.808,80.737,80.738,0.0616
24.06.2019 16:47:00.000,80.738,80.738,80.708,80.718,0.1003
24.06.2019 16:48:00.000,80.718,80.798,80.718,80.788,0.0736
24.06.2019 16:49:00.000,80.787,80.798,80.787,80.788,0.0668
24.06.2019 16:50:00.000,80.788,80.791,80.757,80.788,0.0597
24.06.2019 16:51:00.000,80.777,80.779,80.757,80.768,0.0725
24.06.2019 16:52:00.000,80.767,80.780,80.767,80.780,0.0453
24.06.2019 16:53:00.000,80.778,80.838,80.778,80.808,0.0368
24.06.2019 16:54:00.000,80.808,80.848,80.788,80.838,0.0738
24.06.2019 16:55:00.000,80.838,80.848,80.788,80.848,0.1101
24.06.2019 16:56:00.000,80.848,80.848,80.787,80.797,0.1226
24.06.2019 16:57:00.000,80.797,80.828,80.787,80.828,0.1077
24.06.2019 16:58:00.000,80.838,80.838,80.787,80.798,0.1034
24.06.2019 16:59:00.000,80.807,80.808,80.777,80.778,0.016
24.06.2019 17:00:00.000,80.788,80.818,80.788,80.798,0.0386
24.06.2019 17:01:00.000,80.797,80.808,80.797,80.797,0.1158
24.06.2019 17:02:00.000,80.798,80.818,80.797,80.808,0.0266
24.06.2019 17:03:00.000,80.817,80.868,80.817,80.818,0.0908
24.06.2019 17:04:00.000,80.817,80.827,80.807,80.818,0.0867
24.06.2019 17:05:00.000,80.827,80.848,80.817,80.818,0.0943
24.06.2019 17:06:00.000,80.817,80.858,80.817,80.828,0.131
24.06.2019 17:07:00.000,80.827,80.848,80.827,80.838,0.0958
24.06.2019 17:08:00.000,80.848,80.878,80.827,80.827,0.0666
24.06.2019 17:09:00.000,80.827,80.838,80.807,80.818,0.0599
24.06.2019 17:10:00.000,80.828,80.908,80.827,80.878,0.0883
24.06.2019 17:11:00.000,80.878,80.908,80.878,80.888,0.0896
24.06.2019 17:12:00.000,80.868,80.878,80.847,80.847,0.0238
24.06.2019 17:13:00.000,80.828,80.838,80.807,80.808,0.021
24.06.2019 17:14:00.000,80.808,80.847,80.788,80.808,0.1006
24.06.2019 17:15:00.000,80.808,80.848,80.808,80.837,0.1313
24.06.2019 17:16:00.000,80.838,80.848,80.818,80.837,0.0921
24.06.2019 17:17:00.000,80.838,80.848,80.837,80.847,0.045
24.06.2019 17:18:00.000,80.848,80.848,80.817,80.818,0.0514
24.06.2019 17:19:00.000,80.828,80.868,80.828,80.858,0.0714
24.06.2019 17:20:00.000,80.857,80.857,80.827,80.838,0.1014
24.06.2019 17:21:00.000,80.838,80.838,80.807,80.828,0.0701
24.06.2019 17:22:00.000,80.827,80.848,80.797,80.797,0.0386
24.06.2019 17:23:00.000,80.798,80.838,80.798,80.798,0.0773
24.06.2019 17:24:00.000,80.808,80.838,80.807,80.808,0.06
24.06.2019 17:25:00.000,80.807,80.868,80.807,80.868,0.0514
24.06.2019 17:26:00.000,80.868,80.868,80.828,80.847,0.0555
24.06.2019 17:27:00.000,80.848,80.868,80.847,80.848,0.0543
24.06.2019 17:28:00.000,80.847,80.878,80.828,80.848,0.0783
24.06.2019 17:29:00.000,80.838,80.838,80.798,80.798,0.0009
24.06.2019 17:30:00.000,80.788,80.828,80.787,80.798,0.0978
24.06.2019 17:31:00.000,80.787,80.788,80.747,80.758,0.0794
24.06.2019 17:32:00.000,80.757,80.818,80.757,80.818,0.0503
24.06.2019 17:33:00.000,80.817,80.828,80.747,80.757,0.0292
24.06.2019 17:34:00.000,80.758,80.818,80.757,80.808,0.0477
24.06.2019 17:35:00.000,80.807,80.848,80.787,80.807,0.119
24.06.2019 17:36:00.000,80.817,80.828,80.808,80.817,0.0624
24.06.2019 17:37:00.000,80.807,80.818,80.807,80.818,0.0159
24.06.2019 17:38:00.000,80.837,80.858,80.797,80.797,0.0798
24.06.2019 17:39:00.000,80.798,80.818,80.778,80.817,0.0423
24.06.2019 17:40:00.000,80.818,80.848,80.798,80.848,0.0509
24.06.2019 17:41:00.000,80.848,80.848,80.737,80.747,0.0523
24.06.2019 17:42:00.000,80.748,80.767,80.708,80.767,0.1112
24.06.2019 17:43:00.000,80.767,80.788,80.737,80.738,0.1068
24.06.2019 17:44:00.000,80.707,80.738,80.657,80.677,0.1659
24.06.2019 17:45:00.000,80.678,80.678,80.637,80.668,0.115
24.06.2019 17:46:00.000,80.657,80.697,80.638,80.697,0.1099
24.06.2019 17:47:00.000,80.698,80.708,80.687,80.697,0.0011
24.06.2019 17:48:00.000,80.698,80.738,80.697,80.728,0.1102
24.06.2019 17:49:00.000,80.728,80.738,80.707,80.738,0.1179
24.06.2019 17:50:00.000,80.738,80.738,80.677,80.677,0.0469
24.06.2019 17:51:00.000,80.677,80.698,80.677,80.678,0.0279
24.06.2019 17:52:00.000,80.677,80.717,80.677,80.688,0.0403
24.06.2019 17:53:00.000,80.678,80.678,80.647,80.648,0.0721
24.06.2019 17:54:00.000,80.657,80.658,80.637,80.638,0.0178
24.06.2019 17:55:00.000,80.637,80.687,80.637,80.687,0.0258
24.06.2019 17:56:00.000,80.688,80.708,80.648,80.648,0.1248
24.06.2019 17:57:00.000,80.648,80.648,80.567,80.567,0.1076
24.06.2019 17:58:00.000,80.567,80.598,80.557,80.598,0.0474
24.06.2019 17:59:00.000,80.598,80.598,80.538,80.538,0.0168
24.06.2019 18:00:00.000,80.547,80.578,80.527,80.568,0.1015
24.06.2019 18:01:00.000,80.568,80.617,80.568,80.607,0.0494
24.06.2019 18:02:00.000,80.608,80.618,80.547,80.547,0.1289
24.06.2019 18:03:00.000,80.548,80.608,80.527,80.598,0.1445
24.06.2019 18:04:00.000,80.598,80.628,80.588,80.607,0.109
24.06.2019 18:05:00.000,80.608,80.658,80.597,80.607,0.2006
24.06.2019 18:06:00.000,80.608,80.658,80.608,80.658,0.0934
24.06.2019 18:07:00.000,80.657,80.658,80.648,80.658,0.008
24.06.2019 18:08:00.000,80.658,80.688,80.637,80.688,0.0673
24.06.2019 18:09:00.000,80.687,80.698,80.667,80.678,0.1449
24.06.2019 18:10:00.000,80.677,80.698,80.677,80.698,0.0165
24.06.2019 18:11:00.000,80.707,80.758,80.697,80.728,0.1244
24.06.2019 18:12:00.000,80.747,80.778,80.737,80.768,0.1379
24.06.2019 18:13:00.000,80.767,80.767,80.727,80.748,0.169
24.06.2019 18:14:00.000,80.748,80.748,80.718,80.718,0.0313
24.06.2019 18:15:00.000,80.727,80.748,80.718,80.728,0.0688
24.06.2019 18:16:00.000,80.718,80.768,80.717,80.767,0.0992
24.06.2019 18:17:00.000,80.767,80.808,80.757,80.798,0.1409
24.06.2019 18:18:00.000,80.798,80.798,80.728,80.767,0.06
24.06.2019 18:19:00.000,80.768,80.768,80.717,80.738,0.077
24.06.2019 18:20:00.000,80.737,80.748,80.727,80.728,0.0204
24.06.2019 18:21:00.000,80.748,80.748,80.717,80.738,0.0544
24.06.2019 18:22:00.000,80.748,80.768,80.707,80.748,0.1005
24.06.2019 18:23:00.000,80.747,80.778,80.707,80.708,0.0998
24.06.2019 18:24:00.000,80.707,80.738,80.697,80.738,0.0766
24.06.2019 18:25:00.000,80.738,80.808,80.728,80.808,0.027
24.06.2019 18:26:00.000,80.807,80.808,80.748,80.808,0.0563
24.06.2019 18:27:00.000,80.807,80.838,80.798,80.838,0.0957
24.06.2019 18:28:00.000,80.837,80.848,80.837,80.848,0.0696
24.06.2019 18:29:00.000,80.847,80.847,80.807,80.808,0.0345
24.06.2019 18:30:00.000,80.807,80.828,80.807,80.808,0.047
24.06.2019 18:31:00.000,80.817,80.828,80.747,80.747,0.053
24.06.2019 18:32:00.000,80.748,80.757,80.697,80.728,0.1439
24.06.2019 18:33:00.000,80.728,80.728,80.678,80.688,0.0503
24.06.2019 18:34:00.000,80.688,80.708,80.687,80.707,0.0718
24.06.2019 18:35:00.000,80.708,80.728,80.708,80.718,0.0067
24.06.2019 18:36:00.000,80.718,80.728,80.697,80.728,0.1003
24.06.2019 18:37:00.000,80.738,80.748,80.727,80.737,0.0957
24.06.2019 18:38:00.000,80.738,80.738,80.668,80.678,0.1019
24.06.2019 18:39:00.000,80.677,80.698,80.677,80.688,0.0846
24.06.2019 18:40:00.000,80.697,80.708,80.677,80.678,0.0536
24.06.2019 18:41:00.000,80.668,80.677,80.647,80.677,0.0724
24.06.2019 18:42:00.000,80.678,80.678,80.657,80.658,0.0186
24.06.2019 18:43:00.000,80.657,80.658,80.637,80.638,0.0154
24.06.2019 18:44:00.000,80.637,80.637,80.597,80.618,0.1094
24.06.2019 18:45:00.000,80.618,80.638,80.578,80.638,0.1487
24.06.2019 18:46:00.000,80.637,80.648,80.587,80.598,0.0812
24.06.2019 18:47:00.000,80.598,80.617,80.518,80.518,0.0601
24.06.2019 18:48:00.000,80.508,80.528,80.488,80.528,0.1012
24.06.2019 18:49:00.000,80.537,80.558,80.508,80.508,0.1254
24.06.2019 18:50:00.000,80.508,80.548,80.508,80.547,0.0775
24.06.2019 18:51:00.000,80.548,80.568,80.527,80.548,0.0576
24.06.2019 18:52:00.000,80.558,80.568,80.527,80.528,0.0654
24.06.2019 18:53:00.000,80.527,80.528,80.487,80.518,0.0926
24.06.2019 18:54:00.000,80.517,80.568,80.497,80.568,0.1332
24.06.2019 18:55:00.000,80.557,80.607,80.547,80.598,0.1551
24.06.2019 18:56:00.000,80.597,80.637,80.557,80.627,0.0559
24.06.2019 18:57:00.000,80.627,80.638,80.617,80.618,0.0047
24.06.2019 18:58:00.000,80.617,80.628,80.548,80.588,0.0579
24.06.2019 18:59:00.000,80.597,80.598,80.547,80.558,0.1019
24.06.2019 19:00:00.000,80.558,80.628,80.557,80.628,0.07
24.06.2019 19:01:00.000,80.628,80.628,80.598,80.628,0.0682
24.06.2019 19:02:00.000,80.628,80.638,80.588,80.618,0.0513
24.06.2019 19:03:00.000,80.617,80.618,80.547,80.558,0.0816
24.06.2019 19:04:00.000,80.568,80.608,80.568,80.607,0.1232
24.06.2019 19:05:00.000,80.618,80.668,80.617,80.658,0.1083
24.06.2019 19:06:00.000,80.667,80.678,80.638,80.648,0.0802
24.06.2019 19:07:00.000,80.658,80.658,80.637,80.637,0.1174
24.06.2019 19:08:00.000,80.638,80.698,80.637,80.698,0.1355
24.06.2019 19:09:00.000,80.698,80.698,80.627,80.648,0.1665
24.06.2019 19:10:00.000,80.647,80.658,80.578,80.608,0.1143
24.06.2019 19:11:00.000,80.608,80.677,80.607,80.658,0.1242
24.06.2019 19:12:00.000,80.658,80.668,80.647,80.657,0.1524
24.06.2019 19:13:00.000,80.667,80.668,80.628,80.637,0.0356
24.06.2019 19:14:00.000,80.637,80.638,80.607,80.628,0.0704
24.06.2019 19:15:00.000,80.628,80.628,80.587,80.588,0.15
24.06.2019 19:16:00.000,80.597,80.598,80.557,80.598,0.0747
24.06.2019 19:17:00.000,80.597,80.638,80.597,80.607,0.1358
24.06.2019 19:18:00.000,80.617,80.638,80.607,80.618,0.0627
24.06.2019 19:19:00.000,80.617,80.638,80.597,80.608,0.2237
24.06.2019 19:20:00.000,80.608,80.608,80.557,80.577,0.0486
24.06.2019 19:21:00.000,80.578,80.618,80.577,80.618,0.1726
24.06.2019 19:22:00.000,80.618,80.628,80.597,80.608,0.0768
24.06.2019 19:23:00.000,80.608,80.637,80.587,80.628,0.0439
24.06.2019 19:24:00.000,80.627,80.668,80.627,80.667,0.0363
24.06.2019 19:25:00.000,80.658,80.658,80.607,80.638,0.1156
24.06.2019 19:26:00.000,80.637,80.658,80.637,80.648,0.0264
24.06.2019 19:27:00.000,80.658,80.668,80.647,80.657,0.1005
24.06.2019 19:28:00.000,80.658,80.688,80.647,80.647,0.0984
24.06.2019 19:29:00.000,80.638,80.657,80.578,80.598,0.1158
24.06.2019 19:30:00.000,80.608,80.627,80.598,80.617,0.0419
24.06.2019 19:31:00.000,80.618,80.618,80.577,80.577,0.1027
24.06.2019 19:32:00.000,80.587,80.598,80.548,80.598,0.1013
24.06.2019 19:33:00.000,80.608,80.618,80.598,80.608,0.0718
24.06.2019 19:34:00.000,80.607,80.648,80.597,80.648,0.0881
24.06.2019 19:35:00.000,80.647,80.688,80.638,80.657,0.1123
24.06.2019 19:36:00.000,80.658,80.688,80.658,80.688,0.0663
24.06.2019 19:37:00.000,80.688,80.718,80.677,80.678,0.0576
24.06.2019 19:38:00.000,80.698,80.728,80.687,80.728,0.1346
24.06.2019 19:39:00.000,80.738,80.738,80.707,80.718,0.1046
24.06.2019 19:40:00.000,80.727,80.738,80.678,80.688,0.1891
24.06.2019 19:41:00.000,80.687,80.747,80.687,80.747,0.1128
24.06.2019 19:42:00.000,80.757,80.778,80.707,80.778,0.0886
24.06.2019 19:43:00.000,80.768,80.768,80.737,80.737,0.1316
24.06.2019 19:44:00.000,80.737,80.778,80.737,80.777,0.0498
24.06.2019 19:45:00.000,80.778,80.788,80.718,80.738,0.0588
24.06.2019 19:46:00.000,80.737,80.738,80.687,80.718,0.1068
24.06.2019 19:47:00.000,80.718,80.758,80.717,80.758,0.0921
24.06.2019 19:48:00.000,80.758,80.758,80.707,80.708,0.0718
24.06.2019 19:49:00.000,80.697,80.717,80.677,80.678,0.2175
24.06.2019 19:50:00.000,80.678,80.728,80.677,80.727,0.1272
24.06.2019 19:51:00.000,80.728,80.758,80.728,80.737,0.3003
24.06.2019 19:52:00.000,80.747,80.748,80.707,80.708,0.1495
24.06.2019 19:53:00.000,80.718,80.758,80.707,80.747,0.1544
24.06.2019 19:54:00.000,80.748,80.758,80.737,80.737,0.1909
24.06.2019 19:55:00.000,80.748,80.788,80.697,80.698,0.2901
24.06.2019 19:56:00.000,80.698,80.698,80.637,80.637,0.185
24.06.2019 19:57:00.000,80.648,80.688,80.627,80.667,0.2981
24.06.2019 19:58:00.000,80.668,80.698,80.628,80.638,0.2695
24.06.2019 19:59:00.000,80.628,80.718,80.627,80.717,0.3927
25.06.2019 13:30:00.000,79.727,80.718,79.727,80.158,0.0408
25.06.2019 13:31:00.000,80.118,80.238,80.118,80.238,0.0621
25.06.2019 13:32:00.000,80.318,80.428,80.318,80.328,0.0429
25.06.2019 13:33:00.000,80.328,80.328,80.168,80.208,0.0433
25.06.2019 13:34:00.000,80.207,80.278,80.207,80.228,0.0491
25.06.2019 13:35:00.000,80.227,80.387,80.227,80.347,0.1078
25.06.2019 13:36:00.000,80.348,80.348,80.307,80.328,0.0541
25.06.2019 13:37:00.000,80.397,80.458,80.297,80.298,0.2092
25.06.2019 13:38:00.000,80.298,80.428,80.287,80.357,0.2588
25.06.2019 13:39:00.000,80.357,80.507,80.357,80.437,0.184
25.06.2019 13:40:00.000,80.438,80.438,80.327,80.328,0.2134
25.06.2019 13:41:00.000,80.338,80.508,80.328,80.488,0.1702
25.06.2019 13:42:00.000,80.488,80.508,80.467,80.488,0.1598
25.06.2019 13:43:00.000,80.488,80.608,80.488,80.568,0.0682
25.06.2019 13:44:00.000,80.568,80.607,80.568,80.568,0.1088
25.06.2019 13:45:00.000,80.598,80.658,80.598,80.657,0.0588
25.06.2019 13:46:00.000,80.657,80.658,80.627,80.647,0.0722
25.06.2019 13:47:00.000,80.648,80.658,80.598,80.598,0.0724
25.06.2019 13:48:00.000,80.597,80.598,80.397,80.408,0.1259
25.06.2019 13:49:00.000,80.408,80.438,80.257,80.297,0.0664
25.06.2019 13:50:00.000,80.298,80.378,80.298,80.367,0.0247
25.06.2019 13:51:00.000,80.367,80.378,80.348,80.378,0.0645
25.06.2019 13:52:00.000,80.377,80.598,80.377,80.598,0.1147
25.06.2019 13:53:00.000,80.597,80.718,80.597,80.668,0.1091
25.06.2019 13:54:00.000,80.668,80.668,80.598,80.598,0.034
25.06.2019 13:55:00.000,80.598,80.678,80.597,80.678,0.0253
25.06.2019 13:56:00.000,80.687,80.748,80.658,80.728,0.0807
25.06.2019 13:57:00.000,80.728,80.728,80.657,80.667,0.056
25.06.2019 13:58:00.000,80.668,80.778,80.658,80.778,0.0627
25.06.2019 13:59:00.000,80.778,80.868,80.678,80.867,0.0916
25.06.2019 14:00:00.000,80.888,80.938,80.787,80.928,0.1087
25.06.2019 14:01:00.000,80.918,80.918,80.887,80.888,0.1192
25.06.2019 14:02:00.000,80.888,80.888,80.867,80.877,0.0138
25.06.2019 14:03:00.000,80.878,80.967,80.878,80.928,0.1114
25.06.2019 14:04:00.000,80.927,80.968,80.917,80.917,0.115
25.06.2019 14:05:00.000,80.918,81.028,80.918,80.977,0.1409
25.06.2019 14:06:00.000,80.978,81.088,80.977,81.068,0.1966
25.06.2019 14:07:00.000,81.097,81.108,81.038,81.038,0.0306
25.06.2019 14:08:00.000,81.038,81.188,81.037,81.188,0.2667
25.06.2019 14:09:00.000,81.188,81.228,81.188,81.198,0.105
25.06.2019 14:10:00.000,81.197,81.228,81.158,81.208,0.0618
25.06.2019 14:11:00.000,81.197,81.248,81.197,81.217,0.0162
25.06.2019 14:12:00.000,81.218,81.218,81.128,81.128,0.0891
25.06.2019 14:13:00.000,81.128,81.268,81.128,81.268,0.1392
25.06.2019 14:14:00.000,81.268,81.337,81.237,81.307,0.1511
25.06.2019 14:15:00.000,81.308,81.358,81.297,81.358,0.0769
25.06.2019 14:16:00.000,81.358,81.358,81.317,81.338,0.0378
25.06.2019 14:17:00.000,81.338,81.408,81.338,81.358,0.0654
25.06.2019 14:18:00.000,81.347,81.358,81.287,81.287,0.0642
25.06.2019 14:19:00.000,81.298,81.338,81.298,81.337,0.0222
25.06.2019 14:20:00.000,81.338,81.338,81.237,81.318,0.2176
25.06.2019 14:21:00.000,81.328,81.348,81.218,81.257,0.1715
25.06.2019 14:22:00.000,81.257,81.287,81.177,81.177,0.1079
25.06.2019 14:23:00.000,81.178,81.198,81.127,81.168,0.1015
25.06.2019 14:24:00.000,81.168,81.268,81.148,81.258,0.1625
25.06.2019 14:25:00.000,81.258,81.367,81.248,81.348,0.2076
25.06.2019 14:26:00.000,81.348,81.378,81.328,81.328,0.0556
25.06.2019 14:27:00.000,81.348,81.398,81.348,81.367,0.0727
25.06.2019 14:28:00.000,81.368,81.378,81.357,81.377,0.0733
25.06.2019 14:29:00.000,81.378,81.378,81.327,81.337,0.0589
25.06.2019 14:30:00.000,81.338,81.378,81.327,81.378,0.0814
25.06.2019 14:31:00.000,81.378,81.408,81.357,81.368,0.1079
25.06.2019 14:32:00.000,81.367,81.448,81.367,81.438,0.0522
25.06.2019 14:33:00.000,81.427,81.428,81.388,81.398,0.0597
25.06.2019 14:34:00.000,81.398,81.418,81.347,81.418,0.0545
25.06.2019 14:35:00.000,81.437,81.448,81.367,81.408,0.0633
25.06.2019 14:36:00.000,81.418,81.438,81.377,81.418,0.1375
25.06.2019 14:37:00.000,81.428,81.478,81.427,81.457,0.0213
25.06.2019 14:38:00.000,81.458,81.518,81.447,81.507,0.0732
25.06.2019 14:39:00.000,81.508,81.558,81.508,81.548,0.0952
25.06.2019 14:40:00.000,81.547,81.628,81.537,81.548,0.1939
25.06.2019 14:41:00.000,81.548,81.588,81.547,81.587,0.1388
25.06.2019 14:42:00.000,81.588,81.608,81.488,81.518,0.103
25.06.2019 14:43:00.000,81.518,81.528,81.507,81.508,0.0308
25.06.2019 14:44:00.000,81.508,81.608,81.507,81.597,0.0531
25.06.2019 14:45:00.000,81.598,81.638,81.597,81.638,0.0445
25.06.2019 14:46:00.000,81.638,81.648,81.588,81.618,0.0724
25.06.2019 14:47:00.000,81.617,81.638,81.587,81.618,0.1003
25.06.2019 14:48:00.000,81.618,81.678,81.617,81.667,0.0706
25.06.2019 14:49:00.000,81.668,81.678,81.607,81.607,0.0845
25.06.2019 14:50:00.000,81.608,81.688,81.558,81.687,0.1151
25.06.2019 14:51:00.000,81.687,81.718,81.628,81.708,0.0824
25.06.2019 14:52:00.000,81.708,81.728,81.647,81.657,0.0878
25.06.2019 14:53:00.000,81.658,81.658,81.608,81.618,0.0921
25.06.2019 14:54:00.000,81.627,81.718,81.627,81.718,0.0788
25.06.2019 14:55:00.000,81.728,81.788,81.717,81.758,0.1216
25.06.2019 14:56:00.000,81.758,81.767,81.698,81.738,0.0907
25.06.2019 14:57:00.000,81.738,81.738,81.697,81.718,0.0477
25.06.2019 14:58:00.000,81.728,81.818,81.728,81.818,0.1192
25.06.2019 14:59:00.000,81.798,81.837,81.747,81.758,0.1274
25.06.2019 15:00:00.000,81.768,81.778,81.717,81.728,0.0916
25.06.2019 15:01:00.000,81.718,81.778,81.718,81.768,0.1142
25.06.2019 15:02:00.000,81.767,81.827,81.767,81.798,0.1242
25.06.2019 15:03:00.000,81.798,81.828,81.797,81.797,0.1403
25.06.2019 15:04:00.000,81.807,81.858,81.797,81.858,0.0396
25.06.2019 15:05:00.000,81.857,81.928,81.838,81.897,0.113
25.06.2019 15:06:00.000,81.898,81.898,81.777,81.798,0.1444
25.06.2019 15:07:00.000,81.798,81.858,81.797,81.857,0.0645
25.06.2019 15:08:00.000,81.858,81.868,81.787,81.788,0.0951
25.06.2019 15:09:00.000,81.788,81.797,81.737,81.737,0.1311
25.06.2019 15:10:00.000,81.737,81.738,81.687,81.718,0.031
25.06.2019 15:11:00.000,81.727,81.768,81.708,81.727,0.0555
25.06.2019 15:12:00.000,81.728,81.747,81.727,81.728,0.0256
25.06.2019 15:13:00.000,81.737,81.778,81.728,81.767,0.0656
25.06.2019 15:14:00.000,81.768,81.768,81.727,81.758,0.1244
25.06.2019 15:15:00.000,81.758,81.778,81.688,81.737,0.1314
25.06.2019 15:16:00.000,81.738,81.768,81.737,81.757,0.0316
25.06.2019 15:17:00.000,81.758,81.778,81.728,81.778,0.076
25.06.2019 15:18:00.000,81.778,81.838,81.767,81.828,0.1332
25.06.2019 15:19:00.000,81.828,81.858,81.797,81.827,0.084
25.06.2019 15:20:00.000,81.828,81.828,81.787,81.827,0.064
25.06.2019 15:21:00.000,81.828,81.908,81.827,81.877,0.0902
25.06.2019 15:22:00.000,81.878,81.908,81.877,81.888,0.1054
25.06.2019 15:23:00.000,81.887,81.918,81.857,81.877,0.1154
25.06.2019 15:24:00.000,81.877,81.877,81.767,81.768,0.0807
25.06.2019 15:25:00.000,81.767,81.818,81.757,81.798,0.082
25.06.2019 15:26:00.000,81.797,81.797,81.737,81.738,0.0654
25.06.2019 15:27:00.000,81.738,81.778,81.717,81.778,0.0528
25.06.2019 15:28:00.000,81.777,81.807,81.777,81.787,0.0288
25.06.2019 15:29:00.000,81.788,81.808,81.777,81.777,0.0232
25.06.2019 15:30:00.000,81.787,81.798,81.758,81.788,0.0605
25.06.2019 15:31:00.000,81.788,81.808,81.787,81.797,0.0841
25.06.2019 15:32:00.000,81.798,81.807,81.787,81.798,0.0232
25.06.2019 15:33:00.000,81.797,81.798,81.627,81.627,0.0774
25.06.2019 15:34:00.000,81.628,81.678,81.627,81.648,0.0694
25.06.2019 15:35:00.000,81.647,81.648,81.597,81.607,0.0902
25.06.2019 15:36:00.000,81.608,81.638,81.598,81.628,0.0252
25.06.2019 15:37:00.000,81.638,81.657,81.627,81.628,0.0396
25.06.2019 15:38:00.000,81.638,81.678,81.628,81.657,0.0896
25.06.2019 15:39:00.000,81.657,81.678,81.597,81.628,0.1354
25.06.2019 15:40:00.000,81.628,81.688,81.628,81.678,0.1039
25.06.2019 15:41:00.000,81.677,81.738,81.677,81.737,0.0771
25.06.2019 15:42:00.000,81.738,81.748,81.667,81.707,0.0726
25.06.2019 15:43:00.000,81.708,81.738,81.707,81.738,0.0351
25.06.2019 15:44:00.000,81.737,81.738,81.637,81.658,0.0985
25.06.2019 15:45:00.000,81.677,81.678,81.617,81.618,0.0547
25.06.2019 15:46:00.000,81.638,81.658,81.558,81.558,0.104
25.06.2019 15:47:00.000,81.568,81.578,81.538,81.567,0.0874
25.06.2019 15:48:00.000,81.568,81.608,81.517,81.517,0.1004
25.06.2019 15:49:00.000,81.518,81.588,81.518,81.588,0.0206
25.06.2019 15:50:00.000,81.587,81.598,81.568,81.568,0.0294
25.06.2019 15:51:00.000,81.568,81.598,81.547,81.598,0.0548
25.06.2019 15:52:00.000,81.608,81.618,81.598,81.608,0.0571
25.06.2019 15:53:00.000,81.608,81.638,81.608,81.638,0.0212
25.06.2019 15:54:00.000,81.637,81.697,81.637,81.678,0.026
25.06.2019 15:55:00.000,81.677,81.677,81.588,81.597,0.0473
25.06.2019 15:56:00.000,81.598,81.628,81.538,81.627,0.0375
25.06.2019 15:57:00.000,81.638,81.638,81.608,81.618,0.0139
25.06.2019 15:58:00.000,81.618,81.668,81.608,81.628,0.1245
25.06.2019 15:59:00.000,81.628,81.648,81.617,81.627,0.0686
25.06.2019 16:00:00.000,81.638,81.688,81.628,81.688,0.1104
25.06.2019 16:01:00.000,81.687,81.708,81.687,81.687,0.0232
25.06.2019 16:02:00.000,81.688,81.698,81.607,81.638,0.0944
25.06.2019 16:03:00.000,81.637,81.648,81.507,81.528,0.0784
25.06.2019 16:04:00.000,81.527,81.598,81.517,81.598,0.1149
25.06.2019 16:05:00.000,81.597,81.598,81.557,81.557,0.032
25.06.2019 16:06:00.000,81.558,81.598,81.537,81.587,0.0237
25.06.2019 16:07:00.000,81.588,81.588,81.527,81.528,0.0548
25.06.2019 16:08:00.000,81.528,81.548,81.498,81.498,0.0559
25.06.2019 16:09:00.000,81.497,81.518,81.467,81.467,0.0607
25.06.2019 16:10:00.000,81.468,81.548,81.467,81.528,0.0244
25.06.2019 16:11:00.000,81.528,81.538,81.507,81.538,0.0136
25.06.2019 16:12:00.000,81.538,81.588,81.538,81.588,0.1488
25.06.2019 16:13:00.000,81.587,81.598,81.487,81.487,0.0478
25.06.2019 16:14:00.000,81.488,81.517,81.487,81.507,0.0664
25.06.2019 16:15:00.000,81.508,81.528,81.468,81.498,0.0829
25.06.2019 16:16:00.000,81.498,81.518,81.477,81.517,0.1037
25.06.2019 16:17:00.000,81.517,81.518,81.477,81.517,0.0847
25.06.2019 16:18:00.000,81.518,81.528,81.507,81.508,0.0381
25.06.2019 16:19:00.000,81.507,81.528,81.497,81.518,0.0427
25.06.2019 16:20:00.000,81.518,81.538,81.498,81.518,0.0685
25.06.2019 16:21:00.000,81.518,81.518,81.498,81.517,0.0528
25.06.2019 16:22:00.000,81.518,81.518,81.477,81.508,0.0964
25.06.2019 16:23:00.000,81.507,81.517,81.428,81.488,0.1179
25.06.2019 16:24:00.000,81.488,81.498,81.477,81.478,0.0429
25.06.2019 16:25:00.000,81.478,81.508,81.478,81.507,0.0544
25.06.2019 16:26:00.000,81.508,81.508,81.487,81.488,0.0443
25.06.2019 16:27:00.000,81.488,81.518,81.487,81.518,0.0891
25.06.2019 16:28:00.000,81.527,81.527,81.487,81.487,0.1153
25.06.2019 16:29:00.000,81.488,81.598,81.487,81.598,0.1532
25.06.2019 16:30:00.000,81.597,81.648,81.597,81.648,0.1265
25.06.2019 16:31:00.000,81.648,81.658,81.647,81.648,0.0239
25.06.2019 16:32:00.000,81.648,81.678,81.637,81.668,0.068
25.06.2019 16:33:00.000,81.667,81.698,81.667,81.667,0.0525
25.06.2019 16:34:00.000,81.668,81.688,81.618,81.658,0.095
25.06.2019 16:35:00.000,81.658,81.688,81.657,81.687,0.0384
25.06.2019 16:36:00.000,81.688,81.728,81.668,81.708,0.1963
25.06.2019 16:37:00.000,81.708,81.718,81.657,81.718,0.1431
25.06.2019 16:38:00.000,81.718,81.718,81.668,81.678,0.1152
25.06.2019 16:39:00.000,81.678,81.678,81.618,81.628,0.0802
25.06.2019 16:40:00.000,81.627,81.678,81.608,81.657,0.0462
25.06.2019 16:41:00.000,81.658,81.687,81.657,81.658,0.1361
25.06.2019 16:42:00.000,81.658,81.698,81.657,81.688,0.1144
25.06.2019 16:43:00.000,81.688,81.688,81.667,81.667,0.0199
25.06.2019 16:44:00.000,81.668,81.707,81.658,81.658,0.0721
25.06.2019 16:45:00.000,81.658,81.668,81.658,81.667,0.0291
25.06.2019 16:46:00.000,81.668,81.698,81.657,81.698,0.1408
25.06.2019 16:47:00.000,81.707,81.728,81.697,81.718,0.0353
25.06.2019 16:48:00.000,81.727,81.738,81.678,81.678,0.0889
25.06.2019 16:49:00.000,81.688,81.708,81.667,81.708,0.0868
25.06.2019 16:50:00.000,81.707,81.718,81.688,81.688,0.0849
25.06.2019 16:51:00.000,81.688,81.738,81.648,81.717,0.2096
25.06.2019 16:52:00.000,81.718,81.747,81.677,81.678,0.1008
25.06.2019 16:53:00.000,81.677,81.728,81.677,81.718,0.2209
25.06.2019 16:54:00.000,81.717,81.748,81.717,81.738,0.052
25.06.2019 16:55:00.000,81.737,81.758,81.667,81.668,0.1092
25.06.2019 16:56:00.000,81.667,81.678,81.618,81.668,0.1806
25.06.2019 16:57:00.000,81.668,81.698,81.657,81.677,0.0829
25.06.2019 16:58:00.000,81.677,81.688,81.668,81.688,0.0207
25.06.2019 16:59:00.000,81.687,81.698,81.687,81.698,0.0628
25.06.2019 17:00:00.000,81.698,81.708,81.697,81.708,0.0663
25.06.2019 17:01:00.000,81.698,81.698,81.577,81.607,0.0971
25.06.2019 17:02:00.000,81.608,81.618,81.598,81.617,0.1112
25.06.2019 17:03:00.000,81.617,81.648,81.608,81.637,0.0954
25.06.2019 17:04:00.000,81.638,81.678,81.638,81.657,0.0589
25.06.2019 17:05:00.000,81.658,81.718,81.658,81.708,0.0382
25.06.2019 17:06:00.000,81.708,81.708,81.617,81.617,0.1142
25.06.2019 17:07:00.000,81.628,81.648,81.537,81.538,0.1857
25.06.2019 17:08:00.000,81.538,81.568,81.517,81.568,0.0782
25.06.2019 17:09:00.000,81.578,81.618,81.577,81.617,0.1858
25.06.2019 17:10:00.000,81.617,81.678,81.617,81.658,0.0985
25.06.2019 17:11:00.000,81.677,81.698,81.667,81.688,0.068
25.06.2019 17:12:00.000,81.687,81.708,81.677,81.708,0.0519
25.06.2019 17:13:00.000,81.718,81.718,81.667,81.708,0.071
25.06.2019 17:14:00.000,81.708,81.708,81.627,81.648,0.0552
25.06.2019 17:15:00.000,81.657,81.688,81.657,81.667,0.0654
25.06.2019 17:16:00.000,81.658,81.658,81.597,81.608,0.0549
25.06.2019 17:17:00.000,81.598,81.638,81.597,81.608,0.0887
25.06.2019 17:18:00.000,81.608,81.628,81.587,81.588,0.0804
25.06.2019 17:19:00.000,81.587,81.647,81.547,81.638,0.1836
25.06.2019 17:20:00.000,81.638,81.638,81.577,81.608,0.0895
25.06.2019 17:21:00.000,81.607,81.668,81.577,81.668,0.1727
25.06.2019 17:22:00.000,81.678,81.688,81.637,81.637,0.0364
25.06.2019 17:23:00.000,81.637,81.638,81.628,81.638,0.0444
25.06.2019 17:24:00.000,81.648,81.658,81.598,81.618,0.1594
25.06.2019 17:25:00.000,81.618,81.648,81.618,81.648,0.0675
25.06.2019 17:26:00.000,81.647,81.658,81.647,81.648,0.0397
25.06.2019 17:27:00.000,81.647,81.658,81.607,81.608,0.0906
25.06.2019 17:28:00.000,81.618,81.668,81.618,81.658,0.1979
25.06.2019 17:29:00.000,81.657,81.688,81.578,81.578,0.1006
25.06.2019 17:30:00.000,81.577,81.608,81.577,81.578,0.0657
25.06.2019 17:31:00.000,81.578,81.588,81.547,81.548,0.1479
25.06.2019 17:32:00.000,81.558,81.598,81.538,81.598,0.0935
25.06.2019 17:33:00.000,81.597,81.608,81.548,81.548,0.0719
25.06.2019 17:34:00.000,81.548,81.578,81.537,81.548,0.0864
25.06.2019 17:35:00.000,81.538,81.568,81.538,81.548,0.1446
25.06.2019 17:36:00.000,81.558,81.558,81.438,81.438,0.1193
25.06.2019 17:37:00.000,81.448,81.448,81.397,81.408,0.0672
25.06.2019 17:38:00.000,81.408,81.458,81.388,81.457,0.0646
25.06.2019 17:39:00.000,81.458,81.468,81.407,81.438,0.0766
25.06.2019 17:40:00.000,81.457,81.478,81.457,81.458,0.1154
25.06.2019 17:41:00.000,81.447,81.468,81.427,81.447,0.1413
25.06.2019 17:42:00.000,81.448,81.448,81.407,81.428,0.0696
25.06.2019 17:43:00.000,81.438,81.458,81.437,81.457,0.1035
25.06.2019 17:44:00.000,81.458,81.458,81.447,81.448,0.0635
25.06.2019 17:45:00.000,81.457,81.488,81.457,81.468,0.024
25.06.2019 17:46:00.000,81.467,81.488,81.458,81.468,0.0431
25.06.2019 17:47:00.000,81.478,81.488,81.447,81.458,0.0807
25.06.2019 17:48:00.000,81.458,81.478,81.437,81.458,0.0691
25.06.2019 17:49:00.000,81.457,81.518,81.457,81.478,0.0761
25.06.2019 17:50:00.000,81.478,81.568,81.478,81.528,0.078
25.06.2019 17:51:00.000,81.528,81.568,81.517,81.567,0.1214
25.06.2019 17:52:00.000,81.567,81.588,81.538,81.538,0.0709
25.06.2019 17:53:00.000,81.538,81.568,81.518,81.537,0.0965
25.06.2019 17:54:00.000,81.518,81.537,81.498,81.517,0.0663
25.06.2019 17:55:00.000,81.518,81.528,81.517,81.517,0.0442
25.06.2019 17:56:00.000,81.518,81.548,81.517,81.538,0.1507
25.06.2019 17:57:00.000,81.537,81.548,81.527,81.528,0.0998
25.06.2019 17:58:00.000,81.527,81.548,81.527,81.548,0.0393
25.06.2019 17:59:00.000,81.547,81.558,81.537,81.538,0.093
25.06.2019 18:00:00.000,81.558,81.628,81.557,81.628,0.1377
25.06.2019 18:01:00.000,81.628,81.648,81.627,81.637,0.0568
25.06.2019 18:02:00.000,81.638,81.698,81.627,81.698,0.1136
25.06.2019 18:03:00.000,81.698,81.727,81.687,81.718,0.0962
25.06.2019 18:04:00.000,81.717,81.728,81.717,81.718,0.1637
25.06.2019 18:05:00.000,81.718,81.728,81.698,81.718,0.0445
25.06.2019 18:06:00.000,81.717,81.758,81.707,81.758,0.0341
25.06.2019 18:07:00.000,81.757,81.758,81.727,81.758,0.0877
25.06.2019 18:08:00.000,81.757,81.818,81.747,81.808,0.1309
25.06.2019 18:09:00.000,81.807,81.818,81.748,81.748,0.1827
25.06.2019 18:10:00.000,81.747,81.768,81.727,81.767,0.1356
25.06.2019 18:11:00.000,81.768,81.778,81.747,81.777,0.0668
25.06.2019 18:12:00.000,81.778,81.778,81.737,81.748,0.091
25.06.2019 18:13:00.000,81.747,81.778,81.747,81.757,0.1123
25.06.2019 18:14:00.000,81.758,81.778,81.757,81.768,0.109
25.06.2019 18:15:00.000,81.767,81.788,81.757,81.788,0.1266
25.06.2019 18:16:00.000,81.798,81.828,81.798,81.808,0.0705
25.06.2019 18:17:00.000,81.807,81.858,81.807,81.857,0.0395
25.06.2019 18:18:00.000,81.858,81.888,81.847,81.878,0.0524
25.06.2019 18:19:00.000,81.898,81.908,81.857,81.857,0.1679
25.06.2019 18:20:00.000,81.858,81.858,81.807,81.817,0.1304
25.06.2019 18:21:00.000,81.818,81.868,81.817,81.828,0.1362
25.06.2019 18:22:00.000,81.828,81.828,81.777,81.787,0.0379
25.06.2019 18:23:00.000,81.788,81.838,81.768,81.788,0.1703
25.06.2019 18:24:00.000,81.787,81.798,81.757,81.758,0.0517
25.06.2019 18:25:00.000,81.757,81.768,81.717,81.718,0.1068
25.06.2019 18:26:00.000,81.717,81.748,81.708,81.708,0.0937
25.06.2019 18:27:00.000,81.708,81.708,81.618,81.637,0.1029
25.06.2019 18:28:00.000,81.638,81.688,81.637,81.658,0.0643
25.06.2019 18:29:00.000,81.658,81.677,81.647,81.677,0.0501
25.06.2019 18:30:00.000,81.678,81.688,81.647,81.687,0.1284
25.06.2019 18:31:00.000,81.688,81.688,81.607,81.608,0.1101
25.06.2019 18:32:00.000,81.608,81.618,81.597,81.598,0.0543
25.06.2019 18:33:00.000,81.597,81.638,81.597,81.627,0.0849
25.06.2019 18:34:00.000,81.637,81.637,81.617,81.618,0.0718
25.06.2019 18:35:00.000,81.618,81.648,81.558,81.558,0.1334
25.06.2019 18:36:00.000,81.557,81.578,81.517,81.578,0.1267
25.06.2019 18:37:00.000,81.578,81.588,81.548,81.588,0.1256
25.06.2019 18:38:00.000,81.597,81.598,81.557,81.588,0.1219
25.06.2019 18:39:00.000,81.587,81.588,81.577,81.588,0.1141
25.06.2019 18:40:00.000,81.587,81.648,81.587,81.638,0.0739
25.06.2019 18:41:00.000,81.637,81.638,81.587,81.598,0.0487
25.06.2019 18:42:00.000,81.588,81.608,81.577,81.607,0.087
25.06.2019 18:43:00.000,81.608,81.698,81.607,81.697,0.1216
25.06.2019 18:44:00.000,81.698,81.698,81.657,81.678,0.1126
25.06.2019 18:45:00.000,81.678,81.718,81.677,81.708,0.1175
25.06.2019 18:46:00.000,81.707,81.738,81.687,81.727,0.1117
25.06.2019 18:47:00.000,81.728,81.768,81.717,81.718,0.1204
25.06.2019 18:48:00.000,81.718,81.738,81.717,81.728,0.1216
25.06.2019 18:49:00.000,81.727,81.738,81.717,81.718,0.0831
25.06.2019 18:50:00.000,81.728,81.738,81.688,81.718,0.0833
25.06.2019 18:51:00.000,81.728,81.797,81.727,81.748,0.154
25.06.2019 18:52:00.000,81.747,81.778,81.747,81.768,0.0782
25.06.2019 18:53:00.000,81.758,81.758,81.727,81.748,0.0342
25.06.2019 18:54:00.000,81.748,81.798,81.747,81.788,0.1061
25.06.2019 18:55:00.000,81.787,81.878,81.787,81.878,0.1277
25.06.2019 18:56:00.000,81.877,81.908,81.857,81.898,0.1547
25.06.2019 18:57:00.000,81.898,81.898,81.857,81.888,0.1311
25.06.2019 18:58:00.000,81.888,81.888,81.837,81.868,0.1053
25.06.2019 18:59:00.000,81.867,81.918,81.867,81.918,0.0852
25.06.2019 19:00:00.000,81.918,81.918,81.877,81.888,0.2113
25.06.2019 19:01:00.000,81.878,81.878,81.867,81.868,0.011
25.06.2019 19:02:00.000,81.868,81.868,81.797,81.837,0.1424
25.06.2019 19:03:00.000,81.837,81.838,81.817,81.818,0.043
25.06.2019 19:04:00.000,81.838,81.868,81.838,81.868,0.1149
25.06.2019 19:05:00.000,81.867,81.878,81.838,81.858,0.1066
25.06.2019 19:06:00.000,81.858,81.888,81.858,81.878,0.1321
25.06.2019 19:07:00.000,81.877,81.948,81.877,81.948,0.0482
25.06.2019 19:08:00.000,81.948,81.948,81.907,81.908,0.099
25.06.2019 19:09:00.000,81.907,81.918,81.898,81.908,0.0523
25.06.2019 19:10:00.000,81.907,81.908,81.887,81.887,0.0281
25.06.2019 19:11:00.000,81.888,81.888,81.877,81.888,0.079
25.06.2019 19:12:00.000,81.878,81.897,81.857,81.888,0.0694
25.06.2019 19:13:00.000,81.888,81.918,81.877,81.908,0.0736
25.06.2019 19:14:00.000,81.908,81.918,81.857,81.908,0.1388
25.06.2019 19:15:00.000,81.908,81.908,81.868,81.878,0.0788
25.06.2019 19:16:00.000,81.877,81.878,81.827,81.827,0.0993
25.06.2019 19:17:00.000,81.828,81.828,81.798,81.798,0.0389
25.06.2019 19:18:00.000,81.797,81.837,81.797,81.837,0.1217
25.06.2019 19:19:00.000,81.838,81.848,81.827,81.848,0.0583
25.06.2019 19:20:00.000,81.848,81.848,81.787,81.827,0.0732
25.06.2019 19:21:00.000,81.828,81.848,81.817,81.848,0.1274
25.06.2019 19:22:00.000,81.847,81.877,81.808,81.838,0.1909
25.06.2019 19:23:00.000,81.838,81.848,81.777,81.828,0.1249
25.06.2019 19:24:00.000,81.827,81.858,81.817,81.858,0.0345
25.06.2019 19:25:00.000,81.857,81.857,81.797,81.808,0.1194
25.06.2019 19:26:00.000,81.808,81.818,81.738,81.767,0.1374
25.06.2019 19:27:00.000,81.768,81.808,81.768,81.798,0.1986
25.06.2019 19:28:00.000,81.797,81.848,81.797,81.848,0.1368
25.06.2019 19:29:00.000,81.847,81.858,81.838,81.848,0.1049
25.06.2019 19:30:00.000,81.848,81.898,81.847,81.888,0.1614
25.06.2019 19:31:00.000,81.887,81.898,81.877,81.888,0.0639
25.06.2019 19:32:00.000,81.887,81.908,81.877,81.898,0.1548
25.06.2019 19:33:00.000,81.898,81.898,81.807,81.818,0.1524
25.06.2019 19:34:00.000,81.817,81.848,81.817,81.838,0.0296
25.06.2019 19:35:00.000,81.848,81.888,81.827,81.878,0.15
25.06.2019 19:36:00.000,81.888,81.888,81.867,81.878,0.0857
25.06.2019 19:37:00.000,81.877,81.908,81.877,81.908,0.0588
25.06.2019 19:38:00.000,81.908,81.928,81.847,81.858,0.2189
25.06.2019 19:39:00.000,81.857,81.858,81.847,81.857,0.0224
25.06.2019 19:40:00.000,81.858,81.928,81.858,81.888,0.1201
25.06.2019 19:41:00.000,81.888,81.888,81.837,81.837,0.0851
25.06.2019 19:42:00.000,81.828,81.858,81.817,81.847,0.1317
25.06.2019 19:43:00.000,81.848,81.848,81.827,81.827,0.1074
25.06.2019 19:44:00.000,81.828,81.868,81.827,81.848,0.0384
25.06.2019 19:45:00.000,81.837,81.868,81.818,81.858,0.1367
25.06.2019 19:46:00.000,81.857,81.908,81.837,81.878,0.1784
25.06.2019 19:47:00.000,81.878,81.878,81.767,81.768,0.2764
25.06.2019 19:48:00.000,81.767,81.798,81.748,81.757,0.168
25.06.2019 19:49:00.000,81.758,81.808,81.747,81.748,0.135
25.06.2019 19:50:00.000,81.748,81.748,81.657,81.678,0.2033
25.06.2019 19:51:00.000,81.688,81.738,81.637,81.638,0.2874
25.06.2019 19:52:00.000,81.638,81.638,81.577,81.598,0.0573
25.06.2019 19:53:00.000,81.598,81.638,81.517,81.528,0.1589
25.06.2019 19:54:00.000,81.537,81.628,81.537,81.608,0.3211
25.06.2019 19:55:00.000,81.598,81.688,81.568,81.648,0.344
25.06.2019 19:56:00.000,81.658,81.687,81.598,81.598,0.272
25.06.2019 19:57:00.000,81.608,81.658,81.608,81.638,0.301
25.06.2019 19:58:00.000,81.648,81.738,81.638,81.718,0.4045
25.06.2019 19:59:00.000,81.717,81.748,81.607,81.608,0.549
26.06.2019 13:30:00.000,81.658,82.617,81.658,82.528,0.0858
26.06.2019 13:31:00.000,82.588,82.588,82.407,82.488,0.0541
26.06.2019 13:32:00.000,82.498,82.578,82.497,82.508,0.0693
26.06.2019 13:33:00.000,82.578,82.648,82.498,82.517,0.1066
26.06.2019 13:34:00.000,82.517,82.528,82.457,82.478,0.0937
26.06.2019 13:35:00.000,82.487,82.758,82.478,82.758,0.0745
26.06.2019 13:36:00.000,82.748,82.918,82.748,82.848,0.1687
26.06.2019 13:37:00.000,82.848,82.967,82.798,82.818,0.1686
26.06.2019 13:38:00.000,82.807,82.898,82.797,82.897,0.1631
26.06.2019 13:39:00.000,82.898,82.928,82.808,82.857,0.1562
26.06.2019 13:40:00.000,82.858,82.877,82.727,82.758,0.1584
26.06.2019 13:41:00.000,82.758,83.017,82.758,82.988,0.1789
26.06.2019 13:42:00.000,83.008,83.088,82.977,83.087,0.1255
26.06.2019 13:43:00.000,83.088,83.288,83.087,83.248,0.1056
26.06.2019 13:44:00.000,83.247,83.438,83.247,83.438,0.1571
26.06.2019 13:45:00.000,83.457,83.488,83.357,83.408,0.1806
26.06.2019 13:46:00.000,83.408,83.447,83.357,83.407,0.1813
26.06.2019 13:47:00.000,83.407,83.428,83.358,83.408,0.1897
26.06.2019 13:48:00.000,83.407,83.438,83.348,83.388,0.3297
26.06.2019 13:49:00.000,83.387,83.438,83.287,83.438,0.1757
26.06.2019 13:50:00.000,83.438,83.528,83.418,83.437,0.1839
26.06.2019 13:51:00.000,83.438,83.508,83.357,83.488,0.2327
26.06.2019 13:52:00.000,83.488,83.588,83.477,83.567,0.1389
26.06.2019 13:53:00.000,83.568,83.677,83.567,83.648,0.1404
26.06.2019 13:54:00.000,83.657,83.788,83.647,83.718,0.2301
26.06.2019 13:55:00.000,83.728,83.728,83.587,83.718,0.1603
26.06.2019 13:56:00.000,83.717,83.858,83.717,83.838,0.1536
26.06.2019 13:57:00.000,83.837,83.928,83.797,83.868,0.2607
26.06.2019 13:58:00.000,83.867,83.868,83.808,83.858,0.1785
26.06.2019 13:59:00.000,83.857,83.998,83.817,83.998,0.1856
26.06.2019 14:00:00.000,84.008,84.008,83.807,83.808,0.1459
26.06.2019 14:01:00.000,83.808,83.808,83.687,83.778,0.273
26.06.2019 14:02:00.000,83.768,83.918,83.757,83.908,0.083
26.06.2019 14:03:00.000,83.907,83.948,83.838,83.848,0.0729
26.06.2019 14:04:00.000,83.847,83.888,83.797,83.888,0.1381
26.06.2019 14:05:00.000,83.888,83.888,83.777,83.878,0.1628
26.06.2019 14:06:00.000,83.877,83.898,83.838,83.848,0.1048
26.06.2019 14:07:00.000,83.848,83.878,83.768,83.868,0.0915
26.06.2019 14:08:00.000,83.868,83.868,83.777,83.777,0.0957
26.06.2019 14:09:00.000,83.778,83.778,83.637,83.638,0.1005
26.06.2019 14:10:00.000,83.638,83.698,83.598,83.678,0.1119
26.06.2019 14:11:00.000,83.668,83.668,83.598,83.628,0.1444
26.06.2019 14:12:00.000,83.628,83.708,83.627,83.707,0.1595
26.06.2019 14:13:00.000,83.708,83.778,83.687,83.778,0.1309
26.06.2019 14:14:00.000,83.777,83.888,83.777,83.878,0.1954
26.06.2019 14:15:00.000,83.877,84.008,83.877,83.908,0.1451
26.06.2019 14:16:00.000,83.907,83.918,83.777,83.778,0.0988
26.06.2019 14:17:00.000,83.738,83.798,83.697,83.797,0.1292
26.06.2019 14:18:00.000,83.798,83.818,83.728,83.817,0.0673
26.06.2019 14:19:00.000,83.817,83.878,83.758,83.858,0.2031
26.06.2019 14:20:00.000,83.858,84.068,83.857,84.058,0.232
26.06.2019 14:21:00.000,84.068,84.158,84.067,84.098,0.2583
26.06.2019 14:22:00.000,84.097,84.097,83.887,83.898,0.2075
26.06.2019 14:23:00.000,83.908,83.978,83.887,83.978,0.3295
26.06.2019 14:24:00.000,83.978,83.978,83.838,83.868,0.1642
26.06.2019 14:25:00.000,83.888,83.928,83.798,83.928,0.2119
26.06.2019 14:26:00.000,83.937,84.018,83.877,84.017,0.0699
26.06.2019 14:27:00.000,84.028,84.178,84.027,84.048,0.1573
26.06.2019 14:28:00.000,84.048,84.078,84.017,84.028,0.1123
26.06.2019 14:29:00.000,84.027,84.048,83.997,84.008,0.1358
26.06.2019 14:30:00.000,84.007,84.558,84.007,84.418,0.3843
26.06.2019 14:31:00.000,84.417,84.548,84.348,84.428,0.197
26.06.2019 14:32:00.000,84.438,84.487,84.427,84.468,0.1311
26.06.2019 14:33:00.000,84.467,84.558,84.428,84.558,0.0914
26.06.2019 14:34:00.000,84.547,84.558,84.478,84.508,0.196
26.06.2019 14:35:00.000,84.508,84.588,84.487,84.488,0.1308
26.06.2019 14:36:00.000,84.477,84.518,84.427,84.497,0.1805
26.06.2019 14:37:00.000,84.448,84.448,84.437,84.438,0.082
26.06.2019 14:38:00.000,84.438,84.498,84.348,84.467,0.0954
26.06.2019 14:39:00.000,84.478,84.478,84.327,84.358,0.0617
26.06.2019 14:40:00.000,84.378,84.447,84.338,84.408,0.0964
26.06.2019 14:41:00.000,84.408,84.408,84.268,84.288,0.1709
26.06.2019 14:42:00.000,84.297,84.368,84.267,84.368,0.2054
26.06.2019 14:43:00.000,84.367,84.367,84.297,84.297,0.0759
26.06.2019 14:44:00.000,84.298,84.408,84.268,84.277,0.0628
26.06.2019 14:45:00.000,84.287,84.308,84.267,84.277,0.0913
26.06.2019 14:46:00.000,84.278,84.328,84.267,84.268,0.0863
26.06.2019 14:47:00.000,84.268,84.337,84.267,84.317,0.0838
26.06.2019 14:48:00.000,84.318,84.377,84.317,84.358,0.1637
26.06.2019 14:49:00.000,84.368,84.388,84.348,84.377,0.1611
26.06.2019 14:50:00.000,84.387,84.417,84.278,84.288,0.1652
26.06.2019 14:51:00.000,84.307,84.358,84.267,84.328,0.1697
26.06.2019 14:52:00.000,84.328,84.438,84.327,84.437,0.1062
26.06.2019 14:53:00.000,84.438,84.478,84.347,84.418,0.131
26.06.2019 14:54:00.000,84.408,84.428,84.387,84.427,0.1611
26.06.2019 14:55:00.000,84.407,84.418,84.368,84.378,0.1273
26.06.2019 14:56:00.000,84.377,84.408,84.357,84.387,0.0348
26.06.2019 14:57:00.000,84.388,84.488,84.388,84.488,0.1441
26.06.2019 14:58:00.000,84.488,84.587,84.457,84.587,0.1166
26.06.2019 14:59:00.000,84.588,84.598,84.517,84.528,0.0553
26.06.2019 15:00:00.000,84.527,84.528,84.418,84.448,0.0962
26.06.2019 15:01:00.000,84.448,84.468,84.407,84.467,0.1977
26.06.2019 15:02:00.000,84.468,84.468,84.368,84.397,0.1246
26.06.2019 15:03:00.000,84.398,84.438,84.377,84.438,0.0728
26.06.2019 15:04:00.000,84.437,84.458,84.348,84.368,0.1843
26.06.2019 15:05:00.000,84.358,84.368,84.297,84.317,0.0745
26.06.2019 15:06:00.000,84.317,84.438,84.297,84.438,0.0362
26.06.2019 15:07:00.000,84.467,84.558,84.448,84.498,0.1084
26.06.2019 15:08:00.000,84.497,84.628,84.467,84.607,0.1131
26.06.2019 15:09:00.000,84.608,84.648,84.597,84.628,0.0229
26.06.2019 15:10:00.000,84.628,84.638,84.587,84.638,0.1459
26.06.2019 15:11:00.000,84.638,84.638,84.587,84.597,0.0704
26.06.2019 15:12:00.000,84.598,84.688,84.587,84.688,0.0963
26.06.2019 15:13:00.000,84.668,84.738,84.667,84.727,0.0949
26.06.2019 15:14:00.000,84.728,84.737,84.648,84.678,0.0702
26.06.2019 15:15:00.000,84.657,84.787,84.598,84.768,0.2
26.06.2019 15:16:00.000,84.768,84.858,84.757,84.837,0.0978
26.06.2019 15:17:00.000,84.838,84.867,84.807,84.858,0.0998
26.06.2019 15:18:00.000,84.857,84.898,84.807,84.878,0.1771
26.06.2019 15:19:00.000,84.887,85.038,84.887,84.978,0.1199
26.06.2019 15:20:00.000,84.977,85.018,84.898,85.018,0.1012
26.06.2019 15:21:00.000,85.018,85.168,85.017,85.158,0.2001
26.06.2019 15:22:00.000,85.157,85.157,84.988,84.988,0.1899
26.06.2019 15:23:00.000,84.997,85.108,84.997,85.098,0.1597
26.06.2019 15:24:00.000,85.098,85.158,85.098,85.128,0.1349
26.06.2019 15:25:00.000,85.127,85.147,85.108,85.138,0.174
26.06.2019 15:26:00.000,85.138,85.148,85.077,85.118,0.1517
26.06.2019 15:27:00.000,85.127,85.148,85.108,85.138,0.1159
26.06.2019 15:28:00.000,85.138,85.138,85.038,85.077,0.1372
26.06.2019 15:29:00.000,85.078,85.108,84.998,85.058,0.1025
26.06.2019 15:30:00.000,85.058,85.068,85.027,85.028,0.0951
26.06.2019 15:31:00.000,85.037,85.068,85.027,85.037,0.1181
26.06.2019 15:32:00.000,85.038,85.048,84.997,84.997,0.107
26.06.2019 15:33:00.000,84.997,84.997,84.908,84.928,0.0458
26.06.2019 15:34:00.000,84.927,85.018,84.897,85.007,0.1664
26.06.2019 15:35:00.000,85.008,85.008,84.957,84.957,0.1013
26.06.2019 15:36:00.000,84.958,84.967,84.897,84.917,0.1438
26.06.2019 15:37:00.000,84.918,84.927,84.848,84.848,0.1415
26.06.2019 15:38:00.000,84.868,84.928,84.858,84.918,0.1022
26.06.2019 15:39:00.000,84.918,84.918,84.878,84.907,0.0576
26.06.2019 15:40:00.000,84.908,84.928,84.887,84.888,0.0677
26.06.2019 15:41:00.000,84.898,84.938,84.858,84.938,0.1107
26.06.2019 15:42:00.000,84.928,84.938,84.918,84.927,0.0597
26.06.2019 15:43:00.000,84.928,85.088,84.918,85.058,0.2253
26.06.2019 15:44:00.000,85.058,85.058,84.938,84.938,0.1442
26.06.2019 15:45:00.000,84.937,84.958,84.887,84.958,0.1589
26.06.2019 15:46:00.000,84.958,85.018,84.948,85.018,0.103
26.06.2019 15:47:00.000,85.018,85.028,84.957,84.978,0.1271
26.06.2019 15:48:00.000,84.987,85.017,84.978,84.988,0.15
26.06.2019 15:49:00.000,84.997,85.108,84.997,85.088,0.2289
26.06.2019 15:50:00.000,85.078,85.088,84.957,84.967,0.177
26.06.2019 15:51:00.000,84.968,84.968,84.837,84.877,0.0745
26.06.2019 15:52:00.000,84.878,84.878,84.808,84.828,0.0761
26.06.2019 15:53:00.000,84.828,84.868,84.808,84.818,0.1531
26.06.2019 15:54:00.000,84.808,84.838,84.777,84.838,0.1364
26.06.2019 15:55:00.000,84.838,84.848,84.817,84.838,0.0823
26.06.2019 15:56:00.000,84.847,84.848,84.788,84.788,0.146
26.06.2019 15:57:00.000,84.798,84.898,84.798,84.848,0.0804
26.06.2019 15:58:00.000,84.848,84.848,84.818,84.827,0.0785
26.06.2019 15:59:00.000,84.827,84.858,84.818,84.828,0.0628
26.06.2019 16:00:00.000,84.827,84.828,84.747,84.748,0.0913
26.06.2019 16:01:00.000,84.757,84.768,84.737,84.748,0.0794
26.06.2019 16:02:00.000,84.747,84.748,84.638,84.658,0.0526
26.06.2019 16:03:00.000,84.658,84.668,84.637,84.658,0.0912
26.06.2019 16:04:00.000,84.657,84.688,84.617,84.618,0.0912
26.06.2019 16:05:00.000,84.628,84.688,84.607,84.687,0.0929
26.06.2019 16:06:00.000,84.688,84.718,84.678,84.678,0.057
26.06.2019 16:07:00.000,84.648,84.738,84.637,84.728,0.129
26.06.2019 16:08:00.000,84.728,84.748,84.697,84.698,0.0544
26.06.2019 16:09:00.000,84.708,84.818,84.707,84.818,0.1416
26.06.2019 16:10:00.000,84.817,84.828,84.787,84.818,0.038
26.06.2019 16:11:00.000,84.817,84.817,84.708,84.717,0.1408
26.06.2019 16:12:00.000,84.727,84.768,84.727,84.768,0.047
26.06.2019 16:13:00.000,84.777,84.828,84.758,84.798,0.0946
26.06.2019 16:14:00.000,84.787,84.787,84.708,84.728,0.1248
26.06.2019 16:15:00.000,84.727,84.747,84.697,84.747,0.1863
26.06.2019 16:16:00.000,84.748,84.818,84.738,84.797,0.1217
26.06.2019 16:17:00.000,84.798,84.808,84.747,84.768,0.0484
26.06.2019 16:18:00.000,84.768,84.768,84.697,84.718,0.0555
26.06.2019 16:19:00.000,84.708,84.738,84.708,84.728,0.0509
26.06.2019 16:20:00.000,84.727,84.788,84.717,84.788,0.0804
26.06.2019 16:21:00.000,84.788,84.788,84.688,84.698,0.0829
26.06.2019 16:22:00.000,84.697,84.697,84.667,84.668,0.0544
26.06.2019 16:23:00.000,84.668,84.688,84.617,84.637,0.1788
26.06.2019 16:24:00.000,84.638,84.638,84.597,84.638,0.0551
26.06.2019 16:25:00.000,84.648,84.708,84.648,84.708,0.1593
26.06.2019 16:26:00.000,84.707,84.747,84.707,84.737,0.1131
26.06.2019 16:27:00.000,84.737,84.738,84.668,84.728,0.1785
26.06.2019 16:28:00.000,84.718,84.718,84.667,84.718,0.1566
26.06.2019 16:29:00.000,84.738,84.748,84.727,84.728,0.1304
26.06.2019 16:30:00.000,84.727,84.738,84.677,84.698,0.0731
26.06.2019 16:31:00.000,84.698,84.788,84.658,84.788,0.1671
26.06.2019 16:32:00.000,84.777,84.778,84.748,84.767,0.0865
26.06.2019 16:33:00.000,84.768,84.768,84.727,84.758,0.0376
26.06.2019 16:34:00.000,84.757,84.818,84.747,84.808,0.0273
26.06.2019 16:35:00.000,84.817,84.848,84.777,84.848,0.0839
26.06.2019 16:36:00.000,84.847,84.868,84.838,84.848,0.0269
26.06.2019 16:37:00.000,84.848,84.908,84.827,84.878,0.1073
26.06.2019 16:38:00.000,84.878,84.878,84.817,84.868,0.1255
26.06.2019 16:39:00.000,84.867,84.878,84.837,84.867,0.0502
26.06.2019 16:40:00.000,84.868,84.868,84.738,84.738,0.1894
26.06.2019 16:41:00.000,84.738,84.778,84.687,84.758,0.1187
26.06.2019 16:42:00.000,84.758,84.777,84.708,84.767,0.1067
26.06.2019 16:43:00.000,84.778,84.798,84.767,84.788,0.0398
26.06.2019 16:44:00.000,84.788,84.808,84.758,84.797,0.039
26.06.2019 16:45:00.000,84.797,84.837,84.797,84.828,0.0581
26.06.2019 16:46:00.000,84.828,84.868,84.828,84.868,0.0648
26.06.2019 16:47:00.000,84.868,84.888,84.858,84.878,0.0938
26.06.2019 16:48:00.000,84.877,84.918,84.877,84.918,0.0563
26.06.2019 16:49:00.000,84.918,84.918,84.867,84.867,0.0774
26.06.2019 16:50:00.000,84.887,84.908,84.877,84.877,0.0546
26.06.2019 16:51:00.000,84.878,84.898,84.877,84.878,0.053
26.06.2019 16:52:00.000,84.867,84.908,84.838,84.908,0.1499
26.06.2019 16:53:00.000,84.908,84.918,84.887,84.898,0.0304
26.06.2019 16:54:00.000,84.917,84.918,84.867,84.867,0.0757
26.06.2019 16:55:00.000,84.878,84.958,84.877,84.938,0.1007
26.06.2019 16:56:00.000,84.938,84.978,84.937,84.967,0.0771
26.06.2019 16:57:00.000,84.968,84.968,84.908,84.908,0.0676
26.06.2019 16:58:00.000,84.918,84.968,84.908,84.968,0.1938
26.06.2019 16:59:00.000,84.967,84.988,84.938,84.978,0.0674
26.06.2019 17:00:00.000,84.978,84.998,84.957,84.968,0.1132
26.06.2019 17:01:00.000,84.967,84.967,84.868,84.877,0.1101
26.06.2019 17:02:00.000,84.898,84.938,84.877,84.937,0.1007
26.06.2019 17:03:00.000,84.938,84.978,84.937,84.978,0.1233
26.06.2019 17:04:00.000,84.978,84.998,84.977,84.998,0.1013
26.06.2019 17:05:00.000,84.998,85.148,84.997,85.108,0.0985
26.06.2019 17:06:00.000,85.107,85.218,85.078,85.218,0.1078
26.06.2019 17:07:00.000,85.217,85.248,85.177,85.208,0.1475
26.06.2019 17:08:00.000,85.198,85.218,85.147,85.218,0.1426
26.06.2019 17:09:00.000,85.218,85.218,85.178,85.198,0.1034
26.06.2019 17:10:00.000,85.197,85.208,85.167,85.168,0.0391
26.06.2019 17:11:00.000,85.168,85.168,85.058,85.157,0.104
26.06.2019 17:12:00.000,85.138,85.168,85.137,85.147,0.0585
26.06.2019 17:13:00.000,85.147,85.157,85.137,85.147,0.0594
26.06.2019 17:14:00.000,85.148,85.158,85.138,85.138,0.0353
26.06.2019 17:15:00.000,85.138,85.138,85.078,85.088,0.1491
26.06.2019 17:16:00.000,85.108,85.128,85.088,85.088,0.0525
26.06.2019 17:17:00.000,85.088,85.088,85.047,85.047,0.1206
26.06.2019 17:18:00.000,85.048,85.078,85.018,85.067,0.113
26.06.2019 17:19:00.000,85.068,85.078,85.027,85.028,0.0525
26.06.2019 17:20:00.000,85.027,85.098,85.017,85.098,0.0419
26.06.2019 17:21:00.000,85.107,85.138,85.107,85.118,0.0331
26.06.2019 17:22:00.000,85.117,85.148,85.098,85.108,0.1071
26.06.2019 17:23:00.000,85.107,85.108,85.068,85.108,0.0839
26.06.2019 17:24:00.000,85.108,85.117,85.068,85.098,0.0703
26.06.2019 17:25:00.000,85.098,85.098,85.057,85.088,0.0656
26.06.2019 17:26:00.000,85.108,85.118,85.048,85.048,0.0592
26.06.2019 17:27:00.000,85.057,85.088,85.038,85.038,0.0733
26.06.2019 17:28:00.000,85.038,85.078,85.017,85.058,0.0932
26.06.2019 17:29:00.000,85.068,85.098,85.057,85.088,0.1116
26.06.2019 17:30:00.000,85.088,85.088,85.017,85.018,0.0546
26.06.2019 17:31:00.000,85.017,85.048,84.988,85.018,0.0782
26.06.2019 17:32:00.000,85.018,85.018,84.957,85.008,0.1234
26.06.2019 17:33:00.000,85.008,85.058,84.998,84.998,0.1066
26.06.2019 17:34:00.000,84.998,84.998,84.997,84.998,0.0268
26.06.2019 17:35:00.000,84.998,84.998,84.927,84.937,0.08
26.06.2019 17:36:00.000,84.937,85.008,84.927,84.997,0.0472
26.06.2019 17:37:00.000,84.998,85.028,84.987,84.987,0.0952
26.06.2019 17:38:00.000,84.987,84.987,84.918,84.928,0.0952
26.06.2019 17:39:00.000,84.907,84.968,84.877,84.948,0.1048
26.06.2019 17:40:00.000,84.958,85.008,84.958,84.998,0.0718
26.06.2019 17:41:00.000,84.997,85.038,84.987,85.028,0.1397
26.06.2019 17:42:00.000,85.028,85.028,84.967,85.017,0.1129
26.06.2019 17:43:00.000,85.017,85.028,84.987,85.018,0.0912
26.06.2019 17:44:00.000,85.017,85.028,84.998,84.998,0.0713
26.06.2019 17:45:00.000,84.998,85.018,84.997,85.008,0.0571
26.06.2019 17:46:00.000,85.007,85.008,84.928,84.928,0.0506
26.06.2019 17:47:00.000,84.928,84.928,84.887,84.918,0.0786
26.06.2019 17:48:00.000,84.938,85.008,84.938,84.998,0.1472
26.06.2019 17:49:00.000,84.998,85.078,84.998,85.068,0.1394
26.06.2019 17:50:00.000,85.068,85.078,85.028,85.078,0.1353
26.06.2019 17:51:00.000,85.077,85.178,85.077,85.158,0.1189
26.06.2019 17:52:00.000,85.158,85.198,85.137,85.178,0.0493
26.06.2019 17:53:00.000,85.178,85.198,85.168,85.197,0.0945
26.06.2019 17:54:00.000,85.198,85.288,85.197,85.227,0.0959
26.06.2019 17:55:00.000,85.248,85.258,85.227,85.238,0.1537
26.06.2019 17:56:00.000,85.228,85.258,85.157,85.167,0.1262
26.06.2019 17:57:00.000,85.178,85.228,85.157,85.157,0.1072
26.06.2019 17:58:00.000,85.158,85.158,85.087,85.087,0.0833
26.06.2019 17:59:00.000,85.087,85.108,85.028,85.108,0.1334
26.06.2019 18:00:00.000,85.078,85.098,85.078,85.097,0.0122
26.06.2019 18:01:00.000,85.108,85.108,85.097,85.098,0.0375
26.06.2019 18:02:00.000,85.087,85.118,85.048,85.118,0.0767
26.06.2019 18:03:00.000,85.117,85.118,85.078,85.078,0.0607
26.06.2019 18:04:00.000,85.077,85.098,85.058,85.077,0.1035
26.06.2019 18:05:00.000,85.077,85.088,85.037,85.037,0.1097
26.06.2019 18:06:00.000,85.028,85.058,84.987,85.058,0.1169
26.06.2019 18:07:00.000,85.057,85.057,84.987,84.998,0.0812
26.06.2019 18:08:00.000,84.997,85.008,84.987,84.987,0.0481
26.06.2019 18:09:00.000,84.997,85.047,84.997,85.038,0.0622
26.06.2019 18:10:00.000,85.028,85.048,85.027,85.047,0.1024
26.06.2019 18:11:00.000,85.058,85.088,85.037,85.057,0.1745
26.06.2019 18:12:00.000,85.058,85.078,85.057,85.068,0.099
26.06.2019 18:13:00.000,85.068,85.098,85.067,85.067,0.1169
26.06.2019 18:14:00.000,85.068,85.068,85.027,85.028,0.0075
26.06.2019 18:15:00.000,85.028,85.038,84.987,84.988,0.1406
26.06.2019 18:16:00.000,84.988,85.028,84.987,85.018,0.0562
26.06.2019 18:17:00.000,85.017,85.017,84.987,84.988,0.0742
26.06.2019 18:18:00.000,84.988,85.008,84.968,84.998,0.0792
26.06.2019 18:19:00.000,85.017,85.028,84.927,84.928,0.1065
26.06.2019 18:20:00.000,84.928,84.938,84.907,84.918,0.0844
26.06.2019 18:21:00.000,84.917,84.917,84.818,84.818,0.2379
26.06.2019 18:22:00.000,84.828,84.838,84.807,84.818,0.0915
26.06.2019 18:23:00.000,84.828,84.888,84.808,84.818,0.2721
26.06.2019 18:24:00.000,84.818,84.828,84.787,84.818,0.0911
26.06.2019 18:25:00.000,84.827,84.908,84.827,84.898,0.0776
26.06.2019 18:26:00.000,84.908,84.988,84.897,84.988,0.0948
26.06.2019 18:27:00.000,84.987,85.068,84.987,85.067,0.1342
26.06.2019 18:28:00.000,85.068,85.068,84.988,85.008,0.198
26.06.2019 18:29:00.000,85.018,85.068,85.018,85.038,0.0472
26.06.2019 18:30:00.000,85.038,85.038,84.918,84.927,0.1504
26.06.2019 18:31:00.000,84.937,84.988,84.927,84.988,0.0881
26.06.2019 18:32:00.000,84.987,84.987,84.877,84.878,0.1202
26.06.2019 18:33:00.000,84.887,84.948,84.887,84.948,0.1276
26.06.2019 18:34:00.000,84.958,84.968,84.918,84.948,0.104
26.06.2019 18:35:00.000,84.948,84.958,84.857,84.918,0.0832
26.06.2019 18:36:00.000,84.918,85.018,84.907,85.018,0.0583
26.06.2019 18:37:00.000,85.017,85.018,84.987,84.997,0.0714
26.06.2019 18:38:00.000,85.008,85.058,85.008,85.038,0.0453
26.06.2019 18:39:00.000,85.028,85.038,84.947,84.958,0.1588
26.06.2019 18:40:00.000,84.968,84.978,84.928,84.928,0.0662
26.06.2019 18:41:00.000,84.938,84.978,84.928,84.948,0.0609
26.06.2019 18:42:00.000,84.958,84.958,84.908,84.928,0.1219
26.06.2019 18:43:00.000,84.917,84.948,84.887,84.918,0.109
26.06.2019 18:44:00.000,84.918,84.958,84.888,84.958,0.0711
26.06.2019 18:45:00.000,84.968,84.988,84.948,84.948,0.0587
26.06.2019 18:46:00.000,84.948,84.978,84.877,84.918,0.0729
26.06.2019 18:47:00.000,84.918,84.918,84.877,84.908,0.0435
26.06.2019 18:48:00.000,84.918,84.967,84.907,84.967,0.0699
26.06.2019 18:49:00.000,84.958,84.988,84.957,84.968,0.0796
26.06.2019 18:50:00.000,84.967,85.038,84.967,85.037,0.0314
26.06.2019 18:51:00.000,85.047,85.048,85.017,85.018,0.1044
26.06.2019 18:52:00.000,85.028,85.078,85.028,85.078,0.0547
26.06.2019 18:53:00.000,85.077,85.098,85.037,85.038,0.1148
26.06.2019 18:54:00.000,85.038,85.098,85.037,85.097,0.1113
26.06.2019 18:55:00.000,85.098,85.168,85.097,85.157,0.0762
26.06.2019 18:56:00.000,85.158,85.188,85.137,85.148,0.2121
26.06.2019 18:57:00.000,85.148,85.158,85.097,85.118,0.0895
26.06.2019 18:58:00.000,85.108,85.158,85.107,85.148,0.1187
26.06.2019 18:59:00.000,85.157,85.208,85.118,85.207,0.12
26.06.2019 19:00:00.000,85.218,85.268,85.217,85.268,0.0726
26.06.2019 19:01:00.000,85.268,85.328,85.267,85.298,0.1763
26.06.2019 19:02:00.000,85.297,85.338,85.297,85.338,0.1034
26.06.2019 19:03:00.000,85.348,85.387,85.347,85.378,0.1234
26.06.2019 19:04:00.000,85.388,85.397,85.317,85.358,0.0973
26.06.2019 19:05:00.000,85.367,85.408,85.328,85.348,0.2585
26.06.2019 19:06:00.000,85.347,85.358,85.317,85.348,0.097
26.06.2019 19:07:00.000,85.347,85.378,85.337,85.357,0.0659
26.06.2019 19:08:00.000,85.358,85.398,85.357,85.398,0.0385
26.06.2019 19:09:00.000,85.408,85.438,85.398,85.438,0.0792
26.06.2019 19:10:00.000,85.437,85.477,85.437,85.448,0.098
26.06.2019 19:11:00.000,85.458,85.507,85.427,85.507,0.1383
26.06.2019 19:12:00.000,85.508,85.558,85.497,85.558,0.1377
26.06.2019 19:13:00.000,85.558,85.598,85.558,85.598,0.1572
26.06.2019 19:14:00.000,85.608,85.688,85.607,85.688,0.106
26.06.2019 19:15:00.000,85.688,85.698,85.637,85.638,0.0859
26.06.2019 19:16:00.000,85.638,85.638,85.597,85.608,0.0396
26.06.2019 19:17:00.000,85.598,85.598,85.547,85.588,0.0965
26.06.2019 19:18:00.000,85.587,85.698,85.587,85.687,0.1353
26.06.2019 19:19:00.000,85.688,85.698,85.627,85.628,0.0894
26.06.2019 19:20:00.000,85.618,85.638,85.507,85.508,0.1779
26.06.2019 19:21:00.000,85.508,85.508,85.427,85.457,0.1395
26.06.2019 19:22:00.000,85.458,85.458,85.408,85.427,0.0862
26.06.2019 19:23:00.000,85.418,85.498,85.417,85.487,0.0423
26.06.2019 19:24:00.000,85.488,85.558,85.487,85.548,0.1763
26.06.2019 19:25:00.000,85.538,85.548,85.517,85.527,0.0987
26.06.2019 19:26:00.000,85.528,85.588,85.507,85.558,0.1306
26.06.2019 19:27:00.000,85.557,85.558,85.477,85.478,0.1248
26.06.2019 19:28:00.000,85.477,85.508,85.428,85.488,0.1751
26.06.2019 19:29:00.000,85.478,85.478,85.337,85.378,0.1299
26.06.2019 19:30:00.000,85.377,85.428,85.367,85.368,0.2161
26.06.2019 19:31:00.000,85.358,85.398,85.357,85.368,0.1514
26.06.2019 19:32:00.000,85.377,85.388,85.367,85.367,0.1849
26.06.2019 19:33:00.000,85.368,85.368,85.307,85.308,0.0737
26.06.2019 19:34:00.000,85.318,85.318,85.147,85.147,0.3056
26.06.2019 19:35:00.000,85.147,85.228,85.147,85.198,0.1427
26.06.2019 19:36:00.000,85.197,85.268,85.168,85.238,0.1323
26.06.2019 19:37:00.000,85.258,85.327,85.248,85.268,0.123
26.06.2019 19:38:00.000,85.257,85.287,85.237,85.248,0.1181
26.06.2019 19:39:00.000,85.248,85.278,85.187,85.218,0.1763
26.06.2019 19:40:00.000,85.208,85.218,85.137,85.187,0.2477
26.06.2019 19:41:00.000,85.178,85.208,85.158,85.177,0.1422
26.06.2019 19:42:00.000,85.178,85.188,85.068,85.137,0.2251
26.06.2019 19:43:00.000,85.148,85.187,85.138,85.168,0.1991
26.06.2019 19:44:00.000,85.168,85.288,85.168,85.218,0.1795
26.06.2019 19:45:00.000,85.208,85.248,85.197,85.208,0.0694
26.06.2019 19:46:00.000,85.198,85.208,85.127,85.148,0.1538
26.06.2019 19:47:00.000,85.147,85.208,85.147,85.188,0.1586
26.06.2019 19:48:00.000,85.187,85.238,85.177,85.228,0.1151
26.06.2019 19:49:00.000,85.228,85.288,85.217,85.217,0.1748
26.06.2019 19:50:00.000,85.218,85.228,85.148,85.177,0.289
26.06.2019 19:51:00.000,85.178,85.198,85.097,85.098,0.219
26.06.2019 19:52:00.000,85.117,85.118,84.997,85.048,0.2796
26.06.2019 19:53:00.000,85.047,85.098,84.988,85.088,0.4192
26.06.2019 19:54:00.000,85.087,85.088,84.957,84.958,0.2173
26.06.2019 19:55:00.000,84.977,85.028,84.957,85.028,0.312
26.06.2019 19:56:00.000,85.028,85.048,84.917,84.928,0.383
26.06.2019 19:57:00.000,84.928,85.028,84.908,84.948,0.2871
26.06.2019 19:58:00.000,84.947,84.978,84.937,84.938,0.3072
26.06.2019 19:59:00.000,84.948,84.958,84.878,84.918,0.4065
27.06.2019 13:30:00.000,84.388,84.938,84.388,84.608,0.0319
27.06.2019 13:31:00.000,84.597,84.698,84.597,84.697,0.0157
27.06.2019 13:32:00.000,84.718,84.767,84.638,84.757,0.0387
27.06.2019 13:33:00.000,84.758,84.758,84.598,84.598,0.0569
27.06.2019 13:34:00.000,84.598,84.598,84.357,84.358,0.0994
27.06.2019 13:35:00.000,84.357,84.643,84.347,84.618,0.1734
27.06.2019 13:36:00.000,84.648,84.738,84.647,84.657,0.0151
27.06.2019 13:37:00.000,84.657,84.758,84.657,84.748,0.0159
27.06.2019 13:38:00.000,84.748,84.768,84.588,84.628,0.1506
27.06.2019 13:39:00.000,84.628,84.688,84.567,84.637,0.0895
27.06.2019 13:40:00.000,84.618,84.707,84.597,84.678,0.1342
27.06.2019 13:41:00.000,84.678,84.778,84.587,84.777,0.066
27.06.2019 13:42:00.000,84.727,84.727,84.498,84.537,0.119
27.06.2019 13:43:00.000,84.538,84.648,84.537,84.607,0.1167
27.06.2019 13:44:00.000,84.617,84.617,84.408,84.408,0.0924
27.06.2019 13:45:00.000,84.418,84.458,84.357,84.358,0.087
27.06.2019 13:46:00.000,84.357,84.357,84.198,84.218,0.102
27.06.2019 13:47:00.000,84.217,84.298,84.178,84.298,0.1836
27.06.2019 13:48:00.000,84.298,84.358,84.277,84.357,0.1548
27.06.2019 13:49:00.000,84.368,84.518,84.368,84.478,0.0448
27.06.2019 13:50:00.000,84.518,84.688,84.518,84.588,0.146
27.06.2019 13:51:00.000,84.588,84.727,84.587,84.648,0.1291
27.06.2019 13:52:00.000,84.648,84.677,84.538,84.578,0.1375
27.06.2019 13:53:00.000,84.577,84.668,84.577,84.628,0.1799
27.06.2019 13:54:00.000,84.627,84.798,84.627,84.788,0.0786
27.06.2019 13:55:00.000,84.788,84.838,84.668,84.758,0.0338
27.06.2019 13:56:00.000,84.758,84.888,84.737,84.807,0.0794
27.06.2019 13:57:00.000,84.807,84.908,84.807,84.817,0.1071
27.06.2019 13:58:00.000,84.817,84.828,84.737,84.768,0.0855
27.06.2019 13:59:00.000,84.768,84.768,84.518,84.538,0.1525
27.06.2019 14:00:00.000,84.537,84.598,84.497,84.578,0.0879
27.06.2019 14:01:00.000,84.578,84.578,84.458,84.538,0.0428
27.06.2019 14:02:00.000,84.538,84.538,84.397,84.458,0.1744
27.06.2019 14:03:00.000,84.468,84.548,84.458,84.498,0.072
27.06.2019 14:04:00.000,84.497,84.618,84.437,84.618,0.0943
27.06.2019 14:05:00.000,84.618,84.718,84.618,84.658,0.056
27.06.2019 14:06:00.000,84.658,84.668,84.507,84.607,0.1798
27.06.2019 14:07:00.000,84.627,84.658,84.567,84.647,0.1232
27.06.2019 14:08:00.000,84.648,84.728,84.627,84.728,0.07
27.06.2019 14:09:00.000,84.728,84.778,84.677,84.678,0.0859
27.06.2019 14:10:00.000,84.677,84.748,84.637,84.687,0.2886
27.06.2019 14:11:00.000,84.658,84.668,84.637,84.668,0.0686
27.06.2019 14:12:00.000,84.668,84.858,84.667,84.858,0.1356
27.06.2019 14:13:00.000,84.867,84.948,84.848,84.908,0.1783
27.06.2019 14:14:00.000,84.898,84.908,84.757,84.757,0.0733
27.06.2019 14:15:00.000,84.757,84.837,84.757,84.818,0.1601
27.06.2019 14:16:00.000,84.817,84.828,84.797,84.798,0.0567
27.06.2019 14:17:00.000,84.798,84.848,84.798,84.828,0.1128
27.06.2019 14:18:00.000,84.828,84.847,84.777,84.808,0.1305
27.06.2019 14:19:00.000,84.788,84.878,84.767,84.878,0.0904
27.06.2019 14:20:00.000,84.868,84.928,84.858,84.868,0.0776
27.06.2019 14:21:00.000,84.837,84.888,84.827,84.858,0.092
27.06.2019 14:22:00.000,84.867,84.878,84.798,84.798,0.095
27.06.2019 14:23:00.000,84.778,84.788,84.718,84.768,0.0513
27.06.2019 14:24:00.000,84.778,84.868,84.778,84.848,0.014
27.06.2019 14:25:00.000,84.848,84.878,84.717,84.748,0.0534
27.06.2019 14:26:00.000,84.748,84.798,84.727,84.788,0.1093
27.06.2019 14:27:00.000,84.768,84.768,84.647,84.648,0.1013
27.06.2019 14:28:00.000,84.648,84.718,84.648,84.698,0.0471
27.06.2019 14:29:00.000,84.707,84.728,84.637,84.638,0.0318
27.06.2019 14:30:00.000,84.637,84.638,84.428,84.428,0.079
27.06.2019 14:31:00.000,84.427,84.488,84.397,84.488,0.0888
27.06.2019 14:32:00.000,84.488,84.587,84.488,84.547,0.0707
27.06.2019 14:33:00.000,84.538,84.648,84.538,84.617,0.0789
27.06.2019 14:34:00.000,84.618,84.618,84.567,84.598,0.0993
27.06.2019 14:35:00.000,84.608,84.738,84.608,84.737,0.0834
27.06.2019 14:36:00.000,84.738,84.738,84.668,84.688,0.1133
27.06.2019 14:37:00.000,84.688,84.808,84.688,84.768,0.1139
27.06.2019 14:38:00.000,84.777,84.828,84.777,84.788,0.0845
27.06.2019 14:39:00.000,84.788,84.788,84.677,84.758,0.0735
27.06.2019 14:40:00.000,84.758,84.758,84.697,84.738,0.0863
27.06.2019 14:41:00.000,84.737,84.798,84.737,84.757,0.0963
27.06.2019 14:42:00.000,84.758,84.758,84.648,84.658,0.0819
27.06.2019 14:43:00.000,84.648,84.778,84.648,84.708,0.2277
27.06.2019 14:44:00.000,84.727,84.778,84.707,84.748,0.0572
27.06.2019 14:45:00.000,84.768,84.858,84.757,84.838,0.01
27.06.2019 14:46:00.000,84.818,84.818,84.757,84.758,0.0899
27.06.2019 14:47:00.000,84.768,84.768,84.628,84.678,0.0902
27.06.2019 14:48:00.000,84.678,84.808,84.678,84.808,0.0446
27.06.2019 14:49:00.000,84.807,84.868,84.788,84.868,0.0531
27.06.2019 14:50:00.000,84.877,84.938,84.867,84.897,0.1929
27.06.2019 14:51:00.000,84.898,84.918,84.837,84.897,0.0607
27.06.2019 14:52:00.000,84.897,84.948,84.888,84.908,0.0294
27.06.2019 14:53:00.000,84.908,84.928,84.777,84.807,0.088
27.06.2019 14:54:00.000,84.807,84.837,84.777,84.778,0.0457
27.06.2019 14:55:00.000,84.798,84.818,84.727,84.797,0.0665
27.06.2019 14:56:00.000,84.797,84.848,84.757,84.768,0.0714
27.06.2019 14:57:00.000,84.767,84.817,84.708,84.758,0.0315
27.06.2019 14:58:00.000,84.767,84.788,84.747,84.767,0.1013
27.06.2019 14:59:00.000,84.777,84.838,84.777,84.837,0.085
27.06.2019 15:00:00.000,84.837,84.918,84.788,84.918,0.1166
27.06.2019 15:01:00.000,84.928,84.928,84.887,84.888,0.0237
27.06.2019 15:02:00.000,84.898,84.938,84.888,84.888,0.1061
27.06.2019 15:03:00.000,84.887,84.908,84.867,84.868,0.019
27.06.2019 15:04:00.000,84.878,84.898,84.867,84.868,0.0459
27.06.2019 15:05:00.000,84.868,84.908,84.847,84.858,0.1103
27.06.2019 15:06:00.000,84.867,84.867,84.757,84.758,0.0749
27.06.2019 15:07:00.000,84.758,84.758,84.648,84.677,0.0959
27.06.2019 15:08:00.000,84.678,84.688,84.628,84.677,0.1554
27.06.2019 15:09:00.000,84.677,84.678,84.618,84.657,0.0568
27.06.2019 15:10:00.000,84.658,84.728,84.647,84.728,0.0194
27.06.2019 15:11:00.000,84.737,84.738,84.668,84.688,0.0353
27.06.2019 15:12:00.000,84.697,84.738,84.608,84.688,0.1137
27.06.2019 15:13:00.000,84.687,84.708,84.647,84.668,0.0948
27.06.2019 15:14:00.000,84.667,84.728,84.667,84.688,0.1593
27.06.2019 15:15:00.000,84.688,84.707,84.637,84.657,0.1218
27.06.2019 15:16:00.000,84.658,84.658,84.558,84.558,0.1055
27.06.2019 15:17:00.000,84.568,84.617,84.507,84.508,0.109
27.06.2019 15:18:00.000,84.507,84.558,84.487,84.497,0.0789
27.06.2019 15:19:00.000,84.498,84.628,84.437,84.628,0.1388
27.06.2019 15:20:00.000,84.627,84.668,84.537,84.558,0.0745
27.06.2019 15:21:00.000,84.557,84.608,84.507,84.548,0.0727
27.06.2019 15:22:00.000,84.547,84.548,84.457,84.518,0.1834
27.06.2019 15:23:00.000,84.518,84.538,84.428,84.538,0.1903
27.06.2019 15:24:00.000,84.538,84.627,84.538,84.578,0.0674
27.06.2019 15:25:00.000,84.577,84.638,84.577,84.618,0.0182
27.06.2019 15:26:00.000,84.617,84.728,84.617,84.728,0.1043
27.06.2019 15:27:00.000,84.727,84.758,84.637,84.638,0.0795
27.06.2019 15:28:00.000,84.648,84.708,84.648,84.687,0.0895
27.06.2019 15:29:00.000,84.688,84.708,84.637,84.657,0.0605
27.06.2019 15:30:00.000,84.657,84.657,84.478,84.508,0.192
27.06.2019 15:31:00.000,84.518,84.528,84.487,84.498,0.0718
27.06.2019 15:32:00.000,84.508,84.508,84.408,84.418,0.1132
27.06.2019 15:33:00.000,84.418,84.418,84.338,84.338,0.1398
27.06.2019 15:34:00.000,84.338,84.398,84.318,84.318,0.2101
27.06.2019 15:35:00.000,84.318,84.378,84.307,84.347,0.1705
27.06.2019 15:36:00.000,84.348,84.358,84.277,84.298,0.1232
27.06.2019 15:37:00.000,84.298,84.358,84.298,84.348,0.2195
27.06.2019 15:38:00.000,84.357,84.438,84.357,84.387,0.1192
27.06.2019 15:39:00.000,84.387,84.428,84.387,84.428,0.1122
27.06.2019 15:40:00.000,84.438,84.528,84.428,84.498,0.0697
27.06.2019 15:41:00.000,84.497,84.508,84.417,84.417,0.047
27.06.2019 15:42:00.000,84.418,84.428,84.348,84.387,0.134
27.06.2019 15:43:00.000,84.388,84.418,84.348,84.418,0.0815
27.06.2019 15:44:00.000,84.427,84.438,84.398,84.417,0.0791
27.06.2019 15:45:00.000,84.428,84.518,84.428,84.478,0.072
27.06.2019 15:46:00.000,84.478,84.528,84.477,84.478,0.0552
27.06.2019 15:47:00.000,84.478,84.478,84.427,84.468,0.0407
27.06.2019 15:48:00.000,84.477,84.487,84.447,84.478,0.0461
27.06.2019 15:49:00.000,84.488,84.538,84.447,84.538,0.0825
27.06.2019 15:50:00.000,84.548,84.597,84.528,84.577,0.0882
27.06.2019 15:51:00.000,84.587,84.588,84.508,84.528,0.0474
27.06.2019 15:52:00.000,84.528,84.558,84.478,84.558,0.088
27.06.2019 15:53:00.000,84.547,84.598,84.547,84.548,0.0187
27.06.2019 15:54:00.000,84.548,84.558,84.548,84.558,0.0046
27.06.2019 15:55:00.000,84.558,84.608,84.557,84.608,0.0231
27.06.2019 15:56:00.000,84.608,84.648,84.607,84.618,0.0851
27.06.2019 15:57:00.000,84.618,84.728,84.568,84.728,0.1697
27.06.2019 15:58:00.000,84.748,84.778,84.737,84.768,0.1139
27.06.2019 15:59:00.000,84.787,84.788,84.717,84.768,0.1087
27.06.2019 16:00:00.000,84.758,84.798,84.737,84.797,0.0205
27.06.2019 16:01:00.000,84.797,84.818,84.727,84.728,0.043
27.06.2019 16:02:00.000,84.737,84.748,84.698,84.708,0.1538
27.06.2019 16:03:00.000,84.698,84.728,84.658,84.658,0.0764
27.06.2019 16:04:00.000,84.658,84.698,84.638,84.657,0.0607
27.06.2019 16:05:00.000,84.658,84.688,84.637,84.667,0.0772
27.06.2019 16:06:00.000,84.668,84.718,84.668,84.678,0.0567
27.06.2019 16:07:00.000,84.678,84.688,84.647,84.657,0.0819
27.06.2019 16:08:00.000,84.657,84.668,84.637,84.668,0.0752
27.06.2019 16:09:00.000,84.668,84.688,84.657,84.688,0.1034
27.06.2019 16:10:00.000,84.687,84.688,84.588,84.598,0.1092
27.06.2019 16:11:00.000,84.597,84.658,84.597,84.658,0.0913
27.06.2019 16:12:00.000,84.657,84.658,84.528,84.528,0.0695
27.06.2019 16:13:00.000,84.537,84.628,84.537,84.628,0.0533
27.06.2019 16:14:00.000,84.638,84.658,84.598,84.628,0.0713
27.06.2019 16:15:00.000,84.638,84.688,84.638,84.678,0.0279
27.06.2019 16:16:00.000,84.688,84.748,84.668,84.728,0.0623
27.06.2019 16:17:00.000,84.727,84.738,84.638,84.638,0.0657
27.06.2019 16:18:00.000,84.637,84.678,84.628,84.637,0.0393
27.06.2019 16:19:00.000,84.647,84.688,84.637,84.637,0.0388
27.06.2019 16:20:00.000,84.637,84.648,84.627,84.648,0.0093
27.06.2019 16:21:00.000,84.678,84.727,84.678,84.708,0.0589
27.06.2019 16:22:00.000,84.717,84.778,84.717,84.747,0.0183
27.06.2019 16:23:00.000,84.748,84.778,84.747,84.758,0.0209
27.06.2019 16:24:00.000,84.778,84.808,84.758,84.767,0.0358
27.06.2019 16:25:00.000,84.768,84.788,84.768,84.778,0.0189
27.06.2019 16:26:00.000,84.777,84.818,84.758,84.798,0.0643
27.06.2019 16:27:00.000,84.798,84.798,84.787,84.787,0.0462
27.06.2019 16:28:00.000,84.798,84.838,84.787,84.838,0.0593
27.06.2019 16:29:00.000,84.837,84.887,84.817,84.887,0.0495
27.06.2019 16:30:00.000,84.887,84.887,84.847,84.847,0.0461
27.06.2019 16:31:00.000,84.858,84.878,84.847,84.877,0.0252
27.06.2019 16:32:00.000,84.868,84.868,84.838,84.848,0.0097
27.06.2019 16:33:00.000,84.847,84.858,84.797,84.798,0.0865
27.06.2019 16:34:00.000,84.788,84.818,84.728,84.798,0.1362
27.06.2019 16:35:00.000,84.808,84.818,84.807,84.808,0.0018
27.06.2019 16:36:00.000,84.808,84.828,84.808,84.827,0.043
27.06.2019 16:37:00.000,84.828,84.848,84.818,84.818,0.0775
27.06.2019 16:38:00.000,84.818,84.818,84.777,84.807,0.0611
27.06.2019 16:39:00.000,84.808,84.818,84.798,84.818,0.0301
27.06.2019 16:40:00.000,84.818,84.838,84.778,84.787,0.0836
27.06.2019 16:41:00.000,84.797,84.818,84.778,84.798,0.0576
27.06.2019 16:42:00.000,84.808,84.848,84.808,84.838,0.0084
27.06.2019 16:43:00.000,84.837,84.837,84.798,84.818,0.015
27.06.2019 16:44:00.000,84.808,84.818,84.788,84.817,0.0253
27.06.2019 16:45:00.000,84.818,84.848,84.807,84.838,0.0033
27.06.2019 16:46:00.000,84.837,84.848,84.827,84.848,0.0275
27.06.2019 16:47:00.000,84.848,84.848,84.808,84.847,0.0635
27.06.2019 16:48:00.000,84.848,84.868,84.837,84.858,0.0444
27.06.2019 16:49:00.000,84.858,84.858,84.827,84.837,0.0186
27.06.2019 16:50:00.000,84.838,84.838,84.807,84.838,0.0357
27.06.2019 16:51:00.000,84.858,84.868,84.827,84.857,0.0917
27.06.2019 16:52:00.000,84.878,84.898,84.867,84.898,0.05
27.06.2019 16:53:00.000,84.897,84.898,84.877,84.888,0.0479
27.06.2019 16:54:00.000,84.878,84.908,84.877,84.908,0.0348
27.06.2019 16:55:00.000,84.907,84.907,84.828,84.858,0.1301
27.06.2019 16:56:00.000,84.878,84.888,84.848,84.878,0.0739
27.06.2019 16:57:00.000,84.878,84.898,84.877,84.878,0.0817
27.06.2019 16:58:00.000,84.878,84.908,84.877,84.908,0.0882
27.06.2019 16:59:00.000,84.917,84.917,84.827,84.847,0.1053
27.06.2019 17:00:00.000,84.848,84.848,84.817,84.818,0.0468
27.06.2019 17:01:00.000,84.818,84.818,84.817,84.817,0.0121
27.06.2019 17:02:00.000,84.818,84.888,84.818,84.868,0.0915
27.06.2019 17:03:00.000,84.867,84.878,84.857,84.858,0.0553
27.06.2019 17:04:00.000,84.857,84.858,84.838,84.848,0.058
27.06.2019 17:05:00.000,84.848,84.858,84.838,84.838,0.0048
27.06.2019 17:06:00.000,84.847,84.848,84.808,84.808,0.0652
27.06.2019 17:07:00.000,84.818,84.838,84.798,84.808,0.0745
27.06.2019 17:08:00.000,84.818,84.828,84.817,84.828,0.0545
27.06.2019 17:09:00.000,84.828,84.848,84.788,84.828,0.0976
27.06.2019 17:10:00.000,84.818,84.818,84.767,84.768,0.0993
27.06.2019 17:11:00.000,84.767,84.808,84.758,84.758,0.0269
27.06.2019 17:12:00.000,84.757,84.757,84.727,84.728,0.0977
27.06.2019 17:13:00.000,84.727,84.738,84.718,84.718,0.0733
27.06.2019 17:14:00.000,84.718,84.728,84.717,84.718,0.0091
27.06.2019 17:15:00.000,84.718,84.718,84.678,84.698,0.0722
27.06.2019 17:16:00.000,84.718,84.737,84.718,84.728,0.062
27.06.2019 17:17:00.000,84.708,84.738,84.698,84.698,0.0863
27.06.2019 17:18:00.000,84.698,84.698,84.677,84.678,0.0032
27.06.2019 17:19:00.000,84.678,84.678,84.657,84.658,0.0507
27.06.2019 17:20:00.000,84.658,84.658,84.627,84.658,0.1024
27.06.2019 17:21:00.000,84.647,84.698,84.647,84.688,0.0471
27.06.2019 17:22:00.000,84.687,84.708,84.647,84.647,0.0459
27.06.2019 17:23:00.000,84.648,84.648,84.578,84.588,0.0325
27.06.2019 17:24:00.000,84.588,84.618,84.567,84.618,0.0176
27.06.2019 17:25:00.000,84.617,84.638,84.617,84.637,0.0113
27.06.2019 17:26:00.000,84.638,84.638,84.598,84.598,0.0195
27.06.2019 17:27:00.000,84.597,84.598,84.538,84.538,0.0832
27.06.2019 17:28:00.000,84.537,84.598,84.507,84.588,0.0647
27.06.2019 17:29:00.000,84.588,84.598,84.537,84.538,0.048
27.06.2019 17:30:00.000,84.538,84.538,84.508,84.538,0.0169
27.06.2019 17:31:00.000,84.538,84.558,84.507,84.558,0.0741
27.06.2019 17:32:00.000,84.538,84.538,84.508,84.527,0.0097
27.06.2019 17:33:00.000,84.528,84.528,84.477,84.478,0.053
27.06.2019 17:34:00.000,84.477,84.478,84.428,84.438,0.055
27.06.2019 17:35:00.000,84.447,84.468,84.447,84.458,0.0178
27.06.2019 17:36:00.000,84.457,84.457,84.428,84.428,0.0102
27.06.2019 17:37:00.000,84.427,84.438,84.398,84.407,0.0873
27.06.2019 17:38:00.000,84.408,84.408,84.387,84.398,0.0262
27.06.2019 17:39:00.000,84.388,84.408,84.368,84.388,0.087
27.06.2019 17:40:00.000,84.378,84.398,84.297,84.298,0.128
27.06.2019 17:41:00.000,84.307,84.378,84.307,84.347,0.0242
27.06.2019 17:42:00.000,84.348,84.368,84.327,84.327,0.083
27.06.2019 17:43:00.000,84.328,84.348,84.328,84.338,0.0203
27.06.2019 17:44:00.000,84.347,84.368,84.338,84.368,0.0956
27.06.2019 17:45:00.000,84.358,84.358,84.307,84.308,0.1211
27.06.2019 17:46:00.000,84.307,84.328,84.277,84.277,0.0341
27.06.2019 17:47:00.000,84.268,84.348,84.268,84.307,0.119
27.06.2019 17:48:00.000,84.308,84.308,84.287,84.287,0.0699
27.06.2019 17:49:00.000,84.288,84.308,84.268,84.278,0.0242
27.06.2019 17:50:00.000,84.277,84.297,84.237,84.268,0.077
27.06.2019 17:51:00.000,84.268,84.307,84.268,84.298,0.0475
27.06.2019 17:52:00.000,84.288,84.288,84.237,84.247,0.0907
27.06.2019 17:53:00.000,84.248,84.258,84.227,84.257,0.0999
27.06.2019 17:54:00.000,84.248,84.248,84.137,84.138,0.083
27.06.2019 17:55:00.000,84.148,84.178,84.117,84.178,0.0878
27.06.2019 17:56:00.000,84.177,84.238,84.177,84.238,0.0856
27.06.2019 17:57:00.000,84.238,84.277,84.218,84.238,0.1266
27.06.2019 17:58:00.000,84.238,84.238,84.197,84.208,0.0357
27.06.2019 17:59:00.000,84.208,84.218,84.168,84.178,0.0578
27.06.2019 18:00:00.000,84.177,84.178,84.158,84.178,0.0256
27.06.2019 18:01:00.000,84.167,84.187,84.107,84.128,0.0675
27.06.2019 18:02:00.000,84.137,84.178,84.137,84.148,0.0944
27.06.2019 18:03:00.000,84.158,84.178,84.138,84.138,0.0698
27.06.2019 18:04:00.000,84.167,84.168,84.148,84.157,0.017
27.06.2019 18:05:00.000,84.158,84.178,84.157,84.178,0.1177
27.06.2019 18:06:00.000,84.178,84.218,84.167,84.218,0.0938
27.06.2019 18:07:00.000,84.217,84.218,84.187,84.197,0.0441
27.06.2019 18:08:00.000,84.198,84.258,84.197,84.248,0.0607
27.06.2019 18:09:00.000,84.247,84.278,84.247,84.268,0.0194
27.06.2019 18:10:00.000,84.267,84.298,84.267,84.278,0.1144
27.06.2019 18:11:00.000,84.277,84.318,84.277,84.317,0.0489
27.06.2019 18:12:00.000,84.318,84.338,84.297,84.298,0.0648
27.06.2019 18:13:00.000,84.297,84.308,84.287,84.298,0.0253
27.06.2019 18:14:00.000,84.308,84.308,84.287,84.307,0.0713
27.06.2019 18:15:00.000,84.297,84.308,84.287,84.308,0.0225
27.06.2019 18:16:00.000,84.307,84.318,84.298,84.298,0.0676
27.06.2019 18:17:00.000,84.298,84.338,84.297,84.338,0.0729
27.06.2019 18:18:00.000,84.327,84.338,84.327,84.328,0.0025
27.06.2019 18:19:00.000,84.327,84.368,84.327,84.368,0.0563
27.06.2019 18:20:00.000,84.367,84.377,84.338,84.348,0.0337
27.06.2019 18:21:00.000,84.357,84.368,84.298,84.307,0.0708
27.06.2019 18:22:00.000,84.307,84.308,84.237,84.248,0.0972
27.06.2019 18:23:00.000,84.257,84.298,84.247,84.288,0.0475
27.06.2019 18:24:00.000,84.298,84.357,84.297,84.338,0.0183
27.06.2019 18:25:00.000,84.338,84.357,84.337,84.338,0.0662
27.06.2019 18:26:00.000,84.337,84.348,84.287,84.318,0.0657
27.06.2019 18:27:00.000,84.327,84.348,84.317,84.348,0.0297
27.06.2019 18:28:00.000,84.347,84.368,84.337,84.338,0.0294
27.06.2019 18:29:00.000,84.328,84.358,84.317,84.327,0.0296
27.06.2019 18:30:00.000,84.328,84.368,84.307,84.318,0.0616
27.06.2019 18:31:00.000,84.317,84.318,84.267,84.268,0.0609
27.06.2019 18:32:00.000,84.268,84.268,84.208,84.228,0.097
27.06.2019 18:33:00.000,84.227,84.228,84.178,84.188,0.0347
27.06.2019 18:34:00.000,84.198,84.217,84.177,84.198,0.0955
27.06.2019 18:35:00.000,84.198,84.198,84.118,84.138,0.0546
27.06.2019 18:36:00.000,84.137,84.177,84.118,84.147,0.0922
27.06.2019 18:37:00.000,84.148,84.178,84.148,84.148,0.0419
27.06.2019 18:38:00.000,84.158,84.158,84.087,84.088,0.0727
27.06.2019 18:39:00.000,84.087,84.138,84.087,84.088,0.1007
27.06.2019 18:40:00.000,84.088,84.108,84.058,84.068,0.1179
27.06.2019 18:41:00.000,84.068,84.068,84.017,84.027,0.0313
27.06.2019 18:42:00.000,84.028,84.058,84.008,84.038,0.0406
27.06.2019 18:43:00.000,84.037,84.048,84.007,84.018,0.0613
27.06.2019 18:44:00.000,84.027,84.068,84.018,84.067,0.0359
27.06.2019 18:45:00.000,84.068,84.068,84.007,84.018,0.0371
27.06.2019 18:46:00.000,83.997,84.028,83.987,83.998,0.1438
27.06.2019 18:47:00.000,84.028,84.068,84.017,84.057,0.0827
27.06.2019 18:48:00.000,84.068,84.088,84.017,84.018,0.0493
27.06.2019 18:49:00.000,84.028,84.058,84.017,84.038,0.1105
27.06.2019 18:50:00.000,84.038,84.038,84.027,84.028,0.005
27.06.2019 18:51:00.000,84.037,84.048,84.017,84.027,0.042
27.06.2019 18:52:00.000,84.038,84.058,84.037,84.057,0.1057
27.06.2019 18:53:00.000,84.057,84.058,84.017,84.028,0.0652
27.06.2019 18:54:00.000,84.027,84.047,84.027,84.037,0.0438
27.06.2019 18:55:00.000,84.048,84.058,84.047,84.057,0.0102
27.06.2019 18:56:00.000,84.057,84.057,84.027,84.028,0.0838
27.06.2019 18:57:00.000,84.028,84.068,84.017,84.068,0.0679
27.06.2019 18:58:00.000,84.067,84.088,84.028,84.057,0.1346
27.06.2019 18:59:00.000,84.057,84.057,84.017,84.038,0.1101
27.06.2019 19:00:00.000,84.038,84.118,84.037,84.098,0.0914
27.06.2019 19:01:00.000,84.098,84.098,84.027,84.028,0.0661
27.06.2019 19:02:00.000,84.027,84.038,84.017,84.028,0.0343
27.06.2019 19:03:00.000,84.027,84.038,84.017,84.038,0.0366
27.06.2019 19:04:00.000,84.038,84.068,84.017,84.018,0.137
27.06.2019 19:05:00.000,84.017,84.028,83.997,83.998,0.0983
27.06.2019 19:06:00.000,84.018,84.068,84.008,84.068,0.0552
27.06.2019 19:07:00.000,84.067,84.088,84.038,84.047,0.0805
27.06.2019 19:08:00.000,84.037,84.078,84.027,84.068,0.0709
27.06.2019 19:09:00.000,84.067,84.068,84.018,84.038,0.0928
27.06.2019 19:10:00.000,84.038,84.038,83.998,84.018,0.1556
27.06.2019 19:11:00.000,84.017,84.057,84.017,84.038,0.0979
27.06.2019 19:12:00.000,84.038,84.088,84.028,84.068,0.1266
27.06.2019 19:13:00.000,84.067,84.118,84.058,84.087,0.1052
27.06.2019 19:14:00.000,84.088,84.127,84.087,84.098,0.1549
27.06.2019 19:15:00.000,84.098,84.108,84.068,84.068,0.0611
27.06.2019 19:16:00.000,84.077,84.088,84.057,84.067,0.1087
27.06.2019 19:17:00.000,84.068,84.068,84.037,84.038,0.02
27.06.2019 19:18:00.000,84.037,84.037,83.927,83.927,0.1512
27.06.2019 19:19:00.000,83.928,83.938,83.908,83.908,0.066
27.06.2019 19:20:00.000,83.908,83.928,83.898,83.898,0.0536
27.06.2019 19:21:00.000,83.897,83.898,83.808,83.808,0.1484
27.06.2019 19:22:00.000,83.817,83.848,83.817,83.838,0.0955
27.06.2019 19:23:00.000,83.848,83.848,83.767,83.768,0.1291
27.06.2019 19:24:00.000,83.767,83.798,83.757,83.768,0.0305
27.06.2019 19:25:00.000,83.767,83.778,83.697,83.698,0.045
27.06.2019 19:26:00.000,83.707,83.738,83.707,83.707,0.005
27.06.2019 19:27:00.000,83.708,83.728,83.687,83.688,0.0889
27.06.2019 19:28:00.000,83.688,83.688,83.617,83.618,0.1508
27.06.2019 19:29:00.000,83.627,83.658,83.597,83.647,0.1726
27.06.2019 19:30:00.000,83.638,83.648,83.607,83.608,0.125
27.06.2019 19:31:00.000,83.607,83.617,83.557,83.557,0.1001
27.06.2019 19:32:00.000,83.548,83.648,83.548,83.578,0.092
27.06.2019 19:33:00.000,83.588,83.708,83.587,83.708,0.113
27.06.2019 19:34:00.000,83.708,83.748,83.698,83.698,0.1105
27.06.2019 19:35:00.000,83.687,83.698,83.677,83.698,0.1852
27.06.2019 19:36:00.000,83.698,83.708,83.648,83.648,0.1506
27.06.2019 19:37:00.000,83.648,83.718,83.647,83.697,0.1176
27.06.2019 19:38:00.000,83.697,83.738,83.687,83.737,0.0887
27.06.2019 19:39:00.000,83.738,83.828,83.738,83.807,0.156
27.06.2019 19:40:00.000,83.808,83.838,83.807,83.818,0.0979
27.06.2019 19:41:00.000,83.828,83.898,83.828,83.898,0.1195
27.06.2019 19:42:00.000,83.908,83.958,83.907,83.958,0.1636
27.06.2019 19:43:00.000,83.948,83.968,83.907,83.918,0.1785
27.06.2019 19:44:00.000,83.928,83.948,83.917,83.928,0.1374
27.06.2019 19:45:00.000,83.938,83.958,83.927,83.958,0.1143
27.06.2019 19:46:00.000,83.958,84.018,83.957,84.018,0.1141
27.06.2019 19:47:00.000,84.017,84.048,84.008,84.008,0.1355
27.06.2019 19:48:00.000,84.007,84.028,84.007,84.018,0.1626
27.06.2019 19:49:00.000,84.018,84.018,83.957,83.958,0.1787
27.06.2019 19:50:00.000,83.958,83.968,83.907,83.927,0.0806
27.06.2019 19:51:00.000,83.928,83.938,83.858,83.868,0.1247
27.06.2019 19:52:00.000,83.878,83.928,83.867,83.867,0.1008
27.06.2019 19:53:00.000,83.868,83.928,83.858,83.868,0.0821
27.06.2019 19:54:00.000,83.858,83.918,83.857,83.858,0.117
27.06.2019 19:55:00.000,83.867,83.888,83.837,83.887,0.3015
27.06.2019 19:56:00.000,83.888,83.927,83.857,83.897,0.2052
27.06.2019 19:57:00.000,83.898,83.938,83.878,83.898,0.2346
27.06.2019 19:58:00.000,83.897,84.008,83.897,84.007,0.2061
27.06.2019 19:59:00.000,84.008,84.018,83.868,83.868,0.3468
28.06.2019 13:30:00.000,83.468,84.068,83.467,84.068,0.0112
28.06.2019 13:31:00.000,84.068,84.448,84.058,84.197,0.1111
28.06.2019 13:32:00.000,84.207,84.448,84.198,84.378,0.0474
28.06.2019 13:33:00.000,84.378,84.458,84.327,84.428,0.016
28.06.2019 13:34:00.000,84.437,84.467,84.437,84.457,0.0334
28.06.2019 13:35:00.000,84.457,84.498,84.387,84.407,0.0469
28.06.2019 13:36:00.000,84.437,84.538,84.437,84.497,0.0641
28.06.2019 13:37:00.000,84.497,84.668,84.497,84.627,0.0717
28.06.2019 13:38:00.000,84.628,84.738,84.628,84.658,0.0162
28.06.2019 13:39:00.000,84.668,84.767,84.668,84.737,0.0229
28.06.2019 13:40:00.000,84.738,84.848,84.738,84.788,0.0721
28.06.2019 13:41:00.000,84.777,84.868,84.768,84.828,0.0522
28.06.2019 13:42:00.000,84.828,84.838,84.727,84.787,0.0434
28.06.2019 13:43:00.000,84.788,84.788,84.648,84.657,0.0866
28.06.2019 13:44:00.000,84.688,84.748,84.648,84.698,0.0311
28.06.2019 13:45:00.000,84.697,84.737,84.697,84.708,0.0517
28.06.2019 13:46:00.000,84.698,84.707,84.598,84.598,0.1053
28.06.2019 13:47:00.000,84.598,84.617,84.518,84.557,0.0289
28.06.2019 13:48:00.000,84.558,84.568,84.488,84.538,0.0591
28.06.2019 13:49:00.000,84.538,84.538,84.408,84.498,0.0798
28.06.2019 13:50:00.000,84.487,84.588,84.478,84.577,0.0424
28.06.2019 13:51:00.000,84.578,84.578,84.488,84.488,0.0209
28.06.2019 13:52:00.000,84.497,84.517,84.487,84.508,0.0779
28.06.2019 13:53:00.000,84.507,84.538,84.437,84.437,0.0564
28.06.2019 13:54:00.000,84.438,84.498,84.437,84.488,0.0108
28.06.2019 13:55:00.000,84.487,84.518,84.427,84.517,0.0458
28.06.2019 13:56:00.000,84.518,84.528,84.457,84.458,0.0484
28.06.2019 13:57:00.000,84.458,84.578,84.458,84.578,0.048
28.06.2019 13:58:00.000,84.577,84.648,84.557,84.618,0.0444
28.06.2019 13:59:00.000,84.618,84.668,84.607,84.638,0.025
28.06.2019 14:00:00.000,84.617,84.618,84.538,84.568,0.0321
28.06.2019 14:01:00.000,84.568,84.568,84.297,84.297,0.1793
28.06.2019 14:02:00.000,84.298,84.328,84.138,84.188,0.1283
28.06.2019 14:03:00.000,84.178,84.258,84.178,84.208,0.0023
28.06.2019 14:04:00.000,84.208,84.208,84.107,84.118,0.0451
28.06.2019 14:05:00.000,84.117,84.168,84.117,84.128,0.0808
28.06.2019 14:06:00.000,84.138,84.148,84.028,84.088,0.1316
28.06.2019 14:07:00.000,84.088,84.178,84.087,84.177,0.0892
28.06.2019 14:08:00.000,84.188,84.237,84.077,84.087,0.0322
28.06.2019 14:09:00.000,84.088,84.088,83.968,84.018,0.0506
28.06.2019 14:10:00.000,84.018,84.158,83.988,84.117,0.0582
28.06.2019 14:11:00.000,84.127,84.308,84.127,84.248,0.0466
28.06.2019 14:12:00.000,84.247,84.248,84.157,84.188,0.0277
28.06.2019 14:13:00.000,84.188,84.318,84.187,84.298,0.1094
28.06.2019 14:14:00.000,84.297,84.338,84.268,84.278,0.0881
28.06.2019 14:15:00.000,84.278,84.298,84.228,84.237,0.0516
28.06.2019 14:16:00.000,84.238,84.238,84.147,84.187,0.1182
28.06.2019 14:17:00.000,84.188,84.288,84.187,84.288,0.0686
28.06.2019 14:18:00.000,84.288,84.288,84.197,84.258,0.0689
28.06.2019 14:19:00.000,84.258,84.278,84.198,84.277,0.013
28.06.2019 14:20:00.000,84.278,84.368,84.278,84.338,0.0277
28.06.2019 14:21:00.000,84.338,84.348,84.307,84.308,0.0252
28.06.2019 14:22:00.000,84.307,84.337,84.207,84.238,0.0786
28.06.2019 14:23:00.000,84.238,84.268,84.238,84.267,0.0315
28.06.2019 14:24:00.000,84.267,84.368,84.258,84.288,0.1082
28.06.2019 14:25:00.000,84.327,84.328,84.237,84.288,0.0264
28.06.2019 14:26:00.000,84.288,84.298,84.237,84.238,0.0392
28.06.2019 14:27:00.000,84.247,84.328,84.218,84.218,0.0704
28.06.2019 14:28:00.000,84.238,84.308,84.238,84.308,0.0118
28.06.2019 14:29:00.000,84.307,84.338,84.238,84.258,0.0546
28.06.2019 14:30:00.000,84.268,84.318,84.258,84.308,0.1001
28.06.2019 14:31:00.000,84.318,84.358,84.278,84.287,0.1151
28.06.2019 14:32:00.000,84.268,84.278,84.237,84.278,0.1076
28.06.2019 14:33:00.000,84.277,84.358,84.277,84.348,0.0816
28.06.2019 14:34:00.000,84.347,84.388,84.347,84.368,0.1282
28.06.2019 14:35:00.000,84.377,84.448,84.377,84.428,0.1202
28.06.2019 14:36:00.000,84.438,84.478,84.427,84.478,0.03
28.06.2019 14:37:00.000,84.477,84.538,84.477,84.537,0.0784
28.06.2019 14:38:00.000,84.538,84.568,84.507,84.518,0.0857
28.06.2019 14:39:00.000,84.527,84.608,84.527,84.547,0.0478
28.06.2019 14:40:00.000,84.537,84.537,84.458,84.477,0.0804
28.06.2019 14:41:00.000,84.478,84.538,84.447,84.538,0.0449
28.06.2019 14:42:00.000,84.537,84.537,84.407,84.408,0.0409
28.06.2019 14:43:00.000,84.408,84.438,84.358,84.398,0.0926
28.06.2019 14:44:00.000,84.398,84.428,84.348,84.357,0.0598
28.06.2019 14:45:00.000,84.358,84.388,84.338,84.358,0.0669
28.06.2019 14:46:00.000,84.378,84.438,84.358,84.437,0.1319
28.06.2019 14:47:00.000,84.437,84.508,84.437,84.508,0.1
28.06.2019 14:48:00.000,84.507,84.528,84.478,84.518,0.1492
28.06.2019 14:49:00.000,84.498,84.498,84.427,84.448,0.122
28.06.2019 14:50:00.000,84.447,84.468,84.408,84.418,0.0744
28.06.2019 14:51:00.000,84.417,84.568,84.387,84.558,0.1671
28.06.2019 14:52:00.000,84.538,84.608,84.538,84.608,0.0659
28.06.2019 14:53:00.000,84.607,84.658,84.588,84.617,0.0534
28.06.2019 14:54:00.000,84.618,84.618,84.538,84.607,0.1943
28.06.2019 14:55:00.000,84.618,84.657,84.617,84.627,0.0283
28.06.2019 14:56:00.000,84.627,84.627,84.528,84.617,0.1462
28.06.2019 14:57:00.000,84.618,84.708,84.618,84.708,0.0284
28.06.2019 14:58:00.000,84.707,84.748,84.668,84.688,0.1207
28.06.2019 14:59:00.000,84.698,84.698,84.587,84.598,0.0536
28.06.2019 15:00:00.000,84.597,84.658,84.538,84.627,0.0351
28.06.2019 15:01:00.000,84.618,84.658,84.607,84.648,0.0913
28.06.2019 15:02:00.000,84.638,84.738,84.628,84.738,0.0636
28.06.2019 15:03:00.000,84.738,84.778,84.728,84.758,0.0663
28.06.2019 15:04:00.000,84.758,84.758,84.717,84.718,0.0724
28.06.2019 15:05:00.000,84.737,84.807,84.717,84.798,0.0636
28.06.2019 15:06:00.000,84.808,84.848,84.807,84.847,0.0483
28.06.2019 15:07:00.000,84.847,84.888,84.847,84.877,0.0847
28.06.2019 15:08:00.000,84.888,84.928,84.887,84.928,0.1061
28.06.2019 15:09:00.000,84.927,84.938,84.897,84.938,0.0192
28.06.2019 15:10:00.000,84.938,84.938,84.907,84.927,0.0514
28.06.2019 15:11:00.000,84.927,84.927,84.847,84.878,0.1267
28.06.2019 15:12:00.000,84.877,84.938,84.877,84.938,0.0248
28.06.2019 15:13:00.000,84.937,84.958,84.927,84.948,0.0287
28.06.2019 15:14:00.000,84.958,84.998,84.958,84.958,0.0323
28.06.2019 15:15:00.000,84.967,84.988,84.937,84.978,0.0429
28.06.2019 15:16:00.000,84.978,84.988,84.957,84.957,0.0254
28.06.2019 15:17:00.000,84.957,84.958,84.877,84.877,0.0639
28.06.2019 15:18:00.000,84.878,84.918,84.878,84.918,0.0458
28.06.2019 15:19:00.000,84.928,84.988,84.928,84.968,0.0346
28.06.2019 15:20:00.000,84.968,84.968,84.917,84.948,0.0582
28.06.2019 15:21:00.000,84.958,85.008,84.958,85.008,0.0394
28.06.2019 15:22:00.000,85.018,85.028,84.938,84.988,0.0118
28.06.2019 15:23:00.000,84.988,84.998,84.957,84.998,0.0202
28.06.2019 15:24:00.000,84.998,84.998,84.908,84.928,0.0637
28.06.2019 15:25:00.000,84.927,84.967,84.927,84.967,0.038
28.06.2019 15:26:00.000,84.968,85.067,84.967,85.057,0.0948
28.06.2019 15:27:00.000,85.087,85.098,85.037,85.068,0.1554
28.06.2019 15:28:00.000,85.068,85.108,85.058,85.108,0.0928
28.06.2019 15:29:00.000,85.108,85.148,85.107,85.148,0.0327
28.06.2019 15:30:00.000,85.147,85.147,85.077,85.088,0.0554
28.06.2019 15:31:00.000,85.097,85.128,85.077,85.128,0.0395
28.06.2019 15:32:00.000,85.128,85.177,85.128,85.137,0.0729
28.06.2019 15:33:00.000,85.138,85.188,85.138,85.188,0.0772
28.06.2019 15:34:00.000,85.218,85.238,85.208,85.228,0.0866
28.06.2019 15:35:00.000,85.237,85.248,85.198,85.198,0.1034
28.06.2019 15:36:00.000,85.197,85.198,85.177,85.178,0.0433
28.06.2019 15:37:00.000,85.177,85.188,85.128,85.168,0.0341
28.06.2019 15:38:00.000,85.167,85.168,85.078,85.078,0.0105
28.06.2019 15:39:00.000,85.088,85.147,85.078,85.098,0.0639
28.06.2019 15:40:00.000,85.088,85.118,85.047,85.047,0.0387
28.06.2019 15:41:00.000,85.038,85.068,85.018,85.018,0.0616
28.06.2019 15:42:00.000,85.038,85.087,85.028,85.087,0.0913
28.06.2019 15:43:00.000,85.078,85.118,85.077,85.088,0.0105
28.06.2019 15:44:00.000,85.097,85.168,85.087,85.168,0.0685
28.06.2019 15:45:00.000,85.168,85.188,85.157,85.178,0.077
28.06.2019 15:46:00.000,85.178,85.258,85.178,85.258,0.0562
28.06.2019 15:47:00.000,85.267,85.268,85.207,85.217,0.0924
28.06.2019 15:48:00.000,85.218,85.218,85.128,85.148,0.0579
28.06.2019 15:49:00.000,85.147,85.188,85.147,85.177,0.0215
28.06.2019 15:50:00.000,85.177,85.177,85.107,85.148,0.044
28.06.2019 15:51:00.000,85.148,85.148,85.108,85.118,0.0029
28.06.2019 15:52:00.000,85.118,85.158,85.118,85.158,0.002
28.06.2019 15:53:00.000,85.178,85.178,85.107,85.107,0.0213
28.06.2019 15:54:00.000,85.108,85.168,85.107,85.108,0.0315
28.06.2019 15:55:00.000,85.107,85.107,85.078,85.088,0.0024
28.06.2019 15:56:00.000,85.087,85.168,85.087,85.148,0.0357
28.06.2019 15:57:00.000,85.147,85.147,85.008,85.067,0.0963
28.06.2019 15:58:00.000,85.068,85.078,84.967,85.008,0.041
28.06.2019 15:59:00.000,85.007,85.007,84.957,84.967,0.0185
28.06.2019 16:00:00.000,84.958,84.958,84.917,84.957,0.0026
28.06.2019 16:01:00.000,84.958,85.058,84.958,85.058,0.0721
28.06.2019 16:02:00.000,85.058,85.058,84.977,85.008,0.0927
28.06.2019 16:03:00.000,85.007,85.028,84.978,84.978,0.0547
28.06.2019 16:04:00.000,84.978,85.058,84.977,85.058,0.0236
28.06.2019 16:05:00.000,85.057,85.117,85.057,85.108,0.0041
28.06.2019 16:06:00.000,85.108,85.108,85.057,85.088,0.0535
28.06.2019 16:07:00.000,85.087,85.088,85.057,85.078,0.0401
28.06.2019 16:08:00.000,85.078,85.078,85.047,85.068,0.0128
28.06.2019 16:09:00.000,85.068,85.088,85.057,85.088,0.0263
28.06.2019 16:10:00.000,85.087,85.128,85.087,85.127,0.0443
28.06.2019 16:11:00.000,85.128,85.208,85.128,85.207,0.0025
28.06.2019 16:12:00.000,85.208,85.208,85.177,85.208,0.0192
28.06.2019 16:13:00.000,85.208,85.228,85.187,85.198,0.1151
28.06.2019 16:14:00.000,85.198,85.198,85.157,85.158,0.0674
28.06.2019 16:15:00.000,85.157,85.168,85.117,85.147,0.0366
28.06.2019 16:16:00.000,85.148,85.178,85.147,85.178,0.0575
28.06.2019 16:17:00.000,85.188,85.218,85.187,85.208,0.0183
28.06.2019 16:18:00.000,85.218,85.218,85.188,85.198,0.0465
28.06.2019 16:19:00.000,85.198,85.198,85.167,85.167,0.0336
28.06.2019 16:20:00.000,85.168,85.248,85.167,85.218,0.0761
28.06.2019 16:21:00.000,85.218,85.248,85.178,85.178,0.0248
28.06.2019 16:22:00.000,85.177,85.178,85.118,85.128,0.057
28.06.2019 16:23:00.000,85.138,85.198,85.138,85.198,0.0697
28.06.2019 16:24:00.000,85.198,85.208,85.168,85.188,0.0113
28.06.2019 16:25:00.000,85.188,85.228,85.187,85.228,0.0654
28.06.2019 16:26:00.000,85.237,85.258,85.228,85.258,0.0227
28.06.2019 16:27:00.000,85.257,85.348,85.257,85.348,0.0933
28.06.2019 16:28:00.000,85.358,85.358,85.317,85.337,0.0392
28.06.2019 16:29:00.000,85.338,85.338,85.227,85.228,0.063
28.06.2019 16:30:00.000,85.227,85.267,85.187,85.258,0.2193
28.06.2019 16:31:00.000,85.268,85.298,85.267,85.298,0.052
28.06.2019 16:32:00.000,85.298,85.358,85.297,85.358,0.0474
28.06.2019 16:33:00.000,85.358,85.388,85.357,85.387,0.1037
28.06.2019 16:34:00.000,85.388,85.438,85.367,85.367,0.1424
28.06.2019 16:35:00.000,85.377,85.398,85.357,85.398,0.1181
28.06.2019 16:36:00.000,85.397,85.398,85.347,85.398,0.0145
28.06.2019 16:37:00.000,85.397,85.408,85.397,85.398,0.0207
28.06.2019 16:38:00.000,85.368,85.368,85.328,85.358,0.0362
28.06.2019 16:39:00.000,85.368,85.408,85.367,85.398,0.0155
28.06.2019 16:40:00.000,85.397,85.397,85.308,85.348,0.0409
28.06.2019 16:41:00.000,85.348,85.348,85.308,85.317,0.0173
28.06.2019 16:42:00.000,85.327,85.388,85.327,85.348,0.0331
28.06.2019 16:43:00.000,85.348,85.447,85.348,85.438,0.0721
28.06.2019 16:44:00.000,85.438,85.448,85.437,85.438,0.032
28.06.2019 16:45:00.000,85.438,85.438,85.388,85.417,0.0697
28.06.2019 16:46:00.000,85.418,85.438,85.367,85.388,0.081
28.06.2019 16:47:00.000,85.387,85.408,85.348,85.358,0.0945
28.06.2019 16:48:00.000,85.358,85.358,85.308,85.328,0.0248
28.06.2019 16:49:00.000,85.338,85.358,85.327,85.348,0.0307
28.06.2019 16:50:00.000,85.347,85.398,85.347,85.367,0.0311
28.06.2019 16:51:00.000,85.368,85.378,85.327,85.368,0.0113
28.06.2019 16:52:00.000,85.367,85.378,85.348,85.358,0.0089
28.06.2019 16:53:00.000,85.358,85.398,85.357,85.398,0.0311
28.06.2019 16:54:00.000,85.408,85.408,85.377,85.388,0.0029
28.06.2019 16:55:00.000,85.388,85.388,85.338,85.387,0.0747
28.06.2019 16:56:00.000,85.387,85.387,85.328,85.367,0.088
28.06.2019 16:57:00.000,85.378,85.378,85.327,85.338,0.0343
28.06.2019 16:58:00.000,85.338,85.348,85.337,85.338,0.0373
28.06.2019 16:59:00.000,85.337,85.348,85.328,85.328,0.0078
28.06.2019 17:00:00.000,85.327,85.348,85.327,85.348,0.0312
28.06.2019 17:01:00.000,85.347,85.348,85.347,85.348,0.0012
28.06.2019 17:02:00.000,85.348,85.348,85.257,85.267,0.0964
28.06.2019 17:03:00.000,85.267,85.267,85.208,85.228,0.0584
28.06.2019 17:04:00.000,85.227,85.228,85.188,85.198,0.0798
28.06.2019 17:05:00.000,85.197,85.208,85.167,85.208,0.1121
28.06.2019 17:06:00.000,85.178,85.178,85.137,85.147,0.0398
28.06.2019 17:07:00.000,85.147,85.148,85.117,85.118,0.0096
28.06.2019 17:08:00.000,85.097,85.178,85.087,85.177,0.0373
28.06.2019 17:09:00.000,85.188,85.188,85.117,85.128,0.0635
28.06.2019 17:10:00.000,85.128,85.218,85.128,85.197,0.0938
28.06.2019 17:11:00.000,85.198,85.208,85.118,85.118,0.071
28.06.2019 17:12:00.000,85.118,85.147,85.098,85.108,0.0087
28.06.2019 17:13:00.000,85.108,85.118,85.067,85.078,0.0669
28.06.2019 17:14:00.000,85.077,85.098,85.018,85.097,0.1478
28.06.2019 17:15:00.000,85.098,85.138,85.078,85.138,0.128
28.06.2019 17:16:00.000,85.138,85.158,85.088,85.118,0.0539
28.06.2019 17:17:00.000,85.118,85.118,85.088,85.098,0.0245
28.06.2019 17:18:00.000,85.098,85.128,85.088,85.107,0.0514
28.06.2019 17:19:00.000,85.108,85.108,85.087,85.087,0.0012
28.06.2019 17:20:00.000,85.088,85.098,85.057,85.057,0.0715
28.06.2019 17:21:00.000,85.057,85.088,85.057,85.088,0.0116
28.06.2019 17:22:00.000,85.087,85.098,85.087,85.098,0.0423
28.06.2019 17:23:00.000,85.108,85.108,85.087,85.098,0.0383
28.06.2019 17:24:00.000,85.107,85.138,85.097,85.138,0.0093
28.06.2019 17:25:00.000,85.137,85.137,85.097,85.098,0.0181
28.06.2019 17:26:00.000,85.097,85.118,85.058,85.098,0.0447
28.06.2019 17:27:00.000,85.098,85.107,85.077,85.097,0.0236
28.06.2019 17:28:00.000,85.098,85.127,85.098,85.098,0.0451
28.06.2019 17:29:00.000,85.108,85.108,85.077,85.077,0.0351
28.06.2019 17:30:00.000,85.087,85.118,85.078,85.088,0.0172
28.06.2019 17:31:00.000,85.107,85.108,85.087,85.098,0.037
28.06.2019 17:32:00.000,85.097,85.118,85.097,85.117,0.0346
28.06.2019 17:33:00.000,85.117,85.158,85.117,85.117,0.0986
28.06.2019 17:34:00.000,85.118,85.118,85.107,85.117,0.0407
28.06.2019 17:35:00.000,85.118,85.118,85.077,85.108,0.0278
28.06.2019 17:36:00.000,85.107,85.157,85.057,85.157,0.0278
28.06.2019 17:37:00.000,85.158,85.218,85.157,85.218,0.0386
28.06.2019 17:38:00.000,85.218,85.228,85.197,85.218,0.0275
28.06.2019 17:39:00.000,85.188,85.238,85.188,85.238,0.0552
28.06.2019 17:40:00.000,85.248,85.258,85.247,85.258,0.0006
28.06.2019 17:41:00.000,85.257,85.298,85.257,85.288,0.0192
28.06.2019 17:42:00.000,85.287,85.288,85.227,85.288,0.1287
28.06.2019 17:43:00.000,85.288,85.288,85.247,85.247,0.0548
28.06.2019 17:44:00.000,85.247,85.288,85.247,85.277,0.0385
28.06.2019 17:45:00.000,85.278,85.337,85.278,85.307,0.036
28.06.2019 17:46:00.000,85.308,85.377,85.308,85.368,0.039
28.06.2019 17:47:00.000,85.378,85.378,85.347,85.348,0.0945
28.06.2019 17:48:00.000,85.338,85.338,85.308,85.317,0.0568
28.06.2019 17:49:00.000,85.328,85.328,85.227,85.277,0.1007
28.06.2019 17:50:00.000,85.277,85.278,85.257,85.278,0.0521
28.06.2019 17:51:00.000,85.278,85.288,85.248,85.248,0.0699
28.06.2019 17:52:00.000,85.257,85.278,85.257,85.268,0.0281
28.06.2019 17:53:00.000,85.268,85.288,85.238,85.257,0.0281
28.06.2019 17:54:00.000,85.258,85.258,85.207,85.238,0.0731
28.06.2019 17:55:00.000,85.238,85.238,85.187,85.207,0.0754
28.06.2019 17:56:00.000,85.188,85.268,85.188,85.238,0.1658
28.06.2019 17:57:00.000,85.247,85.298,85.247,85.257,0.1028
28.06.2019 17:58:00.000,85.258,85.308,85.258,85.308,0.0395
28.06.2019 17:59:00.000,85.307,85.318,85.298,85.318,0.0605
28.06.2019 18:00:00.000,85.317,85.318,85.238,85.278,0.0945
28.06.2019 18:01:00.000,85.287,85.398,85.287,85.347,0.1188
28.06.2019 18:02:00.000,85.348,85.378,85.337,85.348,0.0114
28.06.2019 18:03:00.000,85.368,85.408,85.348,85.398,0.021
28.06.2019 18:04:00.000,85.398,85.398,85.348,85.388,0.1036
28.06.2019 18:05:00.000,85.387,85.398,85.357,85.377,0.1964
28.06.2019 18:06:00.000,85.368,85.388,85.368,85.388,0.0091
28.06.2019 18:07:00.000,85.377,85.418,85.377,85.378,0.0395
28.06.2019 18:08:00.000,85.378,85.388,85.368,85.368,0.0534
28.06.2019 18:09:00.000,85.377,85.428,85.377,85.418,0.0704
28.06.2019 18:10:00.000,85.418,85.418,85.377,85.407,0.0531
28.06.2019 18:11:00.000,85.417,85.428,85.387,85.418,0.0183
28.06.2019 18:12:00.000,85.407,85.408,85.377,85.378,0.0503
28.06.2019 18:13:00.000,85.388,85.398,85.358,85.398,0.0259
28.06.2019 18:14:00.000,85.397,85.398,85.337,85.337,0.0983
28.06.2019 18:15:00.000,85.338,85.338,85.337,85.337,0.0014
28.06.2019 18:16:00.000,85.348,85.378,85.307,85.308,0.0754
28.06.2019 18:17:00.000,85.308,85.308,85.287,85.287,0.0206
28.06.2019 18:18:00.000,85.288,85.318,85.247,85.247,0.0833
28.06.2019 18:19:00.000,85.247,85.258,85.237,85.248,0.052
28.06.2019 18:20:00.000,85.267,85.348,85.267,85.348,0.041
28.06.2019 18:21:00.000,85.347,85.368,85.317,85.348,0.0625
28.06.2019 18:22:00.000,85.348,85.387,85.328,85.387,0.0811
28.06.2019 18:23:00.000,85.328,85.368,85.308,85.367,0.057
28.06.2019 18:24:00.000,85.368,85.398,85.348,85.348,0.0364
28.06.2019 18:25:00.000,85.347,85.398,85.347,85.398,0.0316
28.06.2019 18:26:00.000,85.398,85.408,85.358,85.407,0.0388
28.06.2019 18:27:00.000,85.407,85.428,85.348,85.358,0.0564
28.06.2019 18:28:00.000,85.358,85.358,85.257,85.268,0.0694
28.06.2019 18:29:00.000,85.277,85.288,85.257,85.268,0.075
28.06.2019 18:30:00.000,85.278,85.308,85.278,85.297,0.0616
28.06.2019 18:31:00.000,85.307,85.308,85.228,85.238,0.1002
28.06.2019 18:32:00.000,85.248,85.288,85.237,85.287,0.0423
28.06.2019 18:33:00.000,85.288,85.328,85.287,85.307,0.0917
28.06.2019 18:34:00.000,85.308,85.328,85.287,85.287,0.0091
28.06.2019 18:35:00.000,85.297,85.308,85.237,85.238,0.0509
28.06.2019 18:36:00.000,85.238,85.238,85.187,85.208,0.0402
28.06.2019 18:37:00.000,85.217,85.238,85.157,85.238,0.1057
28.06.2019 18:38:00.000,85.237,85.248,85.208,85.228,0.1154
28.06.2019 18:39:00.000,85.218,85.258,85.197,85.227,0.0874
28.06.2019 18:40:00.000,85.228,85.268,85.187,85.188,0.1064
28.06.2019 18:41:00.000,85.187,85.208,85.178,85.208,0.0168
28.06.2019 18:42:00.000,85.217,85.218,85.158,85.178,0.1008
28.06.2019 18:43:00.000,85.177,85.198,85.157,85.198,0.0532
28.06.2019 18:44:00.000,85.198,85.238,85.198,85.218,0.0783
28.06.2019 18:45:00.000,85.178,85.208,85.177,85.198,0.0963
28.06.2019 18:46:00.000,85.198,85.238,85.187,85.218,0.0196
28.06.2019 18:47:00.000,85.218,85.258,85.188,85.208,0.1556
28.06.2019 18:48:00.000,85.208,85.208,85.157,85.167,0.0711
28.06.2019 18:49:00.000,85.168,85.198,85.128,85.147,0.1576
28.06.2019 18:50:00.000,85.148,85.148,85.047,85.058,0.1286
28.06.2019 18:51:00.000,85.058,85.058,84.997,84.998,0.1303
28.06.2019 18:52:00.000,84.997,85.018,84.928,85.018,0.1219
28.06.2019 18:53:00.000,84.988,84.988,84.838,84.858,0.2339
28.06.2019 18:54:00.000,84.877,84.998,84.877,84.997,0.0935
28.06.2019 18:55:00.000,84.998,85.038,84.998,85.038,0.0315
28.06.2019 18:56:00.000,85.037,85.068,85.027,85.028,0.0572
28.06.2019 18:57:00.000,85.028,85.108,85.027,85.067,0.1359
28.06.2019 18:58:00.000,85.068,85.127,85.047,85.048,0.1057
28.06.2019 18:59:00.000,85.047,85.068,85.047,85.048,0.0745
28.06.2019 19:00:00.000,85.047,85.058,85.017,85.017,0.0655
28.06.2019 19:01:00.000,85.007,85.018,84.987,85.018,0.0644
28.06.2019 19:02:00.000,85.017,85.068,85.017,85.018,0.1214
28.06.2019 19:03:00.000,85.017,85.018,84.967,84.968,0.0529
28.06.2019 19:04:00.000,84.978,84.988,84.938,84.938,0.0645
28.06.2019 19:05:00.000,84.937,84.988,84.918,84.988,0.1054
28.06.2019 19:06:00.000,84.987,85.018,84.968,84.968,0.056
28.06.2019 19:07:00.000,84.968,85.028,84.968,84.998,0.1415
28.06.2019 19:08:00.000,84.998,84.998,84.957,84.988,0.0899
28.06.2019 19:09:00.000,84.998,85.078,84.987,85.058,0.0872
28.06.2019 19:10:00.000,85.058,85.068,85.007,85.058,0.1301
28.06.2019 19:11:00.000,85.048,85.058,84.997,85.038,0.108
28.06.2019 19:12:00.000,85.048,85.098,85.038,85.097,0.1088
28.06.2019 19:13:00.000,85.098,85.158,85.097,85.158,0.0527
28.06.2019 19:14:00.000,85.158,85.198,85.157,85.198,0.0587
28.06.2019 19:15:00.000,85.198,85.208,85.147,85.207,0.0645
28.06.2019 19:16:00.000,85.208,85.248,85.207,85.208,0.0952
28.06.2019 19:17:00.000,85.227,85.278,85.227,85.268,0.0459
28.06.2019 19:18:00.000,85.267,85.278,85.217,85.237,0.1304
28.06.2019 19:19:00.000,85.237,85.268,85.227,85.258,0.0662
28.06.2019 19:20:00.000,85.257,85.268,85.257,85.258,0.0199
28.06.2019 19:21:00.000,85.258,85.348,85.247,85.328,0.1216
28.06.2019 19:22:00.000,85.338,85.348,85.327,85.327,0.1235
28.06.2019 19:23:00.000,85.338,85.348,85.318,85.327,0.0951
28.06.2019 19:24:00.000,85.338,85.348,85.297,85.308,0.2013
28.06.2019 19:25:00.000,85.308,85.318,85.257,85.287,0.0842
28.06.2019 19:26:00.000,85.288,85.288,85.237,85.238,0.0948
28.06.2019 19:27:00.000,85.237,85.298,85.237,85.298,0.0953
28.06.2019 19:28:00.000,85.317,85.368,85.298,85.318,0.14
28.06.2019 19:29:00.000,85.328,85.328,85.308,85.328,0.0527
28.06.2019 19:30:00.000,85.327,85.348,85.307,85.347,0.0855
28.06.2019 19:31:00.000,85.348,85.398,85.327,85.397,0.2163
28.06.2019 19:32:00.000,85.398,85.448,85.378,85.448,0.1152
28.06.2019 19:33:00.000,85.447,85.508,85.428,85.478,0.1257
28.06.2019 19:34:00.000,85.477,85.508,85.477,85.488,0.1182
28.06.2019 19:35:00.000,85.497,85.547,85.457,85.458,0.219
28.06.2019 19:36:00.000,85.477,85.478,85.428,85.478,0.1005
28.06.2019 19:37:00.000,85.478,85.488,85.447,85.468,0.0945
28.06.2019 19:38:00.000,85.467,85.508,85.447,85.447,0.154
28.06.2019 19:39:00.000,85.468,85.478,85.428,85.468,0.1336
28.06.2019 19:40:00.000,85.468,85.528,85.468,85.488,0.1746
28.06.2019 19:41:00.000,85.487,85.508,85.458,85.498,0.0566
28.06.2019 19:42:00.000,85.497,85.558,85.497,85.548,0.168
28.06.2019 19:43:00.000,85.548,85.568,85.407,85.407,0.2678
28.06.2019 19:44:00.000,85.408,85.468,85.398,85.398,0.1602
28.06.2019 19:45:00.000,85.398,85.458,85.398,85.428,0.1264
28.06.2019 19:46:00.000,85.427,85.428,85.338,85.358,0.1307
28.06.2019 19:47:00.000,85.368,85.378,85.327,85.328,0.1433
28.06.2019 19:48:00.000,85.327,85.428,85.287,85.428,0.0923
28.06.2019 19:49:00.000,85.427,85.568,85.427,85.567,0.1743
28.06.2019 19:50:00.000,85.578,85.628,85.538,85.538,0.2856
28.06.2019 19:51:00.000,85.538,85.548,85.478,85.508,0.1661
28.06.2019 19:52:00.000,85.508,85.588,85.508,85.578,0.242
28.06.2019 19:53:00.000,85.588,85.598,85.437,85.437,0.2892
28.06.2019 19:54:00.000,85.438,85.558,85.438,85.507,0.2222
28.06.2019 19:55:00.000,85.507,85.548,85.497,85.547,0.2509
28.06.2019 19:56:00.000,85.548,85.688,85.547,85.678,0.1091
28.06.2019 19:57:00.000,85.688,85.748,85.638,85.698,0.2564
28.06.2019 19:58:00.000,85.708,85.737,85.647,85.648,0.2692
28.06.2019 19:59:00.000,85.637,85.658,85.537,85.607,0.5718
01.07.2019 13:30:00.000,86.828,86.948,85.988,86.837,0.0063
01.07.2019 13:31:00.000,86.838,86.838,86.747,86.748,0.0065
01.07.2019 13:32:00.000,86.748,86.748,86.698,86.738,0.0562
01.07.2019 13:33:00.000,86.890,86.988,86.798,86.978,0.1817
01.07.2019 13:34:00.000,86.977,86.988,86.698,86.908,0.1016
01.07.2019 13:35:00.000,86.918,87.168,86.918,87.098,0.0777
01.07.2019 13:36:00.000,87.107,87.168,86.987,87.037,0.0733
01.07.2019 13:37:00.000,87.037,87.038,86.837,86.838,0.1171
01.07.2019 13:38:00.000,86.867,86.928,86.837,86.888,0.0368
01.07.2019 13:39:00.000,86.888,86.898,86.687,86.697,0.077
01.07.2019 13:40:00.000,86.698,86.767,86.678,86.698,0.07
01.07.2019 13:41:00.000,86.708,86.758,86.698,86.758,0.0484
01.07.2019 13:42:00.000,86.768,86.818,86.718,86.738,0.1283
01.07.2019 13:43:00.000,86.737,86.888,86.737,86.887,0.0697
01.07.2019 13:44:00.000,86.887,86.898,86.818,86.837,0.0794
01.07.2019 13:45:00.000,86.847,86.978,86.797,86.798,0.1361
01.07.2019 13:46:00.000,86.798,86.798,86.697,86.698,0.0556
01.07.2019 13:47:00.000,86.698,86.698,86.547,86.558,0.1634
01.07.2019 13:48:00.000,86.558,86.728,86.537,86.728,0.0678
01.07.2019 13:49:00.000,86.728,86.728,86.598,86.608,0.0938
01.07.2019 13:50:00.000,86.607,86.608,86.488,86.508,0.1585
01.07.2019 13:51:00.000,86.497,86.618,86.497,86.618,0.0699
01.07.2019 13:52:00.000,86.628,86.748,86.618,86.677,0.1313
01.07.2019 13:53:00.000,86.677,86.688,86.497,86.508,0.163
01.07.2019 13:54:00.000,86.527,86.568,86.527,86.548,0.0979
01.07.2019 13:55:00.000,86.547,86.638,86.537,86.638,0.0794
01.07.2019 13:56:00.000,86.677,86.758,86.627,86.628,0.1039
01.07.2019 13:57:00.000,86.628,86.738,86.627,86.687,0.0962
01.07.2019 13:58:00.000,86.718,86.798,86.697,86.787,0.0652
01.07.2019 13:59:00.000,86.788,86.818,86.617,86.618,0.0405
01.07.2019 14:00:00.000,86.617,86.758,86.617,86.648,0.0216
01.07.2019 14:01:00.000,86.647,86.668,86.567,86.567,0.1306
01.07.2019 14:02:00.000,86.568,86.608,86.567,86.578,0.0503
01.07.2019 14:03:00.000,86.577,86.608,86.487,86.497,0.11
01.07.2019 14:04:00.000,86.498,86.548,86.487,86.488,0.0754
01.07.2019 14:05:00.000,86.488,86.488,86.308,86.338,0.1125
01.07.2019 14:06:00.000,86.348,86.388,86.247,86.338,0.0753
01.07.2019 14:07:00.000,86.338,86.458,86.337,86.458,0.0433
01.07.2019 14:08:00.000,86.458,86.518,86.417,86.498,0.1141
01.07.2019 14:09:00.000,86.497,86.508,86.418,86.418,0.0318
01.07.2019 14:10:00.000,86.417,86.538,86.417,86.507,0.0389
01.07.2019 14:11:00.000,86.508,86.508,86.417,86.428,0.1138
01.07.2019 14:12:00.000,86.418,86.458,86.337,86.458,0.052
01.07.2019 14:13:00.000,86.457,86.528,86.427,86.527,0.082
01.07.2019 14:14:00.000,86.528,86.588,86.458,86.458,0.1357
01.07.2019 14:15:00.000,86.448,86.478,86.387,86.417,0.0563
01.07.2019 14:16:00.000,86.417,86.448,86.357,86.358,0.0413
01.07.2019 14:17:00.000,86.357,86.448,86.357,86.438,0.0358
01.07.2019 14:18:00.000,86.457,86.548,86.437,86.528,0.0835
01.07.2019 14:19:00.000,86.527,86.578,86.527,86.548,0.1144
01.07.2019 14:20:00.000,86.548,86.548,86.427,86.428,0.0859
01.07.2019 14:21:00.000,86.448,86.458,86.358,86.378,0.1161
01.07.2019 14:22:00.000,86.388,86.438,86.357,86.368,0.168
01.07.2019 14:23:00.000,86.368,86.438,86.317,86.337,0.0622
01.07.2019 14:24:00.000,86.338,86.358,86.247,86.308,0.1031
01.07.2019 14:25:00.000,86.308,86.308,86.178,86.178,0.1212
01.07.2019 14:26:00.000,86.177,86.178,85.748,85.748,0.4259
01.07.2019 14:27:00.000,85.777,85.838,85.728,85.747,0.2378
01.07.2019 14:28:00.000,85.747,85.828,85.738,85.758,0.0594
01.07.2019 14:29:00.000,85.758,85.798,85.737,85.787,0.0349
01.07.2019 14:30:00.000,85.788,85.858,85.757,85.768,0.1205
01.07.2019 14:31:00.000,85.778,85.838,85.637,85.668,0.1193
01.07.2019 14:32:00.000,85.677,85.737,85.677,85.708,0.1215
01.07.2019 14:33:00.000,85.717,85.788,85.717,85.768,0.05
01.07.2019 14:34:00.000,85.768,85.768,85.657,85.668,0.104
01.07.2019 14:35:00.000,85.667,85.698,85.647,85.648,0.0164
01.07.2019 14:36:00.000,85.658,85.758,85.647,85.738,0.0487
01.07.2019 14:37:00.000,85.737,85.858,85.728,85.848,0.1171
01.07.2019 14:38:00.000,85.847,85.978,85.817,85.978,0.0924
01.07.2019 14:39:00.000,85.977,86.087,85.948,86.087,0.0377
01.07.2019 14:40:00.000,86.088,86.208,86.048,86.098,0.136
01.07.2019 14:41:00.000,86.097,86.118,86.027,86.118,0.0186
01.07.2019 14:42:00.000,86.117,86.208,86.117,86.208,0.2403
01.07.2019 14:43:00.000,86.208,86.328,86.208,86.327,0.0219
01.07.2019 14:44:00.000,86.338,86.338,86.217,86.267,0.0694
01.07.2019 14:45:00.000,86.288,86.348,86.247,86.328,0.13
01.07.2019 14:46:00.000,86.347,86.418,86.328,86.407,0.0591
01.07.2019 14:47:00.000,86.407,86.468,86.387,86.468,0.0854
01.07.2019 14:48:00.000,86.468,86.468,86.347,86.378,0.0802
01.07.2019 14:49:00.000,86.407,86.447,86.358,86.418,0.1373
01.07.2019 14:50:00.000,86.408,86.478,86.347,86.348,0.1221
01.07.2019 14:51:00.000,86.348,86.398,86.348,86.368,0.06
01.07.2019 14:52:00.000,86.367,86.438,86.367,86.438,0.0176
01.07.2019 14:53:00.000,86.437,86.508,86.437,86.487,0.0493
01.07.2019 14:54:00.000,86.487,86.518,86.477,86.518,0.0274
01.07.2019 14:55:00.000,86.528,86.548,86.438,86.438,0.141
01.07.2019 14:56:00.000,86.437,86.458,86.437,86.438,0.0311
01.07.2019 14:57:00.000,86.438,86.458,86.387,86.458,0.0702
01.07.2019 14:58:00.000,86.457,86.468,86.407,86.408,0.0369
01.07.2019 14:59:00.000,86.418,86.488,86.407,86.467,0.2212
01.07.2019 15:00:00.000,86.467,86.578,86.467,86.568,0.2193
01.07.2019 15:01:00.000,86.568,86.588,86.527,86.527,0.1573
01.07.2019 15:02:00.000,86.518,86.528,86.407,86.458,0.0592
01.07.2019 15:03:00.000,86.458,86.478,86.398,86.408,0.1135
01.07.2019 15:04:00.000,86.398,86.468,86.398,86.418,0.0829
01.07.2019 15:05:00.000,86.417,86.418,86.338,86.338,0.0596
01.07.2019 15:06:00.000,86.337,86.358,86.287,86.337,0.1435
01.07.2019 15:07:00.000,86.338,86.388,86.338,86.378,0.0962
01.07.2019 15:08:00.000,86.388,86.438,86.347,86.358,0.1096
01.07.2019 15:09:00.000,86.377,86.418,86.377,86.418,0.0032
01.07.2019 15:10:00.000,86.427,86.448,86.387,86.407,0.0506
01.07.2019 15:11:00.000,86.398,86.468,86.367,86.368,0.106
01.07.2019 15:12:00.000,86.367,86.398,86.367,86.398,0.0691
01.07.2019 15:13:00.000,86.378,86.378,86.237,86.247,0.1326
01.07.2019 15:14:00.000,86.258,86.298,86.248,86.268,0.0182
01.07.2019 15:15:00.000,86.267,86.268,86.188,86.208,0.0379
01.07.2019 15:16:00.000,86.218,86.328,86.218,86.327,0.0691
01.07.2019 15:17:00.000,86.328,86.348,86.308,86.328,0.0715
01.07.2019 15:18:00.000,86.327,86.327,86.207,86.207,0.0519
01.07.2019 15:19:00.000,86.208,86.208,86.137,86.138,0.069
01.07.2019 15:20:00.000,86.137,86.178,86.137,86.168,0.0654
01.07.2019 15:21:00.000,86.167,86.218,86.137,86.218,0.0536
01.07.2019 15:22:00.000,86.217,86.218,86.177,86.207,0.0479
01.07.2019 15:23:00.000,86.208,86.208,86.137,86.148,0.0793
01.07.2019 15:24:00.000,86.148,86.188,86.147,86.168,0.0126
01.07.2019 15:25:00.000,86.168,86.168,86.068,86.087,0.1503
01.07.2019 15:26:00.000,86.098,86.138,86.048,86.048,0.2479
01.07.2019 15:27:00.000,86.048,86.048,85.987,85.998,0.059
01.07.2019 15:28:00.000,85.998,86.047,85.998,86.037,0.084
01.07.2019 15:29:00.000,86.057,86.058,86.007,86.038,0.1004
01.07.2019 15:30:00.000,86.068,86.068,85.958,86.028,0.1433
01.07.2019 15:31:00.000,86.007,86.078,85.917,85.918,0.1502
01.07.2019 15:32:00.000,85.908,85.928,85.887,85.927,0.194
01.07.2019 15:33:00.000,85.928,85.938,85.887,85.928,0.3172
01.07.2019 15:34:00.000,85.927,86.027,85.917,86.018,0.2363
01.07.2019 15:35:00.000,86.008,86.068,85.987,86.018,0.2241
01.07.2019 15:36:00.000,86.018,86.078,85.997,86.067,0.1288
01.07.2019 15:37:00.000,86.067,86.067,85.957,86.028,0.2062
01.07.2019 15:38:00.000,86.027,86.028,85.978,85.998,0.1281
01.07.2019 15:39:00.000,85.997,85.998,85.917,85.938,0.2109
01.07.2019 15:40:00.000,85.957,85.988,85.907,85.918,0.1963
01.07.2019 15:41:00.000,85.938,85.997,85.927,85.968,0.2453
01.07.2019 15:42:00.000,85.967,85.978,85.907,85.918,0.1441
01.07.2019 15:43:00.000,85.917,85.918,85.857,85.858,0.0421
01.07.2019 15:44:00.000,85.858,85.858,85.777,85.827,0.044
01.07.2019 15:45:00.000,85.828,85.868,85.828,85.858,0.0763
01.07.2019 15:46:00.000,85.867,85.918,85.838,85.918,0.0492
01.07.2019 15:47:00.000,85.917,85.997,85.917,85.988,0.0724
01.07.2019 15:48:00.000,85.988,85.988,85.938,85.938,0.1194
01.07.2019 15:49:00.000,85.938,85.958,85.897,85.948,0.0613
01.07.2019 15:50:00.000,85.948,86.028,85.947,85.947,0.0772
01.07.2019 15:51:00.000,85.958,85.978,85.878,85.978,0.0952
01.07.2019 15:52:00.000,85.958,85.988,85.957,85.987,0.0116
01.07.2019 15:53:00.000,85.987,86.018,85.957,86.017,0.0743
01.07.2019 15:54:00.000,86.018,86.038,85.998,86.007,0.0623
01.07.2019 15:55:00.000,86.007,86.078,86.007,86.068,0.0504
01.07.2019 15:56:00.000,86.078,86.118,86.078,86.097,0.0133
01.07.2019 15:57:00.000,86.098,86.118,86.057,86.067,0.0527
01.07.2019 15:58:00.000,86.068,86.158,86.058,86.158,0.0165
01.07.2019 15:59:00.000,86.158,86.198,86.138,86.178,0.0455
01.07.2019 16:00:00.000,86.178,86.178,86.068,86.097,0.0501
01.07.2019 16:01:00.000,86.108,86.128,86.097,86.127,0.0164
01.07.2019 16:02:00.000,86.128,86.128,86.018,86.018,0.0354
01.07.2019 16:03:00.000,86.018,86.028,85.987,86.018,0.0403
01.07.2019 16:04:00.000,86.018,86.067,85.988,85.988,0.0417
01.07.2019 16:05:00.000,85.988,85.998,85.888,85.888,0.1017
01.07.2019 16:06:00.000,85.887,85.948,85.887,85.948,0.023
01.07.2019 16:07:00.000,85.958,85.978,85.947,85.958,0.0507
01.07.2019 16:08:00.000,85.968,85.988,85.947,85.968,0.0797
01.07.2019 16:09:00.000,85.968,85.968,85.928,85.928,0.0205
01.07.2019 16:10:00.000,85.927,85.938,85.907,85.918,0.0494
01.07.2019 16:11:00.000,85.887,85.888,85.848,85.857,0.079
01.07.2019 16:12:00.000,85.858,85.908,85.858,85.908,0.1122
01.07.2019 16:13:00.000,85.918,85.928,85.888,85.928,0.0623
01.07.2019 16:14:00.000,85.927,85.958,85.917,85.948,0.0507
01.07.2019 16:15:00.000,85.948,85.968,85.917,85.957,0.0898
01.07.2019 16:16:00.000,85.958,85.958,85.888,85.907,0.0367
01.07.2019 16:17:00.000,85.908,85.918,85.908,85.918,0.0156
01.07.2019 16:18:00.000,85.918,85.948,85.818,85.828,0.1063
01.07.2019 16:19:00.000,85.827,85.828,85.778,85.808,0.1248
01.07.2019 16:20:00.000,85.817,85.837,85.808,85.827,0.0962
01.07.2019 16:21:00.000,85.838,85.888,85.838,85.888,0.019
01.07.2019 16:22:00.000,85.897,85.898,85.847,85.868,0.1349
01.07.2019 16:23:00.000,85.868,85.868,85.867,85.868,0.0302
01.07.2019 16:24:00.000,85.867,85.918,85.867,85.897,0.0129
01.07.2019 16:25:00.000,85.898,85.908,85.897,85.897,0.0388
01.07.2019 16:26:00.000,85.898,85.908,85.887,85.907,0.0427
01.07.2019 16:27:00.000,85.908,85.908,85.868,85.888,0.152
01.07.2019 16:28:00.000,85.888,85.888,85.817,85.828,0.0519
01.07.2019 16:29:00.000,85.827,85.848,85.768,85.778,0.037
01.07.2019 16:30:00.000,85.788,85.828,85.787,85.808,0.0612
01.07.2019 16:31:00.000,85.818,85.828,85.817,85.818,0.0227
01.07.2019 16:32:00.000,85.828,85.858,85.748,85.748,0.1146
01.07.2019 16:33:00.000,85.737,85.738,85.648,85.658,0.147
01.07.2019 16:34:00.000,85.657,85.668,85.618,85.658,0.1083
01.07.2019 16:35:00.000,85.657,85.688,85.657,85.688,0.1098
01.07.2019 16:36:00.000,85.687,85.718,85.678,85.678,0.1153
01.07.2019 16:37:00.000,85.677,85.677,85.648,85.658,0.1922
01.07.2019 16:38:00.000,85.678,85.757,85.657,85.748,0.1309
01.07.2019 16:39:00.000,85.738,85.818,85.738,85.778,0.0282
01.07.2019 16:40:00.000,85.778,85.848,85.778,85.847,0.0882
01.07.2019 16:41:00.000,85.848,85.868,85.848,85.858,0.0423
01.07.2019 16:42:00.000,85.828,85.837,85.808,85.827,0.0157
01.07.2019 16:43:00.000,85.827,85.848,85.827,85.848,0.0426
01.07.2019 16:44:00.000,85.848,85.878,85.847,85.858,0.0162
01.07.2019 16:45:00.000,85.858,85.898,85.857,85.858,0.0296
01.07.2019 16:46:00.000,85.858,85.858,85.777,85.787,0.0708
01.07.2019 16:47:00.000,85.788,85.868,85.788,85.827,0.1031
01.07.2019 16:48:00.000,85.828,85.828,85.787,85.797,0.0928
01.07.2019 16:49:00.000,85.798,85.817,85.768,85.817,0.0945
01.07.2019 16:50:00.000,85.817,85.828,85.797,85.798,0.1074
01.07.2019 16:51:00.000,85.808,85.818,85.767,85.768,0.0861
01.07.2019 16:52:00.000,85.767,85.767,85.708,85.718,0.0199
01.07.2019 16:53:00.000,85.717,85.728,85.657,85.668,0.0578
01.07.2019 16:54:00.000,85.667,85.677,85.647,85.677,0.1015
01.07.2019 16:55:00.000,85.677,85.678,85.667,85.668,0.0223
01.07.2019 16:56:00.000,85.667,85.688,85.627,85.628,0.1059
01.07.2019 16:57:00.000,85.627,85.677,85.608,85.677,0.0574
01.07.2019 16:58:00.000,85.678,85.678,85.667,85.678,0.0233
01.07.2019 16:59:00.000,85.677,85.698,85.667,85.697,0.0491
01.07.2019 17:00:00.000,85.718,85.718,85.668,85.678,0.0663
01.07.2019 17:01:00.000,85.678,85.678,85.617,85.628,0.0913
01.07.2019 17:02:00.000,85.628,85.628,85.537,85.578,0.2271
01.07.2019 17:03:00.000,85.587,85.598,85.577,85.588,0.0564
01.07.2019 17:04:00.000,85.588,85.588,85.537,85.558,0.1459
01.07.2019 17:05:00.000,85.558,85.598,85.558,85.597,0.1223
01.07.2019 17:06:00.000,85.598,85.628,85.557,85.567,0.0902
01.07.2019 17:07:00.000,85.567,85.617,85.567,85.587,0.0715
01.07.2019 17:08:00.000,85.588,85.648,85.567,85.627,0.1594
01.07.2019 17:09:00.000,85.628,85.638,85.607,85.608,0.1751
01.07.2019 17:10:00.000,85.608,85.628,85.597,85.617,0.0373
01.07.2019 17:11:00.000,85.618,85.628,85.528,85.528,0.0571
01.07.2019 17:12:00.000,85.528,85.548,85.487,85.528,0.1841
01.07.2019 17:13:00.000,85.537,85.547,85.397,85.448,0.1976
01.07.2019 17:14:00.000,85.427,85.458,85.407,85.427,0.0168
01.07.2019 17:15:00.000,85.428,85.428,85.378,85.428,0.1448
01.07.2019 17:16:00.000,85.428,85.458,85.428,85.458,0.0507
01.07.2019 17:17:00.000,85.457,85.458,85.408,85.438,0.0482
01.07.2019 17:18:00.000,85.438,85.458,85.427,85.437,0.0502
01.07.2019 17:19:00.000,85.438,85.468,85.437,85.458,0.0764
01.07.2019 17:20:00.000,85.457,85.488,85.448,85.458,0.0333
01.07.2019 17:21:00.000,85.467,85.488,85.447,85.478,0.0544
01.07.2019 17:22:00.000,85.467,85.498,85.447,85.498,0.078
01.07.2019 17:23:00.000,85.497,85.498,85.497,85.497,0.0126
01.07.2019 17:24:00.000,85.508,85.578,85.507,85.578,0.0234
01.07.2019 17:25:00.000,85.588,85.618,85.577,85.618,0.0626
01.07.2019 17:26:00.000,85.618,85.628,85.497,85.507,0.0935
01.07.2019 17:27:00.000,85.517,85.558,85.517,85.538,0.0768
01.07.2019 17:28:00.000,85.537,85.568,85.528,85.568,0.0422
01.07.2019 17:29:00.000,85.558,85.588,85.557,85.588,0.0091
01.07.2019 17:30:00.000,85.587,85.608,85.557,85.558,0.0322
01.07.2019 17:31:00.000,85.578,85.608,85.577,85.608,0.0018
01.07.2019 17:32:00.000,85.608,85.608,85.557,85.558,0.0426
01.07.2019 17:33:00.000,85.568,85.588,85.537,85.567,0.0848
01.07.2019 17:34:00.000,85.568,85.568,85.517,85.528,0.14
01.07.2019 17:35:00.000,85.528,85.628,85.527,85.627,0.0136
01.07.2019 17:36:00.000,85.628,85.678,85.627,85.657,0.0181
01.07.2019 17:37:00.000,85.658,85.658,85.627,85.628,0.0167
01.07.2019 17:38:00.000,85.628,85.658,85.627,85.648,0.02
01.07.2019 17:39:00.000,85.658,85.658,85.617,85.648,0.0689
01.07.2019 17:40:00.000,85.647,85.647,85.577,85.578,0.0349
01.07.2019 17:41:00.000,85.577,85.628,85.558,85.558,0.019
01.07.2019 17:42:00.000,85.557,85.608,85.547,85.608,0.0182
01.07.2019 17:43:00.000,85.607,85.648,85.607,85.638,0.0274
01.07.2019 17:44:00.000,85.648,85.648,85.627,85.628,0.0239
01.07.2019 17:45:00.000,85.628,85.628,85.568,85.618,0.0611
01.07.2019 17:46:00.000,85.618,85.618,85.588,85.608,0.0487
01.07.2019 17:47:00.000,85.607,85.608,85.607,85.608,0.0319
01.07.2019 17:48:00.000,85.608,85.608,85.567,85.597,0.0441
01.07.2019 17:49:00.000,85.598,85.648,85.598,85.647,0.0222
01.07.2019 17:50:00.000,85.647,85.647,85.607,85.608,0.0017
01.07.2019 17:51:00.000,85.618,85.678,85.607,85.667,0.0453
01.07.2019 17:52:00.000,85.667,85.678,85.657,85.668,0.1455
01.07.2019 17:53:00.000,85.677,85.707,85.628,85.628,0.0715
01.07.2019 17:54:00.000,85.647,85.668,85.618,85.618,0.0278
01.07.2019 17:55:00.000,85.627,85.648,85.607,85.648,0.0506
01.07.2019 17:56:00.000,85.657,85.658,85.647,85.658,0.0323
01.07.2019 17:57:00.000,85.657,85.708,85.647,85.708,0.0496
01.07.2019 17:58:00.000,85.707,85.728,85.687,85.708,0.0577
01.07.2019 17:59:00.000,85.718,85.728,85.718,85.728,0.0389
01.07.2019 18:00:00.000,85.728,85.738,85.697,85.708,0.0647
01.07.2019 18:01:00.000,85.707,85.708,85.668,85.668,0.0586
01.07.2019 18:02:00.000,85.668,85.668,85.617,85.618,0.0766
01.07.2019 18:03:00.000,85.618,85.618,85.518,85.547,0.1403
01.07.2019 18:04:00.000,85.548,85.578,85.527,85.578,0.1437
01.07.2019 18:05:00.000,85.578,85.588,85.487,85.487,0.1297
01.07.2019 18:06:00.000,85.487,85.508,85.388,85.398,0.092
01.07.2019 18:07:00.000,85.397,85.408,85.317,85.318,0.0831
01.07.2019 18:08:00.000,85.307,85.348,85.287,85.318,0.0597
01.07.2019 18:09:00.000,85.347,85.348,85.327,85.328,0.002
01.07.2019 18:10:00.000,85.318,85.318,85.237,85.238,0.0512
01.07.2019 18:11:00.000,85.258,85.348,85.248,85.288,0.0529
01.07.2019 18:12:00.000,85.278,85.328,85.278,85.328,0.0859
01.07.2019 18:13:00.000,85.327,85.338,85.307,85.318,0.1056
01.07.2019 18:14:00.000,85.328,85.328,85.307,85.318,0.0189
01.07.2019 18:15:00.000,85.317,85.317,85.287,85.287,0.0865
01.07.2019 18:16:00.000,85.287,85.338,85.287,85.328,0.0491
01.07.2019 18:17:00.000,85.328,85.328,85.287,85.288,0.0253
01.07.2019 18:18:00.000,85.298,85.328,85.267,85.268,0.0813
01.07.2019 18:19:00.000,85.268,85.268,85.237,85.258,0.1006
01.07.2019 18:20:00.000,85.258,85.298,85.257,85.268,0.0767
01.07.2019 18:21:00.000,85.287,85.298,85.247,85.298,0.0924
01.07.2019 18:22:00.000,85.327,85.347,85.318,85.347,0.0527
01.07.2019 18:23:00.000,85.348,85.378,85.307,85.358,0.1226
01.07.2019 18:24:00.000,85.357,85.358,85.287,85.298,0.1036
01.07.2019 18:25:00.000,85.297,85.298,85.287,85.288,0.0165
01.07.2019 18:26:00.000,85.287,85.348,85.287,85.348,0.0357
01.07.2019 18:27:00.000,85.358,85.398,85.358,85.388,0.0363
01.07.2019 18:28:00.000,85.388,85.478,85.388,85.477,0.0368
01.07.2019 18:29:00.000,85.477,85.507,85.427,85.458,0.0865
01.07.2019 18:30:00.000,85.457,85.498,85.438,85.448,0.0984
01.07.2019 18:31:00.000,85.447,85.478,85.447,85.458,0.0319
01.07.2019 18:32:00.000,85.467,85.498,85.458,85.498,0.0336
01.07.2019 18:33:00.000,85.488,85.498,85.447,85.468,0.0414
01.07.2019 18:34:00.000,85.477,85.478,85.417,85.417,0.0168
01.07.2019 18:35:00.000,85.418,85.468,85.407,85.468,0.0807
01.07.2019 18:36:00.000,85.477,85.518,85.468,85.468,0.1798
01.07.2019 18:37:00.000,85.467,85.488,85.467,85.478,0.0966
01.07.2019 18:38:00.000,85.478,85.538,85.478,85.538,0.1314
01.07.2019 18:39:00.000,85.537,85.537,85.487,85.487,0.0039
01.07.2019 18:40:00.000,85.497,85.508,85.487,85.508,0.0232
01.07.2019 18:41:00.000,85.518,85.528,85.417,85.448,0.1637
01.07.2019 18:42:00.000,85.457,85.478,85.457,85.478,0.0378
01.07.2019 18:43:00.000,85.478,85.478,85.428,85.448,0.0682
01.07.2019 18:44:00.000,85.448,85.458,85.397,85.398,0.0662
01.07.2019 18:45:00.000,85.388,85.458,85.388,85.458,0.0299
01.07.2019 18:46:00.000,85.457,85.488,85.457,85.478,0.077
01.07.2019 18:47:00.000,85.477,85.518,85.477,85.518,0.055
01.07.2019 18:48:00.000,85.517,85.568,85.517,85.538,0.0397
01.07.2019 18:49:00.000,85.548,85.588,85.517,85.558,0.0935
01.07.2019 18:50:00.000,85.557,85.608,85.527,85.608,0.0646
01.07.2019 18:51:00.000,85.607,85.608,85.577,85.587,0.027
01.07.2019 18:52:00.000,85.588,85.588,85.587,85.588,0.0183
01.07.2019 18:53:00.000,85.588,85.618,85.537,85.548,0.131
01.07.2019 18:54:00.000,85.548,85.578,85.538,85.578,0.0594
01.07.2019 18:55:00.000,85.578,85.578,85.547,85.568,0.064
01.07.2019 18:56:00.000,85.568,85.568,85.558,85.558,0.0963
01.07.2019 18:57:00.000,85.577,85.578,85.507,85.527,0.0475
01.07.2019 18:58:00.000,85.528,85.528,85.468,85.468,0.0924
01.07.2019 18:59:00.000,85.507,85.528,85.487,85.507,0.0965
01.07.2019 19:00:00.000,85.507,85.578,85.497,85.567,0.1133
01.07.2019 19:01:00.000,85.568,85.618,85.567,85.598,0.0413
01.07.2019 19:02:00.000,85.598,85.598,85.527,85.577,0.0199
01.07.2019 19:03:00.000,85.577,85.618,85.568,85.618,0.0325
01.07.2019 19:04:00.000,85.618,85.628,85.607,85.618,0.1231
01.07.2019 19:05:00.000,85.618,85.648,85.617,85.648,0.0763
01.07.2019 19:06:00.000,85.648,85.688,85.647,85.688,0.1293
01.07.2019 19:07:00.000,85.688,85.708,85.617,85.618,0.1168
01.07.2019 19:08:00.000,85.617,85.638,85.617,85.637,0.0948
01.07.2019 19:09:00.000,85.638,85.658,85.627,85.638,0.202
01.07.2019 19:10:00.000,85.637,85.668,85.528,85.528,0.2334
01.07.2019 19:11:00.000,85.528,85.537,85.397,85.408,0.2409
01.07.2019 19:12:00.000,85.407,85.428,85.267,85.267,0.1742
01.07.2019 19:13:00.000,85.278,85.298,85.208,85.268,0.1228
01.07.2019 19:14:00.000,85.267,85.298,85.238,85.288,0.0309
01.07.2019 19:15:00.000,85.298,85.298,85.267,85.268,0.0568
01.07.2019 19:16:00.000,85.267,85.277,85.158,85.158,0.0505
01.07.2019 19:17:00.000,85.138,85.168,84.977,84.977,0.1419
01.07.2019 19:18:00.000,84.978,85.018,84.908,84.948,0.0711
01.07.2019 19:19:00.000,84.947,84.978,84.907,84.958,0.1182
01.07.2019 19:20:00.000,84.958,85.097,84.957,85.048,0.0967
01.07.2019 19:21:00.000,85.048,85.048,84.918,84.938,0.0919
01.07.2019 19:22:00.000,84.937,84.948,84.817,84.857,0.1292
01.07.2019 19:23:00.000,84.838,84.858,84.708,84.748,0.2501
01.07.2019 19:24:00.000,84.767,84.778,84.608,84.608,0.3987
01.07.2019 19:25:00.000,84.638,84.697,84.558,84.607,0.2026
01.07.2019 19:26:00.000,84.608,84.628,84.427,84.518,0.2338
01.07.2019 19:27:00.000,84.518,84.608,84.417,84.418,0.2621
01.07.2019 19:28:00.000,84.408,84.558,84.397,84.537,0.1328
01.07.2019 19:29:00.000,84.538,84.548,84.347,84.468,0.1827
01.07.2019 19:30:00.000,84.477,84.588,84.477,84.588,0.1584
01.07.2019 19:31:00.000,84.597,84.688,84.587,84.598,0.1378
01.07.2019 19:32:00.000,84.608,84.628,84.598,84.607,0.0497
01.07.2019 19:33:00.000,84.608,84.618,84.597,84.597,0.0843
01.07.2019 19:34:00.000,84.598,84.628,84.528,84.528,0.0629
01.07.2019 19:35:00.000,84.528,84.568,84.507,84.528,0.1301
01.07.2019 19:36:00.000,84.528,84.528,84.407,84.408,0.1234
01.07.2019 19:37:00.000,84.378,84.398,84.297,84.308,0.1546
01.07.2019 19:38:00.000,84.308,84.318,84.178,84.187,0.1634
01.07.2019 19:39:00.000,84.188,84.218,84.147,84.158,0.1453
01.07.2019 19:40:00.000,84.157,84.208,84.107,84.108,0.2664
01.07.2019 19:41:00.000,84.108,84.198,84.107,84.198,0.1239
01.07.2019 19:42:00.000,84.208,84.328,84.187,84.287,0.1623
01.07.2019 19:43:00.000,84.298,84.318,84.268,84.307,0.0661
01.07.2019 19:44:00.000,84.308,84.308,84.167,84.198,0.1127
01.07.2019 19:45:00.000,84.197,84.278,84.168,84.168,0.1397
01.07.2019 19:46:00.000,84.177,84.178,84.127,84.128,0.1534
01.07.2019 19:47:00.000,84.127,84.158,84.047,84.048,0.1894
01.07.2019 19:48:00.000,84.047,84.048,83.938,84.008,0.118
01.07.2019 19:49:00.000,84.007,84.008,83.798,83.798,0.1838
01.07.2019 19:50:00.000,83.828,83.998,83.787,83.958,0.326
01.07.2019 19:51:00.000,83.957,84.068,83.957,84.037,0.2937
01.07.2019 19:52:00.000,84.048,84.058,83.827,83.838,0.3342
01.07.2019 19:53:00.000,83.838,83.998,83.827,83.938,0.2353
01.07.2019 19:54:00.000,83.938,83.988,83.908,83.937,0.1529
01.07.2019 19:55:00.000,83.938,84.028,83.938,84.018,0.2916
01.07.2019 19:56:00.000,84.028,84.278,83.997,84.278,0.2764
01.07.2019 19:57:00.000,84.287,84.288,84.227,84.248,0.5589
01.07.2019 19:58:00.000,84.248,84.258,84.237,84.238,0.2942
01.07.2019 19:59:00.000,84.237,84.238,84.038,84.198,0.7229
02.07.2019 13:30:00.000,83.478,83.588,83.077,83.107,0.1541
02.07.2019 13:31:00.000,83.107,83.137,82.467,82.467,0.2198
02.07.2019 13:32:00.000,82.467,82.467,81.588,81.598,0.3241
02.07.2019 13:33:00.000,81.568,82.348,81.567,81.928,0.3024
02.07.2019 13:34:00.000,81.927,82.201,81.788,82.198,0.2887
02.07.2019 13:35:00.000,82.198,82.566,82.097,82.498,0.2578
02.07.2019 13:36:00.000,82.497,82.608,82.257,82.568,0.112
02.07.2019 13:37:00.000,82.567,82.668,82.557,82.667,0.0847
02.07.2019 13:38:00.000,82.668,82.718,82.547,82.667,0.1166
02.07.2019 13:39:00.000,82.668,82.678,82.567,82.588,0.1732
02.07.2019 13:40:00.000,82.598,82.598,82.027,82.038,0.3877
02.07.2019 13:41:00.000,82.038,82.208,82.017,82.147,0.1803
02.07.2019 13:42:00.000,82.148,82.208,82.138,82.187,0.2114
02.07.2019 13:43:00.000,82.187,82.245,82.138,82.138,0.2867
02.07.2019 13:44:00.000,82.138,82.138,81.898,81.898,0.2049
02.07.2019 13:45:00.000,81.838,81.998,81.838,81.927,0.281
02.07.2019 13:46:00.000,81.937,81.947,81.758,81.788,0.2282
02.07.2019 13:47:00.000,81.788,81.918,81.688,81.688,0.2284
02.07.2019 13:48:00.000,81.677,81.688,81.297,81.297,0.4364
02.07.2019 13:49:00.000,81.298,81.407,81.247,81.277,0.1616
02.07.2019 13:50:00.000,81.268,81.548,81.267,81.538,0.1897
02.07.2019 13:51:00.000,81.538,81.558,81.497,81.518,0.1341
02.07.2019 13:52:00.000,81.518,81.617,81.507,81.617,0.1216
02.07.2019 13:53:00.000,81.617,81.788,81.597,81.618,0.2263
02.07.2019 13:54:00.000,81.598,81.697,81.487,81.578,0.3045
02.07.2019 13:55:00.000,81.568,81.637,81.498,81.597,0.1176
02.07.2019 13:56:00.000,81.597,81.738,81.517,81.688,0.2254
02.07.2019 13:57:00.000,81.678,81.728,81.567,81.588,0.1739
02.07.2019 13:58:00.000,81.588,81.627,81.487,81.548,0.1499
02.07.2019 13:59:00.000,81.547,81.567,81.198,81.198,0.3154
02.07.2019 14:00:00.000,81.198,81.198,80.718,80.748,0.6855
02.07.2019 14:01:00.000,80.748,80.958,80.698,80.957,0.4425
02.07.2019 14:02:00.000,80.967,81.428,80.967,81.418,0.2348
02.07.2019 14:03:00.000,81.418,81.548,81.358,81.498,0.2813
02.07.2019 14:04:00.000,81.497,81.568,81.247,81.248,0.2524
02.07.2019 14:05:00.000,81.248,81.267,81.048,81.048,0.3121
02.07.2019 14:06:00.000,81.048,81.268,81.037,81.148,0.2382
02.07.2019 14:07:00.000,81.148,81.148,80.997,81.017,0.2351
02.07.2019 14:08:00.000,81.008,81.188,81.008,81.108,0.2338
02.07.2019 14:09:00.000,81.118,81.118,80.878,80.878,0.2448
02.07.2019 14:10:00.000,80.878,80.878,80.647,80.677,0.2761
02.07.2019 14:11:00.000,80.678,80.858,80.678,80.787,0.2686
02.07.2019 14:12:00.000,80.797,81.018,80.797,81.018,0.092
02.07.2019 14:13:00.000,81.017,81.227,81.008,81.117,0.3277
02.07.2019 14:14:00.000,81.117,81.117,80.948,81.027,0.1806
02.07.2019 14:15:00.000,81.038,81.098,80.968,81.008,0.2246
02.07.2019 14:16:00.000,81.008,81.178,80.978,81.168,0.1553
02.07.2019 14:17:00.000,81.167,81.167,80.978,80.988,0.1293
02.07.2019 14:18:00.000,80.988,81.148,80.988,81.128,0.1076
02.07.2019 14:19:00.000,81.128,81.128,80.977,80.998,0.1431
02.07.2019 14:20:00.000,80.998,80.998,80.797,80.797,0.0694
02.07.2019 14:21:00.000,80.788,80.848,80.717,80.727,0.2167
02.07.2019 14:22:00.000,80.728,80.868,80.728,80.827,0.2189
02.07.2019 14:23:00.000,80.827,80.868,80.767,80.858,0.0307
02.07.2019 14:24:00.000,80.857,80.988,80.828,80.988,0.0642
02.07.2019 14:25:00.000,81.017,81.098,81.017,81.098,0.0719
02.07.2019 14:26:00.000,81.098,81.108,80.997,81.027,0.0738
02.07.2019 14:27:00.000,81.028,81.038,80.938,80.978,0.1333
02.07.2019 14:28:00.000,80.977,81.118,80.977,81.118,0.1068
02.07.2019 14:29:00.000,81.118,81.167,81.047,81.158,0.0573
02.07.2019 14:30:00.000,81.158,81.218,81.137,81.198,0.1122
02.07.2019 14:31:00.000,81.197,81.488,81.197,81.467,0.1249
02.07.2019 14:32:00.000,81.468,81.528,81.388,81.388,0.201
02.07.2019 14:33:00.000,81.378,81.478,81.338,81.467,0.1947
02.07.2019 14:34:00.000,81.468,81.468,81.378,81.388,0.2314
02.07.2019 14:35:00.000,81.387,81.408,81.218,81.237,0.091
02.07.2019 14:36:00.000,81.238,81.288,81.228,81.258,0.131
02.07.2019 14:37:00.000,81.238,81.238,81.128,81.138,0.0873
02.07.2019 14:38:00.000,81.147,81.228,81.047,81.188,0.1155
02.07.2019 14:39:00.000,81.188,81.207,81.128,81.138,0.0704
02.07.2019 14:40:00.000,81.127,81.127,80.847,81.028,0.2944
02.07.2019 14:41:00.000,81.037,81.058,80.908,80.917,0.2899
02.07.2019 14:42:00.000,80.917,80.938,80.848,80.898,0.1669
02.07.2019 14:43:00.000,80.898,80.898,80.688,80.728,0.1385
02.07.2019 14:44:00.000,80.747,80.778,80.647,80.778,0.1457
02.07.2019 14:45:00.000,80.777,80.838,80.717,80.777,0.0905
02.07.2019 14:46:00.000,80.768,80.838,80.707,80.708,0.0869
02.07.2019 14:47:00.000,80.707,80.828,80.697,80.768,0.1756
02.07.2019 14:48:00.000,80.788,80.788,80.638,80.638,0.1613
02.07.2019 14:49:00.000,80.638,80.638,80.518,80.527,0.2113
02.07.2019 14:50:00.000,80.528,80.608,80.478,80.598,0.1707
02.07.2019 14:51:00.000,80.598,80.747,80.598,80.718,0.1342
02.07.2019 14:52:00.000,80.717,80.798,80.707,80.778,0.1177
02.07.2019 14:53:00.000,80.778,80.928,80.747,80.918,0.1098
02.07.2019 14:54:00.000,80.917,80.927,80.697,80.697,0.1486
02.07.2019 14:55:00.000,80.698,80.778,80.677,80.778,0.1102
02.07.2019 14:56:00.000,80.788,80.958,80.787,80.897,0.1519
02.07.2019 14:57:00.000,80.907,80.958,80.867,80.877,0.1393
02.07.2019 14:58:00.000,80.897,80.968,80.888,80.917,0.1273
02.07.2019 14:59:00.000,80.927,81.008,80.927,80.967,0.1553
02.07.2019 15:00:00.000,80.968,81.138,80.947,81.128,0.1253
02.07.2019 15:01:00.000,81.127,81.278,81.117,81.268,0.1055
02.07.2019 15:02:00.000,81.268,81.268,81.167,81.178,0.2034
02.07.2019 15:03:00.000,81.177,81.238,81.167,81.238,0.0222
02.07.2019 15:04:00.000,81.238,81.238,81.198,81.207,0.0549
02.07.2019 15:05:00.000,81.208,81.238,81.157,81.217,0.0716
02.07.2019 15:06:00.000,81.217,81.278,81.168,81.278,0.0884
02.07.2019 15:07:00.000,81.277,81.277,81.178,81.258,0.0981
02.07.2019 15:08:00.000,81.257,81.398,81.257,81.398,0.1616
02.07.2019 15:09:00.000,81.397,81.418,81.317,81.418,0.1914
02.07.2019 15:10:00.000,81.427,81.458,81.387,81.418,0.1195
02.07.2019 15:11:00.000,81.398,81.438,81.338,81.338,0.0912
02.07.2019 15:12:00.000,81.328,81.348,81.288,81.318,0.1315
02.07.2019 15:13:00.000,81.337,81.428,81.337,81.418,0.1011
02.07.2019 15:14:00.000,81.418,81.448,81.377,81.417,0.0216
02.07.2019 15:15:00.000,81.418,81.548,81.387,81.548,0.0628
02.07.2019 15:16:00.000,81.547,81.608,81.487,81.608,0.1699
02.07.2019 15:17:00.000,81.587,81.678,81.587,81.608,0.2648
02.07.2019 15:18:00.000,81.617,81.678,81.617,81.658,0.0586
02.07.2019 15:19:00.000,81.668,81.708,81.607,81.698,0.1623
02.07.2019 15:20:00.000,81.688,81.708,81.607,81.667,0.1256
02.07.2019 15:21:00.000,81.677,81.758,81.668,81.747,0.1071
02.07.2019 15:22:00.000,81.748,81.788,81.667,81.668,0.1096
02.07.2019 15:23:00.000,81.658,81.738,81.658,81.668,0.1307
02.07.2019 15:24:00.000,81.668,81.688,81.587,81.618,0.1663
02.07.2019 15:25:00.000,81.617,81.678,81.607,81.668,0.1481
02.07.2019 15:26:00.000,81.648,81.768,81.648,81.668,0.1351
02.07.2019 15:27:00.000,81.668,81.688,81.597,81.597,0.2009
02.07.2019 15:28:00.000,81.598,81.638,81.598,81.628,0.0822
02.07.2019 15:29:00.000,81.627,81.628,81.528,81.537,0.0892
02.07.2019 15:30:00.000,81.538,81.558,81.477,81.507,0.0715
02.07.2019 15:31:00.000,81.508,81.508,81.368,81.378,0.0496
02.07.2019 15:32:00.000,81.377,81.428,81.368,81.418,0.1181
02.07.2019 15:33:00.000,81.418,81.468,81.398,81.407,0.0943
02.07.2019 15:34:00.000,81.408,81.408,81.328,81.338,0.1523
02.07.2019 15:35:00.000,81.337,81.338,81.187,81.188,0.1901
02.07.2019 15:36:00.000,81.188,81.198,81.088,81.088,0.0946
02.07.2019 15:37:00.000,81.088,81.138,81.067,81.087,0.1076
02.07.2019 15:38:00.000,81.088,81.088,81.028,81.047,0.0783
02.07.2019 15:39:00.000,81.048,81.118,81.018,81.058,0.1316
02.07.2019 15:40:00.000,81.078,81.228,81.067,81.228,0.2418
02.07.2019 15:41:00.000,81.227,81.268,81.167,81.258,0.0859
02.07.2019 15:42:00.000,81.257,81.298,81.247,81.248,0.1572
02.07.2019 15:43:00.000,81.248,81.268,81.227,81.237,0.0723
02.07.2019 15:44:00.000,81.248,81.318,81.218,81.288,0.0893
02.07.2019 15:45:00.000,81.278,81.278,81.187,81.258,0.165
02.07.2019 15:46:00.000,81.267,81.308,81.247,81.278,0.026
02.07.2019 15:47:00.000,81.268,81.338,81.268,81.337,0.0719
02.07.2019 15:48:00.000,81.338,81.388,81.328,81.368,0.1142
02.07.2019 15:49:00.000,81.368,81.377,81.268,81.328,0.0697
02.07.2019 15:50:00.000,81.328,81.328,81.247,81.247,0.1138
02.07.2019 15:51:00.000,81.248,81.308,81.207,81.298,0.0988
02.07.2019 15:52:00.000,81.307,81.318,81.208,81.228,0.1124
02.07.2019 15:53:00.000,81.217,81.218,81.077,81.148,0.1032
02.07.2019 15:54:00.000,81.137,81.208,81.137,81.168,0.0913
02.07.2019 15:55:00.000,81.168,81.168,81.097,81.138,0.1025
02.07.2019 15:56:00.000,81.138,81.138,81.067,81.118,0.1092
02.07.2019 15:57:00.000,81.128,81.148,81.117,81.118,0.0739
02.07.2019 15:58:00.000,81.108,81.108,81.018,81.027,0.1395
02.07.2019 15:59:00.000,81.028,81.028,80.927,81.007,0.1162
02.07.2019 16:00:00.000,81.008,81.028,80.987,81.018,0.0937
02.07.2019 16:01:00.000,81.017,81.018,80.987,81.008,0.0986
02.07.2019 16:02:00.000,81.007,81.007,80.848,80.858,0.1403
02.07.2019 16:03:00.000,80.857,80.858,80.807,80.818,0.0933
02.07.2019 16:04:00.000,80.848,80.848,80.767,80.778,0.1266
02.07.2019 16:05:00.000,80.777,80.818,80.767,80.818,0.1309
02.07.2019 16:06:00.000,80.818,80.918,80.818,80.918,0.0453
02.07.2019 16:07:00.000,80.938,80.948,80.847,80.877,0.0572
02.07.2019 16:08:00.000,80.878,80.988,80.877,80.988,0.0581
02.07.2019 16:09:00.000,80.988,80.988,80.907,80.938,0.0596
02.07.2019 16:10:00.000,80.947,81.018,80.938,81.018,0.1098
02.07.2019 16:11:00.000,81.028,81.058,80.998,81.028,0.0826
02.07.2019 16:12:00.000,81.037,81.048,80.998,81.008,0.0543
02.07.2019 16:13:00.000,81.007,81.008,80.937,80.938,0.0996
02.07.2019 16:14:00.000,80.938,80.948,80.898,80.898,0.0514
02.07.2019 16:15:00.000,80.898,80.908,80.858,80.898,0.0845
02.07.2019 16:16:00.000,80.897,80.948,80.897,80.947,0.1078
02.07.2019 16:17:00.000,80.948,80.968,80.917,80.928,0.177
02.07.2019 16:18:00.000,80.928,80.938,80.807,80.828,0.1349
02.07.2019 16:19:00.000,80.828,80.828,80.737,80.788,0.1862
02.07.2019 16:20:00.000,80.787,80.808,80.747,80.778,0.0723
02.07.2019 16:21:00.000,80.777,80.828,80.768,80.778,0.1322
02.07.2019 16:22:00.000,80.788,80.828,80.757,80.828,0.1681
02.07.2019 16:23:00.000,80.817,80.817,80.698,80.777,0.2036
02.07.2019 16:24:00.000,80.778,80.868,80.767,80.807,0.125
02.07.2019 16:25:00.000,80.807,80.807,80.667,80.668,0.0927
02.07.2019 16:26:00.000,80.688,80.698,80.647,80.648,0.1204
02.07.2019 16:27:00.000,80.647,80.658,80.607,80.608,0.1371
02.07.2019 16:28:00.000,80.598,80.598,80.537,80.537,0.0874
02.07.2019 16:29:00.000,80.537,80.537,80.437,80.447,0.173
02.07.2019 16:30:00.000,80.437,80.498,80.388,80.498,0.1345
02.07.2019 16:31:00.000,80.498,80.538,80.477,80.528,0.1215
02.07.2019 16:32:00.000,80.518,80.548,80.477,80.547,0.1584
02.07.2019 16:33:00.000,80.548,80.558,80.428,80.448,0.0407
02.07.2019 16:34:00.000,80.448,80.448,80.318,80.388,0.1601
02.07.2019 16:35:00.000,80.388,80.418,80.368,80.397,0.1678
02.07.2019 16:36:00.000,80.398,80.468,80.388,80.458,0.1493
02.07.2019 16:37:00.000,80.468,80.528,80.457,80.528,0.0834
02.07.2019 16:38:00.000,80.527,80.618,80.527,80.618,0.1219
02.07.2019 16:39:00.000,80.608,80.648,80.577,80.578,0.1133
02.07.2019 16:40:00.000,80.577,80.577,80.497,80.538,0.0661
02.07.2019 16:41:00.000,80.548,80.558,80.437,80.437,0.1071
02.07.2019 16:42:00.000,80.438,80.468,80.427,80.428,0.1275
02.07.2019 16:43:00.000,80.437,80.538,80.427,80.487,0.1019
02.07.2019 16:44:00.000,80.477,80.478,80.397,80.418,0.0487
02.07.2019 16:45:00.000,80.427,80.478,80.398,80.408,0.111
02.07.2019 16:46:00.000,80.407,80.408,80.358,80.398,0.0962
02.07.2019 16:47:00.000,80.398,80.478,80.398,80.428,0.1345
02.07.2019 16:48:00.000,80.428,80.448,80.368,80.427,0.1911
02.07.2019 16:49:00.000,80.438,80.487,80.428,80.428,0.1127
02.07.2019 16:50:00.000,80.407,80.407,80.367,80.367,0.0591
02.07.2019 16:51:00.000,80.368,80.388,80.357,80.358,0.098
02.07.2019 16:52:00.000,80.358,80.358,80.297,80.298,0.1078
02.07.2019 16:53:00.000,80.297,80.338,80.287,80.287,0.0933
02.07.2019 16:54:00.000,80.288,80.338,80.288,80.337,0.1031
02.07.2019 16:55:00.000,80.337,80.358,80.287,80.298,0.1567
02.07.2019 16:56:00.000,80.298,80.427,80.298,80.407,0.0987
02.07.2019 16:57:00.000,80.408,80.458,80.408,80.457,0.1507
02.07.2019 16:58:00.000,80.458,80.488,80.447,80.478,0.0252
02.07.2019 16:59:00.000,80.478,80.478,80.388,80.428,0.1367
02.07.2019 17:00:00.000,80.428,80.458,80.428,80.447,0.128
02.07.2019 17:01:00.000,80.448,80.448,80.427,80.428,0.0642
02.07.2019 17:02:00.000,80.428,80.448,80.397,80.447,0.0964
02.07.2019 17:03:00.000,80.457,80.458,80.387,80.387,0.1002
02.07.2019 17:04:00.000,80.388,80.428,80.387,80.418,0.1264
02.07.2019 17:05:00.000,80.438,80.458,80.408,80.418,0.1
02.07.2019 17:06:00.000,80.417,80.418,80.347,80.347,0.0237
02.07.2019 17:07:00.000,80.348,80.348,80.268,80.277,0.159
02.07.2019 17:08:00.000,80.278,80.328,80.277,80.288,0.1083
02.07.2019 17:09:00.000,80.288,80.348,80.207,80.338,0.1568
02.07.2019 17:10:00.000,80.348,80.398,80.338,80.398,0.1315
02.07.2019 17:11:00.000,80.397,80.398,80.307,80.338,0.1621
02.07.2019 17:12:00.000,80.337,80.358,80.318,80.348,0.0679
02.07.2019 17:13:00.000,80.338,80.418,80.318,80.398,0.1688
02.07.2019 17:14:00.000,80.398,80.398,80.328,80.368,0.2109
02.07.2019 17:15:00.000,80.368,80.378,80.318,80.348,0.0853
02.07.2019 17:16:00.000,80.348,80.348,80.307,80.308,0.1319
02.07.2019 17:17:00.000,80.308,80.338,80.298,80.308,0.1007
02.07.2019 17:18:00.000,80.307,80.398,80.297,80.388,0.1409
02.07.2019 17:19:00.000,80.388,80.418,80.337,80.368,0.1201
02.07.2019 17:20:00.000,80.367,80.388,80.347,80.368,0.1603
02.07.2019 17:21:00.000,80.377,80.398,80.357,80.367,0.09
02.07.2019 17:22:00.000,80.368,80.378,80.337,80.368,0.1541
02.07.2019 17:23:00.000,80.358,80.358,80.327,80.338,0.1366
02.07.2019 17:24:00.000,80.338,80.348,80.318,80.327,0.0599
02.07.2019 17:25:00.000,80.328,80.368,80.318,80.368,0.0258
02.07.2019 17:26:00.000,80.367,80.438,80.338,80.437,0.1647
02.07.2019 17:27:00.000,80.448,80.488,80.448,80.478,0.11
02.07.2019 17:28:00.000,80.478,80.528,80.477,80.487,0.1002
02.07.2019 17:29:00.000,80.488,80.498,80.477,80.488,0.0754
02.07.2019 17:30:00.000,80.487,80.518,80.477,80.497,0.0778
02.07.2019 17:31:00.000,80.497,80.497,80.448,80.448,0.0396
02.07.2019 17:32:00.000,80.438,80.438,80.337,80.348,0.1003
02.07.2019 17:33:00.000,80.347,80.368,80.317,80.338,0.1721
02.07.2019 17:34:00.000,80.337,80.357,80.318,80.347,0.1135
02.07.2019 17:35:00.000,80.348,80.358,80.317,80.357,0.0917
02.07.2019 17:36:00.000,80.348,80.358,80.337,80.338,0.0799
02.07.2019 17:37:00.000,80.338,80.358,80.318,80.358,0.0759
02.07.2019 17:38:00.000,80.357,80.357,80.328,80.337,0.0099
02.07.2019 17:39:00.000,80.338,80.358,80.318,80.318,0.0358
02.07.2019 17:40:00.000,80.327,80.348,80.308,80.308,0.2091
02.07.2019 17:41:00.000,80.308,80.358,80.297,80.338,0.1172
02.07.2019 17:42:00.000,80.337,80.348,80.328,80.328,0.0513
02.07.2019 17:43:00.000,80.328,80.368,80.317,80.328,0.1784
02.07.2019 17:44:00.000,80.327,80.348,80.298,80.327,0.1972
02.07.2019 17:45:00.000,80.328,80.388,80.298,80.357,0.1502
02.07.2019 17:46:00.000,80.348,80.348,80.288,80.327,0.119
02.07.2019 17:47:00.000,80.327,80.348,80.327,80.328,0.0438
02.07.2019 17:48:00.000,80.318,80.348,80.317,80.338,0.1178
02.07.2019 17:49:00.000,80.328,80.348,80.317,80.328,0.0657
02.07.2019 17:50:00.000,80.327,80.338,80.318,80.338,0.0832
02.07.2019 17:51:00.000,80.328,80.338,80.297,80.298,0.0978
02.07.2019 17:52:00.000,80.298,80.358,80.297,80.338,0.0882
02.07.2019 17:53:00.000,80.337,80.348,80.318,80.318,0.0646
02.07.2019 17:54:00.000,80.317,80.348,80.307,80.328,0.1162
02.07.2019 17:55:00.000,80.327,80.338,80.317,80.337,0.2002
02.07.2019 17:56:00.000,80.338,80.338,80.317,80.327,0.1235
02.07.2019 17:57:00.000,80.338,80.338,80.327,80.337,0.0707
02.07.2019 17:58:00.000,80.338,80.347,80.307,80.337,0.1189
02.07.2019 17:59:00.000,80.338,80.368,80.317,80.338,0.1684
02.07.2019 18:00:00.000,80.328,80.368,80.307,80.358,0.1468
02.07.2019 18:01:00.000,80.348,80.358,80.337,80.338,0.0504
02.07.2019 18:02:00.000,80.348,80.428,80.327,80.428,0.1073
02.07.2019 18:03:00.000,80.427,80.467,80.357,80.358,0.093
02.07.2019 18:04:00.000,80.368,80.388,80.327,80.337,0.0644
02.07.2019 18:05:00.000,80.337,80.348,80.327,80.338,0.1968
02.07.2019 18:06:00.000,80.338,80.358,80.318,80.348,0.0819
02.07.2019 18:07:00.000,80.348,80.348,80.317,80.338,0.05
02.07.2019 18:08:00.000,80.337,80.358,80.317,80.348,0.0673
02.07.2019 18:09:00.000,80.347,80.348,80.317,80.328,0.0972
02.07.2019 18:10:00.000,80.327,80.348,80.318,80.327,0.0657
02.07.2019 18:11:00.000,80.327,80.348,80.317,80.338,0.0949
02.07.2019 18:12:00.000,80.337,80.338,80.288,80.288,0.108
02.07.2019 18:13:00.000,80.288,80.328,80.278,80.297,0.1916
02.07.2019 18:14:00.000,80.308,80.308,80.268,80.287,0.1623
02.07.2019 18:15:00.000,80.288,80.307,80.267,80.298,0.1861
02.07.2019 18:16:00.000,80.297,80.308,80.277,80.278,0.1774
02.07.2019 18:17:00.000,80.297,80.318,80.268,80.288,0.0911
02.07.2019 18:18:00.000,80.287,80.308,80.268,80.268,0.1555
02.07.2019 18:19:00.000,80.277,80.298,80.277,80.298,0.0646
02.07.2019 18:20:00.000,80.308,80.318,80.278,80.288,0.0127
02.07.2019 18:21:00.000,80.287,80.297,80.248,80.248,0.1006
02.07.2019 18:22:00.000,80.247,80.258,80.207,80.248,0.1364
02.07.2019 18:23:00.000,80.248,80.277,80.247,80.267,0.1041
02.07.2019 18:24:00.000,80.268,80.328,80.268,80.298,0.1978
02.07.2019 18:25:00.000,80.308,80.308,80.248,80.298,0.1014
02.07.2019 18:26:00.000,80.298,80.318,80.267,80.288,0.1523
02.07.2019 18:27:00.000,80.297,80.308,80.268,80.298,0.2834
02.07.2019 18:28:00.000,80.307,80.318,80.257,80.267,0.1134
02.07.2019 18:29:00.000,80.268,80.298,80.268,80.287,0.0845
02.07.2019 18:30:00.000,80.298,80.308,80.267,80.298,0.1134
02.07.2019 18:31:00.000,80.297,80.308,80.277,80.287,0.0742
02.07.2019 18:32:00.000,80.288,80.298,80.268,80.297,0.0845
02.07.2019 18:33:00.000,80.288,80.308,80.287,80.298,0.133
02.07.2019 18:34:00.000,80.298,80.298,80.277,80.297,0.1518
02.07.2019 18:35:00.000,80.288,80.298,80.277,80.278,0.1924
02.07.2019 18:36:00.000,80.287,80.287,80.237,80.248,0.096
02.07.2019 18:37:00.000,80.247,80.258,80.208,80.237,0.1368
02.07.2019 18:38:00.000,80.238,80.268,80.228,80.248,0.1166
02.07.2019 18:39:00.000,80.247,80.288,80.217,80.287,0.1283
02.07.2019 18:40:00.000,80.288,80.308,80.287,80.298,0.066
02.07.2019 18:41:00.000,80.288,80.298,80.267,80.288,0.068
02.07.2019 18:42:00.000,80.287,80.298,80.277,80.298,0.0545
02.07.2019 18:43:00.000,80.297,80.318,80.277,80.297,0.1026
02.07.2019 18:44:00.000,80.298,80.317,80.277,80.298,0.1356
02.07.2019 18:45:00.000,80.298,80.328,80.277,80.288,0.073
02.07.2019 18:46:00.000,80.278,80.308,80.267,80.308,0.1779
02.07.2019 18:47:00.000,80.317,80.328,80.287,80.287,0.1676
02.07.2019 18:48:00.000,80.297,80.318,80.278,80.308,0.1705
02.07.2019 18:49:00.000,80.307,80.308,80.297,80.298,0.0537
02.07.2019 18:50:00.000,80.298,80.308,80.278,80.298,0.0867
02.07.2019 18:51:00.000,80.297,80.298,80.238,80.247,0.1725
02.07.2019 18:52:00.000,80.247,80.268,80.237,80.258,0.0581
02.07.2019 18:53:00.000,80.278,80.288,80.237,80.248,0.1022
02.07.2019 18:54:00.000,80.238,80.278,80.237,80.258,0.0679
02.07.2019 18:55:00.000,80.257,80.288,80.237,80.278,0.0724
02.07.2019 18:56:00.000,80.288,80.288,80.267,80.268,0.0329
02.07.2019 18:57:00.000,80.267,80.268,80.247,80.258,0.0758
02.07.2019 18:58:00.000,80.258,80.258,80.237,80.248,0.1543
02.07.2019 18:59:00.000,80.238,80.248,80.178,80.237,0.1723
02.07.2019 19:00:00.000,80.248,80.258,80.167,80.178,0.1831
02.07.2019 19:01:00.000,80.178,80.238,80.137,80.198,0.2509
02.07.2019 19:02:00.000,80.197,80.198,79.997,80.058,0.2052
02.07.2019 19:03:00.000,80.058,80.088,79.988,80.078,0.1272
02.07.2019 19:04:00.000,80.077,80.077,79.988,80.017,0.1038
02.07.2019 19:05:00.000,80.018,80.078,80.007,80.067,0.1484
02.07.2019 19:06:00.000,80.067,80.068,79.997,80.048,0.2369
02.07.2019 19:07:00.000,80.047,80.048,79.998,80.008,0.1735
02.07.2019 19:08:00.000,79.998,79.998,79.897,79.898,0.1783
02.07.2019 19:09:00.000,79.897,79.898,79.768,79.788,0.1262
02.07.2019 19:10:00.000,79.788,79.828,79.788,79.788,0.1229
02.07.2019 19:11:00.000,79.788,79.788,79.717,79.778,0.1817
02.07.2019 19:12:00.000,79.777,79.848,79.737,79.737,0.132
02.07.2019 19:13:00.000,79.738,79.808,79.737,79.797,0.1053
02.07.2019 19:14:00.000,79.788,79.798,79.728,79.798,0.2243
02.07.2019 19:15:00.000,79.777,79.908,79.777,79.908,0.321
02.07.2019 19:16:00.000,79.918,79.938,79.887,79.897,0.2561
02.07.2019 19:17:00.000,79.898,79.968,79.888,79.958,0.0409
02.07.2019 19:18:00.000,79.957,79.958,79.898,79.898,0.2329
02.07.2019 19:19:00.000,79.898,79.928,79.887,79.897,0.1653
02.07.2019 19:20:00.000,79.898,79.908,79.888,79.907,0.1904
02.07.2019 19:21:00.000,79.907,79.908,79.887,79.907,0.0805
02.07.2019 19:22:00.000,79.908,79.918,79.897,79.898,0.0398
02.07.2019 19:23:00.000,79.897,79.938,79.878,79.927,0.027
02.07.2019 19:24:00.000,79.928,79.937,79.887,79.918,0.1316
02.07.2019 19:25:00.000,79.917,79.947,79.897,79.938,0.0947
02.07.2019 19:26:00.000,79.948,80.058,79.947,80.038,0.2466
02.07.2019 19:27:00.000,80.038,80.118,80.008,80.048,0.1434
02.07.2019 19:28:00.000,80.047,80.048,79.968,79.968,0.1338
02.07.2019 19:29:00.000,79.967,79.988,79.937,79.938,0.221
02.07.2019 19:30:00.000,79.948,80.008,79.938,79.967,0.2135
02.07.2019 19:31:00.000,79.968,80.068,79.957,80.058,0.2264
02.07.2019 19:32:00.000,80.048,80.098,80.017,80.098,0.2841
02.07.2019 19:33:00.000,80.097,80.188,80.077,80.188,0.1376
02.07.2019 19:34:00.000,80.188,80.228,80.148,80.178,0.1296
02.07.2019 19:35:00.000,80.187,80.218,80.177,80.178,0.1298
02.07.2019 19:36:00.000,80.177,80.238,80.177,80.217,0.1659
02.07.2019 19:37:00.000,80.218,80.358,80.218,80.357,0.2026
02.07.2019 19:38:00.000,80.357,80.357,80.287,80.297,0.1251
02.07.2019 19:39:00.000,80.298,80.378,80.298,80.378,0.2222
02.07.2019 19:40:00.000,80.377,80.398,80.348,80.388,0.1082
02.07.2019 19:41:00.000,80.388,80.438,80.338,80.338,0.3027
02.07.2019 19:42:00.000,80.338,80.368,80.317,80.328,0.2286
02.07.2019 19:43:00.000,80.328,80.468,80.328,80.398,0.2495
02.07.2019 19:44:00.000,80.407,80.468,80.377,80.468,0.2027
02.07.2019 19:45:00.000,80.467,80.518,80.448,80.448,0.2974
02.07.2019 19:46:00.000,80.458,80.558,80.458,80.518,0.2272
02.07.2019 19:47:00.000,80.517,80.638,80.498,80.627,0.244
02.07.2019 19:48:00.000,80.628,80.628,80.528,80.528,0.1948
02.07.2019 19:49:00.000,80.538,80.608,80.527,80.567,0.1325
02.07.2019 19:50:00.000,80.568,80.658,80.568,80.608,0.3608
02.07.2019 19:51:00.000,80.607,80.638,80.598,80.638,0.1839
02.07.2019 19:52:00.000,80.637,80.638,80.607,80.638,0.1947
02.07.2019 19:53:00.000,80.637,80.748,80.637,80.737,0.1987
02.07.2019 19:54:00.000,80.738,80.748,80.637,80.728,0.3816
02.07.2019 19:55:00.000,80.737,80.758,80.697,80.728,0.2107
02.07.2019 19:56:00.000,80.748,80.748,80.678,80.737,0.3104
02.07.2019 19:57:00.000,80.738,80.828,80.727,80.787,0.3446
02.07.2019 19:58:00.000,80.788,80.788,80.658,80.678,0.3708
02.07.2019 19:59:00.000,80.678,80.688,80.618,80.677,0.5061
03.07.2019 13:30:00.000,80.837,80.838,80.417,80.778,0.0319
03.07.2019 13:31:00.000,80.778,80.947,80.768,80.788,0.034
03.07.2019 13:32:00.000,80.798,80.808,80.497,80.718,0.1592
03.07.2019 13:33:00.000,80.717,80.878,80.717,80.878,0.0202
03.07.2019 13:34:00.000,80.878,80.887,80.818,80.827,0.0681
03.07.2019 13:35:00.000,80.868,81.128,80.868,81.107,0.0363
03.07.2019 13:36:00.000,81.118,81.338,81.118,81.308,0.0784
03.07.2019 13:37:00.000,81.308,81.318,81.208,81.288,0.0866
03.07.2019 13:38:00.000,81.288,81.348,81.187,81.187,0.0803
03.07.2019 13:39:00.000,81.187,81.217,81.127,81.127,0.0387
03.07.2019 13:40:00.000,81.157,81.188,81.077,81.118,0.0248
03.07.2019 13:41:00.000,81.118,81.176,80.957,81.037,0.0371
03.07.2019 13:42:00.000,81.038,81.187,80.958,81.187,0.0668
03.07.2019 13:43:00.000,81.187,81.187,81.097,81.118,0.0328
03.07.2019 13:44:00.000,81.117,81.117,80.947,80.977,0.0213
03.07.2019 13:45:00.000,80.978,81.068,80.818,80.818,0.0774
03.07.2019 13:46:00.000,80.818,80.818,80.677,80.708,0.0175
03.07.2019 13:47:00.000,80.737,80.788,80.678,80.678,0.0296
03.07.2019 13:48:00.000,80.678,80.808,80.638,80.638,0.0308
03.07.2019 13:49:00.000,80.648,80.698,80.588,80.688,0.0558
03.07.2019 13:50:00.000,80.698,80.698,80.638,80.687,0.0101
03.07.2019 13:51:00.000,80.698,80.727,80.608,80.628,0.0883
03.07.2019 13:52:00.000,80.667,80.697,80.588,80.607,0.0704
03.07.2019 13:53:00.000,80.638,80.678,80.618,80.648,0.0956
03.07.2019 13:54:00.000,80.668,80.757,80.617,80.678,0.0639
03.07.2019 13:55:00.000,80.677,80.817,80.677,80.758,0.0106
03.07.2019 13:56:00.000,80.758,80.868,80.758,80.867,0.0754
03.07.2019 13:57:00.000,80.868,80.918,80.827,80.828,0.0929
03.07.2019 13:58:00.000,80.858,80.878,80.827,80.828,0.134
03.07.2019 13:59:00.000,80.828,81.057,80.757,81.057,0.0746
03.07.2019 14:00:00.000,81.057,81.148,81.007,81.058,0.1482
03.07.2019 14:01:00.000,81.058,81.078,80.907,80.918,0.0364
03.07.2019 14:02:00.000,80.918,80.957,80.867,80.877,0.0559
03.07.2019 14:03:00.000,80.908,80.998,80.868,80.998,0.0518
03.07.2019 14:04:00.000,80.967,81.018,80.948,80.988,0.1742
03.07.2019 14:05:00.000,80.978,81.088,80.937,81.028,0.1086
03.07.2019 14:06:00.000,81.028,81.098,80.957,81.087,0.1466
03.07.2019 14:07:00.000,81.097,81.107,80.997,81.048,0.0755
03.07.2019 14:08:00.000,81.058,81.158,80.988,80.997,0.2193
03.07.2019 14:09:00.000,80.997,81.028,80.947,80.958,0.1488
03.07.2019 14:10:00.000,80.968,81.066,80.968,81.066,0.0102
03.07.2019 14:11:00.000,81.078,81.158,81.027,81.027,0.1433
03.07.2019 14:12:00.000,81.027,81.037,81.008,81.017,0.0716
03.07.2019 14:13:00.000,81.017,81.098,80.997,81.008,0.0441
03.07.2019 14:14:00.000,81.007,81.098,81.007,81.018,0.1829
03.07.2019 14:15:00.000,81.047,81.088,81.027,81.038,0.0471
03.07.2019 14:16:00.000,81.037,81.038,80.957,80.958,0.0883
03.07.2019 14:17:00.000,80.958,81.018,80.928,80.998,0.0608
03.07.2019 14:18:00.000,80.997,81.157,80.988,81.118,0.0224
03.07.2019 14:19:00.000,81.118,81.188,81.037,81.148,0.2144
03.07.2019 14:20:00.000,81.148,81.178,81.128,81.128,0.2782
03.07.2019 14:21:00.000,81.128,81.147,81.087,81.087,0.237
03.07.2019 14:22:00.000,81.087,81.218,81.087,81.187,0.2427
03.07.2019 14:23:00.000,81.188,81.238,81.187,81.208,0.0363
03.07.2019 14:24:00.000,81.207,81.298,81.187,81.188,0.1408
03.07.2019 14:25:00.000,81.187,81.188,81.097,81.098,0.0479
03.07.2019 14:26:00.000,81.098,81.098,80.997,80.997,0.0543
03.07.2019 14:27:00.000,81.018,81.158,81.018,81.147,0.0698
03.07.2019 14:28:00.000,81.147,81.198,81.137,81.198,0.1248
03.07.2019 14:29:00.000,81.188,81.307,81.187,81.298,0.0275
03.07.2019 14:30:00.000,81.297,81.297,80.967,81.027,0.0701
03.07.2019 14:31:00.000,81.028,81.118,81.028,81.078,0.0281
03.07.2019 14:32:00.000,81.107,81.118,80.988,80.997,0.1122
03.07.2019 14:33:00.000,81.007,81.038,80.907,80.927,0.0551
03.07.2019 14:34:00.000,80.927,80.978,80.918,80.958,0.1671
03.07.2019 14:35:00.000,80.958,81.148,80.958,81.127,0.0877
03.07.2019 14:36:00.000,81.117,81.178,81.108,81.108,0.0795
03.07.2019 14:37:00.000,81.108,81.147,81.067,81.077,0.0387
03.07.2019 14:38:00.000,81.078,81.148,81.068,81.138,0.0928
03.07.2019 14:39:00.000,81.138,81.238,81.137,81.218,0.0602
03.07.2019 14:40:00.000,81.218,81.338,81.218,81.318,0.098
03.07.2019 14:41:00.000,81.328,81.357,81.317,81.317,0.0499
03.07.2019 14:42:00.000,81.328,81.408,81.328,81.408,0.0728
03.07.2019 14:43:00.000,81.398,81.458,81.347,81.458,0.2279
03.07.2019 14:44:00.000,81.457,81.577,81.457,81.567,0.1692
03.07.2019 14:45:00.000,81.568,81.678,81.568,81.618,0.0559
03.07.2019 14:46:00.000,81.628,81.688,81.598,81.598,0.085
03.07.2019 14:47:00.000,81.597,81.668,81.578,81.578,0.0884
03.07.2019 14:48:00.000,81.578,81.608,81.537,81.587,0.037
03.07.2019 14:49:00.000,81.588,81.668,81.588,81.607,0.0887
03.07.2019 14:50:00.000,81.608,81.697,81.598,81.688,0.1137
03.07.2019 14:51:00.000,81.717,81.717,81.597,81.678,0.1194
03.07.2019 14:52:00.000,81.678,81.737,81.658,81.708,0.1618
03.07.2019 14:53:00.000,81.738,81.797,81.677,81.678,0.0565
03.07.2019 14:54:00.000,81.688,81.708,81.657,81.698,0.0688
03.07.2019 14:55:00.000,81.688,81.738,81.657,81.657,0.0427
03.07.2019 14:56:00.000,81.658,81.717,81.588,81.627,0.0358
03.07.2019 14:57:00.000,81.627,81.627,81.518,81.528,0.0432
03.07.2019 14:58:00.000,81.527,81.568,81.497,81.508,0.0874
03.07.2019 14:59:00.000,81.518,81.528,81.477,81.488,0.0149
03.07.2019 15:00:00.000,81.488,81.508,81.427,81.447,0.0805
03.07.2019 15:01:00.000,81.448,81.448,81.388,81.388,0.0098
03.07.2019 15:02:00.000,81.388,81.458,81.367,81.437,0.0285
03.07.2019 15:03:00.000,81.437,81.458,81.377,81.407,0.0671
03.07.2019 15:04:00.000,81.407,81.458,81.407,81.428,0.0885
03.07.2019 15:05:00.000,81.438,81.477,81.378,81.477,0.086
03.07.2019 15:06:00.000,81.467,81.548,81.467,81.528,0.1343
03.07.2019 15:07:00.000,81.528,81.598,81.528,81.578,0.0907
03.07.2019 15:08:00.000,81.588,81.708,81.577,81.698,0.0656
03.07.2019 15:09:00.000,81.718,81.768,81.687,81.698,0.1049
03.07.2019 15:10:00.000,81.728,81.798,81.727,81.778,0.0693
03.07.2019 15:11:00.000,81.778,81.808,81.708,81.718,0.1155
03.07.2019 15:12:00.000,81.717,81.728,81.678,81.678,0.031
03.07.2019 15:13:00.000,81.648,81.678,81.628,81.658,0.0179
03.07.2019 15:14:00.000,81.688,81.768,81.687,81.768,0.0664
03.07.2019 15:15:00.000,81.758,81.828,81.748,81.797,0.0951
03.07.2019 15:16:00.000,81.807,81.808,81.767,81.798,0.0418
03.07.2019 15:17:00.000,81.808,81.838,81.748,81.778,0.1013
03.07.2019 15:18:00.000,81.777,81.808,81.757,81.778,0.0425
03.07.2019 15:19:00.000,81.777,81.858,81.747,81.858,0.0836
03.07.2019 15:20:00.000,81.858,81.878,81.847,81.867,0.0571
03.07.2019 15:21:00.000,81.887,81.928,81.877,81.907,0.0273
03.07.2019 15:22:00.000,81.918,81.928,81.887,81.897,0.0176
03.07.2019 15:23:00.000,81.898,81.938,81.898,81.938,0.0555
03.07.2019 15:24:00.000,81.948,81.968,81.868,81.888,0.0815
03.07.2019 15:25:00.000,81.908,81.968,81.908,81.938,0.0274
03.07.2019 15:26:00.000,81.938,81.948,81.887,81.897,0.0272
03.07.2019 15:27:00.000,81.898,82.028,81.898,81.987,0.0277
03.07.2019 15:28:00.000,81.977,82.018,81.948,82.017,0.1271
03.07.2019 15:29:00.000,82.018,82.018,81.927,81.927,0.0637
03.07.2019 15:30:00.000,81.928,81.948,81.917,81.918,0.0205
03.07.2019 15:31:00.000,81.918,82.018,81.897,82.017,0.0615
03.07.2019 15:32:00.000,82.018,82.018,81.978,81.988,0.0367
03.07.2019 15:33:00.000,81.988,81.988,81.977,81.978,0.012
03.07.2019 15:34:00.000,81.977,82.058,81.977,82.048,0.0888
03.07.2019 15:35:00.000,82.058,82.128,82.058,82.118,0.1068
03.07.2019 15:36:00.000,82.117,82.258,82.117,82.258,0.0757
03.07.2019 15:37:00.000,82.268,82.368,82.247,82.348,0.1111
03.07.2019 15:38:00.000,82.367,82.438,82.357,82.398,0.1125
03.07.2019 15:39:00.000,82.398,82.398,82.237,82.238,0.0121
03.07.2019 15:40:00.000,82.218,82.287,82.177,82.287,0.0193
03.07.2019 15:41:00.000,82.268,82.287,82.188,82.188,0.0781
03.07.2019 15:42:00.000,82.208,82.268,82.208,82.268,0.0824
03.07.2019 15:43:00.000,82.267,82.338,82.267,82.278,0.0583
03.07.2019 15:44:00.000,82.277,82.328,82.257,82.278,0.1152
03.07.2019 15:45:00.000,82.277,82.318,82.277,82.288,0.0527
03.07.2019 15:46:00.000,82.308,82.317,82.238,82.317,0.0232
03.07.2019 15:47:00.000,82.317,82.337,82.288,82.337,0.113
03.07.2019 15:48:00.000,82.338,82.438,82.338,82.438,0.142
03.07.2019 15:49:00.000,82.438,82.448,82.358,82.388,0.0187
03.07.2019 15:50:00.000,82.388,82.418,82.368,82.398,0.1066
03.07.2019 15:51:00.000,82.398,82.418,82.387,82.398,0.0734
03.07.2019 15:52:00.000,82.398,82.398,82.308,82.348,0.1259
03.07.2019 15:53:00.000,82.378,82.408,82.338,82.338,0.0692
03.07.2019 15:54:00.000,82.328,82.348,82.297,82.308,0.0201
03.07.2019 15:55:00.000,82.307,82.348,82.307,82.317,0.0247
03.07.2019 15:56:00.000,82.317,82.428,82.307,82.428,0.0115
03.07.2019 15:57:00.000,82.408,82.408,82.238,82.277,0.0618
03.07.2019 15:58:00.000,82.288,82.358,82.287,82.357,0.0792
03.07.2019 15:59:00.000,82.348,82.378,82.277,82.278,0.0416
03.07.2019 16:00:00.000,82.277,82.318,82.237,82.318,0.0663
03.07.2019 16:01:00.000,82.317,82.348,82.287,82.337,0.0677
03.07.2019 16:02:00.000,82.337,82.388,82.327,82.358,0.0483
03.07.2019 16:03:00.000,82.407,82.418,82.347,82.358,0.0899
03.07.2019 16:04:00.000,82.357,82.378,82.348,82.357,0.0036
03.07.2019 16:05:00.000,82.358,82.418,82.338,82.358,0.1379
03.07.2019 16:06:00.000,82.357,82.408,82.337,82.388,0.0124
03.07.2019 16:07:00.000,82.387,82.418,82.377,82.408,0.0112
03.07.2019 16:08:00.000,82.398,82.428,82.387,82.418,0.0827
03.07.2019 16:09:00.000,82.408,82.408,82.377,82.408,0.0364
03.07.2019 16:10:00.000,82.408,82.437,82.357,82.358,0.1202
03.07.2019 16:11:00.000,82.368,82.368,82.287,82.297,0.0501
03.07.2019 16:12:00.000,82.298,82.328,82.278,82.278,0.0324
03.07.2019 16:13:00.000,82.288,82.328,82.287,82.318,0.1161
03.07.2019 16:14:00.000,82.318,82.348,82.287,82.298,0.0553
03.07.2019 16:15:00.000,82.297,82.308,82.257,82.307,0.1234
03.07.2019 16:16:00.000,82.308,82.308,82.237,82.278,0.0486
03.07.2019 16:17:00.000,82.287,82.348,82.287,82.298,0.0769
03.07.2019 16:18:00.000,82.297,82.297,82.217,82.237,0.0718
03.07.2019 16:19:00.000,82.238,82.328,82.227,82.298,0.0536
03.07.2019 16:20:00.000,82.298,82.338,82.287,82.297,0.1128
03.07.2019 16:21:00.000,82.297,82.308,82.257,82.268,0.0409
03.07.2019 16:22:00.000,82.278,82.288,82.267,82.277,0.0678
03.07.2019 16:23:00.000,82.278,82.298,82.258,82.268,0.0379
03.07.2019 16:24:00.000,82.267,82.268,82.237,82.248,0.0112
03.07.2019 16:25:00.000,82.238,82.258,82.217,82.218,0.0174
03.07.2019 16:26:00.000,82.218,82.238,82.187,82.238,0.0536
03.07.2019 16:27:00.000,82.238,82.258,82.198,82.217,0.0436
03.07.2019 16:28:00.000,82.218,82.238,82.187,82.187,0.1032
03.07.2019 16:29:00.000,82.187,82.228,82.177,82.188,0.0496
03.07.2019 16:30:00.000,82.197,82.208,82.177,82.178,0.0608
03.07.2019 16:31:00.000,82.178,82.218,82.137,82.137,0.0692
03.07.2019 16:32:00.000,82.137,82.138,82.087,82.128,0.0791
03.07.2019 16:33:00.000,82.128,82.168,82.128,82.128,0.1146
03.07.2019 16:34:00.000,82.128,82.178,82.098,82.168,0.1609
03.07.2019 16:35:00.000,82.168,82.168,82.098,82.108,0.0399
03.07.2019 16:36:00.000,82.088,82.117,82.087,82.117,0.0359
03.07.2019 16:37:00.000,82.128,82.128,82.068,82.068,0.0457
03.07.2019 16:38:00.000,82.067,82.068,81.997,82.008,0.0742
03.07.2019 16:39:00.000,82.008,82.038,82.008,82.018,0.1374
03.07.2019 16:40:00.000,82.017,82.028,81.948,81.948,0.118
03.07.2019 16:41:00.000,81.948,81.968,81.887,81.888,0.0785
03.07.2019 16:42:00.000,81.898,81.928,81.828,81.837,0.0529
03.07.2019 16:43:00.000,81.838,81.847,81.768,81.768,0.1185
03.07.2019 16:44:00.000,81.768,81.838,81.768,81.798,0.1197
03.07.2019 16:45:00.000,81.797,81.797,81.748,81.748,0.1069
03.07.2019 16:46:00.000,81.747,81.778,81.727,81.747,0.0929
03.07.2019 16:47:00.000,81.757,81.788,81.748,81.748,0.0652
03.07.2019 16:48:00.000,81.748,81.808,81.747,81.797,0.1101
03.07.2019 16:49:00.000,81.788,81.838,81.757,81.757,0.1935
03.07.2019 16:50:00.000,81.758,81.818,81.757,81.817,0.0464
03.07.2019 16:51:00.000,81.818,81.898,81.817,81.898,0.123
03.07.2019 16:52:00.000,81.887,81.887,81.817,81.847,0.1136
03.07.2019 16:53:00.000,81.848,81.888,81.817,81.818,0.1279
03.07.2019 16:54:00.000,81.827,81.828,81.778,81.778,0.0897
03.07.2019 16:55:00.000,81.778,81.798,81.747,81.757,0.1582
03.07.2019 16:56:00.000,81.758,81.948,81.758,81.948,0.1451
03.07.2019 16:57:00.000,81.947,81.948,81.797,81.798,0.322
03.07.2019 16:58:00.000,81.808,81.878,81.808,81.858,0.213
03.07.2019 16:59:00.000,81.858,81.967,81.797,81.947,0.4642
03.07.2019 17:00:00.000,81.948,81.948,81.287,81.287,0.0379
03.07.2019 17:09:00.000,81.518,81.518,81.518,81.518,0.0001
03.07.2019 17:12:00.000,80.988,81.148,80.988,80.988,0.0002
03.07.2019 17:19:00.000,81.538,81.538,81.538,81.538,0.0001
03.07.2019 17:20:00.000,81.537,81.537,81.537,81.537,0.0001
03.07.2019 17:32:00.000,81.537,81.537,81.537,81.537,0.0001
03.07.2019 17:58:00.000,81.457,81.458,81.457,81.458,0.0003
03.07.2019 17:59:00.000,81.457,81.457,81.457,81.457,0.0001
03.07.2019 18:14:00.000,81.468,81.468,81.468,81.468,0.0001
03.07.2019 18:15:00.000,81.468,81.468,81.468,81.468,0.0001
03.07.2019 18:34:00.000,81.457,81.457,80.988,80.988,0.0001
03.07.2019 18:59:00.000,81.677,81.677,81.677,81.677,0.0001
03.07.2019 19:00:00.000,81.677,81.677,81.677,81.677,0.0001
03.07.2019 19:33:00.000,81.697,81.697,81.697,81.697,0.0002
05.07.2019 13:30:00.000,81.177,81.778,81.177,81.508,0.0387
05.07.2019 13:31:00.000,81.507,81.678,81.497,81.568,0.0276
05.07.2019 13:32:00.000,81.477,81.538,81.477,81.538,0.135
05.07.2019 13:33:00.000,81.538,81.538,81.287,81.497,0.0539
05.07.2019 13:34:00.000,81.498,81.508,81.268,81.398,0.0956
05.07.2019 13:35:00.000,81.398,81.518,81.387,81.517,0.0805
05.07.2019 13:36:00.000,81.518,81.648,81.518,81.518,0.0593
05.07.2019 13:37:00.000,81.517,81.558,81.498,81.508,0.0257
05.07.2019 13:38:00.000,81.507,81.708,81.507,81.588,0.0723
05.07.2019 13:39:00.000,81.587,81.618,81.538,81.538,0.0091
05.07.2019 13:40:00.000,81.538,81.588,81.488,81.558,0.0017
05.07.2019 13:41:00.000,81.557,81.557,81.417,81.417,0.0319
05.07.2019 13:42:00.000,81.388,81.388,81.308,81.328,0.1076
05.07.2019 13:43:00.000,81.338,81.418,81.288,81.288,0.0416
05.07.2019 13:44:00.000,81.288,81.358,81.237,81.238,0.1184
05.07.2019 13:45:00.000,81.267,81.398,81.228,81.388,0.0829
05.07.2019 13:46:00.000,81.387,81.598,81.387,81.597,0.0312
05.07.2019 13:47:00.000,81.597,81.648,81.518,81.648,0.021
05.07.2019 13:48:00.000,81.687,81.698,81.517,81.578,0.0667
05.07.2019 13:49:00.000,81.577,81.678,81.538,81.638,0.1145
05.07.2019 13:50:00.000,81.638,81.648,81.608,81.608,0.0264
05.07.2019 13:51:00.000,81.608,81.648,81.528,81.648,0.0688
05.07.2019 13:52:00.000,81.658,81.698,81.617,81.658,0.0818
05.07.2019 13:53:00.000,81.658,81.728,81.647,81.678,0.0277
05.07.2019 13:54:00.000,81.698,82.008,81.698,81.987,0.0665
05.07.2019 13:55:00.000,81.988,81.988,81.907,81.908,0.0571
05.07.2019 13:56:00.000,81.898,81.948,81.858,81.938,0.0449
05.07.2019 13:57:00.000,81.947,81.988,81.907,81.947,0.127
05.07.2019 13:58:00.000,81.948,81.958,81.878,81.948,0.1395
05.07.2019 13:59:00.000,81.948,81.978,81.837,81.868,0.239
05.07.2019 14:00:00.000,81.868,81.868,81.708,81.748,0.1827
05.07.2019 14:01:00.000,81.748,81.818,81.688,81.778,0.1321
05.07.2019 14:02:00.000,81.777,81.858,81.768,81.848,0.1434
05.07.2019 14:03:00.000,81.848,81.928,81.747,81.928,0.107
05.07.2019 14:04:00.000,81.918,81.977,81.837,81.858,0.1376
05.07.2019 14:05:00.000,81.867,81.978,81.847,81.978,0.1208
05.07.2019 14:06:00.000,81.968,81.968,81.898,81.898,0.0596
05.07.2019 14:07:00.000,81.898,81.898,81.807,81.808,0.1217
05.07.2019 14:08:00.000,81.808,81.858,81.788,81.837,0.115
05.07.2019 14:09:00.000,81.837,81.848,81.757,81.758,0.124
05.07.2019 14:10:00.000,81.778,81.788,81.718,81.777,0.0577
05.07.2019 14:11:00.000,81.767,81.788,81.687,81.698,0.0924
05.07.2019 14:12:00.000,81.708,81.738,81.658,81.658,0.0678
05.07.2019 14:13:00.000,81.678,81.688,81.628,81.667,0.0931
05.07.2019 14:14:00.000,81.667,81.698,81.657,81.657,0.0542
05.07.2019 14:15:00.000,81.658,81.718,81.628,81.668,0.1248
05.07.2019 14:16:00.000,81.687,81.688,81.588,81.648,0.1409
05.07.2019 14:17:00.000,81.647,81.698,81.647,81.698,0.105
05.07.2019 14:18:00.000,81.688,81.698,81.588,81.588,0.0778
05.07.2019 14:19:00.000,81.578,81.598,81.557,81.578,0.0791
05.07.2019 14:20:00.000,81.567,81.568,81.508,81.527,0.072
05.07.2019 14:21:00.000,81.517,81.528,81.437,81.438,0.0485
05.07.2019 14:22:00.000,81.438,81.438,81.367,81.368,0.0303
05.07.2019 14:23:00.000,81.368,81.398,81.348,81.378,0.1355
05.07.2019 14:24:00.000,81.378,81.408,81.337,81.408,0.1217
05.07.2019 14:25:00.000,81.398,81.478,81.358,81.408,0.1118
05.07.2019 14:26:00.000,81.438,81.488,81.298,81.307,0.1606
05.07.2019 14:27:00.000,81.307,81.348,81.248,81.297,0.1069
05.07.2019 14:28:00.000,81.297,81.297,81.247,81.248,0.0564
05.07.2019 14:29:00.000,81.247,81.298,81.247,81.267,0.177
05.07.2019 14:30:00.000,81.267,81.338,81.267,81.288,0.0606
05.07.2019 14:31:00.000,81.288,81.368,81.287,81.368,0.081
05.07.2019 14:32:00.000,81.368,81.378,81.307,81.308,0.0729
05.07.2019 14:33:00.000,81.308,81.398,81.287,81.398,0.104
05.07.2019 14:34:00.000,81.398,81.417,81.387,81.388,0.0671
05.07.2019 14:35:00.000,81.387,81.418,81.348,81.388,0.0484
05.07.2019 14:36:00.000,81.387,81.428,81.387,81.407,0.0276
05.07.2019 14:37:00.000,81.408,81.408,81.327,81.338,0.0726
05.07.2019 14:38:00.000,81.338,81.408,81.338,81.397,0.0587
05.07.2019 14:39:00.000,81.398,81.438,81.377,81.387,0.06
05.07.2019 14:40:00.000,81.387,81.418,81.338,81.418,0.0534
05.07.2019 14:41:00.000,81.417,81.438,81.407,81.418,0.056
05.07.2019 14:42:00.000,81.418,81.438,81.407,81.417,0.0626
05.07.2019 14:43:00.000,81.417,81.428,81.318,81.338,0.0757
05.07.2019 14:44:00.000,81.337,81.338,81.288,81.318,0.1129
05.07.2019 14:45:00.000,81.318,81.318,81.238,81.238,0.0508
05.07.2019 14:46:00.000,81.238,81.328,81.238,81.317,0.0998
05.07.2019 14:47:00.000,81.318,81.378,81.287,81.367,0.134
05.07.2019 14:48:00.000,81.378,81.408,81.368,81.378,0.0388
05.07.2019 14:49:00.000,81.377,81.448,81.377,81.438,0.0633
05.07.2019 14:50:00.000,81.477,81.538,81.477,81.537,0.0364
05.07.2019 14:51:00.000,81.537,81.538,81.517,81.518,0.0095
05.07.2019 14:52:00.000,81.518,81.588,81.517,81.588,0.009
05.07.2019 14:53:00.000,81.578,81.638,81.557,81.598,0.0494
05.07.2019 14:54:00.000,81.587,81.618,81.587,81.618,0.0082
05.07.2019 14:55:00.000,81.618,81.618,81.548,81.548,0.0653
05.07.2019 14:56:00.000,81.547,81.588,81.518,81.547,0.0808
05.07.2019 14:57:00.000,81.538,81.558,81.457,81.518,0.0861
05.07.2019 14:58:00.000,81.517,81.517,81.467,81.508,0.0993
05.07.2019 14:59:00.000,81.498,81.548,81.488,81.538,0.0406
05.07.2019 15:00:00.000,81.538,81.588,81.527,81.528,0.148
05.07.2019 15:01:00.000,81.527,81.528,81.487,81.528,0.1419
05.07.2019 15:02:00.000,81.547,81.548,81.457,81.467,0.142
05.07.2019 15:03:00.000,81.498,81.558,81.497,81.557,0.0537
05.07.2019 15:04:00.000,81.558,81.567,81.527,81.548,0.1658
05.07.2019 15:05:00.000,81.568,81.588,81.538,81.578,0.0374
05.07.2019 15:06:00.000,81.577,81.577,81.517,81.538,0.019
05.07.2019 15:07:00.000,81.537,81.578,81.537,81.538,0.043
05.07.2019 15:08:00.000,81.557,81.558,81.538,81.558,0.0208
05.07.2019 15:09:00.000,81.568,81.588,81.557,81.558,0.0857
05.07.2019 15:10:00.000,81.557,81.608,81.557,81.608,0.0756
05.07.2019 15:11:00.000,81.608,81.678,81.607,81.657,0.026
05.07.2019 15:12:00.000,81.658,81.688,81.627,81.658,0.043
05.07.2019 15:13:00.000,81.667,81.748,81.658,81.707,0.041
05.07.2019 15:14:00.000,81.708,81.708,81.608,81.608,0.0475
05.07.2019 15:15:00.000,81.608,81.688,81.608,81.688,0.114
05.07.2019 15:16:00.000,81.687,81.688,81.657,81.657,0.0853
05.07.2019 15:17:00.000,81.658,81.698,81.657,81.668,0.1134
05.07.2019 15:18:00.000,81.668,81.668,81.608,81.608,0.0487
05.07.2019 15:19:00.000,81.607,81.648,81.588,81.618,0.0694
05.07.2019 15:20:00.000,81.618,81.618,81.587,81.617,0.0759
05.07.2019 15:21:00.000,81.618,81.668,81.608,81.617,0.078
05.07.2019 15:22:00.000,81.618,81.667,81.597,81.598,0.0394
05.07.2019 15:23:00.000,81.597,81.618,81.587,81.587,0.0475
05.07.2019 15:24:00.000,81.588,81.598,81.578,81.578,0.027
05.07.2019 15:25:00.000,81.588,81.597,81.517,81.518,0.1219
05.07.2019 15:26:00.000,81.538,81.568,81.518,81.568,0.079
05.07.2019 15:27:00.000,81.568,81.568,81.448,81.448,0.1916
05.07.2019 15:28:00.000,81.448,81.508,81.448,81.498,0.0755
05.07.2019 15:29:00.000,81.498,81.518,81.487,81.498,0.0755
05.07.2019 15:30:00.000,81.508,81.558,81.507,81.557,0.0147
05.07.2019 15:31:00.000,81.558,81.568,81.538,81.538,0.1115
05.07.2019 15:32:00.000,81.538,81.568,81.518,81.527,0.0557
05.07.2019 15:33:00.000,81.538,81.598,81.538,81.578,0.1751
05.07.2019 15:34:00.000,81.577,81.668,81.577,81.668,0.1011
05.07.2019 15:35:00.000,81.668,81.678,81.657,81.667,0.0256
05.07.2019 15:36:00.000,81.668,81.708,81.667,81.708,0.0415
05.07.2019 15:37:00.000,81.717,81.717,81.677,81.677,0.0447
05.07.2019 15:38:00.000,81.678,81.707,81.668,81.668,0.0034
05.07.2019 15:39:00.000,81.668,81.678,81.637,81.658,0.1189
05.07.2019 15:40:00.000,81.648,81.658,81.617,81.628,0.0348
05.07.2019 15:41:00.000,81.618,81.618,81.598,81.598,0.1261
05.07.2019 15:42:00.000,81.587,81.657,81.587,81.618,0.0436
05.07.2019 15:43:00.000,81.618,81.618,81.597,81.598,0.0473
05.07.2019 15:44:00.000,81.597,81.628,81.597,81.607,0.1213
05.07.2019 15:45:00.000,81.608,81.608,81.577,81.598,0.0639
05.07.2019 15:46:00.000,81.608,81.668,81.607,81.608,0.0855
05.07.2019 15:47:00.000,81.607,81.608,81.587,81.588,0.0306
05.07.2019 15:48:00.000,81.587,81.638,81.587,81.637,0.0956
05.07.2019 15:49:00.000,81.657,81.658,81.618,81.618,0.1103
05.07.2019 15:50:00.000,81.618,81.658,81.607,81.648,0.0727
05.07.2019 15:51:00.000,81.648,81.658,81.617,81.638,0.0504
05.07.2019 15:52:00.000,81.628,81.637,81.628,81.637,0.0375
05.07.2019 15:53:00.000,81.637,81.637,81.587,81.627,0.0646
05.07.2019 15:54:00.000,81.628,81.628,81.607,81.608,0.0186
05.07.2019 15:55:00.000,81.598,81.598,81.577,81.578,0.1104
05.07.2019 15:56:00.000,81.577,81.628,81.577,81.628,0.0546
05.07.2019 15:57:00.000,81.637,81.648,81.608,81.617,0.0449
05.07.2019 15:58:00.000,81.618,81.668,81.618,81.658,0.0578
05.07.2019 15:59:00.000,81.668,81.688,81.657,81.678,0.0806
05.07.2019 16:00:00.000,81.678,81.698,81.677,81.688,0.0931
05.07.2019 16:01:00.000,81.687,81.708,81.687,81.687,0.0609
05.07.2019 16:02:00.000,81.698,81.708,81.687,81.687,0.0321
05.07.2019 16:03:00.000,81.688,81.688,81.647,81.687,0.1154
05.07.2019 16:04:00.000,81.688,81.688,81.677,81.688,0.0227
05.07.2019 16:05:00.000,81.687,81.688,81.627,81.627,0.1368
05.07.2019 16:06:00.000,81.628,81.658,81.617,81.647,0.0553
05.07.2019 16:07:00.000,81.658,81.698,81.658,81.688,0.1023
05.07.2019 16:08:00.000,81.678,81.708,81.667,81.708,0.0027
05.07.2019 16:09:00.000,81.707,81.718,81.658,81.658,0.0274
05.07.2019 16:10:00.000,81.668,81.708,81.658,81.708,0.0476
05.07.2019 16:11:00.000,81.707,81.728,81.707,81.718,0.0442
05.07.2019 16:12:00.000,81.718,81.718,81.698,81.708,0.0646
05.07.2019 16:13:00.000,81.698,81.718,81.697,81.698,0.072
05.07.2019 16:14:00.000,81.708,81.708,81.697,81.698,0.0359
05.07.2019 16:15:00.000,81.697,81.747,81.688,81.688,0.1019
05.07.2019 16:16:00.000,81.697,81.718,81.677,81.698,0.1356
05.07.2019 16:17:00.000,81.697,81.698,81.687,81.698,0.0112
05.07.2019 16:18:00.000,81.697,81.698,81.687,81.697,0.0343
05.07.2019 16:19:00.000,81.698,81.718,81.677,81.678,0.0956
05.07.2019 16:20:00.000,81.688,81.707,81.647,81.668,0.0566
05.07.2019 16:21:00.000,81.658,81.678,81.658,81.668,0.0252
05.07.2019 16:22:00.000,81.667,81.688,81.667,81.688,0.0628
05.07.2019 16:23:00.000,81.687,81.698,81.657,81.678,0.1306
05.07.2019 16:24:00.000,81.677,81.688,81.648,81.678,0.0705
05.07.2019 16:25:00.000,81.677,81.688,81.657,81.658,0.0176
05.07.2019 16:26:00.000,81.658,81.658,81.647,81.648,0.0426
05.07.2019 16:27:00.000,81.647,81.657,81.628,81.628,0.0095
05.07.2019 16:28:00.000,81.627,81.648,81.617,81.628,0.0227
05.07.2019 16:29:00.000,81.627,81.648,81.617,81.648,0.0254
05.07.2019 16:30:00.000,81.658,81.698,81.658,81.698,0.0251
05.07.2019 16:31:00.000,81.697,81.727,81.697,81.708,0.1014
05.07.2019 16:32:00.000,81.698,81.728,81.698,81.717,0.0598
05.07.2019 16:33:00.000,81.718,81.718,81.698,81.718,0.0167
05.07.2019 16:34:00.000,81.718,81.758,81.717,81.758,0.0656
05.07.2019 16:35:00.000,81.758,81.778,81.748,81.748,0.0664
05.07.2019 16:36:00.000,81.757,81.778,81.747,81.757,0.1065
05.07.2019 16:37:00.000,81.758,81.778,81.747,81.758,0.0577
05.07.2019 16:38:00.000,81.738,81.758,81.737,81.748,0.0443
05.07.2019 16:39:00.000,81.747,81.778,81.728,81.758,0.035
05.07.2019 16:40:00.000,81.758,81.758,81.737,81.738,0.0271
05.07.2019 16:41:00.000,81.728,81.728,81.728,81.728,0.0002
05.07.2019 16:42:00.000,81.718,81.728,81.697,81.697,0.0429
05.07.2019 16:43:00.000,81.698,81.748,81.688,81.728,0.1015
05.07.2019 16:44:00.000,81.727,81.768,81.727,81.767,0.0521
05.07.2019 16:45:00.000,81.768,81.798,81.768,81.788,0.0018
05.07.2019 16:46:00.000,81.788,81.788,81.767,81.778,0.077
05.07.2019 16:47:00.000,81.787,81.798,81.767,81.767,0.0289
05.07.2019 16:48:00.000,81.768,81.787,81.748,81.748,0.0427
05.07.2019 16:49:00.000,81.747,81.748,81.718,81.718,0.049
05.07.2019 16:50:00.000,81.718,81.728,81.698,81.708,0.0585
05.07.2019 16:51:00.000,81.708,81.728,81.698,81.717,0.0252
05.07.2019 16:52:00.000,81.717,81.728,81.707,81.708,0.0083
05.07.2019 16:53:00.000,81.707,81.738,81.707,81.717,0.01
05.07.2019 16:54:00.000,81.728,81.728,81.718,81.728,0.0003
05.07.2019 16:55:00.000,81.718,81.747,81.717,81.728,0.0104
05.07.2019 16:56:00.000,81.727,81.728,81.708,81.717,0.0571
05.07.2019 16:57:00.000,81.707,81.708,81.687,81.688,0.0247
05.07.2019 16:58:00.000,81.697,81.697,81.677,81.687,0.0018
05.07.2019 16:59:00.000,81.688,81.708,81.677,81.698,0.0195
05.07.2019 17:00:00.000,81.697,81.747,81.697,81.747,0.0567
05.07.2019 17:01:00.000,81.738,81.798,81.738,81.788,0.0899
05.07.2019 17:02:00.000,81.807,81.888,81.807,81.868,0.0218
05.07.2019 17:03:00.000,81.867,81.868,81.827,81.868,0.0709
05.07.2019 17:04:00.000,81.877,81.918,81.877,81.898,0.1036
05.07.2019 17:05:00.000,81.917,81.998,81.917,81.988,0.031
05.07.2019 17:06:00.000,81.987,81.987,81.928,81.958,0.0538
05.07.2019 17:07:00.000,81.958,81.958,81.947,81.957,0.0088
05.07.2019 17:08:00.000,81.957,81.998,81.947,81.988,0.019
05.07.2019 17:09:00.000,81.998,81.998,81.957,81.968,0.0423
05.07.2019 17:10:00.000,81.967,81.987,81.957,81.958,0.0161
05.07.2019 17:11:00.000,81.967,81.988,81.967,81.988,0.0348
05.07.2019 17:12:00.000,81.998,82.008,81.978,81.988,0.0323
05.07.2019 17:13:00.000,81.988,81.988,81.957,81.958,0.0189
05.07.2019 17:14:00.000,81.957,81.968,81.947,81.968,0.0715
05.07.2019 17:15:00.000,81.977,81.978,81.947,81.948,0.0312
05.07.2019 17:16:00.000,81.948,81.948,81.907,81.948,0.0122
05.07.2019 17:17:00.000,81.947,81.998,81.947,81.997,0.0277
05.07.2019 17:18:00.000,81.987,81.997,81.947,81.968,0.0044
05.07.2019 17:19:00.000,81.968,81.968,81.908,81.908,0.019
05.07.2019 17:20:00.000,81.898,81.898,81.877,81.877,0.0193
05.07.2019 17:21:00.000,81.878,81.938,81.878,81.907,0.0418
05.07.2019 17:22:00.000,81.908,81.948,81.898,81.948,0.0806
05.07.2019 17:23:00.000,81.947,81.958,81.938,81.948,0.062
05.07.2019 17:24:00.000,81.938,81.988,81.937,81.937,0.1165
05.07.2019 17:25:00.000,81.938,81.958,81.937,81.938,0.0753
05.07.2019 17:26:00.000,81.938,81.947,81.908,81.908,0.028
05.07.2019 17:27:00.000,81.918,81.918,81.877,81.878,0.0034
05.07.2019 17:28:00.000,81.878,81.888,81.857,81.858,0.0173
05.07.2019 17:29:00.000,81.868,81.888,81.857,81.887,0.0903
05.07.2019 17:30:00.000,81.877,81.878,81.867,81.878,0.0112
05.07.2019 17:31:00.000,81.868,81.868,81.858,81.867,0.0232
05.07.2019 17:32:00.000,81.867,81.918,81.867,81.907,0.0459
05.07.2019 17:33:00.000,81.908,81.917,81.887,81.908,0.1086
05.07.2019 17:34:00.000,81.897,81.928,81.888,81.928,0.1752
05.07.2019 17:35:00.000,81.927,81.938,81.887,81.898,0.1052
05.07.2019 17:36:00.000,81.898,81.908,81.897,81.908,0.0095
05.07.2019 17:37:00.000,81.927,81.927,81.887,81.908,0.0362
05.07.2019 17:38:00.000,81.917,81.988,81.917,81.988,0.0507
05.07.2019 17:39:00.000,81.987,82.018,81.987,82.008,0.0343
05.07.2019 17:40:00.000,82.008,82.028,82.007,82.008,0.0378
05.07.2019 17:41:00.000,82.017,82.068,82.008,82.068,0.0782
05.07.2019 17:42:00.000,82.068,82.078,82.028,82.038,0.0839
05.07.2019 17:43:00.000,82.038,82.078,82.027,82.047,0.0456
05.07.2019 17:44:00.000,82.048,82.078,82.017,82.018,0.0609
05.07.2019 17:45:00.000,82.018,82.018,82.017,82.018,0.0098
05.07.2019 17:46:00.000,82.028,82.048,82.017,82.018,0.0367
05.07.2019 17:47:00.000,82.018,82.028,81.977,81.978,0.0207
05.07.2019 17:48:00.000,81.977,81.977,81.947,81.948,0.0129
05.07.2019 17:49:00.000,81.938,81.948,81.918,81.938,0.0459
05.07.2019 17:50:00.000,81.928,81.928,81.908,81.917,0.0141
05.07.2019 17:51:00.000,81.918,81.918,81.897,81.918,0.0354
05.07.2019 17:52:00.000,81.917,81.918,81.837,81.858,0.1385
05.07.2019 17:53:00.000,81.847,81.868,81.828,81.857,0.0332
05.07.2019 17:54:00.000,81.858,81.858,81.818,81.827,0.0313
05.07.2019 17:55:00.000,81.828,81.838,81.807,81.838,0.052
05.07.2019 17:56:00.000,81.828,81.858,81.828,81.848,0.0617
05.07.2019 17:57:00.000,81.848,81.848,81.817,81.817,0.0112
05.07.2019 17:58:00.000,81.828,81.858,81.828,81.858,0.0175
05.07.2019 17:59:00.000,81.867,81.888,81.857,81.878,0.0276
05.07.2019 18:00:00.000,81.878,81.878,81.807,81.808,0.0273
05.07.2019 18:01:00.000,81.807,81.918,81.807,81.918,0.0615
05.07.2019 18:02:00.000,81.918,81.948,81.897,81.928,0.0704
05.07.2019 18:03:00.000,81.928,81.947,81.907,81.907,0.0251
05.07.2019 18:04:00.000,81.908,81.938,81.907,81.918,0.0212
05.07.2019 18:05:00.000,81.917,81.918,81.887,81.888,0.0232
05.07.2019 18:06:00.000,81.887,81.908,81.887,81.888,0.0457
05.07.2019 18:07:00.000,81.887,81.898,81.877,81.878,0.0374
05.07.2019 18:08:00.000,81.877,81.878,81.838,81.838,0.0952
05.07.2019 18:09:00.000,81.837,81.858,81.817,81.837,0.0378
05.07.2019 18:10:00.000,81.837,81.858,81.818,81.818,0.0983
05.07.2019 18:11:00.000,81.818,81.818,81.767,81.767,0.1173
05.07.2019 18:12:00.000,81.768,81.788,81.767,81.768,0.0234
05.07.2019 18:13:00.000,81.768,81.808,81.757,81.788,0.0408
05.07.2019 18:14:00.000,81.787,81.788,81.758,81.768,0.0263
05.07.2019 18:15:00.000,81.767,81.768,81.747,81.748,0.0194
05.07.2019 18:16:00.000,81.758,81.787,81.748,81.768,0.0235
05.07.2019 18:17:00.000,81.768,81.768,81.718,81.718,0.0125
05.07.2019 18:18:00.000,81.717,81.718,81.698,81.708,0.0131
05.07.2019 18:19:00.000,81.707,81.718,81.698,81.717,0.0059
05.07.2019 18:20:00.000,81.718,81.738,81.707,81.718,0.0379
05.07.2019 18:21:00.000,81.707,81.718,81.707,81.708,0.0217
05.07.2019 18:22:00.000,81.708,81.778,81.708,81.778,0.0408
05.07.2019 18:23:00.000,81.778,81.778,81.737,81.738,0.0473
05.07.2019 18:24:00.000,81.758,81.758,81.707,81.707,0.0277
05.07.2019 18:25:00.000,81.708,81.748,81.708,81.727,0.074
05.07.2019 18:26:00.000,81.728,81.738,81.707,81.707,0.002
05.07.2019 18:27:00.000,81.717,81.748,81.708,81.748,0.058
05.07.2019 18:28:00.000,81.748,81.768,81.718,81.718,0.0346
05.07.2019 18:29:00.000,81.718,81.728,81.697,81.708,0.0041
05.07.2019 18:30:00.000,81.707,81.738,81.707,81.738,0.0288
05.07.2019 18:31:00.000,81.737,81.738,81.708,81.727,0.0295
05.07.2019 18:32:00.000,81.728,81.778,81.727,81.778,0.0098
05.07.2019 18:33:00.000,81.778,81.778,81.757,81.758,0.0576
05.07.2019 18:34:00.000,81.768,81.828,81.768,81.828,0.0415
05.07.2019 18:35:00.000,81.827,81.838,81.818,81.838,0.0031
05.07.2019 18:36:00.000,81.838,81.838,81.808,81.817,0.0406
05.07.2019 18:37:00.000,81.817,81.838,81.797,81.827,0.0745
05.07.2019 18:38:00.000,81.828,81.858,81.827,81.838,0.0747
05.07.2019 18:39:00.000,81.838,81.838,81.777,81.778,0.0342
05.07.2019 18:40:00.000,81.777,81.788,81.757,81.777,0.0269
05.07.2019 18:41:00.000,81.777,81.777,81.757,81.767,0.0397
05.07.2019 18:42:00.000,81.758,81.758,81.717,81.717,0.0028
05.07.2019 18:43:00.000,81.728,81.748,81.717,81.717,0.0153
05.07.2019 18:44:00.000,81.718,81.748,81.717,81.727,0.0437
05.07.2019 18:45:00.000,81.728,81.777,81.728,81.767,0.0011
05.07.2019 18:46:00.000,81.768,81.777,81.737,81.777,0.055
05.07.2019 18:47:00.000,81.778,81.778,81.737,81.758,0.0024
05.07.2019 18:48:00.000,81.737,81.778,81.737,81.758,0.0493
05.07.2019 18:49:00.000,81.757,81.778,81.737,81.757,0.0187
05.07.2019 18:50:00.000,81.758,81.808,81.758,81.808,0.0312
05.07.2019 18:51:00.000,81.807,81.808,81.777,81.788,0.0021
05.07.2019 18:52:00.000,81.787,81.787,81.768,81.768,0.0027
05.07.2019 18:53:00.000,81.778,81.818,81.778,81.818,0.0401
05.07.2019 18:54:00.000,81.808,81.818,81.788,81.788,0.0085
05.07.2019 18:55:00.000,81.807,81.808,81.777,81.798,0.0319
05.07.2019 18:56:00.000,81.787,81.798,81.758,81.758,0.0163
05.07.2019 18:57:00.000,81.748,81.758,81.737,81.737,0.0382
05.07.2019 18:58:00.000,81.738,81.748,81.708,81.718,0.0037
05.07.2019 18:59:00.000,81.728,81.738,81.728,81.738,0.0011
05.07.2019 19:00:00.000,81.738,81.738,81.707,81.718,0.0054
05.07.2019 19:01:00.000,81.708,81.708,81.698,81.708,0.0337
05.07.2019 19:02:00.000,81.727,81.748,81.708,81.728,0.0336
05.07.2019 19:03:00.000,81.727,81.728,81.707,81.718,0.0557
05.07.2019 19:04:00.000,81.727,81.738,81.707,81.708,0.0695
05.07.2019 19:05:00.000,81.708,81.718,81.707,81.718,0.0133
05.07.2019 19:06:00.000,81.738,81.738,81.717,81.718,0.0103
05.07.2019 19:07:00.000,81.717,81.728,81.698,81.718,0.0203
05.07.2019 19:08:00.000,81.718,81.728,81.688,81.697,0.0296
05.07.2019 19:09:00.000,81.698,81.708,81.677,81.698,0.0504
05.07.2019 19:10:00.000,81.718,81.718,81.667,81.678,0.0422
05.07.2019 19:11:00.000,81.677,81.688,81.618,81.627,0.0229
05.07.2019 19:12:00.000,81.628,81.628,81.567,81.568,0.0143
05.07.2019 19:13:00.000,81.567,81.578,81.558,81.568,0.0213
05.07.2019 19:14:00.000,81.567,81.638,81.567,81.638,0.0371
05.07.2019 19:15:00.000,81.637,81.648,81.627,81.627,0.0226
05.07.2019 19:16:00.000,81.628,81.628,81.617,81.618,0.0233
05.07.2019 19:17:00.000,81.628,81.628,81.598,81.598,0.0322
05.07.2019 19:18:00.000,81.608,81.638,81.598,81.638,0.0476
05.07.2019 19:19:00.000,81.647,81.688,81.647,81.688,0.0425
05.07.2019 19:20:00.000,81.688,81.698,81.677,81.677,0.094
05.07.2019 19:21:00.000,81.678,81.688,81.677,81.688,0.0019
05.07.2019 19:22:00.000,81.688,81.708,81.677,81.678,0.0283
05.07.2019 19:23:00.000,81.678,81.708,81.678,81.708,0.0438
05.07.2019 19:24:00.000,81.698,81.718,81.697,81.698,0.0224
05.07.2019 19:25:00.000,81.707,81.708,81.697,81.708,0.0222
05.07.2019 19:26:00.000,81.708,81.708,81.667,81.667,0.0672
05.07.2019 19:27:00.000,81.667,81.678,81.648,81.648,0.0288
05.07.2019 19:28:00.000,81.658,81.708,81.648,81.698,0.0238
05.07.2019 19:29:00.000,81.697,81.758,81.697,81.748,0.1222
05.07.2019 19:30:00.000,81.747,81.768,81.738,81.758,0.0744
05.07.2019 19:31:00.000,81.757,81.758,81.697,81.708,0.1075
05.07.2019 19:32:00.000,81.708,81.778,81.707,81.758,0.1029
05.07.2019 19:33:00.000,81.748,81.768,81.727,81.758,0.1301
05.07.2019 19:34:00.000,81.768,81.788,81.767,81.778,0.0553
05.07.2019 19:35:00.000,81.788,81.788,81.768,81.768,0.0497
05.07.2019 19:36:00.000,81.768,81.778,81.758,81.758,0.0481
05.07.2019 19:37:00.000,81.757,81.768,81.747,81.758,0.0923
05.07.2019 19:38:00.000,81.757,81.768,81.708,81.767,0.1316
05.07.2019 19:39:00.000,81.767,81.767,81.737,81.738,0.067
05.07.2019 19:40:00.000,81.728,81.748,81.727,81.728,0.0404
05.07.2019 19:41:00.000,81.727,81.738,81.697,81.698,0.0556
05.07.2019 19:42:00.000,81.707,81.718,81.697,81.708,0.0488
05.07.2019 19:43:00.000,81.708,81.728,81.707,81.707,0.0756
05.07.2019 19:44:00.000,81.708,81.738,81.708,81.717,0.0548
05.07.2019 19:45:00.000,81.718,81.718,81.657,81.668,0.0575
05.07.2019 19:46:00.000,81.667,81.698,81.667,81.668,0.0698
05.07.2019 19:47:00.000,81.667,81.688,81.667,81.677,0.145
05.07.2019 19:48:00.000,81.678,81.688,81.657,81.658,0.1113
05.07.2019 19:49:00.000,81.657,81.668,81.647,81.658,0.0952
05.07.2019 19:50:00.000,81.648,81.738,81.648,81.717,0.1085
05.07.2019 19:51:00.000,81.718,81.718,81.687,81.698,0.0873
05.07.2019 19:52:00.000,81.688,81.698,81.647,81.657,0.1857
05.07.2019 19:53:00.000,81.658,81.728,81.657,81.658,0.1237
05.07.2019 19:54:00.000,81.658,81.718,81.627,81.638,0.3462
05.07.2019 19:55:00.000,81.637,81.668,81.588,81.588,0.3591
05.07.2019 19:56:00.000,81.597,81.608,81.577,81.578,0.2079
05.07.2019 19:57:00.000,81.577,81.598,81.568,81.578,0.2443
05.07.2019 19:58:00.000,81.578,81.668,81.567,81.668,0.2632
05.07.2019 19:59:00.000,81.668,81.828,81.648,81.828,0.3363
08.07.2019 13:30:00.000,80.928,81.538,80.927,81.378,0.0632
08.07.2019 13:31:00.000,81.378,81.558,81.377,81.478,0.0176
08.07.2019 13:32:00.000,81.477,81.508,81.417,81.417,0.0609
08.07.2019 13:33:00.000,81.417,81.548,81.417,81.538,0.0108
08.07.2019 13:34:00.000,81.538,81.548,81.538,81.548,0.0001
08.07.2019 13:35:00.000,81.548,81.617,81.548,81.617,0.0004
08.07.2019 13:36:00.000,81.617,81.658,81.558,81.658,0.0757
08.07.2019 13:37:00.000,81.668,81.757,81.658,81.727,0.0814
08.07.2019 13:38:00.000,81.728,81.728,81.618,81.618,0.0238
08.07.2019 13:39:00.000,81.617,81.617,81.458,81.498,0.0566
08.07.2019 13:40:00.000,81.498,81.598,81.497,81.548,0.0485
08.07.2019 13:41:00.000,81.558,81.708,81.558,81.667,0.0535
08.07.2019 13:42:00.000,81.667,81.688,81.658,81.658,0.0087
08.07.2019 13:43:00.000,81.668,81.708,81.647,81.668,0.0611
08.07.2019 13:44:00.000,81.668,81.688,81.597,81.658,0.0542
08.07.2019 13:45:00.000,81.658,81.728,81.658,81.697,0.0091
08.07.2019 13:46:00.000,81.697,81.758,81.697,81.708,0.0474
08.07.2019 13:47:00.000,81.707,81.747,81.707,81.707,0.0015
08.07.2019 13:48:00.000,81.718,81.788,81.717,81.718,0.0616
08.07.2019 13:49:00.000,81.718,81.828,81.717,81.808,0.0337
08.07.2019 13:50:00.000,81.808,81.808,81.717,81.787,0.1116
08.07.2019 13:51:00.000,81.788,81.828,81.748,81.748,0.0898
08.07.2019 13:52:00.000,81.757,81.768,81.657,81.737,0.0386
08.07.2019 13:53:00.000,81.738,81.778,81.738,81.778,0.049
08.07.2019 13:54:00.000,81.777,81.778,81.647,81.678,0.0553
08.07.2019 13:55:00.000,81.688,81.758,81.677,81.707,0.0592
08.07.2019 13:56:00.000,81.708,81.708,81.657,81.668,0.1041
08.07.2019 13:57:00.000,81.698,81.758,81.698,81.748,0.0113
08.07.2019 13:58:00.000,81.747,81.778,81.718,81.718,0.0703
08.07.2019 13:59:00.000,81.718,81.718,81.638,81.638,0.0207
08.07.2019 14:00:00.000,81.637,81.768,81.637,81.758,0.1362
08.07.2019 14:01:00.000,81.767,81.797,81.728,81.728,0.0282
08.07.2019 14:02:00.000,81.727,81.757,81.708,81.728,0.0922
08.07.2019 14:03:00.000,81.727,81.738,81.697,81.708,0.0484
08.07.2019 14:04:00.000,81.718,81.908,81.718,81.908,0.093
08.07.2019 14:05:00.000,81.908,81.958,81.877,81.918,0.064
08.07.2019 14:06:00.000,81.907,81.918,81.847,81.858,0.1415
08.07.2019 14:07:00.000,81.848,81.868,81.787,81.858,0.1122
08.07.2019 14:08:00.000,81.868,81.878,81.817,81.838,0.0814
08.07.2019 14:09:00.000,81.837,81.838,81.767,81.798,0.0278
08.07.2019 14:10:00.000,81.807,81.808,81.727,81.728,0.0607
08.07.2019 14:11:00.000,81.767,81.838,81.767,81.817,0.0399
08.07.2019 14:12:00.000,81.818,81.827,81.767,81.797,0.1243
08.07.2019 14:13:00.000,81.798,81.808,81.747,81.798,0.0347
08.07.2019 14:14:00.000,81.808,81.827,81.777,81.827,0.0565
08.07.2019 14:15:00.000,81.827,81.828,81.708,81.737,0.0927
08.07.2019 14:16:00.000,81.728,81.728,81.638,81.657,0.0796
08.07.2019 14:17:00.000,81.657,81.688,81.617,81.657,0.026
08.07.2019 14:18:00.000,81.658,81.658,81.537,81.548,0.0946
08.07.2019 14:19:00.000,81.538,81.568,81.497,81.497,0.0576
08.07.2019 14:20:00.000,81.498,81.518,81.458,81.458,0.059
08.07.2019 14:21:00.000,81.457,81.477,81.427,81.447,0.0793
08.07.2019 14:22:00.000,81.448,81.488,81.378,81.378,0.1273
08.07.2019 14:23:00.000,81.408,81.408,81.298,81.298,0.0666
08.07.2019 14:24:00.000,81.298,81.458,81.298,81.458,0.0377
08.07.2019 14:25:00.000,81.457,81.468,81.398,81.398,0.0586
08.07.2019 14:26:00.000,81.397,81.428,81.308,81.327,0.0884
08.07.2019 14:27:00.000,81.327,81.327,81.128,81.178,0.1156
08.07.2019 14:28:00.000,81.178,81.188,80.997,80.997,0.0593
08.07.2019 14:29:00.000,80.988,81.038,80.947,80.968,0.0378
08.07.2019 14:30:00.000,80.968,81.007,80.908,80.957,0.111
08.07.2019 14:31:00.000,80.958,80.958,80.887,80.898,0.075
08.07.2019 14:32:00.000,80.897,80.908,80.848,80.867,0.0878
08.07.2019 14:33:00.000,80.868,80.888,80.837,80.877,0.1061
08.07.2019 14:34:00.000,80.868,80.908,80.867,80.877,0.0031
08.07.2019 14:35:00.000,80.877,80.878,80.777,80.788,0.1027
08.07.2019 14:36:00.000,80.788,80.808,80.748,80.788,0.1423
08.07.2019 14:37:00.000,80.788,80.788,80.727,80.768,0.0873
08.07.2019 14:38:00.000,80.768,80.788,80.737,80.788,0.0701
08.07.2019 14:39:00.000,80.788,80.888,80.747,80.888,0.0417
08.07.2019 14:40:00.000,80.888,81.018,80.888,80.977,0.0555
08.07.2019 14:41:00.000,80.978,80.988,80.938,80.978,0.0252
08.07.2019 14:42:00.000,80.978,80.998,80.957,80.988,0.015
08.07.2019 14:43:00.000,80.997,81.028,80.937,80.937,0.0533
08.07.2019 14:44:00.000,80.937,80.938,80.868,80.878,0.0186
08.07.2019 14:45:00.000,80.878,80.907,80.847,80.898,0.1398
08.07.2019 14:46:00.000,80.888,80.898,80.857,80.857,0.0471
08.07.2019 14:47:00.000,80.868,80.957,80.848,80.938,0.0239
08.07.2019 14:48:00.000,80.937,80.937,80.917,80.927,0.047
08.07.2019 14:49:00.000,80.928,80.968,80.927,80.967,0.0163
08.07.2019 14:50:00.000,80.958,81.007,80.928,80.928,0.0675
08.07.2019 14:51:00.000,80.928,80.998,80.927,80.998,0.0501
08.07.2019 14:52:00.000,81.007,81.028,80.967,80.978,0.105
08.07.2019 14:53:00.000,80.978,80.988,80.908,80.938,0.0278
08.07.2019 14:54:00.000,80.938,80.988,80.928,80.978,0.0386
08.07.2019 14:55:00.000,80.978,80.988,80.947,80.988,0.0428
08.07.2019 14:56:00.000,80.988,81.008,80.887,80.907,0.0723
08.07.2019 14:57:00.000,80.908,80.968,80.907,80.967,0.0859
08.07.2019 14:58:00.000,80.968,80.988,80.968,80.987,0.0292
08.07.2019 14:59:00.000,80.988,81.018,80.938,80.938,0.0605
08.07.2019 15:00:00.000,80.938,80.968,80.928,80.938,0.1617
08.07.2019 15:01:00.000,80.938,81.008,80.928,81.008,0.0622
08.07.2019 15:02:00.000,81.007,81.008,80.987,81.007,0.0191
08.07.2019 15:03:00.000,81.008,81.068,81.008,81.008,0.108
08.07.2019 15:04:00.000,81.008,81.018,80.987,80.988,0.0353
08.07.2019 15:05:00.000,80.988,81.017,80.977,81.008,0.02
08.07.2019 15:06:00.000,81.008,81.028,80.977,81.028,0.0448
08.07.2019 15:07:00.000,81.028,81.028,80.997,80.998,0.0267
08.07.2019 15:08:00.000,80.998,80.998,80.868,80.878,0.0465
08.07.2019 15:09:00.000,80.888,80.898,80.867,80.867,0.0679
08.07.2019 15:10:00.000,80.868,80.898,80.858,80.878,0.0317
08.07.2019 15:11:00.000,80.877,80.878,80.797,80.818,0.0861
08.07.2019 15:12:00.000,80.837,80.878,80.817,80.868,0.1248
08.07.2019 15:13:00.000,80.868,80.917,80.827,80.887,0.0619
08.07.2019 15:14:00.000,80.887,80.888,80.837,80.858,0.0892
08.07.2019 15:15:00.000,80.847,80.868,80.788,80.797,0.1406
08.07.2019 15:16:00.000,80.798,80.818,80.757,80.818,0.1094
08.07.2019 15:17:00.000,80.808,80.838,80.768,80.788,0.0309
08.07.2019 15:18:00.000,80.787,80.818,80.787,80.797,0.0182
08.07.2019 15:19:00.000,80.808,80.818,80.768,80.768,0.0091
08.07.2019 15:20:00.000,80.768,80.798,80.717,80.748,0.0626
08.07.2019 15:21:00.000,80.777,80.798,80.758,80.758,0.0592
08.07.2019 15:22:00.000,80.757,80.778,80.737,80.778,0.051
08.07.2019 15:23:00.000,80.778,80.818,80.778,80.788,0.083
08.07.2019 15:24:00.000,80.797,80.838,80.787,80.788,0.0788
08.07.2019 15:25:00.000,80.788,81.008,80.788,80.978,0.0507
08.07.2019 15:26:00.000,80.977,81.068,80.977,81.017,0.1554
08.07.2019 15:27:00.000,81.018,81.028,80.957,80.968,0.122
08.07.2019 15:28:00.000,80.968,80.978,80.947,80.977,0.0724
08.07.2019 15:29:00.000,80.978,81.028,80.978,81.018,0.044
08.07.2019 15:30:00.000,81.018,81.028,80.958,80.977,0.0984
08.07.2019 15:31:00.000,80.977,80.978,80.937,80.968,0.0466
08.07.2019 15:32:00.000,80.977,80.988,80.938,80.938,0.1048
08.07.2019 15:33:00.000,80.938,80.938,80.887,80.898,0.1541
08.07.2019 15:34:00.000,80.897,80.908,80.848,80.848,0.0418
08.07.2019 15:35:00.000,80.838,80.858,80.798,80.808,0.1274
08.07.2019 15:36:00.000,80.808,80.828,80.758,80.778,0.0567
08.07.2019 15:37:00.000,80.787,80.838,80.787,80.818,0.0803
08.07.2019 15:38:00.000,80.818,80.858,80.807,80.857,0.0901
08.07.2019 15:39:00.000,80.857,80.908,80.857,80.887,0.0236
08.07.2019 15:40:00.000,80.887,80.908,80.877,80.897,0.0475
08.07.2019 15:41:00.000,80.897,81.048,80.897,81.048,0.1192
08.07.2019 15:42:00.000,81.048,81.077,81.047,81.048,0.0833
08.07.2019 15:43:00.000,81.047,81.108,80.988,81.108,0.1364
08.07.2019 15:44:00.000,81.118,81.148,81.047,81.097,0.1447
08.07.2019 15:45:00.000,81.088,81.137,81.078,81.128,0.0841
08.07.2019 15:46:00.000,81.127,81.148,81.117,81.148,0.0251
08.07.2019 15:47:00.000,81.148,81.158,81.088,81.138,0.0467
08.07.2019 15:48:00.000,81.137,81.158,81.097,81.148,0.037
08.07.2019 15:49:00.000,81.148,81.168,81.127,81.137,0.1406
08.07.2019 15:50:00.000,81.137,81.158,81.098,81.108,0.0178
08.07.2019 15:51:00.000,81.108,81.118,81.028,81.048,0.0857
08.07.2019 15:52:00.000,81.068,81.068,81.048,81.068,0.0483
08.07.2019 15:53:00.000,81.078,81.118,81.077,81.108,0.0381
08.07.2019 15:54:00.000,81.107,81.157,81.107,81.138,0.0657
08.07.2019 15:55:00.000,81.138,81.238,81.137,81.147,0.0842
08.07.2019 15:56:00.000,81.147,81.198,81.107,81.107,0.0575
08.07.2019 15:57:00.000,81.108,81.128,81.107,81.108,0.0012
08.07.2019 15:58:00.000,81.108,81.138,81.088,81.118,0.0492
08.07.2019 15:59:00.000,81.117,81.148,81.107,81.108,0.0576
08.07.2019 16:00:00.000,81.107,81.138,81.107,81.118,0.0536
08.07.2019 16:01:00.000,81.117,81.178,81.117,81.168,0.029
08.07.2019 16:02:00.000,81.168,81.178,81.117,81.138,0.0777
08.07.2019 16:03:00.000,81.138,81.138,81.077,81.078,0.0522
08.07.2019 16:04:00.000,81.077,81.078,81.067,81.068,0.102
08.07.2019 16:05:00.000,81.068,81.108,81.067,81.108,0.0913
08.07.2019 16:06:00.000,81.117,81.118,81.048,81.077,0.0701
08.07.2019 16:07:00.000,81.078,81.088,81.068,81.078,0.0005
08.07.2019 16:08:00.000,81.087,81.128,81.087,81.108,0.0444
08.07.2019 16:09:00.000,81.118,81.138,81.107,81.118,0.1343
08.07.2019 16:10:00.000,81.118,81.128,81.117,81.118,0.0299
08.07.2019 16:11:00.000,81.127,81.148,81.127,81.128,0.0363
08.07.2019 16:12:00.000,81.128,81.128,81.058,81.058,0.0625
08.07.2019 16:13:00.000,81.058,81.068,81.038,81.047,0.0239
08.07.2019 16:14:00.000,81.048,81.048,81.017,81.028,0.0355
08.07.2019 16:15:00.000,81.048,81.048,81.017,81.018,0.079
08.07.2019 16:16:00.000,81.027,81.068,81.018,81.068,0.0424
08.07.2019 16:17:00.000,81.068,81.108,81.058,81.098,0.0438
08.07.2019 16:18:00.000,81.098,81.148,81.097,81.127,0.0287
08.07.2019 16:19:00.000,81.128,81.128,81.068,81.087,0.1106
08.07.2019 16:20:00.000,81.088,81.128,81.078,81.098,0.0438
08.07.2019 16:21:00.000,81.108,81.128,81.088,81.128,0.0204
08.07.2019 16:22:00.000,81.127,81.138,81.127,81.138,0.0088
08.07.2019 16:23:00.000,81.138,81.168,81.108,81.108,0.0129
08.07.2019 16:24:00.000,81.098,81.118,81.088,81.107,0.0653
08.07.2019 16:25:00.000,81.108,81.128,81.097,81.118,0.0596
08.07.2019 16:26:00.000,81.127,81.128,81.088,81.097,0.0369
08.07.2019 16:27:00.000,81.098,81.118,81.088,81.088,0.07
08.07.2019 16:28:00.000,81.088,81.108,81.067,81.088,0.054
08.07.2019 16:29:00.000,81.088,81.108,81.067,81.087,0.0303
08.07.2019 16:30:00.000,81.078,81.148,81.067,81.148,0.0995
08.07.2019 16:31:00.000,81.148,81.168,81.128,81.128,0.0222
08.07.2019 16:32:00.000,81.127,81.158,81.127,81.147,0.0286
08.07.2019 16:33:00.000,81.148,81.178,81.137,81.157,0.0517
08.07.2019 16:34:00.000,81.158,81.188,81.148,81.178,0.02
08.07.2019 16:35:00.000,81.178,81.198,81.177,81.187,0.0288
08.07.2019 16:36:00.000,81.188,81.198,81.177,81.188,0.0764
08.07.2019 16:37:00.000,81.178,81.198,81.158,81.158,0.0649
08.07.2019 16:38:00.000,81.158,81.168,81.147,81.158,0.0522
08.07.2019 16:39:00.000,81.157,81.198,81.077,81.077,0.0812
08.07.2019 16:40:00.000,81.078,81.088,81.058,81.078,0.0335
08.07.2019 16:41:00.000,81.078,81.097,81.057,81.058,0.0109
08.07.2019 16:42:00.000,81.058,81.068,81.037,81.058,0.0978
08.07.2019 16:43:00.000,81.057,81.098,81.047,81.098,0.0409
08.07.2019 16:44:00.000,81.097,81.128,81.077,81.128,0.0159
08.07.2019 16:45:00.000,81.128,81.128,81.088,81.097,0.0265
08.07.2019 16:46:00.000,81.098,81.098,81.067,81.098,0.0104
08.07.2019 16:47:00.000,81.097,81.108,81.097,81.108,0.0037
08.07.2019 16:48:00.000,81.107,81.128,81.098,81.127,0.0211
08.07.2019 16:49:00.000,81.128,81.138,81.108,81.117,0.0507
08.07.2019 16:50:00.000,81.118,81.157,81.118,81.128,0.0514
08.07.2019 16:51:00.000,81.128,81.148,81.127,81.148,0.0193
08.07.2019 16:52:00.000,81.148,81.158,81.127,81.127,0.0318
08.07.2019 16:53:00.000,81.128,81.158,81.127,81.128,0.0516
08.07.2019 16:54:00.000,81.128,81.148,81.127,81.148,0.0114
08.07.2019 16:55:00.000,81.147,81.158,81.137,81.138,0.019
08.07.2019 16:56:00.000,81.138,81.158,81.137,81.148,0.0208
08.07.2019 16:57:00.000,81.138,81.198,81.138,81.168,0.0629
08.07.2019 16:58:00.000,81.167,81.207,81.167,81.207,0.0349
08.07.2019 16:59:00.000,81.208,81.248,81.208,81.248,0.044
08.07.2019 17:00:00.000,81.248,81.288,81.247,81.278,0.0405
08.07.2019 17:01:00.000,81.287,81.308,81.278,81.308,0.0664
08.07.2019 17:02:00.000,81.307,81.328,81.298,81.298,0.0068
08.07.2019 17:03:00.000,81.308,81.308,81.297,81.298,0.0263
08.07.2019 17:04:00.000,81.298,81.348,81.298,81.348,0.0334
08.07.2019 17:05:00.000,81.348,81.458,81.348,81.408,0.0776
08.07.2019 17:06:00.000,81.417,81.478,81.398,81.398,0.0464
08.07.2019 17:07:00.000,81.397,81.408,81.357,81.388,0.0278
08.07.2019 17:08:00.000,81.387,81.388,81.377,81.387,0.0019
08.07.2019 17:09:00.000,81.388,81.408,81.387,81.398,0.0126
08.07.2019 17:10:00.000,81.397,81.398,81.327,81.328,0.0268
08.07.2019 17:11:00.000,81.338,81.368,81.338,81.357,0.0141
08.07.2019 17:12:00.000,81.358,81.378,81.348,81.358,0.0218
08.07.2019 17:13:00.000,81.347,81.358,81.327,81.328,0.0651
08.07.2019 17:14:00.000,81.337,81.358,81.328,81.348,0.0548
08.07.2019 17:15:00.000,81.348,81.358,81.337,81.338,0.0566
08.07.2019 17:16:00.000,81.337,81.357,81.337,81.338,0.0892
08.07.2019 17:17:00.000,81.338,81.358,81.338,81.338,0.0241
08.07.2019 17:18:00.000,81.337,81.358,81.337,81.348,0.0759
08.07.2019 17:19:00.000,81.338,81.368,81.337,81.367,0.114
08.07.2019 17:20:00.000,81.368,81.368,81.357,81.358,0.03
08.07.2019 17:21:00.000,81.357,81.358,81.317,81.318,0.0397
08.07.2019 17:22:00.000,81.317,81.358,81.308,81.328,0.0847
08.07.2019 17:23:00.000,81.327,81.328,81.278,81.317,0.0545
08.07.2019 17:24:00.000,81.317,81.318,81.288,81.308,0.0687
08.07.2019 17:25:00.000,81.307,81.308,81.228,81.238,0.0372
08.07.2019 17:26:00.000,81.238,81.268,81.237,81.248,0.0094
08.07.2019 17:27:00.000,81.248,81.248,81.207,81.207,0.0173
08.07.2019 17:28:00.000,81.208,81.228,81.197,81.227,0.0285
08.07.2019 17:29:00.000,81.228,81.228,81.188,81.188,0.0486
08.07.2019 17:30:00.000,81.208,81.218,81.158,81.158,0.056
08.07.2019 17:31:00.000,81.167,81.168,81.137,81.167,0.0204
08.07.2019 17:32:00.000,81.178,81.227,81.178,81.227,0.0209
08.07.2019 17:33:00.000,81.228,81.228,81.198,81.207,0.0455
08.07.2019 17:34:00.000,81.208,81.248,81.208,81.248,0.0284
08.07.2019 17:35:00.000,81.248,81.268,81.237,81.248,0.0995
08.07.2019 17:36:00.000,81.247,81.258,81.237,81.237,0.0337
08.07.2019 17:37:00.000,81.238,81.248,81.207,81.208,0.0403
08.07.2019 17:38:00.000,81.207,81.208,81.187,81.198,0.015
08.07.2019 17:39:00.000,81.197,81.218,81.168,81.168,0.0108
08.07.2019 17:40:00.000,81.177,81.178,81.177,81.178,0.0023
08.07.2019 17:41:00.000,81.177,81.198,81.167,81.177,0.0698
08.07.2019 17:42:00.000,81.178,81.178,81.157,81.168,0.0345
08.07.2019 17:43:00.000,81.168,81.168,81.097,81.108,0.1484
08.07.2019 17:44:00.000,81.108,81.148,81.097,81.108,0.0268
08.07.2019 17:45:00.000,81.108,81.108,81.087,81.098,0.0398
08.07.2019 17:46:00.000,81.098,81.108,81.087,81.108,0.0312
08.07.2019 17:47:00.000,81.117,81.118,81.068,81.068,0.0529
08.07.2019 17:48:00.000,81.068,81.068,81.008,81.018,0.0349
08.07.2019 17:49:00.000,81.018,81.048,81.017,81.038,0.0031
08.07.2019 17:50:00.000,81.047,81.098,81.047,81.087,0.0038
08.07.2019 17:51:00.000,81.077,81.098,81.077,81.087,0.0339
08.07.2019 17:52:00.000,81.098,81.098,81.097,81.097,0.0011
08.07.2019 17:53:00.000,81.098,81.098,81.077,81.077,0.0249
08.07.2019 17:54:00.000,81.078,81.088,81.068,81.087,0.0299
08.07.2019 17:55:00.000,81.088,81.088,81.017,81.018,0.0062
08.07.2019 17:56:00.000,81.017,81.018,80.987,81.008,0.0214
08.07.2019 17:57:00.000,81.007,81.008,80.997,81.008,0.0018
08.07.2019 17:58:00.000,80.998,81.018,80.997,80.997,0.0285
08.07.2019 17:59:00.000,80.998,80.998,80.908,80.947,0.0575
08.07.2019 18:00:00.000,80.948,80.978,80.938,80.978,0.0035
08.07.2019 18:01:00.000,80.978,80.978,80.957,80.958,0.025
08.07.2019 18:02:00.000,80.958,80.958,80.888,80.898,0.0719
08.07.2019 18:03:00.000,80.898,80.898,80.837,80.838,0.0907
08.07.2019 18:04:00.000,80.837,80.868,80.837,80.868,0.0926
08.07.2019 18:05:00.000,80.878,80.928,80.877,80.928,0.0337
08.07.2019 18:06:00.000,80.928,80.958,80.918,80.918,0.0544
08.07.2019 18:07:00.000,80.918,80.948,80.917,80.948,0.0016
08.07.2019 18:08:00.000,80.948,80.958,80.917,80.938,0.0773
08.07.2019 18:09:00.000,80.948,80.978,80.927,80.938,0.0712
08.07.2019 18:10:00.000,80.938,80.958,80.927,80.947,0.0326
08.07.2019 18:11:00.000,80.948,80.948,80.867,80.868,0.0243
08.07.2019 18:12:00.000,80.868,80.898,80.857,80.868,0.0278
08.07.2019 18:13:00.000,80.867,80.867,80.827,80.828,0.0339
08.07.2019 18:14:00.000,80.827,80.878,80.827,80.878,0.0245
08.07.2019 18:15:00.000,80.877,80.888,80.858,80.858,0.0011
08.07.2019 18:16:00.000,80.857,80.858,80.847,80.858,0.0406
08.07.2019 18:17:00.000,80.867,80.868,80.827,80.838,0.0321
08.07.2019 18:18:00.000,80.847,80.868,80.837,80.858,0.0219
08.07.2019 18:19:00.000,80.858,80.908,80.857,80.897,0.0577
08.07.2019 18:20:00.000,80.908,80.918,80.897,80.917,0.068
08.07.2019 18:21:00.000,80.918,80.938,80.908,80.938,0.0321
08.07.2019 18:22:00.000,80.938,80.948,80.927,80.938,0.099
08.07.2019 18:23:00.000,80.938,80.938,80.927,80.928,0.0282
08.07.2019 18:24:00.000,80.927,80.948,80.927,80.928,0.0584
08.07.2019 18:25:00.000,80.927,80.948,80.897,80.908,0.1151
08.07.2019 18:26:00.000,80.908,80.968,80.908,80.968,0.0476
08.07.2019 18:27:00.000,80.967,81.008,80.967,81.008,0.0582
08.07.2019 18:28:00.000,80.997,80.997,80.898,80.918,0.1373
08.07.2019 18:29:00.000,80.917,80.938,80.897,80.908,0.0236
08.07.2019 18:30:00.000,80.908,80.918,80.887,80.918,0.0612
08.07.2019 18:31:00.000,80.917,80.918,80.877,80.878,0.0725
08.07.2019 18:32:00.000,80.888,80.888,80.867,80.878,0.0292
08.07.2019 18:33:00.000,80.877,80.888,80.858,80.858,0.0811
08.07.2019 18:34:00.000,80.857,80.878,80.847,80.848,0.0345
08.07.2019 18:35:00.000,80.857,80.868,80.837,80.838,0.0564
08.07.2019 18:36:00.000,80.838,80.858,80.827,80.838,0.1357
08.07.2019 18:37:00.000,80.847,80.858,80.807,80.808,0.0931
08.07.2019 18:38:00.000,80.808,80.837,80.808,80.828,0.0486
08.07.2019 18:39:00.000,80.838,80.838,80.788,80.798,0.0598
08.07.2019 18:40:00.000,80.808,80.818,80.797,80.808,0.0503
08.07.2019 18:41:00.000,80.807,80.817,80.798,80.798,0.0757
08.07.2019 18:42:00.000,80.808,80.808,80.787,80.788,0.0581
08.07.2019 18:43:00.000,80.788,80.808,80.757,80.798,0.0741
08.07.2019 18:44:00.000,80.797,80.798,80.767,80.778,0.0151
08.07.2019 18:45:00.000,80.788,80.848,80.788,80.828,0.0341
08.07.2019 18:46:00.000,80.828,80.868,80.827,80.848,0.0361
08.07.2019 18:47:00.000,80.847,80.847,80.827,80.828,0.0259
08.07.2019 18:48:00.000,80.848,80.887,80.848,80.877,0.0589
08.07.2019 18:49:00.000,80.878,80.878,80.837,80.837,0.048
08.07.2019 18:50:00.000,80.838,80.848,80.828,80.828,0.0132
08.07.2019 18:51:00.000,80.838,80.838,80.807,80.807,0.036
08.07.2019 18:52:00.000,80.808,80.818,80.807,80.818,0.0599
08.07.2019 18:53:00.000,80.817,80.818,80.807,80.808,0.0055
08.07.2019 18:54:00.000,80.817,80.828,80.807,80.818,0.0367
08.07.2019 18:55:00.000,80.828,80.828,80.818,80.818,0.0624
08.07.2019 18:56:00.000,80.818,80.867,80.817,80.858,0.0561
08.07.2019 18:57:00.000,80.858,80.898,80.857,80.888,0.0553
08.07.2019 18:58:00.000,80.887,80.918,80.877,80.898,0.0509
08.07.2019 18:59:00.000,80.908,80.948,80.907,80.928,0.0985
08.07.2019 19:00:00.000,80.937,80.968,80.918,80.968,0.1037
08.07.2019 19:01:00.000,80.978,80.978,80.927,80.937,0.0554
08.07.2019 19:02:00.000,80.937,81.008,80.937,80.957,0.0796
08.07.2019 19:03:00.000,80.968,81.018,80.967,80.998,0.0677
08.07.2019 19:04:00.000,81.008,81.018,80.987,80.998,0.0601
08.07.2019 19:05:00.000,81.007,81.008,80.987,80.997,0.0602
08.07.2019 19:06:00.000,80.988,81.028,80.987,81.028,0.023
08.07.2019 19:07:00.000,81.027,81.058,81.018,81.028,0.0148
08.07.2019 19:08:00.000,81.027,81.048,81.017,81.018,0.0277
08.07.2019 19:09:00.000,81.017,81.048,81.017,81.028,0.0742
08.07.2019 19:10:00.000,81.028,81.037,81.027,81.037,0.0075
08.07.2019 19:11:00.000,81.047,81.058,81.017,81.058,0.0544
08.07.2019 19:12:00.000,81.058,81.108,81.058,81.108,0.0606
08.07.2019 19:13:00.000,81.108,81.118,81.087,81.087,0.0479
08.07.2019 19:14:00.000,81.088,81.128,81.088,81.118,0.061
08.07.2019 19:15:00.000,81.117,81.128,81.107,81.118,0.107
08.07.2019 19:16:00.000,81.118,81.118,81.097,81.108,0.0268
08.07.2019 19:17:00.000,81.107,81.118,81.107,81.118,0.0272
08.07.2019 19:18:00.000,81.117,81.118,81.087,81.107,0.0901
08.07.2019 19:19:00.000,81.108,81.118,81.097,81.108,0.0063
08.07.2019 19:20:00.000,81.117,81.118,81.107,81.108,0.1099
08.07.2019 19:21:00.000,81.108,81.158,81.107,81.158,0.0747
08.07.2019 19:22:00.000,81.158,81.177,81.158,81.168,0.0373
08.07.2019 19:23:00.000,81.167,81.198,81.167,81.188,0.0836
08.07.2019 19:24:00.000,81.197,81.268,81.187,81.258,0.1045
08.07.2019 19:25:00.000,81.258,81.298,81.247,81.288,0.1039
08.07.2019 19:26:00.000,81.287,81.328,81.287,81.327,0.0828
08.07.2019 19:27:00.000,81.327,81.328,81.297,81.307,0.043
08.07.2019 19:28:00.000,81.308,81.318,81.297,81.307,0.0703
08.07.2019 19:29:00.000,81.308,81.328,81.287,81.318,0.0505
08.07.2019 19:30:00.000,81.327,81.358,81.327,81.347,0.0493
08.07.2019 19:31:00.000,81.348,81.418,81.348,81.398,0.0519
08.07.2019 19:32:00.000,81.397,81.408,81.377,81.377,0.1082
08.07.2019 19:33:00.000,81.378,81.378,81.357,81.378,0.0967
08.07.2019 19:34:00.000,81.377,81.398,81.367,81.387,0.1879
08.07.2019 19:35:00.000,81.397,81.398,81.367,81.368,0.1214
08.07.2019 19:36:00.000,81.358,81.428,81.358,81.427,0.0812
08.07.2019 19:37:00.000,81.428,81.448,81.377,81.428,0.0944
08.07.2019 19:38:00.000,81.427,81.458,81.407,81.438,0.105
08.07.2019 19:39:00.000,81.438,81.488,81.437,81.487,0.1634
08.07.2019 19:40:00.000,81.488,81.488,81.438,81.438,0.1446
08.07.2019 19:41:00.000,81.437,81.448,81.407,81.418,0.0805
08.07.2019 19:42:00.000,81.417,81.438,81.407,81.438,0.1075
08.07.2019 19:43:00.000,81.438,81.448,81.417,81.418,0.0955
08.07.2019 19:44:00.000,81.418,81.438,81.407,81.418,0.097
08.07.2019 19:45:00.000,81.417,81.417,81.377,81.388,0.062
08.07.2019 19:46:00.000,81.388,81.388,81.338,81.338,0.0596
08.07.2019 19:47:00.000,81.337,81.348,81.288,81.327,0.0911
08.07.2019 19:48:00.000,81.328,81.348,81.307,81.348,0.0446
08.07.2019 19:49:00.000,81.338,81.377,81.327,81.358,0.0746
08.07.2019 19:50:00.000,81.358,81.358,81.297,81.297,0.1085
08.07.2019 19:51:00.000,81.297,81.318,81.288,81.318,0.0851
08.07.2019 19:52:00.000,81.318,81.348,81.297,81.308,0.0919
08.07.2019 19:53:00.000,81.307,81.338,81.298,81.338,0.1651
08.07.2019 19:54:00.000,81.347,81.398,81.347,81.387,0.1284
08.07.2019 19:55:00.000,81.388,81.388,81.328,81.357,0.2826
08.07.2019 19:56:00.000,81.358,81.377,81.348,81.368,0.1282
08.07.2019 19:57:00.000,81.368,81.398,81.368,81.388,0.2146
08.07.2019 19:58:00.000,81.378,81.398,81.377,81.388,0.0425
08.07.2019 19:59:00.000,81.387,81.418,81.287,81.318,0.3887
09.07.2019 13:30:00.000,80.877,81.166,80.667,81.098,0.0254
09.07.2019 13:31:00.000,81.098,81.098,80.958,81.038,0.0618
09.07.2019 13:32:00.000,81.028,81.028,80.848,80.858,0.1621
09.07.2019 13:33:00.000,80.867,81.028,80.788,80.997,0.0492
09.07.2019 13:34:00.000,80.987,81.158,80.987,81.038,0.0688
09.07.2019 13:35:00.000,81.037,81.118,80.937,81.018,0.1717
09.07.2019 13:36:00.000,81.018,81.268,81.017,81.268,0.0425
09.07.2019 13:37:00.000,81.268,81.488,81.267,81.478,0.0161
09.07.2019 13:38:00.000,81.468,81.528,81.217,81.308,0.0579
09.07.2019 13:39:00.000,81.308,81.408,81.297,81.388,0.0208
09.07.2019 13:40:00.000,81.398,81.468,81.258,81.277,0.0578
09.07.2019 13:41:00.000,81.277,81.377,81.211,81.257,0.0682
09.07.2019 13:42:00.000,81.258,81.378,81.248,81.378,0.0443
09.07.2019 13:43:00.000,81.387,81.478,81.358,81.358,0.0374
09.07.2019 13:44:00.000,81.368,81.428,81.338,81.418,0.0125
09.07.2019 13:45:00.000,81.417,81.528,81.417,81.488,0.1506
09.07.2019 13:46:00.000,81.497,81.528,81.367,81.408,0.1144
09.07.2019 13:47:00.000,81.408,81.468,81.358,81.467,0.0848
09.07.2019 13:48:00.000,81.468,81.528,81.467,81.518,0.0614
09.07.2019 13:49:00.000,81.558,81.638,81.507,81.507,0.0845
09.07.2019 13:50:00.000,81.508,81.558,81.458,81.488,0.0827
09.07.2019 13:51:00.000,81.488,81.507,81.457,81.498,0.0457
09.07.2019 13:52:00.000,81.497,81.578,81.477,81.578,0.0216
09.07.2019 13:53:00.000,81.587,81.708,81.587,81.658,0.0572
09.07.2019 13:54:00.000,81.658,81.658,81.538,81.627,0.0587
09.07.2019 13:55:00.000,81.627,81.678,81.618,81.648,0.0409
09.07.2019 13:56:00.000,81.658,81.658,81.627,81.658,0.0032
09.07.2019 13:57:00.000,81.657,81.788,81.657,81.727,0.0672
09.07.2019 13:58:00.000,81.728,81.838,81.727,81.808,0.0307
09.07.2019 13:59:00.000,81.817,81.847,81.748,81.837,0.0792
09.07.2019 14:00:00.000,81.838,81.848,81.717,81.837,0.1354
09.07.2019 14:01:00.000,81.838,81.938,81.807,81.927,0.0766
09.07.2019 14:02:00.000,81.928,82.088,81.917,82.018,0.0726
09.07.2019 14:03:00.000,82.018,82.138,82.017,82.068,0.1398
09.07.2019 14:04:00.000,82.097,82.097,82.018,82.057,0.0698
09.07.2019 14:05:00.000,82.058,82.148,82.057,82.147,0.2181
09.07.2019 14:06:00.000,82.147,82.287,82.087,82.088,0.1122
09.07.2019 14:07:00.000,82.098,82.138,81.957,81.977,0.027
09.07.2019 14:08:00.000,81.978,82.037,81.917,82.037,0.0646
09.07.2019 14:09:00.000,82.038,82.058,81.967,81.968,0.1508
09.07.2019 14:10:00.000,81.977,82.028,81.928,81.938,0.0798
09.07.2019 14:11:00.000,81.938,81.978,81.927,81.968,0.0635
09.07.2019 14:12:00.000,81.968,82.018,81.968,81.988,0.0987
09.07.2019 14:13:00.000,81.988,82.048,81.917,82.027,0.0957
09.07.2019 14:14:00.000,82.028,82.158,82.027,82.038,0.0843
09.07.2019 14:15:00.000,82.047,82.068,81.987,82.048,0.1072
09.07.2019 14:16:00.000,82.047,82.168,81.988,82.168,0.1896
09.07.2019 14:17:00.000,82.168,82.178,82.058,82.108,0.1497
09.07.2019 14:18:00.000,82.107,82.158,82.107,82.158,0.0676
09.07.2019 14:19:00.000,82.157,82.188,82.097,82.188,0.1146
09.07.2019 14:20:00.000,82.188,82.208,82.137,82.168,0.1539
09.07.2019 14:21:00.000,82.168,82.198,82.117,82.198,0.0904
09.07.2019 14:22:00.000,82.198,82.308,82.197,82.238,0.0838
09.07.2019 14:23:00.000,82.238,82.347,82.238,82.347,0.0953
09.07.2019 14:24:00.000,82.348,82.358,82.267,82.298,0.0565
09.07.2019 14:25:00.000,82.298,82.418,82.287,82.408,0.0732
09.07.2019 14:26:00.000,82.398,82.508,82.398,82.458,0.0682
09.07.2019 14:27:00.000,82.458,82.458,82.417,82.448,0.0654
09.07.2019 14:28:00.000,82.457,82.458,82.397,82.397,0.0785
09.07.2019 14:29:00.000,82.397,82.498,82.397,82.498,0.0471
09.07.2019 14:30:00.000,82.517,82.568,82.497,82.528,0.0718
09.07.2019 14:31:00.000,82.537,82.548,82.448,82.457,0.1343
09.07.2019 14:32:00.000,82.458,82.468,82.388,82.448,0.1679
09.07.2019 14:33:00.000,82.448,82.488,82.418,82.478,0.0846
09.07.2019 14:34:00.000,82.477,82.477,82.347,82.377,0.1108
09.07.2019 14:35:00.000,82.378,82.458,82.358,82.388,0.0635
09.07.2019 14:36:00.000,82.387,82.408,82.387,82.388,0.0028
09.07.2019 14:37:00.000,82.378,82.398,82.307,82.348,0.1308
09.07.2019 14:38:00.000,82.357,82.418,82.357,82.418,0.1016
09.07.2019 14:39:00.000,82.438,82.448,82.417,82.428,0.05
09.07.2019 14:40:00.000,82.427,82.508,82.418,82.438,0.0747
09.07.2019 14:41:00.000,82.438,82.438,82.327,82.328,0.1131
09.07.2019 14:42:00.000,82.327,82.398,82.317,82.388,0.0358
09.07.2019 14:43:00.000,82.397,82.408,82.338,82.368,0.0862
09.07.2019 14:44:00.000,82.367,82.408,82.337,82.338,0.0811
09.07.2019 14:45:00.000,82.337,82.348,82.278,82.297,0.1072
09.07.2019 14:46:00.000,82.308,82.398,82.308,82.358,0.0294
09.07.2019 14:47:00.000,82.358,82.358,82.287,82.288,0.2924
09.07.2019 14:48:00.000,82.288,82.338,82.287,82.338,0.0898
09.07.2019 14:49:00.000,82.337,82.348,82.318,82.328,0.0469
09.07.2019 14:50:00.000,82.328,82.338,82.197,82.228,0.0845
09.07.2019 14:51:00.000,82.238,82.238,82.157,82.198,0.1232
09.07.2019 14:52:00.000,82.177,82.178,82.137,82.168,0.009
09.07.2019 14:53:00.000,82.167,82.228,82.167,82.228,0.0646
09.07.2019 14:54:00.000,82.248,82.328,82.247,82.328,0.0964
09.07.2019 14:55:00.000,82.327,82.408,82.297,82.368,0.0878
09.07.2019 14:56:00.000,82.368,82.378,82.327,82.328,0.0938
09.07.2019 14:57:00.000,82.328,82.348,82.248,82.258,0.0858
09.07.2019 14:58:00.000,82.257,82.308,82.228,82.228,0.0685
09.07.2019 14:59:00.000,82.227,82.238,82.197,82.218,0.0245
09.07.2019 15:00:00.000,82.228,82.228,82.137,82.138,0.1229
09.07.2019 15:01:00.000,82.147,82.208,82.118,82.208,0.0683
09.07.2019 15:02:00.000,82.208,82.238,82.127,82.157,0.1269
09.07.2019 15:03:00.000,82.158,82.228,82.148,82.227,0.0868
09.07.2019 15:04:00.000,82.228,82.398,82.228,82.398,0.1271
09.07.2019 15:05:00.000,82.377,82.398,82.337,82.358,0.0565
09.07.2019 15:06:00.000,82.378,82.378,82.237,82.248,0.0781
09.07.2019 15:07:00.000,82.247,82.247,82.147,82.148,0.1603
09.07.2019 15:08:00.000,82.148,82.158,82.108,82.128,0.0346
09.07.2019 15:09:00.000,82.128,82.148,82.077,82.107,0.0899
09.07.2019 15:10:00.000,82.108,82.167,82.077,82.088,0.1823
09.07.2019 15:11:00.000,82.098,82.148,82.058,82.148,0.0839
09.07.2019 15:12:00.000,82.147,82.198,82.128,82.128,0.1227
09.07.2019 15:13:00.000,82.127,82.207,82.127,82.147,0.0108
09.07.2019 15:14:00.000,82.157,82.208,82.107,82.138,0.0674
09.07.2019 15:15:00.000,82.138,82.138,82.107,82.137,0.0364
09.07.2019 15:16:00.000,82.158,82.228,82.157,82.218,0.0924
09.07.2019 15:17:00.000,82.208,82.238,82.127,82.238,0.0588
09.07.2019 15:18:00.000,82.237,82.268,82.228,82.238,0.0689
09.07.2019 15:19:00.000,82.237,82.288,82.237,82.287,0.0109
09.07.2019 15:20:00.000,82.288,82.378,82.268,82.378,0.0745
09.07.2019 15:21:00.000,82.368,82.368,82.298,82.358,0.0279
09.07.2019 15:22:00.000,82.367,82.417,82.327,82.328,0.0389
09.07.2019 15:23:00.000,82.328,82.328,82.257,82.257,0.0573
09.07.2019 15:24:00.000,82.267,82.308,82.257,82.308,0.1478
09.07.2019 15:25:00.000,82.308,82.328,82.288,82.298,0.103
09.07.2019 15:26:00.000,82.318,82.318,82.247,82.248,0.0548
09.07.2019 15:27:00.000,82.258,82.288,82.247,82.248,0.0881
09.07.2019 15:28:00.000,82.247,82.258,82.208,82.238,0.0696
09.07.2019 15:29:00.000,82.238,82.238,82.198,82.238,0.098
09.07.2019 15:30:00.000,82.238,82.328,82.237,82.328,0.1273
09.07.2019 15:31:00.000,82.338,82.438,82.337,82.438,0.1016
09.07.2019 15:32:00.000,82.438,82.498,82.418,82.427,0.0911
09.07.2019 15:33:00.000,82.428,82.498,82.427,82.428,0.0916
09.07.2019 15:34:00.000,82.427,82.508,82.347,82.368,0.2506
09.07.2019 15:35:00.000,82.367,82.378,82.267,82.267,0.0891
09.07.2019 15:36:00.000,82.268,82.308,82.267,82.307,0.0177
09.07.2019 15:37:00.000,82.307,82.328,82.278,82.288,0.042
09.07.2019 15:38:00.000,82.287,82.428,82.287,82.408,0.0766
09.07.2019 15:39:00.000,82.407,82.438,82.397,82.427,0.0509
09.07.2019 15:40:00.000,82.428,82.428,82.348,82.388,0.0926
09.07.2019 15:41:00.000,82.388,82.388,82.278,82.278,0.0947
09.07.2019 15:42:00.000,82.267,82.298,82.257,82.278,0.1461
09.07.2019 15:43:00.000,82.307,82.308,82.227,82.248,0.0891
09.07.2019 15:44:00.000,82.248,82.298,82.248,82.248,0.0922
09.07.2019 15:45:00.000,82.268,82.298,82.248,82.298,0.1579
09.07.2019 15:46:00.000,82.297,82.298,82.248,82.268,0.0783
09.07.2019 15:47:00.000,82.267,82.338,82.267,82.338,0.0806
09.07.2019 15:48:00.000,82.337,82.368,82.307,82.367,0.0802
09.07.2019 15:49:00.000,82.368,82.418,82.367,82.417,0.0747
09.07.2019 15:50:00.000,82.427,82.488,82.407,82.458,0.0875
09.07.2019 15:51:00.000,82.457,82.528,82.457,82.517,0.0429
09.07.2019 15:52:00.000,82.527,82.528,82.457,82.478,0.0276
09.07.2019 15:53:00.000,82.487,82.528,82.447,82.458,0.0295
09.07.2019 15:54:00.000,82.458,82.458,82.398,82.407,0.0328
09.07.2019 15:55:00.000,82.408,82.408,82.348,82.357,0.0468
09.07.2019 15:56:00.000,82.358,82.388,82.357,82.388,0.0031
09.07.2019 15:57:00.000,82.397,82.408,82.287,82.288,0.047
09.07.2019 15:58:00.000,82.307,82.348,82.288,82.348,0.0343
09.07.2019 15:59:00.000,82.318,82.328,82.258,82.267,0.0997
09.07.2019 16:00:00.000,82.267,82.358,82.247,82.358,0.1181
09.07.2019 16:01:00.000,82.368,82.368,82.337,82.348,0.0113
09.07.2019 16:02:00.000,82.368,82.418,82.357,82.407,0.1646
09.07.2019 16:03:00.000,82.408,82.458,82.407,82.458,0.1645
09.07.2019 16:04:00.000,82.458,82.478,82.408,82.408,0.1289
09.07.2019 16:05:00.000,82.428,82.448,82.407,82.448,0.0272
09.07.2019 16:06:00.000,82.457,82.478,82.437,82.468,0.0365
09.07.2019 16:07:00.000,82.467,82.498,82.437,82.498,0.0867
09.07.2019 16:08:00.000,82.497,82.508,82.497,82.507,0.0456
09.07.2019 16:09:00.000,82.508,82.508,82.497,82.498,0.0121
09.07.2019 16:10:00.000,82.497,82.568,82.487,82.507,0.0443
09.07.2019 16:11:00.000,82.508,82.508,82.477,82.498,0.0454
09.07.2019 16:12:00.000,82.498,82.528,82.498,82.517,0.0486
09.07.2019 16:13:00.000,82.527,82.527,82.477,82.478,0.0094
09.07.2019 16:14:00.000,82.478,82.508,82.478,82.507,0.0107
09.07.2019 16:15:00.000,82.527,82.548,82.497,82.527,0.0734
09.07.2019 16:16:00.000,82.518,82.528,82.507,82.518,0.0128
09.07.2019 16:17:00.000,82.517,82.528,82.508,82.527,0.0221
09.07.2019 16:18:00.000,82.518,82.518,82.488,82.497,0.0309
09.07.2019 16:19:00.000,82.498,82.538,82.478,82.537,0.0443
09.07.2019 16:20:00.000,82.537,82.568,82.497,82.558,0.0664
09.07.2019 16:21:00.000,82.568,82.608,82.558,82.607,0.0612
09.07.2019 16:22:00.000,82.608,82.608,82.507,82.508,0.0499
09.07.2019 16:23:00.000,82.507,82.517,82.497,82.508,0.0087
09.07.2019 16:24:00.000,82.507,82.538,82.507,82.517,0.0093
09.07.2019 16:25:00.000,82.517,82.528,82.507,82.528,0.0463
09.07.2019 16:26:00.000,82.518,82.528,82.518,82.528,0.0005
09.07.2019 16:27:00.000,82.528,82.578,82.528,82.538,0.0433
09.07.2019 16:28:00.000,82.537,82.628,82.537,82.618,0.0692
09.07.2019 16:29:00.000,82.618,82.628,82.587,82.588,0.0819
09.07.2019 16:30:00.000,82.598,82.598,82.578,82.578,0.0464
09.07.2019 16:31:00.000,82.578,82.578,82.517,82.518,0.0423
09.07.2019 16:32:00.000,82.518,82.578,82.518,82.557,0.1158
09.07.2019 16:33:00.000,82.557,82.588,82.557,82.588,0.0029
09.07.2019 16:34:00.000,82.588,82.648,82.567,82.637,0.0764
09.07.2019 16:35:00.000,82.638,82.638,82.577,82.577,0.0574
09.07.2019 16:36:00.000,82.578,82.598,82.577,82.598,0.015
09.07.2019 16:37:00.000,82.597,82.618,82.597,82.618,0.0546
09.07.2019 16:38:00.000,82.608,82.618,82.567,82.567,0.0422
09.07.2019 16:39:00.000,82.558,82.588,82.557,82.588,0.0115
09.07.2019 16:40:00.000,82.598,82.628,82.588,82.628,0.0555
09.07.2019 16:41:00.000,82.627,82.647,82.607,82.618,0.1126
09.07.2019 16:42:00.000,82.617,82.658,82.617,82.638,0.0203
09.07.2019 16:43:00.000,82.657,82.698,82.648,82.688,0.0195
09.07.2019 16:44:00.000,82.688,82.708,82.657,82.667,0.1019
09.07.2019 16:45:00.000,82.667,82.668,82.607,82.608,0.0181
09.07.2019 16:46:00.000,82.608,82.627,82.547,82.548,0.0101
09.07.2019 16:47:00.000,82.547,82.558,82.518,82.537,0.0114
09.07.2019 16:48:00.000,82.538,82.548,82.528,82.538,0.0102
09.07.2019 16:49:00.000,82.537,82.548,82.518,82.538,0.0408
09.07.2019 16:50:00.000,82.537,82.538,82.487,82.487,0.0042
09.07.2019 16:51:00.000,82.488,82.508,82.487,82.507,0.0613
09.07.2019 16:52:00.000,82.507,82.558,82.497,82.558,0.0642
09.07.2019 16:53:00.000,82.557,82.628,82.557,82.628,0.0284
09.07.2019 16:54:00.000,82.627,82.658,82.627,82.658,0.0667
09.07.2019 16:55:00.000,82.658,82.678,82.657,82.668,0.0267
09.07.2019 16:56:00.000,82.668,82.668,82.647,82.648,0.0321
09.07.2019 16:57:00.000,82.647,82.658,82.608,82.608,0.0273
09.07.2019 16:58:00.000,82.608,82.608,82.537,82.578,0.0503
09.07.2019 16:59:00.000,82.588,82.638,82.587,82.638,0.0567
09.07.2019 17:00:00.000,82.637,82.637,82.587,82.608,0.0292
09.07.2019 17:01:00.000,82.608,82.638,82.568,82.588,0.0637
09.07.2019 17:02:00.000,82.587,82.608,82.587,82.598,0.0148
09.07.2019 17:03:00.000,82.578,82.598,82.567,82.598,0.035
09.07.2019 17:04:00.000,82.618,82.618,82.598,82.598,0.0099
09.07.2019 17:05:00.000,82.597,82.598,82.537,82.558,0.0445
09.07.2019 17:06:00.000,82.548,82.568,82.507,82.527,0.1664
09.07.2019 17:07:00.000,82.537,82.628,82.537,82.628,0.0153
09.07.2019 17:08:00.000,82.628,82.628,82.587,82.598,0.0998
09.07.2019 17:09:00.000,82.597,82.618,82.577,82.618,0.0329
09.07.2019 17:10:00.000,82.627,82.628,82.607,82.607,0.0195
09.07.2019 17:11:00.000,82.608,82.617,82.578,82.578,0.0229
09.07.2019 17:12:00.000,82.577,82.608,82.577,82.597,0.0054
09.07.2019 17:13:00.000,82.597,82.608,82.587,82.598,0.0354
09.07.2019 17:14:00.000,82.598,82.598,82.497,82.527,0.0833
09.07.2019 17:15:00.000,82.528,82.558,82.498,82.558,0.0384
09.07.2019 17:16:00.000,82.557,82.598,82.557,82.598,0.0122
09.07.2019 17:17:00.000,82.598,82.618,82.598,82.618,0.0501
09.07.2019 17:18:00.000,82.617,82.648,82.568,82.648,0.1123
09.07.2019 17:19:00.000,82.648,82.648,82.567,82.597,0.0615
09.07.2019 17:20:00.000,82.598,82.648,82.598,82.638,0.0842
09.07.2019 17:21:00.000,82.638,82.658,82.627,82.648,0.0309
09.07.2019 17:22:00.000,82.658,82.678,82.657,82.678,0.0297
09.07.2019 17:23:00.000,82.677,82.688,82.657,82.688,0.0598
09.07.2019 17:24:00.000,82.678,82.678,82.657,82.668,0.0381
09.07.2019 17:25:00.000,82.667,82.668,82.627,82.657,0.0744
09.07.2019 17:26:00.000,82.657,82.688,82.638,82.687,0.0913
09.07.2019 17:27:00.000,82.688,82.688,82.667,82.678,0.0275
09.07.2019 17:28:00.000,82.678,82.688,82.657,82.688,0.0767
09.07.2019 17:29:00.000,82.678,82.698,82.667,82.688,0.0129
09.07.2019 17:30:00.000,82.697,82.708,82.678,82.678,0.091
09.07.2019 17:31:00.000,82.667,82.668,82.637,82.647,0.024
09.07.2019 17:32:00.000,82.648,82.648,82.567,82.578,0.0234
09.07.2019 17:33:00.000,82.568,82.598,82.537,82.597,0.0565
09.07.2019 17:34:00.000,82.598,82.618,82.568,82.618,0.0443
09.07.2019 17:35:00.000,82.638,82.668,82.618,82.658,0.0435
09.07.2019 17:36:00.000,82.638,82.648,82.608,82.608,0.0736
09.07.2019 17:37:00.000,82.627,82.627,82.597,82.598,0.101
09.07.2019 17:38:00.000,82.598,82.608,82.587,82.608,0.0692
09.07.2019 17:39:00.000,82.608,82.608,82.557,82.578,0.0556
09.07.2019 17:40:00.000,82.577,82.577,82.537,82.537,0.0189
09.07.2019 17:41:00.000,82.528,82.568,82.528,82.568,0.0088
09.07.2019 17:42:00.000,82.557,82.557,82.528,82.548,0.0563
09.07.2019 17:43:00.000,82.548,82.548,82.487,82.498,0.0185
09.07.2019 17:44:00.000,82.507,82.518,82.467,82.488,0.0724
09.07.2019 17:45:00.000,82.498,82.538,82.477,82.517,0.0654
09.07.2019 17:46:00.000,82.518,82.528,82.497,82.497,0.049
09.07.2019 17:47:00.000,82.498,82.498,82.448,82.458,0.1296
09.07.2019 17:48:00.000,82.457,82.478,82.447,82.478,0.0911
09.07.2019 17:49:00.000,82.467,82.518,82.467,82.477,0.0535
09.07.2019 17:50:00.000,82.488,82.488,82.447,82.468,0.0568
09.07.2019 17:51:00.000,82.448,82.458,82.408,82.418,0.0731
09.07.2019 17:52:00.000,82.428,82.468,82.428,82.468,0.0673
09.07.2019 17:53:00.000,82.467,82.478,82.448,82.448,0.0335
09.07.2019 17:54:00.000,82.457,82.488,82.457,82.477,0.0188
09.07.2019 17:55:00.000,82.488,82.527,82.487,82.508,0.0606
09.07.2019 17:56:00.000,82.518,82.538,82.507,82.518,0.0541
09.07.2019 17:57:00.000,82.518,82.568,82.517,82.568,0.0526
09.07.2019 17:58:00.000,82.568,82.588,82.548,82.587,0.0532
09.07.2019 17:59:00.000,82.578,82.598,82.538,82.538,0.0993
09.07.2019 18:00:00.000,82.537,82.598,82.537,82.598,0.0463
09.07.2019 18:01:00.000,82.577,82.598,82.558,82.588,0.0553
09.07.2019 18:02:00.000,82.588,82.588,82.517,82.518,0.0616
09.07.2019 18:03:00.000,82.517,82.548,82.517,82.548,0.0563
09.07.2019 18:04:00.000,82.548,82.598,82.547,82.598,0.0093
09.07.2019 18:05:00.000,82.607,82.618,82.597,82.608,0.0593
09.07.2019 18:06:00.000,82.608,82.608,82.578,82.608,0.0932
09.07.2019 18:07:00.000,82.608,82.618,82.598,82.607,0.0497
09.07.2019 18:08:00.000,82.627,82.628,82.588,82.588,0.058
09.07.2019 18:09:00.000,82.587,82.608,82.587,82.598,0.018
09.07.2019 18:10:00.000,82.597,82.618,82.597,82.608,0.0446
09.07.2019 18:11:00.000,82.618,82.648,82.617,82.618,0.0466
09.07.2019 18:12:00.000,82.607,82.607,82.548,82.578,0.0533
09.07.2019 18:13:00.000,82.577,82.577,82.507,82.538,0.0888
09.07.2019 18:14:00.000,82.517,82.568,82.517,82.548,0.0989
09.07.2019 18:15:00.000,82.538,82.558,82.528,82.528,0.0222
09.07.2019 18:16:00.000,82.518,82.538,82.517,82.537,0.071
09.07.2019 18:17:00.000,82.538,82.568,82.518,82.568,0.0697
09.07.2019 18:18:00.000,82.567,82.578,82.537,82.578,0.0803
09.07.2019 18:19:00.000,82.578,82.588,82.577,82.588,0.0419
09.07.2019 18:20:00.000,82.587,82.587,82.518,82.537,0.0264
09.07.2019 18:21:00.000,82.547,82.558,82.547,82.548,0.1
09.07.2019 18:22:00.000,82.557,82.588,82.557,82.588,0.0689
09.07.2019 18:23:00.000,82.588,82.598,82.557,82.557,0.0807
09.07.2019 18:24:00.000,82.567,82.567,82.518,82.528,0.0488
09.07.2019 18:25:00.000,82.528,82.558,82.497,82.538,0.0578
09.07.2019 18:26:00.000,82.538,82.567,82.517,82.537,0.0434
09.07.2019 18:27:00.000,82.537,82.538,82.468,82.468,0.0518
09.07.2019 18:28:00.000,82.468,82.468,82.378,82.418,0.0552
09.07.2019 18:29:00.000,82.418,82.458,82.418,82.458,0.0536
09.07.2019 18:30:00.000,82.468,82.468,82.427,82.438,0.0598
09.07.2019 18:31:00.000,82.438,82.438,82.407,82.418,0.0327
09.07.2019 18:32:00.000,82.418,82.428,82.398,82.398,0.0722
09.07.2019 18:33:00.000,82.397,82.408,82.387,82.408,0.0791
09.07.2019 18:34:00.000,82.437,82.448,82.427,82.428,0.1342
09.07.2019 18:35:00.000,82.428,82.438,82.418,82.428,0.1128
09.07.2019 18:36:00.000,82.427,82.428,82.377,82.388,0.0551
09.07.2019 18:37:00.000,82.388,82.418,82.377,82.418,0.0422
09.07.2019 18:38:00.000,82.417,82.418,82.387,82.388,0.0661
09.07.2019 18:39:00.000,82.387,82.388,82.357,82.368,0.0201
09.07.2019 18:40:00.000,82.368,82.368,82.347,82.368,0.026
09.07.2019 18:41:00.000,82.378,82.378,82.377,82.377,0.0055
09.07.2019 18:42:00.000,82.378,82.468,82.378,82.438,0.1002
09.07.2019 18:43:00.000,82.458,82.468,82.407,82.408,0.1864
09.07.2019 18:44:00.000,82.408,82.428,82.408,82.427,0.0368
09.07.2019 18:45:00.000,82.427,82.468,82.397,82.458,0.0707
09.07.2019 18:46:00.000,82.458,82.468,82.397,82.437,0.0682
09.07.2019 18:47:00.000,82.438,82.448,82.408,82.428,0.0364
09.07.2019 18:48:00.000,82.418,82.428,82.408,82.428,0.0825
09.07.2019 18:49:00.000,82.437,82.438,82.397,82.438,0.0449
09.07.2019 18:50:00.000,82.448,82.468,82.408,82.438,0.1676
09.07.2019 18:51:00.000,82.428,82.478,82.427,82.468,0.0936
09.07.2019 18:52:00.000,82.468,82.468,82.428,82.458,0.0796
09.07.2019 18:53:00.000,82.457,82.498,82.457,82.488,0.0358
09.07.2019 18:54:00.000,82.477,82.478,82.437,82.438,0.1
09.07.2019 18:55:00.000,82.437,82.437,82.397,82.428,0.0893
09.07.2019 18:56:00.000,82.428,82.428,82.407,82.428,0.0763
09.07.2019 18:57:00.000,82.427,82.427,82.398,82.407,0.0205
09.07.2019 18:58:00.000,82.408,82.418,82.397,82.418,0.0871
09.07.2019 18:59:00.000,82.417,82.458,82.417,82.458,0.0665
09.07.2019 19:00:00.000,82.448,82.478,82.428,82.448,0.0339
09.07.2019 19:01:00.000,82.447,82.468,82.438,82.458,0.0461
09.07.2019 19:02:00.000,82.467,82.468,82.418,82.428,0.0186
09.07.2019 19:03:00.000,82.438,82.448,82.408,82.428,0.0689
09.07.2019 19:04:00.000,82.418,82.418,82.387,82.398,0.0796
09.07.2019 19:05:00.000,82.398,82.418,82.377,82.377,0.1169
09.07.2019 19:06:00.000,82.378,82.378,82.347,82.348,0.0993
09.07.2019 19:07:00.000,82.348,82.348,82.317,82.318,0.0737
09.07.2019 19:08:00.000,82.307,82.328,82.307,82.328,0.0246
09.07.2019 19:09:00.000,82.308,82.318,82.298,82.317,0.0227
09.07.2019 19:10:00.000,82.318,82.318,82.237,82.248,0.0708
09.07.2019 19:11:00.000,82.238,82.268,82.228,82.248,0.0326
09.07.2019 19:12:00.000,82.248,82.258,82.217,82.258,0.0486
09.07.2019 19:13:00.000,82.267,82.278,82.197,82.228,0.0942
09.07.2019 19:14:00.000,82.248,82.248,82.217,82.227,0.0277
09.07.2019 19:15:00.000,82.228,82.238,82.217,82.218,0.0126
09.07.2019 19:16:00.000,82.217,82.258,82.167,82.177,0.1312
09.07.2019 19:17:00.000,82.178,82.178,82.107,82.128,0.0609
09.07.2019 19:18:00.000,82.148,82.148,82.097,82.097,0.1117
09.07.2019 19:19:00.000,82.098,82.108,82.097,82.098,0.0415
09.07.2019 19:20:00.000,82.107,82.108,82.077,82.088,0.0815
09.07.2019 19:21:00.000,82.097,82.158,82.097,82.128,0.0599
09.07.2019 19:22:00.000,82.137,82.138,82.058,82.067,0.032
09.07.2019 19:23:00.000,82.068,82.108,82.067,82.088,0.0557
09.07.2019 19:24:00.000,82.077,82.078,82.058,82.067,0.1286
09.07.2019 19:25:00.000,82.078,82.118,82.068,82.108,0.0506
09.07.2019 19:26:00.000,82.108,82.108,82.048,82.057,0.0615
09.07.2019 19:27:00.000,82.068,82.088,82.058,82.078,0.0913
09.07.2019 19:28:00.000,82.077,82.078,82.057,82.067,0.1275
09.07.2019 19:29:00.000,82.068,82.078,82.058,82.068,0.0999
09.07.2019 19:30:00.000,82.067,82.077,81.968,81.968,0.0741
09.07.2019 19:31:00.000,81.977,82.068,81.977,82.048,0.0892
09.07.2019 19:32:00.000,82.057,82.068,82.047,82.068,0.1198
09.07.2019 19:33:00.000,82.067,82.188,82.038,82.188,0.1067
09.07.2019 19:34:00.000,82.187,82.198,82.168,82.198,0.1316
09.07.2019 19:35:00.000,82.197,82.198,82.158,82.178,0.0925
09.07.2019 19:36:00.000,82.178,82.228,82.177,82.187,0.1099
09.07.2019 19:37:00.000,82.198,82.198,82.137,82.198,0.1236
09.07.2019 19:38:00.000,82.198,82.228,82.188,82.217,0.1064
09.07.2019 19:39:00.000,82.218,82.218,82.177,82.178,0.0387
09.07.2019 19:40:00.000,82.187,82.218,82.147,82.158,0.1114
09.07.2019 19:41:00.000,82.157,82.228,82.157,82.217,0.1601
09.07.2019 19:42:00.000,82.218,82.218,82.158,82.168,0.0725
09.07.2019 19:43:00.000,82.177,82.208,82.157,82.167,0.1903
09.07.2019 19:44:00.000,82.168,82.188,82.127,82.148,0.1287
09.07.2019 19:45:00.000,82.148,82.178,82.147,82.157,0.1536
09.07.2019 19:46:00.000,82.158,82.158,82.128,82.138,0.1228
09.07.2019 19:47:00.000,82.137,82.148,82.087,82.088,0.1942
09.07.2019 19:48:00.000,82.088,82.138,82.087,82.088,0.1292
09.07.2019 19:49:00.000,82.098,82.128,82.087,82.118,0.1196
09.07.2019 19:50:00.000,82.118,82.178,82.118,82.158,0.2816
09.07.2019 19:51:00.000,82.158,82.168,82.137,82.148,0.0807
09.07.2019 19:52:00.000,82.158,82.168,82.147,82.168,0.2208
09.07.2019 19:53:00.000,82.167,82.168,82.147,82.147,0.0824
09.07.2019 19:54:00.000,82.148,82.208,82.148,82.188,0.2803
09.07.2019 19:55:00.000,82.187,82.238,82.127,82.208,0.2888
09.07.2019 19:56:00.000,82.198,82.218,82.137,82.167,0.2746
09.07.2019 19:57:00.000,82.177,82.198,82.137,82.148,0.2251
09.07.2019 19:58:00.000,82.147,82.188,82.147,82.158,0.2889
09.07.2019 19:59:00.000,82.158,82.207,82.138,82.207,0.3725
10.07.2019 13:30:00.000,82.298,83.028,82.298,82.887,0.0092
10.07.2019 13:31:00.000,82.888,82.888,82.887,82.887,0.0009
10.07.2019 13:32:00.000,82.888,82.897,82.618,82.788,0.0467
10.07.2019 13:33:00.000,82.797,82.858,82.797,82.858,0.001
10.07.2019 13:34:00.000,82.858,82.907,82.748,82.748,0.0481
10.07.2019 13:35:00.000,82.748,82.998,82.638,82.968,0.0536
10.07.2019 13:36:00.000,82.948,83.098,82.837,83.077,0.0588
10.07.2019 13:37:00.000,83.078,83.097,82.947,83.097,0.128
10.07.2019 13:38:00.000,83.108,83.138,82.998,83.108,0.1454
10.07.2019 13:39:00.000,83.107,83.107,82.877,82.878,0.0682
10.07.2019 13:40:00.000,82.927,82.928,82.877,82.908,0.0163
10.07.2019 13:41:00.000,82.917,83.018,82.917,82.988,0.0696
10.07.2019 13:42:00.000,82.988,83.118,82.987,83.118,0.0904
10.07.2019 13:43:00.000,83.128,83.178,83.037,83.038,0.0777
10.07.2019 13:44:00.000,83.047,83.078,82.967,83.077,0.0918
10.07.2019 13:45:00.000,83.077,83.108,83.038,83.108,0.1655
10.07.2019 13:46:00.000,83.147,83.168,83.107,83.168,0.0478
10.07.2019 13:47:00.000,83.177,83.198,83.047,83.138,0.0894
10.07.2019 13:48:00.000,83.137,83.248,83.137,83.178,0.1169
10.07.2019 13:49:00.000,83.178,83.178,83.077,83.078,0.0823
10.07.2019 13:50:00.000,83.078,83.107,83.017,83.068,0.134
10.07.2019 13:51:00.000,83.068,83.178,83.068,83.138,0.1777
10.07.2019 13:52:00.000,83.157,83.228,83.128,83.188,0.1214
10.07.2019 13:53:00.000,83.198,83.328,83.197,83.327,0.0879
10.07.2019 13:54:00.000,83.327,83.417,83.217,83.238,0.1868
10.07.2019 13:55:00.000,83.237,83.248,83.137,83.147,0.0888
10.07.2019 13:56:00.000,83.148,83.257,83.148,83.238,0.1607
10.07.2019 13:57:00.000,83.247,83.278,83.177,83.207,0.0896
10.07.2019 13:58:00.000,83.207,83.298,83.207,83.207,0.1893
10.07.2019 13:59:00.000,83.217,83.258,83.198,83.218,0.0319
10.07.2019 14:00:00.000,83.218,83.268,83.148,83.237,0.0822
10.07.2019 14:01:00.000,83.238,83.368,83.238,83.357,0.1043
10.07.2019 14:02:00.000,83.368,83.368,83.298,83.307,0.0939
10.07.2019 14:03:00.000,83.307,83.318,83.247,83.248,0.1672
10.07.2019 14:04:00.000,83.247,83.268,83.187,83.207,0.0359
10.07.2019 14:05:00.000,83.207,83.207,83.077,83.088,0.1112
10.07.2019 14:06:00.000,83.088,83.088,82.947,82.947,0.0992
10.07.2019 14:07:00.000,82.958,82.968,82.868,82.888,0.1015
10.07.2019 14:08:00.000,82.888,82.968,82.878,82.957,0.0958
10.07.2019 14:09:00.000,82.958,82.958,82.857,82.868,0.0993
10.07.2019 14:10:00.000,82.868,82.908,82.848,82.878,0.0656
10.07.2019 14:11:00.000,82.897,82.898,82.788,82.837,0.2307
10.07.2019 14:12:00.000,82.848,82.898,82.847,82.857,0.133
10.07.2019 14:13:00.000,82.867,82.868,82.797,82.848,0.181
10.07.2019 14:14:00.000,82.828,82.998,82.828,82.978,0.0497
10.07.2019 14:15:00.000,82.977,83.047,82.977,82.998,0.0809
10.07.2019 14:16:00.000,82.998,82.998,82.838,82.848,0.1856
10.07.2019 14:17:00.000,82.848,82.958,82.818,82.928,0.1119
10.07.2019 14:18:00.000,82.927,82.998,82.868,82.988,0.0341
10.07.2019 14:19:00.000,82.987,83.048,82.937,82.938,0.0593
10.07.2019 14:20:00.000,82.937,82.998,82.928,82.967,0.1346
10.07.2019 14:21:00.000,82.967,83.037,82.948,82.998,0.1457
10.07.2019 14:22:00.000,82.998,82.998,82.818,82.857,0.2024
10.07.2019 14:23:00.000,82.838,82.986,82.837,82.967,0.0839
10.07.2019 14:24:00.000,82.968,82.968,82.878,82.897,0.1564
10.07.2019 14:25:00.000,82.898,82.908,82.847,82.848,0.1329
10.07.2019 14:26:00.000,82.848,82.868,82.818,82.828,0.0763
10.07.2019 14:27:00.000,82.828,82.908,82.828,82.867,0.1291
10.07.2019 14:28:00.000,82.868,82.868,82.827,82.837,0.106
10.07.2019 14:29:00.000,82.838,82.867,82.828,82.828,0.0508
10.07.2019 14:30:00.000,82.828,82.988,82.828,82.988,0.1249
10.07.2019 14:31:00.000,82.978,83.058,82.928,83.058,0.0663
10.07.2019 14:32:00.000,83.058,83.078,82.937,82.957,0.1551
10.07.2019 14:33:00.000,82.957,83.087,82.927,83.087,0.1375
10.07.2019 14:34:00.000,83.087,83.087,83.017,83.018,0.1008
10.07.2019 14:35:00.000,83.028,83.038,82.907,82.908,0.1407
10.07.2019 14:36:00.000,82.908,82.908,82.788,82.788,0.0811
10.07.2019 14:37:00.000,82.788,82.828,82.687,82.688,0.1195
10.07.2019 14:38:00.000,82.688,82.728,82.658,82.688,0.1537
10.07.2019 14:39:00.000,82.708,82.758,82.627,82.647,0.0678
10.07.2019 14:40:00.000,82.648,82.648,82.517,82.578,0.0558
10.07.2019 14:41:00.000,82.577,82.608,82.527,82.588,0.106
10.07.2019 14:42:00.000,82.597,82.598,82.487,82.498,0.0828
10.07.2019 14:43:00.000,82.497,82.508,82.428,82.508,0.1321
10.07.2019 14:44:00.000,82.508,82.508,82.447,82.468,0.0695
10.07.2019 14:45:00.000,82.487,82.508,82.458,82.508,0.0715
10.07.2019 14:46:00.000,82.498,82.498,82.417,82.428,0.1323
10.07.2019 14:47:00.000,82.428,82.438,82.318,82.398,0.1819
10.07.2019 14:48:00.000,82.407,82.488,82.407,82.478,0.0879
10.07.2019 14:49:00.000,82.487,82.508,82.458,82.458,0.0389
10.07.2019 14:50:00.000,82.458,82.498,82.357,82.397,0.13
10.07.2019 14:51:00.000,82.398,82.418,82.358,82.418,0.0726
10.07.2019 14:52:00.000,82.418,82.438,82.357,82.438,0.0685
10.07.2019 14:53:00.000,82.437,82.448,82.318,82.318,0.0931
10.07.2019 14:54:00.000,82.317,82.437,82.317,82.428,0.0564
10.07.2019 14:55:00.000,82.458,82.517,82.458,82.468,0.0373
10.07.2019 14:56:00.000,82.467,82.508,82.427,82.448,0.0599
10.07.2019 14:57:00.000,82.438,82.438,82.388,82.388,0.0341
10.07.2019 14:58:00.000,82.398,82.398,82.377,82.398,0.0338
10.07.2019 14:59:00.000,82.387,82.408,82.387,82.388,0.0178
10.07.2019 15:00:00.000,82.397,82.487,82.387,82.448,0.1002
10.07.2019 15:01:00.000,82.468,82.478,82.408,82.408,0.0389
10.07.2019 15:02:00.000,82.408,82.488,82.397,82.468,0.0326
10.07.2019 15:03:00.000,82.467,82.488,82.407,82.408,0.0254
10.07.2019 15:04:00.000,82.407,82.408,82.337,82.378,0.0491
10.07.2019 15:05:00.000,82.377,82.377,82.287,82.288,0.1083
10.07.2019 15:06:00.000,82.297,82.338,82.258,82.338,0.0561
10.07.2019 15:07:00.000,82.357,82.378,82.307,82.327,0.0739
10.07.2019 15:08:00.000,82.327,82.328,82.287,82.298,0.0739
10.07.2019 15:09:00.000,82.298,82.298,82.257,82.268,0.0878
10.07.2019 15:10:00.000,82.267,82.368,82.267,82.357,0.1443
10.07.2019 15:11:00.000,82.377,82.388,82.357,82.378,0.028
10.07.2019 15:12:00.000,82.378,82.428,82.367,82.367,0.0483
10.07.2019 15:13:00.000,82.368,82.408,82.367,82.388,0.0945
10.07.2019 15:14:00.000,82.387,82.418,82.347,82.368,0.1641
10.07.2019 15:15:00.000,82.367,82.378,82.328,82.368,0.0856
10.07.2019 15:16:00.000,82.367,82.398,82.347,82.388,0.1453
10.07.2019 15:17:00.000,82.387,82.388,82.338,82.358,0.1027
10.07.2019 15:18:00.000,82.358,82.448,82.328,82.418,0.2111
10.07.2019 15:19:00.000,82.427,82.438,82.357,82.398,0.152
10.07.2019 15:20:00.000,82.407,82.418,82.348,82.377,0.154
10.07.2019 15:21:00.000,82.388,82.388,82.308,82.358,0.1412
10.07.2019 15:22:00.000,82.338,82.348,82.317,82.317,0.0248
10.07.2019 15:23:00.000,82.318,82.348,82.287,82.328,0.1073
10.07.2019 15:24:00.000,82.308,82.308,82.278,82.298,0.0036
10.07.2019 15:25:00.000,82.298,82.298,82.187,82.208,0.1053
10.07.2019 15:26:00.000,82.198,82.208,82.148,82.177,0.0978
10.07.2019 15:27:00.000,82.188,82.257,82.157,82.238,0.1608
10.07.2019 15:28:00.000,82.237,82.237,82.177,82.178,0.0505
10.07.2019 15:29:00.000,82.198,82.238,82.167,82.208,0.0642
10.07.2019 15:30:00.000,82.198,82.278,82.158,82.278,0.1575
10.07.2019 15:31:00.000,82.268,82.358,82.268,82.358,0.0214
10.07.2019 15:32:00.000,82.357,82.388,82.307,82.308,0.1141
10.07.2019 15:33:00.000,82.327,82.428,82.298,82.428,0.0661
10.07.2019 15:34:00.000,82.438,82.438,82.377,82.418,0.2273
10.07.2019 15:35:00.000,82.417,82.538,82.417,82.527,0.1128
10.07.2019 15:36:00.000,82.528,82.577,82.488,82.538,0.0855
10.07.2019 15:37:00.000,82.547,82.598,82.457,82.538,0.1488
10.07.2019 15:38:00.000,82.537,82.588,82.537,82.567,0.1624
10.07.2019 15:39:00.000,82.578,82.638,82.568,82.568,0.1266
10.07.2019 15:40:00.000,82.568,82.568,82.548,82.557,0.049
10.07.2019 15:41:00.000,82.568,82.568,82.517,82.568,0.0948
10.07.2019 15:42:00.000,82.568,82.607,82.527,82.578,0.1525
10.07.2019 15:43:00.000,82.578,82.608,82.538,82.607,0.0625
10.07.2019 15:44:00.000,82.597,82.608,82.557,82.607,0.0841
10.07.2019 15:45:00.000,82.608,82.618,82.488,82.507,0.1287
10.07.2019 15:46:00.000,82.507,82.507,82.438,82.467,0.0381
10.07.2019 15:47:00.000,82.468,82.528,82.468,82.518,0.1572
10.07.2019 15:48:00.000,82.528,82.548,82.487,82.487,0.0469
10.07.2019 15:49:00.000,82.498,82.508,82.477,82.507,0.0661
10.07.2019 15:50:00.000,82.527,82.568,82.518,82.518,0.1306
10.07.2019 15:51:00.000,82.518,82.538,82.497,82.538,0.05
10.07.2019 15:52:00.000,82.527,82.548,82.488,82.498,0.0761
10.07.2019 15:53:00.000,82.517,82.528,82.447,82.498,0.1511
10.07.2019 15:54:00.000,82.488,82.518,82.438,82.498,0.0988
10.07.2019 15:55:00.000,82.498,82.498,82.447,82.448,0.1013
10.07.2019 15:56:00.000,82.447,82.448,82.377,82.377,0.0478
10.07.2019 15:57:00.000,82.378,82.418,82.368,82.418,0.155
10.07.2019 15:58:00.000,82.408,82.438,82.387,82.418,0.1429
10.07.2019 15:59:00.000,82.417,82.438,82.317,82.327,0.0797
10.07.2019 16:00:00.000,82.327,82.418,82.327,82.378,0.1042
10.07.2019 16:01:00.000,82.357,82.368,82.347,82.348,0.0136
10.07.2019 16:02:00.000,82.348,82.418,82.347,82.378,0.0677
10.07.2019 16:03:00.000,82.388,82.388,82.298,82.318,0.1317
10.07.2019 16:04:00.000,82.318,82.318,82.277,82.308,0.0475
10.07.2019 16:05:00.000,82.317,82.348,82.297,82.298,0.018
10.07.2019 16:06:00.000,82.297,82.298,82.218,82.218,0.0283
10.07.2019 16:07:00.000,82.217,82.278,82.217,82.258,0.0271
10.07.2019 16:08:00.000,82.258,82.318,82.258,82.317,0.0188
10.07.2019 16:09:00.000,82.328,82.358,82.288,82.288,0.0715
10.07.2019 16:10:00.000,82.287,82.308,82.277,82.288,0.0447
10.07.2019 16:11:00.000,82.308,82.308,82.227,82.228,0.0857
10.07.2019 16:12:00.000,82.227,82.227,82.198,82.198,0.0541
10.07.2019 16:13:00.000,82.198,82.198,82.168,82.168,0.0715
10.07.2019 16:14:00.000,82.168,82.258,82.168,82.228,0.1305
10.07.2019 16:15:00.000,82.227,82.238,82.198,82.198,0.0203
10.07.2019 16:16:00.000,82.207,82.238,82.188,82.188,0.0421
10.07.2019 16:17:00.000,82.178,82.198,82.148,82.158,0.1291
10.07.2019 16:18:00.000,82.148,82.178,82.148,82.167,0.0389
10.07.2019 16:19:00.000,82.148,82.188,82.137,82.188,0.0314
10.07.2019 16:20:00.000,82.198,82.208,82.178,82.208,0.048
10.07.2019 16:21:00.000,82.227,82.248,82.218,82.248,0.0201
10.07.2019 16:22:00.000,82.248,82.288,82.247,82.268,0.0318
10.07.2019 16:23:00.000,82.267,82.268,82.247,82.268,0.01
10.07.2019 16:24:00.000,82.268,82.328,82.227,82.228,0.0773
10.07.2019 16:25:00.000,82.237,82.237,82.217,82.218,0.016
10.07.2019 16:26:00.000,82.218,82.218,82.168,82.208,0.0179
10.07.2019 16:27:00.000,82.198,82.278,82.198,82.278,0.0939
10.07.2019 16:28:00.000,82.278,82.298,82.257,82.287,0.0576
10.07.2019 16:29:00.000,82.288,82.318,82.288,82.298,0.0422
10.07.2019 16:30:00.000,82.308,82.348,82.307,82.328,0.0318
10.07.2019 16:31:00.000,82.328,82.358,82.308,82.328,0.0122
10.07.2019 16:32:00.000,82.327,82.328,82.327,82.328,0.0019
10.07.2019 16:33:00.000,82.347,82.388,82.338,82.388,0.0214
10.07.2019 16:34:00.000,82.398,82.458,82.388,82.458,0.0367
10.07.2019 16:35:00.000,82.458,82.508,82.458,82.488,0.0698
10.07.2019 16:36:00.000,82.468,82.508,82.438,82.448,0.1128
10.07.2019 16:37:00.000,82.448,82.448,82.368,82.378,0.0594
10.07.2019 16:38:00.000,82.377,82.428,82.358,82.358,0.0808
10.07.2019 16:39:00.000,82.368,82.408,82.368,82.378,0.0171
10.07.2019 16:40:00.000,82.377,82.408,82.377,82.387,0.0031
10.07.2019 16:41:00.000,82.387,82.408,82.347,82.378,0.1433
10.07.2019 16:42:00.000,82.367,82.377,82.347,82.367,0.0651
10.07.2019 16:43:00.000,82.378,82.428,82.378,82.418,0.0629
10.07.2019 16:44:00.000,82.417,82.438,82.358,82.438,0.1043
10.07.2019 16:45:00.000,82.437,82.438,82.408,82.408,0.0012
10.07.2019 16:46:00.000,82.417,82.438,82.367,82.367,0.046
10.07.2019 16:47:00.000,82.368,82.398,82.367,82.368,0.0256
10.07.2019 16:48:00.000,82.368,82.378,82.318,82.368,0.0886
10.07.2019 16:49:00.000,82.368,82.418,82.338,82.358,0.0439
10.07.2019 16:50:00.000,82.358,82.358,82.327,82.338,0.0025
10.07.2019 16:51:00.000,82.338,82.338,82.287,82.287,0.0164
10.07.2019 16:52:00.000,82.287,82.318,82.267,82.308,0.0631
10.07.2019 16:53:00.000,82.277,82.308,82.268,82.307,0.0259
10.07.2019 16:54:00.000,82.317,82.358,82.298,82.348,0.0257
10.07.2019 16:55:00.000,82.347,82.368,82.347,82.348,0.0298
10.07.2019 16:56:00.000,82.348,82.367,82.297,82.328,0.0939
10.07.2019 16:57:00.000,82.328,82.328,82.288,82.297,0.0634
10.07.2019 16:58:00.000,82.287,82.287,82.237,82.268,0.0768
10.07.2019 16:59:00.000,82.268,82.278,82.208,82.208,0.1119
10.07.2019 17:00:00.000,82.208,82.258,82.208,82.248,0.1031
10.07.2019 17:01:00.000,82.248,82.308,82.248,82.307,0.1027
10.07.2019 17:02:00.000,82.298,82.328,82.287,82.288,0.0626
10.07.2019 17:03:00.000,82.288,82.298,82.268,82.298,0.0514
10.07.2019 17:04:00.000,82.298,82.318,82.267,82.268,0.0535
10.07.2019 17:05:00.000,82.268,82.308,82.257,82.298,0.0633
10.07.2019 17:06:00.000,82.307,82.358,82.307,82.357,0.0362
10.07.2019 17:07:00.000,82.358,82.398,82.338,82.398,0.0126
10.07.2019 17:08:00.000,82.398,82.418,82.367,82.378,0.0714
10.07.2019 17:09:00.000,82.358,82.407,82.358,82.358,0.063
10.07.2019 17:10:00.000,82.368,82.368,82.357,82.358,0.0653
10.07.2019 17:11:00.000,82.367,82.418,82.358,82.398,0.0931
10.07.2019 17:12:00.000,82.407,82.407,82.357,82.357,0.0094
10.07.2019 17:13:00.000,82.358,82.368,82.327,82.338,0.0378
10.07.2019 17:14:00.000,82.338,82.378,82.327,82.368,0.0385
10.07.2019 17:15:00.000,82.368,82.388,82.358,82.358,0.0508
10.07.2019 17:16:00.000,82.368,82.398,82.357,82.398,0.041
10.07.2019 17:17:00.000,82.407,82.428,82.407,82.408,0.1227
10.07.2019 17:18:00.000,82.398,82.418,82.388,82.388,0.0464
10.07.2019 17:19:00.000,82.387,82.418,82.387,82.417,0.0097
10.07.2019 17:20:00.000,82.418,82.438,82.418,82.428,0.0219
10.07.2019 17:21:00.000,82.438,82.468,82.437,82.458,0.0311
10.07.2019 17:22:00.000,82.457,82.458,82.447,82.447,0.0232
10.07.2019 17:23:00.000,82.448,82.448,82.407,82.417,0.0454
10.07.2019 17:24:00.000,82.417,82.418,82.388,82.408,0.0899
10.07.2019 17:25:00.000,82.418,82.418,82.397,82.398,0.0559
10.07.2019 17:26:00.000,82.397,82.468,82.397,82.458,0.1039
10.07.2019 17:27:00.000,82.458,82.488,82.438,82.448,0.0677
10.07.2019 17:28:00.000,82.458,82.468,82.427,82.428,0.1152
10.07.2019 17:29:00.000,82.428,82.428,82.387,82.387,0.0824
10.07.2019 17:30:00.000,82.398,82.398,82.367,82.378,0.1727
10.07.2019 17:31:00.000,82.378,82.418,82.377,82.388,0.0777
10.07.2019 17:32:00.000,82.397,82.428,82.397,82.398,0.0473
10.07.2019 17:33:00.000,82.397,82.418,82.397,82.418,0.0273
10.07.2019 17:34:00.000,82.418,82.418,82.378,82.398,0.1162
10.07.2019 17:35:00.000,82.408,82.448,82.367,82.427,0.0586
10.07.2019 17:36:00.000,82.437,82.478,82.417,82.437,0.0432
10.07.2019 17:37:00.000,82.428,82.428,82.398,82.407,0.0112
10.07.2019 17:38:00.000,82.417,82.448,82.417,82.418,0.0739
10.07.2019 17:39:00.000,82.417,82.428,82.378,82.388,0.0916
10.07.2019 17:40:00.000,82.388,82.388,82.367,82.387,0.0379
10.07.2019 17:41:00.000,82.388,82.438,82.387,82.438,0.0266
10.07.2019 17:42:00.000,82.428,82.468,82.428,82.458,0.021
10.07.2019 17:43:00.000,82.438,82.488,82.437,82.458,0.0635
10.07.2019 17:44:00.000,82.458,82.468,82.437,82.458,0.1096
10.07.2019 17:45:00.000,82.458,82.468,82.437,82.448,0.0446
10.07.2019 17:46:00.000,82.448,82.508,82.447,82.498,0.0107
10.07.2019 17:47:00.000,82.498,82.498,82.458,82.468,0.013
10.07.2019 17:48:00.000,82.458,82.458,82.417,82.418,0.0418
10.07.2019 17:49:00.000,82.418,82.498,82.418,82.498,0.0633
10.07.2019 17:50:00.000,82.497,82.508,82.487,82.497,0.0569
10.07.2019 17:51:00.000,82.507,82.528,82.487,82.498,0.0482
10.07.2019 17:52:00.000,82.488,82.508,82.487,82.488,0.0917
10.07.2019 17:53:00.000,82.498,82.508,82.487,82.487,0.0135
10.07.2019 17:54:00.000,82.488,82.488,82.487,82.487,0.0027
10.07.2019 17:55:00.000,82.488,82.508,82.487,82.498,0.0107
10.07.2019 17:56:00.000,82.498,82.517,82.498,82.517,0.0348
10.07.2019 17:57:00.000,82.517,82.568,82.508,82.568,0.0451
10.07.2019 17:58:00.000,82.568,82.598,82.507,82.517,0.095
10.07.2019 17:59:00.000,82.518,82.548,82.507,82.548,0.0128
10.07.2019 18:00:00.000,82.557,82.598,82.527,82.548,0.1139
10.07.2019 18:01:00.000,82.547,82.558,82.527,82.538,0.0226
10.07.2019 18:02:00.000,82.538,82.538,82.507,82.528,0.017
10.07.2019 18:03:00.000,82.518,82.548,82.517,82.537,0.0655
10.07.2019 18:04:00.000,82.547,82.568,82.498,82.498,0.1155
10.07.2019 18:05:00.000,82.508,82.528,82.477,82.498,0.1475
10.07.2019 18:06:00.000,82.498,82.508,82.457,82.458,0.0512
10.07.2019 18:07:00.000,82.458,82.498,82.458,82.488,0.0243
10.07.2019 18:08:00.000,82.488,82.508,82.487,82.497,0.029
10.07.2019 18:09:00.000,82.488,82.518,82.487,82.498,0.0291
10.07.2019 18:10:00.000,82.508,82.508,82.487,82.488,0.0126
10.07.2019 18:11:00.000,82.498,82.548,82.497,82.548,0.028
10.07.2019 18:12:00.000,82.547,82.628,82.547,82.598,0.0821
10.07.2019 18:13:00.000,82.607,82.638,82.587,82.638,0.0507
10.07.2019 18:14:00.000,82.638,82.678,82.637,82.678,0.0566
10.07.2019 18:15:00.000,82.678,82.728,82.677,82.688,0.1054
10.07.2019 18:16:00.000,82.688,82.708,82.668,82.707,0.035
10.07.2019 18:17:00.000,82.708,82.778,82.708,82.778,0.0357
10.07.2019 18:18:00.000,82.778,82.828,82.778,82.808,0.0537
10.07.2019 18:19:00.000,82.817,82.828,82.757,82.768,0.0378
10.07.2019 18:20:00.000,82.767,82.777,82.757,82.777,0.0288
10.07.2019 18:21:00.000,82.777,82.778,82.747,82.767,0.0887
10.07.2019 18:22:00.000,82.758,82.778,82.737,82.768,0.0529
10.07.2019 18:23:00.000,82.767,82.828,82.737,82.817,0.1423
10.07.2019 18:24:00.000,82.808,82.858,82.807,82.858,0.1795
10.07.2019 18:25:00.000,82.857,82.938,82.848,82.908,0.0604
10.07.2019 18:26:00.000,82.918,82.938,82.687,82.738,0.2779
10.07.2019 18:27:00.000,82.747,82.757,82.718,82.748,0.0785
10.07.2019 18:28:00.000,82.748,82.758,82.717,82.728,0.0869
10.07.2019 18:29:00.000,82.727,82.738,82.698,82.738,0.0582
10.07.2019 18:30:00.000,82.728,82.798,82.727,82.797,0.0825
10.07.2019 18:31:00.000,82.798,82.848,82.798,82.848,0.1192
10.07.2019 18:32:00.000,82.858,82.958,82.858,82.958,0.1273
10.07.2019 18:33:00.000,82.978,83.048,82.978,83.048,0.1091
10.07.2019 18:34:00.000,83.038,83.087,83.007,83.017,0.1714
10.07.2019 18:35:00.000,83.017,83.017,82.918,82.918,0.0795
10.07.2019 18:36:00.000,82.927,82.938,82.887,82.888,0.0867
10.07.2019 18:37:00.000,82.888,82.898,82.867,82.897,0.0909
10.07.2019 18:38:00.000,82.887,82.908,82.867,82.898,0.0565
10.07.2019 18:39:00.000,82.897,82.948,82.897,82.947,0.0494
10.07.2019 18:40:00.000,82.948,82.958,82.927,82.947,0.1275
10.07.2019 18:41:00.000,82.948,82.958,82.918,82.947,0.0241
10.07.2019 18:42:00.000,82.948,82.958,82.928,82.948,0.0286
10.07.2019 18:43:00.000,82.947,82.978,82.917,82.958,0.048
10.07.2019 18:44:00.000,82.958,83.078,82.957,83.077,0.048
10.07.2019 18:45:00.000,83.077,83.098,83.057,83.098,0.1534
10.07.2019 18:46:00.000,83.097,83.118,83.067,83.108,0.1067
10.07.2019 18:47:00.000,83.117,83.168,83.117,83.157,0.0896
10.07.2019 18:48:00.000,83.168,83.198,83.158,83.198,0.0797
10.07.2019 18:49:00.000,83.208,83.208,83.067,83.067,0.1034
10.07.2019 18:50:00.000,83.068,83.088,82.947,82.958,0.1841
10.07.2019 18:51:00.000,82.978,82.997,82.908,82.938,0.0945
10.07.2019 18:52:00.000,82.938,82.958,82.927,82.928,0.0712
10.07.2019 18:53:00.000,82.918,82.928,82.867,82.898,0.0247
10.07.2019 18:54:00.000,82.908,83.008,82.907,83.007,0.0698
10.07.2019 18:55:00.000,83.007,83.017,82.937,82.938,0.0794
10.07.2019 18:56:00.000,82.947,82.968,82.918,82.928,0.0655
10.07.2019 18:57:00.000,82.937,82.978,82.937,82.978,0.0286
10.07.2019 18:58:00.000,82.987,82.987,82.917,82.957,0.056
10.07.2019 18:59:00.000,82.967,82.968,82.938,82.948,0.024
10.07.2019 19:00:00.000,82.957,83.017,82.948,82.977,0.1535
10.07.2019 19:01:00.000,82.978,83.008,82.947,82.957,0.0897
10.07.2019 19:02:00.000,82.958,82.998,82.937,82.998,0.1124
10.07.2019 19:03:00.000,82.997,83.037,82.967,83.037,0.0348
10.07.2019 19:04:00.000,83.037,83.068,83.027,83.068,0.0693
10.07.2019 19:05:00.000,83.067,83.078,83.037,83.068,0.0304
10.07.2019 19:06:00.000,83.067,83.088,83.038,83.078,0.056
10.07.2019 19:07:00.000,83.077,83.098,83.028,83.028,0.121
10.07.2019 19:08:00.000,83.027,83.078,83.017,83.077,0.07
10.07.2019 19:09:00.000,83.078,83.128,83.077,83.098,0.1277
10.07.2019 19:10:00.000,83.107,83.188,83.097,83.167,0.0841
10.07.2019 19:11:00.000,83.168,83.228,83.167,83.208,0.0627
10.07.2019 19:12:00.000,83.198,83.228,83.158,83.187,0.1576
10.07.2019 19:13:00.000,83.188,83.228,83.187,83.218,0.0663
10.07.2019 19:14:00.000,83.217,83.258,83.217,83.238,0.0503
10.07.2019 19:15:00.000,83.238,83.278,83.227,83.228,0.1294
10.07.2019 19:16:00.000,83.227,83.308,83.188,83.298,0.0904
10.07.2019 19:17:00.000,83.307,83.308,83.258,83.298,0.0563
10.07.2019 19:18:00.000,83.298,83.318,83.277,83.278,0.1242
10.07.2019 19:19:00.000,83.277,83.298,83.227,83.237,0.1098
10.07.2019 19:20:00.000,83.238,83.268,83.237,83.268,0.0361
10.07.2019 19:21:00.000,83.258,83.268,83.247,83.258,0.0659
10.07.2019 19:22:00.000,83.258,83.278,83.237,83.278,0.1134
10.07.2019 19:23:00.000,83.278,83.298,83.268,83.287,0.1151
10.07.2019 19:24:00.000,83.288,83.308,83.277,83.308,0.0587
10.07.2019 19:25:00.000,83.308,83.337,83.297,83.298,0.092
10.07.2019 19:26:00.000,83.326,83.348,83.307,83.338,0.0545
10.07.2019 19:27:00.000,83.348,83.387,83.337,83.358,0.1218
10.07.2019 19:28:00.000,83.358,83.408,83.337,83.397,0.1665
10.07.2019 19:29:00.000,83.398,83.428,83.398,83.418,0.0867
10.07.2019 19:30:00.000,83.428,83.468,83.387,83.388,0.1715
10.07.2019 19:31:00.000,83.378,83.378,83.347,83.368,0.1124
10.07.2019 19:32:00.000,83.368,83.417,83.337,83.398,0.129
10.07.2019 19:33:00.000,83.388,83.398,83.357,83.367,0.0659
10.07.2019 19:34:00.000,83.368,83.488,83.368,83.487,0.1303
10.07.2019 19:35:00.000,83.478,83.488,83.387,83.388,0.0962
10.07.2019 19:36:00.000,83.387,83.388,83.297,83.297,0.086
10.07.2019 19:37:00.000,83.298,83.308,83.267,83.297,0.0927
10.07.2019 19:38:00.000,83.278,83.288,83.218,83.218,0.0586
10.07.2019 19:39:00.000,83.227,83.238,83.207,83.208,0.166
10.07.2019 19:40:00.000,83.218,83.318,83.218,83.318,0.1739
10.07.2019 19:41:00.000,83.318,83.318,83.288,83.298,0.0693
10.07.2019 19:42:00.000,83.298,83.298,83.208,83.208,0.1143
10.07.2019 19:43:00.000,83.207,83.258,83.207,83.257,0.0861
10.07.2019 19:44:00.000,83.258,83.268,83.237,83.248,0.0503
10.07.2019 19:45:00.000,83.247,83.248,83.207,83.238,0.0769
10.07.2019 19:46:00.000,83.248,83.388,83.247,83.358,0.1055
10.07.2019 19:47:00.000,83.358,83.368,83.327,83.358,0.0504
10.07.2019 19:48:00.000,83.357,83.378,83.327,83.378,0.1351
10.07.2019 19:49:00.000,83.377,83.378,83.318,83.367,0.1635
10.07.2019 19:50:00.000,83.368,83.498,83.368,83.478,0.1629
10.07.2019 19:51:00.000,83.478,83.518,83.397,83.518,0.1331
10.07.2019 19:52:00.000,83.528,83.528,83.397,83.398,0.1893
10.07.2019 19:53:00.000,83.388,83.528,83.388,83.527,0.1358
10.07.2019 19:54:00.000,83.528,83.628,83.517,83.597,0.1278
10.07.2019 19:55:00.000,83.608,83.618,83.557,83.588,0.1747
10.07.2019 19:56:00.000,83.578,83.627,83.538,83.618,0.2107
10.07.2019 19:57:00.000,83.617,83.618,83.478,83.478,0.1872
10.07.2019 19:58:00.000,83.478,83.487,83.348,83.368,0.2654
10.07.2019 19:59:00.000,83.377,83.397,83.307,83.378,0.3939
11.07.2019 13:30:00.000,83.498,84.068,83.498,83.678,0.0091
11.07.2019 13:31:00.000,83.936,84.057,83.936,83.988,0.1
11.07.2019 13:32:00.000,83.968,83.998,83.968,83.998,0.0766
11.07.2019 13:33:00.000,83.998,83.998,83.828,83.978,0.0862
11.07.2019 13:34:00.000,83.977,84.048,83.898,83.938,0.0337
11.07.2019 13:35:00.000,83.937,84.097,83.937,83.998,0.0566
11.07.2019 13:36:00.000,83.997,84.047,83.927,83.968,0.0137
11.07.2019 13:37:00.000,83.967,84.168,83.967,84.168,0.0336
11.07.2019 13:38:00.000,84.167,84.227,84.038,84.038,0.0109
11.07.2019 13:39:00.000,84.047,84.268,84.047,84.207,0.0191
11.07.2019 13:40:00.000,84.217,84.248,84.137,84.178,0.1183
11.07.2019 13:41:00.000,84.148,84.228,84.147,84.207,0.0574
11.07.2019 13:42:00.000,84.208,84.257,84.187,84.198,0.0344
11.07.2019 13:43:00.000,84.208,84.258,84.137,84.197,0.0881
11.07.2019 13:44:00.000,84.197,84.248,84.197,84.208,0.0165
11.07.2019 13:45:00.000,84.208,84.287,84.187,84.188,0.1473
11.07.2019 13:46:00.000,84.188,84.198,84.007,84.007,0.0517
11.07.2019 13:47:00.000,84.008,84.057,83.947,83.947,0.033
11.07.2019 13:48:00.000,83.938,84.128,83.938,84.128,0.093
11.07.2019 13:49:00.000,84.117,84.158,84.068,84.098,0.0198
11.07.2019 13:50:00.000,84.098,84.108,83.918,83.958,0.1213
11.07.2019 13:51:00.000,83.957,84.098,83.918,83.998,0.0703
11.07.2019 13:52:00.000,84.007,84.088,83.987,84.078,0.1652
11.07.2019 13:53:00.000,84.087,84.268,84.087,84.238,0.152
11.07.2019 13:54:00.000,84.237,84.257,84.208,84.238,0.0745
11.07.2019 13:55:00.000,84.238,84.238,84.197,84.227,0.0571
11.07.2019 13:56:00.000,84.208,84.278,84.177,84.218,0.0794
11.07.2019 13:57:00.000,84.238,84.268,84.188,84.268,0.0288
11.07.2019 13:58:00.000,84.278,84.308,84.238,84.238,0.1087
11.07.2019 13:59:00.000,84.248,84.248,84.197,84.198,0.0659
11.07.2019 14:00:00.000,84.197,84.268,84.017,84.017,0.1211
11.07.2019 14:01:00.000,84.038,84.127,84.028,84.038,0.0563
11.07.2019 14:02:00.000,84.068,84.168,84.007,84.148,0.0765
11.07.2019 14:03:00.000,84.147,84.148,84.037,84.048,0.0807
11.07.2019 14:04:00.000,84.058,84.058,83.918,83.958,0.0342
11.07.2019 14:05:00.000,83.958,83.998,83.947,83.947,0.0501
11.07.2019 14:06:00.000,83.948,84.028,83.947,83.988,0.0058
11.07.2019 14:07:00.000,83.988,84.018,83.947,84.018,0.1325
11.07.2019 14:08:00.000,84.018,84.048,84.007,84.028,0.059
11.07.2019 14:09:00.000,84.027,84.078,84.018,84.038,0.0765
11.07.2019 14:10:00.000,84.037,84.037,83.977,83.988,0.0829
11.07.2019 14:11:00.000,83.988,84.017,83.947,83.968,0.0763
11.07.2019 14:12:00.000,83.968,84.028,83.948,83.988,0.0541
11.07.2019 14:13:00.000,83.988,83.998,83.958,83.978,0.0627
11.07.2019 14:14:00.000,83.988,83.998,83.917,83.957,0.0815
11.07.2019 14:15:00.000,83.958,84.018,83.958,84.018,0.0318
11.07.2019 14:16:00.000,84.027,84.048,84.027,84.028,0.0198
11.07.2019 14:17:00.000,84.027,84.057,83.877,83.877,0.1488
11.07.2019 14:18:00.000,83.887,83.897,83.858,83.858,0.009
11.07.2019 14:19:00.000,83.838,83.848,83.738,83.768,0.128
11.07.2019 14:20:00.000,83.758,83.778,83.728,83.737,0.0218
11.07.2019 14:21:00.000,83.757,83.838,83.757,83.838,0.0042
11.07.2019 14:22:00.000,83.837,83.928,83.837,83.868,0.0259
11.07.2019 14:23:00.000,83.868,83.868,83.778,83.778,0.0389
11.07.2019 14:24:00.000,83.777,83.808,83.728,83.728,0.0176
11.07.2019 14:25:00.000,83.758,83.848,83.758,83.817,0.0402
11.07.2019 14:26:00.000,83.818,83.848,83.807,83.828,0.0329
11.07.2019 14:27:00.000,83.827,83.827,83.787,83.808,0.0241
11.07.2019 14:28:00.000,83.807,83.807,83.747,83.758,0.0165
11.07.2019 14:29:00.000,83.758,83.778,83.728,83.748,0.0345
11.07.2019 14:30:00.000,83.728,83.728,83.687,83.687,0.0345
11.07.2019 14:31:00.000,83.708,83.708,83.647,83.668,0.0651
11.07.2019 14:32:00.000,83.658,83.718,83.658,83.718,0.0254
11.07.2019 14:33:00.000,83.698,83.718,83.667,83.708,0.057
11.07.2019 14:34:00.000,83.707,83.848,83.688,83.818,0.0375
11.07.2019 14:35:00.000,83.818,83.838,83.757,83.788,0.0154
11.07.2019 14:36:00.000,83.808,83.838,83.787,83.798,0.159
11.07.2019 14:37:00.000,83.798,83.807,83.688,83.707,0.0911
11.07.2019 14:38:00.000,83.708,83.728,83.658,83.718,0.0416
11.07.2019 14:39:00.000,83.718,83.727,83.698,83.698,0.0395
11.07.2019 14:40:00.000,83.707,83.748,83.707,83.748,0.1303
11.07.2019 14:41:00.000,83.748,83.758,83.747,83.747,0.0123
11.07.2019 14:42:00.000,83.758,83.798,83.748,83.748,0.1005
11.07.2019 14:43:00.000,83.748,83.758,83.648,83.668,0.1335
11.07.2019 14:44:00.000,83.667,83.668,83.608,83.648,0.1365
11.07.2019 14:45:00.000,83.648,83.687,83.618,83.618,0.0753
11.07.2019 14:46:00.000,83.607,83.648,83.597,83.628,0.0596
11.07.2019 14:47:00.000,83.627,83.708,83.588,83.698,0.0306
11.07.2019 14:48:00.000,83.698,83.708,83.668,83.697,0.0104
11.07.2019 14:49:00.000,83.697,83.768,83.697,83.758,0.0375
11.07.2019 14:50:00.000,83.768,83.768,83.737,83.747,0.1046
11.07.2019 14:51:00.000,83.747,83.767,83.728,83.738,0.0284
11.07.2019 14:52:00.000,83.727,83.727,83.627,83.627,0.0675
11.07.2019 14:53:00.000,83.628,83.668,83.628,83.668,0.0203
11.07.2019 14:54:00.000,83.688,83.758,83.688,83.748,0.0023
11.07.2019 14:55:00.000,83.748,83.748,83.668,83.668,0.0799
11.07.2019 14:56:00.000,83.668,83.668,83.587,83.588,0.0329
11.07.2019 14:57:00.000,83.588,83.598,83.547,83.548,0.0601
11.07.2019 14:58:00.000,83.547,83.658,83.547,83.657,0.0769
11.07.2019 14:59:00.000,83.658,83.718,83.658,83.688,0.049
11.07.2019 15:00:00.000,83.687,83.728,83.667,83.728,0.0486
11.07.2019 15:01:00.000,83.728,83.728,83.698,83.728,0.0359
11.07.2019 15:02:00.000,83.727,83.748,83.698,83.698,0.0802
11.07.2019 15:03:00.000,83.688,83.748,83.688,83.747,0.0706
11.07.2019 15:04:00.000,83.748,83.818,83.748,83.798,0.0787
11.07.2019 15:05:00.000,83.798,83.798,83.708,83.748,0.0904
11.07.2019 15:06:00.000,83.747,83.768,83.747,83.747,0.0248
11.07.2019 15:07:00.000,83.758,83.758,83.728,83.738,0.0358
11.07.2019 15:08:00.000,83.738,83.748,83.728,83.738,0.0623
11.07.2019 15:09:00.000,83.738,83.828,83.737,83.828,0.0165
11.07.2019 15:10:00.000,83.828,83.868,83.817,83.827,0.1101
11.07.2019 15:11:00.000,83.827,83.898,83.818,83.898,0.0317
11.07.2019 15:12:00.000,83.898,83.928,83.887,83.928,0.0229
11.07.2019 15:13:00.000,83.927,84.027,83.927,83.948,0.0887
11.07.2019 15:14:00.000,83.957,84.008,83.948,83.948,0.0569
11.07.2019 15:15:00.000,83.947,83.998,83.947,83.998,0.0204
11.07.2019 15:16:00.000,84.018,84.058,84.017,84.048,0.0216
11.07.2019 15:17:00.000,84.047,84.078,84.027,84.078,0.0373
11.07.2019 15:18:00.000,84.077,84.118,84.077,84.087,0.0934
11.07.2019 15:19:00.000,84.087,84.098,84.077,84.097,0.1255
11.07.2019 15:20:00.000,84.098,84.098,84.088,84.088,0.047
11.07.2019 15:21:00.000,84.097,84.098,84.097,84.098,0.0007
11.07.2019 15:22:00.000,84.118,84.138,84.097,84.097,0.0485
11.07.2019 15:23:00.000,84.118,84.138,84.097,84.098,0.0115
11.07.2019 15:24:00.000,84.108,84.108,84.027,84.038,0.0499
11.07.2019 15:25:00.000,84.038,84.078,84.038,84.068,0.0428
11.07.2019 15:26:00.000,84.068,84.078,84.037,84.037,0.0204
11.07.2019 15:27:00.000,84.038,84.038,84.037,84.038,0.0024
11.07.2019 15:28:00.000,84.047,84.078,84.047,84.078,0.0657
11.07.2019 15:29:00.000,84.078,84.118,84.028,84.028,0.0485
11.07.2019 15:30:00.000,84.028,84.087,84.028,84.068,0.0633
11.07.2019 15:31:00.000,84.068,84.098,84.058,84.087,0.1199
11.07.2019 15:32:00.000,84.088,84.117,84.088,84.117,0.031
11.07.2019 15:33:00.000,84.117,84.188,84.117,84.188,0.0964
11.07.2019 15:34:00.000,84.187,84.248,84.187,84.248,0.0559
11.07.2019 15:35:00.000,84.247,84.268,84.197,84.198,0.0307
11.07.2019 15:36:00.000,84.208,84.208,84.127,84.128,0.0373
11.07.2019 15:37:00.000,84.128,84.138,84.067,84.117,0.0709
11.07.2019 15:38:00.000,84.117,84.118,84.037,84.048,0.054
11.07.2019 15:39:00.000,84.037,84.098,84.037,84.087,0.0375
11.07.2019 15:40:00.000,84.088,84.138,84.088,84.097,0.0428
11.07.2019 15:41:00.000,84.098,84.167,84.087,84.148,0.0627
11.07.2019 15:42:00.000,84.147,84.198,84.147,84.198,0.0191
11.07.2019 15:43:00.000,84.198,84.227,84.197,84.218,0.1095
11.07.2019 15:44:00.000,84.217,84.228,84.197,84.217,0.0847
11.07.2019 15:45:00.000,84.238,84.288,84.238,84.278,0.0317
11.07.2019 15:46:00.000,84.278,84.308,84.277,84.307,0.0264
11.07.2019 15:47:00.000,84.308,84.388,84.307,84.387,0.0416
11.07.2019 15:48:00.000,84.388,84.418,84.328,84.338,0.0399
11.07.2019 15:49:00.000,84.328,84.368,84.328,84.348,0.0035
11.07.2019 15:50:00.000,84.338,84.378,84.338,84.347,0.0352
11.07.2019 15:51:00.000,84.348,84.348,84.338,84.348,0.0181
11.07.2019 15:52:00.000,84.348,84.348,84.328,84.328,0.0277
11.07.2019 15:53:00.000,84.328,84.358,84.287,84.288,0.0448
11.07.2019 15:54:00.000,84.287,84.298,84.248,84.248,0.0497
11.07.2019 15:55:00.000,84.248,84.278,84.237,84.268,0.0445
11.07.2019 15:56:00.000,84.268,84.268,84.217,84.218,0.0898
11.07.2019 15:57:00.000,84.188,84.198,84.138,84.197,0.0768
11.07.2019 15:58:00.000,84.198,84.198,84.148,84.168,0.02
11.07.2019 15:59:00.000,84.167,84.198,84.167,84.178,0.0571
11.07.2019 16:00:00.000,84.178,84.198,84.178,84.188,0.032
11.07.2019 16:01:00.000,84.198,84.198,84.137,84.168,0.0502
11.07.2019 16:02:00.000,84.158,84.228,84.158,84.228,0.0175
11.07.2019 16:03:00.000,84.228,84.258,84.187,84.208,0.0409
11.07.2019 16:04:00.000,84.188,84.208,84.128,84.188,0.0258
11.07.2019 16:05:00.000,84.178,84.178,84.167,84.167,0.0008
11.07.2019 16:06:00.000,84.167,84.188,84.128,84.147,0.0953
11.07.2019 16:07:00.000,84.148,84.198,84.147,84.198,0.0388
11.07.2019 16:08:00.000,84.198,84.217,84.198,84.207,0.0856
11.07.2019 16:09:00.000,84.208,84.258,84.187,84.257,0.026
11.07.2019 16:10:00.000,84.258,84.298,84.208,84.208,0.0556
11.07.2019 16:11:00.000,84.228,84.278,84.227,84.268,0.0656
11.07.2019 16:12:00.000,84.268,84.328,84.258,84.328,0.0687
11.07.2019 16:13:00.000,84.308,84.308,84.297,84.308,0.0039
11.07.2019 16:14:00.000,84.307,84.328,84.307,84.328,0.0043
11.07.2019 16:15:00.000,84.328,84.328,84.288,84.307,0.0722
11.07.2019 16:16:00.000,84.308,84.318,84.288,84.308,0.0444
11.07.2019 16:17:00.000,84.308,84.318,84.297,84.318,0.0179
11.07.2019 16:18:00.000,84.317,84.348,84.317,84.338,0.0094
11.07.2019 16:19:00.000,84.337,84.338,84.308,84.318,0.0219
11.07.2019 16:20:00.000,84.318,84.348,84.318,84.328,0.0098
11.07.2019 16:21:00.000,84.328,84.338,84.327,84.338,0.0309
11.07.2019 16:22:00.000,84.338,84.358,84.337,84.358,0.0419
11.07.2019 16:23:00.000,84.357,84.358,84.308,84.328,0.0732
11.07.2019 16:24:00.000,84.328,84.388,84.328,84.368,0.0231
11.07.2019 16:25:00.000,84.368,84.368,84.318,84.318,0.044
11.07.2019 16:26:00.000,84.308,84.328,84.298,84.318,0.0962
11.07.2019 16:27:00.000,84.318,84.328,84.307,84.328,0.0369
11.07.2019 16:28:00.000,84.328,84.388,84.328,84.388,0.0131
11.07.2019 16:29:00.000,84.406,84.408,84.378,84.378,0.0347
11.07.2019 16:30:00.000,84.377,84.388,84.357,84.387,0.0344
11.07.2019 16:31:00.000,84.388,84.428,84.388,84.421,0.0207
11.07.2019 16:32:00.000,84.423,84.448,84.387,84.448,0.02
11.07.2019 16:33:00.000,84.447,84.568,84.447,84.567,0.0216
11.07.2019 16:34:00.000,84.568,84.608,84.518,84.557,0.0819
11.07.2019 16:35:00.000,84.558,84.568,84.508,84.508,0.0526
11.07.2019 16:36:00.000,84.507,84.557,84.507,84.548,0.0292
11.07.2019 16:37:00.000,84.548,84.548,84.488,84.498,0.08
11.07.2019 16:38:00.000,84.498,84.498,84.368,84.397,0.0914
11.07.2019 16:39:00.000,84.397,84.398,84.378,84.388,0.1165
11.07.2019 16:40:00.000,84.387,84.438,84.387,84.438,0.0287
11.07.2019 16:41:00.000,84.448,84.528,84.448,84.507,0.0585
11.07.2019 16:42:00.000,84.507,84.547,84.498,84.547,0.0262
11.07.2019 16:43:00.000,84.548,84.548,84.507,84.507,0.0172
11.07.2019 16:44:00.000,84.507,84.507,84.457,84.478,0.0347
11.07.2019 16:45:00.000,84.478,84.518,84.478,84.518,0.0928
11.07.2019 16:46:00.000,84.518,84.538,84.508,84.538,0.0643
11.07.2019 16:47:00.000,84.558,84.568,84.537,84.538,0.0297
11.07.2019 16:48:00.000,84.538,84.548,84.517,84.548,0.0038
11.07.2019 16:49:00.000,84.548,84.578,84.547,84.578,0.0296
11.07.2019 16:50:00.000,84.578,84.588,84.507,84.507,0.0437
11.07.2019 16:51:00.000,84.508,84.508,84.388,84.398,0.0287
11.07.2019 16:52:00.000,84.397,84.458,84.397,84.437,0.0234
11.07.2019 16:53:00.000,84.437,84.458,84.427,84.447,0.0735
11.07.2019 16:54:00.000,84.447,84.448,84.408,84.418,0.0181
11.07.2019 16:55:00.000,84.418,84.438,84.417,84.438,0.0203
11.07.2019 16:56:00.000,84.437,84.468,84.417,84.418,0.1608
11.07.2019 16:57:00.000,84.438,84.468,84.428,84.468,0.0167
11.07.2019 16:58:00.000,84.468,84.528,84.457,84.528,0.0368
11.07.2019 16:59:00.000,84.537,84.548,84.517,84.518,0.0136
11.07.2019 17:00:00.000,84.517,84.598,84.508,84.568,0.0704
11.07.2019 17:01:00.000,84.568,84.568,84.537,84.558,0.1123
11.07.2019 17:02:00.000,84.568,84.628,84.568,84.607,0.0959
11.07.2019 17:03:00.000,84.608,84.648,84.598,84.627,0.0966
11.07.2019 17:04:00.000,84.627,84.628,84.607,84.608,0.0767
11.07.2019 17:05:00.000,84.618,84.628,84.557,84.567,0.0968
11.07.2019 17:06:00.000,84.568,84.588,84.547,84.558,0.0193
11.07.2019 17:07:00.000,84.568,84.568,84.547,84.557,0.0358
11.07.2019 17:08:00.000,84.558,84.558,84.487,84.497,0.0054
11.07.2019 17:09:00.000,84.508,84.508,84.477,84.478,0.0563
11.07.2019 17:10:00.000,84.478,84.488,84.468,84.468,0.0716
11.07.2019 17:11:00.000,84.457,84.478,84.437,84.458,0.0457
11.07.2019 17:12:00.000,84.458,84.488,84.458,84.477,0.0691
11.07.2019 17:13:00.000,84.477,84.478,84.388,84.428,0.0834
11.07.2019 17:14:00.000,84.438,84.468,84.438,84.468,0.0086
11.07.2019 17:15:00.000,84.468,84.478,84.417,84.428,0.1226
11.07.2019 17:16:00.000,84.428,84.428,84.357,84.407,0.0751
11.07.2019 17:17:00.000,84.408,84.458,84.398,84.428,0.0685
11.07.2019 17:18:00.000,84.428,84.438,84.368,84.388,0.0587
11.07.2019 17:19:00.000,84.388,84.388,84.347,84.358,0.0663
11.07.2019 17:20:00.000,84.357,84.398,84.357,84.378,0.0201
11.07.2019 17:21:00.000,84.368,84.398,84.357,84.387,0.0856
11.07.2019 17:22:00.000,84.388,84.398,84.357,84.358,0.1014
11.07.2019 17:23:00.000,84.368,84.457,84.368,84.448,0.0611
11.07.2019 17:24:00.000,84.428,84.438,84.398,84.407,0.1248
11.07.2019 17:25:00.000,84.417,84.458,84.397,84.438,0.0333
11.07.2019 17:26:00.000,84.447,84.507,84.447,84.497,0.062
11.07.2019 17:27:00.000,84.498,84.508,84.467,84.488,0.0931
11.07.2019 17:28:00.000,84.487,84.536,84.438,84.467,0.0156
11.07.2019 17:29:00.000,84.468,84.478,84.448,84.458,0.0951
11.07.2019 17:30:00.000,84.457,84.488,84.457,84.477,0.0061
11.07.2019 17:31:00.000,84.468,84.528,84.467,84.528,0.0498
11.07.2019 17:32:00.000,84.528,84.598,84.478,84.598,0.0164
11.07.2019 17:33:00.000,84.597,84.638,84.577,84.588,0.0349
11.07.2019 17:34:00.000,84.587,84.597,84.547,84.548,0.1075
11.07.2019 17:35:00.000,84.548,84.618,84.537,84.568,0.0759
11.07.2019 17:36:00.000,84.568,84.568,84.498,84.537,0.1106
11.07.2019 17:37:00.000,84.527,84.558,84.527,84.538,0.0422
11.07.2019 17:38:00.000,84.537,84.588,84.527,84.557,0.0709
11.07.2019 17:39:00.000,84.557,84.628,84.557,84.628,0.0699
11.07.2019 17:40:00.000,84.627,84.638,84.598,84.627,0.1347
11.07.2019 17:41:00.000,84.627,84.658,84.607,84.627,0.1301
11.07.2019 17:42:00.000,84.618,84.628,84.617,84.628,0.0192
11.07.2019 17:43:00.000,84.628,84.648,84.587,84.588,0.1098
11.07.2019 17:44:00.000,84.588,84.618,84.587,84.608,0.0354
11.07.2019 17:45:00.000,84.607,84.618,84.587,84.608,0.0481
11.07.2019 17:46:00.000,84.617,84.658,84.617,84.648,0.0265
11.07.2019 17:47:00.000,84.657,84.697,84.638,84.687,0.0605
11.07.2019 17:48:00.000,84.688,84.708,84.687,84.687,0.0356
11.07.2019 17:49:00.000,84.688,84.708,84.628,84.698,0.0559
11.07.2019 17:50:00.000,84.697,84.798,84.677,84.708,0.2086
11.07.2019 17:51:00.000,84.708,84.708,84.668,84.687,0.1017
11.07.2019 17:52:00.000,84.688,84.737,84.677,84.708,0.1372
11.07.2019 17:53:00.000,84.707,84.738,84.668,84.728,0.1297
11.07.2019 17:54:00.000,84.738,84.747,84.718,84.737,0.0696
11.07.2019 17:55:00.000,84.737,84.808,84.727,84.777,0.0846
11.07.2019 17:56:00.000,84.787,84.807,84.787,84.797,0.0621
11.07.2019 17:57:00.000,84.808,84.808,84.747,84.748,0.0272
11.07.2019 17:58:00.000,84.747,84.758,84.747,84.748,0.0267
11.07.2019 17:59:00.000,84.758,84.758,84.707,84.738,0.0346
11.07.2019 18:00:00.000,84.748,84.748,84.698,84.708,0.1377
11.07.2019 18:01:00.000,84.707,84.708,84.697,84.708,0.0615
11.07.2019 18:02:00.000,84.707,84.748,84.698,84.737,0.0344
11.07.2019 18:03:00.000,84.737,84.768,84.737,84.768,0.0524
11.07.2019 18:04:00.000,84.758,84.768,84.737,84.758,0.1373
11.07.2019 18:05:00.000,84.758,84.778,84.678,84.698,0.1064
11.07.2019 18:06:00.000,84.698,84.698,84.608,84.608,0.1119
11.07.2019 18:07:00.000,84.608,84.618,84.548,84.608,0.0916
11.07.2019 18:08:00.000,84.607,84.648,84.607,84.648,0.0829
11.07.2019 18:09:00.000,84.668,84.707,84.647,84.707,0.0882
11.07.2019 18:10:00.000,84.707,84.707,84.648,84.688,0.0442
11.07.2019 18:11:00.000,84.687,84.718,84.677,84.707,0.0388
11.07.2019 18:12:00.000,84.707,84.708,84.688,84.698,0.0892
11.07.2019 18:13:00.000,84.708,84.718,84.697,84.708,0.0403
11.07.2019 18:14:00.000,84.708,84.708,84.678,84.708,0.0419
11.07.2019 18:15:00.000,84.707,84.748,84.688,84.708,0.1518
11.07.2019 18:16:00.000,84.718,84.748,84.688,84.748,0.0413
11.07.2019 18:17:00.000,84.748,84.768,84.727,84.728,0.0643
11.07.2019 18:18:00.000,84.728,84.728,84.687,84.708,0.0437
11.07.2019 18:19:00.000,84.707,84.738,84.688,84.708,0.0282
11.07.2019 18:20:00.000,84.718,84.728,84.648,84.667,0.0925
11.07.2019 18:21:00.000,84.667,84.718,84.667,84.707,0.0615
11.07.2019 18:22:00.000,84.708,84.728,84.707,84.707,0.042
11.07.2019 18:23:00.000,84.708,84.738,84.697,84.708,0.1294
11.07.2019 18:24:00.000,84.708,84.728,84.707,84.717,0.0647
11.07.2019 18:25:00.000,84.718,84.718,84.687,84.688,0.0273
11.07.2019 18:26:00.000,84.698,84.708,84.677,84.698,0.099
11.07.2019 18:27:00.000,84.707,84.708,84.687,84.708,0.0146
11.07.2019 18:28:00.000,84.708,84.728,84.687,84.707,0.1065
11.07.2019 18:29:00.000,84.708,84.738,84.707,84.728,0.0266
11.07.2019 18:30:00.000,84.737,84.778,84.737,84.748,0.034
11.07.2019 18:31:00.000,84.767,84.797,84.767,84.797,0.0114
11.07.2019 18:32:00.000,84.798,84.818,84.797,84.798,0.0464
11.07.2019 18:33:00.000,84.798,84.848,84.797,84.848,0.0765
11.07.2019 18:34:00.000,84.858,84.898,84.848,84.898,0.1066
11.07.2019 18:35:00.000,84.898,84.898,84.867,84.898,0.0663
11.07.2019 18:36:00.000,84.898,84.898,84.877,84.898,0.0859
11.07.2019 18:37:00.000,84.888,84.898,84.857,84.878,0.1047
11.07.2019 18:38:00.000,84.888,84.888,84.798,84.827,0.1181
11.07.2019 18:39:00.000,84.838,84.887,84.837,84.878,0.0367
11.07.2019 18:40:00.000,84.887,84.888,84.817,84.858,0.0483
11.07.2019 18:41:00.000,84.868,84.878,84.827,84.848,0.0495
11.07.2019 18:42:00.000,84.858,84.888,84.837,84.838,0.0484
11.07.2019 18:43:00.000,84.847,84.868,84.838,84.838,0.0557
11.07.2019 18:44:00.000,84.848,84.887,84.838,84.858,0.0836
11.07.2019 18:45:00.000,84.858,84.878,84.857,84.878,0.0173
11.07.2019 18:46:00.000,84.868,84.898,84.837,84.878,0.0737
11.07.2019 18:47:00.000,84.877,84.898,84.848,84.887,0.0861
11.07.2019 18:48:00.000,84.887,84.887,84.817,84.818,0.0581
11.07.2019 18:49:00.000,84.818,84.848,84.797,84.817,0.0658
11.07.2019 18:50:00.000,84.818,84.838,84.797,84.818,0.1037
11.07.2019 18:51:00.000,84.818,84.857,84.818,84.838,0.0476
11.07.2019 18:52:00.000,84.837,84.837,84.797,84.797,0.0753
11.07.2019 18:53:00.000,84.797,84.798,84.768,84.788,0.0483
11.07.2019 18:54:00.000,84.787,84.788,84.737,84.737,0.0531
11.07.2019 18:55:00.000,84.738,84.748,84.668,84.737,0.1075
11.07.2019 18:56:00.000,84.738,84.738,84.687,84.718,0.0568
11.07.2019 18:57:00.000,84.717,84.728,84.688,84.698,0.1007
11.07.2019 18:58:00.000,84.697,84.697,84.627,84.648,0.0787
11.07.2019 18:59:00.000,84.657,84.678,84.628,84.638,0.0793
11.07.2019 19:00:00.000,84.637,84.658,84.597,84.598,0.0455
11.07.2019 19:01:00.000,84.597,84.597,84.517,84.538,0.0523
11.07.2019 19:02:00.000,84.537,84.538,84.457,84.478,0.0271
11.07.2019 19:03:00.000,84.477,84.478,84.408,84.418,0.0978
11.07.2019 19:04:00.000,84.438,84.448,84.407,84.448,0.0213
11.07.2019 19:05:00.000,84.447,84.448,84.417,84.417,0.0118
11.07.2019 19:06:00.000,84.418,84.438,84.397,84.398,0.026
11.07.2019 19:07:00.000,84.397,84.428,84.397,84.428,0.0334
11.07.2019 19:08:00.000,84.427,84.428,84.378,84.378,0.0587
11.07.2019 19:09:00.000,84.378,84.407,84.338,84.358,0.0488
11.07.2019 19:10:00.000,84.378,84.388,84.357,84.388,0.0276
11.07.2019 19:11:00.000,84.387,84.388,84.358,84.358,0.0376
11.07.2019 19:12:00.000,84.377,84.388,84.347,84.358,0.051
11.07.2019 19:13:00.000,84.367,84.408,84.367,84.397,0.0153
11.07.2019 19:14:00.000,84.408,84.458,84.408,84.418,0.0894
11.07.2019 19:15:00.000,84.417,84.458,84.417,84.448,0.015
11.07.2019 19:16:00.000,84.448,84.458,84.438,84.458,0.0253
11.07.2019 19:17:00.000,84.448,84.458,84.358,84.367,0.0687
11.07.2019 19:18:00.000,84.368,84.428,84.367,84.388,0.0264
11.07.2019 19:19:00.000,84.387,84.387,84.367,84.378,0.0493
11.07.2019 19:20:00.000,84.377,84.388,84.377,84.378,0.0553
11.07.2019 19:21:00.000,84.387,84.388,84.377,84.377,0.0812
11.07.2019 19:22:00.000,84.378,84.378,84.347,84.357,0.102
11.07.2019 19:23:00.000,84.358,84.358,84.287,84.287,0.0615
11.07.2019 19:24:00.000,84.278,84.278,84.277,84.278,0.1071
11.07.2019 19:25:00.000,84.298,84.348,84.277,84.307,0.0829
11.07.2019 19:26:00.000,84.307,84.338,84.307,84.328,0.0422
11.07.2019 19:27:00.000,84.327,84.338,84.317,84.318,0.0854
11.07.2019 19:28:00.000,84.328,84.338,84.247,84.248,0.0601
11.07.2019 19:29:00.000,84.238,84.268,84.208,84.258,0.0963
11.07.2019 19:30:00.000,84.258,84.278,84.217,84.278,0.1645
11.07.2019 19:31:00.000,84.278,84.288,84.247,84.268,0.1237
11.07.2019 19:32:00.000,84.268,84.298,84.268,84.297,0.0533
11.07.2019 19:33:00.000,84.298,84.298,84.267,84.268,0.0349
11.07.2019 19:34:00.000,84.267,84.308,84.267,84.307,0.0273
11.07.2019 19:35:00.000,84.308,84.328,84.297,84.327,0.0575
11.07.2019 19:36:00.000,84.328,84.368,84.277,84.338,0.0534
11.07.2019 19:37:00.000,84.347,84.378,84.337,84.378,0.011
11.07.2019 19:38:00.000,84.377,84.408,84.357,84.408,0.0532
11.07.2019 19:39:00.000,84.408,84.448,84.408,84.437,0.0439
11.07.2019 19:40:00.000,84.438,84.468,84.438,84.438,0.0605
11.07.2019 19:41:00.000,84.437,84.457,84.427,84.448,0.0722
11.07.2019 19:42:00.000,84.448,84.458,84.427,84.447,0.1794
11.07.2019 19:43:00.000,84.458,84.458,84.428,84.428,0.0382
11.07.2019 19:44:00.000,84.427,84.448,84.427,84.448,0.0123
11.07.2019 19:45:00.000,84.447,84.508,84.447,84.488,0.0979
11.07.2019 19:46:00.000,84.488,84.488,84.438,84.438,0.1508
11.07.2019 19:47:00.000,84.438,84.458,84.437,84.458,0.1617
11.07.2019 19:48:00.000,84.458,84.478,84.457,84.458,0.0614
11.07.2019 19:49:00.000,84.457,84.478,84.457,84.458,0.1664
11.07.2019 19:50:00.000,84.477,84.518,84.438,84.448,0.148
11.07.2019 19:51:00.000,84.447,84.488,84.428,84.478,0.0537
11.07.2019 19:52:00.000,84.477,84.517,84.438,84.438,0.0695
11.07.2019 19:53:00.000,84.447,84.478,84.437,84.448,0.0916
11.07.2019 19:54:00.000,84.448,84.508,84.448,84.477,0.1307
11.07.2019 19:55:00.000,84.478,84.518,84.457,84.508,0.1296
11.07.2019 19:56:00.000,84.517,84.558,84.498,84.498,0.1434
11.07.2019 19:57:00.000,84.498,84.528,84.457,84.518,0.1555
11.07.2019 19:58:00.000,84.517,84.548,84.477,84.478,0.2756
11.07.2019 19:59:00.000,84.487,84.488,84.397,84.427,0.3759
12.07.2019 13:30:00.000,84.048,84.537,84.047,84.458,0.0458
12.07.2019 13:31:00.000,84.477,84.607,84.477,84.607,0.0163
12.07.2019 13:32:00.000,84.607,84.608,84.477,84.558,0.039
12.07.2019 13:33:00.000,84.567,84.708,84.527,84.608,0.1005
12.07.2019 13:34:00.000,84.617,84.628,84.488,84.488,0.0166
12.07.2019 13:35:00.000,84.487,84.497,84.298,84.338,0.042
12.07.2019 13:36:00.000,84.337,84.337,84.188,84.218,0.0311
12.07.2019 13:37:00.000,84.277,84.338,84.277,84.318,0.0022
12.07.2019 13:38:00.000,84.318,84.398,84.237,84.388,0.0413
12.07.2019 13:39:00.000,84.387,84.387,84.237,84.277,0.0553
12.07.2019 13:40:00.000,84.267,84.288,84.238,84.238,0.0428
12.07.2019 13:41:00.000,84.268,84.268,84.237,84.258,0.0185
12.07.2019 13:42:00.000,84.268,84.268,84.228,84.238,0.0005
12.07.2019 13:43:00.000,84.248,84.248,84.048,84.118,0.1436
12.07.2019 13:44:00.000,84.127,84.128,84.047,84.128,0.0492
12.07.2019 13:45:00.000,84.108,84.168,84.067,84.168,0.0536
12.07.2019 13:46:00.000,84.177,84.208,84.148,84.187,0.0734
12.07.2019 13:47:00.000,84.197,84.228,84.188,84.207,0.1306
12.07.2019 13:48:00.000,84.207,84.248,84.137,84.248,0.1424
12.07.2019 13:49:00.000,84.268,84.278,84.227,84.278,0.1389
12.07.2019 13:50:00.000,84.278,84.278,84.158,84.187,0.0766
12.07.2019 13:51:00.000,84.188,84.258,84.187,84.228,0.0517
12.07.2019 13:52:00.000,84.228,84.287,84.228,84.287,0.0107
12.07.2019 13:53:00.000,84.288,84.288,84.228,84.268,0.0332
12.07.2019 13:54:00.000,84.277,84.368,84.277,84.367,0.0218
12.07.2019 13:55:00.000,84.377,84.428,84.367,84.368,0.0282
12.07.2019 13:56:00.000,84.368,84.408,84.327,84.407,0.0243
12.07.2019 13:57:00.000,84.407,84.438,84.358,84.407,0.0423
12.07.2019 13:58:00.000,84.398,84.398,84.348,84.367,0.0585
12.07.2019 13:59:00.000,84.367,84.378,84.298,84.298,0.1028
12.07.2019 14:00:00.000,84.317,84.348,84.307,84.347,0.094
12.07.2019 14:01:00.000,84.357,84.498,84.357,84.397,0.0702
12.07.2019 14:02:00.000,84.398,84.438,84.337,84.337,0.075
12.07.2019 14:03:00.000,84.358,84.368,84.297,84.318,0.076
12.07.2019 14:04:00.000,84.308,84.318,84.228,84.268,0.0416
12.07.2019 14:05:00.000,84.267,84.268,84.227,84.248,0.0398
12.07.2019 14:06:00.000,84.247,84.247,84.137,84.147,0.0695
12.07.2019 14:07:00.000,84.148,84.158,84.108,84.108,0.0544
12.07.2019 14:08:00.000,84.088,84.178,84.057,84.177,0.0776
12.07.2019 14:09:00.000,84.178,84.207,84.158,84.168,0.0363
12.07.2019 14:10:00.000,84.168,84.218,84.148,84.168,0.0654
12.07.2019 14:11:00.000,84.177,84.198,84.167,84.178,0.009
12.07.2019 14:12:00.000,84.197,84.297,84.177,84.297,0.0055
12.07.2019 14:13:00.000,84.317,84.398,84.287,84.398,0.0428
12.07.2019 14:14:00.000,84.378,84.418,84.348,84.418,0.0258
12.07.2019 14:15:00.000,84.448,84.518,84.427,84.458,0.0266
12.07.2019 14:16:00.000,84.467,84.587,84.467,84.528,0.0754
12.07.2019 14:17:00.000,84.527,84.598,84.498,84.598,0.0403
12.07.2019 14:18:00.000,84.597,84.598,84.548,84.568,0.0159
12.07.2019 14:19:00.000,84.568,84.597,84.538,84.568,0.0811
12.07.2019 14:20:00.000,84.568,84.568,84.517,84.537,0.1573
12.07.2019 14:21:00.000,84.548,84.568,84.507,84.517,0.017
12.07.2019 14:22:00.000,84.527,84.607,84.518,84.588,0.04
12.07.2019 14:23:00.000,84.587,84.628,84.547,84.578,0.057
12.07.2019 14:24:00.000,84.587,84.608,84.547,84.588,0.034
12.07.2019 14:25:00.000,84.577,84.608,84.568,84.588,0.0525
12.07.2019 14:26:00.000,84.597,84.718,84.597,84.698,0.1479
12.07.2019 14:27:00.000,84.708,84.847,84.647,84.678,0.1975
12.07.2019 14:28:00.000,84.687,84.748,84.677,84.747,0.07
12.07.2019 14:29:00.000,84.747,84.858,84.747,84.837,0.0896
12.07.2019 14:30:00.000,84.838,84.988,84.827,84.848,0.1608
12.07.2019 14:31:00.000,84.847,84.898,84.847,84.848,0.0318
12.07.2019 14:32:00.000,84.867,84.898,84.827,84.877,0.0619
12.07.2019 14:33:00.000,84.878,84.908,84.878,84.888,0.0744
12.07.2019 14:34:00.000,84.888,84.898,84.847,84.887,0.0553
12.07.2019 14:35:00.000,84.887,84.987,84.848,84.918,0.0066
12.07.2019 14:36:00.000,84.918,84.988,84.877,84.967,0.0676
12.07.2019 14:37:00.000,84.968,84.978,84.947,84.967,0.034
12.07.2019 14:38:00.000,84.977,85.038,84.977,85.018,0.0395
12.07.2019 14:39:00.000,85.018,85.018,84.867,84.908,0.0584
12.07.2019 14:40:00.000,84.937,84.968,84.937,84.968,0.0152
12.07.2019 14:41:00.000,84.978,85.028,84.918,85.008,0.056
12.07.2019 14:42:00.000,85.018,85.018,84.978,84.988,0.0639
12.07.2019 14:43:00.000,84.998,85.038,84.987,85.028,0.078
12.07.2019 14:44:00.000,85.008,85.008,84.947,84.967,0.0725
12.07.2019 14:45:00.000,84.968,84.968,84.878,84.878,0.0568
12.07.2019 14:46:00.000,84.907,84.938,84.877,84.887,0.1224
12.07.2019 14:47:00.000,84.898,84.928,84.897,84.928,0.0559
12.07.2019 14:48:00.000,84.928,85.027,84.928,85.007,0.0853
12.07.2019 14:49:00.000,85.008,85.128,85.008,85.128,0.0548
12.07.2019 14:50:00.000,85.127,85.228,85.118,85.127,0.1352
12.07.2019 14:51:00.000,85.128,85.128,85.078,85.078,0.0111
12.07.2019 14:52:00.000,85.088,85.118,85.088,85.108,0.0236
12.07.2019 14:53:00.000,85.117,85.128,85.087,85.087,0.0397
12.07.2019 14:54:00.000,85.088,85.138,85.088,85.118,0.0178
12.07.2019 14:55:00.000,85.108,85.128,85.097,85.108,0.0258
12.07.2019 14:56:00.000,85.097,85.108,85.067,85.107,0.0364
12.07.2019 14:57:00.000,85.107,85.118,85.067,85.067,0.0106
12.07.2019 14:58:00.000,85.048,85.068,85.037,85.037,0.0498
12.07.2019 14:59:00.000,85.048,85.068,85.027,85.028,0.0945
12.07.2019 15:00:00.000,85.028,85.028,84.997,85.008,0.0578
12.07.2019 15:01:00.000,85.017,85.018,84.987,84.998,0.0287
12.07.2019 15:02:00.000,84.998,84.998,84.877,84.888,0.1588
12.07.2019 15:03:00.000,84.888,84.888,84.847,84.858,0.1145
12.07.2019 15:04:00.000,84.858,84.858,84.797,84.818,0.1182
12.07.2019 15:05:00.000,84.817,84.857,84.788,84.837,0.0419
12.07.2019 15:06:00.000,84.818,84.848,84.818,84.848,0.0584
12.07.2019 15:07:00.000,84.847,84.848,84.797,84.828,0.0179
12.07.2019 15:08:00.000,84.827,84.858,84.827,84.828,0.0277
12.07.2019 15:09:00.000,84.867,84.878,84.827,84.878,0.1294
12.07.2019 15:10:00.000,84.878,84.878,84.847,84.857,0.1277
12.07.2019 15:11:00.000,84.868,84.898,84.848,84.888,0.0273
12.07.2019 15:12:00.000,84.887,84.898,84.857,84.857,0.0772
12.07.2019 15:13:00.000,84.857,84.938,84.827,84.918,0.0324
12.07.2019 15:14:00.000,84.917,84.938,84.917,84.918,0.0423
12.07.2019 15:15:00.000,84.917,84.938,84.878,84.907,0.1578
12.07.2019 15:16:00.000,84.897,84.928,84.877,84.928,0.019
12.07.2019 15:17:00.000,84.938,84.958,84.917,84.917,0.0781
12.07.2019 15:18:00.000,84.918,84.988,84.918,84.937,0.0377
12.07.2019 15:19:00.000,84.948,85.018,84.948,85.018,0.017
12.07.2019 15:20:00.000,85.018,85.028,85.007,85.028,0.037
12.07.2019 15:21:00.000,85.028,85.028,84.997,84.998,0.0501
12.07.2019 15:22:00.000,84.997,85.028,84.997,85.008,0.0181
12.07.2019 15:23:00.000,85.008,85.028,85.008,85.017,0.0176
12.07.2019 15:24:00.000,85.028,85.028,85.017,85.028,0.0168
12.07.2019 15:25:00.000,85.027,85.028,85.017,85.028,0.0188
12.07.2019 15:26:00.000,85.038,85.048,85.037,85.038,0.0092
12.07.2019 15:27:00.000,85.048,85.068,85.038,85.067,0.0569
12.07.2019 15:28:00.000,85.068,85.088,85.008,85.008,0.0105
12.07.2019 15:29:00.000,85.008,85.008,84.987,84.997,0.0274
12.07.2019 15:30:00.000,85.007,85.008,84.967,84.978,0.0865
12.07.2019 15:31:00.000,84.988,84.988,84.978,84.978,0.024
12.07.2019 15:32:00.000,84.998,85.028,84.987,85.028,0.0042
12.07.2019 15:33:00.000,85.027,85.038,84.987,85.037,0.0998
12.07.2019 15:34:00.000,85.038,85.038,84.997,85.028,0.0098
12.07.2019 15:35:00.000,85.048,85.048,85.027,85.028,0.0459
12.07.2019 15:36:00.000,85.027,85.048,85.007,85.028,0.0208
12.07.2019 15:37:00.000,85.027,85.028,85.007,85.008,0.0041
12.07.2019 15:38:00.000,85.017,85.038,84.997,84.998,0.0437
12.07.2019 15:39:00.000,84.997,84.997,84.888,84.897,0.1111
12.07.2019 15:40:00.000,84.907,84.917,84.887,84.888,0.0733
12.07.2019 15:41:00.000,84.888,84.888,84.807,84.838,0.0461
12.07.2019 15:42:00.000,84.847,84.888,84.837,84.838,0.0264
12.07.2019 15:43:00.000,84.847,84.858,84.808,84.808,0.0135
12.07.2019 15:44:00.000,84.808,84.838,84.777,84.818,0.086
12.07.2019 15:45:00.000,84.808,84.818,84.777,84.808,0.0357
12.07.2019 15:46:00.000,84.807,84.807,84.748,84.768,0.0325
12.07.2019 15:47:00.000,84.778,84.818,84.778,84.818,0.0095
12.07.2019 15:48:00.000,84.817,84.858,84.798,84.858,0.0422
12.07.2019 15:49:00.000,84.858,84.908,84.857,84.907,0.0427
12.07.2019 15:50:00.000,84.908,84.908,84.877,84.887,0.011
12.07.2019 15:51:00.000,84.887,84.938,84.868,84.928,0.0703
12.07.2019 15:52:00.000,84.928,84.948,84.907,84.908,0.0553
12.07.2019 15:53:00.000,84.907,84.908,84.877,84.888,0.0013
12.07.2019 15:54:00.000,84.897,84.918,84.887,84.898,0.0484
12.07.2019 15:55:00.000,84.898,84.938,84.897,84.938,0.0243
12.07.2019 15:56:00.000,84.937,84.947,84.917,84.947,0.0342
12.07.2019 15:57:00.000,84.948,84.948,84.917,84.918,0.0084
12.07.2019 15:58:00.000,84.918,84.918,84.887,84.907,0.032
12.07.2019 15:59:00.000,84.908,84.928,84.888,84.898,0.04
12.07.2019 16:00:00.000,84.898,84.898,84.867,84.867,0.0616
12.07.2019 16:01:00.000,84.868,84.888,84.857,84.888,0.0978
12.07.2019 16:02:00.000,84.888,84.898,84.847,84.847,0.1583
12.07.2019 16:03:00.000,84.848,84.878,84.847,84.867,0.0417
12.07.2019 16:04:00.000,84.868,84.868,84.807,84.817,0.0446
12.07.2019 16:05:00.000,84.817,84.818,84.787,84.798,0.0593
12.07.2019 16:06:00.000,84.808,84.818,84.768,84.787,0.0416
12.07.2019 16:07:00.000,84.788,84.818,84.787,84.798,0.0521
12.07.2019 16:08:00.000,84.798,84.808,84.778,84.808,0.0641
12.07.2019 16:09:00.000,84.817,84.848,84.797,84.837,0.0605
12.07.2019 16:10:00.000,84.847,84.918,84.838,84.918,0.1643
12.07.2019 16:11:00.000,84.927,84.957,84.868,84.868,0.0612
12.07.2019 16:12:00.000,84.857,84.868,84.857,84.858,0.0091
12.07.2019 16:13:00.000,84.868,84.918,84.858,84.918,0.0236
12.07.2019 16:14:00.000,84.918,84.977,84.908,84.977,0.0676
12.07.2019 16:15:00.000,84.977,85.018,84.977,84.997,0.1113
12.07.2019 16:16:00.000,84.998,85.007,84.927,84.938,0.0206
12.07.2019 16:17:00.000,84.948,84.948,84.908,84.908,0.0086
12.07.2019 16:18:00.000,84.907,84.918,84.877,84.918,0.0531
12.07.2019 16:19:00.000,84.917,84.958,84.898,84.907,0.0315
12.07.2019 16:20:00.000,84.867,84.898,84.828,84.828,0.0123
12.07.2019 16:21:00.000,84.838,84.868,84.827,84.827,0.0245
12.07.2019 16:22:00.000,84.827,84.888,84.827,84.858,0.0343
12.07.2019 16:23:00.000,84.887,84.918,84.877,84.877,0.0092
12.07.2019 16:24:00.000,84.887,84.898,84.857,84.858,0.0617
12.07.2019 16:25:00.000,84.858,84.878,84.857,84.858,0.0252
12.07.2019 16:26:00.000,84.858,84.868,84.797,84.797,0.0252
12.07.2019 16:27:00.000,84.798,84.818,84.758,84.758,0.0115
12.07.2019 16:28:00.000,84.757,84.768,84.738,84.758,0.0137
12.07.2019 16:29:00.000,84.757,84.828,84.757,84.778,0.0406
12.07.2019 16:30:00.000,84.798,84.808,84.797,84.807,0.0808
12.07.2019 16:31:00.000,84.828,84.868,84.827,84.857,0.0243
12.07.2019 16:32:00.000,84.858,84.868,84.847,84.848,0.0217
12.07.2019 16:33:00.000,84.847,84.858,84.837,84.848,0.0298
12.07.2019 16:34:00.000,84.847,84.858,84.837,84.838,0.013
12.07.2019 16:35:00.000,84.818,84.838,84.808,84.828,0.2319
12.07.2019 16:36:00.000,84.827,84.858,84.827,84.828,0.0264
12.07.2019 16:37:00.000,84.828,84.837,84.808,84.818,0.1867
12.07.2019 16:38:00.000,84.828,84.868,84.827,84.847,0.0724
12.07.2019 16:39:00.000,84.848,84.848,84.807,84.828,0.0982
12.07.2019 16:40:00.000,84.827,84.828,84.817,84.818,0.0274
12.07.2019 16:41:00.000,84.848,84.868,84.847,84.858,0.0708
12.07.2019 16:42:00.000,84.857,84.868,84.827,84.827,0.0825
12.07.2019 16:43:00.000,84.827,84.838,84.807,84.838,0.0212
12.07.2019 16:44:00.000,84.848,84.848,84.838,84.847,0.018
12.07.2019 16:45:00.000,84.848,84.868,84.807,84.868,0.0206
12.07.2019 16:46:00.000,84.868,84.878,84.818,84.828,0.0679
12.07.2019 16:47:00.000,84.827,84.848,84.827,84.847,0.094
12.07.2019 16:48:00.000,84.848,84.868,84.847,84.868,0.0501
12.07.2019 16:49:00.000,84.888,84.888,84.877,84.878,0.01
12.07.2019 16:50:00.000,84.877,84.877,84.837,84.868,0.0526
12.07.2019 16:51:00.000,84.858,84.868,84.827,84.868,0.0472
12.07.2019 16:52:00.000,84.867,84.868,84.828,84.848,0.0394
12.07.2019 16:53:00.000,84.847,84.898,84.808,84.898,0.0897
12.07.2019 16:54:00.000,84.887,84.898,84.858,84.868,0.0195
12.07.2019 16:55:00.000,84.868,84.888,84.868,84.878,0.0241
12.07.2019 16:56:00.000,84.878,84.898,84.838,84.878,0.0355
12.07.2019 16:57:00.000,84.878,84.918,84.877,84.877,0.0654
12.07.2019 16:58:00.000,84.877,84.898,84.828,84.848,0.0193
12.07.2019 16:59:00.000,84.858,84.858,84.807,84.828,0.0439
12.07.2019 17:00:00.000,84.818,84.848,84.817,84.817,0.0029
12.07.2019 17:01:00.000,84.828,84.838,84.797,84.798,0.0314
12.07.2019 17:02:00.000,84.797,84.818,84.757,84.798,0.0744
12.07.2019 17:03:00.000,84.818,84.838,84.817,84.818,0.0718
12.07.2019 17:04:00.000,84.818,84.818,84.777,84.788,0.0319
12.07.2019 17:05:00.000,84.788,84.798,84.777,84.788,0.0724
12.07.2019 17:06:00.000,84.798,84.798,84.737,84.738,0.0405
12.07.2019 17:07:00.000,84.757,84.768,84.757,84.768,0.024
12.07.2019 17:08:00.000,84.768,84.798,84.768,84.788,0.0377
12.07.2019 17:09:00.000,84.788,84.788,84.748,84.758,0.0236
12.07.2019 17:10:00.000,84.788,84.798,84.748,84.748,0.0148
12.07.2019 17:11:00.000,84.747,84.758,84.738,84.738,0.0743
12.07.2019 17:12:00.000,84.747,84.758,84.687,84.718,0.047
12.07.2019 17:13:00.000,84.718,84.718,84.707,84.708,0.0189
12.07.2019 17:14:00.000,84.707,84.747,84.677,84.738,0.0058
12.07.2019 17:15:00.000,84.737,84.737,84.687,84.688,0.0628
12.07.2019 17:16:00.000,84.688,84.748,84.688,84.698,0.0659
12.07.2019 17:17:00.000,84.697,84.718,84.667,84.667,0.003
12.07.2019 17:18:00.000,84.667,84.698,84.657,84.687,0.0116
12.07.2019 17:19:00.000,84.688,84.728,84.687,84.708,0.0316
12.07.2019 17:20:00.000,84.708,84.738,84.687,84.717,0.0597
12.07.2019 17:21:00.000,84.728,84.748,84.717,84.727,0.0021
12.07.2019 17:22:00.000,84.728,84.728,84.707,84.708,0.0008
12.07.2019 17:23:00.000,84.717,84.768,84.717,84.758,0.0609
12.07.2019 17:24:00.000,84.757,84.778,84.738,84.777,0.047
12.07.2019 17:25:00.000,84.778,84.798,84.777,84.797,0.0029
12.07.2019 17:26:00.000,84.798,84.818,84.777,84.788,0.076
12.07.2019 17:27:00.000,84.787,84.798,84.757,84.757,0.0494
12.07.2019 17:28:00.000,84.758,84.788,84.757,84.788,0.0196
12.07.2019 17:29:00.000,84.808,84.817,84.797,84.798,0.0248
12.07.2019 17:30:00.000,84.798,84.798,84.778,84.787,0.0125
12.07.2019 17:31:00.000,84.787,84.798,84.777,84.778,0.0356
12.07.2019 17:32:00.000,84.788,84.788,84.767,84.778,0.0384
12.07.2019 17:33:00.000,84.778,84.778,84.757,84.768,0.0169
12.07.2019 17:34:00.000,84.768,84.788,84.737,84.748,0.0105
12.07.2019 17:35:00.000,84.747,84.748,84.707,84.708,0.1236
12.07.2019 17:36:00.000,84.707,84.708,84.678,84.688,0.1361
12.07.2019 17:37:00.000,84.687,84.708,84.678,84.708,0.0829
12.07.2019 17:38:00.000,84.707,84.708,84.687,84.688,0.0325
12.07.2019 17:39:00.000,84.687,84.728,84.687,84.698,0.026
12.07.2019 17:40:00.000,84.697,84.698,84.657,84.657,0.0035
12.07.2019 17:41:00.000,84.668,84.668,84.638,84.658,0.0343
12.07.2019 17:42:00.000,84.648,84.657,84.647,84.648,0.0167
12.07.2019 17:43:00.000,84.647,84.648,84.627,84.628,0.0133
12.07.2019 17:44:00.000,84.638,84.668,84.638,84.648,0.0775
12.07.2019 17:45:00.000,84.658,84.658,84.657,84.658,0.0115
12.07.2019 17:46:00.000,84.657,84.678,84.657,84.668,0.0383
12.07.2019 17:47:00.000,84.667,84.708,84.658,84.698,0.0422
12.07.2019 17:48:00.000,84.697,84.728,84.678,84.728,0.0347
12.07.2019 17:49:00.000,84.728,84.728,84.688,84.697,0.0088
12.07.2019 17:50:00.000,84.698,84.708,84.687,84.688,0.0345
12.07.2019 17:51:00.000,84.687,84.698,84.687,84.688,0.0008
12.07.2019 17:52:00.000,84.708,84.708,84.687,84.687,0.0363
12.07.2019 17:53:00.000,84.688,84.707,84.667,84.707,0.0399
12.07.2019 17:54:00.000,84.708,84.728,84.707,84.718,0.0097
12.07.2019 17:55:00.000,84.728,84.728,84.668,84.718,0.0745
12.07.2019 17:56:00.000,84.727,84.758,84.717,84.758,0.0204
12.07.2019 17:57:00.000,84.757,84.757,84.737,84.738,0.0083
12.07.2019 17:58:00.000,84.747,84.748,84.717,84.718,0.0102
12.07.2019 17:59:00.000,84.718,84.727,84.707,84.708,0.0159
12.07.2019 18:00:00.000,84.707,84.718,84.698,84.718,0.0689
12.07.2019 18:01:00.000,84.737,84.748,84.727,84.728,0.0468
12.07.2019 18:02:00.000,84.728,84.728,84.678,84.688,0.0177
12.07.2019 18:03:00.000,84.688,84.718,84.688,84.708,0.0167
12.07.2019 18:04:00.000,84.708,84.738,84.697,84.718,0.0305
12.07.2019 18:05:00.000,84.728,84.728,84.677,84.678,0.0026
12.07.2019 18:06:00.000,84.688,84.727,84.688,84.717,0.0239
12.07.2019 18:07:00.000,84.717,84.718,84.697,84.708,0.053
12.07.2019 18:08:00.000,84.707,84.738,84.707,84.728,0.0228
12.07.2019 18:09:00.000,84.728,84.738,84.717,84.717,0.0513
12.07.2019 18:10:00.000,84.718,84.748,84.708,84.748,0.0253
12.07.2019 18:11:00.000,84.748,84.748,84.727,84.728,0.0018
12.07.2019 18:12:00.000,84.748,84.748,84.737,84.738,0.0014
12.07.2019 18:13:00.000,84.747,84.747,84.717,84.718,0.0016
12.07.2019 18:14:00.000,84.717,84.737,84.717,84.728,0.0008
12.07.2019 18:15:00.000,84.737,84.748,84.717,84.718,0.0087
12.07.2019 18:16:00.000,84.717,84.728,84.717,84.727,0.0089
12.07.2019 18:17:00.000,84.738,84.758,84.718,84.728,0.0286
12.07.2019 18:18:00.000,84.748,84.777,84.747,84.777,0.0195
12.07.2019 18:19:00.000,84.768,84.778,84.748,84.768,0.0785
12.07.2019 18:20:00.000,84.758,84.768,84.738,84.758,0.0362
12.07.2019 18:21:00.000,84.758,84.758,84.758,84.758,0.0179
12.07.2019 18:22:00.000,84.778,84.778,84.737,84.737,0.0329
12.07.2019 18:23:00.000,84.747,84.748,84.737,84.738,0.0207
12.07.2019 18:24:00.000,84.737,84.748,84.737,84.747,0.009
12.07.2019 18:25:00.000,84.747,84.748,84.708,84.728,0.0197
12.07.2019 18:26:00.000,84.727,84.758,84.727,84.737,0.0415
12.07.2019 18:27:00.000,84.748,84.748,84.737,84.748,0.0513
12.07.2019 18:28:00.000,84.747,84.758,84.697,84.717,0.0184
12.07.2019 18:29:00.000,84.718,84.748,84.717,84.718,0.0113
12.07.2019 18:30:00.000,84.728,84.748,84.717,84.717,0.0388
12.07.2019 18:31:00.000,84.718,84.718,84.717,84.718,0.0007
12.07.2019 18:32:00.000,84.727,84.758,84.727,84.747,0.0036
12.07.2019 18:33:00.000,84.748,84.778,84.748,84.778,0.061
12.07.2019 18:34:00.000,84.777,84.778,84.767,84.778,0.0205
12.07.2019 18:35:00.000,84.767,84.778,84.747,84.748,0.0194
12.07.2019 18:36:00.000,84.747,84.748,84.727,84.728,0.0102
12.07.2019 18:37:00.000,84.747,84.768,84.737,84.737,0.0494
12.07.2019 18:38:00.000,84.738,84.768,84.738,84.768,0.0312
12.07.2019 18:39:00.000,84.768,84.788,84.758,84.778,0.0135
12.07.2019 18:40:00.000,84.777,84.788,84.757,84.757,0.0317
12.07.2019 18:41:00.000,84.757,84.768,84.718,84.727,0.0137
12.07.2019 18:42:00.000,84.728,84.768,84.728,84.738,0.0614
12.07.2019 18:43:00.000,84.738,84.777,84.738,84.767,0.0387
12.07.2019 18:44:00.000,84.778,84.798,84.767,84.798,0.0223
12.07.2019 18:45:00.000,84.797,84.798,84.757,84.758,0.037
12.07.2019 18:46:00.000,84.768,84.768,84.757,84.767,0.0208
12.07.2019 18:47:00.000,84.768,84.797,84.757,84.757,0.0292
12.07.2019 18:48:00.000,84.758,84.788,84.757,84.778,0.0306
12.07.2019 18:49:00.000,84.777,84.778,84.747,84.748,0.0185
12.07.2019 18:50:00.000,84.748,84.787,84.748,84.787,0.0237
12.07.2019 18:51:00.000,84.788,84.788,84.767,84.777,0.0242
12.07.2019 18:52:00.000,84.777,84.788,84.777,84.788,0.009
12.07.2019 18:53:00.000,84.777,84.778,84.738,84.758,0.0242
12.07.2019 18:54:00.000,84.768,84.778,84.737,84.768,0.0648
12.07.2019 18:55:00.000,84.768,84.778,84.767,84.767,0.0377
12.07.2019 18:56:00.000,84.768,84.778,84.747,84.768,0.0336
12.07.2019 18:57:00.000,84.777,84.778,84.768,84.768,0.0156
12.07.2019 18:58:00.000,84.767,84.808,84.767,84.808,0.0322
12.07.2019 18:59:00.000,84.807,84.817,84.787,84.808,0.0354
12.07.2019 19:00:00.000,84.817,84.818,84.788,84.798,0.0644
12.07.2019 19:01:00.000,84.798,84.818,84.797,84.798,0.0426
12.07.2019 19:02:00.000,84.817,84.818,84.798,84.808,0.0278
12.07.2019 19:03:00.000,84.818,84.818,84.807,84.817,0.0333
12.07.2019 19:04:00.000,84.818,84.848,84.817,84.847,0.0925
12.07.2019 19:05:00.000,84.848,84.858,84.837,84.848,0.0575
12.07.2019 19:06:00.000,84.837,84.848,84.817,84.817,0.0342
12.07.2019 19:07:00.000,84.818,84.838,84.817,84.818,0.056
12.07.2019 19:08:00.000,84.818,84.848,84.817,84.818,0.0475
12.07.2019 19:09:00.000,84.817,84.828,84.817,84.818,0.0164
12.07.2019 19:10:00.000,84.827,84.827,84.797,84.797,0.0027
12.07.2019 19:11:00.000,84.797,84.818,84.797,84.818,0.0027
12.07.2019 19:12:00.000,84.828,84.858,84.827,84.848,0.0466
12.07.2019 19:13:00.000,84.848,84.868,84.837,84.848,0.014
12.07.2019 19:14:00.000,84.858,84.878,84.838,84.838,0.0153
12.07.2019 19:15:00.000,84.827,84.838,84.817,84.818,0.0197
12.07.2019 19:16:00.000,84.817,84.817,84.817,84.817,0.0108
12.07.2019 19:17:00.000,84.817,84.838,84.817,84.838,0.0116
12.07.2019 19:18:00.000,84.837,84.848,84.817,84.817,0.044
12.07.2019 19:19:00.000,84.818,84.848,84.817,84.838,0.0277
12.07.2019 19:20:00.000,84.838,84.858,84.828,84.858,0.0918
12.07.2019 19:21:00.000,84.858,84.858,84.828,84.828,0.0211
12.07.2019 19:22:00.000,84.817,84.828,84.817,84.828,0.0177
12.07.2019 19:23:00.000,84.828,84.858,84.827,84.847,0.0041
12.07.2019 19:24:00.000,84.848,84.858,84.838,84.838,0.0609
12.07.2019 19:25:00.000,84.847,84.858,84.847,84.858,0.0218
12.07.2019 19:26:00.000,84.868,84.868,84.838,84.848,0.0384
12.07.2019 19:27:00.000,84.858,84.888,84.857,84.888,0.0092
12.07.2019 19:28:00.000,84.897,84.928,84.887,84.918,0.0478
12.07.2019 19:29:00.000,84.917,84.968,84.917,84.968,0.0301
12.07.2019 19:30:00.000,84.968,84.978,84.888,84.888,0.1085
12.07.2019 19:31:00.000,84.897,84.918,84.897,84.907,0.0574
12.07.2019 19:32:00.000,84.908,84.918,84.897,84.898,0.0448
12.07.2019 19:33:00.000,84.898,84.898,84.858,84.898,0.0357
12.07.2019 19:34:00.000,84.898,84.898,84.858,84.858,0.0868
12.07.2019 19:35:00.000,84.867,84.878,84.857,84.868,0.0343
12.07.2019 19:36:00.000,84.867,84.898,84.847,84.868,0.0934
12.07.2019 19:37:00.000,84.867,84.918,84.867,84.868,0.1159
12.07.2019 19:38:00.000,84.867,84.888,84.867,84.888,0.0842
12.07.2019 19:39:00.000,84.877,84.888,84.867,84.877,0.0182
12.07.2019 19:40:00.000,84.877,84.888,84.877,84.888,0.0559
12.07.2019 19:41:00.000,84.888,84.888,84.878,84.887,0.0694
12.07.2019 19:42:00.000,84.878,84.888,84.857,84.868,0.0835
12.07.2019 19:43:00.000,84.878,84.878,84.857,84.868,0.0665
12.07.2019 19:44:00.000,84.868,84.868,84.847,84.848,0.0486
12.07.2019 19:45:00.000,84.838,84.838,84.817,84.838,0.1004
12.07.2019 19:46:00.000,84.837,84.848,84.837,84.838,0.0078
12.07.2019 19:47:00.000,84.837,84.858,84.837,84.848,0.0336
12.07.2019 19:48:00.000,84.857,84.858,84.827,84.827,0.0219
12.07.2019 19:49:00.000,84.828,84.828,84.827,84.828,0.0083
12.07.2019 19:50:00.000,84.838,84.838,84.737,84.777,0.1263
12.07.2019 19:51:00.000,84.778,84.788,84.777,84.778,0.0617
12.07.2019 19:52:00.000,84.777,84.798,84.768,84.768,0.118
12.07.2019 19:53:00.000,84.767,84.768,84.718,84.718,0.0864
12.07.2019 19:54:00.000,84.717,84.758,84.677,84.697,0.1417
12.07.2019 19:55:00.000,84.698,84.718,84.658,84.678,0.1611
12.07.2019 19:56:00.000,84.687,84.718,84.647,84.718,0.0844
12.07.2019 19:57:00.000,84.708,84.728,84.667,84.707,0.1992
12.07.2019 19:58:00.000,84.698,84.758,84.698,84.758,0.0684
12.07.2019 19:59:00.000,84.757,84.798,84.697,84.718,0.3714
15.07.2019 13:30:00.000,84.438,84.558,83.578,84.108,0.0474
15.07.2019 13:31:00.000,84.128,84.318,84.128,84.267,0.0411
15.07.2019 13:32:00.000,84.268,84.408,84.268,84.407,0.0506
15.07.2019 13:33:00.000,84.408,84.408,84.117,84.117,0.1064
15.07.2019 13:34:00.000,84.117,84.117,84.057,84.068,0.0462
15.07.2019 13:35:00.000,84.160,84.238,84.077,84.078,0.0643
15.07.2019 13:36:00.000,84.128,84.178,84.068,84.158,0.0569
15.07.2019 13:37:00.000,84.158,84.228,84.148,84.148,0.0317
15.07.2019 13:38:00.000,84.148,84.218,84.118,84.148,0.0394
15.07.2019 13:39:00.000,84.117,84.158,84.057,84.117,0.093
15.07.2019 13:40:00.000,84.138,84.148,84.038,84.058,0.0973
15.07.2019 13:41:00.000,84.057,84.098,84.037,84.038,0.0204
15.07.2019 13:42:00.000,83.998,84.008,83.908,83.918,0.0751
15.07.2019 13:43:00.000,83.928,83.978,83.898,83.948,0.0609
15.07.2019 13:44:00.000,83.947,83.948,83.868,83.897,0.0692
15.07.2019 13:45:00.000,83.867,83.898,83.778,83.798,0.0515
15.07.2019 13:46:00.000,83.787,83.798,83.757,83.757,0.0622
15.07.2019 13:47:00.000,83.758,83.788,83.717,83.747,0.0248
15.07.2019 13:48:00.000,83.778,83.778,83.657,83.678,0.0476
15.07.2019 13:49:00.000,83.687,83.728,83.577,83.588,0.1199
15.07.2019 13:50:00.000,83.598,83.607,83.378,83.408,0.1802
15.07.2019 13:51:00.000,83.408,83.468,83.318,83.427,0.1129
15.07.2019 13:52:00.000,83.448,83.488,83.358,83.418,0.0849
15.07.2019 13:53:00.000,83.417,83.417,83.307,83.378,0.0481
15.07.2019 13:54:00.000,83.377,83.447,83.308,83.378,0.1128
15.07.2019 13:55:00.000,83.378,83.538,83.378,83.538,0.0467
15.07.2019 13:56:00.000,83.548,83.558,83.527,83.548,0.0246
15.07.2019 13:57:00.000,83.567,83.608,83.507,83.608,0.0482
15.07.2019 13:58:00.000,83.618,83.628,83.558,83.568,0.0908
15.07.2019 13:59:00.000,83.578,83.578,83.467,83.488,0.072
15.07.2019 14:00:00.000,83.488,83.728,83.488,83.728,0.0434
15.07.2019 14:01:00.000,83.727,83.828,83.687,83.688,0.0281
15.07.2019 14:02:00.000,83.688,83.698,83.568,83.568,0.0613
15.07.2019 14:03:00.000,83.598,83.638,83.567,83.608,0.0093
15.07.2019 14:04:00.000,83.607,83.697,83.577,83.697,0.1061
15.07.2019 14:05:00.000,83.697,83.777,83.667,83.678,0.035
15.07.2019 14:06:00.000,83.687,83.798,83.687,83.798,0.0505
15.07.2019 14:07:00.000,83.798,83.798,83.618,83.618,0.0855
15.07.2019 14:08:00.000,83.618,83.628,83.487,83.507,0.1427
15.07.2019 14:09:00.000,83.528,83.588,83.487,83.518,0.013
15.07.2019 14:10:00.000,83.528,83.678,83.528,83.678,0.0185
15.07.2019 14:11:00.000,83.678,83.688,83.618,83.618,0.0344
15.07.2019 14:12:00.000,83.627,83.668,83.618,83.628,0.0172
15.07.2019 14:13:00.000,83.628,83.688,83.627,83.667,0.0436
15.07.2019 14:14:00.000,83.688,83.808,83.688,83.808,0.0374
15.07.2019 14:15:00.000,83.807,83.828,83.777,83.788,0.0277
15.07.2019 14:16:00.000,83.817,83.888,83.817,83.858,0.0717
15.07.2019 14:17:00.000,83.878,83.928,83.818,83.818,0.1706
15.07.2019 14:18:00.000,83.818,83.818,83.658,83.688,0.0154
15.07.2019 14:19:00.000,83.688,83.708,83.628,83.708,0.0218
15.07.2019 14:20:00.000,83.728,83.768,83.717,83.768,0.0275
15.07.2019 14:21:00.000,83.777,83.787,83.707,83.708,0.0409
15.07.2019 14:22:00.000,83.718,83.737,83.698,83.708,0.0517
15.07.2019 14:23:00.000,83.718,83.738,83.688,83.698,0.0286
15.07.2019 14:24:00.000,83.708,83.708,83.617,83.627,0.0637
15.07.2019 14:25:00.000,83.628,83.678,83.627,83.638,0.0118
15.07.2019 14:26:00.000,83.628,83.667,83.618,83.658,0.0029
15.07.2019 14:27:00.000,83.668,83.668,83.597,83.607,0.0329
15.07.2019 14:28:00.000,83.608,83.678,83.607,83.658,0.0936
15.07.2019 14:29:00.000,83.657,83.738,83.657,83.738,0.0707
15.07.2019 14:30:00.000,83.747,83.768,83.688,83.758,0.0727
15.07.2019 14:31:00.000,83.758,83.827,83.737,83.738,0.1539
15.07.2019 14:32:00.000,83.748,83.788,83.748,83.758,0.0715
15.07.2019 14:33:00.000,83.758,83.838,83.758,83.818,0.0442
15.07.2019 14:34:00.000,83.818,83.818,83.717,83.717,0.0459
15.07.2019 14:35:00.000,83.718,83.838,83.718,83.818,0.0374
15.07.2019 14:36:00.000,83.827,83.878,83.797,83.797,0.0649
15.07.2019 14:37:00.000,83.797,83.868,83.797,83.867,0.004
15.07.2019 14:38:00.000,83.868,83.878,83.788,83.788,0.0379
15.07.2019 14:39:00.000,83.808,83.828,83.748,83.748,0.0269
15.07.2019 14:40:00.000,83.758,83.778,83.748,83.768,0.0812
15.07.2019 14:41:00.000,83.768,83.768,83.657,83.677,0.0439
15.07.2019 14:42:00.000,83.678,83.717,83.638,83.708,0.0811
15.07.2019 14:43:00.000,83.717,83.737,83.678,83.678,0.0867
15.07.2019 14:44:00.000,83.657,83.698,83.617,83.657,0.0508
15.07.2019 14:45:00.000,83.658,83.698,83.627,83.628,0.1121
15.07.2019 14:46:00.000,83.638,83.638,83.578,83.587,0.0332
15.07.2019 14:47:00.000,83.598,83.638,83.567,83.607,0.1081
15.07.2019 14:48:00.000,83.587,83.608,83.507,83.517,0.0365
15.07.2019 14:49:00.000,83.528,83.528,83.477,83.477,0.0179
15.07.2019 14:50:00.000,83.488,83.528,83.477,83.517,0.099
15.07.2019 14:51:00.000,83.518,83.618,83.518,83.618,0.0547
15.07.2019 14:52:00.000,83.638,83.638,83.537,83.588,0.0323
15.07.2019 14:53:00.000,83.587,83.598,83.497,83.497,0.0254
15.07.2019 14:54:00.000,83.497,83.568,83.487,83.568,0.0457
15.07.2019 14:55:00.000,83.568,83.568,83.498,83.528,0.0651
15.07.2019 14:56:00.000,83.538,83.558,83.477,83.477,0.0111
15.07.2019 14:57:00.000,83.478,83.488,83.397,83.397,0.0205
15.07.2019 14:58:00.000,83.398,83.438,83.378,83.398,0.0415
15.07.2019 14:59:00.000,83.398,83.458,83.358,83.428,0.138
15.07.2019 15:00:00.000,83.428,83.428,83.368,83.378,0.0087
15.07.2019 15:01:00.000,83.387,83.387,83.278,83.297,0.0919
15.07.2019 15:02:00.000,83.297,83.297,83.228,83.228,0.0353
15.07.2019 15:03:00.000,83.227,83.238,83.137,83.148,0.0881
15.07.2019 15:04:00.000,83.158,83.258,83.147,83.228,0.0749
15.07.2019 15:05:00.000,83.227,83.348,83.218,83.348,0.0552
15.07.2019 15:06:00.000,83.348,83.348,83.238,83.268,0.0621
15.07.2019 15:07:00.000,83.268,83.288,83.197,83.197,0.0735
15.07.2019 15:08:00.000,83.198,83.268,83.187,83.227,0.0265
15.07.2019 15:09:00.000,83.228,83.228,83.187,83.188,0.0496
15.07.2019 15:10:00.000,83.188,83.198,83.107,83.118,0.0709
15.07.2019 15:11:00.000,83.117,83.118,83.037,83.037,0.083
15.07.2019 15:12:00.000,83.038,83.088,83.028,83.058,0.0309
15.07.2019 15:13:00.000,83.068,83.158,83.068,83.098,0.0797
15.07.2019 15:14:00.000,83.108,83.148,83.087,83.117,0.0295
15.07.2019 15:15:00.000,83.128,83.138,83.107,83.108,0.0339
15.07.2019 15:16:00.000,83.117,83.158,83.077,83.148,0.0577
15.07.2019 15:17:00.000,83.157,83.198,83.148,83.157,0.0431
15.07.2019 15:18:00.000,83.167,83.168,83.097,83.098,0.0651
15.07.2019 15:19:00.000,83.108,83.178,83.108,83.148,0.0272
15.07.2019 15:20:00.000,83.158,83.238,83.157,83.228,0.0233
15.07.2019 15:21:00.000,83.238,83.258,83.237,83.257,0.035
15.07.2019 15:22:00.000,83.268,83.318,83.257,83.308,0.0343
15.07.2019 15:23:00.000,83.307,83.377,83.307,83.358,0.0176
15.07.2019 15:24:00.000,83.358,83.358,83.288,83.307,0.0976
15.07.2019 15:25:00.000,83.308,83.338,83.298,83.308,0.0031
15.07.2019 15:26:00.000,83.308,83.308,83.287,83.308,0.0346
15.07.2019 15:27:00.000,83.308,83.308,83.258,83.278,0.0196
15.07.2019 15:28:00.000,83.277,83.318,83.267,83.318,0.0242
15.07.2019 15:29:00.000,83.318,83.347,83.317,83.338,0.0488
15.07.2019 15:30:00.000,83.338,83.348,83.317,83.328,0.0656
15.07.2019 15:31:00.000,83.348,83.368,83.327,83.327,0.0271
15.07.2019 15:32:00.000,83.338,83.338,83.288,83.318,0.0316
15.07.2019 15:33:00.000,83.318,83.318,83.257,83.298,0.1163
15.07.2019 15:34:00.000,83.297,83.347,83.277,83.318,0.0523
15.07.2019 15:35:00.000,83.327,83.348,83.278,83.298,0.0834
15.07.2019 15:36:00.000,83.298,83.418,83.297,83.388,0.066
15.07.2019 15:37:00.000,83.395,83.418,83.377,83.418,0.0248
15.07.2019 15:38:00.000,83.417,83.418,83.357,83.367,0.0646
15.07.2019 15:39:00.000,83.368,83.398,83.337,83.397,0.0315
15.07.2019 15:40:00.000,83.398,83.498,83.397,83.497,0.0667
15.07.2019 15:41:00.000,83.498,83.528,83.467,83.487,0.1078
15.07.2019 15:42:00.000,83.488,83.528,83.407,83.428,0.1021
15.07.2019 15:43:00.000,83.427,83.508,83.427,83.488,0.0584
15.07.2019 15:44:00.000,83.488,83.518,83.487,83.508,0.0331
15.07.2019 15:45:00.000,83.508,83.508,83.427,83.458,0.1362
15.07.2019 15:46:00.000,83.458,83.518,83.457,83.507,0.0606
15.07.2019 15:47:00.000,83.507,83.608,83.507,83.587,0.0668
15.07.2019 15:48:00.000,83.588,83.608,83.587,83.598,0.0744
15.07.2019 15:49:00.000,83.607,83.658,83.577,83.628,0.0515
15.07.2019 15:50:00.000,83.638,83.688,83.618,83.687,0.0244
15.07.2019 15:51:00.000,83.668,83.688,83.638,83.648,0.015
15.07.2019 15:52:00.000,83.658,83.668,83.637,83.647,0.0626
15.07.2019 15:53:00.000,83.648,83.678,83.637,83.637,0.0628
15.07.2019 15:54:00.000,83.647,83.647,83.577,83.577,0.0752
15.07.2019 15:55:00.000,83.587,83.648,83.587,83.648,0.0265
15.07.2019 15:56:00.000,83.658,83.678,83.637,83.668,0.0719
15.07.2019 15:57:00.000,83.667,83.678,83.638,83.668,0.0999
15.07.2019 15:58:00.000,83.708,83.758,83.708,83.727,0.0302
15.07.2019 15:59:00.000,83.728,83.748,83.727,83.728,0.026
15.07.2019 16:00:00.000,83.727,83.748,83.658,83.658,0.0725
15.07.2019 16:01:00.000,83.657,83.678,83.657,83.658,0.0109
15.07.2019 16:02:00.000,83.627,83.627,83.577,83.577,0.0719
15.07.2019 16:03:00.000,83.577,83.668,83.577,83.658,0.1758
15.07.2019 16:04:00.000,83.647,83.718,83.647,83.678,0.057
15.07.2019 16:05:00.000,83.698,83.698,83.607,83.608,0.0335
15.07.2019 16:06:00.000,83.588,83.588,83.577,83.587,0.0032
15.07.2019 16:07:00.000,83.597,83.628,83.578,83.588,0.0634
15.07.2019 16:08:00.000,83.578,83.608,83.567,83.608,0.0647
15.07.2019 16:09:00.000,83.607,83.628,83.607,83.627,0.0035
15.07.2019 16:10:00.000,83.618,83.648,83.587,83.588,0.0403
15.07.2019 16:11:00.000,83.588,83.638,83.587,83.628,0.0231
15.07.2019 16:12:00.000,83.627,83.648,83.607,83.648,0.0708
15.07.2019 16:13:00.000,83.638,83.668,83.627,83.637,0.0394
15.07.2019 16:14:00.000,83.628,83.638,83.618,83.637,0.0209
15.07.2019 16:15:00.000,83.648,83.698,83.647,83.698,0.0283
15.07.2019 16:16:00.000,83.717,83.738,83.688,83.738,0.0475
15.07.2019 16:17:00.000,83.737,83.738,83.657,83.657,0.0464
15.07.2019 16:18:00.000,83.657,83.698,83.647,83.668,0.0035
15.07.2019 16:19:00.000,83.668,83.678,83.628,83.677,0.0279
15.07.2019 16:20:00.000,83.678,83.788,83.678,83.778,0.0641
15.07.2019 16:21:00.000,83.788,83.788,83.728,83.728,0.0012
15.07.2019 16:22:00.000,83.727,83.758,83.727,83.758,0.0201
15.07.2019 16:23:00.000,83.757,83.818,83.707,83.708,0.0352
15.07.2019 16:24:00.000,83.708,83.728,83.697,83.698,0.001
15.07.2019 16:25:00.000,83.708,83.728,83.697,83.708,0.0474
15.07.2019 16:26:00.000,83.707,83.728,83.707,83.727,0.0297
15.07.2019 16:27:00.000,83.728,83.738,83.727,83.737,0.0301
15.07.2019 16:28:00.000,83.757,83.788,83.727,83.728,0.0637
15.07.2019 16:29:00.000,83.727,83.738,83.727,83.738,0.0019
15.07.2019 16:30:00.000,83.737,83.758,83.737,83.738,0.0191
15.07.2019 16:31:00.000,83.737,83.758,83.737,83.758,0.0044
15.07.2019 16:32:00.000,83.758,83.758,83.697,83.708,0.0291
15.07.2019 16:33:00.000,83.708,83.778,83.707,83.748,0.0331
15.07.2019 16:34:00.000,83.758,83.788,83.727,83.728,0.017
15.07.2019 16:35:00.000,83.707,83.728,83.657,83.668,0.0205
15.07.2019 16:36:00.000,83.688,83.688,83.667,83.688,0.001
15.07.2019 16:37:00.000,83.677,83.708,83.668,83.707,0.0083
15.07.2019 16:38:00.000,83.728,83.748,83.727,83.738,0.0089
15.07.2019 16:39:00.000,83.738,83.788,83.737,83.767,0.022
15.07.2019 16:40:00.000,83.788,83.808,83.778,83.808,0.0096
15.07.2019 16:41:00.000,83.807,83.838,83.807,83.837,0.0382
15.07.2019 16:42:00.000,83.838,83.838,83.797,83.797,0.0245
15.07.2019 16:43:00.000,83.807,83.838,83.807,83.808,0.0101
15.07.2019 16:44:00.000,83.827,83.838,83.807,83.817,0.0503
15.07.2019 16:45:00.000,83.828,83.848,83.827,83.837,0.0193
15.07.2019 16:46:00.000,83.838,83.868,83.838,83.847,0.0037
15.07.2019 16:47:00.000,83.848,83.848,83.797,83.818,0.0116
15.07.2019 16:48:00.000,83.827,83.828,83.808,83.808,0.0082
15.07.2019 16:49:00.000,83.818,83.838,83.807,83.807,0.0577
15.07.2019 16:50:00.000,83.808,83.827,83.808,83.818,0.0114
15.07.2019 16:51:00.000,83.817,83.828,83.817,83.818,0.0385
15.07.2019 16:52:00.000,83.828,83.838,83.778,83.778,0.0733
15.07.2019 16:53:00.000,83.778,83.787,83.777,83.778,0.0256
15.07.2019 16:54:00.000,83.778,83.778,83.737,83.748,0.0248
15.07.2019 16:55:00.000,83.748,83.768,83.747,83.768,0.0173
15.07.2019 16:56:00.000,83.758,83.788,83.757,83.788,0.0493
15.07.2019 16:57:00.000,83.788,83.828,83.788,83.828,0.0525
15.07.2019 16:58:00.000,83.838,83.838,83.817,83.828,0.0078
15.07.2019 16:59:00.000,83.847,83.858,83.827,83.848,0.0532
15.07.2019 17:00:00.000,83.847,83.847,83.817,83.827,0.1502
15.07.2019 17:01:00.000,83.827,83.838,83.787,83.787,0.0052
15.07.2019 17:02:00.000,83.797,83.798,83.718,83.727,0.0807
15.07.2019 17:03:00.000,83.728,83.748,83.717,83.728,0.0346
15.07.2019 17:04:00.000,83.728,83.748,83.727,83.738,0.0393
15.07.2019 17:05:00.000,83.748,83.748,83.737,83.737,0.0096
15.07.2019 17:06:00.000,83.738,83.748,83.728,83.738,0.0326
15.07.2019 17:07:00.000,83.738,83.748,83.737,83.737,0.0017
15.07.2019 17:08:00.000,83.737,83.768,83.727,83.768,0.02
15.07.2019 17:09:00.000,83.767,83.778,83.717,83.778,0.0343
15.07.2019 17:10:00.000,83.777,83.778,83.757,83.757,0.0484
15.07.2019 17:11:00.000,83.758,83.798,83.757,83.767,0.0142
15.07.2019 17:12:00.000,83.768,83.788,83.748,83.748,0.0105
15.07.2019 17:13:00.000,83.748,83.748,83.737,83.748,0.0016
15.07.2019 17:14:00.000,83.747,83.748,83.728,83.748,0.001
15.07.2019 17:15:00.000,83.757,83.768,83.747,83.768,0.0299
15.07.2019 17:16:00.000,83.778,83.808,83.777,83.797,0.0128
15.07.2019 17:17:00.000,83.798,83.827,83.798,83.827,0.03
15.07.2019 17:18:00.000,83.818,83.828,83.807,83.808,0.0422
15.07.2019 17:19:00.000,83.817,83.817,83.748,83.748,0.0274
15.07.2019 17:20:00.000,83.757,83.788,83.757,83.768,0.0372
15.07.2019 17:21:00.000,83.768,83.768,83.747,83.767,0.0373
15.07.2019 17:22:00.000,83.758,83.798,83.758,83.798,0.0409
15.07.2019 17:23:00.000,83.797,83.808,83.778,83.778,0.0689
15.07.2019 17:24:00.000,83.777,83.778,83.767,83.768,0.001
15.07.2019 17:25:00.000,83.777,83.778,83.748,83.758,0.0111
15.07.2019 17:26:00.000,83.758,83.778,83.757,83.778,0.0691
15.07.2019 17:27:00.000,83.778,83.778,83.748,83.748,0.0439
15.07.2019 17:28:00.000,83.748,83.748,83.727,83.728,0.0028
15.07.2019 17:29:00.000,83.737,83.748,83.688,83.688,0.0412
15.07.2019 17:30:00.000,83.687,83.697,83.668,83.668,0.0816
15.07.2019 17:31:00.000,83.678,83.688,83.677,83.678,0.0167
15.07.2019 17:32:00.000,83.677,83.698,83.677,83.688,0.0177
15.07.2019 17:33:00.000,83.687,83.688,83.677,83.678,0.0534
15.07.2019 17:34:00.000,83.677,83.688,83.668,83.688,0.0355
15.07.2019 17:35:00.000,83.687,83.718,83.677,83.718,0.0278
15.07.2019 17:36:00.000,83.718,83.718,83.687,83.688,0.0311
15.07.2019 17:37:00.000,83.668,83.668,83.668,83.668,0.0226
15.07.2019 17:38:00.000,83.678,83.698,83.677,83.678,0.0291
15.07.2019 17:39:00.000,83.678,83.688,83.667,83.668,0.0698
15.07.2019 17:40:00.000,83.668,83.688,83.657,83.677,0.0322
15.07.2019 17:41:00.000,83.678,83.678,83.677,83.677,0.0014
15.07.2019 17:42:00.000,83.678,83.728,83.677,83.698,0.0717
15.07.2019 17:43:00.000,83.707,83.707,83.677,83.678,0.0326
15.07.2019 17:44:00.000,83.698,83.698,83.677,83.698,0.0253
15.07.2019 17:46:00.000,83.697,83.708,83.677,83.688,0.0027
15.07.2019 17:47:00.000,83.687,83.707,83.687,83.687,0.0129
15.07.2019 17:48:00.000,83.688,83.708,83.688,83.708,0.0006
15.07.2019 17:49:00.000,83.708,83.718,83.688,83.718,0.0169
15.07.2019 17:50:00.000,83.728,83.778,83.717,83.728,0.0642
15.07.2019 17:51:00.000,83.738,83.798,83.738,83.798,0.0422
15.07.2019 17:52:00.000,83.797,83.798,83.797,83.797,0.0035
15.07.2019 17:53:00.000,83.798,83.808,83.737,83.737,0.0359
15.07.2019 17:54:00.000,83.748,83.778,83.747,83.748,0.0418
15.07.2019 17:55:00.000,83.747,83.747,83.727,83.738,0.009
15.07.2019 17:56:00.000,83.758,83.788,83.757,83.777,0.0256
15.07.2019 17:57:00.000,83.777,83.778,83.758,83.778,0.001
15.07.2019 17:58:00.000,83.777,83.788,83.767,83.768,0.0155
15.07.2019 17:59:00.000,83.768,83.768,83.738,83.738,0.0119
15.07.2019 18:00:00.000,83.738,83.768,83.727,83.758,0.004
15.07.2019 18:01:00.000,83.758,83.788,83.757,83.788,0.0105
15.07.2019 18:02:00.000,83.798,83.808,83.777,83.788,0.0467
15.07.2019 18:03:00.000,83.787,83.848,83.787,83.848,0.068
15.07.2019 18:04:00.000,83.847,83.888,83.837,83.848,0.0359
15.07.2019 18:05:00.000,83.838,83.878,83.837,83.868,0.0376
15.07.2019 18:07:00.000,83.888,83.888,83.837,83.848,0.0366
15.07.2019 18:08:00.000,83.838,83.868,83.828,83.858,0.0307
15.07.2019 18:09:00.000,83.867,83.878,83.848,83.878,0.0091
15.07.2019 18:10:00.000,83.887,83.917,83.887,83.887,0.0153
15.07.2019 18:11:00.000,83.887,83.928,83.887,83.897,0.0042
15.07.2019 18:12:00.000,83.898,83.908,83.887,83.888,0.0169
15.07.2019 18:13:00.000,83.887,83.908,83.857,83.878,0.0695
15.07.2019 18:14:00.000,83.878,83.918,83.867,83.908,0.0237
15.07.2019 18:15:00.000,83.918,83.918,83.867,83.867,0.002
15.07.2019 18:16:00.000,83.867,83.918,83.848,83.918,0.0444
15.07.2019 18:17:00.000,83.927,83.958,83.898,83.898,0.0565
15.07.2019 18:18:00.000,83.917,83.988,83.917,83.937,0.0774
15.07.2019 18:19:00.000,83.938,83.978,83.937,83.977,0.0382
15.07.2019 18:20:00.000,83.978,84.048,83.978,84.038,0.0039
15.07.2019 18:21:00.000,84.037,84.038,84.017,84.038,0.0128
15.07.2019 18:22:00.000,84.037,84.078,84.027,84.078,0.0164
15.07.2019 18:23:00.000,84.077,84.098,84.037,84.038,0.021
15.07.2019 18:24:00.000,84.038,84.117,84.038,84.117,0.0551
15.07.2019 18:25:00.000,84.118,84.127,84.107,84.108,0.0707
15.07.2019 18:26:00.000,84.107,84.118,84.068,84.108,0.0768
15.07.2019 18:27:00.000,84.107,84.107,84.077,84.098,0.0165
15.07.2019 18:28:00.000,84.098,84.098,84.057,84.057,0.0861
15.07.2019 18:29:00.000,84.058,84.078,84.037,84.037,0.0565
15.07.2019 18:30:00.000,84.048,84.068,84.037,84.068,0.0256
15.07.2019 18:31:00.000,84.058,84.118,84.057,84.088,0.0323
15.07.2019 18:32:00.000,84.108,84.108,84.088,84.088,0.0019
15.07.2019 18:33:00.000,84.088,84.138,84.087,84.138,0.0385
15.07.2019 18:34:00.000,84.118,84.148,84.118,84.138,0.0632
15.07.2019 18:35:00.000,84.128,84.198,84.127,84.198,0.037
15.07.2019 18:36:00.000,84.198,84.198,84.177,84.177,0.0376
15.07.2019 18:37:00.000,84.178,84.178,84.177,84.177,0.0103
15.07.2019 18:38:00.000,84.177,84.178,84.117,84.128,0.0512
15.07.2019 18:39:00.000,84.127,84.138,84.107,84.118,0.101
15.07.2019 18:40:00.000,84.117,84.118,84.088,84.088,0.0011
15.07.2019 18:41:00.000,84.078,84.078,84.047,84.067,0.0772
15.07.2019 18:42:00.000,84.068,84.068,84.057,84.058,0.0023
15.07.2019 18:43:00.000,84.068,84.088,84.067,84.068,0.015
15.07.2019 18:44:00.000,84.068,84.068,84.027,84.037,0.0134
15.07.2019 18:45:00.000,84.038,84.038,84.017,84.017,0.0162
15.07.2019 18:46:00.000,84.018,84.038,83.997,84.038,0.0559
15.07.2019 18:47:00.000,84.037,84.037,83.998,83.998,0.0205
15.07.2019 18:48:00.000,84.007,84.018,84.007,84.007,0.0298
15.07.2019 18:49:00.000,84.008,84.008,83.977,83.988,0.0801
15.07.2019 18:50:00.000,83.978,84.008,83.978,84.008,0.0117
15.07.2019 18:51:00.000,84.007,84.028,84.007,84.017,0.0217
15.07.2019 18:52:00.000,84.018,84.038,84.018,84.038,0.0022
15.07.2019 18:53:00.000,84.038,84.038,83.988,84.018,0.0443
15.07.2019 18:54:00.000,84.017,84.018,83.977,83.978,0.0129
15.07.2019 18:55:00.000,83.978,83.988,83.968,83.977,0.0121
15.07.2019 18:56:00.000,83.968,83.998,83.967,83.997,0.053
15.07.2019 18:57:00.000,83.998,84.018,83.997,84.017,0.0022
15.07.2019 18:58:00.000,84.017,84.107,83.997,84.088,0.0429
15.07.2019 18:59:00.000,84.077,84.078,84.037,84.038,0.0134
15.07.2019 19:00:00.000,84.058,84.058,84.007,84.018,0.0499
15.07.2019 19:01:00.000,84.027,84.048,84.027,84.048,0.0175
15.07.2019 19:02:00.000,84.027,84.028,83.977,83.978,0.013
15.07.2019 19:03:00.000,83.998,84.038,83.977,83.978,0.0943
15.07.2019 19:04:00.000,83.987,83.998,83.977,83.988,0.0308
15.07.2019 19:05:00.000,83.998,83.998,83.978,83.988,0.0399
15.07.2019 19:06:00.000,83.987,83.988,83.957,83.958,0.1293
15.07.2019 19:07:00.000,83.957,83.958,83.887,83.938,0.1631
15.07.2019 19:08:00.000,83.937,83.958,83.937,83.958,0.0085
15.07.2019 19:09:00.000,83.948,84.007,83.937,83.997,0.0416
15.07.2019 19:10:00.000,83.997,84.028,83.987,84.028,0.01
15.07.2019 19:11:00.000,84.027,84.027,84.007,84.017,0.0171
15.07.2019 19:12:00.000,84.018,84.028,83.967,83.967,0.0651
15.07.2019 19:13:00.000,83.967,83.967,83.917,83.938,0.0487
15.07.2019 19:14:00.000,83.938,83.938,83.908,83.928,0.0184
15.07.2019 19:15:00.000,83.938,83.978,83.928,83.968,0.0857
15.07.2019 19:16:00.000,83.968,84.008,83.968,84.007,0.0588
15.07.2019 19:17:00.000,84.008,84.008,83.998,83.998,0.0237
15.07.2019 19:18:00.000,83.998,84.038,83.997,84.038,0.0576
15.07.2019 19:19:00.000,84.037,84.118,84.037,84.118,0.1504
15.07.2019 19:20:00.000,84.118,84.118,84.087,84.118,0.0378
15.07.2019 19:21:00.000,84.118,84.158,84.097,84.158,0.056
15.07.2019 19:22:00.000,84.157,84.188,84.157,84.188,0.0991
15.07.2019 19:23:00.000,84.187,84.188,84.137,84.137,0.1085
15.07.2019 19:24:00.000,84.137,84.158,84.137,84.148,0.0523
15.07.2019 19:25:00.000,84.157,84.178,84.138,84.138,0.0435
15.07.2019 19:26:00.000,84.138,84.158,84.128,84.157,0.0453
15.07.2019 19:27:00.000,84.158,84.168,84.127,84.127,0.0624
15.07.2019 19:28:00.000,84.117,84.117,84.097,84.108,0.0704
15.07.2019 19:29:00.000,84.108,84.118,84.078,84.108,0.0958
15.07.2019 19:30:00.000,84.098,84.138,84.097,84.128,0.1203
15.07.2019 19:31:00.000,84.127,84.137,84.077,84.078,0.2908
15.07.2019 19:32:00.000,84.077,84.108,84.077,84.107,0.1314
15.07.2019 19:33:00.000,84.108,84.118,84.057,84.088,0.2924
15.07.2019 19:34:00.000,84.087,84.118,84.057,84.117,0.2014
15.07.2019 19:35:00.000,84.118,84.148,84.118,84.128,0.1005
15.07.2019 19:36:00.000,84.127,84.208,84.127,84.207,0.1777
15.07.2019 19:37:00.000,84.208,84.218,84.197,84.218,0.1247
15.07.2019 19:38:00.000,84.217,84.238,84.187,84.187,0.2277
15.07.2019 19:39:00.000,84.188,84.218,84.157,84.218,0.1
15.07.2019 19:40:00.000,84.228,84.258,84.187,84.188,0.2481
15.07.2019 19:41:00.000,84.197,84.218,84.187,84.208,0.1225
15.07.2019 19:42:00.000,84.207,84.208,84.178,84.207,0.0561
15.07.2019 19:43:00.000,84.208,84.238,84.207,84.237,0.054
15.07.2019 19:44:00.000,84.238,84.268,84.237,84.258,0.1914
15.07.2019 19:45:00.000,84.257,84.288,84.247,84.288,0.1072
15.07.2019 19:46:00.000,84.297,84.298,84.258,84.258,0.2272
15.07.2019 19:47:00.000,84.258,84.278,84.227,84.268,0.0465
15.07.2019 19:48:00.000,84.267,84.268,84.227,84.247,0.1417
15.07.2019 19:49:00.000,84.248,84.278,84.198,84.278,0.2204
15.07.2019 19:50:00.000,84.277,84.347,84.277,84.337,0.126
15.07.2019 19:51:00.000,84.338,84.348,84.317,84.328,0.1139
15.07.2019 19:52:00.000,84.328,84.328,84.268,84.328,0.1778
15.07.2019 19:53:00.000,84.327,84.348,84.327,84.348,0.1748
15.07.2019 19:54:00.000,84.347,84.418,84.308,84.348,0.2235
15.07.2019 19:55:00.000,84.347,84.368,84.257,84.268,0.2162
15.07.2019 19:56:00.000,84.278,84.318,84.257,84.258,0.1608
15.07.2019 19:57:00.000,84.268,84.308,84.267,84.308,0.1688
15.07.2019 19:58:00.000,84.307,84.318,84.267,84.298,0.202
15.07.2019 19:59:00.000,84.308,84.318,84.258,84.288,0.2365
16.07.2019 13:30:00.000,83.557,84.078,83.557,84.008,0.0234
16.07.2019 13:31:00.000,84.008,84.008,83.857,83.857,0.0752
16.07.2019 13:32:00.000,83.858,83.978,83.847,83.877,0.1062
16.07.2019 13:33:00.000,83.888,83.938,83.637,83.818,0.1257
16.07.2019 13:34:00.000,83.827,83.828,83.687,83.688,0.054
16.07.2019 13:35:00.000,83.698,83.788,83.667,83.788,0.11
16.07.2019 13:36:00.000,83.788,83.818,83.788,83.808,0.0606
16.07.2019 13:37:00.000,83.807,83.848,83.768,83.798,0.0733
16.07.2019 13:38:00.000,83.797,83.978,83.788,83.908,0.1303
16.07.2019 13:39:00.000,83.907,83.908,83.757,83.867,0.0594
16.07.2019 13:40:00.000,83.868,84.028,83.817,83.848,0.1576
16.07.2019 13:41:00.000,83.827,83.898,83.758,83.868,0.1408
16.07.2019 13:42:00.000,83.868,83.907,83.757,83.758,0.089
16.07.2019 13:43:00.000,83.787,83.788,83.707,83.728,0.048
16.07.2019 13:44:00.000,83.737,83.768,83.627,83.627,0.106
16.07.2019 13:45:00.000,83.637,83.638,83.587,83.608,0.0425
16.07.2019 13:46:00.000,83.657,83.748,83.657,83.737,0.0604
16.07.2019 13:47:00.000,83.758,83.768,83.758,83.767,0.0177
16.07.2019 13:48:00.000,83.767,83.767,83.647,83.727,0.1426
16.07.2019 13:49:00.000,83.748,83.848,83.708,83.728,0.0872
16.07.2019 13:50:00.000,83.728,83.817,83.728,83.798,0.016
16.07.2019 13:51:00.000,83.798,83.798,83.698,83.718,0.1489
16.07.2019 13:52:00.000,83.727,83.828,83.718,83.828,0.1444
16.07.2019 13:53:00.000,83.837,83.848,83.757,83.758,0.0523
16.07.2019 13:54:00.000,83.767,83.767,83.667,83.677,0.0826
16.07.2019 13:55:00.000,83.687,83.748,83.648,83.747,0.1561
16.07.2019 13:56:00.000,83.768,83.927,83.767,83.858,0.0662
16.07.2019 13:57:00.000,83.858,83.858,83.787,83.788,0.0267
16.07.2019 13:58:00.000,83.787,83.808,83.718,83.748,0.0512
16.07.2019 13:59:00.000,83.747,83.798,83.747,83.798,0.0091
16.07.2019 14:00:00.000,83.818,83.908,83.778,83.888,0.0488
16.07.2019 14:01:00.000,83.898,84.028,83.897,84.028,0.0383
16.07.2019 14:02:00.000,84.028,84.038,83.918,83.938,0.0322
16.07.2019 14:03:00.000,83.938,83.988,83.927,83.958,0.1805
16.07.2019 14:04:00.000,83.967,84.028,83.967,83.977,0.131
16.07.2019 14:05:00.000,83.977,84.078,83.977,84.018,0.0757
16.07.2019 14:06:00.000,84.018,84.088,84.008,84.027,0.076
16.07.2019 14:07:00.000,84.028,84.038,84.007,84.007,0.0352
16.07.2019 14:08:00.000,84.008,84.068,84.008,84.068,0.0166
16.07.2019 14:09:00.000,84.068,84.118,84.067,84.108,0.0272
16.07.2019 14:10:00.000,84.108,84.188,84.107,84.168,0.0916
16.07.2019 14:11:00.000,84.167,84.218,84.157,84.218,0.0642
16.07.2019 14:12:00.000,84.218,84.228,84.168,84.188,0.1288
16.07.2019 14:13:00.000,84.188,84.268,84.168,84.208,0.0614
16.07.2019 14:14:00.000,84.227,84.347,84.227,84.318,0.0243
16.07.2019 14:15:00.000,84.327,84.358,84.327,84.338,0.0528
16.07.2019 14:16:00.000,84.338,84.358,84.308,84.308,0.0875
16.07.2019 14:17:00.000,84.288,84.358,84.288,84.337,0.069
16.07.2019 14:18:00.000,84.348,84.378,84.307,84.328,0.0785
16.07.2019 14:19:00.000,84.337,84.448,84.327,84.448,0.1622
16.07.2019 14:20:00.000,84.447,84.498,84.397,84.418,0.1126
16.07.2019 14:21:00.000,84.438,84.478,84.398,84.478,0.0636
16.07.2019 14:22:00.000,84.518,84.638,84.508,84.637,0.0744
16.07.2019 14:23:00.000,84.637,84.638,84.568,84.588,0.0427
16.07.2019 14:24:00.000,84.588,84.617,84.517,84.588,0.0653
16.07.2019 14:25:00.000,84.588,84.588,84.527,84.528,0.0661
16.07.2019 14:26:00.000,84.528,84.628,84.528,84.567,0.0939
16.07.2019 14:27:00.000,84.578,84.598,84.537,84.597,0.0195
16.07.2019 14:28:00.000,84.598,84.648,84.598,84.618,0.1284
16.07.2019 14:29:00.000,84.627,84.688,84.627,84.628,0.1293
16.07.2019 14:30:00.000,84.638,84.668,84.598,84.658,0.2564
16.07.2019 14:31:00.000,84.657,84.657,84.597,84.648,0.1676
16.07.2019 14:32:00.000,84.658,84.658,84.527,84.538,0.0286
16.07.2019 14:33:00.000,84.538,84.588,84.528,84.587,0.0735
16.07.2019 14:34:00.000,84.588,84.668,84.578,84.588,0.0753
16.07.2019 14:35:00.000,84.588,84.618,84.577,84.598,0.0303
16.07.2019 14:36:00.000,84.597,84.667,84.597,84.628,0.0382
16.07.2019 14:37:00.000,84.628,84.648,84.617,84.648,0.0478
16.07.2019 14:38:00.000,84.637,84.638,84.567,84.608,0.1034
16.07.2019 14:39:00.000,84.607,84.618,84.548,84.558,0.0424
16.07.2019 14:40:00.000,84.557,84.648,84.557,84.598,0.0424
16.07.2019 14:41:00.000,84.598,84.608,84.538,84.588,0.0451
16.07.2019 14:42:00.000,84.588,84.598,84.538,84.547,0.1043
16.07.2019 14:43:00.000,84.567,84.577,84.528,84.548,0.0188
16.07.2019 14:44:00.000,84.547,84.658,84.547,84.637,0.0471
16.07.2019 14:45:00.000,84.648,84.648,84.558,84.587,0.0576
16.07.2019 14:46:00.000,84.587,84.618,84.557,84.557,0.0501
16.07.2019 14:47:00.000,84.568,84.628,84.557,84.607,0.1051
16.07.2019 14:48:00.000,84.608,84.648,84.578,84.588,0.0576
16.07.2019 14:49:00.000,84.588,84.588,84.517,84.528,0.0898
16.07.2019 14:50:00.000,84.528,84.548,84.497,84.498,0.06
16.07.2019 14:51:00.000,84.508,84.568,84.497,84.567,0.0561
16.07.2019 14:52:00.000,84.567,84.568,84.518,84.537,0.0543
16.07.2019 14:53:00.000,84.498,84.498,84.427,84.458,0.0617
16.07.2019 14:54:00.000,84.457,84.488,84.397,84.488,0.0508
16.07.2019 14:55:00.000,84.488,84.538,84.478,84.538,0.0526
16.07.2019 14:56:00.000,84.537,84.537,84.447,84.458,0.0346
16.07.2019 14:57:00.000,84.467,84.488,84.458,84.488,0.0437
16.07.2019 14:58:00.000,84.478,84.498,84.447,84.488,0.0099
16.07.2019 14:59:00.000,84.487,84.518,84.478,84.497,0.0657
16.07.2019 15:00:00.000,84.498,84.498,84.457,84.488,0.0879
16.07.2019 15:01:00.000,84.488,84.508,84.468,84.478,0.0223
16.07.2019 15:02:00.000,84.487,84.498,84.457,84.487,0.0764
16.07.2019 15:03:00.000,84.498,84.648,84.497,84.597,0.1001
16.07.2019 15:04:00.000,84.588,84.718,84.588,84.718,0.0704
16.07.2019 15:05:00.000,84.728,84.798,84.717,84.788,0.0489
16.07.2019 15:06:00.000,84.798,84.888,84.797,84.857,0.0709
16.07.2019 15:07:00.000,84.867,84.867,84.778,84.798,0.0433
16.07.2019 15:08:00.000,84.798,84.828,84.778,84.788,0.0661
16.07.2019 15:09:00.000,84.788,84.798,84.767,84.767,0.0344
16.07.2019 15:10:00.000,84.767,84.798,84.747,84.747,0.1004
16.07.2019 15:11:00.000,84.747,84.808,84.727,84.728,0.0818
16.07.2019 15:12:00.000,84.727,84.787,84.708,84.787,0.1034
16.07.2019 15:13:00.000,84.797,84.828,84.788,84.808,0.0648
16.07.2019 15:14:00.000,84.807,84.878,84.797,84.868,0.0333
16.07.2019 15:15:00.000,84.868,84.868,84.837,84.838,0.0949
16.07.2019 15:16:00.000,84.838,84.878,84.838,84.878,0.0351
16.07.2019 15:17:00.000,84.878,84.878,84.838,84.838,0.0567
16.07.2019 15:18:00.000,84.827,84.827,84.788,84.808,0.0301
16.07.2019 15:19:00.000,84.808,84.808,84.717,84.717,0.107
16.07.2019 15:20:00.000,84.728,84.748,84.678,84.728,0.0725
16.07.2019 15:21:00.000,84.737,84.747,84.708,84.727,0.0602
16.07.2019 15:22:00.000,84.728,84.748,84.707,84.708,0.0802
16.07.2019 15:23:00.000,84.717,84.718,84.677,84.707,0.0729
16.07.2019 15:24:00.000,84.707,84.707,84.578,84.578,0.1026
16.07.2019 15:25:00.000,84.577,84.608,84.557,84.557,0.0882
16.07.2019 15:26:00.000,84.547,84.578,84.537,84.548,0.1432
16.07.2019 15:27:00.000,84.557,84.618,84.518,84.588,0.1546
16.07.2019 15:28:00.000,84.588,84.628,84.558,84.577,0.0742
16.07.2019 15:29:00.000,84.578,84.667,84.577,84.648,0.0662
16.07.2019 15:30:00.000,84.647,84.648,84.608,84.648,0.0095
16.07.2019 15:31:00.000,84.647,84.688,84.647,84.668,0.053
16.07.2019 15:32:00.000,84.668,84.668,84.617,84.657,0.0867
16.07.2019 15:33:00.000,84.658,84.698,84.638,84.688,0.0434
16.07.2019 15:34:00.000,84.688,84.688,84.617,84.618,0.104
16.07.2019 15:35:00.000,84.628,84.648,84.607,84.638,0.1711
16.07.2019 15:36:00.000,84.638,84.648,84.608,84.638,0.02
16.07.2019 15:37:00.000,84.637,84.678,84.628,84.658,0.1292
16.07.2019 15:38:00.000,84.658,84.658,84.578,84.587,0.1634
16.07.2019 15:39:00.000,84.578,84.617,84.577,84.587,0.059
16.07.2019 15:40:00.000,84.587,84.598,84.558,84.558,0.0752
16.07.2019 15:41:00.000,84.578,84.608,84.578,84.607,0.1015
16.07.2019 15:42:00.000,84.607,84.608,84.558,84.577,0.1038
16.07.2019 15:43:00.000,84.578,84.628,84.578,84.597,0.057
16.07.2019 15:44:00.000,84.618,84.618,84.558,84.568,0.0441
16.07.2019 15:45:00.000,84.587,84.598,84.547,84.598,0.0966
16.07.2019 15:46:00.000,84.598,84.648,84.588,84.648,0.0693
16.07.2019 15:47:00.000,84.647,84.678,84.597,84.598,0.0793
16.07.2019 15:48:00.000,84.607,84.638,84.597,84.628,0.099
16.07.2019 15:49:00.000,84.628,84.628,84.557,84.568,0.0367
16.07.2019 15:50:00.000,84.587,84.587,84.557,84.568,0.0911
16.07.2019 15:51:00.000,84.568,84.578,84.527,84.527,0.0618
16.07.2019 15:52:00.000,84.528,84.548,84.488,84.498,0.0338
16.07.2019 15:53:00.000,84.488,84.498,84.448,84.487,0.0356
16.07.2019 15:54:00.000,84.488,84.548,84.487,84.548,0.0599
16.07.2019 15:55:00.000,84.547,84.548,84.497,84.497,0.0433
16.07.2019 15:56:00.000,84.498,84.508,84.477,84.488,0.0378
16.07.2019 15:57:00.000,84.497,84.497,84.457,84.467,0.0401
16.07.2019 15:58:00.000,84.448,84.468,84.417,84.427,0.0609
16.07.2019 15:59:00.000,84.428,84.437,84.397,84.397,0.0532
16.07.2019 16:00:00.000,84.408,84.428,84.377,84.428,0.0808
16.07.2019 16:01:00.000,84.417,84.448,84.407,84.448,0.1359
16.07.2019 16:02:00.000,84.447,84.458,84.377,84.378,0.0893
16.07.2019 16:03:00.000,84.358,84.398,84.357,84.357,0.0518
16.07.2019 16:04:00.000,84.367,84.398,84.347,84.378,0.1121
16.07.2019 16:05:00.000,84.398,84.417,84.377,84.378,0.0471
16.07.2019 16:06:00.000,84.378,84.398,84.357,84.388,0.0604
16.07.2019 16:07:00.000,84.378,84.398,84.338,84.338,0.0278
16.07.2019 16:08:00.000,84.337,84.358,84.318,84.338,0.1044
16.07.2019 16:09:00.000,84.357,84.358,84.307,84.318,0.0832
16.07.2019 16:10:00.000,84.318,84.338,84.278,84.308,0.0142
16.07.2019 16:11:00.000,84.287,84.318,84.277,84.288,0.0513
16.07.2019 16:12:00.000,84.287,84.308,84.278,84.298,0.0279
16.07.2019 16:13:00.000,84.297,84.348,84.297,84.338,0.0105
16.07.2019 16:14:00.000,84.337,84.338,84.297,84.298,0.0321
16.07.2019 16:15:00.000,84.308,84.308,84.247,84.257,0.0838
16.07.2019 16:16:00.000,84.258,84.298,84.247,84.258,0.0389
16.07.2019 16:17:00.000,84.258,84.258,84.117,84.117,0.1059
16.07.2019 16:18:00.000,84.118,84.167,84.097,84.138,0.0353
16.07.2019 16:19:00.000,84.137,84.158,84.128,84.137,0.0176
16.07.2019 16:20:00.000,84.137,84.228,84.137,84.217,0.0573
16.07.2019 16:21:00.000,84.218,84.238,84.217,84.238,0.0083
16.07.2019 16:22:00.000,84.247,84.248,84.218,84.218,0.042
16.07.2019 16:23:00.000,84.247,84.258,84.217,84.238,0.044
16.07.2019 16:24:00.000,84.237,84.238,84.208,84.208,0.0517
16.07.2019 16:25:00.000,84.218,84.258,84.207,84.258,0.0457
16.07.2019 16:26:00.000,84.257,84.288,84.257,84.278,0.0165
16.07.2019 16:27:00.000,84.298,84.357,84.277,84.347,0.1025
16.07.2019 16:28:00.000,84.348,84.378,84.337,84.378,0.0286
16.07.2019 16:29:00.000,84.388,84.388,84.368,84.378,0.009
16.07.2019 16:30:00.000,84.377,84.428,84.377,84.407,0.0384
16.07.2019 16:31:00.000,84.408,84.448,84.407,84.418,0.0503
16.07.2019 16:32:00.000,84.428,84.458,84.428,84.448,0.0185
16.07.2019 16:33:00.000,84.448,84.448,84.407,84.418,0.0677
16.07.2019 16:34:00.000,84.417,84.508,84.417,84.507,0.0472
16.07.2019 16:35:00.000,84.517,84.548,84.517,84.527,0.0521
16.07.2019 16:36:00.000,84.528,84.587,84.528,84.568,0.0216
16.07.2019 16:37:00.000,84.568,84.568,84.537,84.547,0.0257
16.07.2019 16:38:00.000,84.568,84.578,84.528,84.548,0.026
16.07.2019 16:39:00.000,84.548,84.548,84.517,84.548,0.0118
16.07.2019 16:40:00.000,84.548,84.588,84.547,84.588,0.0566
16.07.2019 16:41:00.000,84.588,84.597,84.518,84.518,0.0345
16.07.2019 16:42:00.000,84.527,84.548,84.507,84.537,0.0417
16.07.2019 16:43:00.000,84.538,84.558,84.517,84.558,0.039
16.07.2019 16:44:00.000,84.558,84.578,84.537,84.558,0.0121
16.07.2019 16:45:00.000,84.547,84.558,84.537,84.558,0.0625
16.07.2019 16:46:00.000,84.568,84.578,84.527,84.538,0.0365
16.07.2019 16:47:00.000,84.537,84.538,84.517,84.517,0.023
16.07.2019 16:48:00.000,84.518,84.518,84.458,84.458,0.0291
16.07.2019 16:49:00.000,84.448,84.468,84.418,84.438,0.0724
16.07.2019 16:50:00.000,84.438,84.438,84.387,84.398,0.0444
16.07.2019 16:51:00.000,84.407,84.407,84.357,84.357,0.0309
16.07.2019 16:52:00.000,84.358,84.427,84.357,84.378,0.0403
16.07.2019 16:53:00.000,84.388,84.388,84.317,84.328,0.1069
16.07.2019 16:54:00.000,84.327,84.328,84.277,84.287,0.0226
16.07.2019 16:55:00.000,84.287,84.308,84.257,84.297,0.0991
16.07.2019 16:56:00.000,84.297,84.297,84.238,84.248,0.0546
16.07.2019 16:57:00.000,84.277,84.318,84.268,84.268,0.0395
16.07.2019 16:58:00.000,84.287,84.328,84.228,84.228,0.0566
16.07.2019 16:59:00.000,84.237,84.257,84.208,84.218,0.0263
16.07.2019 17:00:00.000,84.217,84.287,84.217,84.278,0.0836
16.07.2019 17:01:00.000,84.287,84.338,84.287,84.327,0.0644
16.07.2019 17:02:00.000,84.338,84.378,84.338,84.378,0.0441
16.07.2019 17:03:00.000,84.398,84.437,84.367,84.368,0.0503
16.07.2019 17:04:00.000,84.348,84.348,84.307,84.338,0.0661
16.07.2019 17:05:00.000,84.338,84.398,84.337,84.368,0.0572
16.07.2019 17:06:00.000,84.387,84.397,84.377,84.378,0.0091
16.07.2019 17:07:00.000,84.377,84.398,84.357,84.378,0.0495
16.07.2019 17:08:00.000,84.377,84.378,84.337,84.337,0.0606
16.07.2019 17:09:00.000,84.348,84.358,84.308,84.348,0.0699
16.07.2019 17:10:00.000,84.348,84.378,84.327,84.357,0.0972
16.07.2019 17:11:00.000,84.358,84.358,84.297,84.308,0.1158
16.07.2019 17:12:00.000,84.317,84.328,84.267,84.267,0.1023
16.07.2019 17:13:00.000,84.268,84.278,84.237,84.238,0.069
16.07.2019 17:14:00.000,84.258,84.288,84.257,84.288,0.0778
16.07.2019 17:15:00.000,84.277,84.308,84.277,84.308,0.008
16.07.2019 17:16:00.000,84.307,84.328,84.288,84.328,0.0262
16.07.2019 17:17:00.000,84.327,84.327,84.287,84.298,0.0519
16.07.2019 17:18:00.000,84.297,84.348,84.257,84.257,0.0674
16.07.2019 17:19:00.000,84.258,84.278,84.258,84.277,0.0177
16.07.2019 17:20:00.000,84.278,84.308,84.257,84.268,0.0367
16.07.2019 17:21:00.000,84.268,84.278,84.257,84.258,0.0899
16.07.2019 17:22:00.000,84.267,84.278,84.228,84.228,0.0665
16.07.2019 17:23:00.000,84.237,84.278,84.237,84.278,0.167
16.07.2019 17:24:00.000,84.287,84.287,84.157,84.168,0.0842
16.07.2019 17:25:00.000,84.178,84.197,84.168,84.187,0.0534
16.07.2019 17:26:00.000,84.187,84.188,84.117,84.118,0.0277
16.07.2019 17:27:00.000,84.117,84.158,84.117,84.138,0.0248
16.07.2019 17:28:00.000,84.137,84.148,84.117,84.128,0.0305
16.07.2019 17:29:00.000,84.127,84.158,84.028,84.068,0.0457
16.07.2019 17:30:00.000,84.068,84.088,84.047,84.088,0.0234
16.07.2019 17:31:00.000,84.108,84.118,84.047,84.098,0.1047
16.07.2019 17:32:00.000,84.098,84.128,84.097,84.128,0.0899
16.07.2019 17:33:00.000,84.138,84.148,84.117,84.118,0.0181
16.07.2019 17:34:00.000,84.117,84.157,84.117,84.118,0.0429
16.07.2019 17:35:00.000,84.128,84.128,84.107,84.108,0.0526
16.07.2019 17:36:00.000,84.108,84.128,84.107,84.128,0.023
16.07.2019 17:37:00.000,84.128,84.178,84.127,84.178,0.0329
16.07.2019 17:38:00.000,84.177,84.227,84.177,84.218,0.0971
16.07.2019 17:39:00.000,84.217,84.238,84.217,84.228,0.0483
16.07.2019 17:40:00.000,84.227,84.227,84.177,84.178,0.1089
16.07.2019 17:41:00.000,84.177,84.178,84.147,84.158,0.0574
16.07.2019 17:42:00.000,84.167,84.168,84.147,84.148,0.0482
16.07.2019 17:43:00.000,84.148,84.148,84.107,84.108,0.0964
16.07.2019 17:44:00.000,84.107,84.118,84.107,84.107,0.0395
16.07.2019 17:45:00.000,84.108,84.108,84.068,84.068,0.044
16.07.2019 17:46:00.000,84.067,84.068,84.047,84.058,0.0103
16.07.2019 17:47:00.000,84.077,84.107,84.047,84.057,0.0412
16.07.2019 17:48:00.000,84.068,84.078,83.967,83.968,0.0571
16.07.2019 17:49:00.000,83.967,83.988,83.967,83.978,0.0257
16.07.2019 17:50:00.000,83.978,83.998,83.897,83.898,0.033
16.07.2019 17:51:00.000,83.898,83.918,83.848,83.888,0.0662
16.07.2019 17:52:00.000,83.888,83.888,83.838,83.858,0.1127
16.07.2019 17:53:00.000,83.857,83.878,83.817,83.838,0.0467
16.07.2019 17:54:00.000,83.838,83.868,83.787,83.818,0.1244
16.07.2019 17:55:00.000,83.818,83.818,83.747,83.788,0.0215
16.07.2019 17:56:00.000,83.788,83.838,83.787,83.838,0.0771
16.07.2019 17:57:00.000,83.837,83.848,83.787,83.798,0.0406
16.07.2019 17:58:00.000,83.797,83.798,83.777,83.777,0.016
16.07.2019 17:59:00.000,83.777,83.788,83.738,83.787,0.0416
16.07.2019 18:00:00.000,83.808,83.858,83.788,83.818,0.0484
16.07.2019 18:01:00.000,83.838,83.888,83.788,83.877,0.0949
16.07.2019 18:02:00.000,83.888,83.928,83.878,83.918,0.0905
16.07.2019 18:03:00.000,83.927,83.947,83.888,83.908,0.1805
16.07.2019 18:04:00.000,83.917,83.917,83.858,83.898,0.0948
16.07.2019 18:05:00.000,83.887,83.948,83.857,83.938,0.1884
16.07.2019 18:06:00.000,83.938,83.978,83.917,83.917,0.0454
16.07.2019 18:07:00.000,83.928,83.938,83.917,83.938,0.0385
16.07.2019 18:08:00.000,83.937,83.978,83.917,83.928,0.0641
16.07.2019 18:09:00.000,83.938,83.938,83.897,83.917,0.0314
16.07.2019 18:10:00.000,83.918,83.948,83.908,83.918,0.0594
16.07.2019 18:11:00.000,83.928,83.938,83.907,83.928,0.0199
16.07.2019 18:12:00.000,83.927,83.958,83.897,83.898,0.1061
16.07.2019 18:13:00.000,83.908,83.938,83.897,83.928,0.132
16.07.2019 18:14:00.000,83.927,83.978,83.897,83.967,0.1038
16.07.2019 18:15:00.000,83.978,83.998,83.968,83.968,0.0416
16.07.2019 18:16:00.000,83.978,83.998,83.977,83.978,0.0122
16.07.2019 18:17:00.000,83.988,83.998,83.968,83.978,0.0405
16.07.2019 18:18:00.000,83.988,84.048,83.988,84.038,0.0517
16.07.2019 18:19:00.000,84.038,84.058,83.998,84.027,0.0794
16.07.2019 18:20:00.000,84.027,84.058,83.988,83.988,0.0458
16.07.2019 18:21:00.000,83.987,84.018,83.987,83.998,0.0913
16.07.2019 18:22:00.000,83.998,84.058,83.998,84.058,0.0819
16.07.2019 18:23:00.000,84.058,84.088,84.038,84.058,0.0845
16.07.2019 18:24:00.000,84.067,84.128,84.067,84.087,0.0423
16.07.2019 18:25:00.000,84.098,84.098,84.077,84.097,0.0946
16.07.2019 18:26:00.000,84.097,84.097,84.037,84.038,0.0387
16.07.2019 18:27:00.000,84.048,84.067,84.017,84.038,0.1739
16.07.2019 18:28:00.000,84.038,84.058,84.018,84.048,0.081
16.07.2019 18:29:00.000,84.048,84.068,84.018,84.018,0.1008
16.07.2019 18:30:00.000,84.028,84.058,84.018,84.038,0.1275
16.07.2019 18:31:00.000,84.047,84.098,84.047,84.098,0.0621
16.07.2019 18:32:00.000,84.097,84.097,84.037,84.037,0.0807
16.07.2019 18:33:00.000,84.038,84.048,83.998,84.038,0.1601
16.07.2019 18:34:00.000,84.038,84.078,83.997,84.078,0.0781
16.07.2019 18:35:00.000,84.088,84.108,84.068,84.088,0.0846
16.07.2019 18:36:00.000,84.107,84.107,84.058,84.097,0.0989
16.07.2019 18:37:00.000,84.108,84.188,84.097,84.177,0.0598
16.07.2019 18:38:00.000,84.177,84.218,84.158,84.218,0.0506
16.07.2019 18:39:00.000,84.218,84.238,84.197,84.237,0.0706
16.07.2019 18:40:00.000,84.237,84.238,84.197,84.198,0.0293
16.07.2019 18:41:00.000,84.218,84.248,84.197,84.248,0.0714
16.07.2019 18:42:00.000,84.248,84.318,84.248,84.318,0.0755
16.07.2019 18:43:00.000,84.317,84.338,84.297,84.318,0.0468
16.07.2019 18:44:00.000,84.317,84.358,84.308,84.358,0.0171
16.07.2019 18:45:00.000,84.357,84.378,84.297,84.298,0.0043
16.07.2019 18:46:00.000,84.297,84.298,84.257,84.277,0.0865
16.07.2019 18:47:00.000,84.277,84.307,84.247,84.307,0.1058
16.07.2019 18:48:00.000,84.308,84.338,84.297,84.328,0.1626
16.07.2019 18:49:00.000,84.327,84.358,84.318,84.348,0.0581
16.07.2019 18:50:00.000,84.358,84.378,84.347,84.348,0.0832
16.07.2019 18:51:00.000,84.348,84.368,84.327,84.348,0.0542
16.07.2019 18:52:00.000,84.348,84.348,84.297,84.308,0.0102
16.07.2019 18:53:00.000,84.307,84.348,84.307,84.308,0.0262
16.07.2019 18:54:00.000,84.307,84.348,84.298,84.338,0.0861
16.07.2019 18:55:00.000,84.338,84.338,84.277,84.278,0.0374
16.07.2019 18:56:00.000,84.277,84.298,84.258,84.288,0.003
16.07.2019 18:57:00.000,84.297,84.318,84.257,84.258,0.1167
16.07.2019 18:58:00.000,84.267,84.278,84.257,84.258,0.0424
16.07.2019 18:59:00.000,84.247,84.268,84.247,84.247,0.0331
16.07.2019 19:00:00.000,84.248,84.248,84.217,84.237,0.0995
16.07.2019 19:01:00.000,84.238,84.288,84.238,84.287,0.0556
16.07.2019 19:02:00.000,84.288,84.328,84.277,84.328,0.0526
16.07.2019 19:03:00.000,84.328,84.328,84.277,84.288,0.1511
16.07.2019 19:04:00.000,84.288,84.307,84.277,84.298,0.0586
16.07.2019 19:05:00.000,84.307,84.328,84.277,84.318,0.078
16.07.2019 19:06:00.000,84.317,84.328,84.297,84.318,0.0561
16.07.2019 19:07:00.000,84.318,84.318,84.307,84.307,0.0977
16.07.2019 19:08:00.000,84.308,84.338,84.298,84.308,0.0366
16.07.2019 19:09:00.000,84.308,84.328,84.307,84.318,0.0537
16.07.2019 19:10:00.000,84.317,84.338,84.297,84.337,0.0783
16.07.2019 19:11:00.000,84.338,84.398,84.317,84.348,0.05
16.07.2019 19:12:00.000,84.347,84.368,84.347,84.367,0.0171
16.07.2019 19:13:00.000,84.368,84.398,84.367,84.368,0.0407
16.07.2019 19:14:00.000,84.378,84.378,84.347,84.357,0.0552
16.07.2019 19:15:00.000,84.358,84.378,84.337,84.337,0.0648
16.07.2019 19:16:00.000,84.337,84.338,84.278,84.298,0.0509
16.07.2019 19:17:00.000,84.298,84.318,84.287,84.308,0.0485
16.07.2019 19:18:00.000,84.317,84.328,84.307,84.317,0.0038
16.07.2019 19:19:00.000,84.318,84.388,84.318,84.368,0.0309
16.07.2019 19:20:00.000,84.367,84.378,84.347,84.378,0.0751
16.07.2019 19:21:00.000,84.378,84.438,84.377,84.408,0.1041
16.07.2019 19:22:00.000,84.407,84.437,84.387,84.418,0.1395
16.07.2019 19:23:00.000,84.418,84.438,84.408,84.418,0.0416
16.07.2019 19:24:00.000,84.418,84.438,84.397,84.408,0.0383
16.07.2019 19:25:00.000,84.407,84.418,84.378,84.388,0.0445
16.07.2019 19:26:00.000,84.388,84.418,84.377,84.408,0.0118
16.07.2019 19:27:00.000,84.397,84.398,84.377,84.398,0.0698
16.07.2019 19:28:00.000,84.397,84.408,84.367,84.397,0.0602
16.07.2019 19:29:00.000,84.398,84.398,84.368,84.378,0.1398
16.07.2019 19:30:00.000,84.378,84.387,84.367,84.368,0.0929
16.07.2019 19:31:00.000,84.367,84.368,84.337,84.338,0.1729
16.07.2019 19:32:00.000,84.337,84.388,84.337,84.388,0.1127
16.07.2019 19:33:00.000,84.387,84.408,84.367,84.368,0.0803
16.07.2019 19:34:00.000,84.368,84.368,84.337,84.338,0.0821
16.07.2019 19:35:00.000,84.348,84.378,84.338,84.377,0.1242
16.07.2019 19:36:00.000,84.378,84.417,84.367,84.408,0.1279
16.07.2019 19:37:00.000,84.407,84.418,84.397,84.398,0.0471
16.07.2019 19:38:00.000,84.388,84.458,84.388,84.427,0.132
16.07.2019 19:39:00.000,84.428,84.428,84.387,84.418,0.0538
16.07.2019 19:40:00.000,84.428,84.488,84.417,84.488,0.154
16.07.2019 19:41:00.000,84.497,84.498,84.467,84.478,0.0752
16.07.2019 19:42:00.000,84.478,84.488,84.467,84.467,0.1159
16.07.2019 19:43:00.000,84.468,84.468,84.428,84.448,0.1164
16.07.2019 19:44:00.000,84.458,84.478,84.458,84.467,0.1016
16.07.2019 19:45:00.000,84.468,84.478,84.447,84.457,0.1243
16.07.2019 19:46:00.000,84.448,84.468,84.438,84.448,0.0918
16.07.2019 19:47:00.000,84.457,84.508,84.457,84.498,0.1102
16.07.2019 19:48:00.000,84.498,84.508,84.457,84.458,0.1079
16.07.2019 19:49:00.000,84.468,84.498,84.437,84.437,0.1588
16.07.2019 19:50:00.000,84.448,84.557,84.448,84.547,0.1074
16.07.2019 19:51:00.000,84.548,84.548,84.517,84.528,0.1529
16.07.2019 19:52:00.000,84.508,84.508,84.447,84.447,0.164
16.07.2019 19:53:00.000,84.448,84.488,84.447,84.458,0.048
16.07.2019 19:54:00.000,84.458,84.458,84.387,84.417,0.2256
16.07.2019 19:55:00.000,84.428,84.448,84.348,84.368,0.3035
16.07.2019 19:56:00.000,84.378,84.408,84.367,84.388,0.165
16.07.2019 19:57:00.000,84.387,84.388,84.338,84.347,0.067
16.07.2019 19:58:00.000,84.348,84.368,84.317,84.338,0.1579
16.07.2019 19:59:00.000,84.337,84.348,84.177,84.188,0.318
17.07.2019 13:30:00.000,83.677,84.165,83.677,83.988,0.0489
17.07.2019 13:31:00.000,83.988,84.148,83.988,84.148,0.0087
17.07.2019 13:32:00.000,84.148,84.188,83.987,84.108,0.0634
17.07.2019 13:33:00.000,84.107,84.107,84.007,84.018,0.0291
17.07.2019 13:34:00.000,84.018,84.318,83.988,84.318,0.0179
17.07.2019 13:35:00.000,84.318,84.328,84.317,84.328,0.0015
17.07.2019 13:36:00.000,84.327,84.327,84.107,84.188,0.1228
17.07.2019 13:37:00.000,84.197,84.318,84.167,84.317,0.0011
17.07.2019 13:38:00.000,84.328,84.328,84.198,84.198,0.0483
17.07.2019 13:39:00.000,84.178,84.208,84.097,84.118,0.0621
17.07.2019 13:40:00.000,84.118,84.128,84.017,84.017,0.0332
17.07.2019 13:41:00.000,84.018,84.018,83.857,83.857,0.0536
17.07.2019 13:42:00.000,83.858,83.888,83.858,83.888,0.0165
17.07.2019 13:43:00.000,83.878,83.917,83.757,83.808,0.0485
17.07.2019 13:44:00.000,83.798,83.838,83.767,83.828,0.0285
17.07.2019 13:45:00.000,83.817,83.828,83.787,83.818,0.0457
17.07.2019 13:46:00.000,83.817,83.818,83.738,83.738,0.09
17.07.2019 13:47:00.000,83.738,83.738,83.657,83.707,0.032
17.07.2019 13:48:00.000,83.708,83.768,83.657,83.717,0.1021
17.07.2019 13:49:00.000,83.718,83.748,83.707,83.727,0.0171
17.07.2019 13:50:00.000,83.727,83.768,83.717,83.767,0.0272
17.07.2019 13:51:00.000,83.847,83.848,83.787,83.818,0.0288
17.07.2019 13:52:00.000,83.818,83.818,83.758,83.767,0.0516
17.07.2019 13:53:00.000,83.768,83.808,83.747,83.808,0.1165
17.07.2019 13:54:00.000,83.798,83.818,83.787,83.818,0.0338
17.07.2019 13:55:00.000,83.818,83.877,83.808,83.808,0.0212
17.07.2019 13:56:00.000,83.808,83.888,83.787,83.888,0.1178
17.07.2019 13:57:00.000,83.887,83.938,83.877,83.897,0.0378
17.07.2019 13:58:00.000,83.898,83.898,83.857,83.878,0.0758
17.07.2019 13:59:00.000,83.877,83.877,83.787,83.848,0.0548
17.07.2019 14:00:00.000,83.847,83.918,83.838,83.848,0.0259
17.07.2019 14:01:00.000,83.847,83.878,83.817,83.818,0.0667
17.07.2019 14:02:00.000,83.818,83.848,83.768,83.828,0.1216
17.07.2019 14:03:00.000,83.828,83.898,83.817,83.898,0.0788
17.07.2019 14:04:00.000,83.897,83.948,83.878,83.887,0.0973
17.07.2019 14:05:00.000,83.887,84.057,83.887,84.048,0.0389
17.07.2019 14:06:00.000,84.038,84.038,83.998,83.998,0.0572
17.07.2019 14:07:00.000,83.997,84.058,83.997,84.048,0.045
17.07.2019 14:08:00.000,84.047,84.057,83.957,84.047,0.0842
17.07.2019 14:09:00.000,84.007,84.027,83.948,83.948,0.1392
17.07.2019 14:10:00.000,83.947,84.038,83.947,84.018,0.057
17.07.2019 14:11:00.000,83.997,84.038,83.967,84.028,0.0766
17.07.2019 14:12:00.000,84.038,84.038,83.997,84.017,0.0539
17.07.2019 14:13:00.000,84.018,84.018,83.958,83.998,0.0323
17.07.2019 14:14:00.000,84.038,84.058,83.978,84.018,0.0724
17.07.2019 14:15:00.000,84.017,84.018,83.938,83.948,0.0308
17.07.2019 14:16:00.000,83.937,83.978,83.937,83.968,0.0896
17.07.2019 14:17:00.000,83.968,84.008,83.957,83.958,0.0025
17.07.2019 14:18:00.000,83.977,84.028,83.957,83.998,0.0968
17.07.2019 14:19:00.000,83.998,83.998,83.877,83.877,0.103
17.07.2019 14:20:00.000,83.878,83.918,83.867,83.897,0.0719
17.07.2019 14:21:00.000,83.888,83.918,83.878,83.898,0.0444
17.07.2019 14:22:00.000,83.897,83.938,83.858,83.897,0.0562
17.07.2019 14:23:00.000,83.898,83.928,83.877,83.928,0.0772
17.07.2019 14:24:00.000,83.928,83.938,83.818,83.888,0.1233
17.07.2019 14:25:00.000,83.887,83.898,83.797,83.848,0.0884
17.07.2019 14:26:00.000,83.847,83.858,83.818,83.858,0.0416
17.07.2019 14:27:00.000,83.858,83.898,83.858,83.868,0.0525
17.07.2019 14:28:00.000,83.868,83.868,83.827,83.868,0.0532
17.07.2019 14:29:00.000,83.868,83.898,83.857,83.868,0.018
17.07.2019 14:30:00.000,83.878,83.878,83.407,83.437,0.1374
17.07.2019 14:31:00.000,83.437,83.437,82.847,82.908,0.2926
17.07.2019 14:32:00.000,82.918,82.998,82.767,82.887,0.1092
17.07.2019 14:33:00.000,82.898,82.958,82.727,82.727,0.1137
17.07.2019 14:34:00.000,82.738,82.798,82.648,82.648,0.122
17.07.2019 14:35:00.000,82.647,82.678,82.538,82.558,0.1446
17.07.2019 14:36:00.000,82.568,82.568,82.388,82.467,0.1567
17.07.2019 14:37:00.000,82.458,82.468,82.367,82.417,0.1384
17.07.2019 14:38:00.000,82.417,82.508,82.417,82.458,0.097
17.07.2019 14:39:00.000,82.457,82.728,82.457,82.698,0.1649
17.07.2019 14:40:00.000,82.697,82.838,82.637,82.637,0.0782
17.07.2019 14:41:00.000,82.638,82.738,82.527,82.737,0.0294
17.07.2019 14:42:00.000,82.738,82.738,82.608,82.647,0.0867
17.07.2019 14:43:00.000,82.658,82.658,82.527,82.528,0.1684
17.07.2019 14:44:00.000,82.527,82.528,82.397,82.398,0.1117
17.07.2019 14:45:00.000,82.397,82.428,82.267,82.378,0.0584
17.07.2019 14:46:00.000,82.367,82.457,82.338,82.438,0.049
17.07.2019 14:47:00.000,82.447,82.478,82.338,82.347,0.0918
17.07.2019 14:48:00.000,82.348,82.498,82.348,82.498,0.0207
17.07.2019 14:49:00.000,82.488,82.628,82.487,82.488,0.2119
17.07.2019 14:50:00.000,82.488,82.578,82.487,82.508,0.2447
17.07.2019 14:51:00.000,82.507,82.598,82.507,82.577,0.0525
17.07.2019 14:52:00.000,82.578,82.608,82.577,82.598,0.0438
17.07.2019 14:53:00.000,82.598,82.598,82.557,82.557,0.0186
17.07.2019 14:54:00.000,82.558,82.578,82.497,82.517,0.0108
17.07.2019 14:55:00.000,82.537,82.568,82.518,82.518,0.0946
17.07.2019 14:56:00.000,82.548,82.648,82.548,82.628,0.0375
17.07.2019 14:57:00.000,82.588,82.618,82.558,82.568,0.0582
17.07.2019 14:58:00.000,82.558,82.577,82.517,82.547,0.1043
17.07.2019 14:59:00.000,82.547,82.618,82.538,82.617,0.0691
17.07.2019 15:00:00.000,82.618,82.678,82.618,82.648,0.083
17.07.2019 15:01:00.000,82.667,82.678,82.627,82.648,0.0476
17.07.2019 15:02:00.000,82.688,82.758,82.688,82.738,0.0518
17.07.2019 15:03:00.000,82.727,82.758,82.638,82.758,0.1092
17.07.2019 15:04:00.000,82.757,82.768,82.687,82.688,0.0281
17.07.2019 15:05:00.000,82.688,82.688,82.627,82.638,0.0496
17.07.2019 15:06:00.000,82.648,82.648,82.647,82.648,0.0006
17.07.2019 15:07:00.000,82.647,82.678,82.598,82.617,0.0582
17.07.2019 15:08:00.000,82.628,82.667,82.597,82.638,0.0179
17.07.2019 15:09:00.000,82.638,82.688,82.627,82.677,0.0225
17.07.2019 15:10:00.000,82.677,82.718,82.657,82.697,0.0324
17.07.2019 15:11:00.000,82.698,82.778,82.698,82.758,0.0674
17.07.2019 15:12:00.000,82.757,82.798,82.738,82.748,0.0336
17.07.2019 15:13:00.000,82.748,82.778,82.698,82.698,0.0897
17.07.2019 15:14:00.000,82.717,82.748,82.667,82.668,0.0684
17.07.2019 15:15:00.000,82.688,82.728,82.688,82.728,0.0532
17.07.2019 15:16:00.000,82.777,82.928,82.768,82.908,0.0526
17.07.2019 15:17:00.000,82.927,82.958,82.857,82.938,0.0924
17.07.2019 15:18:00.000,82.937,83.028,82.937,82.978,0.1634
17.07.2019 15:19:00.000,82.978,83.028,82.977,82.997,0.0393
17.07.2019 15:20:00.000,83.018,83.018,82.988,83.018,0.0158
17.07.2019 15:21:00.000,83.008,83.008,82.997,82.998,0.0237
17.07.2019 15:22:00.000,82.998,83.028,82.927,83.028,0.0787
17.07.2019 15:23:00.000,83.028,83.028,82.968,82.987,0.0506
17.07.2019 15:24:00.000,82.997,83.038,82.918,83.028,0.1733
17.07.2019 15:25:00.000,83.027,83.028,82.988,82.998,0.0696
17.07.2019 15:26:00.000,83.018,83.037,82.938,83.037,0.1206
17.07.2019 15:27:00.000,83.037,83.098,83.037,83.098,0.0264
17.07.2019 15:28:00.000,83.097,83.117,83.097,83.108,0.0109
17.07.2019 15:29:00.000,83.107,83.107,83.037,83.038,0.119
17.07.2019 15:30:00.000,83.038,83.078,83.037,83.038,0.028
17.07.2019 15:31:00.000,83.048,83.048,82.948,82.948,0.0681
17.07.2019 15:32:00.000,82.927,83.018,82.918,82.987,0.1077
17.07.2019 15:33:00.000,82.987,83.058,82.968,83.058,0.1064
17.07.2019 15:34:00.000,83.058,83.058,82.957,82.958,0.0368
17.07.2019 15:35:00.000,82.957,82.978,82.928,82.978,0.1364
17.07.2019 15:36:00.000,82.978,83.108,82.958,83.108,0.1453
17.07.2019 15:37:00.000,83.107,83.108,83.047,83.087,0.1237
17.07.2019 15:38:00.000,83.088,83.127,83.088,83.118,0.0412
17.07.2019 15:39:00.000,83.117,83.157,83.117,83.148,0.0835
17.07.2019 15:40:00.000,83.148,83.158,83.108,83.148,0.0106
17.07.2019 15:41:00.000,83.158,83.188,83.158,83.187,0.0711
17.07.2019 15:42:00.000,83.198,83.198,83.187,83.188,0.0605
17.07.2019 15:43:00.000,83.198,83.238,83.177,83.178,0.1006
17.07.2019 15:44:00.000,83.188,83.228,83.187,83.228,0.0485
17.07.2019 15:45:00.000,83.248,83.277,83.247,83.277,0.0644
17.07.2019 15:46:00.000,83.268,83.317,83.268,83.307,0.1096
17.07.2019 15:47:00.000,83.317,83.418,83.298,83.398,0.067
17.07.2019 15:48:00.000,83.418,83.478,83.397,83.478,0.0717
17.07.2019 15:49:00.000,83.488,83.528,83.487,83.528,0.0202
17.07.2019 15:50:00.000,83.528,83.528,83.497,83.507,0.0481
17.07.2019 15:51:00.000,83.498,83.578,83.498,83.578,0.0511
17.07.2019 15:52:00.000,83.578,83.608,83.578,83.607,0.0244
17.07.2019 15:53:00.000,83.608,83.638,83.578,83.637,0.0608
17.07.2019 15:54:00.000,83.638,83.668,83.538,83.538,0.0626
17.07.2019 15:55:00.000,83.538,83.538,83.487,83.497,0.0303
17.07.2019 15:56:00.000,83.497,83.618,83.457,83.548,0.1467
17.07.2019 15:57:00.000,83.547,83.558,83.518,83.547,0.0465
17.07.2019 15:58:00.000,83.548,83.598,83.547,83.547,0.0238
17.07.2019 15:59:00.000,83.548,83.578,83.508,83.508,0.0993
17.07.2019 16:00:00.000,83.507,83.507,83.417,83.417,0.0728
17.07.2019 16:01:00.000,83.417,83.448,83.398,83.408,0.0598
17.07.2019 16:02:00.000,83.408,83.418,83.338,83.338,0.0574
17.07.2019 16:03:00.000,83.347,83.368,83.347,83.358,0.0211
17.07.2019 16:04:00.000,83.377,83.467,83.377,83.438,0.1375
17.07.2019 16:05:00.000,83.437,83.478,83.388,83.448,0.0714
17.07.2019 16:06:00.000,83.447,83.508,83.447,83.498,0.0354
17.07.2019 16:07:00.000,83.498,83.548,83.487,83.508,0.0241
17.07.2019 16:08:00.000,83.507,83.527,83.477,83.477,0.0455
17.07.2019 16:09:00.000,83.478,83.508,83.478,83.508,0.0385
17.07.2019 16:10:00.000,83.488,83.488,83.457,83.457,0.0592
17.07.2019 16:11:00.000,83.458,83.458,83.417,83.428,0.0467
17.07.2019 16:12:00.000,83.428,83.468,83.417,83.468,0.0192
17.07.2019 16:13:00.000,83.467,83.468,83.418,83.458,0.0279
17.07.2019 16:14:00.000,83.458,83.468,83.427,83.458,0.0442
17.07.2019 16:15:00.000,83.457,83.467,83.448,83.458,0.0259
17.07.2019 16:16:00.000,83.468,83.488,83.438,83.448,0.0368
17.07.2019 16:17:00.000,83.447,83.478,83.437,83.437,0.0447
17.07.2019 16:18:00.000,83.438,83.448,83.438,83.448,0.0109
17.07.2019 16:19:00.000,83.468,83.478,83.437,83.438,0.0833
17.07.2019 16:20:00.000,83.457,83.478,83.438,83.438,0.0164
17.07.2019 16:21:00.000,83.448,83.448,83.367,83.378,0.028
17.07.2019 16:22:00.000,83.417,83.438,83.337,83.337,0.054
17.07.2019 16:23:00.000,83.338,83.377,83.337,83.377,0.028
17.07.2019 16:24:00.000,83.367,83.367,83.308,83.308,0.0259
17.07.2019 16:25:00.000,83.307,83.368,83.307,83.367,0.0785
17.07.2019 16:26:00.000,83.367,83.378,83.357,83.358,0.0121
17.07.2019 16:27:00.000,83.338,83.338,83.288,83.318,0.032
17.07.2019 16:28:00.000,83.318,83.318,83.288,83.298,0.0338
17.07.2019 16:29:00.000,83.298,83.328,83.277,83.288,0.0679
17.07.2019 16:30:00.000,83.287,83.318,83.278,83.318,0.0246
17.07.2019 16:31:00.000,83.318,83.358,83.298,83.348,0.0189
17.07.2019 16:32:00.000,83.348,83.348,83.307,83.307,0.0009
17.07.2019 16:33:00.000,83.308,83.318,83.307,83.317,0.0312
17.07.2019 16:34:00.000,83.317,83.338,83.317,83.337,0.0027
17.07.2019 16:35:00.000,83.338,83.367,83.337,83.338,0.0405
17.07.2019 16:36:00.000,83.348,83.358,83.338,83.358,0.0015
17.07.2019 16:37:00.000,83.368,83.398,83.358,83.398,0.0286
17.07.2019 16:38:00.000,83.397,83.408,83.368,83.368,0.0567
17.07.2019 16:39:00.000,83.368,83.378,83.358,83.378,0.0265
17.07.2019 16:40:00.000,83.377,83.468,83.377,83.468,0.0506
17.07.2019 16:41:00.000,83.468,83.518,83.467,83.517,0.0232
17.07.2019 16:42:00.000,83.518,83.518,83.478,83.498,0.0659
17.07.2019 16:43:00.000,83.498,83.568,83.498,83.568,0.0571
17.07.2019 16:44:00.000,83.567,83.598,83.567,83.587,0.0219
17.07.2019 16:45:00.000,83.587,83.587,83.557,83.558,0.0386
17.07.2019 16:46:00.000,83.558,83.558,83.537,83.547,0.0499
17.07.2019 16:47:00.000,83.548,83.567,83.547,83.558,0.0108
17.07.2019 16:48:00.000,83.558,83.558,83.507,83.508,0.0286
17.07.2019 16:49:00.000,83.507,83.558,83.507,83.558,0.0418
17.07.2019 16:50:00.000,83.558,83.558,83.508,83.538,0.0326
17.07.2019 16:51:00.000,83.528,83.538,83.527,83.528,0.0015
17.07.2019 16:52:00.000,83.527,83.558,83.527,83.548,0.0422
17.07.2019 16:53:00.000,83.538,83.538,83.527,83.527,0.0013
17.07.2019 16:54:00.000,83.528,83.528,83.507,83.507,0.0008
17.07.2019 16:55:00.000,83.507,83.528,83.507,83.507,0.019
17.07.2019 16:56:00.000,83.498,83.498,83.467,83.468,0.0155
17.07.2019 16:57:00.000,83.478,83.487,83.427,83.438,0.0086
17.07.2019 16:58:00.000,83.438,83.468,83.437,83.458,0.0304
17.07.2019 16:59:00.000,83.448,83.448,83.388,83.388,0.0412
17.07.2019 17:00:00.000,83.388,83.408,83.387,83.407,0.0575
17.07.2019 17:01:00.000,83.408,83.468,83.407,83.468,0.0161
17.07.2019 17:02:00.000,83.467,83.468,83.427,83.448,0.0659
17.07.2019 17:03:00.000,83.448,83.448,83.348,83.368,0.0896
17.07.2019 17:04:00.000,83.367,83.438,83.357,83.438,0.0786
17.07.2019 17:05:00.000,83.437,83.468,83.437,83.458,0.0401
17.07.2019 17:06:00.000,83.458,83.478,83.398,83.437,0.0955
17.07.2019 17:07:00.000,83.448,83.468,83.438,83.468,0.0535
17.07.2019 17:08:00.000,83.468,83.468,83.397,83.398,0.0267
17.07.2019 17:09:00.000,83.398,83.408,83.377,83.388,0.0169
17.07.2019 17:10:00.000,83.387,83.428,83.387,83.408,0.0276
17.07.2019 17:11:00.000,83.408,83.428,83.377,83.388,0.0466
17.07.2019 17:12:00.000,83.388,83.418,83.367,83.408,0.0485
17.07.2019 17:13:00.000,83.408,83.438,83.377,83.437,0.042
17.07.2019 17:14:00.000,83.418,83.428,83.397,83.407,0.0806
17.07.2019 17:15:00.000,83.397,83.398,83.397,83.398,0.0007
17.07.2019 17:16:00.000,83.397,83.418,83.397,83.398,0.0116
17.07.2019 17:17:00.000,83.398,83.458,83.398,83.408,0.0794
17.07.2019 17:18:00.000,83.428,83.448,83.427,83.428,0.0022
17.07.2019 17:19:00.000,83.427,83.458,83.427,83.458,0.0261
17.07.2019 17:20:00.000,83.458,83.468,83.457,83.467,0.0169
17.07.2019 17:21:00.000,83.477,83.478,83.447,83.458,0.0026
17.07.2019 17:22:00.000,83.458,83.478,83.457,83.457,0.0702
17.07.2019 17:23:00.000,83.458,83.478,83.457,83.457,0.0252
17.07.2019 17:24:00.000,83.458,83.478,83.428,83.448,0.0575
17.07.2019 17:25:00.000,83.448,83.488,83.448,83.477,0.0552
17.07.2019 17:26:00.000,83.478,83.598,83.477,83.567,0.0235
17.07.2019 17:27:00.000,83.568,83.588,83.568,83.587,0.0105
17.07.2019 17:28:00.000,83.588,83.618,83.568,83.588,0.0514
17.07.2019 17:29:00.000,83.587,83.588,83.557,83.568,0.0345
17.07.2019 17:30:00.000,83.567,83.578,83.567,83.578,0.0226
17.07.2019 17:31:00.000,83.577,83.578,83.567,83.568,0.0014
17.07.2019 17:32:00.000,83.568,83.588,83.557,83.578,0.0594
17.07.2019 17:33:00.000,83.578,83.588,83.577,83.578,0.0006
17.07.2019 17:34:00.000,83.578,83.578,83.537,83.537,0.0281
17.07.2019 17:35:00.000,83.538,83.558,83.527,83.548,0.0533
17.07.2019 17:36:00.000,83.548,83.548,83.528,83.528,0.0095
17.07.2019 17:37:00.000,83.528,83.558,83.528,83.558,0.0238
17.07.2019 17:38:00.000,83.557,83.588,83.557,83.578,0.0275
17.07.2019 17:39:00.000,83.578,83.608,83.568,83.608,0.065
17.07.2019 17:40:00.000,83.608,83.658,83.607,83.658,0.1251
17.07.2019 17:41:00.000,83.648,83.678,83.638,83.657,0.0392
17.07.2019 17:42:00.000,83.658,83.718,83.657,83.717,0.0793
17.07.2019 17:43:00.000,83.698,83.698,83.667,83.677,0.0396
17.07.2019 17:44:00.000,83.678,83.707,83.667,83.667,0.034
17.07.2019 17:45:00.000,83.667,83.678,83.657,83.658,0.0415
17.07.2019 17:46:00.000,83.688,83.698,83.638,83.648,0.0421
17.07.2019 17:47:00.000,83.647,83.708,83.637,83.678,0.0438
17.07.2019 17:48:00.000,83.677,83.708,83.657,83.698,0.0456
17.07.2019 17:49:00.000,83.698,83.748,83.697,83.747,0.0298
17.07.2019 17:50:00.000,83.747,83.747,83.688,83.688,0.0365
17.07.2019 17:51:00.000,83.688,83.688,83.637,83.638,0.0099
17.07.2019 17:52:00.000,83.628,83.638,83.607,83.637,0.0325
17.07.2019 17:53:00.000,83.638,83.658,83.638,83.658,0.0091
17.07.2019 17:54:00.000,83.658,83.658,83.608,83.657,0.0449
17.07.2019 17:55:00.000,83.658,83.658,83.608,83.608,0.0143
17.07.2019 17:56:00.000,83.617,83.628,83.608,83.608,0.0748
17.07.2019 17:57:00.000,83.618,83.618,83.607,83.608,0.0366
17.07.2019 17:58:00.000,83.598,83.598,83.597,83.598,0.0016
17.07.2019 17:59:00.000,83.598,83.598,83.598,83.598,0.0079
17.07.2019 18:00:00.000,83.597,83.608,83.587,83.598,0.0497
17.07.2019 18:01:00.000,83.588,83.598,83.547,83.588,0.0164
17.07.2019 18:02:00.000,83.587,83.598,83.577,83.598,0.0183
17.07.2019 18:03:00.000,83.608,83.658,83.597,83.658,0.0401
17.07.2019 18:04:00.000,83.658,83.658,83.617,83.618,0.0748
17.07.2019 18:05:00.000,83.618,83.628,83.578,83.628,0.127
17.07.2019 18:06:00.000,83.627,83.678,83.627,83.667,0.1172
17.07.2019 18:07:00.000,83.668,83.668,83.628,83.667,0.0252
17.07.2019 18:08:00.000,83.668,83.708,83.668,83.688,0.081
17.07.2019 18:09:00.000,83.687,83.688,83.658,83.658,0.0345
17.07.2019 18:10:00.000,83.667,83.688,83.667,83.668,0.0632
17.07.2019 18:11:00.000,83.678,83.698,83.677,83.698,0.0184
17.07.2019 18:12:00.000,83.698,83.718,83.688,83.697,0.0765
17.07.2019 18:13:00.000,83.698,83.698,83.667,83.678,0.0304
17.07.2019 18:14:00.000,83.678,83.698,83.677,83.678,0.0218
17.07.2019 18:15:00.000,83.678,83.698,83.667,83.698,0.0464
17.07.2019 18:16:00.000,83.697,83.718,83.697,83.717,0.0688
17.07.2019 18:17:00.000,83.718,83.718,83.717,83.718,0.0492
17.07.2019 18:18:00.000,83.717,83.748,83.717,83.748,0.0597
17.07.2019 18:19:00.000,83.747,83.748,83.717,83.738,0.0356
17.07.2019 18:20:00.000,83.738,83.738,83.707,83.717,0.0319
17.07.2019 18:21:00.000,83.718,83.738,83.717,83.738,0.0082
17.07.2019 18:22:00.000,83.737,83.768,83.737,83.758,0.0253
17.07.2019 18:23:00.000,83.758,83.758,83.737,83.737,0.0088
17.07.2019 18:24:00.000,83.747,83.748,83.747,83.748,0.0362
17.07.2019 18:25:00.000,83.767,83.768,83.717,83.717,0.0388
17.07.2019 18:26:00.000,83.718,83.718,83.687,83.697,0.026
17.07.2019 18:27:00.000,83.698,83.758,83.698,83.717,0.0203
17.07.2019 18:28:00.000,83.718,83.758,83.687,83.688,0.1028
17.07.2019 18:29:00.000,83.697,83.698,83.648,83.648,0.0389
17.07.2019 18:30:00.000,83.648,83.658,83.647,83.658,0.0395
17.07.2019 18:31:00.000,83.657,83.688,83.637,83.648,0.0296
17.07.2019 18:32:00.000,83.648,83.668,83.648,83.648,0.0336
17.07.2019 18:33:00.000,83.648,83.648,83.628,83.628,0.0337
17.07.2019 18:34:00.000,83.627,83.628,83.597,83.597,0.0019
17.07.2019 18:35:00.000,83.598,83.598,83.508,83.518,0.0377
17.07.2019 18:36:00.000,83.517,83.538,83.468,83.487,0.0672
17.07.2019 18:37:00.000,83.488,83.528,83.478,83.498,0.0524
17.07.2019 18:38:00.000,83.507,83.528,83.507,83.517,0.026
17.07.2019 18:39:00.000,83.527,83.577,83.527,83.568,0.0592
17.07.2019 18:40:00.000,83.567,83.578,83.567,83.578,0.0092
17.07.2019 18:41:00.000,83.588,83.638,83.588,83.607,0.0176
17.07.2019 18:42:00.000,83.618,83.658,83.608,83.658,0.0525
17.07.2019 18:43:00.000,83.658,83.658,83.618,83.618,0.0691
17.07.2019 18:44:00.000,83.608,83.628,83.597,83.598,0.0405
17.07.2019 18:45:00.000,83.588,83.588,83.507,83.507,0.0508
17.07.2019 18:46:00.000,83.518,83.568,83.518,83.568,0.0204
17.07.2019 18:47:00.000,83.567,83.588,83.567,83.588,0.0174
17.07.2019 18:48:00.000,83.588,83.598,83.577,83.578,0.0486
17.07.2019 18:49:00.000,83.577,83.638,83.577,83.628,0.0102
17.07.2019 18:50:00.000,83.628,83.628,83.568,83.568,0.0532
17.07.2019 18:51:00.000,83.558,83.568,83.497,83.498,0.0484
17.07.2019 18:52:00.000,83.498,83.528,83.497,83.518,0.0106
17.07.2019 18:53:00.000,83.537,83.578,83.518,83.578,0.112
17.07.2019 18:54:00.000,83.577,83.578,83.518,83.528,0.091
17.07.2019 18:55:00.000,83.517,83.548,83.507,83.548,0.0101
17.07.2019 18:56:00.000,83.548,83.588,83.548,83.588,0.0353
17.07.2019 18:57:00.000,83.587,83.618,83.587,83.618,0.0558
17.07.2019 18:58:00.000,83.628,83.638,83.617,83.638,0.0271
17.07.2019 18:59:00.000,83.637,83.657,83.637,83.648,0.0521
17.07.2019 19:00:00.000,83.657,83.698,83.648,83.688,0.0618
17.07.2019 19:01:00.000,83.678,83.698,83.657,83.657,0.0893
17.07.2019 19:02:00.000,83.657,83.658,83.607,83.637,0.0313
17.07.2019 19:03:00.000,83.637,83.638,83.587,83.588,0.0787
17.07.2019 19:04:00.000,83.588,83.618,83.588,83.618,0.0412
17.07.2019 19:05:00.000,83.618,83.668,83.608,83.667,0.1345
17.07.2019 19:06:00.000,83.668,83.668,83.618,83.628,0.0656
17.07.2019 19:07:00.000,83.628,83.658,83.608,83.648,0.0362
17.07.2019 19:08:00.000,83.648,83.667,83.627,83.658,0.0605
17.07.2019 19:09:00.000,83.657,83.708,83.657,83.708,0.0569
17.07.2019 19:10:00.000,83.707,83.727,83.698,83.698,0.0606
17.07.2019 19:11:00.000,83.698,83.708,83.667,83.688,0.01
17.07.2019 19:12:00.000,83.688,83.698,83.687,83.688,0.0352
17.07.2019 19:13:00.000,83.687,83.698,83.667,83.678,0.0576
17.07.2019 19:14:00.000,83.678,83.688,83.667,83.678,0.0268
17.07.2019 19:15:00.000,83.668,83.688,83.668,83.688,0.1552
17.07.2019 19:16:00.000,83.688,83.698,83.677,83.697,0.0846
17.07.2019 19:17:00.000,83.697,83.718,83.697,83.708,0.0649
17.07.2019 19:18:00.000,83.707,83.748,83.707,83.738,0.0206
17.07.2019 19:19:00.000,83.737,83.758,83.737,83.747,0.0757
17.07.2019 19:20:00.000,83.748,83.758,83.667,83.667,0.0789
17.07.2019 19:21:00.000,83.668,83.698,83.668,83.698,0.0853
17.07.2019 19:22:00.000,83.697,83.718,83.647,83.647,0.0369
17.07.2019 19:23:00.000,83.648,83.648,83.597,83.597,0.0352
17.07.2019 19:24:00.000,83.598,83.598,83.557,83.577,0.0907
17.07.2019 19:25:00.000,83.578,83.628,83.577,83.598,0.1881
17.07.2019 19:26:00.000,83.607,83.608,83.537,83.538,0.0183
17.07.2019 19:27:00.000,83.537,83.537,83.468,83.478,0.0786
17.07.2019 19:28:00.000,83.468,83.478,83.448,83.448,0.0463
17.07.2019 19:29:00.000,83.447,83.458,83.407,83.408,0.0287
17.07.2019 19:30:00.000,83.407,83.408,83.368,83.378,0.0789
17.07.2019 19:31:00.000,83.377,83.388,83.357,83.378,0.068
17.07.2019 19:32:00.000,83.377,83.418,83.368,83.378,0.0701
17.07.2019 19:33:00.000,83.377,83.407,83.348,83.387,0.1474
17.07.2019 19:34:00.000,83.378,83.378,83.287,83.298,0.0857
17.07.2019 19:35:00.000,83.297,83.308,83.267,83.267,0.0796
17.07.2019 19:36:00.000,83.268,83.268,83.187,83.188,0.0282
17.07.2019 19:37:00.000,83.177,83.248,83.168,83.188,0.1034
17.07.2019 19:38:00.000,83.188,83.208,83.187,83.207,0.0893
17.07.2019 19:39:00.000,83.208,83.208,83.117,83.167,0.061
17.07.2019 19:40:00.000,83.168,83.198,83.147,83.148,0.0876
17.07.2019 19:41:00.000,83.158,83.257,83.158,83.257,0.0911
17.07.2019 19:42:00.000,83.258,83.268,83.227,83.228,0.1178
17.07.2019 19:43:00.000,83.227,83.268,83.217,83.267,0.0674
17.07.2019 19:44:00.000,83.268,83.308,83.257,83.298,0.1414
17.07.2019 19:45:00.000,83.298,83.308,83.247,83.258,0.1436
17.07.2019 19:46:00.000,83.257,83.258,83.197,83.238,0.1287
17.07.2019 19:47:00.000,83.217,83.228,83.208,83.227,0.0759
17.07.2019 19:48:00.000,83.228,83.298,83.217,83.288,0.1933
17.07.2019 19:49:00.000,83.287,83.317,83.268,83.308,0.1539
17.07.2019 19:50:00.000,83.307,83.368,83.307,83.347,0.2155
17.07.2019 19:51:00.000,83.348,83.357,83.307,83.308,0.1395
17.07.2019 19:52:00.000,83.307,83.308,83.287,83.298,0.0502
17.07.2019 19:53:00.000,83.297,83.338,83.287,83.338,0.1858
17.07.2019 19:54:00.000,83.338,83.418,83.338,83.348,0.3089
17.07.2019 19:55:00.000,83.348,83.498,83.318,83.488,0.4191
17.07.2019 19:56:00.000,83.487,83.498,83.457,83.468,0.5237
17.07.2019 19:57:00.000,83.467,83.468,83.347,83.347,0.2251
17.07.2019 19:58:00.000,83.358,83.408,83.328,83.378,0.1842
17.07.2019 19:59:00.000,83.368,83.378,83.187,83.238,0.2868
18.07.2019 13:30:00.000,82.387,82.588,82.387,82.588,0.0328
18.07.2019 13:31:00.000,82.587,82.618,82.207,82.207,0.0864
18.07.2019 13:32:00.000,82.208,82.247,82.087,82.087,0.1069
18.07.2019 13:33:00.000,82.088,82.175,81.947,81.958,0.1073
18.07.2019 13:34:00.000,81.958,82.198,81.948,82.118,0.0398
18.07.2019 13:35:00.000,82.197,82.427,82.197,82.198,0.0703
18.07.2019 13:36:00.000,82.318,82.667,82.297,82.557,0.0628
18.07.2019 13:37:00.000,82.538,82.708,82.538,82.707,0.0511
18.07.2019 13:38:00.000,82.708,82.788,82.697,82.778,0.0916
18.07.2019 13:39:00.000,82.777,82.858,82.597,82.597,0.1609
18.07.2019 13:40:00.000,82.597,82.618,82.518,82.557,0.1946
18.07.2019 13:41:00.000,82.557,82.567,82.517,82.558,0.0751
18.07.2019 13:42:00.000,82.568,82.578,82.378,82.438,0.0905
18.07.2019 13:43:00.000,82.486,82.486,82.307,82.358,0.0166
18.07.2019 13:44:00.000,82.357,82.438,82.257,82.367,0.0331
18.07.2019 13:45:00.000,82.367,82.368,82.148,82.158,0.1288
18.07.2019 13:46:00.000,82.148,82.358,82.148,82.288,0.0128
18.07.2019 13:47:00.000,82.288,82.288,82.177,82.238,0.11
18.07.2019 13:48:00.000,82.237,82.238,82.148,82.177,0.0636
18.07.2019 13:49:00.000,82.158,82.178,82.107,82.138,0.0774
18.07.2019 13:50:00.000,82.137,82.177,82.137,82.137,0.0011
18.07.2019 13:51:00.000,82.157,82.188,82.137,82.138,0.0552
18.07.2019 13:52:00.000,82.187,82.208,82.187,82.198,0.2331
18.07.2019 13:53:00.000,82.197,82.338,82.197,82.338,0.151
18.07.2019 13:54:00.000,82.338,82.438,82.277,82.428,0.1705
18.07.2019 13:55:00.000,82.417,82.468,82.398,82.448,0.0304
18.07.2019 13:56:00.000,82.477,82.518,82.457,82.497,0.0787
18.07.2019 13:57:00.000,82.538,82.567,82.488,82.488,0.1561
18.07.2019 13:58:00.000,82.487,82.567,82.467,82.567,0.0509
18.07.2019 13:59:00.000,82.567,82.627,82.527,82.597,0.1525
18.07.2019 14:00:00.000,82.597,82.597,82.467,82.498,0.1589
18.07.2019 14:01:00.000,82.498,82.617,82.488,82.488,0.1382
18.07.2019 14:02:00.000,82.478,82.518,82.478,82.488,0.0832
18.07.2019 14:03:00.000,82.488,82.488,82.368,82.477,0.1483
18.07.2019 14:04:00.000,82.478,82.607,82.438,82.607,0.0636
18.07.2019 14:05:00.000,82.608,82.648,82.577,82.608,0.049
18.07.2019 14:06:00.000,82.607,82.608,82.478,82.478,0.0888
18.07.2019 14:07:00.000,82.468,82.588,82.467,82.498,0.0327
18.07.2019 14:08:00.000,82.518,82.628,82.517,82.528,0.1501
18.07.2019 14:09:00.000,82.518,82.608,82.497,82.607,0.1223
18.07.2019 14:10:00.000,82.608,82.658,82.547,82.647,0.0774
18.07.2019 14:11:00.000,82.667,82.827,82.667,82.728,0.1231
18.07.2019 14:12:00.000,82.718,82.798,82.667,82.738,0.0378
18.07.2019 14:13:00.000,82.748,82.828,82.748,82.807,0.0084
18.07.2019 14:14:00.000,82.808,82.808,82.697,82.708,0.0271
18.07.2019 14:15:00.000,82.707,82.758,82.668,82.698,0.0281
18.07.2019 14:16:00.000,82.738,82.788,82.638,82.698,0.1597
18.07.2019 14:17:00.000,82.698,82.758,82.668,82.668,0.0403
18.07.2019 14:18:00.000,82.658,82.677,82.537,82.537,0.0957
18.07.2019 14:19:00.000,82.537,82.538,82.507,82.507,0.0355
18.07.2019 14:20:00.000,82.508,82.588,82.458,82.458,0.0071
18.07.2019 14:21:00.000,82.468,82.567,82.447,82.538,0.0687
18.07.2019 14:22:00.000,82.527,82.618,82.498,82.618,0.1029
18.07.2019 14:23:00.000,82.617,82.688,82.617,82.648,0.0351
18.07.2019 14:24:00.000,82.648,82.648,82.597,82.598,0.0195
18.07.2019 14:25:00.000,82.597,82.648,82.568,82.647,0.0172
18.07.2019 14:26:00.000,82.648,82.688,82.627,82.638,0.0126
18.07.2019 14:27:00.000,82.628,82.696,82.607,82.648,0.0836
18.07.2019 14:28:00.000,82.638,82.727,82.637,82.707,0.0594
18.07.2019 14:29:00.000,82.708,82.787,82.707,82.787,0.0413
18.07.2019 14:30:00.000,82.787,82.828,82.727,82.798,0.0476
18.07.2019 14:31:00.000,82.808,82.838,82.788,82.788,0.0603
18.07.2019 14:32:00.000,82.798,82.938,82.798,82.898,0.114
18.07.2019 14:33:00.000,82.898,82.927,82.838,82.927,0.0255
18.07.2019 14:34:00.000,82.928,82.928,82.848,82.868,0.0351
18.07.2019 14:35:00.000,82.867,82.888,82.817,82.818,0.0691
18.07.2019 14:36:00.000,82.817,82.818,82.758,82.758,0.119
18.07.2019 14:37:00.000,82.758,82.828,82.737,82.798,0.0962
18.07.2019 14:38:00.000,82.798,82.888,82.777,82.848,0.0188
18.07.2019 14:39:00.000,82.847,82.857,82.798,82.838,0.059
18.07.2019 14:40:00.000,82.838,82.877,82.787,82.847,0.2193
18.07.2019 14:41:00.000,82.847,82.847,82.767,82.818,0.1733
18.07.2019 14:42:00.000,82.818,82.878,82.767,82.848,0.1565
18.07.2019 14:43:00.000,82.847,82.887,82.838,82.848,0.0244
18.07.2019 14:44:00.000,82.847,82.908,82.847,82.898,0.0836
18.07.2019 14:45:00.000,82.877,82.898,82.877,82.897,0.0018
18.07.2019 14:46:00.000,82.898,82.918,82.887,82.888,0.0526
18.07.2019 14:47:00.000,82.897,82.938,82.887,82.938,0.0182
18.07.2019 14:48:00.000,82.937,82.938,82.887,82.928,0.0181
18.07.2019 14:49:00.000,82.928,82.988,82.917,82.968,0.0387
18.07.2019 14:50:00.000,82.967,83.018,82.967,83.018,0.0097
18.07.2019 14:51:00.000,83.028,83.038,82.977,82.977,0.01
18.07.2019 14:52:00.000,82.977,83.017,82.967,82.987,0.0399
18.07.2019 14:53:00.000,82.987,83.008,82.967,83.008,0.0463
18.07.2019 14:54:00.000,83.018,83.078,83.018,83.028,0.0968
18.07.2019 14:55:00.000,83.028,83.028,83.027,83.028,0.0212
18.07.2019 14:56:00.000,83.047,83.128,83.047,83.128,0.0983
18.07.2019 14:57:00.000,83.128,83.138,83.108,83.127,0.0587
18.07.2019 14:58:00.000,83.128,83.168,83.107,83.167,0.1113
18.07.2019 14:59:00.000,83.168,83.208,83.138,83.148,0.0838
18.07.2019 15:00:00.000,83.107,83.137,83.018,83.018,0.0964
18.07.2019 15:01:00.000,83.008,83.038,83.008,83.028,0.0319
18.07.2019 15:02:00.000,83.058,83.058,83.018,83.018,0.057
18.07.2019 15:03:00.000,83.018,83.058,83.008,83.048,0.027
18.07.2019 15:04:00.000,83.047,83.068,82.977,82.978,0.0732
18.07.2019 15:05:00.000,82.977,82.977,82.877,82.888,0.0385
18.07.2019 15:06:00.000,82.927,82.948,82.887,82.887,0.049
18.07.2019 15:07:00.000,82.888,82.898,82.807,82.898,0.0197
18.07.2019 15:08:00.000,82.907,82.908,82.837,82.898,0.0099
18.07.2019 15:09:00.000,82.907,82.908,82.907,82.908,0.0004
18.07.2019 15:10:00.000,82.907,82.968,82.907,82.958,0.019
18.07.2019 15:11:00.000,82.958,82.958,82.907,82.908,0.0507
18.07.2019 15:12:00.000,82.887,82.968,82.887,82.948,0.0574
18.07.2019 15:13:00.000,82.948,82.948,82.908,82.928,0.0021
18.07.2019 15:14:00.000,82.918,82.928,82.887,82.887,0.0251
18.07.2019 15:15:00.000,82.887,82.918,82.838,82.918,0.0669
18.07.2019 15:16:00.000,82.897,82.928,82.877,82.908,0.033
18.07.2019 15:17:00.000,82.908,82.908,82.877,82.897,0.0677
18.07.2019 15:18:00.000,82.897,82.968,82.897,82.937,0.0266
18.07.2019 15:19:00.000,82.938,82.948,82.938,82.948,0.0173
18.07.2019 15:20:00.000,82.948,82.948,82.907,82.908,0.0316
18.07.2019 15:21:00.000,82.917,82.948,82.837,82.847,0.0603
18.07.2019 15:22:00.000,82.847,82.878,82.798,82.828,0.0241
18.07.2019 15:23:00.000,82.817,82.828,82.738,82.738,0.0944
18.07.2019 15:24:00.000,82.748,82.798,82.737,82.777,0.0427
18.07.2019 15:25:00.000,82.777,82.818,82.777,82.808,0.0193
18.07.2019 15:26:00.000,82.818,82.818,82.778,82.818,0.0089
18.07.2019 15:27:00.000,82.818,82.888,82.807,82.888,0.0727
18.07.2019 15:28:00.000,82.888,82.888,82.857,82.858,0.0889
18.07.2019 15:29:00.000,82.867,82.887,82.847,82.877,0.0242
18.07.2019 15:30:00.000,82.878,82.968,82.878,82.928,0.0277
18.07.2019 15:31:00.000,82.927,82.927,82.847,82.868,0.0319
18.07.2019 15:32:00.000,82.877,82.878,82.837,82.868,0.0008
18.07.2019 15:33:00.000,82.868,82.878,82.828,82.847,0.0048
18.07.2019 15:34:00.000,82.847,82.898,82.847,82.887,0.0581
18.07.2019 15:35:00.000,82.888,82.888,82.838,82.838,0.0252
18.07.2019 15:36:00.000,82.858,82.868,82.817,82.818,0.0278
18.07.2019 15:37:00.000,82.817,82.818,82.777,82.778,0.0615
18.07.2019 15:38:00.000,82.778,82.788,82.758,82.758,0.017
18.07.2019 15:39:00.000,82.757,82.788,82.727,82.728,0.0486
18.07.2019 15:40:00.000,82.727,82.727,82.608,82.638,0.1014
18.07.2019 15:41:00.000,82.638,82.648,82.588,82.598,0.0173
18.07.2019 15:42:00.000,82.588,82.618,82.587,82.588,0.0866
18.07.2019 15:43:00.000,82.588,82.598,82.537,82.587,0.0483
18.07.2019 15:44:00.000,82.608,82.658,82.608,82.618,0.0426
18.07.2019 15:45:00.000,82.608,82.637,82.588,82.607,0.0249
18.07.2019 15:46:00.000,82.608,82.608,82.538,82.568,0.0647
18.07.2019 15:47:00.000,82.567,82.588,82.537,82.547,0.0463
18.07.2019 15:48:00.000,82.538,82.547,82.517,82.528,0.0277
18.07.2019 15:49:00.000,82.558,82.588,82.557,82.568,0.037
18.07.2019 15:50:00.000,82.587,82.738,82.587,82.738,0.0214
18.07.2019 15:51:00.000,82.727,82.728,82.648,82.687,0.0397
18.07.2019 15:52:00.000,82.687,82.698,82.657,82.657,0.003
18.07.2019 15:53:00.000,82.638,82.668,82.637,82.648,0.0098
18.07.2019 15:54:00.000,82.648,82.718,82.637,82.708,0.0614
18.07.2019 15:55:00.000,82.708,82.728,82.677,82.678,0.0712
18.07.2019 15:56:00.000,82.678,82.748,82.678,82.738,0.0234
18.07.2019 15:57:00.000,82.747,82.788,82.747,82.788,0.0125
18.07.2019 15:58:00.000,82.788,82.858,82.788,82.858,0.0516
18.07.2019 15:59:00.000,82.858,82.858,82.787,82.798,0.075
18.07.2019 16:00:00.000,82.798,82.827,82.767,82.827,0.0474
18.07.2019 16:01:00.000,82.828,82.878,82.818,82.868,0.0637
18.07.2019 16:02:00.000,82.867,82.868,82.787,82.788,0.06
18.07.2019 16:03:00.000,82.787,82.858,82.787,82.818,0.0123
18.07.2019 16:04:00.000,82.818,82.838,82.798,82.808,0.0146
18.07.2019 16:05:00.000,82.807,82.838,82.798,82.798,0.0492
18.07.2019 16:06:00.000,82.797,82.878,82.797,82.848,0.0551
18.07.2019 16:07:00.000,82.857,82.858,82.817,82.828,0.0107
18.07.2019 16:08:00.000,82.838,82.838,82.818,82.828,0.0339
18.07.2019 16:09:00.000,82.827,82.908,82.827,82.908,0.0432
18.07.2019 16:10:00.000,82.918,82.958,82.917,82.937,0.0585
18.07.2019 16:11:00.000,82.938,82.958,82.938,82.948,0.0157
18.07.2019 16:12:00.000,82.948,82.968,82.907,82.908,0.0291
18.07.2019 16:13:00.000,82.918,82.938,82.907,82.908,0.0081
18.07.2019 16:14:00.000,82.908,82.908,82.887,82.898,0.0481
18.07.2019 16:15:00.000,82.918,82.918,82.897,82.898,0.0372
18.07.2019 16:16:00.000,82.898,82.908,82.897,82.898,0.0107
18.07.2019 16:17:00.000,82.897,82.948,82.897,82.938,0.0435
18.07.2019 16:18:00.000,82.948,82.958,82.927,82.938,0.0191
18.07.2019 16:19:00.000,82.938,83.008,82.937,83.008,0.0197
18.07.2019 16:20:00.000,83.008,83.038,83.008,83.018,0.0105
18.07.2019 16:21:00.000,83.027,83.058,83.027,83.048,0.0024
18.07.2019 16:22:00.000,83.047,83.068,83.018,83.057,0.0655
18.07.2019 16:23:00.000,83.058,83.087,83.048,83.087,0.0327
18.07.2019 16:24:00.000,83.088,83.108,83.078,83.088,0.02
18.07.2019 16:25:00.000,83.078,83.098,83.048,83.048,0.0511
18.07.2019 16:26:00.000,83.078,83.078,83.038,83.038,0.0023
18.07.2019 16:27:00.000,83.057,83.088,83.057,83.058,0.0035
18.07.2019 16:28:00.000,83.057,83.078,83.028,83.028,0.0088
18.07.2019 16:29:00.000,83.017,83.018,82.977,82.977,0.0186
18.07.2019 16:30:00.000,82.958,82.978,82.947,82.958,0.0306
18.07.2019 16:31:00.000,82.968,83.008,82.957,83.007,0.0532
18.07.2019 16:32:00.000,83.008,83.028,82.988,83.018,0.0637
18.07.2019 16:33:00.000,83.008,83.108,83.008,83.008,0.0855
18.07.2019 16:34:00.000,83.038,83.047,82.997,82.998,0.1029
18.07.2019 16:35:00.000,82.997,83.028,82.967,82.977,0.0249
18.07.2019 16:36:00.000,82.998,82.998,82.947,82.947,0.0104
18.07.2019 16:37:00.000,82.947,82.948,82.927,82.928,0.0018
18.07.2019 16:38:00.000,82.937,82.967,82.937,82.957,0.0113
18.07.2019 16:39:00.000,82.948,82.978,82.907,82.978,0.0353
18.07.2019 16:40:00.000,82.978,82.978,82.948,82.948,0.008
18.07.2019 16:41:00.000,82.948,82.978,82.948,82.978,0.0086
18.07.2019 16:42:00.000,82.988,82.998,82.947,82.947,0.0278
18.07.2019 16:43:00.000,82.948,82.948,82.918,82.918,0.0609
18.07.2019 16:44:00.000,82.918,82.918,82.908,82.908,0
18.07.2019 16:45:00.000,82.918,82.928,82.917,82.918,0.0164
18.07.2019 16:46:00.000,82.928,82.928,82.888,82.888,0.0167
18.07.2019 16:47:00.000,82.897,82.948,82.897,82.938,0.0102
18.07.2019 16:48:00.000,82.947,82.958,82.927,82.947,0.018
18.07.2019 16:49:00.000,82.948,82.968,82.947,82.948,0.009
18.07.2019 16:50:00.000,82.947,82.958,82.937,82.948,0.0012
18.07.2019 16:51:00.000,82.958,82.978,82.938,82.948,0.0166
18.07.2019 16:52:00.000,82.958,82.968,82.958,82.967,0.0157
18.07.2019 16:53:00.000,82.967,82.968,82.938,82.938,0.0319
18.07.2019 16:54:00.000,82.938,82.938,82.867,82.868,0.0185
18.07.2019 16:55:00.000,82.867,82.918,82.867,82.887,0.0036
18.07.2019 16:56:00.000,82.888,82.888,82.847,82.847,0.011
18.07.2019 16:57:00.000,82.848,82.888,82.827,82.887,0.0425
18.07.2019 16:58:00.000,82.887,82.888,82.847,82.848,0.0965
18.07.2019 16:59:00.000,82.857,82.878,82.848,82.848,0.0247
18.07.2019 17:00:00.000,82.847,82.848,82.768,82.778,0.0353
18.07.2019 17:01:00.000,82.777,82.788,82.767,82.768,0.011
18.07.2019 17:02:00.000,82.767,82.778,82.758,82.778,0.0104
18.07.2019 17:03:00.000,82.777,82.818,82.767,82.767,0.0218
18.07.2019 17:04:00.000,82.757,82.808,82.747,82.807,0.0512
18.07.2019 17:05:00.000,82.798,82.828,82.767,82.828,0.1153
18.07.2019 17:06:00.000,82.827,82.857,82.827,82.857,0.0287
18.07.2019 17:07:00.000,82.857,82.868,82.838,82.838,0.0258
18.07.2019 17:08:00.000,82.837,82.838,82.787,82.798,0.0407
18.07.2019 17:09:00.000,82.788,82.808,82.778,82.807,0.0337
18.07.2019 17:10:00.000,82.808,82.858,82.807,82.858,0.0357
18.07.2019 17:11:00.000,82.857,82.888,82.848,82.887,0.0467
18.07.2019 17:12:00.000,82.898,82.908,82.887,82.898,0.0538
18.07.2019 17:13:00.000,82.897,82.898,82.858,82.878,0.0409
18.07.2019 17:14:00.000,82.888,82.928,82.887,82.928,0.0369
18.07.2019 17:15:00.000,82.928,82.928,82.897,82.928,0.0778
18.07.2019 17:16:00.000,82.928,82.948,82.867,82.917,0.0603
18.07.2019 17:17:00.000,82.917,82.917,82.867,82.898,0.0473
18.07.2019 17:18:00.000,82.897,82.938,82.897,82.938,0.0116
18.07.2019 17:19:00.000,82.957,83.038,82.957,83.037,0.0625
18.07.2019 17:20:00.000,83.037,83.047,82.977,82.998,0.01
18.07.2019 17:21:00.000,83.018,83.028,83.017,83.028,0.0085
18.07.2019 17:22:00.000,83.038,83.058,83.007,83.008,0.0178
18.07.2019 17:23:00.000,83.017,83.018,83.017,83.018,0.0002
18.07.2019 17:24:00.000,83.028,83.048,82.977,82.978,0.0321
18.07.2019 17:25:00.000,82.978,83.018,82.977,83.018,0.0107
18.07.2019 17:26:00.000,82.998,83.018,82.988,82.988,0.0167
18.07.2019 17:27:00.000,82.987,83.008,82.977,83.008,0.0033
18.07.2019 17:28:00.000,83.018,83.018,82.978,83.018,0.0241
18.07.2019 17:29:00.000,83.007,83.038,82.997,83.038,0.0172
18.07.2019 17:30:00.000,83.038,83.048,82.997,83.048,0.0617
18.07.2019 17:31:00.000,83.057,83.058,83.008,83.018,0.0177
18.07.2019 17:32:00.000,83.017,83.058,83.017,83.017,0.0027
18.07.2019 17:33:00.000,83.018,83.018,83.018,83.018,0.0001
18.07.2019 17:34:00.000,83.017,83.058,83.007,83.058,0.013
18.07.2019 17:35:00.000,83.068,83.118,83.058,83.118,0.05
18.07.2019 17:36:00.000,83.128,83.198,83.128,83.188,0.0175
18.07.2019 17:37:00.000,83.187,83.208,83.148,83.178,0.0574
18.07.2019 17:38:00.000,83.178,83.188,83.167,83.178,0.0103
18.07.2019 17:39:00.000,83.178,83.197,83.177,83.197,0.0084
18.07.2019 17:40:00.000,83.198,83.218,83.168,83.208,0.0469
18.07.2019 17:41:00.000,83.207,83.218,83.157,83.157,0.0108
18.07.2019 17:42:00.000,83.167,83.168,83.107,83.138,0.0307
18.07.2019 17:43:00.000,83.128,83.128,83.107,83.128,0.0177
18.07.2019 17:44:00.000,83.137,83.138,83.097,83.097,0.0389
18.07.2019 17:45:00.000,83.088,83.088,83.067,83.068,0.001
18.07.2019 17:46:00.000,83.078,83.078,83.057,83.058,0.0082
18.07.2019 17:47:00.000,83.058,83.058,83.058,83.058,0.0226
18.07.2019 17:48:00.000,83.057,83.088,83.037,83.088,0.0041
18.07.2019 17:49:00.000,83.097,83.098,83.087,83.097,0.0121
18.07.2019 17:50:00.000,83.098,83.138,83.098,83.128,0.0018
18.07.2019 17:51:00.000,83.137,83.168,83.107,83.147,0.0269
18.07.2019 17:52:00.000,83.148,83.148,83.108,83.117,0.0372
18.07.2019 17:53:00.000,83.118,83.138,83.117,83.118,0.0036
18.07.2019 17:54:00.000,83.117,83.137,83.117,83.128,0.002
18.07.2019 17:55:00.000,83.138,83.148,83.137,83.138,0.0024
18.07.2019 17:56:00.000,83.137,83.137,83.097,83.098,0.0023
18.07.2019 17:57:00.000,83.108,83.108,83.107,83.108,0.0212
18.07.2019 17:58:00.000,83.107,83.148,83.107,83.148,0.0026
18.07.2019 17:59:00.000,83.148,83.158,83.137,83.147,0.0027
18.07.2019 18:00:00.000,83.148,83.168,83.137,83.168,0.016
18.07.2019 18:01:00.000,83.157,83.187,83.157,83.168,0.0095
18.07.2019 18:02:00.000,83.148,83.198,83.148,83.197,0.0037
18.07.2019 18:03:00.000,83.198,83.227,83.198,83.208,0.0866
18.07.2019 18:04:00.000,83.208,83.258,83.208,83.227,0.0893
18.07.2019 18:05:00.000,83.237,83.258,83.207,83.208,0.0446
18.07.2019 18:06:00.000,83.218,83.218,83.197,83.217,0.0517
18.07.2019 18:07:00.000,83.237,83.238,83.187,83.188,0.0477
18.07.2019 18:08:00.000,83.197,83.208,83.157,83.158,0.0565
18.07.2019 18:09:00.000,83.147,83.158,83.127,83.147,0.0769
18.07.2019 18:10:00.000,83.148,83.188,83.147,83.158,0.0421
18.07.2019 18:11:00.000,83.167,83.188,83.138,83.148,0.018
18.07.2019 18:12:00.000,83.138,83.158,83.127,83.158,0.0173
18.07.2019 18:13:00.000,83.157,83.158,83.107,83.118,0.06
18.07.2019 18:14:00.000,83.108,83.128,83.097,83.098,0.0241
18.07.2019 18:15:00.000,83.098,83.108,83.067,83.067,0.0025
18.07.2019 18:16:00.000,83.068,83.068,83.048,83.057,0.034
18.07.2019 18:17:00.000,83.057,83.068,83.047,83.067,0.0118
18.07.2019 18:18:00.000,83.068,83.078,83.028,83.028,0.0164
18.07.2019 18:19:00.000,83.028,83.028,82.988,83.008,0.0718
18.07.2019 18:20:00.000,83.018,83.018,82.977,82.977,0.0469
18.07.2019 18:21:00.000,82.978,83.037,82.977,83.037,0.037
18.07.2019 18:22:00.000,83.038,83.047,83.008,83.008,0.0178
18.07.2019 18:23:00.000,83.018,83.028,82.987,82.997,0.1163
18.07.2019 18:24:00.000,83.007,83.018,82.987,82.987,0.0254
18.07.2019 18:25:00.000,82.988,82.998,82.987,82.988,0.0417
18.07.2019 18:26:00.000,82.997,83.008,82.988,82.988,0.0174
18.07.2019 18:27:00.000,82.998,83.027,82.987,83.018,0.0808
18.07.2019 18:28:00.000,83.017,83.018,82.988,82.998,0.0237
18.07.2019 18:29:00.000,83.017,83.028,82.997,82.997,0.0426
18.07.2019 18:30:00.000,82.988,83.008,82.958,82.998,0.0643
18.07.2019 18:31:00.000,82.997,83.008,82.967,82.967,0.0284
18.07.2019 18:32:00.000,82.968,82.988,82.968,82.987,0.0079
18.07.2019 18:33:00.000,82.988,83.018,82.987,82.988,0.0629
18.07.2019 18:34:00.000,82.987,83.018,82.987,82.988,0.0283
18.07.2019 18:35:00.000,82.988,83.008,82.978,82.978,0.0125
18.07.2019 18:36:00.000,82.987,83.008,82.957,82.958,0.0343
18.07.2019 18:37:00.000,82.957,82.968,82.957,82.968,0.0242
18.07.2019 18:38:00.000,82.967,82.998,82.967,82.987,0.0296
18.07.2019 18:39:00.000,83.017,83.028,82.988,82.988,0.0167
18.07.2019 18:40:00.000,82.988,82.988,82.918,82.918,0.041
18.07.2019 18:41:00.000,82.917,82.958,82.917,82.947,0.0587
18.07.2019 18:42:00.000,82.938,82.978,82.938,82.977,0.0264
18.07.2019 18:43:00.000,82.978,82.978,82.927,82.958,0.0532
18.07.2019 18:44:00.000,82.957,83.018,82.957,82.997,0.0612
18.07.2019 18:45:00.000,82.998,83.018,82.998,82.998,0.0429
18.07.2019 18:46:00.000,82.997,83.028,82.988,83.018,0.05
18.07.2019 18:47:00.000,83.018,83.028,82.988,83.007,0.054
18.07.2019 18:48:00.000,83.018,83.028,83.007,83.028,0.0552
18.07.2019 18:49:00.000,83.018,83.018,82.997,82.997,0.0009
18.07.2019 18:50:00.000,82.997,82.997,82.937,82.948,0.0307
18.07.2019 18:51:00.000,82.938,82.988,82.927,82.988,0.0352
18.07.2019 18:52:00.000,82.987,82.988,82.957,82.958,0.0265
18.07.2019 18:53:00.000,82.967,82.978,82.957,82.958,0.0176
18.07.2019 18:54:00.000,82.957,82.968,82.917,82.917,0.0275
18.07.2019 18:55:00.000,82.928,82.948,82.927,82.948,0.0108
18.07.2019 18:56:00.000,82.938,82.938,82.927,82.927,0.0408
18.07.2019 18:57:00.000,82.928,82.938,82.927,82.938,0.0237
18.07.2019 18:58:00.000,82.938,82.968,82.937,82.968,0.078
18.07.2019 18:59:00.000,82.968,83.018,82.967,83.018,0.0566
18.07.2019 19:00:00.000,83.018,83.018,82.978,83.008,0.0287
18.07.2019 19:01:00.000,83.007,83.077,83.007,83.077,0.0864
18.07.2019 19:02:00.000,83.078,83.098,83.057,83.098,0.0798
18.07.2019 19:03:00.000,83.098,83.138,83.098,83.138,0.0699
18.07.2019 19:04:00.000,83.137,83.158,83.077,83.077,0.0333
18.07.2019 19:05:00.000,83.087,83.088,83.027,83.028,0.0217
18.07.2019 19:06:00.000,83.028,83.088,83.017,83.068,0.031
18.07.2019 19:07:00.000,83.077,83.108,83.067,83.107,0.1172
18.07.2019 19:08:00.000,83.128,83.148,83.108,83.148,0.0597
18.07.2019 19:09:00.000,83.158,83.198,83.147,83.188,0.083
18.07.2019 19:10:00.000,83.188,83.227,83.187,83.217,0.0582
18.07.2019 19:11:00.000,83.218,83.257,83.207,83.217,0.048
18.07.2019 19:12:00.000,83.227,83.238,83.157,83.178,0.0286
18.07.2019 19:13:00.000,83.187,83.258,83.187,83.248,0.0148
18.07.2019 19:14:00.000,83.247,83.298,83.247,83.287,0.0107
18.07.2019 19:15:00.000,83.287,83.288,83.237,83.248,0.0555
18.07.2019 19:16:00.000,83.258,83.298,83.247,83.268,0.0789
18.07.2019 19:17:00.000,83.267,83.277,83.178,83.178,0.0748
18.07.2019 19:18:00.000,83.177,83.218,83.158,83.207,0.0346
18.07.2019 19:19:00.000,83.207,83.208,83.207,83.208,0.0021
18.07.2019 19:20:00.000,83.218,83.228,83.167,83.177,0.0653
18.07.2019 19:21:00.000,83.178,83.188,83.177,83.178,0.0111
18.07.2019 19:22:00.000,83.188,83.218,83.187,83.188,0.0566
18.07.2019 19:23:00.000,83.197,83.208,83.177,83.178,0.0185
18.07.2019 19:24:00.000,83.167,83.168,83.147,83.147,0.019
18.07.2019 19:25:00.000,83.148,83.168,83.127,83.127,0.056
18.07.2019 19:26:00.000,83.128,83.128,83.067,83.077,0.1188
18.07.2019 19:27:00.000,83.078,83.128,83.078,83.108,0.012
18.07.2019 19:28:00.000,83.118,83.148,83.107,83.148,0.1196
18.07.2019 19:29:00.000,83.148,83.158,83.147,83.157,0.01
18.07.2019 19:30:00.000,83.158,83.158,83.077,83.118,0.0835
18.07.2019 19:31:00.000,83.118,83.188,83.117,83.168,0.0754
18.07.2019 19:32:00.000,83.158,83.188,83.157,83.177,0.0843
18.07.2019 19:33:00.000,83.178,83.197,83.148,83.188,0.077
18.07.2019 19:34:00.000,83.188,83.198,83.177,83.188,0.0631
18.07.2019 19:35:00.000,83.197,83.278,83.197,83.278,0.1009
18.07.2019 19:36:00.000,83.277,83.288,83.238,83.238,0.0685
18.07.2019 19:37:00.000,83.237,83.318,83.237,83.318,0.0668
18.07.2019 19:38:00.000,83.317,83.328,83.287,83.307,0.1134
18.07.2019 19:39:00.000,83.308,83.318,83.287,83.298,0.0773
18.07.2019 19:40:00.000,83.298,83.318,83.287,83.307,0.0953
18.07.2019 19:41:00.000,83.308,83.318,83.287,83.307,0.0458
18.07.2019 19:42:00.000,83.308,83.308,83.257,83.278,0.1168
18.07.2019 19:43:00.000,83.288,83.298,83.277,83.277,0.0624
18.07.2019 19:44:00.000,83.278,83.298,83.228,83.237,0.0839
18.07.2019 19:45:00.000,83.238,83.258,83.207,83.217,0.096
18.07.2019 19:46:00.000,83.217,83.247,83.197,83.247,0.1028
18.07.2019 19:47:00.000,83.248,83.268,83.228,83.267,0.0856
18.07.2019 19:48:00.000,83.268,83.268,83.217,83.218,0.1632
18.07.2019 19:49:00.000,83.207,83.238,83.207,83.238,0.0619
18.07.2019 19:50:00.000,83.237,83.308,83.237,83.277,0.0987
18.07.2019 19:51:00.000,83.278,83.308,83.247,83.298,0.1652
18.07.2019 19:52:00.000,83.297,83.318,83.287,83.308,0.1799
18.07.2019 19:53:00.000,83.297,83.318,83.297,83.318,0.0968
18.07.2019 19:54:00.000,83.308,83.398,83.308,83.378,0.268
18.07.2019 19:55:00.000,83.388,83.408,83.287,83.308,0.1236
18.07.2019 19:56:00.000,83.307,83.378,83.258,83.338,0.2854
18.07.2019 19:57:00.000,83.337,83.368,83.297,83.298,0.1999
18.07.2019 19:58:00.000,83.308,83.358,83.268,83.298,0.2649
18.07.2019 19:59:00.000,83.297,83.318,83.227,83.308,0.3326
19.07.2019 13:30:00.000,83.358,83.638,83.358,83.598,0.0191
19.07.2019 13:31:00.000,83.597,83.688,83.468,83.468,0.0391
19.07.2019 13:32:00.000,83.467,83.478,83.378,83.437,0.1136
19.07.2019 13:33:00.000,83.438,83.587,83.437,83.557,0.1384
19.07.2019 13:34:00.000,83.557,83.568,83.447,83.567,0.0386
19.07.2019 13:35:00.000,83.568,83.568,83.378,83.388,0.0459
19.07.2019 13:36:00.000,83.388,83.537,83.387,83.468,0.0187
19.07.2019 13:37:00.000,83.467,83.617,83.467,83.617,0.0012
19.07.2019 13:38:00.000,83.617,83.668,83.537,83.667,0.0456
19.07.2019 13:39:00.000,83.667,83.667,83.537,83.548,0.0629
19.07.2019 13:40:00.000,83.608,83.638,83.608,83.638,0.0079
19.07.2019 13:41:00.000,83.648,83.797,83.648,83.748,0.0183
19.07.2019 13:42:00.000,83.748,83.758,83.717,83.717,0.0476
19.07.2019 13:43:00.000,83.717,83.718,83.697,83.718,0.0179
19.07.2019 13:44:00.000,83.718,83.768,83.698,83.698,0.0581
19.07.2019 13:45:00.000,83.687,83.758,83.658,83.757,0.0534
19.07.2019 13:46:00.000,83.758,83.848,83.757,83.828,0.0945
19.07.2019 13:47:00.000,83.828,84.008,83.828,83.927,0.1203
19.07.2019 13:48:00.000,83.938,84.008,83.938,83.978,0.016
19.07.2019 13:49:00.000,83.978,84.088,83.978,84.058,0.0329
19.07.2019 13:50:00.000,84.067,84.068,83.867,83.867,0.122
19.07.2019 13:51:00.000,83.857,83.877,83.758,83.827,0.0633
19.07.2019 13:52:00.000,83.828,83.828,83.708,83.748,0.0868
19.07.2019 13:53:00.000,83.748,83.938,83.748,83.938,0.0346
19.07.2019 13:54:00.000,83.938,83.988,83.938,83.988,0.0403
19.07.2019 13:55:00.000,83.997,84.048,83.987,84.008,0.0285
19.07.2019 13:56:00.000,84.027,84.048,83.998,83.998,0.0661
19.07.2019 13:57:00.000,84.017,84.028,83.987,83.988,0.089
19.07.2019 13:58:00.000,83.988,84.067,83.957,83.988,0.0578
19.07.2019 13:59:00.000,83.977,84.047,83.977,83.988,0.1301
19.07.2019 14:00:00.000,83.977,84.048,83.977,84.018,0.0233
19.07.2019 14:01:00.000,84.007,84.048,83.988,83.988,0.0112
19.07.2019 14:02:00.000,83.997,84.118,83.997,84.078,0.1059
19.07.2019 14:03:00.000,84.078,84.138,84.077,84.128,0.0294
19.07.2019 14:04:00.000,84.138,84.177,83.987,83.997,0.1999
19.07.2019 14:05:00.000,83.978,83.988,83.878,83.887,0.2459
19.07.2019 14:06:00.000,83.887,83.977,83.887,83.968,0.0731
19.07.2019 14:07:00.000,83.967,83.967,83.837,83.898,0.1779
19.07.2019 14:08:00.000,83.898,83.928,83.898,83.918,0.0498
19.07.2019 14:09:00.000,83.888,83.898,83.757,83.868,0.0481
19.07.2019 14:10:00.000,83.838,83.868,83.828,83.828,0.0232
19.07.2019 14:11:00.000,83.828,83.918,83.828,83.918,0.042
19.07.2019 14:12:00.000,83.897,83.898,83.798,83.848,0.0101
19.07.2019 14:13:00.000,83.848,83.858,83.798,83.818,0.0517
19.07.2019 14:14:00.000,83.818,83.818,83.688,83.698,0.1337
19.07.2019 14:15:00.000,83.708,83.758,83.707,83.738,0.032
19.07.2019 14:16:00.000,83.737,83.768,83.737,83.738,0.0414
19.07.2019 14:17:00.000,83.737,83.788,83.708,83.708,0.0514
19.07.2019 14:18:00.000,83.708,83.818,83.708,83.808,0.0485
19.07.2019 14:19:00.000,83.807,83.828,83.797,83.798,0.017
19.07.2019 14:20:00.000,83.797,83.847,83.758,83.758,0.029
19.07.2019 14:21:00.000,83.758,83.758,83.697,83.727,0.0373
19.07.2019 14:22:00.000,83.737,83.778,83.707,83.728,0.093
19.07.2019 14:23:00.000,83.728,83.728,83.638,83.698,0.0574
19.07.2019 14:24:00.000,83.708,83.738,83.648,83.668,0.0921
19.07.2019 14:25:00.000,83.667,83.697,83.578,83.578,0.1451
19.07.2019 14:26:00.000,83.588,83.598,83.527,83.538,0.0446
19.07.2019 14:27:00.000,83.548,83.598,83.527,83.537,0.0535
19.07.2019 14:28:00.000,83.537,83.537,83.487,83.528,0.1192
19.07.2019 14:29:00.000,83.527,83.598,83.527,83.558,0.0416
19.07.2019 14:30:00.000,83.558,83.568,83.557,83.568,0.0207
19.07.2019 14:31:00.000,83.568,83.608,83.557,83.608,0.0451
19.07.2019 14:32:00.000,83.607,83.618,83.588,83.597,0.0559
19.07.2019 14:33:00.000,83.598,83.598,83.498,83.508,0.0391
19.07.2019 14:34:00.000,83.507,83.508,83.457,83.498,0.0661
19.07.2019 14:35:00.000,83.497,83.497,83.378,83.407,0.1182
19.07.2019 14:36:00.000,83.408,83.478,83.408,83.468,0.0106
19.07.2019 14:37:00.000,83.488,83.528,83.487,83.528,0.0359
19.07.2019 14:38:00.000,83.527,83.648,83.527,83.647,0.0298
19.07.2019 14:39:00.000,83.648,83.708,83.647,83.658,0.051
19.07.2019 14:40:00.000,83.667,83.667,83.557,83.608,0.1112
19.07.2019 14:41:00.000,83.607,83.618,83.577,83.617,0.0715
19.07.2019 14:42:00.000,83.617,83.617,83.567,83.588,0.0559
19.07.2019 14:43:00.000,83.587,83.658,83.567,83.588,0.0697
19.07.2019 14:44:00.000,83.568,83.628,83.568,83.587,0.0483
19.07.2019 14:45:00.000,83.588,83.588,83.507,83.518,0.0801
19.07.2019 14:46:00.000,83.518,83.518,83.517,83.518,0.0085
19.07.2019 14:47:00.000,83.517,83.518,83.467,83.488,0.0567
19.07.2019 14:48:00.000,83.478,83.498,83.428,83.428,0.0305
19.07.2019 14:49:00.000,83.448,83.458,83.407,83.428,0.0315
19.07.2019 14:50:00.000,83.427,83.438,83.378,83.378,0.0531
19.07.2019 14:51:00.000,83.378,83.388,83.357,83.358,0.0306
19.07.2019 14:52:00.000,83.357,83.368,83.278,83.307,0.0947
19.07.2019 14:53:00.000,83.307,83.408,83.298,83.408,0.0512
19.07.2019 14:54:00.000,83.408,83.438,83.357,83.357,0.0707
19.07.2019 14:55:00.000,83.358,83.358,83.337,83.357,0.0025
19.07.2019 14:56:00.000,83.318,83.418,83.318,83.408,0.0165
19.07.2019 14:57:00.000,83.408,83.408,83.357,83.398,0.026
19.07.2019 14:58:00.000,83.428,83.468,83.428,83.468,0.0378
19.07.2019 14:59:00.000,83.467,83.548,83.467,83.548,0.0479
19.07.2019 15:00:00.000,83.547,83.658,83.547,83.658,0.0643
19.07.2019 15:01:00.000,83.668,83.677,83.617,83.627,0.0141
19.07.2019 15:02:00.000,83.628,83.628,83.617,83.618,0.0036
19.07.2019 15:03:00.000,83.648,83.688,83.637,83.637,0.0054
19.07.2019 15:04:00.000,83.658,83.708,83.637,83.668,0.0074
19.07.2019 15:05:00.000,83.687,83.728,83.638,83.728,0.0535
19.07.2019 15:06:00.000,83.728,83.828,83.728,83.828,0.0235
19.07.2019 15:07:00.000,83.837,83.938,83.837,83.938,0.0532
19.07.2019 15:08:00.000,83.937,83.978,83.937,83.967,0.0576
19.07.2019 15:09:00.000,83.967,83.968,83.887,83.918,0.0957
19.07.2019 15:10:00.000,83.918,83.918,83.887,83.898,0.1353
19.07.2019 15:11:00.000,83.918,83.928,83.877,83.877,0.0846
19.07.2019 15:12:00.000,83.877,83.918,83.877,83.887,0.0482
19.07.2019 15:13:00.000,83.888,83.938,83.888,83.897,0.0338
19.07.2019 15:14:00.000,83.888,83.928,83.888,83.898,0.0317
19.07.2019 15:15:00.000,83.898,83.937,83.867,83.907,0.0445
19.07.2019 15:16:00.000,83.908,83.958,83.908,83.928,0.0857
19.07.2019 15:17:00.000,83.928,84.008,83.928,83.998,0.0502
19.07.2019 15:18:00.000,83.998,84.038,83.997,84.027,0.0178
19.07.2019 15:19:00.000,84.028,84.038,83.997,84.018,0.0719
19.07.2019 15:20:00.000,84.028,84.038,83.998,84.038,0.0161
19.07.2019 15:21:00.000,84.048,84.048,83.988,84.007,0.0571
19.07.2019 15:22:00.000,84.008,84.038,83.988,84.008,0.0373
19.07.2019 15:23:00.000,84.007,84.038,83.997,84.027,0.0033
19.07.2019 15:24:00.000,84.027,84.027,83.997,83.998,0.0109
19.07.2019 15:25:00.000,83.998,83.998,83.828,83.828,0.0352
19.07.2019 15:26:00.000,83.848,83.928,83.818,83.927,0.0273
19.07.2019 15:27:00.000,83.928,83.928,83.838,83.898,0.0254
19.07.2019 15:28:00.000,83.908,83.918,83.888,83.918,0.0168
19.07.2019 15:29:00.000,83.928,83.938,83.868,83.928,0.0383
19.07.2019 15:30:00.000,83.938,84.008,83.937,83.997,0.0401
19.07.2019 15:31:00.000,83.998,84.058,83.957,84.048,0.0497
19.07.2019 15:32:00.000,84.057,84.057,84.007,84.018,0.1156
19.07.2019 15:33:00.000,84.017,84.018,83.958,83.977,0.0437
19.07.2019 15:34:00.000,83.978,83.978,83.927,83.928,0.034
19.07.2019 15:35:00.000,83.937,83.978,83.887,83.888,0.0571
19.07.2019 15:36:00.000,83.888,83.888,83.837,83.838,0.0594
19.07.2019 15:37:00.000,83.838,83.908,83.837,83.888,0.0413
19.07.2019 15:38:00.000,83.887,83.888,83.857,83.857,0.0103
19.07.2019 15:39:00.000,83.858,83.858,83.777,83.777,0.2359
19.07.2019 15:40:00.000,83.787,83.788,83.667,83.707,0.1127
19.07.2019 15:41:00.000,83.708,83.708,83.667,83.667,0.0609
19.07.2019 15:42:00.000,83.687,83.768,83.687,83.748,0.0342
19.07.2019 15:43:00.000,83.747,83.798,83.747,83.797,0.0771
19.07.2019 15:44:00.000,83.797,83.808,83.777,83.788,0.0728
19.07.2019 15:45:00.000,83.777,83.788,83.748,83.748,0.0177
19.07.2019 15:46:00.000,83.747,83.817,83.747,83.758,0.0203
19.07.2019 15:47:00.000,83.757,83.778,83.718,83.718,0.0911
19.07.2019 15:48:00.000,83.717,83.728,83.707,83.708,0.0471
19.07.2019 15:49:00.000,83.708,83.778,83.697,83.778,0.0357
19.07.2019 15:50:00.000,83.826,83.838,83.777,83.777,0.0088
19.07.2019 15:51:00.000,83.778,83.778,83.727,83.727,0.0157
19.07.2019 15:52:00.000,83.728,83.748,83.668,83.698,0.0194
19.07.2019 15:53:00.000,83.698,83.788,83.698,83.788,0.0271
19.07.2019 15:54:00.000,83.787,83.788,83.787,83.788,0.0005
19.07.2019 15:55:00.000,83.787,83.808,83.767,83.777,0.0089
19.07.2019 15:56:00.000,83.778,83.798,83.777,83.798,0.0517
19.07.2019 15:57:00.000,83.798,83.838,83.797,83.808,0.0168
19.07.2019 15:58:00.000,83.807,83.818,83.778,83.807,0.0154
19.07.2019 15:59:00.000,83.808,83.818,83.807,83.808,0.0876
19.07.2019 16:00:00.000,83.817,83.847,83.807,83.807,0.0225
19.07.2019 16:01:00.000,83.817,83.838,83.808,83.808,0.0317
19.07.2019 16:02:00.000,83.818,83.838,83.808,83.837,0.0109
19.07.2019 16:03:00.000,83.828,83.838,83.818,83.828,0.0612
19.07.2019 16:04:00.000,83.837,83.838,83.777,83.818,0.0253
19.07.2019 16:05:00.000,83.807,83.838,83.797,83.837,0.0213
19.07.2019 16:06:00.000,83.838,83.838,83.777,83.797,0.0586
19.07.2019 16:07:00.000,83.798,83.828,83.777,83.828,0.0484
19.07.2019 16:08:00.000,83.818,83.858,83.818,83.858,0.0196
19.07.2019 16:09:00.000,83.857,83.868,83.847,83.857,0.0185
19.07.2019 16:10:00.000,83.858,83.877,83.857,83.858,0.0567
19.07.2019 16:11:00.000,83.858,83.858,83.798,83.798,0.0476
19.07.2019 16:12:00.000,83.797,83.827,83.797,83.798,0.0123
19.07.2019 16:13:00.000,83.797,83.858,83.787,83.857,0.0356
19.07.2019 16:14:00.000,83.858,83.948,83.857,83.928,0.0284
19.07.2019 16:15:00.000,83.928,83.938,83.908,83.928,0.0491
19.07.2019 16:16:00.000,83.927,83.938,83.907,83.938,0.0096
19.07.2019 16:17:00.000,83.938,83.978,83.937,83.958,0.0523
19.07.2019 16:18:00.000,83.977,83.988,83.917,83.977,0.119
19.07.2019 16:19:00.000,83.987,84.008,83.978,83.988,0.0171
19.07.2019 16:20:00.000,83.987,83.988,83.948,83.987,0.0172
19.07.2019 16:21:00.000,83.987,83.987,83.947,83.948,0.0497
19.07.2019 16:22:00.000,83.948,83.968,83.927,83.958,0.0311
19.07.2019 16:23:00.000,83.957,83.967,83.947,83.948,0.0185
19.07.2019 16:24:00.000,83.947,83.958,83.947,83.948,0.0246
19.07.2019 16:25:00.000,83.958,83.968,83.947,83.947,0.0296
19.07.2019 16:26:00.000,83.948,84.008,83.947,84.008,0.0545
19.07.2019 16:27:00.000,84.008,84.008,83.948,83.948,0.0308
19.07.2019 16:28:00.000,83.947,83.958,83.927,83.937,0.0168
19.07.2019 16:29:00.000,83.937,83.938,83.917,83.918,0.0267
19.07.2019 16:30:00.000,83.938,83.938,83.918,83.918,0.0024
19.07.2019 16:31:00.000,83.928,83.928,83.917,83.918,0.0107
19.07.2019 16:32:00.000,83.917,83.978,83.917,83.978,0.014
19.07.2019 16:33:00.000,83.987,84.008,83.967,83.978,0.0454
19.07.2019 16:34:00.000,83.977,84.008,83.928,84.007,0.0671
19.07.2019 16:35:00.000,83.987,83.998,83.967,83.988,0.0141
19.07.2019 16:36:00.000,83.988,84.008,83.978,84.008,0.0276
19.07.2019 16:37:00.000,84.018,84.028,84.018,84.028,0.0005
19.07.2019 16:38:00.000,84.037,84.058,84.027,84.038,0.0196
19.07.2019 16:39:00.000,84.038,84.038,84.038,84.038,0.0938
19.07.2019 16:40:00.000,84.038,84.038,84.027,84.028,0.0524
19.07.2019 16:41:00.000,84.037,84.048,84.037,84.038,0.0005
19.07.2019 16:42:00.000,84.037,84.068,84.027,84.058,0.0102
19.07.2019 16:43:00.000,84.057,84.058,83.997,83.997,0.0238
19.07.2019 16:44:00.000,83.988,83.988,83.957,83.978,0.0021
19.07.2019 16:45:00.000,83.977,83.978,83.957,83.958,0.0268
19.07.2019 16:46:00.000,83.968,83.968,83.957,83.958,0.0004
19.07.2019 16:47:00.000,83.968,83.968,83.958,83.968,0.0168
19.07.2019 16:48:00.000,83.958,83.978,83.937,83.937,0.0206
19.07.2019 16:49:00.000,83.938,83.938,83.917,83.917,0.0008
19.07.2019 16:50:00.000,83.927,83.968,83.918,83.938,0.0552
19.07.2019 16:51:00.000,83.948,84.008,83.947,84.008,0.0188
19.07.2019 16:52:00.000,84.007,84.007,83.987,83.987,0.0214
19.07.2019 16:53:00.000,83.988,83.988,83.967,83.988,0.0234
19.07.2019 16:54:00.000,83.987,84.058,83.987,84.038,0.0803
19.07.2019 16:55:00.000,84.037,84.058,83.988,83.988,0.0598
19.07.2019 16:56:00.000,83.988,83.998,83.977,83.977,0.0205
19.07.2019 16:57:00.000,83.987,83.998,83.937,83.948,0.0346
19.07.2019 16:58:00.000,83.947,83.968,83.947,83.947,0.0737
19.07.2019 16:59:00.000,83.948,83.948,83.927,83.938,0.0376
19.07.2019 17:00:00.000,83.937,83.947,83.927,83.938,0.0522
19.07.2019 17:01:00.000,83.937,83.948,83.877,83.888,0.0262
19.07.2019 17:02:00.000,83.887,83.898,83.868,83.897,0.0124
19.07.2019 17:03:00.000,83.898,83.948,83.878,83.948,0.0297
19.07.2019 17:04:00.000,83.938,83.968,83.937,83.947,0.0598
19.07.2019 17:05:00.000,83.948,84.008,83.947,84.008,0.0176
19.07.2019 17:06:00.000,84.007,84.058,84.007,84.058,0.016
19.07.2019 17:07:00.000,84.038,84.058,84.017,84.047,0.0849
19.07.2019 17:08:00.000,84.048,84.068,84.007,84.007,0.0271
19.07.2019 17:09:00.000,84.008,84.058,84.008,84.028,0.0612
19.07.2019 17:10:00.000,84.027,84.038,84.027,84.038,0.0038
19.07.2019 17:11:00.000,84.037,84.058,84.027,84.058,0.0065
19.07.2019 17:12:00.000,84.057,84.098,84.048,84.098,0.0308
19.07.2019 17:13:00.000,84.097,84.098,84.077,84.098,0.0531
19.07.2019 17:14:00.000,84.108,84.108,84.048,84.058,0.0252
19.07.2019 17:15:00.000,84.057,84.078,84.057,84.078,0.0015
19.07.2019 17:16:00.000,84.077,84.098,84.058,84.058,0.0324
19.07.2019 17:17:00.000,84.058,84.058,84.038,84.038,0.0017
19.07.2019 17:18:00.000,84.038,84.048,84.017,84.017,0.003
19.07.2019 17:19:00.000,84.017,84.028,83.998,84.007,0.0115
19.07.2019 17:20:00.000,83.998,84.058,83.998,84.057,0.0666
19.07.2019 17:21:00.000,84.058,84.068,84.047,84.068,0.0265
19.07.2019 17:22:00.000,84.068,84.118,84.067,84.118,0.0336
19.07.2019 17:23:00.000,84.118,84.118,84.118,84.118,0.0152
19.07.2019 17:24:00.000,84.118,84.128,84.077,84.128,0.0441
19.07.2019 17:25:00.000,84.127,84.128,84.047,84.048,0.0829
19.07.2019 17:26:00.000,84.048,84.048,83.998,83.998,0.0109
19.07.2019 17:27:00.000,83.997,84.038,83.957,83.957,0.03
19.07.2019 17:28:00.000,83.968,83.998,83.968,83.998,0.0157
19.07.2019 17:29:00.000,83.998,84.028,83.988,83.988,0.0501
19.07.2019 17:30:00.000,83.987,84.007,83.987,83.998,0.002
19.07.2019 17:31:00.000,83.998,83.998,83.938,83.948,0.0873
19.07.2019 17:32:00.000,83.947,83.988,83.937,83.978,0.0342
19.07.2019 17:33:00.000,83.977,83.978,83.927,83.927,0.0328
19.07.2019 17:34:00.000,83.927,83.928,83.908,83.917,0.0015
19.07.2019 17:35:00.000,83.918,83.938,83.908,83.927,0.0606
19.07.2019 17:36:00.000,83.928,83.928,83.917,83.918,0.0067
19.07.2019 17:37:00.000,83.927,83.968,83.917,83.957,0.0861
19.07.2019 17:38:00.000,83.967,83.968,83.928,83.968,0.0625
19.07.2019 17:39:00.000,83.968,83.968,83.907,83.908,0.032
19.07.2019 17:40:00.000,83.908,83.928,83.908,83.918,0.0246
19.07.2019 17:41:00.000,83.917,83.948,83.917,83.927,0.0759
19.07.2019 17:42:00.000,83.937,83.938,83.907,83.908,0.0613
19.07.2019 17:43:00.000,83.908,83.978,83.907,83.967,0.0283
19.07.2019 17:44:00.000,83.967,83.968,83.947,83.968,0.0475
19.07.2019 17:45:00.000,83.987,83.987,83.947,83.958,0.0273
19.07.2019 17:46:00.000,83.958,83.958,83.937,83.957,0.0782
19.07.2019 17:47:00.000,83.957,83.978,83.957,83.967,0.0349
19.07.2019 17:48:00.000,83.967,83.978,83.967,83.967,0.042
19.07.2019 17:49:00.000,83.967,83.968,83.937,83.957,0.0484
19.07.2019 17:50:00.000,83.958,83.978,83.958,83.968,0.044
19.07.2019 17:51:00.000,83.967,83.978,83.957,83.958,0.0108
19.07.2019 17:52:00.000,83.958,83.968,83.938,83.938,0.0348
19.07.2019 17:53:00.000,83.947,83.987,83.947,83.977,0.0272
19.07.2019 17:54:00.000,83.978,83.987,83.948,83.948,0.0119
19.07.2019 17:55:00.000,83.947,83.978,83.918,83.957,0.0443
19.07.2019 17:56:00.000,83.958,84.038,83.938,84.038,0.0231
19.07.2019 17:57:00.000,84.038,84.048,84.027,84.048,0.0207
19.07.2019 17:58:00.000,84.047,84.048,84.007,84.028,0.0655
19.07.2019 17:59:00.000,84.037,84.037,83.997,84.028,0.0282
19.07.2019 18:00:00.000,84.018,84.058,84.008,84.038,0.1072
19.07.2019 18:01:00.000,84.038,84.068,84.018,84.067,0.0546
19.07.2019 18:02:00.000,84.057,84.057,83.987,84.008,0.0531
19.07.2019 18:03:00.000,84.007,84.007,83.947,83.978,0.0493
19.07.2019 18:04:00.000,83.978,83.978,83.917,83.918,0.057
19.07.2019 18:05:00.000,83.928,83.928,83.847,83.848,0.0877
19.07.2019 18:06:00.000,83.847,83.848,83.817,83.848,0.0115
19.07.2019 18:07:00.000,83.848,83.848,83.827,83.838,0.0107
19.07.2019 18:08:00.000,83.847,83.858,83.818,83.828,0.0604
19.07.2019 18:09:00.000,83.828,83.828,83.767,83.768,0.0712
19.07.2019 18:10:00.000,83.767,83.808,83.757,83.758,0.0606
19.07.2019 18:11:00.000,83.757,83.828,83.757,83.818,0.0844
19.07.2019 18:12:00.000,83.838,83.838,83.798,83.808,0.0441
19.07.2019 18:13:00.000,83.807,83.838,83.807,83.828,0.0296
19.07.2019 18:14:00.000,83.808,83.828,83.797,83.808,0.0426
19.07.2019 18:15:00.000,83.808,83.868,83.798,83.858,0.0721
19.07.2019 18:16:00.000,83.867,83.888,83.827,83.868,0.1253
19.07.2019 18:17:00.000,83.868,83.907,83.868,83.878,0.0621
19.07.2019 18:18:00.000,83.877,83.878,83.867,83.878,0.0325
19.07.2019 18:19:00.000,83.868,83.878,83.847,83.848,0.1249
19.07.2019 18:20:00.000,83.847,83.858,83.827,83.848,0.0487
19.07.2019 18:21:00.000,83.848,83.848,83.807,83.837,0.077
19.07.2019 18:22:00.000,83.838,83.858,83.837,83.858,0.0497
19.07.2019 18:23:00.000,83.858,83.858,83.797,83.797,0.131
19.07.2019 18:24:00.000,83.798,83.798,83.727,83.728,0.0267
19.07.2019 18:25:00.000,83.727,83.738,83.718,83.718,0.0242
19.07.2019 18:26:00.000,83.717,83.728,83.708,83.718,0.0371
19.07.2019 18:27:00.000,83.718,83.728,83.657,83.658,0.0623
19.07.2019 18:28:00.000,83.668,83.698,83.647,83.688,0.0172
19.07.2019 18:29:00.000,83.687,83.688,83.677,83.688,0.0094
19.07.2019 18:30:00.000,83.687,83.738,83.677,83.708,0.0302
19.07.2019 18:31:00.000,83.708,83.758,83.708,83.718,0.0537
19.07.2019 18:32:00.000,83.718,83.718,83.677,83.678,0.079
19.07.2019 18:33:00.000,83.678,83.688,83.657,83.657,0.0109
19.07.2019 18:34:00.000,83.658,83.688,83.657,83.668,0.0325
19.07.2019 18:35:00.000,83.667,83.678,83.648,83.668,0.028
19.07.2019 18:36:00.000,83.667,83.688,83.647,83.648,0.0969
19.07.2019 18:37:00.000,83.648,83.678,83.648,83.667,0.0568
19.07.2019 18:38:00.000,83.668,83.718,83.667,83.718,0.0734
19.07.2019 18:39:00.000,83.708,83.788,83.708,83.768,0.028
19.07.2019 18:40:00.000,83.777,83.828,83.777,83.828,0.0146
19.07.2019 18:41:00.000,83.808,83.828,83.807,83.818,0.0047
19.07.2019 18:42:00.000,83.818,83.837,83.787,83.808,0.0665
19.07.2019 18:43:00.000,83.808,83.828,83.807,83.808,0.0034
19.07.2019 18:44:00.000,83.807,83.808,83.787,83.797,0.109
19.07.2019 18:45:00.000,83.797,83.798,83.757,83.788,0.0727
19.07.2019 18:46:00.000,83.787,83.788,83.777,83.778,0.0605
19.07.2019 18:47:00.000,83.778,83.858,83.777,83.858,0.0324
19.07.2019 18:48:00.000,83.858,83.888,83.847,83.888,0.0289
19.07.2019 18:49:00.000,83.888,83.938,83.888,83.937,0.0655
19.07.2019 18:50:00.000,83.928,83.987,83.917,83.978,0.0882
19.07.2019 18:51:00.000,83.988,84.008,83.967,83.968,0.0946
19.07.2019 18:52:00.000,83.967,83.968,83.947,83.947,0.016
19.07.2019 18:53:00.000,83.948,83.948,83.927,83.937,0.0142
19.07.2019 18:54:00.000,83.938,83.988,83.937,83.978,0.0501
19.07.2019 18:55:00.000,83.977,83.988,83.957,83.988,0.0819
19.07.2019 18:56:00.000,83.987,84.008,83.967,84.008,0.0697
19.07.2019 18:57:00.000,84.017,84.048,83.988,84.048,0.0259
19.07.2019 18:58:00.000,84.047,84.058,84.027,84.028,0.0313
19.07.2019 18:59:00.000,84.027,84.068,84.008,84.038,0.0881
19.07.2019 19:00:00.000,84.008,84.008,83.967,83.978,0.0321
19.07.2019 19:01:00.000,83.977,83.978,83.907,83.918,0.0491
19.07.2019 19:02:00.000,83.918,83.938,83.887,83.928,0.0593
19.07.2019 19:03:00.000,83.928,83.968,83.917,83.917,0.0763
19.07.2019 19:04:00.000,83.928,83.938,83.857,83.868,0.0133
19.07.2019 19:05:00.000,83.867,83.918,83.838,83.917,0.0327
19.07.2019 19:06:00.000,83.918,83.928,83.917,83.918,0.0302
19.07.2019 19:07:00.000,83.927,83.948,83.887,83.898,0.0951
19.07.2019 19:08:00.000,83.918,83.928,83.908,83.928,0.0114
19.07.2019 19:09:00.000,83.928,83.978,83.927,83.958,0.1259
19.07.2019 19:10:00.000,83.958,83.998,83.948,83.948,0.0723
19.07.2019 19:11:00.000,83.948,83.958,83.937,83.947,0.0709
19.07.2019 19:12:00.000,83.948,83.988,83.947,83.978,0.0496
19.07.2019 19:13:00.000,83.978,83.978,83.917,83.948,0.1234
19.07.2019 19:14:00.000,83.948,83.968,83.938,83.948,0.0897
19.07.2019 19:15:00.000,83.938,83.958,83.937,83.938,0.0431
19.07.2019 19:16:00.000,83.937,83.938,83.897,83.908,0.0282
19.07.2019 19:17:00.000,83.898,83.908,83.838,83.838,0.0632
19.07.2019 19:18:00.000,83.837,83.868,83.828,83.857,0.068
19.07.2019 19:19:00.000,83.858,83.868,83.828,83.837,0.0237
19.07.2019 19:20:00.000,83.838,83.838,83.767,83.768,0.0247
19.07.2019 19:21:00.000,83.767,83.808,83.738,83.798,0.1843
19.07.2019 19:22:00.000,83.797,83.818,83.768,83.818,0.045
19.07.2019 19:23:00.000,83.817,83.898,83.817,83.898,0.0363
19.07.2019 19:24:00.000,83.908,83.908,83.867,83.898,0.0732
19.07.2019 19:25:00.000,83.897,83.938,83.897,83.938,0.0348
19.07.2019 19:26:00.000,83.958,83.958,83.907,83.908,0.05
19.07.2019 19:27:00.000,83.907,83.958,83.907,83.958,0.0542
19.07.2019 19:28:00.000,83.957,83.978,83.908,83.967,0.0921
19.07.2019 19:29:00.000,83.968,83.988,83.948,83.987,0.0215
19.07.2019 19:30:00.000,83.988,84.058,83.988,84.048,0.0533
19.07.2019 19:31:00.000,84.057,84.058,83.967,83.967,0.1184
19.07.2019 19:32:00.000,83.968,83.998,83.957,83.998,0.0349
19.07.2019 19:33:00.000,84.008,84.038,83.997,83.997,0.0979
19.07.2019 19:34:00.000,83.998,84.008,83.957,83.968,0.1382
19.07.2019 19:35:00.000,83.968,83.998,83.967,83.978,0.1042
19.07.2019 19:36:00.000,83.978,83.988,83.977,83.988,0.0534
19.07.2019 19:37:00.000,83.978,84.008,83.977,83.978,0.1063
19.07.2019 19:38:00.000,83.978,83.978,83.918,83.918,0.0929
19.07.2019 19:39:00.000,83.927,83.988,83.927,83.947,0.2133
19.07.2019 19:40:00.000,83.947,83.948,83.927,83.948,0.0819
19.07.2019 19:41:00.000,83.947,84.008,83.947,84.008,0.1124
19.07.2019 19:42:00.000,83.997,84.028,83.997,83.998,0.0903
19.07.2019 19:43:00.000,83.997,84.027,83.957,83.958,0.0538
19.07.2019 19:44:00.000,83.968,83.968,83.898,83.908,0.1666
19.07.2019 19:45:00.000,83.908,83.918,83.857,83.868,0.1062
19.07.2019 19:46:00.000,83.858,83.898,83.858,83.868,0.1216
19.07.2019 19:47:00.000,83.868,83.868,83.757,83.798,0.0708
19.07.2019 19:48:00.000,83.808,83.888,83.808,83.848,0.1501
19.07.2019 19:49:00.000,83.847,83.848,83.807,83.818,0.1134
19.07.2019 19:50:00.000,83.798,83.818,83.767,83.808,0.095
19.07.2019 19:51:00.000,83.817,83.828,83.797,83.797,0.1071
19.07.2019 19:52:00.000,83.798,83.808,83.787,83.807,0.1115
19.07.2019 19:53:00.000,83.808,83.828,83.797,83.798,0.1501
19.07.2019 19:54:00.000,83.798,83.808,83.747,83.758,0.1388
19.07.2019 19:55:00.000,83.757,83.798,83.737,83.768,0.2583
19.07.2019 19:56:00.000,83.767,83.788,83.717,83.728,0.2039
19.07.2019 19:57:00.000,83.737,83.768,83.697,83.727,0.2259
19.07.2019 19:58:00.000,83.728,83.748,83.708,83.748,0.199
19.07.2019 19:59:00.000,83.748,83.778,83.608,83.648,0.5823
22.07.2019 13:30:00.000,83.118,83.758,83.118,83.757,0.0031
22.07.2019 13:31:00.000,83.758,84.308,83.757,84.308,0.0207
22.07.2019 13:32:00.000,84.307,84.648,84.307,84.568,0.0348
22.07.2019 13:33:00.000,84.578,84.618,84.457,84.618,0.1103
22.07.2019 13:34:00.000,84.618,84.618,84.497,84.567,0.0843
22.07.2019 13:35:00.000,84.608,84.618,84.457,84.598,0.0267
22.07.2019 13:36:00.000,84.598,84.718,84.458,84.718,0.0767
22.07.2019 13:37:00.000,84.717,84.878,84.717,84.838,0.0518
22.07.2019 13:38:00.000,84.837,84.837,84.708,84.728,0.1238
22.07.2019 13:39:00.000,84.718,84.738,84.488,84.528,0.1605
22.07.2019 13:40:00.000,84.527,84.598,84.488,84.507,0.13
22.07.2019 13:41:00.000,84.508,84.668,84.507,84.598,0.0572
22.07.2019 13:42:00.000,84.597,84.698,84.597,84.678,0.0363
22.07.2019 13:43:00.000,84.677,84.678,84.538,84.597,0.0611
22.07.2019 13:44:00.000,84.597,84.597,84.387,84.398,0.1736
22.07.2019 13:45:00.000,84.398,84.488,84.387,84.417,0.0512
22.07.2019 13:46:00.000,84.418,84.428,84.267,84.418,0.0279
22.07.2019 13:47:00.000,84.418,84.418,84.237,84.248,0.02
22.07.2019 13:48:00.000,84.247,84.268,84.207,84.218,0.0778
22.07.2019 13:49:00.000,84.218,84.238,84.118,84.128,0.0925
22.07.2019 13:50:00.000,84.127,84.128,84.027,84.078,0.0904
22.07.2019 13:51:00.000,84.088,84.218,84.087,84.217,0.0389
22.07.2019 13:52:00.000,84.218,84.248,84.067,84.128,0.0509
22.07.2019 13:53:00.000,84.127,84.128,84.037,84.058,0.1028
22.07.2019 13:54:00.000,84.058,84.078,83.998,84.077,0.0582
22.07.2019 13:55:00.000,84.078,84.198,84.078,84.198,0.0433
22.07.2019 13:56:00.000,84.197,84.208,84.087,84.088,0.2473
22.07.2019 13:57:00.000,84.087,84.208,84.087,84.147,0.096
22.07.2019 13:58:00.000,84.148,84.148,83.887,83.907,0.1749
22.07.2019 13:59:00.000,83.908,83.938,83.798,83.837,0.1996
22.07.2019 14:00:00.000,83.827,83.838,83.728,83.788,0.0785
22.07.2019 14:01:00.000,83.777,83.788,83.707,83.708,0.0111
22.07.2019 14:02:00.000,83.718,83.778,83.668,83.758,0.0508
22.07.2019 14:03:00.000,83.758,83.788,83.707,83.718,0.1153
22.07.2019 14:04:00.000,83.748,83.857,83.747,83.808,0.0881
22.07.2019 14:05:00.000,83.817,83.818,83.718,83.758,0.0504
22.07.2019 14:06:00.000,83.757,83.788,83.698,83.777,0.0865
22.07.2019 14:07:00.000,83.778,83.818,83.717,83.717,0.0777
22.07.2019 14:08:00.000,83.708,83.738,83.637,83.668,0.1329
22.07.2019 14:09:00.000,83.667,83.678,83.618,83.647,0.0779
22.07.2019 14:10:00.000,83.648,83.648,83.558,83.648,0.0996
22.07.2019 14:11:00.000,83.647,83.688,83.647,83.667,0.0387
22.07.2019 14:12:00.000,83.668,83.688,83.618,83.648,0.046
22.07.2019 14:13:00.000,83.677,83.677,83.557,83.567,0.0692
22.07.2019 14:14:00.000,83.568,83.578,83.507,83.518,0.1094
22.07.2019 14:15:00.000,83.537,83.648,83.537,83.648,0.0408
22.07.2019 14:16:00.000,83.648,83.718,83.627,83.717,0.0577
22.07.2019 14:17:00.000,83.717,83.718,83.638,83.687,0.0653
22.07.2019 14:18:00.000,83.697,83.697,83.618,83.648,0.0583
22.07.2019 14:19:00.000,83.647,83.678,83.557,83.558,0.0365
22.07.2019 14:20:00.000,83.557,83.598,83.518,83.528,0.0126
22.07.2019 14:21:00.000,83.528,83.598,83.528,83.587,0.0747
22.07.2019 14:22:00.000,83.588,83.638,83.577,83.628,0.1134
22.07.2019 14:23:00.000,83.637,83.668,83.557,83.557,0.0412
22.07.2019 14:24:00.000,83.558,83.608,83.557,83.597,0.0124
22.07.2019 14:25:00.000,83.598,83.598,83.557,83.557,0.0432
22.07.2019 14:26:00.000,83.558,83.558,83.467,83.488,0.0468
22.07.2019 14:27:00.000,83.488,83.557,83.487,83.518,0.0106
22.07.2019 14:28:00.000,83.537,83.538,83.498,83.518,0.0324
22.07.2019 14:29:00.000,83.517,83.558,83.468,83.548,0.0525
22.07.2019 14:30:00.000,83.558,83.668,83.557,83.668,0.0677
22.07.2019 14:31:00.000,83.667,83.668,83.577,83.577,0.0586
22.07.2019 14:32:00.000,83.578,83.578,83.447,83.447,0.1513
22.07.2019 14:33:00.000,83.448,83.487,83.407,83.408,0.0811
22.07.2019 14:34:00.000,83.408,83.408,83.327,83.328,0.0345
22.07.2019 14:35:00.000,83.338,83.388,83.308,83.368,0.1048
22.07.2019 14:36:00.000,83.348,83.498,83.347,83.428,0.0634
22.07.2019 14:37:00.000,83.447,83.548,83.447,83.507,0.07
22.07.2019 14:38:00.000,83.528,83.628,83.527,83.598,0.1307
22.07.2019 14:39:00.000,83.598,83.758,83.598,83.728,0.0216
22.07.2019 14:40:00.000,83.738,83.738,83.678,83.708,0.1439
22.07.2019 14:41:00.000,83.706,83.727,83.627,83.628,0.0611
22.07.2019 14:42:00.000,83.627,83.627,83.537,83.538,0.0517
22.07.2019 14:43:00.000,83.548,83.558,83.497,83.518,0.0679
22.07.2019 14:44:00.000,83.518,83.538,83.468,83.478,0.0988
22.07.2019 14:45:00.000,83.477,83.508,83.437,83.508,0.0606
22.07.2019 14:46:00.000,83.488,83.508,83.438,83.438,0.0783
22.07.2019 14:47:00.000,83.447,83.558,83.447,83.537,0.0041
22.07.2019 14:48:00.000,83.538,83.628,83.537,83.568,0.0316
22.07.2019 14:49:00.000,83.538,83.598,83.537,83.598,0.004
22.07.2019 14:50:00.000,83.598,83.638,83.557,83.627,0.0587
22.07.2019 14:51:00.000,83.628,83.748,83.628,83.707,0.0308
22.07.2019 14:52:00.000,83.708,83.708,83.667,83.688,0.036
22.07.2019 14:53:00.000,83.687,83.717,83.687,83.717,0.0334
22.07.2019 14:54:00.000,83.738,83.748,83.698,83.728,0.0074
22.07.2019 14:55:00.000,83.737,83.738,83.667,83.698,0.0149
22.07.2019 14:56:00.000,83.708,83.758,83.697,83.758,0.0094
22.07.2019 14:57:00.000,83.757,83.768,83.717,83.717,0.0434
22.07.2019 14:58:00.000,83.718,83.728,83.678,83.708,0.0449
22.07.2019 14:59:00.000,83.708,83.747,83.707,83.738,0.0598
22.07.2019 15:00:00.000,83.748,83.788,83.707,83.758,0.0212
22.07.2019 15:01:00.000,83.757,83.778,83.617,83.628,0.1279
22.07.2019 15:02:00.000,83.658,83.778,83.628,83.757,0.0236
22.07.2019 15:03:00.000,83.767,83.788,83.738,83.748,0.0736
22.07.2019 15:04:00.000,83.757,83.788,83.748,83.748,0.0477
22.07.2019 15:05:00.000,83.748,83.848,83.737,83.847,0.044
22.07.2019 15:06:00.000,83.848,83.868,83.825,83.847,0.0062
22.07.2019 15:07:00.000,83.867,83.868,83.687,83.768,0.0353
22.07.2019 15:08:00.000,83.767,83.807,83.747,83.748,0.0649
22.07.2019 15:09:00.000,83.748,83.748,83.687,83.688,0.0674
22.07.2019 15:10:00.000,83.688,83.688,83.648,83.658,0.0665
22.07.2019 15:11:00.000,83.668,83.758,83.657,83.748,0.0649
22.07.2019 15:12:00.000,83.767,83.788,83.747,83.767,0.0065
22.07.2019 15:13:00.000,83.768,83.798,83.718,83.728,0.0695
22.07.2019 15:14:00.000,83.727,83.758,83.668,83.668,0.0592
22.07.2019 15:15:00.000,83.668,83.688,83.607,83.627,0.0488
22.07.2019 15:16:00.000,83.627,83.648,83.567,83.588,0.1189
22.07.2019 15:17:00.000,83.588,83.598,83.548,83.548,0.0917
22.07.2019 15:18:00.000,83.548,83.618,83.548,83.618,0.1054
22.07.2019 15:19:00.000,83.617,83.628,83.587,83.627,0.0424
22.07.2019 15:20:00.000,83.647,83.718,83.628,83.688,0.1466
22.07.2019 15:21:00.000,83.698,83.758,83.697,83.747,0.1243
22.07.2019 15:22:00.000,83.728,83.838,83.727,83.838,0.0724
22.07.2019 15:23:00.000,83.837,83.848,83.767,83.828,0.1305
22.07.2019 15:24:00.000,83.838,83.898,83.837,83.897,0.0506
22.07.2019 15:25:00.000,83.887,83.898,83.857,83.897,0.0444
22.07.2019 15:26:00.000,83.898,83.898,83.877,83.878,0.0553
22.07.2019 15:27:00.000,83.888,83.898,83.837,83.848,0.0596
22.07.2019 15:28:00.000,83.837,83.868,83.837,83.838,0.0405
22.07.2019 15:29:00.000,83.838,83.858,83.797,83.798,0.1217
22.07.2019 15:30:00.000,83.808,83.848,83.767,83.778,0.1172
22.07.2019 15:31:00.000,83.778,83.828,83.768,83.818,0.0992
22.07.2019 15:32:00.000,83.817,83.838,83.817,83.838,0.1747
22.07.2019 15:33:00.000,83.857,83.858,83.797,83.848,0.1
22.07.2019 15:34:00.000,83.838,83.908,83.838,83.887,0.0339
22.07.2019 15:35:00.000,83.898,84.018,83.897,84.018,0.1137
22.07.2019 15:36:00.000,84.028,84.148,84.028,84.148,0.1269
22.07.2019 15:37:00.000,84.148,84.168,84.127,84.168,0.0048
22.07.2019 15:38:00.000,84.178,84.218,84.137,84.188,0.0803
22.07.2019 15:39:00.000,84.178,84.238,84.178,84.178,0.0273
22.07.2019 15:40:00.000,84.197,84.257,84.187,84.227,0.1091
22.07.2019 15:41:00.000,84.228,84.228,84.168,84.168,0.0488
22.07.2019 15:42:00.000,84.177,84.177,84.127,84.137,0.0391
22.07.2019 15:43:00.000,84.148,84.168,84.107,84.107,0.08
22.07.2019 15:44:00.000,84.117,84.148,84.097,84.148,0.0439
22.07.2019 15:45:00.000,84.148,84.167,84.108,84.108,0.0427
22.07.2019 15:46:00.000,84.117,84.178,84.117,84.158,0.0524
22.07.2019 15:47:00.000,84.158,84.188,84.138,84.168,0.0281
22.07.2019 15:48:00.000,84.158,84.198,84.137,84.198,0.0441
22.07.2019 15:49:00.000,84.207,84.207,84.157,84.177,0.0962
22.07.2019 15:50:00.000,84.188,84.208,84.157,84.198,0.0627
22.07.2019 15:51:00.000,84.197,84.277,84.177,84.268,0.1001
22.07.2019 15:52:00.000,84.268,84.327,84.257,84.298,0.0476
22.07.2019 15:53:00.000,84.297,84.328,84.267,84.277,0.0966
22.07.2019 15:54:00.000,84.278,84.328,84.257,84.307,0.033
22.07.2019 15:55:00.000,84.318,84.358,84.308,84.357,0.0561
22.07.2019 15:56:00.000,84.358,84.378,84.348,84.368,0.0202
22.07.2019 15:57:00.000,84.377,84.378,84.328,84.337,0.0441
22.07.2019 15:58:00.000,84.338,84.358,84.317,84.347,0.0339
22.07.2019 15:59:00.000,84.348,84.378,84.338,84.347,0.0496
22.07.2019 16:00:00.000,84.348,84.478,84.348,84.478,0.0884
22.07.2019 16:01:00.000,84.468,84.498,84.456,84.478,0.1368
22.07.2019 16:02:00.000,84.478,84.478,84.387,84.388,0.0317
22.07.2019 16:03:00.000,84.387,84.398,84.358,84.378,0.0907
22.07.2019 16:04:00.000,84.388,84.498,84.387,84.437,0.0991
22.07.2019 16:05:00.000,84.447,84.448,84.417,84.428,0.09
22.07.2019 16:06:00.000,84.427,84.458,84.417,84.418,0.0987
22.07.2019 16:07:00.000,84.418,84.448,84.367,84.367,0.1737
22.07.2019 16:08:00.000,84.368,84.418,84.367,84.387,0.0488
22.07.2019 16:09:00.000,84.388,84.428,84.377,84.428,0.0272
22.07.2019 16:10:00.000,84.427,84.448,84.378,84.378,0.0894
22.07.2019 16:11:00.000,84.377,84.398,84.377,84.388,0.1276
22.07.2019 16:12:00.000,84.378,84.378,84.337,84.357,0.1067
22.07.2019 16:13:00.000,84.368,84.378,84.338,84.368,0.0643
22.07.2019 16:14:00.000,84.367,84.378,84.337,84.338,0.0608
22.07.2019 16:15:00.000,84.328,84.338,84.327,84.328,0.0508
22.07.2019 16:16:00.000,84.328,84.337,84.297,84.308,0.0256
22.07.2019 16:17:00.000,84.307,84.307,84.198,84.218,0.1107
22.07.2019 16:18:00.000,84.217,84.318,84.208,84.308,0.1885
22.07.2019 16:19:00.000,84.308,84.318,84.258,84.267,0.0552
22.07.2019 16:20:00.000,84.268,84.348,84.268,84.347,0.0216
22.07.2019 16:21:00.000,84.348,84.358,84.308,84.308,0.059
22.07.2019 16:22:00.000,84.307,84.328,84.287,84.317,0.0393
22.07.2019 16:23:00.000,84.318,84.348,84.287,84.287,0.0643
22.07.2019 16:24:00.000,84.298,84.298,84.267,84.267,0.085
22.07.2019 16:25:00.000,84.268,84.288,84.267,84.277,0.0433
22.07.2019 16:26:00.000,84.278,84.288,84.218,84.218,0.0434
22.07.2019 16:27:00.000,84.217,84.248,84.198,84.198,0.0232
22.07.2019 16:28:00.000,84.197,84.198,84.128,84.147,0.0741
22.07.2019 16:29:00.000,84.147,84.147,84.097,84.098,0.0302
22.07.2019 16:30:00.000,84.107,84.168,84.097,84.108,0.0807
22.07.2019 16:31:00.000,84.118,84.128,84.098,84.098,0.0221
22.07.2019 16:32:00.000,84.098,84.108,84.067,84.098,0.0785
22.07.2019 16:33:00.000,84.098,84.158,84.097,84.158,0.0655
22.07.2019 16:34:00.000,84.158,84.198,84.147,84.178,0.0639
22.07.2019 16:35:00.000,84.178,84.188,84.148,84.148,0.0801
22.07.2019 16:36:00.000,84.148,84.168,84.087,84.117,0.0987
22.07.2019 16:37:00.000,84.108,84.198,84.088,84.197,0.0984
22.07.2019 16:38:00.000,84.198,84.198,84.147,84.167,0.2062
22.07.2019 16:39:00.000,84.168,84.168,84.098,84.098,0.0669
22.07.2019 16:40:00.000,84.097,84.108,84.067,84.077,0.0329
22.07.2019 16:41:00.000,84.078,84.108,84.057,84.058,0.0255
22.07.2019 16:42:00.000,84.057,84.058,83.988,83.988,0.0565
22.07.2019 16:43:00.000,83.988,84.038,83.947,84.038,0.1153
22.07.2019 16:44:00.000,84.037,84.108,84.037,84.068,0.1316
22.07.2019 16:45:00.000,84.077,84.118,84.068,84.078,0.0223
22.07.2019 16:46:00.000,84.077,84.078,84.057,84.058,0.0623
22.07.2019 16:47:00.000,84.057,84.108,84.057,84.057,0.1044
22.07.2019 16:48:00.000,84.058,84.068,84.018,84.058,0.1006
22.07.2019 16:49:00.000,84.068,84.088,84.067,84.088,0.025
22.07.2019 16:50:00.000,84.087,84.108,84.078,84.088,0.0363
22.07.2019 16:51:00.000,84.078,84.128,84.068,84.098,0.1314
22.07.2019 16:52:00.000,84.108,84.138,84.108,84.127,0.0627
22.07.2019 16:53:00.000,84.128,84.138,84.127,84.128,0.0267
22.07.2019 16:54:00.000,84.137,84.158,84.137,84.157,0.0311
22.07.2019 16:55:00.000,84.158,84.158,84.087,84.098,0.0902
22.07.2019 16:56:00.000,84.108,84.128,84.098,84.098,0.0465
22.07.2019 16:57:00.000,84.107,84.127,84.097,84.127,0.0417
22.07.2019 16:58:00.000,84.137,84.218,84.137,84.198,0.0638
22.07.2019 16:59:00.000,84.197,84.198,84.108,84.137,0.0579
22.07.2019 17:00:00.000,84.138,84.198,84.127,84.177,0.0678
22.07.2019 17:01:00.000,84.178,84.188,84.147,84.187,0.0847
22.07.2019 17:02:00.000,84.188,84.228,84.187,84.228,0.0407
22.07.2019 17:03:00.000,84.228,84.228,84.167,84.168,0.1019
22.07.2019 17:04:00.000,84.178,84.178,84.157,84.158,0.0191
22.07.2019 17:05:00.000,84.157,84.168,84.157,84.168,0.0119
22.07.2019 17:06:00.000,84.168,84.198,84.168,84.187,0.0995
22.07.2019 17:07:00.000,84.188,84.198,84.157,84.158,0.0971
22.07.2019 17:08:00.000,84.148,84.148,84.117,84.128,0.0603
22.07.2019 17:09:00.000,84.128,84.138,84.097,84.108,0.1184
22.07.2019 17:10:00.000,84.098,84.118,84.088,84.098,0.1543
22.07.2019 17:11:00.000,84.098,84.118,84.098,84.108,0.0427
22.07.2019 17:12:00.000,84.107,84.137,84.087,84.118,0.063
22.07.2019 17:13:00.000,84.127,84.127,84.087,84.118,0.0326
22.07.2019 17:14:00.000,84.108,84.148,84.107,84.148,0.0286
22.07.2019 17:15:00.000,84.147,84.158,84.088,84.108,0.1296
22.07.2019 17:16:00.000,84.108,84.118,84.097,84.107,0.1116
22.07.2019 17:17:00.000,84.108,84.128,84.107,84.117,0.0606
22.07.2019 17:18:00.000,84.117,84.128,84.108,84.108,0.0565
22.07.2019 17:19:00.000,84.107,84.128,84.107,84.118,0.0133
22.07.2019 17:20:00.000,84.117,84.118,84.087,84.088,0.082
22.07.2019 17:21:00.000,84.088,84.088,84.077,84.078,0.0303
22.07.2019 17:22:00.000,84.087,84.108,84.078,84.107,0.047
22.07.2019 17:23:00.000,84.117,84.118,84.077,84.108,0.0267
22.07.2019 17:24:00.000,84.107,84.138,84.107,84.128,0.0196
22.07.2019 17:25:00.000,84.127,84.178,84.107,84.178,0.0312
22.07.2019 17:26:00.000,84.177,84.188,84.177,84.178,0.0161
22.07.2019 17:27:00.000,84.178,84.188,84.137,84.168,0.0203
22.07.2019 17:28:00.000,84.167,84.167,84.127,84.148,0.0755
22.07.2019 17:29:00.000,84.157,84.218,84.147,84.217,0.062
22.07.2019 17:30:00.000,84.218,84.228,84.207,84.207,0.0103
22.07.2019 17:31:00.000,84.208,84.217,84.197,84.208,0.0392
22.07.2019 17:32:00.000,84.207,84.248,84.207,84.228,0.0224
22.07.2019 17:33:00.000,84.218,84.238,84.187,84.218,0.0088
22.07.2019 17:34:00.000,84.198,84.208,84.178,84.178,0.0292
22.07.2019 17:35:00.000,84.177,84.188,84.177,84.188,0.1245
22.07.2019 17:36:00.000,84.188,84.198,84.167,84.178,0.1249
22.07.2019 17:37:00.000,84.177,84.178,84.157,84.168,0.1099
22.07.2019 17:38:00.000,84.168,84.218,84.167,84.217,0.036
22.07.2019 17:39:00.000,84.228,84.238,84.207,84.217,0.0933
22.07.2019 17:40:00.000,84.217,84.248,84.217,84.217,0.0248
22.07.2019 17:41:00.000,84.218,84.228,84.188,84.197,0.0653
22.07.2019 17:42:00.000,84.207,84.218,84.177,84.188,0.11
22.07.2019 17:43:00.000,84.188,84.228,84.177,84.207,0.0755
22.07.2019 17:44:00.000,84.208,84.288,84.208,84.268,0.0836
22.07.2019 17:45:00.000,84.278,84.288,84.228,84.258,0.0374
22.07.2019 17:46:00.000,84.257,84.268,84.257,84.258,0.0437
22.07.2019 17:47:00.000,84.268,84.278,84.237,84.238,0.0776
22.07.2019 17:48:00.000,84.237,84.268,84.228,84.267,0.0534
22.07.2019 17:49:00.000,84.267,84.278,84.247,84.248,0.0233
22.07.2019 17:50:00.000,84.248,84.258,84.217,84.238,0.0592
22.07.2019 17:51:00.000,84.238,84.267,84.227,84.228,0.025
22.07.2019 17:52:00.000,84.237,84.258,84.208,84.238,0.0295
22.07.2019 17:53:00.000,84.238,84.268,84.227,84.268,0.0841
22.07.2019 17:54:00.000,84.267,84.268,84.247,84.257,0.0056
22.07.2019 17:55:00.000,84.258,84.308,84.257,84.278,0.1044
22.07.2019 17:56:00.000,84.287,84.298,84.267,84.297,0.0478
22.07.2019 17:57:00.000,84.298,84.338,84.297,84.297,0.0707
22.07.2019 17:58:00.000,84.308,84.308,84.267,84.268,0.0233
22.07.2019 17:59:00.000,84.267,84.268,84.257,84.258,0.026
22.07.2019 18:00:00.000,84.257,84.258,84.227,84.228,0.0267
22.07.2019 18:01:00.000,84.237,84.258,84.237,84.257,0.0322
22.07.2019 18:02:00.000,84.248,84.248,84.227,84.247,0.0471
22.07.2019 18:03:00.000,84.248,84.268,84.247,84.248,0.0047
22.07.2019 18:04:00.000,84.258,84.268,84.257,84.258,0.067
22.07.2019 18:05:00.000,84.257,84.308,84.237,84.298,0.0565
22.07.2019 18:06:00.000,84.297,84.298,84.257,84.278,0.0249
22.07.2019 18:07:00.000,84.277,84.278,84.267,84.268,0.0265
22.07.2019 18:08:00.000,84.277,84.278,84.247,84.248,0.0047
22.07.2019 18:09:00.000,84.247,84.248,84.197,84.198,0.0309
22.07.2019 18:10:00.000,84.207,84.248,84.207,84.218,0.0233
22.07.2019 18:11:00.000,84.228,84.228,84.198,84.228,0.0511
22.07.2019 18:12:00.000,84.218,84.248,84.217,84.238,0.0578
22.07.2019 18:13:00.000,84.248,84.248,84.198,84.198,0.0582
22.07.2019 18:14:00.000,84.207,84.218,84.207,84.208,0.0426
22.07.2019 18:15:00.000,84.218,84.218,84.188,84.188,0.03
22.07.2019 18:16:00.000,84.197,84.218,84.178,84.178,0.0583
22.07.2019 18:17:00.000,84.177,84.188,84.177,84.178,0.039
22.07.2019 18:18:00.000,84.177,84.188,84.157,84.188,0.0463
22.07.2019 18:19:00.000,84.197,84.218,84.177,84.177,0.1025
22.07.2019 18:20:00.000,84.178,84.188,84.167,84.168,0.099
22.07.2019 18:21:00.000,84.167,84.198,84.167,84.178,0.0448
22.07.2019 18:22:00.000,84.188,84.198,84.177,84.198,0.08
22.07.2019 18:23:00.000,84.197,84.208,84.177,84.177,0.0037
22.07.2019 18:24:00.000,84.178,84.188,84.177,84.178,0.0107
22.07.2019 18:25:00.000,84.177,84.188,84.137,84.148,0.0593
22.07.2019 18:26:00.000,84.157,84.187,84.137,84.148,0.1087
22.07.2019 18:27:00.000,84.158,84.168,84.117,84.117,0.0772
22.07.2019 18:28:00.000,84.117,84.138,84.098,84.107,0.0687
22.07.2019 18:29:00.000,84.108,84.108,84.067,84.088,0.0433
22.07.2019 18:30:00.000,84.088,84.088,84.057,84.078,0.0258
22.07.2019 18:31:00.000,84.087,84.088,84.047,84.048,0.0498
22.07.2019 18:32:00.000,84.048,84.048,84.028,84.028,0.0593
22.07.2019 18:33:00.000,84.028,84.078,84.027,84.078,0.079
22.07.2019 18:34:00.000,84.078,84.098,84.058,84.068,0.051
22.07.2019 18:35:00.000,84.068,84.087,84.047,84.087,0.0812
22.07.2019 18:36:00.000,84.088,84.128,84.067,84.077,0.0847
22.07.2019 18:37:00.000,84.078,84.087,84.027,84.028,0.0411
22.07.2019 18:38:00.000,84.038,84.117,84.027,84.098,0.1079
22.07.2019 18:39:00.000,84.097,84.158,84.097,84.158,0.0331
22.07.2019 18:40:00.000,84.167,84.178,84.097,84.098,0.0302
22.07.2019 18:41:00.000,84.098,84.118,84.088,84.098,0.0935
22.07.2019 18:42:00.000,84.098,84.098,84.077,84.078,0.0183
22.07.2019 18:43:00.000,84.077,84.098,84.077,84.088,0.0072
22.07.2019 18:44:00.000,84.087,84.098,84.047,84.048,0.0745
22.07.2019 18:45:00.000,84.057,84.078,84.057,84.058,0.0611
22.07.2019 18:46:00.000,84.078,84.088,84.077,84.077,0.0088
22.07.2019 18:47:00.000,84.078,84.088,84.067,84.068,0.0019
22.07.2019 18:48:00.000,84.067,84.098,84.067,84.088,0.0861
22.07.2019 18:49:00.000,84.097,84.098,84.067,84.087,0.0898
22.07.2019 18:50:00.000,84.088,84.097,84.087,84.088,0.0156
22.07.2019 18:51:00.000,84.098,84.098,84.057,84.067,0.0409
22.07.2019 18:52:00.000,84.068,84.077,84.057,84.067,0.017
22.07.2019 18:53:00.000,84.068,84.078,84.048,84.058,0.0116
22.07.2019 18:54:00.000,84.077,84.128,84.077,84.098,0.0298
22.07.2019 18:55:00.000,84.107,84.158,84.107,84.158,0.018
22.07.2019 18:56:00.000,84.157,84.158,84.108,84.128,0.0369
22.07.2019 18:57:00.000,84.138,84.148,84.118,84.138,0.0013
22.07.2019 18:58:00.000,84.157,84.158,84.118,84.128,0.0267
22.07.2019 18:59:00.000,84.128,84.158,84.128,84.147,0.0556
22.07.2019 19:00:00.000,84.147,84.178,84.147,84.178,0.0132
22.07.2019 19:01:00.000,84.188,84.218,84.178,84.178,0.0427
22.07.2019 19:02:00.000,84.177,84.228,84.177,84.218,0.0427
22.07.2019 19:03:00.000,84.207,84.278,84.207,84.278,0.1537
22.07.2019 19:04:00.000,84.268,84.268,84.178,84.178,0.0674
22.07.2019 19:05:00.000,84.187,84.198,84.148,84.178,0.0722
22.07.2019 19:06:00.000,84.177,84.198,84.167,84.178,0.0644
22.07.2019 19:07:00.000,84.177,84.177,84.117,84.128,0.0366
22.07.2019 19:08:00.000,84.128,84.148,84.118,84.138,0.0293
22.07.2019 19:09:00.000,84.137,84.168,84.128,84.128,0.0244
22.07.2019 19:10:00.000,84.127,84.138,84.117,84.128,0.0097
22.07.2019 19:11:00.000,84.127,84.148,84.127,84.137,0.0452
22.07.2019 19:12:00.000,84.138,84.138,84.127,84.138,0.0363
22.07.2019 19:13:00.000,84.137,84.248,84.128,84.228,0.0936
22.07.2019 19:14:00.000,84.227,84.228,84.217,84.227,0.0089
22.07.2019 19:15:00.000,84.227,84.278,84.217,84.278,0.0659
22.07.2019 19:16:00.000,84.277,84.358,84.268,84.357,0.0516
22.07.2019 19:17:00.000,84.358,84.398,84.357,84.367,0.0245
22.07.2019 19:18:00.000,84.368,84.387,84.317,84.348,0.0519
22.07.2019 19:19:00.000,84.348,84.408,84.347,84.408,0.014
22.07.2019 19:20:00.000,84.398,84.438,84.397,84.428,0.0063
22.07.2019 19:21:00.000,84.408,84.458,84.378,84.378,0.0639
22.07.2019 19:22:00.000,84.378,84.398,84.287,84.287,0.0417
22.07.2019 19:23:00.000,84.287,84.367,84.287,84.367,0.0519
22.07.2019 19:24:00.000,84.368,84.378,84.317,84.367,0.0355
22.07.2019 19:25:00.000,84.367,84.428,84.367,84.428,0.1383
22.07.2019 19:26:00.000,84.418,84.428,84.388,84.428,0.0137
22.07.2019 19:27:00.000,84.427,84.438,84.408,84.418,0.04
22.07.2019 19:28:00.000,84.417,84.468,84.417,84.418,0.0416
22.07.2019 19:29:00.000,84.418,84.447,84.418,84.447,0.0241
22.07.2019 19:30:00.000,84.448,84.458,84.417,84.448,0.1023
22.07.2019 19:31:00.000,84.458,84.488,84.427,84.438,0.0515
22.07.2019 19:32:00.000,84.437,84.458,84.418,84.458,0.085
22.07.2019 19:33:00.000,84.458,84.498,84.437,84.498,0.0087
22.07.2019 19:34:00.000,84.508,84.558,84.478,84.528,0.0765
22.07.2019 19:35:00.000,84.518,84.558,84.517,84.518,0.0471
22.07.2019 19:36:00.000,84.517,84.518,84.477,84.488,0.0985
22.07.2019 19:37:00.000,84.487,84.488,84.398,84.398,0.1287
22.07.2019 19:38:00.000,84.388,84.388,84.348,84.368,0.1264
22.07.2019 19:39:00.000,84.368,84.378,84.298,84.308,0.1115
22.07.2019 19:40:00.000,84.307,84.338,84.288,84.288,0.053
22.07.2019 19:41:00.000,84.298,84.317,84.287,84.298,0.0285
22.07.2019 19:42:00.000,84.297,84.338,84.287,84.298,0.1691
22.07.2019 19:43:00.000,84.297,84.338,84.297,84.307,0.0668
22.07.2019 19:44:00.000,84.318,84.328,84.307,84.328,0.0443
22.07.2019 19:45:00.000,84.338,84.348,84.248,84.248,0.0603
22.07.2019 19:46:00.000,84.237,84.278,84.227,84.268,0.1123
22.07.2019 19:47:00.000,84.277,84.378,84.277,84.338,0.0641
22.07.2019 19:48:00.000,84.347,84.398,84.347,84.378,0.0293
22.07.2019 19:49:00.000,84.357,84.378,84.288,84.298,0.0405
22.07.2019 19:50:00.000,84.288,84.298,84.227,84.227,0.1939
22.07.2019 19:51:00.000,84.228,84.298,84.218,84.248,0.0412
22.07.2019 19:52:00.000,84.248,84.298,84.227,84.228,0.0817
22.07.2019 19:53:00.000,84.228,84.298,84.227,84.297,0.1876
22.07.2019 19:54:00.000,84.297,84.338,84.297,84.308,0.2671
22.07.2019 19:55:00.000,84.307,84.308,84.267,84.298,0.1764
22.07.2019 19:56:00.000,84.297,84.298,84.248,84.258,0.0586
22.07.2019 19:57:00.000,84.257,84.338,84.257,84.338,0.2038
22.07.2019 19:58:00.000,84.337,84.378,84.337,84.368,0.268
22.07.2019 19:59:00.000,84.377,84.418,84.297,84.337,0.2258
23.07.2019 13:30:00.000,84.018,84.428,84.017,84.417,0.0023
23.07.2019 13:31:00.000,84.417,84.437,84.417,84.437,0.0001
23.07.2019 13:32:00.000,84.437,84.437,84.257,84.257,0.038
23.07.2019 13:33:00.000,84.258,84.346,84.228,84.238,0.064
23.07.2019 13:34:00.000,84.238,84.238,84.057,84.157,0.1049
23.07.2019 13:35:00.000,84.158,84.298,84.057,84.068,0.1073
23.07.2019 13:36:00.000,84.108,84.190,84.057,84.057,0.0916
23.07.2019 13:37:00.000,84.058,84.188,84.038,84.187,0.1444
23.07.2019 13:38:00.000,84.188,84.276,84.127,84.207,0.166
23.07.2019 13:39:00.000,84.207,84.378,84.198,84.377,0.044
23.07.2019 13:40:00.000,84.388,84.527,84.378,84.527,0.0983
23.07.2019 13:41:00.000,84.527,84.818,84.527,84.818,0.0877
23.07.2019 13:42:00.000,84.827,84.858,84.788,84.827,0.2492
23.07.2019 13:43:00.000,84.827,84.948,84.827,84.907,0.1304
23.07.2019 13:44:00.000,84.907,84.928,84.788,84.807,0.1544
23.07.2019 13:45:00.000,84.807,84.808,84.708,84.747,0.1648
23.07.2019 13:46:00.000,84.748,84.748,84.558,84.608,0.1159
23.07.2019 13:47:00.000,84.608,84.748,84.598,84.747,0.1076
23.07.2019 13:48:00.000,84.758,84.768,84.658,84.718,0.0659
23.07.2019 13:49:00.000,84.718,84.767,84.587,84.748,0.1314
23.07.2019 13:50:00.000,84.738,84.788,84.718,84.757,0.1402
23.07.2019 13:51:00.000,84.787,84.788,84.717,84.738,0.1363
23.07.2019 13:52:00.000,84.737,84.737,84.528,84.608,0.1534
23.07.2019 13:53:00.000,84.597,84.597,84.478,84.487,0.0401
23.07.2019 13:54:00.000,84.478,84.478,84.397,84.398,0.0724
23.07.2019 13:55:00.000,84.398,84.407,84.267,84.267,0.0949
23.07.2019 13:56:00.000,84.267,84.378,84.208,84.378,0.0271
23.07.2019 13:57:00.000,84.378,84.448,84.378,84.448,0.1785
23.07.2019 13:58:00.000,84.448,84.478,84.417,84.458,0.0246
23.07.2019 13:59:00.000,84.457,84.498,84.457,84.498,0.0629
23.07.2019 14:00:00.000,84.497,84.498,84.277,84.368,0.0416
23.07.2019 14:01:00.000,84.368,84.378,84.277,84.367,0.093
23.07.2019 14:02:00.000,84.358,84.488,84.337,84.338,0.0251
23.07.2019 14:03:00.000,84.377,84.407,84.308,84.317,0.0038
23.07.2019 14:04:00.000,84.318,84.358,84.297,84.298,0.0029
23.07.2019 14:05:00.000,84.307,84.348,84.248,84.347,0.1335
23.07.2019 14:06:00.000,84.348,84.437,84.318,84.418,0.0806
23.07.2019 14:07:00.000,84.417,84.418,84.367,84.388,0.0418
23.07.2019 14:08:00.000,84.378,84.528,84.378,84.468,0.1018
23.07.2019 14:09:00.000,84.477,84.478,84.368,84.378,0.0438
23.07.2019 14:10:00.000,84.377,84.488,84.367,84.467,0.0099
23.07.2019 14:11:00.000,84.468,84.468,84.407,84.428,0.0076
23.07.2019 14:12:00.000,84.428,84.497,84.387,84.388,0.0779
23.07.2019 14:13:00.000,84.387,84.408,84.357,84.377,0.015
23.07.2019 14:14:00.000,84.378,84.418,84.357,84.357,0.0265
23.07.2019 14:15:00.000,84.358,84.398,84.338,84.357,0.0576
23.07.2019 14:16:00.000,84.358,84.387,84.337,84.338,0.0555
23.07.2019 14:17:00.000,84.338,84.358,84.287,84.308,0.0281
23.07.2019 14:18:00.000,84.297,84.358,84.297,84.358,0.0985
23.07.2019 14:19:00.000,84.357,84.418,84.327,84.388,0.0691
23.07.2019 14:20:00.000,84.398,84.418,84.397,84.408,0.0208
23.07.2019 14:21:00.000,84.417,84.418,84.357,84.357,0.0408
23.07.2019 14:22:00.000,84.358,84.378,84.337,84.358,0.0118
23.07.2019 14:23:00.000,84.338,84.398,84.338,84.368,0.0338
23.07.2019 14:24:00.000,84.368,84.428,84.357,84.398,0.0904
23.07.2019 14:25:00.000,84.398,84.477,84.398,84.458,0.0318
23.07.2019 14:26:00.000,84.457,84.458,84.417,84.428,0.0049
23.07.2019 14:27:00.000,84.447,84.488,84.428,84.478,0.0419
23.07.2019 14:28:00.000,84.478,84.507,84.477,84.487,0.0981
23.07.2019 14:29:00.000,84.488,84.548,84.487,84.548,0.0904
23.07.2019 14:30:00.000,84.557,84.617,84.537,84.608,0.1807
23.07.2019 14:31:00.000,84.608,84.688,84.608,84.688,0.0711
23.07.2019 14:32:00.000,84.687,84.758,84.667,84.717,0.1978
23.07.2019 14:33:00.000,84.718,84.728,84.677,84.698,0.257
23.07.2019 14:34:00.000,84.707,84.768,84.627,84.738,0.2029
23.07.2019 14:35:00.000,84.738,84.798,84.667,84.758,0.126
23.07.2019 14:36:00.000,84.757,84.788,84.748,84.757,0.0452
23.07.2019 14:37:00.000,84.768,84.768,84.667,84.668,0.0939
23.07.2019 14:38:00.000,84.667,84.708,84.647,84.698,0.013
23.07.2019 14:39:00.000,84.708,84.718,84.668,84.698,0.0351
23.07.2019 14:40:00.000,84.697,84.738,84.677,84.708,0.0212
23.07.2019 14:41:00.000,84.728,84.748,84.708,84.748,0.0049
23.07.2019 14:42:00.000,84.747,84.758,84.727,84.757,0.0358
23.07.2019 14:43:00.000,84.758,84.758,84.687,84.747,0.0327
23.07.2019 14:44:00.000,84.757,84.758,84.688,84.747,0.043
23.07.2019 14:45:00.000,84.747,84.768,84.727,84.768,0.0106
23.07.2019 14:46:00.000,84.767,84.838,84.767,84.838,0.0101
23.07.2019 14:47:00.000,84.837,84.888,84.807,84.887,0.0437
23.07.2019 14:48:00.000,84.888,84.918,84.878,84.898,0.073
23.07.2019 14:49:00.000,84.897,84.958,84.887,84.887,0.0445
23.07.2019 14:50:00.000,84.877,84.888,84.848,84.858,0.016
23.07.2019 14:51:00.000,84.877,84.878,84.777,84.788,0.0716
23.07.2019 14:52:00.000,84.787,84.798,84.777,84.778,0.0573
23.07.2019 14:53:00.000,84.788,84.788,84.788,84.788,0.0001
23.07.2019 14:54:00.000,84.788,84.818,84.788,84.797,0.0245
23.07.2019 14:55:00.000,84.798,84.848,84.797,84.828,0.0808
23.07.2019 14:56:00.000,84.827,84.838,84.798,84.818,0.0812
23.07.2019 14:57:00.000,84.808,84.808,84.738,84.758,0.0186
23.07.2019 14:58:00.000,84.758,84.797,84.757,84.797,0.0356
23.07.2019 14:59:00.000,84.797,84.808,84.777,84.788,0.0789
23.07.2019 15:00:00.000,84.787,84.818,84.737,84.758,0.0322
23.07.2019 15:01:00.000,84.757,84.757,84.677,84.687,0.0126
23.07.2019 15:02:00.000,84.688,84.698,84.598,84.648,0.0778
23.07.2019 15:03:00.000,84.647,84.648,84.607,84.608,0.0229
23.07.2019 15:04:00.000,84.608,84.608,84.477,84.507,0.0802
23.07.2019 15:05:00.000,84.508,84.538,84.488,84.537,0.0318
23.07.2019 15:06:00.000,84.537,84.558,84.507,84.558,0.009
23.07.2019 15:07:00.000,84.558,84.578,84.507,84.558,0.0353
23.07.2019 15:08:00.000,84.557,84.638,84.557,84.637,0.0436
23.07.2019 15:09:00.000,84.638,84.657,84.587,84.607,0.112
23.07.2019 15:10:00.000,84.608,84.608,84.538,84.547,0.0806
23.07.2019 15:11:00.000,84.547,84.638,84.547,84.638,0.0816
23.07.2019 15:12:00.000,84.637,84.668,84.607,84.668,0.0646
23.07.2019 15:13:00.000,84.667,84.668,84.637,84.637,0.0041
23.07.2019 15:14:00.000,84.638,84.678,84.637,84.678,0.0049
23.07.2019 15:15:00.000,84.688,84.698,84.677,84.688,0.0101
23.07.2019 15:16:00.000,84.678,84.748,84.677,84.738,0.0735
23.07.2019 15:17:00.000,84.737,84.918,84.677,84.898,0.1212
23.07.2019 15:18:00.000,84.917,84.928,84.767,84.788,0.141
23.07.2019 15:19:00.000,84.797,84.808,84.787,84.808,0.1019
23.07.2019 15:20:00.000,84.807,84.868,84.807,84.848,0.0651
23.07.2019 15:21:00.000,84.847,84.868,84.807,84.817,0.0315
23.07.2019 15:22:00.000,84.818,84.878,84.817,84.878,0.0911
23.07.2019 15:23:00.000,84.888,84.948,84.878,84.928,0.044
23.07.2019 15:24:00.000,84.938,84.978,84.938,84.958,0.0362
23.07.2019 15:25:00.000,84.958,84.958,84.847,84.908,0.071
23.07.2019 15:26:00.000,84.908,84.908,84.847,84.868,0.0569
23.07.2019 15:27:00.000,84.878,84.878,84.867,84.878,0.0567
23.07.2019 15:28:00.000,84.877,84.928,84.838,84.918,0.0922
23.07.2019 15:29:00.000,84.918,84.937,84.827,84.878,0.07
23.07.2019 15:30:00.000,84.877,84.928,84.868,84.897,0.0808
23.07.2019 15:31:00.000,84.898,84.908,84.897,84.908,0.0194
23.07.2019 15:32:00.000,84.907,84.938,84.848,84.938,0.0931
23.07.2019 15:33:00.000,84.938,84.958,84.917,84.918,0.0984
23.07.2019 15:34:00.000,84.938,84.968,84.937,84.967,0.101
23.07.2019 15:35:00.000,84.968,84.998,84.927,84.988,0.1151
23.07.2019 15:36:00.000,84.987,85.008,84.957,84.998,0.0217
23.07.2019 15:37:00.000,84.997,85.038,84.957,85.028,0.067
23.07.2019 15:38:00.000,85.028,85.067,85.027,85.058,0.0477
23.07.2019 15:39:00.000,85.057,85.098,85.027,85.078,0.1188
23.07.2019 15:40:00.000,85.078,85.088,85.028,85.038,0.0417
23.07.2019 15:41:00.000,85.038,85.048,85.027,85.048,0.1115
23.07.2019 15:42:00.000,85.047,85.047,84.998,85.018,0.1096
23.07.2019 15:43:00.000,85.008,85.028,84.988,85.028,0.0844
23.07.2019 15:44:00.000,85.028,85.058,85.008,85.028,0.108
23.07.2019 15:45:00.000,85.028,85.068,85.008,85.068,0.0745
23.07.2019 15:46:00.000,85.067,85.067,85.027,85.028,0.0663
23.07.2019 15:47:00.000,85.048,85.068,85.018,85.028,0.0729
23.07.2019 15:48:00.000,85.037,85.088,85.037,85.048,0.0553
23.07.2019 15:49:00.000,85.047,85.088,85.028,85.088,0.004
23.07.2019 15:50:00.000,85.088,85.098,85.067,85.088,0.0088
23.07.2019 15:51:00.000,85.068,85.078,84.988,85.048,0.0563
23.07.2019 15:52:00.000,85.047,85.128,85.047,85.127,0.0319
23.07.2019 15:53:00.000,85.127,85.127,85.098,85.107,0.0027
23.07.2019 15:54:00.000,85.108,85.128,85.098,85.098,0.0322
23.07.2019 15:55:00.000,85.097,85.108,85.087,85.098,0.0392
23.07.2019 15:56:00.000,85.098,85.098,85.048,85.048,0.0096
23.07.2019 15:57:00.000,85.068,85.098,85.017,85.018,0.031
23.07.2019 15:58:00.000,85.018,85.107,84.968,85.107,0.0939
23.07.2019 15:59:00.000,85.108,85.138,85.007,85.008,0.1338
23.07.2019 16:00:00.000,85.007,85.028,84.958,84.968,0.0446
23.07.2019 16:01:00.000,84.978,85.048,84.957,85.048,0.0603
23.07.2019 16:02:00.000,85.047,85.128,85.047,85.128,0.0339
23.07.2019 16:03:00.000,85.128,85.188,85.098,85.157,0.0836
23.07.2019 16:04:00.000,85.167,85.188,85.148,85.178,0.0223
23.07.2019 16:05:00.000,85.178,85.178,85.148,85.158,0.0438
23.07.2019 16:06:00.000,85.168,85.178,85.128,85.177,0.0498
23.07.2019 16:07:00.000,85.187,85.218,85.148,85.177,0.0989
23.07.2019 16:08:00.000,85.177,85.178,85.127,85.127,0.0423
23.07.2019 16:09:00.000,85.128,85.128,85.087,85.088,0.0058
23.07.2019 16:10:00.000,85.088,85.098,85.018,85.027,0.0811
23.07.2019 16:11:00.000,85.028,85.028,84.988,85.007,0.0095
23.07.2019 16:12:00.000,85.017,85.018,84.987,84.988,0.0288
23.07.2019 16:13:00.000,84.998,85.028,84.958,85.008,0.0894
23.07.2019 16:14:00.000,85.007,85.038,85.007,85.038,0.0461
23.07.2019 16:15:00.000,85.038,85.088,85.028,85.048,0.0887
23.07.2019 16:16:00.000,85.047,85.118,85.007,85.057,0.0257
23.07.2019 16:17:00.000,85.057,85.078,85.027,85.078,0.0093
23.07.2019 16:18:00.000,85.077,85.077,85.008,85.008,0.0392
23.07.2019 16:19:00.000,85.007,85.048,85.007,85.008,0.0057
23.07.2019 16:20:00.000,85.028,85.043,85.018,85.038,0.0523
23.07.2019 16:21:00.000,85.037,85.037,84.948,84.948,0.0387
23.07.2019 16:22:00.000,84.967,84.968,84.848,84.858,0.0457
23.07.2019 16:23:00.000,84.847,84.908,84.827,84.827,0.078
23.07.2019 16:24:00.000,84.847,84.847,84.807,84.827,0.0262
23.07.2019 16:25:00.000,84.827,84.828,84.768,84.778,0.0273
23.07.2019 16:26:00.000,84.777,84.778,84.767,84.768,0.0204
23.07.2019 16:27:00.000,84.777,84.788,84.738,84.758,0.0643
23.07.2019 16:28:00.000,84.768,84.828,84.768,84.828,0.1255
23.07.2019 16:29:00.000,84.848,85.088,84.848,85.087,0.1487
23.07.2019 16:30:00.000,85.087,85.128,84.998,85.057,0.1874
23.07.2019 16:31:00.000,85.076,85.076,85.037,85.038,0.0526
23.07.2019 16:32:00.000,85.018,85.088,85.018,85.088,0.0119
23.07.2019 16:33:00.000,85.078,85.078,85.027,85.028,0.02
23.07.2019 16:34:00.000,85.037,85.048,85.017,85.038,0.0395
23.07.2019 16:35:00.000,85.038,85.048,85.027,85.037,0.1039
23.07.2019 16:36:00.000,85.038,85.038,84.998,84.998,0.0477
23.07.2019 16:37:00.000,85.017,85.018,84.967,84.967,0.0268
23.07.2019 16:38:00.000,84.968,84.998,84.938,84.998,0.0707
23.07.2019 16:39:00.000,85.008,85.067,84.967,84.988,0.0594
23.07.2019 16:40:00.000,84.987,84.998,84.967,84.978,0.034
23.07.2019 16:41:00.000,84.987,84.988,84.978,84.978,0.0018
23.07.2019 16:42:00.000,84.987,84.988,84.967,84.967,0.0755
23.07.2019 16:43:00.000,84.978,84.988,84.947,84.947,0.0465
23.07.2019 16:44:00.000,84.948,84.948,84.847,84.868,0.0747
23.07.2019 16:45:00.000,84.867,84.878,84.818,84.818,0.0885
23.07.2019 16:46:00.000,84.828,84.918,84.817,84.917,0.0171
23.07.2019 16:47:00.000,84.918,84.938,84.918,84.928,0.0025
23.07.2019 16:48:00.000,84.927,84.937,84.898,84.898,0.0251
23.07.2019 16:49:00.000,84.918,84.938,84.878,84.878,0.0266
23.07.2019 16:50:00.000,84.877,84.938,84.877,84.898,0.0433
23.07.2019 16:51:00.000,84.898,84.898,84.828,84.848,0.0176
23.07.2019 16:52:00.000,84.847,84.857,84.827,84.828,0.0462
23.07.2019 16:53:00.000,84.827,84.858,84.827,84.847,0.0087
23.07.2019 16:54:00.000,84.847,84.858,84.828,84.858,0.0517
23.07.2019 16:55:00.000,84.858,84.868,84.857,84.857,0.0101
23.07.2019 16:56:00.000,84.858,84.858,84.827,84.837,0.0981
23.07.2019 16:57:00.000,84.838,84.908,84.837,84.837,0.0307
23.07.2019 16:58:00.000,84.837,84.838,84.797,84.808,0.0213
23.07.2019 16:59:00.000,84.828,84.908,84.818,84.888,0.1075
23.07.2019 17:00:00.000,84.887,84.888,84.847,84.888,0.1029
23.07.2019 17:01:00.000,84.888,84.888,84.858,84.877,0.0472
23.07.2019 17:02:00.000,84.877,84.928,84.877,84.928,0.0477
23.07.2019 17:03:00.000,84.927,84.958,84.907,84.908,0.0701
23.07.2019 17:04:00.000,84.918,84.928,84.898,84.908,0.0419
23.07.2019 17:05:00.000,84.907,84.968,84.907,84.968,0.0495
23.07.2019 17:06:00.000,84.968,84.968,84.927,84.948,0.0351
23.07.2019 17:07:00.000,84.947,84.948,84.927,84.928,0.0253
23.07.2019 17:08:00.000,84.927,84.938,84.907,84.908,0.0052
23.07.2019 17:09:00.000,84.908,84.908,84.837,84.838,0.0955
23.07.2019 17:10:00.000,84.848,84.928,84.827,84.928,0.1307
23.07.2019 17:11:00.000,84.927,84.948,84.858,84.868,0.0795
23.07.2019 17:12:00.000,84.867,84.868,84.808,84.818,0.004
23.07.2019 17:13:00.000,84.817,84.818,84.767,84.788,0.0339
23.07.2019 17:14:00.000,84.798,84.798,84.777,84.788,0.0231
23.07.2019 17:15:00.000,84.787,84.818,84.767,84.778,0.0716
23.07.2019 17:16:00.000,84.778,84.808,84.778,84.788,0.0114
23.07.2019 17:17:00.000,84.787,84.858,84.787,84.788,0.0415
23.07.2019 17:18:00.000,84.787,84.818,84.778,84.818,0.0353
23.07.2019 17:19:00.000,84.817,84.838,84.788,84.837,0.082
23.07.2019 17:20:00.000,84.838,84.838,84.818,84.818,0.0313
23.07.2019 17:21:00.000,84.838,84.878,84.837,84.878,0.0625
23.07.2019 17:22:00.000,84.878,84.878,84.808,84.808,0.0397
23.07.2019 17:23:00.000,84.818,84.848,84.817,84.837,0.0065
23.07.2019 17:24:00.000,84.838,84.898,84.838,84.898,0.0875
23.07.2019 17:25:00.000,84.908,84.918,84.857,84.858,0.0411
23.07.2019 17:26:00.000,84.858,84.878,84.837,84.848,0.1045
23.07.2019 17:27:00.000,84.868,84.888,84.867,84.878,0.0532
23.07.2019 17:28:00.000,84.878,84.918,84.878,84.908,0.0794
23.07.2019 17:29:00.000,84.907,84.918,84.878,84.888,0.025
23.07.2019 17:30:00.000,84.907,84.938,84.907,84.938,0.0107
23.07.2019 17:31:00.000,84.938,84.958,84.927,84.937,0.0257
23.07.2019 17:32:00.000,84.937,84.937,84.907,84.918,0.0227
23.07.2019 17:33:00.000,84.908,84.908,84.907,84.908,0.0019
23.07.2019 17:34:00.000,84.907,84.908,84.868,84.888,0.0368
23.07.2019 17:35:00.000,84.897,84.928,84.867,84.898,0.0999
23.07.2019 17:36:00.000,84.898,84.908,84.888,84.898,0.0014
23.07.2019 17:37:00.000,84.918,84.928,84.877,84.877,0.0118
23.07.2019 17:38:00.000,84.888,84.908,84.847,84.848,0.0224
23.07.2019 17:39:00.000,84.847,84.888,84.847,84.888,0.0254
23.07.2019 17:40:00.000,84.887,84.898,84.887,84.897,0.0142
23.07.2019 17:41:00.000,84.898,84.898,84.837,84.877,0.0379
23.07.2019 17:42:00.000,84.878,84.928,84.868,84.907,0.0931
23.07.2019 17:43:00.000,84.908,85.057,84.908,85.038,0.0749
23.07.2019 17:44:00.000,85.037,85.088,85.017,85.018,0.04
23.07.2019 17:45:00.000,85.017,85.048,85.007,85.038,0.0253
23.07.2019 17:46:00.000,85.037,85.048,85.017,85.028,0.0055
23.07.2019 17:47:00.000,85.027,85.038,84.998,85.018,0.0415
23.07.2019 17:48:00.000,85.017,85.048,85.017,85.028,0.0126
23.07.2019 17:49:00.000,85.028,85.048,85.017,85.048,0.0604
23.07.2019 17:50:00.000,85.047,85.078,85.047,85.058,0.0301
23.07.2019 17:51:00.000,85.067,85.118,85.067,85.107,0.086
23.07.2019 17:52:00.000,85.108,85.128,85.058,85.088,0.0814
23.07.2019 17:53:00.000,85.097,85.118,85.067,85.118,0.0545
23.07.2019 17:54:00.000,85.118,85.118,85.058,85.108,0.004
23.07.2019 17:55:00.000,85.108,85.168,85.097,85.168,0.0563
23.07.2019 17:56:00.000,85.168,85.218,85.168,85.218,0.0423
23.07.2019 17:57:00.000,85.217,85.248,85.188,85.188,0.1169
23.07.2019 17:58:00.000,85.188,85.198,85.157,85.168,0.011
23.07.2019 17:59:00.000,85.168,85.228,85.167,85.228,0.07
23.07.2019 18:00:00.000,85.227,85.238,85.227,85.227,0.001
23.07.2019 18:01:00.000,85.228,85.248,85.207,85.207,0.068
23.07.2019 18:02:00.000,85.228,85.238,85.208,85.228,0.0726
23.07.2019 18:03:00.000,85.227,85.238,85.188,85.238,0.0092
23.07.2019 18:04:00.000,85.238,85.248,85.207,85.208,0.0786
23.07.2019 18:05:00.000,85.207,85.228,85.187,85.187,0.1051
23.07.2019 18:06:00.000,85.198,85.248,85.158,85.247,0.006
23.07.2019 18:07:00.000,85.248,85.248,85.167,85.187,0.0425
23.07.2019 18:08:00.000,85.198,85.218,85.147,85.147,0.0765
23.07.2019 18:09:00.000,85.148,85.148,85.027,85.028,0.0514
23.07.2019 18:10:00.000,85.057,85.148,85.037,85.138,0.0513
23.07.2019 18:11:00.000,85.137,85.158,85.127,85.138,0.0554
23.07.2019 18:12:00.000,85.137,85.158,85.117,85.117,0.0349
23.07.2019 18:13:00.000,85.118,85.127,85.077,85.118,0.1322
23.07.2019 18:14:00.000,85.117,85.128,85.078,85.088,0.0645
23.07.2019 18:15:00.000,85.097,85.147,85.097,85.128,0.0319
23.07.2019 18:16:00.000,85.127,85.148,85.057,85.068,0.1311
23.07.2019 18:17:00.000,85.068,85.078,85.047,85.058,0.057
23.07.2019 18:18:00.000,85.068,85.068,84.928,84.957,0.0858
23.07.2019 18:19:00.000,84.968,85.138,84.947,85.138,0.0703
23.07.2019 18:20:00.000,85.147,85.188,85.087,85.108,0.0973
23.07.2019 18:21:00.000,85.108,85.118,85.037,85.037,0.0323
23.07.2019 18:22:00.000,85.038,85.058,84.948,84.948,0.0616
23.07.2019 18:23:00.000,84.948,84.988,84.947,84.968,0.0538
23.07.2019 18:24:00.000,84.968,84.968,84.847,84.848,0.0555
23.07.2019 18:25:00.000,84.857,84.868,84.808,84.837,0.0626
23.07.2019 18:26:00.000,84.848,84.848,84.758,84.768,0.0657
23.07.2019 18:27:00.000,84.767,84.768,84.747,84.758,0.0958
23.07.2019 18:28:00.000,84.758,84.778,84.717,84.718,0.0275
23.07.2019 18:29:00.000,84.718,84.718,84.648,84.657,0.0435
23.07.2019 18:30:00.000,84.658,84.688,84.628,84.688,0.0512
23.07.2019 18:31:00.000,84.687,84.718,84.667,84.668,0.0139
23.07.2019 18:32:00.000,84.677,84.758,84.677,84.698,0.0987
23.07.2019 18:33:00.000,84.698,84.698,84.637,84.638,0.0355
23.07.2019 18:34:00.000,84.638,84.667,84.628,84.648,0.0409
23.07.2019 18:35:00.000,84.647,84.678,84.627,84.638,0.1026
23.07.2019 18:36:00.000,84.638,84.657,84.617,84.657,0.089
23.07.2019 18:37:00.000,84.658,84.698,84.637,84.668,0.1252
23.07.2019 18:38:00.000,84.667,84.748,84.657,84.708,0.0855
23.07.2019 18:39:00.000,84.708,84.728,84.707,84.728,0.0157
23.07.2019 18:40:00.000,84.727,84.728,84.708,84.728,0.014
23.07.2019 18:41:00.000,84.727,84.728,84.697,84.708,0.0056
23.07.2019 18:42:00.000,84.707,84.708,84.608,84.647,0.1331
23.07.2019 18:43:00.000,84.648,84.708,84.648,84.688,0.0135
23.07.2019 18:44:00.000,84.698,84.717,84.698,84.708,0.0319
23.07.2019 18:45:00.000,84.717,84.748,84.708,84.737,0.0229
23.07.2019 18:46:00.000,84.738,84.748,84.737,84.747,0.0347
23.07.2019 18:47:00.000,84.748,84.748,84.717,84.728,0.0145
23.07.2019 18:48:00.000,84.738,84.758,84.717,84.738,0.0785
23.07.2019 18:49:00.000,84.737,84.737,84.707,84.708,0.038
23.07.2019 18:50:00.000,84.717,84.768,84.717,84.768,0.0246
23.07.2019 18:51:00.000,84.768,84.788,84.757,84.778,0.0595
23.07.2019 18:52:00.000,84.777,84.798,84.777,84.798,0.033
23.07.2019 18:53:00.000,84.797,84.858,84.797,84.858,0.0636
23.07.2019 18:54:00.000,84.857,84.868,84.797,84.797,0.0483
23.07.2019 18:55:00.000,84.798,84.818,84.757,84.767,0.0423
23.07.2019 18:56:00.000,84.757,84.808,84.757,84.768,0.046
23.07.2019 18:57:00.000,84.767,84.788,84.747,84.768,0.0327
23.07.2019 18:58:00.000,84.748,84.758,84.747,84.758,0.0385
23.07.2019 18:59:00.000,84.738,84.768,84.717,84.768,0.0161
23.07.2019 19:00:00.000,84.757,84.778,84.737,84.768,0.0216
23.07.2019 19:01:00.000,84.767,84.767,84.717,84.718,0.0449
23.07.2019 19:02:00.000,84.718,84.718,84.687,84.688,0.0043
23.07.2019 19:03:00.000,84.697,84.698,84.687,84.688,0.0449
23.07.2019 19:04:00.000,84.687,84.698,84.687,84.688,0.0332
23.07.2019 19:05:00.000,84.697,84.738,84.677,84.738,0.058
23.07.2019 19:06:00.000,84.737,84.738,84.707,84.728,0.0038
23.07.2019 19:07:00.000,84.727,84.728,84.707,84.718,0.0044
23.07.2019 19:08:00.000,84.718,84.718,84.678,84.688,0.0497
23.07.2019 19:09:00.000,84.687,84.738,84.687,84.688,0.0467
23.07.2019 19:10:00.000,84.698,84.698,84.678,84.697,0.0711
23.07.2019 19:11:00.000,84.697,84.718,84.687,84.698,0.0448
23.07.2019 19:12:00.000,84.707,84.708,84.707,84.708,0.0012
23.07.2019 19:13:00.000,84.707,84.708,84.687,84.698,0.0036
23.07.2019 19:14:00.000,84.697,84.698,84.677,84.678,0.0172
23.07.2019 19:15:00.000,84.688,84.688,84.677,84.688,0.0118
23.07.2019 19:16:00.000,84.688,84.698,84.688,84.698,0.0421
23.07.2019 19:17:00.000,84.688,84.688,84.647,84.648,0.0444
23.07.2019 19:18:00.000,84.658,84.658,84.627,84.637,0.0785
23.07.2019 19:19:00.000,84.638,84.648,84.608,84.637,0.0553
23.07.2019 19:20:00.000,84.638,84.658,84.557,84.588,0.0495
23.07.2019 19:21:00.000,84.578,84.618,84.577,84.618,0.0388
23.07.2019 19:22:00.000,84.628,84.698,84.628,84.698,0.0251
23.07.2019 19:23:00.000,84.698,84.738,84.667,84.738,0.0673
23.07.2019 19:24:00.000,84.728,84.808,84.728,84.808,0.0308
23.07.2019 19:25:00.000,84.807,84.808,84.747,84.747,0.0686
23.07.2019 19:26:00.000,84.748,84.748,84.727,84.727,0.0121
23.07.2019 19:27:00.000,84.728,84.738,84.677,84.677,0.0299
23.07.2019 19:28:00.000,84.678,84.698,84.677,84.688,0.0244
23.07.2019 19:29:00.000,84.708,84.758,84.708,84.738,0.0994
23.07.2019 19:30:00.000,84.738,84.738,84.718,84.718,0.0736
23.07.2019 19:31:00.000,84.718,84.718,84.678,84.698,0.0604
23.07.2019 19:32:00.000,84.707,84.748,84.707,84.748,0.0651
23.07.2019 19:33:00.000,84.738,84.808,84.738,84.807,0.0794
23.07.2019 19:34:00.000,84.808,84.888,84.807,84.887,0.0639
23.07.2019 19:35:00.000,84.878,84.888,84.837,84.858,0.108
23.07.2019 19:36:00.000,84.857,84.898,84.857,84.898,0.0246
23.07.2019 19:37:00.000,84.897,84.918,84.878,84.888,0.0541
23.07.2019 19:38:00.000,84.887,84.918,84.887,84.918,0.0135
23.07.2019 19:39:00.000,84.908,84.968,84.907,84.958,0.1197
23.07.2019 19:40:00.000,84.957,85.008,84.947,85.008,0.0781
23.07.2019 19:41:00.000,85.007,85.078,85.007,85.047,0.1639
23.07.2019 19:42:00.000,85.048,85.048,84.977,84.978,0.0273
23.07.2019 19:43:00.000,84.977,85.058,84.977,85.048,0.066
23.07.2019 19:44:00.000,85.048,85.048,84.967,84.967,0.0365
23.07.2019 19:45:00.000,84.967,84.968,84.927,84.938,0.1624
23.07.2019 19:46:00.000,84.947,84.948,84.877,84.877,0.0955
23.07.2019 19:47:00.000,84.878,84.878,84.797,84.818,0.2096
23.07.2019 19:48:00.000,84.828,84.838,84.768,84.778,0.0196
23.07.2019 19:49:00.000,84.777,84.788,84.717,84.718,0.0998
23.07.2019 19:50:00.000,84.717,84.808,84.717,84.808,0.1926
23.07.2019 19:51:00.000,84.807,84.808,84.787,84.798,0.0911
23.07.2019 19:52:00.000,84.797,84.808,84.758,84.788,0.0814
23.07.2019 19:53:00.000,84.798,84.808,84.787,84.798,0.0616
23.07.2019 19:54:00.000,84.797,84.798,84.758,84.778,0.1945
23.07.2019 19:55:00.000,84.788,84.838,84.788,84.838,0.1405
23.07.2019 19:56:00.000,84.837,84.868,84.837,84.868,0.1031
23.07.2019 19:57:00.000,84.867,84.888,84.867,84.888,0.1918
23.07.2019 19:58:00.000,84.888,84.918,84.887,84.907,0.403
23.07.2019 19:59:00.000,84.907,84.908,84.718,84.748,0.4718
24.07.2019 13:30:00.000,83.918,84.748,83.918,84.357,0.1306
24.07.2019 13:31:00.000,84.357,84.368,84.337,84.348,0.0525
24.07.2019 13:32:00.000,84.348,84.348,84.138,84.138,0.1022
24.07.2019 13:33:00.000,84.148,84.178,84.147,84.178,0.0894
24.07.2019 13:34:00.000,84.177,84.178,84.107,84.138,0.0898
24.07.2019 13:35:00.000,84.127,84.198,84.088,84.168,0.0675
24.07.2019 13:36:00.000,84.167,84.288,84.167,84.238,0.0532
24.07.2019 13:37:00.000,84.247,84.498,84.247,84.448,0.0534
24.07.2019 13:38:00.000,84.448,84.458,84.317,84.458,0.047
24.07.2019 13:39:00.000,84.438,84.488,84.397,84.488,0.0341
24.07.2019 13:40:00.000,84.487,84.608,84.487,84.588,0.0358
24.07.2019 13:41:00.000,84.588,84.698,84.587,84.628,0.0854
24.07.2019 13:42:00.000,84.628,84.638,84.517,84.528,0.1714
24.07.2019 13:43:00.000,84.527,84.528,84.388,84.438,0.1802
24.07.2019 13:44:00.000,84.447,84.528,84.417,84.427,0.0267
24.07.2019 13:45:00.000,84.418,84.418,84.328,84.337,0.0439
24.07.2019 13:46:00.000,84.337,84.508,84.328,84.508,0.0454
24.07.2019 13:47:00.000,84.518,84.617,84.487,84.488,0.0626
24.07.2019 13:48:00.000,84.488,84.518,84.437,84.437,0.1308
24.07.2019 13:49:00.000,84.468,84.498,84.467,84.498,0.0941
24.07.2019 13:50:00.000,84.498,84.537,84.498,84.508,0.0635
24.07.2019 13:51:00.000,84.518,84.518,84.318,84.417,0.0792
24.07.2019 13:52:00.000,84.418,84.498,84.418,84.448,0.0432
24.07.2019 13:53:00.000,84.458,84.558,84.457,84.558,0.0578
24.07.2019 13:54:00.000,84.588,84.598,84.548,84.558,0.084
24.07.2019 13:55:00.000,84.558,84.568,84.397,84.397,0.1024
24.07.2019 13:56:00.000,84.407,84.508,84.388,84.417,0.1263
24.07.2019 13:57:00.000,84.428,84.428,84.337,84.348,0.15
24.07.2019 13:58:00.000,84.348,84.348,84.218,84.227,0.0754
24.07.2019 13:59:00.000,84.238,84.388,84.238,84.357,0.0505
24.07.2019 14:00:00.000,84.358,84.368,84.218,84.218,0.176
24.07.2019 14:01:00.000,84.237,84.318,84.237,84.278,0.0728
24.07.2019 14:02:00.000,84.278,84.338,84.278,84.318,0.1064
24.07.2019 14:03:00.000,84.317,84.338,84.297,84.297,0.0723
24.07.2019 14:04:00.000,84.307,84.398,84.307,84.378,0.0182
24.07.2019 14:05:00.000,84.388,84.408,84.368,84.388,0.0015
24.07.2019 14:06:00.000,84.397,84.458,84.397,84.398,0.0945
24.07.2019 14:07:00.000,84.397,84.478,84.378,84.477,0.0989
24.07.2019 14:08:00.000,84.478,84.498,84.467,84.468,0.0322
24.07.2019 14:09:00.000,84.468,84.608,84.468,84.588,0.0353
24.07.2019 14:10:00.000,84.598,84.678,84.577,84.678,0.0038
24.07.2019 14:11:00.000,84.678,84.717,84.667,84.668,0.0184
24.07.2019 14:12:00.000,84.677,84.738,84.677,84.728,0.0875
24.07.2019 14:13:00.000,84.728,84.758,84.677,84.718,0.0865
24.07.2019 14:14:00.000,84.728,84.778,84.718,84.718,0.1074
24.07.2019 14:15:00.000,84.728,84.768,84.668,84.687,0.0846
24.07.2019 14:16:00.000,84.688,84.697,84.558,84.558,0.2068
24.07.2019 14:17:00.000,84.558,84.628,84.547,84.628,0.0203
24.07.2019 14:18:00.000,84.628,84.758,84.628,84.737,0.0683
24.07.2019 14:19:00.000,84.738,84.748,84.617,84.618,0.0972
24.07.2019 14:20:00.000,84.628,84.658,84.607,84.658,0.0459
24.07.2019 14:21:00.000,84.658,84.708,84.618,84.668,0.0433
24.07.2019 14:22:00.000,84.677,84.688,84.657,84.677,0.0487
24.07.2019 14:23:00.000,84.678,84.738,84.647,84.658,0.0413
24.07.2019 14:24:00.000,84.668,84.698,84.597,84.657,0.0639
24.07.2019 14:25:00.000,84.657,84.668,84.617,84.618,0.0399
24.07.2019 14:26:00.000,84.618,84.618,84.547,84.548,0.1227
24.07.2019 14:27:00.000,84.557,84.578,84.557,84.567,0.0696
24.07.2019 14:28:00.000,84.568,84.658,84.547,84.648,0.05
24.07.2019 14:29:00.000,84.657,84.768,84.648,84.708,0.1107
24.07.2019 14:30:00.000,84.727,84.968,84.727,84.968,0.0894
24.07.2019 14:31:00.000,84.977,85.248,84.977,85.198,0.1238
24.07.2019 14:32:00.000,85.198,85.248,85.127,85.188,0.1146
24.07.2019 14:33:00.000,85.188,85.318,85.188,85.258,0.0464
24.07.2019 14:34:00.000,85.277,85.398,85.277,85.378,0.0761
24.07.2019 14:35:00.000,85.398,85.438,85.357,85.378,0.0828
24.07.2019 14:36:00.000,85.378,85.418,85.358,85.417,0.0873
24.07.2019 14:37:00.000,85.418,85.448,85.298,85.348,0.1117
24.07.2019 14:38:00.000,85.347,85.488,85.347,85.488,0.0962
24.07.2019 14:39:00.000,85.488,85.717,85.477,85.688,0.0641
24.07.2019 14:40:00.000,85.707,85.707,85.557,85.568,0.0997
24.07.2019 14:41:00.000,85.558,85.658,85.558,85.568,0.0478
24.07.2019 14:42:00.000,85.558,85.558,85.488,85.538,0.0344
24.07.2019 14:43:00.000,85.537,85.568,85.468,85.468,0.1081
24.07.2019 14:44:00.000,85.468,85.468,85.427,85.428,0.0913
24.07.2019 14:45:00.000,85.428,85.458,85.378,85.458,0.0939
24.07.2019 14:46:00.000,85.467,85.518,85.438,85.518,0.0482
24.07.2019 14:47:00.000,85.498,85.498,85.427,85.467,0.058
24.07.2019 14:48:00.000,85.468,85.518,85.468,85.518,0.0346
24.07.2019 14:49:00.000,85.528,85.538,85.497,85.498,0.0636
24.07.2019 14:50:00.000,85.498,85.538,85.497,85.518,0.0731
24.07.2019 14:51:00.000,85.518,85.578,85.518,85.548,0.0843
24.07.2019 14:52:00.000,85.547,85.547,85.537,85.537,0.0094
24.07.2019 14:53:00.000,85.537,85.558,85.518,85.518,0.0669
24.07.2019 14:54:00.000,85.518,85.558,85.517,85.527,0.0842
24.07.2019 14:55:00.000,85.527,85.558,85.507,85.557,0.063
24.07.2019 14:56:00.000,85.548,85.638,85.508,85.638,0.0491
24.07.2019 14:57:00.000,85.658,85.678,85.618,85.618,0.0569
24.07.2019 14:58:00.000,85.617,85.648,85.617,85.647,0.0053
24.07.2019 14:59:00.000,85.648,85.728,85.648,85.658,0.0516
24.07.2019 15:00:00.000,85.658,85.658,85.628,85.648,0.0933
24.07.2019 15:01:00.000,85.648,85.648,85.558,85.598,0.0668
24.07.2019 15:02:00.000,85.598,85.598,85.538,85.567,0.0859
24.07.2019 15:03:00.000,85.578,85.588,85.547,85.548,0.0568
24.07.2019 15:04:00.000,85.548,85.558,85.538,85.558,0.0904
24.07.2019 15:05:00.000,85.557,85.638,85.557,85.638,0.0322
24.07.2019 15:06:00.000,85.638,85.638,85.487,85.487,0.0499
24.07.2019 15:07:00.000,85.498,85.498,85.458,85.488,0.0767
24.07.2019 15:08:00.000,85.488,85.508,85.458,85.508,0.0616
24.07.2019 15:09:00.000,85.517,85.527,85.508,85.518,0.0368
24.07.2019 15:10:00.000,85.517,85.518,85.508,85.517,0.0198
24.07.2019 15:11:00.000,85.518,85.518,85.417,85.418,0.0902
24.07.2019 15:12:00.000,85.428,85.448,85.427,85.438,0.0006
24.07.2019 15:13:00.000,85.448,85.478,85.447,85.467,0.0166
24.07.2019 15:14:00.000,85.448,85.478,85.427,85.477,0.0092
24.07.2019 15:15:00.000,85.478,85.478,85.448,85.448,0.0017
24.07.2019 15:16:00.000,85.438,85.438,85.368,85.368,0.0497
24.07.2019 15:17:00.000,85.407,85.438,85.407,85.428,0.0671
24.07.2019 15:18:00.000,85.418,85.418,85.358,85.358,0.0344
24.07.2019 15:19:00.000,85.348,85.348,85.317,85.337,0.0555
24.07.2019 15:20:00.000,85.337,85.357,85.327,85.348,0.0284
24.07.2019 15:21:00.000,85.347,85.377,85.347,85.348,0.0101
24.07.2019 15:22:00.000,85.348,85.388,85.317,85.388,0.1049
24.07.2019 15:23:00.000,85.397,85.398,85.387,85.387,0.1333
24.07.2019 15:24:00.000,85.388,85.388,85.307,85.358,0.0308
24.07.2019 15:25:00.000,85.358,85.478,85.358,85.448,0.068
24.07.2019 15:26:00.000,85.448,85.448,85.367,85.388,0.0237
24.07.2019 15:27:00.000,85.388,85.428,85.387,85.408,0.0253
24.07.2019 15:28:00.000,85.408,85.438,85.348,85.348,0.0247
24.07.2019 15:29:00.000,85.348,85.398,85.347,85.368,0.065
24.07.2019 15:30:00.000,85.357,85.368,85.328,85.338,0.0174
24.07.2019 15:31:00.000,85.337,85.338,85.287,85.317,0.0466
24.07.2019 15:32:00.000,85.327,85.377,85.288,85.367,0.0848
24.07.2019 15:33:00.000,85.377,85.377,85.297,85.298,0.0248
24.07.2019 15:34:00.000,85.317,85.358,85.307,85.348,0.0132
24.07.2019 15:35:00.000,85.347,85.428,85.318,85.427,0.0671
24.07.2019 15:36:00.000,85.427,85.448,85.417,85.448,0.0765
24.07.2019 15:37:00.000,85.448,85.498,85.447,85.477,0.0604
24.07.2019 15:38:00.000,85.478,85.487,85.438,85.438,0.0094
24.07.2019 15:39:00.000,85.438,85.478,85.438,85.438,0.0248
24.07.2019 15:40:00.000,85.418,85.418,85.357,85.358,0.0485
24.07.2019 15:41:00.000,85.347,85.367,85.318,85.338,0.0291
24.07.2019 15:42:00.000,85.337,85.407,85.317,85.317,0.0996
24.07.2019 15:43:00.000,85.318,85.318,85.187,85.188,0.0819
24.07.2019 15:44:00.000,85.178,85.238,85.157,85.238,0.0048
24.07.2019 15:45:00.000,85.248,85.308,85.248,85.267,0.0156
24.07.2019 15:46:00.000,85.268,85.328,85.258,85.278,0.0545
24.07.2019 15:47:00.000,85.277,85.308,85.267,85.288,0.0783
24.07.2019 15:48:00.000,85.298,85.358,85.268,85.268,0.1071
24.07.2019 15:49:00.000,85.288,85.328,85.288,85.318,0.0027
24.07.2019 15:50:00.000,85.318,85.358,85.298,85.358,0.0248
24.07.2019 15:51:00.000,85.377,85.378,85.328,85.358,0.0256
24.07.2019 15:52:00.000,85.367,85.378,85.357,85.378,0.0438
24.07.2019 15:53:00.000,85.398,85.438,85.398,85.428,0.0324
24.07.2019 15:54:00.000,85.427,85.448,85.408,85.448,0.0638
24.07.2019 15:55:00.000,85.458,85.468,85.398,85.448,0.0255
24.07.2019 15:56:00.000,85.448,85.488,85.447,85.457,0.0866
24.07.2019 15:57:00.000,85.457,85.468,85.397,85.418,0.0625
24.07.2019 15:58:00.000,85.408,85.468,85.387,85.468,0.0545
24.07.2019 15:59:00.000,85.468,85.468,85.408,85.408,0.0044
24.07.2019 16:00:00.000,85.408,85.418,85.387,85.398,0.0429
24.07.2019 16:01:00.000,85.398,85.528,85.388,85.527,0.0508
24.07.2019 16:02:00.000,85.528,85.528,85.468,85.498,0.1
24.07.2019 16:03:00.000,85.508,85.508,85.487,85.488,0.0102
24.07.2019 16:04:00.000,85.497,85.498,85.447,85.458,0.0248
24.07.2019 16:05:00.000,85.457,85.457,85.418,85.438,0.0178
24.07.2019 16:06:00.000,85.428,85.428,85.388,85.388,0.0088
24.07.2019 16:07:00.000,85.387,85.448,85.347,85.428,0.0296
24.07.2019 16:08:00.000,85.427,85.427,85.387,85.388,0.0349
24.07.2019 16:09:00.000,85.368,85.368,85.297,85.357,0.0246
24.07.2019 16:10:00.000,85.358,85.368,85.328,85.328,0.0398
24.07.2019 16:11:00.000,85.328,85.398,85.318,85.398,0.0199
24.07.2019 16:12:00.000,85.408,85.408,85.377,85.388,0.0302
24.07.2019 16:13:00.000,85.388,85.388,85.338,85.348,0.0658
24.07.2019 16:14:00.000,85.348,85.388,85.337,85.387,0.0314
24.07.2019 16:15:00.000,85.388,85.448,85.377,85.438,0.0312
24.07.2019 16:16:00.000,85.438,85.438,85.407,85.408,0.0437
24.07.2019 16:17:00.000,85.418,85.418,85.347,85.347,0.0823
24.07.2019 16:18:00.000,85.357,85.407,85.347,85.407,0.0722
24.07.2019 16:19:00.000,85.417,85.428,85.397,85.428,0.0331
24.07.2019 16:20:00.000,85.418,85.428,85.417,85.428,0.0322
24.07.2019 16:21:00.000,85.427,85.468,85.427,85.467,0.0641
24.07.2019 16:22:00.000,85.467,85.468,85.428,85.428,0.1146
24.07.2019 16:23:00.000,85.418,85.488,85.408,85.488,0.0283
24.07.2019 16:24:00.000,85.487,85.488,85.427,85.447,0.0378
24.07.2019 16:25:00.000,85.448,85.478,85.407,85.478,0.0375
24.07.2019 16:26:00.000,85.477,85.477,85.467,85.467,0.0016
24.07.2019 16:27:00.000,85.468,85.558,85.457,85.518,0.0715
24.07.2019 16:28:00.000,85.517,85.518,85.487,85.488,0.005
24.07.2019 16:29:00.000,85.487,85.488,85.408,85.468,0.0414
24.07.2019 16:30:00.000,85.468,85.518,85.467,85.468,0.0122
24.07.2019 16:31:00.000,85.487,85.497,85.468,85.478,0.0036
24.07.2019 16:32:00.000,85.477,85.498,85.467,85.478,0.0383
24.07.2019 16:33:00.000,85.477,85.477,85.427,85.428,0.0552
24.07.2019 16:34:00.000,85.428,85.438,85.417,85.418,0.049
24.07.2019 16:35:00.000,85.408,85.408,85.357,85.378,0.0046
24.07.2019 16:36:00.000,85.377,85.378,85.357,85.377,0.0235
24.07.2019 16:37:00.000,85.378,85.378,85.357,85.357,0.0307
24.07.2019 16:38:00.000,85.358,85.408,85.357,85.388,0.0334
24.07.2019 16:39:00.000,85.378,85.438,85.378,85.438,0.0437
24.07.2019 16:40:00.000,85.447,85.488,85.438,85.478,0.0223
24.07.2019 16:41:00.000,85.477,85.498,85.467,85.488,0.0326
24.07.2019 16:42:00.000,85.487,85.488,85.447,85.458,0.0597
24.07.2019 16:43:00.000,85.467,85.538,85.447,85.538,0.2112
24.07.2019 16:44:00.000,85.538,85.578,85.537,85.578,0.0125
24.07.2019 16:45:00.000,85.578,85.587,85.538,85.587,0.0431
24.07.2019 16:46:00.000,85.588,85.608,85.587,85.588,0.0721
24.07.2019 16:47:00.000,85.587,85.628,85.587,85.628,0.0465
24.07.2019 16:48:00.000,85.638,85.678,85.637,85.658,0.0171
24.07.2019 16:49:00.000,85.668,85.698,85.667,85.688,0.0345
24.07.2019 16:50:00.000,85.687,85.728,85.687,85.727,0.0118
24.07.2019 16:51:00.000,85.738,85.738,85.597,85.607,0.0501
24.07.2019 16:52:00.000,85.617,85.727,85.578,85.717,0.0931
24.07.2019 16:53:00.000,85.718,85.747,85.718,85.737,0.0264
24.07.2019 16:54:00.000,85.748,85.828,85.748,85.828,0.0314
24.07.2019 16:55:00.000,85.837,85.848,85.817,85.838,0.0625
24.07.2019 16:56:00.000,85.847,85.848,85.827,85.838,0.0575
24.07.2019 16:57:00.000,85.837,85.838,85.837,85.838,0.0249
24.07.2019 16:58:00.000,85.848,85.848,85.818,85.837,0.0744
24.07.2019 16:59:00.000,85.837,85.848,85.817,85.818,0.0215
24.07.2019 17:00:00.000,85.838,85.848,85.748,85.748,0.0646
24.07.2019 17:01:00.000,85.747,85.747,85.667,85.677,0.0577
24.07.2019 17:02:00.000,85.677,85.768,85.677,85.768,0.0501
24.07.2019 17:03:00.000,85.767,85.788,85.767,85.788,0.0375
24.07.2019 17:04:00.000,85.797,85.798,85.748,85.768,0.0394
24.07.2019 17:05:00.000,85.768,85.778,85.747,85.767,0.0698
24.07.2019 17:06:00.000,85.768,85.768,85.727,85.728,0.0641
24.07.2019 17:07:00.000,85.728,85.738,85.647,85.658,0.0855
24.07.2019 17:08:00.000,85.648,85.648,85.627,85.637,0.0125
24.07.2019 17:09:00.000,85.637,85.668,85.627,85.668,0.0055
24.07.2019 17:10:00.000,85.648,85.658,85.637,85.638,0.0057
24.07.2019 17:11:00.000,85.638,85.648,85.597,85.638,0.0619
24.07.2019 17:12:00.000,85.637,85.678,85.637,85.678,0.0494
24.07.2019 17:13:00.000,85.677,85.688,85.647,85.648,0.0321
24.07.2019 17:14:00.000,85.647,85.658,85.647,85.648,0.0556
24.07.2019 17:15:00.000,85.647,85.647,85.557,85.558,0.0641
24.07.2019 17:16:00.000,85.557,85.568,85.517,85.548,0.04
24.07.2019 17:17:00.000,85.547,85.608,85.547,85.598,0.0353
24.07.2019 17:18:00.000,85.598,85.647,85.548,85.638,0.0623
24.07.2019 17:19:00.000,85.648,85.688,85.637,85.648,0.0228
24.07.2019 17:20:00.000,85.638,85.678,85.638,85.668,0.0128
24.07.2019 17:21:00.000,85.678,85.688,85.667,85.688,0.0306
24.07.2019 17:22:00.000,85.688,85.688,85.638,85.648,0.0172
24.07.2019 17:23:00.000,85.647,85.648,85.607,85.608,0.0324
24.07.2019 17:24:00.000,85.607,85.638,85.607,85.617,0.0342
24.07.2019 17:25:00.000,85.617,85.658,85.617,85.658,0.0857
24.07.2019 17:26:00.000,85.658,85.658,85.647,85.647,0.0481
24.07.2019 17:27:00.000,85.647,85.658,85.607,85.607,0.0986
24.07.2019 17:28:00.000,85.608,85.648,85.608,85.648,0.0188
24.07.2019 17:29:00.000,85.667,85.708,85.667,85.668,0.0379
24.07.2019 17:30:00.000,85.668,85.688,85.617,85.638,0.0914
24.07.2019 17:31:00.000,85.647,85.658,85.607,85.618,0.0254
24.07.2019 17:32:00.000,85.608,85.608,85.547,85.547,0.0811
24.07.2019 17:33:00.000,85.548,85.558,85.527,85.558,0.0268
24.07.2019 17:34:00.000,85.558,85.567,85.527,85.528,0.021
24.07.2019 17:35:00.000,85.527,85.558,85.527,85.537,0.02
24.07.2019 17:36:00.000,85.538,85.558,85.537,85.548,0.0302
24.07.2019 17:37:00.000,85.547,85.578,85.508,85.508,0.0496
24.07.2019 17:38:00.000,85.527,85.528,85.488,85.488,0.0242
24.07.2019 17:39:00.000,85.488,85.508,85.478,85.508,0.0427
24.07.2019 17:40:00.000,85.508,85.508,85.487,85.488,0.0214
24.07.2019 17:41:00.000,85.498,85.508,85.488,85.498,0.0194
24.07.2019 17:42:00.000,85.498,85.547,85.488,85.538,0.0651
24.07.2019 17:43:00.000,85.518,85.578,85.517,85.518,0.0575
24.07.2019 17:44:00.000,85.518,85.528,85.508,85.517,0.0348
24.07.2019 17:45:00.000,85.518,85.588,85.507,85.588,0.0427
24.07.2019 17:46:00.000,85.588,85.618,85.567,85.587,0.0498
24.07.2019 17:47:00.000,85.597,85.607,85.578,85.588,0.0688
24.07.2019 17:48:00.000,85.578,85.598,85.577,85.588,0.0187
24.07.2019 17:49:00.000,85.588,85.598,85.577,85.588,0.0008
24.07.2019 17:50:00.000,85.588,85.588,85.567,85.568,0.0882
24.07.2019 17:51:00.000,85.568,85.578,85.548,85.558,0.0205
24.07.2019 17:52:00.000,85.547,85.568,85.507,85.548,0.0514
24.07.2019 17:53:00.000,85.547,85.548,85.508,85.548,0.0185
24.07.2019 17:54:00.000,85.547,85.568,85.547,85.557,0.0142
24.07.2019 17:55:00.000,85.558,85.618,85.547,85.597,0.0369
24.07.2019 17:56:00.000,85.597,85.608,85.597,85.607,0.0422
24.07.2019 17:57:00.000,85.608,85.647,85.607,85.627,0.0298
24.07.2019 17:58:00.000,85.628,85.638,85.617,85.628,0.019
24.07.2019 17:59:00.000,85.627,85.627,85.527,85.527,0.0677
24.07.2019 18:00:00.000,85.527,85.548,85.508,85.547,0.0092
24.07.2019 18:01:00.000,85.547,85.578,85.547,85.568,0.0355
24.07.2019 18:02:00.000,85.567,85.568,85.567,85.567,0.0025
24.07.2019 18:03:00.000,85.568,85.568,85.537,85.538,0.003
24.07.2019 18:04:00.000,85.558,85.568,85.537,85.548,0.0663
24.07.2019 18:05:00.000,85.547,85.558,85.547,85.557,0.0642
24.07.2019 18:06:00.000,85.558,85.568,85.548,85.558,0.0826
24.07.2019 18:07:00.000,85.558,85.558,85.547,85.558,0.0414
24.07.2019 18:08:00.000,85.567,85.578,85.547,85.547,0.0253
24.07.2019 18:09:00.000,85.538,85.568,85.538,85.558,0.019
24.07.2019 18:10:00.000,85.557,85.558,85.537,85.548,0.0257
24.07.2019 18:11:00.000,85.578,85.578,85.537,85.548,0.0182
24.07.2019 18:12:00.000,85.547,85.548,85.478,85.528,0.0658
24.07.2019 18:13:00.000,85.527,85.538,85.527,85.527,0.0145
24.07.2019 18:14:00.000,85.528,85.538,85.477,85.518,0.033
24.07.2019 18:15:00.000,85.518,85.568,85.518,85.558,0.0533
24.07.2019 18:16:00.000,85.557,85.558,85.528,85.538,0.0937
24.07.2019 18:17:00.000,85.558,85.578,85.557,85.577,0.0227
24.07.2019 18:18:00.000,85.588,85.588,85.577,85.588,0.0593
24.07.2019 18:19:00.000,85.578,85.588,85.577,85.588,0.0298
24.07.2019 18:20:00.000,85.598,85.598,85.577,85.588,0.0138
24.07.2019 18:21:00.000,85.587,85.638,85.578,85.638,0.1121
24.07.2019 18:22:00.000,85.637,85.638,85.607,85.618,0.0741
24.07.2019 18:23:00.000,85.618,85.618,85.587,85.608,0.0499
24.07.2019 18:24:00.000,85.617,85.618,85.607,85.607,0.029
24.07.2019 18:25:00.000,85.608,85.647,85.607,85.638,0.0388
24.07.2019 18:26:00.000,85.638,85.688,85.627,85.658,0.0722
24.07.2019 18:27:00.000,85.658,85.708,85.618,85.698,0.1014
24.07.2019 18:28:00.000,85.688,85.688,85.657,85.688,0.0601
24.07.2019 18:29:00.000,85.688,85.698,85.688,85.698,0.033
24.07.2019 18:30:00.000,85.698,85.748,85.698,85.708,0.0888
24.07.2019 18:31:00.000,85.718,85.728,85.717,85.728,0.0297
24.07.2019 18:32:00.000,85.728,85.748,85.698,85.738,0.2326
24.07.2019 18:33:00.000,85.747,85.778,85.747,85.767,0.0688
24.07.2019 18:34:00.000,85.768,85.788,85.767,85.778,0.0958
24.07.2019 18:35:00.000,85.777,85.848,85.767,85.848,0.0925
24.07.2019 18:36:00.000,85.847,85.848,85.837,85.838,0.0741
24.07.2019 18:37:00.000,85.847,85.848,85.847,85.848,0.0046
24.07.2019 18:38:00.000,85.847,85.848,85.838,85.847,0.0178
24.07.2019 18:39:00.000,85.848,85.848,85.828,85.838,0.0331
24.07.2019 18:40:00.000,85.847,85.848,85.827,85.828,0.0662
24.07.2019 18:41:00.000,85.827,85.848,85.788,85.788,0.0948
24.07.2019 18:42:00.000,85.797,85.838,85.797,85.827,0.0415
24.07.2019 18:43:00.000,85.827,85.828,85.758,85.798,0.0377
24.07.2019 18:44:00.000,85.798,85.798,85.778,85.788,0.1368
24.07.2019 18:45:00.000,85.788,85.798,85.757,85.768,0.0877
24.07.2019 18:46:00.000,85.768,85.777,85.718,85.728,0.0297
24.07.2019 18:47:00.000,85.727,85.788,85.727,85.787,0.0656
24.07.2019 18:48:00.000,85.787,85.787,85.717,85.717,0.0766
24.07.2019 18:49:00.000,85.717,85.768,85.717,85.757,0.0291
24.07.2019 18:50:00.000,85.757,85.768,85.747,85.767,0.0389
24.07.2019 18:51:00.000,85.768,85.768,85.757,85.757,0.0244
24.07.2019 18:52:00.000,85.758,85.808,85.758,85.808,0.0185
24.07.2019 18:53:00.000,85.808,85.828,85.807,85.807,0.0379
24.07.2019 18:54:00.000,85.808,85.818,85.767,85.768,0.0685
24.07.2019 18:55:00.000,85.767,85.788,85.767,85.788,0.0465
24.07.2019 18:56:00.000,85.787,85.808,85.767,85.778,0.0968
24.07.2019 18:57:00.000,85.787,85.798,85.767,85.768,0.0501
24.07.2019 18:58:00.000,85.778,85.818,85.778,85.818,0.0087
24.07.2019 18:59:00.000,85.817,85.848,85.817,85.848,0.0402
24.07.2019 19:00:00.000,85.847,85.848,85.837,85.848,0.0362
24.07.2019 19:01:00.000,85.847,85.848,85.847,85.848,0.0057
24.07.2019 19:02:00.000,85.847,85.848,85.838,85.838,0.1032
24.07.2019 19:03:00.000,85.838,85.848,85.827,85.838,0.0905
24.07.2019 19:04:00.000,85.838,85.848,85.837,85.848,0.0253
24.07.2019 19:05:00.000,85.848,85.848,85.837,85.838,0.0396
24.07.2019 19:06:00.000,85.848,85.848,85.847,85.848,0.1039
24.07.2019 19:07:00.000,85.847,85.848,85.837,85.848,0.0379
24.07.2019 19:08:00.000,85.838,85.848,85.837,85.848,0.0113
24.07.2019 19:09:00.000,85.847,85.938,85.847,85.938,0.0683
24.07.2019 19:10:00.000,85.947,85.948,85.937,85.948,0.009
24.07.2019 19:11:00.000,85.948,85.948,85.947,85.948,0.0149
24.07.2019 19:12:00.000,85.947,85.957,85.938,85.947,0.0303
24.07.2019 19:13:00.000,85.948,85.948,85.947,85.948,0.0204
24.07.2019 19:14:00.000,85.948,85.948,85.947,85.948,0.0287
24.07.2019 19:15:00.000,85.948,85.948,85.938,85.948,0.0694
24.07.2019 19:16:00.000,85.947,85.948,85.947,85.948,0.0532
24.07.2019 19:17:00.000,85.948,85.948,85.947,85.947,0.0265
24.07.2019 19:18:00.000,85.947,85.948,85.947,85.948,0.0243
24.07.2019 19:19:00.000,85.947,86.138,85.947,86.128,0.1047
24.07.2019 19:20:00.000,86.128,86.518,86.127,86.508,0.2968
24.07.2019 19:21:00.000,86.498,86.578,86.367,86.567,0.1533
24.07.2019 19:22:00.000,86.578,86.578,86.348,86.368,0.2012
24.07.2019 19:23:00.000,86.367,86.428,86.318,86.398,0.1067
24.07.2019 19:24:00.000,86.378,86.378,86.267,86.288,0.0689
24.07.2019 19:25:00.000,86.287,86.298,86.277,86.288,0.0574
24.07.2019 19:26:00.000,86.287,86.328,86.287,86.328,0.1499
24.07.2019 19:27:00.000,86.328,86.348,86.307,86.308,0.1544
24.07.2019 19:28:00.000,86.308,86.308,86.228,86.228,0.0964
24.07.2019 19:29:00.000,86.227,86.258,86.227,86.258,0.0406
24.07.2019 19:30:00.000,86.257,86.258,86.237,86.238,0.0743
24.07.2019 19:31:00.000,86.238,86.238,86.038,86.098,0.1309
24.07.2019 19:32:00.000,86.098,86.098,86.027,86.028,0.0614
24.07.2019 19:33:00.000,86.018,86.068,86.007,86.037,0.1006
24.07.2019 19:34:00.000,86.038,86.078,86.017,86.058,0.0819
24.07.2019 19:35:00.000,86.058,86.058,85.988,86.018,0.0751
24.07.2019 19:36:00.000,86.018,86.028,85.988,85.997,0.1794
24.07.2019 19:37:00.000,85.997,86.028,85.987,86.028,0.0631
24.07.2019 19:38:00.000,86.027,86.078,86.027,86.078,0.0661
24.07.2019 19:39:00.000,86.077,86.228,86.077,86.218,0.0514
24.07.2019 19:40:00.000,86.208,86.268,86.198,86.208,0.2197
24.07.2019 19:41:00.000,86.217,86.258,86.158,86.198,0.0673
24.07.2019 19:42:00.000,86.198,86.198,86.128,86.168,0.1319
24.07.2019 19:43:00.000,86.167,86.208,86.167,86.178,0.1403
24.07.2019 19:44:00.000,86.178,86.198,86.177,86.177,0.1011
24.07.2019 19:45:00.000,86.178,86.178,86.027,86.038,0.1574
24.07.2019 19:46:00.000,86.037,86.048,85.977,85.988,0.105
24.07.2019 19:47:00.000,85.987,85.988,85.897,85.898,0.0373
24.07.2019 19:48:00.000,85.908,85.978,85.907,85.977,0.1262
24.07.2019 19:49:00.000,85.978,86.068,85.968,86.058,0.1031
24.07.2019 19:50:00.000,86.067,86.198,86.067,86.198,0.2387
24.07.2019 19:51:00.000,86.198,86.308,86.197,86.308,0.321
24.07.2019 19:52:00.000,86.307,86.318,86.238,86.287,0.3618
24.07.2019 19:53:00.000,86.288,86.298,86.257,86.278,0.2109
24.07.2019 19:54:00.000,86.278,86.288,86.227,86.288,0.1771
24.07.2019 19:55:00.000,86.308,86.308,86.067,86.128,0.193
24.07.2019 19:56:00.000,86.138,86.158,86.107,86.128,0.0901
24.07.2019 19:57:00.000,86.138,86.138,86.048,86.097,0.2167
24.07.2019 19:58:00.000,86.098,86.108,86.097,86.098,0.1393
24.07.2019 19:59:00.000,86.107,86.188,86.087,86.108,0.5759
25.07.2019 13:30:00.000,86.083,86.117,85.728,85.728,0.0546
25.07.2019 13:31:00.000,85.738,85.848,85.738,85.738,0.0377
25.07.2019 13:32:00.000,85.757,85.797,85.648,85.698,0.0774
25.07.2019 13:33:00.000,85.835,85.938,85.835,85.938,0.0476
25.07.2019 13:34:00.000,85.938,85.958,85.698,85.958,0.1167
25.07.2019 13:35:00.000,85.958,86.197,85.947,86.128,0.149
25.07.2019 13:36:00.000,86.128,86.338,85.887,85.948,0.1647
25.07.2019 13:37:00.000,85.957,86.048,85.928,85.947,0.0637
25.07.2019 13:38:00.000,85.957,86.148,85.957,86.048,0.107
25.07.2019 13:39:00.000,86.037,86.188,86.017,86.037,0.1485
25.07.2019 13:40:00.000,86.037,86.037,85.897,85.898,0.1394
25.07.2019 13:41:00.000,85.897,85.897,85.397,85.398,0.2852
25.07.2019 13:42:00.000,85.398,85.438,85.278,85.377,0.1785
25.07.2019 13:43:00.000,85.378,85.628,85.358,85.358,0.1451
25.07.2019 13:44:00.000,85.357,85.357,85.088,85.088,0.1533
25.07.2019 13:45:00.000,85.058,85.088,84.807,84.807,0.2006
25.07.2019 13:46:00.000,84.808,84.878,84.807,84.828,0.141
25.07.2019 13:47:00.000,84.827,84.897,84.827,84.888,0.0821
25.07.2019 13:48:00.000,84.888,84.967,84.788,84.858,0.1619
25.07.2019 13:49:00.000,84.857,84.987,84.857,84.888,0.0466
25.07.2019 13:50:00.000,84.888,84.947,84.877,84.918,0.0611
25.07.2019 13:51:00.000,84.918,85.068,84.917,85.048,0.1169
25.07.2019 13:52:00.000,85.068,85.078,84.908,84.997,0.1697
25.07.2019 13:53:00.000,84.997,85.008,84.907,84.907,0.1695
25.07.2019 13:54:00.000,84.918,85.207,84.918,85.128,0.0917
25.07.2019 13:55:00.000,85.148,85.148,85.068,85.077,0.0584
25.07.2019 13:56:00.000,85.077,85.157,85.077,85.138,0.0525
25.07.2019 13:57:00.000,85.148,85.238,85.147,85.228,0.0417
25.07.2019 13:58:00.000,85.227,85.358,85.227,85.307,0.1148
25.07.2019 13:59:00.000,85.307,85.348,85.258,85.308,0.1088
25.07.2019 14:00:00.000,85.308,85.548,85.308,85.548,0.0244
25.07.2019 14:01:00.000,85.568,85.598,85.337,85.337,0.1253
25.07.2019 14:02:00.000,85.297,85.418,85.288,85.388,0.0194
25.07.2019 14:03:00.000,85.388,85.488,85.357,85.478,0.0688
25.07.2019 14:04:00.000,85.477,85.518,85.427,85.518,0.046
25.07.2019 14:05:00.000,85.518,85.618,85.517,85.588,0.104
25.07.2019 14:06:00.000,85.587,85.587,85.517,85.528,0.1494
25.07.2019 14:07:00.000,85.538,85.568,85.438,85.458,0.191
25.07.2019 14:08:00.000,85.458,85.528,85.388,85.458,0.0945
25.07.2019 14:09:00.000,85.457,85.488,85.408,85.458,0.0887
25.07.2019 14:10:00.000,85.458,85.658,85.458,85.557,0.0616
25.07.2019 14:11:00.000,85.548,85.658,85.547,85.618,0.0593
25.07.2019 14:12:00.000,85.618,85.677,85.567,85.658,0.048
25.07.2019 14:13:00.000,85.657,85.718,85.617,85.717,0.0575
25.07.2019 14:14:00.000,85.718,85.783,85.637,85.638,0.0924
25.07.2019 14:15:00.000,85.638,85.668,85.607,85.637,0.0137
25.07.2019 14:16:00.000,85.658,85.658,85.587,85.587,0.0404
25.07.2019 14:17:00.000,85.588,85.788,85.587,85.728,0.0755
25.07.2019 14:18:00.000,85.727,85.798,85.637,85.637,0.131
25.07.2019 14:19:00.000,85.637,85.638,85.468,85.497,0.1069
25.07.2019 14:20:00.000,85.508,85.558,85.407,85.408,0.0572
25.07.2019 14:21:00.000,85.408,85.408,85.218,85.218,0.035
25.07.2019 14:22:00.000,85.217,85.297,85.178,85.198,0.0803
25.07.2019 14:23:00.000,85.197,85.197,85.087,85.108,0.0536
25.07.2019 14:24:00.000,85.107,85.188,85.067,85.068,0.1527
25.07.2019 14:25:00.000,85.068,85.107,85.007,85.057,0.0562
25.07.2019 14:26:00.000,85.058,85.218,85.058,85.208,0.1192
25.07.2019 14:27:00.000,85.208,85.268,85.137,85.148,0.0721
25.07.2019 14:28:00.000,85.148,85.178,85.088,85.088,0.0575
25.07.2019 14:29:00.000,85.088,85.138,85.038,85.038,0.1087
25.07.2019 14:30:00.000,85.057,85.218,85.057,85.158,0.0639
25.07.2019 14:31:00.000,85.157,85.168,85.008,85.077,0.2052
25.07.2019 14:32:00.000,85.078,85.118,85.008,85.038,0.1077
25.07.2019 14:33:00.000,85.037,85.118,85.037,85.108,0.0143
25.07.2019 14:34:00.000,85.107,85.148,84.988,84.998,0.1522
25.07.2019 14:35:00.000,84.998,85.028,84.997,85.008,0.0685
25.07.2019 14:36:00.000,85.017,85.048,85.007,85.028,0.04
25.07.2019 14:37:00.000,85.027,85.048,84.938,84.988,0.0901
25.07.2019 14:38:00.000,84.978,85.067,84.948,84.977,0.0275
25.07.2019 14:39:00.000,84.957,85.038,84.957,84.977,0.0613
25.07.2019 14:40:00.000,84.978,84.978,84.937,84.937,0.1363
25.07.2019 14:41:00.000,84.937,84.968,84.917,84.918,0.0392
25.07.2019 14:42:00.000,84.918,84.918,84.647,84.817,0.0536
25.07.2019 14:43:00.000,84.778,84.948,84.777,84.868,0.0715
25.07.2019 14:44:00.000,84.898,84.958,84.797,84.797,0.0834
25.07.2019 14:45:00.000,84.798,84.878,84.797,84.808,0.0335
25.07.2019 14:46:00.000,84.797,84.798,84.667,84.688,0.0278
25.07.2019 14:47:00.000,84.688,84.748,84.578,84.588,0.1023
25.07.2019 14:48:00.000,84.587,84.598,84.398,84.408,0.1024
25.07.2019 14:49:00.000,84.408,84.428,84.287,84.288,0.1614
25.07.2019 14:50:00.000,84.287,84.398,84.238,84.317,0.1142
25.07.2019 14:51:00.000,84.288,84.418,84.268,84.407,0.0933
25.07.2019 14:52:00.000,84.428,84.428,84.268,84.328,0.1087
25.07.2019 14:53:00.000,84.323,84.408,84.288,84.378,0.0132
25.07.2019 14:54:00.000,84.378,84.448,84.337,84.368,0.0497
25.07.2019 14:55:00.000,84.367,84.408,84.337,84.338,0.0401
25.07.2019 14:56:00.000,84.338,84.368,84.287,84.307,0.0674
25.07.2019 14:57:00.000,84.308,84.308,84.228,84.258,0.0729
25.07.2019 14:58:00.000,84.238,84.368,84.238,84.367,0.126
25.07.2019 14:59:00.000,84.368,84.468,84.367,84.438,0.0366
25.07.2019 15:00:00.000,84.438,84.558,84.437,84.467,0.0677
25.07.2019 15:01:00.000,84.467,84.528,84.357,84.478,0.0539
25.07.2019 15:02:00.000,84.487,84.577,84.467,84.527,0.0383
25.07.2019 15:03:00.000,84.527,84.538,84.458,84.498,0.0253
25.07.2019 15:04:00.000,84.498,84.548,84.477,84.528,0.0024
25.07.2019 15:05:00.000,84.528,84.588,84.468,84.487,0.0449
25.07.2019 15:06:00.000,84.487,84.508,84.397,84.397,0.0768
25.07.2019 15:07:00.000,84.397,84.468,84.368,84.368,0.0458
25.07.2019 15:08:00.000,84.368,84.415,84.318,84.388,0.0278
25.07.2019 15:09:00.000,84.387,84.478,84.387,84.388,0.1052
25.07.2019 15:10:00.000,84.427,84.458,84.328,84.458,0.0655
25.07.2019 15:11:00.000,84.458,84.468,84.358,84.428,0.0267
25.07.2019 15:12:00.000,84.427,84.438,84.327,84.328,0.1235
25.07.2019 15:13:00.000,84.348,84.358,84.288,84.288,0.059
25.07.2019 15:14:00.000,84.288,84.408,84.288,84.387,0.0457
25.07.2019 15:15:00.000,84.388,84.488,84.338,84.358,0.0293
25.07.2019 15:16:00.000,84.367,84.437,84.367,84.437,0.0254
25.07.2019 15:17:00.000,84.437,84.458,84.388,84.448,0.012
25.07.2019 15:18:00.000,84.458,84.478,84.417,84.468,0.0201
25.07.2019 15:19:00.000,84.467,84.508,84.447,84.448,0.0956
25.07.2019 15:20:00.000,84.448,84.508,84.387,84.407,0.0836
25.07.2019 15:21:00.000,84.407,84.408,84.258,84.267,0.0749
25.07.2019 15:22:00.000,84.268,84.276,84.138,84.168,0.0808
25.07.2019 15:23:00.000,84.168,84.258,84.168,84.197,0.0281
25.07.2019 15:24:00.000,84.197,84.258,84.188,84.218,0.0498
25.07.2019 15:25:00.000,84.208,84.258,84.197,84.198,0.1263
25.07.2019 15:26:00.000,84.198,84.198,84.107,84.108,0.0563
25.07.2019 15:27:00.000,84.097,84.138,84.067,84.067,0.0708
25.07.2019 15:28:00.000,84.088,84.088,83.988,83.997,0.0408
25.07.2019 15:29:00.000,83.998,83.998,83.788,83.788,0.0987
25.07.2019 15:30:00.000,83.797,83.797,83.688,83.718,0.0863
25.07.2019 15:31:00.000,83.717,83.798,83.648,83.688,0.18
25.07.2019 15:32:00.000,83.688,83.698,83.607,83.608,0.1671
25.07.2019 15:33:00.000,83.608,83.717,83.587,83.587,0.0673
25.07.2019 15:34:00.000,83.588,83.618,83.377,83.478,0.1189
25.07.2019 15:35:00.000,83.477,83.588,83.477,83.568,0.0465
25.07.2019 15:36:00.000,83.568,83.568,83.497,83.497,0.0747
25.07.2019 15:37:00.000,83.498,83.507,83.357,83.438,0.1417
25.07.2019 15:38:00.000,83.428,83.498,83.427,83.437,0.0584
25.07.2019 15:39:00.000,83.448,83.508,83.438,83.478,0.0262
25.07.2019 15:40:00.000,83.477,83.598,83.477,83.538,0.0675
25.07.2019 15:41:00.000,83.537,83.588,83.517,83.518,0.048
25.07.2019 15:42:00.000,83.537,83.568,83.537,83.547,0.0315
25.07.2019 15:43:00.000,83.547,83.548,83.428,83.428,0.0657
25.07.2019 15:44:00.000,83.428,83.448,83.327,83.407,0.084
25.07.2019 15:45:00.000,83.428,83.428,83.327,83.348,0.0746
25.07.2019 15:46:00.000,83.367,83.378,83.238,83.238,0.0825
25.07.2019 15:47:00.000,83.237,83.298,83.027,83.058,0.1176
25.07.2019 15:48:00.000,83.058,83.118,83.037,83.097,0.0275
25.07.2019 15:49:00.000,83.098,83.098,82.648,82.678,0.2187
25.07.2019 15:50:00.000,82.677,82.778,82.497,82.498,0.1471
25.07.2019 15:51:00.000,82.497,82.518,82.427,82.508,0.1564
25.07.2019 15:52:00.000,82.508,82.508,82.147,82.158,0.2514
25.07.2019 15:53:00.000,82.178,82.468,82.147,82.437,0.0605
25.07.2019 15:54:00.000,82.438,82.508,82.388,82.507,0.1229
25.07.2019 15:55:00.000,82.517,82.517,82.367,82.478,0.0739
25.07.2019 15:56:00.000,82.467,82.668,82.467,82.668,0.1055
25.07.2019 15:57:00.000,82.667,82.838,82.667,82.768,0.1379
25.07.2019 15:58:00.000,82.768,82.858,82.747,82.748,0.1034
25.07.2019 15:59:00.000,82.748,82.838,82.718,82.808,0.1476
25.07.2019 16:00:00.000,82.807,82.848,82.738,82.838,0.0846
25.07.2019 16:01:00.000,82.837,83.008,82.827,83.007,0.0975
25.07.2019 16:02:00.000,83.008,83.078,82.907,82.957,0.1471
25.07.2019 16:03:00.000,82.957,83.048,82.947,82.947,0.025
25.07.2019 16:04:00.000,82.947,82.947,82.847,82.938,0.0537
25.07.2019 16:05:00.000,82.937,82.978,82.878,82.977,0.1706
25.07.2019 16:06:00.000,82.978,83.007,82.847,82.877,0.1166
25.07.2019 16:07:00.000,82.877,82.958,82.777,82.807,0.0561
25.07.2019 16:08:00.000,82.808,82.808,82.737,82.758,0.0875
25.07.2019 16:09:00.000,82.757,82.907,82.738,82.888,0.1363
25.07.2019 16:10:00.000,82.887,83.018,82.868,82.888,0.1264
25.07.2019 16:11:00.000,82.888,82.928,82.868,82.878,0.0563
25.07.2019 16:12:00.000,82.887,83.017,82.887,82.988,0.1981
25.07.2019 16:13:00.000,82.987,83.028,82.887,82.918,0.0343
25.07.2019 16:14:00.000,82.928,83.008,82.928,82.967,0.0587
25.07.2019 16:15:00.000,82.977,82.978,82.848,82.948,0.1041
25.07.2019 16:16:00.000,82.957,83.048,82.937,83.017,0.044
25.07.2019 16:17:00.000,83.018,83.108,83.007,83.078,0.0675
25.07.2019 16:18:00.000,83.097,83.238,83.097,83.238,0.0055
25.07.2019 16:19:00.000,83.237,83.368,83.178,83.278,0.0891
25.07.2019 16:20:00.000,83.278,83.278,83.147,83.188,0.0371
25.07.2019 16:21:00.000,83.188,83.188,83.037,83.077,0.0283
25.07.2019 16:22:00.000,83.118,83.167,83.107,83.128,0.0161
25.07.2019 16:23:00.000,83.127,83.141,83.097,83.097,0.0268
25.07.2019 16:24:00.000,83.127,83.198,83.127,83.198,0.0043
25.07.2019 16:25:00.000,83.198,83.297,83.167,83.288,0.0695
25.07.2019 16:26:00.000,83.318,83.368,83.288,83.328,0.0406
25.07.2019 16:27:00.000,83.328,83.408,83.237,83.238,0.1174
25.07.2019 16:28:00.000,83.247,83.277,83.158,83.228,0.0216
25.07.2019 16:29:00.000,83.228,83.248,83.147,83.188,0.0115
25.07.2019 16:30:00.000,83.207,83.258,83.167,83.177,0.0146
25.07.2019 16:31:00.000,83.178,83.187,83.118,83.166,0.0442
25.07.2019 16:32:00.000,83.168,83.248,83.158,83.238,0.0268
25.07.2019 16:33:00.000,83.237,83.287,83.207,83.218,0.0059
25.07.2019 16:34:00.000,83.228,83.257,83.187,83.218,0.0418
25.07.2019 16:35:00.000,83.218,83.318,83.218,83.318,0.0311
25.07.2019 16:36:00.000,83.348,83.458,83.318,83.447,0.1839
25.07.2019 16:37:00.000,83.448,83.458,83.307,83.308,0.0407
25.07.2019 16:38:00.000,83.288,83.308,83.207,83.217,0.06
25.07.2019 16:39:00.000,83.227,83.258,83.188,83.208,0.0387
25.07.2019 16:40:00.000,83.207,83.208,83.137,83.137,0.0331
25.07.2019 16:41:00.000,83.148,83.268,83.137,83.258,0.0221
25.07.2019 16:42:00.000,83.258,83.328,83.257,83.308,0.0676
25.07.2019 16:43:00.000,83.298,83.308,83.257,83.297,0.0298
25.07.2019 16:44:00.000,83.298,83.428,83.297,83.428,0.0057
25.07.2019 16:45:00.000,83.428,83.428,83.348,83.377,0.0408
25.07.2019 16:46:00.000,83.378,83.418,83.377,83.418,0.0049
25.07.2019 16:47:00.000,83.417,83.508,83.417,83.458,0.0482
25.07.2019 16:48:00.000,83.458,83.548,83.457,83.548,0.0364
25.07.2019 16:49:00.000,83.547,83.578,83.468,83.468,0.083
25.07.2019 16:50:00.000,83.458,83.487,83.408,83.436,0.036
25.07.2019 16:51:00.000,83.438,83.557,83.438,83.557,0.0028
25.07.2019 16:52:00.000,83.558,83.598,83.497,83.497,0.0306
25.07.2019 16:53:00.000,83.498,83.518,83.478,83.498,0.0239
25.07.2019 16:54:00.000,83.508,83.548,83.508,83.518,0.0353
25.07.2019 16:55:00.000,83.527,83.648,83.517,83.608,0.0305
25.07.2019 16:56:00.000,83.628,83.637,83.607,83.618,0.0406
25.07.2019 16:57:00.000,83.618,83.618,83.458,83.458,0.0438
25.07.2019 16:58:00.000,83.468,83.488,83.398,83.428,0.0652
25.07.2019 16:59:00.000,83.427,83.478,83.357,83.358,0.0522
25.07.2019 17:00:00.000,83.378,83.378,83.208,83.208,0.128
25.07.2019 17:01:00.000,83.208,83.218,83.108,83.138,0.082
25.07.2019 17:02:00.000,83.137,83.148,83.057,83.058,0.0283
25.07.2019 17:03:00.000,83.057,83.128,83.057,83.128,0.0644
25.07.2019 17:04:00.000,83.128,83.218,83.088,83.088,0.0811
25.07.2019 17:05:00.000,83.087,83.098,83.027,83.028,0.1368
25.07.2019 17:06:00.000,83.048,83.168,83.038,83.168,0.0173
25.07.2019 17:07:00.000,83.167,83.328,83.167,83.328,0.0777
25.07.2019 17:08:00.000,83.338,83.438,83.327,83.437,0.071
25.07.2019 17:09:00.000,83.438,83.568,83.438,83.488,0.0921
25.07.2019 17:10:00.000,83.488,83.488,83.337,83.358,0.0657
25.07.2019 17:11:00.000,83.357,83.357,83.167,83.167,0.0432
25.07.2019 17:12:00.000,83.167,83.198,83.078,83.078,0.0604
25.07.2019 17:13:00.000,83.077,83.118,83.057,83.077,0.0338
25.07.2019 17:14:00.000,83.128,83.168,83.077,83.078,0.0044
25.07.2019 17:15:00.000,83.098,83.178,83.098,83.127,0.0463
25.07.2019 17:16:00.000,83.128,83.177,83.098,83.098,0.0317
25.07.2019 17:17:00.000,83.098,83.187,83.088,83.088,0.0925
25.07.2019 17:18:00.000,83.088,83.098,83.047,83.088,0.0947
25.07.2019 17:19:00.000,83.097,83.097,83.038,83.048,0.0308
25.07.2019 17:20:00.000,83.048,83.048,83.007,83.018,0.0425
25.07.2019 17:21:00.000,83.018,83.028,82.958,82.958,0.0986
25.07.2019 17:22:00.000,82.958,82.988,82.857,82.868,0.1211
25.07.2019 17:23:00.000,82.858,82.858,82.748,82.768,0.1192
25.07.2019 17:24:00.000,82.777,82.898,82.757,82.868,0.1519
25.07.2019 17:25:00.000,82.877,82.918,82.877,82.898,0.068
25.07.2019 17:26:00.000,82.897,82.928,82.897,82.928,0.0512
25.07.2019 17:27:00.000,82.928,82.958,82.878,82.937,0.0356
25.07.2019 17:28:00.000,82.938,82.968,82.917,82.958,0.0509
25.07.2019 17:29:00.000,82.968,83.038,82.968,82.997,0.0108
25.07.2019 17:30:00.000,82.998,83.048,82.977,83.028,0.0784
25.07.2019 17:31:00.000,83.027,83.088,83.027,83.078,0.0618
25.07.2019 17:32:00.000,83.068,83.138,83.068,83.138,0.0996
25.07.2019 17:33:00.000,83.147,83.147,83.117,83.128,0.0591
25.07.2019 17:34:00.000,83.118,83.238,83.118,83.237,0.0295
25.07.2019 17:35:00.000,83.238,83.238,83.117,83.127,0.0473
25.07.2019 17:36:00.000,83.128,83.198,83.127,83.178,0.0262
25.07.2019 17:37:00.000,83.208,83.218,83.188,83.207,0.0299
25.07.2019 17:38:00.000,83.208,83.258,83.168,83.257,0.0368
25.07.2019 17:39:00.000,83.248,83.298,83.218,83.298,0.1186
25.07.2019 17:40:00.000,83.297,83.338,83.287,83.288,0.0088
25.07.2019 17:41:00.000,83.287,83.288,83.248,83.248,0.0265
25.07.2019 17:42:00.000,83.257,83.297,83.247,83.257,0.0046
25.07.2019 17:43:00.000,83.268,83.298,83.238,83.238,0.028
25.07.2019 17:44:00.000,83.237,83.248,83.208,83.218,0.0409
25.07.2019 17:45:00.000,83.218,83.228,83.187,83.227,0.0291
25.07.2019 17:46:00.000,83.237,83.298,83.208,83.218,0.1053
25.07.2019 17:47:00.000,83.228,83.228,83.197,83.228,0.0129
25.07.2019 17:48:00.000,83.238,83.268,83.237,83.268,0.0182
25.07.2019 17:49:00.000,83.278,83.288,83.267,83.288,0.0105
25.07.2019 17:50:00.000,83.298,83.338,83.287,83.288,0.0938
25.07.2019 17:51:00.000,83.288,83.308,83.258,83.268,0.0124
25.07.2019 17:52:00.000,83.267,83.278,83.168,83.168,0.0463
25.07.2019 17:53:00.000,83.137,83.178,83.098,83.147,0.0642
25.07.2019 17:54:00.000,83.148,83.148,83.067,83.117,0.1108
25.07.2019 17:55:00.000,83.117,83.138,83.087,83.098,0.026
25.07.2019 17:56:00.000,83.117,83.118,83.077,83.088,0.0201
25.07.2019 17:57:00.000,83.088,83.107,83.017,83.028,0.1147
25.07.2019 17:58:00.000,83.027,83.058,83.008,83.038,0.0539
25.07.2019 17:59:00.000,83.027,83.048,82.997,83.018,0.0252
25.07.2019 18:00:00.000,83.017,83.018,82.987,83.018,0.0611
25.07.2019 18:01:00.000,83.018,83.068,83.018,83.047,0.0488
25.07.2019 18:02:00.000,83.047,83.078,82.978,82.987,0.09
25.07.2019 18:03:00.000,82.988,83.017,82.977,82.988,0.0213
25.07.2019 18:04:00.000,82.997,82.998,82.967,82.968,0.0829
25.07.2019 18:05:00.000,82.978,83.008,82.968,83.008,0.0395
25.07.2019 18:06:00.000,83.008,83.048,83.007,83.048,0.0405
25.07.2019 18:07:00.000,83.048,83.078,82.987,82.998,0.0979
25.07.2019 18:08:00.000,82.997,83.007,82.987,82.987,0.0737
25.07.2019 18:09:00.000,82.988,82.998,82.948,82.957,0.0453
25.07.2019 18:10:00.000,82.958,82.968,82.917,82.918,0.0074
25.07.2019 18:11:00.000,82.918,82.938,82.898,82.927,0.0743
25.07.2019 18:12:00.000,82.927,82.958,82.757,82.778,0.18
25.07.2019 18:13:00.000,82.778,82.818,82.677,82.697,0.0889
25.07.2019 18:14:00.000,82.698,82.728,82.657,82.658,0.133
25.07.2019 18:15:00.000,82.657,82.668,82.558,82.597,0.1476
25.07.2019 18:16:00.000,82.598,82.608,82.547,82.568,0.0446
25.07.2019 18:17:00.000,82.548,82.568,82.457,82.457,0.1933
25.07.2019 18:18:00.000,82.467,82.518,82.447,82.448,0.0714
25.07.2019 18:19:00.000,82.448,82.568,82.388,82.518,0.1055
25.07.2019 18:20:00.000,82.498,82.548,82.497,82.547,0.0578
25.07.2019 18:21:00.000,82.548,82.588,82.538,82.588,0.0116
25.07.2019 18:22:00.000,82.587,82.628,82.578,82.588,0.0421
25.07.2019 18:23:00.000,82.588,82.598,82.537,82.538,0.0708
25.07.2019 18:24:00.000,82.547,82.598,82.547,82.568,0.0388
25.07.2019 18:25:00.000,82.567,82.568,82.537,82.557,0.0984
25.07.2019 18:26:00.000,82.548,82.578,82.547,82.578,0.0605
25.07.2019 18:27:00.000,82.577,82.598,82.577,82.587,0.04
25.07.2019 18:28:00.000,82.587,82.618,82.558,82.558,0.0632
25.07.2019 18:29:00.000,82.568,82.578,82.438,82.447,0.1092
25.07.2019 18:30:00.000,82.448,82.458,82.427,82.438,0.0505
25.07.2019 18:31:00.000,82.438,82.478,82.368,82.458,0.1593
25.07.2019 18:32:00.000,82.468,82.488,82.457,82.457,0.0284
25.07.2019 18:33:00.000,82.458,82.478,82.457,82.478,0.1149
25.07.2019 18:34:00.000,82.477,82.518,82.428,82.437,0.118
25.07.2019 18:35:00.000,82.438,82.458,82.437,82.438,0.0605
25.07.2019 18:36:00.000,82.438,82.478,82.397,82.447,0.0859
25.07.2019 18:37:00.000,82.448,82.557,82.448,82.528,0.0446
25.07.2019 18:38:00.000,82.518,82.558,82.518,82.548,0.0699
25.07.2019 18:39:00.000,82.548,82.578,82.477,82.478,0.0404
25.07.2019 18:40:00.000,82.487,82.488,82.457,82.458,0.0286
25.07.2019 18:41:00.000,82.467,82.518,82.447,82.518,0.056
25.07.2019 18:42:00.000,82.518,82.518,82.458,82.458,0.0505
25.07.2019 18:43:00.000,82.467,82.528,82.467,82.517,0.0478
25.07.2019 18:44:00.000,82.518,82.548,82.487,82.548,0.0223
25.07.2019 18:45:00.000,82.567,82.647,82.548,82.578,0.0642
25.07.2019 18:46:00.000,82.578,82.588,82.547,82.558,0.095
25.07.2019 18:47:00.000,82.578,82.608,82.547,82.608,0.0707
25.07.2019 18:48:00.000,82.608,82.658,82.608,82.657,0.0819
25.07.2019 18:49:00.000,82.658,82.748,82.658,82.718,0.0605
25.07.2019 18:50:00.000,82.718,82.748,82.678,82.687,0.0736
25.07.2019 18:51:00.000,82.687,82.708,82.677,82.708,0.0672
25.07.2019 18:52:00.000,82.697,82.788,82.677,82.688,0.1491
25.07.2019 18:53:00.000,82.687,82.708,82.677,82.688,0.0987
25.07.2019 18:54:00.000,82.688,82.688,82.628,82.648,0.0539
25.07.2019 18:55:00.000,82.647,82.728,82.607,82.707,0.1915
25.07.2019 18:56:00.000,82.708,82.708,82.648,82.667,0.0727
25.07.2019 18:57:00.000,82.678,82.728,82.657,82.728,0.0513
25.07.2019 18:58:00.000,82.727,82.727,82.687,82.707,0.0424
25.07.2019 18:59:00.000,82.707,82.708,82.677,82.677,0.0798
25.07.2019 19:00:00.000,82.678,82.718,82.657,82.718,0.0629
25.07.2019 19:01:00.000,82.717,82.797,82.707,82.768,0.0318
25.07.2019 19:02:00.000,82.767,82.768,82.647,82.678,0.1433
25.07.2019 19:03:00.000,82.668,82.677,82.627,82.628,0.0784
25.07.2019 19:04:00.000,82.627,82.628,82.507,82.538,0.1088
25.07.2019 19:05:00.000,82.538,82.558,82.497,82.518,0.0569
25.07.2019 19:06:00.000,82.528,82.538,82.517,82.538,0.0818
25.07.2019 19:07:00.000,82.538,82.588,82.517,82.557,0.0791
25.07.2019 19:08:00.000,82.558,82.568,82.528,82.568,0.0516
25.07.2019 19:09:00.000,82.568,82.658,82.568,82.658,0.0758
25.07.2019 19:10:00.000,82.658,82.668,82.628,82.628,0.0994
25.07.2019 19:11:00.000,82.637,82.718,82.637,82.708,0.0237
25.07.2019 19:12:00.000,82.708,82.768,82.708,82.747,0.02
25.07.2019 19:13:00.000,82.748,82.758,82.697,82.758,0.0696
25.07.2019 19:14:00.000,82.758,82.798,82.728,82.798,0.0464
25.07.2019 19:15:00.000,82.798,82.878,82.798,82.878,0.0295
25.07.2019 19:16:00.000,82.877,82.948,82.867,82.898,0.1225
25.07.2019 19:17:00.000,82.898,82.968,82.897,82.947,0.0512
25.07.2019 19:18:00.000,82.948,83.008,82.948,82.998,0.0189
25.07.2019 19:19:00.000,82.998,83.007,82.868,82.868,0.1297
25.07.2019 19:20:00.000,82.858,82.898,82.858,82.867,0.0634
25.07.2019 19:21:00.000,82.867,82.918,82.857,82.918,0.0498
25.07.2019 19:22:00.000,82.908,82.958,82.887,82.887,0.0779
25.07.2019 19:23:00.000,82.878,82.938,82.878,82.897,0.0223
25.07.2019 19:24:00.000,82.897,82.938,82.897,82.938,0.088
25.07.2019 19:25:00.000,82.937,82.988,82.937,82.988,0.122
25.07.2019 19:26:00.000,82.998,83.058,82.998,83.058,0.0882
25.07.2019 19:27:00.000,83.057,83.098,83.047,83.098,0.0568
25.07.2019 19:28:00.000,83.097,83.097,83.018,83.027,0.0747
25.07.2019 19:29:00.000,83.028,83.088,83.028,83.068,0.0461
25.07.2019 19:30:00.000,83.067,83.068,83.028,83.048,0.0642
25.07.2019 19:31:00.000,83.047,83.098,83.027,83.097,0.0914
25.07.2019 19:32:00.000,83.098,83.108,83.078,83.097,0.1085
25.07.2019 19:33:00.000,83.087,83.108,83.067,83.107,0.1231
25.07.2019 19:34:00.000,83.108,83.218,83.107,83.218,0.1587
25.07.2019 19:35:00.000,83.228,83.278,83.218,83.237,0.1139
25.07.2019 19:36:00.000,83.238,83.298,83.237,83.248,0.1202
25.07.2019 19:37:00.000,83.248,83.248,83.207,83.238,0.1187
25.07.2019 19:38:00.000,83.228,83.338,83.207,83.308,0.1049
25.07.2019 19:39:00.000,83.317,83.328,83.228,83.228,0.0658
25.07.2019 19:40:00.000,83.228,83.238,83.168,83.178,0.1532
25.07.2019 19:41:00.000,83.177,83.278,83.177,83.278,0.0997
25.07.2019 19:42:00.000,83.297,83.368,83.287,83.357,0.1132
25.07.2019 19:43:00.000,83.367,83.468,83.357,83.438,0.0655
25.07.2019 19:44:00.000,83.427,83.428,83.307,83.358,0.069
25.07.2019 19:45:00.000,83.357,83.398,83.357,83.398,0.0769
25.07.2019 19:46:00.000,83.397,83.478,83.397,83.448,0.2146
25.07.2019 19:47:00.000,83.457,83.468,83.358,83.388,0.1854
25.07.2019 19:48:00.000,83.387,83.498,83.387,83.488,0.1228
25.07.2019 19:49:00.000,83.487,83.488,83.417,83.437,0.2035
25.07.2019 19:50:00.000,83.438,83.447,83.338,83.388,0.1812
25.07.2019 19:51:00.000,83.387,83.408,83.347,83.387,0.2546
25.07.2019 19:52:00.000,83.388,83.468,83.387,83.408,0.1135
25.07.2019 19:53:00.000,83.407,83.418,83.328,83.348,0.185
25.07.2019 19:54:00.000,83.347,83.408,83.347,83.388,0.2026
25.07.2019 19:55:00.000,83.387,83.418,83.347,83.378,0.3492
25.07.2019 19:56:00.000,83.377,83.477,83.347,83.427,0.2728
25.07.2019 19:57:00.000,83.428,83.428,83.337,83.357,0.3387
25.07.2019 19:58:00.000,83.358,83.398,83.297,83.398,0.2212
25.07.2019 19:59:00.000,83.397,83.458,83.347,83.427,0.4686
26.07.2019 13:30:00.000,82.907,83.348,82.907,83.348,0.0592
26.07.2019 13:31:00.000,83.347,83.347,83.158,83.258,0.0092
26.07.2019 13:32:00.000,83.257,83.327,83.257,83.288,0.0475
26.07.2019 13:33:00.000,83.298,83.418,83.158,83.278,0.0395
26.07.2019 13:34:00.000,83.287,83.348,83.187,83.248,0.0246
26.07.2019 13:35:00.000,83.257,83.327,83.087,83.168,0.0757
26.07.2019 13:36:00.000,83.168,83.287,83.167,83.208,0.0993
26.07.2019 13:37:00.000,83.208,83.228,82.978,82.988,0.1543
26.07.2019 13:38:00.000,82.987,83.178,82.977,83.178,0.0507
26.07.2019 13:39:00.000,83.187,83.297,83.177,83.258,0.0586
26.07.2019 13:40:00.000,83.268,83.478,83.268,83.478,0.0665
26.07.2019 13:41:00.000,83.477,83.568,83.437,83.507,0.0298
26.07.2019 13:42:00.000,83.508,83.648,83.478,83.488,0.1379
26.07.2019 13:43:00.000,83.488,83.518,83.487,83.518,0.0025
26.07.2019 13:44:00.000,83.538,83.548,83.448,83.448,0.0489
26.07.2019 13:45:00.000,83.448,83.458,83.347,83.368,0.0573
26.07.2019 13:46:00.000,83.368,83.618,83.368,83.607,0.0847
26.07.2019 13:47:00.000,83.608,83.858,83.607,83.858,0.0616
26.07.2019 13:48:00.000,83.867,83.928,83.848,83.878,0.1035
26.07.2019 13:49:00.000,83.887,84.048,83.887,83.958,0.0852
26.07.2019 13:50:00.000,83.958,83.988,83.848,83.988,0.044
26.07.2019 13:51:00.000,83.997,84.107,83.997,84.038,0.1005
26.07.2019 13:52:00.000,84.038,84.168,83.998,84.148,0.1128
26.07.2019 13:53:00.000,84.148,84.148,84.088,84.088,0.1086
26.07.2019 13:54:00.000,84.057,84.158,84.038,84.068,0.0855
26.07.2019 13:55:00.000,84.068,84.148,84.068,84.138,0.0914
26.07.2019 13:56:00.000,84.137,84.178,84.137,84.168,0.0263
26.07.2019 13:57:00.000,84.168,84.168,84.037,84.037,0.081
26.07.2019 13:58:00.000,84.038,84.058,83.878,83.888,0.0839
26.07.2019 13:59:00.000,83.887,83.888,83.537,83.538,0.1094
26.07.2019 14:00:00.000,83.538,83.600,83.537,83.598,0.0731
26.07.2019 14:01:00.000,83.617,83.638,83.588,83.638,0.1123
26.07.2019 14:02:00.000,83.638,83.647,83.527,83.568,0.1843
26.07.2019 14:03:00.000,83.528,83.698,83.527,83.637,0.1474
26.07.2019 14:04:00.000,83.678,83.797,83.678,83.778,0.1811
26.07.2019 14:05:00.000,83.778,83.808,83.757,83.768,0.0393
26.07.2019 14:06:00.000,83.777,83.818,83.627,83.628,0.0735
26.07.2019 14:07:00.000,83.627,83.658,83.588,83.588,0.0431
26.07.2019 14:08:00.000,83.597,83.638,83.577,83.577,0.0981
26.07.2019 14:09:00.000,83.578,83.578,83.387,83.508,0.0734
26.07.2019 14:10:00.000,83.507,83.528,83.488,83.488,0.0031
26.07.2019 14:11:00.000,83.487,83.548,83.487,83.518,0.0971
26.07.2019 14:12:00.000,83.528,83.608,83.527,83.538,0.0355
26.07.2019 14:13:00.000,83.528,83.541,83.437,83.478,0.0579
26.07.2019 14:14:00.000,83.478,83.548,83.477,83.478,0.0498
26.07.2019 14:15:00.000,83.518,83.518,83.427,83.438,0.0345
26.07.2019 14:16:00.000,83.448,83.468,83.418,83.468,0.0264
26.07.2019 14:17:00.000,83.467,83.478,83.418,83.468,0.0936
26.07.2019 14:18:00.000,83.467,83.608,83.467,83.608,0.0349
26.07.2019 14:19:00.000,83.617,83.668,83.617,83.628,0.0099
26.07.2019 14:20:00.000,83.638,83.638,83.608,83.618,0.1101
26.07.2019 14:21:00.000,83.628,83.628,83.527,83.587,0.139
26.07.2019 14:22:00.000,83.597,83.719,83.597,83.719,0.0873
26.07.2019 14:23:00.000,83.718,83.778,83.707,83.718,0.0585
26.07.2019 14:24:00.000,83.717,83.718,83.608,83.608,0.0765
26.07.2019 14:25:00.000,83.627,83.758,83.627,83.728,0.05
26.07.2019 14:26:00.000,83.738,83.738,83.690,83.708,0.0952
26.07.2019 14:27:00.000,83.707,83.748,83.667,83.748,0.0971
26.07.2019 14:28:00.000,83.767,83.777,83.657,83.658,0.1152
26.07.2019 14:29:00.000,83.658,83.658,83.608,83.617,0.0028
26.07.2019 14:30:00.000,83.618,83.628,83.578,83.588,0.06
26.07.2019 14:31:00.000,83.590,83.638,83.577,83.638,0.0793
26.07.2019 14:32:00.000,83.648,83.698,83.647,83.698,0.0702
26.07.2019 14:33:00.000,83.668,83.748,83.668,83.748,0.0678
26.07.2019 14:34:00.000,83.757,83.818,83.757,83.818,0.0508
26.07.2019 14:35:00.000,83.827,83.910,83.827,83.908,0.0269
26.07.2019 14:36:00.000,83.908,83.958,83.887,83.958,0.0778
26.07.2019 14:37:00.000,83.978,83.988,83.898,83.898,0.0841
26.07.2019 14:38:00.000,83.908,83.988,83.908,83.937,0.0104
26.07.2019 14:39:00.000,83.947,83.948,83.857,83.858,0.0819
26.07.2019 14:40:00.000,83.887,83.887,83.848,83.868,0.0826
26.07.2019 14:41:00.000,83.858,83.858,83.757,83.757,0.1407
26.07.2019 14:42:00.000,83.757,83.788,83.718,83.728,0.1411
26.07.2019 14:43:00.000,83.728,83.748,83.689,83.698,0.1448
26.07.2019 14:44:00.000,83.697,83.748,83.670,83.748,0.1187
26.07.2019 14:45:00.000,83.757,83.788,83.688,83.708,0.1001
26.07.2019 14:46:00.000,83.708,83.748,83.688,83.738,0.0646
26.07.2019 14:47:00.000,83.738,83.761,83.737,83.757,0.0325
26.07.2019 14:48:00.000,83.738,83.748,83.689,83.689,0.0948
26.07.2019 14:49:00.000,83.708,83.878,83.689,83.878,0.0983
26.07.2019 14:50:00.000,83.878,83.888,83.827,83.888,0.0425
26.07.2019 14:51:00.000,83.888,83.908,83.867,83.880,0.0484
26.07.2019 14:52:00.000,83.888,83.918,83.877,83.898,0.0203
26.07.2019 14:53:00.000,83.898,83.898,83.877,83.878,0.0275
26.07.2019 14:54:00.000,83.878,83.928,83.877,83.877,0.0873
26.07.2019 14:55:00.000,83.888,83.908,83.877,83.888,0.0104
26.07.2019 14:56:00.000,83.888,83.958,83.888,83.958,0.0639
26.07.2019 14:57:00.000,83.958,83.968,83.937,83.938,0.0322
26.07.2019 14:58:00.000,83.938,84.018,83.918,83.918,0.0619
26.07.2019 14:59:00.000,83.907,83.937,83.907,83.937,0.0391
26.07.2019 15:00:00.000,83.937,83.960,83.937,83.948,0.0948
26.07.2019 15:01:00.000,83.937,83.988,83.877,83.877,0.0782
26.07.2019 15:02:00.000,83.888,83.897,83.867,83.878,0.0098
26.07.2019 15:03:00.000,83.878,83.878,83.847,83.868,0.0358
26.07.2019 15:04:00.000,83.867,83.898,83.867,83.868,0.0792
26.07.2019 15:05:00.000,83.867,83.918,83.867,83.908,0.033
26.07.2019 15:06:00.000,83.898,83.998,83.897,83.998,0.0865
26.07.2019 15:07:00.000,83.998,84.017,83.948,83.968,0.0512
26.07.2019 15:08:00.000,83.968,83.978,83.937,83.938,0.0712
26.07.2019 15:09:00.000,83.927,83.927,83.867,83.870,0.0798
26.07.2019 15:10:00.000,83.877,83.898,83.797,83.799,0.1026
26.07.2019 15:11:00.000,83.827,83.838,83.797,83.797,0.0485
26.07.2019 15:12:00.000,83.798,83.808,83.738,83.758,0.1163
26.07.2019 15:13:00.000,83.760,83.808,83.757,83.778,0.0709
26.07.2019 15:14:00.000,83.778,83.808,83.777,83.777,0.049
26.07.2019 15:15:00.000,83.788,83.897,83.787,83.868,0.0417
26.07.2019 15:16:00.000,83.868,83.917,83.848,83.917,0.1459
26.07.2019 15:17:00.000,83.918,83.928,83.877,83.878,0.0485
26.07.2019 15:18:00.000,83.877,83.938,83.877,83.918,0.0443
26.07.2019 15:19:00.000,83.917,83.957,83.897,83.957,0.0209
26.07.2019 15:20:00.000,83.958,83.968,83.928,83.968,0.0578
26.07.2019 15:21:00.000,83.978,83.988,83.947,83.987,0.044
26.07.2019 15:22:00.000,83.988,83.988,83.897,83.898,0.1163
26.07.2019 15:23:00.000,83.918,83.938,83.898,83.938,0.0327
26.07.2019 15:24:00.000,83.959,83.968,83.879,83.898,0.1752
26.07.2019 15:25:00.000,83.897,83.918,83.887,83.888,0.1661
26.07.2019 15:26:00.000,83.888,83.928,83.888,83.908,0.1234
26.07.2019 15:27:00.000,83.917,83.970,83.917,83.948,0.1101
26.07.2019 15:28:00.000,83.948,83.988,83.937,83.947,0.0837
26.07.2019 15:29:00.000,83.958,83.988,83.900,83.980,0.2328
26.07.2019 15:30:00.000,83.980,83.988,83.947,83.968,0.0704
26.07.2019 15:31:00.000,83.977,84.027,83.948,84.019,0.0907
26.07.2019 15:32:00.000,84.019,84.108,84.017,84.108,0.0233
26.07.2019 15:33:00.000,84.107,84.158,84.107,84.127,0.0866
26.07.2019 15:34:00.000,84.128,84.138,84.038,84.108,0.1494
26.07.2019 15:35:00.000,84.108,84.188,84.107,84.178,0.0027
26.07.2019 15:36:00.000,84.178,84.198,84.128,84.147,0.0355
26.07.2019 15:37:00.000,84.147,84.158,84.137,84.158,0.0184
26.07.2019 15:38:00.000,84.177,84.208,84.177,84.198,0.0511
26.07.2019 15:39:00.000,84.207,84.207,84.167,84.177,0.0383
26.07.2019 15:40:00.000,84.178,84.208,84.168,84.198,0.0178
26.07.2019 15:41:00.000,84.188,84.188,84.168,84.168,0.0157
26.07.2019 15:42:00.000,84.168,84.228,84.137,84.208,0.0827
26.07.2019 15:43:00.000,84.197,84.208,84.098,84.098,0.1083
26.07.2019 15:44:00.000,84.098,84.121,84.067,84.118,0.1542
26.07.2019 15:45:00.000,84.118,84.148,84.107,84.148,0.1089
26.07.2019 15:46:00.000,84.149,84.178,84.149,84.178,0.0502
26.07.2019 15:47:00.000,84.177,84.208,84.177,84.178,0.0685
26.07.2019 15:48:00.000,84.178,84.178,84.127,84.128,0.0602
26.07.2019 15:49:00.000,84.127,84.148,84.097,84.148,0.0337
26.07.2019 15:50:00.000,84.168,84.218,84.167,84.218,0.0883
26.07.2019 15:51:00.000,84.227,84.228,84.197,84.207,0.0368
26.07.2019 15:52:00.000,84.198,84.218,84.178,84.207,0.0913
26.07.2019 15:53:00.000,84.208,84.258,84.178,84.178,0.0772
26.07.2019 15:54:00.000,84.177,84.218,84.177,84.188,0.0655
26.07.2019 15:55:00.000,84.187,84.208,84.187,84.208,0.0566
26.07.2019 15:56:00.000,84.208,84.258,84.197,84.227,0.0678
26.07.2019 15:57:00.000,84.218,84.268,84.208,84.257,0.0797
26.07.2019 15:58:00.000,84.288,84.288,84.238,84.238,0.0557
26.07.2019 15:59:00.000,84.248,84.260,84.237,84.238,0.0372
26.07.2019 16:00:00.000,84.237,84.268,84.217,84.218,0.0405
26.07.2019 16:01:00.000,84.231,84.288,84.231,84.278,0.0922
26.07.2019 16:02:00.000,84.279,84.318,84.279,84.308,0.1005
26.07.2019 16:03:00.000,84.307,84.368,84.307,84.348,0.0849
26.07.2019 16:04:00.000,84.347,84.358,84.298,84.298,0.0563
26.07.2019 16:05:00.000,84.298,84.308,84.270,84.288,0.0752
26.07.2019 16:06:00.000,84.288,84.297,84.237,84.258,0.0755
26.07.2019 16:07:00.000,84.259,84.348,84.248,84.338,0.0773
26.07.2019 16:08:00.000,84.338,84.338,84.297,84.318,0.0265
26.07.2019 16:09:00.000,84.308,84.318,84.268,84.318,0.0519
26.07.2019 16:10:00.000,84.317,84.358,84.317,84.358,0.0395
26.07.2019 16:11:00.000,84.358,84.458,84.358,84.448,0.0506
26.07.2019 16:12:00.000,84.448,84.458,84.417,84.448,0.1065
26.07.2019 16:13:00.000,84.447,84.450,84.427,84.428,0.0769
26.07.2019 16:14:00.000,84.428,84.488,84.428,84.487,0.0171
26.07.2019 16:15:00.000,84.488,84.508,84.407,84.448,0.0891
26.07.2019 16:16:00.000,84.447,84.458,84.387,84.388,0.0719
26.07.2019 16:17:00.000,84.387,84.387,84.288,84.327,0.051
26.07.2019 16:18:00.000,84.308,84.308,84.218,84.218,0.0535
26.07.2019 16:19:00.000,84.218,84.298,84.178,84.238,0.1093
26.07.2019 16:20:00.000,84.258,84.298,84.258,84.287,0.02
26.07.2019 16:21:00.000,84.298,84.308,84.287,84.298,0.0141
26.07.2019 16:22:00.000,84.297,84.378,84.288,84.378,0.1214
26.07.2019 16:23:00.000,84.378,84.378,84.347,84.358,0.0402
26.07.2019 16:24:00.000,84.358,84.398,84.348,84.378,0.0394
26.07.2019 16:25:00.000,84.377,84.448,84.377,84.428,0.0123
26.07.2019 16:26:00.000,84.437,84.468,84.437,84.447,0.0093
26.07.2019 16:27:00.000,84.448,84.467,84.427,84.438,0.0601
26.07.2019 16:28:00.000,84.438,84.448,84.437,84.438,0.009
26.07.2019 16:29:00.000,84.437,84.438,84.357,84.358,0.066
26.07.2019 16:30:00.000,84.348,84.389,84.347,84.387,0.0341
26.07.2019 16:31:00.000,84.388,84.410,84.347,84.408,0.0609
26.07.2019 16:32:00.000,84.410,84.428,84.390,84.397,0.1502
26.07.2019 16:33:00.000,84.397,84.448,84.387,84.447,0.0049
26.07.2019 16:34:00.000,84.448,84.459,84.407,84.407,0.0783
26.07.2019 16:35:00.000,84.418,84.448,84.387,84.398,0.0538
26.07.2019 16:36:00.000,84.397,84.489,84.388,84.488,0.0599
26.07.2019 16:37:00.000,84.487,84.568,84.487,84.567,0.0749
26.07.2019 16:38:00.000,84.568,84.658,84.568,84.658,0.0788
26.07.2019 16:39:00.000,84.658,84.698,84.647,84.678,0.0207
26.07.2019 16:40:00.000,84.688,84.708,84.658,84.668,0.0923
26.07.2019 16:41:00.000,84.658,84.667,84.548,84.549,0.0838
26.07.2019 16:42:00.000,84.558,84.578,84.547,84.558,0.0498
26.07.2019 16:43:00.000,84.557,84.648,84.557,84.647,0.0383
26.07.2019 16:44:00.000,84.648,84.708,84.648,84.708,0.1326
26.07.2019 16:45:00.000,84.707,84.728,84.698,84.707,0.0964
26.07.2019 16:46:00.000,84.708,84.748,84.708,84.708,0.0682
26.07.2019 16:47:00.000,84.718,84.728,84.648,84.648,0.0354
26.07.2019 16:48:00.000,84.638,84.678,84.638,84.658,0.0805
26.07.2019 16:49:00.000,84.667,84.688,84.648,84.648,0.0709
26.07.2019 16:50:00.000,84.650,84.679,84.648,84.677,0.0487
26.07.2019 16:51:00.000,84.678,84.698,84.667,84.688,0.056
26.07.2019 16:52:00.000,84.678,84.728,84.678,84.718,0.0719
26.07.2019 16:53:00.000,84.728,84.748,84.627,84.627,0.1003
26.07.2019 16:54:00.000,84.628,84.628,84.547,84.568,0.0434
26.07.2019 16:55:00.000,84.588,84.628,84.587,84.617,0.0275
26.07.2019 16:56:00.000,84.608,84.648,84.547,84.547,0.1278
26.07.2019 16:57:00.000,84.538,84.550,84.449,84.458,0.1474
26.07.2019 16:58:00.000,84.458,84.488,84.438,84.468,0.0928
26.07.2019 16:59:00.000,84.467,84.468,84.427,84.468,0.0906
26.07.2019 17:00:00.000,84.470,84.489,84.467,84.487,0.0623
26.07.2019 17:01:00.000,84.507,84.578,84.507,84.578,0.1075
26.07.2019 17:02:00.000,84.577,84.578,84.547,84.578,0.011
26.07.2019 17:03:00.000,84.577,84.618,84.567,84.618,0.1088
26.07.2019 17:04:00.000,84.617,84.618,84.548,84.578,0.0794
26.07.2019 17:05:00.000,84.578,84.638,84.578,84.628,0.0821
26.07.2019 17:06:00.000,84.638,84.650,84.628,84.650,0.0481
26.07.2019 17:07:00.000,84.650,84.708,84.617,84.620,0.1455
26.07.2019 17:08:00.000,84.638,84.698,84.637,84.698,0.0817
26.07.2019 17:09:00.000,84.697,84.708,84.657,84.678,0.1124
26.07.2019 17:10:00.000,84.677,84.708,84.677,84.708,0.1029
26.07.2019 17:11:00.000,84.699,84.728,84.687,84.727,0.1013
26.07.2019 17:12:00.000,84.727,84.768,84.727,84.758,0.0795
26.07.2019 17:13:00.000,84.758,84.788,84.718,84.718,0.09
26.07.2019 17:14:00.000,84.719,84.758,84.717,84.758,0.0535
26.07.2019 17:15:00.000,84.758,84.798,84.748,84.757,0.0375
26.07.2019 17:16:00.000,84.758,84.758,84.678,84.688,0.1064
26.07.2019 17:17:00.000,84.688,84.688,84.637,84.678,0.0568
26.07.2019 17:18:00.000,84.677,84.678,84.618,84.678,0.0334
26.07.2019 17:19:00.000,84.679,84.688,84.657,84.668,0.0769
26.07.2019 17:20:00.000,84.669,84.678,84.667,84.668,0.0233
26.07.2019 17:21:00.000,84.667,84.678,84.657,84.657,0.114
26.07.2019 17:22:00.000,84.659,84.659,84.577,84.578,0.0731
26.07.2019 17:23:00.000,84.588,84.608,84.580,84.607,0.0437
26.07.2019 17:24:00.000,84.608,84.618,84.578,84.618,0.0464
26.07.2019 17:25:00.000,84.618,84.628,84.587,84.618,0.0567
26.07.2019 17:26:00.000,84.617,84.618,84.567,84.598,0.0211
26.07.2019 17:27:00.000,84.597,84.598,84.537,84.578,0.1105
26.07.2019 17:28:00.000,84.578,84.597,84.547,84.568,0.0929
26.07.2019 17:29:00.000,84.568,84.570,84.528,84.538,0.1388
26.07.2019 17:30:00.000,84.547,84.548,84.487,84.538,0.0951
26.07.2019 17:31:00.000,84.537,84.558,84.507,84.529,0.1332
26.07.2019 17:32:00.000,84.529,84.587,84.528,84.568,0.0925
26.07.2019 17:33:00.000,84.578,84.581,84.517,84.518,0.0958
26.07.2019 17:34:00.000,84.537,84.568,84.527,84.558,0.0409
26.07.2019 17:35:00.000,84.561,84.578,84.539,84.567,0.0942
26.07.2019 17:36:00.000,84.568,84.580,84.567,84.568,0.0628
26.07.2019 17:37:00.000,84.558,84.568,84.517,84.557,0.1469
26.07.2019 17:38:00.000,84.558,84.578,84.540,84.578,0.0747
26.07.2019 17:39:00.000,84.578,84.578,84.527,84.548,0.0738
26.07.2019 17:40:00.000,84.548,84.558,84.527,84.558,0.0725
26.07.2019 17:41:00.000,84.557,84.558,84.537,84.558,0.0745
26.07.2019 17:42:00.000,84.559,84.568,84.548,84.558,0.0514
26.07.2019 17:43:00.000,84.558,84.558,84.508,84.548,0.0824
26.07.2019 17:44:00.000,84.547,84.547,84.517,84.518,0.0216
26.07.2019 17:45:00.000,84.518,84.538,84.517,84.518,0.0199
26.07.2019 17:46:00.000,84.528,84.538,84.507,84.517,0.0479
26.07.2019 17:47:00.000,84.518,84.568,84.508,84.568,0.0362
26.07.2019 17:48:00.000,84.578,84.608,84.537,84.538,0.041
26.07.2019 17:49:00.000,84.557,84.590,84.537,84.588,0.1387
26.07.2019 17:50:00.000,84.588,84.588,84.557,84.578,0.0771
26.07.2019 17:51:00.000,84.588,84.608,84.587,84.608,0.0127
26.07.2019 17:52:00.000,84.608,84.608,84.538,84.538,0.1138
26.07.2019 17:53:00.000,84.538,84.557,84.518,84.537,0.0497
26.07.2019 17:54:00.000,84.548,84.558,84.547,84.551,0.0611
26.07.2019 17:55:00.000,84.548,84.590,84.538,84.568,0.1424
26.07.2019 17:56:00.000,84.568,84.598,84.567,84.580,0.0725
26.07.2019 17:57:00.000,84.587,84.617,84.587,84.617,0.0686
26.07.2019 17:58:00.000,84.618,84.667,84.618,84.648,0.0534
26.07.2019 17:59:00.000,84.647,84.647,84.597,84.627,0.0691
26.07.2019 18:00:00.000,84.627,84.637,84.617,84.618,0.0612
26.07.2019 18:01:00.000,84.618,84.668,84.617,84.668,0.1123
26.07.2019 18:02:00.000,84.667,84.740,84.658,84.739,0.168
26.07.2019 18:03:00.000,84.747,84.868,84.747,84.798,0.1776
26.07.2019 18:04:00.000,84.798,84.880,84.798,84.818,0.1318
26.07.2019 18:05:00.000,84.817,84.838,84.808,84.818,0.0061
26.07.2019 18:06:00.000,84.819,84.898,84.818,84.878,0.0852
26.07.2019 18:07:00.000,84.878,84.918,84.857,84.918,0.0609
26.07.2019 18:08:00.000,84.918,84.968,84.877,84.958,0.0936
26.07.2019 18:09:00.000,84.958,84.958,84.897,84.897,0.0855
26.07.2019 18:10:00.000,84.908,84.918,84.888,84.888,0.0171
26.07.2019 18:11:00.000,84.887,84.889,84.878,84.889,0.026
26.07.2019 18:12:00.000,84.888,84.908,84.887,84.887,0.0542
26.07.2019 18:13:00.000,84.888,84.938,84.888,84.928,0.051
26.07.2019 18:14:00.000,84.938,84.938,84.887,84.899,0.059
26.07.2019 18:15:00.000,84.919,84.928,84.897,84.897,0.0493
26.07.2019 18:16:00.000,84.898,84.938,84.897,84.918,0.0416
26.07.2019 18:17:00.000,84.908,84.928,84.848,84.858,0.1111
26.07.2019 18:18:00.000,84.857,84.967,84.857,84.891,0.0463
26.07.2019 18:19:00.000,84.889,84.928,84.888,84.898,0.0721
26.07.2019 18:20:00.000,84.918,84.918,84.897,84.897,0.096
26.07.2019 18:21:00.000,84.898,84.908,84.897,84.908,0.02
26.07.2019 18:22:00.000,84.899,84.899,84.829,84.838,0.1268
26.07.2019 18:23:00.000,84.858,84.878,84.857,84.868,0.0759
26.07.2019 18:24:00.000,84.867,84.890,84.828,84.887,0.0518
26.07.2019 18:25:00.000,84.898,84.899,84.818,84.818,0.0582
26.07.2019 18:26:00.000,84.818,84.831,84.808,84.821,0.114
26.07.2019 18:27:00.000,84.820,84.860,84.798,84.858,0.0574
26.07.2019 18:28:00.000,84.860,84.860,84.827,84.828,0.0928
26.07.2019 18:29:00.000,84.838,84.848,84.837,84.838,0.0273
26.07.2019 18:30:00.000,84.848,84.878,84.837,84.867,0.0794
26.07.2019 18:31:00.000,84.868,84.888,84.838,84.848,0.0933
26.07.2019 18:32:00.000,84.847,84.890,84.847,84.888,0.0826
26.07.2019 18:33:00.000,84.888,84.897,84.857,84.868,0.0708
26.07.2019 18:34:00.000,84.867,84.871,84.847,84.851,0.1253
26.07.2019 18:35:00.000,84.848,84.868,84.847,84.858,0.1646
26.07.2019 18:36:00.000,84.857,84.858,84.817,84.819,0.0785
26.07.2019 18:37:00.000,84.818,84.851,84.817,84.818,0.0638
26.07.2019 18:38:00.000,84.829,84.868,84.817,84.828,0.0817
26.07.2019 18:39:00.000,84.830,84.848,84.817,84.828,0.0921
26.07.2019 18:40:00.000,84.827,84.838,84.818,84.838,0.1698
26.07.2019 18:41:00.000,84.848,84.868,84.827,84.868,0.0643
26.07.2019 18:42:00.000,84.878,84.888,84.847,84.847,0.01
26.07.2019 18:43:00.000,84.847,84.888,84.847,84.888,0.0031
26.07.2019 18:44:00.000,84.887,84.888,84.867,84.868,0.1105
26.07.2019 18:45:00.000,84.867,84.887,84.847,84.867,0.0996
26.07.2019 18:46:00.000,84.867,84.878,84.827,84.878,0.0653
26.07.2019 18:47:00.000,84.878,84.890,84.848,84.848,0.1004
26.07.2019 18:48:00.000,84.857,84.880,84.848,84.877,0.1243
26.07.2019 18:49:00.000,84.877,84.888,84.877,84.878,0.0848
26.07.2019 18:50:00.000,84.877,84.888,84.847,84.867,0.077
26.07.2019 18:51:00.000,84.868,84.868,84.828,84.838,0.0801
26.07.2019 18:52:00.000,84.841,84.847,84.768,84.808,0.1089
26.07.2019 18:53:00.000,84.810,84.810,84.747,84.767,0.104
26.07.2019 18:54:00.000,84.768,84.789,84.768,84.777,0.0747
26.07.2019 18:55:00.000,84.778,84.791,84.747,84.787,0.1875
26.07.2019 18:56:00.000,84.787,84.787,84.707,84.707,0.1055
26.07.2019 18:57:00.000,84.708,84.718,84.698,84.718,0.0541
26.07.2019 18:58:00.000,84.717,84.758,84.717,84.748,0.066
26.07.2019 18:59:00.000,84.748,84.748,84.717,84.737,0.0503
26.07.2019 19:00:00.000,84.727,84.748,84.717,84.738,0.0931
26.07.2019 19:01:00.000,84.737,84.738,84.687,84.708,0.0916
26.07.2019 19:02:00.000,84.707,84.728,84.707,84.728,0.1022
26.07.2019 19:03:00.000,84.728,84.748,84.717,84.738,0.1695
26.07.2019 19:04:00.000,84.748,84.788,84.748,84.780,0.1733
26.07.2019 19:05:00.000,84.780,84.780,84.737,84.738,0.1305
26.07.2019 19:06:00.000,84.758,84.790,84.698,84.698,0.1403
26.07.2019 19:07:00.000,84.707,84.710,84.677,84.688,0.0238
26.07.2019 19:08:00.000,84.688,84.700,84.677,84.687,0.0911
26.07.2019 19:09:00.000,84.688,84.708,84.628,84.628,0.1176
26.07.2019 19:10:00.000,84.628,84.658,84.627,84.658,0.1453
26.07.2019 19:11:00.000,84.657,84.679,84.628,84.648,0.1551
26.07.2019 19:12:00.000,84.647,84.648,84.627,84.638,0.0951
26.07.2019 19:13:00.000,84.637,84.658,84.637,84.658,0.0618
26.07.2019 19:14:00.000,84.658,84.658,84.597,84.598,0.0672
26.07.2019 19:15:00.000,84.597,84.598,84.547,84.578,0.1537
26.07.2019 19:16:00.000,84.578,84.578,84.498,84.507,0.1003
26.07.2019 19:17:00.000,84.508,84.510,84.457,84.458,0.0779
26.07.2019 19:18:00.000,84.458,84.458,84.407,84.418,0.1771
26.07.2019 19:19:00.000,84.417,84.498,84.417,84.498,0.0698
26.07.2019 19:20:00.000,84.498,84.518,84.468,84.507,0.0989
26.07.2019 19:21:00.000,84.507,84.518,84.507,84.518,0.0696
26.07.2019 19:22:00.000,84.530,84.530,84.467,84.479,0.1904
26.07.2019 19:23:00.000,84.478,84.529,84.467,84.469,0.1678
26.07.2019 19:24:00.000,84.469,84.498,84.467,84.497,0.1084
26.07.2019 19:25:00.000,84.497,84.497,84.467,84.467,0.0504
26.07.2019 19:26:00.000,84.468,84.470,84.407,84.418,0.1225
26.07.2019 19:27:00.000,84.418,84.460,84.388,84.437,0.3561
26.07.2019 19:28:00.000,84.438,84.438,84.388,84.429,0.139
26.07.2019 19:29:00.000,84.428,84.511,84.428,84.508,0.0845
26.07.2019 19:30:00.000,84.509,84.558,84.507,84.558,0.1407
26.07.2019 19:31:00.000,84.557,84.598,84.537,84.590,0.127
26.07.2019 19:32:00.000,84.579,84.588,84.547,84.548,0.163
26.07.2019 19:33:00.000,84.549,84.580,84.548,84.578,0.1043
26.07.2019 19:34:00.000,84.577,84.581,84.468,84.488,0.2411
26.07.2019 19:35:00.000,84.488,84.529,84.438,84.438,0.2562
26.07.2019 19:36:00.000,84.447,84.478,84.447,84.458,0.1017
26.07.2019 19:37:00.000,84.448,84.458,84.427,84.458,0.1172
26.07.2019 19:38:00.000,84.457,84.488,84.457,84.458,0.2295
26.07.2019 19:39:00.000,84.468,84.498,84.467,84.497,0.0906
26.07.2019 19:40:00.000,84.498,84.499,84.407,84.408,0.1682
26.07.2019 19:41:00.000,84.408,84.451,84.387,84.448,0.2178
26.07.2019 19:42:00.000,84.448,84.518,84.417,84.518,0.1502
26.07.2019 19:43:00.000,84.517,84.551,84.511,84.538,0.2348
26.07.2019 19:44:00.000,84.538,84.540,84.498,84.517,0.194
26.07.2019 19:45:00.000,84.518,84.518,84.408,84.417,0.2469
26.07.2019 19:46:00.000,84.418,84.449,84.387,84.438,0.1768
26.07.2019 19:47:00.000,84.438,84.438,84.407,84.418,0.1651
26.07.2019 19:48:00.000,84.417,84.421,84.367,84.421,0.242
26.07.2019 19:49:00.000,84.421,84.450,84.407,84.448,0.1809
26.07.2019 19:50:00.000,84.448,84.448,84.417,84.422,0.2651
26.07.2019 19:51:00.000,84.422,84.440,84.377,84.388,0.2512
26.07.2019 19:52:00.000,84.387,84.410,84.297,84.317,0.1849
26.07.2019 19:53:00.000,84.318,84.368,84.298,84.337,0.1605
26.07.2019 19:54:00.000,84.338,84.368,84.307,84.317,0.245
26.07.2019 19:55:00.000,84.318,84.337,84.147,84.208,0.5117
26.07.2019 19:56:00.000,84.208,84.238,84.098,84.128,0.4044
26.07.2019 19:57:00.000,84.127,84.210,84.118,84.138,0.4443
26.07.2019 19:58:00.000,84.137,84.231,84.137,84.138,0.482
26.07.2019 19:59:00.000,84.147,84.298,84.127,84.271,0.4067