Gmt time,Open,High,Low,Close,Volume
23.04.2019 07:01:00.000,5844.997,5844.998,5833.997,5833.997,0.0006
23.04.2019 07:02:00.000,5833.997,5839.997,5830.997,5839.997,0.0026
23.04.2019 07:03:00.000,5843.998,5851.997,5840.997,5846.997,0.0033
23.04.2019 07:04:00.000,5847.997,5850.998,5843.997,5843.998,0.0022
23.04.2019 07:05:00.000,5844.997,5852.998,5844.997,5847.997,0.0033
23.04.2019 07:06:00.000,5847.998,5859.998,5842.998,5859.998,0.0034
23.04.2019 07:07:00.000,5860.998,5865.998,5856.997,5865.997,0.006
23.04.2019 07:08:00.000,5865.998,5870.998,5856.997,5865.998,0.0055
23.04.2019 07:09:00.000,5866.998,5870.997,5862.997,5869.997,0.0055
23.04.2019 07:10:00.000,5870.998,5873.998,5864.998,5865.998,0.0035
23.04.2019 07:11:00.000,5866.998,5869.998,5863.998,5863.998,0.0048
23.04.2019 07:12:00.000,5863.998,5871.998,5861.997,5868.997,0.0044
23.04.2019 07:13:00.000,5868.997,5868.997,5861.997,5861.998,0.0027
23.04.2019 07:14:00.000,5861.998,5867.998,5860.998,5862.997,0.0043
23.04.2019 07:15:00.000,5862.998,5864.998,5859.998,5859.998,0.0023
23.04.2019 07:16:00.000,5858.998,5863.998,5858.997,5860.998,0.0022
23.04.2019 07:17:00.000,5861.997,5870.998,5859.998,5861.998,0.0066
23.04.2019 07:18:00.000,5862.998,5868.998,5857.998,5865.998,0.0038
23.04.2019 07:19:00.000,5865.997,5869.998,5865.997,5866.998,0.0031
23.04.2019 07:20:00.000,5867.998,5872.998,5867.997,5872.998,0.0028
23.04.2019 07:21:00.000,5872.997,5874.998,5869.997,5869.997,0.002
23.04.2019 07:22:00.000,5868.998,5878.998,5868.997,5876.998,0.0076
23.04.2019 07:23:00.000,5876.997,5880.998,5875.997,5875.997,0.0023
23.04.2019 07:24:00.000,5875.998,5875.998,5866.997,5870.997,0.0046
23.04.2019 07:25:00.000,5870.998,5875.998,5870.998,5873.998,0.0052
23.04.2019 07:26:00.000,5873.997,5876.998,5873.997,5873.998,0.0047
23.04.2019 07:27:00.000,5873.997,5881.998,5873.997,5878.997,0.0069
23.04.2019 07:28:00.000,5878.997,5881.998,5876.997,5881.998,0.0065
23.04.2019 07:29:00.000,5880.998,5883.998,5876.998,5883.998,0.0106
23.04.2019 07:30:00.000,5883.997,5891.998,5883.997,5891.998,0.0026
23.04.2019 07:31:00.000,5891.997,5892.998,5890.998,5891.997,0.0034
23.04.2019 07:32:00.000,5890.997,5890.998,5885.998,5889.998,0.0052
23.04.2019 07:33:00.000,5889.998,5898.998,5886.997,5895.998,0.0067
23.04.2019 07:34:00.000,5895.997,5897.998,5890.998,5891.998,0.0007
23.04.2019 07:35:00.000,5891.997,5891.997,5885.997,5887.997,0.0028
23.04.2019 07:36:00.000,5888.998,5891.998,5886.997,5890.998,0.0028
23.04.2019 07:37:00.000,5890.750,5890.750,5879.997,5880.998,0.0049
23.04.2019 07:38:00.000,5880.998,5881.998,5877.997,5880.997,0.0023
23.04.2019 07:39:00.000,5880.998,5881.998,5874.997,5876.997,0.0045
23.04.2019 07:40:00.000,5875.998,5879.998,5875.997,5878.998,0.002
23.04.2019 07:41:00.000,5878.997,5878.998,5876.998,5876.998,0.0003
23.04.2019 07:42:00.000,5876.997,5876.998,5869.997,5871.998,0.0044
23.04.2019 07:43:00.000,5871.998,5871.998,5869.997,5869.998,0.0031
23.04.2019 07:44:00.000,5868.997,5874.998,5867.998,5873.998,0.0042
23.04.2019 07:45:00.000,5874.998,5874.998,5865.998,5865.998,0.0024
23.04.2019 07:46:00.000,5865.997,5868.998,5863.997,5863.998,0.0053
23.04.2019 07:47:00.000,5863.997,5863.997,5862.997,5862.997,0.0007
23.04.2019 07:48:00.000,5862.998,5862.998,5846.997,5846.997,0.0072
23.04.2019 07:49:00.000,5847.997,5847.998,5842.998,5842.998,0.0039
23.04.2019 07:50:00.000,5842.997,5848.998,5835.997,5845.998,0.0104
23.04.2019 07:51:00.000,5845.998,5845.998,5840.997,5840.998,0.0033
23.04.2019 07:52:00.000,5839.997,5841.998,5834.998,5838.998,0.0043
23.04.2019 07:53:00.000,5838.997,5841.998,5837.998,5837.998,0.005
23.04.2019 07:54:00.000,5837.998,5839.998,5837.998,5838.998,0.0006
23.04.2019 07:55:00.000,5840.997,5842.998,5840.997,5842.998,0.0008
23.04.2019 07:56:00.000,5843.998,5843.998,5840.998,5840.998,0.0015
23.04.2019 07:57:00.000,5840.998,5844.998,5840.998,5843.997,0.0033
23.04.2019 07:58:00.000,5843.998,5850.998,5843.998,5849.997,0.0032
23.04.2019 07:59:00.000,5850.998,5854.998,5850.997,5853.998,0.0025
23.04.2019 08:00:00.000,5853.997,5854.998,5848.998,5850.998,0.0057
23.04.2019 08:01:00.000,5850.998,5850.998,5844.997,5844.997,0.0036
23.04.2019 08:02:00.000,5843.998,5850.998,5843.997,5850.998,0.0032
23.04.2019 08:03:00.000,5850.997,5850.998,5847.997,5847.997,0.0009
23.04.2019 08:04:00.000,5847.998,5852.998,5847.998,5849.997,0.0013
23.04.2019 08:05:00.000,5851.998,5860.998,5850.998,5856.998,0.0022
23.04.2019 08:06:00.000,5856.998,5856.998,5853.998,5853.998,0.0028
23.04.2019 08:07:00.000,5851.997,5852.998,5851.997,5852.998,0.0015
23.04.2019 08:08:00.000,5852.998,5852.998,5850.998,5851.998,0.001
23.04.2019 08:09:00.000,5851.998,5853.998,5851.998,5852.998,0.001
23.04.2019 08:10:00.000,5853.997,5853.998,5853.997,5853.997,0.0064
23.04.2019 08:12:00.000,5854.997,5867.998,5854.997,5865.998,0.0106
23.04.2019 08:13:00.000,5867.997,5880.998,5867.997,5879.997,0.006
23.04.2019 08:14:00.000,5879.998,5887.998,5878.997,5886.998,0.0074
23.04.2019 08:15:00.000,5886.998,5892.998,5885.998,5885.998,0.0043
23.04.2019 08:16:00.000,5886.998,5888.997,5886.998,5887.998,0.0007
23.04.2019 08:17:00.000,5888.997,5892.998,5888.997,5891.997,0.003
23.04.2019 08:18:00.000,5891.998,5899.998,5890.998,5897.997,0.006
23.04.2019 08:19:00.000,5896.998,5896.998,5889.998,5890.998,0.0017
23.04.2019 08:20:00.000,5890.997,5893.998,5889.998,5891.997,0.0035
23.04.2019 08:21:00.000,5892.997,5892.998,5889.997,5890.998,0.0011
23.04.2019 08:22:00.000,5890.997,5890.998,5887.997,5887.997,0.0012
23.04.2019 08:23:00.000,5887.998,5887.998,5885.997,5885.997,0.0003
23.04.2019 08:24:00.000,5881.997,5884.998,5880.997,5883.998,0.0048
23.04.2019 08:25:00.000,5884.997,5887.997,5883.997,5886.998,0.0049
23.04.2019 08:26:00.000,5885.998,5887.998,5884.997,5887.998,0.0016
23.04.2019 08:27:00.000,5887.998,5891.998,5887.998,5891.998,0.0012
23.04.2019 08:28:00.000,5891.997,5892.998,5890.997,5890.998,0.0053
23.04.2019 08:29:00.000,5891.997,5893.998,5890.998,5893.998,0.0028
23.04.2019 08:30:00.000,5894.998,5897.998,5890.998,5892.998,0.0026
23.04.2019 08:31:00.000,5893.998,5895.998,5892.997,5895.997,0.0024
23.04.2019 08:32:00.000,5895.998,5898.997,5891.998,5898.997,0.0046
23.04.2019 08:33:00.000,5899.997,5904.998,5896.997,5903.998,0.0078
23.04.2019 08:34:00.000,5903.998,5907.998,5903.997,5906.998,0.0083
23.04.2019 08:35:00.000,5906.998,5907.998,5899.997,5900.998,0.0055
23.04.2019 08:36:00.000,5901.997,5902.998,5897.997,5899.998,0.0047
23.04.2019 08:37:00.000,5900.998,5901.998,5898.998,5900.998,0.0068
23.04.2019 08:38:00.000,5900.997,5902.998,5900.997,5900.998,0.0022
23.04.2019 08:39:00.000,5900.998,5900.998,5892.998,5892.998,0.0066
23.04.2019 08:40:00.000,5892.998,5892.998,5889.997,5889.997,0.004
23.04.2019 08:41:00.000,5889.998,5889.998,5887.997,5887.998,0.0013
23.04.2019 08:42:00.000,5887.997,5895.998,5887.997,5895.997,0.0043
23.04.2019 08:43:00.000,5895.998,5895.998,5890.997,5892.998,0.0055
23.04.2019 08:44:00.000,5892.998,5892.998,5875.998,5875.998,0.0061
23.04.2019 08:45:00.000,5877.998,5879.998,5869.998,5869.998,0.0073
23.04.2019 08:46:00.000,5869.998,5873.998,5866.998,5868.997,0.0064
23.04.2019 08:47:00.000,5868.998,5869.998,5861.997,5863.997,0.0054
23.04.2019 08:48:00.000,5863.998,5863.998,5861.997,5862.997,0.0023
23.04.2019 08:49:00.000,5862.998,5863.998,5858.997,5858.998,0.0069
23.04.2019 08:50:00.000,5859.998,5863.998,5857.998,5862.997,0.0063
23.04.2019 08:51:00.000,5863.998,5870.998,5861.998,5870.997,0.0063
23.04.2019 08:52:00.000,5870.998,5870.998,5861.997,5861.997,0.0039
23.04.2019 08:53:00.000,5861.997,5861.998,5859.998,5861.998,0.0017
23.04.2019 08:54:00.000,5862.997,5869.998,5861.998,5869.998,0.0046
23.04.2019 08:55:00.000,5872.998,5872.998,5867.997,5869.998,0.005
23.04.2019 08:56:00.000,5870.997,5875.998,5867.997,5875.998,0.0059
23.04.2019 08:57:00.000,5875.998,5876.998,5874.998,5876.998,0.0024
23.04.2019 08:58:00.000,5877.998,5877.998,5871.998,5872.997,0.0035
23.04.2019 08:59:00.000,5872.998,5873.998,5872.997,5873.998,0.0023
23.04.2019 09:00:00.000,5873.997,5873.997,5868.997,5870.998,0.0032
23.04.2019 09:01:00.000,5870.997,5871.998,5867.997,5867.998,0.0019
23.04.2019 09:02:00.000,5869.997,5869.998,5867.997,5867.998,0.0022
23.04.2019 09:03:00.000,5867.997,5871.998,5867.997,5871.998,0.0035
23.04.2019 09:04:00.000,5871.997,5873.998,5871.997,5873.997,0.0023
23.04.2019 09:05:00.000,5873.997,5877.998,5873.997,5877.998,0.0064
23.04.2019 09:06:00.000,5878.997,5882.998,5878.997,5879.998,0.0077
23.04.2019 09:07:00.000,5879.998,5887.998,5877.997,5887.997,0.0053
23.04.2019 09:08:00.000,5887.998,5887.998,5882.997,5884.998,0.005
23.04.2019 09:09:00.000,5885.997,5886.998,5884.997,5886.998,0.0023
23.04.2019 09:10:00.000,5886.997,5892.998,5886.997,5890.998,0.0036
23.04.2019 09:11:00.000,5890.997,5892.998,5890.997,5891.997,0.0092
23.04.2019 09:12:00.000,5891.998,5894.998,5891.998,5893.998,0.0023
23.04.2019 09:14:00.000,5893.997,5894.998,5892.997,5894.997,0.0056
23.04.2019 09:15:00.000,5894.998,5895.998,5892.997,5895.998,0.0073
23.04.2019 09:16:00.000,5895.997,5896.998,5893.997,5895.998,0.0043
23.04.2019 09:17:00.000,5895.998,5897.998,5895.997,5896.998,0.0026
23.04.2019 09:18:00.000,5896.998,5901.997,5896.997,5901.997,0.0019
23.04.2019 09:19:00.000,5902.998,5903.998,5899.997,5900.998,0.0018
23.04.2019 09:20:00.000,5899.997,5901.997,5894.998,5896.998,0.0041
23.04.2019 09:21:00.000,5896.997,5899.998,5896.997,5899.998,0.004
23.04.2019 09:22:00.000,5897.998,5905.998,5897.998,5900.997,0.0031
23.04.2019 09:23:00.000,5900.998,5901.998,5900.997,5900.998,0.0028
23.04.2019 09:24:00.000,5901.997,5903.998,5900.997,5902.998,0.0063
23.04.2019 09:25:00.000,5902.998,5903.998,5896.998,5901.997,0.0097
23.04.2019 09:26:00.000,5902.997,5906.998,5901.998,5906.998,0.0016
23.04.2019 09:27:00.000,5905.998,5906.998,5904.998,5905.998,0.0018
23.04.2019 09:28:00.000,5904.998,5905.998,5904.998,5905.998,0.0004
23.04.2019 09:29:00.000,5905.997,5905.997,5897.997,5898.998,0.0089
23.04.2019 09:30:00.000,5898.997,5900.998,5898.997,5899.998,0.003
23.04.2019 09:31:00.000,5899.750,5899.750,5893.997,5893.997,0.0055
23.04.2019 09:32:00.000,5893.998,5896.997,5893.998,5896.997,0.0041
23.04.2019 09:33:00.000,5897.998,5903.997,5897.997,5903.997,0.004
23.04.2019 09:34:00.000,5903.998,5905.998,5903.997,5905.998,0.0028
23.04.2019 09:35:00.000,5903.998,5903.998,5899.998,5900.998,0.0025
23.04.2019 09:36:00.000,5900.997,5900.998,5893.997,5893.997,0.0014
23.04.2019 09:37:00.000,5893.998,5893.998,5889.998,5890.998,0.0028
23.04.2019 09:38:00.000,5889.998,5890.998,5886.997,5886.997,0.003
23.04.2019 09:39:00.000,5886.998,5887.998,5884.998,5885.998,0.0063
23.04.2019 09:40:00.000,5885.998,5890.998,5885.997,5887.998,0.0044
23.04.2019 09:41:00.000,5887.998,5887.998,5886.998,5887.998,0.0019
23.04.2019 09:42:00.000,5887.997,5889.998,5884.997,5888.997,0.0054
23.04.2019 09:43:00.000,5888.998,5888.998,5884.997,5885.997,0.0037
23.04.2019 09:44:00.000,5885.997,5885.997,5880.997,5881.998,0.002
23.04.2019 09:45:00.000,5880.997,5882.997,5879.998,5879.998,0.001
23.04.2019 09:46:00.000,5879.997,5880.998,5879.997,5879.998,0.0008
23.04.2019 09:47:00.000,5879.998,5881.998,5879.997,5880.998,0.0032
23.04.2019 09:48:00.000,5880.997,5880.998,5878.997,5878.997,0.0014
23.04.2019 09:49:00.000,5878.998,5878.998,5875.998,5876.997,0.0038
23.04.2019 09:50:00.000,5876.998,5877.997,5872.997,5873.997,0.0024
23.04.2019 09:51:00.000,5874.997,5880.998,5873.997,5880.998,0.0015
23.04.2019 09:52:00.000,5878.998,5891.997,5878.997,5890.998,0.0036
23.04.2019 09:53:00.000,5891.998,5891.998,5891.997,5891.998,0.0005
23.04.2019 09:54:00.000,5892.998,5893.998,5891.997,5891.997,0.002
23.04.2019 09:55:00.000,5892.998,5894.998,5891.998,5894.997,0.0023
23.04.2019 09:56:00.000,5894.998,5897.997,5894.998,5896.998,0.0006
23.04.2019 09:57:00.000,5896.997,5900.998,5896.997,5898.997,0.0081
23.04.2019 09:58:00.000,5898.998,5898.998,5890.998,5892.997,0.0092
23.04.2019 09:59:00.000,5893.998,5893.998,5889.997,5890.998,0.002
23.04.2019 10:00:00.000,5890.997,5890.998,5884.997,5884.998,0.004
23.04.2019 10:01:00.000,5884.998,5884.998,5883.997,5883.998,0.0008
23.04.2019 10:02:00.000,5882.998,5882.998,5879.998,5879.998,0.0008
23.04.2019 10:03:00.000,5879.998,5880.998,5877.998,5879.997,0.0019
23.04.2019 10:04:00.000,5880.998,5880.998,5877.998,5877.998,0.0044
23.04.2019 10:05:00.000,5877.998,5878.997,5876.998,5877.998,0.0026
23.04.2019 10:06:00.000,5877.997,5880.998,5877.997,5880.998,0.0029
23.04.2019 10:07:00.000,5880.997,5880.997,5877.998,5879.997,0.0009
23.04.2019 10:08:00.000,5878.998,5878.998,5876.997,5876.998,0.0013
23.04.2019 10:09:00.000,5876.998,5876.998,5873.997,5873.998,0.0019
23.04.2019 10:10:00.000,5873.997,5873.998,5873.997,5873.998,0.0007
23.04.2019 10:11:00.000,5874.998,5874.998,5866.997,5866.997,0.0028
23.04.2019 10:12:00.000,5866.997,5866.998,5863.997,5864.998,0.0023
23.04.2019 10:13:00.000,5864.997,5864.998,5862.997,5862.998,0.0031
23.04.2019 10:14:00.000,5861.998,5862.998,5858.998,5858.998,0.003
23.04.2019 10:15:00.000,5859.998,5866.998,5858.997,5866.998,0.0055
23.04.2019 10:16:00.000,5865.998,5868.998,5865.997,5868.998,0.0016
23.04.2019 10:17:00.000,5868.997,5874.998,5868.997,5874.997,0.0047
23.04.2019 10:18:00.000,5874.750,5882.997,5872.997,5881.998,0.004
23.04.2019 10:19:00.000,5881.997,5882.998,5881.997,5882.998,0.0016
23.04.2019 10:20:00.000,5882.997,5886.998,5880.997,5886.998,0.004
23.04.2019 10:21:00.000,5886.998,5886.998,5885.998,5886.997,0.0029
23.04.2019 10:22:00.000,5884.997,5887.998,5883.997,5886.998,0.003
23.04.2019 10:23:00.000,5886.997,5888.998,5885.998,5886.998,0.004
23.04.2019 10:24:00.000,5887.998,5888.998,5886.997,5888.998,0.0046
23.04.2019 10:25:00.000,5888.998,5893.998,5888.997,5893.998,0.0052
23.04.2019 10:26:00.000,5894.998,5894.998,5890.997,5890.998,0.0015
23.04.2019 10:27:00.000,5891.998,5892.998,5889.997,5889.997,0.0022
23.04.2019 10:28:00.000,5890.998,5897.998,5890.998,5897.998,0.0044
23.04.2019 10:29:00.000,5897.998,5899.997,5894.998,5899.997,0.0038
23.04.2019 10:30:00.000,5899.997,5902.998,5897.998,5902.997,0.0051
23.04.2019 10:31:00.000,5903.997,5904.998,5901.997,5903.998,0.006
23.04.2019 10:32:00.000,5903.997,5903.997,5899.997,5900.997,0.0045
23.04.2019 10:33:00.000,5900.998,5902.998,5900.997,5901.997,0.002
23.04.2019 10:34:00.000,5901.997,5901.997,5898.997,5899.998,0.0047
23.04.2019 10:35:00.000,5898.997,5901.998,5898.997,5901.997,0.0027
23.04.2019 10:36:00.000,5901.997,5904.998,5899.997,5904.998,0.0021
23.04.2019 10:37:00.000,5903.998,5903.998,5899.998,5900.998,0.0018
23.04.2019 10:38:00.000,5900.997,5906.998,5899.998,5904.998,0.0027
23.04.2019 10:39:00.000,5906.997,5911.750,5906.997,5911.750,0.0025
23.04.2019 10:40:00.000,5911.500,5911.500,5904.997,5904.998,0.0033
23.04.2019 10:41:00.000,5904.997,5905.998,5902.998,5902.998,0.0032
23.04.2019 10:42:00.000,5903.997,5906.998,5902.997,5904.998,0.0021
23.04.2019 10:43:00.000,5906.998,5906.998,5893.997,5894.998,0.0052
23.04.2019 10:44:00.000,5894.997,5895.998,5889.998,5895.998,0.0025
23.04.2019 10:45:00.000,5895.997,5900.998,5895.997,5900.998,0.0017
23.04.2019 10:46:00.000,5902.997,5902.998,5901.997,5902.998,0.0012
23.04.2019 10:47:00.000,5903.998,5903.998,5902.997,5902.998,0.0022
23.04.2019 10:48:00.000,5903.998,5903.998,5903.998,5903.998,0.0004
23.04.2019 10:49:00.000,5903.997,5908.998,5903.997,5907.997,0.0045
23.04.2019 10:50:00.000,5905.997,5906.998,5904.997,5904.998,0.0022
23.04.2019 10:51:00.000,5905.997,5905.998,5904.997,5904.998,0.0017
23.04.2019 10:52:00.000,5904.997,5904.997,5904.997,5904.997,0.0003
23.04.2019 10:53:00.000,5904.998,5905.998,5904.997,5904.997,0.0019
23.04.2019 10:54:00.000,5904.998,5907.998,5904.997,5907.998,0.0021
23.04.2019 10:55:00.000,5906.997,5911.997,5906.997,5911.997,0.0016
23.04.2019 10:56:00.000,5911.998,5913.998,5910.997,5910.998,0.0019
23.04.2019 10:57:00.000,5910.997,5912.997,5910.997,5912.997,0.0025
23.04.2019 10:58:00.000,5912.998,5914.998,5912.997,5914.997,0.0011
23.04.2019 10:59:00.000,5914.998,5918.998,5914.998,5918.998,0.0032
23.04.2019 11:00:00.000,5918.998,5918.998,5918.998,5918.998,0.0002
23.04.2019 11:02:00.000,5916.998,5918.998,5910.997,5910.998,0.0029
23.04.2019 11:03:00.000,5908.998,5908.998,5904.998,5907.997,0.0039
23.04.2019 11:04:00.000,5907.998,5909.998,5906.997,5908.997,0.0036
23.04.2019 11:05:00.000,5909.998,5911.998,5909.998,5911.998,0.001
23.04.2019 11:06:00.000,5909.997,5913.998,5909.997,5912.998,0.0024
23.04.2019 11:07:00.000,5912.997,5914.998,5912.997,5914.998,0.0025
23.04.2019 11:08:00.000,5914.997,5921.998,5914.997,5921.998,0.0041
23.04.2019 11:09:00.000,5921.998,5925.997,5921.998,5923.998,0.0015
23.04.2019 11:10:00.000,5923.998,5930.998,5923.998,5929.998,0.0064
23.04.2019 11:11:00.000,5929.997,5929.997,5926.997,5928.997,0.0028
23.04.2019 11:12:00.000,5929.997,5935.998,5929.997,5935.998,0.0041
23.04.2019 11:13:00.000,5936.997,5943.998,5936.997,5943.998,0.0046
23.04.2019 11:14:00.000,5943.997,5949.998,5941.997,5942.997,0.0093
23.04.2019 11:15:00.000,5942.997,5944.997,5940.997,5940.998,0.0062
23.04.2019 11:16:00.000,5940.997,5940.997,5931.997,5932.998,0.0047
23.04.2019 11:17:00.000,5932.998,5932.998,5931.997,5931.998,0.0003
23.04.2019 11:18:00.000,5931.997,5931.998,5928.997,5929.997,0.0024
23.04.2019 11:19:00.000,5929.998,5929.998,5928.998,5929.998,0.0007
23.04.2019 11:20:00.000,5930.998,5935.998,5930.997,5935.998,0.0035
23.04.2019 11:21:00.000,5933.998,5936.998,5932.997,5935.998,0.0026
23.04.2019 11:22:00.000,5935.998,5937.998,5935.998,5937.998,0.0016
23.04.2019 11:23:00.000,5937.997,5938.997,5936.997,5937.998,0.002
23.04.2019 11:24:00.000,5937.997,5937.998,5937.997,5937.998,0.0003
23.04.2019 11:25:00.000,5939.998,5939.998,5935.997,5935.997,0.0016
23.04.2019 11:26:00.000,5935.998,5935.998,5933.997,5933.997,0.0017
23.04.2019 11:27:00.000,5933.998,5936.998,5933.997,5934.997,0.0024
23.04.2019 11:28:00.000,5933.998,5933.998,5932.998,5933.998,0.003
23.04.2019 11:29:00.000,5933.998,5936.998,5933.998,5936.998,0.0031
23.04.2019 11:30:00.000,5936.997,5936.998,5932.997,5932.998,0.0017
23.04.2019 11:31:00.000,5932.997,5935.998,5932.997,5934.997,0.0029
23.04.2019 11:32:00.000,5934.997,5934.998,5932.997,5934.998,0.0024
23.04.2019 11:33:00.000,5935.997,5935.998,5928.997,5931.998,0.0031
23.04.2019 11:34:00.000,5930.998,5930.998,5929.997,5930.998,0.003
23.04.2019 11:35:00.000,5931.997,5932.998,5928.997,5928.998,0.0016
23.04.2019 11:36:00.000,5928.998,5928.998,5928.998,5928.998,0.0014
23.04.2019 11:37:00.000,5928.997,5931.998,5928.997,5931.997,0.0033
23.04.2019 11:38:00.000,5931.998,5932.997,5930.997,5930.998,0.0018
23.04.2019 11:39:00.000,5930.997,5931.998,5930.997,5931.997,0.0025
23.04.2019 11:40:00.000,5931.998,5931.998,5930.998,5930.998,0.0005
23.04.2019 11:41:00.000,5930.997,5930.998,5925.997,5925.997,0.0011
23.04.2019 11:42:00.000,5925.998,5925.998,5921.997,5921.998,0.0024
23.04.2019 11:43:00.000,5921.998,5921.998,5914.998,5918.998,0.0026
23.04.2019 11:44:00.000,5918.997,5919.998,5915.997,5918.997,0.0036
23.04.2019 11:45:00.000,5918.998,5920.997,5918.997,5920.997,0.0017
23.04.2019 11:46:00.000,5922.998,5923.997,5921.997,5921.998,0.0016
23.04.2019 11:47:00.000,5921.997,5923.998,5920.998,5923.998,0.0024
23.04.2019 11:48:00.000,5923.997,5923.997,5921.997,5922.997,0.0015
23.04.2019 11:49:00.000,5922.998,5925.998,5922.998,5925.998,0.001
23.04.2019 11:50:00.000,5923.997,5924.997,5917.997,5919.997,0.0073
23.04.2019 11:51:00.000,5919.998,5919.998,5919.997,5919.997,0.0011
23.04.2019 11:52:00.000,5919.998,5925.998,5919.998,5925.998,0.003
23.04.2019 11:53:00.000,5925.997,5925.997,5919.997,5919.997,0.002
23.04.2019 11:54:00.000,5919.998,5919.998,5918.997,5918.997,0.0003
23.04.2019 11:56:00.000,5918.997,5918.998,5918.997,5918.998,0.0002
23.04.2019 11:57:00.000,5919.998,5925.998,5918.997,5922.998,0.0024
23.04.2019 11:58:00.000,5922.997,5923.998,5921.997,5923.998,0.0017
23.04.2019 11:59:00.000,5923.997,5923.997,5921.997,5922.997,0.001
23.04.2019 12:00:00.000,5922.998,5923.998,5922.997,5922.998,0.0009
23.04.2019 12:01:00.000,5923.997,5923.998,5922.997,5923.998,0.0025
23.04.2019 12:02:00.000,5923.997,5924.998,5923.997,5923.997,0.0017
23.04.2019 12:03:00.000,5923.998,5923.998,5918.997,5918.998,0.0025
23.04.2019 12:04:00.000,5920.997,5920.997,5917.997,5917.997,0.0019
23.04.2019 12:05:00.000,5917.998,5918.998,5917.997,5918.998,0.0012
23.04.2019 12:07:00.000,5918.997,5918.998,5917.998,5917.998,0.0006
23.04.2019 12:08:00.000,5917.997,5917.998,5914.998,5914.998,0.0033
23.04.2019 12:09:00.000,5912.997,5923.998,5912.997,5923.998,0.0034
23.04.2019 12:10:00.000,5921.998,5922.998,5920.998,5921.998,0.002
23.04.2019 12:11:00.000,5921.998,5924.998,5921.997,5922.997,0.0025
23.04.2019 12:12:00.000,5922.998,5922.998,5921.997,5921.997,0.0007
23.04.2019 12:13:00.000,5921.998,5921.998,5918.997,5918.997,0.0011
23.04.2019 12:14:00.000,5918.998,5918.998,5917.998,5917.998,0.0007
23.04.2019 12:15:00.000,5918.997,5918.998,5917.997,5917.997,0.0005
23.04.2019 12:16:00.000,5917.998,5917.998,5917.997,5917.998,0.0005
23.04.2019 12:17:00.000,5918.998,5922.998,5918.998,5922.998,0.0054
23.04.2019 12:18:00.000,5922.997,5923.998,5922.997,5922.998,0.0064
23.04.2019 12:19:00.000,5922.997,5923.998,5922.997,5922.998,0.0032
23.04.2019 12:20:00.000,5923.997,5923.998,5918.998,5918.998,0.0015
23.04.2019 12:21:00.000,5918.997,5918.998,5918.997,5918.998,0.0004
23.04.2019 12:22:00.000,5918.997,5919.998,5918.997,5919.997,0.0008
23.04.2019 12:23:00.000,5919.998,5919.998,5917.997,5917.998,0.0011
23.04.2019 12:24:00.000,5917.998,5918.998,5916.997,5916.997,0.0024
23.04.2019 12:25:00.000,5916.998,5916.998,5911.997,5913.998,0.0033
23.04.2019 12:26:00.000,5912.998,5917.998,5912.997,5916.997,0.0016
23.04.2019 12:27:00.000,5917.997,5917.998,5916.997,5916.997,0.001
23.04.2019 12:28:00.000,5916.998,5916.998,5915.998,5916.997,0.0009
23.04.2019 12:29:00.000,5916.997,5916.998,5915.997,5916.998,0.001
23.04.2019 12:30:00.000,5914.997,5920.998,5913.998,5920.998,0.0039
23.04.2019 12:31:00.000,5920.997,5920.998,5914.997,5914.998,0.0028
23.04.2019 12:32:00.000,5914.997,5915.998,5910.997,5915.997,0.0027
23.04.2019 12:33:00.000,5916.997,5916.998,5913.997,5915.998,0.0022
23.04.2019 12:34:00.000,5915.997,5915.997,5915.997,5915.997,0.0001
23.04.2019 12:35:00.000,5915.997,5915.998,5915.997,5915.998,0.0004
23.04.2019 12:36:00.000,5915.997,5918.998,5915.997,5918.997,0.0025
23.04.2019 12:37:00.000,5918.998,5918.998,5918.997,5918.998,0.0013
23.04.2019 12:38:00.000,5919.997,5919.998,5919.997,5919.998,0.0008
23.04.2019 12:39:00.000,5919.997,5923.998,5919.997,5922.998,0.0096
23.04.2019 12:40:00.000,5922.997,5922.997,5920.997,5920.998,0.0018
23.04.2019 12:41:00.000,5920.998,5920.998,5918.997,5918.998,0.0017
23.04.2019 12:42:00.000,5919.998,5920.998,5919.997,5920.997,0.0013
23.04.2019 12:43:00.000,5920.998,5922.998,5920.997,5922.998,0.004
23.04.2019 12:44:00.000,5922.998,5923.998,5919.998,5920.998,0.0019
23.04.2019 12:45:00.000,5919.998,5920.998,5919.997,5920.998,0.0005
23.04.2019 12:46:00.000,5919.998,5920.998,5919.997,5919.998,0.0012
23.04.2019 12:47:00.000,5919.998,5919.998,5919.998,5919.998,0.0001
23.04.2019 12:48:00.000,5919.997,5919.997,5917.997,5917.997,0.0032
23.04.2019 12:49:00.000,5917.998,5917.998,5913.998,5913.998,0.0021
23.04.2019 12:50:00.000,5913.997,5914.998,5913.997,5914.998,0.0018
23.04.2019 12:51:00.000,5915.998,5917.998,5914.997,5915.997,0.0021
23.04.2019 12:52:00.000,5915.998,5915.998,5914.997,5914.998,0.0006
23.04.2019 12:53:00.000,5914.997,5914.998,5913.997,5914.997,0.0005
23.04.2019 12:54:00.000,5914.998,5914.998,5913.998,5914.998,0.001
23.04.2019 12:55:00.000,5914.998,5914.998,5914.997,5914.997,0.0017
23.04.2019 12:56:00.000,5915.997,5915.998,5912.997,5914.998,0.0035
23.04.2019 12:57:00.000,5914.997,5914.998,5912.997,5913.998,0.0027
23.04.2019 12:58:00.000,5913.997,5921.998,5913.997,5921.998,0.0034
23.04.2019 12:59:00.000,5921.997,5925.998,5921.997,5925.998,0.0016
23.04.2019 13:00:00.000,5925.998,5928.998,5925.998,5927.997,0.0023
23.04.2019 13:01:00.000,5927.998,5928.998,5924.997,5926.998,0.006
23.04.2019 13:02:00.000,5926.997,5928.750,5924.998,5927.998,0.0035
23.04.2019 13:03:00.000,5927.997,5927.998,5925.997,5925.998,0.001
23.04.2019 13:04:00.000,5925.998,5928.998,5925.998,5926.998,0.0055
23.04.2019 13:05:00.000,5927.997,5927.998,5926.997,5927.997,0.0021
23.04.2019 13:06:00.000,5927.998,5928.998,5927.997,5927.997,0.0013
23.04.2019 13:07:00.000,5927.998,5928.998,5926.997,5926.998,0.0063
23.04.2019 13:08:00.000,5926.998,5926.998,5926.998,5926.998,0.0013
23.04.2019 13:09:00.000,5927.998,5927.998,5923.997,5927.998,0.0021
23.04.2019 13:10:00.000,5927.997,5928.998,5926.998,5927.997,0.0026
23.04.2019 13:11:00.000,5927.998,5927.998,5923.997,5923.998,0.0037
23.04.2019 13:12:00.000,5923.997,5924.998,5923.997,5924.997,0.0017
23.04.2019 13:13:00.000,5924.998,5927.998,5924.997,5927.998,0.0032
23.04.2019 13:14:00.000,5927.997,5927.997,5925.997,5925.997,0.0047
23.04.2019 13:15:00.000,5925.998,5926.998,5925.998,5926.998,0.0004
23.04.2019 13:16:00.000,5926.997,5927.998,5926.997,5926.997,0.0012
23.04.2019 13:17:00.000,5926.998,5926.998,5923.997,5923.998,0.0049
23.04.2019 13:18:00.000,5923.997,5927.998,5923.997,5927.998,0.0061
23.04.2019 13:19:00.000,5927.997,5927.998,5927.997,5927.998,0.0021
23.04.2019 13:20:00.000,5927.997,5928.998,5926.997,5926.997,0.0049
23.04.2019 13:21:00.000,5926.998,5926.998,5926.997,5926.997,0.0003
23.04.2019 13:22:00.000,5926.997,5926.997,5924.998,5925.998,0.0019
23.04.2019 13:23:00.000,5926.998,5927.998,5925.997,5925.998,0.0049
23.04.2019 13:24:00.000,5925.997,5925.998,5924.997,5925.997,0.0024
23.04.2019 13:25:00.000,5925.998,5925.998,5924.998,5925.997,0.0016
23.04.2019 13:26:00.000,5925.998,5926.998,5924.997,5926.998,0.0013
23.04.2019 13:27:00.000,5927.998,5928.997,5927.997,5927.998,0.0006
23.04.2019 13:28:00.000,5927.997,5927.997,5921.997,5923.998,0.0029
23.04.2019 13:29:00.000,5923.997,5924.997,5922.998,5923.998,0.0064
23.04.2019 13:30:00.000,5923.997,5924.998,5922.997,5922.998,0.0094
23.04.2019 13:31:00.000,5922.997,5922.998,5921.997,5921.997,0.002
23.04.2019 13:32:00.000,5921.998,5921.998,5920.997,5920.998,0.0023
23.04.2019 13:33:00.000,5920.998,5921.998,5919.997,5921.997,0.0068
23.04.2019 13:34:00.000,5922.997,5922.997,5919.997,5919.998,0.0025
23.04.2019 13:35:00.000,5919.998,5919.998,5916.997,5916.998,0.0016
23.04.2019 13:36:00.000,5914.998,5915.998,5908.997,5908.997,0.0068
23.04.2019 13:37:00.000,5908.998,5908.998,5903.997,5908.998,0.0069
23.04.2019 13:38:00.000,5908.997,5909.998,5907.997,5907.998,0.0019
23.04.2019 13:39:00.000,5907.998,5908.998,5905.997,5905.998,0.0009
23.04.2019 13:40:00.000,5905.997,5905.998,5902.998,5904.998,0.0012
23.04.2019 13:41:00.000,5904.998,5904.998,5903.997,5904.998,0.0009
23.04.2019 13:42:00.000,5904.998,5904.998,5900.998,5900.998,0.0021
23.04.2019 13:43:00.000,5901.997,5912.998,5901.997,5912.998,0.0047
23.04.2019 13:44:00.000,5913.997,5913.997,5910.998,5910.998,0.0015
23.04.2019 13:45:00.000,5910.998,5913.998,5910.998,5913.997,0.0014
23.04.2019 13:46:00.000,5913.997,5914.998,5911.998,5912.998,0.0013
23.04.2019 13:47:00.000,5913.998,5915.998,5913.997,5913.998,0.0027
23.04.2019 13:48:00.000,5913.998,5913.998,5911.998,5913.998,0.0029
23.04.2019 13:49:00.000,5913.997,5917.998,5913.997,5917.998,0.0017
23.04.2019 13:50:00.000,5917.998,5918.998,5914.998,5918.998,0.0016
23.04.2019 13:51:00.000,5917.998,5918.998,5916.997,5916.998,0.0015
23.04.2019 13:52:00.000,5916.997,5918.998,5915.997,5915.997,0.0009
23.04.2019 13:53:00.000,5915.998,5915.998,5914.997,5914.998,0.0028
23.04.2019 13:54:00.000,5913.998,5916.998,5913.998,5916.997,0.0024
23.04.2019 13:55:00.000,5916.998,5916.998,5913.997,5913.998,0.0038
23.04.2019 13:56:00.000,5913.997,5914.998,5913.997,5914.998,0.0028
23.04.2019 13:57:00.000,5914.998,5916.998,5913.997,5916.997,0.0033
23.04.2019 13:58:00.000,5916.998,5917.998,5914.997,5915.997,0.0046
23.04.2019 13:59:00.000,5915.998,5917.998,5915.997,5917.998,0.0036
23.04.2019 14:00:00.000,5917.997,5918.998,5916.998,5918.998,0.0047
23.04.2019 14:01:00.000,5917.998,5918.998,5915.997,5916.997,0.0046
23.04.2019 14:02:00.000,5916.997,5916.997,5914.997,5915.998,0.0015
23.04.2019 14:03:00.000,5915.998,5916.998,5915.997,5915.997,0.0021
23.04.2019 14:04:00.000,5915.998,5917.998,5915.998,5917.998,0.0029
23.04.2019 14:05:00.000,5917.997,5917.998,5915.997,5915.998,0.0048
23.04.2019 14:06:00.000,5915.997,5921.998,5915.997,5918.998,0.0119
23.04.2019 14:07:00.000,5918.998,5919.998,5915.997,5918.997,0.0049
23.04.2019 14:08:00.000,5918.998,5919.998,5918.997,5919.998,0.0046
23.04.2019 14:09:00.000,5919.997,5927.998,5919.997,5922.998,0.0065
23.04.2019 14:10:00.000,5922.997,5923.998,5918.997,5918.997,0.0027
23.04.2019 14:11:00.000,5918.998,5919.998,5916.997,5916.998,0.005
23.04.2019 14:12:00.000,5917.997,5917.998,5916.997,5917.998,0.0061
23.04.2019 14:13:00.000,5918.997,5921.998,5917.998,5921.998,0.0045
23.04.2019 14:14:00.000,5921.997,5922.998,5921.997,5921.997,0.0036
23.04.2019 14:15:00.000,5921.998,5921.998,5918.997,5920.998,0.0012
23.04.2019 14:16:00.000,5920.997,5920.997,5917.997,5918.998,0.0043
23.04.2019 14:17:00.000,5918.997,5920.998,5917.998,5917.998,0.0084
23.04.2019 14:18:00.000,5918.998,5919.997,5916.998,5917.997,0.0085
23.04.2019 14:19:00.000,5917.998,5917.998,5915.997,5916.997,0.006
23.04.2019 14:20:00.000,5916.998,5918.998,5916.997,5917.998,0.0066
23.04.2019 14:21:00.000,5916.998,5916.998,5916.997,5916.998,0.0027
23.04.2019 14:22:00.000,5916.998,5920.998,5915.998,5920.998,0.0084
23.04.2019 14:23:00.000,5920.997,5920.997,5918.997,5918.997,0.0071
23.04.2019 14:24:00.000,5919.997,5921.997,5918.997,5918.998,0.0047
23.04.2019 14:25:00.000,5918.997,5919.998,5918.997,5919.998,0.0063
23.04.2019 14:26:00.000,5919.998,5920.998,5917.997,5917.997,0.0067
23.04.2019 14:27:00.000,5917.998,5922.998,5917.997,5922.998,0.0074
23.04.2019 14:28:00.000,5922.997,5924.997,5921.998,5923.998,0.0019
23.04.2019 14:29:00.000,5924.998,5925.998,5924.997,5925.997,0.0032
23.04.2019 14:30:00.000,5925.998,5926.998,5923.997,5924.997,0.0069
23.04.2019 14:31:00.000,5924.998,5926.998,5920.997,5925.997,0.0162
23.04.2019 14:32:00.000,5925.998,5929.998,5925.998,5928.998,0.0053
23.04.2019 14:33:00.000,5928.997,5934.997,5928.997,5933.998,0.0095
23.04.2019 14:34:00.000,5934.998,5935.998,5932.997,5933.998,0.0063
23.04.2019 14:35:00.000,5932.998,5936.998,5932.998,5935.998,0.008
23.04.2019 14:36:00.000,5934.998,5934.998,5930.997,5931.998,0.0039
23.04.2019 14:37:00.000,5931.997,5931.998,5926.998,5927.997,0.0051
23.04.2019 14:38:00.000,5927.998,5929.998,5927.998,5929.998,0.0073
23.04.2019 14:39:00.000,5930.998,5933.998,5929.997,5929.998,0.0084
23.04.2019 14:40:00.000,5929.998,5929.998,5928.997,5928.998,0.0027
23.04.2019 14:41:00.000,5928.997,5928.998,5925.997,5925.998,0.0039
23.04.2019 14:42:00.000,5925.997,5926.998,5924.997,5925.998,0.0034
23.04.2019 14:43:00.000,5925.998,5928.998,5924.998,5928.998,0.006
23.04.2019 14:44:00.000,5928.998,5929.998,5926.997,5926.998,0.0131
23.04.2019 14:45:00.000,5926.998,5927.998,5926.997,5927.998,0.0129
23.04.2019 14:46:00.000,5927.997,5927.998,5927.997,5927.997,0.0119
23.04.2019 14:47:00.000,5928.997,5928.998,5928.997,5928.998,0.0026
23.04.2019 14:48:00.000,5927.997,5929.997,5926.998,5927.998,0.0041
23.04.2019 14:49:00.000,5928.998,5928.998,5926.997,5928.998,0.008
23.04.2019 14:50:00.000,5928.997,5928.998,5927.997,5927.998,0.0093
23.04.2019 14:51:00.000,5928.998,5931.997,5928.997,5930.998,0.0162
23.04.2019 14:52:00.000,5930.997,5931.998,5930.997,5931.998,0.0032
23.04.2019 14:53:00.000,5931.998,5931.998,5928.997,5930.998,0.0041
23.04.2019 14:54:00.000,5930.998,5931.998,5930.998,5931.998,0.0176
23.04.2019 14:55:00.000,5931.998,5937.998,5931.997,5933.997,0.0122
23.04.2019 14:56:00.000,5933.998,5934.998,5933.997,5933.997,0.0081
23.04.2019 14:57:00.000,5933.998,5933.998,5930.997,5931.997,0.008
23.04.2019 14:58:00.000,5931.998,5938.998,5931.997,5936.998,0.0125
23.04.2019 14:59:00.000,5936.997,5942.998,5936.997,5942.998,0.0083
23.04.2019 15:00:00.000,5942.997,5950.998,5942.997,5950.997,0.0065
23.04.2019 15:01:00.000,5950.997,5950.997,5944.998,5945.998,0.0066
23.04.2019 15:02:00.000,5946.997,5951.998,5946.997,5951.998,0.0065
23.04.2019 15:03:00.000,5951.997,5953.998,5948.998,5953.998,0.0108
23.04.2019 15:04:00.000,5953.997,5953.997,5948.997,5949.997,0.005
23.04.2019 15:05:00.000,5949.998,5950.998,5949.997,5949.997,0.0077
23.04.2019 15:06:00.000,5949.998,5949.998,5947.998,5948.998,0.0083
23.04.2019 15:07:00.000,5948.997,5951.998,5948.997,5951.998,0.0148
23.04.2019 15:08:00.000,5951.997,5951.997,5947.997,5948.997,0.01
23.04.2019 15:09:00.000,5948.998,5948.998,5944.998,5945.997,0.0105
23.04.2019 15:10:00.000,5945.998,5947.998,5943.997,5947.998,0.0123
23.04.2019 15:11:00.000,5946.997,5947.998,5946.997,5947.997,0.0056
23.04.2019 15:12:00.000,5947.998,5947.998,5945.998,5946.998,0.009
23.04.2019 15:13:00.000,5946.997,5948.998,5945.997,5947.998,0.01
23.04.2019 15:14:00.000,5947.998,5947.998,5944.997,5946.998,0.0115
23.04.2019 15:15:00.000,5947.998,5948.998,5946.997,5946.998,0.004
23.04.2019 15:16:00.000,5946.997,5949.998,5946.997,5949.997,0.0093
23.04.2019 15:17:00.000,5949.998,5949.998,5942.998,5943.997,0.006
23.04.2019 15:18:00.000,5943.998,5946.998,5943.997,5946.998,0.0089
23.04.2019 15:19:00.000,5945.998,5945.998,5944.997,5945.998,0.0071
23.04.2019 15:20:00.000,5945.997,5945.998,5943.997,5943.998,0.0061
23.04.2019 15:21:00.000,5943.997,5944.998,5940.997,5942.997,0.0168
23.04.2019 15:22:00.000,5942.998,5947.998,5942.997,5947.998,0.0144
23.04.2019 15:23:00.000,5947.997,5950.998,5945.997,5945.998,0.0094
23.04.2019 15:24:00.000,5945.997,5947.998,5945.997,5946.998,0.0042
23.04.2019 15:25:00.000,5947.998,5947.998,5945.997,5945.998,0.0099
23.04.2019 15:26:00.000,5945.997,5947.998,5944.997,5946.997,0.0118
23.04.2019 15:27:00.000,5946.998,5950.998,5944.997,5950.998,0.0364
23.04.2019 15:28:00.000,5950.997,5950.998,5947.998,5948.998,0.0225
23.04.2019 15:29:00.000,5947.997,5949.998,5944.997,5945.998,0.0229
24.04.2019 07:00:00.000,5909.998,5923.998,5909.998,5921.998,0.0005
24.04.2019 07:01:00.000,5921.997,5928.998,5921.997,5928.998,0.0006
24.04.2019 07:02:00.000,5928.998,5928.998,5912.998,5920.998,0.0003
24.04.2019 07:03:00.000,5930.998,5930.998,5925.997,5925.997,0.0015
24.04.2019 07:04:00.000,5925.998,5925.998,5923.997,5923.998,0.0001
24.04.2019 07:05:00.000,5918.998,5923.998,5907.997,5908.998,0.0022
24.04.2019 07:06:00.000,5905.997,5911.998,5903.997,5911.997,0.0065
24.04.2019 07:07:00.000,5912.998,5918.998,5912.997,5915.998,0.0033
24.04.2019 07:08:00.000,5915.998,5918.998,5909.997,5909.998,0.0035
24.04.2019 07:09:00.000,5911.998,5918.998,5908.997,5908.997,0.003
24.04.2019 07:10:00.000,5910.998,5912.998,5908.997,5910.998,0.0039
24.04.2019 07:11:00.000,5910.998,5910.998,5901.997,5902.998,0.003
24.04.2019 07:12:00.000,5904.998,5904.998,5901.997,5901.998,0.0017
24.04.2019 07:13:00.000,5899.998,5901.998,5899.997,5900.998,0.008
24.04.2019 07:14:00.000,5901.998,5904.997,5901.997,5901.998,0.0054
24.04.2019 07:15:00.000,5902.997,5902.998,5899.997,5899.997,0.0052
24.04.2019 07:16:00.000,5900.997,5910.998,5900.997,5906.998,0.003
24.04.2019 07:17:00.000,5907.998,5916.998,5905.997,5916.997,0.0048
24.04.2019 07:18:00.000,5915.997,5917.998,5912.998,5914.998,0.0039
24.04.2019 07:19:00.000,5914.997,5914.997,5911.997,5912.998,0.0015
24.04.2019 07:20:00.000,5912.998,5913.998,5911.997,5911.998,0.0016
24.04.2019 07:21:00.000,5911.997,5914.998,5909.997,5911.997,0.0032
24.04.2019 07:22:00.000,5911.998,5913.998,5910.997,5910.997,0.0018
24.04.2019 07:23:00.000,5910.998,5912.998,5910.997,5910.997,0.0016
24.04.2019 07:24:00.000,5912.997,5912.997,5907.997,5907.997,0.0007
24.04.2019 07:25:00.000,5907.998,5918.998,5907.998,5914.998,0.0103
24.04.2019 07:26:00.000,5913.998,5916.998,5910.997,5910.998,0.0036
24.04.2019 07:27:00.000,5910.998,5916.998,5910.998,5916.997,0.0067
24.04.2019 07:28:00.000,5916.998,5918.998,5911.997,5913.998,0.0059
24.04.2019 07:29:00.000,5913.998,5915.998,5912.997,5914.998,0.0037
24.04.2019 07:30:00.000,5915.998,5925.998,5914.998,5925.998,0.007
24.04.2019 07:31:00.000,5926.997,5933.998,5923.997,5933.998,0.0111
24.04.2019 07:32:00.000,5934.997,5934.997,5928.997,5931.997,0.0038
24.04.2019 07:33:00.000,5931.998,5940.998,5931.998,5940.998,0.007
24.04.2019 07:34:00.000,5940.998,5948.998,5940.997,5947.998,0.0066
24.04.2019 07:35:00.000,5947.998,5947.998,5942.997,5943.998,0.0042
24.04.2019 07:36:00.000,5944.997,5946.998,5942.997,5943.998,0.0053
24.04.2019 07:37:00.000,5943.998,5947.998,5943.997,5947.998,0.0028
24.04.2019 07:38:00.000,5946.998,5946.998,5937.998,5937.998,0.0029
24.04.2019 07:39:00.000,5937.998,5937.998,5932.998,5933.998,0.0028
24.04.2019 07:40:00.000,5934.998,5938.997,5931.997,5938.997,0.0044
24.04.2019 07:41:00.000,5938.998,5941.998,5938.997,5939.998,0.0026
24.04.2019 07:42:00.000,5939.998,5943.998,5939.998,5942.998,0.0043
24.04.2019 07:43:00.000,5942.998,5942.998,5937.998,5937.998,0.0028
24.04.2019 07:44:00.000,5937.998,5944.997,5937.998,5943.998,0.0047
24.04.2019 07:45:00.000,5943.997,5944.998,5939.998,5939.998,0.003
24.04.2019 07:46:00.000,5939.997,5943.998,5939.997,5943.998,0.0033
24.04.2019 07:47:00.000,5941.998,5941.998,5940.998,5940.998,0.0025
24.04.2019 07:48:00.000,5941.997,5942.998,5941.997,5941.998,0.0022
24.04.2019 07:49:00.000,5940.998,5949.998,5940.998,5949.998,0.0076
24.04.2019 07:50:00.000,5948.998,5948.998,5944.997,5945.997,0.0146
24.04.2019 07:51:00.000,5946.998,5946.998,5945.997,5945.997,0.0009
24.04.2019 07:52:00.000,5946.998,5946.998,5939.998,5944.997,0.018
24.04.2019 07:53:00.000,5944.998,5945.998,5940.998,5942.998,0.0034
24.04.2019 07:54:00.000,5942.998,5942.998,5939.997,5939.997,0.005
24.04.2019 07:55:00.000,5939.997,5940.998,5939.997,5940.998,0.003
24.04.2019 07:56:00.000,5940.997,5941.997,5940.997,5941.997,0.0008
24.04.2019 07:57:00.000,5941.997,5941.998,5936.997,5937.998,0.0028
24.04.2019 07:58:00.000,5938.997,5938.998,5937.997,5937.997,0.0018
24.04.2019 07:59:00.000,5937.998,5940.998,5937.998,5940.998,0.0018
24.04.2019 08:00:00.000,5939.997,5940.998,5936.998,5936.998,0.0072
24.04.2019 08:01:00.000,5936.997,5940.998,5934.997,5935.998,0.0093
24.04.2019 08:02:00.000,5936.998,5940.998,5935.998,5935.998,0.006
24.04.2019 08:03:00.000,5935.998,5937.998,5935.997,5936.998,0.0044
24.04.2019 08:04:00.000,5936.997,5937.998,5935.997,5936.997,0.0029
24.04.2019 08:05:00.000,5936.998,5939.998,5936.997,5939.998,0.0032
24.04.2019 08:06:00.000,5939.998,5939.998,5938.997,5938.998,0.0007
24.04.2019 08:07:00.000,5938.998,5942.998,5938.998,5941.998,0.0037
24.04.2019 08:08:00.000,5941.998,5942.998,5939.997,5941.998,0.0047
24.04.2019 08:09:00.000,5941.997,5946.998,5941.997,5945.998,0.0103
24.04.2019 08:10:00.000,5945.998,5945.998,5943.997,5945.997,0.0051
24.04.2019 08:11:00.000,5945.998,5951.998,5945.998,5951.997,0.0088
24.04.2019 08:12:00.000,5951.998,5952.998,5950.998,5952.998,0.0012
24.04.2019 08:13:00.000,5952.750,5952.750,5950.997,5951.997,0.002
24.04.2019 08:14:00.000,5951.997,5951.997,5947.997,5949.997,0.0034
24.04.2019 08:15:00.000,5949.997,5949.997,5948.997,5948.998,0.0015
24.04.2019 08:16:00.000,5948.998,5948.998,5947.997,5947.997,0.0037
24.04.2019 08:17:00.000,5947.998,5950.998,5947.998,5950.998,0.0054
24.04.2019 08:18:00.000,5950.997,5955.998,5949.998,5951.998,0.0046
24.04.2019 08:19:00.000,5952.998,5952.998,5951.997,5951.998,0.0005
24.04.2019 08:20:00.000,5951.998,5951.998,5948.997,5950.998,0.0053
24.04.2019 08:21:00.000,5950.998,5950.998,5948.997,5948.998,0.0036
24.04.2019 08:22:00.000,5949.998,5952.998,5949.997,5951.998,0.0047
24.04.2019 08:23:00.000,5952.998,5955.998,5952.997,5955.998,0.0037
24.04.2019 08:24:00.000,5955.997,5955.998,5955.997,5955.998,0.0033
24.04.2019 08:25:00.000,5956.998,5956.998,5953.998,5953.998,0.0032
24.04.2019 08:26:00.000,5953.997,5953.998,5952.997,5953.998,0.0038
24.04.2019 08:27:00.000,5953.997,5955.998,5953.997,5955.997,0.0013
24.04.2019 08:28:00.000,5955.998,5959.998,5955.997,5959.997,0.0055
24.04.2019 08:29:00.000,5960.998,5963.998,5960.997,5962.998,0.0032
24.04.2019 08:30:00.000,5962.998,5962.998,5959.997,5959.997,0.0016
24.04.2019 08:31:00.000,5959.998,5959.998,5958.997,5958.998,0.0007
24.04.2019 08:32:00.000,5958.998,5959.998,5958.997,5959.997,0.0012
24.04.2019 08:33:00.000,5959.998,5959.998,5957.997,5959.998,0.003
24.04.2019 08:34:00.000,5960.997,5960.998,5957.998,5958.998,0.0016
24.04.2019 08:35:00.000,5958.750,5958.750,5954.997,5955.998,0.0032
24.04.2019 08:36:00.000,5956.998,5956.998,5953.997,5953.997,0.0015
24.04.2019 08:37:00.000,5953.998,5953.998,5949.997,5949.998,0.0035
24.04.2019 08:38:00.000,5949.997,5952.997,5947.997,5951.997,0.0075
24.04.2019 08:39:00.000,5950.998,5951.998,5948.998,5950.997,0.0041
24.04.2019 08:40:00.000,5950.998,5955.998,5949.997,5950.997,0.0096
24.04.2019 08:41:00.000,5950.998,5950.998,5945.998,5947.998,0.0101
24.04.2019 08:42:00.000,5947.998,5949.997,5947.997,5947.997,0.0073
24.04.2019 08:43:00.000,5947.998,5948.998,5947.997,5947.998,0.0077
24.04.2019 08:44:00.000,5947.997,5948.998,5942.997,5942.997,0.004
24.04.2019 08:45:00.000,5942.997,5942.997,5940.997,5940.998,0.0019
24.04.2019 08:46:00.000,5940.998,5943.998,5940.998,5942.998,0.0016
24.04.2019 08:47:00.000,5942.997,5946.997,5942.997,5946.997,0.0029
24.04.2019 08:48:00.000,5945.998,5946.998,5945.997,5946.997,0.0015
24.04.2019 08:49:00.000,5947.998,5947.998,5947.997,5947.998,0.0011
24.04.2019 08:50:00.000,5947.998,5948.998,5944.997,5944.998,0.0044
24.04.2019 08:51:00.000,5944.997,5944.998,5944.997,5944.998,0.0005
24.04.2019 08:52:00.000,5944.997,5946.998,5944.997,5946.997,0.0035
24.04.2019 08:53:00.000,5946.998,5947.998,5945.998,5945.998,0.0011
24.04.2019 08:54:00.000,5945.997,5945.997,5942.997,5944.998,0.0019
24.04.2019 08:55:00.000,5944.998,5945.998,5944.998,5945.998,0.002
24.04.2019 08:56:00.000,5945.997,5945.997,5941.997,5941.998,0.0024
24.04.2019 08:57:00.000,5941.997,5942.998,5939.997,5939.998,0.0026
24.04.2019 08:58:00.000,5939.998,5939.998,5937.997,5937.998,0.0018
24.04.2019 08:59:00.000,5938.997,5938.998,5937.997,5937.998,0.001
24.04.2019 09:00:00.000,5937.997,5937.998,5936.997,5937.998,0.0014
24.04.2019 09:01:00.000,5936.998,5939.998,5936.997,5939.998,0.0022
24.04.2019 09:02:00.000,5939.998,5943.750,5939.998,5940.997,0.0044
24.04.2019 09:03:00.000,5940.998,5945.998,5940.998,5945.998,0.0097
24.04.2019 09:04:00.000,5945.997,5946.998,5942.997,5944.998,0.008
24.04.2019 09:05:00.000,5944.997,5945.998,5943.997,5943.997,0.006
24.04.2019 09:06:00.000,5943.998,5943.998,5941.998,5942.998,0.0016
24.04.2019 09:07:00.000,5943.998,5944.998,5942.997,5942.998,0.0042
24.04.2019 09:08:00.000,5944.997,5945.998,5942.998,5945.998,0.0023
24.04.2019 09:09:00.000,5946.997,5947.998,5945.997,5946.998,0.007
24.04.2019 09:10:00.000,5946.997,5949.998,5946.997,5948.997,0.0063
24.04.2019 09:11:00.000,5948.998,5948.998,5947.997,5947.998,0.0045
24.04.2019 09:12:00.000,5948.998,5948.998,5943.997,5943.997,0.0059
24.04.2019 09:13:00.000,5944.998,5949.998,5944.998,5948.998,0.0018
24.04.2019 09:14:00.000,5949.997,5949.998,5948.997,5948.998,0.001
24.04.2019 09:15:00.000,5948.997,5948.998,5947.997,5947.998,0.0051
24.04.2019 09:17:00.000,5947.997,5948.998,5947.997,5948.998,0.0023
24.04.2019 09:18:00.000,5949.998,5949.998,5947.997,5948.998,0.0029
24.04.2019 09:19:00.000,5948.997,5949.998,5947.997,5948.997,0.0026
24.04.2019 09:20:00.000,5948.998,5949.998,5947.997,5948.998,0.0026
24.04.2019 09:21:00.000,5948.997,5949.998,5948.997,5948.998,0.0017
24.04.2019 09:22:00.000,5948.997,5948.998,5947.997,5948.998,0.0029
24.04.2019 09:23:00.000,5948.997,5948.998,5947.997,5947.998,0.0023
24.04.2019 09:24:00.000,5947.997,5947.997,5944.998,5945.997,0.0028
24.04.2019 09:25:00.000,5945.997,5945.997,5941.998,5941.998,0.0038
24.04.2019 09:26:00.000,5941.997,5941.997,5939.997,5940.997,0.0019
24.04.2019 09:27:00.000,5940.998,5940.998,5938.998,5938.998,0.0023
24.04.2019 09:28:00.000,5938.998,5939.998,5938.997,5938.998,0.0026
24.04.2019 09:29:00.000,5939.998,5939.998,5938.997,5939.998,0.0015
24.04.2019 09:30:00.000,5940.997,5942.998,5939.997,5940.997,0.0025
24.04.2019 09:31:00.000,5939.997,5940.998,5939.997,5940.997,0.0021
24.04.2019 09:32:00.000,5940.998,5940.998,5938.998,5938.998,0.0004
24.04.2019 09:33:00.000,5937.998,5939.998,5937.997,5939.998,0.0043
24.04.2019 09:34:00.000,5938.998,5940.998,5938.998,5939.998,0.0004
24.04.2019 09:35:00.000,5940.997,5940.997,5938.997,5938.998,0.0023
24.04.2019 09:36:00.000,5939.998,5941.998,5939.998,5941.997,0.003
24.04.2019 09:37:00.000,5941.997,5942.998,5939.997,5942.997,0.0032
24.04.2019 09:38:00.000,5942.998,5942.998,5941.997,5942.998,0.0012
24.04.2019 09:39:00.000,5942.997,5943.998,5939.997,5942.998,0.0036
24.04.2019 09:40:00.000,5943.998,5943.998,5941.997,5942.997,0.0014
24.04.2019 09:41:00.000,5942.998,5945.998,5941.997,5945.998,0.0073
24.04.2019 09:42:00.000,5944.998,5944.998,5944.997,5944.998,0.0034
24.04.2019 09:43:00.000,5945.997,5946.998,5944.998,5945.998,0.001
24.04.2019 09:44:00.000,5946.997,5950.998,5945.998,5950.998,0.0062
24.04.2019 09:45:00.000,5953.998,5955.998,5952.997,5955.998,0.0036
24.04.2019 09:46:00.000,5955.997,5955.998,5951.997,5951.998,0.0063
24.04.2019 09:47:00.000,5952.997,5952.998,5949.997,5949.997,0.0077
24.04.2019 09:48:00.000,5949.997,5951.998,5949.997,5950.997,0.0017
24.04.2019 09:49:00.000,5950.998,5951.998,5950.997,5951.998,0.0026
24.04.2019 09:50:00.000,5951.998,5954.998,5951.998,5953.998,0.0019
24.04.2019 09:51:00.000,5952.998,5952.998,5950.997,5951.998,0.002
24.04.2019 09:52:00.000,5951.998,5951.998,5949.997,5949.998,0.0006
24.04.2019 09:53:00.000,5949.997,5950.998,5947.997,5947.997,0.0035
24.04.2019 09:54:00.000,5947.998,5949.998,5947.997,5949.998,0.0022
24.04.2019 09:55:00.000,5949.997,5950.998,5949.997,5949.998,0.0026
24.04.2019 09:56:00.000,5949.997,5952.998,5949.997,5952.998,0.0034
24.04.2019 09:57:00.000,5952.997,5956.998,5952.997,5954.998,0.0025
24.04.2019 09:58:00.000,5954.997,5955.998,5951.998,5952.998,0.0032
24.04.2019 09:59:00.000,5952.998,5952.998,5948.998,5951.997,0.0028
24.04.2019 10:00:00.000,5951.998,5951.998,5948.997,5948.997,0.0054
24.04.2019 10:01:00.000,5949.998,5949.998,5947.998,5947.998,0.0007
24.04.2019 10:02:00.000,5947.997,5949.998,5947.997,5949.998,0.0011
24.04.2019 10:03:00.000,5949.997,5950.998,5949.997,5950.997,0.0066
24.04.2019 10:04:00.000,5950.998,5951.998,5949.998,5949.998,0.0035
24.04.2019 10:05:00.000,5950.998,5950.998,5950.997,5950.998,0.001
24.04.2019 10:06:00.000,5950.998,5950.998,5948.998,5948.998,0.0007
24.04.2019 10:07:00.000,5948.997,5948.998,5948.997,5948.998,0.0011
24.04.2019 10:08:00.000,5948.997,5952.998,5947.997,5952.998,0.0049
24.04.2019 10:09:00.000,5951.997,5951.998,5951.997,5951.997,0.0009
24.04.2019 10:10:00.000,5952.997,5956.998,5952.997,5955.997,0.005
24.04.2019 10:11:00.000,5955.998,5960.998,5953.997,5960.997,0.0054
24.04.2019 10:12:00.000,5960.998,5960.998,5960.997,5960.998,0.0022
24.04.2019 10:13:00.000,5960.997,5961.998,5960.997,5961.998,0.0012
24.04.2019 10:14:00.000,5961.998,5961.998,5959.998,5959.998,0.0055
24.04.2019 10:15:00.000,5960.997,5961.998,5960.997,5961.998,0.002
24.04.2019 10:16:00.000,5961.997,5961.998,5955.998,5955.998,0.0029
24.04.2019 10:17:00.000,5956.997,5958.998,5955.997,5958.998,0.0045
24.04.2019 10:18:00.000,5958.997,5958.998,5956.997,5956.998,0.0027
24.04.2019 10:19:00.000,5957.997,5957.998,5956.997,5957.997,0.0018
24.04.2019 10:20:00.000,5957.998,5957.998,5956.998,5956.998,0.0003
24.04.2019 10:21:00.000,5957.998,5958.998,5956.997,5957.998,0.0022
24.04.2019 10:22:00.000,5957.997,5962.998,5957.997,5962.998,0.0024
24.04.2019 10:23:00.000,5962.998,5962.998,5962.998,5962.998,0.0001
24.04.2019 10:24:00.000,5963.998,5968.998,5962.997,5968.998,0.0057
24.04.2019 10:25:00.000,5968.998,5986.998,5967.998,5983.998,0.0138
24.04.2019 10:26:00.000,5984.997,5984.998,5976.997,5977.997,0.0038
24.04.2019 10:27:00.000,5977.997,5977.998,5974.997,5975.998,0.0018
24.04.2019 10:28:00.000,5976.997,5980.998,5975.998,5980.998,0.0028
24.04.2019 10:29:00.000,5981.997,5983.998,5981.997,5982.998,0.0017
24.04.2019 10:30:00.000,5982.998,5984.998,5982.997,5982.997,0.0015
24.04.2019 10:31:00.000,5982.998,5982.998,5976.998,5978.998,0.002
24.04.2019 10:32:00.000,5978.998,5979.998,5978.998,5979.998,0.0007
24.04.2019 10:33:00.000,5980.998,5981.998,5980.997,5981.998,0.0015
24.04.2019 10:35:00.000,5981.997,5989.998,5981.997,5987.998,0.0057
24.04.2019 10:36:00.000,5987.997,5997.998,5985.997,5992.998,0.0052
24.04.2019 10:37:00.000,5993.998,5997.998,5993.997,5997.997,0.0019
24.04.2019 10:38:00.000,5997.998,5999.998,5997.997,5999.998,0.0014
24.04.2019 10:39:00.000,5999.997,6002.998,5994.998,5994.998,0.0021
24.04.2019 10:40:00.000,5994.998,5998.998,5994.997,5998.998,0.0054
24.04.2019 10:41:00.000,5998.997,6002.998,5998.997,6002.998,0.0045
24.04.2019 10:42:00.000,6003.998,6003.998,5999.997,5999.998,0.0031
24.04.2019 10:43:00.000,5999.998,5999.998,5997.997,5999.997,0.0022
24.04.2019 10:44:00.000,5999.997,6000.998,5998.997,5999.998,0.0018
24.04.2019 10:45:00.000,5998.998,5999.998,5996.997,5998.998,0.0024
24.04.2019 10:46:00.000,5998.998,5999.998,5998.997,5999.998,0.0015
24.04.2019 10:47:00.000,5997.998,5999.997,5997.997,5998.998,0.0026
24.04.2019 10:48:00.000,5998.997,6002.998,5997.997,6002.998,0.0031
24.04.2019 10:49:00.000,6003.998,6011.998,6003.998,6009.997,0.0033
24.04.2019 10:50:00.000,6009.998,6009.998,6007.997,6007.997,0.0019
24.04.2019 10:51:00.000,6007.997,6007.998,6006.997,6007.997,0.0021
24.04.2019 10:52:00.000,6007.998,6007.998,6001.998,6001.998,0.002
24.04.2019 10:53:00.000,6001.997,6001.998,5999.998,6001.997,0.0017
24.04.2019 10:54:00.000,6001.998,6005.997,6001.997,6002.998,0.0018
24.04.2019 10:55:00.000,6002.997,6002.997,5998.997,5998.997,0.0003
24.04.2019 10:56:00.000,5999.997,5999.998,5999.997,5999.998,0.001
24.04.2019 10:57:00.000,6000.998,6000.998,5999.998,5999.998,0.0018
24.04.2019 10:58:00.000,5999.997,6000.998,5999.997,5999.998,0.0031
24.04.2019 10:59:00.000,5998.998,5999.998,5998.997,5998.997,0.0015
24.04.2019 11:00:00.000,5997.997,5997.997,5997.750,5997.750,0.0004
24.04.2019 11:02:00.000,5997.997,6000.998,5996.998,5998.998,0.0032
24.04.2019 11:03:00.000,6000.998,6000.998,5999.997,5999.998,0.0006
24.04.2019 11:04:00.000,5999.997,6000.998,5999.997,6000.997,0.0022
24.04.2019 11:05:00.000,6000.998,6000.998,6000.998,6000.998,0.0002
24.04.2019 11:06:00.000,6000.997,6000.998,6000.997,6000.998,0.0005
24.04.2019 11:07:00.000,6001.997,6001.998,6000.997,6000.998,0.0011
24.04.2019 11:08:00.000,6000.997,6000.997,5997.997,5998.997,0.0016
24.04.2019 11:09:00.000,5999.998,6001.998,5999.997,6000.998,0.0025
24.04.2019 11:10:00.000,5999.998,6000.997,5998.997,5998.998,0.0012
24.04.2019 11:11:00.000,5998.997,5999.998,5998.997,5999.998,0.0014
24.04.2019 11:12:00.000,6000.998,6000.998,5999.998,6000.998,0.0015
24.04.2019 11:13:00.000,6000.997,6000.998,5997.997,6000.998,0.0029
24.04.2019 11:14:00.000,6000.997,6000.997,5997.998,5999.997,0.0044
24.04.2019 11:15:00.000,6000.998,6001.998,5998.998,5999.998,0.0043
24.04.2019 11:16:00.000,5999.997,6006.998,5998.998,6006.997,0.0097
24.04.2019 11:17:00.000,6006.998,6006.998,6004.997,6004.998,0.0015
24.04.2019 11:18:00.000,6003.998,6003.998,6000.998,6000.998,0.0015
24.04.2019 11:19:00.000,5999.998,6000.998,5999.997,5999.998,0.0014
24.04.2019 11:20:00.000,6000.997,6001.998,6000.997,6001.998,0.0055
24.04.2019 11:21:00.000,6001.997,6001.998,5999.997,5999.997,0.0025
24.04.2019 11:22:00.000,5999.998,5999.998,5999.997,5999.997,0.0005
24.04.2019 11:23:00.000,5999.998,6000.998,5999.997,5999.997,0.0009
24.04.2019 11:24:00.000,5999.998,5999.998,5998.998,5999.997,0.0054
24.04.2019 11:25:00.000,6000.997,6000.998,5999.997,5999.997,0.0034
24.04.2019 11:26:00.000,5999.998,5999.998,5999.997,5999.998,0.0005
24.04.2019 11:27:00.000,5999.997,5999.998,5999.997,5999.997,0.0011
24.04.2019 11:28:00.000,6000.998,6001.998,6000.997,6001.998,0.0028
24.04.2019 11:29:00.000,6001.997,6001.998,6001.997,6001.997,0.0029
24.04.2019 11:30:00.000,6001.998,6002.998,6001.998,6001.998,0.0011
24.04.2019 11:31:00.000,6001.997,6004.998,6001.997,6003.998,0.0022
24.04.2019 11:32:00.000,6002.997,6002.998,6000.997,6001.997,0.003
24.04.2019 11:33:00.000,6001.998,6001.998,6001.997,6001.998,0.001
24.04.2019 11:34:00.000,6001.997,6002.998,6000.997,6000.998,0.0051
24.04.2019 11:35:00.000,6000.998,6000.998,5999.998,5999.998,0.0009
24.04.2019 11:36:00.000,5999.998,6000.998,5999.997,6000.998,0.0017
24.04.2019 11:37:00.000,6000.997,6001.998,5999.997,6000.997,0.0032
24.04.2019 11:38:00.000,6000.998,6000.998,5998.998,5999.998,0.0048
24.04.2019 11:39:00.000,5999.997,5999.997,5999.997,5999.997,0.0001
24.04.2019 11:40:00.000,5999.998,6000.998,5999.997,6000.998,0.0017
24.04.2019 11:41:00.000,6000.997,6000.997,5999.997,5999.998,0.0012
24.04.2019 11:42:00.000,5998.998,6000.998,5998.997,5999.998,0.0027
24.04.2019 11:43:00.000,5999.997,5999.998,5998.997,5999.998,0.0039
24.04.2019 11:44:00.000,5999.997,5999.998,5998.997,5998.998,0.0037
24.04.2019 11:45:00.000,5998.997,5999.998,5998.997,5998.997,0.0045
24.04.2019 11:46:00.000,5998.998,5999.998,5998.998,5999.998,0.0023
24.04.2019 11:47:00.000,5999.997,5999.998,5999.997,5999.998,0.0049
24.04.2019 11:48:00.000,5999.997,5999.998,5999.997,5999.998,0.0013
24.04.2019 11:49:00.000,6000.997,6005.998,6000.997,6005.998,0.0032
24.04.2019 11:50:00.000,6006.998,6007.998,6004.997,6004.998,0.0031
24.04.2019 11:51:00.000,6004.997,6004.998,6004.997,6004.998,0.0007
24.04.2019 11:52:00.000,6004.998,6004.998,6001.997,6002.997,0.0021
24.04.2019 11:53:00.000,6002.997,6002.997,6001.997,6001.998,0.0021
24.04.2019 11:54:00.000,6001.997,6002.997,6001.997,6001.997,0.0064
24.04.2019 11:55:00.000,6002.998,6002.998,6001.997,6001.997,0.0027
24.04.2019 11:56:00.000,6002.998,6004.998,6002.997,6003.998,0.0041
24.04.2019 11:57:00.000,6003.997,6003.997,6002.997,6002.998,0.0017
24.04.2019 11:58:00.000,6002.998,6003.998,6002.997,6002.998,0.0023
24.04.2019 11:59:00.000,6002.997,6002.998,6002.997,6002.997,0.0015
24.04.2019 12:00:00.000,6002.998,6002.998,5999.998,6000.998,0.0027
24.04.2019 12:01:00.000,6000.998,6001.998,6000.997,6000.997,0.0029
24.04.2019 12:02:00.000,6000.998,6000.998,5999.997,5999.998,0.0028
24.04.2019 12:03:00.000,6000.998,6000.998,5999.997,5999.998,0.0022
24.04.2019 12:04:00.000,5997.998,6000.998,5997.998,5999.998,0.0114
24.04.2019 12:05:00.000,5999.997,6001.998,5997.997,6001.998,0.0055
24.04.2019 12:06:00.000,6001.997,6001.997,6000.997,6000.998,0.0016
24.04.2019 12:07:00.000,6000.997,6000.997,5998.997,5998.997,0.006
24.04.2019 12:08:00.000,5999.998,5999.998,5998.997,5999.998,0.0027
24.04.2019 12:09:00.000,5999.997,6000.998,5999.997,6000.998,0.003
24.04.2019 12:10:00.000,6000.997,6000.998,5999.997,5999.998,0.0034
24.04.2019 12:11:00.000,5999.998,6000.998,5999.998,6000.998,0.0004
24.04.2019 12:12:00.000,5999.998,5999.998,5999.997,5999.998,0.0014
24.04.2019 12:13:00.000,6000.997,6000.998,6000.997,6000.998,0.0008
24.04.2019 12:14:00.000,6000.997,6000.998,6000.997,6000.998,0.0023
24.04.2019 12:15:00.000,6000.997,6000.998,5999.997,5999.998,0.0027
24.04.2019 12:16:00.000,5999.997,6000.998,5999.997,6000.997,0.0066
24.04.2019 12:17:00.000,6000.998,6000.998,6000.997,6000.997,0.0046
24.04.2019 12:18:00.000,6000.998,6003.998,6000.998,6003.998,0.0036
24.04.2019 12:19:00.000,6004.998,6005.998,6004.997,6005.998,0.001
24.04.2019 12:20:00.000,6005.997,6006.998,6005.997,6005.998,0.0012
24.04.2019 12:21:00.000,6005.997,6005.998,6004.997,6004.998,0.0047
24.04.2019 12:22:00.000,6004.997,6004.998,6004.997,6004.997,0.001
24.04.2019 12:24:00.000,6005.997,6005.998,6005.997,6005.998,0.0022
24.04.2019 12:25:00.000,6005.998,6005.998,6003.997,6003.998,0.0027
24.04.2019 12:26:00.000,6003.997,6004.998,6003.997,6003.997,0.0049
24.04.2019 12:27:00.000,6003.998,6004.997,6003.997,6003.997,0.0024
24.04.2019 12:28:00.000,6003.997,6003.997,6002.997,6002.998,0.0026
24.04.2019 12:29:00.000,6003.998,6003.998,6002.997,6003.998,0.008
24.04.2019 12:30:00.000,6004.997,6005.998,6002.997,6002.998,0.0042
24.04.2019 12:31:00.000,6002.998,6002.998,5999.997,5999.997,0.0045
24.04.2019 12:32:00.000,5999.998,6001.998,5997.998,6000.997,0.0147
24.04.2019 12:33:00.000,6000.998,6000.998,5999.997,5999.998,0.0178
24.04.2019 12:34:00.000,6000.997,6000.998,5999.997,5999.997,0.0103
24.04.2019 12:35:00.000,6000.997,6000.998,6000.997,6000.998,0.0011
24.04.2019 12:36:00.000,6001.998,6001.998,6001.998,6001.998,0.0001
24.04.2019 12:37:00.000,6001.997,6001.998,6001.997,6001.998,0.0007
24.04.2019 12:38:00.000,6001.997,6001.997,5998.998,6000.997,0.0086
24.04.2019 12:39:00.000,6000.998,6003.998,6000.998,6003.998,0.0026
24.04.2019 12:40:00.000,6003.997,6003.997,6002.997,6002.997,0.002
24.04.2019 12:41:00.000,6002.998,6003.998,6002.997,6003.998,0.0036
24.04.2019 12:42:00.000,6002.998,6002.998,6001.997,6002.997,0.0047
24.04.2019 12:43:00.000,6002.997,6002.998,6000.998,6001.998,0.0023
24.04.2019 12:44:00.000,6001.997,6001.998,6001.997,6001.998,0.0013
24.04.2019 12:45:00.000,6001.997,6001.998,6001.997,6001.998,0.0008
24.04.2019 12:46:00.000,6002.998,6004.998,6002.997,6003.998,0.0033
24.04.2019 12:47:00.000,6003.997,6004.998,6003.997,6003.998,0.0024
24.04.2019 12:48:00.000,6003.997,6004.998,6003.997,6004.998,0.003
24.04.2019 12:49:00.000,6004.997,6004.998,6003.997,6003.998,0.0025
24.04.2019 12:50:00.000,6003.997,6003.998,6002.997,6002.997,0.0047
24.04.2019 12:51:00.000,6002.998,6003.998,6002.997,6003.997,0.0043
24.04.2019 12:52:00.000,6003.998,6004.998,6002.997,6004.997,0.0069
24.04.2019 12:53:00.000,6004.998,6005.998,6002.997,6002.997,0.004
24.04.2019 12:54:00.000,6002.998,6002.998,6000.998,6000.998,0.0012
24.04.2019 12:55:00.000,6000.997,6001.998,6000.997,6000.997,0.0023
24.04.2019 12:56:00.000,6000.998,6000.998,5999.997,6000.998,0.0014
24.04.2019 12:57:00.000,6000.997,6001.998,6000.997,6000.997,0.0011
24.04.2019 12:58:00.000,6000.998,6000.998,5999.997,5999.997,0.007
24.04.2019 12:59:00.000,6000.997,6000.998,6000.997,6000.998,0.0053
24.04.2019 13:00:00.000,6000.997,6001.998,6000.997,6001.998,0.0065
24.04.2019 13:01:00.000,6001.997,6002.998,6001.997,6001.997,0.0047
24.04.2019 13:02:00.000,6002.998,6002.998,5999.997,6000.998,0.0039
24.04.2019 13:03:00.000,5999.998,5999.998,5999.997,5999.998,0.003
24.04.2019 13:04:00.000,5999.997,5999.998,5999.997,5999.998,0.0017
24.04.2019 13:05:00.000,5999.997,5999.998,5999.997,5999.997,0.0041
24.04.2019 13:06:00.000,5999.998,5999.998,5998.997,5999.998,0.0069
24.04.2019 13:07:00.000,5998.998,5999.998,5998.998,5999.998,0.0036
24.04.2019 13:08:00.000,5999.997,5999.998,5999.997,5999.998,0.003
24.04.2019 13:09:00.000,5998.998,6000.998,5998.998,6000.998,0.0027
24.04.2019 13:10:00.000,6000.997,6000.998,5999.997,6000.998,0.0054
24.04.2019 13:11:00.000,5999.997,6003.998,5999.997,6003.998,0.0042
24.04.2019 13:12:00.000,6003.997,6003.997,6002.997,6002.998,0.0017
24.04.2019 13:13:00.000,6002.997,6003.998,6002.997,6003.997,0.0025
24.04.2019 13:14:00.000,6003.998,6005.998,6003.997,6004.998,0.0052
24.04.2019 13:15:00.000,6004.997,6005.998,6004.997,6005.998,0.0037
24.04.2019 13:16:00.000,6004.998,6004.998,6004.997,6004.998,0.0027
24.04.2019 13:17:00.000,6004.997,6004.997,5999.998,5999.998,0.0102
24.04.2019 13:18:00.000,5999.997,6001.998,5998.998,6001.998,0.003
24.04.2019 13:19:00.000,6002.997,6002.998,6001.997,6001.998,0.0049
24.04.2019 13:20:00.000,6001.997,6001.998,6001.997,6001.998,0.0037
24.04.2019 13:21:00.000,6001.997,6002.998,6001.997,6002.997,0.0058
24.04.2019 13:22:00.000,6002.998,6002.998,6000.997,6000.998,0.0025
24.04.2019 13:23:00.000,6000.997,6000.998,6000.997,6000.998,0.0009
24.04.2019 13:24:00.000,6000.997,6002.997,6000.997,6001.998,0.0055
24.04.2019 13:25:00.000,6000.998,6001.998,6000.997,6001.998,0.0078
24.04.2019 13:26:00.000,6001.997,6001.997,6000.997,6000.997,0.0017
24.04.2019 13:27:00.000,5999.998,6002.998,5998.997,6002.998,0.0166
24.04.2019 13:28:00.000,6003.998,6003.998,6002.997,6003.998,0.0053
24.04.2019 13:29:00.000,6003.998,6004.998,6003.997,6003.998,0.006
24.04.2019 13:30:00.000,6003.997,6009.998,6003.997,6009.997,0.0124
24.04.2019 13:31:00.000,6009.998,6011.998,6007.997,6009.998,0.0102
24.04.2019 13:32:00.000,6009.998,6014.998,6009.998,6013.998,0.0092
24.04.2019 13:33:00.000,6013.997,6016.998,6013.997,6016.998,0.0089
24.04.2019 13:34:00.000,6016.997,6018.998,6016.997,6017.997,0.0104
24.04.2019 13:35:00.000,6017.998,6019.998,6014.997,6018.997,0.0242
24.04.2019 13:36:00.000,6018.998,6023.998,6018.998,6022.998,0.0072
24.04.2019 13:37:00.000,6022.998,6024.998,6022.998,6024.998,0.0103
24.04.2019 13:38:00.000,6025.997,6029.998,6025.997,6028.998,0.0188
24.04.2019 13:39:00.000,6028.997,6029.998,6026.998,6028.998,0.0102
24.04.2019 13:40:00.000,6028.997,6029.998,6023.998,6026.998,0.0215
24.04.2019 13:41:00.000,6026.998,6026.998,6023.998,6025.998,0.012
24.04.2019 13:42:00.000,6025.997,6025.997,6023.997,6024.998,0.0046
24.04.2019 13:43:00.000,6024.997,6025.998,6024.997,6025.998,0.0079
24.04.2019 13:44:00.000,6024.997,6029.998,6022.997,6029.998,0.0144
24.04.2019 13:45:00.000,6029.997,6031.997,6029.997,6030.998,0.0103
24.04.2019 13:46:00.000,6030.997,6033.998,6028.997,6028.998,0.0087
24.04.2019 13:47:00.000,6027.998,6033.998,6025.997,6030.998,0.0146
24.04.2019 13:48:00.000,6030.997,6035.998,6027.997,6028.997,0.0192
24.04.2019 13:49:00.000,6028.998,6032.998,6028.997,6032.998,0.0074
24.04.2019 13:50:00.000,6032.998,6037.998,6030.997,6036.997,0.0111
24.04.2019 13:51:00.000,6036.998,6036.998,6035.997,6036.998,0.0059
24.04.2019 13:52:00.000,6036.998,6038.998,6036.997,6038.998,0.0176
24.04.2019 13:53:00.000,6038.997,6045.998,6038.997,6045.997,0.0114
24.04.2019 13:54:00.000,6044.998,6055.997,6042.997,6054.998,0.0179
24.04.2019 13:55:00.000,6054.998,6058.998,6050.997,6056.998,0.0119
24.04.2019 13:56:00.000,6056.997,6056.997,6051.998,6054.998,0.0076
24.04.2019 13:57:00.000,6055.998,6060.998,6055.997,6059.998,0.0186
24.04.2019 13:58:00.000,6060.997,6061.998,6052.997,6059.997,0.0093
24.04.2019 13:59:00.000,6059.997,6059.997,6056.997,6056.998,0.0064
24.04.2019 14:00:00.000,6057.998,6057.998,6050.997,6052.997,0.0143
24.04.2019 14:01:00.000,6052.998,6054.998,6046.998,6048.998,0.0101
24.04.2019 14:02:00.000,6048.998,6048.998,6044.997,6044.998,0.0112
24.04.2019 14:03:00.000,6044.997,6045.997,6043.997,6043.998,0.0087
24.04.2019 14:04:00.000,6044.997,6044.998,6043.997,6044.998,0.0069
24.04.2019 14:05:00.000,6043.998,6045.998,6041.997,6041.997,0.0056
24.04.2019 14:06:00.000,6041.998,6041.998,6037.998,6037.998,0.008
24.04.2019 14:07:00.000,6036.998,6039.998,6036.998,6038.998,0.0085
24.04.2019 14:08:00.000,6038.997,6038.997,6032.997,6033.998,0.0083
24.04.2019 14:09:00.000,6033.998,6035.998,6033.997,6034.998,0.0156
24.04.2019 14:10:00.000,6034.997,6038.998,6034.997,6036.998,0.0117
24.04.2019 14:11:00.000,6036.997,6039.998,6035.997,6038.997,0.0079
24.04.2019 14:12:00.000,6039.998,6045.998,6038.997,6044.998,0.0089
24.04.2019 14:13:00.000,6044.997,6044.998,6041.998,6043.998,0.0098
24.04.2019 14:14:00.000,6043.997,6043.998,6040.998,6041.997,0.0063
24.04.2019 14:15:00.000,6041.998,6041.998,6040.997,6040.998,0.009
24.04.2019 14:16:00.000,6040.997,6045.998,6040.997,6045.997,0.0085
24.04.2019 14:17:00.000,6045.998,6046.998,6043.998,6044.997,0.0062
24.04.2019 14:18:00.000,6044.998,6045.998,6042.997,6042.998,0.0074
24.04.2019 14:19:00.000,6043.997,6043.997,6041.997,6041.998,0.0145
24.04.2019 14:20:00.000,6041.997,6041.998,6039.997,6039.998,0.0093
24.04.2019 14:21:00.000,6039.997,6040.998,6039.997,6039.998,0.0049
24.04.2019 14:22:00.000,6039.997,6039.998,6038.997,6038.998,0.0051
24.04.2019 14:23:00.000,6038.997,6040.998,6038.997,6039.997,0.0077
24.04.2019 14:24:00.000,6039.998,6039.998,6038.997,6039.998,0.009
24.04.2019 14:25:00.000,6040.998,6045.998,6040.998,6043.998,0.0106
24.04.2019 14:26:00.000,6043.998,6046.998,6043.997,6046.998,0.0054
24.04.2019 14:27:00.000,6046.997,6049.998,6046.997,6049.998,0.0062
24.04.2019 14:28:00.000,6049.997,6050.998,6049.997,6049.997,0.0063
24.04.2019 14:29:00.000,6049.998,6055.998,6049.998,6055.998,0.008
24.04.2019 14:30:00.000,6054.998,6055.998,6054.997,6054.998,0.0064
24.04.2019 14:31:00.000,6054.997,6057.998,6054.997,6057.998,0.0062
24.04.2019 14:32:00.000,6057.998,6060.998,6057.997,6059.998,0.009
24.04.2019 14:33:00.000,6060.997,6060.998,6053.998,6058.998,0.0114
24.04.2019 14:34:00.000,6058.997,6061.998,6058.997,6060.998,0.0141
24.04.2019 14:35:00.000,6059.998,6060.998,6057.997,6057.998,0.0074
24.04.2019 14:36:00.000,6057.997,6057.998,6053.997,6054.998,0.0114
24.04.2019 14:37:00.000,6055.997,6055.997,6049.997,6049.997,0.0093
24.04.2019 14:38:00.000,6049.998,6050.998,6049.997,6049.997,0.0082
24.04.2019 14:39:00.000,6049.998,6049.998,6045.998,6049.998,0.0119
24.04.2019 14:40:00.000,6049.997,6051.997,6049.997,6050.997,0.0108
24.04.2019 14:41:00.000,6050.998,6053.998,6050.998,6051.998,0.0115
24.04.2019 14:42:00.000,6052.997,6055.998,6052.997,6053.998,0.0086
24.04.2019 14:43:00.000,6052.997,6052.998,6050.997,6050.998,0.0112
24.04.2019 14:44:00.000,6051.997,6051.997,6049.997,6049.998,0.0134
24.04.2019 14:45:00.000,6049.997,6049.998,6047.997,6047.998,0.0113
24.04.2019 14:46:00.000,6047.997,6049.998,6047.997,6049.998,0.0062
24.04.2019 14:47:00.000,6049.997,6050.998,6047.997,6048.998,0.0107
24.04.2019 14:48:00.000,6048.997,6049.998,6048.997,6048.998,0.0188
24.04.2019 14:49:00.000,6048.997,6048.998,6045.997,6048.998,0.0167
24.04.2019 14:50:00.000,6048.998,6051.998,6047.997,6050.997,0.0131
24.04.2019 14:51:00.000,6050.998,6052.998,6050.997,6051.998,0.0103
24.04.2019 14:52:00.000,6051.998,6052.998,6050.997,6050.998,0.0106
24.04.2019 14:53:00.000,6050.997,6051.998,6050.997,6050.998,0.004
24.04.2019 14:54:00.000,6050.997,6054.997,6050.997,6053.997,0.0158
24.04.2019 14:55:00.000,6052.998,6054.998,6052.997,6054.998,0.0082
24.04.2019 14:56:00.000,6054.997,6054.998,6049.997,6049.998,0.0072
24.04.2019 14:57:00.000,6049.997,6049.998,6046.997,6047.997,0.0139
24.04.2019 14:58:00.000,6047.998,6048.998,6047.997,6047.997,0.009
24.04.2019 14:59:00.000,6047.998,6054.998,6047.997,6052.998,0.0208
24.04.2019 15:00:00.000,6052.998,6053.998,6047.998,6047.998,0.0197
24.04.2019 15:01:00.000,6048.998,6048.998,6047.997,6047.998,0.0112
24.04.2019 15:02:00.000,6047.997,6048.998,6047.997,6047.998,0.0139
24.04.2019 15:03:00.000,6047.997,6048.998,6041.997,6042.998,0.0248
24.04.2019 15:04:00.000,6042.997,6044.998,6039.997,6043.997,0.0104
24.04.2019 15:05:00.000,6044.998,6044.998,6041.997,6041.997,0.0134
24.04.2019 15:06:00.000,6041.997,6042.998,6041.997,6041.998,0.0092
24.04.2019 15:07:00.000,6042.997,6045.998,6042.997,6045.997,0.0157
24.04.2019 15:08:00.000,6045.998,6045.998,6042.997,6043.998,0.0177
24.04.2019 15:09:00.000,6043.997,6045.998,6043.997,6045.997,0.0205
24.04.2019 15:10:00.000,6046.997,6046.998,6045.997,6045.998,0.0171
24.04.2019 15:11:00.000,6045.997,6045.998,6042.997,6043.997,0.0158
24.04.2019 15:12:00.000,6042.998,6044.998,6042.997,6043.998,0.0156
24.04.2019 15:13:00.000,6043.997,6044.998,6043.997,6044.998,0.0212
24.04.2019 15:14:00.000,6044.997,6044.998,6039.997,6039.998,0.0171
24.04.2019 15:15:00.000,6039.997,6039.998,6030.998,6030.998,0.0152
24.04.2019 15:16:00.000,6030.997,6030.998,6026.997,6027.997,0.0154
24.04.2019 15:17:00.000,6027.998,6027.998,6020.998,6023.998,0.0108
24.04.2019 15:18:00.000,6024.997,6025.998,6021.997,6022.998,0.0061
24.04.2019 15:19:00.000,6022.997,6026.997,6021.997,6024.997,0.0201
24.04.2019 15:20:00.000,6024.998,6030.998,6024.998,6030.998,0.0159
24.04.2019 15:21:00.000,6029.997,6030.998,6024.997,6024.998,0.0114
24.04.2019 15:22:00.000,6024.998,6027.998,6024.997,6025.998,0.0212
24.04.2019 15:23:00.000,6025.997,6026.998,6024.997,6024.997,0.0201
24.04.2019 15:24:00.000,6024.998,6025.998,6023.997,6024.998,0.0084
24.04.2019 15:25:00.000,6025.998,6026.998,6021.997,6022.998,0.0144
24.04.2019 15:26:00.000,6022.997,6025.998,6022.997,6024.997,0.0153
24.04.2019 15:27:00.000,6024.998,6025.998,6022.998,6024.997,0.0142
24.04.2019 15:28:00.000,6025.997,6030.998,6024.997,6024.997,0.0108
24.04.2019 15:29:00.000,6025.998,6031.998,6021.998,6024.998,0.0149
25.04.2019 07:00:00.000,6038.998,6051.998,6038.998,6051.998,0.0004
25.04.2019 07:01:00.000,6062.998,6063.998,6062.997,6063.997,0.0005
25.04.2019 07:02:00.000,6065.998,6073.997,6065.998,6068.998,0.0008
25.04.2019 07:03:00.000,6069.998,6069.998,6067.997,6067.998,0.0002
25.04.2019 07:04:00.000,6069.997,6069.998,6057.998,6057.998,0.0005
25.04.2019 07:05:00.000,6057.997,6062.998,6057.997,6062.998,0.0055
25.04.2019 07:06:00.000,6062.997,6068.998,6062.997,6065.998,0.0083
25.04.2019 07:07:00.000,6066.997,6066.997,6052.998,6056.998,0.0028
25.04.2019 07:08:00.000,6056.997,6060.998,6045.998,6055.998,0.0064
25.04.2019 07:09:00.000,6058.998,6059.998,6050.997,6050.997,0.0034
25.04.2019 07:10:00.000,6051.998,6054.998,6036.998,6038.998,0.013
25.04.2019 07:11:00.000,6038.998,6052.998,6038.998,6052.998,0.0077
25.04.2019 07:12:00.000,6052.998,6055.998,6050.998,6050.998,0.0031
25.04.2019 07:13:00.000,6051.998,6054.998,6051.997,6053.998,0.0052
25.04.2019 07:14:00.000,6053.997,6053.998,6051.998,6053.998,0.0029
25.04.2019 07:15:00.000,6055.998,6066.997,6055.997,6066.997,0.0057
25.04.2019 07:16:00.000,6066.998,6066.998,6061.997,6061.997,0.0118
25.04.2019 07:17:00.000,6062.998,6062.998,6058.997,6058.997,0.0075
25.04.2019 07:18:00.000,6058.998,6063.998,6058.998,6063.998,0.0036
25.04.2019 07:19:00.000,6063.997,6069.998,6063.997,6069.997,0.0128
25.04.2019 07:20:00.000,6070.998,6072.998,6064.998,6066.998,0.0054
25.04.2019 07:21:00.000,6067.998,6071.998,6061.997,6065.998,0.0054
25.04.2019 07:22:00.000,6065.997,6066.998,6061.998,6061.998,0.0016
25.04.2019 07:23:00.000,6060.998,6066.997,6055.998,6055.998,0.0038
25.04.2019 07:24:00.000,6055.998,6055.998,6049.997,6053.997,0.0047
25.04.2019 07:25:00.000,6051.997,6054.998,6049.998,6052.997,0.0062
25.04.2019 07:26:00.000,6052.998,6056.998,6051.998,6053.998,0.0033
25.04.2019 07:27:00.000,6053.997,6059.998,6051.997,6059.998,0.0051
25.04.2019 07:28:00.000,6058.998,6061.998,6055.998,6058.998,0.0047
25.04.2019 07:29:00.000,6058.997,6059.998,6054.997,6056.998,0.0079
25.04.2019 07:30:00.000,6056.998,6066.998,6056.998,6062.998,0.0039
25.04.2019 07:31:00.000,6064.998,6067.998,6064.998,6066.997,0.0027
25.04.2019 07:32:00.000,6065.998,6071.998,6065.997,6067.998,0.0053
25.04.2019 07:33:00.000,6067.997,6071.998,6066.998,6071.998,0.0044
25.04.2019 07:34:00.000,6072.998,6075.998,6071.997,6073.998,0.0029
25.04.2019 07:35:00.000,6074.998,6075.998,6073.997,6073.997,0.0019
25.04.2019 07:36:00.000,6073.997,6075.998,6073.997,6073.998,0.0019
25.04.2019 07:37:00.000,6074.997,6074.998,6071.997,6072.998,0.0015
25.04.2019 07:38:00.000,6074.997,6076.998,6074.997,6076.998,0.0022
25.04.2019 07:39:00.000,6077.997,6078.998,6077.997,6078.998,0.0039
25.04.2019 07:40:00.000,6079.998,6079.998,6075.998,6075.998,0.0073
25.04.2019 07:41:00.000,6076.997,6077.998,6075.997,6076.997,0.0018
25.04.2019 07:42:00.000,6077.998,6081.998,6077.998,6081.998,0.0011
25.04.2019 07:43:00.000,6081.998,6083.998,6078.997,6080.997,0.0019
25.04.2019 07:44:00.000,6081.997,6083.998,6080.997,6083.998,0.0015
25.04.2019 07:45:00.000,6083.998,6083.998,6079.997,6081.998,0.0041
25.04.2019 07:46:00.000,6081.997,6085.998,6081.997,6083.998,0.0039
25.04.2019 07:47:00.000,6084.998,6084.998,6083.997,6083.997,0.0009
25.04.2019 07:48:00.000,6084.997,6084.997,6078.998,6080.997,0.0065
25.04.2019 07:49:00.000,6080.997,6081.998,6079.998,6080.998,0.001
25.04.2019 07:50:00.000,6080.997,6080.998,6074.997,6075.998,0.0011
25.04.2019 07:51:00.000,6074.998,6075.998,6074.998,6075.997,0.0007
25.04.2019 07:52:00.000,6075.998,6075.998,6072.998,6074.998,0.0024
25.04.2019 07:53:00.000,6074.997,6075.998,6073.997,6074.998,0.0017
25.04.2019 07:54:00.000,6074.998,6078.998,6074.997,6077.997,0.0048
25.04.2019 07:55:00.000,6077.998,6080.998,6077.998,6079.998,0.0027
25.04.2019 07:56:00.000,6080.997,6080.997,6077.998,6079.998,0.0007
25.04.2019 07:57:00.000,6079.997,6079.998,6079.997,6079.998,0.0004
25.04.2019 07:58:00.000,6079.998,6079.998,6076.997,6077.998,0.0022
25.04.2019 07:59:00.000,6077.997,6079.998,6076.997,6079.998,0.0053
25.04.2019 08:00:00.000,6079.998,6079.998,6072.997,6072.998,0.0039
25.04.2019 08:01:00.000,6073.998,6074.998,6071.997,6072.998,0.0011
25.04.2019 08:02:00.000,6073.997,6073.998,6070.997,6070.998,0.0039
25.04.2019 08:03:00.000,6071.998,6073.998,6069.997,6069.998,0.0027
25.04.2019 08:04:00.000,6069.998,6071.997,6069.997,6070.997,0.0005
25.04.2019 08:05:00.000,6069.997,6073.998,6068.998,6068.998,0.0046
25.04.2019 08:06:00.000,6069.998,6075.998,6069.997,6074.998,0.0063
25.04.2019 08:07:00.000,6074.997,6075.997,6071.997,6074.997,0.0119
25.04.2019 08:08:00.000,6074.998,6074.998,6070.997,6071.998,0.0045
25.04.2019 08:09:00.000,6071.997,6073.998,6071.997,6072.997,0.0016
25.04.2019 08:10:00.000,6072.998,6072.998,6066.998,6069.997,0.0033
25.04.2019 08:11:00.000,6070.997,6070.998,6065.997,6068.998,0.0025
25.04.2019 08:12:00.000,6069.998,6069.998,6062.998,6063.997,0.0047
25.04.2019 08:14:00.000,6063.998,6063.998,6063.998,6063.998,0.0001
25.04.2019 08:15:00.000,6064.998,6066.998,6061.998,6062.998,0.0081
25.04.2019 08:16:00.000,6063.998,6068.998,6062.997,6063.998,0.0035
25.04.2019 08:17:00.000,6064.998,6066.998,6063.997,6066.997,0.0042
25.04.2019 08:18:00.000,6066.998,6072.998,6066.997,6072.998,0.0101
25.04.2019 08:19:00.000,6072.998,6075.998,6071.997,6071.998,0.0036
25.04.2019 08:20:00.000,6071.997,6071.998,6067.997,6068.997,0.0016
25.04.2019 08:21:00.000,6068.998,6075.998,6068.997,6075.998,0.0044
25.04.2019 08:22:00.000,6075.998,6076.998,6071.998,6076.998,0.0036
25.04.2019 08:23:00.000,6076.998,6077.998,6074.997,6075.998,0.0046
25.04.2019 08:24:00.000,6076.998,6077.998,6075.997,6076.997,0.001
25.04.2019 08:25:00.000,6076.998,6076.998,6075.997,6075.998,0.0021
25.04.2019 08:26:00.000,6075.998,6076.998,6075.997,6075.998,0.0009
25.04.2019 08:27:00.000,6076.997,6076.998,6063.997,6064.998,0.0053
25.04.2019 08:28:00.000,6063.998,6064.998,6059.997,6062.997,0.0044
25.04.2019 08:29:00.000,6062.997,6062.997,6058.998,6060.997,0.0043
25.04.2019 08:30:00.000,6061.998,6065.998,6060.998,6064.998,0.0024
25.04.2019 08:31:00.000,6064.998,6064.998,6060.997,6061.998,0.0019
25.04.2019 08:32:00.000,6062.997,6063.998,6057.997,6057.997,0.0038
25.04.2019 08:33:00.000,6058.998,6061.998,6057.998,6059.998,0.0057
25.04.2019 08:34:00.000,6059.997,6063.998,6059.997,6062.998,0.0073
25.04.2019 08:35:00.000,6063.997,6066.998,6063.997,6066.998,0.0039
25.04.2019 08:36:00.000,6066.997,6066.998,6061.997,6061.998,0.0039
25.04.2019 08:37:00.000,6062.997,6062.997,6060.998,6061.997,0.002
25.04.2019 08:38:00.000,6061.998,6070.998,6060.998,6068.998,0.0084
25.04.2019 08:39:00.000,6067.997,6067.998,6064.997,6064.998,0.0031
25.04.2019 08:40:00.000,6065.998,6065.998,6063.997,6065.998,0.0015
25.04.2019 08:41:00.000,6065.998,6067.998,6064.998,6065.997,0.0049
25.04.2019 08:42:00.000,6065.998,6065.998,6064.997,6064.997,0.0018
25.04.2019 08:43:00.000,6065.997,6068.998,6064.998,6066.998,0.0029
25.04.2019 08:44:00.000,6068.998,6070.998,6068.997,6069.998,0.0032
25.04.2019 08:45:00.000,6069.997,6069.997,6064.998,6065.997,0.0017
25.04.2019 08:46:00.000,6065.998,6068.997,6065.998,6066.998,0.004
25.04.2019 08:47:00.000,6067.997,6068.998,6067.997,6068.998,0.0008
25.04.2019 08:48:00.000,6068.997,6072.998,6068.997,6071.998,0.0033
25.04.2019 08:49:00.000,6070.998,6070.998,6068.998,6069.998,0.0025
25.04.2019 08:50:00.000,6070.997,6071.997,6069.997,6070.998,0.0025
25.04.2019 08:51:00.000,6069.998,6069.998,6068.997,6068.998,0.0018
25.04.2019 08:52:00.000,6070.997,6070.998,6066.997,6069.998,0.0077
25.04.2019 08:53:00.000,6070.998,6070.998,6069.998,6070.998,0.0028
25.04.2019 08:54:00.000,6071.997,6075.997,6070.997,6073.998,0.0081
25.04.2019 08:55:00.000,6073.997,6076.998,6073.997,6075.998,0.0035
25.04.2019 08:56:00.000,6075.997,6076.998,6072.997,6072.997,0.0046
25.04.2019 08:57:00.000,6072.998,6074.998,6071.997,6074.997,0.0036
25.04.2019 08:58:00.000,6073.998,6073.998,6072.998,6072.998,0.0018
25.04.2019 08:59:00.000,6071.998,6071.998,6067.998,6067.998,0.0012
25.04.2019 09:00:00.000,6067.998,6068.998,6066.997,6068.998,0.0022
25.04.2019 09:01:00.000,6068.998,6069.997,6067.997,6069.997,0.0033
25.04.2019 09:02:00.000,6069.998,6070.998,6066.998,6067.998,0.0018
25.04.2019 09:03:00.000,6067.998,6067.998,6065.998,6066.998,0.0012
25.04.2019 09:04:00.000,6066.997,6067.998,6065.998,6066.998,0.0011
25.04.2019 09:05:00.000,6066.997,6067.998,6065.998,6066.998,0.0022
25.04.2019 09:06:00.000,6066.997,6072.998,6066.997,6072.998,0.004
25.04.2019 09:07:00.000,6073.997,6074.998,6073.997,6074.998,0.004
25.04.2019 09:08:00.000,6075.998,6075.998,6067.998,6067.998,0.0035
25.04.2019 09:09:00.000,6068.997,6070.998,6068.997,6070.997,0.0042
25.04.2019 09:10:00.000,6070.997,6072.998,6068.997,6072.998,0.0077
25.04.2019 09:11:00.000,6072.998,6072.998,6071.997,6072.997,0.0031
25.04.2019 09:12:00.000,6072.997,6073.998,6072.997,6073.998,0.0017
25.04.2019 09:13:00.000,6072.998,6073.998,6070.997,6070.998,0.0024
25.04.2019 09:14:00.000,6070.998,6073.998,6070.997,6073.997,0.0094
25.04.2019 09:15:00.000,6073.998,6073.998,6073.997,6073.998,0.0009
25.04.2019 09:16:00.000,6073.997,6078.998,6073.997,6076.998,0.0093
25.04.2019 09:17:00.000,6076.998,6076.998,6074.997,6074.997,0.0019
25.04.2019 09:18:00.000,6074.998,6075.997,6073.997,6074.998,0.0056
25.04.2019 09:19:00.000,6074.998,6075.998,6074.997,6074.998,0.0033
25.04.2019 09:20:00.000,6074.997,6075.998,6074.997,6075.998,0.0035
25.04.2019 09:21:00.000,6076.998,6076.998,6075.997,6075.998,0.0042
25.04.2019 09:22:00.000,6075.997,6079.997,6075.997,6078.998,0.0098
25.04.2019 09:23:00.000,6079.998,6081.997,6076.997,6076.997,0.0036
25.04.2019 09:24:00.000,6077.998,6079.998,6077.997,6077.997,0.0046
25.04.2019 09:25:00.000,6077.998,6080.998,6077.997,6078.998,0.005
25.04.2019 09:26:00.000,6078.997,6082.998,6078.997,6082.998,0.0028
25.04.2019 09:27:00.000,6081.998,6081.998,6079.997,6081.997,0.0046
25.04.2019 09:28:00.000,6082.997,6082.998,6078.997,6078.998,0.0038
25.04.2019 09:29:00.000,6079.998,6079.998,6078.998,6078.998,0.0005
25.04.2019 09:30:00.000,6078.998,6079.998,6077.998,6077.998,0.001
25.04.2019 09:31:00.000,6078.998,6078.998,6077.997,6077.998,0.0007
25.04.2019 09:32:00.000,6077.998,6077.998,6072.997,6072.998,0.0042
25.04.2019 09:33:00.000,6073.998,6074.998,6072.998,6073.998,0.0072
25.04.2019 09:34:00.000,6073.997,6073.998,6070.997,6071.998,0.0025
25.04.2019 09:35:00.000,6072.997,6072.997,6069.997,6069.998,0.0027
25.04.2019 09:36:00.000,6068.997,6068.998,6066.998,6066.998,0.0026
25.04.2019 09:37:00.000,6066.997,6066.998,6063.998,6064.998,0.0027
25.04.2019 09:38:00.000,6064.998,6064.998,6061.998,6062.998,0.0025
25.04.2019 09:39:00.000,6062.997,6066.998,6062.997,6063.998,0.0068
25.04.2019 09:40:00.000,6063.997,6068.998,6063.997,6067.998,0.0061
25.04.2019 09:41:00.000,6067.998,6067.998,6064.997,6065.997,0.0008
25.04.2019 09:42:00.000,6063.998,6063.998,6059.997,6060.998,0.0013
25.04.2019 09:43:00.000,6059.998,6059.998,6054.997,6054.998,0.0054
25.04.2019 09:44:00.000,6054.998,6054.998,6051.997,6051.997,0.0083
25.04.2019 09:45:00.000,6051.998,6053.998,6051.997,6052.998,0.0019
25.04.2019 09:46:00.000,6052.997,6057.997,6052.997,6057.997,0.0064
25.04.2019 09:47:00.000,6057.997,6057.998,6054.997,6056.998,0.0055
25.04.2019 09:48:00.000,6056.998,6056.998,6056.997,6056.998,0.0045
25.04.2019 09:49:00.000,6056.998,6058.998,6056.998,6057.998,0.0037
25.04.2019 09:50:00.000,6051.998,6057.998,6047.997,6057.997,0.0117
25.04.2019 09:51:00.000,6057.998,6057.998,6056.997,6057.997,0.0013
25.04.2019 09:52:00.000,6057.998,6057.998,6056.997,6057.997,0.0013
25.04.2019 09:53:00.000,6057.998,6060.997,6057.997,6059.997,0.0009
25.04.2019 09:54:00.000,6059.998,6059.998,6056.997,6057.998,0.0022
25.04.2019 09:55:00.000,6058.998,6060.998,6058.998,6060.997,0.0028
25.04.2019 09:56:00.000,6060.998,6062.998,6060.998,6061.998,0.0026
25.04.2019 09:57:00.000,6061.997,6061.998,6059.997,6059.997,0.003
25.04.2019 09:58:00.000,6059.998,6061.998,6058.998,6061.998,0.0035
25.04.2019 09:59:00.000,6061.997,6062.998,6058.997,6058.997,0.0066
25.04.2019 10:00:00.000,6057.998,6060.998,6056.998,6060.998,0.0036
25.04.2019 10:01:00.000,6061.998,6061.998,6057.997,6058.997,0.003
25.04.2019 10:02:00.000,6058.998,6061.998,6058.998,6059.998,0.0021
25.04.2019 10:03:00.000,6058.997,6059.998,6058.997,6058.997,0.0008
25.04.2019 10:04:00.000,6058.998,6062.998,6058.997,6061.997,0.007
25.04.2019 10:05:00.000,6061.998,6061.998,6058.997,6058.998,0.0042
25.04.2019 10:06:00.000,6059.997,6059.998,6058.998,6058.998,0.0014
25.04.2019 10:07:00.000,6059.997,6061.998,6058.997,6061.998,0.0018
25.04.2019 10:08:00.000,6062.998,6062.998,6059.998,6060.997,0.0027
25.04.2019 10:09:00.000,6060.998,6060.998,6059.997,6060.998,0.0005
25.04.2019 10:10:00.000,6061.997,6062.998,6060.997,6061.997,0.0028
25.04.2019 10:11:00.000,6061.998,6061.998,6061.997,6061.997,0.0016
25.04.2019 10:12:00.000,6061.998,6061.998,6061.997,6061.998,0.0011
25.04.2019 10:13:00.000,6061.997,6062.997,6061.997,6062.997,0.002
25.04.2019 10:14:00.000,6061.998,6061.998,6060.997,6060.998,0.004
25.04.2019 10:15:00.000,6060.997,6065.998,6060.997,6063.997,0.0047
25.04.2019 10:16:00.000,6064.998,6064.998,6064.997,6064.998,0.0036
25.04.2019 10:17:00.000,6064.997,6064.998,6060.998,6060.998,0.0025
25.04.2019 10:18:00.000,6061.998,6062.998,6060.997,6062.997,0.0044
25.04.2019 10:19:00.000,6060.998,6061.997,6060.997,6060.998,0.0009
25.04.2019 10:20:00.000,6060.997,6060.998,6058.997,6059.998,0.0023
25.04.2019 10:21:00.000,6059.997,6059.998,6058.998,6059.998,0.0008
25.04.2019 10:22:00.000,6059.997,6059.998,6058.997,6059.998,0.0043
25.04.2019 10:23:00.000,6060.997,6062.998,6059.997,6061.998,0.0042
25.04.2019 10:24:00.000,6061.997,6062.998,6061.997,6061.998,0.0076
25.04.2019 10:25:00.000,6061.997,6061.998,6061.997,6061.998,0.0027
25.04.2019 10:26:00.000,6059.998,6061.998,6057.997,6057.998,0.0039
25.04.2019 10:27:00.000,6057.997,6065.997,6057.997,6065.997,0.0043
25.04.2019 10:28:00.000,6065.998,6066.998,6065.997,6065.998,0.0007
25.04.2019 10:29:00.000,6065.997,6068.998,6065.997,6068.998,0.0049
25.04.2019 10:30:00.000,6068.750,6068.750,6064.998,6064.998,0.0029
25.04.2019 10:31:00.000,6064.997,6066.998,6064.997,6065.997,0.003
25.04.2019 10:32:00.000,6066.997,6066.998,6064.997,6064.998,0.0093
25.04.2019 10:33:00.000,6064.998,6068.998,6064.750,6064.998,0.0175
25.04.2019 10:34:00.000,6064.997,6069.998,6064.997,6067.997,0.0117
25.04.2019 10:35:00.000,6067.998,6069.998,6067.997,6068.998,0.0023
25.04.2019 10:36:00.000,6068.998,6068.998,6067.997,6068.998,0.003
25.04.2019 10:37:00.000,6068.997,6070.998,6068.997,6070.997,0.0039
25.04.2019 10:38:00.000,6070.998,6070.998,6068.997,6069.998,0.003
25.04.2019 10:39:00.000,6069.997,6071.997,6068.998,6070.998,0.0025
25.04.2019 10:40:00.000,6070.997,6070.998,6069.997,6069.998,0.0017
25.04.2019 10:41:00.000,6069.997,6072.998,6069.997,6072.997,0.002
25.04.2019 10:42:00.000,6070.998,6070.998,6069.997,6069.998,0.001
25.04.2019 10:43:00.000,6069.997,6069.998,6067.998,6068.998,0.0006
25.04.2019 10:44:00.000,6067.997,6067.998,6065.997,6065.998,0.0022
25.04.2019 10:45:00.000,6066.998,6066.998,6065.997,6065.998,0.0016
25.04.2019 10:46:00.000,6065.997,6068.998,6065.997,6067.998,0.0011
25.04.2019 10:47:00.000,6067.997,6067.997,6063.998,6064.998,0.0144
25.04.2019 10:48:00.000,6064.997,6064.998,6058.997,6058.998,0.0038
25.04.2019 10:49:00.000,6059.998,6062.998,6059.997,6062.998,0.0053
25.04.2019 10:50:00.000,6062.998,6063.998,6062.997,6062.998,0.0025
25.04.2019 10:51:00.000,6062.750,6062.750,6059.998,6059.998,0.0018
25.04.2019 10:52:00.000,6059.997,6062.998,6057.998,6062.998,0.0035
25.04.2019 10:53:00.000,6062.997,6063.998,6062.997,6062.998,0.002
25.04.2019 10:54:00.000,6063.997,6063.997,6060.997,6061.998,0.0037
25.04.2019 10:55:00.000,6062.997,6064.998,6061.997,6064.997,0.0028
25.04.2019 10:56:00.000,6064.998,6067.998,6063.998,6066.998,0.0023
25.04.2019 10:57:00.000,6066.997,6068.998,6066.997,6068.998,0.0026
25.04.2019 10:58:00.000,6068.997,6068.998,6068.997,6068.997,0.0029
25.04.2019 10:59:00.000,6068.998,6075.998,6068.997,6075.998,0.002
25.04.2019 11:00:00.000,6075.997,6075.997,6073.998,6073.998,0.0003
25.04.2019 11:02:00.000,6072.997,6073.998,6064.997,6065.998,0.0073
25.04.2019 11:03:00.000,6064.998,6069.998,6060.997,6064.998,0.0085
25.04.2019 11:04:00.000,6063.998,6065.998,6063.997,6064.998,0.003
25.04.2019 11:05:00.000,6065.998,6067.998,6064.997,6065.998,0.0022
25.04.2019 11:06:00.000,6066.997,6066.998,6065.997,6065.997,0.0002
25.04.2019 11:07:00.000,6065.997,6066.998,6062.998,6066.998,0.0061
25.04.2019 11:08:00.000,6066.997,6066.998,6064.997,6064.998,0.0043
25.04.2019 11:09:00.000,6064.997,6065.998,6064.997,6065.998,0.0052
25.04.2019 11:10:00.000,6065.997,6066.998,6065.997,6065.998,0.0016
25.04.2019 11:11:00.000,6066.998,6066.998,6065.997,6066.998,0.0025
25.04.2019 11:12:00.000,6066.997,6066.998,6066.997,6066.998,0.0009
25.04.2019 11:13:00.000,6066.997,6066.998,6062.997,6064.998,0.0035
25.04.2019 11:14:00.000,6064.998,6065.998,6064.998,6065.998,0.0009
25.04.2019 11:15:00.000,6065.998,6068.998,6062.998,6064.998,0.0029
25.04.2019 11:16:00.000,6064.997,6067.998,6064.997,6067.997,0.0021
25.04.2019 11:17:00.000,6067.997,6069.998,6067.997,6068.997,0.0019
25.04.2019 11:18:00.000,6068.998,6071.998,6068.998,6070.997,0.0017
25.04.2019 11:19:00.000,6071.997,6071.998,6066.998,6066.998,0.0034
25.04.2019 11:20:00.000,6067.998,6068.998,6066.997,6068.997,0.0047
25.04.2019 11:21:00.000,6068.998,6069.997,6068.997,6069.997,0.0046
25.04.2019 11:22:00.000,6068.997,6068.998,6064.997,6065.998,0.0043
25.04.2019 11:23:00.000,6065.997,6065.998,6065.997,6065.997,0.0003
25.04.2019 11:24:00.000,6065.998,6067.998,6065.998,6066.998,0.0009
25.04.2019 11:25:00.000,6066.997,6067.998,6066.997,6066.997,0.0022
25.04.2019 11:26:00.000,6067.997,6067.998,6067.997,6067.997,0.0027
25.04.2019 11:27:00.000,6069.998,6070.998,6067.997,6070.997,0.0039
25.04.2019 11:28:00.000,6070.998,6071.998,6069.998,6070.998,0.0057
25.04.2019 11:29:00.000,6071.997,6071.997,6069.998,6069.998,0.0002
25.04.2019 11:30:00.000,6069.997,6071.998,6064.998,6064.998,0.0024
25.04.2019 11:31:00.000,6066.750,6067.998,6065.997,6066.997,0.0028
25.04.2019 11:32:00.000,6066.998,6067.998,6065.997,6067.998,0.0017
25.04.2019 11:33:00.000,6067.997,6068.998,6066.998,6067.998,0.001
25.04.2019 11:34:00.000,6067.998,6067.998,6065.997,6066.997,0.001
25.04.2019 11:35:00.000,6066.998,6067.997,6066.997,6066.998,0.0005
25.04.2019 11:36:00.000,6067.998,6067.998,6064.998,6065.998,0.0083
25.04.2019 11:37:00.000,6066.998,6066.998,6066.997,6066.998,0.0015
25.04.2019 11:38:00.000,6066.997,6066.998,6066.997,6066.998,0.0002
25.04.2019 11:39:00.000,6066.997,6067.997,6066.997,6066.998,0.0003
25.04.2019 11:40:00.000,6066.997,6067.998,6066.997,6067.997,0.002
25.04.2019 11:41:00.000,6067.997,6067.997,6066.997,6066.997,0.0014
25.04.2019 11:42:00.000,6066.998,6066.998,6066.998,6066.998,0.0003
25.04.2019 11:43:00.000,6066.997,6069.998,6066.997,6068.998,0.0042
25.04.2019 11:44:00.000,6068.997,6069.998,6066.997,6066.998,0.0058
25.04.2019 11:45:00.000,6066.998,6067.998,6066.997,6066.998,0.0042
25.04.2019 11:46:00.000,6066.997,6066.998,6065.997,6065.998,0.0021
25.04.2019 11:47:00.000,6066.997,6068.998,6066.997,6068.998,0.0031
25.04.2019 11:48:00.000,6068.997,6068.997,6067.997,6067.998,0.0012
25.04.2019 11:49:00.000,6068.998,6068.998,6067.997,6067.997,0.0021
25.04.2019 11:50:00.000,6067.998,6068.997,6066.998,6067.998,0.0018
25.04.2019 11:51:00.000,6067.997,6069.998,6067.997,6067.998,0.0018
25.04.2019 11:52:00.000,6067.997,6068.998,6067.997,6068.998,0.0037
25.04.2019 11:53:00.000,6068.997,6068.998,6067.997,6067.997,0.0072
25.04.2019 11:54:00.000,6067.998,6067.998,6067.997,6067.998,0.0016
25.04.2019 11:55:00.000,6067.997,6069.998,6067.997,6069.998,0.0021
25.04.2019 11:56:00.000,6069.998,6069.998,6069.997,6069.998,0.0017
25.04.2019 11:57:00.000,6069.997,6069.998,6065.998,6067.998,0.0025
25.04.2019 11:58:00.000,6068.998,6069.998,6067.997,6069.997,0.0019
25.04.2019 11:59:00.000,6069.998,6071.998,6069.998,6070.998,0.0005
25.04.2019 12:00:00.000,6070.998,6070.998,6066.997,6066.998,0.003
25.04.2019 12:01:00.000,6066.997,6066.998,6066.997,6066.998,0.0047
25.04.2019 12:02:00.000,6066.998,6066.998,6065.997,6066.998,0.0024
25.04.2019 12:03:00.000,6066.997,6067.998,6066.997,6066.998,0.004
25.04.2019 12:04:00.000,6067.997,6067.998,6064.997,6065.997,0.006
25.04.2019 12:05:00.000,6066.998,6067.997,6066.997,6066.998,0.0013
25.04.2019 12:06:00.000,6066.997,6066.998,6065.997,6065.998,0.0016
25.04.2019 12:07:00.000,6065.997,6066.998,6065.997,6065.998,0.0048
25.04.2019 12:08:00.000,6065.997,6065.997,6065.997,6065.997,0.0009
25.04.2019 12:09:00.000,6065.998,6066.998,6064.997,6064.998,0.0075
25.04.2019 12:11:00.000,6064.997,6065.998,6064.997,6064.998,0.0095
25.04.2019 12:12:00.000,6064.997,6065.998,6064.997,6065.998,0.0064
25.04.2019 12:13:00.000,6066.997,6067.998,6065.997,6067.997,0.0104
25.04.2019 12:14:00.000,6067.998,6070.998,6067.997,6070.998,0.0023
25.04.2019 12:15:00.000,6070.998,6070.998,6070.997,6070.998,0.0012
25.04.2019 12:16:00.000,6070.997,6070.998,6069.997,6069.998,0.0074
25.04.2019 12:17:00.000,6069.997,6069.998,6067.997,6067.998,0.0028
25.04.2019 12:18:00.000,6067.997,6067.998,6067.997,6067.998,0.0014
25.04.2019 12:19:00.000,6067.997,6067.998,6067.997,6067.997,0.0067
25.04.2019 12:20:00.000,6069.997,6071.998,6068.997,6070.998,0.0066
25.04.2019 12:21:00.000,6070.998,6070.998,6070.998,6070.998,0.0005
25.04.2019 12:22:00.000,6071.997,6071.997,6070.997,6070.998,0.0043
25.04.2019 12:23:00.000,6071.998,6072.997,6068.997,6071.998,0.0053
25.04.2019 12:24:00.000,6071.998,6072.998,6071.998,6072.998,0.001
25.04.2019 12:25:00.000,6074.998,6074.998,6073.997,6073.998,0.003
25.04.2019 12:26:00.000,6074.998,6075.997,6074.997,6074.998,0.0048
25.04.2019 12:27:00.000,6074.997,6076.997,6073.997,6075.997,0.0054
25.04.2019 12:28:00.000,6075.998,6075.998,6074.997,6074.998,0.0029
25.04.2019 12:29:00.000,6074.998,6074.998,6071.997,6072.998,0.002
25.04.2019 12:30:00.000,6072.997,6074.998,6072.997,6074.998,0.0017
25.04.2019 12:31:00.000,6074.998,6074.998,6072.997,6072.998,0.0036
25.04.2019 12:32:00.000,6072.997,6073.998,6072.997,6073.998,0.0032
25.04.2019 12:33:00.000,6073.997,6074.997,6072.997,6073.998,0.0012
25.04.2019 12:34:00.000,6073.997,6073.998,6072.997,6072.998,0.0032
25.04.2019 12:35:00.000,6072.997,6075.998,6072.997,6075.997,0.0077
25.04.2019 12:36:00.000,6075.998,6079.998,6075.998,6079.997,0.0068
25.04.2019 12:37:00.000,6078.998,6078.998,6077.997,6077.997,0.0046
25.04.2019 12:38:00.000,6077.998,6079.998,6077.997,6079.997,0.0015
25.04.2019 12:39:00.000,6078.997,6078.998,6077.998,6077.998,0.0012
25.04.2019 12:40:00.000,6077.997,6079.998,6077.997,6079.998,0.0046
25.04.2019 12:41:00.000,6079.997,6083.998,6076.997,6082.998,0.0092
25.04.2019 12:42:00.000,6082.997,6082.997,6078.998,6078.998,0.0039
25.04.2019 12:43:00.000,6078.997,6081.998,6078.997,6080.998,0.0068
25.04.2019 12:44:00.000,6080.997,6083.998,6079.998,6083.998,0.0057
25.04.2019 12:45:00.000,6082.998,6082.998,6080.997,6082.998,0.003
25.04.2019 12:46:00.000,6082.997,6082.997,6080.997,6081.998,0.0009
25.04.2019 12:47:00.000,6081.997,6082.998,6080.997,6081.998,0.0025
25.04.2019 12:48:00.000,6081.997,6083.998,6078.997,6083.998,0.0069
25.04.2019 12:49:00.000,6083.997,6084.998,6082.998,6084.998,0.0061
25.04.2019 12:50:00.000,6084.997,6084.998,6079.997,6079.998,0.0059
25.04.2019 12:51:00.000,6079.997,6080.998,6077.998,6079.998,0.0034
25.04.2019 12:52:00.000,6078.997,6080.998,6078.997,6079.997,0.0039
25.04.2019 12:53:00.000,6079.998,6080.998,6078.997,6078.998,0.0067
25.04.2019 12:54:00.000,6078.997,6080.998,6078.997,6080.997,0.0049
25.04.2019 12:55:00.000,6080.998,6080.998,6072.997,6073.997,0.0067
25.04.2019 12:56:00.000,6074.998,6074.998,6071.997,6071.998,0.0049
25.04.2019 12:57:00.000,6072.998,6076.998,6070.997,6070.997,0.0066
25.04.2019 12:58:00.000,6070.998,6073.998,6070.997,6072.998,0.0033
25.04.2019 12:59:00.000,6072.997,6072.997,6068.998,6068.998,0.0012
25.04.2019 13:00:00.000,6068.997,6073.998,6068.997,6072.998,0.0053
25.04.2019 13:01:00.000,6071.998,6071.998,6070.997,6070.998,0.0018
25.04.2019 13:02:00.000,6071.997,6071.998,6070.997,6070.998,0.0044
25.04.2019 13:03:00.000,6070.997,6073.998,6070.997,6072.998,0.0065
25.04.2019 13:04:00.000,6072.997,6073.998,6072.997,6072.997,0.0068
25.04.2019 13:05:00.000,6072.998,6074.998,6072.998,6074.997,0.002
25.04.2019 13:06:00.000,6074.998,6075.998,6072.997,6072.998,0.0042
25.04.2019 13:07:00.000,6072.997,6072.998,6071.997,6071.998,0.0023
25.04.2019 13:08:00.000,6071.998,6071.998,6069.998,6069.998,0.0019
25.04.2019 13:09:00.000,6069.998,6069.998,6069.997,6069.998,0.0026
25.04.2019 13:10:00.000,6070.998,6070.998,6069.997,6070.998,0.0062
25.04.2019 13:11:00.000,6069.997,6073.997,6069.997,6070.998,0.0095
25.04.2019 13:12:00.000,6070.997,6072.998,6069.997,6070.998,0.0045
25.04.2019 13:13:00.000,6070.997,6072.998,6070.997,6071.998,0.007
25.04.2019 13:14:00.000,6071.997,6078.998,6071.997,6073.997,0.0098
25.04.2019 13:15:00.000,6073.998,6074.998,6072.997,6072.997,0.0086
25.04.2019 13:16:00.000,6072.998,6075.998,6072.998,6074.998,0.0045
25.04.2019 13:17:00.000,6074.997,6074.998,6074.997,6074.998,0.0041
25.04.2019 13:18:00.000,6073.998,6080.998,6073.997,6080.997,0.0051
25.04.2019 13:19:00.000,6080.998,6081.998,6079.997,6079.997,0.0063
25.04.2019 13:20:00.000,6080.997,6083.998,6078.998,6079.998,0.0107
25.04.2019 13:21:00.000,6079.998,6081.998,6079.997,6079.998,0.0053
25.04.2019 13:22:00.000,6080.998,6081.998,6079.997,6081.997,0.0063
25.04.2019 13:23:00.000,6081.998,6081.998,6079.997,6079.998,0.003
25.04.2019 13:24:00.000,6079.998,6079.998,6077.997,6077.998,0.0055
25.04.2019 13:25:00.000,6077.997,6080.998,6077.997,6078.998,0.0098
25.04.2019 13:26:00.000,6078.997,6078.997,6074.997,6074.998,0.0082
25.04.2019 13:27:00.000,6073.998,6073.998,6071.997,6071.998,0.0036
25.04.2019 13:28:00.000,6072.997,6072.997,6069.997,6070.998,0.0067
25.04.2019 13:29:00.000,6069.998,6073.998,6068.998,6073.997,0.0075
25.04.2019 13:30:00.000,6073.998,6073.998,6071.998,6071.998,0.0062
25.04.2019 13:31:00.000,6071.997,6072.998,6069.997,6069.998,0.0138
25.04.2019 13:32:00.000,6070.998,6071.998,6070.997,6071.998,0.0087
25.04.2019 13:33:00.000,6070.998,6075.998,6070.998,6074.997,0.0171
25.04.2019 13:34:00.000,6074.998,6075.998,6071.997,6071.998,0.0109
25.04.2019 13:35:00.000,6071.997,6071.998,6071.997,6071.998,0.0078
25.04.2019 13:36:00.000,6071.997,6072.998,6064.998,6064.998,0.0241
25.04.2019 13:37:00.000,6063.997,6071.998,6062.997,6071.997,0.0172
25.04.2019 13:38:00.000,6071.750,6071.997,6067.997,6070.998,0.0155
25.04.2019 13:39:00.000,6070.998,6071.998,6070.997,6070.998,0.0129
25.04.2019 13:40:00.000,6070.997,6074.998,6070.997,6074.998,0.0111
25.04.2019 13:41:00.000,6075.998,6076.998,6074.997,6075.998,0.0088
25.04.2019 13:42:00.000,6076.998,6081.998,6076.998,6081.997,0.0067
25.04.2019 13:43:00.000,6081.750,6081.750,6076.997,6076.997,0.007
25.04.2019 13:44:00.000,6076.998,6080.998,6076.998,6079.997,0.0116
25.04.2019 13:45:00.000,6080.997,6085.998,6080.997,6084.998,0.018
25.04.2019 13:46:00.000,6085.997,6092.998,6085.997,6092.997,0.0134
25.04.2019 13:47:00.000,6092.998,6095.998,6092.998,6095.998,0.0032
25.04.2019 13:48:00.000,6095.997,6099.998,6095.997,6096.998,0.0169
25.04.2019 13:49:00.000,6096.998,6096.998,6089.997,6092.998,0.0095
25.04.2019 13:50:00.000,6092.997,6096.998,6092.997,6094.998,0.0125
25.04.2019 13:51:00.000,6094.997,6096.998,6090.998,6095.997,0.0061
25.04.2019 13:52:00.000,6095.998,6101.998,6095.998,6100.998,0.0156
25.04.2019 13:53:00.000,6099.997,6099.998,6092.997,6093.998,0.0078
25.04.2019 13:54:00.000,6095.998,6096.998,6092.998,6092.998,0.0122
25.04.2019 13:55:00.000,6092.997,6093.998,6090.997,6090.997,0.0046
25.04.2019 13:56:00.000,6091.998,6094.998,6091.998,6093.998,0.0052
25.04.2019 13:57:00.000,6093.998,6097.998,6093.997,6096.998,0.0114
25.04.2019 13:58:00.000,6096.998,6100.998,6093.997,6100.998,0.0162
25.04.2019 13:59:00.000,6099.997,6105.998,6098.997,6104.998,0.0095
25.04.2019 14:00:00.000,6105.997,6105.998,6099.997,6099.998,0.0095
25.04.2019 14:01:00.000,6099.998,6099.998,6092.997,6093.998,0.011
25.04.2019 14:02:00.000,6094.997,6097.998,6085.997,6089.998,0.0132
25.04.2019 14:03:00.000,6089.997,6090.998,6086.998,6086.998,0.0061
25.04.2019 14:04:00.000,6086.997,6090.997,6085.997,6085.998,0.0121
25.04.2019 14:05:00.000,6085.997,6088.998,6085.997,6086.998,0.0079
25.04.2019 14:06:00.000,6087.998,6090.998,6086.997,6090.998,0.0065
25.04.2019 14:07:00.000,6091.997,6093.998,6091.997,6093.998,0.0035
25.04.2019 14:08:00.000,6093.997,6096.998,6093.997,6094.998,0.0139
25.04.2019 14:09:00.000,6094.997,6100.997,6093.997,6098.998,0.0093
25.04.2019 14:10:00.000,6098.997,6100.998,6097.997,6097.998,0.0096
25.04.2019 14:11:00.000,6098.997,6099.998,6094.997,6094.997,0.0061
25.04.2019 14:12:00.000,6094.998,6097.998,6094.997,6095.998,0.0116
25.04.2019 14:13:00.000,6095.997,6095.998,6091.997,6093.998,0.0029
25.04.2019 14:14:00.000,6093.997,6093.998,6093.997,6093.998,0.0015
25.04.2019 14:15:00.000,6094.998,6095.998,6093.997,6093.998,0.0056
25.04.2019 14:16:00.000,6094.998,6094.998,6091.997,6092.998,0.0108
25.04.2019 14:17:00.000,6092.998,6092.998,6090.998,6091.997,0.0032
25.04.2019 14:18:00.000,6091.998,6092.998,6091.997,6092.998,0.0063
25.04.2019 14:19:00.000,6091.998,6091.998,6089.998,6091.997,0.0047
25.04.2019 14:20:00.000,6091.998,6092.998,6091.997,6092.998,0.0055
25.04.2019 14:21:00.000,6092.997,6095.998,6092.997,6095.998,0.0079
25.04.2019 14:22:00.000,6095.997,6095.998,6093.997,6093.998,0.0101
25.04.2019 14:23:00.000,6093.997,6096.998,6093.997,6096.998,0.0138
25.04.2019 14:24:00.000,6096.997,6100.998,6096.997,6097.998,0.0138
25.04.2019 14:25:00.000,6097.997,6097.998,6096.997,6096.998,0.0076
25.04.2019 14:26:00.000,6096.997,6097.998,6094.998,6097.997,0.0096
25.04.2019 14:27:00.000,6097.998,6101.997,6096.998,6097.998,0.0099
25.04.2019 14:28:00.000,6097.997,6102.998,6097.997,6102.997,0.0082
25.04.2019 14:29:00.000,6102.998,6106.997,6102.997,6106.997,0.0059
25.04.2019 14:30:00.000,6106.998,6107.997,6104.997,6107.997,0.014
25.04.2019 14:31:00.000,6108.998,6108.998,6106.997,6106.998,0.0044
25.04.2019 14:32:00.000,6106.997,6107.998,6105.997,6105.998,0.0072
25.04.2019 14:33:00.000,6105.998,6106.998,6104.997,6105.997,0.006
25.04.2019 14:34:00.000,6106.998,6108.998,6105.998,6108.997,0.0054
25.04.2019 14:35:00.000,6108.998,6109.998,6108.997,6109.998,0.0069
25.04.2019 14:36:00.000,6110.997,6113.998,6110.997,6113.998,0.0133
25.04.2019 14:37:00.000,6113.997,6113.998,6110.997,6110.997,0.0061
25.04.2019 14:38:00.000,6111.998,6111.998,6108.997,6109.997,0.0087
25.04.2019 14:39:00.000,6110.998,6115.998,6109.998,6114.998,0.0139
25.04.2019 14:40:00.000,6114.997,6117.998,6114.997,6116.998,0.0148
25.04.2019 14:41:00.000,6116.998,6121.997,6116.998,6119.998,0.013
25.04.2019 14:42:00.000,6120.998,6121.997,6118.998,6119.997,0.008
25.04.2019 14:43:00.000,6119.998,6120.998,6118.998,6118.998,0.0042
25.04.2019 14:44:00.000,6118.997,6121.998,6118.997,6119.997,0.0093
25.04.2019 14:45:00.000,6119.998,6121.998,6119.997,6121.998,0.0083
25.04.2019 14:46:00.000,6121.997,6124.998,6120.997,6124.997,0.0037
25.04.2019 14:47:00.000,6124.997,6126.998,6124.997,6125.998,0.0068
25.04.2019 14:48:00.000,6125.998,6130.998,6124.998,6124.998,0.0236
25.04.2019 14:49:00.000,6125.997,6126.998,6124.997,6126.998,0.0152
25.04.2019 14:50:00.000,6127.998,6129.998,6125.997,6125.998,0.0068
25.04.2019 14:51:00.000,6125.997,6125.998,6123.997,6123.998,0.0015
25.04.2019 14:52:00.000,6123.997,6128.998,6123.997,6128.997,0.0145
25.04.2019 14:53:00.000,6127.998,6129.998,6127.997,6129.998,0.0104
25.04.2019 14:54:00.000,6129.997,6132.998,6129.997,6129.998,0.0268
25.04.2019 14:55:00.000,6129.997,6131.998,6128.997,6129.998,0.0126
25.04.2019 14:56:00.000,6129.997,6129.998,6122.998,6126.998,0.0095
25.04.2019 14:57:00.000,6126.997,6126.998,6125.997,6125.998,0.0143
25.04.2019 14:58:00.000,6125.997,6131.998,6125.997,6131.998,0.0299
25.04.2019 14:59:00.000,6131.998,6131.998,6126.997,6126.997,0.0079
25.04.2019 15:00:00.000,6126.998,6130.998,6124.998,6130.998,0.014
25.04.2019 15:01:00.000,6131.998,6132.998,6128.998,6129.998,0.0105
25.04.2019 15:02:00.000,6130.998,6131.998,6129.997,6129.998,0.0133
25.04.2019 15:03:00.000,6130.997,6133.998,6130.997,6133.998,0.0077
25.04.2019 15:04:00.000,6131.998,6132.998,6126.997,6126.998,0.006
25.04.2019 15:05:00.000,6126.997,6127.998,6126.997,6127.998,0.0245
25.04.2019 15:06:00.000,6127.998,6129.998,6126.997,6126.997,0.0079
25.04.2019 15:07:00.000,6126.998,6128.998,6126.997,6127.998,0.0146
25.04.2019 15:08:00.000,6127.997,6127.998,6118.997,6120.997,0.0131
25.04.2019 15:09:00.000,6120.998,6121.998,6120.997,6120.997,0.0084
25.04.2019 15:10:00.000,6120.997,6124.998,6119.997,6124.998,0.0178
25.04.2019 15:11:00.000,6125.997,6127.998,6124.997,6124.998,0.0183
25.04.2019 15:12:00.000,6126.998,6126.998,6122.997,6122.998,0.0042
25.04.2019 15:13:00.000,6122.997,6125.997,6122.997,6124.997,0.0131
25.04.2019 15:14:00.000,6124.998,6128.998,6124.997,6126.998,0.0196
25.04.2019 15:15:00.000,6126.998,6127.998,6124.998,6127.998,0.0089
25.04.2019 15:16:00.000,6127.997,6130.998,6127.997,6128.998,0.0159
25.04.2019 15:17:00.000,6128.997,6128.997,6124.997,6126.998,0.008
25.04.2019 15:18:00.000,6126.997,6127.998,6126.997,6126.998,0.0203
25.04.2019 15:19:00.000,6126.998,6129.998,6125.997,6125.998,0.0219
25.04.2019 15:20:00.000,6126.997,6127.998,6125.997,6127.998,0.0097
25.04.2019 15:21:00.000,6128.998,6128.998,6125.997,6125.998,0.0167
25.04.2019 15:22:00.000,6126.998,6126.998,6124.997,6125.997,0.0056
25.04.2019 15:23:00.000,6125.998,6125.998,6123.997,6123.998,0.0075
25.04.2019 15:24:00.000,6123.997,6125.998,6123.997,6125.998,0.0046
25.04.2019 15:25:00.000,6125.997,6125.998,6120.997,6122.997,0.0154
25.04.2019 15:26:00.000,6122.998,6127.998,6122.997,6126.998,0.0148
25.04.2019 15:27:00.000,6126.998,6128.998,6122.997,6122.998,0.0213
25.04.2019 15:28:00.000,6122.998,6125.998,6121.998,6122.998,0.0067
25.04.2019 15:29:00.000,6122.998,6124.998,6120.998,6121.998,0.0148
26.04.2019 07:00:00.000,6121.997,6140.997,6111.998,6140.997,0.0016
26.04.2019 07:01:00.000,6138.997,6138.998,6128.997,6128.998,0.0015
26.04.2019 07:02:00.000,6128.998,6135.997,6128.998,6135.997,0.0017
26.04.2019 07:03:00.000,6135.998,6140.997,6135.997,6139.998,0.0023
26.04.2019 07:04:00.000,6139.998,6144.998,6139.997,6142.998,0.0015
26.04.2019 07:05:00.000,6142.997,6149.998,6140.997,6144.998,0.004
26.04.2019 07:06:00.000,6144.997,6145.998,6131.998,6132.997,0.0061
26.04.2019 07:07:00.000,6132.997,6133.997,6124.998,6129.998,0.0097
26.04.2019 07:08:00.000,6130.998,6134.998,6123.998,6127.998,0.0063
26.04.2019 07:09:00.000,6127.998,6127.998,6121.997,6123.998,0.0057
26.04.2019 07:10:00.000,6123.998,6133.998,6123.998,6132.998,0.0051
26.04.2019 07:11:00.000,6133.998,6143.998,6133.997,6136.998,0.0057
26.04.2019 07:12:00.000,6138.998,6139.998,6136.997,6136.997,0.0043
26.04.2019 07:13:00.000,6136.998,6146.998,6136.998,6145.997,0.0044
26.04.2019 07:14:00.000,6145.997,6146.998,6143.997,6144.997,0.0038
26.04.2019 07:15:00.000,6144.998,6146.998,6140.998,6140.998,0.0027
26.04.2019 07:16:00.000,6141.997,6141.997,6138.998,6138.998,0.0015
26.04.2019 07:17:00.000,6138.998,6144.998,6137.997,6144.997,0.0046
26.04.2019 07:18:00.000,6146.998,6150.997,6146.997,6146.998,0.0069
26.04.2019 07:19:00.000,6149.997,6151.998,6145.997,6151.997,0.0068
26.04.2019 07:20:00.000,6151.997,6151.997,6145.997,6149.997,0.0098
26.04.2019 07:21:00.000,6149.998,6151.997,6147.997,6149.998,0.0053
26.04.2019 07:22:00.000,6149.998,6149.998,6147.997,6147.998,0.0055
26.04.2019 07:23:00.000,6147.998,6149.998,6145.997,6146.998,0.0051
26.04.2019 07:24:00.000,6146.998,6149.998,6146.997,6147.998,0.0035
26.04.2019 07:25:00.000,6149.997,6151.998,6146.997,6146.997,0.0021
26.04.2019 07:26:00.000,6147.997,6148.998,6132.997,6147.998,0.0094
26.04.2019 07:27:00.000,6147.997,6149.998,6142.997,6142.998,0.0062
26.04.2019 07:28:00.000,6142.997,6144.998,6134.997,6134.997,0.0044
26.04.2019 07:29:00.000,6135.997,6136.997,6133.997,6133.998,0.0044
26.04.2019 07:30:00.000,6134.997,6140.998,6134.997,6138.997,0.0097
26.04.2019 07:31:00.000,6138.998,6142.998,6138.998,6140.997,0.0042
26.04.2019 07:32:00.000,6140.997,6141.998,6140.997,6140.998,0.0023
26.04.2019 07:33:00.000,6141.997,6147.998,6139.998,6145.998,0.0075
26.04.2019 07:34:00.000,6146.998,6149.998,6143.997,6143.998,0.0077
26.04.2019 07:35:00.000,6143.998,6150.998,6143.997,6149.998,0.0028
26.04.2019 07:36:00.000,6150.998,6152.998,6145.998,6149.998,0.0042
26.04.2019 07:37:00.000,6150.998,6154.998,6149.997,6152.998,0.0041
26.04.2019 07:38:00.000,6153.997,6153.997,6148.998,6149.998,0.0023
26.04.2019 07:39:00.000,6149.998,6151.998,6147.997,6148.998,0.0035
26.04.2019 07:40:00.000,6149.997,6151.998,6148.997,6149.998,0.0068
26.04.2019 07:41:00.000,6149.997,6150.998,6149.997,6149.998,0.0061
26.04.2019 07:42:00.000,6150.997,6155.998,6149.997,6152.997,0.0046
26.04.2019 07:43:00.000,6153.997,6155.998,6153.997,6153.998,0.0058
26.04.2019 07:44:00.000,6153.997,6155.997,6153.997,6153.997,0.005
26.04.2019 07:45:00.000,6152.998,6152.998,6141.997,6150.998,0.0146
26.04.2019 07:46:00.000,6149.998,6150.998,6149.997,6150.997,0.0028
26.04.2019 07:47:00.000,6150.998,6151.998,6149.997,6151.998,0.0029
26.04.2019 07:48:00.000,6153.998,6157.998,6153.997,6157.998,0.0029
26.04.2019 07:49:00.000,6157.998,6159.998,6157.997,6157.998,0.0025
26.04.2019 07:50:00.000,6158.997,6158.997,6150.997,6150.998,0.0041
26.04.2019 07:51:00.000,6150.997,6153.998,6149.998,6153.998,0.0041
26.04.2019 07:52:00.000,6149.998,6150.998,6144.998,6149.998,0.0069
26.04.2019 07:53:00.000,6150.997,6151.998,6149.997,6150.998,0.0046
26.04.2019 07:54:00.000,6151.998,6154.998,6149.997,6151.998,0.0063
26.04.2019 07:55:00.000,6151.998,6151.998,6151.997,6151.998,0.0007
26.04.2019 07:56:00.000,6151.997,6151.997,6143.997,6147.997,0.0049
26.04.2019 07:57:00.000,6148.997,6150.998,6144.997,6144.998,0.0039
26.04.2019 07:58:00.000,6144.998,6147.998,6144.997,6147.998,0.0079
26.04.2019 07:59:00.000,6147.998,6149.998,6145.997,6145.998,0.0048
26.04.2019 08:00:00.000,6147.997,6154.998,6146.997,6154.998,0.0083
26.04.2019 08:01:00.000,6154.997,6155.998,6152.997,6152.997,0.0035
26.04.2019 08:02:00.000,6152.998,6152.998,6148.998,6148.998,0.0038
26.04.2019 08:03:00.000,6148.997,6150.998,6148.997,6150.998,0.0041
26.04.2019 08:04:00.000,6150.997,6150.998,6147.997,6147.997,0.0059
26.04.2019 08:05:00.000,6147.997,6152.998,6147.997,6150.997,0.0058
26.04.2019 08:06:00.000,6150.998,6152.998,6149.998,6151.998,0.0073
26.04.2019 08:07:00.000,6151.998,6155.998,6149.998,6152.997,0.0081
26.04.2019 08:08:00.000,6152.998,6152.998,6152.997,6152.998,0.0013
26.04.2019 08:09:00.000,6152.998,6155.998,6149.997,6152.997,0.0033
26.04.2019 08:10:00.000,6152.998,6152.998,6149.998,6150.997,0.0013
26.04.2019 08:11:00.000,6149.998,6152.998,6149.997,6149.998,0.0022
26.04.2019 08:12:00.000,6152.997,6153.998,6144.997,6147.998,0.0079
26.04.2019 08:13:00.000,6146.997,6146.998,6144.997,6144.998,0.0021
26.04.2019 08:14:00.000,6144.997,6144.998,6141.997,6144.998,0.0077
26.04.2019 08:15:00.000,6144.997,6145.997,6142.998,6142.998,0.0021
26.04.2019 08:16:00.000,6144.997,6146.998,6143.997,6144.998,0.0027
26.04.2019 08:17:00.000,6144.997,6146.998,6144.997,6144.997,0.0022
26.04.2019 08:18:00.000,6145.998,6148.998,6144.997,6147.998,0.0052
26.04.2019 08:19:00.000,6146.998,6147.998,6144.997,6147.997,0.0031
26.04.2019 08:20:00.000,6147.998,6147.998,6142.997,6143.998,0.0043
26.04.2019 08:21:00.000,6143.997,6143.998,6131.997,6132.998,0.01
26.04.2019 08:22:00.000,6131.998,6131.998,6123.997,6129.998,0.0084
26.04.2019 08:23:00.000,6129.997,6130.998,6128.997,6129.998,0.0029
26.04.2019 08:24:00.000,6129.998,6133.997,6128.998,6132.998,0.0045
26.04.2019 08:25:00.000,6133.998,6135.998,6131.997,6135.998,0.0029
26.04.2019 08:26:00.000,6137.997,6140.998,6136.998,6139.998,0.0075
26.04.2019 08:27:00.000,6140.998,6143.997,6139.998,6142.997,0.0046
26.04.2019 08:28:00.000,6142.998,6142.998,6140.998,6141.997,0.0015
26.04.2019 08:29:00.000,6141.998,6142.998,6140.997,6142.997,0.0066
26.04.2019 08:30:00.000,6142.998,6146.998,6135.998,6136.998,0.0087
26.04.2019 08:31:00.000,6136.998,6139.997,6136.997,6136.998,0.0035
26.04.2019 08:32:00.000,6136.997,6136.998,6130.998,6131.998,0.0039
26.04.2019 08:33:00.000,6131.997,6131.998,6130.997,6131.998,0.0023
26.04.2019 08:34:00.000,6130.998,6130.998,6129.997,6129.998,0.0038
26.04.2019 08:35:00.000,6129.998,6132.998,6128.998,6131.998,0.0038
26.04.2019 08:36:00.000,6133.998,6133.998,6128.997,6131.998,0.0049
26.04.2019 08:37:00.000,6131.998,6131.998,6128.997,6129.997,0.0027
26.04.2019 08:38:00.000,6129.997,6130.998,6127.998,6128.998,0.0032
26.04.2019 08:39:00.000,6129.998,6130.998,6127.997,6128.998,0.0051
26.04.2019 08:40:00.000,6128.997,6130.998,6127.997,6127.997,0.0065
26.04.2019 08:41:00.000,6127.998,6133.997,6127.998,6131.998,0.0086
26.04.2019 08:42:00.000,6132.997,6133.998,6130.997,6131.998,0.0055
26.04.2019 08:43:00.000,6132.997,6132.997,6128.997,6128.998,0.0041
26.04.2019 08:44:00.000,6129.997,6134.998,6129.997,6134.998,0.0034
26.04.2019 08:45:00.000,6134.997,6134.997,6132.997,6133.998,0.0029
26.04.2019 08:46:00.000,6133.997,6133.997,6128.997,6128.998,0.0044
26.04.2019 08:47:00.000,6129.998,6131.998,6128.997,6128.997,0.0034
26.04.2019 08:48:00.000,6128.998,6129.998,6128.998,6128.998,0.0026
26.04.2019 08:49:00.000,6128.998,6134.998,6127.998,6133.998,0.0059
26.04.2019 08:50:00.000,6133.997,6133.998,6133.997,6133.998,0.0051
26.04.2019 08:51:00.000,6134.998,6142.998,6134.998,6138.997,0.0063
26.04.2019 08:52:00.000,6138.998,6142.998,6137.998,6141.998,0.0039
26.04.2019 08:53:00.000,6143.998,6143.998,6141.997,6141.997,0.0075
26.04.2019 08:54:00.000,6141.997,6143.998,6139.998,6139.998,0.004
26.04.2019 08:55:00.000,6139.997,6141.998,6139.997,6140.998,0.0053
26.04.2019 08:56:00.000,6141.998,6148.998,6140.997,6146.998,0.0042
26.04.2019 08:57:00.000,6145.998,6146.998,6144.998,6145.998,0.0027
26.04.2019 08:58:00.000,6145.997,6148.998,6144.997,6147.997,0.004
26.04.2019 08:59:00.000,6148.998,6149.998,6148.997,6149.998,0.0017
26.04.2019 09:00:00.000,6149.997,6150.998,6146.997,6146.997,0.0026
26.04.2019 09:01:00.000,6147.997,6147.998,6145.998,6146.998,0.0017
26.04.2019 09:02:00.000,6146.997,6146.998,6139.998,6139.998,0.0041
26.04.2019 09:03:00.000,6139.997,6142.998,6136.998,6138.998,0.0054
26.04.2019 09:04:00.000,6139.998,6139.998,6137.997,6137.998,0.0023
26.04.2019 09:05:00.000,6137.997,6138.998,6136.997,6136.998,0.0019
26.04.2019 09:06:00.000,6137.998,6137.998,6134.997,6135.998,0.0044
26.04.2019 09:07:00.000,6136.998,6139.998,6135.997,6138.998,0.0041
26.04.2019 09:08:00.000,6139.998,6139.998,6136.997,6136.998,0.0029
26.04.2019 09:09:00.000,6137.998,6139.998,6137.998,6138.997,0.0031
26.04.2019 09:10:00.000,6138.998,6138.998,6134.998,6137.998,0.0054
26.04.2019 09:11:00.000,6137.997,6137.998,6136.997,6137.998,0.005
26.04.2019 09:12:00.000,6137.997,6139.998,6137.997,6139.997,0.0032
26.04.2019 09:13:00.000,6139.997,6140.997,6137.997,6137.998,0.0065
26.04.2019 09:14:00.000,6137.997,6141.997,6137.997,6140.998,0.0033
26.04.2019 09:15:00.000,6140.997,6142.998,6140.997,6140.998,0.0031
26.04.2019 09:16:00.000,6141.997,6146.998,6140.998,6146.998,0.0052
26.04.2019 09:17:00.000,6147.998,6147.998,6141.997,6141.998,0.0044
26.04.2019 09:18:00.000,6142.997,6146.998,6142.997,6146.998,0.0029
26.04.2019 09:19:00.000,6146.997,6146.998,6144.997,6144.998,0.0028
26.04.2019 09:20:00.000,6145.998,6146.997,6144.997,6144.998,0.0013
26.04.2019 09:21:00.000,6144.997,6144.998,6142.998,6143.998,0.0008
26.04.2019 09:22:00.000,6143.997,6144.998,6142.997,6142.997,0.0018
26.04.2019 09:23:00.000,6142.998,6142.998,6138.998,6139.998,0.0047
26.04.2019 09:24:00.000,6139.997,6144.998,6139.997,6144.998,0.0033
26.04.2019 09:25:00.000,6145.998,6147.998,6144.997,6147.998,0.0069
26.04.2019 09:26:00.000,6148.998,6149.998,6148.997,6148.997,0.0043
26.04.2019 09:27:00.000,6148.998,6150.998,6148.997,6149.998,0.0037
26.04.2019 09:28:00.000,6150.998,6150.998,6149.997,6150.998,0.0036
26.04.2019 09:29:00.000,6152.997,6161.997,6152.997,6158.998,0.0149
26.04.2019 09:30:00.000,6158.998,6158.998,6156.997,6156.998,0.0024
26.04.2019 09:31:00.000,6157.998,6159.998,6154.997,6154.997,0.0041
26.04.2019 09:32:00.000,6153.998,6155.998,6153.997,6154.998,0.0025
26.04.2019 09:33:00.000,6155.997,6155.998,6154.998,6154.998,0.0007
26.04.2019 09:34:00.000,6154.998,6155.998,6153.998,6154.998,0.0022
26.04.2019 09:35:00.000,6154.998,6156.997,6154.997,6155.998,0.0054
26.04.2019 09:36:00.000,6156.997,6156.997,6155.998,6156.997,0.0012
26.04.2019 09:37:00.000,6156.997,6160.998,6156.997,6160.998,0.002
26.04.2019 09:38:00.000,6162.997,6167.998,6162.997,6166.997,0.0033
26.04.2019 09:39:00.000,6170.998,6172.998,6165.997,6165.998,0.0065
26.04.2019 09:40:00.000,6164.998,6168.997,6164.998,6167.998,0.0039
26.04.2019 09:41:00.000,6168.998,6174.997,6167.998,6168.998,0.0065
26.04.2019 09:42:00.000,6168.998,6168.998,6164.998,6166.998,0.0057
26.04.2019 09:43:00.000,6166.998,6172.998,6166.998,6171.998,0.0026
26.04.2019 09:44:00.000,6172.998,6172.998,6170.997,6170.997,0.0031
26.04.2019 09:45:00.000,6170.998,6172.998,6169.997,6170.998,0.0043
26.04.2019 09:46:00.000,6170.997,6172.998,6170.997,6172.998,0.0015
26.04.2019 09:47:00.000,6172.998,6173.998,6172.997,6172.998,0.0023
26.04.2019 09:48:00.000,6173.997,6173.998,6170.997,6171.998,0.0034
26.04.2019 09:49:00.000,6171.998,6171.998,6170.998,6170.998,0.0039
26.04.2019 09:50:00.000,6169.997,6170.998,6168.998,6169.998,0.0015
26.04.2019 09:51:00.000,6169.997,6170.998,6168.997,6169.998,0.0032
26.04.2019 09:52:00.000,6170.997,6172.998,6169.997,6170.998,0.0043
26.04.2019 09:53:00.000,6170.998,6170.998,6166.997,6167.998,0.0041
26.04.2019 09:54:00.000,6168.997,6169.998,6167.998,6168.998,0.0046
26.04.2019 09:55:00.000,6170.997,6176.998,6169.997,6176.998,0.0039
26.04.2019 09:56:00.000,6175.998,6176.998,6173.997,6175.998,0.0026
26.04.2019 09:57:00.000,6176.998,6176.998,6175.997,6175.998,0.0006
26.04.2019 09:58:00.000,6178.998,6183.998,6178.998,6181.997,0.0059
26.04.2019 09:59:00.000,6182.998,6184.998,6181.997,6183.997,0.0055
26.04.2019 10:00:00.000,6185.998,6187.998,6182.998,6184.998,0.0083
26.04.2019 10:01:00.000,6184.997,6185.998,6184.997,6184.998,0.0027
26.04.2019 10:02:00.000,6184.997,6187.998,6181.998,6186.998,0.0066
26.04.2019 10:03:00.000,6188.998,6189.998,6186.997,6187.997,0.011
26.04.2019 10:04:00.000,6188.997,6191.998,6188.997,6190.998,0.0058
26.04.2019 10:05:00.000,6191.997,6191.997,6187.998,6190.997,0.0025
26.04.2019 10:06:00.000,6190.998,6194.998,6190.998,6193.998,0.0034
26.04.2019 10:07:00.000,6193.997,6196.997,6193.997,6195.998,0.0038
26.04.2019 10:08:00.000,6194.998,6194.998,6192.997,6192.997,0.0016
26.04.2019 10:09:00.000,6191.998,6194.998,6190.997,6194.997,0.0035
26.04.2019 10:10:00.000,6194.997,6203.998,6194.997,6199.997,0.0061
26.04.2019 10:11:00.000,6199.998,6199.998,6197.997,6198.998,0.003
26.04.2019 10:12:00.000,6198.997,6199.998,6198.997,6198.997,0.0038
26.04.2019 10:13:00.000,6198.998,6199.998,6193.998,6193.998,0.0057
26.04.2019 10:14:00.000,6193.997,6193.998,6187.997,6187.998,0.0051
26.04.2019 10:15:00.000,6186.998,6187.998,6182.998,6183.998,0.0056
26.04.2019 10:16:00.000,6184.997,6185.998,6182.997,6183.998,0.0049
26.04.2019 10:17:00.000,6183.998,6187.998,6183.998,6186.997,0.0037
26.04.2019 10:18:00.000,6186.998,6187.997,6184.998,6186.998,0.0035
26.04.2019 10:19:00.000,6188.998,6190.998,6187.997,6190.998,0.002
26.04.2019 10:20:00.000,6190.998,6190.998,6183.997,6185.998,0.0038
26.04.2019 10:21:00.000,6184.998,6186.998,6184.997,6185.998,0.0046
26.04.2019 10:22:00.000,6186.998,6186.998,6180.998,6181.997,0.0022
26.04.2019 10:23:00.000,6180.997,6183.998,6179.997,6183.997,0.0036
26.04.2019 10:24:00.000,6184.997,6186.998,6183.997,6184.998,0.0044
26.04.2019 10:25:00.000,6185.998,6192.998,6185.998,6190.998,0.0055
26.04.2019 10:26:00.000,6189.998,6190.998,6185.997,6185.998,0.0069
26.04.2019 10:27:00.000,6186.998,6188.997,6184.997,6188.997,0.0051
26.04.2019 10:28:00.000,6187.998,6187.998,6185.998,6185.998,0.0026
26.04.2019 10:29:00.000,6185.997,6186.997,6183.997,6184.998,0.002
26.04.2019 10:30:00.000,6185.998,6186.998,6183.998,6183.998,0.0066
26.04.2019 10:31:00.000,6184.997,6185.998,6183.997,6184.998,0.0015
26.04.2019 10:32:00.000,6184.997,6188.998,6184.997,6188.997,0.004
26.04.2019 10:33:00.000,6188.998,6192.997,6188.998,6190.997,0.0026
26.04.2019 10:34:00.000,6190.998,6190.998,6188.997,6189.997,0.0013
26.04.2019 10:35:00.000,6189.998,6189.998,6187.997,6187.998,0.0033
26.04.2019 10:36:00.000,6188.997,6189.998,6187.998,6189.997,0.0038
26.04.2019 10:37:00.000,6190.998,6193.998,6189.997,6189.998,0.0044
26.04.2019 10:38:00.000,6189.997,6191.997,6189.997,6190.997,0.003
26.04.2019 10:39:00.000,6189.998,6191.998,6189.997,6191.997,0.0029
26.04.2019 10:40:00.000,6191.998,6192.998,6190.997,6191.998,0.0017
26.04.2019 10:41:00.000,6191.997,6192.998,6190.997,6191.998,0.0021
26.04.2019 10:42:00.000,6191.998,6193.998,6191.998,6192.998,0.0011
26.04.2019 10:43:00.000,6192.997,6192.998,6189.997,6189.998,0.0017
26.04.2019 10:44:00.000,6189.997,6190.998,6181.997,6181.997,0.0041
26.04.2019 10:45:00.000,6181.998,6181.998,6178.997,6178.998,0.0029
26.04.2019 10:46:00.000,6178.998,6178.998,6172.998,6175.998,0.0044
26.04.2019 10:47:00.000,6174.997,6176.998,6173.997,6176.998,0.0034
26.04.2019 10:48:00.000,6175.997,6177.998,6175.997,6177.998,0.0024
26.04.2019 10:49:00.000,6177.998,6182.998,6177.998,6182.998,0.0068
26.04.2019 10:50:00.000,6181.998,6181.998,6180.997,6180.998,0.0009
26.04.2019 10:51:00.000,6180.998,6181.997,6175.998,6175.998,0.0035
26.04.2019 10:52:00.000,6175.998,6175.998,6173.997,6174.998,0.0025
26.04.2019 10:53:00.000,6174.997,6175.998,6174.997,6174.998,0.0015
26.04.2019 10:54:00.000,6174.998,6175.998,6171.997,6171.997,0.0032
26.04.2019 10:55:00.000,6171.998,6172.998,6171.997,6172.998,0.0022
26.04.2019 10:56:00.000,6172.997,6172.997,6171.997,6171.998,0.0021
26.04.2019 10:57:00.000,6171.998,6171.998,6167.998,6167.998,0.0014
26.04.2019 10:58:00.000,6167.997,6168.997,6163.997,6166.998,0.0061
26.04.2019 10:59:00.000,6166.997,6167.998,6165.997,6167.998,0.0026
26.04.2019 11:00:00.000,6167.997,6167.998,6167.997,6167.997,0.0009
26.04.2019 11:02:00.000,6168.997,6169.998,6166.997,6169.998,0.0019
26.04.2019 11:03:00.000,6170.998,6173.998,6170.997,6172.997,0.0077
26.04.2019 11:04:00.000,6172.998,6178.998,6172.997,6175.998,0.0064
26.04.2019 11:05:00.000,6176.998,6176.998,6175.998,6175.998,0.0021
26.04.2019 11:06:00.000,6175.997,6177.998,6175.997,6175.998,0.0021
26.04.2019 11:07:00.000,6176.997,6176.998,6170.998,6173.997,0.0031
26.04.2019 11:08:00.000,6173.998,6178.998,6173.997,6177.998,0.004
26.04.2019 11:09:00.000,6178.997,6182.998,6178.997,6180.998,0.0021
26.04.2019 11:10:00.000,6181.997,6181.998,6179.998,6179.998,0.0027
26.04.2019 11:11:00.000,6180.998,6181.998,6176.998,6177.997,0.0042
26.04.2019 11:12:00.000,6177.998,6177.998,6177.997,6177.998,0.0026
26.04.2019 11:14:00.000,6178.998,6178.998,6174.998,6176.998,0.0045
26.04.2019 11:15:00.000,6177.998,6177.998,6176.997,6176.998,0.0043
26.04.2019 11:16:00.000,6177.997,6178.998,6176.997,6176.998,0.0028
26.04.2019 11:17:00.000,6176.998,6176.998,6174.997,6175.998,0.0019
26.04.2019 11:18:00.000,6175.997,6178.998,6173.997,6177.997,0.0034
26.04.2019 11:19:00.000,6178.997,6178.998,6178.997,6178.998,0.001
26.04.2019 11:20:00.000,6178.997,6178.998,6178.997,6178.998,0.0045
26.04.2019 11:21:00.000,6178.998,6178.998,6176.998,6177.997,0.0021
26.04.2019 11:22:00.000,6176.997,6176.998,6176.997,6176.998,0.0024
26.04.2019 11:23:00.000,6175.998,6175.998,6165.998,6165.998,0.0032
26.04.2019 11:24:00.000,6166.998,6170.997,6164.997,6170.997,0.0044
26.04.2019 11:25:00.000,6171.998,6171.998,6166.997,6167.998,0.0024
26.04.2019 11:26:00.000,6168.997,6174.998,6168.997,6174.998,0.0036
26.04.2019 11:27:00.000,6174.997,6174.998,6170.998,6171.998,0.0022
26.04.2019 11:28:00.000,6172.997,6173.997,6171.997,6173.997,0.0009
26.04.2019 11:29:00.000,6172.998,6173.998,6172.997,6172.998,0.0022
26.04.2019 11:30:00.000,6173.997,6173.998,6172.997,6172.998,0.0021
26.04.2019 11:31:00.000,6172.998,6172.998,6171.997,6171.998,0.0009
26.04.2019 11:32:00.000,6171.997,6172.997,6171.997,6171.997,0.0014
26.04.2019 11:33:00.000,6171.998,6171.998,6166.998,6168.998,0.0053
26.04.2019 11:34:00.000,6165.997,6166.998,6165.997,6165.998,0.0003
26.04.2019 11:35:00.000,6165.997,6166.998,6165.997,6165.998,0.0012
26.04.2019 11:36:00.000,6166.998,6167.998,6166.997,6167.998,0.0004
26.04.2019 11:37:00.000,6167.997,6168.997,6167.997,6167.998,0.0011
26.04.2019 11:38:00.000,6168.997,6172.998,6167.997,6172.998,0.0041
26.04.2019 11:39:00.000,6172.997,6172.998,6170.997,6170.997,0.0015
26.04.2019 11:40:00.000,6170.998,6171.998,6168.997,6168.998,0.0034
26.04.2019 11:41:00.000,6169.998,6170.998,6168.997,6169.998,0.0024
26.04.2019 11:42:00.000,6170.998,6170.998,6167.997,6168.998,0.0056
26.04.2019 11:43:00.000,6167.997,6168.998,6167.997,6168.997,0.0009
26.04.2019 11:44:00.000,6168.998,6169.998,6168.997,6169.998,0.0017
26.04.2019 11:45:00.000,6170.998,6171.998,6170.997,6171.998,0.0046
26.04.2019 11:46:00.000,6171.997,6171.998,6171.997,6171.998,0.0007
26.04.2019 11:47:00.000,6171.997,6171.997,6171.997,6171.997,0.0002
26.04.2019 12:02:00.000,6173.998,6173.998,6172.998,6172.998,0.0003
26.04.2019 12:03:00.000,6173.997,6173.998,6170.997,6170.998,0.0037
26.04.2019 12:04:00.000,6170.997,6173.997,6170.997,6173.997,0.0039
26.04.2019 12:05:00.000,6173.998,6177.998,6173.997,6177.998,0.0065
26.04.2019 12:06:00.000,6179.998,6182.998,6179.998,6181.998,0.0044
26.04.2019 12:07:00.000,6181.997,6182.998,6180.997,6180.997,0.0055
26.04.2019 12:08:00.000,6181.998,6181.998,6175.998,6175.998,0.0049
26.04.2019 12:09:00.000,6175.997,6175.998,6174.997,6175.997,0.003
26.04.2019 12:10:00.000,6175.998,6180.998,6175.998,6180.997,0.0047
26.04.2019 12:11:00.000,6180.998,6183.998,6179.997,6183.997,0.0037
26.04.2019 12:12:00.000,6184.998,6185.997,6183.998,6184.997,0.0019
26.04.2019 12:13:00.000,6185.997,6185.998,6179.997,6180.998,0.006
26.04.2019 12:14:00.000,6181.997,6183.997,6180.998,6182.998,0.0018
26.04.2019 12:15:00.000,6183.998,6185.998,6180.998,6185.997,0.0087
26.04.2019 12:16:00.000,6185.998,6185.998,6185.997,6185.998,0.001
26.04.2019 12:17:00.000,6185.997,6186.998,6183.997,6184.997,0.0029
26.04.2019 12:18:00.000,6185.997,6185.998,6180.997,6183.997,0.0044
26.04.2019 12:19:00.000,6184.998,6186.998,6184.997,6186.998,0.0031
26.04.2019 12:20:00.000,6186.997,6188.997,6186.997,6188.997,0.0015
26.04.2019 12:21:00.000,6188.998,6189.998,6186.997,6187.998,0.0026
26.04.2019 12:22:00.000,6188.997,6189.998,6188.997,6188.998,0.0065
26.04.2019 12:23:00.000,6188.997,6190.998,6188.997,6190.998,0.0016
26.04.2019 12:24:00.000,6188.998,6190.998,6185.997,6187.998,0.0041
26.04.2019 12:25:00.000,6188.997,6188.998,6187.997,6187.998,0.0038
26.04.2019 12:26:00.000,6188.998,6189.997,6187.997,6187.998,0.0033
26.04.2019 12:27:00.000,6188.998,6188.998,6188.997,6188.997,0.0017
26.04.2019 12:28:00.000,6187.997,6189.998,6187.997,6188.997,0.0031
26.04.2019 12:29:00.000,6189.998,6193.998,6189.998,6193.998,0.0033
26.04.2019 12:30:00.000,6193.998,6199.998,6193.997,6194.997,0.0073
26.04.2019 12:31:00.000,6194.997,6195.998,6194.997,6195.998,0.0017
26.04.2019 12:32:00.000,6196.998,6196.998,6190.997,6192.997,0.0041
26.04.2019 12:33:00.000,6192.998,6196.997,6191.997,6191.998,0.0038
26.04.2019 12:34:00.000,6192.997,6192.998,6192.997,6192.998,0.0026
26.04.2019 12:35:00.000,6194.998,6194.998,6189.997,6190.998,0.0026
26.04.2019 12:36:00.000,6190.998,6193.997,6190.998,6190.998,0.0033
26.04.2019 12:37:00.000,6191.997,6196.998,6190.997,6195.998,0.0085
26.04.2019 12:38:00.000,6196.998,6197.998,6195.997,6196.998,0.0032
26.04.2019 12:39:00.000,6196.997,6196.997,6191.997,6193.997,0.0053
26.04.2019 12:40:00.000,6195.997,6196.998,6193.997,6193.998,0.0022
26.04.2019 12:41:00.000,6193.998,6195.998,6192.998,6195.998,0.004
26.04.2019 12:42:00.000,6195.998,6195.998,6193.997,6194.998,0.0038
26.04.2019 12:43:00.000,6194.998,6196.998,6193.998,6196.997,0.0026
26.04.2019 12:44:00.000,6197.998,6197.998,6191.998,6193.998,0.0058
26.04.2019 12:45:00.000,6193.997,6194.997,6190.997,6190.998,0.0047
26.04.2019 12:46:00.000,6190.997,6191.998,6189.997,6189.998,0.0028
26.04.2019 12:47:00.000,6190.997,6191.998,6190.997,6191.998,0.0015
26.04.2019 12:48:00.000,6191.997,6191.997,6189.998,6190.998,0.0039
26.04.2019 12:49:00.000,6188.998,6189.998,6186.997,6188.998,0.0028
26.04.2019 12:50:00.000,6188.997,6191.997,6188.997,6189.998,0.005
26.04.2019 12:51:00.000,6191.750,6191.998,6189.997,6189.997,0.003
26.04.2019 12:52:00.000,6190.998,6190.998,6188.997,6188.997,0.0027
26.04.2019 12:53:00.000,6189.997,6189.997,6182.998,6185.998,0.0084
26.04.2019 12:54:00.000,6184.997,6184.998,6182.997,6183.998,0.0046
26.04.2019 12:55:00.000,6184.997,6185.998,6182.998,6182.998,0.0062
26.04.2019 12:56:00.000,6183.998,6186.998,6183.997,6185.998,0.0025
26.04.2019 12:57:00.000,6186.998,6188.998,6185.997,6188.998,0.0041
26.04.2019 12:58:00.000,6188.998,6188.998,6186.997,6187.998,0.005
26.04.2019 12:59:00.000,6188.998,6191.998,6187.998,6191.998,0.0123
26.04.2019 13:00:00.000,6191.997,6195.998,6191.997,6195.997,0.0089
26.04.2019 13:01:00.000,6195.997,6196.998,6192.997,6192.997,0.0116
26.04.2019 13:02:00.000,6192.998,6194.998,6192.997,6194.998,0.0027
26.04.2019 13:03:00.000,6196.750,6198.998,6195.997,6198.998,0.0079
26.04.2019 13:04:00.000,6198.997,6198.998,6195.997,6196.998,0.0026
26.04.2019 13:05:00.000,6196.998,6197.998,6196.998,6196.998,0.0014
26.04.2019 13:06:00.000,6196.997,6197.997,6196.997,6196.998,0.004
26.04.2019 13:07:00.000,6196.997,6200.998,6196.997,6198.997,0.0054
26.04.2019 13:08:00.000,6198.998,6198.998,6193.997,6194.998,0.0036
26.04.2019 13:09:00.000,6194.997,6195.998,6193.997,6194.998,0.0033
26.04.2019 13:10:00.000,6194.997,6195.998,6194.997,6194.998,0.0024
26.04.2019 13:11:00.000,6194.997,6196.997,6194.997,6195.998,0.0021
26.04.2019 13:12:00.000,6196.997,6198.998,6196.997,6198.997,0.0026
26.04.2019 13:13:00.000,6199.997,6199.998,6195.997,6195.998,0.0028
26.04.2019 13:14:00.000,6194.998,6194.998,6192.997,6194.997,0.0034
26.04.2019 13:15:00.000,6194.998,6194.998,6192.997,6192.998,0.0026
26.04.2019 13:16:00.000,6192.997,6195.998,6192.997,6192.998,0.0035
26.04.2019 13:17:00.000,6194.998,6195.998,6192.997,6195.997,0.0048
26.04.2019 13:18:00.000,6195.998,6196.997,6195.997,6195.998,0.0028
26.04.2019 13:19:00.000,6196.997,6197.998,6195.997,6195.997,0.0018
26.04.2019 13:20:00.000,6195.998,6195.998,6192.998,6194.998,0.003
26.04.2019 13:21:00.000,6194.998,6194.998,6192.997,6192.998,0.001
26.04.2019 13:22:00.000,6192.998,6192.998,6188.997,6188.997,0.0026
26.04.2019 13:23:00.000,6189.997,6190.998,6186.997,6188.998,0.005
26.04.2019 13:24:00.000,6188.997,6189.998,6184.997,6184.997,0.0078
26.04.2019 13:25:00.000,6184.998,6185.998,6184.997,6184.998,0.0039
26.04.2019 13:26:00.000,6184.998,6188.998,6184.997,6188.997,0.0119
26.04.2019 13:27:00.000,6188.998,6188.998,6185.997,6185.997,0.0029
26.04.2019 13:28:00.000,6186.997,6186.998,6184.997,6184.998,0.0031
26.04.2019 13:29:00.000,6184.997,6185.998,6181.997,6185.998,0.0062
26.04.2019 13:30:00.000,6184.997,6187.998,6184.997,6185.997,0.011
26.04.2019 13:31:00.000,6186.998,6189.998,6184.997,6188.998,0.0123
26.04.2019 13:32:00.000,6189.998,6189.998,6185.997,6186.997,0.0083
26.04.2019 13:33:00.000,6186.998,6188.998,6184.997,6188.998,0.0153
26.04.2019 13:34:00.000,6188.997,6188.998,6186.997,6188.997,0.0094
26.04.2019 13:35:00.000,6190.998,6191.998,6188.997,6189.998,0.0109
26.04.2019 13:36:00.000,6190.998,6193.997,6190.997,6190.997,0.0097
26.04.2019 13:37:00.000,6191.997,6192.998,6189.997,6190.998,0.0094
26.04.2019 13:38:00.000,6189.998,6190.998,6188.997,6188.998,0.0073
26.04.2019 13:39:00.000,6188.998,6189.998,6187.997,6188.998,0.0116
26.04.2019 13:40:00.000,6188.997,6191.998,6188.997,6189.998,0.007
26.04.2019 13:41:00.000,6191.998,6191.998,6189.997,6191.998,0.0034
26.04.2019 13:42:00.000,6192.997,6192.998,6191.997,6192.998,0.0051
26.04.2019 13:43:00.000,6192.998,6192.998,6189.998,6191.998,0.0055
26.04.2019 13:44:00.000,6193.750,6193.997,6191.997,6192.998,0.0076
26.04.2019 13:45:00.000,6192.997,6192.998,6189.998,6190.998,0.0035
26.04.2019 13:46:00.000,6190.998,6194.998,6190.997,6194.998,0.0048
26.04.2019 13:47:00.000,6194.997,6194.998,6187.998,6188.998,0.0049
26.04.2019 13:48:00.000,6187.998,6190.998,6187.997,6187.998,0.0061
26.04.2019 13:49:00.000,6187.998,6187.998,6184.998,6184.998,0.0042
26.04.2019 13:50:00.000,6184.997,6184.998,6179.997,6182.997,0.0175
26.04.2019 13:51:00.000,6180.998,6182.997,6177.998,6180.998,0.0044
26.04.2019 13:52:00.000,6180.998,6181.998,6179.997,6179.998,0.0054
26.04.2019 13:53:00.000,6180.997,6183.998,6179.998,6183.998,0.0068
26.04.2019 13:54:00.000,6182.997,6184.998,6181.997,6181.998,0.0059
26.04.2019 13:55:00.000,6181.997,6184.997,6181.997,6182.997,0.0072
26.04.2019 13:56:00.000,6182.998,6183.998,6182.997,6183.998,0.0033
26.04.2019 13:57:00.000,6182.998,6184.998,6181.997,6182.997,0.0066
26.04.2019 13:58:00.000,6182.997,6184.998,6182.997,6183.998,0.0032
26.04.2019 13:59:00.000,6183.997,6183.998,6181.997,6182.998,0.0058
26.04.2019 14:00:00.000,6182.997,6182.998,6181.997,6181.998,0.0038
26.04.2019 14:01:00.000,6181.997,6184.998,6181.997,6183.998,0.0074
26.04.2019 14:02:00.000,6182.998,6184.998,6182.998,6184.997,0.007
26.04.2019 14:03:00.000,6185.997,6188.998,6185.997,6186.998,0.0077
26.04.2019 14:04:00.000,6186.998,6187.998,6186.997,6187.998,0.009
26.04.2019 14:05:00.000,6187.998,6188.997,6185.998,6187.998,0.0039
26.04.2019 14:06:00.000,6187.997,6188.998,6184.998,6188.997,0.0077
26.04.2019 14:07:00.000,6187.998,6187.998,6186.997,6186.997,0.0083
26.04.2019 14:08:00.000,6186.998,6188.998,6186.998,6186.998,0.0042
26.04.2019 14:09:00.000,6186.997,6187.998,6186.997,6186.998,0.0054
26.04.2019 14:10:00.000,6186.997,6186.998,6184.997,6185.998,0.0072
26.04.2019 14:11:00.000,6185.997,6185.998,6184.997,6184.998,0.0062
26.04.2019 14:12:00.000,6184.997,6185.998,6184.997,6185.998,0.0023
26.04.2019 14:13:00.000,6185.997,6185.998,6184.997,6184.997,0.0023
26.04.2019 14:14:00.000,6184.998,6188.998,6184.997,6188.998,0.005
26.04.2019 14:15:00.000,6187.998,6188.998,6185.997,6185.997,0.0073
26.04.2019 14:16:00.000,6185.998,6187.998,6185.997,6187.998,0.004
26.04.2019 14:17:00.000,6186.997,6187.998,6185.997,6186.998,0.003
26.04.2019 14:18:00.000,6187.997,6187.998,6186.998,6187.997,0.0018
26.04.2019 14:19:00.000,6187.998,6187.998,6184.997,6184.997,0.0079
26.04.2019 14:20:00.000,6184.998,6184.998,6178.997,6178.998,0.0083
26.04.2019 14:21:00.000,6179.997,6180.998,6178.997,6178.998,0.0025
26.04.2019 14:22:00.000,6178.997,6181.998,6178.997,6180.998,0.0018
26.04.2019 14:23:00.000,6180.997,6184.998,6180.997,6184.998,0.0052
26.04.2019 14:24:00.000,6184.997,6184.998,6181.997,6182.998,0.0033
26.04.2019 14:25:00.000,6181.998,6183.998,6181.997,6182.997,0.0087
26.04.2019 14:26:00.000,6182.998,6183.998,6180.997,6181.998,0.011
26.04.2019 14:27:00.000,6181.997,6181.998,6179.997,6180.998,0.0081
26.04.2019 14:28:00.000,6182.750,6182.998,6180.998,6181.998,0.0058
26.04.2019 14:29:00.000,6181.997,6182.998,6178.998,6179.998,0.0047
26.04.2019 14:30:00.000,6179.998,6180.998,6178.998,6180.997,0.0051
26.04.2019 14:31:00.000,6180.998,6180.998,6178.997,6178.997,0.005
26.04.2019 14:32:00.000,6178.998,6179.998,6177.997,6178.998,0.0069
26.04.2019 14:33:00.000,6178.997,6179.998,6178.997,6179.997,0.0013
26.04.2019 14:34:00.000,6179.997,6181.998,6178.997,6180.998,0.0058
26.04.2019 14:35:00.000,6180.997,6180.998,6177.997,6177.998,0.0046
26.04.2019 14:36:00.000,6178.998,6178.998,6176.997,6176.998,0.0043
26.04.2019 14:37:00.000,6176.997,6178.998,6176.997,6177.998,0.002
26.04.2019 14:38:00.000,6177.997,6179.997,6177.997,6177.998,0.0031
26.04.2019 14:39:00.000,6178.998,6178.998,6177.997,6177.997,0.001
26.04.2019 14:40:00.000,6177.998,6177.998,6175.997,6177.998,0.0071
26.04.2019 14:41:00.000,6176.998,6177.998,6176.997,6177.998,0.0027
26.04.2019 14:42:00.000,6177.997,6177.998,6175.998,6175.998,0.0036
26.04.2019 14:43:00.000,6175.997,6176.998,6175.997,6176.998,0.0057
26.04.2019 14:44:00.000,6176.997,6179.998,6176.997,6178.997,0.0087
26.04.2019 14:45:00.000,6179.998,6182.998,6178.997,6180.998,0.0093
26.04.2019 14:46:00.000,6171.997,6172.998,6168.997,6169.997,0.0049
26.04.2019 14:47:00.000,6169.998,6169.998,6167.997,6167.998,0.0008
26.04.2019 14:48:00.000,6167.997,6168.998,6167.997,6167.998,0.0027
26.04.2019 14:49:00.000,6167.997,6167.998,6167.997,6167.998,0.002
26.04.2019 14:50:00.000,6167.750,6167.750,6163.997,6164.998,0.0035
26.04.2019 14:51:00.000,6165.998,6167.997,6165.997,6167.997,0.0022
26.04.2019 14:52:00.000,6167.998,6170.998,6166.998,6170.997,0.0027
26.04.2019 14:53:00.000,6170.998,6173.998,6170.997,6172.997,0.012
26.04.2019 14:54:00.000,6172.998,6176.998,6172.997,6174.998,0.0115
26.04.2019 14:55:00.000,6174.997,6180.998,6174.997,6177.998,0.0064
26.04.2019 14:56:00.000,6176.997,6179.998,6176.997,6179.998,0.0051
26.04.2019 14:57:00.000,6179.997,6179.998,6179.997,6179.998,0.0013
26.04.2019 14:58:00.000,6179.998,6179.998,6173.998,6174.998,0.0045
26.04.2019 14:59:00.000,6175.997,6178.998,6175.997,6177.998,0.004
26.04.2019 15:00:00.000,6178.998,6180.998,6177.997,6180.998,0.0052
26.04.2019 15:01:00.000,6180.997,6185.998,6179.998,6180.998,0.0105
26.04.2019 15:02:00.000,6180.998,6181.997,6180.997,6180.998,0.0044
26.04.2019 15:03:00.000,6180.997,6182.998,6179.997,6180.998,0.0084
26.04.2019 15:04:00.000,6180.997,6180.998,6178.997,6179.998,0.0067
26.04.2019 15:05:00.000,6179.997,6180.998,6178.997,6178.998,0.0103
26.04.2019 15:06:00.000,6179.998,6182.998,6179.997,6182.997,0.0072
26.04.2019 15:07:00.000,6182.998,6186.998,6182.997,6183.998,0.0101
26.04.2019 15:08:00.000,6183.997,6185.998,6183.997,6185.998,0.0051
26.04.2019 15:09:00.000,6185.997,6185.998,6182.998,6184.997,0.0059
26.04.2019 15:10:00.000,6183.998,6183.998,6182.998,6183.997,0.0046
26.04.2019 15:11:00.000,6183.998,6184.998,6182.997,6182.998,0.0103
26.04.2019 15:12:00.000,6183.997,6185.997,6182.997,6184.998,0.0041
26.04.2019 15:13:00.000,6185.997,6185.997,6180.998,6181.997,0.0052
26.04.2019 15:14:00.000,6182.998,6183.998,6181.997,6183.998,0.0027
26.04.2019 15:15:00.000,6183.997,6184.998,6181.997,6183.998,0.0067
26.04.2019 15:16:00.000,6183.997,6184.998,6183.997,6184.998,0.0023
26.04.2019 15:17:00.000,6184.997,6186.998,6183.997,6186.998,0.0053
26.04.2019 15:18:00.000,6186.998,6186.998,6186.997,6186.997,0.0038
26.04.2019 15:19:00.000,6186.997,6188.998,6182.998,6183.998,0.0143
26.04.2019 15:20:00.000,6183.997,6184.998,6183.997,6183.997,0.0108
26.04.2019 15:21:00.000,6183.998,6184.998,6179.997,6183.998,0.008
26.04.2019 15:22:00.000,6183.997,6183.998,6181.997,6182.998,0.0085
26.04.2019 15:23:00.000,6182.997,6182.998,6181.997,6181.998,0.0116
26.04.2019 15:24:00.000,6181.998,6184.998,6181.997,6184.998,0.0116
26.04.2019 15:25:00.000,6184.997,6184.998,6180.997,6180.998,0.0085
26.04.2019 15:26:00.000,6180.997,6183.998,6177.997,6179.997,0.0108
26.04.2019 15:27:00.000,6179.998,6182.998,6176.997,6181.998,0.0076
26.04.2019 15:28:00.000,6181.998,6183.998,6179.998,6179.998,0.008
26.04.2019 15:29:00.000,6180.997,6180.998,6173.997,6174.998,0.0178
29.04.2019 07:00:00.000,6152.998,6152.998,6150.998,6152.997,0.0003
29.04.2019 07:01:00.000,6151.997,6165.997,6151.997,6165.997,0.0002
29.04.2019 07:02:00.000,6174.998,6179.997,6174.998,6179.997,0.0002
29.04.2019 07:03:00.000,6175.997,6175.997,6175.997,6175.997,0.0002
29.04.2019 07:04:00.000,6163.998,6169.998,6163.998,6169.997,0.0005
29.04.2019 07:05:00.000,6163.998,6163.998,6160.998,6160.998,0.0011
29.04.2019 07:06:00.000,6160.997,6164.998,6152.998,6152.998,0.001
29.04.2019 07:07:00.000,6156.998,6160.998,6156.998,6156.998,0.0005
29.04.2019 07:08:00.000,6159.998,6164.998,6155.997,6157.997,0.0017
29.04.2019 07:09:00.000,6157.997,6157.997,6152.998,6153.998,0.0013
29.04.2019 07:10:00.000,6153.997,6165.998,6153.997,6165.998,0.0039
29.04.2019 07:11:00.000,6167.997,6174.997,6167.997,6173.998,0.0047
29.04.2019 07:12:00.000,6174.998,6174.998,6167.997,6173.998,0.001
29.04.2019 07:13:00.000,6173.998,6177.998,6173.997,6174.998,0.0029
29.04.2019 07:14:00.000,6174.997,6176.998,6174.997,6175.997,0.0014
29.04.2019 07:15:00.000,6174.998,6177.998,6167.998,6167.998,0.0028
29.04.2019 07:16:00.000,6168.998,6170.998,6167.998,6170.998,0.0023
29.04.2019 07:17:00.000,6170.997,6170.998,6163.997,6163.998,0.0016
29.04.2019 07:18:00.000,6162.998,6166.998,6160.997,6166.998,0.0042
29.04.2019 07:19:00.000,6166.997,6166.998,6163.997,6163.997,0.0043
29.04.2019 07:20:00.000,6163.998,6166.998,6160.997,6160.998,0.0042
29.04.2019 07:21:00.000,6161.998,6162.998,6160.998,6162.998,0.0014
29.04.2019 07:22:00.000,6162.997,6163.998,6161.997,6162.997,0.0025
29.04.2019 07:23:00.000,6165.997,6166.998,6165.997,6166.997,0.0022
29.04.2019 07:24:00.000,6168.998,6168.998,6161.998,6162.998,0.0016
29.04.2019 07:25:00.000,6162.998,6164.997,6160.997,6160.998,0.0018
29.04.2019 07:26:00.000,6160.998,6162.998,6159.997,6162.998,0.0014
29.04.2019 07:27:00.000,6162.997,6163.998,6161.997,6161.998,0.0028
29.04.2019 07:28:00.000,6161.997,6162.998,6160.997,6160.998,0.0018
29.04.2019 07:29:00.000,6160.997,6163.998,6160.997,6163.998,0.0026
29.04.2019 07:30:00.000,6163.997,6163.998,6161.998,6162.997,0.007
29.04.2019 07:31:00.000,6162.997,6163.998,6161.997,6162.998,0.0042
29.04.2019 07:32:00.000,6162.997,6163.998,6162.997,6162.998,0.0005
29.04.2019 07:33:00.000,6163.998,6163.998,6160.997,6161.998,0.0037
29.04.2019 07:34:00.000,6161.998,6161.998,6161.997,6161.998,0.0007
29.04.2019 07:35:00.000,6161.997,6167.997,6161.997,6167.997,0.0048
29.04.2019 07:36:00.000,6167.998,6169.998,6165.997,6165.998,0.0035
29.04.2019 07:37:00.000,6165.998,6170.998,6165.998,6170.997,0.0019
29.04.2019 07:38:00.000,6171.998,6171.998,6171.998,6171.998,0.0001
29.04.2019 07:39:00.000,6172.997,6172.998,6172.997,6172.997,0.0004
29.04.2019 07:40:00.000,6171.998,6171.998,6168.997,6168.997,0.0015
29.04.2019 07:41:00.000,6169.998,6170.998,6168.997,6168.998,0.0024
29.04.2019 07:42:00.000,6169.997,6173.998,6169.997,6173.998,0.0022
29.04.2019 07:43:00.000,6174.997,6175.998,6173.997,6175.998,0.0027
29.04.2019 07:44:00.000,6176.998,6176.998,6175.998,6176.998,0.0006
29.04.2019 07:45:00.000,6176.997,6176.998,6169.997,6171.997,0.005
29.04.2019 07:46:00.000,6171.998,6173.998,6169.998,6172.998,0.0028
29.04.2019 07:47:00.000,6173.998,6174.998,6173.998,6174.997,0.0004
29.04.2019 07:48:00.000,6174.997,6174.998,6172.998,6174.998,0.0014
29.04.2019 07:49:00.000,6175.997,6176.998,6173.997,6174.998,0.0016
29.04.2019 07:50:00.000,6174.997,6178.998,6173.998,6177.998,0.0029
29.04.2019 07:51:00.000,6177.998,6177.998,6175.997,6175.998,0.0005
29.04.2019 07:52:00.000,6177.998,6178.998,6176.998,6178.998,0.0019
29.04.2019 07:53:00.000,6178.997,6179.998,6178.997,6178.998,0.0012
29.04.2019 07:54:00.000,6179.998,6180.998,6176.997,6177.997,0.0022
29.04.2019 07:55:00.000,6177.997,6179.997,6176.997,6179.997,0.0019
29.04.2019 07:56:00.000,6179.997,6179.998,6179.997,6179.998,0.0008
29.04.2019 07:57:00.000,6179.998,6179.998,6179.997,6179.997,0.001
29.04.2019 07:58:00.000,6179.998,6179.998,6176.997,6178.997,0.003
29.04.2019 07:59:00.000,6178.998,6179.998,6173.997,6175.998,0.0019
29.04.2019 08:00:00.000,6175.998,6175.998,6173.997,6174.998,0.0019
29.04.2019 08:01:00.000,6174.997,6174.998,6171.997,6171.997,0.0015
29.04.2019 08:02:00.000,6171.998,6173.998,6170.997,6173.998,0.0011
29.04.2019 08:03:00.000,6173.998,6175.997,6173.998,6174.997,0.0014
29.04.2019 08:04:00.000,6174.998,6174.998,6172.997,6172.997,0.0013
29.04.2019 08:05:00.000,6170.998,6170.998,6168.997,6168.998,0.0012
29.04.2019 08:06:00.000,6168.997,6169.998,6168.997,6168.998,0.0014
29.04.2019 08:07:00.000,6169.998,6169.998,6166.998,6167.998,0.0014
29.04.2019 08:08:00.000,6166.998,6167.998,6166.998,6167.998,0.0005
29.04.2019 08:09:00.000,6168.998,6171.998,6168.998,6171.997,0.0014
29.04.2019 08:10:00.000,6171.998,6172.998,6167.997,6167.998,0.0046
29.04.2019 08:11:00.000,6167.997,6170.997,6167.997,6169.997,0.0049
29.04.2019 08:12:00.000,6169.998,6171.998,6167.997,6170.997,0.0041
29.04.2019 08:13:00.000,6171.998,6172.998,6170.998,6171.998,0.005
29.04.2019 08:14:00.000,6171.998,6176.998,6171.998,6176.998,0.0049
29.04.2019 08:15:00.000,6176.998,6179.998,6175.997,6178.998,0.0036
29.04.2019 08:16:00.000,6178.997,6178.998,6176.997,6176.997,0.0008
29.04.2019 08:17:00.000,6176.998,6177.998,6169.998,6169.998,0.0028
29.04.2019 08:18:00.000,6169.998,6171.998,6169.998,6171.998,0.0018
29.04.2019 08:19:00.000,6172.998,6173.998,6171.997,6171.998,0.0036
29.04.2019 08:20:00.000,6171.998,6172.998,6166.997,6166.998,0.0032
29.04.2019 08:21:00.000,6166.997,6170.998,6166.997,6170.998,0.0034
29.04.2019 08:22:00.000,6170.998,6170.998,6170.997,6170.998,0.0015
29.04.2019 08:23:00.000,6170.998,6170.998,6166.997,6166.998,0.0034
29.04.2019 08:24:00.000,6166.998,6169.998,6166.997,6169.997,0.0035
29.04.2019 08:25:00.000,6169.998,6170.998,6167.997,6167.997,0.0049
29.04.2019 08:26:00.000,6169.998,6172.998,6169.997,6170.997,0.0023
29.04.2019 08:27:00.000,6169.998,6169.998,6167.997,6169.997,0.0032
29.04.2019 08:28:00.000,6168.998,6168.998,6166.997,6166.998,0.0007
29.04.2019 08:30:00.000,6166.998,6168.998,6163.998,6167.997,0.005
29.04.2019 08:31:00.000,6168.998,6169.998,6168.997,6168.998,0.0008
29.04.2019 08:32:00.000,6168.997,6169.998,6168.997,6168.997,0.0029
29.04.2019 08:33:00.000,6169.997,6169.998,6168.998,6168.998,0.0025
29.04.2019 08:34:00.000,6169.997,6169.998,6168.997,6169.998,0.0017
29.04.2019 08:35:00.000,6170.998,6171.997,6169.997,6169.997,0.0057
29.04.2019 08:36:00.000,6169.998,6171.998,6169.997,6170.998,0.0057
29.04.2019 08:37:00.000,6170.998,6170.998,6167.998,6169.998,0.0047
29.04.2019 08:38:00.000,6170.997,6172.998,6170.997,6172.998,0.0067
29.04.2019 08:39:00.000,6173.998,6175.998,6173.997,6175.997,0.0069
29.04.2019 08:40:00.000,6176.997,6176.998,6175.997,6175.997,0.0024
29.04.2019 08:41:00.000,6175.998,6175.998,6175.997,6175.998,0.0014
29.04.2019 08:42:00.000,6174.998,6176.998,6173.997,6176.998,0.003
29.04.2019 08:43:00.000,6176.998,6176.998,6171.998,6171.998,0.0029
29.04.2019 08:44:00.000,6171.997,6175.997,6171.997,6174.998,0.0028
29.04.2019 08:45:00.000,6175.997,6176.998,6174.998,6175.997,0.0024
29.04.2019 08:46:00.000,6176.997,6177.998,6174.997,6175.998,0.0025
29.04.2019 08:47:00.000,6175.997,6175.998,6174.998,6174.998,0.001
29.04.2019 08:48:00.000,6173.998,6173.998,6170.997,6171.998,0.0018
29.04.2019 08:49:00.000,6171.997,6173.998,6170.998,6173.998,0.0026
29.04.2019 08:50:00.000,6173.997,6177.998,6173.997,6176.997,0.0065
29.04.2019 08:51:00.000,6175.997,6176.998,6175.997,6176.998,0.0021
29.04.2019 08:52:00.000,6176.998,6176.998,6172.998,6172.998,0.0006
29.04.2019 08:54:00.000,6171.997,6172.998,6170.997,6171.998,0.002
29.04.2019 08:55:00.000,6170.998,6170.998,6169.997,6169.997,0.0003
29.04.2019 08:56:00.000,6169.998,6169.998,6167.997,6167.998,0.0016
29.04.2019 08:57:00.000,6167.998,6169.998,6166.998,6169.998,0.0047
29.04.2019 08:58:00.000,6169.998,6171.998,6169.997,6171.997,0.0027
29.04.2019 08:59:00.000,6171.997,6171.998,6164.998,6167.997,0.0038
29.04.2019 09:00:00.000,6167.997,6168.998,6166.997,6167.998,0.0022
29.04.2019 09:01:00.000,6167.997,6167.997,6166.997,6166.998,0.0002
29.04.2019 09:02:00.000,6166.997,6166.998,6166.997,6166.998,0.0004
29.04.2019 09:03:00.000,6167.998,6169.997,6167.997,6168.998,0.0026
29.04.2019 09:04:00.000,6168.997,6169.998,6168.997,6169.998,0.0017
29.04.2019 09:05:00.000,6169.997,6170.998,6168.997,6170.998,0.0027
29.04.2019 09:06:00.000,6170.997,6170.998,6167.997,6167.998,0.0029
29.04.2019 09:07:00.000,6168.997,6169.998,6167.997,6167.998,0.007
29.04.2019 09:08:00.000,6167.998,6167.998,6164.998,6166.997,0.0009
29.04.2019 09:09:00.000,6166.998,6167.997,6162.997,6166.997,0.0046
29.04.2019 09:10:00.000,6166.998,6166.998,6166.997,6166.998,0.001
29.04.2019 09:11:00.000,6168.997,6168.998,6167.998,6167.998,0.0015
29.04.2019 09:12:00.000,6168.998,6168.998,6165.997,6165.998,0.0034
29.04.2019 09:13:00.000,6166.997,6166.998,6162.997,6164.998,0.0024
29.04.2019 09:14:00.000,6164.997,6164.998,6164.997,6164.998,0.0012
29.04.2019 09:15:00.000,6164.997,6164.998,6164.997,6164.998,0.0024
29.04.2019 09:16:00.000,6165.998,6167.998,6164.997,6167.998,0.0047
29.04.2019 09:17:00.000,6167.997,6167.998,6165.997,6166.997,0.0048
29.04.2019 09:18:00.000,6166.998,6167.997,6165.997,6166.997,0.0049
29.04.2019 09:19:00.000,6166.998,6166.998,6166.998,6166.998,0.0005
29.04.2019 09:20:00.000,6165.998,6168.998,6165.998,6167.998,0.0021
29.04.2019 09:21:00.000,6168.998,6168.998,6165.998,6167.998,0.002
29.04.2019 09:22:00.000,6167.998,6167.998,6164.997,6164.997,0.0036
29.04.2019 09:23:00.000,6164.998,6165.998,6163.998,6164.997,0.0014
29.04.2019 09:24:00.000,6164.998,6165.998,6163.997,6165.998,0.0022
29.04.2019 09:25:00.000,6164.998,6166.998,6164.997,6165.997,0.006
29.04.2019 09:26:00.000,6165.998,6166.998,6163.997,6165.998,0.0061
29.04.2019 09:27:00.000,6165.998,6165.998,6161.997,6164.998,0.0048
29.04.2019 09:28:00.000,6164.997,6168.998,6164.997,6168.998,0.0048
29.04.2019 09:29:00.000,6168.998,6170.998,6168.997,6169.997,0.0022
29.04.2019 09:30:00.000,6169.998,6172.998,6169.998,6172.998,0.006
29.04.2019 09:31:00.000,6172.997,6172.998,6172.997,6172.997,0.0016
29.04.2019 09:32:00.000,6172.998,6173.998,6172.997,6172.997,0.0066
29.04.2019 09:33:00.000,6172.998,6173.998,6172.997,6172.998,0.0059
29.04.2019 09:34:00.000,6172.998,6173.998,6170.997,6170.998,0.0058
29.04.2019 09:35:00.000,6170.997,6170.998,6168.997,6168.997,0.0017
29.04.2019 09:36:00.000,6168.998,6168.998,6167.997,6167.997,0.0024
29.04.2019 09:37:00.000,6167.998,6168.998,6167.997,6168.997,0.0018
29.04.2019 09:38:00.000,6168.998,6170.998,6168.997,6170.998,0.0021
29.04.2019 09:39:00.000,6170.997,6172.998,6170.997,6172.998,0.0018
29.04.2019 09:40:00.000,6174.998,6174.998,6170.997,6172.997,0.0076
29.04.2019 09:41:00.000,6172.998,6172.998,6172.997,6172.997,0.0042
29.04.2019 09:42:00.000,6172.998,6174.997,6172.997,6173.998,0.0029
29.04.2019 09:43:00.000,6173.997,6173.998,6172.997,6172.997,0.0014
29.04.2019 09:44:00.000,6172.998,6172.998,6171.997,6172.998,0.0025
29.04.2019 09:45:00.000,6172.998,6172.998,6170.998,6170.998,0.0021
29.04.2019 09:46:00.000,6170.998,6176.998,6170.997,6175.998,0.0041
29.04.2019 09:47:00.000,6175.998,6175.998,6171.997,6174.998,0.0058
29.04.2019 09:48:00.000,6174.998,6175.998,6174.997,6174.998,0.0045
29.04.2019 09:49:00.000,6174.997,6175.998,6174.997,6175.997,0.0017
29.04.2019 09:50:00.000,6175.998,6176.998,6173.997,6173.998,0.0058
29.04.2019 09:51:00.000,6174.998,6177.998,6174.997,6177.998,0.0037
29.04.2019 09:52:00.000,6177.997,6177.998,6175.997,6175.998,0.006
29.04.2019 09:53:00.000,6175.997,6175.998,6172.997,6172.997,0.0036
29.04.2019 09:54:00.000,6172.998,6172.998,6171.997,6171.998,0.0018
29.04.2019 09:55:00.000,6172.998,6172.998,6170.997,6170.998,0.0034
29.04.2019 09:56:00.000,6169.998,6169.998,6167.997,6169.998,0.0072
29.04.2019 09:57:00.000,6169.997,6169.998,6169.997,6169.997,0.0008
29.04.2019 09:58:00.000,6169.998,6171.998,6169.998,6171.998,0.0032
29.04.2019 09:59:00.000,6171.997,6171.998,6170.997,6171.998,0.0027
29.04.2019 10:00:00.000,6172.998,6174.998,6171.997,6171.997,0.0106
29.04.2019 10:01:00.000,6171.998,6172.998,6171.997,6172.998,0.003
29.04.2019 10:02:00.000,6172.997,6174.998,6172.997,6173.998,0.0022
29.04.2019 10:03:00.000,6174.998,6176.998,6174.998,6176.998,0.0019
29.04.2019 10:04:00.000,6177.997,6177.998,6174.997,6175.997,0.0025
29.04.2019 10:05:00.000,6175.998,6175.998,6175.997,6175.998,0.001
29.04.2019 10:06:00.000,6175.997,6175.998,6175.997,6175.998,0.001
29.04.2019 10:07:00.000,6175.998,6175.998,6173.997,6173.997,0.0017
29.04.2019 10:08:00.000,6173.998,6175.998,6173.997,6175.998,0.0023
29.04.2019 10:09:00.000,6175.998,6177.998,6174.998,6176.998,0.0038
29.04.2019 10:10:00.000,6176.998,6178.998,6176.997,6178.998,0.0026
29.04.2019 10:11:00.000,6178.997,6181.998,6178.997,6181.998,0.0035
29.04.2019 10:12:00.000,6181.998,6181.998,6178.997,6178.998,0.004
29.04.2019 10:13:00.000,6178.998,6178.998,6176.997,6177.998,0.0026
29.04.2019 10:14:00.000,6177.997,6182.998,6176.997,6180.998,0.0056
29.04.2019 10:15:00.000,6180.997,6182.998,6180.997,6181.998,0.0039
29.04.2019 10:16:00.000,6181.997,6181.997,6180.998,6180.998,0.0007
29.04.2019 10:17:00.000,6180.998,6180.998,6180.998,6180.998,0.0003
29.04.2019 10:18:00.000,6180.997,6180.997,6175.998,6177.998,0.0026
29.04.2019 10:19:00.000,6177.997,6179.997,6177.997,6179.997,0.0016
29.04.2019 10:20:00.000,6179.998,6179.998,6177.997,6177.998,0.0032
29.04.2019 10:21:00.000,6177.998,6177.998,6176.997,6177.997,0.0019
29.04.2019 10:22:00.000,6177.998,6178.998,6176.998,6176.998,0.0079
29.04.2019 10:23:00.000,6177.998,6177.998,6176.997,6176.998,0.0008
29.04.2019 10:24:00.000,6175.997,6176.998,6170.997,6170.997,0.0035
29.04.2019 10:25:00.000,6170.997,6174.750,6170.997,6170.998,0.005
29.04.2019 10:26:00.000,6170.997,6170.998,6170.997,6170.997,0.0027
29.04.2019 10:27:00.000,6170.998,6171.998,6168.998,6168.998,0.0066
29.04.2019 10:28:00.000,6168.998,6169.998,6168.997,6169.998,0.0034
29.04.2019 10:29:00.000,6170.997,6171.998,6169.998,6171.998,0.0047
29.04.2019 10:30:00.000,6171.998,6172.997,6170.997,6170.997,0.0031
29.04.2019 10:31:00.000,6172.998,6172.998,6171.997,6171.998,0.0047
29.04.2019 10:32:00.000,6171.997,6171.998,6171.997,6171.998,0.0025
29.04.2019 10:33:00.000,6171.997,6171.998,6170.998,6170.998,0.0015
29.04.2019 10:34:00.000,6171.998,6181.997,6171.997,6181.997,0.0083
29.04.2019 10:35:00.000,6181.998,6187.998,6181.998,6186.997,0.0042
29.04.2019 10:36:00.000,6186.998,6190.998,6186.998,6189.998,0.0023
29.04.2019 10:37:00.000,6189.998,6190.997,6188.997,6189.998,0.0032
29.04.2019 10:38:00.000,6190.998,6190.998,6189.997,6189.998,0.002
29.04.2019 10:39:00.000,6190.998,6190.998,6190.997,6190.998,0.0022
29.04.2019 10:40:00.000,6190.998,6192.998,6189.997,6189.998,0.0038
29.04.2019 10:41:00.000,6189.997,6189.998,6189.997,6189.998,0.001
29.04.2019 10:42:00.000,6189.997,6190.998,6189.997,6189.997,0.0007
29.04.2019 10:44:00.000,6189.998,6189.998,6187.997,6187.998,0.0013
29.04.2019 10:45:00.000,6188.997,6188.998,6187.997,6187.998,0.0017
29.04.2019 10:46:00.000,6187.998,6187.998,6185.998,6186.998,0.0007
29.04.2019 10:47:00.000,6186.997,6186.997,6181.997,6181.998,0.0043
29.04.2019 10:48:00.000,6181.998,6183.998,6181.997,6183.998,0.005
29.04.2019 10:49:00.000,6183.997,6183.998,6181.997,6182.998,0.0003
29.04.2019 10:50:00.000,6181.998,6184.998,6181.997,6183.998,0.0028
29.04.2019 10:51:00.000,6182.998,6184.997,6182.997,6182.998,0.0013
29.04.2019 10:52:00.000,6183.998,6184.998,6182.998,6184.998,0.0021
29.04.2019 10:53:00.000,6185.998,6186.998,6185.997,6186.998,0.0045
29.04.2019 10:54:00.000,6187.997,6187.997,6184.997,6184.998,0.0014
29.04.2019 10:55:00.000,6184.997,6184.998,6184.997,6184.997,0.0043
29.04.2019 10:56:00.000,6184.998,6184.998,6181.998,6182.997,0.0032
29.04.2019 10:57:00.000,6182.998,6185.998,6182.997,6185.998,0.0038
29.04.2019 10:58:00.000,6184.998,6185.998,6184.997,6184.997,0.0022
29.04.2019 10:59:00.000,6184.998,6186.998,6183.997,6184.997,0.0032
29.04.2019 11:00:00.000,6184.998,6184.998,6184.998,6184.998,0.0003
29.04.2019 11:01:00.000,6184.998,6184.998,6184.997,6184.998,0.0001
29.04.2019 11:02:00.000,6182.998,6185.998,6181.998,6184.998,0.003
29.04.2019 11:03:00.000,6184.997,6184.998,6182.997,6182.998,0.0029
29.04.2019 11:04:00.000,6174.997,6178.997,6174.997,6175.997,0.003
29.04.2019 11:05:00.000,6175.998,6175.998,6175.997,6175.997,0
29.04.2019 11:06:00.000,6175.998,6175.998,6171.997,6173.998,0.0008
29.04.2019 11:07:00.000,6173.998,6175.998,6171.997,6171.998,0.0015
29.04.2019 11:08:00.000,6171.997,6171.998,6171.997,6171.998,0.0012
29.04.2019 11:09:00.000,6173.998,6174.997,6173.997,6173.998,0.0009
29.04.2019 11:10:00.000,6173.997,6175.998,6173.997,6175.998,0.0004
29.04.2019 11:11:00.000,6175.998,6177.998,6175.997,6177.998,0.0039
29.04.2019 11:12:00.000,6177.998,6177.998,6175.998,6175.998,0.0008
29.04.2019 11:13:00.000,6175.998,6175.998,6175.998,6175.998,0.0007
29.04.2019 11:14:00.000,6175.998,6177.998,6175.997,6177.998,0.0011
29.04.2019 11:15:00.000,6177.998,6178.998,6177.997,6177.997,0.0009
29.04.2019 11:16:00.000,6177.998,6177.998,6176.997,6176.997,0.0007
29.04.2019 11:17:00.000,6176.998,6177.998,6176.997,6177.997,0.0007
29.04.2019 11:18:00.000,6176.998,6177.997,6176.997,6176.998,0.0004
29.04.2019 11:19:00.000,6176.998,6178.998,6176.997,6177.998,0.0015
29.04.2019 11:20:00.000,6176.998,6177.998,6176.997,6177.997,0.0012
29.04.2019 11:21:00.000,6177.998,6177.998,6176.997,6176.998,0.0008
29.04.2019 11:22:00.000,6176.997,6176.998,6176.997,6176.998,0.0003
29.04.2019 11:23:00.000,6176.997,6176.997,6176.997,6176.997,0.0002
29.04.2019 11:24:00.000,6176.998,6176.998,6176.997,6176.997,0.0003
29.04.2019 11:25:00.000,6177.998,6180.998,6176.997,6179.998,0.0047
29.04.2019 11:26:00.000,6180.998,6181.998,6180.997,6181.997,0.0027
29.04.2019 11:27:00.000,6181.998,6181.998,6181.997,6181.998,0.0007
29.04.2019 11:28:00.000,6181.997,6182.998,6181.997,6182.998,0.0023
29.04.2019 11:29:00.000,6182.998,6182.998,6181.997,6181.998,0.0019
29.04.2019 11:30:00.000,6180.998,6182.998,6180.998,6182.998,0.0003
29.04.2019 11:31:00.000,6182.997,6182.998,6181.998,6181.998,0.0008
29.04.2019 11:32:00.000,6181.997,6184.998,6180.998,6184.997,0.0019
29.04.2019 11:33:00.000,6183.998,6184.998,6182.997,6182.997,0.0011
29.04.2019 11:34:00.000,6182.998,6182.998,6182.997,6182.998,0.0007
29.04.2019 11:35:00.000,6182.997,6182.998,6181.997,6182.998,0.0025
29.04.2019 11:36:00.000,6182.997,6182.998,6182.997,6182.998,0.0001
29.04.2019 11:37:00.000,6182.997,6182.997,6179.997,6179.997,0.0028
29.04.2019 11:38:00.000,6179.997,6181.998,6178.997,6179.998,0.0042
29.04.2019 11:39:00.000,6179.998,6179.998,6179.997,6179.998,0.0003
29.04.2019 11:40:00.000,6179.997,6180.998,6179.997,6179.998,0.0006
29.04.2019 11:41:00.000,6179.997,6179.997,6178.997,6178.998,0.0006
29.04.2019 11:42:00.000,6178.997,6179.998,6178.997,6178.998,0.0008
29.04.2019 11:43:00.000,6178.997,6178.998,6178.997,6178.998,0.0004
29.04.2019 11:44:00.000,6178.997,6181.998,6178.997,6180.997,0.0051
29.04.2019 11:45:00.000,6181.997,6181.998,6178.997,6178.998,0.002
29.04.2019 11:47:00.000,6178.998,6180.998,6178.997,6180.998,0.0028
29.04.2019 11:48:00.000,6180.997,6181.998,6179.997,6180.998,0.0017
29.04.2019 11:49:00.000,6180.997,6180.998,6178.997,6178.997,0.002
29.04.2019 11:50:00.000,6179.997,6180.998,6179.997,6179.997,0.003
29.04.2019 11:51:00.000,6180.997,6180.998,6177.998,6177.998,0.0028
29.04.2019 11:52:00.000,6178.997,6178.998,6177.997,6177.998,0.0015
29.04.2019 11:53:00.000,6177.998,6177.998,6176.998,6177.998,0.0018
29.04.2019 11:54:00.000,6178.997,6178.998,6177.997,6177.997,0.0032
29.04.2019 11:55:00.000,6178.997,6178.998,6178.997,6178.997,0.0004
29.04.2019 11:56:00.000,6178.998,6179.998,6178.997,6178.998,0.0011
29.04.2019 11:57:00.000,6179.997,6179.998,6178.997,6178.998,0.0029
29.04.2019 11:58:00.000,6178.998,6178.998,6177.997,6177.998,0.0007
29.04.2019 11:59:00.000,6177.997,6177.998,6177.997,6177.998,0.0004
29.04.2019 12:00:00.000,6177.997,6178.998,6174.998,6177.998,0.0078
29.04.2019 12:01:00.000,6177.997,6179.998,6177.997,6179.998,0.0036
29.04.2019 12:02:00.000,6179.998,6179.998,6179.997,6179.998,0.0005
29.04.2019 12:03:00.000,6179.997,6179.997,6177.997,6177.998,0.0038
29.04.2019 12:04:00.000,6177.997,6178.997,6177.997,6177.997,0.0034
29.04.2019 12:05:00.000,6177.998,6177.998,6177.997,6177.998,0.0006
29.04.2019 12:06:00.000,6177.997,6177.998,6175.997,6177.998,0.0051
29.04.2019 12:07:00.000,6177.997,6182.998,6177.997,6182.997,0.0048
29.04.2019 12:08:00.000,6182.997,6182.997,6180.997,6180.998,0.0031
29.04.2019 12:09:00.000,6180.997,6181.998,6180.997,6180.998,0.0028
29.04.2019 12:10:00.000,6181.997,6181.998,6179.998,6180.998,0.0009
29.04.2019 12:11:00.000,6180.997,6180.998,6180.997,6180.998,0.0008
29.04.2019 12:12:00.000,6179.998,6179.998,6179.997,6179.998,0.0018
29.04.2019 12:13:00.000,6179.997,6182.998,6179.997,6181.998,0.0026
29.04.2019 12:14:00.000,6182.998,6184.998,6182.997,6183.998,0.0028
29.04.2019 12:15:00.000,6184.997,6184.998,6184.997,6184.998,0.0004
29.04.2019 12:16:00.000,6184.997,6184.997,6183.997,6183.998,0.0021
29.04.2019 12:17:00.000,6183.997,6184.998,6183.997,6184.997,0.0024
29.04.2019 12:18:00.000,6184.998,6184.998,6184.997,6184.998,0.0019
29.04.2019 12:19:00.000,6184.997,6184.998,6184.997,6184.998,0.0011
29.04.2019 12:20:00.000,6184.997,6184.998,6184.997,6184.998,0.0015
29.04.2019 12:21:00.000,6184.997,6184.998,6184.997,6184.998,0.0007
29.04.2019 12:22:00.000,6184.997,6184.997,6184.997,6184.997,0.0004
29.04.2019 12:24:00.000,6186.997,6186.998,6184.997,6184.998,0.0016
29.04.2019 12:25:00.000,6184.997,6185.998,6184.997,6185.998,0.0014
29.04.2019 12:26:00.000,6185.997,6185.997,6184.997,6184.998,0.0035
29.04.2019 12:27:00.000,6182.998,6184.998,6182.998,6183.998,0.0007
29.04.2019 12:28:00.000,6183.998,6184.998,6182.997,6182.998,0.0021
29.04.2019 12:29:00.000,6183.997,6184.998,6182.997,6183.997,0.0018
29.04.2019 12:30:00.000,6183.997,6189.998,6178.998,6188.998,0.0049
29.04.2019 12:31:00.000,6188.998,6188.998,6186.998,6186.998,0.0003
29.04.2019 12:32:00.000,6186.998,6186.998,6184.998,6185.998,0.0015
29.04.2019 12:33:00.000,6185.998,6185.998,6184.997,6185.997,0.0014
29.04.2019 12:34:00.000,6183.997,6185.998,6183.997,6185.997,0.0025
29.04.2019 12:35:00.000,6185.998,6186.998,6184.997,6184.997,0.0025
29.04.2019 12:36:00.000,6184.998,6186.998,6184.997,6186.998,0.0032
29.04.2019 12:37:00.000,6187.997,6188.998,6186.998,6188.997,0.0033
29.04.2019 12:38:00.000,6188.997,6190.998,6187.998,6190.998,0.0037
29.04.2019 12:39:00.000,6190.997,6190.997,6186.997,6186.998,0.0042
29.04.2019 12:40:00.000,6186.998,6186.998,6181.997,6183.997,0.0028
29.04.2019 12:41:00.000,6184.997,6185.998,6182.998,6182.998,0.0018
29.04.2019 12:42:00.000,6182.997,6182.998,6182.997,6182.997,0.0002
29.04.2019 12:43:00.000,6182.997,6183.998,6182.997,6183.998,0.0003
29.04.2019 12:44:00.000,6184.997,6184.997,6183.997,6183.998,0.0011
29.04.2019 12:45:00.000,6183.997,6183.998,6182.998,6182.998,0.0014
29.04.2019 12:46:00.000,6182.997,6183.998,6173.998,6181.998,0.006
29.04.2019 12:47:00.000,6181.997,6181.998,6181.997,6181.997,0.0005
29.04.2019 12:48:00.000,6180.998,6182.998,6180.997,6182.998,0.0014
29.04.2019 12:49:00.000,6183.997,6185.998,6181.997,6181.998,0.0025
29.04.2019 12:50:00.000,6182.998,6183.998,6182.997,6182.998,0.0003
29.04.2019 12:51:00.000,6182.997,6183.998,6182.997,6183.997,0.0006
29.04.2019 12:52:00.000,6183.997,6183.998,6181.997,6181.998,0.0002
29.04.2019 12:54:00.000,6181.997,6184.998,6181.997,6184.998,0.0028
29.04.2019 12:55:00.000,6184.998,6184.998,6182.997,6183.997,0.0016
29.04.2019 12:56:00.000,6184.997,6187.997,6184.997,6186.998,0.0003
29.04.2019 12:57:00.000,6186.997,6187.998,6184.997,6185.998,0.0019
29.04.2019 12:58:00.000,6185.998,6186.998,6185.997,6185.997,0.0009
29.04.2019 12:59:00.000,6185.997,6185.997,6182.998,6182.998,0.0016
29.04.2019 13:00:00.000,6182.997,6187.998,6182.997,6187.998,0.0075
29.04.2019 13:01:00.000,6187.997,6189.998,6187.997,6189.998,0.0018
29.04.2019 13:02:00.000,6188.997,6190.998,6187.997,6190.998,0.0028
29.04.2019 13:03:00.000,6191.997,6191.998,6190.998,6191.998,0.0005
29.04.2019 13:04:00.000,6191.997,6194.998,6191.997,6194.998,0.0011
29.04.2019 13:05:00.000,6194.998,6194.998,6192.997,6192.998,0.0005
29.04.2019 13:06:00.000,6193.997,6195.998,6193.997,6194.998,0.0021
29.04.2019 13:07:00.000,6195.997,6195.998,6192.997,6193.998,0.0021
29.04.2019 13:08:00.000,6193.998,6194.998,6190.997,6191.998,0.0041
29.04.2019 13:09:00.000,6191.998,6194.997,6191.997,6194.997,0.004
29.04.2019 13:10:00.000,6194.998,6199.998,6194.998,6198.997,0.0021
29.04.2019 13:11:00.000,6198.998,6198.998,6197.998,6198.997,0.0023
29.04.2019 13:12:00.000,6198.998,6198.998,6194.997,6196.997,0.0029
29.04.2019 13:13:00.000,6196.998,6196.998,6194.998,6194.998,0.0016
29.04.2019 13:14:00.000,6193.998,6194.998,6192.997,6192.998,0.0014
29.04.2019 13:15:00.000,6191.998,6191.998,6189.997,6191.997,0.0047
29.04.2019 13:16:00.000,6191.997,6191.998,6189.997,6189.998,0.0024
29.04.2019 13:17:00.000,6189.997,6190.998,6189.997,6190.998,0.0012
29.04.2019 13:18:00.000,6191.998,6191.998,6190.998,6190.998,0.0006
29.04.2019 13:19:00.000,6185.998,6187.998,6182.997,6182.998,0.0073
29.04.2019 13:20:00.000,6183.998,6186.998,6183.997,6185.998,0.0069
29.04.2019 13:21:00.000,6185.997,6185.997,6183.997,6183.998,0.0006
29.04.2019 13:22:00.000,6183.998,6184.997,6183.997,6183.998,0.0017
29.04.2019 13:23:00.000,6184.998,6185.998,6183.997,6185.998,0.007
29.04.2019 13:24:00.000,6184.998,6185.998,6183.998,6183.998,0.0044
29.04.2019 13:25:00.000,6184.998,6185.998,6182.997,6182.997,0.0015
29.04.2019 13:26:00.000,6182.998,6185.997,6182.997,6183.998,0.0024
29.04.2019 13:27:00.000,6185.998,6185.998,6184.997,6185.998,0.0026
29.04.2019 13:28:00.000,6186.998,6186.998,6185.997,6185.997,0.0019
29.04.2019 13:29:00.000,6185.998,6187.998,6184.997,6184.997,0.0009
29.04.2019 13:30:00.000,6184.998,6186.998,6184.997,6184.997,0.0031
29.04.2019 13:31:00.000,6184.998,6186.998,6182.998,6185.998,0.0057
29.04.2019 13:32:00.000,6185.998,6185.998,6184.997,6184.998,0.0022
29.04.2019 13:33:00.000,6185.997,6187.998,6184.998,6185.997,0.0051
29.04.2019 13:34:00.000,6185.997,6185.997,6182.997,6182.997,0.0012
29.04.2019 13:35:00.000,6182.998,6185.998,6179.998,6180.998,0.0066
29.04.2019 13:36:00.000,6179.998,6180.998,6177.998,6177.998,0.0007
29.04.2019 13:37:00.000,6177.997,6179.998,6177.997,6178.998,0.0024
29.04.2019 13:38:00.000,6178.998,6182.998,6178.997,6181.997,0.0023
29.04.2019 13:39:00.000,6181.998,6182.998,6180.997,6180.998,0.0032
29.04.2019 13:40:00.000,6181.998,6184.998,6180.997,6182.998,0.0079
29.04.2019 13:41:00.000,6182.998,6183.998,6177.997,6177.997,0.0027
29.04.2019 13:42:00.000,6176.997,6176.997,6174.997,6175.998,0.0021
29.04.2019 13:43:00.000,6174.998,6176.998,6173.997,6175.997,0.0062
29.04.2019 13:44:00.000,6175.997,6175.997,6170.998,6173.998,0.0035
29.04.2019 13:45:00.000,6174.997,6174.998,6172.997,6173.998,0.0029
29.04.2019 13:46:00.000,6173.997,6175.998,6173.997,6174.997,0.0052
29.04.2019 13:47:00.000,6174.998,6177.998,6174.997,6175.998,0.0027
29.04.2019 13:48:00.000,6175.997,6175.998,6170.997,6172.997,0.0055
29.04.2019 13:49:00.000,6172.997,6174.998,6170.997,6171.998,0.0066
29.04.2019 13:50:00.000,6171.998,6175.998,6167.998,6167.998,0.0046
29.04.2019 13:51:00.000,6167.997,6172.998,6167.997,6172.998,0.0045
29.04.2019 13:52:00.000,6172.997,6176.998,6172.997,6176.997,0.0067
29.04.2019 13:53:00.000,6176.997,6176.998,6171.997,6173.997,0.0081
29.04.2019 13:54:00.000,6173.998,6178.997,6173.998,6177.997,0.0056
29.04.2019 13:55:00.000,6178.997,6178.997,6174.997,6174.997,0.0079
29.04.2019 13:56:00.000,6174.998,6177.998,6173.997,6176.998,0.0067
29.04.2019 13:57:00.000,6177.998,6177.998,6175.997,6175.998,0.0021
29.04.2019 13:58:00.000,6175.997,6175.997,6170.997,6173.998,0.0061
29.04.2019 13:59:00.000,6173.998,6175.998,6172.997,6174.997,0.0147
29.04.2019 14:00:00.000,6174.998,6177.998,6174.997,6174.997,0.0113
29.04.2019 14:01:00.000,6174.998,6176.998,6172.997,6174.997,0.013
29.04.2019 14:02:00.000,6174.997,6175.998,6174.997,6174.997,0.0024
29.04.2019 14:03:00.000,6175.998,6176.998,6174.997,6175.998,0.0058
29.04.2019 14:04:00.000,6176.997,6177.998,6173.997,6173.997,0.0069
29.04.2019 14:05:00.000,6175.750,6175.998,6174.997,6174.997,0.004
29.04.2019 14:06:00.000,6174.998,6175.998,6174.997,6175.998,0.0029
29.04.2019 14:07:00.000,6175.997,6178.998,6175.997,6177.997,0.0035
29.04.2019 14:08:00.000,6177.998,6179.998,6176.998,6177.998,0.0043
29.04.2019 14:09:00.000,6177.998,6177.998,6174.997,6174.998,0.0023
29.04.2019 14:10:00.000,6175.998,6175.998,6172.998,6173.998,0.0022
29.04.2019 14:11:00.000,6173.997,6175.998,6172.997,6174.998,0.0024
29.04.2019 14:12:00.000,6174.998,6176.997,6174.997,6175.998,0.0022
29.04.2019 14:13:00.000,6175.997,6175.998,6174.997,6175.998,0.0026
29.04.2019 14:14:00.000,6175.998,6175.998,6175.997,6175.998,0.0018
29.04.2019 14:15:00.000,6175.998,6176.997,6174.997,6174.998,0.0021
29.04.2019 14:16:00.000,6174.997,6174.998,6174.997,6174.998,0.0019
29.04.2019 14:17:00.000,6175.998,6175.998,6172.998,6172.998,0.004
29.04.2019 14:18:00.000,6172.997,6175.998,6172.997,6175.998,0.004
29.04.2019 14:19:00.000,6175.997,6175.998,6174.997,6175.997,0.0111
29.04.2019 14:20:00.000,6175.998,6178.997,6175.998,6177.998,0.0098
29.04.2019 14:21:00.000,6177.997,6177.998,6174.997,6174.997,0.0049
29.04.2019 14:22:00.000,6176.750,6181.998,6176.750,6181.997,0.0064
29.04.2019 14:23:00.000,6181.998,6181.998,6179.998,6180.998,0.0011
29.04.2019 14:24:00.000,6180.998,6182.998,6180.998,6182.998,0.0015
29.04.2019 14:25:00.000,6182.997,6185.998,6181.997,6181.998,0.0068
29.04.2019 14:26:00.000,6184.998,6185.997,6180.998,6184.998,0.0052
29.04.2019 14:27:00.000,6185.998,6189.998,6185.997,6185.997,0.0045
29.04.2019 14:28:00.000,6185.998,6187.998,6185.997,6187.998,0.0061
29.04.2019 14:29:00.000,6188.998,6189.998,6188.998,6189.998,0.0007
29.04.2019 14:30:00.000,6189.998,6189.998,6187.997,6189.998,0.0047
29.04.2019 14:31:00.000,6189.997,6189.997,6187.997,6187.997,0.0035
29.04.2019 14:32:00.000,6187.998,6190.998,6187.997,6190.998,0.0036
29.04.2019 14:33:00.000,6190.997,6191.998,6189.998,6190.998,0.0052
29.04.2019 14:34:00.000,6191.997,6193.998,6191.997,6193.998,0.0032
29.04.2019 14:35:00.000,6193.997,6193.998,6190.997,6192.998,0.0063
29.04.2019 14:36:00.000,6192.997,6193.998,6191.997,6191.997,0.0024
29.04.2019 14:37:00.000,6191.998,6192.998,6190.997,6191.997,0.0113
29.04.2019 14:38:00.000,6191.998,6191.998,6189.997,6189.997,0.006
29.04.2019 14:39:00.000,6189.998,6190.998,6187.998,6188.998,0.0033
29.04.2019 14:40:00.000,6189.997,6189.997,6188.997,6188.997,0.0049
29.04.2019 14:41:00.000,6188.998,6188.998,6186.997,6187.998,0.0057
29.04.2019 14:42:00.000,6185.997,6186.998,6183.997,6184.998,0.0092
29.04.2019 14:43:00.000,6184.997,6187.998,6184.997,6187.998,0.0069
29.04.2019 14:44:00.000,6186.997,6188.998,6186.997,6187.998,0.0035
29.04.2019 14:45:00.000,6187.997,6187.998,6185.997,6185.998,0.004
29.04.2019 14:46:00.000,6185.998,6185.998,6179.998,6182.998,0.0075
29.04.2019 14:47:00.000,6181.998,6182.998,6180.997,6182.998,0.0018
29.04.2019 14:48:00.000,6182.998,6186.997,6182.998,6184.998,0.0025
29.04.2019 14:49:00.000,6184.998,6184.998,6183.997,6183.997,0.0014
29.04.2019 14:50:00.000,6183.998,6184.998,6183.997,6183.998,0.001
29.04.2019 14:52:00.000,6183.998,6186.998,6183.998,6184.998,0.0063
29.04.2019 14:53:00.000,6185.997,6185.997,6184.997,6184.998,0.0022
29.04.2019 14:54:00.000,6184.998,6184.998,6183.997,6184.998,0.0022
29.04.2019 14:55:00.000,6181.998,6182.998,6181.998,6182.998,0.0003
29.04.2019 14:56:00.000,6183.998,6183.998,6182.997,6182.998,0.0028
29.04.2019 14:57:00.000,6182.998,6183.998,6182.997,6183.998,0.0011
29.04.2019 14:58:00.000,6183.998,6187.998,6183.998,6187.998,0.004
29.04.2019 14:59:00.000,6187.997,6187.998,6182.998,6184.998,0.0058
29.04.2019 15:00:00.000,6184.997,6185.998,6183.998,6185.998,0.0016
29.04.2019 15:01:00.000,6186.998,6186.998,6184.998,6185.998,0.0046
29.04.2019 15:02:00.000,6185.997,6185.998,6183.997,6184.998,0.0036
29.04.2019 15:03:00.000,6184.997,6184.997,6182.997,6182.998,0.0008
29.04.2019 15:04:00.000,6183.998,6187.998,6183.997,6187.998,0.0054
29.04.2019 15:05:00.000,6187.997,6187.998,6186.997,6186.998,0.004
29.04.2019 15:06:00.000,6186.998,6187.998,6185.997,6187.998,0.0011
29.04.2019 15:07:00.000,6186.997,6187.998,6184.997,6184.998,0.0088
29.04.2019 15:08:00.000,6184.998,6184.998,6184.997,6184.997,0.0082
29.04.2019 15:09:00.000,6184.998,6184.998,6183.997,6183.997,0.0028
29.04.2019 15:10:00.000,6184.998,6185.998,6183.997,6185.998,0.0021
29.04.2019 15:11:00.000,6184.998,6184.998,6184.998,6184.998,0.0005
29.04.2019 15:12:00.000,6184.997,6184.998,6182.997,6182.998,0.0064
29.04.2019 15:13:00.000,6183.998,6184.998,6183.998,6184.997,0.0027
29.04.2019 15:14:00.000,6184.998,6184.998,6182.997,6182.998,0.0069
29.04.2019 15:15:00.000,6184.750,6186.998,6183.997,6186.998,0.0044
29.04.2019 15:16:00.000,6186.750,6187.998,6184.997,6186.998,0.0134
29.04.2019 15:17:00.000,6187.997,6187.998,6186.997,6186.998,0.0014
29.04.2019 15:18:00.000,6186.998,6186.998,6182.998,6184.998,0.004
29.04.2019 15:19:00.000,6182.998,6187.998,6182.998,6186.997,0.0055
29.04.2019 15:20:00.000,6186.998,6187.998,6184.998,6187.998,0.0074
29.04.2019 15:21:00.000,6186.998,6187.998,6186.997,6186.998,0.0095
29.04.2019 15:22:00.000,6187.997,6188.998,6186.998,6187.997,0.0061
29.04.2019 15:23:00.000,6187.998,6187.998,6186.997,6187.998,0.0048
29.04.2019 15:24:00.000,6187.997,6189.998,6187.997,6187.997,0.0024
29.04.2019 15:25:00.000,6187.998,6188.998,6186.997,6187.998,0.006
29.04.2019 15:26:00.000,6187.998,6187.998,6184.997,6185.998,0.0056
29.04.2019 15:27:00.000,6184.998,6186.998,6184.997,6184.998,0.0045
29.04.2019 15:28:00.000,6186.998,6187.998,6184.997,6187.998,0.0067
29.04.2019 15:29:00.000,6187.997,6187.998,6184.997,6185.998,0.0082
30.04.2019 07:00:00.000,6191.997,6191.997,6191.997,6191.997,0.0001
30.04.2019 07:01:00.000,6207.998,6215.998,6207.997,6215.998,0.0012
30.04.2019 07:02:00.000,6214.998,6231.998,6214.998,6231.998,0.0001
30.04.2019 07:06:00.000,6229.997,6229.997,6227.997,6227.997,0.0002
30.04.2019 07:07:00.000,6226.998,6231.997,6226.998,6231.997,0.0002
30.04.2019 07:10:00.000,6260.997,6260.997,6245.998,6245.998,0.0006
30.04.2019 07:11:00.000,6245.998,6253.998,6241.997,6253.998,0.0005
30.04.2019 07:12:00.000,6253.998,6253.998,6243.997,6244.997,0.001
30.04.2019 07:13:00.000,6242.998,6242.998,6235.998,6239.997,0.0004
30.04.2019 07:14:00.000,6238.998,6240.998,6238.998,6240.998,0.0007
30.04.2019 07:15:00.000,6242.997,6246.998,6240.997,6243.998,0.0031
30.04.2019 07:16:00.000,6242.997,6244.998,6242.997,6243.998,0.0014
30.04.2019 07:17:00.000,6244.998,6245.998,6233.998,6234.998,0.0009
30.04.2019 07:18:00.000,6234.998,6235.997,6227.997,6231.998,0.0015
30.04.2019 07:19:00.000,6233.997,6233.997,6229.998,6229.998,0.0008
30.04.2019 07:20:00.000,6229.997,6234.998,6229.997,6232.997,0.0038
30.04.2019 07:21:00.000,6232.998,6234.998,6229.997,6234.998,0.0061
30.04.2019 07:22:00.000,6235.997,6241.998,6235.997,6240.997,0.0039
30.04.2019 07:23:00.000,6241.998,6243.998,6234.997,6242.997,0.0078
30.04.2019 07:24:00.000,6244.997,6251.998,6244.997,6251.997,0.0042
30.04.2019 07:25:00.000,6253.998,6253.998,6247.997,6247.998,0.0039
30.04.2019 07:26:00.000,6247.997,6250.998,6243.997,6250.997,0.0043
30.04.2019 07:27:00.000,6252.998,6254.998,6250.997,6253.997,0.0034
30.04.2019 07:28:00.000,6253.997,6259.998,6250.997,6255.998,0.0075
30.04.2019 07:29:00.000,6255.998,6255.998,6252.997,6253.998,0.0011
30.04.2019 07:30:00.000,6257.998,6260.998,6253.997,6254.998,0.0028
30.04.2019 07:31:00.000,6254.998,6261.998,6254.998,6258.998,0.0031
30.04.2019 07:32:00.000,6258.997,6258.997,6254.997,6257.998,0.0029
30.04.2019 07:33:00.000,6257.998,6257.998,6245.998,6245.998,0.0012
30.04.2019 07:34:00.000,6245.998,6248.998,6245.998,6248.998,0.0011
30.04.2019 07:35:00.000,6248.998,6248.998,6242.997,6242.998,0.0048
30.04.2019 07:36:00.000,6243.997,6246.998,6242.997,6242.997,0.0029
30.04.2019 07:37:00.000,6243.998,6243.998,6242.998,6242.998,0.0016
30.04.2019 07:38:00.000,6242.998,6243.998,6241.997,6242.997,0.0031
30.04.2019 07:39:00.000,6242.998,6242.998,6239.998,6239.998,0.0023
30.04.2019 07:40:00.000,6239.998,6240.998,6239.997,6239.998,0.001
30.04.2019 07:41:00.000,6239.998,6239.998,6237.998,6239.998,0.0008
30.04.2019 07:42:00.000,6238.998,6238.998,6236.997,6236.998,0.0014
30.04.2019 07:43:00.000,6236.997,6238.998,6234.997,6234.997,0.0022
30.04.2019 07:44:00.000,6235.997,6235.998,6235.997,6235.998,0.0009
30.04.2019 07:45:00.000,6236.998,6236.998,6234.997,6234.998,0.0008
30.04.2019 07:46:00.000,6234.997,6234.997,6233.997,6233.998,0.0009
30.04.2019 07:47:00.000,6234.998,6234.998,6231.997,6231.997,0.0014
30.04.2019 07:48:00.000,6231.998,6231.998,6230.997,6230.997,0.0003
30.04.2019 07:49:00.000,6230.998,6230.998,6227.997,6227.998,0.0012
30.04.2019 07:50:00.000,6227.997,6227.998,6224.997,6224.998,0.0002
30.04.2019 07:51:00.000,6224.998,6224.998,6222.998,6223.998,0.0006
30.04.2019 07:52:00.000,6224.998,6230.998,6224.997,6229.997,0.0017
30.04.2019 07:53:00.000,6229.998,6229.998,6226.998,6227.998,0.0014
30.04.2019 07:54:00.000,6228.997,6230.998,6227.998,6228.997,0.0018
30.04.2019 07:55:00.000,6228.998,6231.998,6228.998,6230.998,0.0012
30.04.2019 07:56:00.000,6230.997,6230.997,6226.997,6228.997,0.0019
30.04.2019 07:57:00.000,6229.998,6229.998,6228.998,6229.997,0.0006
30.04.2019 07:58:00.000,6229.998,6229.998,6224.997,6224.998,0.0007
30.04.2019 07:59:00.000,6225.998,6225.998,6223.997,6223.997,0.0019
30.04.2019 08:00:00.000,6223.998,6224.998,6219.997,6220.998,0.0031
30.04.2019 08:01:00.000,6221.997,6223.998,6219.997,6220.998,0.002
30.04.2019 08:02:00.000,6220.998,6221.998,6220.997,6220.997,0.0005
30.04.2019 08:03:00.000,6220.998,6220.998,6217.998,6217.998,0.0003
30.04.2019 08:04:00.000,6217.997,6218.997,6214.997,6214.998,0.0034
30.04.2019 08:05:00.000,6214.997,6214.997,6212.998,6213.997,0.0004
30.04.2019 08:06:00.000,6213.998,6213.998,6209.997,6210.997,0.0017
30.04.2019 08:07:00.000,6209.998,6210.998,6208.998,6209.997,0.0025
30.04.2019 08:08:00.000,6209.997,6210.998,6208.997,6209.998,0.0026
30.04.2019 08:09:00.000,6209.998,6212.997,6209.998,6210.997,0.0027
30.04.2019 08:10:00.000,6210.998,6213.997,6210.998,6213.997,0.0021
30.04.2019 08:11:00.000,6215.998,6215.998,6214.997,6215.997,0.001
30.04.2019 08:12:00.000,6215.998,6215.998,6212.998,6213.998,0.0011
30.04.2019 08:13:00.000,6211.998,6213.998,6209.998,6213.997,0.0017
30.04.2019 08:14:00.000,6213.997,6216.998,6212.997,6215.998,0.002
30.04.2019 08:15:00.000,6215.997,6215.998,6215.997,6215.998,0.0008
30.04.2019 08:16:00.000,6215.998,6218.998,6215.998,6218.998,0.0005
30.04.2019 08:17:00.000,6217.998,6218.998,6214.998,6214.998,0.0013
30.04.2019 08:18:00.000,6214.998,6214.998,6213.997,6213.998,0.0011
30.04.2019 08:19:00.000,6212.998,6212.998,6210.997,6210.998,0.001
30.04.2019 08:20:00.000,6210.997,6211.998,6210.997,6211.998,0.0008
30.04.2019 08:21:00.000,6211.998,6211.998,6206.997,6206.997,0.0009
30.04.2019 08:22:00.000,6205.997,6205.998,6204.997,6204.998,0.0015
30.04.2019 08:23:00.000,6204.997,6209.997,6204.997,6206.997,0.002
30.04.2019 08:24:00.000,6206.998,6209.998,6205.997,6207.998,0.0018
30.04.2019 08:25:00.000,6207.998,6209.998,6206.998,6209.998,0.0021
30.04.2019 08:26:00.000,6209.998,6209.998,6207.997,6207.998,0.0003
30.04.2019 08:27:00.000,6207.997,6207.998,6202.997,6205.997,0.0022
30.04.2019 08:28:00.000,6205.997,6207.998,6203.998,6206.998,0.0018
30.04.2019 08:29:00.000,6204.998,6204.998,6202.998,6203.998,0.0004
30.04.2019 08:30:00.000,6204.998,6207.998,6204.998,6206.997,0.0024
30.04.2019 08:31:00.000,6206.998,6206.998,6205.997,6206.998,0.0004
30.04.2019 08:32:00.000,6207.998,6212.998,6207.998,6212.997,0.0023
30.04.2019 08:33:00.000,6213.997,6213.998,6210.997,6213.998,0.0014
30.04.2019 08:34:00.000,6213.998,6213.998,6211.997,6212.998,0.0019
30.04.2019 08:35:00.000,6213.997,6214.998,6213.997,6213.998,0.0006
30.04.2019 08:36:00.000,6213.997,6213.997,6211.997,6211.998,0.0007
30.04.2019 08:37:00.000,6211.998,6212.998,6211.997,6212.998,0.0041
30.04.2019 08:38:00.000,6213.998,6213.998,6212.997,6212.998,0.0012
30.04.2019 08:39:00.000,6212.998,6212.998,6210.997,6210.998,0.0006
30.04.2019 08:40:00.000,6209.997,6210.998,6209.997,6209.997,0.0005
30.04.2019 08:41:00.000,6209.998,6210.998,6209.997,6210.998,0.0032
30.04.2019 08:42:00.000,6210.997,6212.998,6210.997,6211.997,0.0026
30.04.2019 08:43:00.000,6211.998,6211.998,6202.998,6202.998,0.0012
30.04.2019 08:44:00.000,6203.997,6203.998,6199.997,6199.997,0.0015
30.04.2019 08:45:00.000,6199.998,6200.998,6199.997,6199.998,0.0014
30.04.2019 08:46:00.000,6200.998,6200.998,6199.997,6199.998,0.0008
30.04.2019 08:47:00.000,6198.998,6198.998,6198.997,6198.997,0.0003
30.04.2019 08:48:00.000,6198.997,6204.998,6197.998,6204.998,0.0021
30.04.2019 08:49:00.000,6204.998,6207.998,6204.998,6207.998,0.001
30.04.2019 08:50:00.000,6207.997,6208.997,6206.997,6207.997,0.0008
30.04.2019 08:51:00.000,6207.998,6207.998,6204.998,6206.997,0.0047
30.04.2019 08:52:00.000,6206.998,6206.998,6204.997,6206.997,0.0032
30.04.2019 08:53:00.000,6206.997,6206.998,6205.997,6205.997,0.0012
30.04.2019 08:54:00.000,6205.998,6205.998,6197.997,6198.997,0.003
30.04.2019 08:55:00.000,6198.998,6202.998,6196.998,6202.998,0.0023
30.04.2019 08:56:00.000,6203.998,6205.998,6203.998,6204.998,0.0013
30.04.2019 08:57:00.000,6204.998,6204.998,6203.997,6203.998,0.0001
30.04.2019 08:58:00.000,6203.998,6203.998,6202.998,6202.998,0.002
30.04.2019 08:59:00.000,6202.997,6202.997,6198.998,6200.998,0.0017
30.04.2019 09:00:00.000,6201.998,6201.998,6199.998,6199.998,0.0016
30.04.2019 09:01:00.000,6200.997,6201.998,6199.997,6201.997,0.0019
30.04.2019 09:02:00.000,6201.998,6202.998,6200.998,6201.997,0.0005
30.04.2019 09:03:00.000,6202.997,6204.998,6201.997,6201.997,0.0023
30.04.2019 09:04:00.000,6201.998,6202.997,6200.997,6200.998,0.0008
30.04.2019 09:05:00.000,6200.998,6200.998,6199.998,6199.998,0.0003
30.04.2019 09:06:00.000,6198.998,6200.998,6198.998,6200.998,0.0004
30.04.2019 09:07:00.000,6200.997,6200.998,6197.997,6197.998,0.0002
30.04.2019 09:08:00.000,6197.998,6198.998,6197.997,6198.998,0.0024
30.04.2019 09:09:00.000,6198.997,6199.998,6198.997,6199.998,0.0004
30.04.2019 09:10:00.000,6199.750,6199.750,6197.997,6198.998,0.0003
30.04.2019 09:11:00.000,6198.997,6201.998,6198.997,6201.997,0.0015
30.04.2019 09:12:00.000,6202.998,6206.998,6202.997,6206.998,0.0028
30.04.2019 09:13:00.000,6206.998,6206.998,6204.998,6206.998,0.0004
30.04.2019 09:14:00.000,6206.998,6206.998,6206.998,6206.998,0.0001
30.04.2019 09:15:00.000,6206.997,6206.997,6202.997,6204.998,0.0022
30.04.2019 09:16:00.000,6204.998,6204.998,6202.997,6203.998,0.0019
30.04.2019 09:17:00.000,6203.997,6206.998,6203.997,6205.998,0.0017
30.04.2019 09:18:00.000,6205.997,6206.998,6205.997,6205.997,0.0007
30.04.2019 09:19:00.000,6205.998,6205.998,6204.998,6204.998,0.0006
30.04.2019 09:20:00.000,6204.998,6204.998,6202.997,6202.997,0.0007
30.04.2019 09:21:00.000,6202.998,6203.998,6202.998,6203.998,0.0004
30.04.2019 09:22:00.000,6203.998,6203.998,6202.997,6203.997,0.0004
30.04.2019 09:23:00.000,6203.998,6205.998,6201.997,6205.998,0.0017
30.04.2019 09:24:00.000,6205.997,6205.998,6200.997,6201.997,0.0021
30.04.2019 09:25:00.000,6200.997,6203.998,6200.997,6203.998,0.0016
30.04.2019 09:26:00.000,6204.998,6204.998,6202.997,6202.998,0.0016
30.04.2019 09:27:00.000,6203.998,6203.998,6199.998,6199.998,0.0008
30.04.2019 09:28:00.000,6203.997,6204.998,6201.997,6202.998,0.0018
30.04.2019 09:29:00.000,6202.997,6202.997,6200.997,6201.998,0.0009
30.04.2019 09:30:00.000,6200.998,6201.997,6198.998,6199.998,0.0011
30.04.2019 09:31:00.000,6200.998,6201.998,6194.998,6195.998,0.0037
30.04.2019 09:32:00.000,6195.997,6195.998,6194.998,6194.998,0.0009
30.04.2019 09:33:00.000,6194.998,6198.997,6194.998,6198.997,0.0026
30.04.2019 09:34:00.000,6199.998,6199.998,6196.998,6197.997,0.0013
30.04.2019 09:35:00.000,6197.998,6198.998,6197.998,6197.998,0.0009
30.04.2019 09:36:00.000,6197.997,6199.750,6197.997,6198.997,0.0008
30.04.2019 09:37:00.000,6196.997,6196.998,6190.998,6191.997,0.0017
30.04.2019 09:38:00.000,6191.997,6192.998,6188.997,6188.997,0.0027
30.04.2019 09:39:00.000,6189.998,6189.998,6187.998,6187.998,0.0007
30.04.2019 09:40:00.000,6186.998,6188.997,6186.997,6186.998,0.002
30.04.2019 09:41:00.000,6186.997,6186.998,6185.997,6186.998,0.0007
30.04.2019 09:42:00.000,6186.997,6186.997,6185.997,6185.998,0.0006
30.04.2019 09:43:00.000,6185.998,6185.998,6185.997,6185.997,0.0007
30.04.2019 09:44:00.000,6187.998,6187.998,6185.998,6186.997,0.0014
30.04.2019 09:45:00.000,6186.998,6188.998,6185.997,6188.998,0.0024
30.04.2019 09:46:00.000,6188.997,6192.997,6188.997,6192.997,0.003
30.04.2019 09:47:00.000,6191.998,6192.998,6191.997,6192.998,0.0009
30.04.2019 09:48:00.000,6193.998,6199.998,6193.997,6199.997,0.0037
30.04.2019 09:49:00.000,6196.998,6197.998,6195.997,6197.998,0.0056
30.04.2019 09:50:00.000,6197.998,6198.998,6193.997,6194.998,0.0034
30.04.2019 09:51:00.000,6194.998,6194.998,6190.998,6191.997,0.003
30.04.2019 09:52:00.000,6189.998,6190.998,6188.997,6188.998,0.0034
30.04.2019 09:53:00.000,6190.998,6190.998,6187.998,6187.998,0.0015
30.04.2019 09:54:00.000,6186.998,6188.998,6185.997,6188.998,0.0029
30.04.2019 09:55:00.000,6189.998,6189.998,6188.998,6189.997,0.0015
30.04.2019 09:56:00.000,6190.998,6191.997,6190.998,6191.997,0.0001
30.04.2019 09:57:00.000,6191.998,6191.998,6190.998,6190.998,0.0022
30.04.2019 09:58:00.000,6191.998,6191.998,6190.998,6190.998,0.0013
30.04.2019 09:59:00.000,6190.997,6190.998,6188.998,6189.997,0.0005
30.04.2019 10:00:00.000,6189.998,6191.998,6188.997,6191.998,0.0014
30.04.2019 10:01:00.000,6192.998,6193.998,6191.998,6193.997,0.0005
30.04.2019 10:02:00.000,6193.998,6193.998,6191.998,6191.998,0.0004
30.04.2019 10:03:00.000,6191.997,6192.998,6191.997,6191.998,0.001
30.04.2019 10:04:00.000,6192.998,6193.998,6190.998,6190.998,0.0009
30.04.2019 10:05:00.000,6190.997,6191.998,6190.997,6190.998,0.0016
30.04.2019 10:06:00.000,6189.998,6189.998,6189.997,6189.997,0.0009
30.04.2019 10:07:00.000,6191.997,6192.997,6191.997,6192.997,0.0013
30.04.2019 10:08:00.000,6192.997,6192.997,6191.998,6191.998,0.0003
30.04.2019 10:09:00.000,6190.998,6191.997,6189.998,6190.998,0.0006
30.04.2019 10:10:00.000,6191.998,6194.997,6191.998,6193.998,0.0022
30.04.2019 10:11:00.000,6193.997,6194.998,6193.997,6193.998,0.0004
30.04.2019 10:12:00.000,6193.998,6193.998,6190.997,6190.997,0.0014
30.04.2019 10:13:00.000,6190.998,6191.998,6190.998,6191.998,0.0003
30.04.2019 10:14:00.000,6191.997,6191.998,6191.997,6191.998,0.0013
30.04.2019 10:15:00.000,6191.998,6191.998,6189.997,6189.998,0.0009
30.04.2019 10:16:00.000,6189.998,6189.998,6189.997,6189.998,0.0003
30.04.2019 10:17:00.000,6189.997,6189.998,6189.997,6189.998,0.0011
30.04.2019 10:18:00.000,6189.997,6189.997,6189.997,6189.997,0.0001
30.04.2019 10:19:00.000,6189.998,6189.998,6186.998,6186.998,0.0012
30.04.2019 10:20:00.000,6186.998,6186.998,6185.997,6185.998,0.001
30.04.2019 10:21:00.000,6185.997,6185.998,6183.997,6183.998,0.0022
30.04.2019 10:22:00.000,6183.997,6183.998,6178.998,6178.998,0.0021
30.04.2019 10:23:00.000,6178.997,6183.998,6178.997,6183.998,0.0029
30.04.2019 10:24:00.000,6183.997,6183.998,6183.997,6183.998,0.0012
30.04.2019 10:25:00.000,6183.997,6183.998,6183.997,6183.997,0.0014
30.04.2019 10:26:00.000,6183.998,6183.998,6183.997,6183.998,0.0005
30.04.2019 10:27:00.000,6184.997,6184.997,6181.997,6182.998,0.0017
30.04.2019 10:28:00.000,6182.997,6184.998,6181.998,6183.998,0.0033
30.04.2019 10:29:00.000,6183.998,6184.998,6182.997,6183.998,0.0011
30.04.2019 10:30:00.000,6183.997,6183.997,6181.997,6181.997,0.0005
30.04.2019 10:31:00.000,6182.997,6183.998,6181.998,6183.998,0.0006
30.04.2019 10:32:00.000,6181.998,6181.998,6173.997,6175.998,0.0029
30.04.2019 10:33:00.000,6177.998,6177.998,6175.998,6177.997,0.0019
30.04.2019 10:34:00.000,6177.998,6177.998,6176.998,6176.998,0.0012
30.04.2019 10:35:00.000,6177.998,6178.998,6177.997,6177.997,0.0014
30.04.2019 10:36:00.000,6178.997,6178.998,6177.997,6177.997,0.0034
30.04.2019 10:37:00.000,6177.998,6177.998,6177.997,6177.997,0.001
30.04.2019 10:38:00.000,6177.998,6179.998,6177.998,6179.998,0.0021
30.04.2019 10:39:00.000,6179.997,6183.998,6178.998,6183.998,0.0019
30.04.2019 10:40:00.000,6183.998,6185.998,6182.997,6184.998,0.0022
30.04.2019 10:41:00.000,6185.997,6185.998,6182.998,6183.998,0.001
30.04.2019 10:42:00.000,6183.998,6183.998,6181.997,6181.998,0.0027
30.04.2019 10:43:00.000,6182.997,6182.998,6181.997,6181.998,0.0012
30.04.2019 10:44:00.000,6181.997,6183.998,6181.997,6183.998,0.0015
30.04.2019 10:45:00.000,6183.998,6183.998,6181.997,6181.998,0.0012
30.04.2019 10:46:00.000,6181.998,6181.998,6178.998,6178.998,0.0016
30.04.2019 10:47:00.000,6177.997,6177.998,6175.997,6177.998,0.0027
30.04.2019 10:48:00.000,6177.998,6177.998,6176.997,6177.998,0.0017
30.04.2019 10:49:00.000,6176.998,6177.997,6176.997,6176.998,0.0013
30.04.2019 10:50:00.000,6176.997,6177.998,6176.997,6177.998,0.0004
30.04.2019 10:51:00.000,6178.997,6180.998,6177.997,6177.998,0.0027
30.04.2019 10:52:00.000,6177.998,6177.998,6174.997,6174.998,0.0008
30.04.2019 10:53:00.000,6175.998,6175.998,6172.998,6173.998,0.0012
30.04.2019 10:54:00.000,6172.998,6172.998,6170.997,6171.998,0.0004
30.04.2019 10:55:00.000,6171.998,6171.998,6171.997,6171.998,0.0018
30.04.2019 10:56:00.000,6171.997,6172.997,6171.997,6172.997,0.0011
30.04.2019 10:57:00.000,6170.998,6170.998,6169.998,6169.998,0.0006
30.04.2019 10:58:00.000,6168.998,6168.998,6160.998,6160.998,0.0013
30.04.2019 10:59:00.000,6160.997,6162.998,6157.998,6161.998,0.0027
30.04.2019 11:00:00.000,6161.998,6161.998,6161.998,6161.998,0.0002
30.04.2019 11:02:00.000,6159.998,6163.998,6159.997,6159.998,0.0014
30.04.2019 11:03:00.000,6159.998,6159.998,6157.998,6157.998,0.0002
30.04.2019 11:04:00.000,6157.998,6160.998,6157.997,6160.998,0.0008
30.04.2019 11:05:00.000,6161.997,6167.998,6161.997,6167.998,0.0015
30.04.2019 11:06:00.000,6167.997,6167.997,6164.998,6165.998,0.0021
30.04.2019 11:07:00.000,6166.998,6167.998,6165.998,6167.997,0.0022
30.04.2019 11:08:00.000,6167.998,6167.998,6166.997,6167.998,0.0011
30.04.2019 11:09:00.000,6168.998,6168.998,6164.997,6164.998,0.0015
30.04.2019 11:11:00.000,6164.998,6164.998,6164.997,6164.997,0.0001
30.04.2019 11:12:00.000,6163.997,6163.998,6162.997,6162.997,0.0014
30.04.2019 11:13:00.000,6162.998,6166.998,6162.998,6166.998,0.0008
30.04.2019 11:14:00.000,6166.997,6166.997,6164.998,6165.997,0.0017
30.04.2019 11:15:00.000,6165.997,6166.998,6165.997,6166.998,0.0014
30.04.2019 11:16:00.000,6165.998,6165.998,6163.997,6163.998,0.0005
30.04.2019 11:17:00.000,6163.998,6163.998,6162.997,6162.998,0.0016
30.04.2019 11:18:00.000,6162.997,6162.998,6162.997,6162.998,0.0009
30.04.2019 11:19:00.000,6163.998,6164.997,6163.997,6164.997,0.0013
30.04.2019 11:20:00.000,6164.997,6164.998,6163.998,6164.998,0.0003
30.04.2019 11:21:00.000,6164.998,6164.998,6160.997,6160.997,0.0007
30.04.2019 11:22:00.000,6160.997,6160.997,6154.998,6154.998,0.0015
30.04.2019 11:23:00.000,6154.998,6154.998,6152.998,6152.998,0.0013
30.04.2019 11:24:00.000,6154.997,6156.998,6154.997,6156.998,0.0003
30.04.2019 11:25:00.000,6157.998,6157.998,6150.997,6150.998,0.0011
30.04.2019 11:26:00.000,6150.998,6150.998,6150.997,6150.997,0.002
30.04.2019 11:27:00.000,6152.997,6155.998,6152.997,6152.998,0.0013
30.04.2019 11:28:00.000,6152.998,6152.998,6152.997,6152.998,0.0011
30.04.2019 11:29:00.000,6152.998,6152.998,6151.997,6151.998,0.0003
30.04.2019 11:30:00.000,6149.997,6152.998,6148.998,6150.997,0.002
30.04.2019 11:31:00.000,6150.998,6150.998,6149.998,6150.998,0.0013
30.04.2019 11:32:00.000,6149.998,6149.998,6149.997,6149.998,0.0002
30.04.2019 11:33:00.000,6150.998,6151.998,6149.997,6149.997,0.0009
30.04.2019 11:34:00.000,6150.998,6152.998,6150.997,6151.997,0.0015
30.04.2019 11:35:00.000,6151.998,6151.998,6151.997,6151.998,0.001
30.04.2019 11:36:00.000,6151.998,6153.998,6151.997,6153.998,0.0009
30.04.2019 11:37:00.000,6154.998,6156.998,6154.998,6156.998,0.0009
30.04.2019 11:38:00.000,6155.998,6158.998,6151.998,6153.998,0.002
30.04.2019 11:39:00.000,6152.998,6153.998,6151.997,6151.998,0.0004
30.04.2019 11:40:00.000,6151.998,6151.998,6147.997,6147.998,0.0008
30.04.2019 11:41:00.000,6147.998,6153.998,6147.998,6153.998,0.0006
30.04.2019 11:42:00.000,6151.998,6151.998,6150.997,6150.998,0.0009
30.04.2019 11:43:00.000,6152.998,6152.998,6152.997,6152.998,0.0005
30.04.2019 11:44:00.000,6152.998,6152.998,6152.997,6152.997,0.0001
30.04.2019 11:45:00.000,6152.997,6152.997,6151.997,6151.998,0.0012
30.04.2019 11:46:00.000,6151.998,6151.998,6150.997,6150.997,0.0002
30.04.2019 11:47:00.000,6150.998,6150.998,6150.997,6150.997,0.0007
30.04.2019 11:48:00.000,6150.998,6150.998,6144.997,6147.997,0.0041
30.04.2019 11:49:00.000,6148.998,6150.998,6144.997,6146.997,0.0029
30.04.2019 11:50:00.000,6146.997,6148.998,6146.997,6148.997,0.0009
30.04.2019 11:51:00.000,6149.997,6149.998,6149.997,6149.998,0.0002
30.04.2019 11:52:00.000,6150.997,6151.998,6150.997,6151.998,0.0003
30.04.2019 11:53:00.000,6151.997,6151.997,6148.997,6148.997,0.0011
30.04.2019 11:54:00.000,6148.998,6148.998,6142.997,6143.998,0.0018
30.04.2019 11:55:00.000,6144.997,6144.998,6144.997,6144.998,0.0003
30.04.2019 11:56:00.000,6144.997,6145.998,6144.997,6145.998,0.0016
30.04.2019 11:57:00.000,6145.997,6145.997,6145.997,6145.997,0.0002
30.04.2019 11:58:00.000,6145.998,6148.998,6145.997,6146.998,0.0015
30.04.2019 11:59:00.000,6147.998,6147.998,6147.997,6147.998,0.0004
30.04.2019 12:00:00.000,6147.997,6150.998,6147.997,6149.998,0.0013
30.04.2019 12:01:00.000,6148.998,6148.998,6146.997,6147.997,0.0012
30.04.2019 12:02:00.000,6147.998,6148.998,6147.997,6148.998,0.0009
30.04.2019 12:03:00.000,6148.998,6148.998,6147.997,6148.997,0.0005
30.04.2019 12:04:00.000,6148.998,6148.998,6145.998,6145.998,0.0002
30.04.2019 12:05:00.000,6147.998,6148.997,6146.998,6147.998,0.003
30.04.2019 12:06:00.000,6147.997,6150.998,6147.997,6149.997,0.0018
30.04.2019 12:07:00.000,6149.998,6149.998,6149.997,6149.998,0.0007
30.04.2019 12:08:00.000,6149.997,6149.997,6146.998,6148.997,0.0034
30.04.2019 12:09:00.000,6149.997,6150.998,6149.997,6149.998,0.0014
30.04.2019 12:10:00.000,6151.997,6151.998,6150.997,6151.997,0.0011
30.04.2019 12:11:00.000,6151.997,6151.998,6151.997,6151.997,0.0004
30.04.2019 12:12:00.000,6152.997,6152.997,6150.997,6150.998,0.0043
30.04.2019 12:13:00.000,6150.997,6150.998,6148.997,6148.998,0.0055
30.04.2019 12:14:00.000,6149.998,6152.998,6147.997,6152.998,0.002
30.04.2019 12:15:00.000,6152.997,6152.998,6152.997,6152.997,0.0011
30.04.2019 12:16:00.000,6152.997,6152.997,6150.997,6150.997,0.0007
30.04.2019 12:18:00.000,6150.998,6150.998,6145.997,6145.997,0.0034
30.04.2019 12:19:00.000,6144.997,6146.998,6144.997,6146.998,0.0007
30.04.2019 12:20:00.000,6147.998,6147.998,6145.997,6145.998,0.0009
30.04.2019 12:21:00.000,6145.997,6146.998,6145.997,6146.997,0.0012
30.04.2019 12:22:00.000,6146.998,6147.998,6146.998,6147.998,0.0012
30.04.2019 12:23:00.000,6147.997,6149.997,6146.997,6149.997,0.0027
30.04.2019 12:24:00.000,6149.997,6150.998,6148.998,6148.998,0.0007
30.04.2019 12:25:00.000,6147.997,6147.998,6143.998,6144.998,0.0025
30.04.2019 12:26:00.000,6144.998,6146.998,6144.998,6146.998,0.0004
30.04.2019 12:27:00.000,6146.997,6146.998,6143.997,6143.997,0.0032
30.04.2019 12:28:00.000,6143.998,6145.998,6143.998,6145.998,0.001
30.04.2019 12:29:00.000,6145.997,6145.997,6142.997,6142.997,0.0021
30.04.2019 12:30:00.000,6144.998,6144.998,6142.998,6143.998,0.001
30.04.2019 12:31:00.000,6143.998,6143.998,6141.998,6142.998,0.0006
30.04.2019 12:32:00.000,6142.998,6142.998,6142.998,6142.998,0.0001
30.04.2019 12:33:00.000,6142.997,6143.997,6137.998,6137.998,0.0012
30.04.2019 12:34:00.000,6138.998,6140.998,6138.998,6140.997,0.001
30.04.2019 12:35:00.000,6140.998,6141.998,6140.997,6140.997,0.0027
30.04.2019 12:36:00.000,6141.998,6141.998,6134.997,6134.998,0.0019
30.04.2019 12:37:00.000,6134.997,6136.998,6134.997,6135.997,0.005
30.04.2019 12:38:00.000,6134.997,6135.998,6134.997,6135.998,0.0033
30.04.2019 12:39:00.000,6134.998,6134.998,6134.997,6134.998,0.0033
30.04.2019 12:40:00.000,6134.997,6134.998,6133.997,6134.998,0.0022
30.04.2019 12:41:00.000,6134.997,6134.998,6129.997,6131.997,0.0069
30.04.2019 12:42:00.000,6131.998,6133.998,6131.997,6131.998,0.0035
30.04.2019 12:43:00.000,6131.998,6131.998,6125.997,6125.997,0.0029
30.04.2019 12:44:00.000,6125.997,6125.998,6123.998,6125.997,0.0024
30.04.2019 12:45:00.000,6125.998,6125.998,6120.998,6121.998,0.0024
30.04.2019 12:46:00.000,6121.997,6124.998,6121.997,6123.997,0.002
30.04.2019 12:47:00.000,6123.998,6126.998,6123.998,6126.997,0.0026
30.04.2019 12:48:00.000,6126.998,6128.998,6126.997,6126.997,0.002
30.04.2019 12:49:00.000,6126.998,6126.998,6124.998,6126.997,0.0016
30.04.2019 12:50:00.000,6126.997,6126.997,6120.997,6121.998,0.0042
30.04.2019 12:51:00.000,6122.998,6128.998,6122.998,6126.998,0.0049
30.04.2019 12:52:00.000,6126.997,6126.997,6119.997,6121.998,0.0056
30.04.2019 12:53:00.000,6121.998,6122.998,6119.997,6119.998,0.0053
30.04.2019 12:54:00.000,6120.998,6124.998,6120.997,6124.998,0.0019
30.04.2019 12:55:00.000,6123.998,6124.998,6123.998,6124.998,0.0021
30.04.2019 12:56:00.000,6124.998,6124.998,6120.997,6120.997,0.0023
30.04.2019 12:57:00.000,6121.998,6123.998,6121.997,6121.998,0.0015
30.04.2019 12:58:00.000,6121.997,6121.998,6121.997,6121.998,0.0022
30.04.2019 12:59:00.000,6121.997,6121.998,6120.997,6121.998,0.0008
30.04.2019 13:00:00.000,6121.997,6123.998,6120.997,6120.997,0.0013
30.04.2019 13:01:00.000,6120.998,6120.998,6118.998,6119.998,0.0016
30.04.2019 13:02:00.000,6119.997,6121.998,6119.997,6121.997,0.0027
30.04.2019 13:03:00.000,6121.998,6123.998,6119.997,6121.997,0.002
30.04.2019 13:04:00.000,6121.997,6121.998,6120.998,6121.998,0.0008
30.04.2019 13:05:00.000,6121.997,6121.997,6119.997,6119.997,0.001
30.04.2019 13:06:00.000,6119.998,6119.998,6118.997,6118.998,0.0024
30.04.2019 13:07:00.000,6119.998,6123.997,6119.997,6122.998,0.0024
30.04.2019 13:08:00.000,6122.997,6122.997,6120.997,6120.997,0.0047
30.04.2019 13:09:00.000,6120.998,6123.997,6120.998,6122.997,0.0049
30.04.2019 13:10:00.000,6122.998,6125.997,6122.997,6125.997,0.0019
30.04.2019 13:11:00.000,6125.997,6125.997,6120.998,6121.997,0.0027
30.04.2019 13:12:00.000,6121.998,6121.998,6120.997,6120.998,0.0015
30.04.2019 13:13:00.000,6120.997,6123.998,6120.997,6122.998,0.0024
30.04.2019 13:14:00.000,6122.998,6122.998,6121.998,6121.998,0.0027
30.04.2019 13:15:00.000,6122.997,6122.998,6122.997,6122.998,0.0006
30.04.2019 13:16:00.000,6124.998,6124.998,6121.997,6121.998,0.0019
30.04.2019 13:17:00.000,6122.998,6122.998,6120.998,6120.998,0.004
30.04.2019 13:18:00.000,6120.997,6121.998,6120.997,6121.997,0.0026
30.04.2019 13:19:00.000,6121.998,6123.997,6120.997,6122.997,0.0033
30.04.2019 13:21:00.000,6120.998,6121.998,6120.998,6121.998,0.001
30.04.2019 13:22:00.000,6121.998,6121.998,6114.997,6114.998,0.0039
30.04.2019 13:23:00.000,6114.998,6114.998,6112.997,6112.998,0.0021
30.04.2019 13:24:00.000,6112.998,6117.998,6112.997,6116.998,0.0082
30.04.2019 13:25:00.000,6116.997,6117.997,6116.997,6117.997,0.0016
30.04.2019 13:26:00.000,6117.998,6121.998,6117.998,6121.998,0.0051
30.04.2019 13:27:00.000,6121.997,6122.998,6121.997,6122.997,0.0025
30.04.2019 13:28:00.000,6122.998,6123.998,6120.997,6122.998,0.0066
30.04.2019 13:29:00.000,6122.998,6125.998,6121.998,6123.998,0.0022
30.04.2019 13:30:00.000,6122.998,6124.998,6121.998,6124.998,0.0057
30.04.2019 13:31:00.000,6124.997,6126.998,6121.997,6125.998,0.0066
30.04.2019 13:32:00.000,6125.997,6126.998,6124.997,6126.998,0.0023
30.04.2019 13:33:00.000,6127.998,6129.998,6124.997,6124.997,0.004
30.04.2019 13:34:00.000,6124.998,6126.998,6124.998,6125.998,0.002
30.04.2019 13:35:00.000,6125.998,6126.998,6124.997,6126.998,0.0048
30.04.2019 13:36:00.000,6125.998,6125.998,6120.997,6121.998,0.0068
30.04.2019 13:37:00.000,6121.997,6122.998,6118.998,6118.998,0.0093
30.04.2019 13:38:00.000,6118.997,6118.998,6117.997,6118.998,0.004
30.04.2019 13:39:00.000,6117.998,6117.998,6116.997,6117.998,0.0038
30.04.2019 13:40:00.000,6117.998,6120.997,6117.998,6120.997,0.006
30.04.2019 13:41:00.000,6120.998,6121.998,6120.997,6121.998,0.0023
30.04.2019 13:42:00.000,6120.997,6121.998,6120.997,6121.998,0.0043
30.04.2019 13:43:00.000,6121.998,6122.997,6119.997,6121.998,0.0051
30.04.2019 13:44:00.000,6121.997,6121.998,6120.997,6120.998,0.002
30.04.2019 13:45:00.000,6120.997,6127.998,6118.997,6127.997,0.0084
30.04.2019 13:46:00.000,6127.998,6128.998,6127.997,6128.998,0.0044
30.04.2019 13:47:00.000,6128.997,6133.998,6128.997,6133.998,0.006
30.04.2019 13:48:00.000,6134.998,6138.998,6134.997,6138.997,0.0055
30.04.2019 13:49:00.000,6138.998,6144.998,6138.997,6144.998,0.0083
30.04.2019 13:50:00.000,6144.997,6147.998,6143.997,6147.998,0.0038
30.04.2019 13:51:00.000,6148.997,6154.998,6147.997,6153.997,0.0062
30.04.2019 13:52:00.000,6154.998,6154.998,6148.997,6150.997,0.0042
30.04.2019 13:53:00.000,6150.998,6152.998,6150.997,6151.997,0.0022
30.04.2019 13:54:00.000,6150.998,6151.998,6146.997,6148.997,0.0066
30.04.2019 13:55:00.000,6148.998,6155.998,6148.997,6155.998,0.0091
30.04.2019 13:56:00.000,6157.998,6157.998,6154.998,6157.998,0.0067
30.04.2019 13:57:00.000,6157.998,6157.998,6151.998,6155.998,0.0076
30.04.2019 13:58:00.000,6155.997,6159.998,6155.997,6157.998,0.0142
30.04.2019 13:59:00.000,6157.997,6157.997,6146.998,6148.997,0.0061
30.04.2019 14:00:00.000,6148.997,6150.998,6146.998,6150.998,0.0043
30.04.2019 14:01:00.000,6150.998,6152.998,6150.997,6151.998,0.0032
30.04.2019 14:02:00.000,6151.997,6154.998,6151.997,6154.998,0.0058
30.04.2019 14:03:00.000,6154.997,6154.997,6146.997,6149.998,0.0047
30.04.2019 14:04:00.000,6149.997,6151.998,6149.997,6150.998,0.0059
30.04.2019 14:05:00.000,6150.997,6151.998,6149.997,6149.997,0.0035
30.04.2019 14:06:00.000,6149.998,6153.998,6148.997,6151.998,0.0084
30.04.2019 14:07:00.000,6151.998,6151.998,6150.997,6150.998,0.0014
30.04.2019 14:08:00.000,6150.997,6150.997,6147.997,6148.998,0.0052
30.04.2019 14:09:00.000,6148.997,6151.998,6148.997,6150.998,0.0036
30.04.2019 14:10:00.000,6150.998,6150.998,6146.997,6147.998,0.004
30.04.2019 14:11:00.000,6147.997,6147.998,6141.998,6142.997,0.0045
30.04.2019 14:12:00.000,6142.997,6144.998,6129.998,6130.998,0.0065
30.04.2019 14:13:00.000,6129.998,6131.998,6123.997,6128.997,0.0079
30.04.2019 14:14:00.000,6128.998,6131.998,6123.998,6125.998,0.0044
30.04.2019 14:15:00.000,6125.997,6132.998,6125.997,6130.998,0.0041
30.04.2019 14:16:00.000,6133.998,6142.998,6133.998,6142.997,0.0075
30.04.2019 14:17:00.000,6144.997,6146.998,6144.997,6145.998,0.0044
30.04.2019 14:18:00.000,6145.997,6154.998,6145.997,6154.997,0.0059
30.04.2019 14:19:00.000,6154.998,6157.998,6154.998,6157.997,0.0014
30.04.2019 14:20:00.000,6158.998,6159.998,6152.997,6159.998,0.0033
30.04.2019 14:21:00.000,6159.997,6167.998,6157.997,6157.997,0.0088
30.04.2019 14:22:00.000,6158.998,6160.998,6156.997,6160.998,0.0056
30.04.2019 14:23:00.000,6160.998,6160.998,6159.997,6160.998,0.002
30.04.2019 14:24:00.000,6160.998,6162.998,6159.997,6159.998,0.0052
30.04.2019 14:25:00.000,6159.998,6160.998,6157.998,6160.998,0.0025
30.04.2019 14:26:00.000,6160.997,6162.998,6160.997,6161.998,0.0056
30.04.2019 14:27:00.000,6161.998,6161.998,6157.998,6158.998,0.005
30.04.2019 14:28:00.000,6158.997,6159.998,6157.997,6157.997,0.0024
30.04.2019 14:29:00.000,6158.998,6158.998,6156.997,6157.997,0.0028
30.04.2019 14:30:00.000,6157.998,6159.998,6156.998,6158.998,0.0013
30.04.2019 14:31:00.000,6158.998,6160.998,6158.997,6160.998,0.0045
30.04.2019 14:32:00.000,6160.997,6166.998,6159.998,6163.998,0.0051
30.04.2019 14:33:00.000,6162.998,6167.998,6162.998,6166.998,0.0021
30.04.2019 14:34:00.000,6166.997,6166.997,6164.997,6164.998,0.0015
30.04.2019 14:35:00.000,6163.998,6165.998,6162.997,6165.998,0.0042
30.04.2019 14:36:00.000,6167.998,6169.998,6167.997,6167.998,0.0014
30.04.2019 14:37:00.000,6167.997,6167.998,6165.997,6167.998,0.0039
30.04.2019 14:38:00.000,6167.997,6167.997,6165.997,6165.997,0.0024
30.04.2019 14:39:00.000,6165.998,6165.998,6161.997,6161.998,0.0033
30.04.2019 14:40:00.000,6162.997,6162.998,6161.997,6161.998,0.0052
30.04.2019 14:41:00.000,6161.997,6165.998,6160.997,6164.998,0.0061
30.04.2019 14:42:00.000,6164.997,6168.998,6164.997,6167.998,0.0032
30.04.2019 14:43:00.000,6167.998,6173.998,6167.998,6170.998,0.0026
30.04.2019 14:44:00.000,6170.997,6173.998,6169.997,6169.998,0.0068
30.04.2019 14:45:00.000,6169.998,6175.998,6169.997,6174.998,0.0056
30.04.2019 14:46:00.000,6174.998,6176.998,6173.997,6176.998,0.0033
30.04.2019 14:47:00.000,6176.997,6179.998,6176.997,6179.997,0.0039
30.04.2019 14:48:00.000,6179.998,6179.998,6177.997,6177.998,0.0036
30.04.2019 14:49:00.000,6176.998,6177.998,6175.997,6176.998,0.0015
30.04.2019 14:50:00.000,6177.998,6182.998,6177.998,6182.998,0.0043
30.04.2019 14:51:00.000,6183.997,6184.997,6180.998,6180.998,0.0012
30.04.2019 14:52:00.000,6180.997,6180.997,6178.997,6179.998,0.0028
30.04.2019 14:53:00.000,6180.998,6181.998,6180.997,6181.998,0.0051
30.04.2019 14:54:00.000,6181.997,6184.998,6181.997,6184.998,0.0027
30.04.2019 14:55:00.000,6184.997,6187.998,6184.997,6185.998,0.0019
30.04.2019 14:56:00.000,6185.997,6185.997,6180.997,6180.998,0.0058
30.04.2019 14:57:00.000,6179.997,6179.998,6178.997,6178.998,0.0034
30.04.2019 14:58:00.000,6179.997,6181.998,6177.997,6181.997,0.0084
30.04.2019 14:59:00.000,6181.998,6183.998,6181.997,6182.997,0.0027
30.04.2019 15:00:00.000,6182.997,6182.998,6181.997,6181.998,0.0063
30.04.2019 15:01:00.000,6181.997,6188.998,6181.997,6184.997,0.014
30.04.2019 15:02:00.000,6184.998,6184.998,6182.998,6183.998,0.0009
30.04.2019 15:03:00.000,6183.997,6183.998,6181.997,6181.998,0.0017
30.04.2019 15:04:00.000,6181.998,6182.998,6179.997,6179.998,0.0035
30.04.2019 15:05:00.000,6179.997,6181.998,6177.997,6180.998,0.0043
30.04.2019 15:06:00.000,6180.997,6180.998,6179.997,6180.998,0.003
30.04.2019 15:07:00.000,6181.997,6184.997,6181.997,6182.997,0.0047
30.04.2019 15:08:00.000,6182.998,6183.998,6182.997,6182.998,0.0023
30.04.2019 15:09:00.000,6182.997,6182.998,6181.997,6181.998,0.0027
30.04.2019 15:10:00.000,6182.998,6182.998,6179.997,6179.998,0.0034
30.04.2019 15:11:00.000,6178.998,6180.998,6178.997,6180.998,0.0046
30.04.2019 15:12:00.000,6180.997,6180.998,6178.997,6178.998,0.0023
30.04.2019 15:13:00.000,6178.997,6179.998,6177.997,6179.997,0.0054
30.04.2019 15:14:00.000,6180.998,6181.998,6179.997,6181.998,0.003
30.04.2019 15:15:00.000,6181.997,6181.997,6178.998,6180.998,0.0084
30.04.2019 15:16:00.000,6179.998,6182.998,6179.997,6181.997,0.0099
30.04.2019 15:17:00.000,6181.998,6183.998,6179.997,6183.997,0.0197
30.04.2019 15:18:00.000,6183.998,6184.998,6179.998,6182.997,0.0149
30.04.2019 15:19:00.000,6182.998,6183.998,6181.997,6183.998,0.0046
30.04.2019 15:20:00.000,6183.997,6183.998,6179.998,6183.998,0.0105
30.04.2019 15:21:00.000,6183.997,6183.998,6182.997,6183.998,0.0089
30.04.2019 15:22:00.000,6183.997,6183.998,6182.997,6182.998,0.0056
30.04.2019 15:23:00.000,6181.998,6184.998,6181.997,6183.998,0.0057
30.04.2019 15:24:00.000,6184.997,6187.998,6183.998,6187.998,0.0141
30.04.2019 15:25:00.000,6187.997,6189.998,6185.997,6189.998,0.009
30.04.2019 15:26:00.000,6189.997,6193.998,6189.997,6192.998,0.0048
30.04.2019 15:27:00.000,6192.998,6194.997,6190.997,6193.998,0.0088
30.04.2019 15:28:00.000,6192.997,6196.998,6192.997,6193.998,0.0095
30.04.2019 15:29:00.000,6194.997,6195.998,6189.998,6189.998,0.004
01.05.2019 07:00:00.000,6180.998,6187.997,6180.998,6187.997,0.0004
01.05.2019 07:01:00.000,6187.998,6191.998,6187.998,6191.998,0.0002
01.05.2019 07:02:00.000,6192.997,6210.998,6192.997,6210.998,0.001
01.05.2019 07:03:00.000,6210.998,6210.998,6204.997,6206.998,0.0004
01.05.2019 07:04:00.000,6192.998,6197.997,6192.998,6197.997,0.0002
01.05.2019 07:05:00.000,6197.998,6198.997,6185.998,6185.998,0.0002
01.05.2019 07:06:00.000,6185.997,6188.998,6185.997,6188.998,0.0006
01.05.2019 07:07:00.000,6181.997,6193.998,6181.997,6193.998,0.0003
01.05.2019 07:08:00.000,6194.997,6194.997,6185.998,6187.998,0.0002
01.05.2019 07:09:00.000,6187.998,6189.998,6187.998,6188.997,0.0007
01.05.2019 07:10:00.000,6188.998,6188.998,6172.997,6172.998,0.0007
01.05.2019 07:11:00.000,6172.997,6173.000,6164.998,6167.998,0.0014
01.05.2019 07:12:00.000,6167.998,6168.998,6167.997,6168.998,0.0002
01.05.2019 07:13:00.000,6168.998,6169.998,6168.997,6169.998,0.0002
01.05.2019 07:14:00.000,6170.998,6170.998,6161.998,6166.997,0.0009
01.05.2019 07:15:00.000,6166.998,6167.998,6148.998,6148.998,0.0027
01.05.2019 07:16:00.000,6148.998,6148.998,6123.998,6123.998,0.0028
01.05.2019 07:17:00.000,6131.998,6137.998,6128.997,6128.997,0.0023
01.05.2019 07:18:00.000,6127.998,6134.998,6127.998,6134.997,0.0006
01.05.2019 07:19:00.000,6134.998,6134.998,6134.998,6134.998,0.0001
01.05.2019 07:20:00.000,6134.997,6143.998,6134.997,6143.998,0.0005
01.05.2019 07:21:00.000,6144.998,6146.998,6139.998,6139.998,0.0003
01.05.2019 07:22:00.000,6143.998,6146.997,6143.998,6146.997,0.0002
01.05.2019 07:23:00.000,6147.998,6147.998,6143.998,6147.997,0.0006
01.05.2019 07:24:00.000,6149.997,6149.998,6149.997,6149.998,0
01.05.2019 07:26:00.000,6149.997,6149.998,6148.998,6148.998,0.0001
01.05.2019 07:28:00.000,6148.998,6148.998,6148.998,6148.998,0.0002
01.05.2019 07:29:00.000,6151.998,6154.998,6151.998,6153.998,0.0001
01.05.2019 07:30:00.000,6154.998,6154.998,6154.998,6154.998,0.0001
01.05.2019 07:32:00.000,6153.997,6154.997,6153.997,6154.997,0.0002
01.05.2019 07:33:00.000,6154.998,6160.998,6154.997,6160.998,0.0009
01.05.2019 07:34:00.000,6160.997,6161.998,6156.997,6156.998,0.0025
01.05.2019 07:35:00.000,6159.998,6159.998,6156.998,6157.997,0.0003
01.05.2019 07:37:00.000,6157.998,6157.998,6156.997,6156.998,0.0004
01.05.2019 07:38:00.000,6157.997,6158.998,6157.997,6158.998,0.0005
01.05.2019 07:39:00.000,6158.997,6166.998,6158.997,6166.998,0.003
01.05.2019 07:40:00.000,6167.998,6171.998,6167.998,6171.998,0.0008
01.05.2019 07:41:00.000,6171.997,6180.998,6171.997,6180.998,0.0022
01.05.2019 07:42:00.000,6180.997,6182.998,6180.997,6182.998,0.0024
01.05.2019 07:44:00.000,6182.998,6182.998,6182.997,6182.998,0.0011
01.05.2019 07:46:00.000,6181.998,6187.998,6181.998,6187.998,0.0024
01.05.2019 07:47:00.000,6188.998,6196.998,6187.997,6195.998,0.0046
01.05.2019 07:48:00.000,6195.998,6197.998,6192.997,6196.997,0.0016
01.05.2019 07:49:00.000,6196.998,6200.997,6196.998,6199.998,0.0019
01.05.2019 07:50:00.000,6200.998,6201.998,6199.997,6201.998,0.002
01.05.2019 07:51:00.000,6201.997,6201.998,6201.997,6201.998,0.0007
01.05.2019 07:52:00.000,6201.997,6201.997,6193.997,6194.998,0.0033
01.05.2019 07:53:00.000,6194.998,6197.998,6192.998,6193.998,0.002
01.05.2019 07:54:00.000,6193.997,6193.998,6193.997,6193.998,0.0004
01.05.2019 07:55:00.000,6194.998,6196.998,6193.998,6193.998,0.0016
01.05.2019 07:56:00.000,6193.997,6194.998,6193.997,6194.998,0.001
01.05.2019 07:57:00.000,6194.997,6196.998,6194.997,6196.998,0.0013
01.05.2019 07:58:00.000,6196.997,6200.998,6196.997,6200.998,0.0016
01.05.2019 07:59:00.000,6201.997,6203.998,6201.997,6202.998,0.0009
01.05.2019 08:00:00.000,6202.997,6204.998,6199.997,6199.997,0.0017
01.05.2019 08:01:00.000,6195.997,6198.998,6191.997,6191.997,0.0022
01.05.2019 08:02:00.000,6191.998,6191.998,6184.997,6184.998,0.0017
01.05.2019 08:03:00.000,6184.998,6186.998,6184.997,6186.998,0.0008
01.05.2019 08:04:00.000,6186.998,6189.998,6185.998,6189.998,0.0005
01.05.2019 08:05:00.000,6189.997,6189.998,6188.998,6189.998,0.0004
01.05.2019 08:06:00.000,6189.997,6190.998,6189.997,6190.998,0.0001
01.05.2019 08:07:00.000,6192.998,6192.998,6189.997,6189.997,0.0007
01.05.2019 08:08:00.000,6189.998,6189.998,6189.998,6189.998,0.0001
01.05.2019 08:09:00.000,6189.998,6189.998,6189.998,6189.998,0.0001
01.05.2019 08:10:00.000,6188.998,6189.998,6188.997,6189.998,0.0006
01.05.2019 08:12:00.000,6192.998,6192.998,6191.997,6191.998,0.0006
01.05.2019 08:13:00.000,6191.997,6191.998,6191.997,6191.998,0.0003
01.05.2019 08:15:00.000,6191.998,6191.998,6185.997,6185.997,0.0032
01.05.2019 08:16:00.000,6185.997,6185.998,6184.998,6184.998,0.0006
01.05.2019 08:17:00.000,6184.998,6184.998,6182.998,6182.998,0.0004
01.05.2019 08:18:00.000,6182.997,6182.997,6176.997,6177.998,0.0017
01.05.2019 08:19:00.000,6177.997,6177.998,6175.997,6175.998,0.0007
01.05.2019 08:20:00.000,6175.997,6175.998,6175.997,6175.998,0.0003
01.05.2019 08:21:00.000,6175.997,6176.998,6174.998,6174.998,0.0008
01.05.2019 08:22:00.000,6174.997,6175.998,6174.997,6175.998,0.0017
01.05.2019 08:23:00.000,6175.997,6177.997,6175.997,6175.998,0.0005
01.05.2019 08:24:00.000,6174.998,6174.998,6173.997,6173.998,0.0006
01.05.2019 08:25:00.000,6174.998,6174.998,6173.998,6173.998,0.0001
01.05.2019 08:26:00.000,6173.997,6173.998,6171.998,6171.998,0.0011
01.05.2019 08:27:00.000,6170.998,6170.998,6168.997,6168.998,0.0014
01.05.2019 08:28:00.000,6168.997,6169.998,6168.997,6169.998,0.0004
01.05.2019 08:29:00.000,6170.997,6170.998,6168.997,6169.998,0.0005
01.05.2019 08:30:00.000,6169.997,6177.998,6169.997,6177.998,0.0025
01.05.2019 08:31:00.000,6178.998,6185.998,6178.997,6185.998,0.0026
01.05.2019 08:32:00.000,6185.998,6191.998,6185.997,6191.997,0.0034
01.05.2019 08:33:00.000,6191.998,6193.998,6191.997,6193.998,0.0021
01.05.2019 08:34:00.000,6193.998,6195.998,6193.998,6194.998,0.0013
01.05.2019 08:35:00.000,6192.997,6192.998,6192.997,6192.998,0.0006
01.05.2019 08:36:00.000,6192.997,6192.998,6192.997,6192.998,0.0006
01.05.2019 08:37:00.000,6192.997,6192.998,6192.997,6192.998,0.0001
01.05.2019 08:38:00.000,6192.998,6192.998,6192.998,6192.998,0.0002
01.05.2019 08:39:00.000,6193.998,6195.998,6193.997,6193.998,0.0069
01.05.2019 08:40:00.000,6195.998,6195.998,6193.998,6194.997,0.0016
01.05.2019 08:41:00.000,6194.998,6195.998,6192.997,6194.998,0.0022
01.05.2019 08:42:00.000,6194.998,6194.998,6192.997,6192.998,0.0004
01.05.2019 08:43:00.000,6193.998,6193.998,6192.997,6192.998,0.0003
01.05.2019 08:44:00.000,6192.997,6193.998,6191.998,6193.998,0.0007
01.05.2019 08:45:00.000,6193.997,6193.998,6193.997,6193.998,0.0001
01.05.2019 08:46:00.000,6191.997,6191.998,6191.997,6191.997,0.0006
01.05.2019 08:47:00.000,6191.998,6191.998,6191.997,6191.997,0.0002
01.05.2019 08:49:00.000,6192.998,6195.998,6191.997,6192.998,0.0023
01.05.2019 08:50:00.000,6192.998,6192.998,6191.998,6191.998,0.0002
01.05.2019 08:53:00.000,6191.998,6191.998,6187.998,6189.998,0.0003
01.05.2019 08:54:00.000,6189.997,6189.997,6187.997,6187.997,0.0013
01.05.2019 08:57:00.000,6188.998,6188.998,6187.998,6187.998,0.0001
01.05.2019 08:58:00.000,6187.997,6192.998,6187.997,6192.998,0.0041
01.05.2019 08:59:00.000,6193.998,6195.998,6193.997,6193.998,0.0029
01.05.2019 09:00:00.000,6193.997,6193.998,6190.997,6190.997,0.0036
01.05.2019 09:01:00.000,6190.998,6191.998,6190.997,6190.998,0.0012
01.05.2019 09:02:00.000,6190.997,6190.998,6189.998,6189.998,0.0014
01.05.2019 09:03:00.000,6189.998,6189.998,6187.998,6188.998,0.0029
01.05.2019 09:04:00.000,6188.998,6188.998,6188.997,6188.997,0.0021
01.05.2019 09:05:00.000,6188.998,6188.998,6188.998,6188.998,0.0007
01.05.2019 09:06:00.000,6188.997,6188.997,6188.997,6188.997,0.0007
01.05.2019 09:07:00.000,6188.998,6189.998,6188.998,6189.998,0.0012
01.05.2019 09:08:00.000,6189.998,6190.998,6189.997,6190.998,0.0022
01.05.2019 09:09:00.000,6190.998,6192.998,6190.998,6192.998,0.0025
01.05.2019 09:10:00.000,6195.998,6197.998,6195.998,6196.998,0.0017
01.05.2019 09:11:00.000,6195.998,6196.998,6195.998,6196.998,0.0003
01.05.2019 09:12:00.000,6196.998,6196.998,6196.998,6196.998,0.0002
01.05.2019 09:13:00.000,6196.998,6197.998,6195.997,6197.998,0.0011
01.05.2019 09:14:00.000,6197.997,6197.998,6195.997,6195.998,0.0024
01.05.2019 09:15:00.000,6195.998,6196.998,6195.998,6195.998,0.0016
01.05.2019 09:16:00.000,6195.998,6195.998,6191.998,6191.998,0.0017
01.05.2019 09:17:00.000,6191.998,6191.998,6190.998,6190.998,0.0002
01.05.2019 09:18:00.000,6190.998,6191.998,6189.997,6189.997,0.0013
01.05.2019 09:19:00.000,6189.998,6190.997,6189.997,6189.997,0.0004
01.05.2019 09:20:00.000,6190.998,6190.998,6189.998,6190.998,0.0013
01.05.2019 09:23:00.000,6190.997,6190.997,6187.997,6187.998,0.0014
01.05.2019 09:24:00.000,6188.997,6188.998,6188.997,6188.998,0.0002
01.05.2019 09:26:00.000,6188.997,6189.998,6187.997,6189.997,0.0025
01.05.2019 09:28:00.000,6189.997,6189.998,6189.997,6189.997,0.0007
01.05.2019 09:29:00.000,6189.998,6189.998,6189.998,6189.998,0.0001
01.05.2019 09:31:00.000,6189.997,6189.997,6189.997,6189.997,0.0002
01.05.2019 09:32:00.000,6189.997,6189.997,6187.998,6188.998,0.0004
01.05.2019 09:33:00.000,6187.998,6187.998,6182.997,6183.998,0.0019
01.05.2019 09:34:00.000,6182.998,6183.998,6182.998,6183.998,0.0005
01.05.2019 09:35:00.000,6183.997,6187.998,6183.997,6187.997,0.0022
01.05.2019 09:36:00.000,6188.997,6188.998,6188.997,6188.998,0.0001
01.05.2019 09:37:00.000,6186.998,6186.998,6185.998,6186.998,0.0015
01.05.2019 09:38:00.000,6186.998,6187.997,6186.997,6186.998,0.001
01.05.2019 09:39:00.000,6187.998,6188.998,6183.997,6187.998,0.0023
01.05.2019 09:40:00.000,6187.998,6188.998,6187.997,6188.998,0.0003
01.05.2019 09:41:00.000,6188.998,6189.998,6188.998,6189.998,0.0003
01.05.2019 09:42:00.000,6190.998,6191.998,6190.997,6190.998,0.0017
01.05.2019 09:44:00.000,6190.997,6190.997,6189.997,6189.998,0.0001
01.05.2019 09:45:00.000,6189.998,6189.998,6189.998,6189.998,0.0001
01.05.2019 09:46:00.000,6189.997,6189.997,6186.997,6186.998,0.0007
01.05.2019 09:47:00.000,6186.997,6187.998,6186.997,6187.998,0.0004
01.05.2019 09:48:00.000,6186.998,6188.997,6186.997,6188.997,0.0016
01.05.2019 09:49:00.000,6188.998,6188.998,6187.998,6188.997,0.0003
01.05.2019 09:50:00.000,6188.997,6188.997,6184.997,6184.997,0.0015
01.05.2019 09:51:00.000,6184.998,6189.998,6184.998,6188.998,0.0038
01.05.2019 09:52:00.000,6188.997,6188.998,6187.997,6187.998,0.0007
01.05.2019 09:53:00.000,6188.997,6189.998,6187.997,6188.998,0.0008
01.05.2019 09:55:00.000,6188.997,6188.997,6185.997,6185.998,0.0023
01.05.2019 09:56:00.000,6185.998,6185.998,6184.997,6184.998,0.0006
01.05.2019 09:57:00.000,6185.998,6185.998,6184.998,6184.998,0.0001
01.05.2019 09:58:00.000,6185.997,6185.997,6184.998,6184.998,0.0003
01.05.2019 09:59:00.000,6185.997,6186.998,6185.997,6186.998,0.0006
01.05.2019 10:00:00.000,6186.997,6186.998,6186.997,6186.997,0.0032
01.05.2019 10:01:00.000,6186.998,6186.998,6185.998,6185.998,0.001
01.05.2019 10:02:00.000,6185.998,6185.998,6184.997,6184.997,0.002
01.05.2019 10:03:00.000,6184.998,6184.998,6183.997,6183.998,0.0003
01.05.2019 10:04:00.000,6183.997,6183.998,6183.997,6183.998,0.0006
01.05.2019 10:05:00.000,6183.997,6183.998,6183.997,6183.998,0.0006
01.05.2019 10:06:00.000,6183.998,6183.998,6181.997,6181.997,0.0007
01.05.2019 10:07:00.000,6181.997,6181.997,6178.997,6179.998,0.0031
01.05.2019 10:08:00.000,6179.997,6179.998,6179.997,6179.998,0.0003
01.05.2019 10:09:00.000,6179.997,6179.997,6178.997,6178.998,0.0005
01.05.2019 10:10:00.000,6179.997,6179.998,6179.997,6179.998,0.0008
01.05.2019 10:11:00.000,6180.997,6180.998,6180.997,6180.998,0.0002
01.05.2019 10:12:00.000,6180.997,6181.998,6180.997,6181.998,0.0007
01.05.2019 10:13:00.000,6181.998,6182.998,6181.997,6181.998,0.0012
01.05.2019 10:14:00.000,6181.997,6183.998,6181.997,6182.998,0.001
01.05.2019 10:15:00.000,6182.997,6182.998,6181.997,6182.998,0.0008
01.05.2019 10:16:00.000,6182.997,6182.997,6180.997,6180.998,0.0003
01.05.2019 10:17:00.000,6180.997,6180.998,6179.997,6180.998,0.0002
01.05.2019 10:18:00.000,6180.997,6180.998,6177.998,6177.998,0.0002
01.05.2019 10:19:00.000,6177.998,6177.998,6176.998,6177.998,0.0001
01.05.2019 10:20:00.000,6177.997,6178.998,6177.997,6178.998,0.0007
01.05.2019 10:21:00.000,6179.997,6183.998,6179.997,6183.998,0.002
01.05.2019 10:22:00.000,6184.998,6189.998,6184.997,6189.998,0.0041
01.05.2019 10:23:00.000,6188.997,6190.998,6188.997,6189.998,0.0018
01.05.2019 10:24:00.000,6189.997,6189.998,6188.997,6189.997,0.001
01.05.2019 10:25:00.000,6188.998,6188.998,6187.998,6188.998,0.0011
01.05.2019 10:26:00.000,6189.997,6191.998,6189.997,6191.998,0.0023
01.05.2019 10:27:00.000,6191.997,6191.997,6188.997,6188.998,0.0008
01.05.2019 10:28:00.000,6188.998,6189.998,6188.998,6189.997,0.0019
01.05.2019 10:29:00.000,6189.998,6191.997,6189.998,6190.997,0.002
01.05.2019 10:30:00.000,6190.998,6192.998,6189.998,6192.998,0.0022
01.05.2019 10:31:00.000,6193.997,6194.998,6192.997,6192.998,0.0011
01.05.2019 10:32:00.000,6192.998,6192.998,6191.997,6191.998,0.0007
01.05.2019 10:33:00.000,6192.998,6192.998,6192.997,6192.998,0.0006
01.05.2019 10:34:00.000,6192.997,6192.997,6192.997,6192.997,0.0003
01.05.2019 10:36:00.000,6192.998,6192.998,6190.997,6190.997,0.0008
01.05.2019 10:37:00.000,6190.998,6190.998,6190.998,6190.998,0.0002
01.05.2019 10:39:00.000,6187.998,6189.998,6183.998,6187.998,0.0029
01.05.2019 10:40:00.000,6185.998,6191.998,6185.998,6191.997,0.0047
01.05.2019 10:42:00.000,6191.998,6191.998,6191.997,6191.997,0.0001
01.05.2019 10:43:00.000,6191.998,6193.998,6191.997,6192.998,0.0019
01.05.2019 10:44:00.000,6192.997,6195.998,6192.997,6193.998,0.0027
01.05.2019 10:45:00.000,6193.997,6193.997,6187.997,6187.998,0.0032
01.05.2019 10:46:00.000,6187.998,6188.998,6187.997,6187.997,0.0029
01.05.2019 10:47:00.000,6187.998,6187.998,6187.997,6187.998,0.0015
01.05.2019 10:48:00.000,6187.998,6187.998,6187.997,6187.998,0.0017
01.05.2019 10:49:00.000,6187.998,6189.998,6187.997,6189.997,0.0029
01.05.2019 10:50:00.000,6189.998,6189.998,6188.998,6189.997,0.0028
01.05.2019 10:51:00.000,6189.997,6189.997,6187.997,6187.998,0.0024
01.05.2019 10:52:00.000,6188.998,6188.998,6187.998,6187.998,0.0009
01.05.2019 10:53:00.000,6187.997,6187.998,6185.998,6187.998,0.0018
01.05.2019 10:54:00.000,6187.997,6189.998,6187.997,6188.998,0.0043
01.05.2019 10:55:00.000,6189.998,6190.998,6189.997,6189.998,0.0014
01.05.2019 10:56:00.000,6189.997,6193.998,6189.997,6193.998,0.0052
01.05.2019 10:57:00.000,6193.997,6195.998,6193.997,6195.997,0.0033
01.05.2019 10:58:00.000,6195.998,6196.998,6195.997,6196.998,0.0024
01.05.2019 10:59:00.000,6197.998,6198.998,6195.997,6195.997,0.0033
01.05.2019 11:00:00.000,6195.998,6195.998,6193.998,6193.998,0.0003
01.05.2019 11:02:00.000,6196.998,6197.998,6192.997,6192.998,0.0024
01.05.2019 11:03:00.000,6193.998,6197.998,6193.997,6194.998,0.0074
01.05.2019 11:04:00.000,6195.997,6196.998,6195.997,6195.998,0.0015
01.05.2019 11:05:00.000,6195.998,6195.998,6191.997,6191.997,0.0017
01.05.2019 11:06:00.000,6192.997,6192.997,6191.997,6192.997,0.0005
01.05.2019 11:07:00.000,6192.998,6194.998,6191.998,6194.998,0.0027
01.05.2019 11:08:00.000,6194.997,6196.998,6194.997,6196.998,0.0029
01.05.2019 11:09:00.000,6197.998,6200.998,6197.998,6199.998,0.0074
01.05.2019 11:10:00.000,6200.998,6204.998,6199.998,6204.998,0.004
01.05.2019 11:11:00.000,6204.997,6205.998,6204.997,6204.998,0.0017
01.05.2019 11:12:00.000,6206.998,6216.998,6206.997,6216.998,0.0037
01.05.2019 11:13:00.000,6217.998,6218.998,6212.997,6212.998,0.0049
01.05.2019 11:14:00.000,6212.997,6213.997,6207.997,6207.998,0.0011
01.05.2019 11:15:00.000,6207.997,6207.997,6207.997,6207.997,0.0001
01.05.2019 11:16:00.000,6207.998,6207.998,6200.998,6200.998,0.0006
01.05.2019 11:17:00.000,6200.998,6201.998,6200.998,6201.998,0.0003
01.05.2019 11:18:00.000,6202.997,6202.997,6199.998,6199.998,0.0008
01.05.2019 11:19:00.000,6199.998,6199.998,6196.998,6197.998,0.0008
01.05.2019 11:20:00.000,6198.998,6204.998,6198.997,6202.998,0.0018
01.05.2019 11:21:00.000,6202.997,6202.998,6202.997,6202.998,0.0009
01.05.2019 11:22:00.000,6202.997,6202.998,6202.997,6202.997,0.0016
01.05.2019 11:24:00.000,6202.997,6202.997,6202.997,6202.997,0.0002
01.05.2019 11:25:00.000,6202.998,6202.998,6202.997,6202.998,0.0007
01.05.2019 11:26:00.000,6202.998,6202.998,6199.997,6199.997,0.0012
01.05.2019 11:28:00.000,6199.998,6200.998,6199.997,6199.998,0.0022
01.05.2019 11:29:00.000,6199.997,6201.998,6199.997,6199.998,0.0021
01.05.2019 11:31:00.000,6199.997,6199.998,6198.997,6198.998,0.0008
01.05.2019 11:32:00.000,6198.997,6198.997,6198.997,6198.997,0.0003
01.05.2019 11:33:00.000,6198.998,6200.998,6195.998,6198.997,0.0028
01.05.2019 11:34:00.000,6198.998,6199.997,6198.998,6199.997,0.0003
01.05.2019 11:35:00.000,6199.998,6199.998,6199.997,6199.997,0.0003
01.05.2019 11:36:00.000,6199.998,6199.998,6198.997,6198.998,0.0007
01.05.2019 11:37:00.000,6198.997,6198.998,6196.998,6198.998,0.0008
01.05.2019 11:38:00.000,6199.997,6199.997,6198.997,6198.998,0.0005
01.05.2019 11:39:00.000,6198.998,6198.998,6198.997,6198.997,0.0005
01.05.2019 11:40:00.000,6198.998,6198.998,6198.997,6198.997,0.0006
01.05.2019 11:41:00.000,6198.997,6200.998,6198.997,6199.998,0.0029
01.05.2019 11:42:00.000,6199.997,6199.998,6198.998,6198.998,0.001
01.05.2019 11:43:00.000,6197.997,6198.998,6197.997,6197.998,0.0014
01.05.2019 11:45:00.000,6197.998,6197.998,6195.998,6196.997,0.0021
01.05.2019 11:46:00.000,6197.997,6199.998,6196.997,6199.998,0.0036
01.05.2019 11:47:00.000,6198.998,6199.998,6198.997,6198.998,0.0079
01.05.2019 11:48:00.000,6198.998,6198.998,6198.998,6198.998,0.0015
01.05.2019 11:50:00.000,6198.997,6198.998,6198.997,6198.997,0.0018
01.05.2019 11:51:00.000,6198.998,6198.998,6194.997,6195.998,0.0033
01.05.2019 11:52:00.000,6195.998,6195.998,6195.997,6195.997,0.0007
01.05.2019 11:53:00.000,6195.998,6195.998,6195.998,6195.998,0.0001
01.05.2019 11:54:00.000,6195.997,6195.997,6195.997,6195.997,0.0003
01.05.2019 11:55:00.000,6195.998,6195.998,6195.998,6195.998,0.0001
01.05.2019 11:56:00.000,6195.997,6195.997,6195.997,6195.997,0.0004
01.05.2019 11:57:00.000,6195.998,6200.998,6195.998,6199.998,0.0029
01.05.2019 11:58:00.000,6199.997,6199.998,6199.997,6199.998,0.0005
01.05.2019 11:59:00.000,6200.998,6200.998,6197.998,6198.998,0.0012
01.05.2019 12:00:00.000,6198.997,6198.998,6195.997,6195.998,0.0037
01.05.2019 12:01:00.000,6196.998,6197.998,6196.997,6196.998,0.0023
01.05.2019 12:02:00.000,6196.998,6197.998,6196.998,6197.997,0.0006
01.05.2019 12:03:00.000,6197.998,6197.998,6197.997,6197.998,0.0003
01.05.2019 12:04:00.000,6197.997,6197.998,6197.997,6197.998,0.0003
01.05.2019 12:05:00.000,6197.998,6199.998,6197.998,6199.998,0.0017
01.05.2019 12:06:00.000,6199.998,6199.998,6197.997,6197.998,0.0019
01.05.2019 12:07:00.000,6197.997,6197.998,6197.997,6197.997,0.0011
01.05.2019 12:08:00.000,6197.997,6197.997,6194.997,6195.998,0.0016
01.05.2019 12:11:00.000,6196.998,6196.998,6196.998,6196.998,0.0001
01.05.2019 12:12:00.000,6196.997,6196.998,6196.997,6196.998,0.0002
01.05.2019 12:13:00.000,6196.997,6196.997,6195.997,6196.997,0.0006
01.05.2019 12:14:00.000,6196.998,6196.998,6195.998,6196.997,0.0037
01.05.2019 12:15:00.000,6196.998,6198.998,6196.998,6198.998,0.0017
01.05.2019 12:16:00.000,6197.997,6198.998,6197.997,6198.998,0.0031
01.05.2019 12:17:00.000,6198.997,6198.998,6198.997,6198.997,0.0021
01.05.2019 12:18:00.000,6198.998,6198.998,6197.997,6197.997,0.0006
01.05.2019 12:19:00.000,6197.998,6197.998,6188.997,6191.998,0.0015
01.05.2019 12:20:00.000,6191.997,6192.998,6191.997,6192.998,0.0009
01.05.2019 12:21:00.000,6193.997,6193.997,6193.997,6193.997,0.0001
01.05.2019 12:22:00.000,6193.998,6193.998,6192.997,6192.997,0.0018
01.05.2019 12:23:00.000,6192.998,6192.998,6190.998,6192.998,0.0015
01.05.2019 12:24:00.000,6192.998,6192.998,6192.998,6192.998,0.0005
01.05.2019 12:26:00.000,6192.997,6193.998,6192.997,6193.998,0.0002
01.05.2019 12:27:00.000,6193.997,6193.998,6192.998,6193.998,0.0003
01.05.2019 12:28:00.000,6193.997,6193.998,6190.997,6190.998,0.0015
01.05.2019 12:29:00.000,6190.998,6190.998,6186.998,6187.998,0.0004
01.05.2019 12:30:00.000,6187.997,6187.998,6187.997,6187.997,0.0007
01.05.2019 12:31:00.000,6187.998,6188.998,6187.998,6187.998,0.0004
01.05.2019 12:32:00.000,6187.998,6187.998,6187.997,6187.997,0.0003
01.05.2019 12:33:00.000,6187.998,6187.998,6187.997,6187.998,0.0019
01.05.2019 12:34:00.000,6187.998,6187.998,6187.998,6187.998,0.0006
01.05.2019 12:35:00.000,6187.750,6187.750,6185.997,6185.997,0.0011
01.05.2019 12:36:00.000,6186.998,6186.998,6185.998,6185.998,0.0005
01.05.2019 12:37:00.000,6185.997,6185.997,6185.997,6185.997,0.0002
01.05.2019 12:38:00.000,6185.998,6185.998,6185.998,6185.998,0.0001
01.05.2019 12:40:00.000,6185.997,6185.997,6184.997,6184.998,0.0003
01.05.2019 12:41:00.000,6184.997,6184.998,6182.997,6184.997,0.0015
01.05.2019 12:42:00.000,6184.998,6185.998,6184.997,6184.998,0.0008
01.05.2019 12:43:00.000,6184.997,6188.998,6184.997,6188.997,0.0021
01.05.2019 12:44:00.000,6188.998,6188.998,6188.998,6188.998,0.0001
01.05.2019 12:45:00.000,6188.997,6188.998,6186.997,6188.997,0.0021
01.05.2019 12:46:00.000,6188.998,6188.998,6188.998,6188.998,0.0007
01.05.2019 12:47:00.000,6188.998,6188.998,6187.997,6187.998,0.002
01.05.2019 12:48:00.000,6187.997,6187.997,6187.997,6187.997,0.0003
01.05.2019 12:49:00.000,6187.998,6187.998,6187.998,6187.998,0.0001
01.05.2019 12:52:00.000,6187.998,6187.998,6186.998,6186.998,0.0004
01.05.2019 12:53:00.000,6186.997,6187.998,6186.997,6186.998,0.0004
01.05.2019 12:54:00.000,6186.998,6186.998,6186.997,6186.998,0.0004
01.05.2019 12:55:00.000,6186.998,6186.998,6185.997,6185.998,0.0006
01.05.2019 12:56:00.000,6185.998,6185.998,6184.997,6184.998,0.0004
01.05.2019 12:57:00.000,6184.997,6184.997,6182.997,6182.998,0.0006
01.05.2019 12:58:00.000,6182.997,6182.997,6181.997,6181.997,0.0002
01.05.2019 12:59:00.000,6180.998,6181.998,6180.997,6181.998,0.0007
01.05.2019 13:00:00.000,6181.997,6181.998,6181.997,6181.997,0.0007
01.05.2019 13:01:00.000,6181.998,6181.998,6180.998,6180.998,0.0003
01.05.2019 13:02:00.000,6180.998,6180.998,6175.997,6175.997,0.0019
01.05.2019 13:03:00.000,6175.998,6175.998,6175.997,6175.997,0.0001
01.05.2019 13:04:00.000,6175.997,6175.997,6173.997,6173.997,0.0006
01.05.2019 13:05:00.000,6173.998,6173.998,6169.997,6169.997,0.0013
01.05.2019 13:06:00.000,6169.998,6169.998,6164.997,6164.997,0.0035
01.05.2019 13:07:00.000,6164.997,6164.997,6156.998,6156.998,0.0026
01.05.2019 13:08:00.000,6155.998,6155.998,6155.998,6155.998,0.0001
01.05.2019 13:09:00.000,6156.998,6158.998,6155.998,6158.997,0.001
01.05.2019 13:10:00.000,6160.998,6160.998,6158.997,6158.998,0.0005
01.05.2019 13:11:00.000,6158.997,6159.998,6158.997,6159.998,0.0009
01.05.2019 13:12:00.000,6158.998,6159.998,6158.997,6158.997,0.001
01.05.2019 13:13:00.000,6159.997,6159.998,6156.997,6156.997,0.0009
01.05.2019 13:14:00.000,6156.997,6156.998,6154.997,6155.997,0.0004
01.05.2019 13:15:00.000,6155.750,6155.750,6152.997,6152.997,0.0005
01.05.2019 13:16:00.000,6152.997,6152.997,6148.997,6148.997,0.0009
01.05.2019 13:17:00.000,6148.998,6150.998,6147.997,6150.998,0.0007
01.05.2019 13:18:00.000,6151.997,6151.998,6151.997,6151.998,0.0001
01.05.2019 13:20:00.000,6152.997,6157.998,6152.997,6157.998,0.001
01.05.2019 13:21:00.000,6157.998,6163.997,6157.998,6162.998,0.004
01.05.2019 13:22:00.000,6163.997,6165.998,6163.997,6164.998,0.0009
01.05.2019 13:23:00.000,6165.998,6167.997,6165.998,6167.997,0.001
01.05.2019 13:24:00.000,6167.998,6168.998,6165.998,6168.997,0.0021
01.05.2019 13:25:00.000,6168.998,6168.998,6167.997,6167.998,0.0013
01.05.2019 13:26:00.000,6168.998,6168.998,6167.998,6167.998,0.0006
01.05.2019 13:27:00.000,6164.998,6164.998,6154.997,6154.997,0.0029
01.05.2019 13:28:00.000,6154.998,6158.998,6152.997,6158.998,0.0014
01.05.2019 13:29:00.000,6158.997,6158.998,6158.997,6158.998,0.0003
01.05.2019 13:30:00.000,6158.998,6158.998,6154.997,6157.998,0.0015
01.05.2019 13:31:00.000,6154.998,6156.998,6152.998,6152.998,0.0022
01.05.2019 13:32:00.000,6151.998,6154.998,6150.998,6150.998,0.0024
01.05.2019 13:33:00.000,6150.997,6151.998,6148.998,6148.998,0.0006
01.05.2019 13:34:00.000,6150.998,6150.998,6150.997,6150.997,0.0003
01.05.2019 13:35:00.000,6150.500,6150.500,6141.997,6142.998,0.0024
01.05.2019 13:36:00.000,6142.998,6143.998,6140.998,6143.998,0.0011
01.05.2019 13:37:00.000,6143.997,6143.997,6139.997,6142.997,0.0038
01.05.2019 13:38:00.000,6142.998,6146.998,6142.997,6146.998,0.0022
01.05.2019 13:39:00.000,6146.997,6146.998,6144.997,6145.997,0.0006
01.05.2019 13:40:00.000,6145.998,6145.998,6145.998,6145.998,0.0001
01.05.2019 13:41:00.000,6146.997,6149.998,6146.997,6148.998,0.001
01.05.2019 13:42:00.000,6148.998,6148.998,6141.997,6141.998,0.0042
01.05.2019 13:43:00.000,6141.997,6141.997,6138.998,6140.997,0.0007
01.05.2019 13:44:00.000,6140.997,6140.997,6133.997,6134.997,0.0027
01.05.2019 13:45:00.000,6134.998,6134.998,6128.997,6128.997,0.0026
01.05.2019 13:46:00.000,6128.998,6128.998,6126.997,6127.998,0.0007
01.05.2019 13:47:00.000,6128.998,6130.998,6124.998,6130.998,0.0021
01.05.2019 13:48:00.000,6130.997,6130.998,6128.997,6129.998,0.0023
01.05.2019 13:49:00.000,6129.998,6133.998,6126.997,6126.998,0.0039
01.05.2019 13:50:00.000,6126.997,6126.998,6100.998,6102.998,0.0092
01.05.2019 13:51:00.000,6102.997,6104.998,6102.997,6104.998,0.0007
01.05.2019 13:52:00.000,6104.997,6106.998,6098.997,6106.998,0.0022
01.05.2019 13:53:00.000,6106.997,6111.998,6106.997,6110.997,0.0029
01.05.2019 13:54:00.000,6110.998,6111.998,6110.997,6111.998,0.0006
01.05.2019 13:55:00.000,6111.500,6111.997,6106.997,6109.998,0.0022
01.05.2019 13:56:00.000,6110.998,6110.998,6109.997,6110.998,0.001
01.05.2019 13:57:00.000,6110.997,6111.998,6106.998,6111.998,0.0019
01.05.2019 13:58:00.000,6106.998,6107.998,6100.998,6101.998,0.0017
01.05.2019 13:59:00.000,6101.998,6101.998,6094.998,6096.998,0.0016
01.05.2019 14:00:00.000,6096.998,6101.998,6096.997,6100.997,0.0034
01.05.2019 14:01:00.000,6100.998,6103.998,6100.998,6102.997,0.0016
01.05.2019 14:02:00.000,6103.997,6104.998,6097.997,6101.998,0.0064
01.05.2019 14:03:00.000,6101.997,6104.998,6101.997,6104.998,0.0078
01.05.2019 14:04:00.000,6104.998,6105.998,6103.997,6103.998,0.0036
01.05.2019 14:05:00.000,6103.997,6103.997,6101.997,6102.997,0.0009
01.05.2019 14:06:00.000,6102.997,6102.998,6096.997,6096.997,0.0032
01.05.2019 14:07:00.000,6096.997,6101.998,6096.997,6100.998,0.0039
01.05.2019 14:08:00.000,6101.998,6101.998,6100.997,6101.998,0.0007
01.05.2019 14:09:00.000,6102.998,6102.998,6101.997,6101.998,0.0005
01.05.2019 14:10:00.000,6101.997,6101.998,6101.997,6101.998,0.0007
01.05.2019 14:11:00.000,6102.997,6102.998,6102.997,6102.998,0.0018
01.05.2019 14:12:00.000,6103.997,6129.998,6103.997,6128.998,0.0107
01.05.2019 14:13:00.000,6129.997,6129.998,6125.997,6125.997,0.0047
01.05.2019 14:14:00.000,6125.998,6126.998,6118.998,6121.997,0.0015
01.05.2019 14:15:00.000,6121.998,6132.998,6121.998,6132.998,0.0041
01.05.2019 14:16:00.000,6133.998,6138.998,6133.997,6136.997,0.0039
01.05.2019 14:17:00.000,6136.997,6139.998,6135.997,6139.998,0.0051
01.05.2019 14:18:00.000,6140.997,6143.997,6136.997,6137.997,0.0045
01.05.2019 14:19:00.000,6140.998,6142.997,6137.998,6139.998,0.0028
01.05.2019 14:20:00.000,6139.998,6139.998,6132.998,6132.998,0.0027
01.05.2019 14:21:00.000,6132.998,6134.997,6132.998,6133.998,0.001
01.05.2019 14:22:00.000,6133.997,6138.997,6133.997,6137.997,0.0036
01.05.2019 14:23:00.000,6137.997,6137.998,6134.998,6137.998,0.0026
01.05.2019 14:24:00.000,6137.997,6138.998,6137.997,6138.998,0.0025
01.05.2019 14:25:00.000,6138.997,6138.998,6138.997,6138.997,0.0023
01.05.2019 14:26:00.000,6138.998,6138.998,6136.997,6138.998,0.0012
01.05.2019 14:27:00.000,6138.997,6138.998,6132.998,6133.997,0.0015
01.05.2019 14:28:00.000,6133.998,6133.998,6129.997,6129.997,0.0027
01.05.2019 14:29:00.000,6131.998,6131.998,6128.997,6131.997,0.0021
01.05.2019 14:30:00.000,6131.998,6131.998,6123.998,6123.998,0.0029
01.05.2019 14:31:00.000,6123.998,6123.998,6123.997,6123.997,0.0011
01.05.2019 14:32:00.000,6122.998,6123.998,6122.997,6122.997,0.0021
01.05.2019 14:33:00.000,6122.998,6122.998,6115.997,6120.998,0.0035
01.05.2019 14:34:00.000,6120.998,6121.998,6120.997,6121.998,0.0007
01.05.2019 14:35:00.000,6121.997,6130.998,6121.997,6129.998,0.002
01.05.2019 14:36:00.000,6129.997,6132.998,6126.997,6130.997,0.0048
01.05.2019 14:37:00.000,6132.997,6132.998,6130.998,6130.998,0.0008
01.05.2019 14:38:00.000,6130.997,6130.998,6127.998,6129.998,0.002
01.05.2019 14:39:00.000,6130.998,6130.998,6124.997,6126.998,0.0021
01.05.2019 14:40:00.000,6126.998,6126.998,6126.997,6126.997,0.0043
01.05.2019 14:41:00.000,6126.998,6126.998,6124.997,6125.998,0.0015
01.05.2019 14:42:00.000,6126.998,6126.998,6124.997,6124.998,0.0005
01.05.2019 14:43:00.000,6124.997,6125.998,6120.997,6121.997,0.0025
01.05.2019 14:44:00.000,6121.998,6121.998,6118.997,6118.998,0.0017
01.05.2019 14:45:00.000,6120.997,6121.998,6119.998,6121.998,0.0024
01.05.2019 14:46:00.000,6122.998,6123.998,6121.998,6123.998,0.0023
01.05.2019 14:47:00.000,6123.997,6123.998,6121.997,6121.998,0.0022
01.05.2019 14:48:00.000,6122.998,6123.997,6121.750,6123.997,0.0028
01.05.2019 14:49:00.000,6123.998,6124.998,6123.997,6124.997,0.0035
01.05.2019 14:50:00.000,6124.997,6126.998,6124.997,6126.997,0.0061
01.05.2019 14:51:00.000,6126.998,6129.998,6126.998,6129.998,0.0022
01.05.2019 14:52:00.000,6129.997,6130.998,6129.997,6130.997,0.0018
01.05.2019 14:53:00.000,6130.997,6133.998,6130.997,6133.998,0.0058
01.05.2019 14:54:00.000,6134.997,6136.998,6133.997,6136.998,0.0046
01.05.2019 14:55:00.000,6137.998,6140.998,6137.998,6139.997,0.0066
01.05.2019 14:56:00.000,6140.998,6144.998,6140.998,6143.998,0.0021
01.05.2019 14:57:00.000,6143.998,6143.998,6133.997,6133.998,0.0047
01.05.2019 14:58:00.000,6133.998,6133.998,6129.998,6130.997,0.0021
01.05.2019 14:59:00.000,6130.998,6132.998,6130.998,6131.998,0.0043
01.05.2019 15:00:00.000,6131.997,6131.998,6127.998,6128.998,0.0019
01.05.2019 15:01:00.000,6129.997,6131.998,6128.997,6128.998,0.0042
01.05.2019 15:02:00.000,6129.998,6130.998,6129.997,6130.998,0.0016
01.05.2019 15:03:00.000,6131.997,6131.998,6130.997,6130.998,0.0063
01.05.2019 15:04:00.000,6130.997,6130.998,6129.997,6129.998,0.0029
01.05.2019 15:06:00.000,6129.997,6129.998,6126.997,6129.997,0.006
01.05.2019 15:07:00.000,6129.998,6130.998,6123.998,6125.998,0.0031
01.05.2019 15:08:00.000,6125.997,6129.998,6125.997,6128.998,0.0046
01.05.2019 15:09:00.000,6129.998,6129.998,6125.998,6125.998,0.004
01.05.2019 15:10:00.000,6125.997,6127.998,6125.997,6126.997,0.0016
01.05.2019 15:11:00.000,6126.998,6127.998,6124.997,6125.998,0.0035
01.05.2019 15:12:00.000,6125.998,6125.998,6123.997,6123.998,0.0012
01.05.2019 15:13:00.000,6123.997,6124.997,6121.997,6122.998,0.0029
01.05.2019 15:14:00.000,6122.997,6123.998,6122.997,6122.997,0.0012
01.05.2019 15:15:00.000,6122.998,6122.998,6118.997,6120.998,0.0036
01.05.2019 15:16:00.000,6121.998,6122.997,6121.997,6121.998,0.0025
01.05.2019 15:17:00.000,6122.998,6123.998,6121.998,6123.998,0.0017
01.05.2019 15:18:00.000,6123.997,6123.998,6123.997,6123.998,0.0015
01.05.2019 15:20:00.000,6122.997,6122.997,6117.998,6119.998,0.0013
01.05.2019 15:21:00.000,6120.997,6120.998,6115.998,6116.998,0.0019
01.05.2019 15:22:00.000,6117.997,6118.998,6117.997,6118.998,0.0019
01.05.2019 15:23:00.000,6117.998,6117.998,6116.997,6117.998,0.0007
01.05.2019 15:24:00.000,6116.998,6117.998,6115.997,6117.998,0.0031
01.05.2019 15:25:00.000,6117.997,6117.998,6117.997,6117.998,0.0048
01.05.2019 15:26:00.000,6117.997,6119.998,6116.998,6116.998,0.0117
01.05.2019 15:27:00.000,6115.998,6116.998,6108.998,6108.998,0.0031
01.05.2019 15:28:00.000,6109.997,6110.998,6105.998,6107.998,0.0103
01.05.2019 15:29:00.000,6107.997,6112.998,6099.997,6099.997,0.0098
02.05.2019 07:00:00.000,6070.998,6071.998,6061.998,6061.998,0.0005
02.05.2019 07:05:00.000,6038.997,6038.998,6038.997,6038.998,0
02.05.2019 07:06:00.000,6046.997,6052.998,6046.997,6052.997,0.0005
02.05.2019 07:07:00.000,6052.998,6055.998,6040.997,6049.750,0.0039
02.05.2019 07:08:00.000,6041.997,6046.998,6033.998,6033.998,0.0038
02.05.2019 07:09:00.000,6033.998,6037.998,6029.998,6031.997,0.0054
02.05.2019 07:10:00.000,6031.998,6036.998,6024.998,6024.998,0.0027
02.05.2019 07:11:00.000,6025.997,6033.998,6022.997,6027.998,0.0019
02.05.2019 07:12:00.000,6027.998,6033.998,6027.997,6031.997,0.005
02.05.2019 07:13:00.000,6031.998,6034.997,6027.998,6029.998,0.0043
02.05.2019 07:14:00.000,6029.998,6029.998,6021.998,6025.998,0.0038
02.05.2019 07:15:00.000,6025.998,6028.997,6014.997,6015.998,0.0061
02.05.2019 07:16:00.000,6015.998,6022.998,6014.998,6015.997,0.0053
02.05.2019 07:17:00.000,6015.997,6017.998,6004.998,6012.998,0.0104
02.05.2019 07:18:00.000,6012.998,6018.998,6012.997,6015.998,0.0057
02.05.2019 07:19:00.000,6016.998,6027.997,6016.998,6024.997,0.0017
02.05.2019 07:20:00.000,6024.998,6028.998,6000.997,6008.998,0.0067
02.05.2019 07:21:00.000,6008.997,6020.998,6008.997,6015.998,0.0049
02.05.2019 07:22:00.000,6014.998,6014.998,6004.998,6009.998,0.0027
02.05.2019 07:23:00.000,6009.998,6016.998,6003.998,6004.998,0.0052
02.05.2019 07:24:00.000,6004.998,6007.998,5999.997,6003.997,0.0128
02.05.2019 07:25:00.000,6003.998,6005.998,5994.997,6000.997,0.011
02.05.2019 07:26:00.000,6000.998,6003.998,5991.997,5997.998,0.0033
02.05.2019 07:27:00.000,5997.997,6006.998,5985.997,6006.997,0.0034
02.05.2019 07:28:00.000,6005.997,6017.998,6004.998,6009.998,0.0057
02.05.2019 07:29:00.000,6010.998,6016.997,6005.998,6011.998,0.005
02.05.2019 07:30:00.000,6012.998,6018.998,6004.998,6014.997,0.0067
02.05.2019 07:31:00.000,6014.997,6020.997,6009.997,6020.997,0.0113
02.05.2019 07:32:00.000,6020.750,6020.998,6009.998,6017.998,0.008
02.05.2019 07:33:00.000,6017.997,6033.997,6017.997,6027.998,0.0052
02.05.2019 07:34:00.000,6030.997,6039.998,6030.997,6036.998,0.0038
02.05.2019 07:35:00.000,6037.997,6043.997,6035.998,6037.997,0.0045
02.05.2019 07:36:00.000,6037.998,6042.998,6004.997,6004.998,0.0035
02.05.2019 07:37:00.000,6004.997,6030.998,6004.997,6030.997,0.0066
02.05.2019 07:38:00.000,6031.998,6039.998,6031.997,6039.998,0.0075
02.05.2019 07:39:00.000,6039.998,6043.998,6029.997,6036.998,0.0062
02.05.2019 07:40:00.000,6036.998,6043.998,6033.998,6034.998,0.0068
02.05.2019 07:41:00.000,6035.998,6046.998,6035.997,6046.998,0.0067
02.05.2019 07:42:00.000,6046.998,6050.250,6039.998,6043.998,0.0028
02.05.2019 07:43:00.000,6043.998,6053.998,6041.998,6053.998,0.0033
02.05.2019 07:44:00.000,6047.998,6049.998,6039.997,6039.998,0.0034
02.05.2019 07:45:00.000,6039.997,6049.998,6035.997,6049.997,0.0086
02.05.2019 07:46:00.000,6049.998,6049.998,6043.998,6047.998,0.002
02.05.2019 07:47:00.000,6046.250,6046.250,6034.998,6039.998,0.0046
02.05.2019 07:48:00.000,6039.997,6039.997,6030.997,6037.997,0.0027
02.05.2019 07:49:00.000,6037.998,6037.998,6033.998,6033.998,0.0057
02.05.2019 07:50:00.000,6034.998,6049.998,6034.998,6047.998,0.0035
02.05.2019 07:51:00.000,6047.997,6055.998,6047.997,6052.998,0.0053
02.05.2019 07:52:00.000,6052.997,6061.998,6052.997,6057.998,0.0024
02.05.2019 07:53:00.000,6058.998,6059.998,6035.998,6035.998,0.0062
02.05.2019 07:54:00.000,6034.998,6047.998,6032.998,6046.998,0.0052
02.05.2019 07:55:00.000,6046.997,6050.998,6041.997,6043.998,0.0055
02.05.2019 07:56:00.000,6043.997,6047.998,6040.997,6043.998,0.0092
02.05.2019 07:57:00.000,6043.998,6045.998,6041.997,6041.998,0.0024
02.05.2019 07:58:00.000,6046.997,6048.998,6045.997,6045.998,0.0055
02.05.2019 07:59:00.000,6044.997,6049.998,6042.997,6046.997,0.0042
02.05.2019 08:00:00.000,6045.998,6046.998,6032.998,6038.997,0.008
02.05.2019 08:01:00.000,6038.998,6038.998,6033.998,6033.998,0.001
02.05.2019 08:02:00.000,6034.997,6042.998,6034.997,6040.998,0.0076
02.05.2019 08:03:00.000,6040.998,6040.998,6028.998,6028.998,0.0015
02.05.2019 08:04:00.000,6028.997,6034.998,6022.997,6024.997,0.0094
02.05.2019 08:05:00.000,6024.998,6036.998,6024.998,6036.998,0.0033
02.05.2019 08:06:00.000,6036.997,6037.998,6032.997,6036.998,0.0053
02.05.2019 08:07:00.000,6037.997,6041.998,6036.998,6041.998,0.0032
02.05.2019 08:08:00.000,6041.997,6041.998,6038.997,6039.998,0.0023
02.05.2019 08:09:00.000,6039.998,6039.998,6029.997,6030.998,0.0078
02.05.2019 08:10:00.000,6030.998,6031.997,6027.997,6028.998,0.0033
02.05.2019 08:11:00.000,6029.997,6034.998,6029.997,6029.998,0.0029
02.05.2019 08:12:00.000,6032.997,6044.998,6032.997,6044.997,0.0073
02.05.2019 08:13:00.000,6044.998,6044.998,6039.998,6040.998,0.0028
02.05.2019 08:14:00.000,6041.997,6041.998,6034.998,6034.998,0.0011
02.05.2019 08:15:00.000,6035.997,6036.998,6035.997,6036.998,0.0011
02.05.2019 08:16:00.000,6036.997,6040.998,6033.997,6033.997,0.0073
02.05.2019 08:17:00.000,6034.998,6037.998,6033.997,6037.998,0.0023
02.05.2019 08:18:00.000,6038.998,6039.998,6035.997,6039.998,0.0058
02.05.2019 08:19:00.000,6039.997,6041.998,6037.998,6041.998,0.0081
02.05.2019 08:20:00.000,6041.997,6049.998,6040.998,6044.998,0.0071
02.05.2019 08:21:00.000,6046.998,6050.998,6046.998,6049.998,0.0037
02.05.2019 08:22:00.000,6049.997,6056.997,6047.997,6056.997,0.007
02.05.2019 08:23:00.000,6057.998,6060.998,6056.997,6060.997,0.0066
02.05.2019 08:24:00.000,6060.998,6065.997,6056.997,6057.998,0.0054
02.05.2019 08:25:00.000,6057.998,6060.998,6056.997,6058.998,0.0039
02.05.2019 08:26:00.000,6058.998,6065.998,6058.997,6065.998,0.0046
02.05.2019 08:27:00.000,6065.997,6083.997,6065.997,6077.998,0.0124
02.05.2019 08:28:00.000,6077.997,6078.998,6073.997,6078.998,0.0101
02.05.2019 08:29:00.000,6078.997,6087.998,6077.997,6085.998,0.0059
02.05.2019 08:30:00.000,6085.998,6085.998,6077.997,6083.998,0.0046
02.05.2019 08:31:00.000,6084.998,6092.998,6081.998,6092.998,0.0029
02.05.2019 08:32:00.000,6093.998,6112.998,6092.998,6111.997,0.007
02.05.2019 08:33:00.000,6112.997,6113.998,6102.997,6105.997,0.0049
02.05.2019 08:34:00.000,6105.998,6105.998,6092.998,6095.998,0.0065
02.05.2019 08:35:00.000,6097.998,6098.998,6093.998,6093.998,0.001
02.05.2019 08:36:00.000,6093.997,6093.998,6087.997,6087.998,0.0009
02.05.2019 08:37:00.000,6087.998,6090.998,6084.998,6087.997,0.0063
02.05.2019 08:38:00.000,6087.998,6090.998,6084.997,6088.998,0.0033
02.05.2019 08:39:00.000,6088.998,6097.998,6086.998,6096.998,0.0048
02.05.2019 08:40:00.000,6096.998,6098.997,6093.998,6098.997,0.0051
02.05.2019 08:41:00.000,6098.997,6100.997,6094.998,6094.998,0.0036
02.05.2019 08:42:00.000,6094.997,6100.998,6093.997,6099.997,0.0014
02.05.2019 08:43:00.000,6099.998,6101.998,6092.998,6096.998,0.0056
02.05.2019 08:44:00.000,6098.997,6106.998,6097.997,6106.998,0.0049
02.05.2019 08:45:00.000,6107.997,6107.998,6103.997,6103.998,0.0027
02.05.2019 08:46:00.000,6103.997,6108.998,6102.997,6108.998,0.0059
02.05.2019 08:47:00.000,6109.998,6110.998,6103.998,6106.998,0.004
02.05.2019 08:48:00.000,6106.998,6112.998,6106.998,6111.997,0.0037
02.05.2019 08:49:00.000,6110.998,6110.998,6101.998,6101.998,0.0024
02.05.2019 08:50:00.000,6101.997,6111.998,6101.997,6110.997,0.0054
02.05.2019 08:51:00.000,6110.998,6110.998,6105.998,6106.998,0.0012
02.05.2019 08:52:00.000,6108.997,6112.998,6108.997,6109.997,0.0066
02.05.2019 08:53:00.000,6109.997,6109.997,6095.998,6105.997,0.0038
02.05.2019 08:54:00.000,6105.998,6110.998,6102.997,6110.998,0.0056
02.05.2019 08:55:00.000,6110.997,6110.998,6109.997,6109.998,0.0013
02.05.2019 08:56:00.000,6109.997,6110.997,6104.997,6105.998,0.007
02.05.2019 08:57:00.000,6105.997,6112.998,6105.997,6111.998,0.0051
02.05.2019 08:58:00.000,6112.998,6123.998,6112.998,6121.998,0.008
02.05.2019 08:59:00.000,6123.998,6135.998,6123.997,6135.998,0.0076
02.05.2019 09:00:00.000,6135.998,6137.998,6121.997,6121.998,0.0096
02.05.2019 09:01:00.000,6120.998,6127.998,6120.998,6126.997,0.0048
02.05.2019 09:02:00.000,6126.750,6126.750,6113.997,6116.998,0.0031
02.05.2019 09:03:00.000,6116.997,6122.998,6116.997,6122.997,0.0055
02.05.2019 09:04:00.000,6122.998,6129.998,6122.998,6129.998,0.0029
02.05.2019 09:05:00.000,6129.997,6136.998,6129.997,6135.997,0.0056
02.05.2019 09:06:00.000,6135.997,6141.998,6133.997,6138.997,0.0042
02.05.2019 09:07:00.000,6139.998,6140.998,6136.998,6140.998,0.0088
02.05.2019 09:08:00.000,6140.998,6142.998,6127.997,6127.998,0.0033
02.05.2019 09:09:00.000,6127.997,6127.997,6118.998,6120.998,0.003
02.05.2019 09:10:00.000,6120.997,6120.998,6113.998,6114.998,0.0027
02.05.2019 09:11:00.000,6114.998,6114.998,6100.997,6100.998,0.0038
02.05.2019 09:12:00.000,6101.998,6103.998,6101.997,6103.998,0.0006
02.05.2019 09:13:00.000,6103.997,6103.998,6095.998,6098.998,0.0016
02.05.2019 09:14:00.000,6098.998,6105.998,6098.998,6105.998,0.0027
02.05.2019 09:15:00.000,6105.997,6118.998,6104.997,6105.997,0.0087
02.05.2019 09:16:00.000,6105.998,6105.998,6099.998,6099.998,0.0038
02.05.2019 09:17:00.000,6100.998,6100.998,6095.997,6097.998,0.0024
02.05.2019 09:18:00.000,6097.997,6107.998,6095.998,6103.998,0.0059
02.05.2019 09:19:00.000,6104.997,6112.997,6099.998,6107.998,0.0121
02.05.2019 09:20:00.000,6108.998,6108.998,6099.997,6099.997,0.0048
02.05.2019 09:21:00.000,6099.998,6104.998,6099.998,6103.997,0.0021
02.05.2019 09:22:00.000,6104.998,6104.998,6095.997,6095.998,0.0029
02.05.2019 09:23:00.000,6095.998,6095.998,6086.997,6094.998,0.0038
02.05.2019 09:24:00.000,6094.997,6097.997,6093.997,6093.998,0.0037
02.05.2019 09:25:00.000,6094.998,6104.998,6094.997,6103.998,0.0051
02.05.2019 09:26:00.000,6103.998,6103.998,6096.998,6101.998,0.0099
02.05.2019 09:27:00.000,6101.997,6103.998,6096.998,6096.998,0.0061
02.05.2019 09:28:00.000,6097.997,6100.998,6096.997,6097.997,0.0034
02.05.2019 09:29:00.000,6098.997,6098.997,6096.997,6096.998,0.0024
02.05.2019 09:30:00.000,6097.997,6101.998,6096.997,6097.998,0.0066
02.05.2019 09:31:00.000,6099.997,6101.997,6097.997,6097.998,0.0053
02.05.2019 09:32:00.000,6096.998,6098.998,6096.997,6096.998,0.0017
02.05.2019 09:33:00.000,6096.997,6099.998,6096.997,6099.998,0.0037
02.05.2019 09:34:00.000,6101.998,6102.998,6101.997,6101.997,0.0013
02.05.2019 09:35:00.000,6101.998,6104.998,6097.998,6097.998,0.0043
02.05.2019 09:36:00.000,6097.997,6099.998,6096.997,6099.998,0.0023
02.05.2019 09:37:00.000,6099.998,6101.998,6096.997,6097.998,0.0046
02.05.2019 09:38:00.000,6097.997,6097.997,6093.998,6094.997,0.003
02.05.2019 09:39:00.000,6094.998,6098.998,6094.997,6097.997,0.0015
02.05.2019 09:40:00.000,6097.998,6098.998,6097.997,6097.998,0.0019
02.05.2019 09:41:00.000,6098.997,6098.998,6092.998,6092.998,0.0016
02.05.2019 09:42:00.000,6092.998,6092.998,6091.997,6092.997,0.0005
02.05.2019 09:43:00.000,6092.998,6092.998,6092.997,6092.997,0.0001
02.05.2019 09:44:00.000,6092.998,6092.998,6086.997,6086.998,0.0022
02.05.2019 09:45:00.000,6086.997,6086.998,6083.998,6083.998,0.0026
02.05.2019 09:46:00.000,6084.998,6084.998,6083.997,6083.998,0.0002
02.05.2019 09:47:00.000,6083.997,6083.998,6076.997,6076.997,0.0035
02.05.2019 09:48:00.000,6076.998,6088.998,6076.997,6080.998,0.0063
02.05.2019 09:49:00.000,6080.998,6080.998,6053.998,6054.998,0.0041
02.05.2019 09:50:00.000,6054.997,6060.998,6045.997,6060.998,0.0062
02.05.2019 09:51:00.000,6060.997,6064.998,6060.997,6064.998,0.0005
02.05.2019 09:52:00.000,6060.998,6061.998,6059.997,6060.998,0.002
02.05.2019 09:53:00.000,6060.997,6070.998,6060.997,6070.998,0.0025
02.05.2019 09:54:00.000,6070.997,6079.997,6070.997,6074.998,0.0028
02.05.2019 09:55:00.000,6073.997,6073.997,6068.997,6069.998,0.002
02.05.2019 09:56:00.000,6070.997,6071.998,6067.997,6069.997,0.0035
02.05.2019 09:57:00.000,6071.998,6079.998,6071.997,6074.998,0.0024
02.05.2019 09:58:00.000,6073.998,6074.998,6071.997,6071.998,0.0009
02.05.2019 09:59:00.000,6073.998,6073.998,6061.998,6062.997,0.0022
02.05.2019 10:00:00.000,6062.997,6067.998,6060.997,6067.998,0.0037
02.05.2019 10:01:00.000,6068.998,6076.998,6068.997,6072.997,0.0054
02.05.2019 10:02:00.000,6072.998,6072.998,6063.997,6063.997,0.0019
02.05.2019 10:03:00.000,6064.998,6067.998,6063.997,6063.997,0.0026
02.05.2019 10:04:00.000,6063.998,6063.998,6060.997,6063.998,0.0039
02.05.2019 10:05:00.000,6065.998,6069.998,6065.997,6065.997,0.0021
02.05.2019 10:06:00.000,6065.998,6068.998,6065.998,6067.997,0.0014
02.05.2019 10:07:00.000,6067.997,6067.998,6066.997,6067.998,0.0004
02.05.2019 10:08:00.000,6068.998,6068.998,6059.997,6059.997,0.0038
02.05.2019 10:09:00.000,6059.998,6066.998,6058.997,6064.998,0.0065
02.05.2019 10:10:00.000,6063.998,6065.998,6062.998,6062.998,0.0018
02.05.2019 10:11:00.000,6062.998,6064.997,6056.997,6064.997,0.0039
02.05.2019 10:12:00.000,6064.998,6066.998,6064.998,6065.998,0.0016
02.05.2019 10:13:00.000,6065.997,6065.998,6065.997,6065.997,0.0018
02.05.2019 10:14:00.000,6065.998,6081.998,6065.997,6081.998,0.0067
02.05.2019 10:15:00.000,6082.997,6086.997,6080.998,6082.998,0.0068
02.05.2019 10:16:00.000,6083.998,6083.998,6080.998,6081.998,0.0009
02.05.2019 10:17:00.000,6081.998,6083.998,6081.998,6082.998,0.0042
02.05.2019 10:18:00.000,6082.997,6084.998,6077.998,6077.998,0.0038
02.05.2019 10:19:00.000,6079.997,6083.998,6079.997,6083.998,0.0038
02.05.2019 10:20:00.000,6084.998,6084.998,6078.997,6078.997,0.0013
02.05.2019 10:21:00.000,6078.997,6086.998,6078.997,6086.997,0.0029
02.05.2019 10:22:00.000,6086.998,6086.998,6085.998,6086.998,0.0005
02.05.2019 10:23:00.000,6085.998,6085.998,6076.998,6077.998,0.002
02.05.2019 10:24:00.000,6078.998,6079.998,6077.998,6079.998,0.0023
02.05.2019 10:25:00.000,6080.998,6084.998,6080.997,6084.997,0.004
02.05.2019 10:26:00.000,6084.997,6084.997,6081.998,6082.998,0.0027
02.05.2019 10:27:00.000,6083.997,6083.998,6074.997,6075.998,0.007
02.05.2019 10:28:00.000,6075.997,6076.998,6074.997,6074.998,0.0013
02.05.2019 10:29:00.000,6074.997,6074.998,6074.997,6074.998,0.0004
02.05.2019 10:30:00.000,6075.997,6083.998,6075.997,6083.998,0.0025
02.05.2019 10:31:00.000,6084.998,6085.998,6083.997,6085.998,0.002
02.05.2019 10:32:00.000,6085.997,6085.997,6079.997,6082.998,0.002
02.05.2019 10:33:00.000,6084.997,6091.998,6083.997,6091.998,0.0047
02.05.2019 10:34:00.000,6092.998,6092.998,6089.997,6089.998,0.0028
02.05.2019 10:35:00.000,6089.998,6092.997,6089.997,6091.998,0.0022
02.05.2019 10:36:00.000,6091.998,6091.998,6088.998,6089.998,0.0027
02.05.2019 10:37:00.000,6089.998,6089.998,6086.997,6089.998,0.0017
02.05.2019 10:38:00.000,6089.998,6089.998,6085.998,6088.998,0.0035
02.05.2019 10:39:00.000,6089.998,6089.998,6088.998,6088.998,0.0005
02.05.2019 10:40:00.000,6088.997,6089.998,6088.997,6088.998,0.0009
02.05.2019 10:41:00.000,6087.998,6091.998,6087.997,6091.998,0.0031
02.05.2019 10:42:00.000,6090.998,6093.998,6089.998,6089.998,0.002
02.05.2019 10:43:00.000,6089.998,6090.998,6088.997,6089.998,0.0006
02.05.2019 10:44:00.000,6089.998,6095.997,6089.998,6095.997,0.0012
02.05.2019 10:45:00.000,6095.998,6095.998,6092.997,6095.997,0.0052
02.05.2019 10:46:00.000,6095.998,6096.998,6088.997,6088.998,0.0041
02.05.2019 10:47:00.000,6089.998,6091.998,6088.998,6089.997,0.0016
02.05.2019 10:48:00.000,6089.998,6089.998,6085.997,6085.998,0.0013
02.05.2019 10:49:00.000,6085.997,6093.998,6085.997,6093.998,0.0057
02.05.2019 10:50:00.000,6093.997,6096.997,6092.997,6093.998,0.0036
02.05.2019 10:51:00.000,6093.997,6094.998,6093.997,6094.998,0.0045
02.05.2019 10:52:00.000,6094.997,6100.998,6093.997,6100.998,0.0026
02.05.2019 10:53:00.000,6100.997,6100.998,6096.997,6097.997,0.0027
02.05.2019 10:54:00.000,6096.998,6096.998,6095.997,6095.997,0.0013
02.05.2019 10:55:00.000,6095.998,6095.998,6093.998,6094.998,0.0028
02.05.2019 10:56:00.000,6094.997,6099.998,6094.997,6099.998,0.0013
02.05.2019 10:57:00.000,6099.997,6099.997,6094.997,6094.997,0.0034
02.05.2019 10:58:00.000,6095.997,6100.998,6093.997,6100.998,0.0028
02.05.2019 10:59:00.000,6100.997,6101.998,6096.997,6097.998,0.0054
02.05.2019 11:02:00.000,6072.997,6094.998,6072.997,6092.997,0.0044
02.05.2019 11:03:00.000,6093.998,6098.998,6093.998,6096.997,0.0036
02.05.2019 11:04:00.000,6096.998,6096.998,6092.997,6092.998,0.0008
02.05.2019 11:05:00.000,6093.997,6101.998,6092.998,6100.998,0.0074
02.05.2019 11:06:00.000,6100.997,6100.998,6100.997,6100.998,0.0072
02.05.2019 11:07:00.000,6097.998,6097.998,6095.997,6096.997,0.0009
02.05.2019 11:08:00.000,6096.998,6096.998,6095.997,6095.997,0.0005
02.05.2019 11:09:00.000,6095.998,6095.998,6092.998,6093.998,0.0009
02.05.2019 11:10:00.000,6093.997,6096.998,6092.998,6094.998,0.0033
02.05.2019 11:11:00.000,6094.997,6098.997,6093.997,6097.998,0.0047
02.05.2019 11:12:00.000,6097.997,6097.998,6095.997,6096.998,0.0028
02.05.2019 11:13:00.000,6096.997,6096.998,6094.998,6096.998,0.0012
02.05.2019 11:14:00.000,6096.998,6096.998,6094.997,6094.997,0.0012
02.05.2019 11:15:00.000,6094.998,6096.998,6094.998,6095.998,0.0005
02.05.2019 11:16:00.000,6095.997,6096.998,6095.997,6096.998,0.0003
02.05.2019 11:17:00.000,6096.997,6097.998,6095.998,6096.998,0.001
02.05.2019 11:18:00.000,6096.997,6100.998,6096.997,6100.998,0.0014
02.05.2019 11:19:00.000,6100.998,6102.998,6098.997,6098.998,0.0028
02.05.2019 11:20:00.000,6096.998,6097.998,6096.997,6096.997,0.0009
02.05.2019 11:21:00.000,6093.998,6093.998,6089.997,6091.998,0.0024
02.05.2019 11:22:00.000,6091.997,6093.998,6091.997,6093.998,0.0015
02.05.2019 11:23:00.000,6092.998,6092.998,6080.998,6085.998,0.0047
02.05.2019 11:24:00.000,6085.998,6085.998,6078.997,6078.997,0.0016
02.05.2019 11:25:00.000,6078.998,6080.998,6076.997,6080.998,0.0042
02.05.2019 11:26:00.000,6081.997,6081.998,6081.997,6081.998,0.0002
02.05.2019 11:27:00.000,6082.997,6084.997,6081.997,6083.997,0.0051
02.05.2019 11:28:00.000,6082.997,6083.998,6082.997,6083.998,0.0007
02.05.2019 11:29:00.000,6083.997,6084.998,6079.998,6084.998,0.0062
02.05.2019 11:30:00.000,6084.997,6091.998,6084.997,6091.997,0.0032
02.05.2019 11:31:00.000,6091.997,6091.998,6084.997,6086.998,0.0052
02.05.2019 11:32:00.000,6086.997,6086.998,6082.997,6083.997,0.0025
02.05.2019 11:33:00.000,6083.998,6089.998,6083.998,6088.998,0.003
02.05.2019 11:34:00.000,6088.997,6088.997,6086.997,6087.998,0.0008
02.05.2019 11:35:00.000,6087.997,6090.997,6087.997,6088.998,0.0022
02.05.2019 11:36:00.000,6088.997,6089.998,6085.997,6085.998,0.0033
02.05.2019 11:37:00.000,6086.998,6090.998,6086.998,6089.998,0.005
02.05.2019 11:38:00.000,6089.997,6091.998,6089.997,6090.998,0.0038
02.05.2019 11:39:00.000,6090.997,6091.998,6089.997,6089.997,0.0034
02.05.2019 11:40:00.000,6089.998,6090.998,6088.997,6090.998,0.0026
02.05.2019 11:41:00.000,6090.997,6090.998,6088.997,6088.997,0.0016
02.05.2019 11:42:00.000,6088.998,6090.998,6087.997,6088.997,0.0025
02.05.2019 11:43:00.000,6088.997,6088.998,6086.997,6087.998,0.0006
02.05.2019 11:44:00.000,6087.997,6087.998,6085.997,6085.998,0.0013
02.05.2019 11:45:00.000,6085.998,6085.998,6084.997,6084.998,0.0014
02.05.2019 11:46:00.000,6084.998,6084.998,6084.997,6084.997,0.0023
02.05.2019 11:47:00.000,6084.998,6084.998,6084.997,6084.998,0.0024
02.05.2019 11:48:00.000,6084.998,6084.998,6083.997,6083.997,0.0023
02.05.2019 11:49:00.000,6082.998,6084.998,6082.997,6084.997,0.0033
02.05.2019 11:50:00.000,6084.998,6084.998,6081.997,6082.998,0.0022
02.05.2019 11:51:00.000,6082.998,6084.998,6082.997,6084.998,0.0039
02.05.2019 11:52:00.000,6084.997,6085.998,6084.997,6084.998,0.0044
02.05.2019 11:53:00.000,6084.997,6084.997,6081.998,6082.998,0.0023
02.05.2019 11:54:00.000,6082.997,6084.998,6082.997,6083.997,0.0012
02.05.2019 11:55:00.000,6083.998,6083.998,6081.997,6083.998,0.0013
02.05.2019 11:56:00.000,6083.998,6084.997,6081.998,6081.998,0.0025
02.05.2019 11:57:00.000,6081.997,6081.997,6078.998,6080.997,0.0022
02.05.2019 11:58:00.000,6080.998,6094.998,6080.998,6094.998,0.0053
02.05.2019 11:59:00.000,6094.998,6096.997,6092.998,6094.998,0.0054
02.05.2019 12:00:00.000,6095.998,6097.998,6092.997,6094.998,0.0057
02.05.2019 12:01:00.000,6095.997,6095.998,6093.997,6093.998,0.0009
02.05.2019 12:02:00.000,6093.998,6093.998,6087.997,6087.997,0.0034
02.05.2019 12:03:00.000,6088.998,6089.998,6083.998,6083.998,0.0023
02.05.2019 12:04:00.000,6082.998,6083.998,6081.998,6083.998,0.0044
02.05.2019 12:05:00.000,6084.997,6085.998,6083.997,6084.998,0.0015
02.05.2019 12:06:00.000,6084.998,6084.998,6081.998,6082.998,0.002
02.05.2019 12:07:00.000,6082.998,6093.998,6082.997,6093.998,0.0046
02.05.2019 12:08:00.000,6093.997,6098.998,6093.997,6098.997,0.0083
02.05.2019 12:09:00.000,6098.998,6099.998,6098.997,6098.998,0.0038
02.05.2019 12:10:00.000,6098.998,6100.998,6097.997,6100.997,0.003
02.05.2019 12:11:00.000,6100.998,6100.998,6099.997,6099.997,0.0045
02.05.2019 12:12:00.000,6099.997,6099.998,6093.998,6096.998,0.0018
02.05.2019 12:13:00.000,6096.997,6096.997,6094.997,6095.998,0.0017
02.05.2019 12:14:00.000,6094.998,6094.998,6089.998,6091.997,0.0026
02.05.2019 12:15:00.000,6091.998,6092.998,6090.998,6091.997,0.0022
02.05.2019 12:16:00.000,6091.998,6093.998,6091.998,6093.997,0.0006
02.05.2019 12:17:00.000,6093.997,6093.997,6090.997,6090.997,0.0007
02.05.2019 12:18:00.000,6090.998,6091.998,6090.997,6090.997,0.0004
02.05.2019 12:19:00.000,6090.997,6090.997,6085.998,6085.998,0.0021
02.05.2019 12:20:00.000,6085.998,6093.998,6084.997,6093.998,0.0038
02.05.2019 12:21:00.000,6093.997,6093.998,6093.997,6093.997,0.0011
02.05.2019 12:22:00.000,6093.998,6093.998,6091.997,6091.998,0.0028
02.05.2019 12:23:00.000,6091.997,6091.998,6091.997,6091.998,0.0008
02.05.2019 12:24:00.000,6092.997,6092.998,6090.997,6091.998,0.0019
02.05.2019 12:25:00.000,6091.997,6097.998,6091.997,6097.998,0.0013
02.05.2019 12:26:00.000,6097.997,6097.997,6094.997,6094.997,0.0018
02.05.2019 12:27:00.000,6094.998,6097.998,6093.997,6097.998,0.0014
02.05.2019 12:28:00.000,6096.997,6100.998,6096.997,6099.998,0.0016
02.05.2019 12:29:00.000,6099.997,6099.997,6089.998,6092.997,0.0025
02.05.2019 12:30:00.000,6093.997,6095.998,6091.998,6093.998,0.0026
02.05.2019 12:31:00.000,6093.998,6093.998,6091.997,6092.998,0.0019
02.05.2019 12:32:00.000,6093.998,6093.998,6090.997,6093.998,0.0057
02.05.2019 12:33:00.000,6092.997,6092.998,6087.998,6087.998,0.0025
02.05.2019 12:34:00.000,6087.997,6087.997,6084.997,6084.998,0.0016
02.05.2019 12:35:00.000,6084.997,6092.998,6084.997,6091.998,0.0035
02.05.2019 12:36:00.000,6091.997,6091.998,6090.997,6090.998,0.0027
02.05.2019 12:37:00.000,6090.998,6090.998,6089.997,6089.998,0.0013
02.05.2019 12:38:00.000,6089.998,6089.998,6084.997,6085.998,0.0034
02.05.2019 12:39:00.000,6085.997,6086.998,6083.997,6083.998,0.0063
02.05.2019 12:40:00.000,6081.998,6083.997,6079.998,6082.998,0.0027
02.05.2019 12:41:00.000,6082.997,6082.997,6081.997,6081.997,0.0005
02.05.2019 12:42:00.000,6081.998,6082.997,6077.998,6081.998,0.0031
02.05.2019 12:43:00.000,6082.997,6082.998,6080.997,6081.997,0.0023
02.05.2019 12:44:00.000,6081.998,6081.998,6080.997,6081.998,0.001
02.05.2019 12:45:00.000,6080.997,6081.998,6080.997,6081.998,0.0012
02.05.2019 12:46:00.000,6081.997,6083.998,6081.997,6083.998,0.009
02.05.2019 12:47:00.000,6083.997,6083.998,6083.997,6083.997,0.0001
02.05.2019 12:48:00.000,6080.998,6086.998,6080.997,6084.998,0.0041
02.05.2019 12:49:00.000,6084.997,6084.997,6083.997,6083.997,0.0011
02.05.2019 12:50:00.000,6083.998,6086.998,6083.998,6084.998,0.003
02.05.2019 12:51:00.000,6084.997,6084.998,6083.997,6084.998,0.0025
02.05.2019 12:52:00.000,6084.997,6088.998,6084.997,6088.997,0.0038
02.05.2019 12:53:00.000,6088.998,6089.998,6088.998,6089.998,0.001
02.05.2019 12:54:00.000,6089.998,6089.998,6085.997,6085.997,0.0031
02.05.2019 12:55:00.000,6085.998,6086.998,6085.997,6085.998,0.0016
02.05.2019 12:56:00.000,6086.998,6092.998,6086.997,6092.998,0.0037
02.05.2019 12:57:00.000,6093.997,6094.998,6089.997,6089.998,0.0051
02.05.2019 12:58:00.000,6089.998,6091.998,6089.998,6091.997,0.002
02.05.2019 12:59:00.000,6091.998,6094.998,6091.998,6094.997,0.0087
02.05.2019 13:00:00.000,6094.998,6095.998,6094.998,6095.998,0.0011
02.05.2019 13:01:00.000,6095.997,6100.998,6095.997,6100.998,0.0092
02.05.2019 13:02:00.000,6101.997,6101.997,6097.997,6097.998,0.0022
02.05.2019 13:03:00.000,6097.998,6097.998,6094.998,6094.998,0.002
02.05.2019 13:04:00.000,6095.997,6096.998,6095.997,6096.998,0.0002
02.05.2019 13:05:00.000,6096.997,6096.997,6093.997,6094.997,0.0024
02.05.2019 13:06:00.000,6094.998,6100.998,6093.998,6100.997,0.0057
02.05.2019 13:07:00.000,6101.997,6104.998,6101.997,6104.998,0.0038
02.05.2019 13:08:00.000,6104.998,6105.998,6104.997,6104.998,0.0033
02.05.2019 13:09:00.000,6104.997,6104.998,6097.998,6097.998,0.0057
02.05.2019 13:10:00.000,6097.998,6109.998,6097.998,6109.998,0.0081
02.05.2019 13:11:00.000,6109.998,6111.998,6106.997,6107.997,0.0038
02.05.2019 13:12:00.000,6108.997,6108.998,6103.998,6103.998,0.001
02.05.2019 13:13:00.000,6104.998,6106.997,6104.997,6105.998,0.0016
02.05.2019 13:14:00.000,6105.998,6105.998,6104.997,6104.997,0.0008
02.05.2019 13:15:00.000,6104.998,6104.998,6095.998,6098.998,0.0056
02.05.2019 13:16:00.000,6099.998,6099.998,6098.997,6098.997,0.002
02.05.2019 13:17:00.000,6098.997,6102.998,6098.997,6101.998,0.0014
02.05.2019 13:18:00.000,6102.998,6102.998,6100.997,6101.998,0.0032
02.05.2019 13:19:00.000,6100.998,6100.998,6098.998,6098.998,0.0016
02.05.2019 13:20:00.000,6098.998,6098.998,6094.998,6094.998,0.0019
02.05.2019 13:21:00.000,6095.998,6095.998,6092.997,6092.998,0.0016
02.05.2019 13:22:00.000,6092.997,6096.998,6092.997,6096.998,0.0035
02.05.2019 13:23:00.000,6096.997,6099.998,6096.997,6098.998,0.0022
02.05.2019 13:24:00.000,6098.998,6099.998,6097.998,6099.998,0.0018
02.05.2019 13:25:00.000,6098.998,6100.998,6098.997,6098.998,0.0041
02.05.2019 13:26:00.000,6098.998,6098.998,6095.997,6095.997,0.0043
02.05.2019 13:27:00.000,6096.998,6096.998,6094.998,6096.998,0.002
02.05.2019 13:28:00.000,6097.998,6100.998,6097.997,6100.997,0.0044
02.05.2019 13:29:00.000,6100.998,6100.998,6096.997,6099.997,0.003
02.05.2019 13:30:00.000,6099.998,6102.998,6099.997,6102.998,0.004
02.05.2019 13:31:00.000,6102.998,6109.998,6100.998,6108.997,0.0087
02.05.2019 13:32:00.000,6107.998,6107.998,6105.997,6105.998,0.0011
02.05.2019 13:33:00.000,6106.997,6106.997,6104.997,6105.998,0.004
02.05.2019 13:34:00.000,6105.997,6106.997,6101.997,6102.998,0.0063
02.05.2019 13:35:00.000,6101.998,6101.998,6096.998,6098.998,0.0047
02.05.2019 13:36:00.000,6099.997,6099.998,6094.997,6095.997,0.0057
02.05.2019 13:37:00.000,6095.998,6095.998,6094.997,6095.997,0.0016
02.05.2019 13:38:00.000,6095.998,6096.998,6089.998,6090.998,0.0064
02.05.2019 13:39:00.000,6089.997,6090.998,6088.997,6090.997,0.0023
02.05.2019 13:40:00.000,6089.997,6090.998,6088.997,6089.997,0.0021
02.05.2019 13:41:00.000,6089.997,6089.998,6078.997,6078.998,0.0032
02.05.2019 13:42:00.000,6079.997,6081.998,6079.997,6079.997,0.0029
02.05.2019 13:43:00.000,6079.998,6080.998,6077.997,6079.998,0.0025
02.05.2019 13:44:00.000,6079.997,6079.998,6078.997,6078.998,0.0009
02.05.2019 13:45:00.000,6079.998,6079.998,6071.997,6071.998,0.001
02.05.2019 13:46:00.000,6073.998,6075.998,6072.998,6075.998,0.0013
02.05.2019 13:47:00.000,6075.998,6079.997,6075.998,6079.997,0.0032
02.05.2019 13:48:00.000,6079.997,6079.997,6071.998,6071.998,0.0023
02.05.2019 13:49:00.000,6071.998,6077.998,6071.998,6076.997,0.0029
02.05.2019 13:50:00.000,6076.998,6076.998,6074.997,6076.998,0.002
02.05.2019 13:51:00.000,6076.998,6076.998,6065.997,6066.998,0.0026
02.05.2019 13:52:00.000,6067.997,6068.998,6063.998,6063.998,0.0016
02.05.2019 13:53:00.000,6064.998,6064.998,6060.998,6060.998,0.0015
02.05.2019 13:54:00.000,6060.997,6066.998,6055.997,6066.998,0.0049
02.05.2019 13:55:00.000,6066.998,6068.997,6061.997,6062.997,0.0028
02.05.2019 13:56:00.000,6062.997,6065.998,6062.997,6063.998,0.0035
02.05.2019 13:57:00.000,6063.998,6065.998,6058.997,6059.998,0.0016
02.05.2019 13:58:00.000,6059.997,6060.998,6057.998,6060.997,0.0027
02.05.2019 13:59:00.000,6060.998,6064.998,6060.997,6064.997,0.0041
02.05.2019 14:00:00.000,6064.998,6070.998,6064.997,6070.997,0.0066
02.05.2019 14:01:00.000,6070.998,6078.998,6070.997,6078.998,0.006
02.05.2019 14:02:00.000,6078.997,6078.998,6072.998,6075.997,0.0064
02.05.2019 14:03:00.000,6076.998,6077.998,6075.997,6076.997,0.0024
02.05.2019 14:04:00.000,6076.998,6077.998,6070.997,6070.997,0.0019
02.05.2019 14:05:00.000,6070.998,6074.998,6070.998,6072.997,0.0042
02.05.2019 14:06:00.000,6072.998,6077.998,6072.997,6077.997,0.0075
02.05.2019 14:07:00.000,6075.998,6076.998,6072.998,6074.998,0.0025
02.05.2019 14:08:00.000,6074.998,6074.998,6068.997,6069.997,0.0025
02.05.2019 14:09:00.000,6070.998,6070.998,6067.998,6068.997,0.0046
02.05.2019 14:10:00.000,6068.998,6069.998,6068.998,6069.998,0.0028
02.05.2019 14:11:00.000,6069.997,6070.998,6068.997,6070.998,0.0044
02.05.2019 14:12:00.000,6070.997,6070.997,6070.997,6070.997,0.0012
02.05.2019 14:13:00.000,6070.998,6070.998,6070.997,6070.998,0.0035
02.05.2019 14:14:00.000,6070.997,6070.997,6065.997,6067.998,0.0061
02.05.2019 14:15:00.000,6067.997,6067.997,6061.997,6064.998,0.0052
02.05.2019 14:16:00.000,6064.997,6069.998,6064.997,6065.998,0.0045
02.05.2019 14:17:00.000,6066.998,6068.998,6066.997,6068.998,0.0059
02.05.2019 14:18:00.000,6069.997,6072.998,6069.997,6072.998,0.0032
02.05.2019 14:19:00.000,6072.997,6072.998,6072.997,6072.998,0.0088
02.05.2019 14:20:00.000,6072.998,6072.998,6069.997,6071.998,0.005
02.05.2019 14:21:00.000,6071.997,6071.997,6066.998,6070.998,0.0074
02.05.2019 14:22:00.000,6071.997,6071.998,6064.998,6070.997,0.0058
02.05.2019 14:23:00.000,6070.998,6070.998,6067.997,6067.997,0.0023
02.05.2019 14:24:00.000,6067.998,6067.998,6062.998,6063.997,0.0021
02.05.2019 14:25:00.000,6063.998,6066.998,6063.997,6065.997,0.0065
02.05.2019 14:26:00.000,6065.998,6066.998,6059.997,6059.998,0.0051
02.05.2019 14:27:00.000,6059.997,6060.750,6052.998,6053.998,0.0061
02.05.2019 14:28:00.000,6054.998,6054.998,6046.998,6047.998,0.0061
02.05.2019 14:29:00.000,6047.998,6050.998,6047.998,6049.997,0.007
02.05.2019 14:30:00.000,6050.998,6052.998,6047.997,6051.997,0.0066
02.05.2019 14:31:00.000,6052.998,6052.998,6051.998,6052.998,0.0009
02.05.2019 14:32:00.000,6052.998,6053.998,6046.997,6049.998,0.0078
02.05.2019 14:33:00.000,6048.998,6051.998,6048.998,6051.998,0.0029
02.05.2019 14:34:00.000,6051.997,6052.998,6045.997,6050.998,0.0101
02.05.2019 14:35:00.000,6050.998,6053.998,6050.998,6053.998,0.0049
02.05.2019 14:36:00.000,6053.998,6055.998,6053.997,6054.998,0.0054
02.05.2019 14:37:00.000,6054.998,6057.998,6052.998,6057.998,0.0041
02.05.2019 14:38:00.000,6057.997,6057.998,6057.997,6057.998,0.0009
02.05.2019 14:39:00.000,6057.997,6057.998,6054.998,6056.998,0.005
02.05.2019 14:40:00.000,6057.998,6059.998,6057.998,6059.998,0.0014
02.05.2019 14:41:00.000,6059.997,6059.998,6055.997,6055.997,0.0053
02.05.2019 14:42:00.000,6055.998,6056.998,6054.998,6055.998,0.004
02.05.2019 14:43:00.000,6055.997,6056.998,6054.997,6056.998,0.0075
02.05.2019 14:44:00.000,6056.997,6056.998,6056.997,6056.998,0.0013
02.05.2019 14:45:00.000,6056.997,6056.997,6049.997,6049.998,0.01
02.05.2019 14:46:00.000,6049.997,6050.998,6049.997,6050.998,0.0034
02.05.2019 14:47:00.000,6051.998,6053.998,6051.997,6053.998,0.0035
02.05.2019 14:48:00.000,6052.997,6053.998,6052.997,6053.997,0.0038
02.05.2019 14:49:00.000,6054.997,6059.998,6054.997,6059.997,0.0058
02.05.2019 14:50:00.000,6059.997,6059.998,6058.997,6058.997,0.0108
02.05.2019 14:51:00.000,6058.997,6060.998,6057.997,6060.998,0.0047
02.05.2019 14:52:00.000,6060.997,6064.998,6060.997,6063.997,0.0055
02.05.2019 14:53:00.000,6063.998,6063.998,6061.997,6062.997,0.0065
02.05.2019 14:54:00.000,6062.997,6062.997,6059.997,6059.997,0.0017
02.05.2019 14:55:00.000,6059.998,6059.998,6057.997,6058.998,0.0038
02.05.2019 14:56:00.000,6058.997,6063.998,6058.997,6063.998,0.0018
02.05.2019 14:57:00.000,6064.998,6068.998,6061.998,6067.998,0.0051
02.05.2019 14:58:00.000,6067.997,6067.998,6066.997,6067.998,0.006
02.05.2019 14:59:00.000,6067.997,6069.998,6067.997,6069.998,0.0037
02.05.2019 15:00:00.000,6068.997,6071.998,6068.997,6071.998,0.0059
02.05.2019 15:01:00.000,6071.997,6075.998,6071.997,6073.998,0.006
02.05.2019 15:02:00.000,6074.998,6076.997,6074.997,6076.997,0.0028
02.05.2019 15:03:00.000,6076.998,6077.998,6071.997,6075.998,0.006
02.05.2019 15:04:00.000,6075.997,6077.998,6073.998,6077.998,0.0057
02.05.2019 15:05:00.000,6078.997,6080.998,6078.997,6080.997,0.0038
02.05.2019 15:06:00.000,6080.998,6080.998,6077.997,6078.997,0.0032
02.05.2019 15:07:00.000,6079.998,6079.998,6078.997,6078.998,0.0018
02.05.2019 15:08:00.000,6078.998,6082.998,6078.998,6078.998,0.0045
02.05.2019 15:09:00.000,6078.998,6080.998,6078.997,6080.998,0.0049
02.05.2019 15:10:00.000,6080.998,6080.998,6077.997,6077.998,0.0054
02.05.2019 15:11:00.000,6077.997,6082.998,6077.997,6082.997,0.0064
02.05.2019 15:12:00.000,6082.998,6083.998,6079.997,6082.997,0.0043
02.05.2019 15:13:00.000,6082.998,6083.998,6080.997,6080.998,0.006
02.05.2019 15:14:00.000,6080.997,6084.998,6080.997,6084.998,0.009
02.05.2019 15:15:00.000,6084.998,6084.998,6079.997,6081.998,0.004
02.05.2019 15:16:00.000,6082.997,6082.998,6081.997,6081.998,0.0027
02.05.2019 15:17:00.000,6081.997,6082.997,6081.997,6081.998,0.0005
02.05.2019 15:18:00.000,6081.997,6083.998,6080.997,6082.998,0.0021
02.05.2019 15:19:00.000,6082.998,6082.998,6080.997,6081.997,0.0023
02.05.2019 15:20:00.000,6081.998,6081.998,6078.997,6078.998,0.0033
02.05.2019 15:21:00.000,6078.997,6079.998,6077.997,6079.997,0.0025
02.05.2019 15:22:00.000,6079.998,6079.998,6077.997,6078.997,0.0046
02.05.2019 15:23:00.000,6078.998,6078.998,6077.997,6077.997,0.0048
02.05.2019 15:24:00.000,6077.998,6078.998,6076.997,6078.998,0.0039
02.05.2019 15:25:00.000,6079.998,6079.998,6077.997,6078.998,0.0086
02.05.2019 15:26:00.000,6079.997,6079.998,6076.998,6076.998,0.0064
02.05.2019 15:27:00.000,6077.998,6077.998,6074.997,6074.998,0.0057
02.05.2019 15:28:00.000,6074.998,6079.998,6073.997,6078.998,0.005
02.05.2019 15:29:00.000,6078.997,6082.998,6077.997,6078.997,0.0097
03.05.2019 07:00:00.000,6088.997,6088.997,6084.998,6084.998,0
03.05.2019 07:01:00.000,6073.998,6073.998,6073.998,6073.998,0.0001
03.05.2019 07:02:00.000,6065.998,6065.998,6065.997,6065.997,0.0002
03.05.2019 07:03:00.000,6065.998,6087.998,6065.998,6087.998,0.0006
03.05.2019 07:04:00.000,6087.998,6087.998,6066.998,6066.998,0.0001
03.05.2019 07:05:00.000,6066.998,6069.998,6066.998,6069.998,0.0002
03.05.2019 07:06:00.000,6069.998,6069.998,6063.997,6063.998,0.0003
03.05.2019 07:07:00.000,6063.998,6063.998,6053.997,6058.998,0.0012
03.05.2019 07:09:00.000,6058.998,6060.998,6049.997,6049.997,0.0024
03.05.2019 07:10:00.000,6049.998,6052.998,6049.997,6049.998,0.0036
03.05.2019 07:11:00.000,6049.997,6050.998,6049.997,6050.998,0.0007
03.05.2019 07:12:00.000,6050.998,6051.998,6031.998,6036.998,0.0084
03.05.2019 07:13:00.000,6036.997,6048.997,6032.997,6046.998,0.0063
03.05.2019 07:14:00.000,6047.997,6055.997,6046.997,6053.997,0.0044
03.05.2019 07:15:00.000,6053.998,6062.998,6053.997,6062.998,0.0024
03.05.2019 07:16:00.000,6063.997,6063.998,6055.997,6055.998,0.0026
03.05.2019 07:17:00.000,6054.998,6056.998,6054.998,6055.997,0.0007
03.05.2019 07:18:00.000,6055.997,6055.998,6051.997,6051.997,0.0014
03.05.2019 07:19:00.000,6051.997,6060.998,6051.997,6059.997,0.003
03.05.2019 07:20:00.000,6060.998,6063.998,6060.998,6063.998,0.0012
03.05.2019 07:21:00.000,6063.998,6063.998,6055.998,6057.998,0.0024
03.05.2019 07:22:00.000,6057.998,6058.998,6054.997,6057.998,0.0015
03.05.2019 07:23:00.000,6057.998,6058.998,6049.997,6050.997,0.0024
03.05.2019 07:24:00.000,6050.997,6052.998,6049.998,6052.998,0.0006
03.05.2019 07:25:00.000,6054.998,6061.998,6053.997,6061.997,0.0026
03.05.2019 07:26:00.000,6061.998,6063.998,6060.997,6063.998,0.0014
03.05.2019 07:27:00.000,6063.997,6063.997,6053.997,6053.998,0.0018
03.05.2019 07:29:00.000,6053.998,6062.998,6053.997,6059.997,0.0035
03.05.2019 07:30:00.000,6059.998,6059.998,6059.997,6059.998,0.0004
03.05.2019 07:31:00.000,6058.998,6058.998,6052.997,6052.998,0.003
03.05.2019 07:32:00.000,6052.997,6057.998,6052.997,6056.998,0.0021
03.05.2019 07:33:00.000,6056.998,6062.998,6056.998,6061.997,0.0023
03.05.2019 07:34:00.000,6061.998,6063.998,6061.998,6063.998,0.0014
03.05.2019 07:35:00.000,6063.998,6071.998,6058.997,6068.998,0.0052
03.05.2019 07:36:00.000,6068.998,6071.998,6068.997,6068.997,0.002
03.05.2019 07:37:00.000,6069.997,6072.998,6068.997,6069.997,0.0023
03.05.2019 07:38:00.000,6069.998,6074.997,6069.998,6074.997,0.0017
03.05.2019 07:39:00.000,6074.997,6074.997,6071.997,6072.997,0.0021
03.05.2019 07:40:00.000,6076.750,6076.998,6073.998,6073.998,0.0007
03.05.2019 07:41:00.000,6073.998,6074.998,6067.998,6070.998,0.0011
03.05.2019 07:42:00.000,6070.997,6076.998,6068.998,6076.997,0.0083
03.05.2019 07:43:00.000,6076.998,6076.998,6072.997,6076.998,0.0043
03.05.2019 07:44:00.000,6076.997,6076.998,6075.997,6076.998,0.0029
03.05.2019 07:45:00.000,6076.998,6076.998,6071.998,6073.998,0.0015
03.05.2019 07:46:00.000,6073.998,6075.998,6073.997,6075.998,0.0016
03.05.2019 07:47:00.000,6077.997,6077.998,6076.997,6076.998,0.0012
03.05.2019 07:48:00.000,6077.997,6080.998,6077.997,6080.997,0.002
03.05.2019 07:49:00.000,6080.997,6089.998,6080.997,6089.998,0.0043
03.05.2019 07:50:00.000,6089.998,6091.998,6088.998,6088.998,0.0028
03.05.2019 07:51:00.000,6088.998,6090.997,6088.998,6090.997,0.0022
03.05.2019 07:52:00.000,6090.998,6091.998,6088.997,6090.998,0.0044
03.05.2019 07:53:00.000,6090.997,6092.998,6089.998,6092.998,0.0031
03.05.2019 07:54:00.000,6092.997,6097.998,6092.997,6094.998,0.002
03.05.2019 07:55:00.000,6094.997,6103.998,6094.997,6102.998,0.0048
03.05.2019 07:56:00.000,6101.998,6101.998,6099.997,6100.997,0.0046
03.05.2019 07:57:00.000,6100.998,6101.998,6100.997,6100.998,0.0043
03.05.2019 07:58:00.000,6100.998,6100.998,6094.997,6095.998,0.0017
03.05.2019 07:59:00.000,6095.997,6096.998,6092.997,6095.998,0.0058
03.05.2019 08:00:00.000,6095.997,6096.998,6095.997,6095.998,0.0034
03.05.2019 08:01:00.000,6095.998,6095.998,6094.997,6094.998,0.0011
03.05.2019 08:02:00.000,6096.998,6096.998,6093.997,6093.998,0.0061
03.05.2019 08:03:00.000,6094.998,6098.998,6093.998,6097.997,0.005
03.05.2019 08:04:00.000,6097.998,6097.998,6094.997,6097.998,0.0053
03.05.2019 08:05:00.000,6099.998,6099.998,6098.998,6099.997,0.0015
03.05.2019 08:06:00.000,6099.998,6102.998,6098.997,6100.997,0.009
03.05.2019 08:07:00.000,6102.997,6102.997,6097.997,6098.998,0.0041
03.05.2019 08:08:00.000,6097.998,6097.998,6097.997,6097.997,0.0022
03.05.2019 08:09:00.000,6097.998,6097.998,6096.997,6096.997,0.0028
03.05.2019 08:11:00.000,6096.997,6101.998,6096.997,6101.998,0.003
03.05.2019 08:12:00.000,6101.998,6101.998,6097.998,6097.998,0.0023
03.05.2019 08:13:00.000,6096.998,6102.998,6096.998,6102.998,0.0032
03.05.2019 08:14:00.000,6101.998,6102.998,6101.997,6102.997,0.0018
03.05.2019 08:15:00.000,6103.998,6107.998,6102.998,6107.998,0.0027
03.05.2019 08:16:00.000,6106.997,6107.998,6103.998,6105.998,0.0034
03.05.2019 08:17:00.000,6105.998,6105.998,6103.997,6103.997,0.0005
03.05.2019 08:18:00.000,6103.997,6103.998,6101.998,6101.998,0.0003
03.05.2019 08:19:00.000,6101.997,6102.998,6101.997,6102.998,0.003
03.05.2019 08:20:00.000,6103.998,6103.998,6100.997,6102.997,0.0023
03.05.2019 08:21:00.000,6102.998,6102.998,6102.997,6102.997,0.0001
03.05.2019 08:22:00.000,6102.998,6102.998,6100.997,6100.998,0.002
03.05.2019 08:23:00.000,6101.998,6101.998,6098.997,6098.997,0.0023
03.05.2019 08:24:00.000,6098.997,6098.997,6096.997,6096.998,0.0005
03.05.2019 08:25:00.000,6095.998,6095.998,6092.997,6092.997,0.0025
03.05.2019 08:26:00.000,6092.998,6092.998,6090.997,6090.997,0.001
03.05.2019 08:27:00.000,6090.998,6090.998,6090.998,6090.998,0.0001
03.05.2019 08:28:00.000,6090.998,6091.998,6089.997,6090.998,0.0009
03.05.2019 08:29:00.000,6091.997,6091.998,6089.998,6090.998,0.0012
03.05.2019 08:30:00.000,6091.997,6093.998,6091.997,6092.997,0.0033
03.05.2019 08:31:00.000,6092.998,6092.998,6091.997,6091.997,0.0006
03.05.2019 08:32:00.000,6092.997,6092.998,6089.998,6092.998,0.0023
03.05.2019 08:33:00.000,6092.997,6093.998,6090.997,6093.998,0.0114
03.05.2019 08:34:00.000,6093.997,6093.997,6090.997,6090.998,0.001
03.05.2019 08:35:00.000,6091.997,6093.998,6091.997,6093.998,0.0064
03.05.2019 08:36:00.000,6094.997,6102.998,6094.997,6100.998,0.003
03.05.2019 08:37:00.000,6100.998,6104.998,6098.998,6104.998,0.0015
03.05.2019 08:38:00.000,6104.997,6104.997,6104.997,6104.997,0.0001
03.05.2019 08:39:00.000,6103.998,6106.998,6103.997,6106.997,0.0022
03.05.2019 08:40:00.000,6106.998,6108.998,6106.998,6108.998,0.001
03.05.2019 08:41:00.000,6108.998,6111.998,6108.997,6110.997,0.0054
03.05.2019 08:42:00.000,6108.998,6110.998,6106.998,6107.998,0.0014
03.05.2019 08:43:00.000,6107.997,6107.998,6096.998,6096.998,0.0029
03.05.2019 08:44:00.000,6096.997,6096.998,6095.998,6095.998,0.0015
03.05.2019 08:45:00.000,6095.997,6102.998,6095.997,6101.998,0.0031
03.05.2019 08:46:00.000,6102.998,6102.998,6102.997,6102.998,0.0004
03.05.2019 08:47:00.000,6102.998,6105.997,6102.997,6103.998,0.0042
03.05.2019 08:48:00.000,6103.997,6105.997,6103.997,6104.998,0.0019
03.05.2019 08:49:00.000,6104.998,6104.998,6101.997,6101.997,0.0022
03.05.2019 08:50:00.000,6101.998,6102.998,6101.997,6102.998,0.0034
03.05.2019 08:51:00.000,6102.997,6102.998,6101.997,6101.997,0.0035
03.05.2019 08:52:00.000,6102.997,6103.998,6101.998,6102.997,0.0051
03.05.2019 08:53:00.000,6102.997,6103.998,6102.997,6103.998,0.0027
03.05.2019 08:54:00.000,6101.998,6102.998,6101.997,6102.998,0.0016
03.05.2019 08:55:00.000,6102.997,6106.998,6102.997,6105.997,0.003
03.05.2019 08:56:00.000,6105.998,6105.998,6105.997,6105.998,0.0021
03.05.2019 08:57:00.000,6106.997,6106.998,6106.997,6106.998,0.0003
03.05.2019 08:58:00.000,6107.998,6107.998,6104.998,6104.998,0.0027
03.05.2019 08:59:00.000,6104.998,6106.998,6104.998,6106.998,0.0006
03.05.2019 09:00:00.000,6106.997,6106.997,6103.997,6105.997,0.0043
03.05.2019 09:01:00.000,6105.998,6106.998,6104.998,6106.997,0.0014
03.05.2019 09:02:00.000,6106.998,6111.998,6106.997,6110.998,0.0044
03.05.2019 09:03:00.000,6110.998,6117.998,6110.998,6113.997,0.0083
03.05.2019 09:04:00.000,6112.997,6112.998,6107.998,6107.998,0.0071
03.05.2019 09:05:00.000,6107.997,6107.998,6106.998,6106.998,0.0005
03.05.2019 09:06:00.000,6107.997,6107.997,6102.997,6102.997,0.0044
03.05.2019 09:07:00.000,6102.998,6103.998,6102.997,6102.998,0.0004
03.05.2019 09:08:00.000,6102.997,6102.998,6100.997,6100.997,0.0044
03.05.2019 09:09:00.000,6100.997,6101.998,6098.997,6101.998,0.0032
03.05.2019 09:10:00.000,6101.997,6105.998,6101.997,6104.997,0.0033
03.05.2019 09:11:00.000,6103.997,6107.998,6103.997,6107.998,0.0062
03.05.2019 09:12:00.000,6106.998,6109.998,6106.997,6106.998,0.0024
03.05.2019 09:13:00.000,6105.998,6107.998,6105.997,6107.998,0.0026
03.05.2019 09:14:00.000,6107.997,6107.998,6107.997,6107.998,0.0004
03.05.2019 09:15:00.000,6107.997,6108.998,6107.997,6108.997,0.0017
03.05.2019 09:16:00.000,6108.997,6108.997,6105.998,6105.998,0.0021
03.05.2019 09:17:00.000,6105.997,6105.998,6104.997,6104.998,0.0003
03.05.2019 09:18:00.000,6104.997,6105.997,6104.997,6104.998,0.0007
03.05.2019 09:19:00.000,6104.998,6104.998,6103.997,6103.998,0.0019
03.05.2019 09:20:00.000,6105.750,6106.998,6104.997,6104.998,0.0044
03.05.2019 09:21:00.000,6105.997,6109.998,6105.997,6108.998,0.0034
03.05.2019 09:22:00.000,6108.997,6108.998,6108.997,6108.997,0.0064
03.05.2019 09:23:00.000,6109.997,6109.997,6106.998,6106.998,0.0012
03.05.2019 09:24:00.000,6106.997,6106.997,6103.997,6104.998,0.0022
03.05.2019 09:25:00.000,6104.997,6104.998,6102.997,6103.997,0.0036
03.05.2019 09:26:00.000,6103.998,6103.998,6103.997,6103.998,0.0025
03.05.2019 09:27:00.000,6103.997,6113.998,6103.997,6108.998,0.0113
03.05.2019 09:28:00.000,6108.997,6108.998,6103.997,6105.998,0.0077
03.05.2019 09:29:00.000,6105.997,6107.998,6101.997,6102.997,0.0148
03.05.2019 09:30:00.000,6102.998,6102.998,6101.997,6101.998,0.0004
03.05.2019 09:31:00.000,6102.998,6108.998,6102.998,6105.998,0.0128
03.05.2019 09:32:00.000,6105.997,6105.998,6103.997,6103.998,0.0028
03.05.2019 09:33:00.000,6103.997,6103.998,6103.997,6103.997,0.0011
03.05.2019 09:34:00.000,6103.998,6103.998,6103.997,6103.998,0.001
03.05.2019 09:35:00.000,6103.997,6104.998,6103.997,6104.998,0.0022
03.05.2019 09:36:00.000,6104.997,6106.998,6104.997,6106.998,0.0041
03.05.2019 09:37:00.000,6105.998,6106.997,6105.997,6105.997,0.0021
03.05.2019 09:38:00.000,6102.998,6103.998,6102.997,6102.998,0.0025
03.05.2019 09:39:00.000,6102.997,6102.998,6102.997,6102.997,0.0009
03.05.2019 09:40:00.000,6103.998,6103.998,6100.997,6102.997,0.0038
03.05.2019 09:41:00.000,6102.997,6102.997,6096.997,6097.997,0.0037
03.05.2019 09:42:00.000,6097.998,6097.998,6096.997,6097.998,0.0041
03.05.2019 09:43:00.000,6097.998,6098.998,6097.997,6097.998,0.0091
03.05.2019 09:44:00.000,6097.998,6097.998,6094.997,6096.998,0.0023
03.05.2019 09:45:00.000,6096.998,6097.998,6096.997,6097.998,0.0017
03.05.2019 09:47:00.000,6097.997,6097.997,6093.998,6093.998,0.0024
03.05.2019 09:48:00.000,6093.997,6095.998,6093.997,6095.997,0.0012
03.05.2019 09:49:00.000,6095.998,6095.998,6093.997,6093.998,0.0046
03.05.2019 09:50:00.000,6093.998,6095.998,6091.998,6095.998,0.0085
03.05.2019 09:51:00.000,6096.998,6096.998,6093.997,6094.997,0.0025
03.05.2019 09:52:00.000,6094.998,6095.997,6094.997,6094.998,0.0019
03.05.2019 09:53:00.000,6093.998,6094.997,6091.997,6091.998,0.0041
03.05.2019 09:54:00.000,6091.997,6091.998,6090.997,6091.997,0.0014
03.05.2019 09:55:00.000,6091.998,6091.998,6091.997,6091.998,0.0005
03.05.2019 09:57:00.000,6092.998,6093.998,6091.997,6092.998,0.0034
03.05.2019 09:58:00.000,6092.997,6094.998,6089.998,6093.998,0.0101
03.05.2019 09:59:00.000,6094.998,6095.998,6093.998,6093.998,0.0016
03.05.2019 10:00:00.000,6093.998,6093.998,6091.997,6092.998,0.002
03.05.2019 10:01:00.000,6092.997,6092.998,6091.997,6092.997,0.0009
03.05.2019 10:02:00.000,6092.997,6092.997,6090.997,6090.998,0.0025
03.05.2019 10:03:00.000,6090.998,6095.997,6089.997,6094.998,0.0059
03.05.2019 10:04:00.000,6094.998,6096.998,6094.998,6096.997,0.0011
03.05.2019 10:05:00.000,6096.998,6096.998,6093.998,6094.998,0.0006
03.05.2019 10:06:00.000,6094.997,6095.998,6094.997,6095.998,0.0024
03.05.2019 10:07:00.000,6096.998,6096.998,6095.998,6095.998,0.0007
03.05.2019 10:08:00.000,6097.998,6097.998,6094.997,6094.997,0.0014
03.05.2019 10:09:00.000,6094.997,6095.997,6094.997,6094.998,0.0007
03.05.2019 10:10:00.000,6094.997,6095.998,6094.997,6095.998,0.0016
03.05.2019 10:11:00.000,6094.997,6094.998,6093.997,6094.998,0.003
03.05.2019 10:12:00.000,6094.997,6094.998,6092.997,6093.998,0.0015
03.05.2019 10:13:00.000,6093.998,6093.998,6089.998,6089.998,0.001
03.05.2019 10:14:00.000,6089.997,6089.998,6088.997,6088.998,0.0012
03.05.2019 10:15:00.000,6087.997,6087.998,6086.998,6086.998,0.0019
03.05.2019 10:16:00.000,6086.997,6086.998,6086.997,6086.997,0.0007
03.05.2019 10:17:00.000,6086.998,6086.998,6086.997,6086.997,0.0002
03.05.2019 10:18:00.000,6086.998,6087.998,6086.997,6087.998,0.0023
03.05.2019 10:19:00.000,6087.997,6087.998,6086.997,6087.998,0.0013
03.05.2019 10:20:00.000,6086.998,6086.998,6081.998,6081.998,0.0016
03.05.2019 10:21:00.000,6082.998,6083.998,6081.997,6083.997,0.0019
03.05.2019 10:22:00.000,6083.998,6083.998,6081.997,6081.998,0.0012
03.05.2019 10:23:00.000,6081.997,6081.998,6081.997,6081.998,0.0009
03.05.2019 10:24:00.000,6081.998,6081.998,6081.997,6081.998,0.002
03.05.2019 10:25:00.000,6081.998,6084.998,6081.997,6084.998,0.0071
03.05.2019 10:26:00.000,6084.997,6084.998,6084.997,6084.998,0.0011
03.05.2019 10:27:00.000,6084.997,6086.998,6082.997,6085.998,0.0054
03.05.2019 10:28:00.000,6086.997,6089.998,6086.997,6089.998,0.0019
03.05.2019 10:29:00.000,6089.998,6089.998,6089.997,6089.997,0.0025
03.05.2019 10:30:00.000,6089.998,6090.998,6089.997,6089.998,0.0026
03.05.2019 10:31:00.000,6090.997,6090.997,6090.997,6090.997,0.0002
03.05.2019 10:32:00.000,6091.998,6092.997,6090.997,6092.997,0.0053
03.05.2019 10:33:00.000,6092.998,6092.998,6091.997,6092.998,0.0057
03.05.2019 10:34:00.000,6092.997,6098.998,6092.997,6097.998,0.0034
03.05.2019 10:35:00.000,6098.998,6098.998,6097.997,6098.997,0.0011
03.05.2019 10:36:00.000,6097.997,6097.998,6095.997,6095.998,0.001
03.05.2019 10:37:00.000,6095.998,6095.998,6095.997,6095.998,0.0006
03.05.2019 10:38:00.000,6095.997,6095.998,6092.997,6092.998,0.0017
03.05.2019 10:39:00.000,6092.998,6095.997,6092.997,6094.998,0.0029
03.05.2019 10:40:00.000,6094.997,6097.998,6094.997,6097.998,0.0029
03.05.2019 10:41:00.000,6097.998,6097.998,6094.997,6096.997,0.0027
03.05.2019 10:42:00.000,6096.998,6096.998,6094.998,6096.998,0.0009
03.05.2019 10:43:00.000,6096.997,6098.998,6096.997,6097.997,0.0019
03.05.2019 10:44:00.000,6097.998,6097.998,6096.998,6096.998,0.0003
03.05.2019 10:45:00.000,6096.997,6096.998,6095.997,6095.997,0.0006
03.05.2019 10:46:00.000,6094.997,6094.998,6093.997,6093.998,0.0013
03.05.2019 10:47:00.000,6093.998,6094.997,6093.998,6093.998,0.001
03.05.2019 10:48:00.000,6093.998,6094.998,6093.997,6094.997,0.0012
03.05.2019 10:49:00.000,6094.998,6097.998,6094.998,6097.998,0.0021
03.05.2019 10:50:00.000,6096.997,6097.998,6096.997,6096.998,0.0008
03.05.2019 10:51:00.000,6096.997,6096.998,6095.997,6095.997,0.0016
03.05.2019 10:52:00.000,6095.998,6097.998,6095.997,6097.998,0.0024
03.05.2019 10:53:00.000,6097.997,6097.998,6094.997,6095.998,0.0015
03.05.2019 10:54:00.000,6095.997,6095.997,6092.997,6092.997,0.0025
03.05.2019 10:55:00.000,6092.750,6092.998,6089.997,6091.998,0.0017
03.05.2019 10:56:00.000,6091.997,6091.998,6090.998,6090.998,0.001
03.05.2019 10:57:00.000,6091.997,6093.998,6091.997,6093.997,0.0013
03.05.2019 10:58:00.000,6092.997,6093.998,6092.997,6093.997,0.0007
03.05.2019 10:59:00.000,6093.998,6093.998,6092.998,6093.998,0.001
03.05.2019 11:00:00.000,6093.997,6093.997,6092.998,6092.998,0.0001
03.05.2019 11:02:00.000,6092.500,6092.500,6087.997,6091.998,0.0025
03.05.2019 11:03:00.000,6091.997,6092.998,6091.997,6091.998,0.0012
03.05.2019 11:04:00.000,6091.997,6091.997,6089.997,6089.998,0.0006
03.05.2019 11:05:00.000,6089.997,6093.998,6088.998,6092.997,0.0032
03.05.2019 11:06:00.000,6092.998,6094.998,6092.998,6094.998,0.0026
03.05.2019 11:07:00.000,6094.997,6094.997,6094.997,6094.997,0.0006
03.05.2019 11:08:00.000,6094.997,6095.998,6094.997,6095.998,0.0005
03.05.2019 11:09:00.000,6095.997,6095.997,6092.997,6092.998,0.0012
03.05.2019 11:10:00.000,6091.997,6091.998,6091.997,6091.998,0.0003
03.05.2019 11:11:00.000,6089.998,6089.998,6089.997,6089.998,0.0011
03.05.2019 11:12:00.000,6089.998,6089.998,6088.998,6088.998,0.0003
03.05.2019 11:13:00.000,6088.997,6088.997,6088.997,6088.997,0.0001
03.05.2019 11:14:00.000,6089.998,6089.998,6087.997,6087.998,0.0028
03.05.2019 11:15:00.000,6087.997,6087.998,6087.997,6087.997,0.0017
03.05.2019 11:16:00.000,6086.997,6086.998,6084.997,6084.997,0.0017
03.05.2019 11:17:00.000,6084.998,6088.998,6084.998,6088.998,0.0007
03.05.2019 11:18:00.000,6088.997,6090.998,6088.997,6090.998,0.0005
03.05.2019 11:20:00.000,6090.997,6091.998,6090.997,6090.998,0.0027
03.05.2019 11:21:00.000,6091.998,6094.998,6091.997,6092.997,0.0082
03.05.2019 11:22:00.000,6093.998,6094.998,6093.997,6093.997,0.0032
03.05.2019 11:23:00.000,6093.998,6095.998,6093.997,6094.998,0.005
03.05.2019 11:24:00.000,6095.998,6095.998,6095.997,6095.998,0.0013
03.05.2019 11:25:00.000,6095.997,6096.998,6095.997,6095.997,0.0018
03.05.2019 11:26:00.000,6095.998,6096.998,6095.997,6096.998,0.0011
03.05.2019 11:27:00.000,6096.998,6097.998,6095.997,6095.997,0.0008
03.05.2019 11:28:00.000,6095.998,6095.998,6095.997,6095.998,0.003
03.05.2019 11:29:00.000,6095.997,6095.998,6095.997,6095.998,0.0012
03.05.2019 11:30:00.000,6095.998,6096.998,6095.998,6096.998,0.0004
03.05.2019 11:31:00.000,6096.998,6096.998,6096.997,6096.997,0.0006
03.05.2019 11:32:00.000,6096.998,6096.998,6096.998,6096.998,0.0001
03.05.2019 11:33:00.000,6096.997,6098.998,6096.997,6096.997,0.002
03.05.2019 11:34:00.000,6097.997,6097.997,6096.997,6096.997,0.0025
03.05.2019 11:35:00.000,6097.998,6097.998,6096.997,6096.998,0.002
03.05.2019 11:36:00.000,6097.998,6097.998,6095.997,6095.998,0.0005
03.05.2019 11:37:00.000,6095.997,6095.998,6095.997,6095.998,0.0008
03.05.2019 11:38:00.000,6096.998,6097.998,6096.997,6097.998,0.0017
03.05.2019 11:39:00.000,6097.997,6097.998,6095.998,6096.998,0.0012
03.05.2019 11:40:00.000,6095.998,6095.998,6095.998,6095.998,0.0002
03.05.2019 11:41:00.000,6096.997,6096.998,6096.997,6096.998,0.0008
03.05.2019 11:42:00.000,6096.997,6096.998,6096.997,6096.998,0.0005
03.05.2019 11:43:00.000,6096.997,6097.997,6096.997,6096.998,0.0013
03.05.2019 11:44:00.000,6097.997,6097.998,6095.997,6095.998,0.0022
03.05.2019 11:45:00.000,6095.997,6095.998,6094.997,6095.997,0.0024
03.05.2019 11:46:00.000,6095.998,6096.998,6095.997,6096.998,0.0011
03.05.2019 11:47:00.000,6096.997,6096.998,6096.997,6096.998,0.0024
03.05.2019 11:48:00.000,6096.998,6096.998,6095.998,6095.998,0.0015
03.05.2019 11:49:00.000,6095.997,6095.998,6095.997,6095.998,0.0005
03.05.2019 11:51:00.000,6095.997,6095.998,6095.997,6095.998,0.0023
03.05.2019 11:52:00.000,6096.997,6096.998,6095.997,6095.998,0.0019
03.05.2019 11:53:00.000,6095.997,6096.998,6095.997,6096.998,0.0037
03.05.2019 11:54:00.000,6096.997,6096.998,6096.997,6096.997,0.003
03.05.2019 11:55:00.000,6096.998,6096.998,6096.997,6096.998,0.0038
03.05.2019 11:56:00.000,6097.997,6097.997,6096.997,6096.998,0.0038
03.05.2019 11:57:00.000,6097.998,6097.998,6095.997,6096.998,0.001
03.05.2019 11:58:00.000,6096.998,6097.998,6096.998,6096.998,0.0019
03.05.2019 11:59:00.000,6096.998,6098.998,6096.998,6098.998,0.0012
03.05.2019 12:00:00.000,6098.998,6098.998,6096.997,6096.998,0.0016
03.05.2019 12:01:00.000,6096.997,6097.998,6095.998,6097.998,0.0028
03.05.2019 12:02:00.000,6096.997,6096.997,6095.997,6095.998,0.0012
03.05.2019 12:03:00.000,6095.997,6097.998,6094.997,6094.997,0.0022
03.05.2019 12:04:00.000,6094.998,6094.998,6094.997,6094.997,0.0002
03.05.2019 12:05:00.000,6094.998,6096.998,6094.997,6095.997,0.0011
03.05.2019 12:06:00.000,6095.998,6096.998,6095.997,6096.998,0.002
03.05.2019 12:07:00.000,6096.997,6096.998,6095.997,6095.997,0.0017
03.05.2019 12:08:00.000,6095.998,6097.998,6095.998,6096.997,0.0031
03.05.2019 12:09:00.000,6096.998,6097.998,6096.997,6097.998,0.0019
03.05.2019 12:10:00.000,6096.998,6097.997,6096.998,6097.997,0.0004
03.05.2019 12:11:00.000,6097.998,6097.998,6097.998,6097.998,0.0001
03.05.2019 12:12:00.000,6097.998,6097.998,6096.997,6096.998,0.0022
03.05.2019 12:13:00.000,6096.997,6096.998,6095.997,6095.997,0.0008
03.05.2019 12:14:00.000,6095.998,6095.998,6094.998,6094.998,0.0002
03.05.2019 12:15:00.000,6093.998,6093.998,6093.997,6093.998,0.0004
03.05.2019 12:16:00.000,6093.997,6093.997,6091.998,6091.998,0.0011
03.05.2019 12:17:00.000,6091.997,6091.997,6087.997,6088.998,0.0021
03.05.2019 12:18:00.000,6088.997,6089.998,6088.997,6089.997,0.0035
03.05.2019 12:19:00.000,6089.997,6089.998,6087.997,6087.998,0.002
03.05.2019 12:20:00.000,6087.997,6087.998,6087.997,6087.998,0.0009
03.05.2019 12:21:00.000,6087.997,6090.998,6087.997,6090.997,0.0032
03.05.2019 12:22:00.000,6090.998,6092.998,6090.997,6092.998,0.0062
03.05.2019 12:23:00.000,6093.998,6093.998,6092.997,6092.997,0.0026
03.05.2019 12:24:00.000,6092.998,6092.998,6092.997,6092.997,0.0023
03.05.2019 12:25:00.000,6092.998,6092.998,6092.997,6092.997,0.0033
03.05.2019 12:26:00.000,6092.998,6092.998,6092.997,6092.997,0.0011
03.05.2019 12:27:00.000,6092.998,6092.998,6092.997,6092.997,0.0031
03.05.2019 12:28:00.000,6092.998,6092.998,6085.998,6085.998,0.0028
03.05.2019 12:29:00.000,6086.998,6088.998,6086.998,6087.998,0.0016
03.05.2019 12:30:00.000,6087.997,6092.998,6087.997,6092.997,0.0041
03.05.2019 12:31:00.000,6092.998,6092.998,6085.997,6086.998,0.008
03.05.2019 12:32:00.000,6086.997,6087.998,6086.997,6087.997,0.0077
03.05.2019 12:33:00.000,6087.998,6089.998,6087.997,6089.998,0.0004
03.05.2019 12:34:00.000,6089.997,6090.998,6089.997,6090.997,0.0046
03.05.2019 12:35:00.000,6090.998,6093.998,6090.997,6093.997,0.0051
03.05.2019 12:36:00.000,6093.998,6094.998,6093.998,6094.997,0.0064
03.05.2019 12:37:00.000,6094.998,6094.998,6091.997,6092.997,0.0037
03.05.2019 12:38:00.000,6092.998,6092.998,6088.998,6090.998,0.0039
03.05.2019 12:39:00.000,6091.998,6091.998,6090.997,6090.998,0.0019
03.05.2019 12:40:00.000,6091.998,6092.998,6090.997,6090.998,0.0064
03.05.2019 12:41:00.000,6090.997,6092.998,6090.997,6091.998,0.0025
03.05.2019 12:42:00.000,6092.998,6093.998,6091.998,6093.998,0.0019
03.05.2019 12:43:00.000,6093.998,6097.998,6093.998,6094.998,0.0038
03.05.2019 12:44:00.000,6094.997,6096.998,6094.997,6095.998,0.004
03.05.2019 12:45:00.000,6095.997,6096.998,6093.998,6093.998,0.0027
03.05.2019 12:46:00.000,6093.997,6094.998,6092.997,6094.997,0.0022
03.05.2019 12:47:00.000,6095.998,6095.998,6093.997,6094.997,0.0028
03.05.2019 12:48:00.000,6094.998,6096.998,6094.998,6096.998,0.0005
03.05.2019 12:49:00.000,6095.998,6095.998,6094.997,6094.997,0.0007
03.05.2019 12:50:00.000,6094.998,6095.998,6094.997,6094.998,0.0006
03.05.2019 12:51:00.000,6095.998,6096.998,6095.997,6095.998,0.0037
03.05.2019 12:52:00.000,6096.998,6096.998,6093.997,6093.997,0.0033
03.05.2019 12:53:00.000,6093.998,6093.998,6092.997,6092.997,0.001
03.05.2019 12:54:00.000,6092.998,6093.998,6092.997,6093.997,0.0012
03.05.2019 12:55:00.000,6093.998,6094.998,6093.997,6094.997,0.0004
03.05.2019 12:56:00.000,6094.998,6094.998,6085.997,6087.998,0.005
03.05.2019 12:57:00.000,6085.998,6086.998,6085.997,6085.998,0.0022
03.05.2019 12:58:00.000,6085.998,6086.998,6085.997,6086.998,0.0021
03.05.2019 12:59:00.000,6086.997,6087.998,6084.997,6086.998,0.0028
03.05.2019 13:00:00.000,6086.998,6087.998,6086.998,6087.997,0.0011
03.05.2019 13:01:00.000,6087.998,6087.998,6082.998,6084.998,0.0025
03.05.2019 13:02:00.000,6085.998,6089.998,6083.997,6087.998,0.0069
03.05.2019 13:03:00.000,6087.998,6090.998,6087.998,6090.998,0.0058
03.05.2019 13:04:00.000,6090.997,6090.997,6085.997,6086.997,0.0065
03.05.2019 13:05:00.000,6086.998,6087.998,6085.997,6087.998,0.0029
03.05.2019 13:06:00.000,6086.998,6087.998,6085.997,6085.997,0.0064
03.05.2019 13:07:00.000,6085.998,6086.998,6085.998,6085.998,0.001
03.05.2019 13:08:00.000,6085.997,6085.998,6084.997,6085.998,0.0039
03.05.2019 13:09:00.000,6085.998,6085.998,6083.997,6083.998,0.0017
03.05.2019 13:10:00.000,6083.997,6084.998,6083.997,6083.998,0.001
03.05.2019 13:11:00.000,6083.997,6086.998,6083.997,6086.998,0.0028
03.05.2019 13:12:00.000,6086.997,6087.998,6086.997,6086.997,0.0043
03.05.2019 13:13:00.000,6087.997,6091.998,6087.997,6091.998,0.0041
03.05.2019 13:14:00.000,6091.998,6091.998,6090.997,6090.997,0.0033
03.05.2019 13:15:00.000,6090.998,6090.998,6088.997,6089.998,0.002
03.05.2019 13:16:00.000,6089.997,6091.998,6089.997,6091.998,0.0021
03.05.2019 13:17:00.000,6090.998,6091.998,6089.997,6089.998,0.0045
03.05.2019 13:18:00.000,6089.997,6095.998,6088.997,6094.998,0.0042
03.05.2019 13:19:00.000,6093.997,6093.998,6090.998,6091.998,0.0035
03.05.2019 13:20:00.000,6092.998,6094.998,6090.997,6091.998,0.0035
03.05.2019 13:21:00.000,6092.998,6092.998,6091.997,6091.998,0.003
03.05.2019 13:22:00.000,6092.998,6092.998,6090.997,6091.998,0.0014
03.05.2019 13:23:00.000,6090.997,6091.998,6090.997,6090.997,0.0009
03.05.2019 13:24:00.000,6090.998,6093.998,6090.998,6092.998,0.0023
03.05.2019 13:25:00.000,6092.997,6093.998,6091.998,6091.998,0.0018
03.05.2019 13:26:00.000,6091.997,6091.997,6090.997,6090.997,0.0009
03.05.2019 13:27:00.000,6090.998,6091.997,6090.997,6090.998,0.0034
03.05.2019 13:28:00.000,6091.998,6091.998,6089.997,6090.998,0.0033
03.05.2019 13:29:00.000,6090.997,6090.997,6088.997,6088.998,0.006
03.05.2019 13:30:00.000,6088.998,6090.998,6086.998,6086.998,0.0137
03.05.2019 13:31:00.000,6086.997,6088.998,6086.997,6086.998,0.0047
03.05.2019 13:32:00.000,6087.998,6090.998,6086.997,6086.998,0.0077
03.05.2019 13:33:00.000,6086.997,6089.998,6084.998,6088.998,0.006
03.05.2019 13:34:00.000,6088.998,6089.998,6086.997,6087.997,0.0059
03.05.2019 13:35:00.000,6087.998,6088.998,6086.997,6087.998,0.0039
03.05.2019 13:36:00.000,6087.998,6088.998,6086.997,6087.998,0.0061
03.05.2019 13:37:00.000,6088.998,6088.998,6087.997,6088.998,0.0057
03.05.2019 13:38:00.000,6087.998,6087.998,6082.997,6083.998,0.0052
03.05.2019 13:39:00.000,6082.998,6083.997,6080.997,6081.998,0.002
03.05.2019 13:40:00.000,6082.998,6084.998,6082.997,6083.997,0.0018
03.05.2019 13:41:00.000,6083.998,6083.998,6081.997,6081.997,0.001
03.05.2019 13:42:00.000,6081.998,6081.998,6079.997,6080.998,0.0035
03.05.2019 13:43:00.000,6080.997,6080.997,6079.997,6079.998,0.0057
03.05.2019 13:44:00.000,6079.997,6079.997,6076.997,6076.998,0.0025
03.05.2019 13:45:00.000,6077.997,6078.998,6074.997,6078.998,0.0072
03.05.2019 13:46:00.000,6078.997,6080.998,6078.997,6078.998,0.0038
03.05.2019 13:47:00.000,6078.997,6079.998,6078.997,6079.998,0.0029
03.05.2019 13:48:00.000,6081.998,6082.998,6077.997,6077.998,0.0044
03.05.2019 13:49:00.000,6077.997,6078.998,6077.997,6077.997,0.0061
03.05.2019 13:50:00.000,6077.998,6077.998,6076.997,6076.997,0.0027
03.05.2019 13:51:00.000,6076.998,6077.998,6075.998,6075.998,0.0019
03.05.2019 13:52:00.000,6075.997,6075.998,6070.998,6070.998,0.0022
03.05.2019 13:53:00.000,6071.998,6077.998,6071.998,6077.998,0.0026
03.05.2019 13:54:00.000,6078.997,6078.998,6076.998,6077.997,0.006
03.05.2019 13:55:00.000,6077.998,6078.998,6077.997,6077.997,0.0061
03.05.2019 13:56:00.000,6077.998,6078.998,6077.997,6078.998,0.0077
03.05.2019 13:57:00.000,6078.997,6081.998,6077.998,6081.998,0.0102
03.05.2019 13:58:00.000,6081.997,6081.998,6081.997,6081.998,0.0015
03.05.2019 13:59:00.000,6081.998,6082.998,6081.997,6082.998,0.0056
03.05.2019 14:00:00.000,6083.998,6084.998,6081.997,6082.998,0.0076
03.05.2019 14:01:00.000,6082.997,6083.998,6082.997,6083.998,0.0034
03.05.2019 14:02:00.000,6084.998,6087.998,6083.998,6087.998,0.0079
03.05.2019 14:03:00.000,6087.998,6087.998,6086.997,6086.998,0.0032
03.05.2019 14:04:00.000,6086.997,6088.998,6086.997,6088.998,0.0037
03.05.2019 14:05:00.000,6088.998,6090.998,6088.998,6090.997,0.0156
03.05.2019 14:06:00.000,6090.998,6092.998,6090.997,6092.998,0.0165
03.05.2019 14:07:00.000,6092.997,6092.998,6089.997,6090.997,0.011
03.05.2019 14:08:00.000,6090.998,6090.998,6089.997,6089.998,0.0054
03.05.2019 14:09:00.000,6089.997,6090.998,6086.997,6086.997,0.0061
03.05.2019 14:10:00.000,6086.998,6086.998,6086.997,6086.998,0.001
03.05.2019 14:11:00.000,6086.997,6086.997,6081.997,6083.997,0.008
03.05.2019 14:12:00.000,6083.998,6083.998,6082.997,6082.998,0.0026
03.05.2019 14:13:00.000,6083.998,6085.998,6083.997,6084.998,0.0039
03.05.2019 14:14:00.000,6084.998,6086.998,6084.998,6086.998,0.0045
03.05.2019 14:15:00.000,6087.997,6087.998,6084.997,6085.998,0.0048
03.05.2019 14:16:00.000,6085.998,6085.998,6081.997,6082.997,0.0066
03.05.2019 14:17:00.000,6082.998,6083.998,6080.998,6081.998,0.0062
03.05.2019 14:18:00.000,6081.998,6081.998,6079.997,6079.998,0.0066
03.05.2019 14:19:00.000,6079.998,6079.998,6075.997,6075.998,0.0044
03.05.2019 14:20:00.000,6075.998,6077.998,6074.997,6075.997,0.0117
03.05.2019 14:21:00.000,6074.997,6075.998,6074.997,6074.997,0.0041
03.05.2019 14:22:00.000,6075.997,6075.998,6072.997,6073.998,0.0044
03.05.2019 14:23:00.000,6072.997,6075.998,6072.997,6075.997,0.0056
03.05.2019 14:24:00.000,6075.998,6078.997,6075.998,6077.998,0.0069
03.05.2019 14:25:00.000,6077.750,6077.750,6072.998,6073.997,0.006
03.05.2019 14:26:00.000,6073.998,6073.998,6071.998,6073.998,0.0046
03.05.2019 14:27:00.000,6074.997,6074.998,6070.997,6070.997,0.003
03.05.2019 14:28:00.000,6070.998,6076.998,6070.997,6075.998,0.0038
03.05.2019 14:30:00.000,6075.997,6076.997,6073.998,6075.997,0.0047
03.05.2019 14:31:00.000,6075.998,6076.998,6075.997,6076.998,0.0012
03.05.2019 14:32:00.000,6076.997,6076.998,6075.997,6075.997,0.0019
03.05.2019 14:33:00.000,6076.998,6079.998,6075.998,6078.998,0.0047
03.05.2019 14:34:00.000,6078.997,6078.998,6075.997,6076.997,0.0034
03.05.2019 14:35:00.000,6076.998,6076.998,6074.998,6075.998,0.0013
03.05.2019 14:36:00.000,6076.997,6076.998,6076.997,6076.998,0.0007
03.05.2019 14:37:00.000,6076.997,6076.998,6076.997,6076.998,0.0027
03.05.2019 14:38:00.000,6076.997,6076.998,6076.997,6076.998,0.0022
03.05.2019 14:39:00.000,6076.998,6077.998,6075.997,6075.997,0.0047
03.05.2019 14:40:00.000,6075.998,6075.998,6074.997,6074.998,0.0049
03.05.2019 14:41:00.000,6073.997,6075.998,6072.997,6075.998,0.0059
03.05.2019 14:42:00.000,6074.998,6075.998,6072.998,6075.998,0.0056
03.05.2019 14:43:00.000,6075.997,6075.997,6074.997,6074.997,0.0037
03.05.2019 14:44:00.000,6074.998,6075.998,6074.997,6074.997,0.0035
03.05.2019 14:45:00.000,6074.998,6077.997,6073.998,6076.998,0.0038
03.05.2019 14:46:00.000,6076.997,6076.998,6076.997,6076.998,0.0032
03.05.2019 14:47:00.000,6076.997,6076.998,6076.997,6076.998,0.0013
03.05.2019 14:48:00.000,6076.997,6077.998,6075.998,6076.998,0.0041
03.05.2019 14:49:00.000,6077.998,6077.998,6076.997,6077.997,0.0075
03.05.2019 14:50:00.000,6077.997,6077.998,6075.997,6076.998,0.0115
03.05.2019 14:51:00.000,6076.997,6076.997,6073.997,6074.997,0.0048
03.05.2019 14:52:00.000,6074.998,6074.998,6074.997,6074.998,0.006
03.05.2019 14:53:00.000,6075.998,6075.998,6074.997,6074.997,0.0027
03.05.2019 14:54:00.000,6075.998,6076.998,6074.997,6075.998,0.0083
03.05.2019 14:55:00.000,6075.997,6075.998,6074.998,6074.998,0.0014
03.05.2019 14:56:00.000,6074.997,6075.998,6074.997,6075.998,0.0067
03.05.2019 14:57:00.000,6075.997,6075.998,6074.997,6074.998,0.0036
03.05.2019 14:58:00.000,6074.997,6074.998,6074.997,6074.998,0.0012
03.05.2019 14:59:00.000,6074.997,6074.998,6073.998,6074.998,0.0081
03.05.2019 15:00:00.000,6075.997,6077.998,6075.997,6077.998,0.0088
03.05.2019 15:01:00.000,6077.997,6077.998,6076.997,6077.998,0.0068
03.05.2019 15:02:00.000,6077.997,6078.998,6076.997,6076.998,0.0086
03.05.2019 15:03:00.000,6076.997,6076.998,6072.997,6072.998,0.0045
03.05.2019 15:04:00.000,6072.997,6073.998,6072.997,6072.997,0.0057
03.05.2019 15:05:00.000,6072.998,6073.998,6072.997,6073.997,0.005
03.05.2019 15:06:00.000,6073.998,6073.998,6073.998,6073.998,0.0005
03.05.2019 15:07:00.000,6072.998,6072.998,6065.998,6065.998,0.011
03.05.2019 15:08:00.000,6065.997,6069.998,6065.997,6069.997,0.0099
03.05.2019 15:09:00.000,6069.998,6070.998,6068.997,6069.998,0.0058
03.05.2019 15:10:00.000,6070.998,6070.998,6062.997,6062.997,0.0098
03.05.2019 15:11:00.000,6062.998,6067.998,6062.998,6066.997,0.0079
03.05.2019 15:12:00.000,6066.998,6067.998,6064.997,6064.998,0.0095
03.05.2019 15:13:00.000,6062.998,6063.998,6061.997,6061.997,0.0039
03.05.2019 15:14:00.000,6061.998,6064.998,6060.997,6064.998,0.0072
03.05.2019 15:15:00.000,6064.997,6064.997,6059.997,6059.998,0.004
03.05.2019 15:16:00.000,6059.997,6060.998,6056.998,6057.998,0.0109
03.05.2019 15:17:00.000,6057.998,6058.998,6056.997,6057.997,0.0115
03.05.2019 15:18:00.000,6057.998,6057.998,6056.998,6057.998,0.006
03.05.2019 15:19:00.000,6057.997,6058.998,6056.997,6057.998,0.0064
03.05.2019 15:20:00.000,6058.998,6060.998,6057.997,6059.998,0.0109
03.05.2019 15:21:00.000,6059.997,6060.998,6059.997,6059.998,0.0044
03.05.2019 15:22:00.000,6059.997,6062.998,6059.997,6061.998,0.0133
03.05.2019 15:23:00.000,6061.997,6063.998,6061.997,6063.997,0.008
03.05.2019 15:24:00.000,6063.997,6064.998,6062.998,6064.998,0.0053
03.05.2019 15:25:00.000,6064.998,6065.750,6062.997,6064.997,0.0049
03.05.2019 15:26:00.000,6064.998,6065.998,6064.997,6065.998,0.0028
03.05.2019 15:27:00.000,6065.997,6069.998,6065.997,6067.998,0.012
03.05.2019 15:28:00.000,6067.997,6067.998,6064.997,6064.998,0.0018
03.05.2019 15:29:00.000,6064.997,6066.998,6062.997,6063.997,0.0067
07.05.2019 07:00:00.000,5962.997,5980.998,5951.997,5980.998,0.0048
07.05.2019 07:01:00.000,5981.998,5997.998,5973.997,5997.998,0.0014
07.05.2019 07:02:00.000,5998.998,6001.997,5997.997,6001.997,0.0024
07.05.2019 07:03:00.000,6001.998,6001.998,5994.998,5994.998,0.0003
07.05.2019 07:04:00.000,6002.998,6003.998,6002.997,6002.998,0.0003
07.05.2019 07:05:00.000,6002.997,6022.998,6002.997,6022.998,0.0052
07.05.2019 07:06:00.000,6022.997,6061.998,6022.997,6061.998,0.0035
07.05.2019 07:07:00.000,6063.998,6088.997,6063.997,6069.998,0.006
07.05.2019 07:08:00.000,6069.997,6097.998,6066.997,6097.998,0.0017
07.05.2019 07:09:00.000,6097.998,6103.998,6090.997,6095.997,0.0061
07.05.2019 07:10:00.000,6095.998,6107.998,6093.998,6093.998,0.0018
07.05.2019 07:11:00.000,6093.998,6093.998,6088.997,6088.998,0.0012
07.05.2019 07:12:00.000,6073.998,6079.998,6063.998,6065.998,0.0024
07.05.2019 07:13:00.000,6065.997,6085.998,6058.998,6081.998,0.0038
07.05.2019 07:14:00.000,6082.997,6090.998,6077.998,6080.998,0.0041
07.05.2019 07:15:00.000,6080.998,6080.998,6056.998,6065.998,0.0029
07.05.2019 07:16:00.000,6065.997,6069.998,6053.997,6060.998,0.0088
07.05.2019 07:17:00.000,6060.997,6063.998,6054.997,6060.998,0.002
07.05.2019 07:18:00.000,6060.998,6064.998,6049.997,6049.997,0.0047
07.05.2019 07:19:00.000,6050.998,6063.998,6050.997,6063.998,0.0041
07.05.2019 07:20:00.000,6063.998,6068.998,6057.997,6060.998,0.0051
07.05.2019 07:21:00.000,6058.998,6058.998,6049.997,6050.997,0.0024
07.05.2019 07:22:00.000,6050.998,6051.998,6039.998,6043.998,0.0012
07.05.2019 07:23:00.000,6043.998,6049.997,6040.998,6045.998,0.003
07.05.2019 07:24:00.000,6046.997,6048.998,6040.997,6045.997,0.0023
07.05.2019 07:25:00.000,6045.998,6045.998,6036.997,6036.998,0.0033
07.05.2019 07:26:00.000,6038.997,6047.998,6038.997,6047.998,0.004
07.05.2019 07:27:00.000,6048.998,6048.998,6041.997,6044.998,0.0018
07.05.2019 07:28:00.000,6045.997,6046.997,6045.997,6046.997,0.0002
07.05.2019 07:29:00.000,6047.998,6053.998,6044.997,6049.998,0.0039
07.05.2019 07:30:00.000,6049.998,6060.998,6049.998,6060.998,0.003
07.05.2019 07:31:00.000,6060.997,6066.997,6060.997,6062.997,0.0024
07.05.2019 07:32:00.000,6062.998,6062.998,6060.997,6060.997,0.0001
07.05.2019 07:33:00.000,6064.998,6068.998,6064.998,6068.997,0.0036
07.05.2019 07:34:00.000,6069.997,6069.997,6061.997,6068.998,0.0026
07.05.2019 07:35:00.000,6068.998,6068.998,6065.997,6065.997,0.0024
07.05.2019 07:36:00.000,6066.998,6072.998,6065.997,6070.998,0.0035
07.05.2019 07:37:00.000,6070.997,6076.997,6068.997,6076.997,0.0047
07.05.2019 07:38:00.000,6076.998,6082.998,6076.997,6082.998,0.0018
07.05.2019 07:39:00.000,6081.998,6081.998,6076.997,6081.998,0.0023
07.05.2019 07:40:00.000,6082.998,6085.998,6080.997,6080.998,0.0035
07.05.2019 07:41:00.000,6080.997,6083.998,6079.998,6081.998,0.0021
07.05.2019 07:42:00.000,6080.997,6081.998,6080.997,6080.997,0.0008
07.05.2019 07:43:00.000,6081.997,6085.998,6080.997,6085.998,0.0033
07.05.2019 07:44:00.000,6085.997,6087.998,6085.997,6087.998,0.0033
07.05.2019 07:45:00.000,6087.997,6090.998,6084.998,6090.998,0.0035
07.05.2019 07:46:00.000,6090.998,6090.998,6087.997,6089.998,0.0013
07.05.2019 07:47:00.000,6090.998,6090.998,6088.998,6089.998,0.006
07.05.2019 07:48:00.000,6090.997,6091.998,6089.997,6090.998,0.0076
07.05.2019 07:49:00.000,6091.998,6094.998,6091.997,6094.998,0.0047
07.05.2019 07:50:00.000,6094.997,6098.998,6091.997,6091.998,0.0067
07.05.2019 07:51:00.000,6092.998,6092.998,6086.997,6086.997,0.0043
07.05.2019 07:52:00.000,6086.998,6086.998,6081.997,6081.997,0.0031
07.05.2019 07:53:00.000,6081.998,6081.998,6080.998,6080.998,0.0045
07.05.2019 07:54:00.000,6080.997,6080.997,6078.997,6079.997,0.0026
07.05.2019 07:55:00.000,6079.998,6081.998,6077.998,6080.997,0.0038
07.05.2019 07:56:00.000,6082.998,6084.998,6081.998,6084.998,0.0015
07.05.2019 07:57:00.000,6084.998,6084.998,6080.998,6080.998,0.003
07.05.2019 07:58:00.000,6081.997,6081.998,6077.997,6078.997,0.0022
07.05.2019 07:59:00.000,6078.997,6078.997,6076.998,6077.997,0.0004
07.05.2019 08:00:00.000,6077.998,6080.998,6076.997,6076.998,0.0047
07.05.2019 08:01:00.000,6077.998,6079.998,6077.998,6079.998,0.0013
07.05.2019 08:02:00.000,6079.998,6079.998,6075.998,6076.998,0.0041
07.05.2019 08:03:00.000,6076.997,6082.997,6076.997,6082.997,0.0045
07.05.2019 08:04:00.000,6082.998,6085.998,6082.997,6083.998,0.0042
07.05.2019 08:05:00.000,6082.998,6083.998,6081.997,6083.998,0.0009
07.05.2019 08:06:00.000,6083.997,6088.998,6083.997,6088.998,0.0037
07.05.2019 08:07:00.000,6088.997,6092.998,6088.997,6092.998,0.0078
07.05.2019 08:08:00.000,6092.997,6095.998,6092.997,6095.998,0.0045
07.05.2019 08:09:00.000,6094.998,6095.998,6092.998,6095.998,0.0033
07.05.2019 08:10:00.000,6095.998,6096.997,6095.997,6095.998,0.0049
07.05.2019 08:11:00.000,6095.997,6096.998,6075.997,6076.998,0.0052
07.05.2019 08:12:00.000,6076.997,6082.997,6076.997,6079.997,0.0042
07.05.2019 08:13:00.000,6079.998,6079.998,6076.997,6076.997,0.0009
07.05.2019 08:14:00.000,6076.998,6076.998,6073.998,6075.998,0.0021
07.05.2019 08:15:00.000,6075.998,6078.997,6075.998,6077.998,0.0022
07.05.2019 08:16:00.000,6078.998,6082.998,6076.997,6080.998,0.0042
07.05.2019 08:17:00.000,6080.998,6080.998,6073.998,6075.997,0.002
07.05.2019 08:18:00.000,6075.998,6075.998,6072.998,6072.998,0.002
07.05.2019 08:19:00.000,6072.997,6073.998,6071.998,6073.998,0.0014
07.05.2019 08:20:00.000,6072.998,6072.998,6069.997,6070.997,0.0024
07.05.2019 08:21:00.000,6070.998,6079.997,6070.998,6078.998,0.0064
07.05.2019 08:22:00.000,6079.997,6079.997,6078.997,6078.998,0.0026
07.05.2019 08:23:00.000,6078.997,6078.998,6075.998,6077.998,0.0027
07.05.2019 08:24:00.000,6077.997,6077.998,6077.997,6077.998,0.0001
07.05.2019 08:25:00.000,6076.998,6082.998,6076.998,6081.998,0.0043
07.05.2019 08:26:00.000,6081.997,6082.998,6080.997,6082.998,0.0012
07.05.2019 08:27:00.000,6082.998,6082.998,6079.997,6079.998,0.0027
07.05.2019 08:28:00.000,6079.997,6079.997,6078.997,6078.998,0.0007
07.05.2019 08:29:00.000,6078.997,6079.998,6078.997,6079.998,0.0016
07.05.2019 08:30:00.000,6079.997,6080.998,6077.998,6077.998,0.0041
07.05.2019 08:31:00.000,6077.997,6080.997,6077.997,6080.997,0.0023
07.05.2019 08:32:00.000,6080.998,6080.998,6078.997,6079.998,0.0079
07.05.2019 08:33:00.000,6079.997,6079.998,6078.997,6079.998,0.0049
07.05.2019 08:34:00.000,6078.998,6083.998,6078.998,6083.997,0.0022
07.05.2019 08:35:00.000,6083.998,6086.998,6083.997,6083.998,0.0091
07.05.2019 08:36:00.000,6083.998,6083.998,6080.997,6080.998,0.0006
07.05.2019 08:37:00.000,6080.997,6080.998,6080.997,6080.998,0.0002
07.05.2019 08:38:00.000,6080.998,6084.997,6079.997,6083.998,0.0026
07.05.2019 08:39:00.000,6083.998,6083.998,6081.997,6081.998,0.0026
07.05.2019 08:40:00.000,6081.998,6081.998,6074.997,6076.998,0.0034
07.05.2019 08:41:00.000,6076.997,6078.998,6076.997,6077.998,0.0044
07.05.2019 08:42:00.000,6077.997,6078.998,6077.997,6078.997,0.003
07.05.2019 08:43:00.000,6078.998,6078.998,6076.998,6078.997,0.0022
07.05.2019 08:44:00.000,6078.998,6079.998,6078.997,6079.998,0.0036
07.05.2019 08:45:00.000,6079.998,6080.998,6079.998,6080.998,0.0003
07.05.2019 08:46:00.000,6080.997,6080.997,6077.997,6078.998,0.0025
07.05.2019 08:47:00.000,6078.997,6078.998,6077.997,6078.997,0.0039
07.05.2019 08:48:00.000,6078.998,6078.998,6075.998,6075.998,0.0019
07.05.2019 08:49:00.000,6075.997,6075.998,6074.997,6074.998,0.0018
07.05.2019 08:50:00.000,6074.997,6074.997,6073.997,6073.998,0.0015
07.05.2019 08:51:00.000,6073.997,6077.998,6071.997,6077.998,0.0092
07.05.2019 08:52:00.000,6077.997,6078.998,6076.998,6076.998,0.0039
07.05.2019 08:53:00.000,6076.998,6076.998,6073.997,6073.997,0.0043
07.05.2019 08:54:00.000,6073.998,6073.998,6069.997,6069.997,0.0016
07.05.2019 08:55:00.000,6068.997,6070.998,6067.997,6067.997,0.0022
07.05.2019 08:56:00.000,6068.998,6069.998,6068.998,6069.998,0.0015
07.05.2019 08:57:00.000,6070.998,6070.998,6066.997,6066.998,0.001
07.05.2019 08:58:00.000,6066.997,6066.998,6066.997,6066.998,0.0002
07.05.2019 08:59:00.000,6066.997,6066.997,6063.997,6063.997,0.0012
07.05.2019 09:00:00.000,6063.998,6063.998,6061.998,6061.998,0.0003
07.05.2019 09:01:00.000,6061.997,6061.998,6058.998,6058.998,0.0013
07.05.2019 09:02:00.000,6058.998,6058.998,6055.997,6058.998,0.003
07.05.2019 09:03:00.000,6059.997,6066.998,6056.997,6065.998,0.0058
07.05.2019 09:04:00.000,6065.997,6065.997,6062.997,6062.998,0.0042
07.05.2019 09:05:00.000,6062.998,6063.997,6060.997,6063.997,0.0021
07.05.2019 09:06:00.000,6063.998,6063.998,6062.997,6063.997,0.0015
07.05.2019 09:07:00.000,6063.998,6064.998,6063.997,6064.998,0.003
07.05.2019 09:08:00.000,6064.997,6064.997,6061.998,6061.998,0.0024
07.05.2019 09:09:00.000,6061.997,6063.998,6060.997,6063.998,0.0038
07.05.2019 09:10:00.000,6064.998,6064.998,6063.998,6063.998,0.0008
07.05.2019 09:11:00.000,6063.997,6063.998,6061.997,6061.998,0.0032
07.05.2019 09:12:00.000,6061.997,6062.998,6060.997,6062.998,0.0026
07.05.2019 09:13:00.000,6062.997,6062.998,6060.998,6061.997,0.0024
07.05.2019 09:14:00.000,6061.998,6065.998,6059.998,6065.997,0.007
07.05.2019 09:15:00.000,6065.997,6065.997,6062.997,6064.998,0.0028
07.05.2019 09:16:00.000,6065.998,6070.998,6065.997,6070.997,0.0041
07.05.2019 09:17:00.000,6070.998,6070.998,6066.998,6068.997,0.0044
07.05.2019 09:18:00.000,6068.998,6068.998,6067.997,6067.998,0.0024
07.05.2019 09:19:00.000,6067.750,6068.998,6065.997,6068.998,0.0015
07.05.2019 09:20:00.000,6068.997,6069.998,6067.997,6068.998,0.0053
07.05.2019 09:21:00.000,6069.998,6069.998,6069.997,6069.998,0.0028
07.05.2019 09:22:00.000,6069.998,6071.998,6069.997,6069.997,0.0046
07.05.2019 09:23:00.000,6069.998,6073.998,6069.997,6072.997,0.0035
07.05.2019 09:24:00.000,6072.998,6072.998,6069.998,6071.997,0.004
07.05.2019 09:25:00.000,6070.998,6070.998,6068.997,6068.998,0.0023
07.05.2019 09:26:00.000,6067.998,6068.998,6066.997,6066.997,0.0025
07.05.2019 09:27:00.000,6066.998,6067.998,6066.997,6066.997,0.0007
07.05.2019 09:28:00.000,6066.998,6066.998,6063.997,6064.998,0.0022
07.05.2019 09:29:00.000,6062.998,6063.997,6062.997,6062.998,0.0003
07.05.2019 09:30:00.000,6062.997,6062.998,6060.997,6060.998,0.0018
07.05.2019 09:31:00.000,6060.997,6060.997,6056.997,6056.998,0.0016
07.05.2019 09:32:00.000,6057.997,6058.998,6057.997,6058.997,0.0014
07.05.2019 09:33:00.000,6056.998,6056.998,6054.998,6055.998,0.0007
07.05.2019 09:34:00.000,6055.997,6057.998,6055.997,6056.997,0.0017
07.05.2019 09:35:00.000,6056.998,6060.998,6056.998,6060.998,0.0039
07.05.2019 09:36:00.000,6059.998,6060.998,6057.997,6057.998,0.0026
07.05.2019 09:37:00.000,6057.997,6059.998,6057.997,6059.998,0.0016
07.05.2019 09:38:00.000,6059.997,6063.998,6058.998,6063.998,0.0052
07.05.2019 09:39:00.000,6063.997,6066.998,6063.997,6066.998,0.0012
07.05.2019 09:40:00.000,6067.997,6071.998,6067.997,6071.997,0.0025
07.05.2019 09:41:00.000,6071.998,6071.998,6070.997,6070.998,0.003
07.05.2019 09:42:00.000,6071.997,6073.997,6071.997,6072.997,0.0046
07.05.2019 09:43:00.000,6072.998,6075.998,6072.997,6072.997,0.0046
07.05.2019 09:44:00.000,6072.997,6072.998,6070.997,6071.998,0.0018
07.05.2019 09:45:00.000,6072.998,6075.998,6071.997,6071.998,0.0032
07.05.2019 09:46:00.000,6073.998,6073.998,6070.997,6070.998,0.0012
07.05.2019 09:47:00.000,6070.998,6070.998,6069.997,6070.998,0.0007
07.05.2019 09:48:00.000,6070.997,6071.997,6068.997,6070.998,0.0042
07.05.2019 09:49:00.000,6070.998,6071.998,6069.997,6070.998,0.0018
07.05.2019 09:50:00.000,6069.998,6071.998,6069.998,6069.998,0.0007
07.05.2019 09:51:00.000,6070.998,6070.998,6069.997,6069.998,0.002
07.05.2019 09:52:00.000,6069.998,6071.998,6069.997,6071.998,0.002
07.05.2019 09:53:00.000,6071.997,6071.997,6067.997,6067.997,0.0029
07.05.2019 09:54:00.000,6067.998,6067.998,6058.998,6059.998,0.0069
07.05.2019 09:55:00.000,6059.998,6061.998,6059.997,6061.998,0.0015
07.05.2019 09:56:00.000,6061.997,6064.998,6060.998,6064.997,0.002
07.05.2019 09:57:00.000,6064.998,6064.998,6061.997,6061.997,0.0033
07.05.2019 09:58:00.000,6061.998,6061.998,6059.998,6060.998,0.0009
07.05.2019 09:59:00.000,6058.998,6062.998,6058.998,6059.998,0.0048
07.05.2019 10:00:00.000,6060.997,6062.998,6059.997,6061.998,0.0031
07.05.2019 10:01:00.000,6061.998,6063.998,6061.997,6063.998,0.0017
07.05.2019 10:02:00.000,6063.997,6064.998,6061.998,6061.998,0.0011
07.05.2019 10:03:00.000,6062.997,6064.998,6062.997,6064.998,0.0054
07.05.2019 10:04:00.000,6064.997,6064.998,6063.997,6063.997,0.0019
07.05.2019 10:05:00.000,6063.998,6063.998,6063.998,6063.998,0.0002
07.05.2019 10:06:00.000,6063.998,6063.998,6060.997,6063.997,0.0052
07.05.2019 10:07:00.000,6064.997,6068.998,6062.998,6068.998,0.0032
07.05.2019 10:08:00.000,6068.997,6068.998,6066.997,6067.998,0.0034
07.05.2019 10:09:00.000,6067.997,6068.998,6065.998,6066.998,0.0025
07.05.2019 10:10:00.000,6066.997,6066.998,6066.997,6066.998,0.0003
07.05.2019 10:11:00.000,6067.998,6067.998,6067.997,6067.998,0.0047
07.05.2019 10:12:00.000,6068.998,6070.998,6068.997,6069.997,0.0034
07.05.2019 10:13:00.000,6069.997,6070.997,6069.997,6070.997,0.0013
07.05.2019 10:14:00.000,6069.997,6069.998,6066.997,6066.997,0.0044
07.05.2019 10:15:00.000,6066.998,6069.998,6066.997,6069.998,0.0037
07.05.2019 10:16:00.000,6065.997,6066.998,6063.997,6065.998,0.0025
07.05.2019 10:17:00.000,6066.998,6066.998,6063.997,6064.997,0.0039
07.05.2019 10:18:00.000,6064.998,6064.998,6062.998,6063.997,0.0015
07.05.2019 10:19:00.000,6063.998,6067.998,6063.998,6066.998,0.0048
07.05.2019 10:20:00.000,6066.997,6067.998,6065.997,6067.998,0.0019
07.05.2019 10:21:00.000,6067.997,6067.997,6065.997,6065.998,0.0005
07.05.2019 10:22:00.000,6065.997,6068.998,6065.997,6068.997,0.0023
07.05.2019 10:23:00.000,6068.998,6071.997,6068.998,6069.997,0.0046
07.05.2019 10:24:00.000,6069.998,6071.998,6069.997,6069.997,0.0026
07.05.2019 10:25:00.000,6069.998,6069.998,6067.997,6068.998,0.002
07.05.2019 10:26:00.000,6066.998,6067.998,6066.997,6066.997,0.0022
07.05.2019 10:27:00.000,6066.998,6067.997,6062.998,6063.998,0.0025
07.05.2019 10:28:00.000,6062.998,6064.998,6062.997,6064.998,0.0021
07.05.2019 10:29:00.000,6064.998,6065.998,6064.998,6065.998,0.0017
07.05.2019 10:30:00.000,6065.998,6066.998,6065.997,6066.997,0.0062
07.05.2019 10:31:00.000,6066.998,6067.998,6066.998,6067.998,0.0079
07.05.2019 10:32:00.000,6066.997,6067.998,6064.997,6067.998,0.0057
07.05.2019 10:33:00.000,6068.997,6071.998,6068.997,6070.997,0.0052
07.05.2019 10:34:00.000,6070.998,6070.998,6069.997,6069.997,0.0007
07.05.2019 10:35:00.000,6070.998,6070.998,6070.998,6070.998,0.0001
07.05.2019 10:36:00.000,6070.998,6070.998,6068.997,6068.997,0.002
07.05.2019 10:37:00.000,6068.998,6069.998,6068.997,6069.998,0.0043
07.05.2019 10:38:00.000,6069.997,6069.997,6066.997,6066.997,0.0054
07.05.2019 10:39:00.000,6066.998,6066.998,6064.997,6065.998,0.0032
07.05.2019 10:40:00.000,6066.997,6066.997,6063.997,6064.997,0.0017
07.05.2019 10:41:00.000,6064.998,6064.998,6062.997,6064.998,0.0012
07.05.2019 10:42:00.000,6064.997,6065.998,6064.997,6064.997,0.0047
07.05.2019 10:43:00.000,6065.998,6066.998,6062.998,6063.998,0.0106
07.05.2019 10:44:00.000,6064.998,6065.998,6063.997,6065.998,0.0038
07.05.2019 10:45:00.000,6066.997,6067.998,6066.997,6067.998,0.0034
07.05.2019 10:46:00.000,6067.997,6067.997,6063.997,6064.998,0.004
07.05.2019 10:47:00.000,6064.997,6064.998,6062.997,6064.998,0.0038
07.05.2019 10:48:00.000,6065.998,6066.998,6065.997,6065.998,0.0027
07.05.2019 10:49:00.000,6065.997,6065.998,6062.997,6062.998,0.0039
07.05.2019 10:50:00.000,6062.997,6063.998,6062.997,6063.997,0.0032
07.05.2019 10:51:00.000,6064.998,6065.997,6064.997,6064.998,0.0009
07.05.2019 10:52:00.000,6064.997,6067.998,6064.997,6067.998,0.0036
07.05.2019 10:53:00.000,6068.997,6070.998,6068.997,6070.998,0.0023
07.05.2019 10:54:00.000,6070.997,6070.998,6065.998,6065.998,0.0054
07.05.2019 10:55:00.000,6065.997,6065.998,6061.998,6062.997,0.0055
07.05.2019 10:56:00.000,6061.998,6061.998,6057.997,6060.997,0.0029
07.05.2019 10:57:00.000,6060.998,6060.998,6059.997,6059.998,0.0015
07.05.2019 10:58:00.000,6058.998,6060.998,6055.998,6055.998,0.0039
07.05.2019 10:59:00.000,6055.997,6058.998,6054.998,6057.998,0.0026
07.05.2019 11:00:00.000,6057.997,6057.997,6056.997,6056.997,0.0005
07.05.2019 11:02:00.000,6052.998,6058.998,6052.998,6057.998,0.0036
07.05.2019 11:03:00.000,6058.997,6059.998,6056.997,6059.997,0.0031
07.05.2019 11:04:00.000,6059.998,6060.998,6059.997,6060.998,0.0019
07.05.2019 11:05:00.000,6060.997,6061.998,6060.997,6061.997,0.0021
07.05.2019 11:06:00.000,6061.998,6061.998,6059.998,6059.998,0.0019
07.05.2019 11:07:00.000,6059.997,6059.997,6056.997,6056.997,0.0007
07.05.2019 11:08:00.000,6056.998,6057.998,6056.997,6057.998,0.0003
07.05.2019 11:09:00.000,6057.997,6057.998,6055.997,6056.997,0.0017
07.05.2019 11:10:00.000,6056.998,6058.998,6056.998,6057.998,0.0033
07.05.2019 11:11:00.000,6057.997,6057.998,6056.997,6057.998,0.0019
07.05.2019 11:13:00.000,6058.997,6058.998,6057.997,6057.998,0.0041
07.05.2019 11:14:00.000,6058.997,6058.998,6057.997,6058.998,0.0006
07.05.2019 11:15:00.000,6057.998,6059.998,6056.997,6059.997,0.0059
07.05.2019 11:16:00.000,6059.998,6059.998,6058.997,6059.997,0.0026
07.05.2019 11:17:00.000,6059.998,6059.998,6057.998,6057.998,0.0018
07.05.2019 11:18:00.000,6056.998,6057.998,6056.998,6057.998,0.0017
07.05.2019 11:19:00.000,6057.998,6057.998,6057.997,6057.997,0.0009
07.05.2019 11:20:00.000,6057.997,6057.998,6056.997,6057.998,0.0014
07.05.2019 11:21:00.000,6057.997,6057.997,6054.998,6055.998,0.004
07.05.2019 11:22:00.000,6055.997,6055.997,6053.997,6053.998,0.0029
07.05.2019 11:23:00.000,6053.997,6053.997,6051.997,6051.998,0.0004
07.05.2019 11:24:00.000,6050.997,6051.998,6047.997,6047.998,0.0069
07.05.2019 11:25:00.000,6048.998,6048.998,6046.997,6046.998,0.0013
07.05.2019 11:26:00.000,6047.997,6048.998,6047.997,6048.997,0.0026
07.05.2019 11:27:00.000,6048.997,6048.997,6047.997,6047.997,0.0008
07.05.2019 11:28:00.000,6048.997,6049.998,6048.997,6049.998,0.0044
07.05.2019 11:29:00.000,6049.997,6053.998,6049.997,6053.998,0.0035
07.05.2019 11:30:00.000,6053.997,6055.997,6053.997,6054.997,0.0035
07.05.2019 11:31:00.000,6053.998,6057.998,6053.998,6056.997,0.0037
07.05.2019 11:32:00.000,6055.998,6055.998,6052.997,6053.997,0.0023
07.05.2019 11:33:00.000,6053.998,6053.998,6051.997,6052.998,0.0013
07.05.2019 11:34:00.000,6052.997,6052.997,6049.998,6050.998,0.0019
07.05.2019 11:35:00.000,6050.997,6052.998,6050.997,6052.998,0.0012
07.05.2019 11:36:00.000,6052.998,6053.998,6052.997,6052.997,0.0069
07.05.2019 11:37:00.000,6052.998,6054.998,6052.997,6054.998,0.0012
07.05.2019 11:38:00.000,6056.998,6056.998,6054.997,6054.997,0.0019
07.05.2019 11:39:00.000,6055.997,6060.998,6055.997,6060.998,0.0063
07.05.2019 11:40:00.000,6060.997,6060.998,6056.998,6057.998,0.0034
07.05.2019 11:41:00.000,6057.998,6057.998,6055.998,6056.997,0.0003
07.05.2019 11:42:00.000,6055.998,6055.998,6053.997,6054.998,0.0032
07.05.2019 11:43:00.000,6055.997,6055.998,6054.997,6054.998,0.0009
07.05.2019 11:44:00.000,6054.997,6055.998,6051.998,6055.998,0.0021
07.05.2019 11:45:00.000,6055.750,6055.750,6053.997,6053.997,0.0023
07.05.2019 11:46:00.000,6053.998,6053.998,6053.997,6053.998,0.0016
07.05.2019 11:47:00.000,6053.997,6054.998,6050.997,6054.998,0.0087
07.05.2019 11:48:00.000,6055.998,6055.998,6053.997,6054.998,0.0028
07.05.2019 11:49:00.000,6053.998,6054.998,6053.998,6054.997,0.0003
07.05.2019 11:50:00.000,6054.998,6055.998,6054.998,6055.998,0.0001
07.05.2019 11:51:00.000,6055.997,6055.998,6054.997,6054.997,0.0014
07.05.2019 11:52:00.000,6054.998,6054.998,6049.998,6049.998,0.006
07.05.2019 11:53:00.000,6049.997,6054.998,6049.997,6054.997,0.0053
07.05.2019 11:54:00.000,6054.998,6055.998,6052.997,6053.997,0.0028
07.05.2019 11:55:00.000,6053.998,6054.998,6051.997,6052.998,0.0034
07.05.2019 11:56:00.000,6052.997,6053.998,6052.997,6053.998,0.0017
07.05.2019 11:57:00.000,6053.998,6054.998,6053.998,6053.998,0.0008
07.05.2019 11:58:00.000,6053.997,6056.998,6053.997,6055.998,0.0016
07.05.2019 11:59:00.000,6055.997,6057.998,6055.997,6057.997,0.0052
07.05.2019 12:00:00.000,6057.998,6057.998,6053.997,6054.997,0.0087
07.05.2019 12:01:00.000,6054.998,6055.997,6052.997,6054.998,0.0058
07.05.2019 12:02:00.000,6054.998,6054.998,6053.997,6054.997,0.0026
07.05.2019 12:03:00.000,6054.998,6054.998,6051.997,6052.998,0.0031
07.05.2019 12:04:00.000,6052.997,6052.997,6047.998,6047.998,0.0033
07.05.2019 12:05:00.000,6047.998,6047.998,6045.997,6047.998,0.0011
07.05.2019 12:06:00.000,6048.998,6048.998,6044.998,6044.998,0.0021
07.05.2019 12:07:00.000,6045.997,6048.998,6044.997,6048.998,0.0034
07.05.2019 12:08:00.000,6048.998,6048.998,6045.997,6045.997,0.0039
07.05.2019 12:09:00.000,6045.998,6046.998,6044.998,6045.998,0.0024
07.05.2019 12:10:00.000,6045.997,6047.998,6044.997,6047.997,0.0038
07.05.2019 12:11:00.000,6047.997,6051.998,6047.997,6051.998,0.0048
07.05.2019 12:12:00.000,6051.997,6054.998,6051.997,6053.998,0.0036
07.05.2019 12:14:00.000,6053.997,6053.998,6053.997,6053.998,0.0013
07.05.2019 12:15:00.000,6053.997,6055.998,6053.997,6055.998,0.0023
07.05.2019 12:16:00.000,6055.997,6055.998,6053.997,6055.997,0.0041
07.05.2019 12:17:00.000,6055.998,6055.998,6054.997,6055.998,0.0043
07.05.2019 12:18:00.000,6054.997,6056.997,6054.997,6055.998,0.0021
07.05.2019 12:19:00.000,6055.997,6055.998,6054.998,6054.998,0.001
07.05.2019 12:20:00.000,6055.998,6055.998,6053.997,6055.998,0.0021
07.05.2019 12:21:00.000,6055.997,6059.998,6055.997,6057.998,0.0042
07.05.2019 12:22:00.000,6056.998,6056.998,6054.997,6055.998,0.0017
07.05.2019 12:23:00.000,6055.997,6055.997,6054.997,6054.998,0.0021
07.05.2019 12:24:00.000,6055.997,6055.998,6054.997,6055.998,0.0028
07.05.2019 12:25:00.000,6055.997,6056.998,6055.997,6056.997,0.003
07.05.2019 12:26:00.000,6057.997,6057.998,6056.997,6056.998,0.0007
07.05.2019 12:27:00.000,6056.997,6059.998,6056.997,6058.998,0.0046
07.05.2019 12:28:00.000,6058.997,6058.998,6056.997,6056.998,0.0034
07.05.2019 12:29:00.000,6056.997,6057.998,6055.998,6056.997,0.0044
07.05.2019 12:30:00.000,6056.998,6057.998,6055.998,6056.997,0.0038
07.05.2019 12:31:00.000,6056.998,6057.998,6056.997,6056.998,0.0041
07.05.2019 12:32:00.000,6056.998,6056.998,6056.997,6056.997,0.0038
07.05.2019 12:33:00.000,6056.998,6057.998,6056.997,6057.998,0.0043
07.05.2019 12:34:00.000,6057.997,6057.997,6054.998,6055.998,0.0017
07.05.2019 12:36:00.000,6055.998,6055.998,6055.997,6055.997,0.0036
07.05.2019 12:37:00.000,6056.998,6056.998,6055.997,6055.997,0.0011
07.05.2019 12:38:00.000,6055.998,6055.998,6053.997,6053.998,0.0042
07.05.2019 12:39:00.000,6053.997,6055.998,6053.997,6055.998,0.0023
07.05.2019 12:40:00.000,6055.997,6055.997,6051.997,6052.998,0.0036
07.05.2019 12:41:00.000,6051.997,6054.998,6051.997,6053.997,0.0128
07.05.2019 12:42:00.000,6053.998,6055.998,6052.998,6055.998,0.0053
07.05.2019 12:43:00.000,6055.997,6055.997,6053.997,6054.998,0.0006
07.05.2019 12:44:00.000,6055.998,6059.998,6055.997,6057.998,0.0063
07.05.2019 12:45:00.000,6057.997,6057.998,6055.997,6055.997,0.0025
07.05.2019 12:46:00.000,6055.998,6055.998,6054.997,6054.997,0.0025
07.05.2019 12:47:00.000,6055.997,6055.998,6054.997,6054.998,0.0022
07.05.2019 12:48:00.000,6055.998,6055.998,6054.997,6055.998,0.0042
07.05.2019 12:49:00.000,6056.997,6056.998,6054.997,6054.997,0.001
07.05.2019 12:50:00.000,6055.998,6055.998,6054.997,6055.998,0.0006
07.05.2019 12:51:00.000,6054.998,6054.998,6053.998,6053.998,0.002
07.05.2019 12:52:00.000,6053.997,6054.998,6053.997,6054.998,0.0001
07.05.2019 12:53:00.000,6054.997,6054.998,6051.997,6052.997,0.0021
07.05.2019 12:54:00.000,6051.997,6052.998,6051.997,6051.997,0.0065
07.05.2019 12:55:00.000,6050.998,6052.998,6050.998,6052.998,0.0024
07.05.2019 12:56:00.000,6053.997,6053.998,6053.997,6053.998,0.0024
07.05.2019 12:57:00.000,6053.997,6053.998,6053.997,6053.997,0.0026
07.05.2019 12:58:00.000,6053.998,6053.998,6053.997,6053.998,0.0009
07.05.2019 12:59:00.000,6053.997,6054.997,6052.998,6053.998,0.0014
07.05.2019 13:00:00.000,6053.998,6053.998,6050.997,6050.998,0.0031
07.05.2019 13:01:00.000,6050.998,6050.998,6050.998,6050.998,0.0004
07.05.2019 13:02:00.000,6050.997,6050.998,6048.998,6049.998,0.0022
07.05.2019 13:03:00.000,6049.997,6050.998,6049.997,6050.998,0.0004
07.05.2019 13:04:00.000,6050.997,6050.998,6049.997,6049.998,0.003
07.05.2019 13:05:00.000,6048.998,6051.998,6048.997,6050.998,0.0081
07.05.2019 13:06:00.000,6050.997,6050.998,6049.997,6049.998,0.0118
07.05.2019 13:07:00.000,6049.997,6052.998,6049.997,6052.998,0.0124
07.05.2019 13:08:00.000,6051.998,6051.998,6045.997,6045.998,0.0079
07.05.2019 13:09:00.000,6045.997,6045.998,6040.998,6044.998,0.0032
07.05.2019 13:10:00.000,6044.997,6046.998,6044.997,6046.997,0.0082
07.05.2019 13:11:00.000,6046.998,6047.998,6046.997,6047.998,0.0039
07.05.2019 13:12:00.000,6047.997,6051.998,6047.997,6051.998,0.0066
07.05.2019 13:13:00.000,6053.997,6054.998,6053.997,6054.998,0.0087
07.05.2019 13:14:00.000,6054.998,6055.998,6052.997,6053.997,0.0116
07.05.2019 13:15:00.000,6053.997,6058.998,6052.997,6058.998,0.0098
07.05.2019 13:16:00.000,6058.997,6058.998,6057.997,6057.998,0.0033
07.05.2019 13:18:00.000,6057.997,6057.998,6052.998,6056.998,0.0034
07.05.2019 13:19:00.000,6057.997,6059.998,6053.997,6053.998,0.0079
07.05.2019 13:20:00.000,6055.998,6055.998,6051.997,6051.997,0.0056
07.05.2019 13:21:00.000,6051.998,6052.998,6049.998,6052.997,0.0052
07.05.2019 13:22:00.000,6052.998,6053.998,6052.998,6052.998,0.0047
07.05.2019 13:23:00.000,6052.998,6052.998,6049.997,6050.998,0.0066
07.05.2019 13:24:00.000,6051.997,6052.997,6048.997,6049.998,0.007
07.05.2019 13:25:00.000,6049.997,6050.998,6047.997,6047.998,0.0038
07.05.2019 13:26:00.000,6047.997,6048.998,6047.997,6048.998,0.0017
07.05.2019 13:27:00.000,6049.998,6049.998,6046.997,6047.997,0.0037
07.05.2019 13:28:00.000,6047.998,6049.998,6047.998,6049.998,0.0017
07.05.2019 13:29:00.000,6049.998,6051.998,6049.998,6050.998,0.0034
07.05.2019 13:30:00.000,6051.997,6052.998,6049.997,6051.998,0.0064
07.05.2019 13:31:00.000,6051.997,6053.998,6050.997,6053.998,0.0093
07.05.2019 13:32:00.000,6053.997,6054.998,6051.998,6054.998,0.0049
07.05.2019 13:33:00.000,6055.997,6057.998,6054.998,6057.998,0.0058
07.05.2019 13:34:00.000,6057.998,6063.998,6057.997,6063.998,0.0091
07.05.2019 13:35:00.000,6063.997,6063.998,6059.997,6060.997,0.0112
07.05.2019 13:36:00.000,6060.998,6063.998,6060.997,6060.997,0.0043
07.05.2019 13:37:00.000,6061.998,6062.998,6061.997,6062.998,0.0023
07.05.2019 13:38:00.000,6062.997,6063.998,6060.998,6062.997,0.0102
07.05.2019 13:39:00.000,6062.998,6062.998,6060.997,6061.998,0.0042
07.05.2019 13:40:00.000,6061.998,6061.998,6058.997,6060.997,0.0034
07.05.2019 13:41:00.000,6060.998,6061.998,6056.998,6056.998,0.0124
07.05.2019 13:42:00.000,6056.997,6058.998,6056.997,6056.997,0.0074
07.05.2019 13:43:00.000,6056.998,6057.998,6054.998,6056.998,0.0053
07.05.2019 13:44:00.000,6056.997,6057.998,6053.997,6053.998,0.0092
07.05.2019 13:45:00.000,6053.997,6056.998,6053.997,6055.998,0.0203
07.05.2019 13:46:00.000,6055.997,6055.998,6052.997,6052.998,0.0061
07.05.2019 13:47:00.000,6052.997,6052.997,6050.997,6050.998,0.0033
07.05.2019 13:48:00.000,6050.997,6050.998,6047.997,6047.997,0.0048
07.05.2019 13:49:00.000,6046.998,6047.998,6043.997,6043.998,0.0113
07.05.2019 13:50:00.000,6043.998,6043.998,6040.997,6040.998,0.0048
07.05.2019 13:51:00.000,6039.998,6039.998,6034.997,6034.997,0.0052
07.05.2019 13:52:00.000,6035.997,6038.998,6035.997,6038.997,0.0104
07.05.2019 13:53:00.000,6038.998,6038.998,6031.998,6031.998,0.0135
07.05.2019 13:54:00.000,6031.997,6033.998,6030.998,6030.998,0.0076
07.05.2019 13:55:00.000,6029.997,6034.998,6028.997,6034.998,0.0095
07.05.2019 13:56:00.000,6034.997,6034.998,6030.997,6033.998,0.0137
07.05.2019 13:57:00.000,6033.997,6034.998,6032.997,6033.997,0.0058
07.05.2019 13:58:00.000,6033.998,6034.997,6029.998,6030.998,0.0044
07.05.2019 13:59:00.000,6028.998,6028.998,6024.998,6026.998,0.002
07.05.2019 14:00:00.000,6026.998,6026.998,6023.997,6026.997,0.0044
07.05.2019 14:01:00.000,6026.998,6026.998,6018.998,6019.998,0.0072
07.05.2019 14:02:00.000,6019.998,6020.997,6018.997,6018.998,0.0009
07.05.2019 14:03:00.000,6018.998,6018.998,6015.997,6015.997,0.0011
07.05.2019 14:04:00.000,6013.998,6018.998,6011.998,6018.998,0.0061
07.05.2019 14:05:00.000,6018.997,6019.998,6015.997,6016.998,0.0058
07.05.2019 14:06:00.000,6016.998,6023.998,6016.997,6023.997,0.0081
07.05.2019 14:07:00.000,6023.998,6025.998,6021.998,6023.998,0.0081
07.05.2019 14:08:00.000,6023.997,6023.998,6019.998,6020.998,0.0083
07.05.2019 14:09:00.000,6020.998,6022.997,6019.997,6020.998,0.0079
07.05.2019 14:10:00.000,6019.998,6019.998,6015.997,6016.998,0.0038
07.05.2019 14:11:00.000,6016.997,6020.998,6016.997,6020.997,0.0082
07.05.2019 14:12:00.000,6019.998,6021.998,6016.997,6017.998,0.0041
07.05.2019 14:13:00.000,6018.997,6020.998,6018.997,6019.998,0.0018
07.05.2019 14:14:00.000,6019.998,6019.998,6012.997,6012.998,0.0039
07.05.2019 14:15:00.000,6012.997,6014.998,6009.997,6010.998,0.0043
07.05.2019 14:16:00.000,6010.997,6011.998,6009.997,6011.998,0.0043
07.05.2019 14:17:00.000,6011.997,6012.998,6009.998,6011.998,0.007
07.05.2019 14:18:00.000,6011.997,6015.998,6009.998,6015.998,0.0061
07.05.2019 14:19:00.000,6014.998,6014.998,6011.997,6012.998,0.0048
07.05.2019 14:20:00.000,6012.997,6012.998,6011.997,6012.998,0.0019
07.05.2019 14:21:00.000,6013.997,6015.998,6012.997,6012.997,0.0079
07.05.2019 14:22:00.000,6012.998,6012.998,6005.997,6008.997,0.0092
07.05.2019 14:23:00.000,6009.998,6013.998,6007.997,6007.997,0.0073
07.05.2019 14:24:00.000,6007.998,6008.998,6006.997,6007.998,0.0053
07.05.2019 14:25:00.000,6007.997,6007.997,6004.998,6005.998,0.01
07.05.2019 14:26:00.000,6003.998,6006.998,6002.998,6006.998,0.0073
07.05.2019 14:27:00.000,6006.998,6008.998,6003.998,6008.998,0.0152
07.05.2019 14:28:00.000,6008.997,6016.997,6008.997,6016.997,0.0103
07.05.2019 14:29:00.000,6017.998,6018.998,6012.997,6014.998,0.0162
07.05.2019 14:30:00.000,6014.997,6014.998,6010.997,6013.998,0.0105
07.05.2019 14:31:00.000,6013.997,6016.998,6011.997,6016.998,0.0068
07.05.2019 14:32:00.000,6016.997,6018.998,6016.997,6016.998,0.0069
07.05.2019 14:33:00.000,6016.997,6016.998,6014.997,6015.998,0.0083
07.05.2019 14:34:00.000,6015.997,6017.998,6015.997,6017.998,0.0065
07.05.2019 14:35:00.000,6017.998,6018.998,6015.997,6017.998,0.0043
07.05.2019 14:36:00.000,6017.997,6017.998,6016.997,6016.997,0.0049
07.05.2019 14:37:00.000,6017.997,6020.998,6014.998,6016.998,0.0166
07.05.2019 14:38:00.000,6016.997,6016.998,6016.997,6016.998,0.0015
07.05.2019 14:39:00.000,6016.997,6016.998,6014.997,6014.998,0.0109
07.05.2019 14:40:00.000,6013.998,6014.998,6012.997,6012.998,0.0071
07.05.2019 14:41:00.000,6012.997,6012.998,6009.998,6010.998,0.0074
07.05.2019 14:42:00.000,6010.998,6011.998,6003.998,6006.998,0.0134
07.05.2019 14:43:00.000,6006.997,6011.998,6006.997,6006.998,0.0114
07.05.2019 14:44:00.000,6006.997,6008.998,6006.997,6007.998,0.0051
07.05.2019 14:45:00.000,6007.998,6007.998,6004.997,6007.998,0.007
07.05.2019 14:46:00.000,6007.997,6008.998,6006.997,6007.998,0.0051
07.05.2019 14:47:00.000,6006.998,6007.998,6005.997,6006.998,0.0035
07.05.2019 14:48:00.000,6005.998,6006.998,6003.997,6006.998,0.003
07.05.2019 14:49:00.000,6006.998,6007.998,6005.997,6006.997,0.007
07.05.2019 14:50:00.000,6006.998,6009.998,6006.998,6009.998,0.0015
07.05.2019 14:51:00.000,6009.997,6009.998,6006.997,6008.998,0.0094
07.05.2019 14:52:00.000,6008.997,6010.998,6007.997,6010.998,0.0055
07.05.2019 14:53:00.000,6011.997,6011.998,6008.997,6008.998,0.0105
07.05.2019 14:54:00.000,6009.998,6009.998,6005.997,6005.998,0.0203
07.05.2019 14:55:00.000,6005.997,6011.998,6005.997,6010.997,0.02
07.05.2019 14:56:00.000,6010.998,6010.998,6007.997,6007.998,0.0071
07.05.2019 14:57:00.000,6008.998,6009.998,6006.997,6009.998,0.0079
07.05.2019 14:58:00.000,6009.997,6009.998,6006.997,6006.998,0.0076
07.05.2019 14:59:00.000,6006.997,6007.998,6005.997,6006.997,0.0151
07.05.2019 15:00:00.000,6005.998,6006.998,6004.997,6006.998,0.022
07.05.2019 15:01:00.000,6006.997,6006.998,6004.997,6006.998,0.0111
07.05.2019 15:02:00.000,6006.998,6008.998,6006.997,6008.998,0.0082
07.05.2019 15:03:00.000,6008.997,6009.998,6006.997,6006.997,0.0092
07.05.2019 15:04:00.000,6006.998,6008.998,6004.998,6007.997,0.0238
07.05.2019 15:05:00.000,6007.998,6007.998,6006.997,6006.997,0.0092
07.05.2019 15:06:00.000,6006.998,6007.998,6006.997,6006.998,0.0043
07.05.2019 15:07:00.000,6006.997,6010.998,6006.997,6010.997,0.0096
07.05.2019 15:08:00.000,6010.998,6011.998,6006.997,6008.998,0.0147
07.05.2019 15:09:00.000,6008.997,6009.998,6008.997,6008.998,0.01
07.05.2019 15:10:00.000,6008.998,6009.998,6006.997,6006.998,0.0051
07.05.2019 15:11:00.000,6006.997,6007.998,6006.997,6007.997,0.0124
07.05.2019 15:12:00.000,6007.998,6008.998,6004.997,6005.998,0.0222
07.05.2019 15:13:00.000,6004.998,6005.998,5999.998,5999.998,0.0118
07.05.2019 15:14:00.000,6000.997,6000.998,5996.997,5998.998,0.0217
07.05.2019 15:15:00.000,5998.997,6000.998,5997.997,5998.998,0.0155
07.05.2019 15:16:00.000,5998.997,5999.998,5997.997,5999.998,0.0092
07.05.2019 15:17:00.000,5999.997,5999.997,5997.997,5997.998,0.008
07.05.2019 15:18:00.000,5998.997,5998.998,5996.997,5996.998,0.012
07.05.2019 15:19:00.000,5996.997,5997.998,5996.997,5996.998,0.0089
07.05.2019 15:20:00.000,5996.997,5998.998,5996.997,5997.998,0.0065
07.05.2019 15:21:00.000,5998.998,6001.998,5998.997,6001.998,0.0135
07.05.2019 15:22:00.000,6001.997,6001.997,5998.997,5998.998,0.0084
07.05.2019 15:23:00.000,5998.997,5998.998,5996.997,5997.997,0.0062
07.05.2019 15:24:00.000,5997.998,5997.998,5996.997,5997.998,0.006
07.05.2019 15:25:00.000,5997.997,5997.998,5996.997,5996.998,0.018
07.05.2019 15:26:00.000,5996.997,5999.998,5996.997,5997.998,0.0099
07.05.2019 15:27:00.000,5997.997,5997.998,5996.997,5996.997,0.0146
07.05.2019 15:28:00.000,5996.998,6000.998,5996.997,5999.998,0.0125
07.05.2019 15:29:00.000,5999.997,5999.998,5990.997,5990.997,0.0176
08.05.2019 07:00:00.000,5993.998,5993.998,5984.998,5984.998,0.0008
08.05.2019 07:01:00.000,5985.998,5996.998,5985.998,5996.998,0.001
08.05.2019 07:02:00.000,5996.997,6002.997,5996.997,6002.997,0.0003
08.05.2019 07:03:00.000,5990.997,6000.998,5990.997,5998.998,0.0019
08.05.2019 07:04:00.000,5998.997,5998.997,5986.997,5989.998,0.0025
08.05.2019 07:05:00.000,5990.998,5997.998,5990.997,5997.997,0.0069
08.05.2019 07:06:00.000,5997.998,5998.998,5977.998,5984.998,0.0057
08.05.2019 07:07:00.000,5984.997,5984.998,5977.997,5977.997,0.0036
08.05.2019 07:08:00.000,5977.998,5982.998,5977.998,5980.997,0.0035
08.05.2019 07:09:00.000,5981.998,5986.998,5979.997,5983.997,0.0026
08.05.2019 07:10:00.000,5983.998,5984.998,5980.997,5982.998,0.0031
08.05.2019 07:11:00.000,5982.998,5988.998,5982.998,5985.997,0.0008
08.05.2019 07:12:00.000,5985.998,5985.998,5979.998,5980.998,0.0031
08.05.2019 07:13:00.000,5983.998,5992.998,5983.998,5992.997,0.0035
08.05.2019 07:14:00.000,5992.998,5995.998,5992.998,5994.998,0.0031
08.05.2019 07:15:00.000,5993.997,5995.998,5993.997,5993.997,0.0017
08.05.2019 07:16:00.000,5993.998,5996.998,5992.998,5994.997,0.0024
08.05.2019 07:17:00.000,5994.998,5994.998,5984.997,5984.998,0.0028
08.05.2019 07:18:00.000,5984.997,5984.998,5980.997,5980.998,0.0017
08.05.2019 07:19:00.000,5980.998,5980.998,5979.997,5979.998,0.0048
08.05.2019 07:20:00.000,5980.997,5983.998,5980.997,5981.998,0.002
08.05.2019 07:21:00.000,5981.997,5986.998,5981.997,5984.998,0.0039
08.05.2019 07:22:00.000,5985.998,5986.998,5984.998,5985.997,0.0015
08.05.2019 07:23:00.000,5985.998,5988.998,5984.997,5985.998,0.0027
08.05.2019 07:24:00.000,5984.998,5993.998,5984.998,5993.997,0.0033
08.05.2019 07:25:00.000,5993.998,5995.997,5992.997,5994.998,0.0025
08.05.2019 07:26:00.000,5995.997,5996.998,5990.998,5993.997,0.0058
08.05.2019 07:27:00.000,5993.998,5993.998,5984.998,5986.998,0.0033
08.05.2019 07:28:00.000,5986.997,5989.998,5986.997,5989.998,0.002
08.05.2019 07:29:00.000,5990.997,5992.998,5989.997,5992.997,0.0053
08.05.2019 07:30:00.000,5992.998,5994.998,5990.998,5994.998,0.0039
08.05.2019 07:31:00.000,5996.998,6001.997,5995.997,6001.997,0.0027
08.05.2019 07:32:00.000,6001.998,6001.998,5998.998,6001.997,0.0019
08.05.2019 07:33:00.000,5999.997,5999.998,5996.997,5997.998,0.002
08.05.2019 07:34:00.000,5998.997,6005.998,5994.998,6002.998,0.0043
08.05.2019 07:35:00.000,6002.997,6002.998,5996.998,5997.997,0.0045
08.05.2019 07:36:00.000,5999.997,6000.998,5997.997,5997.997,0.002
08.05.2019 07:37:00.000,5999.998,6004.998,5998.997,6004.998,0.0026
08.05.2019 07:38:00.000,6005.997,6006.997,6004.998,6005.997,0.0013
08.05.2019 07:39:00.000,6005.998,6013.998,6005.997,6007.998,0.0087
08.05.2019 07:40:00.000,6007.997,6011.998,6006.997,6010.998,0.0048
08.05.2019 07:41:00.000,6010.997,6014.998,6009.997,6009.998,0.0083
08.05.2019 07:42:00.000,6008.997,6013.998,6008.997,6012.998,0.0044
08.05.2019 07:43:00.000,6012.997,6013.998,6010.997,6012.998,0.0043
08.05.2019 07:44:00.000,6012.998,6013.998,6009.997,6010.998,0.0025
08.05.2019 07:45:00.000,6011.998,6015.997,6010.998,6014.998,0.0027
08.05.2019 07:46:00.000,6014.997,6015.998,6013.997,6015.997,0.0052
08.05.2019 07:47:00.000,6015.998,6016.998,6012.998,6012.998,0.0033
08.05.2019 07:48:00.000,6013.997,6017.998,6013.997,6017.998,0.0022
08.05.2019 07:49:00.000,6017.997,6017.998,6016.997,6016.997,0.002
08.05.2019 07:50:00.000,6016.997,6018.998,6016.997,6017.998,0.0058
08.05.2019 07:51:00.000,6016.997,6017.998,6016.997,6017.998,0.0009
08.05.2019 07:52:00.000,6018.998,6018.998,6017.997,6017.998,0.0029
08.05.2019 07:53:00.000,6018.998,6018.998,6018.997,6018.998,0.0005
08.05.2019 07:54:00.000,6017.998,6023.998,6017.998,6023.997,0.0043
08.05.2019 07:55:00.000,6023.998,6023.998,6018.998,6019.998,0.0045
08.05.2019 07:56:00.000,6019.997,6020.998,6018.997,6018.998,0.0018
08.05.2019 07:57:00.000,6018.997,6024.998,6018.997,6024.997,0.0041
08.05.2019 07:58:00.000,6024.998,6024.998,6020.997,6021.998,0.0023
08.05.2019 07:59:00.000,6021.997,6021.998,6021.997,6021.998,0.001
08.05.2019 08:00:00.000,6021.997,6021.998,6021.997,6021.997,0.0014
08.05.2019 08:01:00.000,6021.997,6023.998,6020.997,6022.998,0.0051
08.05.2019 08:02:00.000,6022.998,6022.998,6018.998,6018.998,0.0049
08.05.2019 08:03:00.000,6018.997,6019.997,6016.997,6016.998,0.0008
08.05.2019 08:04:00.000,6015.997,6016.998,6015.997,6016.998,0.0011
08.05.2019 08:05:00.000,6016.997,6016.998,6015.997,6015.998,0.0007
08.05.2019 08:06:00.000,6015.997,6015.997,6014.997,6014.998,0.0007
08.05.2019 08:07:00.000,6014.998,6017.998,6014.998,6016.998,0.0021
08.05.2019 08:08:00.000,6017.998,6018.998,6016.998,6018.998,0.0012
08.05.2019 08:09:00.000,6018.997,6021.998,6017.997,6021.998,0.0046
08.05.2019 08:10:00.000,6021.998,6022.998,6020.998,6022.997,0.0022
08.05.2019 08:11:00.000,6022.998,6023.998,6022.998,6023.998,0.001
08.05.2019 08:12:00.000,6024.998,6024.998,6021.998,6021.998,0.0048
08.05.2019 08:13:00.000,6021.997,6023.998,6021.997,6023.998,0.006
08.05.2019 08:14:00.000,6022.998,6024.998,6022.997,6023.997,0.0045
08.05.2019 08:15:00.000,6023.998,6023.998,6021.997,6022.998,0.0085
08.05.2019 08:16:00.000,6022.997,6024.998,6022.997,6024.998,0.007
08.05.2019 08:17:00.000,6024.998,6025.998,6021.997,6021.998,0.0054
08.05.2019 08:18:00.000,6021.997,6022.998,6021.997,6022.998,0.0009
08.05.2019 08:19:00.000,6022.997,6023.998,6021.997,6022.997,0.004
08.05.2019 08:20:00.000,6022.997,6022.998,6021.998,6021.998,0.0012
08.05.2019 08:21:00.000,6022.998,6032.998,6022.998,6029.997,0.006
08.05.2019 08:22:00.000,6029.998,6034.998,6029.998,6031.998,0.0133
08.05.2019 08:23:00.000,6031.998,6044.998,6031.997,6040.998,0.0094
08.05.2019 08:24:00.000,6042.997,6046.997,6038.997,6044.998,0.007
08.05.2019 08:25:00.000,6045.997,6047.998,6038.998,6040.997,0.001
08.05.2019 08:26:00.000,6040.998,6041.998,6039.998,6041.998,0.0045
08.05.2019 08:27:00.000,6040.997,6041.998,6038.997,6040.998,0.0007
08.05.2019 08:28:00.000,6040.998,6040.998,6034.998,6036.998,0.0025
08.05.2019 08:29:00.000,6036.997,6045.998,6036.997,6045.998,0.0038
08.05.2019 08:30:00.000,6046.998,6050.998,6045.997,6050.998,0.0043
08.05.2019 08:31:00.000,6050.997,6051.998,6046.997,6046.998,0.0015
08.05.2019 08:32:00.000,6046.997,6046.998,6044.998,6046.998,0.0018
08.05.2019 08:33:00.000,6046.998,6046.998,6043.997,6043.998,0.0038
08.05.2019 08:34:00.000,6043.997,6043.998,6043.997,6043.998,0.0027
08.05.2019 08:35:00.000,6043.997,6048.998,6043.997,6046.998,0.0027
08.05.2019 08:36:00.000,6046.997,6047.998,6045.997,6045.997,0.0034
08.05.2019 08:37:00.000,6046.998,6049.998,6043.997,6049.998,0.0058
08.05.2019 08:38:00.000,6049.997,6049.998,6046.997,6046.998,0.0017
08.05.2019 08:39:00.000,6046.997,6047.998,6046.997,6047.998,0.0011
08.05.2019 08:40:00.000,6047.998,6049.998,6047.997,6048.998,0.0008
08.05.2019 08:41:00.000,6048.997,6048.997,6043.997,6043.998,0.001
08.05.2019 08:42:00.000,6043.997,6047.750,6043.997,6046.998,0.0025
08.05.2019 08:43:00.000,6046.997,6047.998,6046.997,6046.997,0.0013
08.05.2019 08:44:00.000,6046.998,6049.998,6046.997,6049.998,0.0035
08.05.2019 08:45:00.000,6049.997,6051.998,6045.997,6045.997,0.0058
08.05.2019 08:46:00.000,6045.997,6050.998,6044.998,6049.998,0.0059
08.05.2019 08:47:00.000,6049.997,6049.998,6046.997,6046.998,0.0023
08.05.2019 08:48:00.000,6045.998,6045.998,6043.997,6043.997,0.0021
08.05.2019 08:49:00.000,6041.997,6046.998,6041.997,6046.997,0.0025
08.05.2019 08:50:00.000,6047.997,6047.997,6045.998,6045.998,0.0023
08.05.2019 08:51:00.000,6045.997,6048.998,6045.997,6048.997,0.0017
08.05.2019 08:52:00.000,6048.998,6050.998,6048.997,6050.998,0.001
08.05.2019 08:53:00.000,6051.997,6051.997,6050.997,6050.998,0.0014
08.05.2019 08:54:00.000,6050.998,6050.998,6048.997,6048.997,0.0019
08.05.2019 08:55:00.000,6049.997,6051.998,6049.997,6051.998,0.0008
08.05.2019 08:56:00.000,6051.998,6051.998,6050.998,6051.998,0.0008
08.05.2019 08:57:00.000,6051.997,6056.997,6051.997,6056.997,0.0034
08.05.2019 08:58:00.000,6056.998,6056.998,6052.998,6053.998,0.0057
08.05.2019 08:59:00.000,6053.998,6058.998,6053.997,6056.998,0.0033
08.05.2019 09:00:00.000,6056.997,6057.998,6049.998,6049.998,0.0067
08.05.2019 09:01:00.000,6048.998,6051.998,6048.997,6051.998,0.004
08.05.2019 09:02:00.000,6051.998,6054.997,6051.997,6054.997,0.0024
08.05.2019 09:03:00.000,6054.997,6054.998,6052.997,6052.997,0.0019
08.05.2019 09:04:00.000,6052.998,6056.998,6052.997,6056.997,0.0057
08.05.2019 09:05:00.000,6056.998,6060.998,6056.997,6060.997,0.0035
08.05.2019 09:06:00.000,6060.998,6064.998,6059.997,6064.998,0.0019
08.05.2019 09:07:00.000,6064.998,6064.998,6059.997,6062.998,0.0052
08.05.2019 09:08:00.000,6061.998,6062.998,6060.998,6061.997,0.0076
08.05.2019 09:09:00.000,6061.998,6061.998,6058.998,6059.998,0.0019
08.05.2019 09:10:00.000,6059.997,6067.997,6059.997,6066.998,0.0051
08.05.2019 09:11:00.000,6066.998,6069.998,6066.997,6069.997,0.0024
08.05.2019 09:12:00.000,6069.998,6070.998,6069.997,6070.998,0.0043
08.05.2019 09:13:00.000,6070.998,6072.998,6070.997,6072.998,0.0049
08.05.2019 09:14:00.000,6072.997,6074.998,6070.998,6073.997,0.0085
08.05.2019 09:15:00.000,6074.997,6075.997,6072.998,6073.997,0.0021
08.05.2019 09:16:00.000,6073.998,6075.998,6073.997,6075.998,0.0016
08.05.2019 09:17:00.000,6075.997,6077.998,6075.997,6077.998,0.0079
08.05.2019 09:18:00.000,6077.997,6081.998,6077.997,6078.998,0.0105
08.05.2019 09:19:00.000,6076.998,6080.998,6074.997,6075.997,0.0031
08.05.2019 09:20:00.000,6076.998,6076.998,6072.997,6073.997,0.0013
08.05.2019 09:21:00.000,6073.998,6074.998,6073.998,6074.998,0.0007
08.05.2019 09:22:00.000,6074.997,6074.997,6072.997,6072.997,0.0005
08.05.2019 09:23:00.000,6072.998,6075.998,6072.998,6075.998,0.0024
08.05.2019 09:24:00.000,6075.998,6075.998,6074.997,6074.998,0.0021
08.05.2019 09:25:00.000,6075.998,6077.998,6075.997,6077.998,0.0024
08.05.2019 09:26:00.000,6077.997,6077.998,6073.998,6076.998,0.0027
08.05.2019 09:27:00.000,6076.998,6079.998,6075.997,6079.997,0.0057
08.05.2019 09:28:00.000,6078.998,6079.998,6077.997,6079.997,0.002
08.05.2019 09:29:00.000,6078.998,6079.998,6078.997,6079.998,0.0022
08.05.2019 09:30:00.000,6079.997,6079.997,6074.998,6077.997,0.0028
08.05.2019 09:31:00.000,6077.998,6081.997,6077.997,6080.998,0.0058
08.05.2019 09:32:00.000,6080.998,6080.998,6075.997,6075.998,0.0028
08.05.2019 09:33:00.000,6075.998,6075.998,6075.997,6075.998,0.0021
08.05.2019 09:34:00.000,6075.998,6075.998,6071.997,6071.997,0.0018
08.05.2019 09:35:00.000,6071.998,6072.998,6068.998,6068.998,0.0012
08.05.2019 09:36:00.000,6068.997,6070.998,6068.997,6070.997,0.0025
08.05.2019 09:37:00.000,6070.997,6070.997,6065.997,6069.998,0.0043
08.05.2019 09:38:00.000,6069.998,6069.998,6064.998,6065.997,0.0025
08.05.2019 09:39:00.000,6065.998,6066.998,6064.997,6064.998,0.0022
08.05.2019 09:40:00.000,6065.997,6068.998,6063.998,6068.998,0.0081
08.05.2019 09:41:00.000,6068.997,6068.998,6065.998,6068.997,0.0064
08.05.2019 09:42:00.000,6068.997,6070.997,6067.998,6067.998,0.0044
08.05.2019 09:43:00.000,6066.998,6071.998,6065.997,6071.998,0.0026
08.05.2019 09:44:00.000,6071.997,6071.998,6067.998,6067.998,0.0022
08.05.2019 09:45:00.000,6067.997,6070.998,6067.997,6069.998,0.0014
08.05.2019 09:46:00.000,6069.997,6071.998,6069.997,6071.998,0.0052
08.05.2019 09:47:00.000,6071.997,6072.998,6069.997,6072.998,0.0019
08.05.2019 09:48:00.000,6072.997,6072.998,6070.997,6070.997,0.0022
08.05.2019 09:49:00.000,6071.998,6072.998,6069.997,6070.998,0.0024
08.05.2019 09:50:00.000,6070.997,6070.998,6070.997,6070.997,0.0019
08.05.2019 09:51:00.000,6071.997,6073.998,6070.997,6072.998,0.0036
08.05.2019 09:52:00.000,6072.997,6074.998,6072.997,6073.997,0.0033
08.05.2019 09:53:00.000,6073.998,6075.998,6073.998,6075.998,0.0008
08.05.2019 09:54:00.000,6075.997,6075.998,6074.997,6074.998,0.0011
08.05.2019 09:55:00.000,6074.997,6076.998,6074.997,6076.998,0.003
08.05.2019 09:56:00.000,6076.997,6076.998,6076.997,6076.998,0.0006
08.05.2019 09:57:00.000,6076.997,6078.997,6076.997,6077.998,0.0026
08.05.2019 09:58:00.000,6078.998,6078.998,6076.998,6076.998,0.0032
08.05.2019 09:59:00.000,6076.998,6076.998,6074.997,6074.997,0.003
08.05.2019 10:00:00.000,6074.997,6074.997,6070.997,6072.998,0.0039
08.05.2019 10:01:00.000,6072.998,6072.998,6071.997,6071.998,0.0007
08.05.2019 10:02:00.000,6071.998,6073.998,6071.997,6073.998,0.0017
08.05.2019 10:03:00.000,6073.997,6074.998,6070.998,6071.997,0.0038
08.05.2019 10:04:00.000,6071.997,6071.998,6069.997,6071.997,0.0035
08.05.2019 10:05:00.000,6071.998,6071.998,6070.998,6071.997,0.0024
08.05.2019 10:06:00.000,6071.998,6071.998,6067.997,6067.998,0.0031
08.05.2019 10:07:00.000,6067.997,6067.998,6064.997,6067.998,0.0039
08.05.2019 10:08:00.000,6067.998,6067.998,6065.997,6066.997,0.0011
08.05.2019 10:09:00.000,6066.998,6067.998,6066.997,6066.998,0.0005
08.05.2019 10:10:00.000,6066.997,6067.998,6066.997,6066.997,0.0021
08.05.2019 10:11:00.000,6066.998,6066.998,6066.997,6066.998,0.0029
08.05.2019 10:12:00.000,6067.997,6067.998,6066.998,6067.998,0.0015
08.05.2019 10:13:00.000,6067.998,6067.998,6064.998,6064.998,0.0019
08.05.2019 10:14:00.000,6066.997,6066.998,6063.997,6065.998,0.0027
08.05.2019 10:15:00.000,6065.997,6066.998,6064.998,6066.997,0.0017
08.05.2019 10:16:00.000,6066.998,6067.998,6065.997,6066.998,0.004
08.05.2019 10:17:00.000,6066.997,6068.998,6066.997,6068.998,0.0051
08.05.2019 10:18:00.000,6068.997,6071.998,6068.997,6071.998,0.0043
08.05.2019 10:19:00.000,6071.997,6072.998,6071.997,6071.998,0.0036
08.05.2019 10:20:00.000,6071.997,6074.998,6071.997,6074.997,0.0021
08.05.2019 10:21:00.000,6074.998,6078.998,6074.997,6078.998,0.0027
08.05.2019 10:22:00.000,6079.997,6082.997,6079.997,6082.997,0.0016
08.05.2019 10:23:00.000,6082.998,6083.998,6082.997,6083.998,0.0043
08.05.2019 10:24:00.000,6080.998,6083.997,6077.997,6077.997,0.0121
08.05.2019 10:25:00.000,6077.997,6077.997,6072.997,6073.998,0.0045
08.05.2019 10:26:00.000,6073.997,6075.998,6072.998,6072.998,0.002
08.05.2019 10:27:00.000,6072.997,6074.997,6069.997,6069.997,0.003
08.05.2019 10:28:00.000,6068.998,6070.998,6067.998,6068.997,0.0023
08.05.2019 10:29:00.000,6068.998,6068.998,6068.997,6068.997,0.0009
08.05.2019 10:30:00.000,6068.998,6070.998,6068.997,6070.998,0.0025
08.05.2019 10:31:00.000,6070.997,6071.998,6070.997,6071.998,0.0015
08.05.2019 10:32:00.000,6071.997,6074.998,6071.997,6074.998,0.0036
08.05.2019 10:33:00.000,6074.997,6074.997,6070.998,6070.998,0.0009
08.05.2019 10:34:00.000,6070.998,6073.998,6070.998,6073.997,0.0019
08.05.2019 10:35:00.000,6073.998,6074.998,6070.997,6073.997,0.0065
08.05.2019 10:36:00.000,6073.998,6075.998,6073.997,6075.997,0.0047
08.05.2019 10:37:00.000,6076.997,6077.998,6076.997,6077.998,0.0033
08.05.2019 10:38:00.000,6077.997,6078.998,6075.997,6078.998,0.009
08.05.2019 10:39:00.000,6078.997,6078.998,6075.998,6076.997,0.0019
08.05.2019 10:40:00.000,6076.998,6077.998,6076.997,6077.998,0.0037
08.05.2019 10:41:00.000,6078.998,6079.998,6078.997,6079.998,0.0036
08.05.2019 10:42:00.000,6079.998,6079.998,6079.997,6079.998,0.0011
08.05.2019 10:43:00.000,6079.997,6079.998,6076.997,6079.998,0.0081
08.05.2019 10:44:00.000,6079.997,6080.998,6079.997,6080.998,0.0027
08.05.2019 10:45:00.000,6080.750,6080.750,6078.998,6078.998,0.0004
08.05.2019 10:46:00.000,6078.997,6078.998,6076.997,6077.998,0.002
08.05.2019 10:47:00.000,6077.750,6077.750,6073.998,6073.998,0.0013
08.05.2019 10:48:00.000,6074.998,6074.998,6070.997,6070.997,0.0027
08.05.2019 10:49:00.000,6070.998,6070.998,6070.997,6070.998,0.0018
08.05.2019 10:50:00.000,6072.998,6072.998,6072.997,6072.997,0.0018
08.05.2019 10:51:00.000,6072.998,6072.998,6072.998,6072.998,0.0002
08.05.2019 10:52:00.000,6072.998,6073.998,6072.998,6073.998,0.0032
08.05.2019 10:53:00.000,6073.997,6075.998,6073.997,6073.998,0.0083
08.05.2019 10:54:00.000,6073.998,6074.998,6072.997,6072.997,0.0068
08.05.2019 10:55:00.000,6072.998,6072.998,6068.998,6069.998,0.0031
08.05.2019 10:56:00.000,6069.997,6071.998,6069.997,6071.998,0.0024
08.05.2019 10:57:00.000,6072.997,6072.998,6071.997,6071.997,0.0013
08.05.2019 10:58:00.000,6071.998,6074.997,6071.998,6074.997,0.0018
08.05.2019 10:59:00.000,6074.998,6074.998,6072.997,6072.998,0.0015
08.05.2019 11:00:00.000,6071.998,6071.998,6071.998,6071.998,0.0002
08.05.2019 11:02:00.000,6069.997,6073.997,6069.997,6072.998,0.0057
08.05.2019 11:03:00.000,6072.997,6076.998,6072.997,6076.998,0.0072
08.05.2019 11:04:00.000,6076.997,6078.998,6076.997,6078.998,0.0047
08.05.2019 11:05:00.000,6077.998,6080.998,6077.997,6080.998,0.0044
08.05.2019 11:06:00.000,6080.997,6082.998,6080.997,6080.998,0.0072
08.05.2019 11:07:00.000,6080.997,6080.998,6076.997,6076.998,0.0064
08.05.2019 11:08:00.000,6076.997,6077.998,6073.997,6075.997,0.002
08.05.2019 11:09:00.000,6075.998,6076.997,6073.997,6074.998,0.003
08.05.2019 11:10:00.000,6075.998,6078.998,6074.997,6077.998,0.0032
08.05.2019 11:11:00.000,6077.997,6078.998,6077.997,6077.997,0.0041
08.05.2019 11:12:00.000,6077.998,6081.997,6077.997,6079.998,0.0054
08.05.2019 11:13:00.000,6079.997,6082.998,6079.997,6082.998,0.0038
08.05.2019 11:14:00.000,6082.997,6082.998,6080.998,6082.997,0.0014
08.05.2019 11:15:00.000,6082.998,6083.998,6079.997,6079.998,0.0039
08.05.2019 11:16:00.000,6079.998,6080.998,6079.997,6079.998,0.0016
08.05.2019 11:17:00.000,6079.997,6080.998,6078.998,6079.997,0.0061
08.05.2019 11:18:00.000,6079.998,6079.998,6072.997,6073.997,0.0068
08.05.2019 11:19:00.000,6073.998,6075.998,6072.998,6075.998,0.0018
08.05.2019 11:20:00.000,6075.997,6076.998,6075.997,6076.998,0.005
08.05.2019 11:21:00.000,6076.997,6078.998,6076.997,6078.998,0.0024
08.05.2019 11:22:00.000,6077.997,6082.998,6077.997,6081.998,0.0051
08.05.2019 11:23:00.000,6080.998,6081.998,6080.998,6081.998,0.0011
08.05.2019 11:24:00.000,6080.997,6081.998,6080.997,6081.998,0.0018
08.05.2019 11:25:00.000,6081.997,6087.998,6081.997,6087.998,0.004
08.05.2019 11:26:00.000,6087.997,6087.997,6083.998,6083.998,0.0021
08.05.2019 11:27:00.000,6084.997,6084.998,6081.997,6081.998,0.0024
08.05.2019 11:28:00.000,6081.998,6083.998,6081.997,6081.998,0.004
08.05.2019 11:29:00.000,6081.998,6081.998,6079.998,6080.998,0.0009
08.05.2019 11:30:00.000,6080.750,6080.750,6077.997,6077.998,0.005
08.05.2019 11:31:00.000,6077.997,6079.998,6077.997,6077.998,0.0039
08.05.2019 11:32:00.000,6077.750,6077.750,6074.997,6075.997,0.0012
08.05.2019 11:33:00.000,6075.998,6075.998,6073.998,6073.998,0.001
08.05.2019 11:34:00.000,6073.997,6074.998,6072.998,6074.998,0.0023
08.05.2019 11:35:00.000,6074.997,6075.998,6074.997,6074.998,0.003
08.05.2019 11:36:00.000,6074.997,6074.998,6074.997,6074.997,0.0015
08.05.2019 11:37:00.000,6074.998,6076.998,6073.998,6076.997,0.0044
08.05.2019 11:38:00.000,6076.998,6077.998,6076.997,6077.997,0.0022
08.05.2019 11:39:00.000,6077.998,6080.998,6077.998,6079.998,0.0029
08.05.2019 11:40:00.000,6079.997,6079.998,6077.997,6078.998,0.0022
08.05.2019 11:41:00.000,6079.998,6080.998,6079.998,6080.998,0.007
08.05.2019 11:42:00.000,6080.997,6080.998,6078.997,6078.998,0.005
08.05.2019 11:43:00.000,6078.997,6078.998,6078.997,6078.998,0.0013
08.05.2019 11:44:00.000,6078.997,6079.998,6076.998,6077.997,0.0021
08.05.2019 11:45:00.000,6075.998,6076.998,6075.997,6075.998,0.0004
08.05.2019 11:46:00.000,6075.997,6078.998,6075.997,6077.998,0.0046
08.05.2019 11:47:00.000,6078.998,6078.998,6077.997,6078.997,0.004
08.05.2019 11:48:00.000,6078.998,6079.998,6077.997,6078.998,0.0047
08.05.2019 11:49:00.000,6079.998,6079.998,6077.997,6077.998,0.001
08.05.2019 11:50:00.000,6077.998,6078.998,6077.997,6078.998,0.0012
08.05.2019 11:51:00.000,6078.998,6081.998,6078.998,6081.998,0.0043
08.05.2019 11:52:00.000,6081.997,6082.998,6081.997,6082.998,0.0018
08.05.2019 11:53:00.000,6082.998,6086.998,6082.998,6086.998,0.0024
08.05.2019 11:54:00.000,6086.998,6086.998,6083.997,6083.998,0.0027
08.05.2019 11:55:00.000,6084.997,6089.998,6083.998,6088.998,0.0057
08.05.2019 11:56:00.000,6088.997,6093.998,6088.997,6092.998,0.0079
08.05.2019 11:57:00.000,6093.997,6093.998,6092.997,6092.997,0.0044
08.05.2019 11:58:00.000,6092.998,6095.998,6092.998,6093.998,0.0064
08.05.2019 11:59:00.000,6093.997,6093.998,6091.997,6093.998,0.0044
08.05.2019 12:00:00.000,6093.998,6094.998,6093.997,6094.998,0.0032
08.05.2019 12:01:00.000,6094.997,6094.998,6089.997,6091.997,0.0055
08.05.2019 12:02:00.000,6091.998,6094.998,6091.998,6094.998,0.0048
08.05.2019 12:03:00.000,6094.997,6094.998,6093.997,6093.997,0.0033
08.05.2019 12:04:00.000,6093.998,6093.998,6091.997,6091.998,0.0014
08.05.2019 12:05:00.000,6089.998,6092.998,6089.997,6091.998,0.0024
08.05.2019 12:06:00.000,6091.997,6092.998,6091.997,6092.997,0.0037
08.05.2019 12:07:00.000,6092.998,6092.998,6092.997,6092.998,0.0021
08.05.2019 12:08:00.000,6092.997,6094.998,6092.997,6094.998,0.0037
08.05.2019 12:09:00.000,6094.997,6094.998,6094.997,6094.997,0.0016
08.05.2019 12:10:00.000,6094.998,6094.998,6093.998,6094.997,0.0031
08.05.2019 12:11:00.000,6094.998,6094.998,6087.998,6088.998,0.0033
08.05.2019 12:12:00.000,6088.998,6088.998,6084.998,6084.998,0.0005
08.05.2019 12:13:00.000,6085.998,6085.998,6085.997,6085.998,0.0002
08.05.2019 12:14:00.000,6085.997,6085.998,6085.997,6085.997,0.0012
08.05.2019 12:15:00.000,6085.997,6085.998,6084.997,6085.998,0.0026
08.05.2019 12:16:00.000,6085.997,6087.998,6085.997,6087.998,0.0014
08.05.2019 12:17:00.000,6087.998,6088.998,6087.997,6087.998,0.0041
08.05.2019 12:18:00.000,6088.997,6090.998,6088.997,6088.998,0.0019
08.05.2019 12:19:00.000,6088.997,6090.998,6088.997,6090.997,0.0056
08.05.2019 12:20:00.000,6091.997,6091.998,6090.997,6091.997,0.0055
08.05.2019 12:21:00.000,6092.998,6094.998,6091.997,6093.998,0.0071
08.05.2019 12:22:00.000,6093.997,6093.998,6086.998,6088.998,0.0072
08.05.2019 12:23:00.000,6088.997,6088.997,6086.997,6086.998,0.0019
08.05.2019 12:24:00.000,6086.997,6086.998,6085.997,6085.997,0.0023
08.05.2019 12:25:00.000,6085.998,6085.998,6085.997,6085.997,0.0004
08.05.2019 12:26:00.000,6085.998,6087.998,6085.997,6087.997,0.0038
08.05.2019 12:27:00.000,6087.998,6088.998,6086.997,6087.998,0.0093
08.05.2019 12:28:00.000,6087.997,6087.998,6087.997,6087.998,0.0059
08.05.2019 12:29:00.000,6085.998,6086.998,6085.997,6086.997,0.001
08.05.2019 12:30:00.000,6086.998,6088.998,6086.997,6088.998,0.0048
08.05.2019 12:31:00.000,6088.997,6089.998,6087.997,6087.997,0.0034
08.05.2019 12:32:00.000,6087.998,6087.998,6087.997,6087.998,0.0009
08.05.2019 12:33:00.000,6080.998,6083.998,6076.998,6077.998,0.0051
08.05.2019 12:34:00.000,6077.997,6077.998,6075.997,6076.998,0.0018
08.05.2019 12:35:00.000,6076.997,6079.998,6076.997,6079.997,0.008
08.05.2019 12:36:00.000,6079.998,6080.998,6079.997,6080.998,0.0042
08.05.2019 12:37:00.000,6080.997,6080.998,6078.997,6078.998,0.0043
08.05.2019 12:38:00.000,6078.997,6078.998,6076.997,6076.997,0.0058
08.05.2019 12:39:00.000,6077.997,6079.998,6077.997,6079.998,0.0041
08.05.2019 12:40:00.000,6079.997,6079.998,6077.997,6078.998,0.0072
08.05.2019 12:41:00.000,6078.997,6084.998,6078.997,6084.998,0.0096
08.05.2019 12:42:00.000,6084.998,6086.998,6084.997,6086.998,0.0036
08.05.2019 12:43:00.000,6086.998,6086.998,6083.997,6084.998,0.0044
08.05.2019 12:44:00.000,6084.997,6086.998,6084.997,6086.998,0.007
08.05.2019 12:45:00.000,6086.997,6088.998,6086.997,6088.997,0.0165
08.05.2019 12:46:00.000,6088.997,6090.998,6087.997,6090.997,0.0068
08.05.2019 12:47:00.000,6090.998,6091.998,6086.997,6088.998,0.0062
08.05.2019 12:48:00.000,6088.997,6088.998,6082.997,6086.998,0.008
08.05.2019 12:49:00.000,6086.997,6097.998,6086.997,6097.998,0.0236
08.05.2019 12:50:00.000,6097.997,6099.998,6094.997,6096.998,0.0144
08.05.2019 12:51:00.000,6096.997,6102.998,6094.997,6096.998,0.0082
08.05.2019 12:52:00.000,6097.997,6097.998,6089.997,6089.998,0.0077
08.05.2019 12:53:00.000,6089.997,6094.998,6089.997,6094.998,0.0064
08.05.2019 12:54:00.000,6095.997,6097.998,6091.998,6096.997,0.006
08.05.2019 12:55:00.000,6096.998,6100.998,6096.998,6099.997,0.0075
08.05.2019 12:56:00.000,6099.998,6102.998,6097.997,6101.998,0.0067
08.05.2019 12:57:00.000,6101.998,6102.998,6101.997,6101.997,0.0062
08.05.2019 12:58:00.000,6101.998,6107.998,6101.997,6107.998,0.0044
08.05.2019 12:59:00.000,6107.997,6107.997,6101.998,6103.998,0.0042
08.05.2019 13:00:00.000,6103.998,6105.998,6103.997,6104.997,0.0049
08.05.2019 13:01:00.000,6104.997,6104.998,6103.997,6104.998,0.0021
08.05.2019 13:02:00.000,6104.997,6105.998,6101.997,6101.998,0.0022
08.05.2019 13:03:00.000,6101.997,6102.998,6098.997,6099.998,0.0033
08.05.2019 13:04:00.000,6099.750,6099.750,6097.997,6097.998,0.0025
08.05.2019 13:05:00.000,6097.998,6098.998,6095.997,6095.997,0.0048
08.05.2019 13:06:00.000,6095.998,6100.998,6095.998,6100.997,0.0067
08.05.2019 13:07:00.000,6100.997,6100.998,6099.997,6100.997,0.01
08.05.2019 13:08:00.000,6100.998,6100.998,6100.997,6100.998,0.0067
08.05.2019 13:09:00.000,6100.997,6101.998,6099.998,6099.998,0.0058
08.05.2019 13:10:00.000,6100.998,6101.998,6100.997,6100.998,0.0031
08.05.2019 13:11:00.000,6101.997,6101.998,6100.997,6100.997,0.0051
08.05.2019 13:12:00.000,6101.998,6102.998,6094.997,6096.998,0.0065
08.05.2019 13:13:00.000,6096.997,6097.998,6095.997,6097.998,0.0036
08.05.2019 13:14:00.000,6097.997,6097.998,6096.997,6097.998,0.0039
08.05.2019 13:15:00.000,6098.997,6099.998,6097.998,6098.998,0.0082
08.05.2019 13:16:00.000,6098.997,6101.998,6098.997,6101.998,0.0043
08.05.2019 13:17:00.000,6101.997,6103.998,6101.997,6103.998,0.0095
08.05.2019 13:18:00.000,6103.997,6105.998,6101.997,6105.997,0.0055
08.05.2019 13:19:00.000,6105.998,6105.998,6104.997,6104.998,0.0061
08.05.2019 13:20:00.000,6104.997,6106.998,6104.997,6106.998,0.0021
08.05.2019 13:21:00.000,6105.998,6105.998,6102.997,6102.998,0.0034
08.05.2019 13:22:00.000,6102.997,6103.998,6102.997,6103.997,0.002
08.05.2019 13:23:00.000,6103.997,6103.998,6094.998,6095.997,0.0049
08.05.2019 13:24:00.000,6095.997,6095.998,6093.998,6095.998,0.0037
08.05.2019 13:25:00.000,6095.997,6096.998,6095.997,6096.997,0.0029
08.05.2019 13:26:00.000,6097.998,6100.997,6097.997,6097.998,0.0062
08.05.2019 13:27:00.000,6097.997,6097.998,6097.997,6097.998,0.0045
08.05.2019 13:28:00.000,6097.998,6099.997,6096.997,6096.997,0.0143
08.05.2019 13:29:00.000,6096.997,6097.998,6094.998,6095.998,0.0063
08.05.2019 13:30:00.000,6095.997,6096.998,6094.997,6094.997,0.0097
08.05.2019 13:31:00.000,6094.998,6095.998,6091.997,6091.997,0.0087
08.05.2019 13:32:00.000,6091.998,6091.998,6085.998,6086.998,0.0053
08.05.2019 13:33:00.000,6086.997,6090.998,6086.997,6090.997,0.0057
08.05.2019 13:34:00.000,6090.998,6090.998,6088.998,6089.997,0.003
08.05.2019 13:35:00.000,6089.750,6090.998,6086.998,6089.998,0.0044
08.05.2019 13:36:00.000,6090.998,6090.998,6085.997,6086.998,0.0177
08.05.2019 13:37:00.000,6086.997,6088.998,6084.997,6086.998,0.0087
08.05.2019 13:38:00.000,6086.997,6086.997,6084.997,6084.998,0.0045
08.05.2019 13:39:00.000,6085.997,6087.998,6084.997,6087.998,0.0071
08.05.2019 13:40:00.000,6087.997,6090.997,6086.997,6090.997,0.0086
08.05.2019 13:41:00.000,6090.998,6094.998,6090.998,6092.998,0.015
08.05.2019 13:42:00.000,6092.997,6093.998,6091.997,6093.998,0.0097
08.05.2019 13:43:00.000,6093.997,6094.998,6090.997,6094.997,0.016
08.05.2019 13:44:00.000,6094.998,6094.998,6092.997,6094.997,0.0123
08.05.2019 13:45:00.000,6094.998,6098.998,6094.997,6097.998,0.0168
08.05.2019 13:46:00.000,6096.998,6097.998,6095.998,6096.998,0.0107
08.05.2019 13:47:00.000,6096.997,6099.998,6096.997,6098.998,0.0127
08.05.2019 13:48:00.000,6098.997,6100.998,6098.997,6100.998,0.0102
08.05.2019 13:49:00.000,6100.997,6101.998,6098.997,6098.997,0.0171
08.05.2019 13:50:00.000,6099.998,6105.998,6099.997,6104.998,0.0138
08.05.2019 13:51:00.000,6104.997,6105.998,6104.997,6105.997,0.0076
08.05.2019 13:52:00.000,6106.998,6108.998,6105.997,6108.998,0.0143
08.05.2019 13:53:00.000,6108.997,6108.998,6106.998,6108.998,0.0209
08.05.2019 13:54:00.000,6108.997,6111.998,6108.997,6111.998,0.0117
08.05.2019 13:55:00.000,6111.997,6111.998,6108.997,6109.998,0.0101
08.05.2019 13:56:00.000,6109.997,6109.998,6106.997,6106.998,0.0072
08.05.2019 13:57:00.000,6104.998,6105.998,6104.997,6105.998,0.0036
08.05.2019 13:58:00.000,6105.997,6105.997,6099.997,6099.998,0.008
08.05.2019 13:59:00.000,6100.998,6102.998,6099.998,6102.998,0.0056
08.05.2019 14:00:00.000,6103.997,6103.998,6101.997,6101.997,0.0137
08.05.2019 14:01:00.000,6103.998,6105.998,6103.997,6105.997,0.0102
08.05.2019 14:02:00.000,6105.998,6105.998,6105.997,6105.998,0.0119
08.05.2019 14:03:00.000,6105.997,6108.998,6105.997,6107.998,0.0119
08.05.2019 14:04:00.000,6107.997,6108.998,6105.997,6105.998,0.0138
08.05.2019 14:05:00.000,6105.997,6109.998,6105.997,6109.998,0.014
08.05.2019 14:06:00.000,6109.997,6109.998,6108.997,6108.998,0.0083
08.05.2019 14:07:00.000,6108.997,6112.998,6108.997,6112.998,0.0093
08.05.2019 14:08:00.000,6112.998,6112.998,6108.997,6111.998,0.0038
08.05.2019 14:09:00.000,6111.997,6111.998,6107.998,6108.998,0.0065
08.05.2019 14:10:00.000,6108.997,6108.998,6104.997,6106.998,0.006
08.05.2019 14:11:00.000,6107.997,6109.998,6107.997,6109.998,0.0112
08.05.2019 14:12:00.000,6109.998,6111.998,6109.997,6111.998,0.006
08.05.2019 14:13:00.000,6110.997,6111.997,6108.997,6109.998,0.0028
08.05.2019 14:14:00.000,6109.997,6113.998,6109.997,6113.998,0.0083
08.05.2019 14:15:00.000,6113.997,6116.998,6113.997,6116.998,0.0072
08.05.2019 14:16:00.000,6116.998,6118.998,6114.997,6114.998,0.0095
08.05.2019 14:17:00.000,6115.997,6115.998,6114.997,6115.998,0.0044
08.05.2019 14:18:00.000,6116.997,6116.998,6115.997,6116.998,0.003
08.05.2019 14:19:00.000,6116.997,6120.998,6116.997,6119.998,0.0143
08.05.2019 14:20:00.000,6119.997,6119.997,6113.997,6113.998,0.0071
08.05.2019 14:21:00.000,6113.997,6113.997,6110.997,6110.998,0.0045
08.05.2019 14:22:00.000,6109.998,6113.998,6107.998,6111.998,0.0065
08.05.2019 14:23:00.000,6111.997,6112.998,6108.997,6109.997,0.0069
08.05.2019 14:24:00.000,6109.998,6111.997,6109.997,6109.997,0.0053
08.05.2019 14:25:00.000,6109.998,6109.998,6105.997,6109.997,0.0088
08.05.2019 14:26:00.000,6109.998,6109.998,6109.997,6109.998,0.003
08.05.2019 14:27:00.000,6109.997,6110.998,6109.997,6109.998,0.0051
08.05.2019 14:28:00.000,6110.997,6110.997,6103.998,6105.998,0.0117
08.05.2019 14:29:00.000,6105.997,6108.998,6105.997,6108.998,0.0082
08.05.2019 14:30:00.000,6108.998,6109.998,6103.997,6103.997,0.0109
08.05.2019 14:31:00.000,6103.998,6104.998,6101.997,6103.998,0.0062
08.05.2019 14:32:00.000,6103.997,6103.998,6098.997,6098.998,0.0067
08.05.2019 14:33:00.000,6098.997,6100.998,6098.997,6099.998,0.0032
08.05.2019 14:34:00.000,6099.997,6099.998,6095.997,6098.997,0.0111
08.05.2019 14:35:00.000,6098.998,6100.998,6097.998,6100.998,0.0053
08.05.2019 14:36:00.000,6099.998,6101.998,6098.997,6100.997,0.0111
08.05.2019 14:37:00.000,6100.998,6101.998,6100.997,6100.998,0.0109
08.05.2019 14:38:00.000,6100.997,6100.998,6097.997,6098.998,0.005
08.05.2019 14:39:00.000,6099.998,6101.998,6099.997,6101.998,0.003
08.05.2019 14:40:00.000,6101.997,6102.998,6101.997,6101.998,0.0081
08.05.2019 14:41:00.000,6101.997,6105.998,6101.997,6105.997,0.007
08.05.2019 14:42:00.000,6105.998,6108.998,6105.997,6107.998,0.0051
08.05.2019 14:43:00.000,6107.997,6107.998,6106.997,6106.998,0.0096
08.05.2019 14:44:00.000,6106.998,6106.998,6103.997,6104.998,0.0061
08.05.2019 14:45:00.000,6104.750,6104.750,6101.997,6103.997,0.0058
08.05.2019 14:46:00.000,6104.998,6105.998,6103.997,6103.998,0.0092
08.05.2019 14:47:00.000,6103.997,6104.997,6100.997,6101.998,0.0063
08.05.2019 14:48:00.000,6101.998,6106.998,6100.997,6105.997,0.0068
08.05.2019 14:49:00.000,6105.998,6105.998,6104.997,6104.997,0.0057
08.05.2019 14:50:00.000,6104.998,6107.998,6104.997,6107.998,0.011
08.05.2019 14:51:00.000,6107.997,6113.998,6105.997,6112.998,0.0121
08.05.2019 14:52:00.000,6112.997,6112.998,6111.997,6112.998,0.0084
08.05.2019 14:53:00.000,6112.997,6113.998,6110.998,6111.998,0.0079
08.05.2019 14:54:00.000,6111.997,6114.998,6110.997,6111.998,0.0073
08.05.2019 14:55:00.000,6110.998,6111.998,6108.997,6109.997,0.005
08.05.2019 14:56:00.000,6109.998,6112.998,6109.997,6112.997,0.0081
08.05.2019 14:57:00.000,6112.998,6112.998,6109.997,6110.998,0.0045
08.05.2019 14:58:00.000,6110.997,6112.998,6108.997,6112.998,0.0054
08.05.2019 14:59:00.000,6112.997,6118.998,6110.997,6117.998,0.0169
08.05.2019 15:00:00.000,6117.998,6119.998,6114.997,6117.998,0.0104
08.05.2019 15:01:00.000,6117.998,6118.998,6112.997,6112.998,0.0203
08.05.2019 15:02:00.000,6112.997,6114.998,6108.997,6108.998,0.0127
08.05.2019 15:03:00.000,6108.997,6112.998,6108.997,6111.997,0.0081
08.05.2019 15:04:00.000,6112.998,6113.998,6110.997,6111.998,0.0135
08.05.2019 15:05:00.000,6111.998,6111.998,6106.997,6106.998,0.0059
08.05.2019 15:06:00.000,6106.997,6107.998,6103.997,6105.998,0.0097
08.05.2019 15:07:00.000,6106.997,6107.998,6104.998,6106.998,0.0043
08.05.2019 15:08:00.000,6106.997,6106.997,6102.997,6105.998,0.0066
08.05.2019 15:09:00.000,6105.998,6107.998,6098.997,6100.998,0.011
08.05.2019 15:10:00.000,6100.998,6100.998,6096.998,6097.997,0.0097
08.05.2019 15:11:00.000,6097.998,6098.998,6097.997,6098.998,0.0046
08.05.2019 15:12:00.000,6098.997,6098.998,6098.997,6098.998,0.004
08.05.2019 15:13:00.000,6098.997,6099.998,6095.997,6099.998,0.0119
08.05.2019 15:14:00.000,6099.997,6100.998,6097.997,6097.997,0.0123
08.05.2019 15:15:00.000,6097.998,6102.998,6097.997,6100.998,0.0167
08.05.2019 15:16:00.000,6101.998,6104.997,6101.997,6103.998,0.0081
08.05.2019 15:17:00.000,6104.997,6106.998,6104.997,6104.998,0.0054
08.05.2019 15:18:00.000,6105.998,6106.998,6104.997,6104.998,0.0052
08.05.2019 15:19:00.000,6104.997,6104.998,6101.997,6103.998,0.0045
08.05.2019 15:20:00.000,6103.997,6106.998,6103.997,6106.997,0.0173
08.05.2019 15:21:00.000,6106.998,6107.998,6104.997,6104.997,0.0051
08.05.2019 15:22:00.000,6104.998,6105.998,6102.997,6103.997,0.012
08.05.2019 15:23:00.000,6103.998,6103.998,6102.997,6103.998,0.0138
08.05.2019 15:24:00.000,6103.997,6103.998,6099.997,6100.998,0.0152
08.05.2019 15:25:00.000,6100.997,6105.998,6100.997,6105.997,0.0114
08.05.2019 15:26:00.000,6105.998,6106.998,6104.997,6104.998,0.0138
08.05.2019 15:27:00.000,6104.997,6104.998,6101.997,6101.997,0.0152
08.05.2019 15:28:00.000,6101.998,6106.998,6101.997,6106.997,0.0167
08.05.2019 15:29:00.000,6106.998,6109.998,6104.997,6108.998,0.0177
09.05.2019 07:00:00.000,6105.500,6114.998,6102.997,6114.998,0.0022
09.05.2019 07:03:00.000,6120.998,6124.998,6120.998,6124.998,0.0002
09.05.2019 07:04:00.000,6129.998,6134.998,6129.997,6133.998,0.001
09.05.2019 07:05:00.000,6138.998,6145.998,6133.998,6136.998,0.0029
09.05.2019 07:06:00.000,6136.998,6141.998,6132.997,6140.997,0.002
09.05.2019 07:07:00.000,6139.997,6140.997,6137.997,6137.997,0.0023
09.05.2019 07:08:00.000,6137.997,6137.997,6127.997,6130.997,0.0067
09.05.2019 07:09:00.000,6129.998,6134.998,6124.998,6129.998,0.0028
09.05.2019 07:10:00.000,6132.997,6137.998,6132.997,6135.998,0.0033
09.05.2019 07:11:00.000,6135.998,6138.998,6133.998,6134.998,0.0041
09.05.2019 07:12:00.000,6138.750,6150.998,6137.998,6150.998,0.0074
09.05.2019 07:13:00.000,6147.997,6151.998,6146.997,6146.998,0.0025
09.05.2019 07:14:00.000,6146.998,6150.998,6142.997,6142.997,0.0042
09.05.2019 07:15:00.000,6143.998,6146.998,6141.997,6146.997,0.0031
09.05.2019 07:16:00.000,6146.998,6147.998,6141.997,6145.998,0.0072
09.05.2019 07:17:00.000,6145.997,6148.998,6144.997,6147.997,0.0017
09.05.2019 07:18:00.000,6148.997,6157.998,6148.997,6157.998,0.0041
09.05.2019 07:19:00.000,6159.998,6171.998,6159.998,6166.997,0.0042
09.05.2019 07:20:00.000,6168.998,6172.998,6161.997,6164.998,0.0063
09.05.2019 07:21:00.000,6164.998,6167.998,6161.997,6164.998,0.0016
09.05.2019 07:22:00.000,6164.997,6164.997,6153.998,6155.998,0.0032
09.05.2019 07:23:00.000,6157.997,6167.997,6157.997,6164.997,0.0041
09.05.2019 07:24:00.000,6164.998,6168.998,6159.997,6165.997,0.0044
09.05.2019 07:25:00.000,6167.997,6178.998,6164.998,6178.997,0.0016
09.05.2019 07:26:00.000,6176.997,6176.998,6172.997,6174.998,0.0061
09.05.2019 07:27:00.000,6174.997,6174.998,6174.997,6174.998,0.0021
09.05.2019 07:28:00.000,6174.997,6187.998,6172.997,6187.998,0.0064
09.05.2019 07:29:00.000,6187.998,6188.998,6181.997,6185.998,0.0052
09.05.2019 07:30:00.000,6185.998,6185.998,6179.998,6182.998,0.0052
09.05.2019 07:31:00.000,6182.997,6182.998,6170.998,6170.998,0.0034
09.05.2019 07:32:00.000,6170.997,6171.998,6169.997,6171.998,0.0008
09.05.2019 07:33:00.000,6172.997,6175.997,6160.997,6160.998,0.0032
09.05.2019 07:34:00.000,6156.997,6160.998,6156.997,6158.997,0.0015
09.05.2019 07:35:00.000,6158.997,6170.998,6155.997,6167.998,0.0117
09.05.2019 07:36:00.000,6166.997,6174.997,6166.997,6166.998,0.0031
09.05.2019 07:37:00.000,6168.998,6178.998,6168.997,6177.997,0.0047
09.05.2019 07:38:00.000,6178.998,6178.998,6174.997,6174.998,0.0032
09.05.2019 07:39:00.000,6174.997,6189.998,6169.997,6189.998,0.0075
09.05.2019 07:40:00.000,6189.997,6189.998,6185.998,6185.998,0.0037
09.05.2019 07:41:00.000,6187.997,6190.998,6186.997,6187.997,0.0021
09.05.2019 07:42:00.000,6189.250,6194.998,6185.998,6194.998,0.0032
09.05.2019 07:43:00.000,6194.997,6194.998,6193.997,6193.997,0.0014
09.05.2019 07:44:00.000,6193.998,6195.998,6193.997,6195.997,0.0024
09.05.2019 07:45:00.000,6195.500,6203.998,6191.998,6201.998,0.0076
09.05.2019 07:46:00.000,6201.998,6201.998,6193.998,6195.998,0.0043
09.05.2019 07:47:00.000,6196.997,6200.998,6193.998,6200.997,0.0059
09.05.2019 07:48:00.000,6200.998,6213.998,6199.997,6213.998,0.0076
09.05.2019 07:49:00.000,6209.998,6210.998,6206.997,6208.998,0.0067
09.05.2019 07:50:00.000,6208.998,6210.998,6208.997,6210.998,0.0017
09.05.2019 07:51:00.000,6210.250,6210.250,6201.998,6201.998,0.0031
09.05.2019 07:52:00.000,6198.998,6203.998,6195.997,6203.998,0.0016
09.05.2019 07:53:00.000,6203.998,6213.998,6201.997,6213.998,0.0052
09.05.2019 07:54:00.000,6214.998,6215.998,6210.997,6213.998,0.0019
09.05.2019 07:55:00.000,6213.998,6219.998,6213.998,6219.998,0.0033
09.05.2019 07:56:00.000,6219.998,6221.998,6213.998,6213.998,0.0066
09.05.2019 07:57:00.000,6213.997,6221.998,6212.998,6218.998,0.0035
09.05.2019 07:58:00.000,6218.997,6218.998,6213.997,6216.998,0.0057
09.05.2019 07:59:00.000,6218.997,6219.998,6213.998,6214.998,0.0074
09.05.2019 08:00:00.000,6214.997,6215.998,6212.997,6212.997,0.0038
09.05.2019 08:01:00.000,6212.998,6214.998,6208.997,6210.998,0.0068
09.05.2019 08:02:00.000,6211.997,6213.998,6207.997,6207.997,0.0023
09.05.2019 08:03:00.000,6207.997,6217.500,6207.997,6213.998,0.0073
09.05.2019 08:04:00.000,6213.997,6214.998,6202.998,6203.998,0.0055
09.05.2019 08:05:00.000,6202.998,6204.998,6196.998,6201.998,0.0056
09.05.2019 08:06:00.000,6201.998,6207.998,6201.998,6207.997,0.0104
09.05.2019 08:07:00.000,6207.998,6207.998,6203.998,6206.998,0.004
09.05.2019 08:08:00.000,6206.997,6206.997,6200.997,6200.998,0.0093
09.05.2019 08:09:00.000,6201.997,6202.998,6198.997,6202.997,0.0023
09.05.2019 08:10:00.000,6202.998,6207.997,6202.997,6206.997,0.0048
09.05.2019 08:11:00.000,6206.998,6209.997,6205.997,6206.997,0.0031
09.05.2019 08:12:00.000,6206.998,6206.998,6203.998,6203.998,0.0021
09.05.2019 08:13:00.000,6203.997,6204.998,6202.998,6204.997,0.0059
09.05.2019 08:14:00.000,6204.998,6205.998,6199.998,6205.997,0.0063
09.05.2019 08:15:00.000,6206.998,6208.998,6203.997,6208.998,0.0092
09.05.2019 08:16:00.000,6209.997,6209.998,6205.998,6208.997,0.0047
09.05.2019 08:17:00.000,6207.997,6210.998,6207.997,6210.998,0.002
09.05.2019 08:18:00.000,6210.997,6211.997,6210.997,6211.997,0.0017
09.05.2019 08:19:00.000,6211.998,6214.750,6209.998,6209.998,0.0062
09.05.2019 08:20:00.000,6208.998,6215.998,6207.998,6215.997,0.0047
09.05.2019 08:21:00.000,6215.997,6216.998,6210.997,6216.998,0.0027
09.05.2019 08:22:00.000,6216.997,6217.998,6214.997,6214.997,0.0129
09.05.2019 08:23:00.000,6214.998,6215.998,6214.997,6215.997,0.0062
09.05.2019 08:24:00.000,6215.998,6216.998,6211.997,6212.997,0.0055
09.05.2019 08:25:00.000,6212.998,6214.998,6210.997,6210.997,0.0052
09.05.2019 08:26:00.000,6210.997,6211.998,6208.998,6211.998,0.0017
09.05.2019 08:27:00.000,6211.997,6212.998,6210.997,6212.998,0.0041
09.05.2019 08:28:00.000,6213.997,6218.998,6211.997,6218.998,0.0053
09.05.2019 08:29:00.000,6218.997,6219.998,6215.997,6218.998,0.0079
09.05.2019 08:30:00.000,6218.998,6219.998,6213.997,6213.997,0.0061
09.05.2019 08:31:00.000,6215.998,6215.998,6212.997,6213.998,0.0019
09.05.2019 08:32:00.000,6214.998,6214.998,6211.997,6211.998,0.0048
09.05.2019 08:33:00.000,6212.997,6212.998,6207.998,6207.998,0.0046
09.05.2019 08:34:00.000,6207.997,6212.998,6207.997,6211.998,0.0031
09.05.2019 08:35:00.000,6212.997,6212.997,6209.997,6210.998,0.0042
09.05.2019 08:36:00.000,6211.998,6213.998,6211.997,6213.998,0.0042
09.05.2019 08:37:00.000,6213.997,6214.998,6209.998,6210.997,0.0068
09.05.2019 08:38:00.000,6210.998,6210.998,6206.998,6208.998,0.0012
09.05.2019 08:39:00.000,6209.998,6214.998,6209.997,6214.998,0.0082
09.05.2019 08:40:00.000,6214.998,6215.997,6211.998,6213.998,0.0061
09.05.2019 08:41:00.000,6212.997,6214.998,6211.998,6214.997,0.0053
09.05.2019 08:42:00.000,6214.998,6216.998,6213.997,6213.998,0.0039
09.05.2019 08:43:00.000,6212.998,6217.998,6212.998,6216.997,0.0022
09.05.2019 08:44:00.000,6216.998,6216.998,6216.997,6216.998,0.0043
09.05.2019 08:45:00.000,6216.998,6216.998,6211.997,6213.998,0.0042
09.05.2019 08:46:00.000,6214.997,6216.998,6212.998,6214.998,0.0059
09.05.2019 08:47:00.000,6214.997,6215.998,6212.998,6215.997,0.0032
09.05.2019 08:48:00.000,6214.998,6220.998,6214.998,6214.998,0.0078
09.05.2019 08:49:00.000,6214.997,6215.998,6214.997,6214.998,0.0022
09.05.2019 08:50:00.000,6213.998,6213.998,6207.998,6211.997,0.0024
09.05.2019 08:51:00.000,6211.997,6213.998,6209.997,6213.998,0.0026
09.05.2019 08:52:00.000,6213.998,6213.998,6211.997,6211.998,0.0011
09.05.2019 08:53:00.000,6210.998,6215.998,6210.997,6215.998,0.0035
09.05.2019 08:54:00.000,6215.998,6215.998,6208.997,6211.998,0.004
09.05.2019 08:55:00.000,6211.997,6211.997,6196.997,6196.998,0.0056
09.05.2019 08:56:00.000,6196.998,6198.998,6190.997,6190.998,0.008
09.05.2019 08:57:00.000,6193.997,6194.998,6192.997,6194.998,0.003
09.05.2019 08:58:00.000,6193.997,6194.998,6191.998,6192.998,0.0023
09.05.2019 08:59:00.000,6192.998,6193.998,6191.998,6193.998,0.0088
09.05.2019 09:00:00.000,6193.998,6196.998,6192.997,6192.997,0.0052
09.05.2019 09:01:00.000,6192.998,6194.998,6192.997,6194.998,0.0049
09.05.2019 09:02:00.000,6194.998,6195.998,6194.997,6195.997,0.0073
09.05.2019 09:03:00.000,6195.997,6197.998,6195.997,6197.998,0.009
09.05.2019 09:04:00.000,6197.997,6200.998,6196.997,6200.998,0.0128
09.05.2019 09:05:00.000,6200.997,6200.998,6197.997,6199.997,0.0047
09.05.2019 09:06:00.000,6199.998,6203.998,6199.998,6203.997,0.0018
09.05.2019 09:07:00.000,6204.997,6207.998,6201.998,6202.997,0.007
09.05.2019 09:08:00.000,6202.998,6210.997,6202.997,6210.997,0.0055
09.05.2019 09:09:00.000,6208.998,6212.997,6207.997,6211.998,0.01
09.05.2019 09:10:00.000,6210.998,6212.997,6209.997,6209.998,0.0047
09.05.2019 09:11:00.000,6209.997,6212.998,6209.997,6211.998,0.0071
09.05.2019 09:12:00.000,6211.997,6213.997,6209.997,6211.997,0.0057
09.05.2019 09:13:00.000,6211.998,6212.998,6211.997,6212.998,0.0081
09.05.2019 09:14:00.000,6212.997,6212.998,6211.997,6212.998,0.0077
09.05.2019 09:15:00.000,6212.997,6212.997,6205.997,6207.998,0.0057
09.05.2019 09:16:00.000,6207.998,6207.998,6203.997,6203.998,0.002
09.05.2019 09:17:00.000,6202.998,6202.998,6202.997,6202.998,0.0033
09.05.2019 09:18:00.000,6202.997,6203.998,6202.997,6203.998,0.0043
09.05.2019 09:19:00.000,6200.998,6201.998,6200.998,6201.998,0.0002
09.05.2019 09:20:00.000,6201.998,6207.998,6200.998,6205.997,0.0098
09.05.2019 09:21:00.000,6207.998,6210.998,6207.998,6210.998,0.0028
09.05.2019 09:22:00.000,6210.997,6211.998,6210.997,6211.998,0.0028
09.05.2019 09:23:00.000,6211.997,6212.998,6203.998,6203.998,0.006
09.05.2019 09:24:00.000,6204.998,6206.998,6203.997,6206.998,0.0035
09.05.2019 09:25:00.000,6205.998,6207.750,6202.998,6203.998,0.0034
09.05.2019 09:26:00.000,6203.998,6203.998,6203.997,6203.998,0.0025
09.05.2019 09:27:00.000,6203.998,6204.998,6200.998,6204.997,0.0039
09.05.2019 09:28:00.000,6204.998,6210.998,6202.997,6210.997,0.0043
09.05.2019 09:29:00.000,6209.997,6209.998,6207.997,6209.997,0.0041
09.05.2019 09:30:00.000,6209.998,6209.998,6197.998,6198.998,0.0065
09.05.2019 09:31:00.000,6198.997,6198.998,6193.998,6195.998,0.001
09.05.2019 09:32:00.000,6194.998,6199.998,6194.997,6197.997,0.0053
09.05.2019 09:33:00.000,6199.997,6199.997,6192.997,6196.998,0.0058
09.05.2019 09:34:00.000,6196.997,6197.998,6196.997,6197.998,0.0021
09.05.2019 09:35:00.000,6198.998,6199.998,6192.997,6194.998,0.0063
09.05.2019 09:36:00.000,6194.998,6196.998,6192.997,6196.998,0.0046
09.05.2019 09:37:00.000,6196.997,6198.998,6196.997,6198.998,0.003
09.05.2019 09:38:00.000,6198.997,6199.998,6198.997,6199.997,0.0054
09.05.2019 09:39:00.000,6199.998,6199.998,6198.998,6199.998,0.0052
09.05.2019 09:40:00.000,6197.998,6197.998,6194.997,6194.997,0.0018
09.05.2019 09:41:00.000,6194.997,6194.998,6188.997,6188.997,0.0031
09.05.2019 09:42:00.000,6188.998,6190.998,6188.997,6188.998,0.0029
09.05.2019 09:43:00.000,6188.997,6190.998,6188.997,6190.998,0.0046
09.05.2019 09:44:00.000,6190.997,6191.998,6189.997,6191.998,0.0036
09.05.2019 09:45:00.000,6191.997,6194.998,6191.997,6193.998,0.0068
09.05.2019 09:46:00.000,6194.998,6194.998,6188.997,6189.997,0.0017
09.05.2019 09:47:00.000,6190.998,6192.998,6190.997,6191.998,0.0014
09.05.2019 09:48:00.000,6192.998,6193.998,6192.997,6193.997,0.0039
09.05.2019 09:49:00.000,6193.998,6193.998,6193.997,6193.998,0.0031
09.05.2019 09:50:00.000,6193.997,6195.998,6193.997,6195.998,0.0054
09.05.2019 09:51:00.000,6196.998,6197.998,6196.997,6196.997,0.0047
09.05.2019 09:52:00.000,6196.998,6197.998,6196.997,6196.998,0.0057
09.05.2019 09:53:00.000,6196.997,6198.998,6196.997,6198.998,0.0045
09.05.2019 09:54:00.000,6198.997,6200.998,6198.997,6200.997,0.0062
09.05.2019 09:55:00.000,6200.997,6201.998,6194.997,6197.998,0.0047
09.05.2019 09:56:00.000,6197.998,6199.998,6196.997,6199.998,0.006
09.05.2019 09:57:00.000,6196.998,6197.998,6195.998,6197.998,0.0031
09.05.2019 09:58:00.000,6197.998,6198.998,6197.997,6198.997,0.0009
09.05.2019 09:59:00.000,6198.998,6198.998,6194.998,6196.998,0.0015
09.05.2019 10:00:00.000,6194.998,6196.998,6194.998,6195.998,0.0038
09.05.2019 10:01:00.000,6194.998,6194.998,6191.998,6193.997,0.0022
09.05.2019 10:02:00.000,6193.998,6195.998,6193.997,6195.998,0.0026
09.05.2019 10:03:00.000,6195.998,6195.998,6193.997,6193.998,0.0117
09.05.2019 10:04:00.000,6195.998,6196.998,6193.997,6193.997,0.0044
09.05.2019 10:05:00.000,6193.998,6195.998,6193.997,6195.998,0.0038
09.05.2019 10:06:00.000,6195.997,6195.998,6191.997,6192.997,0.0025
09.05.2019 10:07:00.000,6193.997,6195.998,6191.997,6195.997,0.007
09.05.2019 10:08:00.000,6195.998,6198.998,6195.998,6196.997,0.0054
09.05.2019 10:09:00.000,6196.998,6199.998,6196.998,6199.998,0.0014
09.05.2019 10:10:00.000,6199.997,6201.998,6196.997,6200.998,0.0082
09.05.2019 10:11:00.000,6200.997,6201.998,6197.997,6198.998,0.0036
09.05.2019 10:12:00.000,6198.997,6202.997,6198.997,6202.997,0.0029
09.05.2019 10:13:00.000,6202.998,6202.998,6199.997,6200.997,0.0019
09.05.2019 10:14:00.000,6200.998,6201.998,6199.997,6201.998,0.0061
09.05.2019 10:15:00.000,6201.997,6201.998,6200.997,6201.997,0.0041
09.05.2019 10:16:00.000,6201.998,6201.998,6200.997,6200.998,0.0026
09.05.2019 10:17:00.000,6200.997,6200.997,6197.997,6197.998,0.0038
09.05.2019 10:18:00.000,6197.997,6200.998,6197.997,6199.998,0.002
09.05.2019 10:19:00.000,6199.998,6199.998,6197.997,6197.998,0.0043
09.05.2019 10:20:00.000,6197.997,6199.998,6197.997,6198.997,0.0123
09.05.2019 10:21:00.000,6198.998,6198.998,6195.998,6196.998,0.0014
09.05.2019 10:22:00.000,6196.998,6197.998,6193.998,6193.998,0.0028
09.05.2019 10:23:00.000,6195.998,6198.998,6193.997,6198.998,0.0089
09.05.2019 10:24:00.000,6198.998,6198.998,6193.997,6193.998,0.006
09.05.2019 10:25:00.000,6193.997,6197.998,6193.997,6197.998,0.0061
09.05.2019 10:26:00.000,6198.998,6198.998,6197.998,6198.997,0.0056
09.05.2019 10:27:00.000,6199.998,6199.998,6198.997,6198.997,0.0022
09.05.2019 10:28:00.000,6198.998,6198.998,6195.997,6195.998,0.0062
09.05.2019 10:29:00.000,6196.997,6199.997,6196.997,6199.997,0.0018
09.05.2019 10:30:00.000,6199.998,6200.998,6198.998,6200.997,0.0041
09.05.2019 10:31:00.000,6201.998,6202.998,6198.998,6200.997,0.0065
09.05.2019 10:32:00.000,6200.998,6202.998,6200.997,6202.997,0.0043
09.05.2019 10:33:00.000,6202.997,6202.997,6200.997,6200.998,0.0044
09.05.2019 10:34:00.000,6200.997,6201.998,6199.997,6199.997,0.0033
09.05.2019 10:35:00.000,6199.998,6201.998,6199.998,6201.997,0.0051
09.05.2019 10:36:00.000,6200.997,6204.997,6198.997,6203.998,0.0037
09.05.2019 10:37:00.000,6204.997,6205.998,6204.997,6204.998,0.0039
09.05.2019 10:38:00.000,6204.997,6207.998,6203.997,6203.998,0.0059
09.05.2019 10:39:00.000,6203.998,6206.998,6203.997,6206.998,0.0044
09.05.2019 10:40:00.000,6207.998,6208.998,6206.997,6206.998,0.0021
09.05.2019 10:41:00.000,6206.997,6206.998,6205.997,6206.997,0.0017
09.05.2019 10:42:00.000,6205.998,6208.998,6204.998,6208.997,0.0063
09.05.2019 10:43:00.000,6209.997,6211.998,6209.997,6211.998,0.0046
09.05.2019 10:44:00.000,6211.998,6212.998,6209.997,6209.997,0.0036
09.05.2019 10:45:00.000,6209.998,6209.998,6207.997,6207.998,0.0028
09.05.2019 10:46:00.000,6209.750,6209.998,6205.998,6207.997,0.0071
09.05.2019 10:47:00.000,6207.998,6208.998,6206.998,6206.998,0.0046
09.05.2019 10:48:00.000,6207.998,6211.997,6207.998,6209.998,0.0057
09.05.2019 10:49:00.000,6210.998,6211.998,6208.998,6209.998,0.0066
09.05.2019 10:50:00.000,6210.998,6211.998,6207.997,6207.998,0.007
09.05.2019 10:51:00.000,6208.997,6208.998,6207.998,6208.998,0.0009
09.05.2019 10:52:00.000,6208.997,6210.998,6207.997,6208.998,0.0057
09.05.2019 10:53:00.000,6209.997,6209.998,6206.998,6207.998,0.0021
09.05.2019 10:54:00.000,6207.997,6207.998,6205.997,6206.998,0.0021
09.05.2019 10:55:00.000,6206.997,6206.998,6206.997,6206.998,0.0058
09.05.2019 10:56:00.000,6204.998,6204.998,6202.998,6202.998,0.002
09.05.2019 10:57:00.000,6203.998,6203.998,6199.997,6200.998,0.0029
09.05.2019 10:58:00.000,6200.997,6203.998,6199.998,6203.997,0.0075
09.05.2019 10:59:00.000,6203.998,6208.998,6202.997,6208.998,0.0125
09.05.2019 11:00:00.000,6208.997,6208.997,6208.997,6208.997,0.0004
09.05.2019 11:02:00.000,6202.998,6206.998,6202.997,6204.998,0.0078
09.05.2019 11:03:00.000,6204.750,6204.750,6199.997,6200.998,0.0023
09.05.2019 11:04:00.000,6198.998,6198.998,6197.997,6197.997,0.0041
09.05.2019 11:05:00.000,6199.998,6200.998,6196.998,6196.998,0.0153
09.05.2019 11:06:00.000,6196.997,6197.998,6196.997,6197.998,0.002
09.05.2019 11:07:00.000,6198.998,6199.998,6198.997,6199.998,0.0017
09.05.2019 11:08:00.000,6199.997,6200.998,6198.998,6199.998,0.0036
09.05.2019 11:09:00.000,6200.998,6201.998,6200.997,6201.997,0.001
09.05.2019 11:10:00.000,6201.998,6201.998,6201.997,6201.997,0.0019
09.05.2019 11:11:00.000,6201.998,6201.998,6196.998,6196.998,0.0035
09.05.2019 11:13:00.000,6196.998,6199.998,6195.997,6199.998,0.0009
09.05.2019 11:14:00.000,6199.997,6199.998,6197.997,6197.998,0.0037
09.05.2019 11:15:00.000,6198.998,6199.998,6197.997,6199.998,0.0025
09.05.2019 11:16:00.000,6200.998,6200.998,6199.997,6199.998,0.003
09.05.2019 11:17:00.000,6199.997,6199.997,6196.998,6198.998,0.0021
09.05.2019 11:18:00.000,6198.997,6200.998,6198.997,6199.998,0.0038
09.05.2019 11:19:00.000,6200.997,6202.998,6200.997,6202.998,0.0058
09.05.2019 11:20:00.000,6202.997,6203.998,6201.997,6203.998,0.0042
09.05.2019 11:21:00.000,6203.997,6205.998,6203.997,6205.997,0.0027
09.05.2019 11:22:00.000,6205.998,6207.998,6203.997,6203.998,0.0059
09.05.2019 11:23:00.000,6203.997,6204.997,6203.997,6203.997,0.001
09.05.2019 11:24:00.000,6205.750,6206.998,6204.998,6206.998,0.0056
09.05.2019 11:25:00.000,6206.750,6206.750,6204.998,6205.998,0.0012
09.05.2019 11:26:00.000,6206.998,6208.998,6206.997,6208.998,0.0013
09.05.2019 11:27:00.000,6208.997,6208.998,6205.997,6205.998,0.005
09.05.2019 11:28:00.000,6205.998,6210.998,6205.997,6210.997,0.0075
09.05.2019 11:29:00.000,6210.998,6210.998,6209.998,6209.998,0.005
09.05.2019 11:30:00.000,6209.997,6212.998,6209.997,6211.997,0.0037
09.05.2019 11:31:00.000,6212.998,6215.998,6209.997,6209.997,0.0059
09.05.2019 11:32:00.000,6210.997,6211.998,6207.998,6208.998,0.0027
09.05.2019 11:33:00.000,6209.998,6209.998,6209.997,6209.997,0.0014
09.05.2019 11:34:00.000,6209.998,6210.998,6209.997,6210.997,0.0034
09.05.2019 11:35:00.000,6210.998,6210.998,6205.997,6205.997,0.0067
09.05.2019 11:36:00.000,6205.998,6206.998,6205.997,6206.998,0.0047
09.05.2019 11:37:00.000,6206.998,6206.998,6203.998,6205.997,0.0018
09.05.2019 11:38:00.000,6205.998,6207.998,6204.997,6205.998,0.0046
09.05.2019 11:39:00.000,6205.997,6206.998,6205.997,6206.998,0.008
09.05.2019 11:40:00.000,6205.997,6205.998,6201.998,6203.998,0.0029
09.05.2019 11:41:00.000,6201.998,6203.998,6201.998,6203.998,0.0007
09.05.2019 11:42:00.000,6203.997,6203.998,6200.998,6200.998,0.0009
09.05.2019 11:43:00.000,6201.997,6203.998,6201.997,6202.998,0.0021
09.05.2019 11:44:00.000,6201.998,6202.997,6201.997,6201.997,0.0036
09.05.2019 11:45:00.000,6201.998,6203.998,6201.998,6202.998,0.0022
09.05.2019 11:46:00.000,6203.998,6203.998,6200.998,6201.997,0.0024
09.05.2019 11:47:00.000,6201.998,6201.998,6199.997,6199.998,0.0018
09.05.2019 11:48:00.000,6199.750,6199.998,6196.998,6196.998,0.0015
09.05.2019 11:49:00.000,6196.997,6196.998,6194.998,6194.998,0.0005
09.05.2019 11:50:00.000,6194.998,6194.998,6192.998,6193.997,0.0019
09.05.2019 11:51:00.000,6194.997,6194.998,6191.998,6191.998,0.0035
09.05.2019 11:52:00.000,6192.997,6192.997,6190.997,6190.998,0.0015
09.05.2019 11:53:00.000,6191.998,6192.998,6191.998,6192.998,0.0002
09.05.2019 11:54:00.000,6192.997,6192.998,6190.997,6190.997,0.0036
09.05.2019 11:55:00.000,6190.998,6190.998,6188.997,6190.998,0.0055
09.05.2019 11:56:00.000,6191.998,6191.998,6190.997,6191.997,0.0036
09.05.2019 11:57:00.000,6191.998,6191.998,6187.998,6189.998,0.0061
09.05.2019 11:58:00.000,6188.998,6189.998,6188.997,6189.997,0.0035
09.05.2019 11:59:00.000,6189.998,6189.998,6186.997,6186.998,0.0045
09.05.2019 12:00:00.000,6186.998,6188.998,6186.997,6188.998,0.0032
09.05.2019 12:01:00.000,6187.998,6189.998,6187.998,6188.998,0.0024
09.05.2019 12:02:00.000,6187.997,6188.998,6187.997,6188.997,0.007
09.05.2019 12:03:00.000,6188.998,6188.998,6188.998,6188.998,0.0006
09.05.2019 12:04:00.000,6189.998,6189.998,6188.997,6189.998,0.0019
09.05.2019 12:05:00.000,6190.997,6192.998,6190.997,6191.997,0.0062
09.05.2019 12:06:00.000,6191.998,6192.998,6191.998,6192.998,0.0034
09.05.2019 12:07:00.000,6193.998,6196.998,6193.997,6196.998,0.0069
09.05.2019 12:08:00.000,6196.998,6196.998,6195.997,6196.998,0.0067
09.05.2019 12:09:00.000,6196.997,6196.998,6195.997,6195.998,0.0024
09.05.2019 12:10:00.000,6195.997,6196.998,6195.997,6196.997,0.0026
09.05.2019 12:11:00.000,6196.998,6196.998,6194.998,6196.998,0.0046
09.05.2019 12:12:00.000,6196.997,6196.998,6194.998,6194.998,0.0023
09.05.2019 12:13:00.000,6194.997,6195.998,6193.998,6195.997,0.002
09.05.2019 12:14:00.000,6195.998,6196.998,6194.997,6196.997,0.0083
09.05.2019 12:15:00.000,6197.998,6197.998,6193.997,6195.998,0.0069
09.05.2019 12:16:00.000,6195.998,6195.998,6195.998,6195.998,0.0016
09.05.2019 12:17:00.000,6195.997,6197.998,6194.998,6197.998,0.0088
09.05.2019 12:18:00.000,6196.998,6196.998,6196.997,6196.998,0.0048
09.05.2019 12:19:00.000,6196.998,6196.998,6196.997,6196.997,0.0027
09.05.2019 12:20:00.000,6194.997,6194.998,6192.997,6192.997,0.0021
09.05.2019 12:21:00.000,6192.998,6194.997,6192.997,6194.997,0.002
09.05.2019 12:22:00.000,6194.998,6194.998,6191.998,6192.998,0.005
09.05.2019 12:23:00.000,6192.997,6194.998,6192.997,6194.998,0.0043
09.05.2019 12:24:00.000,6194.997,6195.998,6194.997,6195.998,0.0026
09.05.2019 12:25:00.000,6195.997,6195.998,6192.998,6192.998,0.0055
09.05.2019 12:26:00.000,6194.997,6195.998,6194.997,6195.998,0.0089
09.05.2019 12:27:00.000,6195.997,6195.998,6195.997,6195.998,0.0016
09.05.2019 12:28:00.000,6196.998,6197.998,6195.997,6196.998,0.0032
09.05.2019 12:29:00.000,6192.998,6194.998,6192.997,6194.997,0.0044
09.05.2019 12:30:00.000,6194.750,6194.750,6192.997,6193.998,0.0035
09.05.2019 12:31:00.000,6193.998,6194.998,6192.997,6192.998,0.0068
09.05.2019 12:32:00.000,6192.997,6192.998,6190.997,6190.998,0.0025
09.05.2019 12:33:00.000,6190.997,6192.998,6190.997,6192.998,0.0081
09.05.2019 12:34:00.000,6192.998,6193.998,6192.997,6193.998,0.0081
09.05.2019 12:35:00.000,6193.997,6195.998,6193.997,6195.998,0.0043
09.05.2019 12:36:00.000,6195.997,6195.998,6190.997,6190.998,0.0023
09.05.2019 12:37:00.000,6190.997,6193.998,6190.997,6192.998,0.0041
09.05.2019 12:38:00.000,6193.997,6193.998,6192.997,6192.997,0.0046
09.05.2019 12:39:00.000,6192.998,6193.998,6189.997,6189.998,0.0071
09.05.2019 12:40:00.000,6189.997,6189.998,6188.997,6189.997,0.0015
09.05.2019 12:41:00.000,6189.998,6191.997,6189.997,6191.997,0.0025
09.05.2019 12:42:00.000,6191.998,6192.998,6190.997,6191.998,0.005
09.05.2019 12:43:00.000,6191.997,6192.998,6189.997,6192.998,0.0041
09.05.2019 12:44:00.000,6192.998,6193.998,6192.997,6193.998,0.0049
09.05.2019 12:45:00.000,6193.997,6193.997,6190.997,6192.998,0.0014
09.05.2019 12:46:00.000,6191.997,6191.998,6188.997,6188.998,0.0023
09.05.2019 12:47:00.000,6189.997,6189.998,6188.997,6188.997,0.003
09.05.2019 12:48:00.000,6188.998,6191.998,6188.997,6188.998,0.0089
09.05.2019 12:49:00.000,6188.997,6190.998,6187.997,6190.998,0.0014
09.05.2019 12:50:00.000,6190.997,6191.998,6190.997,6191.997,0.0063
09.05.2019 12:51:00.000,6189.998,6191.998,6189.997,6190.998,0.0049
09.05.2019 12:52:00.000,6190.997,6192.997,6189.998,6190.998,0.0138
09.05.2019 12:53:00.000,6190.998,6190.998,6189.997,6190.998,0.0058
09.05.2019 12:54:00.000,6190.998,6190.998,6184.997,6185.998,0.006
09.05.2019 12:55:00.000,6185.998,6185.998,6183.998,6184.997,0.0014
09.05.2019 12:56:00.000,6183.998,6183.998,6179.997,6179.997,0.0076
09.05.2019 12:57:00.000,6179.998,6180.998,6179.998,6180.997,0.0046
09.05.2019 12:58:00.000,6180.997,6182.998,6179.998,6181.997,0.0083
09.05.2019 12:59:00.000,6181.998,6181.998,6179.997,6179.997,0.0041
09.05.2019 13:00:00.000,6179.997,6179.998,6177.997,6177.997,0.0077
09.05.2019 13:01:00.000,6177.997,6177.998,6169.998,6169.998,0.0075
09.05.2019 13:02:00.000,6169.997,6169.997,6163.997,6164.998,0.0072
09.05.2019 13:03:00.000,6164.997,6164.998,6157.998,6157.998,0.0066
09.05.2019 13:04:00.000,6158.997,6161.998,6158.997,6161.997,0.005
09.05.2019 13:05:00.000,6161.998,6164.998,6155.997,6158.998,0.0082
09.05.2019 13:06:00.000,6158.997,6158.998,6156.997,6156.997,0.0027
09.05.2019 13:07:00.000,6156.998,6160.998,6156.998,6157.997,0.0061
09.05.2019 13:08:00.000,6158.997,6159.998,6157.998,6157.998,0.0006
09.05.2019 13:09:00.000,6157.998,6159.998,6156.998,6157.998,0.006
09.05.2019 13:10:00.000,6157.998,6163.998,6157.998,6163.998,0.0036
09.05.2019 13:11:00.000,6163.997,6163.997,6159.997,6159.998,0.011
09.05.2019 13:12:00.000,6160.998,6160.998,6152.997,6156.997,0.0058
09.05.2019 13:13:00.000,6158.750,6159.998,6156.998,6159.998,0.0049
09.05.2019 13:14:00.000,6159.998,6159.998,6154.998,6157.998,0.0041
09.05.2019 13:15:00.000,6157.998,6164.998,6157.998,6164.998,0.0072
09.05.2019 13:16:00.000,6164.997,6170.998,6163.998,6170.997,0.0056
09.05.2019 13:17:00.000,6170.750,6170.750,6166.997,6166.997,0.0029
09.05.2019 13:18:00.000,6166.998,6167.998,6164.998,6167.998,0.0009
09.05.2019 13:19:00.000,6167.997,6167.998,6166.997,6166.997,0.0022
09.05.2019 13:20:00.000,6166.998,6168.998,6166.998,6168.998,0.0026
09.05.2019 13:21:00.000,6168.997,6168.998,6167.998,6167.998,0.001
09.05.2019 13:22:00.000,6168.998,6169.998,6167.997,6167.997,0.0028
09.05.2019 13:23:00.000,6167.998,6168.998,6167.997,6168.998,0.0012
09.05.2019 13:24:00.000,6168.997,6168.998,6168.997,6168.998,0.0013
09.05.2019 13:25:00.000,6168.997,6170.998,6168.997,6170.997,0.0123
09.05.2019 13:26:00.000,6170.997,6170.997,6166.998,6168.997,0.0039
09.05.2019 13:27:00.000,6168.998,6170.998,6166.997,6170.997,0.0064
09.05.2019 13:28:00.000,6170.998,6170.998,6165.997,6166.998,0.008
09.05.2019 13:29:00.000,6165.998,6169.998,6164.997,6169.998,0.0102
09.05.2019 13:30:00.000,6169.997,6170.998,6166.998,6170.998,0.0156
09.05.2019 13:31:00.000,6170.997,6172.998,6169.998,6172.998,0.0035
09.05.2019 13:32:00.000,6173.998,6173.998,6171.997,6172.998,0.0108
09.05.2019 13:33:00.000,6172.997,6175.998,6172.997,6172.998,0.0091
09.05.2019 13:34:00.000,6172.997,6172.998,6168.997,6168.998,0.0027
09.05.2019 13:35:00.000,6169.998,6170.998,6165.997,6169.998,0.0094
09.05.2019 13:36:00.000,6169.998,6171.998,6169.997,6171.998,0.0124
09.05.2019 13:37:00.000,6171.997,6171.998,6166.997,6166.997,0.004
09.05.2019 13:38:00.000,6166.998,6172.998,6166.998,6171.998,0.013
09.05.2019 13:39:00.000,6171.997,6172.998,6170.997,6172.998,0.0107
09.05.2019 13:40:00.000,6170.998,6172.998,6167.997,6171.998,0.0091
09.05.2019 13:41:00.000,6170.997,6172.998,6169.998,6172.998,0.0068
09.05.2019 13:42:00.000,6172.997,6172.998,6171.997,6172.998,0.0139
09.05.2019 13:43:00.000,6172.997,6174.998,6172.997,6174.997,0.0021
09.05.2019 13:44:00.000,6174.998,6175.997,6173.997,6174.998,0.0179
09.05.2019 13:45:00.000,6174.997,6174.997,6172.997,6173.997,0.0068
09.05.2019 13:46:00.000,6173.998,6174.998,6171.997,6172.998,0.0065
09.05.2019 13:47:00.000,6172.997,6174.998,6172.997,6174.998,0.0055
09.05.2019 13:48:00.000,6173.998,6174.998,6173.997,6173.998,0.0153
09.05.2019 13:49:00.000,6172.998,6174.998,6171.997,6171.997,0.0129
09.05.2019 13:50:00.000,6171.998,6171.998,6162.997,6163.997,0.0038
09.05.2019 13:51:00.000,6163.997,6163.997,6159.997,6161.998,0.0098
09.05.2019 13:52:00.000,6161.997,6161.998,6157.998,6157.998,0.0083
09.05.2019 13:53:00.000,6157.998,6158.998,6153.998,6154.997,0.0121
09.05.2019 13:54:00.000,6154.997,6157.998,6153.998,6156.997,0.006
09.05.2019 13:55:00.000,6156.998,6161.998,6156.998,6158.998,0.0196
09.05.2019 13:56:00.000,6158.998,6164.997,6156.998,6163.997,0.0074
09.05.2019 13:57:00.000,6163.998,6166.998,6163.998,6165.998,0.0135
09.05.2019 13:58:00.000,6165.997,6166.998,6160.997,6162.998,0.011
09.05.2019 13:59:00.000,6162.997,6168.998,6162.997,6168.998,0.0137
09.05.2019 14:00:00.000,6168.997,6168.998,6164.997,6164.998,0.0234
09.05.2019 14:01:00.000,6164.998,6166.998,6158.997,6166.998,0.0118
09.05.2019 14:02:00.000,6166.997,6167.998,6164.997,6164.998,0.0234
09.05.2019 14:03:00.000,6164.998,6164.998,6157.997,6158.998,0.0085
09.05.2019 14:04:00.000,6158.998,6159.998,6155.997,6159.998,0.0096
09.05.2019 14:05:00.000,6159.997,6162.998,6159.997,6162.998,0.0262
09.05.2019 14:06:00.000,6162.998,6163.998,6158.997,6162.998,0.012
09.05.2019 14:07:00.000,6163.998,6163.998,6158.998,6160.998,0.0044
09.05.2019 14:08:00.000,6160.998,6160.998,6158.997,6159.997,0.0091
09.05.2019 14:09:00.000,6159.998,6160.998,6159.997,6160.998,0.0108
09.05.2019 14:10:00.000,6160.997,6160.998,6155.998,6157.998,0.0145
09.05.2019 14:11:00.000,6157.997,6163.998,6157.997,6163.997,0.0142
09.05.2019 14:12:00.000,6163.997,6163.998,6159.997,6163.997,0.0157
09.05.2019 14:13:00.000,6163.998,6166.997,6163.997,6163.998,0.0081
09.05.2019 14:14:00.000,6164.998,6168.998,6163.998,6168.998,0.0103
09.05.2019 14:15:00.000,6169.998,6171.998,6164.997,6165.998,0.0168
09.05.2019 14:16:00.000,6165.997,6165.997,6158.997,6159.998,0.0084
09.05.2019 14:17:00.000,6160.997,6160.997,6156.998,6157.998,0.0076
09.05.2019 14:18:00.000,6157.997,6159.998,6157.997,6159.997,0.0054
09.05.2019 14:19:00.000,6160.998,6161.998,6159.997,6159.998,0.0145
09.05.2019 14:20:00.000,6159.997,6159.997,6155.997,6156.998,0.0062
09.05.2019 14:21:00.000,6156.998,6159.998,6154.997,6156.998,0.0131
09.05.2019 14:22:00.000,6156.997,6158.998,6155.998,6158.997,0.0085
09.05.2019 14:23:00.000,6158.997,6158.998,6152.998,6154.998,0.0106
09.05.2019 14:24:00.000,6154.997,6157.998,6153.998,6157.998,0.0095
09.05.2019 14:25:00.000,6157.750,6157.750,6149.997,6149.997,0.0087
09.05.2019 14:26:00.000,6149.998,6151.998,6149.997,6149.998,0.0049
09.05.2019 14:27:00.000,6149.997,6152.998,6149.997,6152.998,0.0066
09.05.2019 14:28:00.000,6153.998,6154.998,6152.997,6154.997,0.0142
09.05.2019 14:29:00.000,6154.997,6156.998,6153.997,6155.998,0.0125
09.05.2019 14:30:00.000,6155.997,6155.998,6150.997,6152.997,0.0084
09.05.2019 14:31:00.000,6152.998,6158.998,6152.998,6154.997,0.0056
09.05.2019 14:32:00.000,6154.998,6158.998,6154.998,6157.998,0.0044
09.05.2019 14:33:00.000,6156.998,6156.998,6155.997,6155.997,0.0122
09.05.2019 14:34:00.000,6155.998,6155.998,6150.997,6152.997,0.0113
09.05.2019 14:35:00.000,6153.998,6157.998,6153.997,6157.997,0.0105
09.05.2019 14:36:00.000,6157.750,6157.750,6153.997,6155.997,0.0113
09.05.2019 14:37:00.000,6155.998,6156.998,6153.997,6153.998,0.0202
09.05.2019 14:38:00.000,6153.998,6157.998,6152.997,6156.998,0.006
09.05.2019 14:39:00.000,6156.998,6157.998,6155.997,6156.998,0.0078
09.05.2019 14:40:00.000,6156.997,6156.998,6156.997,6156.998,0.0015
09.05.2019 14:41:00.000,6156.997,6158.998,6156.997,6156.997,0.0135
09.05.2019 14:42:00.000,6156.998,6159.998,6154.998,6155.997,0.0142
09.05.2019 14:43:00.000,6155.998,6158.998,6155.997,6156.998,0.0129
09.05.2019 14:44:00.000,6156.997,6157.998,6154.997,6156.998,0.0073
09.05.2019 14:45:00.000,6157.997,6157.998,6155.997,6155.998,0.0036
09.05.2019 14:46:00.000,6155.997,6157.998,6155.997,6157.998,0.0184
09.05.2019 14:47:00.000,6157.997,6158.997,6152.997,6155.997,0.0099
09.05.2019 14:48:00.000,6154.998,6158.998,6154.997,6157.997,0.0193
09.05.2019 14:49:00.000,6157.998,6157.998,6153.997,6153.997,0.0058
09.05.2019 14:50:00.000,6154.998,6154.998,6152.998,6153.998,0.009
09.05.2019 14:51:00.000,6153.997,6153.998,6151.997,6151.998,0.005
09.05.2019 14:52:00.000,6151.997,6151.998,6147.997,6148.997,0.0051
09.05.2019 14:53:00.000,6148.998,6148.998,6146.998,6147.998,0.005
09.05.2019 14:54:00.000,6147.997,6148.998,6146.998,6147.998,0.0065
09.05.2019 14:55:00.000,6147.997,6148.998,6146.997,6147.998,0.013
09.05.2019 14:56:00.000,6145.998,6148.998,6145.997,6148.998,0.0076
09.05.2019 14:57:00.000,6148.997,6148.998,6143.998,6146.998,0.0072
09.05.2019 14:58:00.000,6146.998,6148.998,6143.998,6144.998,0.017
09.05.2019 14:59:00.000,6145.998,6145.998,6140.998,6142.997,0.005
09.05.2019 15:00:00.000,6142.998,6146.998,6141.998,6145.998,0.0128
09.05.2019 15:01:00.000,6145.998,6145.998,6140.998,6141.998,0.0117
09.05.2019 15:02:00.000,6141.997,6144.998,6139.997,6144.998,0.0117
09.05.2019 15:03:00.000,6144.998,6146.998,6143.997,6145.997,0.0078
09.05.2019 15:04:00.000,6145.998,6146.998,6145.997,6146.997,0.015
09.05.2019 15:05:00.000,6146.998,6148.998,6145.997,6146.998,0.0149
09.05.2019 15:06:00.000,6146.997,6148.998,6146.997,6147.998,0.0174
09.05.2019 15:07:00.000,6147.997,6149.998,6146.998,6149.998,0.0092
09.05.2019 15:08:00.000,6149.997,6149.998,6148.997,6148.997,0.0061
09.05.2019 15:09:00.000,6148.998,6151.998,6148.998,6151.998,0.0143
09.05.2019 15:10:00.000,6151.998,6152.998,6149.997,6151.997,0.0116
09.05.2019 15:11:00.000,6151.998,6151.998,6147.997,6148.998,0.0092
09.05.2019 15:12:00.000,6148.998,6154.998,6148.998,6154.997,0.0074
09.05.2019 15:13:00.000,6153.998,6154.998,6151.998,6152.998,0.0205
09.05.2019 15:14:00.000,6152.997,6155.998,6151.997,6155.998,0.013
09.05.2019 15:15:00.000,6155.997,6157.998,6153.997,6155.998,0.0164
09.05.2019 15:16:00.000,6153.998,6157.998,6153.997,6155.998,0.0201
09.05.2019 15:17:00.000,6156.998,6156.998,6150.997,6151.997,0.0092
09.05.2019 15:18:00.000,6151.998,6153.998,6151.997,6152.998,0.0126
09.05.2019 15:19:00.000,6152.997,6153.998,6151.997,6153.998,0.0103
09.05.2019 15:20:00.000,6153.997,6153.998,6151.997,6151.998,0.0135
09.05.2019 15:21:00.000,6152.997,6153.998,6151.997,6153.998,0.007
09.05.2019 15:22:00.000,6153.997,6154.998,6153.997,6153.998,0.0057
09.05.2019 15:23:00.000,6153.997,6153.998,6151.997,6151.997,0.0061
09.05.2019 15:24:00.000,6151.998,6152.998,6151.997,6151.997,0.009
09.05.2019 15:25:00.000,6151.998,6151.998,6146.997,6148.997,0.0079
09.05.2019 15:26:00.000,6149.998,6149.998,6146.998,6147.998,0.0048
09.05.2019 15:27:00.000,6145.997,6146.998,6143.998,6144.998,0.0068
09.05.2019 15:28:00.000,6144.997,6144.998,6141.997,6142.998,0.0112
09.05.2019 15:29:00.000,6142.997,6142.998,6137.997,6139.997,0.0159
10.05.2019 07:01:00.000,6154.997,6154.998,6151.997,6151.998,0.0016
10.05.2019 07:02:00.000,6138.997,6139.997,6132.997,6133.997,0.0012
10.05.2019 07:05:00.000,6126.998,6128.997,6126.998,6128.997,0.0001
10.05.2019 07:06:00.000,6133.998,6134.998,6133.998,6134.998,0.0001
10.05.2019 07:07:00.000,6134.997,6134.997,6126.997,6126.998,0.0004
10.05.2019 07:10:00.000,6121.998,6122.998,6114.998,6122.998,0.0009
10.05.2019 07:11:00.000,6123.998,6127.998,6116.997,6127.998,0.0028
10.05.2019 07:12:00.000,6127.998,6134.998,6127.997,6130.998,0.0022
10.05.2019 07:13:00.000,6130.997,6138.998,6130.997,6135.998,0.0035
10.05.2019 07:14:00.000,6135.997,6135.998,6135.997,6135.998,0.0003
10.05.2019 07:15:00.000,6135.998,6135.998,6130.998,6130.998,0.0003
10.05.2019 07:16:00.000,6130.997,6132.998,6125.998,6125.998,0.002
10.05.2019 07:17:00.000,6126.998,6128.998,6125.998,6127.998,0.0016
10.05.2019 07:18:00.000,6127.998,6130.998,6126.998,6128.997,0.0012
10.05.2019 07:19:00.000,6129.997,6133.998,6128.997,6128.998,0.0019
10.05.2019 07:20:00.000,6127.998,6128.998,6127.997,6127.997,0.0003
10.05.2019 07:21:00.000,6127.998,6128.998,6127.997,6127.998,0.0002
10.05.2019 07:22:00.000,6127.998,6127.998,6109.997,6109.997,0.0034
10.05.2019 07:23:00.000,6109.998,6110.998,6104.997,6104.998,0.0008
10.05.2019 07:24:00.000,6106.998,6111.998,6100.997,6109.997,0.0053
10.05.2019 07:25:00.000,6109.998,6109.998,6106.997,6106.997,0.0015
10.05.2019 07:26:00.000,6106.998,6111.998,6104.998,6110.997,0.0027
10.05.2019 07:27:00.000,6111.998,6118.997,6111.998,6118.997,0.0058
10.05.2019 07:28:00.000,6118.998,6118.998,6118.998,6118.998,0.0006
10.05.2019 07:29:00.000,6118.998,6125.997,6118.998,6123.998,0.0038
10.05.2019 07:30:00.000,6123.997,6123.998,6117.997,6117.998,0.0029
10.05.2019 07:31:00.000,6120.998,6123.998,6120.998,6122.997,0.0011
10.05.2019 07:32:00.000,6122.998,6122.998,6122.997,6122.998,0.0005
10.05.2019 07:33:00.000,6123.997,6124.997,6123.997,6123.998,0.0017
10.05.2019 07:34:00.000,6122.998,6122.998,6122.997,6122.998,0.0001
10.05.2019 07:35:00.000,6124.998,6125.998,6122.997,6123.998,0.0021
10.05.2019 07:36:00.000,6122.998,6122.998,6121.997,6121.997,0.0001
10.05.2019 07:37:00.000,6121.997,6121.997,6114.997,6117.997,0.0027
10.05.2019 07:38:00.000,6117.998,6118.998,6111.998,6111.998,0.0033
10.05.2019 07:39:00.000,6111.997,6115.998,6111.997,6115.998,0.0016
10.05.2019 07:40:00.000,6115.997,6115.997,6114.998,6114.998,0.0001
10.05.2019 07:41:00.000,6114.997,6115.997,6114.997,6114.998,0.0004
10.05.2019 07:42:00.000,6115.998,6115.998,6111.997,6112.998,0.0009
10.05.2019 07:43:00.000,6112.998,6118.998,6111.997,6118.998,0.0041
10.05.2019 07:44:00.000,6119.997,6119.998,6118.998,6118.998,0.0009
10.05.2019 07:45:00.000,6119.997,6119.998,6119.997,6119.998,0.0008
10.05.2019 07:46:00.000,6119.997,6123.998,6119.997,6122.998,0.0025
10.05.2019 07:47:00.000,6122.998,6122.998,6118.998,6122.998,0.001
10.05.2019 07:48:00.000,6123.997,6124.998,6123.997,6123.998,0.001
10.05.2019 07:49:00.000,6123.998,6123.998,6121.997,6121.997,0.0007
10.05.2019 07:50:00.000,6121.997,6121.997,6115.997,6119.997,0.0025
10.05.2019 07:51:00.000,6119.997,6119.997,6115.997,6115.997,0.0034
10.05.2019 07:52:00.000,6115.998,6117.998,6115.997,6115.997,0.0031
10.05.2019 07:53:00.000,6115.998,6120.998,6114.998,6120.998,0.0036
10.05.2019 07:54:00.000,6122.997,6123.998,6122.997,6122.998,0.0008
10.05.2019 07:55:00.000,6120.997,6125.998,6116.998,6125.998,0.0033
10.05.2019 07:56:00.000,6125.998,6125.998,6119.998,6122.998,0.0025
10.05.2019 07:57:00.000,6122.997,6122.998,6122.997,6122.998,0.0015
10.05.2019 07:58:00.000,6122.997,6124.998,6122.997,6124.997,0.0025
10.05.2019 07:59:00.000,6125.998,6125.998,6120.997,6120.997,0.0011
10.05.2019 08:00:00.000,6120.998,6126.998,6120.998,6126.998,0.004
10.05.2019 08:01:00.000,6127.998,6127.998,6125.998,6127.998,0.002
10.05.2019 08:02:00.000,6127.998,6127.998,6122.997,6122.998,0.0031
10.05.2019 08:03:00.000,6122.997,6125.998,6121.998,6124.998,0.0069
10.05.2019 08:04:00.000,6124.997,6126.998,6122.997,6123.997,0.0046
10.05.2019 08:05:00.000,6124.998,6129.998,6119.997,6121.997,0.0095
10.05.2019 08:06:00.000,6122.997,6127.998,6121.997,6124.998,0.0107
10.05.2019 08:07:00.000,6125.998,6128.998,6124.997,6127.998,0.0024
10.05.2019 08:08:00.000,6128.998,6128.998,6123.998,6125.997,0.0049
10.05.2019 08:09:00.000,6125.998,6134.998,6125.998,6134.998,0.0019
10.05.2019 08:10:00.000,6134.997,6143.998,6134.997,6142.998,0.007
10.05.2019 08:11:00.000,6141.998,6144.998,6140.998,6144.998,0.0062
10.05.2019 08:12:00.000,6143.997,6144.998,6141.998,6141.998,0.0053
10.05.2019 08:13:00.000,6141.997,6141.998,6125.997,6125.997,0.0037
10.05.2019 08:14:00.000,6125.998,6138.998,6124.998,6137.998,0.0056
10.05.2019 08:15:00.000,6137.998,6138.997,6132.997,6132.997,0.0065
10.05.2019 08:16:00.000,6133.997,6133.998,6131.998,6132.997,0.001
10.05.2019 08:17:00.000,6133.997,6133.998,6127.998,6128.998,0.0016
10.05.2019 08:18:00.000,6127.998,6128.998,6127.997,6128.998,0.0026
10.05.2019 08:19:00.000,6127.998,6128.998,6127.998,6128.998,0.0011
10.05.2019 08:20:00.000,6128.997,6129.998,6126.997,6127.997,0.0038
10.05.2019 08:21:00.000,6126.998,6127.998,6126.997,6127.998,0.0035
10.05.2019 08:22:00.000,6127.998,6130.998,6127.997,6127.998,0.0047
10.05.2019 08:23:00.000,6128.997,6128.997,6124.997,6124.998,0.0012
10.05.2019 08:24:00.000,6125.998,6125.998,6119.997,6120.998,0.0018
10.05.2019 08:25:00.000,6121.997,6121.998,6119.998,6121.998,0.0017
10.05.2019 08:26:00.000,6121.997,6124.998,6120.997,6123.997,0.004
10.05.2019 08:27:00.000,6123.998,6125.998,6123.997,6124.998,0.0022
10.05.2019 08:28:00.000,6125.997,6127.998,6125.997,6127.998,0.0026
10.05.2019 08:29:00.000,6128.998,6129.998,6126.998,6127.997,0.0049
10.05.2019 08:30:00.000,6127.997,6133.998,6126.997,6131.997,0.0057
10.05.2019 08:31:00.000,6130.998,6132.998,6129.997,6129.998,0.0067
10.05.2019 08:32:00.000,6130.997,6132.998,6129.997,6132.998,0.0051
10.05.2019 08:33:00.000,6131.998,6133.998,6130.997,6131.997,0.0028
10.05.2019 08:34:00.000,6131.998,6134.998,6131.997,6134.998,0.0026
10.05.2019 08:35:00.000,6135.998,6141.997,6134.997,6138.997,0.0084
10.05.2019 08:36:00.000,6138.998,6138.998,6134.997,6134.997,0.0035
10.05.2019 08:37:00.000,6134.998,6136.998,6134.998,6135.998,0.0014
10.05.2019 08:38:00.000,6137.997,6138.998,6127.998,6129.998,0.0096
10.05.2019 08:39:00.000,6129.997,6130.998,6125.998,6126.997,0.0067
10.05.2019 08:40:00.000,6126.998,6130.998,6126.998,6130.998,0.0029
10.05.2019 08:41:00.000,6130.998,6130.998,6129.997,6129.998,0.0025
10.05.2019 08:42:00.000,6129.997,6129.997,6127.997,6127.998,0.0006
10.05.2019 08:43:00.000,6127.997,6129.998,6125.997,6125.998,0.0009
10.05.2019 08:44:00.000,6125.998,6128.998,6123.997,6123.998,0.0043
10.05.2019 08:45:00.000,6123.997,6125.998,6121.997,6124.997,0.0025
10.05.2019 08:46:00.000,6124.998,6128.998,6124.997,6124.998,0.0027
10.05.2019 08:47:00.000,6129.998,6130.998,6129.997,6129.998,0.016
10.05.2019 08:48:00.000,6129.998,6130.998,6129.997,6129.998,0.0125
10.05.2019 08:49:00.000,6129.997,6130.998,6129.997,6129.998,0.0134
10.05.2019 08:50:00.000,6129.998,6129.998,6127.998,6128.997,0.0185
10.05.2019 08:51:00.000,6128.998,6134.998,6128.998,6133.998,0.0059
10.05.2019 08:52:00.000,6134.998,6134.998,6132.998,6133.997,0.0019
10.05.2019 08:53:00.000,6134.997,6137.998,6133.997,6137.998,0.0043
10.05.2019 08:54:00.000,6137.997,6137.998,6134.998,6137.998,0.0027
10.05.2019 08:55:00.000,6137.750,6139.998,6135.998,6138.998,0.002
10.05.2019 08:56:00.000,6137.998,6137.998,6137.998,6137.998,0.0004
10.05.2019 08:57:00.000,6137.997,6139.998,6136.997,6139.998,0.0022
10.05.2019 08:58:00.000,6139.997,6140.998,6139.997,6139.997,0.0039
10.05.2019 08:59:00.000,6139.998,6140.998,6139.997,6139.998,0.0005
10.05.2019 09:00:00.000,6139.997,6139.998,6139.997,6139.998,0.0002
10.05.2019 09:01:00.000,6139.997,6139.998,6138.997,6138.997,0.0009
10.05.2019 09:02:00.000,6138.997,6139.998,6137.997,6137.998,0.0029
10.05.2019 09:03:00.000,6137.997,6137.998,6135.998,6136.998,0.0022
10.05.2019 09:04:00.000,6138.998,6139.998,6138.998,6138.998,0.0017
10.05.2019 09:05:00.000,6139.998,6140.998,6138.997,6138.998,0.0022
10.05.2019 09:06:00.000,6139.997,6139.997,6137.997,6138.997,0.0071
10.05.2019 09:07:00.000,6137.998,6138.998,6137.998,6137.998,0.0004
10.05.2019 09:08:00.000,6138.997,6139.998,6137.997,6137.997,0.0044
10.05.2019 09:09:00.000,6138.997,6139.998,6137.997,6138.997,0.005
10.05.2019 09:10:00.000,6139.997,6140.998,6138.998,6138.998,0.0012
10.05.2019 09:11:00.000,6139.997,6147.998,6139.997,6145.997,0.0038
10.05.2019 09:12:00.000,6145.998,6145.998,6138.998,6138.998,0.0048
10.05.2019 09:13:00.000,6138.997,6139.998,6138.997,6138.998,0.0025
10.05.2019 09:14:00.000,6138.997,6138.998,6136.998,6136.998,0.0002
10.05.2019 09:15:00.000,6136.997,6136.997,6131.998,6131.998,0.0021
10.05.2019 09:16:00.000,6131.997,6131.998,6130.998,6131.997,0.0005
10.05.2019 09:17:00.000,6131.998,6131.998,6127.997,6130.998,0.0053
10.05.2019 09:18:00.000,6131.998,6133.998,6130.997,6133.997,0.0033
10.05.2019 09:19:00.000,6133.998,6133.998,6131.997,6132.998,0.0024
10.05.2019 09:20:00.000,6132.998,6134.998,6132.998,6133.998,0.0025
10.05.2019 09:21:00.000,6133.997,6137.998,6133.997,6137.998,0.0065
10.05.2019 09:22:00.000,6138.997,6138.998,6138.997,6138.998,0.0003
10.05.2019 09:23:00.000,6137.998,6139.998,6137.997,6137.998,0.0033
10.05.2019 09:24:00.000,6137.997,6137.998,6136.997,6136.998,0.0028
10.05.2019 09:25:00.000,6137.998,6139.998,6136.998,6139.998,0.0014
10.05.2019 09:26:00.000,6139.997,6139.998,6139.997,6139.997,0.0092
10.05.2019 09:27:00.000,6139.997,6139.998,6136.997,6136.998,0.0111
10.05.2019 09:28:00.000,6136.998,6136.998,6135.997,6135.998,0.0022
10.05.2019 09:29:00.000,6136.998,6136.998,6135.998,6135.998,0.001
10.05.2019 09:30:00.000,6135.998,6135.998,6133.998,6134.998,0.0015
10.05.2019 09:31:00.000,6134.997,6138.998,6133.998,6136.998,0.0071
10.05.2019 09:32:00.000,6137.998,6137.998,6134.997,6134.998,0.0083
10.05.2019 09:33:00.000,6135.998,6135.998,6134.998,6134.998,0.0003
10.05.2019 09:34:00.000,6134.997,6134.998,6131.998,6132.998,0.0061
10.05.2019 09:35:00.000,6131.998,6131.998,6130.997,6130.998,0.002
10.05.2019 09:36:00.000,6131.998,6132.998,6131.997,6131.997,0.0023
10.05.2019 09:37:00.000,6131.998,6131.998,6129.998,6130.998,0.0034
10.05.2019 09:38:00.000,6130.997,6132.998,6130.997,6131.998,0.003
10.05.2019 09:39:00.000,6132.998,6134.998,6131.998,6132.997,0.006
10.05.2019 09:40:00.000,6133.998,6133.998,6133.997,6133.998,0.0012
10.05.2019 09:41:00.000,6133.998,6133.998,6130.997,6130.997,0.0059
10.05.2019 09:42:00.000,6130.998,6130.998,6124.997,6124.997,0.0012
10.05.2019 09:43:00.000,6124.997,6124.997,6123.997,6123.998,0.0003
10.05.2019 09:44:00.000,6123.997,6125.998,6122.998,6122.998,0.0017
10.05.2019 09:45:00.000,6122.998,6122.998,6117.997,6120.998,0.0021
10.05.2019 09:46:00.000,6120.997,6121.998,6119.997,6119.998,0.0028
10.05.2019 09:47:00.000,6119.997,6120.998,6117.997,6117.998,0.0011
10.05.2019 09:48:00.000,6116.998,6117.998,6115.997,6116.998,0.0024
10.05.2019 09:49:00.000,6116.997,6118.998,6114.998,6114.998,0.0026
10.05.2019 09:50:00.000,6115.998,6119.997,6115.997,6118.997,0.0033
10.05.2019 09:51:00.000,6118.998,6119.998,6118.998,6118.998,0.0003
10.05.2019 09:52:00.000,6118.997,6118.997,6116.997,6116.997,0.0003
10.05.2019 09:53:00.000,6116.998,6116.998,6113.997,6113.997,0.0019
10.05.2019 09:54:00.000,6113.998,6118.998,6113.997,6116.997,0.0069
10.05.2019 09:55:00.000,6117.998,6119.998,6116.997,6119.998,0.0057
10.05.2019 09:56:00.000,6119.997,6119.998,6118.997,6119.998,0.0204
10.05.2019 09:57:00.000,6119.997,6121.998,6118.997,6121.998,0.0043
10.05.2019 09:58:00.000,6121.998,6121.998,6118.997,6120.998,0.0028
10.05.2019 09:59:00.000,6120.997,6121.998,6118.997,6119.997,0.0083
10.05.2019 10:00:00.000,6119.998,6126.998,6119.998,6124.997,0.0051
10.05.2019 10:01:00.000,6124.998,6126.998,6124.997,6126.998,0.0045
10.05.2019 10:02:00.000,6126.997,6130.997,6126.997,6129.998,0.0028
10.05.2019 10:03:00.000,6129.997,6130.998,6127.997,6127.997,0.0027
10.05.2019 10:04:00.000,6127.997,6127.997,6120.998,6121.997,0.0013
10.05.2019 10:05:00.000,6118.998,6120.998,6118.997,6120.998,0.0016
10.05.2019 10:06:00.000,6120.997,6123.997,6120.997,6123.997,0.0018
10.05.2019 10:07:00.000,6123.998,6123.998,6121.997,6121.998,0.0014
10.05.2019 10:08:00.000,6121.998,6122.998,6120.998,6120.998,0.0019
10.05.2019 10:09:00.000,6121.998,6122.998,6119.997,6119.998,0.0066
10.05.2019 10:10:00.000,6119.997,6120.998,6118.997,6118.998,0.0028
10.05.2019 10:11:00.000,6118.998,6119.998,6118.997,6119.998,0.0021
10.05.2019 10:12:00.000,6119.997,6120.998,6119.997,6119.998,0.0011
10.05.2019 10:13:00.000,6119.998,6120.998,6119.997,6120.998,0.0015
10.05.2019 10:14:00.000,6120.750,6120.750,6118.997,6118.998,0.001
10.05.2019 10:15:00.000,6118.998,6119.998,6118.997,6118.998,0.0035
10.05.2019 10:16:00.000,6117.998,6118.997,6117.997,6118.997,0.0018
10.05.2019 10:17:00.000,6117.998,6117.998,6113.997,6113.998,0.0027
10.05.2019 10:18:00.000,6113.997,6114.998,6112.997,6113.998,0.0034
10.05.2019 10:19:00.000,6113.997,6113.998,6111.997,6113.998,0.0022
10.05.2019 10:20:00.000,6113.997,6118.998,6112.997,6116.998,0.0026
10.05.2019 10:21:00.000,6117.997,6118.998,6116.997,6116.998,0.0025
10.05.2019 10:22:00.000,6116.998,6117.997,6116.997,6116.998,0.002
10.05.2019 10:23:00.000,6116.998,6117.998,6111.997,6111.997,0.0023
10.05.2019 10:24:00.000,6111.998,6111.998,6109.997,6110.998,0.0012
10.05.2019 10:25:00.000,6109.998,6110.998,6108.998,6110.998,0.0021
10.05.2019 10:26:00.000,6110.998,6110.998,6106.997,6106.998,0.0036
10.05.2019 10:27:00.000,6106.997,6106.998,6102.997,6103.998,0.0027
10.05.2019 10:28:00.000,6103.997,6105.998,6102.998,6105.998,0.0009
10.05.2019 10:29:00.000,6105.998,6107.998,6105.998,6107.997,0.001
10.05.2019 10:30:00.000,6107.997,6110.998,6107.997,6110.998,0.0025
10.05.2019 10:31:00.000,6107.997,6111.998,6107.997,6111.998,0.0028
10.05.2019 10:32:00.000,6111.998,6112.998,6109.998,6110.998,0.0003
10.05.2019 10:33:00.000,6110.998,6113.998,6110.997,6113.998,0.0052
10.05.2019 10:34:00.000,6114.997,6115.998,6113.998,6113.998,0.0026
10.05.2019 10:35:00.000,6113.997,6116.998,6113.997,6115.998,0.0022
10.05.2019 10:36:00.000,6115.998,6115.998,6112.997,6113.998,0.0021
10.05.2019 10:37:00.000,6114.997,6115.997,6112.998,6114.998,0.003
10.05.2019 10:38:00.000,6114.998,6114.998,6114.997,6114.998,0.0026
10.05.2019 10:39:00.000,6115.998,6115.998,6113.998,6113.998,0.0016
10.05.2019 10:40:00.000,6113.998,6113.998,6112.998,6112.998,0.0002
10.05.2019 10:41:00.000,6112.998,6113.998,6111.998,6112.998,0.0032
10.05.2019 10:42:00.000,6112.997,6113.998,6112.997,6112.998,0.0028
10.05.2019 10:43:00.000,6112.997,6113.998,6112.997,6112.998,0.0023
10.05.2019 10:44:00.000,6112.997,6115.998,6112.997,6114.998,0.0018
10.05.2019 10:45:00.000,6112.998,6113.998,6112.997,6112.998,0.0042
10.05.2019 10:46:00.000,6113.997,6113.998,6112.997,6113.997,0.0021
10.05.2019 10:47:00.000,6113.998,6113.998,6113.997,6113.997,0.0009
10.05.2019 10:48:00.000,6113.998,6113.998,6113.997,6113.997,0.0004
10.05.2019 10:49:00.000,6113.998,6120.997,6113.997,6119.998,0.0054
10.05.2019 10:50:00.000,6119.997,6120.998,6118.998,6120.997,0.002
10.05.2019 10:51:00.000,6121.997,6121.998,6120.997,6120.998,0.0021
10.05.2019 10:52:00.000,6120.997,6120.998,6120.997,6120.998,0.0003
10.05.2019 10:53:00.000,6120.998,6122.998,6119.997,6122.998,0.0009
10.05.2019 10:54:00.000,6122.997,6124.998,6114.997,6116.997,0.0044
10.05.2019 10:55:00.000,6116.997,6119.998,6116.997,6118.998,0.0081
10.05.2019 10:56:00.000,6117.998,6117.998,6115.997,6117.998,0.0039
10.05.2019 10:57:00.000,6117.998,6117.998,6116.997,6117.998,0.0041
10.05.2019 10:58:00.000,6118.998,6119.997,6115.997,6116.998,0.0066
10.05.2019 10:59:00.000,6116.998,6116.998,6112.997,6112.998,0.0009
10.05.2019 11:00:00.000,6112.998,6112.998,6110.997,6111.998,0.0003
10.05.2019 11:02:00.000,6110.997,6114.998,6110.997,6112.997,0.0035
10.05.2019 11:03:00.000,6111.997,6112.998,6109.997,6109.997,0.0069
10.05.2019 11:04:00.000,6109.998,6110.998,6109.997,6109.997,0.0013
10.05.2019 11:05:00.000,6109.998,6110.998,6108.998,6108.998,0.0012
10.05.2019 11:06:00.000,6107.998,6109.998,6105.997,6108.997,0.0034
10.05.2019 11:07:00.000,6109.997,6109.998,6106.997,6107.998,0.0031
10.05.2019 11:08:00.000,6106.998,6108.998,6106.998,6107.997,0.0055
10.05.2019 11:09:00.000,6107.998,6108.997,6106.998,6107.998,0.0037
10.05.2019 11:10:00.000,6107.997,6107.998,6106.997,6106.998,0.0018
10.05.2019 11:11:00.000,6107.997,6107.998,6106.997,6107.998,0.0022
10.05.2019 11:12:00.000,6107.998,6107.998,6106.997,6106.998,0.0003
10.05.2019 11:13:00.000,6106.997,6106.998,6106.997,6106.997,0.0006
10.05.2019 11:14:00.000,6106.998,6106.998,6100.997,6101.998,0.0006
10.05.2019 11:15:00.000,6100.998,6107.998,6100.998,6106.998,0.0032
10.05.2019 11:16:00.000,6104.998,6105.998,6103.998,6104.997,0.0014
10.05.2019 11:17:00.000,6104.998,6105.998,6102.998,6102.998,0.002
10.05.2019 11:18:00.000,6102.997,6103.998,6102.997,6102.998,0.0027
10.05.2019 11:19:00.000,6103.997,6103.997,6102.997,6102.997,0.0012
10.05.2019 11:20:00.000,6102.998,6103.998,6102.998,6103.997,0.0005
10.05.2019 11:21:00.000,6103.998,6103.998,6102.997,6102.998,0.0004
10.05.2019 11:22:00.000,6103.997,6103.998,6102.997,6103.998,0.0016
10.05.2019 11:23:00.000,6103.998,6103.998,6103.997,6103.997,0.0016
10.05.2019 11:24:00.000,6103.998,6103.998,6102.997,6102.998,0.0012
10.05.2019 11:25:00.000,6103.998,6103.998,6101.997,6101.998,0.0016
10.05.2019 11:26:00.000,6101.997,6102.998,6101.997,6101.998,0.001
10.05.2019 11:27:00.000,6101.997,6101.998,6101.997,6101.998,0.0005
10.05.2019 11:28:00.000,6101.998,6105.998,6101.998,6102.997,0.0046
10.05.2019 11:29:00.000,6102.998,6104.998,6102.997,6104.997,0.0018
10.05.2019 11:30:00.000,6104.998,6104.998,6103.997,6103.997,0.0005
10.05.2019 11:31:00.000,6103.997,6103.998,6102.997,6102.998,0.0014
10.05.2019 11:32:00.000,6103.998,6103.998,6099.997,6101.998,0.0023
10.05.2019 11:33:00.000,6101.998,6104.998,6100.997,6103.997,0.0017
10.05.2019 11:34:00.000,6102.997,6103.998,6102.997,6103.998,0.0017
10.05.2019 11:35:00.000,6103.997,6104.998,6103.997,6104.998,0.0028
10.05.2019 11:36:00.000,6104.997,6108.998,6104.997,6108.997,0.0043
10.05.2019 11:37:00.000,6108.998,6109.998,6108.997,6109.998,0.0015
10.05.2019 11:38:00.000,6109.997,6113.998,6109.997,6113.998,0.004
10.05.2019 11:39:00.000,6113.997,6114.998,6111.997,6112.997,0.0035
10.05.2019 11:40:00.000,6112.998,6115.998,6111.997,6115.997,0.0019
10.05.2019 11:41:00.000,6115.998,6115.998,6111.997,6111.997,0.0019
10.05.2019 11:42:00.000,6111.998,6111.998,6110.998,6111.997,0.0019
10.05.2019 11:43:00.000,6111.997,6111.998,6109.997,6109.997,0.0028
10.05.2019 11:44:00.000,6109.998,6112.998,6109.997,6112.998,0.0061
10.05.2019 11:45:00.000,6113.998,6115.998,6112.998,6114.998,0.0041
10.05.2019 11:46:00.000,6114.997,6115.998,6114.997,6115.998,0.0008
10.05.2019 11:47:00.000,6114.998,6115.998,6114.997,6115.998,0.0009
10.05.2019 11:48:00.000,6115.998,6117.998,6115.998,6117.997,0.0016
10.05.2019 11:49:00.000,6117.998,6117.998,6116.997,6117.998,0.0024
10.05.2019 11:50:00.000,6117.997,6117.998,6116.997,6116.998,0.0014
10.05.2019 11:51:00.000,6116.998,6116.998,6114.998,6115.998,0.0024
10.05.2019 11:52:00.000,6114.998,6115.998,6113.998,6114.998,0.0021
10.05.2019 11:53:00.000,6115.998,6118.998,6115.997,6117.998,0.0065
10.05.2019 11:54:00.000,6117.998,6117.998,6115.998,6115.998,0.0013
10.05.2019 11:55:00.000,6115.997,6117.998,6115.997,6117.997,0.0031
10.05.2019 11:56:00.000,6117.998,6120.998,6117.998,6119.997,0.0041
10.05.2019 11:57:00.000,6119.998,6119.998,6119.998,6119.998,0.0001
10.05.2019 11:58:00.000,6119.997,6119.997,6117.997,6119.997,0.0013
10.05.2019 11:59:00.000,6119.998,6120.997,6118.997,6118.998,0.0029
10.05.2019 12:00:00.000,6118.998,6118.998,6115.997,6116.998,0.0039
10.05.2019 12:01:00.000,6116.997,6116.998,6114.998,6114.998,0.0016
10.05.2019 12:02:00.000,6114.997,6115.998,6114.997,6115.998,0.0008
10.05.2019 12:03:00.000,6115.997,6115.998,6114.998,6115.998,0.0026
10.05.2019 12:04:00.000,6115.997,6117.998,6115.997,6116.998,0.0045
10.05.2019 12:05:00.000,6116.998,6117.998,6115.997,6116.998,0.0024
10.05.2019 12:06:00.000,6116.997,6116.998,6114.998,6116.998,0.0016
10.05.2019 12:07:00.000,6116.998,6116.998,6113.998,6113.998,0.0014
10.05.2019 12:08:00.000,6113.998,6114.998,6113.997,6113.998,0.0031
10.05.2019 12:09:00.000,6114.998,6117.998,6113.997,6116.997,0.0041
10.05.2019 12:10:00.000,6116.998,6116.998,6116.997,6116.998,0.0006
10.05.2019 12:11:00.000,6116.997,6117.998,6116.997,6116.997,0.0014
10.05.2019 12:12:00.000,6116.998,6116.998,6113.997,6113.997,0.0018
10.05.2019 12:13:00.000,6113.998,6114.998,6113.997,6114.998,0.0014
10.05.2019 12:14:00.000,6114.997,6114.998,6114.997,6114.998,0.0008
10.05.2019 12:15:00.000,6113.997,6113.998,6109.997,6109.997,0.0039
10.05.2019 12:16:00.000,6109.998,6110.998,6109.997,6109.998,0.0052
10.05.2019 12:17:00.000,6109.997,6109.998,6107.998,6108.998,0.002
10.05.2019 12:18:00.000,6109.998,6111.998,6109.997,6110.998,0.003
10.05.2019 12:19:00.000,6111.997,6113.998,6110.997,6112.998,0.0022
10.05.2019 12:20:00.000,6114.998,6115.998,6112.998,6112.998,0.004
10.05.2019 12:21:00.000,6112.997,6114.998,6112.997,6114.997,0.0022
10.05.2019 12:22:00.000,6114.998,6115.998,6114.997,6115.997,0.0017
10.05.2019 12:23:00.000,6115.998,6115.998,6113.998,6114.998,0.0007
10.05.2019 12:24:00.000,6114.997,6114.998,6112.997,6112.998,0.0007
10.05.2019 12:25:00.000,6112.998,6116.998,6112.998,6115.998,0.0051
10.05.2019 12:26:00.000,6116.998,6116.998,6116.997,6116.997,0.0014
10.05.2019 12:27:00.000,6116.998,6117.998,6116.997,6116.998,0.0023
10.05.2019 12:28:00.000,6116.997,6116.998,6116.997,6116.998,0.0004
10.05.2019 12:29:00.000,6116.997,6118.998,6114.998,6117.997,0.0041
10.05.2019 12:30:00.000,6118.998,6119.997,6114.997,6114.997,0.0082
10.05.2019 12:31:00.000,6114.998,6117.998,6114.998,6115.998,0.0012
10.05.2019 12:32:00.000,6116.997,6121.998,6115.997,6120.998,0.0048
10.05.2019 12:33:00.000,6120.998,6124.998,6119.997,6124.998,0.0068
10.05.2019 12:34:00.000,6123.998,6124.998,6123.997,6123.998,0.0033
10.05.2019 12:35:00.000,6123.998,6125.998,6122.997,6125.998,0.0029
10.05.2019 12:36:00.000,6125.997,6125.998,6124.997,6124.998,0.0029
10.05.2019 12:37:00.000,6123.998,6124.997,6123.997,6123.997,0.0022
10.05.2019 12:38:00.000,6124.997,6126.998,6124.997,6125.998,0.001
10.05.2019 12:39:00.000,6125.997,6126.997,6125.997,6125.998,0.0006
10.05.2019 12:40:00.000,6125.997,6126.998,6124.998,6125.998,0.0018
10.05.2019 12:41:00.000,6125.998,6128.998,6125.998,6128.997,0.0077
10.05.2019 12:42:00.000,6128.998,6129.998,6127.998,6127.998,0.0015
10.05.2019 12:43:00.000,6127.997,6127.998,6127.997,6127.998,0.0014
10.05.2019 12:44:00.000,6127.998,6128.998,6125.998,6125.998,0.0008
10.05.2019 12:45:00.000,6125.997,6125.998,6124.997,6124.998,0.0011
10.05.2019 12:46:00.000,6124.998,6127.998,6124.997,6127.997,0.0028
10.05.2019 12:47:00.000,6127.998,6128.998,6126.997,6128.998,0.0032
10.05.2019 12:48:00.000,6128.997,6128.998,6127.997,6127.998,0.0016
10.05.2019 12:49:00.000,6128.997,6129.998,6126.997,6126.998,0.0014
10.05.2019 12:50:00.000,6126.997,6127.998,6124.998,6124.998,0.0016
10.05.2019 12:51:00.000,6124.997,6126.998,6122.998,6124.998,0.0031
10.05.2019 12:52:00.000,6125.997,6126.998,6124.997,6126.998,0.0018
10.05.2019 12:53:00.000,6126.997,6131.998,6125.998,6131.997,0.0067
10.05.2019 12:54:00.000,6132.997,6132.997,6129.998,6129.998,0.0013
10.05.2019 12:55:00.000,6129.997,6131.998,6129.997,6131.997,0.0079
10.05.2019 12:56:00.000,6131.998,6131.998,6130.997,6130.998,0.0004
10.05.2019 12:57:00.000,6130.997,6130.998,6129.997,6130.997,0.0018
10.05.2019 12:58:00.000,6130.998,6130.998,6129.997,6130.998,0.002
10.05.2019 12:59:00.000,6131.998,6133.998,6130.997,6130.997,0.0028
10.05.2019 13:00:00.000,6130.998,6130.998,6129.997,6129.998,0.0025
10.05.2019 13:01:00.000,6129.997,6130.998,6127.997,6130.998,0.0023
10.05.2019 13:02:00.000,6130.997,6130.997,6128.998,6128.998,0.0005
10.05.2019 13:03:00.000,6128.997,6131.997,6128.997,6131.997,0.0048
10.05.2019 13:04:00.000,6131.998,6132.998,6131.997,6132.998,0.0014
10.05.2019 13:05:00.000,6132.997,6133.998,6132.997,6133.998,0.001
10.05.2019 13:06:00.000,6133.998,6134.998,6132.998,6132.998,0.0046
10.05.2019 13:07:00.000,6132.997,6132.998,6131.997,6132.997,0.0029
10.05.2019 13:08:00.000,6132.998,6133.998,6128.997,6128.997,0.0034
10.05.2019 13:09:00.000,6128.997,6129.998,6127.997,6127.998,0.0017
10.05.2019 13:10:00.000,6127.998,6127.998,6126.997,6126.998,0.0014
10.05.2019 13:11:00.000,6127.997,6127.998,6124.997,6125.998,0.0013
10.05.2019 13:12:00.000,6126.997,6128.997,6124.997,6125.997,0.0059
10.05.2019 13:13:00.000,6125.998,6128.998,6124.997,6124.997,0.0034
10.05.2019 13:14:00.000,6124.998,6126.998,6124.997,6125.997,0.0018
10.05.2019 13:15:00.000,6125.998,6125.998,6125.997,6125.998,0.0026
10.05.2019 13:16:00.000,6125.997,6125.998,6124.997,6125.997,0.0018
10.05.2019 13:17:00.000,6125.997,6125.998,6118.998,6122.998,0.004
10.05.2019 13:18:00.000,6122.997,6122.998,6121.997,6122.998,0.0013
10.05.2019 13:19:00.000,6121.998,6122.998,6121.997,6122.998,0.0013
10.05.2019 13:20:00.000,6122.998,6124.998,6122.997,6122.998,0.0039
10.05.2019 13:21:00.000,6122.997,6123.998,6120.997,6120.998,0.0024
10.05.2019 13:22:00.000,6120.997,6121.998,6119.997,6121.998,0.0033
10.05.2019 13:23:00.000,6122.998,6125.998,6122.997,6123.998,0.0047
10.05.2019 13:24:00.000,6123.997,6124.998,6122.997,6122.998,0.003
10.05.2019 13:25:00.000,6123.997,6126.998,6123.997,6125.998,0.0091
10.05.2019 13:26:00.000,6126.997,6126.998,6125.997,6126.997,0.0055
10.05.2019 13:27:00.000,6126.998,6127.997,6126.997,6126.997,0.0027
10.05.2019 13:28:00.000,6126.998,6132.998,6126.998,6131.998,0.0053
10.05.2019 13:29:00.000,6131.998,6134.998,6130.997,6131.998,0.0068
10.05.2019 13:30:00.000,6131.998,6131.998,6125.997,6125.997,0.0032
10.05.2019 13:31:00.000,6126.997,6128.998,6125.997,6127.998,0.0039
10.05.2019 13:32:00.000,6127.997,6127.998,6126.997,6127.997,0.0047
10.05.2019 13:33:00.000,6127.998,6128.998,6126.997,6127.997,0.0044
10.05.2019 13:34:00.000,6127.998,6127.998,6126.998,6126.998,0.0007
10.05.2019 13:35:00.000,6126.997,6126.998,6125.997,6125.998,0.0038
10.05.2019 13:36:00.000,6125.998,6126.998,6124.997,6124.998,0.0032
10.05.2019 13:37:00.000,6124.998,6128.998,6124.997,6128.998,0.0059
10.05.2019 13:38:00.000,6128.997,6132.997,6128.997,6132.997,0.0037
10.05.2019 13:39:00.000,6132.998,6136.998,6132.998,6135.998,0.0054
10.05.2019 13:40:00.000,6136.997,6137.997,6135.997,6135.998,0.0129
10.05.2019 13:41:00.000,6135.997,6137.998,6135.997,6136.998,0.005
10.05.2019 13:42:00.000,6136.998,6138.998,6135.997,6137.998,0.0017
10.05.2019 13:43:00.000,6137.997,6137.998,6131.998,6132.998,0.0086
10.05.2019 13:44:00.000,6131.998,6133.998,6131.998,6132.998,0.007
10.05.2019 13:45:00.000,6132.997,6132.998,6132.997,6132.998,0.0129
10.05.2019 13:46:00.000,6132.997,6134.998,6132.997,6134.998,0.0064
10.05.2019 13:47:00.000,6134.998,6134.998,6132.997,6134.998,0.0061
10.05.2019 13:48:00.000,6135.998,6135.998,6134.997,6134.998,0.0059
10.05.2019 13:49:00.000,6134.998,6134.998,6132.998,6133.998,0.0039
10.05.2019 13:50:00.000,6134.997,6134.998,6132.997,6133.997,0.0052
10.05.2019 13:51:00.000,6132.997,6133.998,6132.997,6133.998,0.0021
10.05.2019 13:52:00.000,6133.998,6134.998,6133.997,6133.997,0.0044
10.05.2019 13:53:00.000,6134.997,6134.998,6131.997,6131.998,0.0078
10.05.2019 13:54:00.000,6132.997,6132.998,6131.997,6132.998,0.0023
10.05.2019 13:55:00.000,6132.998,6132.998,6131.997,6131.998,0.0102
10.05.2019 13:56:00.000,6131.998,6132.998,6131.997,6131.998,0.0078
10.05.2019 13:57:00.000,6131.997,6132.998,6131.997,6132.997,0.0045
10.05.2019 13:58:00.000,6132.997,6132.998,6131.997,6131.998,0.0064
10.05.2019 13:59:00.000,6131.998,6132.998,6131.997,6131.998,0.0046
10.05.2019 14:00:00.000,6131.997,6133.997,6131.997,6131.997,0.0076
10.05.2019 14:01:00.000,6131.998,6131.998,6131.997,6131.998,0.0012
10.05.2019 14:02:00.000,6131.997,6131.998,6130.997,6130.998,0.003
10.05.2019 14:03:00.000,6130.997,6132.998,6130.997,6132.998,0.0042
10.05.2019 14:04:00.000,6132.997,6132.998,6131.997,6132.998,0.0023
10.05.2019 14:05:00.000,6132.997,6137.997,6131.997,6136.998,0.0065
10.05.2019 14:06:00.000,6136.997,6140.998,6136.997,6140.997,0.0094
10.05.2019 14:07:00.000,6138.998,6138.998,6138.997,6138.997,0.0083
10.05.2019 14:08:00.000,6138.998,6139.998,6135.997,6136.998,0.0081
10.05.2019 14:09:00.000,6137.997,6137.998,6136.997,6136.998,0.0063
10.05.2019 14:10:00.000,6136.997,6136.997,6132.998,6132.998,0.0023
10.05.2019 14:11:00.000,6132.997,6132.997,6129.997,6129.997,0.0014
10.05.2019 14:12:00.000,6129.998,6129.998,6126.998,6127.998,0.0016
10.05.2019 14:13:00.000,6127.997,6128.998,6127.997,6128.998,0.0007
10.05.2019 14:14:00.000,6128.997,6128.997,6126.997,6126.998,0.0061
10.05.2019 14:15:00.000,6126.998,6128.998,6126.997,6127.998,0.0091
10.05.2019 14:16:00.000,6128.997,6128.998,6126.998,6127.998,0.0033
10.05.2019 14:17:00.000,6127.997,6129.998,6126.997,6129.998,0.0098
10.05.2019 14:18:00.000,6129.997,6134.998,6128.998,6132.998,0.008
10.05.2019 14:19:00.000,6132.997,6135.998,6132.997,6134.997,0.0069
10.05.2019 14:20:00.000,6134.998,6134.998,6132.997,6132.998,0.0051
10.05.2019 14:21:00.000,6132.997,6132.998,6131.997,6132.998,0.0017
10.05.2019 14:22:00.000,6132.997,6132.997,6129.998,6129.998,0.003
10.05.2019 14:23:00.000,6129.998,6129.998,6127.997,6128.998,0.0058
10.05.2019 14:24:00.000,6128.997,6129.998,6126.997,6126.998,0.0065
10.05.2019 14:25:00.000,6126.998,6130.998,6126.998,6129.998,0.0153
10.05.2019 14:26:00.000,6130.998,6130.998,6128.997,6130.998,0.0041
10.05.2019 14:27:00.000,6130.997,6130.998,6129.997,6130.997,0.0063
10.05.2019 14:28:00.000,6130.998,6130.998,6128.997,6128.997,0.0037
10.05.2019 14:29:00.000,6128.998,6129.998,6127.997,6129.998,0.01
10.05.2019 14:30:00.000,6128.998,6128.998,6127.997,6128.998,0.0024
10.05.2019 14:31:00.000,6128.997,6128.998,6124.997,6124.998,0.0047
10.05.2019 14:32:00.000,6125.997,6126.998,6124.750,6126.998,0.0031
10.05.2019 14:33:00.000,6126.997,6128.998,6126.997,6128.998,0.0036
10.05.2019 14:34:00.000,6128.997,6128.998,6127.997,6128.998,0.0057
10.05.2019 14:35:00.000,6128.997,6128.998,6124.997,6124.997,0.006
10.05.2019 14:36:00.000,6124.998,6134.998,6124.998,6134.997,0.0133
10.05.2019 14:37:00.000,6134.750,6134.998,6130.998,6131.998,0.0039
10.05.2019 14:38:00.000,6131.997,6132.998,6130.997,6132.998,0.0034
10.05.2019 14:39:00.000,6131.998,6134.998,6131.998,6134.997,0.005
10.05.2019 14:40:00.000,6134.998,6134.998,6130.997,6130.998,0.0084
10.05.2019 14:41:00.000,6130.997,6130.997,6124.997,6127.997,0.0082
10.05.2019 14:42:00.000,6130.998,6130.998,6129.997,6130.997,0.0017
10.05.2019 14:43:00.000,6130.998,6133.998,6129.997,6133.998,0.0049
10.05.2019 14:44:00.000,6132.998,6133.998,6129.997,6129.998,0.0019
10.05.2019 14:45:00.000,6129.997,6129.998,6129.997,6129.997,0.003
10.05.2019 14:46:00.000,6129.998,6129.998,6129.997,6129.998,0.0026
10.05.2019 14:47:00.000,6129.997,6130.998,6129.997,6130.997,0.0032
10.05.2019 14:48:00.000,6130.998,6131.998,6129.997,6129.998,0.0045
10.05.2019 14:49:00.000,6129.997,6129.998,6129.997,6129.998,0.0018
10.05.2019 14:50:00.000,6129.997,6129.998,6128.997,6128.998,0.0008
10.05.2019 14:51:00.000,6126.997,6131.998,6126.997,6131.998,0.008
10.05.2019 14:52:00.000,6131.997,6131.997,6127.997,6130.998,0.0087
10.05.2019 14:53:00.000,6130.997,6130.998,6128.997,6128.998,0.0068
10.05.2019 14:54:00.000,6129.997,6131.998,6127.997,6130.997,0.0081
10.05.2019 14:55:00.000,6130.998,6130.998,6129.997,6130.997,0.0058
10.05.2019 14:56:00.000,6129.997,6131.998,6129.997,6130.998,0.01
10.05.2019 14:57:00.000,6130.997,6130.998,6129.997,6130.998,0.0027
10.05.2019 14:58:00.000,6131.997,6132.998,6129.997,6129.998,0.0148
10.05.2019 14:59:00.000,6129.997,6130.998,6129.997,6130.997,0.0026
10.05.2019 15:00:00.000,6130.998,6132.998,6130.998,6130.998,0.005
10.05.2019 15:01:00.000,6131.997,6132.998,6130.998,6131.997,0.0023
10.05.2019 15:02:00.000,6131.998,6132.998,6131.997,6131.998,0.0069
10.05.2019 15:03:00.000,6131.997,6132.998,6131.997,6132.998,0.0015
10.05.2019 15:04:00.000,6133.997,6135.998,6133.997,6135.998,0.0094
10.05.2019 15:05:00.000,6135.997,6140.998,6135.997,6139.998,0.0122
10.05.2019 15:06:00.000,6139.997,6140.998,6137.997,6139.998,0.0067
10.05.2019 15:07:00.000,6139.998,6139.998,6137.998,6138.998,0.0064
10.05.2019 15:08:00.000,6137.997,6140.997,6137.997,6139.997,0.0056
10.05.2019 15:09:00.000,6139.997,6139.997,6138.997,6138.998,0.0016
10.05.2019 15:10:00.000,6139.998,6139.998,6138.997,6138.998,0.0032
10.05.2019 15:11:00.000,6139.998,6139.998,6138.997,6139.998,0.0038
10.05.2019 15:12:00.000,6139.998,6140.998,6139.997,6139.998,0.01
10.05.2019 15:13:00.000,6139.997,6139.998,6137.997,6137.997,0.0051
10.05.2019 15:14:00.000,6137.998,6139.997,6137.997,6138.998,0.0096
10.05.2019 15:15:00.000,6138.997,6138.998,6137.997,6137.997,0.0039
10.05.2019 15:16:00.000,6137.998,6139.998,6137.997,6138.997,0.0098
10.05.2019 15:17:00.000,6138.998,6138.998,6137.997,6137.997,0.0046
10.05.2019 15:18:00.000,6137.998,6141.998,6136.997,6141.998,0.0046
10.05.2019 15:19:00.000,6140.997,6145.998,6140.997,6145.998,0.0033
10.05.2019 15:20:00.000,6145.997,6147.998,6144.997,6147.998,0.0146
10.05.2019 15:21:00.000,6146.998,6148.998,6146.997,6146.998,0.0064
10.05.2019 15:22:00.000,6147.997,6148.998,6147.997,6147.998,0.0062
10.05.2019 15:23:00.000,6148.997,6148.998,6146.997,6148.998,0.007
10.05.2019 15:24:00.000,6148.997,6148.998,6147.997,6148.998,0.0036
10.05.2019 15:25:00.000,6148.997,6148.998,6147.997,6148.998,0.004
10.05.2019 15:26:00.000,6148.997,6148.998,6147.997,6147.998,0.0046
10.05.2019 15:27:00.000,6147.997,6148.998,6146.997,6146.997,0.0032
10.05.2019 15:28:00.000,6146.998,6148.998,6145.998,6145.998,0.0043
10.05.2019 15:29:00.000,6145.997,6145.998,6138.998,6141.998,0.0112
13.05.2019 07:00:00.000,6128.997,6138.998,6112.997,6138.998,0.0008
13.05.2019 07:02:00.000,6146.997,6152.997,6146.997,6152.997,0.0025
13.05.2019 07:03:00.000,6153.998,6159.998,6153.998,6159.998,0.0003
13.05.2019 07:04:00.000,6161.997,6161.998,6160.997,6160.997,0.0004
13.05.2019 07:05:00.000,6160.998,6160.998,6153.997,6156.997,0.0011
13.05.2019 07:06:00.000,6161.998,6163.998,6159.997,6160.998,0.0021
13.05.2019 07:07:00.000,6160.998,6161.998,6156.997,6156.998,0.0009
13.05.2019 07:08:00.000,6158.998,6164.998,6151.998,6152.997,0.0036
13.05.2019 07:09:00.000,6151.997,6152.997,6140.997,6143.998,0.0042
13.05.2019 07:10:00.000,6143.997,6155.998,6143.997,6148.998,0.0031
13.05.2019 07:11:00.000,6146.998,6151.997,6146.997,6149.998,0.0016
13.05.2019 07:12:00.000,6149.997,6153.998,6149.997,6153.998,0.0013
13.05.2019 07:13:00.000,6153.998,6153.998,6145.997,6146.998,0.0018
13.05.2019 07:14:00.000,6146.998,6146.998,6137.998,6145.998,0.0028
13.05.2019 07:15:00.000,6145.998,6146.998,6139.998,6139.998,0.0013
13.05.2019 07:16:00.000,6139.998,6145.998,6139.998,6145.998,0.0016
13.05.2019 07:17:00.000,6145.997,6146.997,6140.998,6144.998,0.0013
13.05.2019 07:18:00.000,6145.997,6146.998,6144.998,6145.998,0.0007
13.05.2019 07:19:00.000,6145.998,6145.998,6141.998,6143.998,0.0008
13.05.2019 07:20:00.000,6143.998,6143.998,6139.997,6139.998,0.0012
13.05.2019 07:21:00.000,6140.998,6142.998,6139.997,6139.998,0.0009
13.05.2019 07:22:00.000,6139.998,6143.997,6136.998,6143.997,0.0016
13.05.2019 07:23:00.000,6142.997,6144.998,6142.997,6144.998,0.0005
13.05.2019 07:24:00.000,6144.997,6144.998,6135.997,6135.998,0.0026
13.05.2019 07:25:00.000,6137.997,6138.998,6132.997,6132.997,0.0013
13.05.2019 07:26:00.000,6132.997,6137.998,6132.997,6134.997,0.0009
13.05.2019 07:27:00.000,6135.997,6135.998,6129.997,6132.998,0.0025
13.05.2019 07:28:00.000,6133.998,6135.998,6132.998,6134.997,0.0016
13.05.2019 07:29:00.000,6135.998,6138.998,6135.998,6136.998,0.0024
13.05.2019 07:30:00.000,6135.997,6137.997,6133.998,6134.997,0.0019
13.05.2019 07:31:00.000,6134.998,6134.998,6131.997,6131.998,0.0018
13.05.2019 07:32:00.000,6131.997,6133.998,6131.997,6132.998,0.0012
13.05.2019 07:33:00.000,6130.998,6130.998,6128.997,6129.998,0.001
13.05.2019 07:34:00.000,6129.998,6131.998,6127.997,6127.998,0.0023
13.05.2019 07:35:00.000,6127.998,6127.998,6121.997,6121.997,0.0031
13.05.2019 07:36:00.000,6121.998,6126.998,6121.997,6124.998,0.0037
13.05.2019 07:37:00.000,6124.998,6124.998,6121.997,6123.998,0.0039
13.05.2019 07:38:00.000,6123.998,6126.998,6123.997,6124.998,0.0012
13.05.2019 07:39:00.000,6124.997,6125.998,6121.998,6123.998,0.0012
13.05.2019 07:40:00.000,6124.997,6129.998,6124.997,6128.998,0.001
13.05.2019 07:41:00.000,6128.997,6129.998,6126.998,6128.998,0.001
13.05.2019 07:42:00.000,6129.998,6130.998,6129.997,6129.997,0.0005
13.05.2019 07:43:00.000,6129.998,6129.998,6123.997,6125.998,0.0017
13.05.2019 07:44:00.000,6124.998,6124.998,6119.998,6120.997,0.0024
13.05.2019 07:45:00.000,6120.998,6120.998,6117.997,6117.998,0.0027
13.05.2019 07:46:00.000,6117.997,6117.997,6112.998,6112.998,0.004
13.05.2019 07:47:00.000,6112.997,6114.998,6111.998,6112.998,0.0012
13.05.2019 07:48:00.000,6112.997,6117.998,6111.998,6116.997,0.0041
13.05.2019 07:49:00.000,6116.998,6118.998,6116.998,6118.998,0.0038
13.05.2019 07:50:00.000,6119.997,6119.997,6114.998,6116.997,0.0038
13.05.2019 07:51:00.000,6116.998,6117.998,6114.997,6117.998,0.0044
13.05.2019 07:52:00.000,6117.998,6117.998,6110.998,6115.998,0.0036
13.05.2019 07:53:00.000,6115.997,6119.998,6114.997,6119.998,0.0044
13.05.2019 07:54:00.000,6121.750,6127.997,6120.997,6124.998,0.0082
13.05.2019 07:55:00.000,6124.997,6126.997,6119.998,6123.997,0.0069
13.05.2019 07:56:00.000,6124.998,6128.998,6124.998,6127.997,0.0011
13.05.2019 07:57:00.000,6127.998,6127.998,6125.997,6125.998,0.001
13.05.2019 07:58:00.000,6126.998,6127.998,6124.997,6124.997,0.0029
13.05.2019 07:59:00.000,6124.998,6131.998,6124.997,6129.998,0.0036
13.05.2019 08:00:00.000,6130.997,6130.998,6126.998,6128.997,0.0029
13.05.2019 08:01:00.000,6128.997,6129.998,6120.997,6122.998,0.0052
13.05.2019 08:02:00.000,6121.998,6123.998,6118.998,6122.997,0.0041
13.05.2019 08:03:00.000,6122.998,6123.998,6119.997,6121.997,0.0022
13.05.2019 08:04:00.000,6121.998,6124.998,6119.997,6119.998,0.0043
13.05.2019 08:05:00.000,6120.998,6120.998,6111.998,6111.998,0.0035
13.05.2019 08:06:00.000,6111.997,6112.998,6107.998,6112.998,0.0031
13.05.2019 08:07:00.000,6111.998,6119.998,6111.997,6117.998,0.0048
13.05.2019 08:08:00.000,6117.998,6122.997,6117.998,6121.998,0.0016
13.05.2019 08:09:00.000,6121.997,6121.997,6118.998,6119.998,0.0011
13.05.2019 08:10:00.000,6118.998,6121.998,6118.997,6121.998,0.0017
13.05.2019 08:11:00.000,6121.998,6122.998,6119.997,6119.997,0.0024
13.05.2019 08:12:00.000,6119.998,6120.998,6117.998,6119.998,0.0012
13.05.2019 08:13:00.000,6119.998,6119.998,6117.998,6119.998,0.0015
13.05.2019 08:14:00.000,6119.997,6121.998,6117.998,6121.998,0.0077
13.05.2019 08:15:00.000,6122.998,6125.998,6122.997,6125.998,0.0035
13.05.2019 08:16:00.000,6125.998,6127.998,6125.997,6127.997,0.0009
13.05.2019 08:17:00.000,6127.998,6131.998,6127.998,6131.998,0.0013
13.05.2019 08:18:00.000,6131.750,6131.750,6124.997,6127.998,0.0041
13.05.2019 08:19:00.000,6128.997,6129.998,6126.997,6126.998,0.0029
13.05.2019 08:20:00.000,6124.997,6127.998,6124.997,6127.998,0.0032
13.05.2019 08:21:00.000,6127.998,6127.998,6122.997,6122.998,0.0044
13.05.2019 08:22:00.000,6122.997,6124.997,6121.997,6122.997,0.0044
13.05.2019 08:23:00.000,6122.998,6126.998,6122.998,6123.998,0.0032
13.05.2019 08:24:00.000,6123.997,6124.998,6121.997,6124.997,0.0042
13.05.2019 08:25:00.000,6124.998,6125.998,6122.998,6122.998,0.0018
13.05.2019 08:26:00.000,6122.997,6123.998,6121.998,6121.998,0.0015
13.05.2019 08:27:00.000,6122.998,6124.998,6122.997,6124.998,0.0023
13.05.2019 08:28:00.000,6124.997,6125.998,6122.998,6125.998,0.0065
13.05.2019 08:29:00.000,6125.997,6126.998,6115.997,6115.997,0.0061
13.05.2019 08:30:00.000,6115.997,6118.998,6113.997,6117.998,0.0043
13.05.2019 08:31:00.000,6117.997,6120.998,6117.997,6119.997,0.0068
13.05.2019 08:32:00.000,6119.998,6119.998,6116.998,6118.997,0.0027
13.05.2019 08:33:00.000,6118.998,6120.998,6118.997,6119.998,0.0029
13.05.2019 08:34:00.000,6120.998,6124.998,6119.998,6122.997,0.003
13.05.2019 08:35:00.000,6122.998,6124.998,6120.998,6124.998,0.003
13.05.2019 08:36:00.000,6124.997,6124.997,6121.998,6122.997,0.0015
13.05.2019 08:37:00.000,6122.998,6124.997,6122.998,6123.998,0.0029
13.05.2019 08:38:00.000,6124.998,6124.998,6118.998,6121.998,0.0076
13.05.2019 08:39:00.000,6121.998,6123.998,6119.997,6123.998,0.0068
13.05.2019 08:40:00.000,6123.997,6124.998,6121.997,6122.998,0.0055
13.05.2019 08:41:00.000,6122.998,6123.998,6121.997,6122.998,0.0041
13.05.2019 08:42:00.000,6122.998,6122.998,6117.998,6117.998,0.0014
13.05.2019 08:43:00.000,6118.998,6119.998,6117.997,6118.998,0.0051
13.05.2019 08:44:00.000,6118.997,6119.998,6112.997,6112.997,0.0049
13.05.2019 08:45:00.000,6114.997,6117.998,6114.997,6116.998,0.0017
13.05.2019 08:46:00.000,6118.997,6120.998,6116.998,6120.998,0.0023
13.05.2019 08:47:00.000,6120.998,6122.998,6119.998,6121.997,0.0026
13.05.2019 08:48:00.000,6121.998,6121.998,6118.997,6118.998,0.0021
13.05.2019 08:49:00.000,6119.997,6121.998,6117.997,6120.998,0.0093
13.05.2019 08:50:00.000,6121.997,6121.998,6120.997,6120.998,0.0037
13.05.2019 08:51:00.000,6121.998,6126.998,6121.997,6126.998,0.0024
13.05.2019 08:52:00.000,6126.998,6129.997,6126.997,6128.998,0.0016
13.05.2019 08:53:00.000,6128.997,6129.997,6127.998,6127.998,0.0004
13.05.2019 08:54:00.000,6126.998,6128.998,6126.997,6127.998,0.0044
13.05.2019 08:55:00.000,6128.997,6129.998,6126.997,6128.998,0.003
13.05.2019 08:56:00.000,6127.998,6127.998,6124.998,6124.998,0.0036
13.05.2019 08:57:00.000,6125.998,6126.998,6124.997,6124.998,0.0036
13.05.2019 08:58:00.000,6124.997,6124.997,6121.997,6122.998,0.003
13.05.2019 08:59:00.000,6122.997,6124.998,6121.998,6123.998,0.0016
13.05.2019 09:00:00.000,6123.997,6124.998,6120.998,6120.998,0.002
13.05.2019 09:01:00.000,6121.998,6121.998,6119.997,6120.997,0.0024
13.05.2019 09:02:00.000,6119.998,6121.998,6119.997,6120.998,0.0012
13.05.2019 09:03:00.000,6120.997,6121.998,6118.998,6118.998,0.0035
13.05.2019 09:04:00.000,6118.998,6123.998,6118.998,6122.998,0.0061
13.05.2019 09:05:00.000,6123.997,6125.998,6122.998,6124.998,0.003
13.05.2019 09:06:00.000,6124.997,6126.998,6123.998,6124.997,0.0051
13.05.2019 09:07:00.000,6124.998,6126.998,6124.997,6125.997,0.0044
13.05.2019 09:08:00.000,6125.997,6125.997,6124.997,6124.998,0.0017
13.05.2019 09:09:00.000,6124.998,6127.998,6124.997,6126.998,0.0025
13.05.2019 09:10:00.000,6127.998,6128.997,6124.997,6124.997,0.0041
13.05.2019 09:11:00.000,6124.997,6125.998,6123.997,6125.998,0.002
13.05.2019 09:12:00.000,6125.997,6125.998,6123.997,6124.998,0.0022
13.05.2019 09:13:00.000,6124.997,6124.998,6122.998,6123.997,0.0036
13.05.2019 09:14:00.000,6124.998,6125.998,6123.997,6123.997,0.004
13.05.2019 09:15:00.000,6125.998,6125.998,6120.997,6120.997,0.0034
13.05.2019 09:16:00.000,6120.998,6120.998,6117.997,6117.997,0.0055
13.05.2019 09:17:00.000,6118.997,6119.998,6116.998,6118.998,0.009
13.05.2019 09:18:00.000,6117.998,6119.998,6117.997,6119.997,0.0124
13.05.2019 09:19:00.000,6119.998,6120.998,6118.997,6120.998,0.0044
13.05.2019 09:20:00.000,6120.997,6123.998,6120.997,6123.998,0.0055
13.05.2019 09:21:00.000,6123.997,6123.998,6121.997,6122.998,0.0034
13.05.2019 09:22:00.000,6122.997,6122.998,6120.998,6122.998,0.0035
13.05.2019 09:23:00.000,6122.998,6124.998,6120.997,6124.998,0.0039
13.05.2019 09:24:00.000,6125.998,6125.998,6121.997,6121.998,0.0062
13.05.2019 09:25:00.000,6121.997,6122.998,6119.998,6119.998,0.0018
13.05.2019 09:26:00.000,6119.997,6123.998,6119.997,6123.998,0.0045
13.05.2019 09:27:00.000,6123.998,6125.997,6122.997,6123.997,0.0059
13.05.2019 09:28:00.000,6123.998,6127.998,6123.998,6127.998,0.0036
13.05.2019 09:29:00.000,6127.997,6127.998,6125.997,6127.997,0.0024
13.05.2019 09:30:00.000,6127.998,6131.998,6127.997,6127.998,0.0036
13.05.2019 09:31:00.000,6127.998,6127.998,6125.997,6127.998,0.0061
13.05.2019 09:32:00.000,6126.998,6127.998,6125.998,6126.997,0.0013
13.05.2019 09:33:00.000,6127.997,6127.998,6124.998,6124.998,0.0021
13.05.2019 09:34:00.000,6124.997,6125.998,6121.998,6121.998,0.0085
13.05.2019 09:35:00.000,6120.998,6123.998,6120.998,6123.998,0.0025
13.05.2019 09:36:00.000,6123.997,6123.998,6123.997,6123.998,0.0005
13.05.2019 09:37:00.000,6123.997,6124.998,6123.997,6124.998,0.0006
13.05.2019 09:38:00.000,6124.997,6125.998,6124.997,6125.998,0.0029
13.05.2019 09:39:00.000,6125.997,6127.998,6125.997,6127.998,0.005
13.05.2019 09:40:00.000,6127.997,6127.998,6123.997,6123.997,0.0035
13.05.2019 09:41:00.000,6123.998,6125.998,6123.997,6124.997,0.0056
13.05.2019 09:42:00.000,6124.998,6126.998,6123.997,6124.997,0.0071
13.05.2019 09:43:00.000,6124.998,6125.998,6123.998,6124.998,0.0014
13.05.2019 09:44:00.000,6124.997,6126.998,6124.997,6125.998,0.0048
13.05.2019 09:45:00.000,6126.997,6126.998,6125.997,6125.998,0.0046
13.05.2019 09:46:00.000,6125.998,6127.998,6125.997,6125.998,0.0077
13.05.2019 09:47:00.000,6126.998,6131.998,6125.998,6131.998,0.0036
13.05.2019 09:48:00.000,6131.997,6131.998,6129.997,6131.998,0.0024
13.05.2019 09:49:00.000,6131.997,6133.998,6129.997,6131.998,0.0034
13.05.2019 09:50:00.000,6131.997,6131.997,6129.997,6129.997,0.0045
13.05.2019 09:51:00.000,6129.998,6132.997,6129.997,6131.998,0.0068
13.05.2019 09:52:00.000,6131.998,6131.998,6128.998,6129.997,0.0051
13.05.2019 09:53:00.000,6129.998,6131.998,6129.997,6130.997,0.0046
13.05.2019 09:54:00.000,6130.998,6131.998,6129.998,6131.998,0.0023
13.05.2019 09:55:00.000,6132.998,6134.998,6132.997,6134.997,0.0042
13.05.2019 09:56:00.000,6134.998,6134.998,6133.998,6134.998,0.0041
13.05.2019 09:57:00.000,6134.998,6136.997,6132.998,6132.998,0.0051
13.05.2019 09:58:00.000,6132.998,6133.998,6132.997,6132.998,0.0016
13.05.2019 09:59:00.000,6132.998,6135.998,6132.998,6135.998,0.002
13.05.2019 10:00:00.000,6136.997,6138.998,6136.997,6138.997,0.0015
13.05.2019 10:01:00.000,6138.998,6140.998,6138.998,6139.998,0.0018
13.05.2019 10:02:00.000,6139.998,6141.998,6139.997,6140.998,0.0022
13.05.2019 10:03:00.000,6140.997,6141.998,6139.997,6140.998,0.0025
13.05.2019 10:04:00.000,6140.998,6141.998,6140.997,6140.998,0.0033
13.05.2019 10:05:00.000,6140.997,6142.998,6140.997,6141.998,0.0017
13.05.2019 10:06:00.000,6141.997,6141.998,6139.997,6139.998,0.0041
13.05.2019 10:07:00.000,6139.998,6139.998,6139.997,6139.998,0.0015
13.05.2019 10:08:00.000,6140.997,6142.998,6140.997,6141.997,0.0018
13.05.2019 10:09:00.000,6142.997,6144.998,6141.998,6143.998,0.0009
13.05.2019 10:10:00.000,6144.998,6145.998,6143.997,6143.997,0.0017
13.05.2019 10:11:00.000,6143.998,6144.997,6141.997,6143.998,0.0037
13.05.2019 10:12:00.000,6144.997,6144.998,6143.998,6144.997,0.0023
13.05.2019 10:13:00.000,6145.997,6147.998,6145.997,6147.998,0.0012
13.05.2019 10:14:00.000,6147.997,6147.998,6147.997,6147.998,0.0005
13.05.2019 10:15:00.000,6148.997,6148.998,6148.997,6148.998,0.0016
13.05.2019 10:16:00.000,6149.997,6149.998,6146.998,6148.998,0.0021
13.05.2019 10:17:00.000,6149.997,6149.998,6146.997,6147.998,0.0034
13.05.2019 10:18:00.000,6148.997,6148.998,6147.998,6148.998,0.0015
13.05.2019 10:19:00.000,6146.997,6150.997,6146.997,6149.998,0.0018
13.05.2019 10:20:00.000,6149.997,6149.998,6145.998,6145.998,0.0014
13.05.2019 10:21:00.000,6144.998,6146.998,6144.997,6146.998,0.0039
13.05.2019 10:22:00.000,6146.997,6146.997,6143.998,6143.998,0.0022
13.05.2019 10:23:00.000,6144.997,6144.997,6143.997,6143.998,0.0034
13.05.2019 10:24:00.000,6141.998,6141.998,6140.997,6141.997,0.0026
13.05.2019 10:25:00.000,6143.998,6144.998,6143.998,6143.998,0.0007
13.05.2019 10:26:00.000,6143.997,6145.998,6142.998,6143.997,0.0024
13.05.2019 10:27:00.000,6143.998,6144.998,6143.997,6143.998,0.0028
13.05.2019 10:28:00.000,6143.998,6143.998,6143.998,6143.998,0.0004
13.05.2019 10:29:00.000,6143.997,6143.998,6143.997,6143.998,0.0014
13.05.2019 10:30:00.000,6144.997,6146.997,6143.997,6145.998,0.0041
13.05.2019 10:31:00.000,6146.998,6147.998,6144.998,6145.997,0.0046
13.05.2019 10:32:00.000,6145.998,6145.998,6142.998,6143.998,0.002
13.05.2019 10:33:00.000,6143.997,6145.998,6143.997,6144.998,0.0019
13.05.2019 10:34:00.000,6144.998,6144.998,6144.997,6144.997,0.004
13.05.2019 10:35:00.000,6144.998,6145.998,6144.997,6144.998,0.0036
13.05.2019 10:36:00.000,6145.997,6145.998,6144.997,6144.998,0.0008
13.05.2019 10:37:00.000,6145.997,6145.998,6144.997,6144.997,0.0011
13.05.2019 10:38:00.000,6144.998,6144.998,6141.997,6143.997,0.0035
13.05.2019 10:39:00.000,6143.997,6143.998,6139.997,6139.998,0.0047
13.05.2019 10:40:00.000,6139.997,6140.998,6136.997,6140.998,0.0106
13.05.2019 10:41:00.000,6140.997,6143.998,6139.997,6140.998,0.0082
13.05.2019 10:42:00.000,6140.997,6141.997,6137.997,6137.997,0.0015
13.05.2019 10:43:00.000,6137.997,6137.997,6136.997,6136.998,0.0048
13.05.2019 10:44:00.000,6136.997,6136.998,6132.997,6132.998,0.0038
13.05.2019 10:45:00.000,6132.997,6133.998,6132.997,6132.997,0.0041
13.05.2019 10:46:00.000,6132.998,6133.998,6129.998,6129.998,0.0055
13.05.2019 10:47:00.000,6130.998,6131.998,6130.998,6131.998,0.0004
13.05.2019 10:48:00.000,6132.997,6133.998,6131.997,6133.998,0.0023
13.05.2019 10:49:00.000,6133.997,6133.998,6131.997,6131.998,0.0029
13.05.2019 10:50:00.000,6131.998,6133.997,6131.997,6132.998,0.0022
13.05.2019 10:51:00.000,6132.997,6132.998,6130.997,6131.998,0.0021
13.05.2019 10:52:00.000,6131.997,6132.997,6130.997,6131.998,0.0022
13.05.2019 10:53:00.000,6132.997,6133.998,6131.998,6133.998,0.0024
13.05.2019 10:54:00.000,6133.997,6133.997,6132.997,6132.998,0.0019
13.05.2019 10:55:00.000,6132.998,6133.998,6132.997,6132.997,0.0022
13.05.2019 10:56:00.000,6132.997,6133.998,6132.997,6133.997,0.0023
13.05.2019 10:57:00.000,6133.998,6133.998,6132.997,6132.997,0.0017
13.05.2019 10:58:00.000,6134.998,6137.998,6133.997,6137.998,0.006
13.05.2019 10:59:00.000,6137.997,6141.998,6137.997,6140.997,0.0049
13.05.2019 11:00:00.000,6140.998,6140.998,6140.997,6140.998,0.0003
13.05.2019 11:02:00.000,6138.997,6143.998,6138.997,6140.998,0.003
13.05.2019 11:03:00.000,6140.997,6144.998,6140.997,6143.997,0.0031
13.05.2019 11:04:00.000,6142.998,6142.998,6138.998,6138.998,0.0036
13.05.2019 11:05:00.000,6138.998,6142.998,6138.997,6142.997,0.0045
13.05.2019 11:06:00.000,6142.998,6143.998,6140.997,6143.998,0.0039
13.05.2019 11:07:00.000,6140.998,6146.997,6140.998,6144.998,0.0026
13.05.2019 11:08:00.000,6145.997,6146.997,6145.997,6146.997,0.0006
13.05.2019 11:09:00.000,6146.998,6147.998,6144.997,6147.998,0.0029
13.05.2019 11:10:00.000,6147.997,6148.998,6147.997,6147.998,0.0025
13.05.2019 11:11:00.000,6144.998,6146.998,6143.997,6144.998,0.0059
13.05.2019 11:12:00.000,6145.997,6147.998,6143.998,6147.998,0.0036
13.05.2019 11:13:00.000,6148.997,6150.998,6148.997,6149.998,0.0022
13.05.2019 11:14:00.000,6149.997,6149.998,6149.997,6149.997,0.0003
13.05.2019 11:15:00.000,6149.998,6150.998,6149.997,6149.998,0.0007
13.05.2019 11:16:00.000,6149.997,6150.998,6149.997,6149.997,0.0019
13.05.2019 11:17:00.000,6149.998,6149.998,6146.998,6147.998,0.003
13.05.2019 11:18:00.000,6147.997,6148.998,6146.997,6146.998,0.0028
13.05.2019 11:19:00.000,6146.997,6146.998,6146.997,6146.997,0.0007
13.05.2019 11:20:00.000,6147.997,6147.998,6146.997,6146.998,0.0021
13.05.2019 11:21:00.000,6146.997,6146.998,6146.997,6146.997,0.0025
13.05.2019 11:22:00.000,6146.998,6149.998,6146.997,6148.998,0.0021
13.05.2019 11:23:00.000,6148.997,6150.998,6148.997,6150.997,0.0016
13.05.2019 11:24:00.000,6150.998,6150.998,6148.998,6148.998,0.0004
13.05.2019 11:25:00.000,6149.997,6149.998,6147.997,6147.997,0.0033
13.05.2019 11:26:00.000,6144.998,6145.998,6144.998,6144.998,0.0035
13.05.2019 11:27:00.000,6144.997,6146.998,6144.997,6146.998,0.004
13.05.2019 11:28:00.000,6146.997,6146.998,6144.997,6146.998,0.0033
13.05.2019 11:29:00.000,6146.997,6149.998,6146.997,6148.998,0.0024
13.05.2019 11:30:00.000,6149.997,6151.998,6149.997,6151.998,0.0064
13.05.2019 11:31:00.000,6150.998,6150.998,6146.998,6148.998,0.0061
13.05.2019 11:32:00.000,6148.997,6149.998,6148.997,6149.998,0.0012
13.05.2019 11:33:00.000,6149.998,6151.998,6149.998,6150.998,0.0014
13.05.2019 11:34:00.000,6150.998,6150.998,6148.997,6148.998,0.0037
13.05.2019 11:35:00.000,6148.997,6150.997,6147.998,6147.998,0.0035
13.05.2019 11:36:00.000,6146.998,6148.998,6146.997,6148.997,0.0022
13.05.2019 11:37:00.000,6148.998,6148.998,6147.998,6147.998,0.0007
13.05.2019 11:38:00.000,6148.998,6148.998,6147.998,6148.998,0.0012
13.05.2019 11:39:00.000,6149.997,6151.998,6148.997,6149.997,0.0055
13.05.2019 11:40:00.000,6149.998,6150.998,6149.997,6149.998,0.0024
13.05.2019 11:41:00.000,6149.998,6149.998,6148.997,6149.997,0.0044
13.05.2019 11:42:00.000,6149.998,6150.998,6148.998,6149.998,0.0017
13.05.2019 11:43:00.000,6149.998,6149.998,6146.997,6147.998,0.0041
13.05.2019 11:44:00.000,6148.997,6149.998,6146.997,6147.997,0.0018
13.05.2019 11:45:00.000,6147.998,6148.998,6147.998,6148.998,0.0017
13.05.2019 11:46:00.000,6148.997,6148.998,6147.998,6148.997,0.0028
13.05.2019 11:47:00.000,6148.997,6149.998,6146.997,6146.998,0.0026
13.05.2019 11:48:00.000,6147.997,6148.997,6145.997,6147.998,0.0024
13.05.2019 11:49:00.000,6146.997,6147.998,6146.997,6146.998,0.0031
13.05.2019 11:50:00.000,6147.997,6148.998,6146.998,6147.998,0.0019
13.05.2019 11:51:00.000,6147.997,6148.998,6147.997,6148.998,0.0013
13.05.2019 11:52:00.000,6147.998,6148.998,6147.997,6147.997,0.0026
13.05.2019 11:53:00.000,6147.998,6148.998,6146.998,6148.998,0.0031
13.05.2019 11:54:00.000,6147.998,6149.998,6147.998,6149.998,0.0014
13.05.2019 11:55:00.000,6149.997,6151.998,6149.997,6151.997,0.0025
13.05.2019 11:56:00.000,6151.998,6151.998,6148.997,6149.998,0.0022
13.05.2019 11:57:00.000,6150.998,6152.998,6150.997,6152.998,0.0018
13.05.2019 11:58:00.000,6152.997,6153.998,6152.997,6152.998,0.0024
13.05.2019 11:59:00.000,6154.750,6156.998,6153.997,6153.997,0.0035
13.05.2019 12:00:00.000,6153.998,6154.998,6150.997,6150.998,0.0057
13.05.2019 12:01:00.000,6150.997,6151.997,6150.997,6150.997,0.0017
13.05.2019 12:02:00.000,6150.998,6150.998,6150.997,6150.998,0.0015
13.05.2019 12:03:00.000,6150.998,6152.998,6150.997,6152.998,0.0036
13.05.2019 12:04:00.000,6151.998,6152.998,6150.998,6151.998,0.0014
13.05.2019 12:05:00.000,6152.997,6153.998,6151.998,6152.998,0.0008
13.05.2019 12:06:00.000,6152.997,6152.998,6151.997,6152.997,0.0005
13.05.2019 12:07:00.000,6152.998,6153.998,6144.998,6146.998,0.0121
13.05.2019 12:08:00.000,6147.998,6149.998,6146.997,6148.997,0.0117
13.05.2019 12:09:00.000,6148.998,6152.997,6148.997,6148.998,0.0112
13.05.2019 12:10:00.000,6148.998,6148.998,6144.997,6147.998,0.0061
13.05.2019 12:11:00.000,6146.998,6149.998,6146.998,6147.998,0.0044
13.05.2019 12:12:00.000,6147.998,6148.997,6145.997,6146.998,0.0045
13.05.2019 12:13:00.000,6146.997,6146.998,6145.997,6146.998,0.0051
13.05.2019 12:14:00.000,6146.998,6146.998,6144.997,6144.998,0.005
13.05.2019 12:15:00.000,6145.998,6146.997,6142.997,6143.998,0.0086
13.05.2019 12:16:00.000,6142.998,6143.998,6141.997,6143.998,0.0063
13.05.2019 12:17:00.000,6143.997,6143.998,6141.997,6141.997,0.0045
13.05.2019 12:18:00.000,6141.998,6141.998,6138.997,6138.997,0.004
13.05.2019 12:19:00.000,6139.998,6140.998,6138.997,6140.998,0.0025
13.05.2019 12:20:00.000,6140.998,6143.998,6140.997,6142.998,0.0058
13.05.2019 12:21:00.000,6141.998,6143.998,6140.997,6143.998,0.0068
13.05.2019 12:22:00.000,6144.997,6144.998,6142.997,6142.998,0.0055
13.05.2019 12:23:00.000,6142.997,6143.998,6141.997,6143.997,0.0051
13.05.2019 12:24:00.000,6143.997,6143.998,6140.997,6142.998,0.0036
13.05.2019 12:25:00.000,6142.997,6142.998,6141.997,6142.998,0.004
13.05.2019 12:26:00.000,6142.997,6143.998,6141.997,6141.998,0.0019
13.05.2019 12:27:00.000,6141.997,6141.997,6139.997,6140.998,0.0059
13.05.2019 12:28:00.000,6140.997,6141.998,6138.997,6140.998,0.0041
13.05.2019 12:29:00.000,6140.997,6141.998,6140.997,6140.998,0.0022
13.05.2019 12:30:00.000,6141.998,6141.998,6137.997,6137.998,0.0067
13.05.2019 12:31:00.000,6137.997,6138.998,6137.997,6138.998,0.002
13.05.2019 12:32:00.000,6138.997,6139.998,6138.997,6139.998,0.0024
13.05.2019 12:33:00.000,6139.997,6139.997,6138.997,6138.997,0.0008
13.05.2019 12:34:00.000,6138.997,6140.998,6137.997,6137.998,0.0055
13.05.2019 12:35:00.000,6137.997,6139.998,6136.998,6136.998,0.0051
13.05.2019 12:36:00.000,6137.998,6138.998,6136.997,6137.998,0.0017
13.05.2019 12:37:00.000,6138.997,6138.998,6137.997,6137.998,0.0004
13.05.2019 12:38:00.000,6137.997,6138.998,6136.997,6137.997,0.0033
13.05.2019 12:39:00.000,6137.998,6138.998,6137.997,6137.998,0.0018
13.05.2019 12:40:00.000,6137.998,6139.998,6136.998,6137.998,0.0052
13.05.2019 12:41:00.000,6137.997,6137.998,6136.998,6137.998,0.0047
13.05.2019 12:42:00.000,6137.997,6137.998,6137.997,6137.998,0.0037
13.05.2019 12:43:00.000,6137.997,6140.998,6136.997,6138.998,0.008
13.05.2019 12:44:00.000,6139.998,6141.998,6138.997,6141.997,0.0032
13.05.2019 12:45:00.000,6141.998,6141.998,6138.997,6140.998,0.0033
13.05.2019 12:46:00.000,6139.998,6142.998,6139.998,6140.998,0.006
13.05.2019 12:47:00.000,6141.997,6145.998,6141.997,6145.998,0.0036
13.05.2019 12:48:00.000,6145.998,6146.998,6145.997,6145.997,0.0044
13.05.2019 12:49:00.000,6145.998,6146.998,6143.997,6143.998,0.007
13.05.2019 12:50:00.000,6143.997,6144.998,6143.997,6143.998,0.0037
13.05.2019 12:51:00.000,6144.998,6144.998,6142.998,6143.998,0.0044
13.05.2019 12:52:00.000,6143.997,6144.997,6143.997,6143.998,0.0021
13.05.2019 12:53:00.000,6144.997,6146.998,6144.997,6145.998,0.0031
13.05.2019 12:54:00.000,6146.998,6149.998,6145.998,6148.998,0.0036
13.05.2019 12:55:00.000,6148.998,6151.998,6148.998,6150.998,0.0023
13.05.2019 12:56:00.000,6150.997,6150.998,6145.998,6145.998,0.0025
13.05.2019 12:57:00.000,6146.998,6149.997,6146.997,6148.998,0.0038
13.05.2019 12:58:00.000,6149.997,6149.998,6147.997,6148.997,0.0028
13.05.2019 12:59:00.000,6147.998,6147.998,6146.997,6146.998,0.0026
13.05.2019 13:00:00.000,6146.998,6146.998,6141.997,6144.998,0.0064
13.05.2019 13:01:00.000,6144.998,6144.998,6141.998,6142.998,0.0037
13.05.2019 13:02:00.000,6143.998,6144.998,6143.997,6143.997,0.0008
13.05.2019 13:03:00.000,6143.998,6144.998,6140.997,6140.997,0.0053
13.05.2019 13:04:00.000,6140.998,6140.998,6139.997,6139.997,0.0016
13.05.2019 13:05:00.000,6139.998,6141.998,6137.997,6137.998,0.0042
13.05.2019 13:06:00.000,6136.998,6136.998,6135.997,6135.998,0.0018
13.05.2019 13:07:00.000,6135.997,6137.997,6135.997,6137.997,0.0018
13.05.2019 13:08:00.000,6137.998,6138.998,6137.997,6138.998,0.0015
13.05.2019 13:09:00.000,6139.998,6140.998,6138.997,6139.997,0.0024
13.05.2019 13:10:00.000,6139.998,6139.998,6135.997,6136.998,0.0069
13.05.2019 13:11:00.000,6136.997,6137.997,6134.997,6135.998,0.0035
13.05.2019 13:12:00.000,6135.997,6138.998,6133.998,6137.998,0.0076
13.05.2019 13:13:00.000,6138.998,6138.998,6137.997,6138.998,0.0024
13.05.2019 13:14:00.000,6138.997,6139.998,6138.997,6139.998,0.001
13.05.2019 13:15:00.000,6139.997,6140.998,6139.997,6140.998,0.0009
13.05.2019 13:16:00.000,6140.997,6140.998,6136.997,6138.998,0.0022
13.05.2019 13:17:00.000,6138.997,6140.998,6138.997,6139.998,0.0021
13.05.2019 13:18:00.000,6139.998,6140.998,6139.997,6140.998,0.001
13.05.2019 13:19:00.000,6140.997,6141.998,6140.997,6141.998,0.0012
13.05.2019 13:20:00.000,6141.997,6141.998,6141.997,6141.998,0.0008
13.05.2019 13:21:00.000,6141.998,6141.998,6141.997,6141.998,0.0002
13.05.2019 13:22:00.000,6141.997,6143.998,6141.997,6142.998,0.0015
13.05.2019 13:23:00.000,6142.997,6144.998,6142.997,6144.998,0.0033
13.05.2019 13:24:00.000,6144.997,6144.997,6140.998,6141.998,0.0025
13.05.2019 13:25:00.000,6141.997,6141.998,6141.997,6141.998,0.0002
13.05.2019 13:26:00.000,6141.997,6141.997,6138.998,6140.998,0.0021
13.05.2019 13:27:00.000,6140.997,6140.998,6140.997,6140.998,0.0026
13.05.2019 13:28:00.000,6140.997,6140.998,6136.997,6136.998,0.0038
13.05.2019 13:29:00.000,6136.997,6138.997,6135.997,6135.998,0.0031
13.05.2019 13:30:00.000,6136.997,6142.998,6136.997,6142.998,0.0068
13.05.2019 13:31:00.000,6142.997,6144.998,6140.997,6144.998,0.0045
13.05.2019 13:32:00.000,6144.997,6144.998,6140.997,6142.997,0.006
13.05.2019 13:33:00.000,6142.998,6145.997,6142.997,6144.998,0.0141
13.05.2019 13:34:00.000,6145.997,6148.998,6142.998,6143.997,0.0146
13.05.2019 13:35:00.000,6144.997,6147.998,6142.997,6146.998,0.0091
13.05.2019 13:36:00.000,6146.997,6149.997,6145.997,6148.998,0.0072
13.05.2019 13:37:00.000,6149.997,6150.998,6148.997,6149.997,0.0049
13.05.2019 13:38:00.000,6149.998,6151.998,6148.997,6151.998,0.0086
13.05.2019 13:39:00.000,6151.998,6151.998,6148.998,6150.998,0.0065
13.05.2019 13:40:00.000,6150.998,6151.998,6149.997,6150.998,0.003
13.05.2019 13:41:00.000,6148.998,6150.998,6148.998,6149.998,0.0019
13.05.2019 13:42:00.000,6149.997,6149.997,6142.997,6142.997,0.0072
13.05.2019 13:43:00.000,6142.998,6142.998,6137.997,6137.998,0.0066
13.05.2019 13:44:00.000,6137.998,6141.998,6137.997,6141.997,0.0057
13.05.2019 13:45:00.000,6141.998,6143.998,6139.997,6142.998,0.0066
13.05.2019 13:46:00.000,6141.997,6141.998,6136.998,6136.998,0.0023
13.05.2019 13:47:00.000,6136.997,6136.998,6135.997,6136.997,0.005
13.05.2019 13:48:00.000,6136.998,6138.998,6136.998,6136.998,0.0031
13.05.2019 13:49:00.000,6137.998,6139.998,6136.998,6136.998,0.0065
13.05.2019 13:50:00.000,6136.997,6136.998,6135.997,6135.998,0.0045
13.05.2019 13:51:00.000,6135.997,6135.997,6129.997,6129.998,0.0073
13.05.2019 13:52:00.000,6131.998,6131.998,6130.997,6131.997,0.0065
13.05.2019 13:53:00.000,6131.998,6132.998,6130.997,6131.998,0.0016
13.05.2019 13:54:00.000,6130.997,6132.998,6128.997,6128.998,0.0058
13.05.2019 13:55:00.000,6128.997,6128.997,6125.997,6125.998,0.0103
13.05.2019 13:56:00.000,6125.997,6129.998,6125.997,6127.997,0.009
13.05.2019 13:57:00.000,6128.997,6131.998,6127.998,6131.998,0.0082
13.05.2019 13:58:00.000,6132.998,6132.998,6131.998,6131.998,0.0029
13.05.2019 13:59:00.000,6131.997,6136.998,6131.997,6135.997,0.0075
13.05.2019 14:00:00.000,6135.998,6135.998,6133.997,6134.998,0.0036
13.05.2019 14:01:00.000,6134.997,6134.997,6130.997,6132.997,0.0029
13.05.2019 14:02:00.000,6132.998,6132.998,6129.997,6129.998,0.0052
13.05.2019 14:03:00.000,6129.997,6131.998,6129.997,6129.998,0.0021
13.05.2019 14:04:00.000,6129.998,6130.998,6127.997,6129.998,0.0041
13.05.2019 14:05:00.000,6129.997,6129.997,6127.997,6128.998,0.003
13.05.2019 14:06:00.000,6127.998,6129.998,6127.997,6128.997,0.0077
13.05.2019 14:07:00.000,6129.998,6132.998,6128.997,6132.998,0.0077
13.05.2019 14:08:00.000,6131.998,6133.998,6131.997,6131.998,0.0093
13.05.2019 14:09:00.000,6131.997,6133.998,6131.997,6133.997,0.0102
13.05.2019 14:10:00.000,6133.998,6135.998,6132.997,6132.997,0.0079
13.05.2019 14:11:00.000,6132.998,6134.998,6130.998,6132.998,0.0062
13.05.2019 14:12:00.000,6132.997,6132.998,6129.998,6130.998,0.0057
13.05.2019 14:13:00.000,6131.998,6134.998,6130.997,6133.998,0.0099
13.05.2019 14:14:00.000,6133.997,6133.998,6130.997,6133.998,0.0058
13.05.2019 14:15:00.000,6133.997,6133.998,6130.997,6130.998,0.0029
13.05.2019 14:16:00.000,6131.997,6132.998,6127.997,6128.998,0.0054
13.05.2019 14:17:00.000,6129.998,6131.998,6129.997,6131.997,0.0144
13.05.2019 14:18:00.000,6131.997,6133.998,6130.997,6132.998,0.0155
13.05.2019 14:19:00.000,6132.997,6132.998,6127.997,6128.997,0.0156
13.05.2019 14:20:00.000,6128.998,6128.998,6126.997,6127.998,0.0067
13.05.2019 14:21:00.000,6127.750,6127.998,6125.997,6127.998,0.0036
13.05.2019 14:22:00.000,6127.997,6128.998,6127.997,6128.998,0.0115
13.05.2019 14:23:00.000,6128.997,6130.998,6127.997,6130.998,0.0158
13.05.2019 14:24:00.000,6131.998,6133.997,6131.997,6132.997,0.0137
13.05.2019 14:25:00.000,6132.998,6133.998,6131.997,6132.998,0.0068
13.05.2019 14:26:00.000,6132.997,6133.998,6131.997,6131.997,0.0073
13.05.2019 14:27:00.000,6131.998,6132.998,6131.997,6132.997,0.0079
13.05.2019 14:28:00.000,6133.997,6136.998,6132.997,6135.998,0.0078
13.05.2019 14:29:00.000,6135.997,6136.998,6134.997,6136.998,0.0118
13.05.2019 14:30:00.000,6136.998,6136.998,6132.997,6133.998,0.0059
13.05.2019 14:31:00.000,6132.997,6134.998,6132.997,6133.998,0.0163
13.05.2019 14:32:00.000,6133.997,6134.998,6132.997,6133.998,0.0092
13.05.2019 14:33:00.000,6134.998,6135.998,6131.997,6135.998,0.012
13.05.2019 14:34:00.000,6135.997,6136.998,6134.997,6136.998,0.0156
13.05.2019 14:35:00.000,6136.997,6139.998,6136.997,6139.997,0.0147
13.05.2019 14:36:00.000,6139.998,6139.998,6137.997,6139.998,0.0083
13.05.2019 14:37:00.000,6139.997,6139.998,6137.997,6138.998,0.0031
13.05.2019 14:38:00.000,6139.997,6142.998,6139.997,6140.998,0.0032
13.05.2019 14:39:00.000,6140.997,6144.998,6140.997,6143.997,0.0068
13.05.2019 14:40:00.000,6143.998,6146.997,6141.997,6143.998,0.0134
13.05.2019 14:41:00.000,6143.997,6146.998,6143.997,6145.997,0.0133
13.05.2019 14:42:00.000,6145.998,6146.998,6144.997,6145.997,0.0097
13.05.2019 14:43:00.000,6145.998,6146.998,6144.997,6144.998,0.0132
13.05.2019 14:44:00.000,6145.998,6146.998,6144.997,6144.998,0.0057
13.05.2019 14:45:00.000,6143.998,6145.998,6142.997,6145.997,0.0164
13.05.2019 14:46:00.000,6145.997,6145.998,6144.997,6144.998,0.0064
13.05.2019 14:47:00.000,6144.997,6147.997,6143.998,6146.997,0.0111
13.05.2019 14:48:00.000,6146.998,6146.998,6143.997,6146.998,0.0183
13.05.2019 14:49:00.000,6146.998,6150.998,6146.997,6149.998,0.0189
13.05.2019 14:50:00.000,6149.750,6151.998,6147.997,6151.998,0.0096
13.05.2019 14:51:00.000,6152.997,6152.998,6149.997,6150.998,0.01
13.05.2019 14:52:00.000,6149.998,6152.998,6149.997,6152.997,0.0091
13.05.2019 14:53:00.000,6152.998,6153.998,6151.997,6153.998,0.0029
13.05.2019 14:54:00.000,6153.998,6156.998,6153.998,6155.997,0.0119
13.05.2019 14:55:00.000,6155.998,6156.998,6154.997,6154.998,0.0055
13.05.2019 14:56:00.000,6154.997,6156.998,6154.997,6154.998,0.0063
13.05.2019 14:57:00.000,6154.997,6154.998,6151.997,6152.997,0.0057
13.05.2019 14:58:00.000,6152.998,6152.998,6151.997,6152.998,0.0042
13.05.2019 14:59:00.000,6153.998,6154.998,6152.998,6154.998,0.0029
13.05.2019 15:00:00.000,6154.998,6158.998,6154.998,6157.998,0.0075
13.05.2019 15:01:00.000,6156.998,6158.998,6155.997,6156.998,0.0135
13.05.2019 15:02:00.000,6157.998,6157.998,6155.997,6155.998,0.0049
13.05.2019 15:03:00.000,6155.997,6158.998,6155.997,6157.998,0.0099
13.05.2019 15:04:00.000,6157.997,6157.997,6153.997,6154.997,0.004
13.05.2019 15:05:00.000,6154.998,6158.998,6154.997,6157.997,0.0074
13.05.2019 15:06:00.000,6158.997,6162.998,6158.997,6161.998,0.0122
13.05.2019 15:07:00.000,6162.997,6164.998,6162.997,6162.998,0.011
13.05.2019 15:08:00.000,6162.997,6164.998,6162.997,6164.998,0.006
13.05.2019 15:09:00.000,6164.997,6167.998,6164.997,6166.998,0.0099
13.05.2019 15:10:00.000,6166.998,6166.998,6163.997,6164.998,0.0125
13.05.2019 15:11:00.000,6164.998,6167.998,6164.998,6166.997,0.0074
13.05.2019 15:12:00.000,6166.998,6169.998,6165.998,6168.998,0.0072
13.05.2019 15:13:00.000,6169.997,6169.998,6167.997,6168.998,0.0103
13.05.2019 15:14:00.000,6168.997,6169.998,6165.997,6165.997,0.007
13.05.2019 15:15:00.000,6165.998,6168.998,6165.997,6168.998,0.0136
13.05.2019 15:16:00.000,6169.998,6170.998,6168.997,6169.997,0.0189
13.05.2019 15:17:00.000,6169.998,6172.998,6167.998,6168.998,0.014
13.05.2019 15:18:00.000,6168.997,6171.998,6168.997,6171.998,0.0157
13.05.2019 15:19:00.000,6171.997,6172.998,6168.997,6168.998,0.0098
13.05.2019 15:20:00.000,6168.997,6168.997,6164.998,6165.998,0.0166
13.05.2019 15:21:00.000,6166.998,6169.998,6166.997,6169.998,0.0075
13.05.2019 15:22:00.000,6169.997,6169.998,6166.997,6169.998,0.0181
13.05.2019 15:23:00.000,6168.997,6171.998,6168.997,6170.997,0.0151
13.05.2019 15:24:00.000,6170.998,6173.998,6170.997,6171.998,0.0105
13.05.2019 15:25:00.000,6172.998,6175.997,6172.997,6174.998,0.0194
13.05.2019 15:26:00.000,6174.997,6176.997,6173.997,6175.998,0.0125
13.05.2019 15:27:00.000,6174.998,6174.998,6170.997,6171.998,0.0143
13.05.2019 15:28:00.000,6171.997,6171.998,6167.998,6167.998,0.0086
13.05.2019 15:29:00.000,6169.998,6170.998,6167.997,6170.997,0.0169
14.05.2019 07:00:00.000,6161.998,6161.998,6161.997,6161.998,0.0014
14.05.2019 07:01:00.000,6161.998,6162.998,6146.997,6147.997,0.0058
14.05.2019 07:03:00.000,6149.998,6152.997,6138.998,6141.998,0.0071
14.05.2019 07:04:00.000,6144.998,6154.998,6144.998,6151.998,0.0036
14.05.2019 07:05:00.000,6151.998,6156.998,6147.997,6156.998,0.0039
14.05.2019 07:06:00.000,6156.998,6159.998,6155.998,6158.998,0.002
14.05.2019 07:07:00.000,6158.997,6158.998,6153.997,6154.998,0.0069
14.05.2019 07:08:00.000,6153.997,6154.998,6144.997,6144.998,0.0056
14.05.2019 07:09:00.000,6145.997,6154.998,6145.997,6153.998,0.0047
14.05.2019 07:10:00.000,6150.998,6150.998,6148.997,6148.998,0.0012
14.05.2019 07:11:00.000,6148.750,6155.998,6144.998,6155.997,0.0065
14.05.2019 07:12:00.000,6156.998,6157.998,6152.998,6155.998,0.0074
14.05.2019 07:13:00.000,6155.998,6160.998,6154.998,6158.997,0.0052
14.05.2019 07:14:00.000,6159.998,6160.998,6154.997,6156.997,0.0088
14.05.2019 07:15:00.000,6156.998,6162.998,6156.998,6162.998,0.0067
14.05.2019 07:16:00.000,6162.997,6163.998,6158.998,6163.997,0.0089
14.05.2019 07:17:00.000,6163.998,6171.998,6163.997,6169.998,0.0108
14.05.2019 07:18:00.000,6166.997,6169.998,6164.997,6167.998,0.0034
14.05.2019 07:19:00.000,6168.998,6182.998,6168.997,6179.997,0.004
14.05.2019 07:20:00.000,6177.998,6182.998,6177.997,6181.998,0.0057
14.05.2019 07:21:00.000,6181.998,6184.998,6178.997,6179.997,0.0065
14.05.2019 07:22:00.000,6180.998,6184.998,6180.997,6182.998,0.0031
14.05.2019 07:23:00.000,6182.998,6184.998,6176.997,6178.997,0.0041
14.05.2019 07:24:00.000,6178.998,6180.998,6173.997,6173.998,0.0037
14.05.2019 07:25:00.000,6174.997,6178.998,6173.998,6178.997,0.0036
14.05.2019 07:26:00.000,6179.998,6182.998,6178.997,6182.998,0.0083
14.05.2019 07:27:00.000,6182.997,6183.998,6175.998,6176.997,0.0059
14.05.2019 07:28:00.000,6176.998,6179.998,6176.997,6177.998,0.0034
14.05.2019 07:29:00.000,6179.750,6179.997,6177.997,6177.998,0.0027
14.05.2019 07:30:00.000,6177.997,6182.998,6176.997,6178.998,0.01
14.05.2019 07:31:00.000,6177.998,6179.998,6175.997,6177.997,0.0112
14.05.2019 07:32:00.000,6177.998,6178.998,6169.998,6171.997,0.007
14.05.2019 07:33:00.000,6171.997,6180.998,6168.997,6179.998,0.0077
14.05.2019 07:34:00.000,6180.998,6182.998,6177.998,6177.998,0.0065
14.05.2019 07:35:00.000,6178.998,6183.750,6177.997,6181.997,0.0063
14.05.2019 07:36:00.000,6182.997,6182.998,6180.997,6180.997,0.0048
14.05.2019 07:37:00.000,6180.998,6183.998,6179.998,6180.998,0.008
14.05.2019 07:38:00.000,6179.998,6179.998,6177.997,6179.998,0.0027
14.05.2019 07:39:00.000,6179.997,6181.998,6176.997,6176.997,0.0084
14.05.2019 07:40:00.000,6174.998,6174.998,6165.997,6165.997,0.0075
14.05.2019 07:41:00.000,6165.998,6168.998,6163.997,6165.998,0.0072
14.05.2019 07:42:00.000,6165.997,6173.998,6165.997,6173.997,0.0096
14.05.2019 07:43:00.000,6173.997,6174.998,6169.998,6170.998,0.0055
14.05.2019 07:44:00.000,6171.998,6172.998,6169.998,6171.998,0.0038
14.05.2019 07:45:00.000,6171.997,6177.998,6171.997,6177.997,0.0078
14.05.2019 07:46:00.000,6178.998,6182.998,6176.998,6178.998,0.0109
14.05.2019 07:47:00.000,6177.998,6178.998,6175.998,6177.997,0.0046
14.05.2019 07:48:00.000,6177.998,6181.998,6173.997,6175.997,0.0097
14.05.2019 07:49:00.000,6175.997,6175.998,6173.998,6175.997,0.0068
14.05.2019 07:50:00.000,6175.998,6182.998,6175.998,6182.997,0.01
14.05.2019 07:51:00.000,6182.998,6186.998,6182.997,6185.998,0.0065
14.05.2019 07:52:00.000,6185.998,6185.998,6184.997,6185.998,0.0046
14.05.2019 07:53:00.000,6185.998,6190.998,6185.998,6190.997,0.0088
14.05.2019 07:54:00.000,6190.998,6190.998,6183.998,6185.998,0.0101
14.05.2019 07:55:00.000,6185.998,6185.998,6185.997,6185.997,0.0105
14.05.2019 07:56:00.000,6185.998,6189.998,6185.998,6189.998,0.0038
14.05.2019 07:57:00.000,6189.997,6193.998,6189.997,6193.998,0.0132
14.05.2019 07:58:00.000,6193.998,6195.998,6193.998,6195.998,0.0101
14.05.2019 07:59:00.000,6195.997,6196.998,6194.998,6195.998,0.0081
14.05.2019 08:00:00.000,6196.997,6197.998,6192.997,6194.998,0.0145
14.05.2019 08:01:00.000,6194.997,6194.998,6192.997,6192.997,0.0062
14.05.2019 08:02:00.000,6192.998,6193.998,6190.998,6191.998,0.0092
14.05.2019 08:03:00.000,6190.998,6193.998,6190.997,6192.998,0.0156
14.05.2019 08:04:00.000,6191.997,6192.998,6188.998,6189.998,0.007
14.05.2019 08:05:00.000,6189.997,6190.998,6183.997,6186.997,0.0051
14.05.2019 08:06:00.000,6186.998,6195.998,6186.997,6193.997,0.015
14.05.2019 08:07:00.000,6194.998,6197.998,6191.997,6191.998,0.0089
14.05.2019 08:08:00.000,6192.998,6193.998,6189.998,6191.998,0.0049
14.05.2019 08:09:00.000,6191.998,6195.998,6191.998,6195.998,0.0022
14.05.2019 08:10:00.000,6195.997,6197.998,6195.997,6197.997,0.0033
14.05.2019 08:11:00.000,6198.998,6199.998,6193.998,6193.998,0.006
14.05.2019 08:12:00.000,6193.998,6193.998,6191.997,6191.998,0.0049
14.05.2019 08:13:00.000,6189.998,6189.998,6185.998,6186.998,0.0041
14.05.2019 08:14:00.000,6187.997,6188.998,6183.997,6186.998,0.0057
14.05.2019 08:15:00.000,6186.998,6188.998,6186.997,6188.997,0.0049
14.05.2019 08:16:00.000,6188.998,6188.998,6182.997,6182.997,0.007
14.05.2019 08:17:00.000,6183.998,6186.998,6183.997,6184.998,0.0019
14.05.2019 08:18:00.000,6183.998,6186.998,6183.998,6186.998,0.0033
14.05.2019 08:19:00.000,6186.998,6186.998,6184.997,6184.998,0.0059
14.05.2019 08:20:00.000,6185.997,6186.998,6181.997,6185.997,0.0105
14.05.2019 08:21:00.000,6185.997,6185.997,6178.998,6183.998,0.0102
14.05.2019 08:22:00.000,6184.998,6184.998,6181.997,6183.998,0.0033
14.05.2019 08:23:00.000,6183.998,6186.998,6183.998,6186.997,0.0048
14.05.2019 08:24:00.000,6186.998,6189.998,6185.997,6189.998,0.0035
14.05.2019 08:25:00.000,6189.997,6192.998,6189.997,6191.998,0.0063
14.05.2019 08:26:00.000,6192.998,6192.998,6192.997,6192.998,0.0064
14.05.2019 08:27:00.000,6192.997,6193.998,6192.997,6192.997,0.0088
14.05.2019 08:28:00.000,6192.998,6193.998,6190.998,6193.997,0.0048
14.05.2019 08:29:00.000,6193.998,6193.998,6186.997,6188.998,0.0027
14.05.2019 08:30:00.000,6188.997,6191.998,6188.997,6190.998,0.0028
14.05.2019 08:31:00.000,6191.998,6192.998,6189.997,6189.997,0.0027
14.05.2019 08:32:00.000,6189.998,6193.998,6189.998,6192.998,0.0097
14.05.2019 08:33:00.000,6193.998,6193.998,6189.997,6190.997,0.0034
14.05.2019 08:34:00.000,6190.998,6190.998,6188.997,6188.998,0.0059
14.05.2019 08:35:00.000,6189.997,6189.998,6185.997,6185.998,0.0048
14.05.2019 08:36:00.000,6185.998,6187.998,6183.997,6186.998,0.0035
14.05.2019 08:37:00.000,6186.997,6186.998,6184.997,6185.998,0.0086
14.05.2019 08:38:00.000,6186.998,6188.998,6186.997,6188.998,0.0065
14.05.2019 08:39:00.000,6188.997,6191.998,6188.997,6190.998,0.0052
14.05.2019 08:40:00.000,6191.998,6191.998,6188.997,6189.998,0.0103
14.05.2019 08:41:00.000,6189.997,6189.998,6188.997,6188.998,0.0055
14.05.2019 08:42:00.000,6187.998,6187.998,6186.997,6187.998,0.0053
14.05.2019 08:43:00.000,6187.997,6190.998,6185.997,6186.998,0.0087
14.05.2019 08:44:00.000,6186.998,6186.998,6183.998,6184.998,0.0059
14.05.2019 08:45:00.000,6184.998,6186.998,6181.997,6181.998,0.0122
14.05.2019 08:46:00.000,6181.998,6181.998,6179.997,6181.997,0.0029
14.05.2019 08:47:00.000,6181.998,6181.998,6180.997,6180.998,0.0071
14.05.2019 08:48:00.000,6180.998,6181.998,6180.997,6181.998,0.0071
14.05.2019 08:49:00.000,6182.997,6182.998,6166.998,6167.998,0.0153
14.05.2019 08:50:00.000,6168.997,6175.997,6168.997,6173.998,0.0047
14.05.2019 08:51:00.000,6173.997,6174.998,6170.997,6170.997,0.0085
14.05.2019 08:52:00.000,6170.998,6173.998,6169.997,6172.998,0.0066
14.05.2019 08:53:00.000,6172.997,6173.998,6171.997,6172.998,0.0056
14.05.2019 08:54:00.000,6172.997,6172.998,6171.998,6171.998,0.0026
14.05.2019 08:55:00.000,6172.998,6173.998,6171.998,6172.998,0.0028
14.05.2019 08:56:00.000,6172.998,6172.998,6169.997,6169.998,0.0032
14.05.2019 08:57:00.000,6170.998,6171.998,6170.997,6170.998,0.0036
14.05.2019 08:58:00.000,6170.997,6170.997,6165.998,6165.998,0.0054
14.05.2019 08:59:00.000,6165.997,6165.998,6165.997,6165.998,0.0019
14.05.2019 09:00:00.000,6164.998,6164.998,6159.997,6163.997,0.0034
14.05.2019 09:01:00.000,6163.998,6166.998,6163.998,6166.998,0.0052
14.05.2019 09:02:00.000,6165.998,6167.998,6165.997,6167.998,0.0017
14.05.2019 09:03:00.000,6168.997,6170.998,6166.997,6170.998,0.0143
14.05.2019 09:04:00.000,6170.997,6171.998,6170.997,6171.998,0.0097
14.05.2019 09:05:00.000,6171.998,6173.998,6167.997,6173.998,0.007
14.05.2019 09:06:00.000,6173.997,6173.998,6169.998,6171.998,0.0042
14.05.2019 09:07:00.000,6171.997,6174.998,6171.997,6172.998,0.0032
14.05.2019 09:08:00.000,6172.998,6173.998,6172.997,6173.998,0.0035
14.05.2019 09:09:00.000,6173.997,6173.998,6173.997,6173.998,0.0093
14.05.2019 09:10:00.000,6173.997,6177.998,6173.997,6177.998,0.0052
14.05.2019 09:11:00.000,6177.997,6178.998,6176.998,6177.998,0.0025
14.05.2019 09:12:00.000,6178.998,6180.998,6177.997,6180.997,0.0066
14.05.2019 09:13:00.000,6180.998,6181.998,6178.997,6179.997,0.012
14.05.2019 09:14:00.000,6181.998,6184.998,6181.997,6184.998,0.0094
14.05.2019 09:15:00.000,6184.997,6185.998,6181.997,6183.998,0.007
14.05.2019 09:16:00.000,6183.997,6188.998,6183.997,6187.997,0.0057
14.05.2019 09:17:00.000,6187.998,6187.998,6181.997,6181.998,0.004
14.05.2019 09:18:00.000,6181.997,6182.998,6176.997,6177.998,0.0045
14.05.2019 09:19:00.000,6177.500,6177.998,6174.997,6177.998,0.0054
14.05.2019 09:20:00.000,6177.997,6177.998,6174.997,6174.997,0.0042
14.05.2019 09:21:00.000,6174.998,6177.998,6173.997,6177.997,0.0057
14.05.2019 09:22:00.000,6177.998,6182.998,6177.997,6181.998,0.009
14.05.2019 09:23:00.000,6181.997,6183.998,6175.997,6176.998,0.0111
14.05.2019 09:24:00.000,6177.998,6178.998,6173.997,6176.997,0.0061
14.05.2019 09:25:00.000,6176.998,6178.998,6176.997,6177.998,0.0097
14.05.2019 09:26:00.000,6177.997,6177.998,6177.997,6177.997,0.0043
14.05.2019 09:27:00.000,6178.998,6179.998,6177.997,6179.998,0.0028
14.05.2019 09:28:00.000,6179.997,6179.998,6175.997,6176.998,0.0046
14.05.2019 09:29:00.000,6177.997,6177.998,6176.998,6177.998,0.003
14.05.2019 09:30:00.000,6175.998,6177.998,6175.998,6177.997,0.0094
14.05.2019 09:31:00.000,6176.997,6178.998,6176.997,6178.998,0.0082
14.05.2019 09:32:00.000,6178.997,6182.998,6178.997,6182.998,0.0113
14.05.2019 09:33:00.000,6182.997,6183.998,6182.997,6183.998,0.0139
14.05.2019 09:34:00.000,6183.997,6184.998,6178.998,6182.998,0.0071
14.05.2019 09:35:00.000,6182.997,6184.998,6182.997,6183.998,0.0041
14.05.2019 09:36:00.000,6183.997,6184.997,6183.997,6183.998,0.0074
14.05.2019 09:37:00.000,6184.998,6186.998,6184.997,6186.998,0.009
14.05.2019 09:38:00.000,6186.997,6186.997,6182.997,6183.998,0.0094
14.05.2019 09:39:00.000,6184.998,6186.998,6183.997,6186.997,0.0051
14.05.2019 09:40:00.000,6186.998,6188.998,6186.998,6188.998,0.0045
14.05.2019 09:41:00.000,6188.997,6189.998,6185.997,6187.997,0.006
14.05.2019 09:42:00.000,6187.998,6189.998,6187.997,6189.998,0.0046
14.05.2019 09:43:00.000,6190.997,6193.998,6189.997,6189.998,0.0088
14.05.2019 09:44:00.000,6190.998,6191.998,6189.997,6191.997,0.0017
14.05.2019 09:45:00.000,6190.998,6191.998,6189.997,6190.997,0.0038
14.05.2019 09:46:00.000,6190.998,6190.998,6189.997,6189.998,0.006
14.05.2019 09:47:00.000,6189.998,6190.998,6189.997,6189.998,0.0061
14.05.2019 09:48:00.000,6189.997,6191.998,6189.997,6191.998,0.0076
14.05.2019 09:49:00.000,6191.997,6191.998,6187.997,6188.998,0.0053
14.05.2019 09:50:00.000,6188.998,6190.998,6188.997,6189.998,0.0041
14.05.2019 09:51:00.000,6189.998,6189.998,6187.997,6188.997,0.0041
14.05.2019 09:52:00.000,6188.997,6188.998,6186.998,6188.998,0.0031
14.05.2019 09:53:00.000,6189.998,6189.998,6184.997,6185.997,0.0058
14.05.2019 09:54:00.000,6185.998,6185.998,6180.997,6180.998,0.0042
14.05.2019 09:55:00.000,6181.997,6181.998,6179.997,6179.998,0.0031
14.05.2019 09:56:00.000,6179.997,6180.998,6176.998,6176.998,0.0026
14.05.2019 09:57:00.000,6177.998,6177.998,6176.997,6177.997,0.004
14.05.2019 09:58:00.000,6178.998,6181.998,6178.997,6178.998,0.0033
14.05.2019 09:59:00.000,6180.998,6181.998,6180.997,6181.998,0.0046
14.05.2019 10:00:00.000,6181.997,6183.998,6180.997,6180.998,0.0025
14.05.2019 10:01:00.000,6180.997,6180.998,6180.997,6180.997,0.0011
14.05.2019 10:02:00.000,6180.998,6181.998,6178.998,6181.998,0.0035
14.05.2019 10:03:00.000,6182.998,6182.998,6182.998,6182.998,0.0003
14.05.2019 10:04:00.000,6182.997,6182.998,6182.997,6182.998,0.0034
14.05.2019 10:05:00.000,6183.998,6183.998,6183.997,6183.997,0.0041
14.05.2019 10:06:00.000,6185.998,6188.998,6184.997,6188.997,0.0101
14.05.2019 10:07:00.000,6189.997,6190.998,6188.998,6190.998,0.004
14.05.2019 10:08:00.000,6190.998,6192.998,6190.998,6192.998,0.0038
14.05.2019 10:09:00.000,6190.998,6190.998,6187.997,6190.998,0.0089
14.05.2019 10:10:00.000,6190.997,6191.998,6186.998,6188.997,0.0143
14.05.2019 10:11:00.000,6188.998,6189.998,6188.998,6189.998,0.0016
14.05.2019 10:12:00.000,6187.998,6187.998,6184.998,6186.997,0.0034
14.05.2019 10:13:00.000,6186.998,6186.998,6186.998,6186.998,0.0004
14.05.2019 10:14:00.000,6186.997,6188.998,6186.997,6188.998,0.0041
14.05.2019 10:16:00.000,6188.997,6188.998,6184.997,6187.997,0.0052
14.05.2019 10:17:00.000,6187.998,6188.998,6186.997,6188.997,0.0063
14.05.2019 10:18:00.000,6189.997,6189.998,6188.997,6188.997,0.0067
14.05.2019 10:19:00.000,6188.750,6188.750,6183.998,6183.998,0.0052
14.05.2019 10:20:00.000,6185.750,6185.998,6184.997,6185.998,0.0048
14.05.2019 10:21:00.000,6186.997,6186.998,6184.997,6186.998,0.0042
14.05.2019 10:22:00.000,6187.998,6187.998,6186.997,6187.998,0.0016
14.05.2019 10:23:00.000,6187.997,6187.998,6185.997,6186.998,0.0022
14.05.2019 10:24:00.000,6187.998,6187.998,6186.997,6186.998,0.0022
14.05.2019 10:25:00.000,6186.997,6186.997,6182.998,6182.998,0.002
14.05.2019 10:26:00.000,6182.998,6183.998,6181.997,6181.998,0.0007
14.05.2019 10:27:00.000,6181.997,6182.998,6181.997,6182.998,0.0017
14.05.2019 10:28:00.000,6182.997,6183.998,6182.997,6183.997,0.0095
14.05.2019 10:29:00.000,6183.998,6183.998,6183.997,6183.998,0.0046
14.05.2019 10:30:00.000,6183.997,6184.998,6181.998,6182.997,0.0075
14.05.2019 10:31:00.000,6182.998,6183.998,6182.997,6183.998,0.0022
14.05.2019 10:32:00.000,6183.997,6184.998,6183.997,6184.997,0.0065
14.05.2019 10:33:00.000,6184.998,6186.998,6184.998,6184.998,0.0124
14.05.2019 10:34:00.000,6184.997,6184.998,6181.997,6181.997,0.0029
14.05.2019 10:35:00.000,6181.998,6181.998,6178.997,6178.997,0.0066
14.05.2019 10:36:00.000,6178.998,6180.998,6178.998,6180.997,0.0044
14.05.2019 10:37:00.000,6180.998,6181.998,6180.998,6181.998,0.0002
14.05.2019 10:38:00.000,6181.997,6181.997,6176.997,6179.997,0.0084
14.05.2019 10:39:00.000,6179.998,6180.998,6179.997,6180.997,0.0044
14.05.2019 10:40:00.000,6180.998,6182.998,6180.998,6181.997,0.0047
14.05.2019 10:41:00.000,6181.998,6182.998,6181.998,6181.998,0.0056
14.05.2019 10:42:00.000,6181.997,6181.997,6179.997,6179.998,0.0046
14.05.2019 10:43:00.000,6180.997,6180.998,6177.997,6177.998,0.0032
14.05.2019 10:44:00.000,6177.998,6179.998,6177.998,6178.998,0.0017
14.05.2019 10:45:00.000,6178.997,6180.998,6178.997,6180.998,0.0023
14.05.2019 10:46:00.000,6181.998,6181.998,6180.997,6181.997,0.0042
14.05.2019 10:47:00.000,6181.997,6181.998,6180.997,6181.998,0.0038
14.05.2019 10:48:00.000,6181.998,6182.998,6181.997,6182.997,0.005
14.05.2019 10:49:00.000,6182.998,6182.998,6182.997,6182.997,0.0021
14.05.2019 10:50:00.000,6182.998,6183.998,6172.997,6173.998,0.0099
14.05.2019 10:51:00.000,6174.997,6178.998,6174.997,6176.997,0.0026
14.05.2019 10:52:00.000,6177.997,6177.998,6176.997,6176.998,0.004
14.05.2019 10:53:00.000,6176.997,6177.998,6175.997,6176.998,0.0044
14.05.2019 10:54:00.000,6176.997,6177.998,6176.997,6177.998,0.0028
14.05.2019 10:55:00.000,6177.997,6179.998,6177.997,6178.998,0.0045
14.05.2019 10:56:00.000,6177.998,6177.998,6177.997,6177.998,0.0051
14.05.2019 10:57:00.000,6177.997,6177.998,6174.997,6174.997,0.004
14.05.2019 10:58:00.000,6174.998,6174.998,6172.997,6172.997,0.0022
14.05.2019 10:59:00.000,6172.997,6173.998,6169.998,6170.998,0.0021
14.05.2019 11:00:00.000,6168.997,6168.997,6168.997,6168.997,0.0003
14.05.2019 11:02:00.000,6167.997,6168.998,6162.997,6163.998,0.0024
14.05.2019 11:03:00.000,6163.997,6164.998,6159.997,6161.998,0.0023
14.05.2019 11:04:00.000,6161.997,6162.998,6158.997,6158.998,0.005
14.05.2019 11:05:00.000,6158.997,6158.998,6156.997,6158.998,0.0012
14.05.2019 11:06:00.000,6158.998,6159.998,6155.998,6156.997,0.0037
14.05.2019 11:07:00.000,6156.998,6160.997,6156.998,6159.997,0.0052
14.05.2019 11:08:00.000,6159.997,6160.998,6157.997,6160.998,0.0013
14.05.2019 11:09:00.000,6160.997,6162.998,6160.997,6162.998,0.0049
14.05.2019 11:10:00.000,6162.997,6164.998,6162.997,6164.998,0.005
14.05.2019 11:11:00.000,6164.997,6164.997,6161.997,6163.998,0.0051
14.05.2019 11:12:00.000,6163.997,6164.998,6160.998,6162.998,0.0055
14.05.2019 11:13:00.000,6162.997,6165.998,6162.997,6165.998,0.0016
14.05.2019 11:14:00.000,6166.997,6167.998,6166.997,6167.997,0.0027
14.05.2019 11:15:00.000,6167.998,6169.998,6167.998,6169.998,0.0027
14.05.2019 11:16:00.000,6170.998,6172.998,6169.997,6171.998,0.0078
14.05.2019 11:17:00.000,6172.998,6176.998,6172.997,6174.997,0.0044
14.05.2019 11:18:00.000,6174.998,6176.998,6173.997,6174.997,0.0036
14.05.2019 11:19:00.000,6174.997,6174.998,6173.997,6174.998,0.0018
14.05.2019 11:20:00.000,6175.997,6175.998,6174.998,6175.998,0.003
14.05.2019 11:21:00.000,6175.997,6175.997,6172.997,6172.998,0.0023
14.05.2019 11:22:00.000,6172.997,6174.998,6172.997,6174.998,0.0033
14.05.2019 11:23:00.000,6174.997,6176.998,6174.997,6175.998,0.0065
14.05.2019 11:24:00.000,6175.998,6176.998,6175.997,6176.997,0.0041
14.05.2019 11:25:00.000,6177.998,6177.998,6176.998,6177.997,0.0027
14.05.2019 11:26:00.000,6177.998,6177.998,6173.997,6173.997,0.0047
14.05.2019 11:27:00.000,6173.998,6177.998,6173.997,6176.997,0.0049
14.05.2019 11:28:00.000,6177.998,6178.998,6177.997,6178.998,0.0027
14.05.2019 11:29:00.000,6178.997,6178.997,6177.997,6177.998,0.006
14.05.2019 11:30:00.000,6177.997,6177.998,6173.997,6174.998,0.0059
14.05.2019 11:31:00.000,6174.998,6174.998,6172.997,6173.998,0.0045
14.05.2019 11:32:00.000,6174.997,6174.998,6172.997,6172.998,0.0036
14.05.2019 11:33:00.000,6170.998,6171.998,6168.997,6171.998,0.0042
14.05.2019 11:34:00.000,6171.998,6173.998,6171.998,6173.998,0.006
14.05.2019 11:35:00.000,6173.998,6173.998,6168.997,6168.998,0.002
14.05.2019 11:36:00.000,6168.998,6168.998,6166.998,6168.997,0.0012
14.05.2019 11:37:00.000,6168.998,6168.998,6168.997,6168.998,0.0014
14.05.2019 11:38:00.000,6168.997,6168.998,6164.998,6164.998,0.0024
14.05.2019 11:39:00.000,6163.997,6163.998,6161.997,6163.998,0.0022
14.05.2019 11:40:00.000,6163.997,6166.998,6163.997,6166.998,0.0024
14.05.2019 11:41:00.000,6166.997,6170.998,6166.997,6170.998,0.0039
14.05.2019 11:42:00.000,6171.998,6175.998,6171.998,6175.998,0.0047
14.05.2019 11:43:00.000,6175.997,6175.998,6174.997,6174.997,0.0015
14.05.2019 11:44:00.000,6173.998,6174.998,6173.997,6174.997,0.0047
14.05.2019 11:45:00.000,6175.998,6175.998,6173.997,6174.997,0.0026
14.05.2019 11:46:00.000,6174.998,6175.998,6174.998,6175.997,0.003
14.05.2019 11:47:00.000,6175.998,6175.998,6171.998,6173.997,0.0054
14.05.2019 11:48:00.000,6173.998,6175.998,6171.997,6173.997,0.0047
14.05.2019 11:49:00.000,6174.997,6175.998,6174.997,6174.997,0.0013
14.05.2019 11:50:00.000,6174.997,6176.998,6173.998,6176.998,0.0021
14.05.2019 11:51:00.000,6177.998,6178.998,6177.997,6178.998,0.002
14.05.2019 11:52:00.000,6178.997,6179.998,6178.997,6179.998,0.0025
14.05.2019 11:53:00.000,6179.998,6180.998,6176.997,6176.998,0.0068
14.05.2019 11:54:00.000,6177.998,6178.998,6176.998,6177.997,0.0074
14.05.2019 11:55:00.000,6177.998,6178.998,6177.997,6177.998,0.007
14.05.2019 11:56:00.000,6177.998,6179.998,6177.998,6179.997,0.0052
14.05.2019 11:57:00.000,6179.998,6181.998,6178.997,6180.998,0.0077
14.05.2019 11:58:00.000,6180.997,6180.997,6175.997,6177.998,0.0063
14.05.2019 11:59:00.000,6177.997,6177.998,6174.998,6175.998,0.0042
14.05.2019 12:00:00.000,6175.997,6175.998,6171.997,6171.998,0.0132
14.05.2019 12:01:00.000,6169.998,6169.998,6167.998,6167.998,0.0055
14.05.2019 12:02:00.000,6167.998,6169.998,6166.997,6169.998,0.0062
14.05.2019 12:03:00.000,6168.998,6179.750,6166.997,6177.997,0.0062
14.05.2019 12:04:00.000,6177.998,6177.998,6171.997,6172.998,0.0059
14.05.2019 12:05:00.000,6173.998,6174.998,6172.998,6173.998,0.0029
14.05.2019 12:06:00.000,6173.998,6177.997,6173.998,6174.998,0.0057
14.05.2019 12:07:00.000,6175.997,6176.998,6175.997,6175.998,0.0045
14.05.2019 12:08:00.000,6175.997,6175.998,6172.997,6174.997,0.005
14.05.2019 12:09:00.000,6174.998,6176.998,6174.997,6175.997,0.0082
14.05.2019 12:10:00.000,6175.998,6175.998,6172.997,6174.998,0.0041
14.05.2019 12:11:00.000,6174.997,6174.998,6169.997,6170.997,0.0056
14.05.2019 12:12:00.000,6170.998,6170.998,6170.997,6170.997,0.0011
14.05.2019 12:13:00.000,6170.997,6171.998,6169.997,6170.998,0.0009
14.05.2019 12:14:00.000,6171.998,6172.998,6171.997,6172.998,0.0012
14.05.2019 12:15:00.000,6172.997,6175.998,6172.997,6175.998,0.01
14.05.2019 12:16:00.000,6175.997,6177.998,6171.998,6174.998,0.02
14.05.2019 12:17:00.000,6174.998,6177.998,6173.997,6173.997,0.0157
14.05.2019 12:18:00.000,6173.998,6176.998,6173.997,6176.997,0.0106
14.05.2019 12:19:00.000,6175.998,6176.998,6174.997,6174.998,0.0162
14.05.2019 12:20:00.000,6174.997,6174.998,6170.997,6170.998,0.0054
14.05.2019 12:21:00.000,6170.997,6170.998,6168.997,6169.997,0.0044
14.05.2019 12:22:00.000,6169.998,6171.998,6168.997,6170.998,0.006
14.05.2019 12:23:00.000,6171.998,6171.998,6169.998,6170.998,0.0021
14.05.2019 12:24:00.000,6171.997,6171.998,6166.998,6168.998,0.0067
14.05.2019 12:25:00.000,6168.998,6169.998,6165.997,6165.998,0.0079
14.05.2019 12:26:00.000,6165.997,6167.997,6165.997,6167.997,0.006
14.05.2019 12:27:00.000,6167.998,6167.998,6166.997,6167.998,0.0044
14.05.2019 12:28:00.000,6167.997,6167.998,6165.997,6166.998,0.0024
14.05.2019 12:29:00.000,6167.997,6169.998,6167.997,6168.997,0.0129
14.05.2019 12:30:00.000,6168.998,6168.998,6166.997,6168.998,0.0026
14.05.2019 12:31:00.000,6168.997,6168.998,6164.997,6166.998,0.0044
14.05.2019 12:32:00.000,6166.997,6167.998,6166.997,6167.997,0.0046
14.05.2019 12:33:00.000,6167.998,6167.998,6165.997,6166.998,0.0038
14.05.2019 12:34:00.000,6166.997,6168.998,6166.997,6168.998,0.0074
14.05.2019 12:35:00.000,6168.997,6168.998,6166.997,6168.998,0.0059
14.05.2019 12:36:00.000,6168.997,6170.997,6168.997,6169.998,0.0039
14.05.2019 12:37:00.000,6169.997,6171.998,6169.997,6170.998,0.0088
14.05.2019 12:38:00.000,6171.998,6172.998,6171.997,6172.998,0.0016
14.05.2019 12:39:00.000,6173.998,6173.998,6170.997,6172.998,0.0179
14.05.2019 12:40:00.000,6172.997,6173.998,6170.998,6172.997,0.0051
14.05.2019 12:41:00.000,6172.998,6172.998,6170.997,6171.998,0.0075
14.05.2019 12:42:00.000,6171.997,6171.998,6169.997,6169.998,0.0023
14.05.2019 12:43:00.000,6169.997,6170.998,6169.997,6169.998,0.0074
14.05.2019 12:44:00.000,6167.998,6171.998,6167.998,6171.997,0.0052
14.05.2019 12:45:00.000,6171.998,6173.998,6171.998,6172.998,0.003
14.05.2019 12:46:00.000,6172.997,6173.998,6170.998,6173.997,0.0059
14.05.2019 12:47:00.000,6173.998,6174.998,6171.998,6172.998,0.005
14.05.2019 12:48:00.000,6173.998,6175.998,6171.998,6171.998,0.0052
14.05.2019 12:49:00.000,6171.998,6172.998,6171.997,6172.997,0.0077
14.05.2019 12:50:00.000,6173.997,6174.998,6171.998,6173.998,0.0081
14.05.2019 12:51:00.000,6173.997,6173.998,6172.997,6172.998,0.0073
14.05.2019 12:52:00.000,6172.997,6173.998,6172.997,6173.998,0.0141
14.05.2019 12:53:00.000,6173.997,6174.998,6169.997,6171.997,0.0206
14.05.2019 12:54:00.000,6171.998,6172.998,6171.997,6172.998,0.0066
14.05.2019 12:55:00.000,6173.998,6177.997,6173.998,6177.997,0.0079
14.05.2019 12:56:00.000,6177.998,6178.998,6177.998,6178.997,0.0085
14.05.2019 12:57:00.000,6178.998,6178.998,6173.997,6175.998,0.0099
14.05.2019 12:58:00.000,6176.997,6177.998,6171.998,6171.998,0.0028
14.05.2019 12:59:00.000,6171.998,6173.998,6171.997,6171.997,0.0048
14.05.2019 13:00:00.000,6171.998,6174.998,6171.998,6173.998,0.004
14.05.2019 13:01:00.000,6171.998,6173.998,6171.997,6173.998,0.0013
14.05.2019 13:02:00.000,6171.998,6171.998,6169.998,6169.998,0.0055
14.05.2019 13:03:00.000,6169.998,6170.998,6166.997,6167.997,0.0033
14.05.2019 13:04:00.000,6167.998,6169.998,6167.998,6169.997,0.0059
14.05.2019 13:05:00.000,6169.998,6169.998,6165.997,6167.998,0.0066
14.05.2019 13:06:00.000,6167.997,6169.998,6167.997,6168.997,0.0069
14.05.2019 13:07:00.000,6168.998,6168.998,6162.998,6162.998,0.0078
14.05.2019 13:08:00.000,6163.998,6163.998,6162.997,6162.998,0.0018
14.05.2019 13:09:00.000,6162.998,6162.998,6159.997,6159.997,0.0033
14.05.2019 13:10:00.000,6159.997,6162.998,6159.997,6162.998,0.0052
14.05.2019 13:11:00.000,6162.998,6164.998,6161.998,6161.998,0.0075
14.05.2019 13:12:00.000,6160.998,6160.998,6158.997,6158.998,0.0064
14.05.2019 13:13:00.000,6158.997,6160.998,6155.997,6155.998,0.0042
14.05.2019 13:14:00.000,6155.997,6155.998,6155.997,6155.997,0.0021
14.05.2019 13:15:00.000,6155.997,6155.997,6145.997,6145.997,0.0058
14.05.2019 13:16:00.000,6145.998,6152.997,6144.998,6151.998,0.0039
14.05.2019 13:17:00.000,6151.998,6151.998,6146.998,6150.998,0.0036
14.05.2019 13:18:00.000,6150.998,6150.998,6147.998,6148.998,0.0032
14.05.2019 13:19:00.000,6148.998,6151.998,6148.997,6151.998,0.0043
14.05.2019 13:20:00.000,6151.997,6154.998,6151.997,6154.998,0.009
14.05.2019 13:21:00.000,6154.997,6154.997,6146.998,6149.997,0.0026
14.05.2019 13:22:00.000,6150.998,6152.998,6149.997,6149.998,0.0038
14.05.2019 13:23:00.000,6149.997,6150.998,6149.997,6150.998,0.002
14.05.2019 13:24:00.000,6151.998,6152.998,6150.997,6152.998,0.0027
14.05.2019 13:25:00.000,6152.997,6155.998,6152.997,6153.998,0.0037
14.05.2019 13:26:00.000,6154.998,6155.998,6150.997,6150.998,0.0063
14.05.2019 13:27:00.000,6151.997,6153.998,6148.997,6148.998,0.0072
14.05.2019 13:28:00.000,6147.998,6148.998,6143.997,6144.998,0.0045
14.05.2019 13:29:00.000,6144.997,6144.998,6138.998,6139.998,0.0048
14.05.2019 13:30:00.000,6141.997,6145.998,6140.998,6144.998,0.0068
14.05.2019 13:31:00.000,6144.997,6151.998,6144.997,6151.998,0.0107
14.05.2019 13:32:00.000,6151.997,6154.997,6151.997,6152.998,0.015
14.05.2019 13:33:00.000,6153.998,6153.998,6148.997,6153.997,0.0134
14.05.2019 13:34:00.000,6152.998,6152.998,6147.997,6149.998,0.0068
14.05.2019 13:35:00.000,6149.997,6149.998,6147.997,6149.998,0.0053
14.05.2019 13:36:00.000,6150.998,6151.998,6149.997,6149.998,0.0054
14.05.2019 13:37:00.000,6150.998,6151.998,6147.997,6147.998,0.0069
14.05.2019 13:38:00.000,6147.998,6153.998,6147.998,6152.998,0.0102
14.05.2019 13:39:00.000,6153.997,6153.998,6147.998,6150.998,0.0089
14.05.2019 13:40:00.000,6150.998,6155.998,6150.998,6155.998,0.0075
14.05.2019 13:41:00.000,6155.997,6157.998,6153.997,6156.998,0.015
14.05.2019 13:42:00.000,6156.997,6159.998,6156.997,6158.997,0.019
14.05.2019 13:43:00.000,6158.998,6159.998,6155.997,6157.998,0.0109
14.05.2019 13:44:00.000,6157.998,6157.998,6153.997,6154.998,0.0059
14.05.2019 13:45:00.000,6153.998,6153.998,6149.997,6151.998,0.01
14.05.2019 13:46:00.000,6151.998,6155.998,6150.998,6155.997,0.006
14.05.2019 13:47:00.000,6155.998,6156.998,6154.997,6156.997,0.012
14.05.2019 13:48:00.000,6157.998,6159.750,6154.997,6156.998,0.0095
14.05.2019 13:49:00.000,6156.997,6158.998,6156.997,6158.997,0.0115
14.05.2019 13:50:00.000,6159.998,6160.998,6157.998,6158.998,0.0043
14.05.2019 13:51:00.000,6158.997,6160.998,6156.997,6157.997,0.0137
14.05.2019 13:52:00.000,6157.997,6161.998,6156.997,6161.998,0.0074
14.05.2019 13:53:00.000,6161.997,6163.997,6159.997,6159.998,0.0111
14.05.2019 13:54:00.000,6158.998,6159.998,6156.997,6156.998,0.0065
14.05.2019 13:55:00.000,6156.998,6158.998,6156.997,6158.997,0.0105
14.05.2019 13:56:00.000,6158.998,6159.998,6156.998,6156.998,0.0088
14.05.2019 13:57:00.000,6155.998,6159.998,6155.998,6159.997,0.0145
14.05.2019 13:58:00.000,6159.998,6159.998,6154.998,6154.998,0.0104
14.05.2019 13:59:00.000,6156.998,6156.998,6155.998,6156.998,0.0018
14.05.2019 14:00:00.000,6157.997,6158.998,6156.998,6158.998,0.0048
14.05.2019 14:01:00.000,6158.997,6158.997,6156.998,6157.997,0.0017
14.05.2019 14:02:00.000,6157.998,6157.998,6152.998,6157.998,0.0093
14.05.2019 14:03:00.000,6157.998,6158.998,6157.997,6158.998,0.0066
14.05.2019 14:04:00.000,6158.997,6159.998,6158.997,6159.998,0.0102
14.05.2019 14:05:00.000,6159.997,6160.997,6159.997,6159.998,0.003
14.05.2019 14:06:00.000,6160.997,6160.997,6155.997,6158.998,0.009
14.05.2019 14:07:00.000,6158.997,6158.998,6157.997,6158.998,0.0044
14.05.2019 14:08:00.000,6159.998,6160.998,6154.997,6154.998,0.0208
14.05.2019 14:09:00.000,6154.998,6158.998,6152.997,6157.997,0.0121
14.05.2019 14:10:00.000,6158.997,6160.998,6158.997,6160.997,0.0082
14.05.2019 14:11:00.000,6160.998,6161.998,6158.997,6158.998,0.0074
14.05.2019 14:12:00.000,6159.998,6161.998,6159.997,6161.998,0.0128
14.05.2019 14:13:00.000,6161.997,6163.998,6161.997,6163.997,0.0129
14.05.2019 14:14:00.000,6164.998,6164.998,6160.997,6160.997,0.0298
14.05.2019 14:15:00.000,6160.998,6162.998,6160.997,6160.997,0.01
14.05.2019 14:16:00.000,6161.998,6162.998,6158.997,6160.998,0.011
14.05.2019 14:17:00.000,6161.997,6165.998,6160.997,6162.998,0.023
14.05.2019 14:18:00.000,6162.997,6165.998,6162.997,6162.998,0.0132
14.05.2019 14:19:00.000,6162.998,6162.998,6158.998,6161.997,0.0081
14.05.2019 14:20:00.000,6162.998,6162.998,6158.998,6159.998,0.0119
14.05.2019 14:21:00.000,6160.998,6161.998,6156.998,6159.998,0.0055
14.05.2019 14:22:00.000,6159.998,6161.998,6159.997,6161.998,0.0128
14.05.2019 14:23:00.000,6162.997,6165.998,6162.997,6163.998,0.0119
14.05.2019 14:24:00.000,6163.998,6165.998,6160.997,6165.998,0.0082
14.05.2019 14:25:00.000,6165.998,6166.998,6165.997,6166.997,0.0106
14.05.2019 14:26:00.000,6166.998,6169.998,6166.997,6169.998,0.015
14.05.2019 14:27:00.000,6169.997,6169.998,6163.997,6167.998,0.0171
14.05.2019 14:28:00.000,6167.997,6167.998,6167.997,6167.998,0.0068
14.05.2019 14:29:00.000,6167.997,6169.998,6167.997,6169.998,0.0097
14.05.2019 14:30:00.000,6169.997,6170.998,6169.997,6169.998,0.0063
14.05.2019 14:31:00.000,6169.997,6169.998,6166.998,6169.997,0.0066
14.05.2019 14:32:00.000,6169.998,6171.997,6167.998,6169.998,0.0175
14.05.2019 14:33:00.000,6169.997,6172.998,6169.997,6170.998,0.0115
14.05.2019 14:34:00.000,6169.998,6170.998,6167.997,6169.998,0.0062
14.05.2019 14:35:00.000,6168.997,6170.998,6168.997,6170.997,0.0126
14.05.2019 14:36:00.000,6170.997,6171.998,6167.997,6168.997,0.0149
14.05.2019 14:37:00.000,6169.997,6171.998,6168.997,6169.998,0.0115
14.05.2019 14:38:00.000,6169.997,6170.998,6168.997,6170.998,0.0192
14.05.2019 14:39:00.000,6170.997,6170.998,6167.997,6168.998,0.0176
14.05.2019 14:40:00.000,6168.997,6170.998,6167.997,6170.998,0.0161
14.05.2019 14:41:00.000,6169.998,6173.998,6169.997,6171.997,0.0127
14.05.2019 14:42:00.000,6171.997,6172.998,6168.997,6171.998,0.0276
14.05.2019 14:43:00.000,6171.998,6171.998,6171.997,6171.998,0.0145
14.05.2019 14:44:00.000,6171.998,6171.998,6167.997,6169.998,0.0143
14.05.2019 14:45:00.000,6169.997,6172.998,6169.997,6172.998,0.023
14.05.2019 14:46:00.000,6172.998,6173.998,6170.997,6172.998,0.0141
14.05.2019 14:47:00.000,6172.998,6180.997,6172.997,6179.997,0.0124
14.05.2019 14:48:00.000,6179.997,6179.998,6178.997,6178.998,0.0137
14.05.2019 14:49:00.000,6179.997,6179.997,6174.997,6177.998,0.0091
14.05.2019 14:50:00.000,6176.997,6176.998,6171.997,6174.997,0.0099
14.05.2019 14:51:00.000,6174.998,6177.998,6174.997,6177.998,0.007
14.05.2019 14:52:00.000,6177.997,6177.997,6172.997,6173.997,0.0131
14.05.2019 14:53:00.000,6173.998,6173.998,6171.997,6172.998,0.0113
14.05.2019 14:54:00.000,6172.998,6173.998,6171.998,6173.997,0.0055
14.05.2019 14:55:00.000,6172.998,6172.998,6172.997,6172.997,0.0027
14.05.2019 14:56:00.000,6172.998,6174.998,6172.998,6173.997,0.007
14.05.2019 14:57:00.000,6174.998,6176.998,6173.997,6176.998,0.0175
14.05.2019 14:58:00.000,6176.997,6178.998,6176.997,6176.998,0.0135
14.05.2019 14:59:00.000,6176.997,6176.998,6176.997,6176.997,0.0039
14.05.2019 15:00:00.000,6176.998,6176.998,6171.997,6174.998,0.0102
14.05.2019 15:01:00.000,6175.998,6177.998,6175.997,6177.998,0.0057
14.05.2019 15:02:00.000,6177.997,6179.998,6176.997,6179.997,0.0175
14.05.2019 15:03:00.000,6179.998,6179.998,6177.997,6179.998,0.013
14.05.2019 15:04:00.000,6178.997,6181.998,6176.997,6180.998,0.0112
14.05.2019 15:05:00.000,6180.997,6184.998,6180.997,6184.998,0.0236
14.05.2019 15:06:00.000,6183.998,6184.998,6182.997,6182.997,0.0139
14.05.2019 15:07:00.000,6181.998,6182.998,6179.998,6179.998,0.0077
14.05.2019 15:08:00.000,6178.998,6179.998,6178.997,6179.998,0.0059
14.05.2019 15:09:00.000,6180.998,6181.998,6176.997,6177.998,0.0108
14.05.2019 15:10:00.000,6178.998,6180.998,6176.997,6180.998,0.0124
14.05.2019 15:11:00.000,6181.997,6181.997,6178.997,6178.998,0.0131
14.05.2019 15:12:00.000,6178.997,6179.998,6175.997,6176.998,0.0101
14.05.2019 15:13:00.000,6175.998,6178.998,6175.997,6178.998,0.0179
14.05.2019 15:14:00.000,6178.997,6178.998,6176.997,6176.998,0.0068
14.05.2019 15:15:00.000,6176.997,6179.998,6176.997,6179.998,0.0116
14.05.2019 15:16:00.000,6179.997,6180.998,6179.997,6179.998,0.0173
14.05.2019 15:17:00.000,6179.997,6180.998,6177.997,6178.998,0.0101
14.05.2019 15:18:00.000,6178.997,6178.998,6177.997,6178.997,0.0118
14.05.2019 15:19:00.000,6178.998,6178.998,6178.997,6178.997,0.0038
14.05.2019 15:20:00.000,6178.998,6178.998,6176.997,6176.998,0.0066
14.05.2019 15:21:00.000,6176.997,6178.998,6176.997,6178.998,0.0123
14.05.2019 15:22:00.000,6178.998,6180.998,6177.997,6179.998,0.0152
14.05.2019 15:23:00.000,6180.998,6182.997,6179.997,6181.998,0.0289
14.05.2019 15:24:00.000,6181.997,6182.998,6179.997,6179.997,0.0099
14.05.2019 15:25:00.000,6179.998,6181.998,6179.998,6179.998,0.0121
14.05.2019 15:26:00.000,6179.997,6182.998,6179.997,6182.998,0.0148
14.05.2019 15:27:00.000,6182.998,6182.998,6178.997,6178.998,0.0106
14.05.2019 15:28:00.000,6178.997,6179.998,6176.997,6176.997,0.0141
14.05.2019 15:29:00.000,6176.998,6177.998,6173.997,6177.997,0.0225
15.05.2019 07:00:00.000,6202.998,6220.998,6202.997,6220.997,0.0066
15.05.2019 07:01:00.000,6210.998,6217.998,6210.997,6213.997,0.0031
15.05.2019 07:02:00.000,6215.997,6215.998,6207.997,6207.997,0.0016
15.05.2019 07:03:00.000,6207.998,6207.998,6199.997,6199.998,0.0017
15.05.2019 07:04:00.000,6199.997,6205.998,6199.997,6201.998,0.005
15.05.2019 07:05:00.000,6198.998,6202.998,6198.998,6202.998,0.0005
15.05.2019 07:06:00.000,6204.997,6204.998,6188.997,6188.998,0.0047
15.05.2019 07:07:00.000,6188.998,6188.998,6173.998,6179.998,0.0043
15.05.2019 07:08:00.000,6180.998,6182.997,6173.998,6180.998,0.0049
15.05.2019 07:09:00.000,6182.997,6182.997,6168.997,6172.998,0.0041
15.05.2019 07:10:00.000,6172.998,6185.998,6164.997,6171.998,0.01
15.05.2019 07:11:00.000,6171.997,6178.998,6171.997,6178.998,0.0031
15.05.2019 07:12:00.000,6178.998,6191.998,6177.997,6186.998,0.0087
15.05.2019 07:13:00.000,6191.998,6191.998,6188.997,6191.998,0.0026
15.05.2019 07:14:00.000,6191.997,6191.998,6186.997,6187.998,0.0013
15.05.2019 07:15:00.000,6187.998,6189.998,6184.998,6184.998,0.0041
15.05.2019 07:16:00.000,6182.998,6187.998,6182.998,6186.998,0.002
15.05.2019 07:17:00.000,6187.997,6190.998,6182.997,6182.998,0.0019
15.05.2019 07:18:00.000,6182.998,6182.998,6178.997,6178.997,0.0005
15.05.2019 07:19:00.000,6178.998,6183.997,6176.997,6181.997,0.0027
15.05.2019 07:20:00.000,6182.997,6185.998,6181.997,6182.998,0.002
15.05.2019 07:21:00.000,6181.998,6186.998,6181.998,6182.997,0.0048
15.05.2019 07:22:00.000,6182.998,6182.998,6181.998,6182.998,0.0002
15.05.2019 07:23:00.000,6185.998,6188.998,6185.998,6188.997,0.0051
15.05.2019 07:24:00.000,6187.997,6187.998,6182.997,6183.998,0.0025
15.05.2019 07:25:00.000,6183.998,6191.998,6183.997,6191.998,0.0024
15.05.2019 07:26:00.000,6191.998,6191.998,6185.997,6185.998,0.0019
15.05.2019 07:27:00.000,6184.998,6188.998,6184.997,6185.998,0.003
15.05.2019 07:28:00.000,6184.998,6184.998,6182.997,6182.998,0.0013
15.05.2019 07:29:00.000,6182.997,6182.998,6177.997,6177.998,0.0011
15.05.2019 07:30:00.000,6177.997,6182.998,6176.998,6180.997,0.0041
15.05.2019 07:31:00.000,6180.997,6183.998,6179.997,6181.997,0.0028
15.05.2019 07:32:00.000,6180.998,6180.998,6179.998,6180.997,0.0003
15.05.2019 07:33:00.000,6180.997,6180.998,6177.997,6178.997,0.0007
15.05.2019 07:34:00.000,6178.997,6181.998,6178.997,6180.998,0.0019
15.05.2019 07:35:00.000,6181.997,6186.998,6181.997,6182.998,0.003
15.05.2019 07:36:00.000,6182.998,6182.998,6180.997,6181.998,0.0011
15.05.2019 07:37:00.000,6181.998,6181.998,6178.997,6178.997,0.0015
15.05.2019 07:38:00.000,6178.998,6178.998,6175.997,6176.998,0.0014
15.05.2019 07:39:00.000,6176.997,6176.997,6171.997,6173.997,0.0045
15.05.2019 07:40:00.000,6173.998,6173.998,6168.997,6169.998,0.0015
15.05.2019 07:41:00.000,6169.997,6170.998,6169.997,6169.998,0.0007
15.05.2019 07:42:00.000,6169.997,6170.998,6167.998,6169.998,0.002
15.05.2019 07:43:00.000,6169.998,6169.998,6165.998,6167.998,0.0042
15.05.2019 07:44:00.000,6167.997,6169.998,6164.998,6169.998,0.0057
15.05.2019 07:45:00.000,6171.998,6172.998,6168.997,6170.997,0.0033
15.05.2019 07:46:00.000,6172.750,6173.998,6171.997,6173.998,0.0021
15.05.2019 07:47:00.000,6173.997,6173.998,6171.998,6171.998,0.001
15.05.2019 07:48:00.000,6171.750,6171.998,6166.997,6171.998,0.0023
15.05.2019 07:49:00.000,6171.997,6171.997,6168.997,6168.997,0.0023
15.05.2019 07:50:00.000,6168.997,6172.998,6168.997,6171.998,0.0065
15.05.2019 07:51:00.000,6171.998,6171.998,6169.998,6171.998,0.0023
15.05.2019 07:52:00.000,6170.998,6172.998,6169.997,6171.998,0.0028
15.05.2019 07:53:00.000,6172.998,6172.998,6169.997,6170.997,0.0011
15.05.2019 07:54:00.000,6170.998,6174.998,6170.998,6173.998,0.0037
15.05.2019 07:55:00.000,6173.997,6175.998,6173.997,6173.998,0.0038
15.05.2019 07:56:00.000,6173.998,6174.998,6173.997,6173.998,0.0072
15.05.2019 07:57:00.000,6173.997,6178.998,6173.997,6178.997,0.0038
15.05.2019 07:58:00.000,6178.997,6181.998,6177.997,6179.998,0.0038
15.05.2019 07:59:00.000,6179.998,6179.998,6177.997,6177.998,0.0029
15.05.2019 08:00:00.000,6177.997,6183.998,6177.997,6182.998,0.004
15.05.2019 08:01:00.000,6182.998,6184.998,6182.997,6183.998,0.0026
15.05.2019 08:02:00.000,6183.997,6188.998,6183.997,6188.998,0.0043
15.05.2019 08:03:00.000,6190.997,6190.998,6188.998,6188.998,0.0036
15.05.2019 08:04:00.000,6188.997,6188.998,6183.998,6188.998,0.0069
15.05.2019 08:05:00.000,6187.997,6187.997,6182.997,6182.998,0.0051
15.05.2019 08:06:00.000,6182.998,6184.998,6182.997,6182.998,0.0036
15.05.2019 08:07:00.000,6183.997,6184.998,6181.997,6184.998,0.0049
15.05.2019 08:08:00.000,6184.997,6184.997,6182.997,6182.998,0.0034
15.05.2019 08:09:00.000,6182.997,6182.998,6181.997,6181.998,0.0022
15.05.2019 08:10:00.000,6181.997,6181.998,6181.997,6181.998,0.001
15.05.2019 08:11:00.000,6181.997,6188.998,6181.997,6187.997,0.008
15.05.2019 08:12:00.000,6187.998,6191.998,6187.998,6191.998,0.0097
15.05.2019 08:13:00.000,6191.998,6195.998,6189.998,6194.998,0.0053
15.05.2019 08:14:00.000,6194.998,6194.998,6191.997,6192.998,0.0076
15.05.2019 08:15:00.000,6192.997,6192.998,6189.998,6191.998,0.005
15.05.2019 08:16:00.000,6192.998,6194.998,6191.997,6193.998,0.0101
15.05.2019 08:17:00.000,6193.998,6195.997,6191.998,6194.998,0.0068
15.05.2019 08:18:00.000,6194.997,6200.998,6191.998,6198.998,0.005
15.05.2019 08:19:00.000,6199.998,6199.998,6196.997,6196.998,0.0069
15.05.2019 08:20:00.000,6196.997,6197.998,6196.997,6197.998,0.0039
15.05.2019 08:21:00.000,6198.997,6198.998,6191.998,6193.998,0.0027
15.05.2019 08:22:00.000,6193.997,6193.998,6191.997,6191.998,0.0027
15.05.2019 08:23:00.000,6191.997,6191.998,6189.997,6189.998,0.0055
15.05.2019 08:24:00.000,6190.997,6191.750,6188.998,6189.997,0.0047
15.05.2019 08:25:00.000,6190.998,6195.998,6190.998,6195.998,0.007
15.05.2019 08:26:00.000,6195.997,6202.998,6195.997,6202.997,0.0066
15.05.2019 08:27:00.000,6202.998,6202.998,6200.997,6200.997,0.0041
15.05.2019 08:28:00.000,6200.998,6202.750,6199.997,6200.997,0.0075
15.05.2019 08:29:00.000,6200.997,6207.998,6200.997,6207.997,0.0072
15.05.2019 08:30:00.000,6207.998,6213.997,6207.997,6209.998,0.0157
15.05.2019 08:31:00.000,6210.998,6212.998,6208.998,6211.998,0.0045
15.05.2019 08:32:00.000,6213.998,6213.998,6211.997,6213.997,0.0041
15.05.2019 08:33:00.000,6213.997,6213.998,6211.997,6213.998,0.0019
15.05.2019 08:34:00.000,6213.997,6213.998,6211.998,6213.998,0.0013
15.05.2019 08:35:00.000,6213.998,6213.998,6210.998,6212.998,0.0033
15.05.2019 08:36:00.000,6212.998,6212.998,6210.997,6211.998,0.0067
15.05.2019 08:37:00.000,6211.998,6211.998,6208.997,6209.998,0.005
15.05.2019 08:38:00.000,6208.997,6209.998,6207.997,6207.997,0.003
15.05.2019 08:39:00.000,6207.997,6207.998,6199.997,6199.997,0.0071
15.05.2019 08:40:00.000,6199.997,6200.998,6196.997,6196.998,0.0082
15.05.2019 08:41:00.000,6197.997,6203.998,6197.997,6200.997,0.0074
15.05.2019 08:42:00.000,6200.998,6207.998,6200.997,6207.998,0.0035
15.05.2019 08:43:00.000,6207.997,6209.998,6206.998,6208.997,0.008
15.05.2019 08:44:00.000,6207.998,6210.998,6206.997,6210.997,0.0043
15.05.2019 08:45:00.000,6210.998,6212.998,6207.997,6207.997,0.0081
15.05.2019 08:46:00.000,6207.998,6209.998,6204.997,6204.997,0.0061
15.05.2019 08:47:00.000,6205.998,6206.998,6203.998,6204.997,0.0067
15.05.2019 08:48:00.000,6205.998,6211.998,6204.998,6211.998,0.0069
15.05.2019 08:49:00.000,6211.997,6215.998,6211.997,6212.998,0.0045
15.05.2019 08:50:00.000,6212.998,6212.998,6209.997,6209.998,0.0077
15.05.2019 08:51:00.000,6208.998,6208.998,6207.997,6207.998,0.0023
15.05.2019 08:52:00.000,6207.997,6211.998,6205.997,6208.998,0.0102
15.05.2019 08:53:00.000,6208.997,6210.998,6208.997,6210.998,0.0037
15.05.2019 08:54:00.000,6210.997,6210.997,6208.997,6208.998,0.0061
15.05.2019 08:55:00.000,6209.998,6209.998,6205.997,6205.998,0.0041
15.05.2019 08:56:00.000,6205.997,6206.998,6205.997,6205.998,0.0035
15.05.2019 08:57:00.000,6206.998,6214.998,6205.997,6212.998,0.0033
15.05.2019 08:58:00.000,6212.998,6214.998,6212.997,6212.998,0.0079
15.05.2019 08:59:00.000,6214.998,6214.998,6212.997,6212.997,0.0033
15.05.2019 09:00:00.000,6212.998,6213.998,6210.998,6211.998,0.0017
15.05.2019 09:01:00.000,6211.997,6213.997,6209.998,6213.997,0.0046
15.05.2019 09:02:00.000,6213.998,6219.998,6213.998,6217.997,0.005
15.05.2019 09:03:00.000,6217.998,6217.998,6214.997,6217.998,0.0026
15.05.2019 09:04:00.000,6215.998,6216.998,6215.998,6216.998,0.0002
15.05.2019 09:05:00.000,6216.998,6218.998,6216.997,6217.998,0.005
15.05.2019 09:06:00.000,6217.997,6217.998,6209.998,6210.998,0.0067
15.05.2019 09:07:00.000,6210.997,6210.998,6206.998,6207.998,0.0007
15.05.2019 09:08:00.000,6207.998,6210.998,6207.997,6210.998,0.0037
15.05.2019 09:09:00.000,6211.997,6212.998,6209.997,6212.997,0.0042
15.05.2019 09:10:00.000,6213.998,6216.998,6213.997,6216.998,0.0064
15.05.2019 09:11:00.000,6216.998,6218.998,6216.997,6218.998,0.0067
15.05.2019 09:12:00.000,6217.998,6218.998,6216.997,6218.998,0.0037
15.05.2019 09:13:00.000,6217.997,6218.998,6217.997,6218.998,0.0055
15.05.2019 09:14:00.000,6218.998,6223.998,6218.997,6222.997,0.0126
15.05.2019 09:15:00.000,6222.998,6224.998,6219.998,6221.998,0.0056
15.05.2019 09:16:00.000,6219.998,6221.998,6219.997,6219.998,0.0063
15.05.2019 09:17:00.000,6219.998,6219.998,6217.997,6218.998,0.0047
15.05.2019 09:18:00.000,6218.997,6218.997,6212.997,6213.997,0.0035
15.05.2019 09:19:00.000,6213.998,6213.998,6207.997,6207.997,0.0029
15.05.2019 09:20:00.000,6207.998,6211.998,6207.997,6210.997,0.0065
15.05.2019 09:21:00.000,6210.998,6210.998,6210.997,6210.998,0.0013
15.05.2019 09:22:00.000,6211.998,6219.998,6211.998,6213.997,0.0053
15.05.2019 09:23:00.000,6215.998,6216.997,6213.998,6215.998,0.0054
15.05.2019 09:24:00.000,6215.997,6216.998,6213.998,6215.998,0.0064
15.05.2019 09:25:00.000,6215.998,6215.998,6210.998,6211.998,0.0041
15.05.2019 09:26:00.000,6211.997,6212.998,6208.998,6210.998,0.0034
15.05.2019 09:27:00.000,6208.998,6210.998,6208.997,6210.998,0.0035
15.05.2019 09:28:00.000,6208.997,6209.998,6208.997,6208.997,0.0035
15.05.2019 09:29:00.000,6208.998,6209.998,6206.997,6206.998,0.0031
15.05.2019 09:30:00.000,6206.997,6211.998,6206.997,6211.997,0.0057
15.05.2019 09:31:00.000,6211.998,6212.998,6210.997,6211.997,0.0028
15.05.2019 09:32:00.000,6212.997,6212.998,6210.997,6212.998,0.0022
15.05.2019 09:33:00.000,6212.998,6213.998,6210.997,6212.998,0.0041
15.05.2019 09:34:00.000,6212.998,6213.998,6208.997,6212.998,0.0071
15.05.2019 09:35:00.000,6212.998,6213.998,6207.997,6207.997,0.0047
15.05.2019 09:36:00.000,6207.997,6207.998,6205.997,6205.997,0.0046
15.05.2019 09:37:00.000,6204.998,6204.998,6202.997,6203.997,0.0041
15.05.2019 09:38:00.000,6203.997,6205.750,6199.998,6202.998,0.0083
15.05.2019 09:39:00.000,6200.997,6200.998,6198.998,6199.997,0.0023
15.05.2019 09:40:00.000,6199.750,6199.750,6194.998,6197.998,0.0072
15.05.2019 09:41:00.000,6195.998,6195.998,6193.997,6195.997,0.003
15.05.2019 09:42:00.000,6196.998,6203.998,6196.998,6202.998,0.0097
15.05.2019 09:43:00.000,6202.998,6202.998,6194.997,6194.998,0.0077
15.05.2019 09:44:00.000,6196.998,6196.998,6191.997,6195.997,0.0038
15.05.2019 09:45:00.000,6195.998,6196.998,6192.997,6196.998,0.007
15.05.2019 09:46:00.000,6195.998,6198.998,6195.998,6197.998,0.0044
15.05.2019 09:47:00.000,6197.997,6197.997,6191.998,6192.998,0.0055
15.05.2019 09:48:00.000,6192.998,6194.998,6191.998,6194.998,0.0055
15.05.2019 09:49:00.000,6194.997,6194.998,6191.998,6191.998,0.0023
15.05.2019 09:50:00.000,6192.997,6195.998,6192.997,6195.998,0.0022
15.05.2019 09:51:00.000,6195.997,6197.998,6193.997,6197.998,0.0047
15.05.2019 09:52:00.000,6197.998,6197.998,6195.997,6195.998,0.003
15.05.2019 09:53:00.000,6195.997,6196.998,6190.997,6190.998,0.006
15.05.2019 09:54:00.000,6190.998,6190.998,6187.997,6187.998,0.0019
15.05.2019 09:55:00.000,6187.997,6191.998,6187.997,6190.998,0.0046
15.05.2019 09:56:00.000,6190.998,6190.998,6187.997,6187.998,0.0044
15.05.2019 09:57:00.000,6187.997,6190.997,6185.998,6188.997,0.0035
15.05.2019 09:58:00.000,6189.998,6189.998,6184.998,6186.998,0.0064
15.05.2019 09:59:00.000,6186.997,6188.998,6185.997,6188.997,0.0028
15.05.2019 10:00:00.000,6188.998,6188.998,6186.998,6187.997,0.0041
15.05.2019 10:01:00.000,6188.998,6189.997,6186.997,6186.998,0.0107
15.05.2019 10:02:00.000,6186.997,6188.998,6185.997,6187.998,0.0053
15.05.2019 10:03:00.000,6187.997,6188.998,6186.997,6187.997,0.0044
15.05.2019 10:04:00.000,6187.998,6188.998,6184.998,6187.997,0.0083
15.05.2019 10:05:00.000,6187.998,6188.997,6187.997,6187.998,0.0088
15.05.2019 10:06:00.000,6187.750,6188.998,6184.998,6188.997,0.0052
15.05.2019 10:07:00.000,6188.998,6189.998,6187.997,6188.998,0.0045
15.05.2019 10:08:00.000,6188.997,6188.998,6188.997,6188.997,0.0017
15.05.2019 10:09:00.000,6188.997,6188.998,6187.997,6187.998,0.0013
15.05.2019 10:10:00.000,6188.998,6188.998,6188.997,6188.997,0.0016
15.05.2019 10:11:00.000,6188.997,6188.997,6182.998,6183.997,0.0034
15.05.2019 10:12:00.000,6183.998,6183.998,6183.997,6183.998,0.0006
15.05.2019 10:13:00.000,6183.997,6186.998,6183.997,6186.998,0.0038
15.05.2019 10:14:00.000,6186.997,6188.998,6184.998,6188.998,0.0089
15.05.2019 10:15:00.000,6188.997,6189.997,6186.998,6186.998,0.0029
15.05.2019 10:16:00.000,6188.750,6193.998,6188.750,6191.998,0.0027
15.05.2019 10:17:00.000,6191.997,6191.998,6190.997,6190.997,0.0056
15.05.2019 10:18:00.000,6190.998,6190.998,6189.997,6189.998,0.0015
15.05.2019 10:19:00.000,6188.998,6189.998,6188.997,6189.998,0.0053
15.05.2019 10:20:00.000,6190.997,6191.998,6189.997,6189.998,0.0124
15.05.2019 10:21:00.000,6189.998,6190.998,6188.997,6188.997,0.0076
15.05.2019 10:22:00.000,6188.998,6189.998,6188.998,6189.998,0.005
15.05.2019 10:23:00.000,6189.998,6191.998,6189.998,6191.998,0.0019
15.05.2019 10:24:00.000,6192.998,6192.998,6192.997,6192.998,0.0023
15.05.2019 10:25:00.000,6192.997,6192.997,6190.997,6190.997,0.0059
15.05.2019 10:26:00.000,6190.998,6190.998,6188.997,6188.998,0.0018
15.05.2019 10:27:00.000,6189.997,6190.998,6188.997,6190.998,0.0034
15.05.2019 10:28:00.000,6188.998,6189.998,6185.997,6185.998,0.0069
15.05.2019 10:29:00.000,6185.997,6187.998,6185.997,6187.998,0.0036
15.05.2019 10:30:00.000,6188.998,6190.998,6187.998,6190.998,0.0043
15.05.2019 10:31:00.000,6190.997,6190.997,6185.997,6185.998,0.0058
15.05.2019 10:32:00.000,6186.998,6187.998,6185.997,6187.998,0.0017
15.05.2019 10:33:00.000,6187.997,6188.998,6187.997,6188.997,0.0049
15.05.2019 10:34:00.000,6188.998,6188.998,6187.997,6188.998,0.0053
15.05.2019 10:35:00.000,6188.997,6188.998,6186.997,6187.998,0.0066
15.05.2019 10:36:00.000,6187.997,6187.998,6187.997,6187.998,0.0027
15.05.2019 10:37:00.000,6189.997,6189.998,6187.997,6187.997,0.0047
15.05.2019 10:38:00.000,6187.998,6188.998,6187.997,6188.997,0.0113
15.05.2019 10:39:00.000,6188.997,6188.998,6188.997,6188.998,0.0159
15.05.2019 10:40:00.000,6188.997,6189.998,6186.997,6189.998,0.0091
15.05.2019 10:41:00.000,6189.997,6191.998,6188.997,6188.998,0.0074
15.05.2019 10:42:00.000,6188.997,6191.998,6188.997,6191.998,0.0025
15.05.2019 10:43:00.000,6191.997,6192.997,6189.997,6191.998,0.0076
15.05.2019 10:44:00.000,6191.998,6191.998,6188.997,6189.998,0.0027
15.05.2019 10:45:00.000,6189.997,6190.998,6189.997,6190.998,0.0044
15.05.2019 10:46:00.000,6191.998,6193.998,6190.997,6192.998,0.0057
15.05.2019 10:47:00.000,6193.998,6196.998,6193.997,6196.997,0.0037
15.05.2019 10:48:00.000,6196.997,6196.997,6195.997,6195.997,0.003
15.05.2019 10:49:00.000,6195.998,6199.998,6195.998,6198.997,0.0084
15.05.2019 10:50:00.000,6198.998,6203.998,6198.998,6203.998,0.0066
15.05.2019 10:51:00.000,6203.997,6203.998,6203.997,6203.997,0.0043
15.05.2019 10:52:00.000,6203.998,6204.998,6203.997,6204.998,0.0095
15.05.2019 10:53:00.000,6204.997,6207.998,6204.997,6205.997,0.0073
15.05.2019 10:54:00.000,6205.998,6205.998,6204.997,6204.998,0.0019
15.05.2019 10:55:00.000,6204.997,6204.997,6198.997,6198.998,0.0049
15.05.2019 10:56:00.000,6198.998,6199.998,6198.997,6199.998,0.0079
15.05.2019 10:57:00.000,6199.998,6199.998,6198.997,6198.998,0.005
15.05.2019 10:58:00.000,6199.998,6199.998,6196.997,6197.998,0.0042
15.05.2019 10:59:00.000,6197.997,6197.998,6193.998,6195.998,0.0089
15.05.2019 11:00:00.000,6195.998,6195.998,6188.997,6188.998,0.0009
15.05.2019 11:02:00.000,6192.997,6199.998,6192.997,6199.997,0.0023
15.05.2019 11:03:00.000,6199.998,6199.998,6194.998,6199.998,0.0029
15.05.2019 11:04:00.000,6199.997,6200.998,6197.997,6199.998,0.0043
15.05.2019 11:05:00.000,6200.997,6201.998,6200.997,6201.998,0.0022
15.05.2019 11:06:00.000,6202.997,6203.998,6201.997,6203.998,0.0025
15.05.2019 11:07:00.000,6204.998,6205.998,6203.997,6204.998,0.0075
15.05.2019 11:08:00.000,6204.998,6206.998,6204.997,6205.998,0.0044
15.05.2019 11:09:00.000,6205.998,6206.998,6204.997,6206.998,0.0052
15.05.2019 11:10:00.000,6206.998,6216.998,6206.997,6215.997,0.0188
15.05.2019 11:11:00.000,6216.998,6219.998,6215.998,6216.998,0.0251
15.05.2019 11:12:00.000,6217.998,6217.998,6216.997,6216.997,0.0143
15.05.2019 11:13:00.000,6216.998,6216.998,6214.997,6216.998,0.0096
15.05.2019 11:14:00.000,6217.998,6217.998,6216.997,6216.998,0.0071
15.05.2019 11:15:00.000,6218.998,6218.998,6216.998,6217.998,0.0097
15.05.2019 11:16:00.000,6217.998,6218.998,6217.997,6218.998,0.0076
15.05.2019 11:17:00.000,6217.997,6218.997,6215.997,6216.998,0.0087
15.05.2019 11:18:00.000,6216.997,6216.998,6213.997,6215.997,0.0072
15.05.2019 11:19:00.000,6215.998,6216.998,6213.998,6214.998,0.0025
15.05.2019 11:20:00.000,6214.750,6214.750,6206.997,6206.998,0.0071
15.05.2019 11:21:00.000,6207.997,6210.998,6207.997,6209.998,0.0031
15.05.2019 11:22:00.000,6210.997,6212.998,6209.998,6212.998,0.0026
15.05.2019 11:23:00.000,6212.997,6213.998,6212.997,6212.998,0.0014
15.05.2019 11:24:00.000,6212.997,6215.998,6212.997,6214.998,0.004
15.05.2019 11:25:00.000,6216.997,6216.998,6214.998,6215.998,0.0022
15.05.2019 11:26:00.000,6214.998,6216.998,6214.997,6214.997,0.004
15.05.2019 11:27:00.000,6214.998,6214.998,6212.997,6212.998,0.0025
15.05.2019 11:28:00.000,6212.998,6213.998,6211.997,6213.998,0.002
15.05.2019 11:29:00.000,6212.998,6212.998,6210.997,6211.998,0.0115
15.05.2019 11:30:00.000,6211.997,6213.998,6211.997,6212.998,0.007
15.05.2019 11:31:00.000,6211.998,6214.998,6211.998,6213.998,0.0069
15.05.2019 11:32:00.000,6213.997,6213.998,6213.997,6213.998,0.0018
15.05.2019 11:33:00.000,6213.997,6214.998,6210.998,6214.998,0.011
15.05.2019 11:34:00.000,6215.997,6219.998,6215.997,6218.998,0.0045
15.05.2019 11:35:00.000,6220.750,6222.998,6218.998,6222.998,0.0085
15.05.2019 11:36:00.000,6222.997,6224.997,6218.997,6220.997,0.0085
15.05.2019 11:37:00.000,6221.998,6223.998,6220.997,6223.998,0.0044
15.05.2019 11:38:00.000,6224.997,6225.998,6224.997,6225.997,0.0048
15.05.2019 11:39:00.000,6225.998,6227.998,6225.998,6226.998,0.0028
15.05.2019 11:40:00.000,6226.998,6227.998,6226.997,6227.997,0.0113
15.05.2019 11:41:00.000,6227.998,6230.998,6227.997,6227.998,0.0081
15.05.2019 11:42:00.000,6227.997,6227.998,6222.998,6223.998,0.0029
15.05.2019 11:43:00.000,6222.998,6223.998,6219.997,6220.997,0.0027
15.05.2019 11:44:00.000,6220.998,6220.998,6218.998,6219.998,0.0004
15.05.2019 11:45:00.000,6219.998,6219.998,6217.997,6217.998,0.0037
15.05.2019 11:46:00.000,6217.997,6217.998,6214.997,6215.998,0.0018
15.05.2019 11:47:00.000,6216.998,6217.998,6214.998,6214.998,0.0034
15.05.2019 11:48:00.000,6215.998,6220.998,6215.998,6220.998,0.0049
15.05.2019 11:49:00.000,6222.997,6224.998,6220.998,6221.998,0.0059
15.05.2019 11:50:00.000,6221.750,6221.998,6217.997,6217.998,0.0048
15.05.2019 11:51:00.000,6218.998,6219.997,6218.997,6218.997,0.0006
15.05.2019 11:52:00.000,6218.998,6219.998,6218.997,6218.998,0.0014
15.05.2019 11:53:00.000,6218.997,6220.998,6218.997,6219.998,0.0026
15.05.2019 11:54:00.000,6219.998,6223.998,6218.997,6219.998,0.0076
15.05.2019 11:55:00.000,6220.998,6220.998,6216.998,6218.998,0.0033
15.05.2019 11:56:00.000,6218.997,6219.998,6216.998,6217.998,0.0015
15.05.2019 11:57:00.000,6216.997,6216.998,6209.997,6211.998,0.0049
15.05.2019 11:58:00.000,6211.997,6211.998,6210.997,6210.998,0.0038
15.05.2019 11:59:00.000,6211.998,6211.998,6206.998,6207.998,0.003
15.05.2019 12:00:00.000,6207.998,6207.998,6206.997,6207.998,0.0013
15.05.2019 12:01:00.000,6207.997,6209.998,6207.997,6209.998,0.0029
15.05.2019 12:02:00.000,6209.997,6210.997,6208.997,6209.998,0.0026
15.05.2019 12:03:00.000,6209.997,6209.998,6208.997,6208.997,0.0012
15.05.2019 12:04:00.000,6208.998,6210.998,6208.997,6210.997,0.0025
15.05.2019 12:05:00.000,6210.998,6212.998,6210.997,6211.998,0.003
15.05.2019 12:06:00.000,6208.997,6209.998,6207.997,6208.998,0.0062
15.05.2019 12:07:00.000,6209.998,6209.998,6207.997,6207.998,0.0027
15.05.2019 12:08:00.000,6208.997,6208.998,6207.997,6208.998,0.0027
15.05.2019 12:09:00.000,6208.997,6209.998,6208.997,6209.998,0.0041
15.05.2019 12:10:00.000,6209.998,6210.997,6209.997,6209.998,0.006
15.05.2019 12:11:00.000,6209.997,6209.998,6204.997,6205.998,0.0047
15.05.2019 12:12:00.000,6205.997,6205.998,6204.997,6205.998,0.001
15.05.2019 12:13:00.000,6205.997,6206.998,6203.997,6206.997,0.0067
15.05.2019 12:14:00.000,6206.997,6207.998,6205.997,6207.998,0.0052
15.05.2019 12:15:00.000,6207.997,6207.998,6205.997,6205.998,0.0027
15.05.2019 12:16:00.000,6203.998,6204.998,6203.998,6204.997,0.0011
15.05.2019 12:17:00.000,6204.997,6204.997,6200.997,6200.997,0.0031
15.05.2019 12:18:00.000,6200.998,6200.998,6197.997,6198.997,0.0035
15.05.2019 12:19:00.000,6199.997,6203.998,6199.997,6201.997,0.0088
15.05.2019 12:20:00.000,6202.998,6203.998,6201.997,6203.998,0.0032
15.05.2019 12:21:00.000,6203.997,6203.998,6201.998,6202.998,0.0023
15.05.2019 12:22:00.000,6203.998,6206.998,6203.997,6206.997,0.0055
15.05.2019 12:23:00.000,6206.998,6206.998,6204.997,6204.998,0.0062
15.05.2019 12:24:00.000,6205.998,6205.998,6204.997,6204.998,0.0019
15.05.2019 12:25:00.000,6204.997,6204.998,6197.997,6199.998,0.0042
15.05.2019 12:26:00.000,6199.997,6199.997,6196.997,6197.998,0.005
15.05.2019 12:27:00.000,6197.997,6197.998,6196.997,6196.997,0.0012
15.05.2019 12:28:00.000,6195.997,6196.998,6194.997,6194.998,0.0029
15.05.2019 12:29:00.000,6194.997,6194.998,6190.997,6190.997,0.0032
15.05.2019 12:30:00.000,6190.997,6193.998,6187.998,6192.998,0.0072
15.05.2019 12:31:00.000,6193.998,6195.998,6189.997,6191.998,0.0087
15.05.2019 12:32:00.000,6191.998,6191.998,6184.998,6184.998,0.0073
15.05.2019 12:33:00.000,6184.997,6188.998,6184.997,6187.998,0.0054
15.05.2019 12:34:00.000,6187.997,6188.998,6187.997,6187.998,0.0019
15.05.2019 12:35:00.000,6187.997,6198.998,6187.997,6198.998,0.0039
15.05.2019 12:36:00.000,6198.997,6198.997,6193.997,6195.998,0.0037
15.05.2019 12:37:00.000,6193.998,6198.998,6193.998,6198.998,0.003
15.05.2019 12:38:00.000,6198.998,6198.998,6195.997,6195.998,0.0029
15.05.2019 12:39:00.000,6195.998,6196.998,6192.998,6194.998,0.003
15.05.2019 12:40:00.000,6194.997,6194.998,6192.997,6192.997,0.0028
15.05.2019 12:41:00.000,6193.998,6198.998,6192.998,6192.998,0.0072
15.05.2019 12:42:00.000,6192.997,6193.998,6190.997,6192.998,0.0036
15.05.2019 12:43:00.000,6193.998,6195.998,6192.998,6193.997,0.0044
15.05.2019 12:44:00.000,6193.997,6195.998,6191.998,6195.998,0.005
15.05.2019 12:45:00.000,6195.998,6199.998,6195.997,6199.998,0.004
15.05.2019 12:46:00.000,6198.998,6199.998,6196.998,6196.998,0.0034
15.05.2019 12:47:00.000,6196.997,6197.998,6196.997,6197.998,0.0021
15.05.2019 12:48:00.000,6197.997,6198.998,6196.997,6196.998,0.0069
15.05.2019 12:49:00.000,6196.997,6199.998,6196.997,6198.997,0.0024
15.05.2019 12:50:00.000,6198.998,6198.998,6195.997,6197.998,0.005
15.05.2019 12:51:00.000,6198.997,6199.998,6197.997,6198.997,0.005
15.05.2019 12:52:00.000,6198.998,6199.998,6198.998,6199.998,0.0011
15.05.2019 12:53:00.000,6199.997,6211.997,6199.997,6211.997,0.0082
15.05.2019 12:54:00.000,6211.997,6211.998,6207.997,6208.997,0.0206
15.05.2019 12:55:00.000,6209.997,6212.998,6208.997,6212.997,0.0094
15.05.2019 12:56:00.000,6213.998,6213.998,6212.997,6213.998,0.0089
15.05.2019 12:57:00.000,6213.750,6219.997,6211.997,6219.997,0.0087
15.05.2019 12:58:00.000,6218.998,6219.998,6217.997,6218.997,0.0169
15.05.2019 12:59:00.000,6219.997,6224.998,6218.997,6223.998,0.0097
15.05.2019 13:00:00.000,6223.998,6225.998,6217.997,6224.998,0.0128
15.05.2019 13:01:00.000,6224.998,6225.998,6220.997,6224.997,0.0065
15.05.2019 13:02:00.000,6225.998,6227.998,6223.997,6224.998,0.0054
15.05.2019 13:03:00.000,6225.998,6225.998,6217.997,6218.998,0.0053
15.05.2019 13:04:00.000,6217.998,6217.998,6210.998,6210.998,0.0076
15.05.2019 13:05:00.000,6211.998,6216.998,6211.997,6216.998,0.0077
15.05.2019 13:06:00.000,6217.997,6220.998,6217.997,6218.998,0.0054
15.05.2019 13:07:00.000,6218.997,6222.998,6217.998,6222.998,0.0059
15.05.2019 13:08:00.000,6222.998,6232.998,6220.997,6228.998,0.015
15.05.2019 13:09:00.000,6228.997,6230.998,6226.997,6229.998,0.0098
15.05.2019 13:10:00.000,6229.750,6235.998,6225.997,6233.998,0.0125
15.05.2019 13:11:00.000,6234.997,6236.997,6234.997,6234.998,0.0061
15.05.2019 13:12:00.000,6234.997,6241.998,6234.997,6237.998,0.004
15.05.2019 13:13:00.000,6237.997,6241.998,6237.997,6240.998,0.0096
15.05.2019 13:14:00.000,6241.998,6241.998,6237.997,6238.998,0.0058
15.05.2019 13:15:00.000,6238.997,6238.998,6233.997,6236.998,0.004
15.05.2019 13:16:00.000,6237.997,6240.998,6234.997,6240.998,0.0078
15.05.2019 13:17:00.000,6240.997,6240.998,6234.997,6236.997,0.007
15.05.2019 13:18:00.000,6236.998,6238.998,6236.997,6237.997,0.0019
15.05.2019 13:19:00.000,6238.997,6239.998,6236.997,6239.998,0.0061
15.05.2019 13:20:00.000,6240.998,6240.998,6236.997,6237.998,0.0067
15.05.2019 13:21:00.000,6238.997,6240.998,6237.997,6240.998,0.0037
15.05.2019 13:22:00.000,6240.997,6241.998,6238.997,6239.998,0.0055
15.05.2019 13:23:00.000,6239.997,6239.998,6239.997,6239.997,0.0062
15.05.2019 13:24:00.000,6239.998,6239.998,6236.998,6238.998,0.0067
15.05.2019 13:25:00.000,6238.997,6242.998,6237.998,6242.997,0.0048
15.05.2019 13:26:00.000,6242.998,6244.998,6242.998,6243.997,0.0105
15.05.2019 13:27:00.000,6242.998,6244.998,6240.997,6240.997,0.017
15.05.2019 13:28:00.000,6240.998,6240.998,6237.997,6237.998,0.0119
15.05.2019 13:29:00.000,6237.998,6237.998,6233.997,6235.998,0.0201
15.05.2019 13:30:00.000,6235.997,6238.998,6228.997,6237.998,0.0264
15.05.2019 13:31:00.000,6238.998,6243.998,6238.997,6243.997,0.0147
15.05.2019 13:32:00.000,6243.998,6243.998,6237.997,6238.998,0.0168
15.05.2019 13:33:00.000,6238.997,6238.998,6234.997,6238.997,0.0094
15.05.2019 13:34:00.000,6238.998,6243.997,6236.997,6236.998,0.0151
15.05.2019 13:35:00.000,6237.997,6237.997,6229.997,6229.998,0.0181
15.05.2019 13:36:00.000,6229.997,6235.998,6227.997,6235.997,0.0133
15.05.2019 13:37:00.000,6235.998,6235.998,6225.998,6226.998,0.0128
15.05.2019 13:38:00.000,6225.998,6227.998,6225.997,6226.998,0.0061
15.05.2019 13:39:00.000,6226.997,6229.998,6225.998,6227.998,0.0135
15.05.2019 13:40:00.000,6227.998,6229.998,6224.998,6229.998,0.0115
15.05.2019 13:41:00.000,6229.997,6229.998,6226.997,6227.998,0.0197
15.05.2019 13:42:00.000,6227.997,6230.998,6227.997,6227.998,0.0227
15.05.2019 13:43:00.000,6227.997,6227.998,6223.997,6225.998,0.0149
15.05.2019 13:44:00.000,6225.998,6228.998,6225.997,6227.997,0.0221
15.05.2019 13:45:00.000,6227.998,6233.998,6227.997,6232.998,0.0384
15.05.2019 13:46:00.000,6232.998,6233.998,6228.997,6229.997,0.0152
15.05.2019 13:47:00.000,6229.998,6231.998,6228.997,6228.998,0.0175
15.05.2019 13:48:00.000,6226.997,6230.998,6225.997,6227.997,0.0285
15.05.2019 13:49:00.000,6227.998,6227.998,6224.997,6224.998,0.0162
15.05.2019 13:50:00.000,6225.997,6226.998,6224.997,6226.998,0.0172
15.05.2019 13:51:00.000,6226.997,6229.998,6226.997,6227.997,0.0261
15.05.2019 13:52:00.000,6227.998,6228.998,6226.997,6228.997,0.0186
15.05.2019 13:53:00.000,6229.998,6230.998,6227.997,6229.998,0.0288
15.05.2019 13:54:00.000,6228.998,6230.998,6228.997,6228.998,0.0354
15.05.2019 13:55:00.000,6228.997,6229.998,6224.998,6226.997,0.0201
15.05.2019 13:56:00.000,6225.998,6226.998,6223.997,6223.997,0.0213
15.05.2019 13:57:00.000,6223.998,6223.998,6220.997,6223.997,0.0287
15.05.2019 13:58:00.000,6223.998,6223.998,6221.997,6221.997,0.0157
15.05.2019 13:59:00.000,6221.998,6221.998,6214.997,6215.998,0.011
15.05.2019 14:00:00.000,6215.997,6219.998,6215.997,6217.998,0.0164
15.05.2019 14:01:00.000,6218.997,6218.998,6215.997,6218.997,0.0089
15.05.2019 14:02:00.000,6218.998,6223.998,6218.998,6223.997,0.0144
15.05.2019 14:03:00.000,6224.997,6227.998,6222.997,6224.998,0.0198
15.05.2019 14:04:00.000,6224.997,6226.998,6222.998,6223.998,0.0239
15.05.2019 14:05:00.000,6223.997,6226.998,6223.997,6226.998,0.0096
15.05.2019 14:06:00.000,6226.997,6227.998,6226.997,6227.997,0.0053
15.05.2019 14:07:00.000,6227.998,6230.998,6226.997,6230.998,0.0093
15.05.2019 14:08:00.000,6230.998,6232.997,6227.997,6227.998,0.0097
15.05.2019 14:09:00.000,6229.998,6229.998,6228.997,6228.998,0.0056
15.05.2019 14:10:00.000,6228.997,6228.998,6225.997,6225.997,0.0144
15.05.2019 14:11:00.000,6226.997,6226.998,6221.997,6221.998,0.0153
15.05.2019 14:12:00.000,6223.750,6223.998,6220.997,6220.998,0.0123
15.05.2019 14:13:00.000,6220.998,6241.998,6220.997,6238.997,0.0253
15.05.2019 14:14:00.000,6239.997,6244.998,6232.997,6244.998,0.0302
15.05.2019 14:15:00.000,6244.998,6253.998,6242.997,6244.998,0.0231
15.05.2019 14:16:00.000,6244.998,6251.998,6233.998,6236.998,0.0173
15.05.2019 14:17:00.000,6237.997,6241.998,6233.997,6237.998,0.0188
15.05.2019 14:18:00.000,6236.998,6238.998,6233.997,6236.998,0.0206
15.05.2019 14:19:00.000,6236.997,6236.998,6231.997,6233.997,0.0101
15.05.2019 14:20:00.000,6232.998,6239.998,6232.998,6236.998,0.0139
15.05.2019 14:21:00.000,6236.998,6236.998,6231.998,6233.997,0.0075
15.05.2019 14:22:00.000,6233.998,6237.998,6233.997,6233.998,0.0086
15.05.2019 14:23:00.000,6233.998,6233.998,6225.997,6228.997,0.0151
15.05.2019 14:24:00.000,6228.998,6232.998,6228.997,6230.998,0.0106
15.05.2019 14:25:00.000,6231.998,6237.998,6231.997,6234.997,0.0102
15.05.2019 14:26:00.000,6234.998,6234.998,6229.998,6231.998,0.0082
15.05.2019 14:27:00.000,6230.998,6234.998,6228.998,6234.998,0.0087
15.05.2019 14:28:00.000,6234.998,6236.998,6233.998,6234.998,0.014
15.05.2019 14:29:00.000,6234.997,6236.997,6232.998,6233.997,0.0056
15.05.2019 14:30:00.000,6233.997,6234.998,6231.997,6231.997,0.0054
15.05.2019 14:31:00.000,6230.997,6230.998,6225.998,6225.998,0.0083
15.05.2019 14:32:00.000,6226.998,6226.998,6224.997,6225.998,0.0042
15.05.2019 14:33:00.000,6224.998,6225.998,6221.998,6222.997,0.0049
15.05.2019 14:34:00.000,6223.997,6225.998,6221.997,6224.998,0.01
15.05.2019 14:35:00.000,6225.998,6229.998,6224.997,6228.998,0.0127
15.05.2019 14:36:00.000,6229.998,6229.998,6228.997,6228.997,0.0118
15.05.2019 14:37:00.000,6228.998,6229.998,6227.998,6228.998,0.0037
15.05.2019 14:38:00.000,6228.997,6228.998,6224.998,6226.997,0.0052
15.05.2019 14:39:00.000,6226.998,6226.998,6225.997,6226.998,0.0102
15.05.2019 14:40:00.000,6226.997,6227.998,6225.998,6226.997,0.0106
15.05.2019 14:41:00.000,6226.998,6226.998,6226.997,6226.998,0.0025
15.05.2019 14:42:00.000,6227.998,6229.998,6226.997,6229.997,0.0096
15.05.2019 14:43:00.000,6229.997,6229.998,6227.997,6227.998,0.008
15.05.2019 14:44:00.000,6228.998,6232.997,6228.998,6230.998,0.0116
15.05.2019 14:45:00.000,6230.997,6230.998,6228.997,6229.998,0.0099
15.05.2019 14:46:00.000,6229.997,6229.998,6227.997,6229.998,0.0078
15.05.2019 14:47:00.000,6230.998,6230.998,6229.997,6229.998,0.0053
15.05.2019 14:48:00.000,6229.997,6229.998,6228.997,6228.998,0.0033
15.05.2019 14:49:00.000,6228.997,6229.998,6227.997,6228.997,0.0151
15.05.2019 14:50:00.000,6228.997,6229.998,6228.997,6228.998,0.0074
15.05.2019 14:51:00.000,6228.997,6230.998,6228.997,6228.997,0.0053
15.05.2019 14:52:00.000,6229.997,6229.998,6228.997,6229.998,0.0037
15.05.2019 14:53:00.000,6229.997,6230.998,6229.997,6229.998,0.0078
15.05.2019 14:54:00.000,6229.997,6229.998,6229.997,6229.998,0.0035
15.05.2019 14:55:00.000,6229.997,6230.998,6229.997,6229.998,0.0077
15.05.2019 14:56:00.000,6229.997,6229.997,6225.997,6226.997,0.0097
15.05.2019 14:57:00.000,6226.998,6227.998,6222.998,6224.998,0.0056
15.05.2019 14:58:00.000,6224.997,6224.997,6221.998,6223.998,0.0083
15.05.2019 14:59:00.000,6223.998,6227.998,6223.997,6224.998,0.0132
15.05.2019 15:00:00.000,6225.998,6227.998,6225.997,6226.998,0.008
15.05.2019 15:01:00.000,6226.997,6226.998,6224.997,6225.998,0.0065
15.05.2019 15:02:00.000,6226.997,6229.998,6226.997,6229.998,0.0114
15.05.2019 15:03:00.000,6229.997,6229.998,6225.997,6226.997,0.0093
15.05.2019 15:04:00.000,6226.998,6228.998,6226.997,6227.998,0.0127
15.05.2019 15:05:00.000,6227.997,6227.998,6224.997,6226.998,0.0044
15.05.2019 15:06:00.000,6226.997,6227.998,6225.997,6227.997,0.0182
15.05.2019 15:07:00.000,6227.998,6227.998,6226.997,6227.998,0.0034
15.05.2019 15:08:00.000,6227.997,6227.998,6226.997,6226.998,0.0149
15.05.2019 15:09:00.000,6227.997,6231.998,6227.997,6230.998,0.0097
15.05.2019 15:10:00.000,6230.997,6230.998,6228.997,6229.998,0.0108
15.05.2019 15:11:00.000,6229.997,6229.998,6225.997,6227.998,0.0094
15.05.2019 15:12:00.000,6227.997,6227.998,6226.997,6226.998,0.0095
15.05.2019 15:13:00.000,6227.997,6228.998,6227.997,6228.998,0.01
15.05.2019 15:14:00.000,6228.997,6228.998,6223.998,6224.998,0.0123
15.05.2019 15:15:00.000,6224.997,6225.998,6223.997,6224.997,0.0125
15.05.2019 15:16:00.000,6224.998,6226.998,6224.997,6226.997,0.0108
15.05.2019 15:17:00.000,6226.998,6226.998,6226.997,6226.998,0.0127
15.05.2019 15:18:00.000,6225.998,6226.998,6225.997,6226.998,0.0093
15.05.2019 15:19:00.000,6227.998,6229.998,6227.997,6229.998,0.0098
15.05.2019 15:20:00.000,6229.997,6229.998,6227.997,6228.998,0.0116
15.05.2019 15:21:00.000,6228.997,6229.998,6227.997,6228.998,0.0114
15.05.2019 15:22:00.000,6228.998,6229.998,6227.997,6229.997,0.0125
15.05.2019 15:23:00.000,6229.998,6231.998,6229.997,6229.997,0.0107
15.05.2019 15:24:00.000,6229.998,6229.998,6227.997,6227.998,0.0094
15.05.2019 15:25:00.000,6227.997,6230.998,6227.997,6230.998,0.0113
15.05.2019 15:26:00.000,6230.997,6231.998,6228.997,6230.998,0.0185
15.05.2019 15:27:00.000,6230.997,6230.998,6230.997,6230.998,0.0126
15.05.2019 15:28:00.000,6230.997,6235.998,6230.997,6234.997,0.0305
15.05.2019 15:29:00.000,6234.998,6236.998,6233.997,6235.998,0.0089
16.05.2019 07:01:00.000,6209.998,6209.998,6209.998,6209.998,0.0003
16.05.2019 07:03:00.000,6241.998,6241.998,6227.997,6233.997,0.0007
16.05.2019 07:04:00.000,6233.998,6238.998,6233.997,6233.997,0.002
16.05.2019 07:05:00.000,6244.998,6245.998,6228.998,6230.998,0.0032
16.05.2019 07:06:00.000,6222.997,6229.998,6216.997,6229.998,0.0026
16.05.2019 07:07:00.000,6230.997,6235.997,6218.997,6218.997,0.0032
16.05.2019 07:08:00.000,6217.997,6218.998,6210.998,6210.998,0.0017
16.05.2019 07:09:00.000,6208.997,6215.997,6206.997,6207.998,0.0022
16.05.2019 07:10:00.000,6210.998,6210.998,6207.998,6208.998,0.0011
16.05.2019 07:11:00.000,6210.997,6212.998,6202.998,6212.998,0.0022
16.05.2019 07:12:00.000,6213.998,6220.998,6211.998,6212.997,0.0032
16.05.2019 07:13:00.000,6212.997,6224.998,6210.997,6220.998,0.0075
16.05.2019 07:14:00.000,6220.998,6224.997,6216.997,6217.998,0.0026
16.05.2019 07:15:00.000,6217.998,6218.998,6213.997,6213.998,0.0063
16.05.2019 07:16:00.000,6214.998,6218.998,6210.998,6218.998,0.0051
16.05.2019 07:17:00.000,6218.998,6219.998,6208.997,6211.998,0.0079
16.05.2019 07:18:00.000,6211.998,6213.998,6205.997,6209.998,0.007
16.05.2019 07:19:00.000,6210.998,6217.997,6210.997,6217.997,0.0052
16.05.2019 07:20:00.000,6217.998,6231.998,6217.998,6227.997,0.0065
16.05.2019 07:21:00.000,6227.997,6231.998,6223.998,6231.998,0.0067
16.05.2019 07:22:00.000,6231.997,6234.997,6230.998,6230.998,0.0051
16.05.2019 07:23:00.000,6230.998,6232.998,6225.997,6225.997,0.0048
16.05.2019 07:24:00.000,6225.998,6228.998,6220.997,6228.998,0.0045
16.05.2019 07:25:00.000,6228.997,6228.998,6220.998,6224.997,0.0033
16.05.2019 07:26:00.000,6224.998,6225.998,6217.998,6219.998,0.0057
16.05.2019 07:27:00.000,6219.998,6219.998,6213.997,6216.998,0.0035
16.05.2019 07:28:00.000,6219.750,6220.998,6216.998,6220.998,0.0044
16.05.2019 07:29:00.000,6220.998,6220.998,6213.997,6213.997,0.0031
16.05.2019 07:30:00.000,6215.750,6220.998,6215.750,6220.998,0.0017
16.05.2019 07:31:00.000,6220.997,6222.998,6215.998,6218.998,0.0045
16.05.2019 07:32:00.000,6217.998,6219.998,6214.998,6217.998,0.0044
16.05.2019 07:33:00.000,6216.997,6220.998,6216.997,6219.998,0.0053
16.05.2019 07:34:00.000,6219.997,6222.998,6218.998,6222.998,0.0055
16.05.2019 07:35:00.000,6224.997,6224.998,6219.998,6223.998,0.0063
16.05.2019 07:36:00.000,6226.997,6237.998,6223.998,6233.998,0.0067
16.05.2019 07:37:00.000,6233.997,6233.997,6227.997,6227.997,0.0028
16.05.2019 07:38:00.000,6229.998,6229.998,6227.998,6227.998,0.0024
16.05.2019 07:39:00.000,6228.998,6231.997,6228.997,6231.997,0.0027
16.05.2019 07:40:00.000,6230.998,6233.998,6225.998,6229.997,0.0057
16.05.2019 07:41:00.000,6228.997,6233.998,6227.998,6232.998,0.0051
16.05.2019 07:42:00.000,6232.997,6232.997,6230.997,6230.998,0.0012
16.05.2019 07:43:00.000,6230.997,6236.998,6229.997,6236.998,0.0081
16.05.2019 07:44:00.000,6236.998,6241.998,6236.998,6238.998,0.009
16.05.2019 07:45:00.000,6239.997,6241.998,6239.997,6241.998,0.0046
16.05.2019 07:46:00.000,6241.997,6241.997,6238.997,6238.998,0.002
16.05.2019 07:47:00.000,6238.998,6239.998,6235.998,6236.997,0.0023
16.05.2019 07:48:00.000,6237.997,6237.997,6234.997,6236.998,0.0019
16.05.2019 07:49:00.000,6238.998,6239.998,6236.997,6237.997,0.0054
16.05.2019 07:50:00.000,6237.997,6237.997,6230.997,6232.998,0.0087
16.05.2019 07:51:00.000,6230.998,6231.998,6228.997,6228.998,0.0049
16.05.2019 07:52:00.000,6231.500,6231.500,6228.997,6230.998,0.0034
16.05.2019 07:53:00.000,6228.997,6232.998,6225.997,6232.998,0.0086
16.05.2019 07:54:00.000,6233.997,6233.998,6231.997,6231.997,0.0043
16.05.2019 07:55:00.000,6232.998,6232.998,6229.997,6232.998,0.0063
16.05.2019 07:56:00.000,6230.998,6230.998,6227.997,6227.998,0.003
16.05.2019 07:57:00.000,6227.997,6229.998,6225.997,6229.998,0.0051
16.05.2019 07:58:00.000,6229.997,6229.998,6227.997,6227.998,0.0086
16.05.2019 07:59:00.000,6228.997,6229.998,6216.998,6217.998,0.0067
16.05.2019 08:00:00.000,6217.997,6221.998,6216.997,6220.998,0.005
16.05.2019 08:01:00.000,6221.998,6223.998,6220.998,6222.998,0.0065
16.05.2019 08:02:00.000,6222.997,6224.998,6220.998,6224.997,0.0036
16.05.2019 08:03:00.000,6224.998,6229.998,6224.997,6228.998,0.003
16.05.2019 08:04:00.000,6228.997,6229.998,6224.998,6224.998,0.0101
16.05.2019 08:05:00.000,6224.997,6230.998,6221.997,6226.998,0.0108
16.05.2019 08:06:00.000,6227.997,6227.998,6223.997,6225.998,0.0072
16.05.2019 08:07:00.000,6226.997,6227.998,6225.998,6226.998,0.0027
16.05.2019 08:08:00.000,6225.998,6227.998,6224.997,6225.998,0.0054
16.05.2019 08:09:00.000,6226.998,6226.998,6224.997,6225.997,0.0028
16.05.2019 08:10:00.000,6226.998,6226.998,6221.997,6221.997,0.0053
16.05.2019 08:11:00.000,6221.998,6224.998,6217.998,6217.998,0.0066
16.05.2019 08:12:00.000,6218.998,6220.998,6218.997,6218.997,0.0046
16.05.2019 08:13:00.000,6218.998,6219.998,6218.997,6219.997,0.0013
16.05.2019 08:14:00.000,6219.998,6228.998,6218.997,6225.998,0.0074
16.05.2019 08:15:00.000,6225.998,6226.998,6222.997,6226.997,0.0118
16.05.2019 08:16:00.000,6225.998,6227.998,6224.997,6225.997,0.0036
16.05.2019 08:17:00.000,6225.997,6229.997,6223.998,6227.997,0.006
16.05.2019 08:18:00.000,6227.998,6228.998,6226.998,6226.998,0.001
16.05.2019 08:19:00.000,6225.998,6226.998,6222.998,6224.998,0.0062
16.05.2019 08:20:00.000,6224.997,6227.998,6224.997,6226.998,0.008
16.05.2019 08:21:00.000,6227.998,6228.998,6226.997,6228.998,0.0075
16.05.2019 08:22:00.000,6228.997,6228.998,6226.997,6226.997,0.0059
16.05.2019 08:23:00.000,6228.997,6229.998,6224.998,6224.998,0.0017
16.05.2019 08:24:00.000,6225.998,6226.998,6224.997,6225.998,0.0061
16.05.2019 08:25:00.000,6226.997,6226.998,6225.998,6226.997,0.0004
16.05.2019 08:26:00.000,6226.997,6227.998,6226.997,6226.998,0.0035
16.05.2019 08:27:00.000,6226.997,6227.997,6224.998,6226.998,0.0043
16.05.2019 08:28:00.000,6228.997,6228.998,6228.997,6228.998,0.0034
16.05.2019 08:29:00.000,6228.750,6228.998,6226.997,6227.998,0.0084
16.05.2019 08:30:00.000,6227.998,6228.998,6225.997,6225.998,0.0036
16.05.2019 08:31:00.000,6226.997,6226.997,6224.998,6225.998,0.0019
16.05.2019 08:32:00.000,6225.997,6225.997,6224.997,6224.997,0.0023
16.05.2019 08:33:00.000,6224.998,6226.998,6222.998,6223.997,0.0117
16.05.2019 08:34:00.000,6223.998,6226.998,6223.997,6226.997,0.0048
16.05.2019 08:35:00.000,6224.998,6224.998,6223.997,6223.997,0.004
16.05.2019 08:36:00.000,6223.998,6224.998,6218.997,6220.998,0.0071
16.05.2019 08:37:00.000,6220.997,6224.998,6220.997,6224.998,0.0055
16.05.2019 08:38:00.000,6224.997,6224.998,6221.997,6221.998,0.0076
16.05.2019 08:39:00.000,6222.997,6224.998,6218.997,6221.997,0.0122
16.05.2019 08:40:00.000,6221.998,6221.998,6213.997,6213.998,0.0044
16.05.2019 08:41:00.000,6213.997,6214.998,6211.997,6211.998,0.0033
16.05.2019 08:42:00.000,6211.998,6213.998,6209.997,6209.998,0.0062
16.05.2019 08:43:00.000,6210.998,6217.997,6209.998,6217.997,0.0039
16.05.2019 08:44:00.000,6217.998,6220.998,6217.998,6219.997,0.0035
16.05.2019 08:45:00.000,6219.998,6220.998,6219.997,6220.998,0.0016
16.05.2019 08:46:00.000,6220.997,6221.997,6219.997,6220.998,0.0033
16.05.2019 08:47:00.000,6221.998,6222.998,6221.997,6222.998,0.0028
16.05.2019 08:48:00.000,6222.997,6222.998,6219.998,6219.998,0.0067
16.05.2019 08:49:00.000,6219.998,6220.998,6217.997,6219.998,0.0034
16.05.2019 08:50:00.000,6219.997,6220.998,6219.997,6219.997,0.0042
16.05.2019 08:51:00.000,6219.997,6224.998,6217.998,6223.998,0.0089
16.05.2019 08:52:00.000,6223.997,6223.997,6217.997,6219.998,0.0051
16.05.2019 08:53:00.000,6219.997,6220.998,6217.998,6218.998,0.0021
16.05.2019 08:54:00.000,6218.997,6219.998,6216.997,6218.998,0.0027
16.05.2019 08:55:00.000,6218.998,6218.998,6217.997,6218.998,0.0012
16.05.2019 08:56:00.000,6218.997,6222.998,6216.997,6222.998,0.0068
16.05.2019 08:57:00.000,6221.998,6222.998,6221.997,6221.998,0.0041
16.05.2019 08:58:00.000,6221.997,6221.998,6221.997,6221.998,0.0029
16.05.2019 08:59:00.000,6221.997,6222.998,6218.998,6219.998,0.0126
16.05.2019 09:00:00.000,6219.997,6221.998,6219.997,6219.998,0.0034
16.05.2019 09:01:00.000,6220.998,6223.998,6220.997,6223.998,0.0112
16.05.2019 09:02:00.000,6224.998,6224.998,6219.997,6219.997,0.0143
16.05.2019 09:03:00.000,6219.998,6223.998,6219.998,6223.997,0.0045
16.05.2019 09:04:00.000,6223.998,6225.998,6223.997,6225.997,0.0106
16.05.2019 09:05:00.000,6225.998,6227.998,6225.997,6227.998,0.0141
16.05.2019 09:06:00.000,6227.998,6227.998,6225.997,6227.998,0.0054
16.05.2019 09:07:00.000,6227.997,6229.998,6226.997,6228.997,0.0123
16.05.2019 09:08:00.000,6228.998,6228.998,6223.998,6224.998,0.0037
16.05.2019 09:09:00.000,6224.997,6225.998,6224.997,6225.998,0.003
16.05.2019 09:10:00.000,6225.998,6226.998,6225.997,6226.998,0.0017
16.05.2019 09:11:00.000,6226.998,6227.998,6226.997,6227.997,0.0078
16.05.2019 09:12:00.000,6227.998,6227.998,6227.997,6227.998,0.0034
16.05.2019 09:13:00.000,6227.997,6229.998,6227.997,6228.998,0.0065
16.05.2019 09:14:00.000,6229.998,6229.998,6228.997,6228.998,0.0103
16.05.2019 09:15:00.000,6228.998,6229.998,6226.997,6226.997,0.006
16.05.2019 09:16:00.000,6227.998,6227.998,6227.997,6227.997,0.0023
16.05.2019 09:17:00.000,6227.998,6227.998,6227.997,6227.998,0.0037
16.05.2019 09:18:00.000,6228.998,6228.998,6225.998,6226.998,0.0039
16.05.2019 09:19:00.000,6226.997,6226.998,6224.997,6224.998,0.0057
16.05.2019 09:20:00.000,6225.998,6226.998,6223.997,6223.998,0.0037
16.05.2019 09:21:00.000,6223.750,6223.750,6220.997,6220.998,0.003
16.05.2019 09:22:00.000,6219.998,6219.998,6217.997,6219.998,0.0036
16.05.2019 09:23:00.000,6219.997,6221.998,6218.998,6220.998,0.0073
16.05.2019 09:24:00.000,6220.997,6223.998,6220.997,6223.997,0.0045
16.05.2019 09:25:00.000,6222.998,6224.998,6221.998,6222.998,0.0072
16.05.2019 09:26:00.000,6222.997,6224.998,6222.997,6223.998,0.0076
16.05.2019 09:27:00.000,6223.998,6223.998,6222.997,6222.997,0.0036
16.05.2019 09:28:00.000,6222.998,6222.998,6221.997,6221.998,0.0012
16.05.2019 09:29:00.000,6221.997,6222.998,6221.997,6221.998,0.0014
16.05.2019 09:30:00.000,6221.997,6221.998,6219.997,6220.998,0.0131
16.05.2019 09:31:00.000,6220.997,6220.998,6220.997,6220.997,0.0052
16.05.2019 09:32:00.000,6218.998,6219.998,6218.997,6218.998,0.0032
16.05.2019 09:33:00.000,6219.998,6220.998,6219.997,6220.997,0.0075
16.05.2019 09:34:00.000,6220.998,6220.998,6215.997,6215.997,0.003
16.05.2019 09:35:00.000,6216.997,6217.998,6215.998,6216.997,0.003
16.05.2019 09:36:00.000,6216.998,6218.998,6216.997,6217.998,0.0063
16.05.2019 09:37:00.000,6217.998,6217.998,6212.998,6213.998,0.0073
16.05.2019 09:38:00.000,6215.998,6215.998,6213.998,6213.998,0.0027
16.05.2019 09:39:00.000,6213.998,6218.998,6213.997,6218.998,0.0091
16.05.2019 09:40:00.000,6218.997,6220.998,6217.997,6217.998,0.003
16.05.2019 09:41:00.000,6217.997,6220.998,6217.997,6220.998,0.005
16.05.2019 09:42:00.000,6220.997,6222.998,6220.997,6222.998,0.0074
16.05.2019 09:43:00.000,6223.997,6223.998,6222.997,6222.997,0.0027
16.05.2019 09:44:00.000,6221.997,6222.998,6219.997,6221.997,0.0041
16.05.2019 09:45:00.000,6221.998,6223.998,6220.998,6223.998,0.0132
16.05.2019 09:46:00.000,6223.997,6226.998,6223.997,6226.998,0.0039
16.05.2019 09:47:00.000,6225.998,6229.998,6225.998,6227.998,0.0119
16.05.2019 09:48:00.000,6227.998,6228.998,6227.998,6228.997,0.012
16.05.2019 09:49:00.000,6228.998,6228.998,6228.997,6228.998,0.0036
16.05.2019 09:50:00.000,6228.998,6231.998,6228.997,6231.997,0.0158
16.05.2019 09:51:00.000,6231.998,6232.998,6226.998,6227.998,0.0069
16.05.2019 09:52:00.000,6227.998,6228.998,6227.998,6228.998,0.0093
16.05.2019 09:53:00.000,6228.750,6229.998,6226.997,6228.998,0.01
16.05.2019 09:54:00.000,6228.997,6228.998,6228.997,6228.998,0.001
16.05.2019 09:55:00.000,6228.997,6228.998,6226.997,6228.998,0.0044
16.05.2019 09:56:00.000,6228.997,6228.998,6227.997,6227.998,0.0042
16.05.2019 09:57:00.000,6228.998,6230.997,6228.997,6228.998,0.0054
16.05.2019 09:58:00.000,6228.750,6228.750,6224.998,6227.998,0.0063
16.05.2019 09:59:00.000,6227.997,6228.998,6226.997,6228.998,0.0046
16.05.2019 10:00:00.000,6227.998,6228.998,6227.998,6228.998,0.005
16.05.2019 10:01:00.000,6227.998,6228.998,6227.997,6228.997,0.0114
16.05.2019 10:02:00.000,6228.998,6233.998,6228.997,6233.998,0.0055
16.05.2019 10:03:00.000,6233.998,6236.997,6233.997,6236.997,0.0042
16.05.2019 10:04:00.000,6237.997,6238.998,6235.998,6236.998,0.0068
16.05.2019 10:05:00.000,6236.997,6236.998,6234.997,6234.997,0.0141
16.05.2019 10:06:00.000,6234.998,6242.998,6234.998,6240.998,0.0116
16.05.2019 10:07:00.000,6239.998,6239.998,6236.997,6237.998,0.0084
16.05.2019 10:08:00.000,6237.997,6237.997,6235.997,6235.998,0.0049
16.05.2019 10:09:00.000,6236.997,6238.998,6235.998,6236.998,0.0098
16.05.2019 10:10:00.000,6236.998,6237.998,6235.998,6236.997,0.01
16.05.2019 10:11:00.000,6236.997,6236.998,6236.997,6236.997,0.0125
16.05.2019 10:12:00.000,6236.997,6236.998,6236.997,6236.998,0.0028
16.05.2019 10:13:00.000,6236.998,6241.998,6236.997,6241.998,0.0088
16.05.2019 10:14:00.000,6241.997,6247.998,6241.997,6242.997,0.012
16.05.2019 10:15:00.000,6242.998,6249.998,6242.998,6244.998,0.0103
16.05.2019 10:16:00.000,6245.997,6247.998,6245.997,6246.998,0.0053
16.05.2019 10:17:00.000,6246.997,6250.998,6246.997,6249.997,0.008
16.05.2019 10:18:00.000,6249.998,6252.998,6249.997,6251.998,0.0052
16.05.2019 10:19:00.000,6251.998,6254.998,6251.998,6253.997,0.0061
16.05.2019 10:20:00.000,6254.998,6255.998,6250.998,6250.998,0.0045
16.05.2019 10:21:00.000,6250.997,6251.997,6248.998,6248.998,0.0105
16.05.2019 10:22:00.000,6249.997,6249.998,6247.997,6247.998,0.0017
16.05.2019 10:23:00.000,6247.997,6249.998,6247.997,6249.997,0.0044
16.05.2019 10:24:00.000,6249.998,6252.997,6249.997,6251.998,0.0033
16.05.2019 10:25:00.000,6252.998,6252.998,6249.998,6251.998,0.0073
16.05.2019 10:26:00.000,6251.998,6252.998,6250.997,6252.997,0.0028
16.05.2019 10:27:00.000,6252.997,6252.998,6251.997,6252.997,0.0037
16.05.2019 10:28:00.000,6252.997,6253.998,6251.997,6251.998,0.0028
16.05.2019 10:29:00.000,6252.997,6252.998,6251.997,6251.998,0.003
16.05.2019 10:30:00.000,6251.998,6252.997,6251.997,6251.998,0.0052
16.05.2019 10:31:00.000,6251.998,6251.998,6249.998,6251.998,0.0023
16.05.2019 10:32:00.000,6251.998,6251.998,6246.997,6247.998,0.0061
16.05.2019 10:33:00.000,6247.750,6247.750,6244.997,6246.998,0.0033
16.05.2019 10:34:00.000,6246.998,6246.998,6241.997,6241.998,0.0089
16.05.2019 10:35:00.000,6242.997,6242.998,6238.997,6238.998,0.0045
16.05.2019 10:36:00.000,6238.997,6243.998,6238.997,6243.998,0.0062
16.05.2019 10:37:00.000,6241.997,6244.997,6241.997,6243.998,0.0058
16.05.2019 10:38:00.000,6244.998,6244.998,6243.997,6243.998,0.0026
16.05.2019 10:39:00.000,6244.998,6246.998,6241.997,6245.998,0.0098
16.05.2019 10:40:00.000,6245.998,6246.998,6243.997,6245.998,0.001
16.05.2019 10:41:00.000,6243.998,6243.998,6243.998,6243.998,0.0017
16.05.2019 10:42:00.000,6243.997,6243.998,6239.997,6241.998,0.0041
16.05.2019 10:43:00.000,6241.998,6241.998,6240.997,6240.997,0.0069
16.05.2019 10:44:00.000,6240.998,6240.998,6237.997,6237.998,0.0011
16.05.2019 10:45:00.000,6236.998,6237.998,6231.997,6232.998,0.0106
16.05.2019 10:46:00.000,6232.997,6233.998,6230.997,6232.998,0.0045
16.05.2019 10:47:00.000,6232.997,6232.997,6230.998,6231.998,0.002
16.05.2019 10:48:00.000,6231.997,6233.998,6231.997,6233.998,0.0028
16.05.2019 10:49:00.000,6232.997,6239.998,6232.997,6238.998,0.0085
16.05.2019 10:50:00.000,6238.997,6238.998,6237.997,6237.998,0.0054
16.05.2019 10:51:00.000,6238.998,6242.998,6238.997,6242.998,0.0042
16.05.2019 10:52:00.000,6242.997,6244.998,6242.997,6244.998,0.0069
16.05.2019 10:53:00.000,6243.997,6247.998,6243.997,6247.997,0.0079
16.05.2019 10:54:00.000,6247.998,6248.998,6246.998,6247.998,0.0032
16.05.2019 10:55:00.000,6247.998,6248.998,6244.997,6246.998,0.0053
16.05.2019 10:56:00.000,6246.997,6248.998,6242.997,6242.997,0.011
16.05.2019 10:57:00.000,6242.998,6245.750,6242.997,6244.997,0.0063
16.05.2019 10:58:00.000,6244.997,6245.997,6240.997,6240.997,0.0045
16.05.2019 10:59:00.000,6240.998,6243.997,6240.997,6240.998,0.0059
16.05.2019 11:00:00.000,6241.997,6241.998,6237.997,6237.997,0.0013
16.05.2019 11:01:00.000,6238.998,6238.998,6238.998,6238.998,0.0001
16.05.2019 11:02:00.000,6238.998,6242.998,6238.998,6242.998,0.0016
16.05.2019 11:03:00.000,6242.997,6246.998,6240.997,6246.998,0.0063
16.05.2019 11:04:00.000,6246.997,6248.998,6242.998,6242.998,0.0055
16.05.2019 11:05:00.000,6242.997,6243.998,6239.997,6239.997,0.0075
16.05.2019 11:06:00.000,6240.997,6243.998,6239.997,6240.997,0.0037
16.05.2019 11:07:00.000,6240.998,6240.998,6236.997,6238.998,0.0092
16.05.2019 11:08:00.000,6238.998,6238.998,6235.998,6238.998,0.001
16.05.2019 11:09:00.000,6239.998,6242.998,6239.998,6240.998,0.0035
16.05.2019 11:10:00.000,6240.998,6240.998,6236.998,6237.998,0.0032
16.05.2019 11:11:00.000,6237.997,6237.998,6236.997,6236.998,0.0024
16.05.2019 11:12:00.000,6236.997,6238.998,6236.997,6236.998,0.004
16.05.2019 11:13:00.000,6236.997,6239.998,6235.997,6238.998,0.0035
16.05.2019 11:14:00.000,6239.998,6239.998,6239.997,6239.997,0.0071
16.05.2019 11:15:00.000,6239.998,6239.998,6237.997,6237.998,0.0064
16.05.2019 11:16:00.000,6238.997,6241.998,6238.997,6240.997,0.0027
16.05.2019 11:17:00.000,6239.998,6239.998,6235.998,6237.998,0.0035
16.05.2019 11:18:00.000,6236.997,6237.998,6235.998,6235.998,0.0014
16.05.2019 11:19:00.000,6235.997,6236.998,6233.997,6235.998,0.0049
16.05.2019 11:20:00.000,6235.997,6236.998,6234.998,6236.998,0.0036
16.05.2019 11:21:00.000,6237.997,6238.998,6236.997,6238.998,0.0047
16.05.2019 11:22:00.000,6238.997,6238.998,6238.997,6238.998,0.0023
16.05.2019 11:23:00.000,6238.998,6240.998,6238.998,6239.998,0.0024
16.05.2019 11:24:00.000,6239.997,6239.998,6237.998,6237.998,0.0041
16.05.2019 11:25:00.000,6238.998,6240.998,6238.998,6240.998,0.0035
16.05.2019 11:26:00.000,6239.998,6239.998,6234.997,6235.998,0.0044
16.05.2019 11:27:00.000,6235.997,6235.998,6234.997,6234.998,0.0027
16.05.2019 11:28:00.000,6233.998,6235.998,6233.998,6235.998,0.0006
16.05.2019 11:29:00.000,6236.998,6236.998,6235.997,6236.998,0.0048
16.05.2019 11:30:00.000,6237.998,6239.998,6237.997,6239.998,0.0016
16.05.2019 11:31:00.000,6239.997,6239.997,6234.997,6236.998,0.0041
16.05.2019 11:32:00.000,6236.997,6240.998,6236.997,6239.997,0.0042
16.05.2019 11:33:00.000,6239.998,6241.998,6239.997,6241.998,0.001
16.05.2019 11:34:00.000,6241.997,6244.998,6241.997,6242.998,0.0041
16.05.2019 11:35:00.000,6242.997,6242.998,6238.998,6238.998,0.0029
16.05.2019 11:36:00.000,6238.997,6239.998,6237.997,6239.998,0.0016
16.05.2019 11:37:00.000,6238.998,6238.998,6234.997,6236.998,0.0095
16.05.2019 11:38:00.000,6237.997,6237.998,6236.997,6237.997,0.0022
16.05.2019 11:39:00.000,6236.997,6240.998,6236.997,6240.998,0.0036
16.05.2019 11:40:00.000,6241.997,6241.997,6238.997,6239.998,0.0036
16.05.2019 11:41:00.000,6240.998,6241.998,6234.997,6234.997,0.0074
16.05.2019 11:42:00.000,6234.998,6238.998,6234.997,6237.998,0.0131
16.05.2019 11:43:00.000,6237.998,6237.998,6233.997,6233.997,0.0073
16.05.2019 11:44:00.000,6234.998,6237.998,6233.997,6235.998,0.0073
16.05.2019 11:45:00.000,6235.998,6239.998,6234.997,6239.998,0.0107
16.05.2019 11:46:00.000,6239.998,6240.998,6236.997,6238.998,0.013
16.05.2019 11:47:00.000,6239.998,6239.998,6237.997,6238.997,0.0077
16.05.2019 11:48:00.000,6238.998,6238.998,6236.998,6238.997,0.0035
16.05.2019 11:49:00.000,6238.998,6240.998,6238.998,6240.998,0.0043
16.05.2019 11:50:00.000,6240.997,6242.998,6236.997,6237.998,0.01
16.05.2019 11:51:00.000,6238.998,6238.998,6236.997,6238.998,0.0055
16.05.2019 11:52:00.000,6237.997,6238.998,6236.998,6238.998,0.0028
16.05.2019 11:53:00.000,6238.997,6239.997,6238.997,6238.998,0.0067
16.05.2019 11:54:00.000,6238.997,6238.998,6234.998,6236.997,0.0111
16.05.2019 11:55:00.000,6236.998,6236.998,6232.998,6236.998,0.009
16.05.2019 11:56:00.000,6236.997,6238.998,6236.997,6237.997,0.0079
16.05.2019 11:57:00.000,6238.997,6241.998,6236.998,6241.998,0.0031
16.05.2019 11:58:00.000,6241.997,6241.998,6241.997,6241.997,0.0025
16.05.2019 11:59:00.000,6241.997,6245.998,6239.997,6245.997,0.0082
16.05.2019 12:00:00.000,6246.997,6246.998,6244.997,6245.998,0.0055
16.05.2019 12:01:00.000,6245.998,6248.998,6245.998,6247.998,0.0016
16.05.2019 12:02:00.000,6247.997,6247.998,6247.997,6247.998,0.0044
16.05.2019 12:03:00.000,6248.998,6249.997,6247.998,6248.998,0.0013
16.05.2019 12:04:00.000,6248.998,6249.998,6248.997,6248.997,0.0047
16.05.2019 12:05:00.000,6247.998,6247.998,6245.997,6247.998,0.0049
16.05.2019 12:06:00.000,6247.997,6248.998,6247.997,6247.997,0.0039
16.05.2019 12:07:00.000,6247.998,6248.998,6247.997,6248.998,0.0019
16.05.2019 12:08:00.000,6248.997,6248.997,6246.997,6247.998,0.0053
16.05.2019 12:09:00.000,6247.997,6247.997,6246.997,6246.998,0.0021
16.05.2019 12:10:00.000,6247.998,6248.998,6247.997,6247.998,0.0014
16.05.2019 12:11:00.000,6248.997,6249.998,6246.997,6248.998,0.0056
16.05.2019 12:12:00.000,6248.997,6248.998,6245.998,6245.998,0.0049
16.05.2019 12:13:00.000,6245.998,6245.998,6240.997,6240.998,0.0033
16.05.2019 12:14:00.000,6242.997,6243.998,6242.997,6242.998,0.0044
16.05.2019 12:15:00.000,6243.997,6245.998,6243.997,6244.997,0.0088
16.05.2019 12:16:00.000,6245.997,6245.998,6244.997,6245.998,0.0081
16.05.2019 12:17:00.000,6245.997,6246.998,6245.997,6246.998,0.0016
16.05.2019 12:18:00.000,6246.997,6247.998,6246.997,6247.998,0.003
16.05.2019 12:19:00.000,6247.997,6247.997,6245.997,6245.997,0.0063
16.05.2019 12:20:00.000,6245.998,6249.997,6245.998,6247.997,0.008
16.05.2019 12:21:00.000,6247.998,6249.997,6247.997,6248.998,0.0027
16.05.2019 12:22:00.000,6249.998,6254.998,6249.997,6254.998,0.0051
16.05.2019 12:23:00.000,6254.998,6256.998,6252.998,6255.997,0.0113
16.05.2019 12:24:00.000,6255.998,6255.998,6249.997,6250.998,0.0037
16.05.2019 12:25:00.000,6250.997,6250.998,6248.997,6248.997,0.0011
16.05.2019 12:26:00.000,6248.998,6251.998,6248.997,6251.998,0.006
16.05.2019 12:27:00.000,6251.998,6252.998,6251.997,6252.998,0.0014
16.05.2019 12:28:00.000,6252.997,6252.998,6251.997,6251.998,0.0012
16.05.2019 12:29:00.000,6251.997,6253.998,6251.997,6253.997,0.0059
16.05.2019 12:30:00.000,6253.998,6254.998,6253.997,6254.997,0.0048
16.05.2019 12:31:00.000,6254.998,6257.998,6254.997,6257.998,0.0075
16.05.2019 12:32:00.000,6257.997,6257.997,6254.997,6254.998,0.002
16.05.2019 12:33:00.000,6254.997,6255.998,6254.997,6254.997,0.0035
16.05.2019 12:34:00.000,6255.997,6256.998,6255.997,6255.998,0.0025
16.05.2019 12:35:00.000,6255.997,6256.998,6255.997,6255.998,0.002
16.05.2019 12:36:00.000,6255.997,6255.997,6248.998,6251.997,0.0064
16.05.2019 12:37:00.000,6251.998,6251.998,6250.997,6250.998,0.0023
16.05.2019 12:38:00.000,6250.997,6252.998,6250.997,6251.998,0.0038
16.05.2019 12:39:00.000,6251.997,6252.998,6250.997,6250.998,0.0064
16.05.2019 12:40:00.000,6251.997,6252.998,6250.997,6252.998,0.0029
16.05.2019 12:41:00.000,6251.998,6252.998,6250.997,6252.997,0.0087
16.05.2019 12:42:00.000,6252.998,6252.998,6249.997,6249.998,0.008
16.05.2019 12:43:00.000,6249.998,6249.998,6249.997,6249.997,0.0004
16.05.2019 12:44:00.000,6249.998,6249.998,6249.997,6249.998,0.0036
16.05.2019 12:45:00.000,6250.997,6250.997,6246.997,6246.998,0.0052
16.05.2019 12:46:00.000,6246.997,6246.998,6241.997,6244.997,0.006
16.05.2019 12:47:00.000,6244.998,6245.998,6244.997,6245.998,0.0023
16.05.2019 12:48:00.000,6245.998,6245.998,6245.997,6245.998,0.0021
16.05.2019 12:49:00.000,6245.998,6246.998,6245.997,6246.998,0.0024
16.05.2019 12:50:00.000,6246.997,6246.998,6242.998,6246.998,0.0024
16.05.2019 12:51:00.000,6246.997,6247.998,6246.997,6247.998,0.0042
16.05.2019 12:52:00.000,6247.998,6249.998,6246.998,6248.997,0.0085
16.05.2019 12:53:00.000,6248.998,6249.998,6248.997,6248.997,0.0116
16.05.2019 12:54:00.000,6248.998,6248.998,6246.998,6248.998,0.0023
16.05.2019 12:55:00.000,6248.998,6249.998,6244.997,6247.997,0.0048
16.05.2019 12:56:00.000,6247.998,6248.998,6247.998,6248.998,0.001
16.05.2019 12:57:00.000,6248.997,6248.998,6248.997,6248.998,0.0039
16.05.2019 12:58:00.000,6248.997,6249.998,6247.997,6249.997,0.004
16.05.2019 12:59:00.000,6249.998,6249.998,6248.997,6248.998,0.002
16.05.2019 13:00:00.000,6248.997,6248.998,6247.997,6247.998,0.0046
16.05.2019 13:01:00.000,6247.997,6249.998,6247.997,6247.997,0.0045
16.05.2019 13:02:00.000,6247.998,6247.998,6243.997,6243.998,0.0056
16.05.2019 13:03:00.000,6244.997,6244.998,6240.997,6240.998,0.0075
16.05.2019 13:04:00.000,6240.997,6240.998,6238.997,6238.998,0.0014
16.05.2019 13:05:00.000,6239.998,6242.998,6238.997,6242.998,0.0035
16.05.2019 13:06:00.000,6242.997,6243.998,6241.997,6243.997,0.0026
16.05.2019 13:07:00.000,6243.998,6243.998,6236.997,6236.997,0.0082
16.05.2019 13:08:00.000,6237.997,6241.998,6236.997,6241.998,0.0047
16.05.2019 13:09:00.000,6241.998,6242.998,6241.998,6242.998,0.0011
16.05.2019 13:10:00.000,6242.997,6242.998,6241.997,6241.997,0.0026
16.05.2019 13:11:00.000,6241.998,6242.998,6241.997,6242.998,0.0063
16.05.2019 13:12:00.000,6241.998,6241.998,6236.997,6236.998,0.0064
16.05.2019 13:13:00.000,6236.998,6241.998,6236.997,6240.998,0.0024
16.05.2019 13:14:00.000,6241.998,6241.998,6240.997,6241.998,0.005
16.05.2019 13:15:00.000,6241.750,6241.750,6238.998,6240.998,0.0052
16.05.2019 13:16:00.000,6240.997,6240.997,6235.998,6235.998,0.0026
16.05.2019 13:17:00.000,6235.997,6236.998,6235.997,6236.998,0.0056
16.05.2019 13:18:00.000,6236.997,6237.998,6236.997,6237.998,0.0016
16.05.2019 13:19:00.000,6237.997,6237.998,6236.997,6237.998,0.0024
16.05.2019 13:20:00.000,6237.997,6237.997,6232.998,6233.998,0.0016
16.05.2019 13:21:00.000,6233.998,6233.998,6228.997,6229.998,0.0031
16.05.2019 13:22:00.000,6230.998,6231.998,6228.998,6230.998,0.003
16.05.2019 13:23:00.000,6230.997,6231.998,6228.997,6229.997,0.0067
16.05.2019 13:24:00.000,6229.998,6230.998,6226.997,6230.998,0.0045
16.05.2019 13:25:00.000,6230.998,6231.998,6230.997,6231.998,0.0045
16.05.2019 13:26:00.000,6231.997,6231.998,6229.997,6229.997,0.006
16.05.2019 13:27:00.000,6229.998,6231.998,6229.998,6230.998,0.01
16.05.2019 13:28:00.000,6230.998,6230.998,6226.997,6228.998,0.0102
16.05.2019 13:29:00.000,6228.998,6229.998,6228.997,6228.998,0.0072
16.05.2019 13:30:00.000,6228.998,6228.998,6225.997,6226.998,0.009
16.05.2019 13:31:00.000,6225.997,6225.998,6222.997,6223.998,0.005
16.05.2019 13:32:00.000,6224.997,6225.998,6222.997,6223.997,0.007
16.05.2019 13:33:00.000,6223.998,6224.998,6221.997,6222.998,0.0133
16.05.2019 13:34:00.000,6222.997,6222.998,6220.997,6221.998,0.007
16.05.2019 13:35:00.000,6221.998,6221.998,6218.997,6221.997,0.0123
16.05.2019 13:36:00.000,6221.998,6221.998,6217.997,6217.998,0.0074
16.05.2019 13:37:00.000,6217.997,6218.998,6217.997,6217.998,0.0069
16.05.2019 13:38:00.000,6217.997,6217.998,6216.997,6217.998,0.0083
16.05.2019 13:39:00.000,6217.998,6219.998,6217.997,6219.998,0.0073
16.05.2019 13:40:00.000,6219.997,6219.998,6218.997,6218.998,0.0141
16.05.2019 13:41:00.000,6218.997,6220.998,6218.997,6220.998,0.0066
16.05.2019 13:42:00.000,6220.998,6220.998,6214.998,6215.997,0.0098
16.05.2019 13:43:00.000,6215.998,6216.998,6212.997,6216.997,0.0058
16.05.2019 13:44:00.000,6216.998,6216.998,6214.997,6215.998,0.0037
16.05.2019 13:45:00.000,6215.997,6218.998,6215.997,6217.998,0.0069
16.05.2019 13:46:00.000,6217.997,6220.998,6217.997,6220.998,0.0187
16.05.2019 13:47:00.000,6220.997,6224.998,6220.997,6224.998,0.0146
16.05.2019 13:48:00.000,6224.997,6227.998,6223.997,6227.997,0.0284
16.05.2019 13:49:00.000,6227.998,6229.998,6226.997,6227.998,0.0137
16.05.2019 13:50:00.000,6227.998,6229.998,6224.998,6229.998,0.0067
16.05.2019 13:51:00.000,6229.997,6232.998,6228.997,6232.997,0.0075
16.05.2019 13:52:00.000,6233.997,6238.997,6233.997,6238.997,0.0048
16.05.2019 13:53:00.000,6238.998,6243.998,6238.998,6242.998,0.006
16.05.2019 13:54:00.000,6242.997,6242.997,6234.998,6236.997,0.0099
16.05.2019 13:55:00.000,6236.998,6241.998,6236.998,6240.997,0.0056
16.05.2019 13:56:00.000,6240.997,6240.998,6234.997,6234.998,0.0068
16.05.2019 13:57:00.000,6234.997,6238.998,6234.997,6237.998,0.0069
16.05.2019 13:58:00.000,6237.998,6241.998,6237.997,6240.998,0.0103
16.05.2019 13:59:00.000,6240.997,6241.998,6237.997,6238.998,0.0078
16.05.2019 14:00:00.000,6238.998,6239.998,6237.997,6238.998,0.0109
16.05.2019 14:01:00.000,6239.998,6245.998,6239.997,6243.998,0.0105
16.05.2019 14:02:00.000,6243.998,6244.998,6242.998,6243.998,0.0046
16.05.2019 14:03:00.000,6242.998,6242.998,6240.997,6242.997,0.0071
16.05.2019 14:04:00.000,6242.998,6244.998,6242.997,6243.997,0.0118
16.05.2019 14:05:00.000,6243.998,6247.998,6243.997,6247.997,0.0095
16.05.2019 14:06:00.000,6247.997,6249.998,6244.997,6249.998,0.0166
16.05.2019 14:07:00.000,6249.997,6251.750,6249.997,6249.997,0.0052
16.05.2019 14:08:00.000,6249.997,6249.997,6243.997,6243.998,0.0065
16.05.2019 14:09:00.000,6244.997,6244.998,6243.997,6243.997,0.0017
16.05.2019 14:10:00.000,6243.998,6244.998,6242.997,6242.998,0.0083
16.05.2019 14:11:00.000,6242.997,6245.998,6241.998,6245.997,0.0045
16.05.2019 14:12:00.000,6245.998,6248.997,6245.997,6248.997,0.0062
16.05.2019 14:13:00.000,6247.998,6247.998,6245.998,6246.998,0.0145
16.05.2019 14:14:00.000,6246.997,6246.998,6244.997,6245.998,0.0053
16.05.2019 14:15:00.000,6245.997,6246.998,6245.997,6246.998,0.0071
16.05.2019 14:16:00.000,6246.997,6247.998,6246.997,6246.998,0.005
16.05.2019 14:17:00.000,6246.998,6248.998,6246.998,6247.998,0.0041
16.05.2019 14:18:00.000,6245.998,6246.998,6245.997,6246.998,0.0057
16.05.2019 14:19:00.000,6247.998,6248.998,6246.997,6248.998,0.0075
16.05.2019 14:20:00.000,6248.997,6249.997,6245.997,6245.997,0.0095
16.05.2019 14:21:00.000,6245.998,6249.998,6245.997,6248.998,0.0072
16.05.2019 14:22:00.000,6248.998,6249.998,6247.997,6247.998,0.0061
16.05.2019 14:23:00.000,6248.998,6248.998,6243.997,6245.997,0.0043
16.05.2019 14:24:00.000,6246.997,6247.998,6243.997,6245.997,0.0051
16.05.2019 14:25:00.000,6245.998,6248.998,6245.997,6248.998,0.0042
16.05.2019 14:26:00.000,6248.997,6249.998,6245.998,6246.998,0.0029
16.05.2019 14:27:00.000,6246.997,6247.998,6246.997,6247.998,0.0076
16.05.2019 14:28:00.000,6247.998,6249.998,6247.997,6249.998,0.0052
16.05.2019 14:29:00.000,6248.998,6249.998,6243.998,6246.998,0.0096
16.05.2019 14:30:00.000,6246.997,6249.998,6246.997,6247.998,0.009
16.05.2019 14:31:00.000,6248.997,6248.998,6245.997,6245.998,0.0029
16.05.2019 14:32:00.000,6245.997,6247.998,6243.997,6247.998,0.0067
16.05.2019 14:33:00.000,6248.998,6249.998,6248.997,6248.998,0.0105
16.05.2019 14:34:00.000,6248.997,6250.998,6245.998,6250.998,0.0071
16.05.2019 14:35:00.000,6250.997,6250.998,6249.998,6249.998,0.0039
16.05.2019 14:36:00.000,6249.998,6250.998,6249.997,6249.998,0.0032
16.05.2019 14:37:00.000,6249.997,6249.998,6245.998,6246.998,0.007
16.05.2019 14:38:00.000,6246.997,6247.998,6243.998,6246.998,0.0079
16.05.2019 14:39:00.000,6245.997,6246.998,6245.997,6246.998,0.0018
16.05.2019 14:40:00.000,6246.997,6246.998,6243.997,6243.998,0.004
16.05.2019 14:41:00.000,6243.998,6244.998,6243.997,6244.997,0.0041
16.05.2019 14:42:00.000,6244.998,6245.998,6243.997,6244.998,0.0104
16.05.2019 14:43:00.000,6244.997,6244.997,6240.997,6241.997,0.0034
16.05.2019 14:44:00.000,6241.998,6241.998,6241.997,6241.998,0.0024
16.05.2019 14:45:00.000,6240.997,6240.998,6239.997,6239.998,0.0015
16.05.2019 14:46:00.000,6239.750,6239.750,6236.998,6238.997,0.0058
16.05.2019 14:47:00.000,6238.998,6238.998,6236.997,6237.998,0.0057
16.05.2019 14:48:00.000,6237.997,6238.998,6234.997,6235.998,0.0065
16.05.2019 14:49:00.000,6235.997,6236.998,6233.997,6233.998,0.0044
16.05.2019 14:50:00.000,6234.997,6234.998,6234.997,6234.998,0.0029
16.05.2019 14:51:00.000,6234.997,6235.997,6231.997,6234.998,0.0071
16.05.2019 14:52:00.000,6235.997,6237.998,6234.997,6237.998,0.0085
16.05.2019 14:53:00.000,6236.998,6236.998,6235.997,6236.997,0.0053
16.05.2019 14:54:00.000,6236.998,6236.998,6235.997,6235.997,0.0069
16.05.2019 14:55:00.000,6235.998,6236.998,6235.997,6236.998,0.0089
16.05.2019 14:56:00.000,6236.998,6238.998,6236.997,6238.998,0.0095
16.05.2019 14:57:00.000,6238.997,6240.998,6238.997,6239.998,0.0149
16.05.2019 14:58:00.000,6239.997,6239.998,6238.997,6239.998,0.0081
16.05.2019 14:59:00.000,6239.997,6239.998,6235.997,6236.998,0.0103
16.05.2019 15:00:00.000,6235.998,6240.998,6235.997,6240.998,0.0197
16.05.2019 15:01:00.000,6240.997,6240.998,6236.997,6236.998,0.0112
16.05.2019 15:02:00.000,6236.997,6237.998,6235.997,6236.997,0.0113
16.05.2019 15:03:00.000,6236.998,6238.998,6236.997,6238.997,0.0209
16.05.2019 15:04:00.000,6238.998,6238.998,6237.997,6238.998,0.0135
16.05.2019 15:05:00.000,6239.998,6240.998,6238.997,6238.998,0.0115
16.05.2019 15:06:00.000,6238.997,6240.998,6238.997,6238.998,0.013
16.05.2019 15:07:00.000,6238.997,6239.998,6238.997,6238.998,0.0074
16.05.2019 15:08:00.000,6238.997,6239.998,6238.997,6239.998,0.0081
16.05.2019 15:09:00.000,6239.997,6243.998,6239.997,6243.998,0.0246
16.05.2019 15:10:00.000,6243.997,6243.998,6239.997,6240.997,0.0169
16.05.2019 15:11:00.000,6240.998,6242.998,6240.998,6242.997,0.0154
16.05.2019 15:12:00.000,6242.998,6242.998,6238.997,6241.998,0.0078
16.05.2019 15:13:00.000,6241.997,6242.998,6239.997,6240.998,0.0128
16.05.2019 15:14:00.000,6240.997,6241.998,6239.997,6240.998,0.0078
16.05.2019 15:15:00.000,6239.998,6240.998,6239.997,6240.998,0.0129
16.05.2019 15:16:00.000,6240.997,6241.998,6240.997,6241.998,0.0079
16.05.2019 15:17:00.000,6241.997,6242.998,6238.997,6242.998,0.0051
16.05.2019 15:18:00.000,6242.997,6242.998,6241.997,6242.998,0.0086
16.05.2019 15:19:00.000,6242.997,6242.998,6240.997,6242.998,0.0071
16.05.2019 15:20:00.000,6243.998,6243.998,6241.997,6242.997,0.0115
16.05.2019 15:21:00.000,6242.998,6247.998,6242.997,6247.997,0.0122
16.05.2019 15:22:00.000,6247.998,6248.998,6247.997,6248.997,0.0058
16.05.2019 15:23:00.000,6248.997,6248.997,6246.997,6246.998,0.0085
16.05.2019 15:24:00.000,6246.997,6247.998,6244.998,6247.998,0.0074
16.05.2019 15:25:00.000,6247.997,6249.998,6247.997,6248.997,0.0205
16.05.2019 15:26:00.000,6248.998,6249.998,6247.997,6249.998,0.0103
16.05.2019 15:27:00.000,6248.998,6251.998,6248.997,6250.998,0.0169
16.05.2019 15:28:00.000,6250.997,6251.998,6249.997,6251.997,0.0122
16.05.2019 15:29:00.000,6251.998,6255.998,6251.997,6253.998,0.0146
17.05.2019 07:01:00.000,6217.998,6233.998,6217.997,6226.998,0.0018
17.05.2019 07:02:00.000,6226.998,6227.998,6219.998,6219.998,0.0008
17.05.2019 07:03:00.000,6222.998,6223.998,6219.998,6219.998,0.0025
17.05.2019 07:04:00.000,6223.997,6223.997,6217.997,6218.998,0.0038
17.05.2019 07:05:00.000,6213.997,6213.998,6200.997,6210.998,0.0047
17.05.2019 07:06:00.000,6211.998,6217.998,6210.998,6213.998,0.004
17.05.2019 07:07:00.000,6213.997,6213.997,6206.998,6206.998,0.0012
17.05.2019 07:08:00.000,6206.998,6211.997,6203.997,6209.998,0.0036
17.05.2019 07:09:00.000,6209.998,6217.998,6209.998,6217.997,0.0028
17.05.2019 07:10:00.000,6217.998,6225.998,6214.998,6224.998,0.0068
17.05.2019 07:11:00.000,6224.997,6235.998,6224.997,6235.998,0.0049
17.05.2019 07:12:00.000,6231.998,6240.997,6230.998,6240.997,0.0064
17.05.2019 07:13:00.000,6240.998,6246.998,6240.997,6246.997,0.0032
17.05.2019 07:14:00.000,6246.998,6248.998,6238.998,6240.998,0.0033
17.05.2019 07:15:00.000,6244.998,6246.998,6242.998,6245.998,0.0024
17.05.2019 07:16:00.000,6246.998,6246.998,6232.997,6241.998,0.0042
17.05.2019 07:17:00.000,6241.998,6241.998,6235.997,6236.998,0.0028
17.05.2019 07:18:00.000,6236.997,6237.998,6234.997,6236.998,0.0021
17.05.2019 07:19:00.000,6237.997,6239.997,6234.998,6234.998,0.0012
17.05.2019 07:20:00.000,6237.998,6237.998,6229.998,6234.998,0.0034
17.05.2019 07:21:00.000,6235.998,6235.998,6228.997,6231.998,0.0048
17.05.2019 07:22:00.000,6231.998,6232.998,6231.997,6231.998,0.0035
17.05.2019 07:23:00.000,6231.997,6231.998,6221.998,6229.997,0.0066
17.05.2019 07:24:00.000,6229.998,6235.998,6229.998,6234.998,0.0043
17.05.2019 07:25:00.000,6235.998,6237.998,6232.997,6235.998,0.006
17.05.2019 07:26:00.000,6235.997,6237.998,6232.997,6232.998,0.003
17.05.2019 07:27:00.000,6234.998,6239.998,6233.998,6237.998,0.0053
17.05.2019 07:28:00.000,6236.998,6239.750,6234.997,6238.998,0.0038
17.05.2019 07:29:00.000,6238.997,6239.997,6232.998,6236.997,0.0042
17.05.2019 07:30:00.000,6236.997,6238.998,6235.997,6236.997,0.0143
17.05.2019 07:31:00.000,6236.998,6237.998,6234.997,6234.997,0.0041
17.05.2019 07:32:00.000,6234.998,6238.998,6234.997,6238.998,0.0047
17.05.2019 07:33:00.000,6238.997,6241.998,6237.997,6237.998,0.006
17.05.2019 07:34:00.000,6238.998,6238.998,6237.997,6237.998,0.0056
17.05.2019 07:35:00.000,6237.997,6238.997,6235.997,6237.998,0.0032
17.05.2019 07:36:00.000,6237.997,6243.998,6234.998,6241.998,0.0059
17.05.2019 07:37:00.000,6242.997,6246.998,6241.998,6246.998,0.0024
17.05.2019 07:38:00.000,6246.998,6248.998,6245.997,6246.998,0.0094
17.05.2019 07:39:00.000,6247.997,6257.997,6246.998,6255.997,0.0092
17.05.2019 07:40:00.000,6255.997,6255.997,6247.998,6250.998,0.0093
17.05.2019 07:41:00.000,6250.997,6250.998,6247.998,6247.998,0.0038
17.05.2019 07:42:00.000,6248.998,6249.998,6247.997,6247.997,0.0016
17.05.2019 07:43:00.000,6248.998,6250.998,6247.997,6250.998,0.004
17.05.2019 07:44:00.000,6249.997,6250.998,6246.997,6250.998,0.0053
17.05.2019 07:45:00.000,6250.997,6250.998,6248.998,6250.998,0.0024
17.05.2019 07:46:00.000,6250.997,6250.997,6248.997,6248.997,0.0026
17.05.2019 07:47:00.000,6248.998,6251.998,6248.998,6250.998,0.0043
17.05.2019 07:48:00.000,6252.997,6252.998,6250.997,6252.998,0.006
17.05.2019 07:49:00.000,6252.998,6252.998,6251.997,6252.997,0.0016
17.05.2019 07:50:00.000,6253.997,6253.998,6248.997,6252.998,0.0074
17.05.2019 07:51:00.000,6253.997,6253.998,6248.997,6248.998,0.009
17.05.2019 07:52:00.000,6248.997,6248.998,6246.997,6247.998,0.0047
17.05.2019 07:53:00.000,6247.997,6247.997,6243.997,6245.998,0.0035
17.05.2019 07:54:00.000,6245.997,6249.998,6245.997,6247.998,0.0053
17.05.2019 07:55:00.000,6248.998,6248.998,6247.997,6247.998,0.0033
17.05.2019 07:56:00.000,6247.997,6247.998,6239.998,6240.998,0.0067
17.05.2019 07:57:00.000,6241.997,6241.998,6238.997,6241.998,0.0057
17.05.2019 07:58:00.000,6241.998,6242.998,6241.997,6241.997,0.0027
17.05.2019 07:59:00.000,6241.998,6243.998,6241.997,6241.997,0.0036
17.05.2019 08:00:00.000,6242.997,6249.998,6242.997,6249.998,0.0049
17.05.2019 08:01:00.000,6248.998,6249.998,6247.997,6248.998,0.0029
17.05.2019 08:02:00.000,6249.997,6251.998,6248.997,6250.998,0.0056
17.05.2019 08:03:00.000,6250.998,6251.998,6248.998,6250.998,0.0028
17.05.2019 08:04:00.000,6249.998,6250.998,6248.998,6248.998,0.002
17.05.2019 08:05:00.000,6249.997,6250.998,6246.997,6246.998,0.0038
17.05.2019 08:06:00.000,6247.998,6250.998,6246.998,6250.998,0.0053
17.05.2019 08:07:00.000,6251.997,6252.998,6251.997,6252.998,0.0008
17.05.2019 08:08:00.000,6253.998,6255.998,6251.997,6251.998,0.007
17.05.2019 08:09:00.000,6250.998,6255.998,6250.998,6254.998,0.0024
17.05.2019 08:10:00.000,6255.997,6260.998,6255.997,6259.998,0.0086
17.05.2019 08:11:00.000,6259.997,6261.998,6257.998,6261.998,0.0099
17.05.2019 08:12:00.000,6262.997,6265.998,6262.997,6264.997,0.0064
17.05.2019 08:13:00.000,6264.998,6265.998,6259.997,6259.998,0.0112
17.05.2019 08:14:00.000,6260.998,6262.998,6260.997,6262.997,0.0019
17.05.2019 08:15:00.000,6262.998,6264.998,6262.998,6264.998,0.0013
17.05.2019 08:16:00.000,6265.997,6265.998,6263.997,6263.998,0.004
17.05.2019 08:17:00.000,6264.997,6266.998,6263.997,6265.998,0.0057
17.05.2019 08:18:00.000,6265.998,6272.998,6263.997,6271.998,0.0076
17.05.2019 08:19:00.000,6271.997,6271.997,6267.997,6270.998,0.0037
17.05.2019 08:20:00.000,6271.997,6272.998,6267.998,6269.998,0.0067
17.05.2019 08:21:00.000,6270.998,6271.997,6265.998,6265.998,0.0049
17.05.2019 08:22:00.000,6267.997,6268.998,6265.997,6267.998,0.0046
17.05.2019 08:23:00.000,6267.750,6267.750,6257.998,6258.998,0.0046
17.05.2019 08:24:00.000,6258.997,6265.998,6258.997,6264.998,0.0071
17.05.2019 08:25:00.000,6265.998,6265.998,6262.997,6262.998,0.0025
17.05.2019 08:26:00.000,6263.997,6263.998,6254.997,6256.998,0.0057
17.05.2019 08:27:00.000,6255.998,6256.998,6253.997,6254.998,0.0026
17.05.2019 08:28:00.000,6254.997,6258.998,6254.997,6257.997,0.0033
17.05.2019 08:29:00.000,6257.998,6259.998,6256.997,6259.998,0.0029
17.05.2019 08:30:00.000,6260.997,6268.998,6260.997,6266.998,0.0068
17.05.2019 08:31:00.000,6266.998,6268.998,6265.997,6265.998,0.0038
17.05.2019 08:32:00.000,6265.998,6266.998,6264.997,6264.998,0.0008
17.05.2019 08:33:00.000,6264.997,6266.998,6264.997,6265.998,0.0052
17.05.2019 08:34:00.000,6265.750,6267.998,6263.998,6267.998,0.0032
17.05.2019 08:35:00.000,6267.997,6267.998,6265.997,6265.997,0.0036
17.05.2019 08:36:00.000,6265.998,6268.997,6265.997,6268.997,0.0041
17.05.2019 08:37:00.000,6268.998,6270.998,6267.997,6270.997,0.0081
17.05.2019 08:38:00.000,6270.998,6273.998,6270.998,6272.998,0.0081
17.05.2019 08:39:00.000,6272.997,6273.997,6266.997,6266.997,0.009
17.05.2019 08:40:00.000,6265.997,6265.997,6261.998,6263.997,0.0063
17.05.2019 08:41:00.000,6263.997,6263.998,6259.998,6261.998,0.0039
17.05.2019 08:42:00.000,6261.997,6263.997,6260.998,6261.998,0.0044
17.05.2019 08:43:00.000,6261.997,6264.998,6261.997,6263.998,0.0086
17.05.2019 08:44:00.000,6263.997,6264.998,6262.997,6264.998,0.0055
17.05.2019 08:45:00.000,6264.997,6264.998,6262.997,6263.998,0.0109
17.05.2019 08:46:00.000,6262.997,6262.998,6255.997,6256.997,0.0108
17.05.2019 08:47:00.000,6256.998,6259.998,6256.997,6259.998,0.0068
17.05.2019 08:48:00.000,6258.998,6260.998,6257.998,6259.998,0.007
17.05.2019 08:49:00.000,6259.998,6263.998,6257.997,6263.998,0.013
17.05.2019 08:50:00.000,6263.997,6267.998,6263.997,6266.998,0.0081
17.05.2019 08:51:00.000,6266.998,6266.998,6262.997,6264.998,0.0087
17.05.2019 08:52:00.000,6264.997,6264.998,6263.997,6263.998,0.0093
17.05.2019 08:53:00.000,6264.997,6265.998,6263.998,6265.997,0.0082
17.05.2019 08:54:00.000,6265.998,6267.998,6264.998,6265.998,0.0049
17.05.2019 08:55:00.000,6266.997,6266.998,6264.997,6264.998,0.0061
17.05.2019 08:56:00.000,6263.997,6263.998,6263.997,6263.998,0.0043
17.05.2019 08:57:00.000,6263.997,6264.998,6261.997,6264.998,0.006
17.05.2019 08:58:00.000,6264.997,6264.998,6261.998,6261.998,0.0012
17.05.2019 08:59:00.000,6262.997,6262.997,6260.997,6260.997,0.0063
17.05.2019 09:00:00.000,6260.998,6261.998,6258.997,6259.998,0.0043
17.05.2019 09:01:00.000,6259.997,6263.997,6259.997,6263.997,0.0072
17.05.2019 09:02:00.000,6263.998,6263.998,6262.997,6263.998,0.007
17.05.2019 09:03:00.000,6263.997,6265.998,6263.997,6265.998,0.0024
17.05.2019 09:04:00.000,6266.997,6268.998,6266.997,6267.997,0.0031
17.05.2019 09:05:00.000,6267.998,6267.998,6262.997,6262.998,0.0027
17.05.2019 09:06:00.000,6262.997,6262.997,6258.998,6259.998,0.003
17.05.2019 09:07:00.000,6260.998,6266.998,6260.997,6266.997,0.0047
17.05.2019 09:08:00.000,6266.998,6267.998,6265.998,6267.998,0.0043
17.05.2019 09:09:00.000,6267.998,6274.997,6266.997,6273.997,0.0073
17.05.2019 09:10:00.000,6273.998,6273.998,6272.998,6272.998,0.0003
17.05.2019 09:15:00.000,6269.998,6273.998,6269.998,6272.998,0.0037
17.05.2019 09:16:00.000,6272.997,6276.998,6270.997,6274.997,0.009
17.05.2019 09:17:00.000,6275.998,6277.998,6275.997,6275.997,0.01
17.05.2019 09:18:00.000,6275.998,6275.998,6272.998,6273.998,0.0027
17.05.2019 09:19:00.000,6273.997,6273.998,6270.998,6270.998,0.0015
17.05.2019 09:20:00.000,6270.997,6272.998,6266.998,6266.998,0.0034
17.05.2019 09:21:00.000,6265.998,6267.998,6264.997,6264.998,0.0098
17.05.2019 09:22:00.000,6266.998,6266.998,6264.997,6265.998,0.0033
17.05.2019 09:23:00.000,6266.998,6271.997,6265.998,6271.997,0.0026
17.05.2019 09:24:00.000,6271.998,6273.998,6270.997,6273.998,0.0046
17.05.2019 09:25:00.000,6273.998,6273.998,6271.997,6272.998,0.0007
17.05.2019 09:26:00.000,6271.998,6277.998,6271.997,6276.998,0.0033
17.05.2019 09:27:00.000,6276.997,6277.998,6276.997,6277.998,0.0028
17.05.2019 09:28:00.000,6277.997,6278.998,6276.997,6278.998,0.0027
17.05.2019 09:29:00.000,6279.998,6282.998,6277.998,6278.998,0.0043
17.05.2019 09:30:00.000,6278.997,6279.997,6275.998,6276.997,0.0087
17.05.2019 09:31:00.000,6277.997,6278.998,6276.998,6276.998,0.0018
17.05.2019 09:32:00.000,6277.997,6278.998,6276.997,6277.998,0.004
17.05.2019 09:33:00.000,6276.997,6279.997,6276.997,6278.997,0.0047
17.05.2019 09:34:00.000,6277.998,6279.997,6276.997,6277.998,0.0042
17.05.2019 09:35:00.000,6277.998,6277.998,6276.997,6276.997,0.0035
17.05.2019 09:36:00.000,6276.998,6276.998,6273.998,6275.998,0.0048
17.05.2019 09:37:00.000,6275.997,6277.998,6275.997,6277.998,0.0029
17.05.2019 09:38:00.000,6277.997,6279.998,6277.997,6278.998,0.0095
17.05.2019 09:39:00.000,6278.997,6279.997,6275.998,6275.998,0.0061
17.05.2019 09:40:00.000,6275.998,6276.998,6273.998,6276.998,0.0036
17.05.2019 09:41:00.000,6276.997,6276.998,6276.997,6276.997,0.0051
17.05.2019 09:42:00.000,6276.998,6278.998,6276.998,6278.998,0.0059
17.05.2019 09:43:00.000,6278.997,6278.997,6274.998,6274.998,0.0028
17.05.2019 09:44:00.000,6275.998,6276.998,6273.997,6276.997,0.0055
17.05.2019 09:45:00.000,6276.998,6277.998,6275.998,6276.998,0.0023
17.05.2019 09:46:00.000,6276.997,6276.997,6270.998,6270.998,0.0057
17.05.2019 09:47:00.000,6270.997,6272.998,6270.997,6271.997,0.0041
17.05.2019 09:48:00.000,6271.997,6272.998,6270.998,6272.998,0.0025
17.05.2019 09:49:00.000,6271.997,6272.998,6267.997,6267.997,0.0219
17.05.2019 09:50:00.000,6267.998,6270.998,6267.997,6268.998,0.0152
17.05.2019 09:51:00.000,6267.997,6275.998,6266.997,6274.998,0.0126
17.05.2019 09:52:00.000,6275.997,6275.998,6269.998,6269.998,0.0063
17.05.2019 09:53:00.000,6268.997,6272.997,6268.997,6270.998,0.0101
17.05.2019 09:54:00.000,6269.998,6270.998,6269.997,6269.997,0.0064
17.05.2019 09:55:00.000,6269.998,6270.998,6266.998,6269.997,0.0047
17.05.2019 09:56:00.000,6269.998,6270.998,6269.997,6270.998,0.0026
17.05.2019 09:57:00.000,6270.998,6270.998,6268.997,6268.998,0.0017
17.05.2019 09:58:00.000,6266.998,6268.998,6266.997,6268.998,0.003
17.05.2019 09:59:00.000,6269.997,6269.997,6263.997,6265.998,0.003
17.05.2019 10:00:00.000,6265.997,6266.997,6262.998,6265.998,0.0069
17.05.2019 10:01:00.000,6265.997,6265.998,6263.997,6265.998,0.0043
17.05.2019 10:02:00.000,6265.997,6269.998,6265.997,6268.998,0.0063
17.05.2019 10:03:00.000,6267.998,6267.998,6265.997,6265.998,0.0029
17.05.2019 10:04:00.000,6265.997,6270.998,6265.997,6270.998,0.0037
17.05.2019 10:05:00.000,6270.998,6270.998,6269.997,6270.997,0.0025
17.05.2019 10:06:00.000,6270.998,6271.998,6268.997,6268.997,0.0025
17.05.2019 10:07:00.000,6269.997,6270.998,6267.997,6269.998,0.0051
17.05.2019 10:08:00.000,6269.997,6273.998,6269.997,6270.998,0.012
17.05.2019 10:09:00.000,6270.997,6271.998,6270.997,6270.998,0.0043
17.05.2019 10:10:00.000,6270.997,6270.998,6270.997,6270.998,0.0009
17.05.2019 10:11:00.000,6270.750,6270.998,6267.998,6268.998,0.0062
17.05.2019 10:12:00.000,6268.997,6269.998,6268.997,6268.998,0.004
17.05.2019 10:13:00.000,6268.998,6268.998,6265.997,6267.997,0.0036
17.05.2019 10:14:00.000,6267.998,6267.998,6266.998,6267.997,0.0062
17.05.2019 10:15:00.000,6267.998,6268.998,6263.997,6265.998,0.0057
17.05.2019 10:16:00.000,6265.997,6266.998,6264.998,6265.998,0.0047
17.05.2019 10:17:00.000,6266.998,6267.998,6266.997,6266.998,0.008
17.05.2019 10:18:00.000,6266.998,6267.998,6266.997,6267.998,0.005
17.05.2019 10:19:00.000,6267.997,6269.998,6267.997,6268.997,0.0035
17.05.2019 10:20:00.000,6269.998,6271.998,6268.997,6271.997,0.0043
17.05.2019 10:21:00.000,6271.998,6272.998,6271.997,6272.998,0.0036
17.05.2019 10:22:00.000,6272.997,6273.998,6271.997,6272.998,0.0055
17.05.2019 10:23:00.000,6272.998,6273.997,6272.997,6273.997,0.0019
17.05.2019 10:24:00.000,6273.998,6273.998,6270.997,6270.998,0.005
17.05.2019 10:25:00.000,6269.997,6273.998,6269.997,6273.997,0.004
17.05.2019 10:26:00.000,6273.998,6273.998,6272.998,6272.998,0.0084
17.05.2019 10:27:00.000,6272.997,6272.998,6271.997,6271.997,0.0067
17.05.2019 10:28:00.000,6271.998,6271.998,6269.998,6270.998,0.0036
17.05.2019 10:29:00.000,6270.997,6270.998,6267.998,6270.997,0.003
17.05.2019 10:30:00.000,6270.998,6273.998,6270.997,6273.998,0.0106
17.05.2019 10:31:00.000,6273.997,6274.998,6272.997,6273.998,0.0046
17.05.2019 10:32:00.000,6273.997,6273.998,6272.997,6273.997,0.0062
17.05.2019 10:33:00.000,6273.998,6274.997,6273.997,6273.998,0.0015
17.05.2019 10:34:00.000,6273.997,6273.998,6272.997,6272.998,0.0066
17.05.2019 10:35:00.000,6273.997,6273.998,6268.997,6269.998,0.013
17.05.2019 10:36:00.000,6269.997,6270.998,6269.997,6269.998,0.0045
17.05.2019 10:37:00.000,6270.997,6270.998,6268.997,6269.998,0.0021
17.05.2019 10:38:00.000,6269.997,6269.998,6269.997,6269.998,0.0002
17.05.2019 10:39:00.000,6269.997,6269.998,6269.997,6269.998,0.0005
17.05.2019 10:40:00.000,6269.998,6273.998,6269.998,6273.998,0.0034
17.05.2019 10:41:00.000,6273.998,6273.998,6271.998,6272.998,0.0013
17.05.2019 10:42:00.000,6271.998,6271.998,6271.997,6271.998,0.001
17.05.2019 10:43:00.000,6271.997,6271.998,6269.998,6270.998,0.0047
17.05.2019 10:44:00.000,6270.997,6271.998,6270.997,6271.998,0.0018
17.05.2019 10:45:00.000,6270.998,6271.998,6270.997,6270.998,0.0019
17.05.2019 10:46:00.000,6270.997,6272.998,6270.997,6272.998,0.0038
17.05.2019 10:47:00.000,6272.997,6272.998,6270.997,6270.998,0.0061
17.05.2019 10:48:00.000,6270.998,6271.998,6270.997,6270.998,0.0053
17.05.2019 10:49:00.000,6270.997,6271.998,6270.997,6271.998,0.0101
17.05.2019 10:50:00.000,6271.997,6273.998,6271.997,6273.997,0.0075
17.05.2019 10:51:00.000,6273.998,6273.998,6271.997,6271.997,0.0048
17.05.2019 10:52:00.000,6271.998,6273.998,6271.997,6272.998,0.0069
17.05.2019 10:53:00.000,6272.998,6272.998,6270.998,6270.998,0.0111
17.05.2019 10:54:00.000,6270.998,6270.998,6266.997,6266.998,0.0063
17.05.2019 10:55:00.000,6266.997,6266.998,6266.997,6266.998,0.0009
17.05.2019 10:56:00.000,6266.997,6266.998,6265.997,6265.997,0.0028
17.05.2019 10:57:00.000,6265.998,6265.998,6265.997,6265.997,0.0017
17.05.2019 10:58:00.000,6265.998,6265.998,6260.998,6261.997,0.0081
17.05.2019 10:59:00.000,6261.998,6261.998,6260.997,6261.997,0.0039
17.05.2019 11:00:00.000,6260.998,6260.998,6253.997,6253.997,0.0015
17.05.2019 11:02:00.000,6257.998,6261.998,6252.998,6253.997,0.0062
17.05.2019 11:03:00.000,6253.998,6253.998,6249.998,6251.998,0.0025
17.05.2019 11:04:00.000,6251.997,6251.998,6251.997,6251.998,0.0005
17.05.2019 11:05:00.000,6251.998,6252.998,6248.998,6252.998,0.0044
17.05.2019 11:06:00.000,6252.997,6252.997,6252.997,6252.997,0.0002
17.05.2019 11:07:00.000,6253.997,6253.998,6248.997,6248.997,0.0017
17.05.2019 11:08:00.000,6248.998,6249.998,6248.998,6249.998,0.0011
17.05.2019 11:09:00.000,6248.997,6253.997,6248.997,6253.997,0.0028
17.05.2019 11:10:00.000,6251.998,6253.998,6251.997,6253.997,0.0022
17.05.2019 11:11:00.000,6253.998,6256.998,6253.998,6256.997,0.0017
17.05.2019 11:12:00.000,6256.998,6258.998,6256.998,6257.998,0.0024
17.05.2019 11:13:00.000,6258.998,6258.998,6251.998,6253.997,0.0038
17.05.2019 11:14:00.000,6253.998,6255.998,6251.997,6252.998,0.0039
17.05.2019 11:15:00.000,6252.997,6256.998,6252.997,6256.998,0.0034
17.05.2019 11:16:00.000,6256.997,6258.998,6256.997,6256.998,0.0008
17.05.2019 11:17:00.000,6257.998,6259.998,6252.998,6252.998,0.0073
17.05.2019 11:18:00.000,6254.998,6254.998,6251.997,6251.998,0.0036
17.05.2019 11:19:00.000,6249.998,6252.998,6249.997,6252.998,0.0014
17.05.2019 11:20:00.000,6250.998,6251.998,6246.997,6247.997,0.0044
17.05.2019 11:21:00.000,6247.998,6247.998,6245.997,6245.997,0.0009
17.05.2019 11:22:00.000,6246.997,6248.998,6246.997,6247.998,0.0029
17.05.2019 11:23:00.000,6247.997,6249.998,6247.997,6247.998,0.0036
17.05.2019 11:24:00.000,6248.998,6248.998,6247.997,6247.997,0.0004
17.05.2019 11:25:00.000,6247.998,6247.998,6246.997,6247.998,0.0029
17.05.2019 11:26:00.000,6247.997,6249.998,6247.997,6247.998,0.0033
17.05.2019 11:27:00.000,6248.997,6248.998,6245.997,6247.997,0.0018
17.05.2019 11:28:00.000,6247.998,6248.997,6247.997,6247.997,0.0037
17.05.2019 11:29:00.000,6247.998,6247.998,6244.997,6244.997,0.0017
17.05.2019 11:30:00.000,6244.997,6246.998,6244.997,6246.998,0.0008
17.05.2019 11:31:00.000,6246.997,6246.998,6243.997,6243.997,0.0063
17.05.2019 11:32:00.000,6244.998,6244.998,6243.998,6244.997,0.0024
17.05.2019 11:33:00.000,6244.998,6245.997,6243.998,6244.998,0.0008
17.05.2019 11:34:00.000,6244.997,6244.998,6244.997,6244.998,0.0005
17.05.2019 11:35:00.000,6245.997,6246.998,6245.997,6246.998,0.0178
17.05.2019 11:36:00.000,6245.997,6245.998,6242.997,6245.998,0.0038
17.05.2019 11:37:00.000,6245.997,6245.997,6245.997,6245.997,0.0009
17.05.2019 11:38:00.000,6245.997,6245.998,6238.997,6240.998,0.0053
17.05.2019 11:39:00.000,6239.997,6242.998,6239.997,6241.997,0.0047
17.05.2019 11:40:00.000,6241.998,6241.998,6238.998,6240.997,0.002
17.05.2019 11:41:00.000,6240.998,6242.998,6238.997,6238.997,0.009
17.05.2019 11:42:00.000,6238.998,6240.998,6238.998,6239.998,0.0012
17.05.2019 11:43:00.000,6240.997,6240.998,6240.997,6240.998,0.0001
17.05.2019 11:44:00.000,6240.997,6241.998,6239.997,6239.997,0.0026
17.05.2019 11:45:00.000,6240.998,6241.998,6239.998,6240.998,0.0044
17.05.2019 11:46:00.000,6240.998,6240.998,6239.997,6239.997,0.0012
17.05.2019 11:47:00.000,6239.998,6240.998,6239.998,6240.998,0.0013
17.05.2019 11:48:00.000,6240.997,6240.998,6239.997,6240.998,0.0019
17.05.2019 11:49:00.000,6240.997,6240.997,6239.997,6239.997,0.0016
17.05.2019 11:50:00.000,6239.998,6240.998,6239.997,6239.998,0.0009
17.05.2019 11:51:00.000,6239.998,6239.998,6238.997,6239.998,0.0041
17.05.2019 11:52:00.000,6239.997,6241.998,6239.997,6240.997,0.0025
17.05.2019 11:53:00.000,6241.998,6241.998,6241.997,6241.997,0.0031
17.05.2019 11:54:00.000,6242.998,6242.998,6242.998,6242.998,0.0028
17.05.2019 11:55:00.000,6242.997,6243.998,6242.997,6243.998,0.0039
17.05.2019 11:56:00.000,6243.998,6246.998,6243.998,6246.997,0.0023
17.05.2019 11:57:00.000,6246.998,6247.998,6246.997,6247.998,0.0036
17.05.2019 11:58:00.000,6247.997,6247.998,6246.997,6246.998,0.0029
17.05.2019 11:59:00.000,6246.998,6247.998,6246.998,6247.998,0.0093
17.05.2019 12:00:00.000,6247.997,6247.998,6243.997,6243.998,0.0048
17.05.2019 12:01:00.000,6243.998,6244.998,6243.997,6244.998,0.0007
17.05.2019 12:02:00.000,6245.997,6245.998,6239.997,6240.997,0.0038
17.05.2019 12:03:00.000,6240.998,6240.998,6240.997,6240.997,0.001
17.05.2019 12:04:00.000,6240.998,6240.998,6239.997,6239.998,0.0008
17.05.2019 12:05:00.000,6239.997,6240.998,6238.997,6240.998,0.0042
17.05.2019 12:06:00.000,6240.997,6240.998,6238.997,6239.997,0.0027
17.05.2019 12:07:00.000,6240.997,6243.998,6240.997,6243.998,0.0025
17.05.2019 12:08:00.000,6243.997,6244.998,6243.997,6244.997,0.0028
17.05.2019 12:09:00.000,6244.998,6244.998,6241.997,6242.997,0.0082
17.05.2019 12:10:00.000,6242.997,6242.998,6240.997,6241.997,0.0042
17.05.2019 12:11:00.000,6242.998,6242.998,6238.998,6240.998,0.0039
17.05.2019 12:12:00.000,6240.997,6240.998,6239.997,6240.998,0.001
17.05.2019 12:13:00.000,6240.997,6240.998,6236.998,6236.998,0.0044
17.05.2019 12:14:00.000,6236.997,6238.998,6235.997,6235.998,0.0031
17.05.2019 12:15:00.000,6235.997,6236.998,6235.997,6235.998,0.0008
17.05.2019 12:16:00.000,6235.997,6236.998,6234.998,6236.998,0.0006
17.05.2019 12:17:00.000,6235.998,6238.998,6234.997,6237.998,0.0057
17.05.2019 12:18:00.000,6239.997,6239.998,6238.997,6239.997,0.0024
17.05.2019 12:19:00.000,6240.998,6242.997,6240.998,6241.998,0.0065
17.05.2019 12:20:00.000,6241.998,6242.998,6241.997,6242.997,0.0052
17.05.2019 12:21:00.000,6242.998,6244.998,6242.997,6242.998,0.0058
17.05.2019 12:22:00.000,6243.998,6243.998,6242.997,6242.998,0.0009
17.05.2019 12:23:00.000,6242.997,6242.998,6242.997,6242.997,0.0018
17.05.2019 12:24:00.000,6242.998,6242.998,6240.998,6241.998,0.0065
17.05.2019 12:25:00.000,6241.997,6241.998,6241.997,6241.998,0.0008
17.05.2019 12:26:00.000,6241.997,6242.998,6241.997,6241.998,0.0025
17.05.2019 12:27:00.000,6241.997,6244.998,6241.997,6244.998,0.0053
17.05.2019 12:28:00.000,6244.997,6245.998,6244.997,6245.998,0.0043
17.05.2019 12:29:00.000,6244.997,6244.998,6242.998,6244.997,0.0035
17.05.2019 12:30:00.000,6244.998,6244.998,6244.997,6244.998,0.0015
17.05.2019 12:31:00.000,6244.997,6244.998,6244.997,6244.997,0.002
17.05.2019 12:32:00.000,6244.998,6244.998,6244.998,6244.998,0.0003
17.05.2019 12:33:00.000,6244.997,6244.997,6240.997,6241.998,0.0022
17.05.2019 12:34:00.000,6242.997,6244.997,6242.997,6243.998,0.0044
17.05.2019 12:35:00.000,6243.997,6247.998,6243.997,6247.998,0.0087
17.05.2019 12:36:00.000,6247.997,6248.998,6243.997,6245.998,0.0109
17.05.2019 12:37:00.000,6246.998,6248.998,6244.998,6247.998,0.0178
17.05.2019 12:38:00.000,6246.998,6246.998,6244.997,6245.998,0.0141
17.05.2019 12:39:00.000,6245.997,6248.998,6245.997,6248.998,0.0108
17.05.2019 12:40:00.000,6248.998,6248.998,6248.997,6248.997,0.0134
17.05.2019 12:41:00.000,6248.998,6249.998,6247.997,6247.998,0.0083
17.05.2019 12:42:00.000,6247.998,6248.998,6247.997,6248.997,0.0052
17.05.2019 12:43:00.000,6248.998,6250.998,6248.997,6250.998,0.0241
17.05.2019 12:44:00.000,6250.998,6253.998,6250.997,6252.997,0.0093
17.05.2019 12:45:00.000,6253.997,6255.998,6252.998,6254.997,0.0088
17.05.2019 12:46:00.000,6254.997,6254.997,6250.997,6250.997,0.0065
17.05.2019 12:47:00.000,6250.998,6252.998,6250.997,6252.998,0.0057
17.05.2019 12:48:00.000,6252.998,6253.998,6252.997,6253.998,0.0074
17.05.2019 12:49:00.000,6253.997,6253.998,6253.997,6253.998,0.0055
17.05.2019 12:50:00.000,6251.998,6256.998,6250.997,6255.998,0.0121
17.05.2019 12:51:00.000,6255.997,6257.998,6255.997,6257.998,0.0076
17.05.2019 12:52:00.000,6257.997,6258.998,6255.997,6256.997,0.004
17.05.2019 12:53:00.000,6256.998,6259.998,6254.997,6258.998,0.0054
17.05.2019 12:54:00.000,6258.997,6258.998,6257.997,6258.998,0.0094
17.05.2019 12:55:00.000,6258.998,6258.998,6255.997,6255.997,0.0021
17.05.2019 12:56:00.000,6255.998,6257.998,6255.998,6257.998,0.0047
17.05.2019 12:57:00.000,6257.998,6257.998,6255.997,6255.998,0.0064
17.05.2019 12:58:00.000,6254.998,6254.998,6252.997,6252.998,0.0044
17.05.2019 12:59:00.000,6252.998,6252.998,6249.997,6249.998,0.0007
17.05.2019 13:00:00.000,6250.998,6250.998,6249.997,6249.997,0.0058
17.05.2019 13:01:00.000,6249.998,6249.998,6247.997,6248.998,0.003
17.05.2019 13:02:00.000,6248.997,6249.998,6248.997,6249.997,0.0039
17.05.2019 13:03:00.000,6249.998,6249.998,6246.997,6247.997,0.0038
17.05.2019 13:04:00.000,6247.998,6247.998,6246.997,6247.998,0.0015
17.05.2019 13:05:00.000,6247.997,6247.997,6244.997,6246.998,0.0052
17.05.2019 13:06:00.000,6246.998,6248.998,6246.997,6247.997,0.008
17.05.2019 13:07:00.000,6247.998,6248.998,6247.997,6248.997,0.0072
17.05.2019 13:08:00.000,6247.998,6248.998,6247.997,6247.998,0.006
17.05.2019 13:09:00.000,6247.997,6248.998,6245.998,6245.998,0.0042
17.05.2019 13:10:00.000,6245.997,6247.998,6245.997,6245.998,0.0104
17.05.2019 13:11:00.000,6246.997,6246.998,6245.998,6246.997,0.0028
17.05.2019 13:12:00.000,6246.998,6246.998,6244.997,6245.998,0.0061
17.05.2019 13:13:00.000,6245.997,6245.998,6245.997,6245.998,0.0014
17.05.2019 13:14:00.000,6245.997,6245.998,6243.997,6243.998,0.0114
17.05.2019 13:15:00.000,6243.998,6244.998,6242.997,6243.997,0.0047
17.05.2019 13:16:00.000,6243.998,6243.998,6243.997,6243.998,0.0014
17.05.2019 13:17:00.000,6243.997,6244.998,6243.997,6243.998,0.0047
17.05.2019 13:18:00.000,6243.750,6247.998,6242.997,6247.998,0.0069
17.05.2019 13:19:00.000,6247.998,6248.997,6246.997,6247.998,0.027
17.05.2019 13:20:00.000,6247.997,6248.998,6247.997,6247.997,0.0071
17.05.2019 13:21:00.000,6247.998,6248.998,6245.997,6248.997,0.0067
17.05.2019 13:22:00.000,6248.998,6249.998,6248.997,6248.998,0.0071
17.05.2019 13:23:00.000,6248.997,6248.998,6247.997,6248.998,0.0061
17.05.2019 13:24:00.000,6249.998,6249.998,6248.997,6248.998,0.0044
17.05.2019 13:25:00.000,6248.998,6248.998,6247.997,6248.998,0.0087
17.05.2019 13:26:00.000,6247.998,6247.998,6247.997,6247.998,0.0033
17.05.2019 13:27:00.000,6248.998,6248.998,6245.998,6246.998,0.0114
17.05.2019 13:28:00.000,6246.997,6247.998,6245.997,6247.998,0.0067
17.05.2019 13:29:00.000,6247.997,6249.998,6247.997,6249.998,0.0022
17.05.2019 13:30:00.000,6249.997,6251.998,6249.997,6250.998,0.0145
17.05.2019 13:31:00.000,6250.997,6250.998,6247.997,6249.997,0.0098
17.05.2019 13:32:00.000,6249.998,6251.998,6247.998,6251.998,0.0198
17.05.2019 13:33:00.000,6251.997,6252.998,6249.997,6249.997,0.0223
17.05.2019 13:34:00.000,6249.997,6249.998,6247.998,6249.998,0.0094
17.05.2019 13:35:00.000,6249.997,6250.998,6248.997,6249.997,0.0056
17.05.2019 13:36:00.000,6249.998,6249.998,6249.997,6249.998,0.006
17.05.2019 13:37:00.000,6250.998,6250.998,6249.997,6249.998,0.0131
17.05.2019 13:38:00.000,6249.997,6251.998,6249.997,6251.998,0.0104
17.05.2019 13:39:00.000,6251.997,6256.998,6251.997,6255.998,0.0138
17.05.2019 13:40:00.000,6256.997,6256.998,6253.997,6253.997,0.0101
17.05.2019 13:41:00.000,6253.998,6255.998,6251.997,6255.998,0.0207
17.05.2019 13:42:00.000,6255.997,6255.998,6254.997,6254.998,0.0141
17.05.2019 13:43:00.000,6254.997,6256.998,6252.998,6256.998,0.0193
17.05.2019 13:44:00.000,6257.997,6257.998,6255.997,6256.998,0.0034
17.05.2019 13:45:00.000,6257.998,6257.998,6255.997,6255.997,0.0229
17.05.2019 13:46:00.000,6255.998,6256.998,6254.997,6255.997,0.0148
17.05.2019 13:47:00.000,6255.998,6256.998,6255.997,6256.998,0.0027
17.05.2019 13:48:00.000,6256.997,6256.997,6255.997,6255.998,0.0039
17.05.2019 13:49:00.000,6255.997,6255.998,6251.998,6251.998,0.0042
17.05.2019 13:50:00.000,6252.998,6253.998,6252.997,6252.997,0.0126
17.05.2019 13:51:00.000,6252.998,6256.998,6252.997,6256.998,0.0157
17.05.2019 13:52:00.000,6256.997,6257.998,6255.997,6256.997,0.0095
17.05.2019 13:53:00.000,6256.998,6256.998,6255.997,6255.998,0.012
17.05.2019 13:54:00.000,6255.997,6255.998,6251.997,6251.998,0.0127
17.05.2019 13:55:00.000,6251.997,6251.998,6248.997,6249.997,0.0047
17.05.2019 13:56:00.000,6249.998,6250.998,6247.997,6247.998,0.0068
17.05.2019 13:57:00.000,6247.997,6247.998,6242.998,6243.998,0.0054
17.05.2019 13:58:00.000,6244.998,6244.998,6243.997,6244.998,0.0025
17.05.2019 13:59:00.000,6244.997,6245.998,6244.997,6244.998,0.0085
17.05.2019 14:00:00.000,6244.997,6245.998,6243.997,6244.998,0.0162
17.05.2019 14:01:00.000,6244.997,6249.998,6244.997,6247.998,0.0081
17.05.2019 14:02:00.000,6247.997,6247.997,6244.997,6245.997,0.0204
17.05.2019 14:03:00.000,6245.998,6246.998,6241.997,6241.998,0.0087
17.05.2019 14:04:00.000,6241.997,6242.998,6239.997,6241.998,0.0128
17.05.2019 14:05:00.000,6242.997,6243.998,6237.998,6239.997,0.014
17.05.2019 14:06:00.000,6239.998,6243.998,6238.997,6243.998,0.0125
17.05.2019 14:07:00.000,6243.997,6244.998,6241.997,6241.997,0.0157
17.05.2019 14:08:00.000,6241.998,6243.998,6238.997,6238.998,0.0101
17.05.2019 14:09:00.000,6239.998,6239.998,6238.997,6238.998,0.0044
17.05.2019 14:10:00.000,6238.997,6240.998,6235.997,6235.998,0.0112
17.05.2019 14:11:00.000,6235.997,6239.997,6234.997,6235.998,0.0127
17.05.2019 14:12:00.000,6235.998,6235.998,6232.997,6232.998,0.0056
17.05.2019 14:13:00.000,6232.998,6235.998,6232.997,6234.997,0.0055
17.05.2019 14:14:00.000,6234.997,6234.997,6230.998,6233.997,0.0068
17.05.2019 14:15:00.000,6233.998,6233.998,6231.997,6232.998,0.0068
17.05.2019 14:16:00.000,6232.997,6238.998,6232.997,6236.998,0.0109
17.05.2019 14:17:00.000,6236.997,6243.998,6236.997,6243.998,0.0164
17.05.2019 14:18:00.000,6243.997,6245.998,6241.997,6241.998,0.0074
17.05.2019 14:19:00.000,6241.997,6245.998,6241.997,6245.998,0.0104
17.05.2019 14:20:00.000,6246.998,6248.998,6245.998,6248.997,0.0071
17.05.2019 14:21:00.000,6248.998,6249.998,6248.997,6249.998,0.0127
17.05.2019 14:22:00.000,6249.997,6250.998,6249.997,6250.998,0.0078
17.05.2019 14:23:00.000,6248.998,6248.998,6246.998,6246.998,0.0023
17.05.2019 14:24:00.000,6246.997,6246.998,6244.998,6245.997,0.0041
17.05.2019 14:25:00.000,6245.998,6245.998,6244.997,6244.998,0.0163
17.05.2019 14:26:00.000,6245.998,6246.998,6245.997,6246.998,0.0037
17.05.2019 14:27:00.000,6246.997,6247.998,6246.997,6246.998,0.0037
17.05.2019 14:28:00.000,6246.997,6247.998,6246.997,6246.998,0.0091
17.05.2019 14:29:00.000,6246.997,6246.998,6246.997,6246.998,0.0018
17.05.2019 14:30:00.000,6247.998,6247.998,6246.997,6246.997,0.0046
17.05.2019 14:31:00.000,6246.998,6246.998,6238.997,6239.998,0.0069
17.05.2019 14:32:00.000,6239.997,6242.998,6239.997,6240.998,0.0082
17.05.2019 14:33:00.000,6241.997,6242.998,6241.997,6242.997,0.0073
17.05.2019 14:34:00.000,6242.998,6243.998,6241.997,6241.997,0.0177
17.05.2019 14:35:00.000,6241.998,6242.998,6241.998,6242.998,0.0086
17.05.2019 14:36:00.000,6242.997,6243.998,6239.998,6240.998,0.0077
17.05.2019 14:37:00.000,6240.997,6241.998,6240.997,6240.997,0.0008
17.05.2019 14:38:00.000,6240.998,6241.998,6240.997,6241.998,0.0042
17.05.2019 14:39:00.000,6241.997,6242.998,6241.997,6242.998,0.0051
17.05.2019 14:40:00.000,6242.997,6244.998,6242.997,6244.998,0.0032
17.05.2019 14:41:00.000,6244.997,6244.998,6243.997,6243.997,0.0036
17.05.2019 14:42:00.000,6243.998,6244.998,6243.998,6244.998,0.0064
17.05.2019 14:43:00.000,6245.998,6245.998,6245.997,6245.998,0.0023
17.05.2019 14:44:00.000,6244.998,6248.998,6243.997,6245.998,0.0191
17.05.2019 14:45:00.000,6244.997,6246.997,6244.997,6245.998,0.012
17.05.2019 14:46:00.000,6245.997,6245.998,6244.997,6244.998,0.0027
17.05.2019 14:47:00.000,6245.997,6246.998,6244.997,6246.998,0.0059
17.05.2019 14:48:00.000,6245.998,6246.998,6245.997,6246.998,0.0132
17.05.2019 14:49:00.000,6246.998,6246.998,6244.997,6244.997,0.0164
17.05.2019 14:50:00.000,6244.998,6247.998,6244.997,6247.997,0.0127
17.05.2019 14:51:00.000,6247.998,6248.998,6247.997,6248.998,0.0123
17.05.2019 14:52:00.000,6248.997,6249.998,6248.997,6249.998,0.0086
17.05.2019 14:53:00.000,6249.998,6249.998,6246.997,6247.997,0.0089
17.05.2019 14:54:00.000,6247.998,6249.998,6247.997,6247.998,0.0162
17.05.2019 14:55:00.000,6247.997,6250.998,6247.997,6249.998,0.008
17.05.2019 14:56:00.000,6249.997,6249.998,6249.997,6249.997,0.0067
17.05.2019 14:57:00.000,6249.998,6253.998,6249.998,6253.998,0.0074
17.05.2019 14:58:00.000,6251.997,6252.998,6250.997,6251.998,0.0142
17.05.2019 14:59:00.000,6251.997,6255.998,6251.997,6255.998,0.0107
17.05.2019 15:00:00.000,6255.998,6258.998,6255.997,6257.998,0.0295
17.05.2019 15:01:00.000,6257.997,6257.997,6253.997,6254.998,0.0271
17.05.2019 15:02:00.000,6254.998,6260.998,6254.997,6257.997,0.0108
17.05.2019 15:03:00.000,6257.998,6258.998,6255.998,6257.998,0.0113
17.05.2019 15:04:00.000,6258.998,6258.998,6257.997,6258.997,0.0169
17.05.2019 15:05:00.000,6258.998,6259.998,6258.997,6259.997,0.0057
17.05.2019 15:06:00.000,6259.998,6259.998,6257.997,6257.998,0.0152
17.05.2019 15:07:00.000,6257.997,6258.998,6257.997,6257.998,0.0288
17.05.2019 15:08:00.000,6257.997,6257.998,6256.997,6257.998,0.0139
17.05.2019 15:09:00.000,6257.997,6257.998,6256.997,6257.997,0.0162
17.05.2019 15:10:00.000,6257.998,6257.998,6256.997,6256.998,0.0135
17.05.2019 15:11:00.000,6256.997,6256.998,6255.997,6256.997,0.007
17.05.2019 15:12:00.000,6256.998,6256.998,6255.997,6255.998,0.0106
17.05.2019 15:13:00.000,6255.998,6255.998,6253.997,6254.998,0.0091
17.05.2019 15:14:00.000,6254.997,6255.998,6253.998,6253.998,0.0101
17.05.2019 15:15:00.000,6253.997,6254.998,6253.997,6254.998,0.0401
17.05.2019 15:16:00.000,6254.997,6255.998,6254.997,6254.997,0.0157
17.05.2019 15:17:00.000,6254.998,6255.998,6254.997,6254.998,0.0107
17.05.2019 15:18:00.000,6254.997,6254.998,6251.997,6252.998,0.0128
17.05.2019 15:19:00.000,6252.997,6252.998,6251.997,6252.998,0.0091
17.05.2019 15:20:00.000,6252.997,6252.998,6251.997,6251.998,0.0057
17.05.2019 15:21:00.000,6252.998,6253.998,6251.997,6253.997,0.0084
17.05.2019 15:22:00.000,6253.998,6253.998,6253.997,6253.998,0.0064
17.05.2019 15:23:00.000,6253.997,6254.998,6251.997,6251.998,0.0141
17.05.2019 15:24:00.000,6251.997,6251.998,6248.997,6249.998,0.0075
17.05.2019 15:25:00.000,6249.997,6250.998,6248.998,6248.998,0.0064
17.05.2019 15:26:00.000,6248.997,6249.998,6247.997,6248.998,0.0097
17.05.2019 15:27:00.000,6248.997,6252.998,6246.997,6252.997,0.0163
17.05.2019 15:28:00.000,6252.998,6254.998,6252.998,6253.998,0.011
17.05.2019 15:29:00.000,6253.997,6254.998,6252.997,6253.998,0.0121
20.05.2019 07:00:00.000,6249.998,6251.998,6249.998,6251.998,0.0001
20.05.2019 07:01:00.000,6276.997,6276.997,6275.750,6275.750,0.0001
20.05.2019 07:02:00.000,6262.998,6263.998,6262.998,6263.998,0.0001
20.05.2019 07:03:00.000,6268.997,6271.998,6268.997,6271.998,0.0006
20.05.2019 07:04:00.000,6277.997,6283.998,6277.997,6283.998,0.0011
20.05.2019 07:05:00.000,6283.997,6286.998,6282.998,6286.998,0.0011
20.05.2019 07:06:00.000,6286.998,6294.998,6286.997,6293.998,0.0065
20.05.2019 07:07:00.000,6295.997,6299.998,6279.998,6285.998,0.004
20.05.2019 07:08:00.000,6286.998,6288.998,6282.997,6285.998,0.0013
20.05.2019 07:09:00.000,6279.997,6280.998,6276.997,6276.998,0.0021
20.05.2019 07:10:00.000,6278.998,6287.998,6273.997,6281.998,0.0038
20.05.2019 07:11:00.000,6281.997,6286.998,6280.998,6281.998,0.0034
20.05.2019 07:12:00.000,6280.998,6280.998,6272.997,6274.998,0.004
20.05.2019 07:13:00.000,6274.997,6275.998,6270.997,6274.997,0.0028
20.05.2019 07:14:00.000,6273.997,6277.997,6273.997,6273.998,0.0021
20.05.2019 07:15:00.000,6274.997,6282.998,6274.997,6281.998,0.0027
20.05.2019 07:16:00.000,6281.997,6282.998,6277.998,6282.998,0.0024
20.05.2019 07:17:00.000,6283.998,6288.998,6283.998,6288.998,0.003
20.05.2019 07:18:00.000,6288.997,6292.998,6285.997,6291.998,0.0056
20.05.2019 07:19:00.000,6293.997,6294.998,6291.998,6294.997,0.0032
20.05.2019 07:20:00.000,6294.997,6296.998,6294.997,6294.998,0.0009
20.05.2019 07:21:00.000,6294.998,6294.998,6284.997,6284.997,0.0037
20.05.2019 07:22:00.000,6283.998,6283.998,6280.997,6280.997,0.0029
20.05.2019 07:23:00.000,6280.997,6281.998,6277.997,6277.998,0.002
20.05.2019 07:24:00.000,6278.998,6279.998,6276.997,6278.997,0.0022
20.05.2019 07:25:00.000,6278.997,6280.998,6275.997,6280.997,0.0013
20.05.2019 07:26:00.000,6280.998,6281.998,6277.998,6279.998,0.0007
20.05.2019 07:27:00.000,6279.998,6279.998,6275.997,6275.997,0.0007
20.05.2019 07:28:00.000,6275.998,6281.998,6274.997,6277.998,0.0019
20.05.2019 07:29:00.000,6277.998,6278.997,6277.997,6277.998,0.0017
20.05.2019 07:30:00.000,6277.998,6277.998,6269.998,6270.998,0.0041
20.05.2019 07:31:00.000,6271.997,6271.997,6270.998,6270.998,0
20.05.2019 07:32:00.000,6271.997,6273.998,6271.997,6273.998,0.0003
20.05.2019 07:33:00.000,6273.998,6275.998,6272.998,6272.998,0.0003
20.05.2019 07:34:00.000,6271.998,6274.998,6268.997,6271.997,0.0037
20.05.2019 07:35:00.000,6269.998,6274.998,6266.998,6274.998,0.0029
20.05.2019 07:36:00.000,6274.998,6276.998,6274.998,6276.997,0.0005
20.05.2019 07:37:00.000,6276.750,6276.750,6265.998,6265.998,0.0027
20.05.2019 07:38:00.000,6264.998,6268.997,6263.998,6264.997,0.0024
20.05.2019 07:39:00.000,6264.998,6269.998,6263.998,6269.997,0.0049
20.05.2019 07:40:00.000,6269.997,6269.998,6266.997,6266.998,0.0044
20.05.2019 07:41:00.000,6267.997,6267.998,6266.997,6266.998,0.0014
20.05.2019 07:42:00.000,6266.998,6266.998,6263.997,6263.998,0.0022
20.05.2019 07:43:00.000,6263.998,6263.998,6262.997,6262.998,0.0021
20.05.2019 07:44:00.000,6262.998,6266.997,6260.997,6266.997,0.0076
20.05.2019 07:45:00.000,6266.998,6266.998,6266.997,6266.997,0.0003
20.05.2019 07:46:00.000,6266.997,6269.997,6264.998,6267.997,0.0022
20.05.2019 07:47:00.000,6267.998,6270.998,6267.997,6269.998,0.0071
20.05.2019 07:48:00.000,6269.997,6272.998,6269.997,6272.998,0.0071
20.05.2019 07:49:00.000,6272.998,6274.998,6269.998,6273.998,0.0032
20.05.2019 07:50:00.000,6273.998,6273.998,6271.997,6271.997,0.0021
20.05.2019 07:51:00.000,6271.998,6271.998,6270.997,6271.998,0.0017
20.05.2019 07:52:00.000,6272.998,6272.998,6271.997,6272.998,0.0035
20.05.2019 07:53:00.000,6272.997,6276.998,6272.997,6275.998,0.0026
20.05.2019 07:54:00.000,6275.997,6278.998,6275.997,6278.998,0.0043
20.05.2019 07:55:00.000,6278.997,6278.998,6276.997,6277.997,0.0043
20.05.2019 07:56:00.000,6276.997,6277.998,6276.997,6276.998,0.0016
20.05.2019 07:57:00.000,6276.997,6278.998,6273.997,6273.998,0.0048
20.05.2019 07:58:00.000,6273.998,6274.998,6270.997,6271.998,0.0022
20.05.2019 07:59:00.000,6272.998,6273.998,6271.997,6273.998,0.0012
20.05.2019 08:00:00.000,6274.998,6279.997,6274.997,6279.997,0.0052
20.05.2019 08:01:00.000,6279.998,6279.998,6276.997,6276.998,0.0036
20.05.2019 08:02:00.000,6276.997,6280.998,6276.997,6280.998,0.0039
20.05.2019 08:03:00.000,6280.998,6282.998,6280.997,6282.998,0.0044
20.05.2019 08:04:00.000,6282.998,6282.998,6280.997,6280.998,0.0067
20.05.2019 08:05:00.000,6280.998,6282.998,6280.997,6282.997,0.0083
20.05.2019 08:06:00.000,6282.998,6287.998,6282.998,6286.998,0.0011
20.05.2019 08:07:00.000,6287.998,6287.998,6286.997,6287.998,0.0027
20.05.2019 08:08:00.000,6287.998,6288.998,6280.997,6280.997,0.0043
20.05.2019 08:09:00.000,6280.998,6283.998,6280.998,6282.998,0.0017
20.05.2019 08:10:00.000,6282.997,6283.998,6280.997,6282.997,0.0031
20.05.2019 08:11:00.000,6282.998,6282.998,6280.997,6281.998,0.0015
20.05.2019 08:12:00.000,6281.998,6281.998,6279.998,6280.997,0.0013
20.05.2019 08:13:00.000,6280.998,6281.998,6278.998,6281.998,0.0061
20.05.2019 08:14:00.000,6280.997,6284.998,6280.997,6283.998,0.0033
20.05.2019 08:15:00.000,6284.997,6285.998,6284.997,6285.997,0.0012
20.05.2019 08:16:00.000,6285.998,6287.998,6283.997,6287.998,0.0045
20.05.2019 08:17:00.000,6288.998,6288.998,6286.997,6287.997,0.0029
20.05.2019 08:18:00.000,6287.997,6287.997,6284.997,6285.998,0.0022
20.05.2019 08:19:00.000,6285.997,6285.998,6281.997,6281.997,0.006
20.05.2019 08:20:00.000,6282.998,6282.998,6281.997,6282.997,0.0036
20.05.2019 08:21:00.000,6282.998,6282.998,6282.998,6282.998,0.0001
20.05.2019 08:23:00.000,6284.998,6286.998,6283.997,6285.998,0.0012
20.05.2019 08:24:00.000,6286.997,6286.997,6282.997,6282.998,0.0019
20.05.2019 08:25:00.000,6282.998,6285.998,6282.998,6284.997,0.0013
20.05.2019 08:26:00.000,6284.998,6284.998,6284.997,6284.997,0.0002
20.05.2019 08:27:00.000,6284.998,6284.998,6282.997,6282.998,0.0022
20.05.2019 08:28:00.000,6281.998,6281.998,6280.998,6280.998,0.0004
20.05.2019 08:29:00.000,6279.997,6283.998,6279.997,6283.998,0.0081
20.05.2019 08:30:00.000,6283.997,6284.998,6281.998,6283.997,0.0099
20.05.2019 08:31:00.000,6283.998,6284.997,6280.997,6280.998,0.0107
20.05.2019 08:32:00.000,6280.997,6282.998,6280.997,6282.998,0.0014
20.05.2019 08:33:00.000,6281.998,6281.998,6280.997,6280.997,0.0032
20.05.2019 08:34:00.000,6279.997,6280.998,6278.998,6280.998,0.0023
20.05.2019 08:35:00.000,6279.997,6279.997,6275.997,6277.997,0.0068
20.05.2019 08:36:00.000,6277.998,6282.998,6277.997,6282.998,0.0038
20.05.2019 08:37:00.000,6282.997,6285.998,6282.997,6284.997,0.0063
20.05.2019 08:38:00.000,6284.998,6285.998,6282.998,6284.998,0.0052
20.05.2019 08:39:00.000,6283.998,6284.998,6278.998,6281.997,0.0081
20.05.2019 08:40:00.000,6281.998,6282.998,6278.997,6280.998,0.0065
20.05.2019 08:41:00.000,6280.997,6280.998,6277.997,6277.998,0.0023
20.05.2019 08:42:00.000,6278.998,6278.998,6274.998,6276.998,0.0035
20.05.2019 08:43:00.000,6275.997,6275.997,6274.997,6274.998,0.0041
20.05.2019 08:44:00.000,6274.997,6274.997,6272.997,6273.998,0.0041
20.05.2019 08:45:00.000,6273.997,6277.998,6272.997,6276.998,0.0091
20.05.2019 08:46:00.000,6277.998,6277.998,6276.997,6276.997,0.0012
20.05.2019 08:47:00.000,6276.998,6278.998,6275.997,6275.997,0.0055
20.05.2019 08:48:00.000,6275.998,6275.998,6269.997,6269.998,0.0053
20.05.2019 08:49:00.000,6269.998,6269.998,6269.997,6269.997,0.0028
20.05.2019 08:50:00.000,6269.998,6272.998,6268.997,6271.997,0.0081
20.05.2019 08:51:00.000,6271.997,6271.997,6267.997,6268.997,0.0105
20.05.2019 08:52:00.000,6268.998,6269.998,6266.997,6267.998,0.0062
20.05.2019 08:53:00.000,6267.998,6269.998,6265.997,6269.997,0.005
20.05.2019 08:54:00.000,6269.998,6271.998,6267.998,6270.998,0.0066
20.05.2019 08:55:00.000,6270.998,6270.998,6268.997,6269.998,0.0095
20.05.2019 08:56:00.000,6268.997,6269.998,6267.997,6267.998,0.018
20.05.2019 08:57:00.000,6267.997,6267.997,6262.997,6265.998,0.0058
20.05.2019 08:58:00.000,6266.998,6268.998,6264.997,6266.998,0.0084
20.05.2019 08:59:00.000,6266.997,6268.998,6265.998,6266.998,0.0043
20.05.2019 09:00:00.000,6266.997,6266.998,6259.998,6261.997,0.0063
20.05.2019 09:01:00.000,6261.998,6264.998,6260.997,6264.997,0.0059
20.05.2019 09:02:00.000,6264.998,6264.998,6259.997,6259.998,0.006
20.05.2019 09:03:00.000,6259.997,6260.998,6259.997,6259.998,0.0058
20.05.2019 09:04:00.000,6260.997,6260.998,6255.997,6255.998,0.003
20.05.2019 09:05:00.000,6255.997,6257.998,6255.997,6255.997,0.0064
20.05.2019 09:06:00.000,6255.997,6256.998,6254.997,6256.998,0.0057
20.05.2019 09:07:00.000,6256.997,6257.998,6254.998,6256.998,0.0081
20.05.2019 09:08:00.000,6256.998,6257.998,6252.998,6253.997,0.004
20.05.2019 09:09:00.000,6253.998,6254.997,6253.997,6253.998,0.0079
20.05.2019 09:10:00.000,6255.998,6255.998,6254.997,6254.998,0.0003
20.05.2019 09:11:00.000,6254.997,6254.997,6250.998,6252.998,0.0039
20.05.2019 09:12:00.000,6252.998,6256.998,6252.997,6255.997,0.0033
20.05.2019 09:13:00.000,6255.997,6257.998,6254.998,6255.998,0.0067
20.05.2019 09:14:00.000,6255.997,6256.998,6253.997,6255.998,0.0098
20.05.2019 09:15:00.000,6254.998,6256.998,6254.998,6255.998,0.0082
20.05.2019 09:16:00.000,6256.998,6259.998,6256.998,6258.998,0.0018
20.05.2019 09:17:00.000,6258.997,6259.998,6256.998,6258.997,0.0043
20.05.2019 09:18:00.000,6258.998,6259.998,6257.997,6258.997,0.0041
20.05.2019 09:19:00.000,6258.998,6258.998,6257.997,6258.997,0.0036
20.05.2019 09:20:00.000,6258.998,6259.998,6257.997,6258.997,0.0021
20.05.2019 09:21:00.000,6257.998,6257.998,6254.998,6256.997,0.0028
20.05.2019 09:22:00.000,6256.998,6257.998,6254.997,6254.998,0.0028
20.05.2019 09:23:00.000,6256.998,6256.998,6254.998,6256.998,0.0053
20.05.2019 09:24:00.000,6256.997,6258.998,6256.997,6258.997,0.005
20.05.2019 09:25:00.000,6259.997,6264.998,6259.997,6264.997,0.0073
20.05.2019 09:26:00.000,6264.998,6264.998,6261.998,6261.998,0.0032
20.05.2019 09:27:00.000,6262.998,6263.997,6260.997,6260.997,0.0022
20.05.2019 09:28:00.000,6260.998,6261.998,6258.998,6260.998,0.0028
20.05.2019 09:29:00.000,6261.998,6263.998,6261.997,6262.997,0.0063
20.05.2019 09:30:00.000,6262.998,6263.998,6262.997,6263.998,0.0027
20.05.2019 09:31:00.000,6263.997,6265.998,6263.997,6264.998,0.0026
20.05.2019 09:32:00.000,6264.997,6265.998,6263.997,6263.997,0.0051
20.05.2019 09:33:00.000,6264.998,6270.998,6264.998,6270.998,0.006
20.05.2019 09:34:00.000,6270.998,6274.998,6270.997,6274.998,0.0076
20.05.2019 09:35:00.000,6273.997,6274.998,6273.997,6273.998,0.0025
20.05.2019 09:36:00.000,6274.997,6274.998,6274.997,6274.997,0.0034
20.05.2019 09:37:00.000,6274.998,6274.998,6270.997,6272.998,0.0054
20.05.2019 09:38:00.000,6273.997,6273.998,6272.997,6272.998,0.0056
20.05.2019 09:39:00.000,6272.997,6273.998,6272.997,6272.997,0.0107
20.05.2019 09:40:00.000,6272.998,6273.998,6272.997,6273.998,0.0036
20.05.2019 09:41:00.000,6274.998,6277.998,6274.997,6276.998,0.0043
20.05.2019 09:42:00.000,6277.998,6278.998,6276.997,6276.997,0.0059
20.05.2019 09:43:00.000,6277.997,6277.998,6276.998,6276.998,0.002
20.05.2019 09:44:00.000,6276.998,6279.998,6276.998,6279.998,0.003
20.05.2019 09:45:00.000,6279.997,6279.997,6278.997,6278.997,0.0013
20.05.2019 09:46:00.000,6278.998,6279.998,6277.997,6277.997,0.0043
20.05.2019 09:47:00.000,6277.998,6279.998,6277.998,6278.997,0.0078
20.05.2019 09:48:00.000,6278.998,6279.998,6278.997,6279.998,0.0025
20.05.2019 09:49:00.000,6279.997,6279.998,6278.998,6278.998,0.0028
20.05.2019 09:50:00.000,6278.997,6282.998,6278.997,6281.997,0.0052
20.05.2019 09:51:00.000,6281.998,6286.998,6281.998,6286.998,0.0107
20.05.2019 09:52:00.000,6286.998,6288.998,6284.997,6287.998,0.0091
20.05.2019 09:53:00.000,6287.997,6289.998,6284.997,6284.997,0.0043
20.05.2019 09:54:00.000,6284.998,6286.998,6283.997,6284.998,0.0087
20.05.2019 09:55:00.000,6286.997,6286.997,6285.997,6285.998,0.0008
20.05.2019 09:56:00.000,6285.997,6285.997,6285.997,6285.997,0.0001
20.05.2019 09:58:00.000,6285.998,6286.997,6282.997,6284.998,0.0039
20.05.2019 09:59:00.000,6284.997,6289.998,6284.997,6289.998,0.0036
20.05.2019 10:00:00.000,6290.998,6296.998,6290.998,6295.997,0.0093
20.05.2019 10:01:00.000,6295.998,6296.998,6293.997,6295.997,0.004
20.05.2019 10:02:00.000,6297.998,6298.998,6294.998,6297.998,0.0036
20.05.2019 10:03:00.000,6298.997,6300.998,6297.997,6297.997,0.005
20.05.2019 10:04:00.000,6297.998,6298.998,6294.997,6297.998,0.0043
20.05.2019 10:05:00.000,6297.997,6298.998,6294.997,6295.998,0.0055
20.05.2019 10:06:00.000,6295.998,6295.998,6293.997,6293.997,0.0015
20.05.2019 10:07:00.000,6293.998,6297.998,6291.998,6295.998,0.0016
20.05.2019 10:08:00.000,6295.997,6295.998,6293.997,6293.998,0.0025
20.05.2019 10:09:00.000,6293.997,6293.998,6291.997,6292.998,0.0027
20.05.2019 10:10:00.000,6292.998,6292.998,6283.997,6283.998,0.0078
20.05.2019 10:11:00.000,6283.998,6286.998,6281.997,6283.998,0.0087
20.05.2019 10:12:00.000,6284.998,6285.998,6281.997,6281.998,0.0044
20.05.2019 10:13:00.000,6281.997,6284.998,6279.998,6282.998,0.007
20.05.2019 10:14:00.000,6282.997,6282.998,6279.997,6281.997,0.0037
20.05.2019 10:15:00.000,6281.998,6281.998,6278.997,6279.998,0.0037
20.05.2019 10:16:00.000,6279.998,6280.998,6274.998,6275.998,0.002
20.05.2019 10:17:00.000,6275.998,6275.998,6267.997,6268.997,0.0081
20.05.2019 10:18:00.000,6268.998,6269.998,6267.997,6268.998,0.0044
20.05.2019 10:19:00.000,6268.998,6269.998,6267.998,6268.998,0.0033
20.05.2019 10:20:00.000,6268.997,6268.998,6265.998,6265.998,0.0024
20.05.2019 10:21:00.000,6265.997,6268.998,6264.997,6264.998,0.0024
20.05.2019 10:22:00.000,6265.998,6267.998,6264.998,6267.998,0.0035
20.05.2019 10:23:00.000,6267.997,6267.997,6265.998,6265.998,0.0003
20.05.2019 10:24:00.000,6265.997,6267.998,6265.997,6267.998,0.0029
20.05.2019 10:25:00.000,6267.997,6267.998,6264.997,6266.998,0.0056
20.05.2019 10:26:00.000,6265.998,6266.997,6264.997,6264.998,0.0044
20.05.2019 10:27:00.000,6265.998,6265.998,6258.997,6258.997,0.0045
20.05.2019 10:28:00.000,6258.998,6262.998,6258.998,6259.998,0.0097
20.05.2019 10:29:00.000,6260.998,6262.998,6260.997,6260.998,0.0056
20.05.2019 10:30:00.000,6260.998,6265.998,6260.997,6264.998,0.0077
20.05.2019 10:31:00.000,6262.998,6263.998,6260.997,6260.998,0.0032
20.05.2019 10:32:00.000,6258.998,6261.998,6258.997,6260.998,0.0045
20.05.2019 10:33:00.000,6260.998,6261.998,6258.998,6260.998,0.0033
20.05.2019 10:34:00.000,6260.998,6260.998,6258.997,6259.998,0.0019
20.05.2019 10:35:00.000,6259.998,6262.998,6258.998,6262.998,0.0026
20.05.2019 10:36:00.000,6262.997,6264.997,6260.997,6260.997,0.0021
20.05.2019 10:37:00.000,6260.998,6262.998,6260.998,6262.998,0.0009
20.05.2019 10:38:00.000,6264.997,6264.998,6261.998,6262.998,0.0016
20.05.2019 10:39:00.000,6263.997,6263.998,6258.997,6258.997,0.0062
20.05.2019 10:40:00.000,6258.998,6260.998,6257.997,6257.998,0.0012
20.05.2019 10:41:00.000,6258.997,6259.998,6256.997,6256.998,0.0026
20.05.2019 10:42:00.000,6256.997,6259.998,6256.997,6259.998,0.003
20.05.2019 10:43:00.000,6260.998,6261.998,6260.997,6261.998,0.0045
20.05.2019 10:44:00.000,6262.998,6262.998,6261.997,6261.998,0.0022
20.05.2019 10:45:00.000,6262.997,6262.998,6262.997,6262.997,0.004
20.05.2019 10:46:00.000,6262.998,6265.997,6262.998,6264.997,0.0037
20.05.2019 10:47:00.000,6262.997,6265.998,6262.997,6265.998,0.0041
20.05.2019 10:48:00.000,6265.997,6265.998,6262.997,6262.997,0.0036
20.05.2019 10:49:00.000,6262.998,6262.998,6260.997,6262.998,0.0039
20.05.2019 10:50:00.000,6262.997,6264.998,6262.997,6264.998,0.0011
20.05.2019 10:51:00.000,6263.997,6263.998,6261.997,6262.997,0.0035
20.05.2019 10:52:00.000,6261.998,6262.998,6256.998,6258.998,0.0035
20.05.2019 10:53:00.000,6258.998,6258.998,6256.997,6256.998,0.0015
20.05.2019 10:54:00.000,6256.998,6256.998,6254.998,6254.998,0.0002
20.05.2019 10:55:00.000,6254.997,6254.998,6251.997,6251.998,0.0031
20.05.2019 10:56:00.000,6252.998,6253.998,6250.997,6253.997,0.0026
20.05.2019 10:57:00.000,6253.998,6254.998,6251.998,6251.998,0.0038
20.05.2019 10:58:00.000,6251.998,6253.998,6251.997,6252.997,0.0052
20.05.2019 10:59:00.000,6252.998,6256.997,6252.997,6255.998,0.004
20.05.2019 11:00:00.000,6254.998,6254.998,6254.997,6254.997,0.0003
20.05.2019 11:02:00.000,6255.997,6261.998,6254.998,6260.997,0.0026
20.05.2019 11:03:00.000,6260.997,6260.997,6257.997,6258.998,0.0058
20.05.2019 11:04:00.000,6258.998,6258.998,6255.998,6256.998,0.0023
20.05.2019 11:05:00.000,6256.997,6256.998,6251.997,6251.997,0.0024
20.05.2019 11:06:00.000,6252.998,6252.998,6249.997,6250.997,0.0071
20.05.2019 11:07:00.000,6250.998,6252.998,6250.997,6251.998,0.0024
20.05.2019 11:08:00.000,6251.998,6252.998,6251.997,6252.997,0.0015
20.05.2019 11:09:00.000,6251.998,6251.998,6249.997,6250.998,0.0103
20.05.2019 11:10:00.000,6250.997,6250.998,6249.998,6250.998,0.0019
20.05.2019 11:11:00.000,6251.997,6252.998,6251.997,6251.997,0.0018
20.05.2019 11:12:00.000,6252.998,6255.998,6251.997,6255.998,0.0074
20.05.2019 11:13:00.000,6254.998,6256.998,6253.997,6256.997,0.011
20.05.2019 11:14:00.000,6256.998,6256.998,6252.998,6254.998,0.0069
20.05.2019 11:15:00.000,6255.997,6255.998,6253.997,6253.998,0.0043
20.05.2019 11:16:00.000,6253.998,6254.997,6251.998,6253.998,0.0114
20.05.2019 11:17:00.000,6252.997,6254.998,6252.997,6253.998,0.0007
20.05.2019 11:18:00.000,6252.998,6254.998,6252.997,6254.997,0.0059
20.05.2019 11:19:00.000,6256.997,6258.998,6256.997,6258.997,0.0018
20.05.2019 11:20:00.000,6258.998,6260.998,6258.997,6260.998,0.0066
20.05.2019 11:21:00.000,6259.998,6260.998,6258.997,6259.998,0.005
20.05.2019 11:22:00.000,6260.998,6261.997,6258.997,6259.998,0.0044
20.05.2019 11:23:00.000,6260.997,6262.997,6260.997,6262.997,0.0075
20.05.2019 11:24:00.000,6262.997,6262.998,6259.997,6260.997,0.0039
20.05.2019 11:25:00.000,6260.998,6261.998,6260.997,6261.997,0.0074
20.05.2019 11:26:00.000,6261.997,6261.998,6261.997,6261.998,0.0002
20.05.2019 11:27:00.000,6262.997,6266.998,6262.997,6266.998,0.004
20.05.2019 11:28:00.000,6265.997,6267.998,6265.997,6266.997,0.003
20.05.2019 11:29:00.000,6266.997,6266.997,6264.998,6264.998,0.0013
20.05.2019 11:30:00.000,6264.997,6264.997,6260.997,6260.997,0.0045
20.05.2019 11:31:00.000,6260.998,6262.998,6260.998,6262.998,0.0015
20.05.2019 11:32:00.000,6262.997,6264.998,6262.997,6264.998,0.0031
20.05.2019 11:33:00.000,6264.997,6268.998,6264.997,6268.998,0.0051
20.05.2019 11:34:00.000,6269.997,6269.998,6268.997,6269.998,0.0082
20.05.2019 11:35:00.000,6269.997,6270.998,6268.997,6269.998,0.0047
20.05.2019 11:36:00.000,6269.997,6270.998,6268.997,6270.997,0.0064
20.05.2019 11:37:00.000,6271.998,6273.998,6269.997,6272.998,0.0071
20.05.2019 11:38:00.000,6272.998,6274.998,6272.998,6273.998,0.0045
20.05.2019 11:39:00.000,6274.997,6275.998,6274.997,6275.998,0.0021
20.05.2019 11:40:00.000,6275.998,6277.998,6275.997,6277.998,0.0063
20.05.2019 11:41:00.000,6277.998,6279.998,6277.998,6278.998,0.0037
20.05.2019 11:42:00.000,6278.998,6281.998,6278.998,6281.998,0.0087
20.05.2019 11:43:00.000,6280.998,6282.998,6280.997,6281.998,0.0117
20.05.2019 11:44:00.000,6282.997,6285.998,6282.997,6285.997,0.0255
20.05.2019 11:45:00.000,6284.998,6284.998,6281.997,6281.997,0.0114
20.05.2019 11:46:00.000,6281.998,6285.998,6281.997,6283.998,0.0203
20.05.2019 11:47:00.000,6283.998,6284.998,6283.997,6283.998,0.0081
20.05.2019 11:49:00.000,6283.997,6284.998,6283.997,6284.998,0.0024
20.05.2019 11:50:00.000,6284.997,6285.998,6284.997,6284.998,0.0094
20.05.2019 11:51:00.000,6284.997,6287.998,6284.997,6285.997,0.0176
20.05.2019 11:52:00.000,6285.998,6288.998,6283.998,6286.998,0.0127
20.05.2019 11:53:00.000,6286.997,6286.998,6285.998,6285.998,0.0031
20.05.2019 11:54:00.000,6284.997,6285.998,6284.997,6285.998,0.0041
20.05.2019 11:55:00.000,6285.997,6286.998,6285.997,6285.998,0.0097
20.05.2019 11:56:00.000,6286.998,6286.998,6286.998,6286.998,0.0001
20.05.2019 11:57:00.000,6285.998,6286.998,6285.997,6285.997,0.005
20.05.2019 11:58:00.000,6285.998,6286.998,6285.998,6286.998,0.0019
20.05.2019 11:59:00.000,6286.997,6287.998,6285.998,6287.998,0.005
20.05.2019 12:00:00.000,6287.997,6287.998,6282.997,6282.997,0.0132
20.05.2019 12:01:00.000,6282.997,6282.997,6280.997,6281.998,0.0074
20.05.2019 12:02:00.000,6281.997,6281.998,6279.997,6280.998,0.0211
20.05.2019 12:03:00.000,6280.997,6281.998,6280.997,6280.997,0.0118
20.05.2019 12:04:00.000,6280.998,6283.998,6280.998,6283.998,0.0055
20.05.2019 12:05:00.000,6283.997,6283.998,6281.997,6281.998,0.0213
20.05.2019 12:06:00.000,6281.997,6281.997,6279.997,6279.997,0.0131
20.05.2019 12:07:00.000,6279.998,6279.998,6279.997,6279.997,0.0028
20.05.2019 12:08:00.000,6280.997,6282.998,6279.997,6282.998,0.0103
20.05.2019 12:09:00.000,6283.998,6283.998,6282.998,6283.998,0.0017
20.05.2019 12:10:00.000,6283.998,6283.998,6280.998,6281.998,0.0205
20.05.2019 12:11:00.000,6280.998,6280.998,6270.998,6272.998,0.0125
20.05.2019 12:12:00.000,6273.998,6274.998,6272.997,6273.998,0.0087
20.05.2019 12:13:00.000,6273.997,6274.998,6273.997,6274.998,0.0048
20.05.2019 12:14:00.000,6274.997,6275.998,6273.997,6274.998,0.0062
20.05.2019 12:15:00.000,6273.998,6277.997,6273.997,6275.998,0.003
20.05.2019 12:16:00.000,6275.997,6275.998,6273.997,6275.997,0.0106
20.05.2019 12:17:00.000,6275.998,6276.998,6274.998,6276.997,0.0055
20.05.2019 12:18:00.000,6276.998,6276.998,6274.997,6276.998,0.005
20.05.2019 12:19:00.000,6275.998,6275.998,6273.997,6274.998,0.0039
20.05.2019 12:20:00.000,6274.998,6276.998,6274.997,6275.998,0.0025
20.05.2019 12:21:00.000,6277.998,6281.998,6277.997,6281.998,0.006
20.05.2019 12:22:00.000,6281.997,6281.997,6277.998,6278.998,0.0033
20.05.2019 12:23:00.000,6279.998,6281.998,6279.997,6281.998,0.007
20.05.2019 12:24:00.000,6281.997,6282.998,6281.997,6282.998,0.0026
20.05.2019 12:25:00.000,6281.998,6282.998,6279.998,6282.997,0.005
20.05.2019 12:26:00.000,6282.998,6282.998,6279.997,6280.997,0.0026
20.05.2019 12:27:00.000,6280.998,6280.998,6277.997,6277.997,0.0042
20.05.2019 12:28:00.000,6279.998,6281.998,6279.997,6280.998,0.0019
20.05.2019 12:29:00.000,6281.998,6282.998,6281.997,6282.998,0.0035
20.05.2019 12:30:00.000,6281.998,6281.998,6279.997,6281.998,0.0015
20.05.2019 12:31:00.000,6282.997,6282.998,6279.997,6281.997,0.0034
20.05.2019 12:32:00.000,6281.997,6283.998,6279.997,6280.998,0.0087
20.05.2019 12:33:00.000,6280.998,6281.998,6279.997,6281.998,0.0061
20.05.2019 12:34:00.000,6281.997,6281.998,6279.997,6280.997,0.0046
20.05.2019 12:35:00.000,6280.997,6284.998,6278.997,6283.998,0.0096
20.05.2019 12:36:00.000,6283.997,6284.998,6282.997,6284.998,0.0031
20.05.2019 12:37:00.000,6284.997,6284.998,6282.997,6284.997,0.0023
20.05.2019 12:38:00.000,6284.998,6288.998,6284.997,6287.997,0.0044
20.05.2019 12:39:00.000,6287.998,6288.998,6286.997,6286.998,0.0057
20.05.2019 12:40:00.000,6286.997,6288.998,6286.997,6288.998,0.0038
20.05.2019 12:41:00.000,6286.997,6287.998,6286.997,6286.997,0.0045
20.05.2019 12:42:00.000,6287.998,6288.998,6286.997,6286.997,0.0019
20.05.2019 12:43:00.000,6286.998,6286.998,6285.998,6286.998,0.0011
20.05.2019 12:44:00.000,6286.998,6286.998,6284.997,6284.998,0.0016
20.05.2019 12:45:00.000,6285.998,6285.998,6282.997,6282.998,0.001
20.05.2019 12:46:00.000,6282.997,6284.998,6281.997,6282.997,0.0075
20.05.2019 12:47:00.000,6283.998,6283.998,6280.998,6280.998,0.0022
20.05.2019 12:48:00.000,6280.997,6281.998,6279.997,6280.998,0.0024
20.05.2019 12:49:00.000,6280.997,6281.998,6280.997,6280.998,0.0041
20.05.2019 12:50:00.000,6281.998,6283.998,6279.997,6280.997,0.0055
20.05.2019 12:51:00.000,6280.998,6281.998,6278.997,6278.997,0.0054
20.05.2019 12:52:00.000,6279.998,6279.998,6278.997,6278.997,0.0028
20.05.2019 12:53:00.000,6278.998,6280.998,6276.997,6279.998,0.0038
20.05.2019 12:54:00.000,6280.998,6283.998,6280.997,6283.997,0.0051
20.05.2019 12:55:00.000,6283.998,6286.998,6283.998,6286.998,0.0036
20.05.2019 12:56:00.000,6286.997,6286.997,6280.998,6281.998,0.0036
20.05.2019 12:57:00.000,6281.997,6286.998,6281.997,6286.998,0.0049
20.05.2019 12:58:00.000,6287.998,6290.997,6287.997,6289.998,0.002
20.05.2019 12:59:00.000,6289.997,6292.998,6287.998,6292.998,0.0101
20.05.2019 13:00:00.000,6292.998,6294.998,6289.997,6294.998,0.0041
20.05.2019 13:01:00.000,6294.997,6297.998,6294.997,6296.997,0.0021
20.05.2019 13:02:00.000,6297.997,6297.997,6293.998,6294.998,0.0037
20.05.2019 13:03:00.000,6294.997,6297.997,6294.997,6296.998,0.0019
20.05.2019 13:04:00.000,6296.997,6297.998,6293.997,6295.998,0.0044
20.05.2019 13:05:00.000,6295.997,6295.998,6293.997,6293.998,0.0022
20.05.2019 13:06:00.000,6293.998,6293.998,6291.997,6293.998,0.003
20.05.2019 13:07:00.000,6292.997,6294.998,6292.997,6293.998,0.004
20.05.2019 13:08:00.000,6293.997,6293.998,6291.997,6293.997,0.0047
20.05.2019 13:09:00.000,6292.998,6294.997,6291.997,6293.997,0.0063
20.05.2019 13:10:00.000,6293.998,6294.998,6287.998,6289.998,0.0045
20.05.2019 13:11:00.000,6289.750,6289.750,6285.997,6285.997,0.0012
20.05.2019 13:12:00.000,6285.998,6286.997,6282.997,6285.998,0.007
20.05.2019 13:13:00.000,6285.997,6285.998,6283.997,6285.998,0.0093
20.05.2019 13:14:00.000,6285.997,6285.997,6283.998,6283.998,0.0021
20.05.2019 13:15:00.000,6284.998,6284.998,6284.998,6284.998,0.0001
20.05.2019 13:16:00.000,6285.997,6285.998,6281.997,6282.998,0.0047
20.05.2019 13:17:00.000,6281.998,6281.998,6278.997,6279.998,0.0059
20.05.2019 13:18:00.000,6278.998,6281.998,6277.997,6279.998,0.008
20.05.2019 13:19:00.000,6279.997,6280.998,6278.997,6278.998,0.0056
20.05.2019 13:20:00.000,6277.998,6278.998,6275.997,6276.998,0.0034
20.05.2019 13:21:00.000,6275.998,6275.998,6274.997,6275.998,0.0042
20.05.2019 13:22:00.000,6275.998,6276.998,6274.997,6274.998,0.0016
20.05.2019 13:23:00.000,6275.998,6275.998,6267.997,6267.998,0.006
20.05.2019 13:24:00.000,6268.997,6271.998,6267.997,6270.998,0.0067
20.05.2019 13:25:00.000,6270.997,6276.998,6270.997,6276.998,0.0054
20.05.2019 13:26:00.000,6275.998,6276.998,6274.998,6274.998,0.0046
20.05.2019 13:27:00.000,6274.997,6274.998,6274.997,6274.998,0.0004
20.05.2019 13:28:00.000,6273.998,6274.998,6273.998,6274.998,0.0005
20.05.2019 13:29:00.000,6273.998,6278.998,6272.998,6278.998,0.0076
20.05.2019 13:30:00.000,6277.998,6277.998,6274.997,6277.997,0.0103
20.05.2019 13:31:00.000,6277.998,6281.998,6277.997,6281.998,0.0072
20.05.2019 13:32:00.000,6280.998,6282.998,6279.997,6279.998,0.008
20.05.2019 13:33:00.000,6281.997,6287.998,6281.997,6287.998,0.0047
20.05.2019 13:34:00.000,6287.998,6289.998,6285.997,6287.998,0.006
20.05.2019 13:35:00.000,6286.998,6288.998,6283.998,6284.998,0.0091
20.05.2019 13:36:00.000,6283.998,6283.998,6277.997,6281.998,0.0142
20.05.2019 13:37:00.000,6281.997,6284.998,6280.998,6284.997,0.0052
20.05.2019 13:38:00.000,6285.998,6285.998,6281.997,6283.998,0.0111
20.05.2019 13:39:00.000,6283.997,6286.998,6281.998,6285.998,0.0142
20.05.2019 13:40:00.000,6285.997,6287.998,6284.997,6285.998,0.0062
20.05.2019 13:41:00.000,6285.997,6285.998,6282.997,6282.998,0.0075
20.05.2019 13:42:00.000,6282.997,6287.998,6282.997,6284.998,0.0163
20.05.2019 13:43:00.000,6284.997,6284.998,6280.997,6280.998,0.0127
20.05.2019 13:44:00.000,6281.997,6282.997,6269.997,6269.997,0.0161
20.05.2019 13:45:00.000,6269.998,6273.998,6269.998,6272.997,0.013
20.05.2019 13:46:00.000,6272.998,6272.998,6269.998,6272.997,0.0082
20.05.2019 13:47:00.000,6271.998,6271.998,6267.998,6268.997,0.0091
20.05.2019 13:48:00.000,6268.998,6269.998,6265.997,6268.997,0.0098
20.05.2019 13:49:00.000,6268.998,6270.998,6268.998,6270.998,0.0022
20.05.2019 13:50:00.000,6270.997,6271.998,6265.997,6266.998,0.0146
20.05.2019 13:51:00.000,6266.997,6267.998,6262.997,6263.997,0.012
20.05.2019 13:52:00.000,6263.998,6264.998,6261.997,6262.998,0.0087
20.05.2019 13:53:00.000,6262.998,6267.998,6262.997,6263.998,0.0177
20.05.2019 13:54:00.000,6263.997,6263.998,6260.997,6262.998,0.0087
20.05.2019 13:55:00.000,6263.998,6266.998,6262.997,6266.997,0.0159
20.05.2019 13:56:00.000,6266.998,6271.997,6266.997,6270.998,0.0078
20.05.2019 13:57:00.000,6270.997,6271.998,6263.998,6264.997,0.0126
20.05.2019 13:58:00.000,6265.997,6267.997,6263.997,6264.997,0.0129
20.05.2019 13:59:00.000,6264.998,6266.998,6264.997,6265.997,0.0081
20.05.2019 14:00:00.000,6265.998,6266.998,6264.997,6264.998,0.0168
20.05.2019 14:01:00.000,6264.997,6266.998,6261.998,6266.998,0.0096
20.05.2019 14:02:00.000,6265.998,6266.998,6264.997,6266.998,0.0096
20.05.2019 14:03:00.000,6266.997,6266.998,6266.997,6266.997,0.0091
20.05.2019 14:04:00.000,6266.998,6267.998,6262.997,6262.997,0.0163
20.05.2019 14:05:00.000,6262.998,6264.998,6262.997,6263.998,0.0091
20.05.2019 14:06:00.000,6264.997,6266.998,6264.997,6266.998,0.0077
20.05.2019 14:07:00.000,6267.997,6267.997,6262.997,6262.998,0.0078
20.05.2019 14:08:00.000,6262.997,6264.998,6262.997,6263.998,0.0094
20.05.2019 14:09:00.000,6263.997,6268.998,6263.997,6268.997,0.0078
20.05.2019 14:10:00.000,6268.997,6268.998,6267.997,6267.998,0.0024
20.05.2019 14:11:00.000,6267.997,6267.998,6264.997,6264.998,0.0132
20.05.2019 14:12:00.000,6264.997,6266.998,6263.998,6265.998,0.0205
20.05.2019 14:13:00.000,6266.998,6266.998,6260.997,6260.998,0.0083
20.05.2019 14:14:00.000,6260.997,6263.998,6260.997,6263.998,0.0095
20.05.2019 14:15:00.000,6263.998,6265.998,6263.997,6263.998,0.0075
20.05.2019 14:16:00.000,6263.997,6264.998,6262.997,6263.997,0.0101
20.05.2019 14:17:00.000,6264.997,6265.998,6263.997,6264.997,0.0029
20.05.2019 14:18:00.000,6264.997,6265.998,6263.997,6264.998,0.0105
20.05.2019 14:19:00.000,6264.998,6264.998,6262.997,6262.998,0.0112
20.05.2019 14:20:00.000,6262.997,6264.998,6260.998,6264.998,0.0063
20.05.2019 14:21:00.000,6264.998,6264.998,6260.997,6262.997,0.0176
20.05.2019 14:22:00.000,6262.998,6263.998,6261.998,6262.998,0.0147
20.05.2019 14:23:00.000,6262.997,6263.998,6262.997,6263.997,0.0086
20.05.2019 14:24:00.000,6264.998,6264.998,6262.998,6263.998,0.0051
20.05.2019 14:25:00.000,6262.997,6262.998,6260.997,6260.998,0.0034
20.05.2019 14:26:00.000,6260.997,6261.998,6260.997,6260.998,0.0043
20.05.2019 14:27:00.000,6260.997,6260.997,6258.997,6259.998,0.0071
20.05.2019 14:28:00.000,6259.997,6261.998,6259.997,6261.997,0.0082
20.05.2019 14:29:00.000,6261.998,6262.998,6259.998,6262.998,0.0059
20.05.2019 14:30:00.000,6262.997,6265.998,6260.997,6260.998,0.0122
20.05.2019 14:31:00.000,6260.997,6262.998,6259.998,6262.998,0.0047
20.05.2019 14:32:00.000,6263.998,6263.998,6263.997,6263.997,0.003
20.05.2019 14:33:00.000,6263.997,6263.998,6262.997,6263.998,0.0048
20.05.2019 14:34:00.000,6263.998,6264.998,6261.997,6262.998,0.0092
20.05.2019 14:35:00.000,6262.998,6263.997,6261.997,6262.998,0.0078
20.05.2019 14:36:00.000,6262.997,6262.998,6261.998,6262.998,0.0012
20.05.2019 14:37:00.000,6262.997,6262.997,6260.997,6260.998,0.0043
20.05.2019 14:38:00.000,6260.997,6262.998,6260.997,6262.997,0.004
20.05.2019 14:39:00.000,6262.998,6262.998,6260.997,6262.998,0.008
20.05.2019 14:40:00.000,6262.997,6263.998,6262.997,6263.998,0.0063
20.05.2019 14:41:00.000,6263.997,6263.998,6261.997,6262.998,0.0111
20.05.2019 14:42:00.000,6262.997,6262.998,6262.997,6262.998,0.0032
20.05.2019 14:43:00.000,6262.997,6263.998,6262.997,6262.998,0.0042
20.05.2019 14:44:00.000,6263.997,6263.997,6261.997,6261.998,0.0083
20.05.2019 14:45:00.000,6261.997,6263.998,6261.997,6262.997,0.0028
20.05.2019 14:46:00.000,6262.998,6263.998,6261.997,6262.998,0.0055
20.05.2019 14:47:00.000,6262.997,6262.998,6262.997,6262.998,0.0004
20.05.2019 14:48:00.000,6262.997,6262.998,6262.997,6262.998,0.0014
20.05.2019 14:49:00.000,6262.997,6263.998,6262.997,6263.998,0.0023
20.05.2019 14:50:00.000,6262.998,6263.998,6260.997,6261.998,0.0079
20.05.2019 14:51:00.000,6261.997,6263.998,6261.997,6263.998,0.0033
20.05.2019 14:52:00.000,6262.998,6264.998,6262.998,6264.998,0.0061
20.05.2019 14:53:00.000,6264.997,6264.998,6263.997,6263.998,0.0057
20.05.2019 14:54:00.000,6264.997,6264.998,6260.997,6260.997,0.0084
20.05.2019 14:55:00.000,6260.998,6265.998,6260.997,6264.998,0.0077
20.05.2019 14:56:00.000,6265.998,6265.998,6264.997,6264.998,0.003
20.05.2019 14:57:00.000,6264.997,6264.998,6263.998,6264.998,0.007
20.05.2019 14:58:00.000,6264.997,6268.998,6264.997,6268.998,0.0091
20.05.2019 14:59:00.000,6268.997,6269.998,6266.997,6266.998,0.0102
20.05.2019 15:00:00.000,6266.998,6268.998,6266.997,6268.998,0.0077
20.05.2019 15:01:00.000,6268.997,6270.998,6266.998,6266.998,0.01
20.05.2019 15:02:00.000,6266.998,6266.998,6263.998,6264.998,0.0087
20.05.2019 15:03:00.000,6264.997,6265.998,6262.997,6265.998,0.0067
20.05.2019 15:04:00.000,6265.997,6265.998,6265.997,6265.998,0.0048
20.05.2019 15:05:00.000,6265.997,6265.998,6261.997,6261.998,0.0091
20.05.2019 15:06:00.000,6262.997,6265.998,6262.997,6264.998,0.0112
20.05.2019 15:07:00.000,6264.997,6264.998,6263.997,6263.998,0.0067
20.05.2019 15:08:00.000,6262.998,6263.998,6262.997,6263.998,0.0123
20.05.2019 15:09:00.000,6264.998,6265.998,6263.997,6263.998,0.0119
20.05.2019 15:10:00.000,6262.997,6263.998,6262.997,6263.998,0.0047
20.05.2019 15:11:00.000,6262.998,6263.998,6262.998,6263.998,0.0029
20.05.2019 15:12:00.000,6263.997,6264.998,6263.997,6264.998,0.0031
20.05.2019 15:13:00.000,6264.997,6265.998,6264.997,6265.998,0.0056
20.05.2019 15:14:00.000,6265.998,6266.998,6264.997,6265.997,0.0098
20.05.2019 15:15:00.000,6265.998,6266.998,6264.997,6264.997,0.0061
20.05.2019 15:16:00.000,6264.998,6265.998,6264.997,6265.998,0.0054
20.05.2019 15:17:00.000,6265.997,6265.998,6264.998,6264.998,0.0017
20.05.2019 15:18:00.000,6264.997,6266.998,6264.997,6266.998,0.0062
20.05.2019 15:19:00.000,6266.997,6266.998,6264.997,6264.997,0.0055
20.05.2019 15:20:00.000,6264.998,6265.998,6264.997,6264.997,0.0061
20.05.2019 15:21:00.000,6264.998,6265.998,6263.997,6264.998,0.0084
20.05.2019 15:22:00.000,6263.997,6264.998,6262.997,6263.997,0.0186
20.05.2019 15:23:00.000,6263.998,6264.998,6263.997,6263.998,0.0029
20.05.2019 15:24:00.000,6263.997,6263.997,6260.997,6260.997,0.0052
20.05.2019 15:25:00.000,6261.998,6261.998,6260.997,6260.997,0.0154
20.05.2019 15:26:00.000,6260.998,6263.998,6260.997,6263.998,0.015
20.05.2019 15:27:00.000,6264.997,6264.998,6261.997,6263.998,0.0164
20.05.2019 15:28:00.000,6263.997,6263.998,6261.997,6261.998,0.0206
20.05.2019 15:29:00.000,6262.997,6263.998,6261.998,6263.998,0.0165
21.05.2019 07:00:00.000,6268.998,6268.998,6268.998,6268.998,0.0002
21.05.2019 07:01:00.000,6268.998,6269.998,6263.998,6263.998,0.001
21.05.2019 07:02:00.000,6264.997,6274.998,6260.997,6270.997,0.004
21.05.2019 07:03:00.000,6270.998,6272.998,6270.997,6272.998,0.0011
21.05.2019 07:04:00.000,6272.997,6272.998,6267.998,6270.997,0.0014
21.05.2019 07:05:00.000,6270.998,6270.998,6265.998,6267.998,0.0023
21.05.2019 07:06:00.000,6265.998,6265.998,6265.997,6265.998,0.0018
21.05.2019 07:07:00.000,6265.998,6265.998,6251.997,6251.998,0.0061
21.05.2019 07:08:00.000,6253.997,6262.998,6253.997,6255.998,0.0042
21.05.2019 07:09:00.000,6255.998,6255.998,6250.998,6252.998,0.0025
21.05.2019 07:10:00.000,6252.997,6256.998,6249.997,6255.998,0.0027
21.05.2019 07:11:00.000,6256.997,6256.998,6254.998,6255.997,0.0015
21.05.2019 07:12:00.000,6255.998,6258.998,6255.997,6257.998,0.0019
21.05.2019 07:13:00.000,6258.998,6258.998,6250.997,6251.998,0.0024
21.05.2019 07:14:00.000,6251.997,6252.998,6250.997,6251.998,0.0026
21.05.2019 07:15:00.000,6252.998,6259.998,6252.998,6258.998,0.0034
21.05.2019 07:16:00.000,6258.997,6258.998,6253.997,6256.997,0.0032
21.05.2019 07:17:00.000,6256.998,6256.998,6253.997,6253.998,0.0005
21.05.2019 07:18:00.000,6254.998,6255.998,6251.997,6251.997,0.0026
21.05.2019 07:19:00.000,6251.998,6252.997,6249.997,6250.998,0.0018
21.05.2019 07:20:00.000,6250.998,6252.998,6249.997,6252.998,0.0019
21.05.2019 07:21:00.000,6253.998,6254.998,6246.998,6246.998,0.0015
21.05.2019 07:22:00.000,6246.998,6251.998,6244.997,6251.998,0.0039
21.05.2019 07:23:00.000,6253.998,6256.998,6253.997,6255.998,0.0078
21.05.2019 07:24:00.000,6257.997,6263.998,6257.997,6263.998,0.0035
21.05.2019 07:25:00.000,6264.998,6264.998,6260.998,6260.998,0.0009
21.05.2019 07:26:00.000,6261.998,6266.998,6261.997,6266.997,0.0024
21.05.2019 07:27:00.000,6267.997,6269.998,6266.997,6268.997,0.0027
21.05.2019 07:28:00.000,6270.997,6270.998,6268.997,6270.998,0.0018
21.05.2019 07:29:00.000,6270.997,6272.998,6269.997,6269.997,0.0034
21.05.2019 07:30:00.000,6270.997,6270.998,6267.997,6268.998,0.0029
21.05.2019 07:31:00.000,6270.998,6270.998,6265.997,6266.998,0.003
21.05.2019 07:32:00.000,6266.998,6270.998,6266.998,6269.998,0.002
21.05.2019 07:33:00.000,6270.998,6272.998,6269.997,6270.997,0.0026
21.05.2019 07:34:00.000,6270.998,6275.998,6269.997,6274.998,0.0039
21.05.2019 07:35:00.000,6275.998,6278.997,6275.997,6278.997,0.0032
21.05.2019 07:36:00.000,6278.998,6282.998,6278.997,6279.998,0.003
21.05.2019 07:37:00.000,6280.997,6282.998,6279.997,6281.998,0.0035
21.05.2019 07:38:00.000,6282.997,6285.998,6281.998,6283.998,0.0075
21.05.2019 07:39:00.000,6283.998,6283.998,6279.997,6282.998,0.0041
21.05.2019 07:40:00.000,6282.998,6287.750,6282.998,6286.997,0.0034
21.05.2019 07:41:00.000,6287.998,6290.998,6287.998,6289.998,0.0049
21.05.2019 07:42:00.000,6288.998,6293.998,6287.998,6287.998,0.0068
21.05.2019 07:43:00.000,6288.997,6291.998,6288.997,6290.998,0.0026
21.05.2019 07:44:00.000,6290.998,6293.998,6290.997,6293.997,0.0046
21.05.2019 07:45:00.000,6293.998,6294.998,6291.998,6292.998,0.0041
21.05.2019 07:46:00.000,6292.998,6292.998,6290.997,6290.997,0.0021
21.05.2019 07:47:00.000,6289.998,6293.998,6289.997,6292.998,0.0068
21.05.2019 07:48:00.000,6292.997,6292.997,6289.998,6290.998,0.005
21.05.2019 07:49:00.000,6290.997,6292.998,6290.997,6292.998,0.0029
21.05.2019 07:50:00.000,6293.997,6297.998,6293.997,6294.997,0.004
21.05.2019 07:51:00.000,6294.998,6295.998,6291.997,6291.997,0.013
21.05.2019 07:52:00.000,6291.998,6295.998,6291.997,6295.998,0.0084
21.05.2019 07:53:00.000,6295.997,6295.998,6294.998,6295.997,0.0019
21.05.2019 07:54:00.000,6294.998,6300.998,6293.998,6299.998,0.0061
21.05.2019 07:55:00.000,6299.997,6300.998,6296.998,6296.998,0.0053
21.05.2019 07:56:00.000,6296.997,6298.998,6294.997,6296.998,0.0033
21.05.2019 07:57:00.000,6296.998,6298.998,6296.997,6297.997,0.0028
21.05.2019 07:58:00.000,6297.998,6299.998,6294.997,6294.997,0.0019
21.05.2019 07:59:00.000,6294.998,6296.998,6292.997,6295.997,0.0032
21.05.2019 08:00:00.000,6296.997,6298.998,6293.997,6294.998,0.0083
21.05.2019 08:01:00.000,6294.997,6295.998,6287.997,6288.998,0.0044
21.05.2019 08:02:00.000,6289.997,6290.998,6282.997,6282.998,0.0029
21.05.2019 08:03:00.000,6282.997,6282.998,6279.997,6279.998,0.0044
21.05.2019 08:04:00.000,6279.997,6280.998,6275.997,6279.998,0.0046
21.05.2019 08:05:00.000,6279.997,6285.998,6279.997,6285.998,0.004
21.05.2019 08:06:00.000,6285.997,6287.998,6277.997,6278.997,0.0036
21.05.2019 08:07:00.000,6279.998,6281.998,6278.997,6281.998,0.0061
21.05.2019 08:08:00.000,6282.997,6282.998,6280.998,6281.998,0.0006
21.05.2019 08:09:00.000,6281.997,6285.998,6281.997,6285.998,0.0047
21.05.2019 08:10:00.000,6285.997,6287.998,6284.998,6285.998,0.0023
21.05.2019 08:11:00.000,6285.998,6289.998,6285.998,6288.998,0.0014
21.05.2019 08:12:00.000,6288.998,6290.998,6288.998,6290.998,0.0009
21.05.2019 08:13:00.000,6290.997,6290.998,6287.997,6288.998,0.0034
21.05.2019 08:14:00.000,6289.998,6289.998,6288.997,6289.998,0.0032
21.05.2019 08:15:00.000,6289.997,6293.998,6289.997,6293.998,0.0024
21.05.2019 08:16:00.000,6294.997,6294.998,6293.997,6293.997,0.0017
21.05.2019 08:17:00.000,6293.997,6293.997,6291.997,6292.997,0.0014
21.05.2019 08:18:00.000,6292.998,6293.998,6291.997,6292.998,0.0021
21.05.2019 08:19:00.000,6294.997,6294.998,6292.998,6294.998,0.0029
21.05.2019 08:20:00.000,6294.997,6297.998,6294.997,6296.997,0.0019
21.05.2019 08:21:00.000,6296.998,6296.998,6293.997,6293.998,0.0038
21.05.2019 08:22:00.000,6293.998,6293.998,6291.997,6291.997,0.0011
21.05.2019 08:23:00.000,6291.998,6291.998,6290.997,6290.997,0.0013
21.05.2019 08:24:00.000,6290.998,6292.998,6290.998,6292.998,0.0019
21.05.2019 08:25:00.000,6292.997,6294.998,6292.997,6294.997,0.0018
21.05.2019 08:26:00.000,6294.998,6295.998,6294.997,6295.998,0.0007
21.05.2019 08:27:00.000,6295.997,6296.998,6295.997,6296.997,0.0017
21.05.2019 08:28:00.000,6296.998,6299.998,6296.997,6299.998,0.0032
21.05.2019 08:29:00.000,6299.997,6300.998,6299.997,6299.998,0.0035
21.05.2019 08:30:00.000,6299.997,6301.998,6299.997,6300.998,0.003
21.05.2019 08:31:00.000,6300.997,6300.998,6298.997,6300.998,0.003
21.05.2019 08:32:00.000,6301.998,6301.998,6298.998,6300.998,0.0065
21.05.2019 08:33:00.000,6301.997,6303.998,6301.997,6301.997,0.0044
21.05.2019 08:34:00.000,6301.998,6302.998,6301.997,6301.998,0.0011
21.05.2019 08:35:00.000,6300.997,6300.998,6296.998,6296.998,0.0018
21.05.2019 08:36:00.000,6296.997,6300.998,6296.997,6300.997,0.0035
21.05.2019 08:37:00.000,6300.998,6301.998,6299.997,6300.997,0.0076
21.05.2019 08:38:00.000,6302.750,6302.998,6301.997,6302.998,0.0041
21.05.2019 08:39:00.000,6302.997,6307.998,6302.997,6307.998,0.0056
21.05.2019 08:40:00.000,6307.998,6312.998,6307.997,6310.998,0.008
21.05.2019 08:41:00.000,6310.997,6312.998,6307.997,6307.998,0.0048
21.05.2019 08:42:00.000,6307.998,6307.998,6303.997,6303.998,0.0019
21.05.2019 08:43:00.000,6303.998,6304.998,6298.998,6304.997,0.0031
21.05.2019 08:44:00.000,6305.997,6305.997,6303.997,6303.998,0.0034
21.05.2019 08:45:00.000,6303.998,6306.998,6303.997,6305.998,0.0057
21.05.2019 08:46:00.000,6305.997,6307.998,6305.997,6306.998,0.0036
21.05.2019 08:47:00.000,6306.750,6306.998,6304.997,6304.997,0.0037
21.05.2019 08:48:00.000,6304.998,6304.998,6302.997,6302.997,0.0022
21.05.2019 08:49:00.000,6303.997,6303.998,6303.997,6303.997,0.0018
21.05.2019 08:50:00.000,6304.998,6307.998,6304.997,6307.998,0.0031
21.05.2019 08:51:00.000,6307.997,6307.998,6302.997,6302.997,0.0048
21.05.2019 08:52:00.000,6302.998,6302.998,6301.997,6301.998,0.0018
21.05.2019 08:53:00.000,6301.998,6302.998,6301.998,6302.997,0.0067
21.05.2019 08:54:00.000,6302.998,6302.998,6301.997,6301.998,0.001
21.05.2019 08:55:00.000,6300.998,6303.998,6298.997,6302.998,0.008
21.05.2019 08:56:00.000,6302.997,6303.998,6302.997,6303.998,0.0007
21.05.2019 08:57:00.000,6304.998,6304.998,6303.997,6304.997,0.0056
21.05.2019 08:58:00.000,6304.998,6305.998,6303.998,6303.998,0.0037
21.05.2019 08:59:00.000,6304.997,6305.998,6303.997,6303.997,0.004
21.05.2019 09:00:00.000,6303.998,6303.998,6303.997,6303.998,0.0018
21.05.2019 09:01:00.000,6303.997,6304.998,6296.998,6299.997,0.008
21.05.2019 09:02:00.000,6299.998,6299.998,6295.998,6298.998,0.0047
21.05.2019 09:03:00.000,6298.997,6299.998,6296.998,6297.997,0.0041
21.05.2019 09:04:00.000,6297.998,6298.997,6297.997,6297.998,0.003
21.05.2019 09:05:00.000,6297.997,6297.998,6294.997,6294.998,0.005
21.05.2019 09:06:00.000,6295.998,6295.998,6294.997,6295.998,0.0039
21.05.2019 09:07:00.000,6295.997,6295.997,6294.997,6294.998,0.002
21.05.2019 09:08:00.000,6294.997,6295.998,6294.997,6294.997,0.0067
21.05.2019 09:09:00.000,6295.997,6295.997,6294.997,6294.997,0.0026
21.05.2019 09:10:00.000,6294.998,6295.998,6291.998,6291.998,0.003
21.05.2019 09:11:00.000,6291.997,6293.998,6290.997,6290.998,0.0053
21.05.2019 09:12:00.000,6291.998,6294.998,6290.997,6290.997,0.0041
21.05.2019 09:13:00.000,6291.998,6291.998,6290.997,6290.998,0.0047
21.05.2019 09:14:00.000,6290.997,6290.998,6285.997,6286.997,0.0052
21.05.2019 09:15:00.000,6288.750,6291.998,6287.997,6291.998,0.0063
21.05.2019 09:16:00.000,6292.998,6294.998,6291.997,6291.998,0.0027
21.05.2019 09:17:00.000,6292.998,6292.998,6291.998,6291.998,0.0019
21.05.2019 09:18:00.000,6291.998,6293.998,6289.998,6291.998,0.007
21.05.2019 09:19:00.000,6290.998,6291.998,6287.998,6287.998,0.0039
21.05.2019 09:20:00.000,6287.997,6289.998,6286.998,6288.998,0.0047
21.05.2019 09:21:00.000,6289.997,6291.998,6288.997,6291.997,0.0058
21.05.2019 09:22:00.000,6291.998,6292.998,6291.997,6291.997,0.0051
21.05.2019 09:23:00.000,6292.997,6293.998,6291.997,6293.998,0.0037
21.05.2019 09:24:00.000,6292.997,6293.998,6290.998,6290.998,0.0042
21.05.2019 09:25:00.000,6290.997,6290.997,6286.997,6288.998,0.0034
21.05.2019 09:26:00.000,6288.997,6288.998,6285.997,6287.997,0.0013
21.05.2019 09:27:00.000,6289.750,6289.998,6287.997,6288.997,0.0023
21.05.2019 09:28:00.000,6289.998,6289.998,6285.997,6285.998,0.0026
21.05.2019 09:29:00.000,6285.997,6286.997,6285.997,6285.997,0.0019
21.05.2019 09:30:00.000,6285.998,6286.998,6285.997,6285.998,0.0018
21.05.2019 09:31:00.000,6285.997,6287.998,6285.997,6286.998,0.0047
21.05.2019 09:32:00.000,6286.997,6286.998,6283.998,6286.998,0.0039
21.05.2019 09:33:00.000,6286.997,6288.998,6286.997,6286.998,0.0057
21.05.2019 09:34:00.000,6288.750,6289.998,6287.997,6288.998,0.0038
21.05.2019 09:35:00.000,6289.998,6289.998,6288.997,6288.997,0.0035
21.05.2019 09:36:00.000,6288.998,6290.998,6288.997,6290.998,0.0049
21.05.2019 09:37:00.000,6289.998,6289.998,6289.997,6289.998,0.0033
21.05.2019 09:38:00.000,6290.997,6290.998,6289.997,6290.998,0.0062
21.05.2019 09:39:00.000,6290.997,6290.998,6289.997,6290.997,0.0022
21.05.2019 09:40:00.000,6290.998,6292.998,6289.997,6292.998,0.0057
21.05.2019 09:41:00.000,6293.998,6293.998,6291.997,6291.998,0.0008
21.05.2019 09:42:00.000,6291.997,6291.998,6290.998,6291.998,0.0011
21.05.2019 09:43:00.000,6291.997,6291.998,6289.997,6290.998,0.0043
21.05.2019 09:44:00.000,6291.997,6291.998,6290.997,6290.998,0.0035
21.05.2019 09:45:00.000,6290.997,6292.998,6290.997,6290.998,0.0052
21.05.2019 09:46:00.000,6290.997,6291.998,6290.997,6291.998,0.002
21.05.2019 09:47:00.000,6291.997,6293.998,6290.997,6293.998,0.0029
21.05.2019 09:48:00.000,6293.997,6294.998,6293.997,6293.997,0.0075
21.05.2019 09:49:00.000,6293.998,6294.998,6292.997,6293.997,0.0048
21.05.2019 09:50:00.000,6293.998,6293.998,6287.997,6287.997,0.0054
21.05.2019 09:51:00.000,6287.998,6288.998,6286.997,6286.997,0.0043
21.05.2019 09:52:00.000,6288.750,6288.998,6286.997,6288.998,0.0043
21.05.2019 09:53:00.000,6287.997,6288.998,6286.997,6287.998,0.0037
21.05.2019 09:54:00.000,6286.998,6286.998,6286.997,6286.997,0.0006
21.05.2019 09:55:00.000,6286.998,6286.998,6286.997,6286.998,0.0018
21.05.2019 09:56:00.000,6284.998,6285.998,6284.998,6285.998,0.0013
21.05.2019 09:57:00.000,6284.998,6285.998,6283.997,6284.997,0.0089
21.05.2019 09:58:00.000,6285.998,6285.998,6284.997,6285.997,0.0027
21.05.2019 09:59:00.000,6284.998,6285.998,6282.997,6284.998,0.0077
21.05.2019 10:00:00.000,6284.998,6285.998,6283.997,6283.998,0.0019
21.05.2019 10:01:00.000,6283.997,6284.998,6283.997,6283.998,0.0023
21.05.2019 10:02:00.000,6283.997,6283.998,6283.997,6283.997,0.0008
21.05.2019 10:03:00.000,6284.997,6286.998,6283.998,6284.998,0.003
21.05.2019 10:04:00.000,6284.997,6284.998,6282.997,6282.998,0.0044
21.05.2019 10:05:00.000,6283.998,6284.998,6283.997,6284.998,0.0004
21.05.2019 10:06:00.000,6284.997,6286.998,6284.997,6286.998,0.0031
21.05.2019 10:07:00.000,6286.998,6286.998,6284.997,6285.998,0.0018
21.05.2019 10:08:00.000,6286.998,6286.998,6286.997,6286.997,0.0008
21.05.2019 10:09:00.000,6286.998,6289.998,6286.997,6289.997,0.0089
21.05.2019 10:10:00.000,6289.998,6291.998,6289.997,6291.998,0.0019
21.05.2019 10:11:00.000,6291.997,6292.998,6289.997,6290.998,0.002
21.05.2019 10:12:00.000,6290.997,6291.998,6289.997,6289.998,0.004
21.05.2019 10:13:00.000,6289.997,6291.997,6289.997,6290.998,0.0026
21.05.2019 10:14:00.000,6291.997,6291.998,6288.997,6288.998,0.0056
21.05.2019 10:15:00.000,6289.998,6291.998,6289.997,6290.997,0.0025
21.05.2019 10:16:00.000,6290.998,6290.998,6290.997,6290.998,0.0024
21.05.2019 10:17:00.000,6290.997,6291.998,6289.997,6290.998,0.0035
21.05.2019 10:18:00.000,6290.998,6291.998,6289.998,6291.998,0.0015
21.05.2019 10:19:00.000,6292.998,6292.998,6292.997,6292.997,0.0042
21.05.2019 10:20:00.000,6292.998,6293.998,6292.997,6293.998,0.0031
21.05.2019 10:21:00.000,6294.997,6295.998,6294.997,6295.997,0.003
21.05.2019 10:22:00.000,6296.997,6297.998,6295.997,6296.998,0.0054
21.05.2019 10:23:00.000,6295.998,6296.998,6295.997,6295.998,0.0023
21.05.2019 10:24:00.000,6295.998,6296.998,6294.997,6294.998,0.0081
21.05.2019 10:25:00.000,6295.998,6296.998,6295.997,6295.998,0.004
21.05.2019 10:26:00.000,6296.997,6298.998,6296.997,6298.998,0.0035
21.05.2019 10:27:00.000,6298.997,6302.998,6296.998,6302.997,0.0142
21.05.2019 10:28:00.000,6302.998,6302.998,6302.997,6302.998,0.0015
21.05.2019 10:29:00.000,6302.998,6302.998,6300.998,6301.998,0.0015
21.05.2019 10:30:00.000,6301.997,6303.998,6301.997,6303.997,0.0036
21.05.2019 10:31:00.000,6303.998,6304.998,6301.998,6304.998,0.004
21.05.2019 10:32:00.000,6304.997,6305.998,6303.997,6304.998,0.0081
21.05.2019 10:33:00.000,6304.997,6304.998,6304.997,6304.998,0.0016
21.05.2019 10:34:00.000,6304.997,6304.998,6304.997,6304.998,0.0028
21.05.2019 10:35:00.000,6304.997,6304.997,6304.997,6304.997,0.001
21.05.2019 10:36:00.000,6304.998,6304.998,6303.997,6303.998,0.0044
21.05.2019 10:37:00.000,6303.997,6304.998,6303.997,6303.997,0.0057
21.05.2019 10:38:00.000,6303.998,6303.998,6299.997,6299.997,0.0027
21.05.2019 10:39:00.000,6299.997,6299.998,6297.997,6298.998,0.0043
21.05.2019 10:40:00.000,6298.997,6300.998,6298.997,6300.998,0.0065
21.05.2019 10:41:00.000,6300.997,6300.998,6300.997,6300.998,0.0026
21.05.2019 10:42:00.000,6300.997,6308.997,6300.997,6308.997,0.0066
21.05.2019 10:43:00.000,6308.998,6309.998,6306.997,6308.998,0.0068
21.05.2019 10:44:00.000,6309.998,6309.998,6308.997,6308.998,0.0014
21.05.2019 10:45:00.000,6306.998,6307.998,6303.997,6303.997,0.0079
21.05.2019 10:46:00.000,6303.998,6304.998,6303.997,6303.997,0.0067
21.05.2019 10:47:00.000,6303.998,6306.998,6303.998,6306.997,0.0018
21.05.2019 10:48:00.000,6305.998,6305.998,6300.997,6300.998,0.0028
21.05.2019 10:49:00.000,6300.997,6301.998,6299.997,6300.998,0.0052
21.05.2019 10:50:00.000,6300.998,6300.998,6300.997,6300.998,0.0028
21.05.2019 10:52:00.000,6301.997,6301.997,6298.997,6298.998,0.0035
21.05.2019 10:53:00.000,6298.750,6298.750,6294.997,6294.998,0.0045
21.05.2019 10:54:00.000,6294.997,6294.998,6294.997,6294.998,0.0043
21.05.2019 10:55:00.000,6294.997,6300.998,6294.997,6300.998,0.0075
21.05.2019 10:56:00.000,6300.997,6301.998,6300.997,6301.998,0.0036
21.05.2019 10:57:00.000,6301.997,6301.997,6298.997,6299.998,0.0088
21.05.2019 10:58:00.000,6299.997,6299.998,6299.997,6299.998,0.0046
21.05.2019 10:59:00.000,6299.997,6300.998,6299.997,6299.998,0.0057
21.05.2019 11:00:00.000,6298.998,6298.998,6296.998,6296.998,0.0003
21.05.2019 11:02:00.000,6293.997,6299.998,6293.997,6298.997,0.0031
21.05.2019 11:03:00.000,6298.998,6298.998,6298.997,6298.998,0.0011
21.05.2019 11:04:00.000,6298.998,6298.998,6295.997,6295.998,0.0043
21.05.2019 11:05:00.000,6293.998,6294.998,6292.997,6292.997,0.0009
21.05.2019 11:06:00.000,6292.998,6292.998,6290.997,6290.997,0.0015
21.05.2019 11:07:00.000,6290.998,6291.998,6285.997,6287.998,0.0032
21.05.2019 11:08:00.000,6287.997,6292.998,6286.997,6291.997,0.0114
21.05.2019 11:09:00.000,6291.998,6292.997,6287.998,6287.998,0.0039
21.05.2019 11:10:00.000,6287.998,6292.998,6287.998,6292.997,0.0032
21.05.2019 11:11:00.000,6292.997,6292.997,6289.998,6290.998,0.0016
21.05.2019 11:12:00.000,6290.998,6292.998,6288.997,6292.998,0.0026
21.05.2019 11:13:00.000,6290.998,6292.998,6290.997,6292.998,0.0024
21.05.2019 11:14:00.000,6292.750,6293.998,6290.998,6292.997,0.0034
21.05.2019 11:15:00.000,6293.998,6293.998,6292.997,6292.998,0.0027
21.05.2019 11:16:00.000,6293.997,6293.998,6293.997,6293.997,0.0008
21.05.2019 11:17:00.000,6293.998,6293.998,6292.997,6292.997,0.0022
21.05.2019 11:18:00.000,6292.750,6292.998,6290.997,6292.998,0.0038
21.05.2019 11:19:00.000,6292.997,6294.998,6291.998,6293.997,0.0059
21.05.2019 11:20:00.000,6293.998,6294.998,6292.997,6294.997,0.0041
21.05.2019 11:21:00.000,6294.998,6295.998,6294.997,6295.998,0.0022
21.05.2019 11:23:00.000,6295.997,6295.998,6292.997,6292.998,0.0034
21.05.2019 11:24:00.000,6292.997,6294.998,6292.997,6294.998,0.0014
21.05.2019 11:25:00.000,6294.997,6294.997,6290.997,6290.998,0.003
21.05.2019 11:26:00.000,6290.997,6292.998,6286.997,6286.998,0.0063
21.05.2019 11:27:00.000,6287.998,6287.998,6284.997,6284.997,0.0026
21.05.2019 11:28:00.000,6285.998,6290.998,6284.997,6290.997,0.0091
21.05.2019 11:29:00.000,6290.998,6290.998,6290.997,6290.998,0.0004
21.05.2019 11:30:00.000,6290.997,6294.998,6290.997,6294.997,0.0039
21.05.2019 11:31:00.000,6294.998,6295.998,6293.998,6295.997,0.002
21.05.2019 11:32:00.000,6295.998,6296.998,6292.997,6295.998,0.0052
21.05.2019 11:33:00.000,6293.998,6294.998,6292.997,6293.998,0.0026
21.05.2019 11:34:00.000,6293.998,6293.998,6288.997,6290.997,0.0046
21.05.2019 11:35:00.000,6290.998,6291.998,6290.997,6291.997,0.0047
21.05.2019 11:36:00.000,6291.998,6293.998,6291.998,6292.998,0.0023
21.05.2019 11:38:00.000,6291.997,6291.998,6289.997,6291.998,0.0026
21.05.2019 11:39:00.000,6292.998,6292.998,6291.997,6291.998,0.0028
21.05.2019 11:40:00.000,6291.997,6291.998,6290.997,6290.997,0.0025
21.05.2019 11:41:00.000,6290.998,6293.998,6290.998,6292.998,0.0045
21.05.2019 11:42:00.000,6292.997,6292.998,6292.997,6292.998,0.0003
21.05.2019 11:43:00.000,6292.998,6294.998,6292.998,6293.998,0.0076
21.05.2019 11:44:00.000,6293.998,6293.998,6292.997,6292.998,0.0023
21.05.2019 11:45:00.000,6292.997,6292.998,6290.997,6290.998,0.0019
21.05.2019 11:46:00.000,6290.998,6294.998,6289.997,6292.998,0.0043
21.05.2019 11:47:00.000,6292.997,6292.998,6290.997,6292.998,0.004
21.05.2019 11:48:00.000,6292.997,6293.998,6292.997,6292.997,0.0073
21.05.2019 11:49:00.000,6292.998,6293.998,6292.997,6293.998,0.006
21.05.2019 11:50:00.000,6293.998,6293.998,6292.998,6292.998,0.0008
21.05.2019 11:51:00.000,6290.997,6291.998,6288.998,6291.998,0.0032
21.05.2019 11:52:00.000,6291.997,6291.998,6291.997,6291.997,0.0029
21.05.2019 11:53:00.000,6291.998,6293.998,6290.998,6290.998,0.0029
21.05.2019 11:54:00.000,6290.997,6290.998,6289.997,6290.998,0.0036
21.05.2019 11:55:00.000,6290.998,6290.998,6286.997,6286.998,0.0055
21.05.2019 11:56:00.000,6286.997,6286.998,6284.997,6284.997,0.0013
21.05.2019 11:57:00.000,6284.997,6284.997,6280.997,6280.997,0.0042
21.05.2019 11:58:00.000,6280.998,6281.997,6279.997,6279.998,0.0014
21.05.2019 11:59:00.000,6278.997,6280.998,6277.997,6277.998,0.0018
21.05.2019 12:00:00.000,6277.998,6278.998,6276.997,6278.997,0.0074
21.05.2019 12:01:00.000,6278.998,6278.998,6276.997,6277.998,0.0066
21.05.2019 12:02:00.000,6278.998,6278.998,6271.998,6271.998,0.0095
21.05.2019 12:03:00.000,6272.998,6276.998,6271.998,6276.997,0.0048
21.05.2019 12:04:00.000,6276.998,6278.998,6276.997,6278.998,0.0019
21.05.2019 12:05:00.000,6278.997,6278.997,6274.998,6275.997,0.0017
21.05.2019 12:06:00.000,6275.997,6276.998,6274.997,6276.998,0.0054
21.05.2019 12:07:00.000,6276.500,6276.500,6271.997,6271.997,0.0017
21.05.2019 12:08:00.000,6272.998,6272.998,6270.998,6271.998,0.0042
21.05.2019 12:09:00.000,6271.997,6271.998,6269.998,6269.998,0.001
21.05.2019 12:10:00.000,6270.998,6270.998,6267.997,6267.998,0.0047
21.05.2019 12:11:00.000,6267.997,6267.998,6265.998,6266.997,0.0036
21.05.2019 12:12:00.000,6266.998,6267.998,6264.997,6266.998,0.0032
21.05.2019 12:13:00.000,6266.997,6267.998,6264.997,6265.998,0.005
21.05.2019 12:14:00.000,6265.998,6265.998,6264.997,6264.998,0.0014
21.05.2019 12:15:00.000,6265.998,6265.998,6262.998,6263.998,0.0035
21.05.2019 12:16:00.000,6264.998,6265.998,6262.997,6264.998,0.0037
21.05.2019 12:17:00.000,6264.997,6269.998,6264.997,6268.998,0.0053
21.05.2019 12:18:00.000,6269.997,6269.998,6267.997,6267.998,0.0026
21.05.2019 12:19:00.000,6267.997,6268.998,6267.997,6267.998,0.003
21.05.2019 12:20:00.000,6267.998,6267.998,6266.997,6266.998,0.001
21.05.2019 12:22:00.000,6267.998,6267.998,6265.997,6265.998,0.0008
21.05.2019 12:23:00.000,6265.997,6271.998,6265.997,6271.998,0.0024
21.05.2019 12:24:00.000,6272.998,6272.998,6271.998,6272.998,0.0015
21.05.2019 12:25:00.000,6273.998,6274.997,6272.998,6273.998,0.0019
21.05.2019 12:26:00.000,6273.997,6274.998,6272.997,6272.998,0.0033
21.05.2019 12:27:00.000,6273.998,6274.998,6273.997,6273.998,0.0019
21.05.2019 12:28:00.000,6273.998,6273.998,6271.997,6272.997,0.004
21.05.2019 12:29:00.000,6272.998,6273.998,6272.998,6273.998,0.0012
21.05.2019 12:30:00.000,6272.998,6272.998,6270.997,6272.997,0.005
21.05.2019 12:31:00.000,6272.998,6272.998,6268.997,6269.997,0.0049
21.05.2019 12:32:00.000,6270.998,6272.998,6270.997,6270.998,0.0042
21.05.2019 12:33:00.000,6270.997,6270.998,6268.997,6268.997,0.0023
21.05.2019 12:34:00.000,6268.998,6270.998,6268.997,6268.998,0.0035
21.05.2019 12:35:00.000,6269.998,6270.998,6269.998,6270.998,0.0001
21.05.2019 12:36:00.000,6271.998,6272.998,6269.998,6270.998,0.003
21.05.2019 12:37:00.000,6270.997,6272.998,6269.997,6269.998,0.0058
21.05.2019 12:38:00.000,6269.997,6269.998,6266.997,6266.998,0.004
21.05.2019 12:39:00.000,6266.997,6270.998,6266.997,6269.997,0.0085
21.05.2019 12:40:00.000,6269.998,6270.998,6269.997,6269.998,0.0053
21.05.2019 12:41:00.000,6267.998,6268.998,6266.997,6266.997,0.0046
21.05.2019 12:42:00.000,6267.998,6267.998,6261.998,6262.998,0.0032
21.05.2019 12:43:00.000,6262.998,6262.998,6255.998,6255.998,0.0063
21.05.2019 12:44:00.000,6255.997,6264.998,6255.997,6263.998,0.0141
21.05.2019 12:45:00.000,6264.998,6266.998,6263.997,6263.997,0.0091
21.05.2019 12:46:00.000,6263.998,6266.998,6263.997,6266.998,0.0055
21.05.2019 12:47:00.000,6265.998,6266.998,6262.997,6266.998,0.0082
21.05.2019 12:48:00.000,6266.997,6267.998,6265.997,6267.998,0.004
21.05.2019 12:49:00.000,6268.997,6268.997,6265.998,6267.997,0.0038
21.05.2019 12:50:00.000,6267.998,6268.998,6263.998,6265.998,0.0044
21.05.2019 12:51:00.000,6265.997,6265.998,6263.997,6264.997,0.0065
21.05.2019 12:52:00.000,6264.998,6264.998,6263.997,6263.998,0.0017
21.05.2019 12:53:00.000,6263.997,6264.998,6263.997,6263.998,0.0024
21.05.2019 12:54:00.000,6263.997,6264.998,6261.997,6263.997,0.0106
21.05.2019 12:55:00.000,6263.998,6263.998,6259.997,6259.998,0.0055
21.05.2019 12:56:00.000,6259.997,6261.998,6257.997,6257.997,0.0042
21.05.2019 12:57:00.000,6257.998,6258.998,6257.998,6258.998,0.001
21.05.2019 12:58:00.000,6258.997,6259.998,6254.998,6255.997,0.005
21.05.2019 12:59:00.000,6255.998,6256.997,6252.997,6252.997,0.0048
21.05.2019 13:00:00.000,6252.998,6256.998,6252.998,6256.997,0.0053
21.05.2019 13:01:00.000,6256.997,6259.998,6255.998,6259.997,0.0035
21.05.2019 13:02:00.000,6259.998,6259.998,6256.997,6257.997,0.0044
21.05.2019 13:03:00.000,6256.998,6257.998,6256.997,6257.998,0.0015
21.05.2019 13:04:00.000,6257.997,6257.997,6252.998,6253.998,0.0033
21.05.2019 13:05:00.000,6253.997,6253.998,6251.997,6251.997,0.0051
21.05.2019 13:06:00.000,6252.997,6258.998,6251.998,6258.998,0.0079
21.05.2019 13:07:00.000,6257.998,6261.997,6257.997,6260.998,0.0032
21.05.2019 13:08:00.000,6260.997,6262.998,6260.997,6261.997,0.0044
21.05.2019 13:09:00.000,6261.998,6263.998,6260.997,6261.998,0.0079
21.05.2019 13:10:00.000,6262.997,6263.998,6262.997,6263.998,0.0026
21.05.2019 13:11:00.000,6262.998,6264.998,6262.997,6264.998,0.0014
21.05.2019 13:12:00.000,6265.998,6265.998,6263.997,6264.998,0.0077
21.05.2019 13:13:00.000,6264.997,6265.998,6264.997,6265.998,0.0031
21.05.2019 13:14:00.000,6265.997,6265.998,6265.997,6265.997,0.0042
21.05.2019 13:15:00.000,6265.998,6265.998,6262.998,6263.997,0.0023
21.05.2019 13:16:00.000,6263.998,6267.998,6263.997,6266.997,0.0065
21.05.2019 13:17:00.000,6267.998,6268.998,6265.997,6266.998,0.0055
21.05.2019 13:18:00.000,6266.998,6266.998,6266.997,6266.998,0.0018
21.05.2019 13:19:00.000,6266.997,6267.998,6264.997,6267.998,0.011
21.05.2019 13:20:00.000,6268.998,6268.998,6268.997,6268.998,0.0027
21.05.2019 13:21:00.000,6268.998,6268.998,6268.997,6268.997,0.0041
21.05.2019 13:22:00.000,6268.998,6268.998,6268.997,6268.998,0.0057
21.05.2019 13:23:00.000,6268.997,6269.998,6268.997,6269.998,0.0054
21.05.2019 13:24:00.000,6269.997,6273.998,6269.997,6272.997,0.0092
21.05.2019 13:25:00.000,6272.997,6274.998,6272.997,6273.997,0.009
21.05.2019 13:26:00.000,6273.998,6274.998,6273.997,6274.997,0.0036
21.05.2019 13:27:00.000,6274.998,6275.998,6274.997,6275.998,0.0103
21.05.2019 13:28:00.000,6276.998,6276.998,6276.997,6276.997,0.0144
21.05.2019 13:29:00.000,6276.998,6280.998,6276.997,6280.998,0.0081
21.05.2019 13:30:00.000,6280.997,6280.998,6275.997,6277.998,0.0162
21.05.2019 13:31:00.000,6277.997,6277.998,6275.997,6275.998,0.0076
21.05.2019 13:32:00.000,6276.998,6278.998,6275.997,6278.997,0.0094
21.05.2019 13:33:00.000,6278.998,6279.998,6275.998,6279.998,0.0076
21.05.2019 13:34:00.000,6279.997,6280.998,6278.997,6279.998,0.0041
21.05.2019 13:35:00.000,6279.997,6284.998,6279.997,6284.997,0.0166
21.05.2019 13:36:00.000,6284.998,6284.998,6281.997,6284.997,0.0157
21.05.2019 13:37:00.000,6284.998,6287.998,6284.997,6287.998,0.0098
21.05.2019 13:38:00.000,6287.997,6290.998,6286.998,6289.998,0.0061
21.05.2019 13:39:00.000,6289.997,6290.998,6287.997,6290.997,0.0114
21.05.2019 13:40:00.000,6290.998,6292.998,6289.997,6292.998,0.0083
21.05.2019 13:41:00.000,6293.998,6293.998,6292.997,6292.998,0.017
21.05.2019 13:42:00.000,6292.997,6293.998,6290.997,6290.997,0.0141
21.05.2019 13:43:00.000,6290.998,6291.998,6289.997,6290.998,0.0064
21.05.2019 13:44:00.000,6290.997,6292.998,6288.997,6290.998,0.0131
21.05.2019 13:45:00.000,6289.998,6291.998,6289.997,6291.998,0.0049
21.05.2019 13:46:00.000,6292.997,6294.998,6292.997,6294.998,0.0129
21.05.2019 13:47:00.000,6294.997,6294.998,6290.998,6291.998,0.0165
21.05.2019 13:48:00.000,6292.998,6293.997,6291.997,6292.998,0.0125
21.05.2019 13:49:00.000,6292.997,6292.998,6288.998,6289.998,0.0054
21.05.2019 13:50:00.000,6289.997,6289.998,6282.997,6284.997,0.0164
21.05.2019 13:51:00.000,6283.998,6284.998,6283.997,6284.998,0.0054
21.05.2019 13:52:00.000,6283.998,6283.998,6278.998,6281.997,0.0164
21.05.2019 13:53:00.000,6281.998,6281.998,6278.997,6281.998,0.0135
21.05.2019 13:54:00.000,6281.997,6281.997,6278.997,6279.997,0.0072
21.05.2019 13:55:00.000,6279.998,6279.998,6275.997,6278.998,0.0107
21.05.2019 13:56:00.000,6279.998,6279.998,6279.997,6279.998,0.0066
21.05.2019 13:57:00.000,6275.998,6276.998,6272.997,6276.998,0.0052
21.05.2019 13:58:00.000,6277.998,6279.998,6277.997,6279.998,0.004
21.05.2019 13:59:00.000,6279.997,6280.998,6278.998,6278.998,0.0116
21.05.2019 14:00:00.000,6277.998,6277.998,6275.997,6277.998,0.0105
21.05.2019 14:01:00.000,6277.997,6278.998,6277.997,6277.998,0.0154
21.05.2019 14:02:00.000,6275.998,6276.998,6273.997,6276.998,0.0143
21.05.2019 14:03:00.000,6276.998,6277.998,6272.998,6276.997,0.0153
21.05.2019 14:04:00.000,6276.998,6276.998,6266.997,6266.997,0.0243
21.05.2019 14:05:00.000,6266.998,6270.998,6266.998,6266.998,0.0136
21.05.2019 14:06:00.000,6266.998,6266.998,6264.997,6264.998,0.0019
21.05.2019 14:07:00.000,6265.998,6265.998,6261.997,6265.998,0.0041
21.05.2019 14:08:00.000,6265.997,6267.998,6262.998,6266.998,0.011
21.05.2019 14:09:00.000,6266.997,6268.998,6266.997,6268.998,0.01
21.05.2019 14:10:00.000,6268.997,6268.998,6266.997,6267.998,0.0036
21.05.2019 14:11:00.000,6267.998,6267.998,6265.997,6267.998,0.0064
21.05.2019 14:12:00.000,6267.997,6269.998,6267.997,6269.998,0.0075
21.05.2019 14:13:00.000,6269.997,6271.998,6269.997,6270.998,0.0057
21.05.2019 14:14:00.000,6270.997,6271.998,6270.997,6270.998,0.0107
21.05.2019 14:15:00.000,6270.997,6271.998,6268.998,6269.997,0.0063
21.05.2019 14:16:00.000,6269.998,6269.998,6268.997,6269.998,0.0104
21.05.2019 14:17:00.000,6269.997,6270.998,6268.997,6270.998,0.0106
21.05.2019 14:18:00.000,6269.997,6274.998,6268.997,6274.997,0.0149
21.05.2019 14:19:00.000,6274.998,6279.998,6272.997,6279.997,0.0069
21.05.2019 14:20:00.000,6279.998,6282.998,6278.997,6282.998,0.0139
21.05.2019 14:21:00.000,6282.997,6284.998,6282.997,6284.998,0.0108
21.05.2019 14:22:00.000,6285.998,6287.998,6285.997,6286.998,0.0085
21.05.2019 14:23:00.000,6285.998,6286.998,6280.998,6280.998,0.0096
21.05.2019 14:24:00.000,6282.997,6283.998,6278.997,6278.998,0.0097
21.05.2019 14:25:00.000,6278.997,6280.998,6278.997,6278.997,0.0106
21.05.2019 14:26:00.000,6278.998,6278.998,6273.997,6273.998,0.0183
21.05.2019 14:27:00.000,6273.998,6273.998,6271.998,6273.998,0.0037
21.05.2019 14:28:00.000,6274.997,6274.998,6268.997,6268.998,0.0109
21.05.2019 14:29:00.000,6269.998,6272.998,6269.997,6272.998,0.0093
21.05.2019 14:30:00.000,6273.997,6273.997,6269.997,6271.997,0.0123
21.05.2019 14:31:00.000,6271.998,6271.998,6267.997,6270.998,0.0066
21.05.2019 14:32:00.000,6271.997,6273.998,6270.998,6272.997,0.0109
21.05.2019 14:33:00.000,6272.998,6274.997,6270.997,6271.998,0.0167
21.05.2019 14:34:00.000,6271.997,6275.998,6269.998,6273.998,0.0143
21.05.2019 14:35:00.000,6273.998,6274.998,6272.998,6274.998,0.013
21.05.2019 14:36:00.000,6275.998,6275.998,6269.998,6270.997,0.0091
21.05.2019 14:37:00.000,6270.998,6271.998,6270.997,6271.998,0.0029
21.05.2019 14:38:00.000,6272.997,6272.997,6271.997,6271.998,0.0021
21.05.2019 14:39:00.000,6271.750,6271.750,6266.997,6268.998,0.007
21.05.2019 14:40:00.000,6268.997,6271.998,6268.997,6271.997,0.0185
21.05.2019 14:41:00.000,6272.997,6272.997,6269.997,6269.998,0.0045
21.05.2019 14:42:00.000,6269.997,6271.998,6269.997,6271.998,0.0085
21.05.2019 14:43:00.000,6271.997,6274.998,6271.997,6273.998,0.0131
21.05.2019 14:44:00.000,6273.997,6274.998,6273.997,6274.998,0.0013
21.05.2019 14:45:00.000,6274.997,6274.998,6271.997,6271.997,0.004
21.05.2019 14:46:00.000,6271.998,6273.997,6271.997,6272.998,0.0081
21.05.2019 14:47:00.000,6272.997,6272.998,6272.997,6272.998,0.0032
21.05.2019 14:48:00.000,6272.997,6272.998,6270.997,6271.998,0.0067
21.05.2019 14:49:00.000,6272.998,6272.998,6272.997,6272.998,0.0019
21.05.2019 14:50:00.000,6272.997,6272.998,6270.997,6272.997,0.004
21.05.2019 14:51:00.000,6272.998,6272.998,6270.997,6270.997,0.0156
21.05.2019 14:52:00.000,6270.998,6275.998,6270.997,6275.998,0.0185
21.05.2019 14:53:00.000,6274.998,6275.998,6273.997,6273.998,0.0027
21.05.2019 14:54:00.000,6273.997,6275.998,6273.997,6275.998,0.0104
21.05.2019 14:55:00.000,6275.997,6276.998,6262.997,6265.998,0.0447
21.05.2019 14:56:00.000,6266.998,6266.998,6257.997,6257.997,0.0227
21.05.2019 14:57:00.000,6257.997,6263.998,6255.997,6263.998,0.0184
21.05.2019 14:58:00.000,6264.998,6264.998,6259.997,6261.998,0.0154
21.05.2019 14:59:00.000,6261.997,6263.998,6259.997,6259.998,0.007
21.05.2019 15:00:00.000,6259.997,6261.998,6259.997,6260.997,0.0166
21.05.2019 15:01:00.000,6260.998,6263.998,6260.997,6262.997,0.0052
21.05.2019 15:02:00.000,6262.998,6262.998,6255.997,6261.998,0.0172
21.05.2019 15:03:00.000,6262.998,6264.998,6260.998,6262.998,0.0089
21.05.2019 15:04:00.000,6263.998,6264.998,6262.997,6263.998,0.0085
21.05.2019 15:05:00.000,6264.997,6264.998,6260.998,6261.998,0.0057
21.05.2019 15:06:00.000,6261.997,6263.998,6261.997,6263.997,0.0083
21.05.2019 15:07:00.000,6263.997,6264.998,6260.998,6260.998,0.0102
21.05.2019 15:08:00.000,6261.998,6262.997,6257.997,6258.998,0.01
21.05.2019 15:09:00.000,6258.998,6259.997,6256.997,6257.998,0.0055
21.05.2019 15:10:00.000,6257.997,6257.998,6254.997,6255.997,0.0091
21.05.2019 15:11:00.000,6256.998,6258.998,6255.998,6257.997,0.0075
21.05.2019 15:12:00.000,6257.998,6257.998,6251.997,6252.998,0.0074
21.05.2019 15:13:00.000,6252.997,6256.998,6251.997,6253.997,0.0123
21.05.2019 15:14:00.000,6253.998,6255.998,6252.997,6252.997,0.0052
21.05.2019 15:15:00.000,6253.997,6257.997,6252.998,6256.997,0.008
21.05.2019 15:16:00.000,6256.998,6257.998,6254.997,6254.997,0.0083
21.05.2019 15:17:00.000,6254.998,6256.998,6252.997,6254.998,0.0073
21.05.2019 15:18:00.000,6254.997,6254.998,6252.997,6254.998,0.0081
21.05.2019 15:19:00.000,6253.998,6254.998,6251.997,6251.998,0.0064
21.05.2019 15:20:00.000,6251.998,6254.998,6250.997,6254.997,0.0087
21.05.2019 15:21:00.000,6254.998,6257.998,6254.997,6257.997,0.0052
21.05.2019 15:22:00.000,6257.997,6257.998,6253.997,6253.998,0.014
21.05.2019 15:23:00.000,6254.998,6259.998,6254.998,6259.998,0.0148
21.05.2019 15:24:00.000,6259.997,6260.998,6256.997,6260.997,0.0093
21.05.2019 15:25:00.000,6258.997,6261.998,6258.997,6259.998,0.0121
21.05.2019 15:26:00.000,6259.997,6259.998,6257.997,6258.998,0.0142
21.05.2019 15:27:00.000,6259.997,6260.998,6259.997,6260.997,0.008
21.05.2019 15:28:00.000,6260.998,6264.998,6260.998,6262.997,0.0241
21.05.2019 15:29:00.000,6263.998,6266.997,6262.997,6266.997,0.0065
22.05.2019 07:00:00.000,6284.998,6284.998,6274.998,6276.998,0.0003
22.05.2019 07:02:00.000,6287.997,6287.997,6287.997,6287.997,0.0001
22.05.2019 07:04:00.000,6303.998,6306.997,6303.998,6306.997,0.0003
22.05.2019 07:05:00.000,6307.998,6312.998,6307.997,6311.997,0.0019
22.05.2019 07:06:00.000,6311.998,6318.998,6311.997,6316.998,0.0033
22.05.2019 07:07:00.000,6316.997,6325.997,6316.997,6324.997,0.0026
22.05.2019 07:08:00.000,6325.998,6333.998,6325.998,6333.998,0.0028
22.05.2019 07:09:00.000,6333.997,6335.998,6329.997,6335.998,0.0035
22.05.2019 07:10:00.000,6335.998,6342.998,6335.997,6342.998,0.001
22.05.2019 07:11:00.000,6343.998,6357.998,6343.997,6357.998,0.008
22.05.2019 07:12:00.000,6358.997,6358.997,6343.997,6343.998,0.0046
22.05.2019 07:13:00.000,6343.998,6360.998,6343.997,6360.998,0.0032
22.05.2019 07:14:00.000,6360.997,6366.998,6360.997,6366.998,0.0026
22.05.2019 07:15:00.000,6366.998,6370.998,6361.998,6366.997,0.0069
22.05.2019 07:16:00.000,6366.998,6371.998,6365.998,6371.998,0.0041
22.05.2019 07:17:00.000,6371.998,6373.998,6362.997,6364.998,0.0043
22.05.2019 07:18:00.000,6365.998,6368.998,6360.998,6364.998,0.0037
22.05.2019 07:19:00.000,6364.998,6370.998,6362.997,6370.998,0.0044
22.05.2019 07:20:00.000,6370.998,6370.998,6359.998,6362.998,0.0021
22.05.2019 07:21:00.000,6362.997,6364.998,6361.997,6361.998,0.0036
22.05.2019 07:22:00.000,6361.998,6361.998,6359.998,6359.998,0.0036
22.05.2019 07:23:00.000,6359.998,6359.998,6353.997,6353.998,0.002
22.05.2019 07:24:00.000,6353.998,6357.998,6353.998,6357.997,0.0032
22.05.2019 07:25:00.000,6357.998,6362.998,6356.998,6360.998,0.0031
22.05.2019 07:26:00.000,6360.997,6371.998,6359.998,6371.998,0.0053
22.05.2019 07:27:00.000,6371.997,6375.997,6366.997,6366.998,0.0028
22.05.2019 07:28:00.000,6366.997,6370.998,6366.997,6368.998,0.006
22.05.2019 07:29:00.000,6368.998,6368.998,6363.998,6363.998,0.0033
22.05.2019 07:30:00.000,6363.998,6363.998,6360.997,6360.998,0.0048
22.05.2019 07:31:00.000,6358.998,6371.998,6358.998,6368.997,0.007
22.05.2019 07:32:00.000,6368.998,6372.998,6364.997,6368.998,0.0069
22.05.2019 07:33:00.000,6368.998,6373.998,6365.998,6371.998,0.0065
22.05.2019 07:34:00.000,6371.997,6375.998,6368.997,6375.998,0.0038
22.05.2019 07:35:00.000,6375.998,6376.998,6368.997,6370.998,0.0044
22.05.2019 07:36:00.000,6370.998,6371.997,6364.998,6367.998,0.0037
22.05.2019 07:37:00.000,6367.750,6369.997,6366.997,6367.998,0.0056
22.05.2019 07:38:00.000,6367.997,6372.998,6367.997,6371.998,0.0026
22.05.2019 07:39:00.000,6372.998,6376.998,6371.998,6376.998,0.003
22.05.2019 07:40:00.000,6376.998,6376.998,6370.997,6376.998,0.0035
22.05.2019 07:41:00.000,6374.998,6376.998,6374.997,6375.998,0.0026
22.05.2019 07:42:00.000,6375.998,6377.998,6372.998,6376.998,0.0046
22.05.2019 07:43:00.000,6377.998,6386.998,6377.997,6384.998,0.0082
22.05.2019 07:44:00.000,6383.997,6386.998,6382.997,6386.998,0.0064
22.05.2019 07:45:00.000,6386.997,6389.998,6385.998,6388.997,0.0051
22.05.2019 07:46:00.000,6388.998,6389.998,6385.997,6385.997,0.0055
22.05.2019 07:47:00.000,6385.998,6387.998,6382.997,6386.998,0.0043
22.05.2019 07:48:00.000,6386.997,6387.998,6383.997,6384.998,0.0031
22.05.2019 07:49:00.000,6384.997,6384.998,6380.997,6380.997,0.0041
22.05.2019 07:50:00.000,6379.998,6379.998,6374.997,6375.997,0.0076
22.05.2019 07:51:00.000,6376.998,6383.998,6376.998,6382.997,0.0076
22.05.2019 07:52:00.000,6382.998,6384.998,6381.997,6383.998,0.0071
22.05.2019 07:53:00.000,6384.997,6385.998,6382.997,6385.998,0.0045
22.05.2019 07:54:00.000,6384.998,6386.998,6381.997,6382.998,0.0075
22.05.2019 07:55:00.000,6382.997,6385.998,6380.997,6383.998,0.0052
22.05.2019 07:56:00.000,6383.997,6385.998,6381.998,6383.997,0.0053
22.05.2019 07:57:00.000,6383.998,6383.998,6377.997,6381.998,0.0033
22.05.2019 07:58:00.000,6382.998,6383.998,6381.997,6382.998,0.0023
22.05.2019 07:59:00.000,6382.998,6382.998,6375.997,6376.998,0.0026
22.05.2019 08:00:00.000,6375.997,6378.998,6372.998,6378.997,0.0106
22.05.2019 08:01:00.000,6379.998,6380.998,6377.997,6380.997,0.0039
22.05.2019 08:02:00.000,6380.998,6383.997,6379.997,6380.998,0.0079
22.05.2019 08:03:00.000,6380.998,6383.998,6377.997,6383.997,0.0042
22.05.2019 08:04:00.000,6384.998,6384.998,6383.997,6384.998,0.0022
22.05.2019 08:05:00.000,6384.997,6384.997,6381.997,6382.997,0.004
22.05.2019 08:06:00.000,6382.998,6383.998,6382.997,6383.998,0.0017
22.05.2019 08:07:00.000,6384.998,6389.998,6384.997,6386.997,0.0057
22.05.2019 08:08:00.000,6386.997,6388.998,6382.998,6383.998,0.0068
22.05.2019 08:09:00.000,6384.998,6384.998,6382.997,6383.997,0.0023
22.05.2019 08:10:00.000,6383.998,6383.998,6376.997,6377.998,0.0023
22.05.2019 08:11:00.000,6377.998,6379.998,6376.997,6376.997,0.0034
22.05.2019 08:12:00.000,6377.998,6377.998,6375.997,6375.998,0.0024
22.05.2019 08:13:00.000,6375.998,6377.998,6372.998,6376.997,0.0091
22.05.2019 08:14:00.000,6376.998,6376.998,6375.998,6376.997,0.0012
22.05.2019 08:19:00.000,6376.998,6377.998,6375.997,6376.998,0.0047
22.05.2019 08:20:00.000,6377.998,6377.998,6376.997,6376.997,0.0017
22.05.2019 08:21:00.000,6376.998,6377.998,6374.997,6374.998,0.0052
22.05.2019 08:22:00.000,6374.997,6374.997,6365.997,6365.997,0.0072
22.05.2019 08:23:00.000,6365.997,6365.998,6363.998,6363.998,0.0023
22.05.2019 08:24:00.000,6363.997,6363.998,6359.997,6360.998,0.0062
22.05.2019 08:25:00.000,6360.998,6366.998,6360.998,6366.998,0.0026
22.05.2019 08:26:00.000,6366.997,6372.998,6366.997,6372.998,0.0026
22.05.2019 08:27:00.000,6372.997,6373.998,6370.997,6372.998,0.0036
22.05.2019 08:28:00.000,6370.998,6370.998,6367.997,6367.998,0.0019
22.05.2019 08:29:00.000,6367.997,6367.997,6364.997,6364.998,0.0033
22.05.2019 08:30:00.000,6364.997,6364.998,6362.997,6363.997,0.0041
22.05.2019 08:31:00.000,6363.997,6364.998,6362.998,6364.998,0.0013
22.05.2019 08:32:00.000,6364.997,6365.998,6363.997,6365.998,0.0018
22.05.2019 08:33:00.000,6364.998,6365.998,6358.998,6359.998,0.0035
22.05.2019 08:34:00.000,6359.997,6359.998,6357.997,6358.998,0.003
22.05.2019 08:35:00.000,6358.997,6362.998,6358.997,6362.998,0.0038
22.05.2019 08:36:00.000,6362.998,6363.998,6362.997,6363.998,0.002
22.05.2019 08:37:00.000,6364.997,6365.998,6363.997,6364.998,0.0022
22.05.2019 08:38:00.000,6364.750,6364.998,6361.997,6363.998,0.0094
22.05.2019 08:39:00.000,6363.998,6365.998,6362.998,6365.998,0.0034
22.05.2019 08:40:00.000,6365.997,6368.998,6365.997,6368.998,0.0017
22.05.2019 08:41:00.000,6368.998,6368.998,6366.997,6366.998,0.0047
22.05.2019 08:42:00.000,6367.997,6368.997,6367.997,6367.997,0.0035
22.05.2019 08:43:00.000,6365.998,6366.998,6365.997,6366.998,0.0057
22.05.2019 08:44:00.000,6367.998,6367.998,6365.997,6365.998,0.0079
22.05.2019 08:45:00.000,6366.997,6366.998,6365.997,6366.998,0.0048
22.05.2019 08:46:00.000,6366.998,6367.998,6365.997,6366.998,0.0047
22.05.2019 08:47:00.000,6366.997,6367.997,6365.997,6366.998,0.0056
22.05.2019 08:48:00.000,6365.998,6366.998,6364.998,6364.998,0.002
22.05.2019 08:49:00.000,6366.997,6367.998,6363.997,6366.998,0.0079
22.05.2019 08:50:00.000,6366.998,6368.998,6366.997,6366.998,0.0035
22.05.2019 08:51:00.000,6366.997,6367.998,6365.997,6366.998,0.0029
22.05.2019 08:52:00.000,6366.997,6366.997,6363.998,6364.998,0.0037
22.05.2019 08:53:00.000,6364.997,6371.998,6364.997,6371.998,0.0076
22.05.2019 08:54:00.000,6372.998,6375.998,6372.998,6374.997,0.0034
22.05.2019 08:55:00.000,6374.998,6377.997,6372.997,6372.998,0.0047
22.05.2019 08:56:00.000,6372.997,6373.998,6371.997,6371.998,0.0044
22.05.2019 08:57:00.000,6372.998,6373.998,6370.997,6372.997,0.0085
22.05.2019 08:58:00.000,6372.998,6372.998,6370.997,6370.998,0.003
22.05.2019 08:59:00.000,6371.998,6371.998,6370.997,6370.998,0.002
22.05.2019 09:00:00.000,6370.998,6371.998,6370.997,6370.997,0.0035
22.05.2019 09:01:00.000,6369.998,6370.998,6369.997,6369.998,0.001
22.05.2019 09:02:00.000,6369.997,6372.998,6369.997,6369.998,0.0062
22.05.2019 09:03:00.000,6369.997,6370.998,6369.997,6369.998,0.0033
22.05.2019 09:04:00.000,6369.998,6371.998,6369.998,6370.998,0.0028
22.05.2019 09:05:00.000,6370.997,6373.998,6370.997,6372.997,0.0041
22.05.2019 09:06:00.000,6372.998,6373.998,6372.997,6372.998,0.0046
22.05.2019 09:07:00.000,6372.997,6373.998,6368.998,6368.998,0.0024
22.05.2019 09:08:00.000,6368.997,6369.998,6368.997,6368.998,0.0038
22.05.2019 09:09:00.000,6368.997,6368.998,6367.997,6367.997,0.0034
22.05.2019 09:10:00.000,6367.998,6372.998,6367.997,6371.998,0.0039
22.05.2019 09:11:00.000,6371.998,6373.998,6370.997,6373.997,0.0023
22.05.2019 09:12:00.000,6373.998,6374.998,6373.997,6373.998,0.0048
22.05.2019 09:13:00.000,6373.997,6373.997,6373.997,6373.997,0.0004
22.05.2019 09:14:00.000,6374.998,6374.998,6373.997,6373.998,0.0051
22.05.2019 09:15:00.000,6373.998,6374.998,6370.997,6370.997,0.0087
22.05.2019 09:16:00.000,6370.998,6371.998,6369.997,6369.998,0.0034
22.05.2019 09:17:00.000,6369.997,6371.998,6368.998,6369.998,0.0046
22.05.2019 09:18:00.000,6369.997,6369.998,6369.997,6369.998,0
22.05.2019 09:19:00.000,6368.998,6368.998,6367.997,6367.998,0.0021
22.05.2019 09:20:00.000,6367.997,6368.998,6366.997,6367.998,0.0071
22.05.2019 09:21:00.000,6367.997,6369.998,6367.997,6368.998,0.0021
22.05.2019 09:22:00.000,6368.998,6369.998,6366.997,6366.997,0.0064
22.05.2019 09:23:00.000,6366.998,6368.998,6366.997,6367.998,0.0101
22.05.2019 09:24:00.000,6368.998,6369.998,6368.997,6369.998,0.017
22.05.2019 09:25:00.000,6369.997,6372.998,6369.997,6372.997,0.009
22.05.2019 09:26:00.000,6371.998,6375.998,6370.997,6374.998,0.0085
22.05.2019 09:27:00.000,6376.998,6380.998,6376.997,6380.998,0.0088
22.05.2019 09:28:00.000,6381.997,6381.998,6380.997,6381.998,0.0063
22.05.2019 09:29:00.000,6381.997,6381.998,6377.997,6380.997,0.0083
22.05.2019 09:30:00.000,6380.998,6382.998,6380.997,6380.997,0.0065
22.05.2019 09:31:00.000,6380.998,6380.998,6380.997,6380.998,0.0011
22.05.2019 09:32:00.000,6380.997,6380.998,6380.997,6380.997,0.0008
22.05.2019 09:33:00.000,6380.998,6381.997,6380.997,6380.997,0.0029
22.05.2019 09:34:00.000,6380.998,6380.998,6378.997,6378.998,0.0013
22.05.2019 09:35:00.000,6378.997,6378.998,6376.998,6376.998,0.0017
22.05.2019 09:36:00.000,6376.997,6376.998,6372.997,6372.998,0.0031
22.05.2019 09:37:00.000,6373.998,6375.998,6373.997,6374.998,0.0037
22.05.2019 09:38:00.000,6374.997,6374.998,6373.997,6373.998,0.0021
22.05.2019 09:39:00.000,6373.997,6378.997,6373.997,6378.997,0.0084
22.05.2019 09:40:00.000,6378.997,6378.997,6375.997,6375.997,0.0075
22.05.2019 09:41:00.000,6375.998,6376.998,6375.997,6376.998,0.0037
22.05.2019 09:42:00.000,6376.997,6376.998,6375.997,6376.997,0.0041
22.05.2019 09:43:00.000,6376.998,6376.998,6372.997,6372.998,0.0051
22.05.2019 09:44:00.000,6373.998,6375.998,6373.997,6375.997,0.0021
22.05.2019 09:45:00.000,6375.998,6376.998,6374.997,6374.998,0.0024
22.05.2019 09:46:00.000,6374.997,6375.998,6374.997,6374.997,0.005
22.05.2019 09:47:00.000,6374.998,6378.998,6374.997,6376.998,0.0054
22.05.2019 09:48:00.000,6377.998,6379.998,6377.997,6378.998,0.0026
22.05.2019 09:49:00.000,6379.998,6380.998,6378.998,6379.998,0.002
22.05.2019 09:50:00.000,6378.998,6378.998,6375.998,6377.998,0.0067
22.05.2019 09:51:00.000,6377.998,6379.998,6377.997,6379.997,0.0038
22.05.2019 09:52:00.000,6379.997,6380.998,6376.997,6380.998,0.0059
22.05.2019 09:53:00.000,6379.998,6381.998,6379.997,6381.998,0.0024
22.05.2019 09:54:00.000,6381.997,6382.998,6381.997,6382.998,0.0024
22.05.2019 09:55:00.000,6382.998,6383.998,6381.997,6381.998,0.0055
22.05.2019 09:56:00.000,6381.997,6382.998,6381.997,6381.998,0.0038
22.05.2019 09:57:00.000,6382.997,6383.998,6381.997,6382.998,0.0052
22.05.2019 09:58:00.000,6382.997,6387.998,6382.997,6387.998,0.0075
22.05.2019 09:59:00.000,6387.998,6388.998,6386.997,6387.998,0.0024
22.05.2019 10:00:00.000,6387.998,6389.998,6387.998,6389.998,0.0048
22.05.2019 10:01:00.000,6388.998,6389.998,6387.998,6389.998,0.004
22.05.2019 10:02:00.000,6389.998,6390.998,6389.997,6389.998,0.0085
22.05.2019 10:04:00.000,6390.998,6390.998,6387.998,6388.998,0.002
22.05.2019 10:05:00.000,6389.998,6394.997,6389.997,6393.998,0.0086
22.05.2019 10:06:00.000,6393.998,6393.998,6392.997,6393.998,0.0025
22.05.2019 10:07:00.000,6393.997,6395.998,6393.997,6395.998,0.0024
22.05.2019 10:08:00.000,6395.997,6395.998,6393.997,6394.997,0.0034
22.05.2019 10:09:00.000,6394.998,6397.998,6394.997,6396.997,0.0075
22.05.2019 10:10:00.000,6397.998,6397.998,6396.997,6397.998,0.0038
22.05.2019 10:11:00.000,6397.997,6397.998,6396.997,6396.998,0.0028
22.05.2019 10:12:00.000,6395.997,6398.998,6394.998,6397.997,0.0048
22.05.2019 10:13:00.000,6397.998,6401.998,6397.998,6401.998,0.0086
22.05.2019 10:14:00.000,6401.997,6405.998,6401.997,6405.998,0.0065
22.05.2019 10:15:00.000,6405.250,6405.250,6402.997,6403.998,0.0012
22.05.2019 10:16:00.000,6404.998,6406.998,6404.998,6406.998,0.0045
22.05.2019 10:17:00.000,6406.997,6406.998,6403.997,6405.998,0.0074
22.05.2019 10:18:00.000,6405.998,6407.998,6405.997,6406.998,0.004
22.05.2019 10:19:00.000,6406.997,6406.998,6405.997,6406.998,0.0069
22.05.2019 10:20:00.000,6406.997,6406.998,6406.997,6406.998,0.0012
22.05.2019 10:21:00.000,6406.998,6409.998,6405.997,6409.998,0.0036
22.05.2019 10:22:00.000,6409.998,6411.998,6409.997,6410.997,0.0019
22.05.2019 10:23:00.000,6410.998,6410.998,6407.997,6407.997,0.0013
22.05.2019 10:24:00.000,6407.998,6414.998,6407.998,6408.997,0.007
22.05.2019 10:25:00.000,6408.998,6409.998,6408.998,6409.998,0.0017
22.05.2019 10:26:00.000,6409.997,6414.998,6409.997,6413.998,0.0023
22.05.2019 10:27:00.000,6413.997,6414.998,6413.997,6413.998,0.0024
22.05.2019 10:28:00.000,6413.998,6416.998,6413.997,6416.998,0.0049
22.05.2019 10:29:00.000,6416.997,6416.998,6413.998,6415.998,0.0042
22.05.2019 10:30:00.000,6415.997,6417.998,6412.998,6415.998,0.0031
22.05.2019 10:31:00.000,6417.998,6418.998,6416.997,6417.997,0.0041
22.05.2019 10:32:00.000,6418.998,6418.998,6417.997,6418.997,0.0012
22.05.2019 10:33:00.000,6418.998,6418.998,6413.997,6413.998,0.0021
22.05.2019 10:34:00.000,6414.997,6414.998,6413.997,6414.998,0.0072
22.05.2019 10:35:00.000,6414.997,6414.997,6409.997,6409.998,0.002
22.05.2019 10:36:00.000,6409.997,6410.998,6409.997,6410.998,0.0045
22.05.2019 10:37:00.000,6410.998,6411.998,6410.997,6411.998,0.0048
22.05.2019 10:38:00.000,6411.997,6413.998,6411.997,6413.998,0.0061
22.05.2019 10:39:00.000,6413.997,6416.998,6413.997,6416.997,0.0041
22.05.2019 10:40:00.000,6416.998,6416.998,6416.997,6416.998,0.0016
22.05.2019 10:41:00.000,6416.997,6416.998,6416.997,6416.998,0.0014
22.05.2019 10:42:00.000,6417.998,6417.998,6413.998,6415.997,0.0037
22.05.2019 10:43:00.000,6416.998,6417.998,6416.997,6417.998,0.0031
22.05.2019 10:44:00.000,6417.997,6417.997,6416.997,6416.998,0.0012
22.05.2019 10:45:00.000,6416.997,6416.997,6412.997,6413.998,0.0026
22.05.2019 10:46:00.000,6413.997,6416.998,6413.997,6416.997,0.0034
22.05.2019 10:47:00.000,6416.998,6417.998,6415.998,6415.998,0.0011
22.05.2019 10:48:00.000,6416.998,6416.998,6415.998,6416.997,0.0028
22.05.2019 10:49:00.000,6417.998,6418.998,6416.997,6416.998,0.0039
22.05.2019 10:50:00.000,6416.997,6416.998,6413.997,6413.998,0.0041
22.05.2019 10:51:00.000,6414.998,6417.997,6414.997,6417.997,0.0023
22.05.2019 10:52:00.000,6417.998,6419.998,6415.998,6416.998,0.0032
22.05.2019 10:53:00.000,6417.998,6418.998,6417.997,6417.998,0.0045
22.05.2019 10:54:00.000,6418.998,6418.998,6417.997,6418.998,0.0044
22.05.2019 10:55:00.000,6418.997,6418.998,6418.997,6418.998,0.0045
22.05.2019 10:56:00.000,6419.998,6419.998,6417.997,6418.997,0.0022
22.05.2019 10:57:00.000,6418.998,6418.998,6417.997,6417.998,0.0007
22.05.2019 10:58:00.000,6417.997,6420.998,6417.997,6420.997,0.0011
22.05.2019 10:59:00.000,6420.998,6420.998,6417.997,6418.998,0.0025
22.05.2019 11:00:00.000,6418.998,6418.998,6418.998,6418.998,0.0003
22.05.2019 11:02:00.000,6413.997,6419.998,6413.997,6413.997,0.0055
22.05.2019 11:03:00.000,6413.998,6419.998,6413.997,6416.998,0.0043
22.05.2019 11:04:00.000,6416.997,6416.998,6414.997,6415.998,0.0008
22.05.2019 11:05:00.000,6414.998,6415.998,6412.998,6412.998,0.0047
22.05.2019 11:06:00.000,6412.997,6412.998,6407.997,6408.998,0.0061
22.05.2019 11:07:00.000,6408.998,6412.998,6408.997,6412.998,0.0066
22.05.2019 11:08:00.000,6412.998,6418.997,6412.998,6417.998,0.003
22.05.2019 11:09:00.000,6418.997,6419.998,6417.997,6417.998,0.0046
22.05.2019 11:10:00.000,6418.997,6419.998,6415.997,6418.997,0.0061
22.05.2019 11:11:00.000,6418.998,6418.998,6416.998,6417.998,0.0035
22.05.2019 11:12:00.000,6417.998,6417.998,6413.997,6413.998,0.0027
22.05.2019 11:13:00.000,6415.998,6415.998,6414.998,6415.997,0.0035
22.05.2019 11:14:00.000,6415.998,6417.998,6415.997,6417.998,0.007
22.05.2019 11:15:00.000,6416.998,6416.998,6412.997,6412.997,0.0041
22.05.2019 11:16:00.000,6412.998,6415.998,6412.998,6414.997,0.0044
22.05.2019 11:17:00.000,6414.998,6414.998,6412.997,6412.997,0.0015
22.05.2019 11:18:00.000,6412.997,6414.998,6412.997,6414.997,0.0107
22.05.2019 11:19:00.000,6414.997,6414.997,6412.997,6413.997,0.0038
22.05.2019 11:20:00.000,6413.998,6415.997,6413.998,6414.998,0.0091
22.05.2019 11:21:00.000,6415.997,6415.998,6414.997,6414.998,0.0021
22.05.2019 11:22:00.000,6415.997,6419.998,6414.998,6419.998,0.0044
22.05.2019 11:23:00.000,6419.997,6420.998,6419.997,6420.997,0.0116
22.05.2019 11:24:00.000,6420.997,6420.998,6419.997,6419.997,0.0021
22.05.2019 11:25:00.000,6419.997,6420.998,6416.997,6420.998,0.0054
22.05.2019 11:26:00.000,6420.997,6422.998,6420.997,6421.998,0.0053
22.05.2019 11:27:00.000,6422.997,6423.998,6422.997,6423.998,0.0063
22.05.2019 11:28:00.000,6423.997,6423.998,6418.998,6418.998,0.005
22.05.2019 11:29:00.000,6418.997,6418.998,6418.997,6418.998,0.0016
22.05.2019 11:30:00.000,6418.997,6421.998,6418.997,6421.997,0.0027
22.05.2019 11:31:00.000,6421.998,6421.998,6415.998,6416.998,0.0044
22.05.2019 11:32:00.000,6416.997,6416.998,6413.997,6413.998,0.0021
22.05.2019 11:33:00.000,6414.997,6414.998,6413.997,6413.997,0.0015
22.05.2019 11:34:00.000,6413.998,6413.998,6411.997,6411.998,0.0009
22.05.2019 11:35:00.000,6411.997,6414.998,6411.997,6413.997,0.0052
22.05.2019 11:36:00.000,6414.998,6416.998,6413.998,6416.998,0.0061
22.05.2019 11:37:00.000,6416.997,6416.998,6413.997,6413.998,0.0051
22.05.2019 11:38:00.000,6413.997,6413.998,6412.997,6412.998,0.0037
22.05.2019 11:39:00.000,6412.998,6412.998,6412.997,6412.998,0.0018
22.05.2019 11:40:00.000,6412.997,6414.998,6411.997,6413.998,0.0187
22.05.2019 11:41:00.000,6413.997,6413.997,6410.997,6411.998,0.0096
22.05.2019 11:42:00.000,6411.997,6413.998,6411.997,6413.997,0.0042
22.05.2019 11:43:00.000,6413.998,6413.998,6412.997,6413.998,0.0028
22.05.2019 11:44:00.000,6413.997,6413.998,6411.997,6411.998,0.0076
22.05.2019 11:45:00.000,6411.998,6413.998,6410.997,6411.998,0.0105
22.05.2019 11:46:00.000,6411.997,6412.998,6411.997,6411.998,0.0045
22.05.2019 11:47:00.000,6411.997,6412.997,6411.997,6411.998,0.0052
22.05.2019 11:48:00.000,6412.998,6415.998,6411.998,6414.997,0.0153
22.05.2019 11:49:00.000,6414.998,6414.998,6411.997,6412.998,0.0107
22.05.2019 11:50:00.000,6412.997,6416.998,6412.997,6415.998,0.0121
22.05.2019 11:51:00.000,6415.997,6415.998,6415.997,6415.998,0.0134
22.05.2019 11:52:00.000,6415.997,6416.998,6413.998,6414.997,0.0119
22.05.2019 11:53:00.000,6414.998,6414.998,6411.998,6412.998,0.0078
22.05.2019 11:54:00.000,6412.997,6414.998,6410.997,6412.997,0.0063
22.05.2019 11:55:00.000,6411.997,6413.998,6411.997,6412.998,0.0029
22.05.2019 11:56:00.000,6412.997,6412.998,6410.998,6412.997,0.0043
22.05.2019 11:57:00.000,6412.997,6413.998,6409.997,6412.998,0.0103
22.05.2019 11:58:00.000,6412.997,6413.998,6410.997,6410.997,0.0116
22.05.2019 11:59:00.000,6410.998,6413.998,6410.998,6413.997,0.0021
22.05.2019 12:00:00.000,6413.998,6414.998,6411.997,6412.998,0.0159
22.05.2019 12:01:00.000,6412.997,6413.998,6412.997,6413.998,0.003
22.05.2019 12:02:00.000,6414.998,6416.998,6414.997,6416.997,0.0103
22.05.2019 12:03:00.000,6415.997,6415.998,6413.997,6415.997,0.0135
22.05.2019 12:04:00.000,6413.998,6415.998,6413.998,6414.998,0.0026
22.05.2019 12:05:00.000,6413.997,6413.998,6411.998,6413.997,0.0031
22.05.2019 12:06:00.000,6413.998,6413.998,6411.997,6411.998,0.0094
22.05.2019 12:07:00.000,6411.998,6413.998,6411.997,6411.998,0.0162
22.05.2019 12:08:00.000,6411.997,6415.998,6411.997,6415.997,0.0089
22.05.2019 12:09:00.000,6415.998,6416.998,6414.997,6415.998,0.0119
22.05.2019 12:10:00.000,6416.997,6417.998,6415.997,6416.997,0.0061
22.05.2019 12:11:00.000,6417.997,6418.998,6417.997,6418.997,0.0053
22.05.2019 12:12:00.000,6418.998,6419.998,6414.997,6415.998,0.018
22.05.2019 12:13:00.000,6414.998,6415.998,6414.997,6415.998,0.0063
22.05.2019 12:14:00.000,6415.997,6415.998,6413.997,6414.998,0.0019
22.05.2019 12:15:00.000,6412.998,6412.998,6409.997,6411.998,0.0042
22.05.2019 12:16:00.000,6411.997,6411.998,6411.997,6411.998,0.0032
22.05.2019 12:17:00.000,6411.997,6412.998,6411.997,6411.998,0.0125
22.05.2019 12:18:00.000,6411.998,6413.998,6411.997,6413.997,0.006
22.05.2019 12:19:00.000,6413.998,6413.998,6412.997,6413.997,0.0071
22.05.2019 12:20:00.000,6413.998,6414.998,6413.997,6413.997,0.0069
22.05.2019 12:21:00.000,6413.998,6413.998,6411.997,6411.998,0.005
22.05.2019 12:22:00.000,6411.997,6412.998,6411.997,6412.998,0.0039
22.05.2019 12:23:00.000,6411.998,6412.998,6411.997,6411.998,0.0046
22.05.2019 12:24:00.000,6411.997,6412.998,6411.997,6411.997,0.0048
22.05.2019 12:25:00.000,6411.998,6412.998,6411.997,6411.997,0.015
22.05.2019 12:26:00.000,6411.998,6412.998,6401.997,6401.998,0.0078
22.05.2019 12:27:00.000,6402.998,6404.998,6399.998,6399.998,0.0095
22.05.2019 12:28:00.000,6398.998,6399.998,6396.997,6399.998,0.0043
22.05.2019 12:29:00.000,6399.997,6401.998,6399.997,6401.997,0.0059
22.05.2019 12:30:00.000,6401.998,6404.998,6400.997,6403.998,0.0083
22.05.2019 12:31:00.000,6404.997,6406.998,6404.997,6405.998,0.0045
22.05.2019 12:32:00.000,6405.998,6409.998,6405.997,6408.998,0.0058
22.05.2019 12:33:00.000,6408.997,6409.998,6405.997,6408.997,0.0064
22.05.2019 12:34:00.000,6408.998,6409.998,6406.998,6407.998,0.0054
22.05.2019 12:35:00.000,6407.997,6407.998,6405.997,6406.998,0.0019
22.05.2019 12:36:00.000,6406.997,6409.998,6404.998,6407.998,0.0067
22.05.2019 12:37:00.000,6407.997,6407.997,6404.998,6404.998,0.0055
22.05.2019 12:38:00.000,6404.997,6405.998,6404.997,6405.998,0.0009
22.05.2019 12:39:00.000,6405.750,6405.997,6403.997,6404.997,0.0048
22.05.2019 12:40:00.000,6404.998,6405.998,6404.997,6404.998,0.0031
22.05.2019 12:41:00.000,6404.998,6405.998,6402.997,6403.998,0.0042
22.05.2019 12:42:00.000,6403.997,6404.998,6402.998,6403.997,0.003
22.05.2019 12:43:00.000,6403.998,6405.998,6403.997,6404.998,0.007
22.05.2019 12:44:00.000,6405.997,6407.998,6405.997,6407.997,0.0026
22.05.2019 12:45:00.000,6407.998,6408.998,6407.997,6407.997,0.0082
22.05.2019 12:46:00.000,6405.998,6407.998,6404.997,6407.998,0.0117
22.05.2019 12:47:00.000,6407.997,6407.998,6404.997,6404.997,0.0042
22.05.2019 12:48:00.000,6404.998,6405.998,6403.998,6404.997,0.0015
22.05.2019 12:49:00.000,6404.998,6404.998,6403.998,6404.998,0.0013
22.05.2019 12:50:00.000,6405.998,6405.998,6402.997,6404.998,0.0078
22.05.2019 12:51:00.000,6404.997,6407.998,6403.997,6407.998,0.0113
22.05.2019 12:52:00.000,6407.998,6407.998,6402.997,6402.998,0.003
22.05.2019 12:53:00.000,6402.998,6404.998,6402.998,6404.998,0.003
22.05.2019 12:54:00.000,6404.997,6405.998,6402.997,6403.998,0.0031
22.05.2019 12:55:00.000,6404.997,6405.998,6401.997,6401.997,0.0097
22.05.2019 12:56:00.000,6401.998,6401.998,6398.998,6398.998,0.0052
22.05.2019 12:57:00.000,6398.997,6400.997,6396.998,6397.998,0.008
22.05.2019 12:58:00.000,6398.998,6399.998,6396.997,6399.998,0.0048
22.05.2019 12:59:00.000,6399.997,6403.998,6399.997,6402.998,0.0071
22.05.2019 13:00:00.000,6402.997,6402.997,6397.998,6398.998,0.0092
22.05.2019 13:01:00.000,6399.998,6400.998,6398.997,6399.998,0.0032
22.05.2019 13:02:00.000,6399.997,6401.998,6397.997,6401.998,0.0038
22.05.2019 13:03:00.000,6401.997,6402.998,6401.997,6402.998,0.0055
22.05.2019 13:04:00.000,6401.997,6401.998,6400.997,6401.997,0.0099
22.05.2019 13:05:00.000,6401.998,6401.998,6400.997,6400.998,0.0037
22.05.2019 13:06:00.000,6400.997,6400.998,6399.998,6400.997,0.0007
22.05.2019 13:07:00.000,6400.998,6401.998,6399.997,6399.998,0.0063
22.05.2019 13:08:00.000,6399.750,6399.750,6396.998,6396.998,0.0109
22.05.2019 13:09:00.000,6396.997,6398.998,6394.997,6398.997,0.0049
22.05.2019 13:10:00.000,6398.998,6398.998,6395.997,6396.998,0.0029
22.05.2019 13:11:00.000,6396.997,6398.998,6396.997,6397.997,0.0035
22.05.2019 13:12:00.000,6397.997,6397.997,6393.998,6394.998,0.0025
22.05.2019 13:13:00.000,6393.998,6393.998,6391.997,6392.997,0.0061
22.05.2019 13:14:00.000,6393.998,6394.998,6392.998,6394.997,0.0051
22.05.2019 13:15:00.000,6394.998,6396.998,6392.998,6396.998,0.0126
22.05.2019 13:16:00.000,6397.997,6398.998,6396.998,6398.998,0.0056
22.05.2019 13:17:00.000,6398.997,6398.998,6395.998,6397.998,0.0084
22.05.2019 13:18:00.000,6397.997,6397.997,6395.997,6396.997,0.0029
22.05.2019 13:19:00.000,6396.997,6396.997,6393.997,6393.998,0.0041
22.05.2019 13:20:00.000,6393.998,6395.998,6391.998,6393.997,0.0105
22.05.2019 13:21:00.000,6393.998,6395.998,6393.997,6395.997,0.0029
22.05.2019 13:22:00.000,6395.997,6395.997,6389.997,6390.998,0.0054
22.05.2019 13:23:00.000,6390.998,6392.998,6390.997,6391.998,0.0058
22.05.2019 13:24:00.000,6392.997,6394.998,6392.997,6393.998,0.0068
22.05.2019 13:25:00.000,6393.997,6393.998,6393.997,6393.998,0.0017
22.05.2019 13:26:00.000,6393.997,6394.998,6393.997,6393.998,0.0061
22.05.2019 13:27:00.000,6393.997,6395.997,6393.997,6394.997,0.0056
22.05.2019 13:28:00.000,6394.998,6395.998,6393.998,6395.997,0.0131
22.05.2019 13:29:00.000,6395.997,6395.997,6392.997,6392.997,0.0016
22.05.2019 13:30:00.000,6392.998,6395.998,6390.997,6395.998,0.0216
22.05.2019 13:31:00.000,6395.998,6396.998,6394.998,6396.998,0.0078
22.05.2019 13:32:00.000,6396.750,6396.998,6394.997,6395.997,0.0115
22.05.2019 13:33:00.000,6395.997,6397.998,6395.997,6395.998,0.004
22.05.2019 13:34:00.000,6395.998,6397.998,6394.997,6395.997,0.0107
22.05.2019 13:35:00.000,6395.998,6398.997,6395.997,6397.998,0.006
22.05.2019 13:36:00.000,6396.998,6399.998,6396.997,6399.998,0.0085
22.05.2019 13:37:00.000,6399.998,6400.998,6397.997,6398.998,0.0224
22.05.2019 13:38:00.000,6398.997,6400.998,6397.997,6400.997,0.0065
22.05.2019 13:39:00.000,6400.998,6402.998,6400.997,6400.997,0.0064
22.05.2019 13:40:00.000,6400.998,6400.998,6399.997,6399.998,0.008
22.05.2019 13:41:00.000,6399.997,6402.998,6399.997,6402.998,0.014
22.05.2019 13:42:00.000,6403.997,6405.998,6403.997,6404.998,0.0101
22.05.2019 13:43:00.000,6405.998,6406.998,6403.997,6404.998,0.0143
22.05.2019 13:44:00.000,6404.998,6407.998,6404.997,6406.998,0.0188
22.05.2019 13:45:00.000,6406.998,6410.998,6406.997,6409.998,0.0044
22.05.2019 13:46:00.000,6409.997,6409.998,6404.998,6405.997,0.0094
22.05.2019 13:47:00.000,6405.998,6406.998,6404.997,6406.997,0.0069
22.05.2019 13:48:00.000,6406.998,6408.998,6404.998,6408.998,0.0106
22.05.2019 13:49:00.000,6408.998,6413.998,6408.998,6413.998,0.006
22.05.2019 13:50:00.000,6413.998,6418.998,6413.997,6417.998,0.0143
22.05.2019 13:51:00.000,6417.997,6419.998,6415.998,6419.998,0.0221
22.05.2019 13:52:00.000,6419.998,6421.998,6417.997,6418.997,0.0128
22.05.2019 13:53:00.000,6418.997,6421.998,6418.997,6419.998,0.008
22.05.2019 13:54:00.000,6419.998,6421.998,6417.997,6417.998,0.0079
22.05.2019 13:55:00.000,6418.997,6418.998,6416.997,6416.997,0.0064
22.05.2019 13:56:00.000,6417.997,6417.998,6415.997,6415.998,0.0028
22.05.2019 13:57:00.000,6416.997,6417.998,6413.997,6413.997,0.0063
22.05.2019 13:58:00.000,6413.998,6414.998,6409.998,6410.998,0.0066
22.05.2019 13:59:00.000,6410.998,6410.998,6406.997,6406.998,0.0093
22.05.2019 14:00:00.000,6406.997,6412.998,6406.997,6411.998,0.0064
22.05.2019 14:01:00.000,6412.998,6413.998,6405.997,6405.998,0.0126
22.05.2019 14:02:00.000,6405.997,6407.998,6405.997,6407.997,0.0037
22.05.2019 14:03:00.000,6407.998,6408.998,6405.997,6407.997,0.0069
22.05.2019 14:04:00.000,6407.998,6408.998,6405.997,6408.998,0.0057
22.05.2019 14:05:00.000,6407.998,6408.998,6405.997,6408.998,0.0048
22.05.2019 14:06:00.000,6407.997,6408.998,6405.997,6406.998,0.0073
22.05.2019 14:07:00.000,6406.997,6406.998,6400.998,6400.998,0.007
22.05.2019 14:08:00.000,6400.997,6400.998,6400.997,6400.997,0.0009
22.05.2019 14:09:00.000,6400.998,6400.998,6397.998,6398.997,0.0044
22.05.2019 14:10:00.000,6397.997,6401.997,6396.998,6399.997,0.0085
22.05.2019 14:11:00.000,6399.998,6400.998,6397.997,6397.998,0.0182
22.05.2019 14:12:00.000,6397.998,6400.998,6397.997,6399.997,0.0062
22.05.2019 14:13:00.000,6400.998,6402.998,6400.997,6401.998,0.0062
22.05.2019 14:14:00.000,6401.997,6401.998,6398.997,6398.997,0.0055
22.05.2019 14:15:00.000,6398.998,6403.998,6398.997,6400.998,0.0154
22.05.2019 14:16:00.000,6400.997,6401.998,6396.998,6397.997,0.0067
22.05.2019 14:17:00.000,6397.998,6397.998,6391.997,6391.998,0.0063
22.05.2019 14:18:00.000,6392.997,6392.998,6390.997,6392.998,0.0028
22.05.2019 14:19:00.000,6393.997,6395.998,6393.997,6395.998,0.0037
22.05.2019 14:20:00.000,6395.998,6395.998,6392.997,6392.998,0.0132
22.05.2019 14:21:00.000,6392.997,6392.998,6388.998,6390.998,0.0026
22.05.2019 14:22:00.000,6390.998,6390.998,6390.997,6390.998,0.0008
22.05.2019 14:23:00.000,6390.998,6393.998,6390.997,6393.998,0.004
22.05.2019 14:24:00.000,6394.997,6396.998,6394.997,6396.998,0.0063
22.05.2019 14:25:00.000,6396.750,6396.997,6391.997,6392.998,0.0123
22.05.2019 14:26:00.000,6391.998,6391.998,6388.998,6389.998,0.0095
22.05.2019 14:27:00.000,6389.997,6389.997,6384.998,6384.998,0.0014
22.05.2019 14:28:00.000,6386.998,6390.998,6382.998,6386.998,0.0106
22.05.2019 14:29:00.000,6386.998,6386.998,6379.997,6380.998,0.0074
22.05.2019 14:30:00.000,6380.998,6381.998,6378.997,6378.998,0.0039
22.05.2019 14:31:00.000,6378.998,6378.998,6375.998,6376.997,0.0085
22.05.2019 14:32:00.000,6376.998,6376.998,6376.997,6376.998,0.0021
22.05.2019 14:33:00.000,6376.997,6381.998,6376.997,6379.998,0.0076
22.05.2019 14:34:00.000,6380.998,6381.998,6374.997,6376.998,0.0168
22.05.2019 14:35:00.000,6376.998,6378.998,6376.997,6376.998,0.0072
22.05.2019 14:36:00.000,6376.997,6376.998,6373.998,6375.998,0.0022
22.05.2019 14:37:00.000,6375.998,6376.998,6372.997,6372.998,0.0094
22.05.2019 14:38:00.000,6370.998,6370.998,6368.997,6369.998,0.0033
22.05.2019 14:39:00.000,6369.997,6372.998,6369.997,6372.998,0.0021
22.05.2019 14:40:00.000,6372.998,6372.998,6370.998,6372.998,0.002
22.05.2019 14:41:00.000,6372.997,6372.998,6371.998,6372.998,0.0012
22.05.2019 14:42:00.000,6372.997,6373.998,6372.997,6373.998,0.0026
22.05.2019 14:43:00.000,6373.998,6373.998,6366.998,6366.998,0.0099
22.05.2019 14:44:00.000,6366.998,6366.998,6362.998,6363.998,0.0089
22.05.2019 14:45:00.000,6363.997,6366.997,6363.997,6364.997,0.0091
22.05.2019 14:46:00.000,6364.998,6368.998,6364.998,6365.997,0.0052
22.05.2019 14:47:00.000,6366.998,6368.998,6366.997,6368.998,0.0049
22.05.2019 14:48:00.000,6368.997,6368.998,6365.997,6367.997,0.0151
22.05.2019 14:49:00.000,6367.998,6367.998,6364.997,6364.998,0.0083
22.05.2019 14:50:00.000,6364.997,6365.998,6363.997,6365.998,0.0079
22.05.2019 14:51:00.000,6365.997,6368.998,6365.997,6366.998,0.0142
22.05.2019 14:52:00.000,6366.997,6366.998,6359.998,6360.997,0.008
22.05.2019 14:53:00.000,6360.997,6361.997,6360.997,6360.998,0.0052
22.05.2019 14:54:00.000,6360.998,6360.998,6360.997,6360.997,0.0086
22.05.2019 14:55:00.000,6360.998,6360.998,6356.997,6356.998,0.0061
22.05.2019 14:56:00.000,6356.997,6359.998,6353.997,6358.998,0.0058
22.05.2019 14:57:00.000,6358.997,6360.998,6358.997,6359.998,0.0044
22.05.2019 14:58:00.000,6359.998,6359.998,6359.997,6359.997,0.0007
22.05.2019 14:59:00.000,6359.998,6359.998,6356.997,6358.998,0.0118
22.05.2019 15:00:00.000,6359.997,6359.998,6356.997,6357.998,0.0047
22.05.2019 15:01:00.000,6357.997,6358.998,6354.998,6355.998,0.0075
22.05.2019 15:02:00.000,6354.998,6354.998,6348.997,6349.997,0.0084
22.05.2019 15:03:00.000,6349.998,6351.998,6348.997,6348.998,0.0121
22.05.2019 15:04:00.000,6349.997,6354.998,6347.997,6354.998,0.0127
22.05.2019 15:05:00.000,6355.998,6356.998,6354.997,6354.998,0.0072
22.05.2019 15:06:00.000,6354.998,6354.998,6349.998,6349.998,0.0108
22.05.2019 15:07:00.000,6349.998,6351.998,6348.997,6349.997,0.0084
22.05.2019 15:08:00.000,6349.998,6351.998,6348.997,6350.997,0.0073
22.05.2019 15:09:00.000,6350.998,6350.998,6347.997,6348.997,0.0196
22.05.2019 15:10:00.000,6348.998,6352.998,6348.997,6352.998,0.0087
22.05.2019 15:11:00.000,6352.997,6352.998,6351.998,6352.998,0.0059
22.05.2019 15:12:00.000,6352.997,6354.998,6352.997,6354.998,0.0067
22.05.2019 15:13:00.000,6354.997,6354.998,6354.997,6354.998,0.0099
22.05.2019 15:14:00.000,6354.997,6356.998,6354.997,6356.998,0.0272
22.05.2019 15:15:00.000,6357.998,6359.998,6357.997,6359.997,0.013
22.05.2019 15:16:00.000,6360.997,6363.998,6360.997,6360.998,0.0185
22.05.2019 15:17:00.000,6361.998,6365.998,6361.997,6365.997,0.012
22.05.2019 15:18:00.000,6366.998,6368.998,6365.997,6367.998,0.013
22.05.2019 15:19:00.000,6367.997,6370.998,6366.998,6370.998,0.0222
22.05.2019 15:20:00.000,6370.997,6372.998,6369.997,6369.998,0.0159
22.05.2019 15:21:00.000,6370.997,6373.998,6369.997,6370.998,0.0167
22.05.2019 15:22:00.000,6370.997,6373.998,6370.997,6373.998,0.0107
22.05.2019 15:23:00.000,6372.998,6373.998,6371.997,6373.998,0.0164
22.05.2019 15:24:00.000,6374.997,6378.997,6374.997,6377.998,0.0179
22.05.2019 15:25:00.000,6377.998,6378.998,6376.997,6377.997,0.0114
22.05.2019 15:26:00.000,6377.997,6381.998,6376.997,6381.998,0.009
22.05.2019 15:27:00.000,6381.997,6382.998,6377.997,6382.998,0.0136
22.05.2019 15:28:00.000,6382.997,6389.998,6382.997,6388.997,0.012
22.05.2019 15:29:00.000,6388.997,6388.998,6384.998,6387.998,0.0072
23.05.2019 07:00:00.000,6362.997,6370.998,6362.997,6370.998,0.0002
23.05.2019 07:01:00.000,6371.997,6380.997,6371.997,6380.997,0.0001
23.05.2019 07:02:00.000,6366.997,6366.998,6366.997,6366.998,0
23.05.2019 07:03:00.000,6361.998,6361.998,6361.998,6361.998,0.0001
23.05.2019 07:04:00.000,6369.998,6377.998,6369.997,6375.998,0.0007
23.05.2019 07:05:00.000,6375.998,6376.997,6367.997,6371.997,0.0028
23.05.2019 07:06:00.000,6369.998,6377.998,6367.998,6376.997,0.002
23.05.2019 07:07:00.000,6376.997,6381.997,6372.997,6372.998,0.003
23.05.2019 07:08:00.000,6374.997,6377.998,6372.997,6377.998,0.0021
23.05.2019 07:09:00.000,6378.997,6386.998,6374.997,6386.997,0.004
23.05.2019 07:10:00.000,6385.998,6394.998,6384.997,6391.998,0.005
23.05.2019 07:11:00.000,6391.998,6396.998,6390.998,6390.998,0.0024
23.05.2019 07:12:00.000,6390.997,6396.998,6389.997,6394.997,0.0037
23.05.2019 07:13:00.000,6394.998,6401.998,6391.998,6401.998,0.0049
23.05.2019 07:14:00.000,6396.998,6397.998,6392.998,6393.998,0.0018
23.05.2019 07:15:00.000,6394.998,6401.997,6394.998,6397.998,0.0033
23.05.2019 07:16:00.000,6397.997,6397.997,6391.997,6391.998,0.0032
23.05.2019 07:17:00.000,6395.500,6397.998,6393.998,6397.998,0.0023
23.05.2019 07:18:00.000,6397.750,6399.997,6393.997,6399.997,0.0022
23.05.2019 07:19:00.000,6398.998,6402.998,6398.997,6399.998,0.0025
23.05.2019 07:20:00.000,6397.998,6404.998,6396.997,6401.997,0.0061
23.05.2019 07:21:00.000,6400.998,6402.997,6399.998,6401.997,0.0033
23.05.2019 07:22:00.000,6401.998,6402.998,6386.997,6386.997,0.006
23.05.2019 07:23:00.000,6388.998,6393.998,6388.997,6388.997,0.0068
23.05.2019 07:24:00.000,6388.998,6388.998,6384.997,6385.998,0.0088
23.05.2019 07:25:00.000,6385.998,6394.998,6381.998,6394.998,0.0045
23.05.2019 07:26:00.000,6391.998,6394.998,6391.998,6394.998,0.0004
23.05.2019 07:27:00.000,6394.998,6394.998,6387.997,6387.998,0.0031
23.05.2019 07:28:00.000,6388.997,6393.997,6387.997,6392.998,0.0036
23.05.2019 07:29:00.000,6392.998,6393.998,6388.997,6393.998,0.0037
23.05.2019 07:30:00.000,6393.997,6393.997,6384.997,6385.998,0.0088
23.05.2019 07:31:00.000,6385.998,6390.998,6382.998,6389.998,0.0046
23.05.2019 07:32:00.000,6388.997,6392.998,6388.997,6391.997,0.0013
23.05.2019 07:33:00.000,6391.998,6394.998,6391.997,6393.997,0.0009
23.05.2019 07:34:00.000,6393.998,6396.998,6388.998,6396.998,0.003
23.05.2019 07:35:00.000,6396.997,6397.998,6394.998,6396.997,0.001
23.05.2019 07:36:00.000,6398.998,6404.997,6398.998,6401.997,0.0035
23.05.2019 07:37:00.000,6401.998,6403.997,6397.998,6397.998,0.0032
23.05.2019 07:38:00.000,6397.998,6398.998,6390.998,6391.998,0.0034
23.05.2019 07:39:00.000,6391.998,6392.997,6386.997,6392.997,0.0025
23.05.2019 07:40:00.000,6393.998,6396.998,6390.998,6395.997,0.0029
23.05.2019 07:41:00.000,6395.998,6399.997,6395.997,6399.997,0.002
23.05.2019 07:42:00.000,6400.997,6400.997,6390.998,6390.998,0.0063
23.05.2019 07:43:00.000,6390.997,6390.998,6388.997,6389.998,0.0031
23.05.2019 07:44:00.000,6389.998,6389.998,6383.997,6385.997,0.0026
23.05.2019 07:45:00.000,6385.998,6389.998,6383.997,6384.997,0.0053
23.05.2019 07:46:00.000,6384.998,6384.998,6379.998,6381.998,0.0022
23.05.2019 07:47:00.000,6382.998,6385.998,6382.997,6383.997,0.0048
23.05.2019 07:48:00.000,6383.997,6385.998,6381.997,6383.998,0.0049
23.05.2019 07:49:00.000,6383.998,6385.998,6381.997,6382.998,0.0041
23.05.2019 07:50:00.000,6384.997,6390.998,6383.998,6386.997,0.0063
23.05.2019 07:51:00.000,6386.998,6389.998,6385.998,6385.998,0.0012
23.05.2019 07:52:00.000,6387.997,6389.998,6383.998,6387.998,0.0031
23.05.2019 07:53:00.000,6387.997,6387.997,6381.997,6384.997,0.007
23.05.2019 07:54:00.000,6384.998,6386.998,6382.997,6383.998,0.0048
23.05.2019 07:55:00.000,6384.998,6387.998,6383.998,6385.998,0.0058
23.05.2019 07:56:00.000,6385.997,6388.997,6385.997,6385.998,0.0035
23.05.2019 07:57:00.000,6385.998,6385.998,6383.997,6383.998,0.0028
23.05.2019 07:58:00.000,6384.997,6387.998,6384.997,6385.998,0.0029
23.05.2019 07:59:00.000,6387.997,6389.998,6387.997,6389.998,0.0031
23.05.2019 08:00:00.000,6389.997,6389.998,6383.997,6385.998,0.0027
23.05.2019 08:01:00.000,6385.998,6387.998,6385.997,6386.998,0.0018
23.05.2019 08:02:00.000,6388.997,6388.998,6384.997,6386.997,0.0028
23.05.2019 08:03:00.000,6386.998,6386.998,6384.997,6386.998,0.0042
23.05.2019 08:04:00.000,6386.997,6390.998,6386.997,6389.998,0.0052
23.05.2019 08:05:00.000,6390.998,6395.998,6390.998,6395.998,0.0087
23.05.2019 08:06:00.000,6396.997,6399.997,6396.997,6396.997,0.0049
23.05.2019 08:07:00.000,6397.997,6397.998,6392.997,6392.998,0.0044
23.05.2019 08:08:00.000,6394.998,6395.998,6390.997,6392.998,0.0089
23.05.2019 08:09:00.000,6393.998,6396.998,6393.997,6394.998,0.0047
23.05.2019 08:10:00.000,6396.750,6398.998,6396.750,6397.998,0.0025
23.05.2019 08:11:00.000,6398.998,6399.998,6394.997,6394.998,0.0029
23.05.2019 08:12:00.000,6396.998,6397.997,6395.997,6395.998,0.0044
23.05.2019 08:13:00.000,6396.998,6400.998,6394.998,6394.998,0.0045
23.05.2019 08:14:00.000,6394.998,6394.998,6389.997,6390.997,0.0078
23.05.2019 08:15:00.000,6390.998,6396.998,6389.998,6396.998,0.0069
23.05.2019 08:16:00.000,6393.998,6394.998,6391.998,6393.997,0.0062
23.05.2019 08:17:00.000,6393.750,6393.750,6387.998,6387.998,0.0049
23.05.2019 08:18:00.000,6387.998,6390.998,6386.997,6386.998,0.0064
23.05.2019 08:19:00.000,6387.997,6387.997,6381.997,6381.998,0.0088
23.05.2019 08:20:00.000,6383.998,6384.998,6382.997,6382.998,0.0032
23.05.2019 08:21:00.000,6382.997,6386.998,6382.997,6384.997,0.009
23.05.2019 08:22:00.000,6384.998,6385.998,6383.997,6383.997,0.0072
23.05.2019 08:23:00.000,6384.998,6385.998,6383.997,6385.998,0.0062
23.05.2019 08:24:00.000,6384.998,6385.998,6382.997,6385.997,0.0039
23.05.2019 08:25:00.000,6385.997,6385.998,6382.997,6384.998,0.0063
23.05.2019 08:26:00.000,6384.997,6385.998,6384.997,6385.998,0.0016
23.05.2019 08:27:00.000,6383.998,6385.998,6383.997,6383.998,0.0059
23.05.2019 08:28:00.000,6384.998,6384.998,6383.997,6384.998,0.0046
23.05.2019 08:29:00.000,6384.997,6384.998,6383.997,6384.998,0.0046
23.05.2019 08:30:00.000,6383.997,6384.998,6381.997,6382.997,0.0077
23.05.2019 08:31:00.000,6383.998,6383.998,6376.998,6378.998,0.0031
23.05.2019 08:32:00.000,6379.998,6380.998,6379.997,6379.998,0.0042
23.05.2019 08:33:00.000,6379.997,6383.998,6379.997,6383.997,0.0062
23.05.2019 08:34:00.000,6383.998,6385.998,6380.998,6380.998,0.0077
23.05.2019 08:35:00.000,6380.998,6381.998,6377.998,6381.998,0.0038
23.05.2019 08:36:00.000,6381.997,6384.998,6381.997,6384.998,0.0042
23.05.2019 08:37:00.000,6384.997,6384.998,6381.998,6381.998,0.0044
23.05.2019 08:38:00.000,6381.997,6383.998,6381.997,6382.997,0.0023
23.05.2019 08:39:00.000,6382.998,6383.998,6380.997,6380.997,0.0028
23.05.2019 08:40:00.000,6380.998,6381.998,6377.998,6380.998,0.0056
23.05.2019 08:41:00.000,6380.997,6382.998,6380.997,6382.998,0.0031
23.05.2019 08:42:00.000,6383.997,6384.998,6380.998,6383.998,0.0026
23.05.2019 08:43:00.000,6382.998,6383.998,6373.997,6376.998,0.0059
23.05.2019 08:44:00.000,6376.997,6380.998,6375.998,6379.998,0.0091
23.05.2019 08:45:00.000,6380.998,6384.998,6380.998,6383.998,0.0049
23.05.2019 08:46:00.000,6383.997,6384.998,6381.997,6383.998,0.0026
23.05.2019 08:47:00.000,6383.998,6385.998,6383.997,6384.998,0.0038
23.05.2019 08:48:00.000,6384.998,6386.998,6383.998,6384.997,0.0063
23.05.2019 08:49:00.000,6383.998,6385.998,6381.997,6383.998,0.0076
23.05.2019 08:50:00.000,6383.997,6384.998,6381.998,6383.997,0.0019
23.05.2019 08:51:00.000,6383.998,6387.998,6382.997,6387.998,0.0087
23.05.2019 08:52:00.000,6387.997,6387.997,6382.998,6383.998,0.0054
23.05.2019 08:53:00.000,6384.997,6385.998,6383.997,6384.998,0.0056
23.05.2019 08:54:00.000,6384.997,6384.998,6383.997,6384.998,0.0042
23.05.2019 08:55:00.000,6383.998,6384.998,6375.997,6375.997,0.0055
23.05.2019 08:56:00.000,6377.997,6379.998,6371.997,6379.998,0.0134
23.05.2019 08:57:00.000,6380.997,6382.998,6380.997,6382.998,0.0062
23.05.2019 08:58:00.000,6382.998,6382.998,6378.997,6379.998,0.0065
23.05.2019 08:59:00.000,6378.998,6381.998,6378.998,6381.998,0.0063
23.05.2019 09:00:00.000,6381.998,6383.998,6381.998,6383.998,0.0023
23.05.2019 09:01:00.000,6383.997,6383.998,6379.997,6381.997,0.0021
23.05.2019 09:02:00.000,6381.998,6383.998,6379.997,6383.998,0.007
23.05.2019 09:03:00.000,6383.997,6384.998,6382.997,6384.998,0.0049
23.05.2019 09:04:00.000,6384.998,6386.998,6382.998,6383.998,0.0056
23.05.2019 09:05:00.000,6382.998,6383.998,6382.998,6383.998,0.0009
23.05.2019 09:06:00.000,6383.997,6387.998,6383.997,6387.997,0.004
23.05.2019 09:07:00.000,6387.998,6389.998,6387.997,6388.998,0.007
23.05.2019 09:08:00.000,6389.997,6391.998,6382.998,6383.998,0.01
23.05.2019 09:09:00.000,6383.998,6383.998,6378.998,6382.998,0.0056
23.05.2019 09:10:00.000,6382.997,6386.998,6382.997,6386.997,0.0063
23.05.2019 09:11:00.000,6386.997,6386.997,6382.997,6384.998,0.0071
23.05.2019 09:12:00.000,6382.998,6386.750,6382.997,6383.998,0.0085
23.05.2019 09:13:00.000,6382.998,6382.998,6378.997,6378.998,0.004
23.05.2019 09:14:00.000,6378.998,6378.998,6375.997,6378.998,0.002
23.05.2019 09:15:00.000,6377.998,6377.998,6375.997,6375.997,0.0045
23.05.2019 09:16:00.000,6375.998,6375.998,6373.997,6374.998,0.0039
23.05.2019 09:17:00.000,6374.998,6374.998,6370.998,6373.998,0.0033
23.05.2019 09:18:00.000,6374.997,6374.998,6372.997,6374.997,0.0047
23.05.2019 09:19:00.000,6374.998,6377.998,6370.998,6371.997,0.005
23.05.2019 09:20:00.000,6371.998,6374.998,6371.998,6373.997,0.0075
23.05.2019 09:21:00.000,6373.998,6375.998,6373.997,6375.997,0.0063
23.05.2019 09:22:00.000,6375.997,6375.997,6372.997,6372.998,0.0057
23.05.2019 09:23:00.000,6372.997,6372.997,6368.997,6368.997,0.0106
23.05.2019 09:24:00.000,6369.998,6370.998,6367.998,6368.998,0.0107
23.05.2019 09:25:00.000,6368.997,6370.997,6367.997,6370.997,0.0047
23.05.2019 09:26:00.000,6370.998,6370.998,6368.997,6370.998,0.008
23.05.2019 09:27:00.000,6370.997,6370.997,6362.997,6362.998,0.0063
23.05.2019 09:28:00.000,6362.997,6367.998,6362.997,6364.998,0.0056
23.05.2019 09:29:00.000,6363.998,6365.998,6362.998,6364.998,0.0042
23.05.2019 09:30:00.000,6364.998,6367.998,6364.997,6365.997,0.0066
23.05.2019 09:31:00.000,6365.998,6369.998,6364.997,6369.998,0.0056
23.05.2019 09:32:00.000,6369.997,6369.998,6367.997,6368.997,0.0031
23.05.2019 09:33:00.000,6368.998,6371.998,6368.997,6370.997,0.0056
23.05.2019 09:34:00.000,6370.998,6371.998,6367.997,6370.998,0.0202
23.05.2019 09:35:00.000,6370.998,6370.998,6368.997,6368.997,0.0122
23.05.2019 09:36:00.000,6368.997,6370.998,6368.997,6370.998,0.0044
23.05.2019 09:37:00.000,6370.997,6370.998,6368.997,6369.997,0.0061
23.05.2019 09:38:00.000,6369.998,6370.998,6369.997,6370.997,0.0029
23.05.2019 09:39:00.000,6370.998,6370.998,6367.997,6368.998,0.0052
23.05.2019 09:40:00.000,6368.998,6369.998,6367.997,6369.998,0.0059
23.05.2019 09:41:00.000,6369.997,6370.998,6368.998,6369.998,0.0073
23.05.2019 09:42:00.000,6369.997,6369.997,6365.998,6366.998,0.0054
23.05.2019 09:43:00.000,6366.998,6367.998,6366.997,6367.998,0.0025
23.05.2019 09:44:00.000,6366.998,6368.998,6366.997,6367.998,0.0045
23.05.2019 09:45:00.000,6367.997,6368.998,6365.997,6368.997,0.0088
23.05.2019 09:46:00.000,6368.998,6372.998,6368.997,6372.998,0.0049
23.05.2019 09:47:00.000,6373.997,6373.997,6369.997,6369.998,0.0054
23.05.2019 09:48:00.000,6369.997,6371.998,6369.997,6369.997,0.0049
23.05.2019 09:49:00.000,6370.998,6370.998,6368.997,6368.998,0.0012
23.05.2019 09:50:00.000,6369.998,6370.998,6367.997,6367.998,0.0081
23.05.2019 09:51:00.000,6369.750,6369.998,6368.997,6368.997,0.0044
23.05.2019 09:52:00.000,6368.998,6370.998,6367.998,6368.998,0.0054
23.05.2019 09:53:00.000,6368.997,6370.998,6367.998,6369.997,0.0085
23.05.2019 09:54:00.000,6369.998,6369.998,6369.997,6369.997,0.0016
23.05.2019 09:55:00.000,6369.998,6373.998,6369.998,6372.998,0.0025
23.05.2019 09:56:00.000,6373.998,6373.998,6369.998,6370.998,0.0056
23.05.2019 09:57:00.000,6370.998,6370.998,6368.997,6368.998,0.0024
23.05.2019 09:58:00.000,6368.998,6370.998,6368.998,6370.998,0.0031
23.05.2019 09:59:00.000,6370.750,6370.750,6368.997,6368.997,0.0026
23.05.2019 10:00:00.000,6369.998,6370.998,6368.997,6369.998,0.0028
23.05.2019 10:01:00.000,6368.997,6369.998,6367.997,6369.997,0.0052
23.05.2019 10:02:00.000,6368.998,6369.998,6361.997,6361.998,0.011
23.05.2019 10:03:00.000,6361.998,6363.998,6361.997,6363.998,0.0022
23.05.2019 10:04:00.000,6363.997,6364.998,6363.997,6363.998,0.0041
23.05.2019 10:05:00.000,6363.997,6363.998,6362.998,6362.998,0.0015
23.05.2019 10:06:00.000,6362.997,6362.998,6360.998,6362.997,0.0042
23.05.2019 10:07:00.000,6362.998,6363.998,6362.997,6363.998,0.0021
23.05.2019 10:08:00.000,6363.997,6364.998,6362.997,6362.997,0.0057
23.05.2019 10:09:00.000,6362.998,6364.998,6361.997,6361.997,0.004
23.05.2019 10:10:00.000,6362.998,6362.998,6357.997,6359.998,0.0078
23.05.2019 10:11:00.000,6359.997,6361.998,6357.998,6361.998,0.0068
23.05.2019 10:12:00.000,6361.997,6361.998,6357.997,6358.998,0.003
23.05.2019 10:13:00.000,6357.997,6358.998,6357.997,6357.998,0.0026
23.05.2019 10:14:00.000,6357.750,6358.998,6355.997,6358.997,0.0038
23.05.2019 10:15:00.000,6358.998,6358.998,6357.998,6358.998,0.0037
23.05.2019 10:16:00.000,6358.997,6359.998,6357.998,6358.998,0.0018
23.05.2019 10:17:00.000,6358.998,6359.998,6357.998,6359.998,0.0055
23.05.2019 10:18:00.000,6358.998,6359.998,6357.997,6357.997,0.003
23.05.2019 10:19:00.000,6358.997,6359.998,6358.997,6359.998,0.0043
23.05.2019 10:20:00.000,6359.997,6359.998,6357.997,6358.998,0.002
23.05.2019 10:21:00.000,6358.998,6358.998,6349.998,6351.997,0.004
23.05.2019 10:22:00.000,6351.998,6354.998,6351.998,6354.998,0.0076
23.05.2019 10:23:00.000,6353.998,6356.998,6353.997,6356.997,0.0069
23.05.2019 10:24:00.000,6356.998,6357.998,6356.998,6357.998,0.0023
23.05.2019 10:25:00.000,6357.997,6358.998,6357.997,6357.998,0.0018
23.05.2019 10:26:00.000,6357.997,6359.998,6355.997,6359.998,0.0056
23.05.2019 10:27:00.000,6359.997,6360.998,6359.997,6359.997,0.0056
23.05.2019 10:28:00.000,6359.998,6359.998,6356.998,6359.998,0.0027
23.05.2019 10:29:00.000,6358.998,6359.998,6357.998,6359.998,0.0024
23.05.2019 10:30:00.000,6359.998,6361.998,6359.997,6360.998,0.0046
23.05.2019 10:31:00.000,6360.998,6360.998,6359.997,6360.998,0.0054
23.05.2019 10:32:00.000,6360.997,6360.998,6360.997,6360.997,0.002
23.05.2019 10:33:00.000,6360.998,6361.998,6360.997,6361.997,0.0058
23.05.2019 10:34:00.000,6361.998,6361.998,6360.997,6361.998,0.0032
23.05.2019 10:35:00.000,6360.998,6364.998,6360.997,6364.998,0.0153
23.05.2019 10:36:00.000,6364.997,6365.998,6363.997,6364.997,0.0037
23.05.2019 10:37:00.000,6364.997,6365.998,6363.997,6365.998,0.0055
23.05.2019 10:38:00.000,6365.998,6365.998,6364.997,6364.998,0.0048
23.05.2019 10:39:00.000,6364.997,6364.998,6363.997,6363.998,0.0029
23.05.2019 10:40:00.000,6364.997,6365.998,6363.997,6363.997,0.0032
23.05.2019 10:41:00.000,6363.998,6364.998,6363.997,6364.998,0.0015
23.05.2019 10:42:00.000,6363.997,6364.998,6363.997,6364.998,0.002
23.05.2019 10:43:00.000,6365.998,6365.998,6365.997,6365.997,0.004
23.05.2019 10:44:00.000,6365.998,6365.998,6364.997,6364.998,0.0018
23.05.2019 10:45:00.000,6365.998,6367.998,6364.998,6367.997,0.0063
23.05.2019 10:46:00.000,6367.997,6367.997,6364.997,6364.998,0.0016
23.05.2019 10:47:00.000,6364.997,6365.998,6361.997,6361.997,0.0055
23.05.2019 10:48:00.000,6362.998,6363.998,6361.997,6362.997,0.0051
23.05.2019 10:49:00.000,6361.998,6361.998,6358.997,6359.998,0.0033
23.05.2019 10:50:00.000,6360.998,6360.998,6360.997,6360.998,0.0056
23.05.2019 10:51:00.000,6360.997,6360.998,6360.997,6360.998,0.0017
23.05.2019 10:52:00.000,6360.997,6360.997,6360.997,6360.997,0.0004
23.05.2019 10:53:00.000,6360.998,6361.998,6360.997,6361.998,0.0049
23.05.2019 10:54:00.000,6361.997,6361.998,6361.997,6361.997,0.0022
23.05.2019 10:55:00.000,6361.998,6362.998,6361.997,6362.998,0.0036
23.05.2019 10:56:00.000,6362.997,6362.998,6362.997,6362.998,0.0054
23.05.2019 10:57:00.000,6363.997,6363.998,6363.997,6363.998,0.0014
23.05.2019 10:58:00.000,6362.997,6363.998,6362.997,6363.998,0.0017
23.05.2019 10:59:00.000,6363.997,6363.998,6360.998,6361.998,0.0033
23.05.2019 11:00:00.000,6361.997,6361.998,6359.997,6359.997,0.0004
23.05.2019 11:02:00.000,6357.998,6364.998,6357.998,6362.998,0.0082
23.05.2019 11:03:00.000,6362.998,6364.997,6362.997,6363.998,0.0074
23.05.2019 11:04:00.000,6363.998,6365.998,6363.997,6365.998,0.0032
23.05.2019 11:05:00.000,6365.997,6365.998,6362.997,6363.998,0.0067
23.05.2019 11:06:00.000,6363.997,6365.998,6362.997,6365.998,0.0051
23.05.2019 11:07:00.000,6365.997,6366.998,6364.998,6366.998,0.0045
23.05.2019 11:08:00.000,6366.997,6366.998,6364.997,6366.998,0.002
23.05.2019 11:09:00.000,6366.997,6367.998,6365.997,6367.998,0.0016
23.05.2019 11:10:00.000,6367.997,6368.998,6362.997,6362.997,0.0056
23.05.2019 11:11:00.000,6363.997,6363.998,6361.997,6363.998,0.0039
23.05.2019 11:12:00.000,6362.998,6364.998,6362.997,6364.998,0.0033
23.05.2019 11:13:00.000,6364.997,6364.998,6363.998,6364.998,0.0012
23.05.2019 11:14:00.000,6364.997,6364.998,6363.997,6364.998,0.0021
23.05.2019 11:15:00.000,6364.998,6364.998,6363.997,6364.998,0.0036
23.05.2019 11:16:00.000,6362.998,6366.998,6362.997,6363.998,0.0084
23.05.2019 11:17:00.000,6362.998,6364.998,6362.998,6364.997,0.0026
23.05.2019 11:18:00.000,6364.997,6364.998,6364.997,6364.997,0.0037
23.05.2019 11:19:00.000,6364.998,6365.998,6364.998,6365.997,0.0014
23.05.2019 11:20:00.000,6365.998,6365.998,6364.997,6365.998,0.0055
23.05.2019 11:21:00.000,6364.997,6365.998,6364.997,6365.998,0.0021
23.05.2019 11:22:00.000,6365.997,6365.998,6364.998,6365.998,0.0019
23.05.2019 11:23:00.000,6365.997,6366.998,6365.997,6365.998,0.0038
23.05.2019 11:24:00.000,6365.997,6365.998,6362.998,6363.998,0.0031
23.05.2019 11:25:00.000,6364.998,6365.998,6364.997,6365.998,0.0018
23.05.2019 11:26:00.000,6364.998,6365.998,6363.997,6365.998,0.0021
23.05.2019 11:27:00.000,6364.998,6364.998,6363.998,6364.997,0.0051
23.05.2019 11:28:00.000,6364.998,6365.998,6364.997,6365.997,0.0023
23.05.2019 11:29:00.000,6365.998,6368.998,6365.997,6368.998,0.0048
23.05.2019 11:30:00.000,6368.997,6368.998,6367.997,6367.997,0.0037
23.05.2019 11:31:00.000,6367.998,6381.997,6367.997,6379.997,0.0066
23.05.2019 11:32:00.000,6379.998,6379.998,6374.997,6374.998,0.005
23.05.2019 11:33:00.000,6374.998,6376.998,6371.998,6376.998,0.0117
23.05.2019 11:34:00.000,6377.998,6377.998,6375.997,6375.997,0.0034
23.05.2019 11:35:00.000,6375.998,6377.998,6375.998,6376.998,0.0008
23.05.2019 11:36:00.000,6377.997,6377.998,6374.997,6374.997,0.0053
23.05.2019 11:37:00.000,6374.998,6375.998,6374.997,6374.998,0.0048
23.05.2019 11:38:00.000,6375.998,6375.998,6374.998,6375.997,0.0039
23.05.2019 11:39:00.000,6376.998,6378.998,6376.997,6377.998,0.0016
23.05.2019 11:40:00.000,6377.997,6379.998,6377.997,6379.997,0.0029
23.05.2019 11:41:00.000,6379.998,6379.998,6377.997,6377.997,0.0017
23.05.2019 11:42:00.000,6377.998,6378.998,6373.997,6373.997,0.0064
23.05.2019 11:43:00.000,6374.998,6376.998,6373.997,6374.998,0.0048
23.05.2019 11:44:00.000,6373.997,6377.998,6373.997,6377.998,0.0029
23.05.2019 11:45:00.000,6376.998,6377.998,6375.997,6375.997,0.0019
23.05.2019 11:46:00.000,6376.997,6379.998,6375.997,6377.998,0.0085
23.05.2019 11:47:00.000,6377.997,6378.998,6377.997,6378.998,0.0008
23.05.2019 11:48:00.000,6378.997,6378.998,6378.997,6378.997,0.001
23.05.2019 11:49:00.000,6378.998,6378.998,6376.997,6376.998,0.0008
23.05.2019 11:50:00.000,6377.998,6378.998,6377.997,6378.998,0.003
23.05.2019 11:51:00.000,6378.997,6379.998,6378.997,6379.998,0.0004
23.05.2019 11:52:00.000,6379.997,6379.998,6377.997,6377.998,0.0064
23.05.2019 11:53:00.000,6378.998,6380.998,6377.997,6380.997,0.0032
23.05.2019 11:54:00.000,6380.998,6380.998,6377.997,6377.997,0.0037
23.05.2019 11:55:00.000,6377.998,6378.998,6377.997,6377.998,0.0038
23.05.2019 11:56:00.000,6377.997,6378.998,6376.997,6376.998,0.0044
23.05.2019 11:57:00.000,6376.997,6376.997,6374.998,6375.998,0.0005
23.05.2019 11:58:00.000,6375.997,6375.997,6370.998,6370.998,0.0022
23.05.2019 11:59:00.000,6370.997,6375.998,6370.997,6373.998,0.007
23.05.2019 12:00:00.000,6373.997,6374.998,6372.998,6373.997,0.0056
23.05.2019 12:01:00.000,6374.997,6375.998,6374.997,6375.997,0.0036
23.05.2019 12:02:00.000,6375.750,6375.750,6373.997,6373.998,0.0044
23.05.2019 12:03:00.000,6373.997,6373.998,6372.997,6373.998,0.0016
23.05.2019 12:04:00.000,6373.997,6373.997,6370.997,6370.998,0.0068
23.05.2019 12:05:00.000,6371.998,6372.998,6370.997,6371.998,0.001
23.05.2019 12:06:00.000,6371.997,6373.998,6371.997,6371.998,0.0075
23.05.2019 12:07:00.000,6371.997,6371.998,6370.997,6371.998,0.0029
23.05.2019 12:08:00.000,6371.997,6372.998,6371.997,6371.998,0.0029
23.05.2019 12:09:00.000,6371.998,6372.998,6371.997,6371.998,0.0012
23.05.2019 12:10:00.000,6372.997,6372.997,6371.998,6371.998,0.0003
23.05.2019 12:11:00.000,6371.997,6371.998,6371.997,6371.998,0.0005
23.05.2019 12:12:00.000,6371.997,6372.998,6370.997,6370.998,0.0022
23.05.2019 12:13:00.000,6370.997,6371.998,6369.997,6369.998,0.005
23.05.2019 12:14:00.000,6369.997,6371.998,6369.997,6371.998,0.0071
23.05.2019 12:15:00.000,6371.997,6371.998,6369.998,6369.998,0.0055
23.05.2019 12:16:00.000,6369.998,6369.998,6364.998,6364.998,0.0026
23.05.2019 12:17:00.000,6364.997,6365.998,6364.997,6365.998,0.0019
23.05.2019 12:18:00.000,6366.998,6369.998,6366.998,6367.997,0.0035
23.05.2019 12:19:00.000,6367.998,6369.998,6367.997,6369.998,0.002
23.05.2019 12:20:00.000,6369.997,6370.998,6369.997,6370.998,0.0042
23.05.2019 12:21:00.000,6370.997,6370.998,6367.997,6368.998,0.0051
23.05.2019 12:22:00.000,6368.997,6371.998,6368.997,6371.998,0.0059
23.05.2019 12:23:00.000,6371.997,6372.998,6370.997,6370.997,0.0069
23.05.2019 12:24:00.000,6371.997,6372.998,6371.997,6372.998,0.0053
23.05.2019 12:25:00.000,6372.998,6372.998,6371.997,6372.997,0.0066
23.05.2019 12:26:00.000,6372.998,6372.998,6371.997,6371.997,0.0016
23.05.2019 12:27:00.000,6371.998,6372.998,6370.997,6372.998,0.0073
23.05.2019 12:28:00.000,6372.997,6372.998,6371.997,6371.997,0.0065
23.05.2019 12:29:00.000,6371.998,6373.998,6371.997,6372.998,0.0024
23.05.2019 12:30:00.000,6372.997,6372.998,6370.998,6371.997,0.0041
23.05.2019 12:31:00.000,6371.998,6371.998,6367.997,6367.998,0.0044
23.05.2019 12:32:00.000,6366.997,6366.998,6363.997,6363.997,0.0028
23.05.2019 12:33:00.000,6363.998,6366.998,6363.997,6365.998,0.0053
23.05.2019 12:34:00.000,6365.997,6369.998,6365.997,6367.998,0.0047
23.05.2019 12:35:00.000,6368.998,6371.998,6367.997,6368.998,0.0052
23.05.2019 12:36:00.000,6368.997,6375.998,6368.997,6375.998,0.0072
23.05.2019 12:37:00.000,6376.998,6376.998,6372.997,6372.997,0.0073
23.05.2019 12:38:00.000,6372.998,6375.998,6372.998,6373.998,0.0043
23.05.2019 12:39:00.000,6374.997,6375.998,6373.997,6374.998,0.0049
23.05.2019 12:40:00.000,6375.997,6377.998,6374.997,6376.998,0.0038
23.05.2019 12:41:00.000,6377.998,6377.998,6377.997,6377.998,0.0029
23.05.2019 12:42:00.000,6376.997,6378.998,6376.997,6377.998,0.009
23.05.2019 12:43:00.000,6377.997,6378.998,6377.997,6378.998,0.0014
23.05.2019 12:44:00.000,6378.997,6379.998,6377.997,6377.998,0.0065
23.05.2019 12:45:00.000,6377.997,6378.998,6377.997,6378.998,0.0057
23.05.2019 12:46:00.000,6378.997,6378.998,6377.998,6377.998,0.0014
23.05.2019 12:47:00.000,6378.998,6383.998,6377.998,6381.997,0.0073
23.05.2019 12:48:00.000,6381.998,6384.998,6381.997,6384.998,0.0047
23.05.2019 12:49:00.000,6384.998,6384.998,6383.997,6383.998,0.0094
23.05.2019 12:50:00.000,6383.997,6387.998,6383.997,6386.997,0.0047
23.05.2019 12:51:00.000,6386.998,6387.998,6385.997,6386.998,0.004
23.05.2019 12:52:00.000,6387.997,6387.998,6384.997,6385.998,0.0041
23.05.2019 12:53:00.000,6385.998,6387.998,6385.997,6385.998,0.0054
23.05.2019 12:54:00.000,6385.997,6387.998,6385.997,6386.998,0.0046
23.05.2019 12:55:00.000,6386.997,6386.998,6385.997,6385.998,0.0037
23.05.2019 12:56:00.000,6385.998,6387.998,6385.997,6385.997,0.0045
23.05.2019 12:57:00.000,6386.998,6387.997,6386.997,6386.998,0.004
23.05.2019 12:58:00.000,6386.997,6386.998,6385.997,6386.998,0.003
23.05.2019 12:59:00.000,6386.997,6386.998,6383.997,6383.998,0.0043
23.05.2019 13:00:00.000,6384.998,6384.998,6381.997,6381.997,0.0062
23.05.2019 13:01:00.000,6381.998,6381.998,6374.998,6374.998,0.0036
23.05.2019 13:02:00.000,6374.998,6374.998,6370.997,6373.998,0.0039
23.05.2019 13:03:00.000,6373.997,6374.997,6371.997,6372.998,0.0075
23.05.2019 13:04:00.000,6372.997,6372.998,6372.997,6372.998,0.0006
23.05.2019 13:05:00.000,6372.997,6372.998,6370.998,6371.998,0.0033
23.05.2019 13:06:00.000,6371.998,6374.998,6370.998,6374.998,0.0028
23.05.2019 13:07:00.000,6374.997,6374.998,6371.998,6373.998,0.0032
23.05.2019 13:08:00.000,6373.997,6375.998,6371.997,6375.998,0.004
23.05.2019 13:09:00.000,6375.998,6377.998,6375.997,6377.998,0.005
23.05.2019 13:10:00.000,6376.997,6378.998,6376.997,6377.997,0.0059
23.05.2019 13:11:00.000,6376.998,6380.998,6376.998,6380.998,0.0074
23.05.2019 13:12:00.000,6380.997,6382.998,6380.997,6382.997,0.0039
23.05.2019 13:13:00.000,6382.998,6383.998,6382.997,6382.998,0.0027
23.05.2019 13:14:00.000,6382.997,6384.998,6382.997,6384.998,0.0061
23.05.2019 13:15:00.000,6384.997,6385.998,6383.998,6383.998,0.0056
23.05.2019 13:16:00.000,6383.997,6383.998,6382.997,6382.998,0.003
23.05.2019 13:17:00.000,6382.997,6382.998,6381.997,6382.998,0.0027
23.05.2019 13:18:00.000,6382.997,6385.998,6382.997,6385.997,0.0103
23.05.2019 13:19:00.000,6386.998,6387.998,6386.997,6387.998,0.0039
23.05.2019 13:20:00.000,6387.997,6391.998,6387.997,6391.998,0.003
23.05.2019 13:21:00.000,6391.997,6393.998,6391.997,6393.997,0.003
23.05.2019 13:22:00.000,6394.998,6395.998,6394.997,6394.997,0.0027
23.05.2019 13:23:00.000,6394.998,6394.998,6390.998,6390.998,0.004
23.05.2019 13:24:00.000,6390.998,6391.998,6390.997,6391.998,0.0041
23.05.2019 13:25:00.000,6393.750,6394.998,6393.750,6393.998,0.0028
23.05.2019 13:26:00.000,6394.998,6396.998,6394.997,6395.998,0.0035
23.05.2019 13:27:00.000,6396.998,6396.998,6395.997,6396.998,0.0018
23.05.2019 13:28:00.000,6395.998,6398.998,6395.998,6396.998,0.0059
23.05.2019 13:29:00.000,6397.997,6398.998,6394.997,6394.998,0.0079
23.05.2019 13:30:00.000,6394.997,6394.998,6389.997,6389.998,0.0106
23.05.2019 13:31:00.000,6389.998,6393.998,6388.998,6392.997,0.0084
23.05.2019 13:32:00.000,6391.997,6394.998,6391.997,6394.998,0.0081
23.05.2019 13:33:00.000,6394.997,6394.998,6390.997,6390.998,0.0079
23.05.2019 13:34:00.000,6390.998,6392.998,6387.997,6391.998,0.0128
23.05.2019 13:35:00.000,6392.997,6392.998,6388.997,6388.998,0.005
23.05.2019 13:36:00.000,6387.998,6389.998,6384.997,6386.998,0.0057
23.05.2019 13:37:00.000,6386.997,6389.997,6386.997,6387.997,0.0053
23.05.2019 13:38:00.000,6387.998,6387.998,6384.998,6385.998,0.0025
23.05.2019 13:39:00.000,6385.997,6385.998,6381.997,6384.998,0.0047
23.05.2019 13:40:00.000,6384.997,6386.998,6381.997,6381.998,0.0127
23.05.2019 13:41:00.000,6381.997,6382.998,6379.997,6380.997,0.006
23.05.2019 13:42:00.000,6380.998,6381.998,6379.997,6379.998,0.0054
23.05.2019 13:43:00.000,6379.997,6381.998,6377.998,6380.998,0.0055
23.05.2019 13:44:00.000,6381.998,6384.998,6381.998,6383.998,0.0046
23.05.2019 13:45:00.000,6384.997,6384.998,6382.997,6382.997,0.0146
23.05.2019 13:46:00.000,6382.997,6382.998,6376.997,6376.998,0.0134
23.05.2019 13:47:00.000,6376.997,6380.998,6376.997,6380.998,0.0067
23.05.2019 13:48:00.000,6380.998,6383.998,6380.997,6383.997,0.0086
23.05.2019 13:49:00.000,6383.998,6384.998,6381.998,6382.997,0.0101
23.05.2019 13:50:00.000,6382.998,6383.998,6378.997,6378.998,0.0143
23.05.2019 13:51:00.000,6378.998,6378.998,6375.998,6376.998,0.0087
23.05.2019 13:52:00.000,6376.997,6379.998,6376.997,6378.998,0.0071
23.05.2019 13:53:00.000,6378.998,6378.998,6375.997,6377.998,0.0122
23.05.2019 13:54:00.000,6377.997,6378.997,6374.997,6375.998,0.0072
23.05.2019 13:55:00.000,6375.997,6375.998,6372.998,6374.997,0.0047
23.05.2019 13:56:00.000,6375.997,6375.998,6373.997,6374.997,0.0063
23.05.2019 13:57:00.000,6374.998,6376.998,6374.997,6376.998,0.0053
23.05.2019 13:58:00.000,6377.998,6379.998,6377.997,6379.998,0.0172
23.05.2019 13:59:00.000,6380.997,6380.997,6378.997,6379.998,0.0111
23.05.2019 14:00:00.000,6379.997,6381.998,6375.998,6379.998,0.017
23.05.2019 14:01:00.000,6379.998,6381.998,6379.997,6380.998,0.0106
23.05.2019 14:02:00.000,6380.997,6393.998,6380.997,6391.998,0.0253
23.05.2019 14:03:00.000,6391.997,6395.998,6391.997,6395.997,0.0112
23.05.2019 14:04:00.000,6395.998,6397.998,6390.998,6391.997,0.0118
23.05.2019 14:05:00.000,6391.998,6391.998,6389.997,6390.998,0.0029
23.05.2019 14:06:00.000,6390.997,6391.998,6387.997,6388.998,0.0048
23.05.2019 14:07:00.000,6389.997,6392.997,6388.998,6389.998,0.0042
23.05.2019 14:08:00.000,6389.997,6392.998,6387.998,6392.998,0.0048
23.05.2019 14:09:00.000,6393.998,6398.998,6393.998,6397.998,0.0094
23.05.2019 14:10:00.000,6397.997,6399.998,6395.998,6398.997,0.0071
23.05.2019 14:11:00.000,6398.998,6400.998,6398.997,6400.998,0.0031
23.05.2019 14:12:00.000,6400.997,6407.998,6400.997,6407.997,0.0077
23.05.2019 14:13:00.000,6408.998,6408.998,6403.998,6405.997,0.0063
23.05.2019 14:14:00.000,6405.998,6407.998,6402.998,6402.998,0.017
23.05.2019 14:15:00.000,6403.997,6407.998,6402.998,6404.998,0.01
23.05.2019 14:16:00.000,6403.997,6403.998,6400.998,6400.998,0.005
23.05.2019 14:17:00.000,6400.997,6400.998,6395.997,6395.998,0.0033
23.05.2019 14:18:00.000,6395.998,6400.998,6394.997,6395.998,0.0098
23.05.2019 14:19:00.000,6396.998,6400.998,6396.997,6399.997,0.0079
23.05.2019 14:20:00.000,6399.998,6401.998,6399.997,6400.998,0.0063
23.05.2019 14:21:00.000,6400.997,6405.998,6400.997,6403.998,0.0094
23.05.2019 14:22:00.000,6403.997,6405.998,6402.997,6403.998,0.0079
23.05.2019 14:23:00.000,6404.997,6404.997,6400.997,6401.997,0.0079
23.05.2019 14:24:00.000,6401.998,6403.998,6401.997,6401.997,0.0047
23.05.2019 14:25:00.000,6401.998,6403.998,6399.998,6400.998,0.004
23.05.2019 14:26:00.000,6400.998,6401.998,6400.998,6401.998,0.0024
23.05.2019 14:27:00.000,6401.997,6410.997,6401.997,6409.998,0.0121
23.05.2019 14:28:00.000,6409.997,6415.998,6408.997,6414.997,0.0085
23.05.2019 14:29:00.000,6415.997,6419.998,6415.997,6419.997,0.016
23.05.2019 14:30:00.000,6419.998,6423.998,6418.998,6419.998,0.0088
23.05.2019 14:31:00.000,6420.998,6421.998,6419.997,6420.998,0.0065
23.05.2019 14:32:00.000,6421.998,6422.998,6420.997,6421.998,0.0094
23.05.2019 14:33:00.000,6421.997,6425.998,6421.997,6422.998,0.0075
23.05.2019 14:34:00.000,6422.998,6424.998,6421.998,6423.998,0.0088
23.05.2019 14:35:00.000,6424.997,6424.998,6422.997,6423.998,0.0043
23.05.2019 14:36:00.000,6422.998,6422.998,6419.997,6420.998,0.0038
23.05.2019 14:37:00.000,6421.997,6422.998,6420.997,6421.998,0.0038
23.05.2019 14:38:00.000,6423.998,6425.997,6422.997,6423.997,0.0022
23.05.2019 14:39:00.000,6423.998,6426.998,6423.997,6425.998,0.0039
23.05.2019 14:40:00.000,6425.997,6428.998,6425.997,6428.998,0.0047
23.05.2019 14:41:00.000,6427.998,6429.998,6427.997,6429.998,0.0042
23.05.2019 14:42:00.000,6429.998,6430.998,6427.997,6428.998,0.0076
23.05.2019 14:43:00.000,6428.998,6428.998,6428.997,6428.997,0.0015
23.05.2019 14:44:00.000,6428.998,6429.998,6421.998,6423.998,0.0077
23.05.2019 14:45:00.000,6423.997,6425.998,6423.997,6425.998,0.005
23.05.2019 14:46:00.000,6425.997,6426.998,6421.998,6421.998,0.0048
23.05.2019 14:47:00.000,6422.997,6422.998,6419.997,6421.998,0.0056
23.05.2019 14:48:00.000,6421.997,6421.997,6417.997,6417.997,0.0054
23.05.2019 14:49:00.000,6417.997,6418.998,6414.998,6416.998,0.0056
23.05.2019 14:50:00.000,6416.997,6418.998,6415.997,6416.998,0.005
23.05.2019 14:51:00.000,6415.998,6416.998,6412.997,6416.997,0.0119
23.05.2019 14:52:00.000,6417.997,6417.998,6412.998,6414.997,0.0069
23.05.2019 14:53:00.000,6414.998,6415.998,6410.998,6410.998,0.0044
23.05.2019 14:54:00.000,6410.997,6410.998,6408.997,6408.997,0.0068
23.05.2019 14:55:00.000,6408.998,6411.998,6406.997,6411.997,0.0098
23.05.2019 14:56:00.000,6411.998,6411.998,6408.997,6408.998,0.0107
23.05.2019 14:57:00.000,6408.997,6408.998,6406.998,6407.998,0.0055
23.05.2019 14:58:00.000,6407.997,6407.998,6404.998,6405.998,0.0019
23.05.2019 14:59:00.000,6405.997,6405.998,6401.998,6403.998,0.0077
23.05.2019 15:00:00.000,6404.997,6407.998,6402.998,6407.998,0.0078
23.05.2019 15:01:00.000,6407.998,6407.998,6404.997,6405.998,0.0089
23.05.2019 15:02:00.000,6404.998,6407.998,6404.997,6407.998,0.0125
23.05.2019 15:03:00.000,6407.997,6407.998,6404.997,6405.998,0.0047
23.05.2019 15:04:00.000,6405.997,6405.997,6401.998,6402.997,0.0046
23.05.2019 15:05:00.000,6402.998,6402.998,6399.998,6401.998,0.0065
23.05.2019 15:06:00.000,6401.997,6401.998,6400.997,6400.998,0.0085
23.05.2019 15:07:00.000,6400.997,6404.998,6400.997,6403.998,0.0105
23.05.2019 15:08:00.000,6403.997,6406.998,6403.997,6405.998,0.0107
23.05.2019 15:09:00.000,6405.997,6405.998,6402.998,6403.998,0.0083
23.05.2019 15:10:00.000,6403.997,6403.998,6400.998,6402.998,0.0091
23.05.2019 15:11:00.000,6402.998,6405.998,6402.998,6404.997,0.0113
23.05.2019 15:12:00.000,6404.998,6404.998,6402.997,6403.998,0.0071
23.05.2019 15:13:00.000,6403.997,6403.998,6400.997,6401.997,0.0038
23.05.2019 15:14:00.000,6401.998,6403.998,6401.997,6402.998,0.0065
23.05.2019 15:15:00.000,6402.997,6405.998,6402.997,6404.998,0.0162
23.05.2019 15:16:00.000,6404.998,6404.998,6404.997,6404.997,0.0037
23.05.2019 15:17:00.000,6404.998,6404.998,6401.998,6403.998,0.0046
23.05.2019 15:18:00.000,6402.998,6403.997,6402.997,6402.997,0.0058
23.05.2019 15:19:00.000,6402.998,6404.998,6402.997,6404.997,0.02
23.05.2019 15:20:00.000,6404.998,6407.998,6404.997,6404.998,0.0217
23.05.2019 15:21:00.000,6404.997,6407.998,6404.997,6406.998,0.0094
23.05.2019 15:22:00.000,6406.997,6406.998,6404.997,6404.997,0.0085
23.05.2019 15:23:00.000,6405.997,6405.998,6402.997,6402.997,0.0054
23.05.2019 15:24:00.000,6402.998,6402.998,6399.997,6400.998,0.006
23.05.2019 15:25:00.000,6401.997,6403.998,6400.997,6403.998,0.0094
23.05.2019 15:26:00.000,6403.997,6404.998,6403.997,6403.998,0.016
23.05.2019 15:27:00.000,6403.997,6406.998,6403.997,6405.998,0.0091
23.05.2019 15:28:00.000,6405.997,6405.998,6402.997,6402.998,0.0082
23.05.2019 15:29:00.000,6401.998,6403.998,6398.997,6400.997,0.0214
24.05.2019 07:00:00.000,6423.998,6423.998,6423.998,6423.998,0.0002
24.05.2019 07:01:00.000,6423.998,6423.998,6416.998,6417.998,0.0004
24.05.2019 07:02:00.000,6418.998,6424.998,6418.997,6424.998,0.0004
24.05.2019 07:03:00.000,6424.998,6425.998,6422.997,6425.997,0.0007
24.05.2019 07:04:00.000,6425.998,6428.998,6425.997,6428.998,0.0014
24.05.2019 07:05:00.000,6428.998,6428.998,6416.997,6417.998,0.0023
24.05.2019 07:06:00.000,6415.998,6417.998,6400.998,6400.998,0.0025
24.05.2019 07:07:00.000,6400.998,6405.998,6394.998,6405.998,0.0027
24.05.2019 07:08:00.000,6400.997,6407.998,6400.997,6407.998,0.0017
24.05.2019 07:09:00.000,6404.998,6405.998,6397.997,6400.997,0.0084
24.05.2019 07:10:00.000,6400.998,6407.998,6400.997,6405.997,0.0035
24.05.2019 07:11:00.000,6407.998,6418.998,6406.997,6413.997,0.0039
24.05.2019 07:12:00.000,6413.998,6421.998,6413.997,6421.998,0.0048
24.05.2019 07:13:00.000,6421.997,6425.998,6419.997,6424.998,0.0026
24.05.2019 07:14:00.000,6425.997,6426.998,6423.997,6425.998,0.0016
24.05.2019 07:15:00.000,6427.998,6427.998,6425.997,6426.997,0.0029
24.05.2019 07:16:00.000,6426.998,6433.998,6426.998,6429.998,0.0026
24.05.2019 07:17:00.000,6429.997,6433.998,6427.997,6432.998,0.0014
24.05.2019 07:18:00.000,6432.998,6435.998,6432.998,6434.998,0.0008
24.05.2019 07:19:00.000,6435.997,6441.998,6431.997,6440.998,0.004
24.05.2019 07:20:00.000,6440.998,6445.998,6440.998,6444.998,0.0017
24.05.2019 07:21:00.000,6444.998,6445.998,6442.997,6442.997,0.0008
24.05.2019 07:22:00.000,6441.997,6443.998,6439.998,6439.998,0.0019
24.05.2019 07:23:00.000,6439.750,6441.998,6437.998,6441.997,0.0021
24.05.2019 07:24:00.000,6440.998,6440.998,6430.997,6430.998,0.001
24.05.2019 07:25:00.000,6430.998,6432.997,6424.997,6426.998,0.0026
24.05.2019 07:26:00.000,6426.998,6426.998,6421.997,6421.997,0.0012
24.05.2019 07:27:00.000,6421.998,6426.998,6421.998,6426.998,0.0035
24.05.2019 07:28:00.000,6426.997,6428.998,6425.997,6425.998,0.0018
24.05.2019 07:29:00.000,6426.998,6426.998,6423.997,6424.998,0.0026
24.05.2019 07:30:00.000,6423.998,6423.998,6416.997,6417.998,0.0033
24.05.2019 07:31:00.000,6418.998,6424.998,6418.997,6420.997,0.0029
24.05.2019 07:32:00.000,6420.998,6421.998,6417.998,6420.998,0.0065
24.05.2019 07:33:00.000,6420.998,6420.998,6416.997,6416.997,0.0008
24.05.2019 07:34:00.000,6416.997,6416.998,6409.997,6416.998,0.0067
24.05.2019 07:35:00.000,6416.997,6416.998,6409.997,6411.997,0.0032
24.05.2019 07:36:00.000,6411.998,6413.998,6410.997,6413.998,0.0033
24.05.2019 07:37:00.000,6412.998,6416.998,6412.998,6414.998,0.004
24.05.2019 07:38:00.000,6413.998,6415.998,6413.997,6414.997,0.0026
24.05.2019 07:39:00.000,6414.998,6418.998,6411.998,6416.997,0.0042
24.05.2019 07:40:00.000,6416.998,6420.998,6416.997,6418.998,0.0028
24.05.2019 07:41:00.000,6418.997,6420.998,6417.997,6420.997,0.0078
24.05.2019 07:42:00.000,6420.998,6424.998,6420.998,6422.998,0.0056
24.05.2019 07:43:00.000,6422.997,6422.998,6421.997,6421.998,0.0047
24.05.2019 07:44:00.000,6421.997,6423.998,6421.997,6423.998,0.0017
24.05.2019 07:45:00.000,6423.997,6430.998,6423.997,6429.997,0.004
24.05.2019 07:46:00.000,6429.998,6432.998,6429.997,6431.998,0.0021
24.05.2019 07:47:00.000,6431.997,6437.998,6430.998,6437.998,0.0039
24.05.2019 07:48:00.000,6437.997,6437.998,6433.997,6437.998,0.0043
24.05.2019 07:49:00.000,6437.997,6437.997,6430.997,6431.998,0.0039
24.05.2019 07:50:00.000,6430.998,6433.998,6430.997,6430.997,0.0063
24.05.2019 07:51:00.000,6430.997,6431.997,6426.997,6426.998,0.0024
24.05.2019 07:52:00.000,6426.998,6427.998,6426.997,6426.997,0.0019
24.05.2019 07:53:00.000,6426.998,6430.998,6426.997,6428.998,0.0037
24.05.2019 07:54:00.000,6428.998,6430.998,6423.997,6423.997,0.0035
24.05.2019 07:55:00.000,6423.998,6424.998,6418.997,6418.997,0.0009
24.05.2019 07:56:00.000,6418.998,6421.998,6417.998,6421.998,0.0047
24.05.2019 07:57:00.000,6421.998,6421.998,6416.997,6418.997,0.0019
24.05.2019 07:58:00.000,6418.998,6426.998,6416.998,6426.997,0.0075
24.05.2019 07:59:00.000,6425.998,6425.998,6419.997,6420.998,0.0046
24.05.2019 08:00:00.000,6421.997,6423.998,6420.997,6421.998,0.0027
24.05.2019 08:01:00.000,6420.998,6424.998,6420.997,6422.998,0.0039
24.05.2019 08:02:00.000,6424.997,6425.998,6422.997,6422.998,0.0047
24.05.2019 08:03:00.000,6422.997,6430.998,6422.997,6429.998,0.0081
24.05.2019 08:04:00.000,6428.998,6430.998,6423.997,6423.998,0.0048
24.05.2019 08:05:00.000,6423.998,6424.998,6421.997,6424.998,0.006
24.05.2019 08:06:00.000,6423.998,6429.998,6423.998,6429.998,0.0072
24.05.2019 08:07:00.000,6430.998,6430.998,6428.997,6429.998,0.0019
24.05.2019 08:08:00.000,6430.997,6433.998,6428.998,6431.998,0.0039
24.05.2019 08:09:00.000,6433.998,6433.998,6432.997,6432.998,0.0028
24.05.2019 08:10:00.000,6431.998,6435.998,6431.998,6435.997,0.0037
24.05.2019 08:11:00.000,6435.998,6438.998,6435.998,6438.998,0.0038
24.05.2019 08:12:00.000,6438.998,6440.998,6435.998,6436.998,0.0045
24.05.2019 08:13:00.000,6437.998,6439.998,6437.997,6437.998,0.0022
24.05.2019 08:14:00.000,6437.997,6437.998,6435.997,6435.998,0.0022
24.05.2019 08:15:00.000,6434.998,6438.998,6433.998,6437.997,0.0062
24.05.2019 08:16:00.000,6436.998,6438.997,6435.997,6435.997,0.0048
24.05.2019 08:17:00.000,6435.998,6437.998,6435.997,6437.998,0.0012
24.05.2019 08:18:00.000,6437.998,6441.998,6437.997,6441.997,0.0049
24.05.2019 08:19:00.000,6440.998,6441.998,6440.998,6441.998,0.0011
24.05.2019 08:20:00.000,6440.997,6444.998,6438.997,6444.998,0.0034
24.05.2019 08:21:00.000,6446.750,6446.998,6445.997,6446.998,0.0038
24.05.2019 08:22:00.000,6446.998,6446.998,6440.997,6440.997,0.0032
24.05.2019 08:23:00.000,6440.997,6440.998,6432.998,6433.998,0.0042
24.05.2019 08:24:00.000,6434.997,6435.998,6433.997,6435.998,0.0016
24.05.2019 08:25:00.000,6435.997,6435.998,6433.997,6435.750,0.0018
24.05.2019 08:26:00.000,6433.997,6433.998,6432.998,6432.998,0.0004
24.05.2019 08:27:00.000,6433.997,6433.998,6432.997,6433.998,0.0018
24.05.2019 08:28:00.000,6434.998,6434.998,6431.997,6431.998,0.0014
24.05.2019 08:29:00.000,6431.998,6431.998,6429.997,6430.998,0.002
24.05.2019 08:30:00.000,6430.997,6433.998,6430.997,6432.998,0.0037
24.05.2019 08:31:00.000,6432.998,6433.998,6430.997,6431.998,0.0022
24.05.2019 08:32:00.000,6431.997,6437.997,6430.998,6435.998,0.0068
24.05.2019 08:33:00.000,6435.997,6438.998,6435.997,6437.997,0.0075
24.05.2019 08:34:00.000,6437.998,6439.998,6435.997,6435.998,0.0083
24.05.2019 08:35:00.000,6436.997,6438.997,6433.997,6437.998,0.0082
24.05.2019 08:36:00.000,6437.997,6438.998,6437.997,6437.998,0.0038
24.05.2019 08:37:00.000,6437.997,6437.997,6433.997,6433.997,0.004
24.05.2019 08:38:00.000,6433.998,6433.998,6426.998,6426.998,0.0042
24.05.2019 08:39:00.000,6427.998,6427.998,6422.998,6423.998,0.0061
24.05.2019 08:40:00.000,6423.997,6430.997,6423.997,6429.997,0.0078
24.05.2019 08:41:00.000,6429.997,6431.998,6428.997,6431.998,0.0039
24.05.2019 08:42:00.000,6431.997,6431.997,6429.997,6430.998,0.0036
24.05.2019 08:43:00.000,6430.997,6430.998,6430.997,6430.998,0.0009
24.05.2019 08:44:00.000,6430.997,6432.998,6430.997,6432.998,0.0012
24.05.2019 08:45:00.000,6433.998,6433.998,6431.997,6432.998,0.0013
24.05.2019 08:46:00.000,6431.998,6432.998,6431.997,6431.997,0.0013
24.05.2019 08:47:00.000,6432.997,6432.997,6427.997,6427.997,0.0044
24.05.2019 08:48:00.000,6428.998,6429.998,6427.997,6427.998,0.0036
24.05.2019 08:49:00.000,6427.997,6427.997,6425.997,6425.998,0.0022
24.05.2019 08:50:00.000,6425.997,6427.998,6425.997,6425.998,0.0036
24.05.2019 08:51:00.000,6425.998,6428.998,6425.997,6427.998,0.004
24.05.2019 08:52:00.000,6427.997,6428.998,6427.997,6427.998,0.0014
24.05.2019 08:53:00.000,6427.998,6427.998,6419.998,6420.998,0.0027
24.05.2019 08:54:00.000,6420.997,6420.997,6411.997,6411.998,0.0032
24.05.2019 08:55:00.000,6412.998,6417.998,6412.998,6416.998,0.004
24.05.2019 08:56:00.000,6416.997,6417.998,6415.997,6416.997,0.0009
24.05.2019 08:57:00.000,6416.998,6420.998,6415.998,6418.998,0.0039
24.05.2019 08:58:00.000,6418.997,6420.998,6418.997,6420.997,0.0029
24.05.2019 08:59:00.000,6419.998,6419.998,6418.997,6419.997,0.0058
24.05.2019 09:00:00.000,6419.997,6421.998,6419.997,6421.998,0.0021
24.05.2019 09:01:00.000,6421.998,6423.997,6419.997,6419.998,0.0058
24.05.2019 09:02:00.000,6419.998,6419.998,6412.998,6413.998,0.0033
24.05.2019 09:03:00.000,6412.998,6413.998,6412.997,6412.998,0.0038
24.05.2019 09:04:00.000,6412.997,6413.998,6410.998,6410.998,0.0046
24.05.2019 09:05:00.000,6410.997,6411.998,6404.997,6404.997,0.0042
24.05.2019 09:06:00.000,6403.997,6405.997,6397.997,6397.998,0.0064
24.05.2019 09:07:00.000,6397.997,6398.998,6392.998,6393.997,0.005
24.05.2019 09:08:00.000,6393.997,6393.997,6382.998,6383.998,0.006
24.05.2019 09:09:00.000,6383.997,6387.997,6379.998,6385.997,0.0056
24.05.2019 09:10:00.000,6386.998,6395.998,6385.998,6395.998,0.0045
24.05.2019 09:11:00.000,6395.997,6399.998,6395.997,6397.998,0.0035
24.05.2019 09:12:00.000,6398.997,6398.998,6388.997,6391.998,0.0052
24.05.2019 09:13:00.000,6392.998,6399.998,6392.998,6399.998,0.0041
24.05.2019 09:14:00.000,6399.998,6402.998,6397.998,6401.997,0.0021
24.05.2019 09:15:00.000,6401.998,6404.998,6400.998,6404.998,0.0017
24.05.2019 09:16:00.000,6404.997,6407.998,6403.998,6407.998,0.002
24.05.2019 09:17:00.000,6405.998,6407.998,6404.997,6404.997,0.0017
24.05.2019 09:18:00.000,6404.998,6406.997,6404.997,6405.997,0.0049
24.05.2019 09:19:00.000,6405.998,6408.997,6405.998,6407.997,0.0035
24.05.2019 09:20:00.000,6408.998,6408.998,6397.998,6397.998,0.004
24.05.2019 09:21:00.000,6397.998,6399.998,6396.997,6399.998,0.0066
24.05.2019 09:22:00.000,6398.998,6400.998,6397.998,6399.998,0.0045
24.05.2019 09:23:00.000,6400.998,6401.998,6397.997,6400.998,0.0035
24.05.2019 09:24:00.000,6401.998,6401.998,6400.997,6401.997,0.0021
24.05.2019 09:25:00.000,6401.998,6405.998,6400.998,6400.998,0.003
24.05.2019 09:26:00.000,6400.997,6402.998,6400.997,6402.998,0.0019
24.05.2019 09:27:00.000,6402.997,6403.998,6399.998,6399.998,0.0027
24.05.2019 09:28:00.000,6401.998,6403.998,6400.998,6403.998,0.0039
24.05.2019 09:29:00.000,6401.998,6405.998,6401.997,6404.997,0.002
24.05.2019 09:30:00.000,6405.997,6405.998,6402.997,6402.998,0.0011
24.05.2019 09:31:00.000,6402.997,6402.997,6399.997,6399.997,0.0018
24.05.2019 09:32:00.000,6399.998,6401.998,6397.998,6401.998,0.0025
24.05.2019 09:33:00.000,6401.997,6401.998,6400.998,6401.998,0.0006
24.05.2019 09:34:00.000,6401.998,6401.998,6400.997,6401.997,0.0006
24.05.2019 09:35:00.000,6401.998,6403.998,6401.997,6403.998,0.0018
24.05.2019 09:36:00.000,6404.998,6405.998,6403.998,6404.997,0.002
24.05.2019 09:37:00.000,6404.998,6406.998,6403.998,6403.998,0.0017
24.05.2019 09:38:00.000,6402.998,6406.998,6402.998,6405.998,0.0044
24.05.2019 09:39:00.000,6406.997,6411.998,6405.997,6410.998,0.0053
24.05.2019 09:40:00.000,6410.997,6410.998,6408.997,6409.998,0.0013
24.05.2019 09:41:00.000,6410.998,6410.998,6408.997,6408.998,0.003
24.05.2019 09:42:00.000,6409.997,6409.998,6405.997,6406.997,0.0039
24.05.2019 09:43:00.000,6406.997,6406.997,6402.997,6402.998,0.0044
24.05.2019 09:44:00.000,6403.997,6405.998,6402.997,6403.998,0.0033
24.05.2019 09:45:00.000,6403.997,6407.998,6403.997,6407.998,0.0053
24.05.2019 09:46:00.000,6407.997,6407.998,6403.997,6404.998,0.0034
24.05.2019 09:47:00.000,6404.998,6404.998,6400.998,6401.997,0.0034
24.05.2019 09:48:00.000,6401.998,6402.998,6401.997,6402.998,0.003
24.05.2019 09:49:00.000,6402.998,6404.998,6402.998,6404.998,0.0015
24.05.2019 09:50:00.000,6404.997,6409.998,6404.997,6408.998,0.0043
24.05.2019 09:51:00.000,6408.997,6409.998,6408.997,6409.997,0.0019
24.05.2019 09:52:00.000,6409.997,6409.998,6408.997,6408.998,0.0025
24.05.2019 09:53:00.000,6408.998,6409.997,6404.997,6404.997,0.0022
24.05.2019 09:54:00.000,6404.997,6405.998,6403.998,6404.998,0.0038
24.05.2019 09:55:00.000,6405.997,6408.997,6404.997,6407.998,0.0083
24.05.2019 09:56:00.000,6407.998,6409.998,6407.997,6408.997,0.0042
24.05.2019 09:57:00.000,6407.998,6407.998,6402.997,6403.998,0.0066
24.05.2019 09:58:00.000,6403.997,6403.998,6403.997,6403.998,0.001
24.05.2019 09:59:00.000,6403.997,6403.997,6397.997,6397.998,0.0042
24.05.2019 10:00:00.000,6398.997,6403.997,6397.998,6403.997,0.0048
24.05.2019 10:01:00.000,6403.998,6405.998,6400.997,6400.997,0.0033
24.05.2019 10:02:00.000,6400.998,6400.998,6397.998,6398.998,0.0012
24.05.2019 10:03:00.000,6397.998,6400.998,6397.997,6398.998,0.0017
24.05.2019 10:04:00.000,6397.997,6399.997,6393.997,6394.998,0.0035
24.05.2019 10:05:00.000,6394.998,6395.998,6392.997,6395.998,0.0104
24.05.2019 10:06:00.000,6395.997,6398.998,6395.997,6397.998,0.0055
24.05.2019 10:07:00.000,6398.998,6398.998,6394.997,6394.997,0.0031
24.05.2019 10:08:00.000,6395.997,6397.998,6394.997,6395.998,0.0037
24.05.2019 10:09:00.000,6396.997,6396.998,6393.997,6393.997,0.0033
24.05.2019 10:10:00.000,6393.998,6393.998,6391.997,6393.998,0.0077
24.05.2019 10:11:00.000,6394.997,6396.998,6393.998,6395.998,0.0042
24.05.2019 10:12:00.000,6395.998,6397.998,6394.997,6396.998,0.0047
24.05.2019 10:13:00.000,6396.998,6396.998,6393.997,6393.998,0.0051
24.05.2019 10:14:00.000,6394.998,6394.998,6390.997,6392.998,0.0036
24.05.2019 10:15:00.000,6391.998,6391.998,6388.997,6388.997,0.0093
24.05.2019 10:16:00.000,6388.998,6391.998,6387.998,6388.998,0.0088
24.05.2019 10:17:00.000,6389.998,6390.998,6387.997,6389.997,0.0028
24.05.2019 10:18:00.000,6389.998,6391.998,6389.998,6390.997,0.0026
24.05.2019 10:19:00.000,6390.997,6390.997,6387.998,6387.998,0.003
24.05.2019 10:20:00.000,6388.997,6388.998,6387.998,6387.998,0.0006
24.05.2019 10:21:00.000,6388.998,6388.998,6382.997,6385.998,0.0017
24.05.2019 10:22:00.000,6385.998,6385.998,6385.997,6385.998,0.0001
24.05.2019 10:23:00.000,6385.997,6385.997,6382.997,6382.997,0.0027
24.05.2019 10:24:00.000,6382.998,6383.998,6381.997,6382.998,0.0047
24.05.2019 10:25:00.000,6381.998,6386.997,6381.997,6385.998,0.0072
24.05.2019 10:26:00.000,6384.998,6385.998,6384.998,6385.998,0.0008
24.05.2019 10:27:00.000,6383.998,6387.998,6383.997,6386.998,0.0033
24.05.2019 10:28:00.000,6387.997,6389.998,6387.997,6388.998,0.0053
24.05.2019 10:29:00.000,6388.998,6391.998,6388.997,6391.998,0.0035
24.05.2019 10:30:00.000,6391.997,6391.997,6387.997,6389.997,0.0036
24.05.2019 10:31:00.000,6388.997,6388.998,6387.998,6387.998,0.0003
24.05.2019 10:32:00.000,6388.998,6388.998,6388.997,6388.998,0.0008
24.05.2019 10:33:00.000,6388.998,6393.998,6388.998,6393.998,0.0036
24.05.2019 10:34:00.000,6393.997,6396.998,6393.997,6396.998,0.0034
24.05.2019 10:35:00.000,6396.997,6398.998,6396.997,6398.998,0.0025
24.05.2019 10:36:00.000,6398.998,6398.998,6393.997,6395.998,0.0042
24.05.2019 10:37:00.000,6395.997,6395.998,6394.997,6394.997,0.002
24.05.2019 10:38:00.000,6394.997,6394.998,6391.997,6394.997,0.0034
24.05.2019 10:39:00.000,6394.998,6397.998,6391.997,6397.998,0.0043
24.05.2019 10:40:00.000,6397.998,6399.998,6396.997,6399.998,0.0021
24.05.2019 10:41:00.000,6400.997,6406.998,6400.997,6402.998,0.0055
24.05.2019 10:42:00.000,6402.998,6403.998,6402.997,6403.998,0.0015
24.05.2019 10:43:00.000,6403.998,6404.997,6403.998,6403.998,0.0006
24.05.2019 10:44:00.000,6403.997,6405.998,6403.997,6405.997,0.003
24.05.2019 10:45:00.000,6405.998,6405.998,6403.997,6403.998,0.0032
24.05.2019 10:46:00.000,6403.998,6404.998,6403.997,6403.998,0.0016
24.05.2019 10:47:00.000,6403.998,6403.998,6396.998,6397.998,0.004
24.05.2019 10:48:00.000,6398.998,6406.997,6398.997,6405.998,0.0073
24.05.2019 10:49:00.000,6405.997,6405.997,6403.997,6403.997,0.0021
24.05.2019 10:50:00.000,6405.998,6405.998,6403.998,6403.998,0.0015
24.05.2019 10:51:00.000,6403.998,6403.998,6399.997,6401.998,0.004
24.05.2019 10:52:00.000,6401.997,6401.997,6396.997,6396.998,0.0023
24.05.2019 10:53:00.000,6396.997,6398.998,6396.997,6398.998,0.0028
24.05.2019 10:54:00.000,6398.998,6398.998,6396.997,6396.998,0.0016
24.05.2019 10:55:00.000,6396.997,6397.998,6395.997,6397.998,0.0021
24.05.2019 10:56:00.000,6397.998,6398.998,6397.997,6397.998,0.0034
24.05.2019 10:57:00.000,6397.997,6397.997,6393.998,6395.997,0.001
24.05.2019 10:58:00.000,6395.998,6395.998,6393.997,6394.997,0.0011
24.05.2019 10:59:00.000,6394.998,6395.998,6391.997,6391.997,0.0036
24.05.2019 11:00:00.000,6391.998,6391.998,6391.997,6391.997,0.0005
24.05.2019 11:02:00.000,6389.998,6392.998,6389.998,6389.998,0.0029
24.05.2019 11:03:00.000,6389.997,6389.998,6386.997,6389.998,0.0058
24.05.2019 11:04:00.000,6389.997,6389.998,6388.997,6388.997,0.0021
24.05.2019 11:05:00.000,6388.998,6388.998,6384.997,6387.998,0.0042
24.05.2019 11:06:00.000,6388.998,6389.998,6388.997,6389.998,0.0015
24.05.2019 11:07:00.000,6389.997,6389.998,6389.997,6389.998,0.0004
24.05.2019 11:08:00.000,6389.997,6392.998,6389.997,6392.997,0.0034
24.05.2019 11:09:00.000,6392.998,6393.998,6392.997,6393.997,0.0019
24.05.2019 11:10:00.000,6393.997,6394.998,6392.998,6393.998,0.0026
24.05.2019 11:11:00.000,6393.997,6395.998,6392.997,6395.998,0.0027
24.05.2019 11:12:00.000,6396.998,6396.998,6394.998,6394.998,0.0003
24.05.2019 11:13:00.000,6394.997,6395.997,6394.997,6394.998,0.0012
24.05.2019 11:14:00.000,6394.997,6395.998,6394.997,6394.998,0.0008
24.05.2019 11:15:00.000,6395.997,6401.998,6395.997,6401.998,0.0048
24.05.2019 11:16:00.000,6403.997,6407.998,6403.997,6407.998,0.005
24.05.2019 11:17:00.000,6407.997,6407.998,6405.997,6407.998,0.0045
24.05.2019 11:19:00.000,6407.997,6407.998,6405.997,6406.998,0.0029
24.05.2019 11:20:00.000,6406.997,6408.998,6405.998,6407.998,0.0031
24.05.2019 11:21:00.000,6406.998,6407.998,6403.998,6407.998,0.0024
24.05.2019 11:22:00.000,6408.998,6408.998,6405.997,6407.998,0.0036
24.05.2019 11:23:00.000,6407.997,6407.998,6405.997,6407.998,0.0053
24.05.2019 11:24:00.000,6407.997,6407.998,6406.997,6407.997,0.0013
24.05.2019 11:25:00.000,6407.998,6410.998,6407.997,6410.997,0.0023
24.05.2019 11:26:00.000,6410.998,6412.998,6410.998,6411.998,0.0028
24.05.2019 11:27:00.000,6410.998,6411.998,6410.997,6411.998,0.0042
24.05.2019 11:28:00.000,6411.997,6411.998,6410.997,6411.998,0.0014
24.05.2019 11:29:00.000,6412.998,6412.998,6411.997,6411.998,0.0008
24.05.2019 11:30:00.000,6412.997,6418.997,6411.997,6418.997,0.0065
24.05.2019 11:31:00.000,6418.998,6421.998,6418.997,6419.998,0.0061
24.05.2019 11:32:00.000,6419.997,6421.997,6418.998,6420.997,0.0078
24.05.2019 11:33:00.000,6420.997,6420.997,6414.998,6415.998,0.0035
24.05.2019 11:34:00.000,6416.997,6417.998,6416.997,6417.998,0.0003
24.05.2019 11:35:00.000,6417.997,6419.998,6416.997,6417.998,0.0013
24.05.2019 11:36:00.000,6418.998,6418.998,6417.997,6417.998,0.0067
24.05.2019 11:37:00.000,6418.998,6420.998,6418.997,6420.998,0.002
24.05.2019 11:38:00.000,6421.998,6421.998,6420.998,6421.998,0.0002
24.05.2019 11:39:00.000,6421.997,6421.998,6415.998,6416.998,0.003
24.05.2019 11:40:00.000,6416.998,6424.998,6416.998,6422.997,0.0132
24.05.2019 11:41:00.000,6422.998,6424.998,6419.997,6420.998,0.0055
24.05.2019 11:42:00.000,6420.998,6421.998,6420.997,6420.998,0.0008
24.05.2019 11:43:00.000,6420.997,6421.998,6420.997,6420.997,0.0012
24.05.2019 11:44:00.000,6420.998,6424.998,6420.997,6424.998,0.0017
24.05.2019 11:45:00.000,6424.997,6424.997,6419.997,6420.998,0.0017
24.05.2019 11:46:00.000,6420.998,6422.998,6419.998,6419.998,0.0021
24.05.2019 11:47:00.000,6419.998,6419.998,6417.997,6417.998,0.0021
24.05.2019 11:48:00.000,6417.998,6417.998,6417.998,6417.998,0.0007
24.05.2019 11:49:00.000,6417.997,6420.998,6417.997,6420.997,0.0048
24.05.2019 11:50:00.000,6420.998,6420.998,6418.997,6418.997,0.005
24.05.2019 11:51:00.000,6418.998,6418.998,6418.997,6418.998,0.0001
24.05.2019 11:52:00.000,6418.997,6418.998,6418.997,6418.998,0.0056
24.05.2019 11:53:00.000,6418.998,6421.998,6418.998,6420.997,0.0017
24.05.2019 11:54:00.000,6421.997,6422.998,6421.997,6422.997,0.001
24.05.2019 11:55:00.000,6422.998,6423.998,6422.997,6422.997,0.0075
24.05.2019 11:56:00.000,6422.997,6422.998,6420.997,6420.998,0.0029
24.05.2019 11:57:00.000,6420.997,6423.998,6420.997,6423.997,0.0035
24.05.2019 11:58:00.000,6423.998,6426.998,6422.998,6426.998,0.006
24.05.2019 11:59:00.000,6427.998,6428.998,6427.997,6428.998,0.0034
24.05.2019 12:00:00.000,6428.998,6428.998,6424.998,6426.997,0.0043
24.05.2019 12:01:00.000,6427.997,6428.998,6427.997,6428.998,0.0011
24.05.2019 12:02:00.000,6428.998,6430.998,6425.998,6430.998,0.0044
24.05.2019 12:03:00.000,6430.997,6430.997,6426.997,6426.998,0.0038
24.05.2019 12:04:00.000,6426.997,6426.998,6426.997,6426.997,0.0004
24.05.2019 12:05:00.000,6426.997,6426.997,6424.997,6424.998,0.0016
24.05.2019 12:06:00.000,6425.998,6428.998,6425.998,6427.998,0.0043
24.05.2019 12:07:00.000,6427.998,6429.998,6426.997,6429.998,0.0032
24.05.2019 12:08:00.000,6429.998,6432.998,6428.997,6430.998,0.0107
24.05.2019 12:09:00.000,6430.998,6430.998,6427.997,6427.997,0.0082
24.05.2019 12:10:00.000,6427.998,6428.998,6427.997,6427.998,0.0028
24.05.2019 12:11:00.000,6428.998,6428.998,6428.997,6428.998,0.0012
24.05.2019 12:12:00.000,6427.997,6429.998,6427.997,6428.998,0.0029
24.05.2019 12:13:00.000,6429.998,6430.998,6428.997,6430.998,0.0055
24.05.2019 12:14:00.000,6430.997,6434.997,6430.997,6434.997,0.0028
24.05.2019 12:15:00.000,6434.997,6434.998,6432.997,6432.998,0.0054
24.05.2019 12:16:00.000,6432.998,6433.998,6428.997,6428.997,0.0048
24.05.2019 12:17:00.000,6428.998,6430.998,6428.997,6430.997,0.0031
24.05.2019 12:18:00.000,6430.998,6430.998,6428.997,6428.997,0.0019
24.05.2019 12:19:00.000,6428.998,6429.998,6426.997,6429.998,0.0025
24.05.2019 12:20:00.000,6429.997,6430.998,6427.998,6428.998,0.0088
24.05.2019 12:21:00.000,6429.998,6430.998,6429.997,6429.998,0.0025
24.05.2019 12:22:00.000,6429.998,6429.998,6429.997,6429.998,0.0037
24.05.2019 12:23:00.000,6429.997,6430.998,6429.997,6429.997,0.009
24.05.2019 12:24:00.000,6429.998,6429.998,6426.997,6426.998,0.0056
24.05.2019 12:25:00.000,6426.998,6426.998,6426.750,6426.750,0.0026
24.05.2019 12:26:00.000,6424.998,6425.998,6423.997,6423.998,0.0036
24.05.2019 12:27:00.000,6423.997,6423.997,6423.997,6423.997,0.0002
24.05.2019 12:28:00.000,6423.998,6426.998,6423.998,6426.998,0.0029
24.05.2019 12:29:00.000,6426.998,6428.998,6426.997,6427.998,0.0073
24.05.2019 12:30:00.000,6427.998,6427.998,6424.997,6426.998,0.0065
24.05.2019 12:31:00.000,6426.998,6427.997,6423.997,6427.997,0.005
24.05.2019 12:32:00.000,6425.998,6428.998,6425.997,6427.997,0.0077
24.05.2019 12:33:00.000,6427.998,6428.998,6421.997,6421.998,0.0085
24.05.2019 12:34:00.000,6421.998,6422.998,6419.997,6419.997,0.0046
24.05.2019 12:35:00.000,6420.998,6421.998,6418.997,6421.997,0.0059
24.05.2019 12:36:00.000,6421.998,6421.998,6420.997,6420.998,0.0031
24.05.2019 12:37:00.000,6419.998,6419.998,6411.998,6411.998,0.0065
24.05.2019 12:38:00.000,6411.998,6413.998,6411.997,6412.998,0.0048
24.05.2019 12:39:00.000,6413.997,6417.998,6413.997,6416.997,0.0044
24.05.2019 12:40:00.000,6417.998,6418.998,6417.997,6417.997,0.0031
24.05.2019 12:41:00.000,6418.998,6426.998,6418.998,6424.998,0.0098
24.05.2019 12:42:00.000,6424.997,6424.998,6418.998,6422.998,0.0078
24.05.2019 12:43:00.000,6422.997,6426.998,6422.997,6425.997,0.005
24.05.2019 12:44:00.000,6425.998,6426.998,6421.997,6426.998,0.007
24.05.2019 12:45:00.000,6425.998,6426.500,6421.997,6421.998,0.0036
24.05.2019 12:46:00.000,6421.997,6423.998,6421.997,6423.998,0.0053
24.05.2019 12:47:00.000,6423.997,6424.998,6420.997,6424.997,0.0044
24.05.2019 12:48:00.000,6424.998,6424.998,6420.997,6420.997,0.0025
24.05.2019 12:49:00.000,6420.998,6420.998,6418.997,6419.997,0.003
24.05.2019 12:50:00.000,6419.997,6420.998,6416.997,6416.998,0.0024
24.05.2019 12:51:00.000,6418.998,6419.997,6415.997,6419.997,0.0032
24.05.2019 12:52:00.000,6419.998,6420.998,6417.997,6419.997,0.0034
24.05.2019 12:53:00.000,6417.998,6419.997,6417.997,6418.998,0.0051
24.05.2019 12:54:00.000,6418.997,6420.998,6418.997,6418.997,0.0022
24.05.2019 12:55:00.000,6418.998,6418.998,6409.998,6410.997,0.0081
24.05.2019 12:56:00.000,6410.998,6412.998,6410.997,6412.997,0.0028
24.05.2019 12:57:00.000,6412.998,6414.998,6411.998,6413.998,0.0026
24.05.2019 12:58:00.000,6413.997,6415.998,6413.997,6413.997,0.0025
24.05.2019 12:59:00.000,6413.998,6413.998,6410.997,6412.998,0.0057
24.05.2019 13:00:00.000,6412.998,6412.998,6408.998,6409.998,0.005
24.05.2019 13:01:00.000,6409.998,6410.998,6409.997,6410.998,0.0026
24.05.2019 13:02:00.000,6409.997,6413.998,6409.997,6412.997,0.0074
24.05.2019 13:03:00.000,6410.998,6411.998,6409.997,6410.998,0.0019
24.05.2019 13:04:00.000,6409.998,6410.998,6408.998,6410.998,0.0049
24.05.2019 13:05:00.000,6410.997,6410.997,6406.997,6407.998,0.0049
24.05.2019 13:06:00.000,6408.998,6409.998,6405.997,6406.998,0.0043
24.05.2019 13:07:00.000,6406.997,6409.998,6406.997,6409.998,0.0048
24.05.2019 13:08:00.000,6409.997,6409.998,6405.998,6406.997,0.0061
24.05.2019 13:09:00.000,6406.998,6406.998,6405.997,6406.997,0.0019
24.05.2019 13:10:00.000,6406.998,6408.998,6406.997,6408.998,0.004
24.05.2019 13:11:00.000,6408.997,6413.998,6408.997,6413.998,0.0074
24.05.2019 13:12:00.000,6413.997,6414.998,6413.997,6413.998,0.0034
24.05.2019 13:13:00.000,6414.997,6419.998,6413.997,6419.997,0.0117
24.05.2019 13:14:00.000,6419.998,6420.998,6419.997,6420.998,0.008
24.05.2019 13:15:00.000,6420.997,6420.998,6416.997,6416.998,0.0063
24.05.2019 13:16:00.000,6417.997,6420.998,6417.997,6420.997,0.0036
24.05.2019 13:17:00.000,6420.998,6420.998,6417.997,6418.998,0.0049
24.05.2019 13:18:00.000,6418.997,6422.998,6417.998,6422.998,0.0032
24.05.2019 13:19:00.000,6422.997,6423.998,6422.997,6423.998,0.003
24.05.2019 13:20:00.000,6423.998,6423.998,6423.997,6423.998,0.0049
24.05.2019 13:21:00.000,6424.998,6426.997,6423.997,6426.997,0.0095
24.05.2019 13:22:00.000,6427.997,6427.998,6426.997,6427.998,0.0034
24.05.2019 13:23:00.000,6427.998,6428.998,6427.997,6428.998,0.0053
24.05.2019 13:24:00.000,6428.998,6428.998,6424.997,6428.998,0.0055
24.05.2019 13:25:00.000,6428.997,6429.998,6428.997,6428.998,0.0064
24.05.2019 13:26:00.000,6429.997,6430.998,6428.997,6430.997,0.002
24.05.2019 13:27:00.000,6430.997,6431.998,6428.997,6428.997,0.0042
24.05.2019 13:28:00.000,6428.998,6429.997,6428.997,6428.997,0.0036
24.05.2019 13:29:00.000,6428.998,6428.998,6424.997,6425.998,0.0066
24.05.2019 13:30:00.000,6424.998,6428.998,6424.997,6428.998,0.0071
24.05.2019 13:31:00.000,6428.998,6429.998,6428.997,6428.998,0.0099
24.05.2019 13:32:00.000,6429.998,6429.998,6429.997,6429.997,0.0043
24.05.2019 13:33:00.000,6429.998,6430.998,6426.997,6426.998,0.0084
24.05.2019 13:34:00.000,6426.998,6428.998,6426.998,6426.998,0.0027
24.05.2019 13:35:00.000,6426.997,6426.998,6424.997,6425.998,0.0077
24.05.2019 13:36:00.000,6426.997,6429.998,6425.998,6429.997,0.0066
24.05.2019 13:37:00.000,6429.998,6433.998,6427.998,6433.997,0.005
24.05.2019 13:38:00.000,6432.997,6433.998,6431.997,6432.998,0.0043
24.05.2019 13:39:00.000,6432.500,6432.500,6429.997,6430.997,0.0027
24.05.2019 13:40:00.000,6429.998,6429.998,6428.997,6429.998,0.0022
24.05.2019 13:41:00.000,6429.997,6434.997,6429.997,6433.998,0.0094
24.05.2019 13:42:00.000,6433.997,6434.998,6433.997,6434.998,0.0037
24.05.2019 13:43:00.000,6433.998,6433.998,6430.998,6430.998,0.0042
24.05.2019 13:44:00.000,6430.997,6433.998,6430.997,6433.997,0.0069
24.05.2019 13:45:00.000,6433.998,6434.998,6432.997,6433.998,0.0024
24.05.2019 13:46:00.000,6433.997,6433.998,6433.997,6433.998,0.002
24.05.2019 13:47:00.000,6433.997,6433.998,6428.997,6429.997,0.0073
24.05.2019 13:48:00.000,6429.998,6431.998,6428.997,6431.998,0.0068
24.05.2019 13:49:00.000,6431.997,6431.998,6426.997,6427.998,0.0122
24.05.2019 13:50:00.000,6425.997,6428.998,6425.997,6428.997,0.0069
24.05.2019 13:51:00.000,6428.998,6428.998,6426.997,6427.998,0.009
24.05.2019 13:52:00.000,6426.998,6427.998,6424.997,6425.998,0.0087
24.05.2019 13:53:00.000,6426.998,6427.998,6426.997,6427.998,0.0052
24.05.2019 13:54:00.000,6426.997,6426.998,6421.997,6423.997,0.0097
24.05.2019 13:55:00.000,6423.998,6424.998,6422.997,6423.998,0.0086
24.05.2019 13:56:00.000,6423.998,6424.998,6423.997,6424.998,0.0189
24.05.2019 13:57:00.000,6424.997,6424.997,6419.997,6421.997,0.0099
24.05.2019 13:58:00.000,6421.998,6422.998,6421.997,6421.998,0.0058
24.05.2019 13:59:00.000,6421.997,6421.998,6419.997,6419.998,0.0023
24.05.2019 14:00:00.000,6419.997,6420.998,6419.997,6419.998,0.0021
24.05.2019 14:01:00.000,6419.997,6420.998,6416.997,6417.998,0.0061
24.05.2019 14:02:00.000,6417.997,6421.997,6415.997,6420.998,0.0088
24.05.2019 14:03:00.000,6419.998,6423.998,6419.997,6423.998,0.0114
24.05.2019 14:04:00.000,6423.998,6424.997,6420.997,6420.998,0.0117
24.05.2019 14:05:00.000,6420.998,6422.997,6420.998,6421.998,0.0136
24.05.2019 14:06:00.000,6421.998,6421.998,6420.997,6421.998,0.0026
24.05.2019 14:07:00.000,6421.998,6421.998,6416.998,6417.997,0.0089
24.05.2019 14:08:00.000,6415.998,6417.998,6415.997,6416.998,0.0043
24.05.2019 14:09:00.000,6416.997,6417.998,6416.997,6417.998,0.0044
24.05.2019 14:10:00.000,6417.997,6418.998,6417.997,6418.998,0.0035
24.05.2019 14:11:00.000,6418.997,6418.998,6414.997,6415.998,0.0033
24.05.2019 14:12:00.000,6415.997,6416.998,6415.997,6415.998,0.0025
24.05.2019 14:13:00.000,6415.997,6415.997,6412.997,6413.998,0.0021
24.05.2019 14:14:00.000,6413.998,6417.998,6412.997,6415.997,0.0131
24.05.2019 14:15:00.000,6415.998,6418.998,6415.997,6418.998,0.0079
24.05.2019 14:16:00.000,6419.998,6421.998,6419.997,6421.998,0.0072
24.05.2019 14:17:00.000,6421.997,6427.998,6421.997,6425.998,0.0132
24.05.2019 14:18:00.000,6425.997,6426.998,6424.997,6425.997,0.0105
24.05.2019 14:19:00.000,6425.998,6427.998,6425.997,6427.997,0.0106
24.05.2019 14:20:00.000,6427.998,6427.998,6422.997,6424.997,0.0095
24.05.2019 14:21:00.000,6424.998,6426.998,6424.997,6425.998,0.003
24.05.2019 14:22:00.000,6425.997,6428.998,6425.997,6427.998,0.0303
24.05.2019 14:23:00.000,6427.997,6427.998,6425.997,6425.998,0.0061
24.05.2019 14:24:00.000,6425.997,6427.997,6424.997,6424.997,0.008
24.05.2019 14:25:00.000,6424.998,6424.998,6420.997,6420.997,0.004
24.05.2019 14:26:00.000,6420.998,6423.998,6420.997,6423.998,0.0061
24.05.2019 14:27:00.000,6423.997,6425.998,6423.997,6424.998,0.0062
24.05.2019 14:28:00.000,6424.997,6424.998,6421.998,6422.998,0.0088
24.05.2019 14:29:00.000,6422.997,6422.998,6420.997,6420.998,0.0038
24.05.2019 14:30:00.000,6420.997,6420.997,6418.997,6419.997,0.0063
24.05.2019 14:31:00.000,6419.998,6423.998,6419.997,6423.997,0.012
24.05.2019 14:32:00.000,6423.998,6423.998,6420.997,6421.998,0.0079
24.05.2019 14:33:00.000,6421.997,6423.998,6421.997,6423.998,0.0129
24.05.2019 14:34:00.000,6423.997,6424.998,6422.997,6424.998,0.0075
24.05.2019 14:35:00.000,6424.997,6427.998,6424.997,6426.997,0.0135
24.05.2019 14:36:00.000,6426.998,6429.998,6426.997,6428.998,0.0147
24.05.2019 14:37:00.000,6428.998,6432.998,6428.998,6432.998,0.012
24.05.2019 14:38:00.000,6433.998,6436.998,6433.997,6436.998,0.0047
24.05.2019 14:39:00.000,6435.998,6435.998,6434.997,6434.998,0.0128
24.05.2019 14:40:00.000,6434.997,6434.998,6429.997,6430.997,0.0122
24.05.2019 14:41:00.000,6430.998,6431.998,6430.997,6431.998,0.0051
24.05.2019 14:42:00.000,6430.998,6431.998,6429.997,6430.997,0.0096
24.05.2019 14:43:00.000,6430.997,6430.997,6425.998,6427.998,0.0051
24.05.2019 14:44:00.000,6426.998,6426.998,6425.997,6426.998,0.0051
24.05.2019 14:45:00.000,6426.997,6427.998,6425.997,6425.998,0.0117
24.05.2019 14:46:00.000,6426.998,6426.998,6425.997,6425.998,0.0042
24.05.2019 14:47:00.000,6425.997,6425.998,6424.997,6424.997,0.0057
24.05.2019 14:48:00.000,6424.998,6424.998,6423.997,6424.998,0.009
24.05.2019 14:49:00.000,6424.997,6424.998,6421.997,6421.998,0.0037
24.05.2019 14:50:00.000,6421.997,6426.998,6421.997,6426.998,0.0112
24.05.2019 14:51:00.000,6426.998,6426.998,6425.997,6425.998,0.0105
24.05.2019 14:52:00.000,6425.998,6425.998,6421.997,6421.997,0.0029
24.05.2019 14:53:00.000,6421.998,6423.998,6420.997,6421.998,0.0186
24.05.2019 14:54:00.000,6420.998,6423.998,6420.997,6422.998,0.0166
24.05.2019 14:55:00.000,6422.997,6423.998,6422.997,6423.997,0.015
24.05.2019 14:56:00.000,6423.998,6424.998,6423.997,6424.998,0.0081
24.05.2019 14:57:00.000,6424.997,6424.998,6424.997,6424.997,0.0022
24.05.2019 14:58:00.000,6424.998,6425.998,6422.997,6422.997,0.0114
24.05.2019 14:59:00.000,6422.998,6426.998,6422.997,6425.998,0.0112
24.05.2019 15:00:00.000,6425.997,6426.998,6421.997,6422.998,0.0183
24.05.2019 15:01:00.000,6422.997,6423.998,6421.997,6421.997,0.0125
24.05.2019 15:02:00.000,6421.998,6424.998,6421.997,6422.998,0.0134
24.05.2019 15:03:00.000,6422.997,6422.998,6421.997,6422.997,0.0045
24.05.2019 15:04:00.000,6422.998,6423.998,6422.997,6423.998,0.0077
24.05.2019 15:05:00.000,6423.997,6423.998,6419.997,6419.998,0.0258
24.05.2019 15:06:00.000,6419.998,6422.998,6419.997,6422.997,0.0067
24.05.2019 15:07:00.000,6422.998,6423.998,6422.997,6423.997,0.0201
24.05.2019 15:08:00.000,6423.998,6425.998,6423.997,6423.998,0.0307
24.05.2019 15:09:00.000,6422.998,6423.998,6422.998,6423.997,0.003
24.05.2019 15:10:00.000,6423.998,6424.998,6422.997,6423.997,0.0121
24.05.2019 15:11:00.000,6423.998,6426.998,6423.998,6424.998,0.011
24.05.2019 15:12:00.000,6424.997,6424.997,6421.997,6422.997,0.014
24.05.2019 15:13:00.000,6422.998,6422.998,6420.997,6420.997,0.0071
24.05.2019 15:14:00.000,6420.998,6421.998,6419.997,6421.997,0.0106
24.05.2019 15:15:00.000,6421.997,6421.997,6419.997,6419.998,0.0037
24.05.2019 15:16:00.000,6419.998,6419.998,6416.997,6417.998,0.0086
24.05.2019 15:17:00.000,6417.997,6418.997,6417.997,6418.997,0.0031
24.05.2019 15:18:00.000,6417.997,6420.998,6417.997,6419.998,0.0249
24.05.2019 15:19:00.000,6419.997,6419.998,6418.998,6418.998,0.0077
24.05.2019 15:20:00.000,6418.997,6418.998,6417.997,6417.997,0.0117
24.05.2019 15:21:00.000,6417.998,6417.998,6415.997,6415.998,0.0131
24.05.2019 15:22:00.000,6415.997,6419.998,6415.997,6418.998,0.012
24.05.2019 15:23:00.000,6419.998,6420.998,6419.997,6420.998,0.0082
24.05.2019 15:24:00.000,6420.997,6420.998,6419.997,6419.998,0.0042
24.05.2019 15:25:00.000,6419.997,6419.998,6415.997,6418.998,0.0161
24.05.2019 15:26:00.000,6418.997,6418.998,6417.997,6417.997,0.0283
24.05.2019 15:27:00.000,6417.998,6421.998,6417.998,6418.998,0.0172
24.05.2019 15:28:00.000,6418.997,6421.998,6418.997,6420.998,0.0299
24.05.2019 15:29:00.000,6420.997,6425.998,6417.997,6424.997,0.0226
28.05.2019 07:00:00.000,6426.998,6426.998,6426.997,6426.997,0.0002
28.05.2019 07:01:00.000,6427.997,6428.998,6406.998,6406.998,0.001
28.05.2019 07:02:00.000,6399.997,6421.998,6397.998,6421.997,0.0014
28.05.2019 07:03:00.000,6424.997,6425.997,6416.997,6416.998,0.0008
28.05.2019 07:04:00.000,6415.750,6415.750,6389.997,6389.997,0.0046
28.05.2019 07:05:00.000,6387.997,6393.998,6387.997,6388.998,0.004
28.05.2019 07:06:00.000,6388.998,6391.998,6378.998,6390.997,0.0079
28.05.2019 07:07:00.000,6389.998,6398.998,6389.998,6397.998,0.0072
28.05.2019 07:08:00.000,6397.998,6397.998,6392.997,6396.998,0.0044
28.05.2019 07:09:00.000,6396.997,6417.998,6396.997,6417.998,0.0053
28.05.2019 07:10:00.000,6417.750,6417.750,6407.998,6412.998,0.0025
28.05.2019 07:11:00.000,6414.997,6415.998,6407.997,6413.998,0.004
28.05.2019 07:12:00.000,6414.997,6429.998,6414.997,6429.998,0.0081
28.05.2019 07:13:00.000,6428.998,6436.998,6428.997,6436.998,0.0054
28.05.2019 07:14:00.000,6436.997,6439.998,6430.998,6439.998,0.0042
28.05.2019 07:15:00.000,6439.998,6439.998,6433.997,6438.998,0.0015
28.05.2019 07:16:00.000,6438.998,6440.998,6430.997,6431.998,0.003
28.05.2019 07:17:00.000,6431.998,6437.998,6430.998,6437.998,0.004
28.05.2019 07:18:00.000,6437.997,6443.997,6436.998,6441.998,0.0049
28.05.2019 07:19:00.000,6441.997,6443.998,6436.997,6443.998,0.0019
28.05.2019 07:20:00.000,6443.750,6445.998,6440.997,6445.998,0.0061
28.05.2019 07:21:00.000,6446.998,6446.998,6435.997,6442.998,0.0034
28.05.2019 07:22:00.000,6443.998,6445.998,6442.998,6444.997,0.0021
28.05.2019 07:23:00.000,6444.998,6446.998,6444.997,6446.997,0.0015
28.05.2019 07:24:00.000,6446.998,6446.998,6438.998,6442.997,0.0045
28.05.2019 07:25:00.000,6442.000,6442.000,6434.998,6434.998,0.004
28.05.2019 07:26:00.000,6432.998,6436.998,6432.998,6435.997,0.0016
28.05.2019 07:27:00.000,6435.998,6437.997,6431.997,6433.998,0.0037
28.05.2019 07:28:00.000,6433.997,6439.998,6433.997,6439.998,0.0022
28.05.2019 07:29:00.000,6437.998,6441.998,6435.998,6435.998,0.0062
28.05.2019 07:30:00.000,6435.998,6436.998,6426.997,6435.997,0.0076
28.05.2019 07:31:00.000,6435.998,6439.998,6435.997,6439.998,0.0017
28.05.2019 07:32:00.000,6439.997,6439.997,6434.997,6434.997,0.0022
28.05.2019 07:33:00.000,6437.998,6444.998,6437.997,6442.998,0.0024
28.05.2019 07:34:00.000,6444.998,6446.998,6441.998,6444.998,0.0035
28.05.2019 07:35:00.000,6441.998,6444.998,6440.998,6441.997,0.0037
28.05.2019 07:36:00.000,6442.998,6443.998,6437.997,6437.997,0.0018
28.05.2019 07:37:00.000,6439.998,6439.998,6437.998,6438.998,0.0015
28.05.2019 07:38:00.000,6438.997,6438.998,6429.997,6429.997,0.0027
28.05.2019 07:39:00.000,6431.997,6435.998,6428.998,6435.998,0.0031
28.05.2019 07:40:00.000,6435.997,6435.997,6427.998,6428.998,0.0028
28.05.2019 07:41:00.000,6430.998,6430.998,6427.997,6429.998,0.0012
28.05.2019 07:42:00.000,6429.500,6429.500,6421.997,6425.998,0.0071
28.05.2019 07:43:00.000,6424.998,6424.998,6419.998,6419.998,0.0037
28.05.2019 07:44:00.000,6419.997,6421.998,6413.997,6415.998,0.0052
28.05.2019 07:45:00.000,6414.998,6414.998,6410.998,6411.998,0.0034
28.05.2019 07:46:00.000,6411.997,6415.998,6411.997,6414.997,0.0018
28.05.2019 07:47:00.000,6415.998,6418.998,6414.998,6414.998,0.0077
28.05.2019 07:48:00.000,6416.997,6419.998,6414.998,6418.998,0.0027
28.05.2019 07:49:00.000,6420.997,6424.998,6419.997,6424.998,0.0022
28.05.2019 07:50:00.000,6425.998,6429.998,6425.998,6425.998,0.0033
28.05.2019 07:51:00.000,6425.998,6432.998,6425.998,6427.997,0.0041
28.05.2019 07:52:00.000,6427.998,6427.998,6417.997,6421.998,0.0028
28.05.2019 07:53:00.000,6422.998,6426.998,6421.997,6426.998,0.0049
28.05.2019 07:54:00.000,6427.997,6428.998,6427.997,6428.998,0.0057
28.05.2019 07:55:00.000,6429.998,6431.998,6428.997,6428.998,0.0036
28.05.2019 07:56:00.000,6428.997,6431.998,6426.998,6431.997,0.0029
28.05.2019 07:57:00.000,6433.997,6433.997,6426.998,6427.998,0.0048
28.05.2019 07:58:00.000,6427.997,6428.998,6427.997,6428.998,0.0016
28.05.2019 07:59:00.000,6429.998,6431.998,6428.998,6431.997,0.0019
28.05.2019 08:00:00.000,6431.998,6433.998,6422.998,6422.998,0.0069
28.05.2019 08:01:00.000,6423.997,6431.998,6423.997,6431.998,0.0064
28.05.2019 08:02:00.000,6431.997,6431.998,6428.997,6429.997,0.0055
28.05.2019 08:03:00.000,6430.998,6430.998,6422.997,6422.998,0.0104
28.05.2019 08:04:00.000,6422.997,6425.997,6420.998,6420.998,0.004
28.05.2019 08:05:00.000,6421.998,6425.998,6421.997,6424.998,0.005
28.05.2019 08:06:00.000,6424.998,6424.998,6419.998,6420.998,0.0029
28.05.2019 08:07:00.000,6420.997,6420.998,6417.998,6420.998,0.0046
28.05.2019 08:08:00.000,6420.997,6421.998,6418.997,6419.998,0.0028
28.05.2019 08:09:00.000,6419.998,6423.998,6418.998,6423.998,0.0033
28.05.2019 08:10:00.000,6423.998,6424.998,6423.997,6424.997,0.0065
28.05.2019 08:11:00.000,6424.998,6424.998,6422.998,6422.998,0.0022
28.05.2019 08:12:00.000,6422.998,6422.998,6417.998,6418.998,0.0019
28.05.2019 08:13:00.000,6417.998,6419.998,6415.998,6415.998,0.0051
28.05.2019 08:14:00.000,6415.998,6419.997,6415.997,6418.998,0.0042
28.05.2019 08:15:00.000,6419.998,6420.998,6417.997,6419.997,0.0054
28.05.2019 08:16:00.000,6419.998,6422.998,6418.997,6422.998,0.0074
28.05.2019 08:17:00.000,6422.997,6425.997,6421.997,6421.998,0.0066
28.05.2019 08:18:00.000,6421.997,6422.998,6418.998,6421.998,0.0057
28.05.2019 08:19:00.000,6421.997,6421.998,6415.998,6415.998,0.0099
28.05.2019 08:20:00.000,6415.997,6415.998,6411.997,6411.997,0.0051
28.05.2019 08:21:00.000,6412.998,6415.998,6411.998,6415.998,0.0051
28.05.2019 08:22:00.000,6417.750,6417.998,6411.997,6411.997,0.0056
28.05.2019 08:23:00.000,6411.998,6412.998,6410.997,6410.998,0.0017
28.05.2019 08:24:00.000,6411.997,6414.998,6409.998,6413.998,0.0064
28.05.2019 08:25:00.000,6414.997,6420.997,6414.997,6420.997,0.0044
28.05.2019 08:26:00.000,6420.998,6422.998,6419.997,6421.998,0.0066
28.05.2019 08:27:00.000,6421.997,6422.998,6416.997,6416.998,0.0036
28.05.2019 08:28:00.000,6416.998,6417.998,6415.998,6416.998,0.0027
28.05.2019 08:29:00.000,6416.998,6416.998,6413.997,6413.998,0.0028
28.05.2019 08:30:00.000,6412.998,6412.998,6407.997,6409.998,0.0083
28.05.2019 08:31:00.000,6406.998,6407.998,6404.997,6407.998,0.0027
28.05.2019 08:32:00.000,6406.998,6412.998,6406.998,6412.998,0.0039
28.05.2019 08:33:00.000,6412.997,6413.998,6408.997,6409.998,0.0082
28.05.2019 08:34:00.000,6410.997,6410.998,6408.998,6410.998,0.0011
28.05.2019 08:35:00.000,6410.998,6412.998,6409.997,6412.997,0.0031
28.05.2019 08:36:00.000,6412.998,6412.998,6408.997,6408.997,0.0033
28.05.2019 08:37:00.000,6408.998,6412.998,6408.997,6408.997,0.0058
28.05.2019 08:38:00.000,6408.998,6412.998,6408.998,6412.998,0.0046
28.05.2019 08:39:00.000,6412.998,6412.998,6408.997,6412.997,0.0081
28.05.2019 08:40:00.000,6413.997,6413.998,6408.998,6411.998,0.004
28.05.2019 08:41:00.000,6408.997,6409.998,6407.997,6407.998,0.0017
28.05.2019 08:42:00.000,6407.998,6407.998,6406.997,6407.998,0.0016
28.05.2019 08:43:00.000,6407.998,6407.998,6406.998,6406.998,0.0012
28.05.2019 08:44:00.000,6406.997,6407.998,6403.997,6403.998,0.003
28.05.2019 08:45:00.000,6403.997,6407.998,6403.997,6407.998,0.0045
28.05.2019 08:46:00.000,6408.997,6408.998,6405.997,6408.998,0.0044
28.05.2019 08:47:00.000,6408.997,6409.997,6405.997,6406.998,0.0051
28.05.2019 08:48:00.000,6406.998,6408.998,6406.998,6408.998,0.0023
28.05.2019 08:49:00.000,6407.998,6407.998,6402.997,6403.998,0.0056
28.05.2019 08:50:00.000,6402.998,6406.998,6402.998,6406.997,0.0051
28.05.2019 08:51:00.000,6406.998,6406.998,6402.998,6403.998,0.0046
28.05.2019 08:52:00.000,6403.998,6407.998,6403.998,6406.998,0.0022
28.05.2019 08:53:00.000,6406.997,6406.998,6401.997,6403.997,0.0076
28.05.2019 08:54:00.000,6403.997,6405.998,6403.997,6403.998,0.007
28.05.2019 08:55:00.000,6403.998,6403.998,6403.997,6403.997,0.0009
28.05.2019 08:56:00.000,6403.998,6406.998,6403.998,6405.997,0.0077
28.05.2019 08:57:00.000,6405.998,6405.998,6403.997,6403.997,0.0071
28.05.2019 08:58:00.000,6403.998,6404.998,6403.998,6403.998,0.0007
28.05.2019 08:59:00.000,6403.998,6403.998,6401.997,6402.998,0.003
28.05.2019 09:00:00.000,6402.997,6403.998,6402.997,6403.998,0.0038
28.05.2019 09:01:00.000,6403.997,6405.998,6403.997,6405.997,0.0128
28.05.2019 09:02:00.000,6405.998,6407.998,6405.997,6406.998,0.0059
28.05.2019 09:03:00.000,6407.998,6408.998,6407.997,6408.998,0.0018
28.05.2019 09:04:00.000,6407.998,6407.998,6407.997,6407.998,0.001
28.05.2019 09:05:00.000,6407.997,6407.998,6401.998,6403.997,0.0055
28.05.2019 09:06:00.000,6402.997,6406.998,6401.997,6405.998,0.0039
28.05.2019 09:07:00.000,6405.998,6406.998,6402.998,6403.998,0.0031
28.05.2019 09:08:00.000,6403.997,6403.998,6401.997,6401.998,0.0032
28.05.2019 09:09:00.000,6401.997,6402.998,6399.997,6400.998,0.0049
28.05.2019 09:10:00.000,6400.997,6401.998,6398.998,6401.998,0.0038
28.05.2019 09:11:00.000,6400.998,6402.998,6399.997,6402.997,0.0041
28.05.2019 09:12:00.000,6402.997,6403.998,6402.997,6403.998,0.0012
28.05.2019 09:13:00.000,6404.998,6404.998,6399.998,6399.998,0.0019
28.05.2019 09:14:00.000,6400.998,6401.998,6399.998,6400.998,0.0064
28.05.2019 09:15:00.000,6400.998,6401.998,6400.997,6401.997,0.0079
28.05.2019 09:16:00.000,6401.997,6403.998,6399.997,6401.997,0.0079
28.05.2019 09:17:00.000,6401.998,6401.998,6400.997,6400.998,0.0063
28.05.2019 09:18:00.000,6401.998,6401.998,6399.997,6399.998,0.0086
28.05.2019 09:19:00.000,6399.997,6400.998,6399.997,6400.998,0.0049
28.05.2019 09:20:00.000,6401.998,6402.997,6398.998,6400.998,0.007
28.05.2019 09:21:00.000,6400.997,6401.997,6398.998,6400.998,0.0056
28.05.2019 09:22:00.000,6400.998,6400.998,6397.998,6398.998,0.0019
28.05.2019 09:23:00.000,6398.750,6398.750,6396.997,6397.998,0.0068
28.05.2019 09:24:00.000,6397.997,6397.998,6396.997,6396.997,0.002
28.05.2019 09:25:00.000,6396.997,6396.998,6394.997,6394.998,0.0029
28.05.2019 09:26:00.000,6393.998,6395.998,6393.997,6395.997,0.0074
28.05.2019 09:27:00.000,6395.997,6395.998,6394.997,6395.997,0.0024
28.05.2019 09:28:00.000,6395.997,6400.998,6392.998,6393.998,0.0151
28.05.2019 09:29:00.000,6393.997,6397.998,6392.997,6395.997,0.0088
28.05.2019 09:30:00.000,6396.998,6396.998,6388.997,6388.998,0.0149
28.05.2019 09:31:00.000,6389.998,6389.998,6384.998,6387.998,0.0101
28.05.2019 09:32:00.000,6388.997,6388.998,6387.997,6388.997,0.0043
28.05.2019 09:33:00.000,6388.998,6388.998,6387.998,6388.998,0.001
28.05.2019 09:34:00.000,6387.997,6387.997,6382.997,6382.997,0.0041
28.05.2019 09:35:00.000,6382.998,6384.998,6382.997,6384.997,0.0051
28.05.2019 09:36:00.000,6384.998,6384.998,6380.998,6380.998,0.0018
28.05.2019 09:37:00.000,6381.998,6384.998,6380.997,6380.998,0.0055
28.05.2019 09:38:00.000,6381.998,6383.998,6381.997,6382.997,0.0013
28.05.2019 09:39:00.000,6382.998,6385.998,6382.998,6385.998,0.0016
28.05.2019 09:40:00.000,6385.997,6386.998,6385.997,6386.998,0.0041
28.05.2019 09:41:00.000,6386.998,6387.998,6384.998,6385.998,0.0062
28.05.2019 09:42:00.000,6386.997,6386.998,6380.997,6380.997,0.0065
28.05.2019 09:43:00.000,6380.998,6381.998,6379.997,6380.998,0.0037
28.05.2019 09:44:00.000,6380.998,6380.998,6380.998,6380.998,0.0001
28.05.2019 09:45:00.000,6380.997,6380.997,6377.997,6378.998,0.0056
28.05.2019 09:46:00.000,6377.998,6379.998,6377.997,6378.998,0.0023
28.05.2019 09:47:00.000,6377.997,6377.997,6372.997,6372.997,0.0062
28.05.2019 09:48:00.000,6372.997,6374.998,6371.998,6374.998,0.0054
28.05.2019 09:49:00.000,6374.997,6374.997,6365.997,6367.998,0.0076
28.05.2019 09:50:00.000,6367.998,6368.998,6365.998,6366.998,0.0013
28.05.2019 09:51:00.000,6366.997,6368.998,6363.998,6366.998,0.0085
28.05.2019 09:52:00.000,6366.998,6366.998,6360.998,6361.998,0.006
28.05.2019 09:53:00.000,6361.997,6367.998,6361.997,6367.997,0.0081
28.05.2019 09:54:00.000,6367.998,6367.998,6363.997,6366.998,0.0031
28.05.2019 09:55:00.000,6366.997,6370.998,6365.998,6370.998,0.0048
28.05.2019 09:56:00.000,6372.998,6376.998,6372.997,6376.998,0.0037
28.05.2019 09:57:00.000,6377.998,6377.998,6372.998,6373.998,0.0069
28.05.2019 09:58:00.000,6374.998,6377.998,6373.997,6376.997,0.0059
28.05.2019 09:59:00.000,6377.998,6378.998,6374.998,6376.998,0.01
28.05.2019 10:00:00.000,6376.997,6376.997,6371.997,6371.997,0.0017
28.05.2019 10:01:00.000,6371.998,6372.998,6369.998,6370.997,0.0044
28.05.2019 10:02:00.000,6370.998,6371.998,6368.997,6368.997,0.0031
28.05.2019 10:03:00.000,6369.998,6369.998,6365.997,6366.997,0.0035
28.05.2019 10:04:00.000,6366.998,6366.998,6365.997,6365.997,0.0018
28.05.2019 10:05:00.000,6365.998,6366.998,6361.997,6363.998,0.005
28.05.2019 10:06:00.000,6363.997,6363.998,6363.997,6363.997,0.0016
28.05.2019 10:07:00.000,6363.997,6363.998,6362.997,6362.998,0.0025
28.05.2019 10:08:00.000,6362.997,6363.998,6362.997,6362.997,0.0008
28.05.2019 10:09:00.000,6362.997,6363.998,6359.997,6363.998,0.0057
28.05.2019 10:10:00.000,6363.750,6364.998,6360.998,6361.998,0.0088
28.05.2019 10:11:00.000,6362.998,6365.998,6361.997,6363.998,0.0062
28.05.2019 10:12:00.000,6361.998,6362.998,6361.997,6361.997,0.0031
28.05.2019 10:13:00.000,6362.997,6363.998,6362.997,6363.998,0.0007
28.05.2019 10:14:00.000,6363.998,6363.998,6361.998,6362.997,0.002
28.05.2019 10:15:00.000,6362.998,6364.998,6359.998,6359.998,0.0029
28.05.2019 10:16:00.000,6358.998,6360.998,6357.998,6360.998,0.0038
28.05.2019 10:17:00.000,6360.998,6362.998,6355.997,6355.997,0.006
28.05.2019 10:18:00.000,6355.998,6355.998,6351.998,6354.998,0.0067
28.05.2019 10:19:00.000,6354.750,6354.750,6350.997,6352.998,0.0071
28.05.2019 10:20:00.000,6350.998,6357.998,6350.997,6357.998,0.0069
28.05.2019 10:21:00.000,6357.998,6358.998,6354.997,6358.997,0.005
28.05.2019 10:22:00.000,6358.998,6359.998,6356.997,6358.997,0.0026
28.05.2019 10:23:00.000,6358.998,6358.998,6354.997,6357.998,0.0025
28.05.2019 10:24:00.000,6357.997,6359.998,6357.997,6359.998,0.0022
28.05.2019 10:25:00.000,6359.997,6359.998,6355.998,6358.997,0.0049
28.05.2019 10:26:00.000,6358.998,6358.998,6356.997,6357.998,0.0015
28.05.2019 10:27:00.000,6358.998,6360.998,6356.998,6360.998,0.0028
28.05.2019 10:28:00.000,6359.997,6360.998,6359.997,6360.998,0.0079
28.05.2019 10:29:00.000,6359.998,6364.998,6359.997,6364.997,0.0065
28.05.2019 10:30:00.000,6365.997,6366.998,6363.997,6366.998,0.0092
28.05.2019 10:31:00.000,6366.997,6366.998,6365.997,6365.997,0.003
28.05.2019 10:32:00.000,6365.998,6366.998,6364.997,6366.998,0.0048
28.05.2019 10:33:00.000,6366.750,6366.750,6363.997,6363.998,0.0022
28.05.2019 10:34:00.000,6363.998,6363.998,6359.998,6361.998,0.0037
28.05.2019 10:35:00.000,6362.997,6363.998,6361.998,6363.998,0.0032
28.05.2019 10:36:00.000,6365.998,6366.998,6365.997,6366.997,0.0012
28.05.2019 10:37:00.000,6366.998,6368.998,6366.997,6368.997,0.0073
28.05.2019 10:38:00.000,6368.997,6371.998,6367.997,6371.998,0.0057
28.05.2019 10:39:00.000,6371.997,6371.998,6369.997,6369.997,0.0071
28.05.2019 10:40:00.000,6369.998,6369.998,6363.997,6365.998,0.0044
28.05.2019 10:41:00.000,6365.997,6365.998,6363.998,6365.998,0.004
28.05.2019 10:42:00.000,6364.998,6365.998,6362.997,6362.998,0.0018
28.05.2019 10:43:00.000,6363.997,6363.998,6361.997,6361.998,0.0032
28.05.2019 10:44:00.000,6361.997,6364.998,6361.997,6364.998,0.0037
28.05.2019 10:45:00.000,6363.998,6365.998,6359.998,6359.998,0.0058
28.05.2019 10:46:00.000,6358.998,6359.998,6356.997,6357.998,0.0054
28.05.2019 10:47:00.000,6357.997,6359.998,6355.997,6359.998,0.006
28.05.2019 10:48:00.000,6359.997,6359.998,6358.997,6358.997,0.0016
28.05.2019 10:49:00.000,6358.998,6361.998,6358.998,6360.997,0.0032
28.05.2019 10:50:00.000,6360.998,6360.998,6358.998,6359.998,0.0027
28.05.2019 10:51:00.000,6359.998,6363.998,6359.998,6363.997,0.0069
28.05.2019 10:52:00.000,6363.997,6366.997,6363.997,6365.997,0.0077
28.05.2019 10:53:00.000,6365.997,6365.997,6362.997,6363.998,0.0052
28.05.2019 10:54:00.000,6363.997,6366.998,6363.997,6365.998,0.0069
28.05.2019 10:55:00.000,6366.998,6369.998,6365.997,6369.997,0.0047
28.05.2019 10:56:00.000,6369.998,6370.998,6369.997,6369.998,0.0104
28.05.2019 10:57:00.000,6370.998,6370.998,6369.998,6370.997,0.0044
28.05.2019 10:58:00.000,6370.998,6374.998,6368.998,6370.997,0.0107
28.05.2019 10:59:00.000,6369.998,6371.998,6366.997,6370.998,0.0095
28.05.2019 11:00:00.000,6368.998,6368.998,6366.997,6366.997,0.0005
28.05.2019 11:02:00.000,6369.998,6370.998,6367.998,6368.998,0.0064
28.05.2019 11:03:00.000,6369.998,6372.998,6369.998,6371.998,0.0021
28.05.2019 11:04:00.000,6371.997,6374.998,6370.997,6371.998,0.0089
28.05.2019 11:05:00.000,6371.998,6374.997,6371.998,6372.997,0.0027
28.05.2019 11:06:00.000,6372.998,6376.998,6372.997,6374.998,0.0066
28.05.2019 11:07:00.000,6375.997,6377.998,6374.998,6377.997,0.0047
28.05.2019 11:08:00.000,6376.997,6376.998,6372.998,6373.998,0.0065
28.05.2019 11:09:00.000,6373.997,6374.998,6371.997,6374.998,0.005
28.05.2019 11:10:00.000,6374.997,6374.998,6369.998,6372.998,0.0089
28.05.2019 11:11:00.000,6372.997,6374.998,6371.997,6374.998,0.0037
28.05.2019 11:12:00.000,6374.997,6374.997,6371.997,6371.998,0.004
28.05.2019 11:13:00.000,6371.997,6372.998,6371.997,6371.998,0.0027
28.05.2019 11:14:00.000,6373.998,6375.998,6373.997,6375.997,0.0034
28.05.2019 11:15:00.000,6375.998,6375.998,6374.997,6374.998,0.0041
28.05.2019 11:16:00.000,6374.997,6374.998,6372.997,6372.998,0.0075
28.05.2019 11:17:00.000,6372.997,6373.998,6371.997,6371.998,0.0072
28.05.2019 11:18:00.000,6371.997,6374.998,6371.997,6373.997,0.0039
28.05.2019 11:19:00.000,6373.998,6375.998,6373.997,6375.998,0.002
28.05.2019 11:20:00.000,6376.997,6380.997,6376.997,6378.998,0.0041
28.05.2019 11:21:00.000,6378.997,6378.998,6377.997,6377.997,0.0028
28.05.2019 11:22:00.000,6377.998,6382.998,6377.998,6382.998,0.004
28.05.2019 11:23:00.000,6383.997,6384.998,6381.998,6383.997,0.0037
28.05.2019 11:24:00.000,6383.998,6384.998,6381.997,6383.998,0.0047
28.05.2019 11:25:00.000,6382.998,6383.998,6381.998,6382.998,0.001
28.05.2019 11:26:00.000,6383.998,6384.998,6381.997,6383.998,0.0063
28.05.2019 11:27:00.000,6383.997,6384.998,6383.997,6383.998,0.0074
28.05.2019 11:28:00.000,6383.997,6383.997,6379.997,6380.998,0.0029
28.05.2019 11:29:00.000,6380.997,6381.998,6379.997,6379.998,0.0018
28.05.2019 11:30:00.000,6379.998,6379.998,6375.997,6375.998,0.0038
28.05.2019 11:31:00.000,6375.998,6375.998,6372.997,6372.998,0.0023
28.05.2019 11:32:00.000,6372.997,6373.998,6371.997,6371.997,0.0025
28.05.2019 11:33:00.000,6371.998,6372.998,6370.997,6370.998,0.0025
28.05.2019 11:34:00.000,6371.998,6374.998,6370.998,6374.997,0.004
28.05.2019 11:35:00.000,6375.998,6375.998,6370.997,6372.998,0.0055
28.05.2019 11:36:00.000,6372.998,6373.998,6366.998,6366.998,0.0045
28.05.2019 11:37:00.000,6366.997,6367.998,6365.998,6367.997,0.0028
28.05.2019 11:38:00.000,6366.998,6368.998,6366.998,6368.998,0.0035
28.05.2019 11:39:00.000,6368.997,6368.998,6365.998,6367.997,0.0038
28.05.2019 11:40:00.000,6367.997,6369.998,6366.998,6369.997,0.0027
28.05.2019 11:41:00.000,6369.998,6372.998,6368.997,6371.998,0.0049
28.05.2019 11:42:00.000,6372.998,6372.998,6370.998,6371.998,0.0052
28.05.2019 11:43:00.000,6370.998,6373.998,6370.998,6372.998,0.0066
28.05.2019 11:44:00.000,6372.998,6373.998,6372.997,6373.998,0.0033
28.05.2019 11:45:00.000,6373.997,6373.998,6372.997,6372.998,0.0027
28.05.2019 11:46:00.000,6372.997,6372.998,6370.997,6371.998,0.0064
28.05.2019 11:47:00.000,6371.997,6371.998,6368.998,6368.998,0.0012
28.05.2019 11:48:00.000,6369.998,6369.998,6364.997,6364.997,0.0021
28.05.2019 11:49:00.000,6365.998,6365.998,6364.997,6364.997,0.0037
28.05.2019 11:50:00.000,6365.997,6366.998,6364.997,6366.998,0.004
28.05.2019 11:51:00.000,6367.998,6376.500,6365.998,6375.997,0.0053
28.05.2019 11:52:00.000,6375.998,6376.998,6373.998,6375.998,0.0036
28.05.2019 11:53:00.000,6373.998,6377.998,6373.998,6377.997,0.0048
28.05.2019 11:54:00.000,6377.997,6380.998,6374.998,6380.998,0.0074
28.05.2019 11:55:00.000,6380.998,6385.998,6379.997,6384.997,0.0081
28.05.2019 11:56:00.000,6384.998,6388.998,6384.998,6385.998,0.0071
28.05.2019 11:57:00.000,6385.998,6391.998,6384.997,6390.998,0.0119
28.05.2019 11:58:00.000,6391.998,6392.998,6389.997,6389.997,0.0049
28.05.2019 11:59:00.000,6391.998,6392.998,6387.998,6388.997,0.004
28.05.2019 12:00:00.000,6389.997,6393.998,6389.997,6392.997,0.0067
28.05.2019 12:01:00.000,6392.998,6392.998,6389.997,6389.998,0.0034
28.05.2019 12:02:00.000,6390.998,6392.998,6390.997,6391.998,0.0026
28.05.2019 12:03:00.000,6392.998,6396.998,6392.997,6395.998,0.0066
28.05.2019 12:04:00.000,6394.998,6395.998,6391.997,6394.998,0.0073
28.05.2019 12:05:00.000,6395.998,6401.998,6394.997,6400.997,0.0066
28.05.2019 12:06:00.000,6401.997,6402.998,6401.997,6402.997,0.0052
28.05.2019 12:07:00.000,6402.997,6403.998,6401.998,6403.998,0.0062
28.05.2019 12:08:00.000,6403.750,6403.750,6398.998,6400.997,0.0018
28.05.2019 12:09:00.000,6400.998,6400.998,6398.998,6398.998,0.0005
28.05.2019 12:10:00.000,6399.997,6402.998,6399.997,6401.998,0.0017
28.05.2019 12:11:00.000,6402.998,6404.998,6402.997,6404.998,0.0043
28.05.2019 12:12:00.000,6404.997,6404.998,6404.997,6404.998,0.0013
28.05.2019 12:13:00.000,6404.997,6408.997,6402.997,6406.997,0.0082
28.05.2019 12:14:00.000,6406.998,6408.998,6406.997,6407.997,0.0028
28.05.2019 12:15:00.000,6408.997,6410.998,6406.998,6406.998,0.0129
28.05.2019 12:16:00.000,6407.998,6407.998,6406.998,6406.998,0.0012
28.05.2019 12:17:00.000,6406.997,6408.998,6404.998,6406.998,0.0031
28.05.2019 12:18:00.000,6406.997,6408.998,6404.997,6406.997,0.012
28.05.2019 12:19:00.000,6406.998,6407.998,6406.997,6407.998,0.014
28.05.2019 12:20:00.000,6407.998,6407.998,6407.997,6407.997,0.0147
28.05.2019 12:21:00.000,6407.998,6410.998,6407.997,6410.997,0.0091
28.05.2019 12:22:00.000,6410.997,6410.997,6406.997,6408.998,0.0064
28.05.2019 12:23:00.000,6408.997,6408.998,6407.997,6407.998,0.014
28.05.2019 12:24:00.000,6407.997,6407.998,6407.997,6407.998,0.0079
28.05.2019 12:25:00.000,6407.997,6407.998,6407.997,6407.997,0.0055
28.05.2019 12:26:00.000,6407.998,6407.998,6407.997,6407.997,0.0111
28.05.2019 12:27:00.000,6407.998,6407.998,6407.997,6407.998,0.0091
28.05.2019 12:28:00.000,6407.997,6409.997,6407.997,6408.997,0.0133
28.05.2019 12:29:00.000,6408.998,6408.998,6408.997,6408.998,0.0064
28.05.2019 12:30:00.000,6408.997,6408.998,6404.997,6406.997,0.0098
28.05.2019 12:31:00.000,6406.998,6406.998,6406.997,6406.998,0.0029
28.05.2019 12:32:00.000,6406.997,6409.997,6406.997,6407.997,0.0088
28.05.2019 12:33:00.000,6407.998,6408.998,6407.997,6407.998,0.0172
28.05.2019 12:34:00.000,6407.997,6408.998,6407.997,6408.998,0.0083
28.05.2019 12:35:00.000,6408.997,6417.998,6407.998,6417.998,0.0087
28.05.2019 12:36:00.000,6417.997,6419.998,6417.997,6418.998,0.0067
28.05.2019 12:37:00.000,6419.998,6421.998,6419.997,6421.998,0.0047
28.05.2019 12:38:00.000,6421.998,6424.998,6421.997,6424.998,0.0074
28.05.2019 12:39:00.000,6424.997,6424.997,6421.998,6422.997,0.0024
28.05.2019 12:40:00.000,6422.998,6422.998,6419.997,6420.998,0.0044
28.05.2019 12:41:00.000,6420.998,6422.998,6420.998,6422.998,0.0061
28.05.2019 12:42:00.000,6423.997,6426.998,6420.998,6421.997,0.0048
28.05.2019 12:43:00.000,6421.998,6421.998,6417.997,6419.998,0.0025
28.05.2019 12:44:00.000,6419.997,6420.998,6417.997,6419.998,0.0047
28.05.2019 12:45:00.000,6419.998,6419.998,6417.997,6417.998,0.0071
28.05.2019 12:46:00.000,6417.997,6420.998,6417.997,6420.998,0.0047
28.05.2019 12:47:00.000,6419.998,6419.998,6413.997,6416.997,0.0038
28.05.2019 12:48:00.000,6416.750,6416.750,6412.997,6415.998,0.0066
28.05.2019 12:49:00.000,6416.998,6420.998,6415.997,6419.997,0.0091
28.05.2019 12:50:00.000,6419.998,6422.998,6417.997,6419.998,0.0089
28.05.2019 12:51:00.000,6420.998,6423.998,6420.997,6423.998,0.0053
28.05.2019 12:52:00.000,6423.998,6427.998,6423.997,6426.997,0.0111
28.05.2019 12:53:00.000,6426.998,6426.998,6412.997,6412.998,0.0215
28.05.2019 12:54:00.000,6413.998,6415.998,6413.997,6415.998,0.0123
28.05.2019 12:55:00.000,6415.997,6424.998,6415.997,6421.998,0.0135
28.05.2019 12:56:00.000,6422.998,6422.998,6416.998,6418.998,0.008
28.05.2019 12:57:00.000,6418.998,6419.998,6417.998,6418.998,0.005
28.05.2019 12:58:00.000,6419.997,6421.998,6418.997,6420.998,0.0055
28.05.2019 12:59:00.000,6420.997,6421.998,6413.997,6413.997,0.0059
28.05.2019 13:00:00.000,6413.997,6416.998,6412.998,6414.998,0.0037
28.05.2019 13:01:00.000,6414.997,6417.998,6414.997,6414.997,0.0051
28.05.2019 13:02:00.000,6414.998,6415.998,6412.997,6413.998,0.0076
28.05.2019 13:03:00.000,6413.998,6414.998,6412.997,6412.998,0.005
28.05.2019 13:04:00.000,6412.997,6412.998,6409.998,6410.998,0.0102
28.05.2019 13:05:00.000,6410.997,6411.998,6404.997,6405.997,0.0061
28.05.2019 13:06:00.000,6405.998,6405.998,6402.997,6403.997,0.0018
28.05.2019 13:07:00.000,6403.997,6405.998,6402.997,6405.997,0.0053
28.05.2019 13:08:00.000,6405.998,6407.998,6405.997,6406.997,0.0042
28.05.2019 13:09:00.000,6405.998,6405.998,6402.998,6402.998,0.0012
28.05.2019 13:10:00.000,6402.998,6403.998,6401.998,6401.998,0.0022
28.05.2019 13:11:00.000,6403.998,6404.998,6401.998,6402.998,0.0042
28.05.2019 13:12:00.000,6402.998,6403.998,6401.997,6402.998,0.0027
28.05.2019 13:13:00.000,6402.998,6403.998,6402.997,6402.998,0.0037
28.05.2019 13:14:00.000,6402.997,6402.998,6402.997,6402.997,0.0018
28.05.2019 13:15:00.000,6402.998,6404.997,6402.997,6402.998,0.0061
28.05.2019 13:16:00.000,6403.998,6403.998,6396.998,6398.998,0.01
28.05.2019 13:17:00.000,6399.997,6399.998,6397.997,6399.997,0.0026
28.05.2019 13:18:00.000,6399.998,6399.998,6395.997,6396.997,0.0054
28.05.2019 13:19:00.000,6396.998,6397.998,6394.997,6394.998,0.0019
28.05.2019 13:20:00.000,6394.997,6394.998,6390.998,6390.998,0.0047
28.05.2019 13:21:00.000,6391.997,6391.997,6385.997,6385.997,0.0054
28.05.2019 13:22:00.000,6385.998,6388.998,6385.997,6387.998,0.0018
28.05.2019 13:23:00.000,6387.998,6387.998,6385.998,6385.998,0.0022
28.05.2019 13:24:00.000,6385.997,6385.998,6384.997,6384.998,0.0016
28.05.2019 13:25:00.000,6386.750,6388.997,6380.998,6380.998,0.0049
28.05.2019 13:26:00.000,6381.998,6383.998,6380.998,6380.998,0.0021
28.05.2019 13:27:00.000,6381.997,6386.997,6381.997,6385.997,0.0015
28.05.2019 13:28:00.000,6386.998,6388.998,6386.997,6388.997,0.0045
28.05.2019 13:29:00.000,6388.998,6388.998,6383.997,6384.998,0.0064
28.05.2019 13:30:00.000,6385.998,6391.998,6384.997,6388.998,0.011
28.05.2019 13:31:00.000,6388.998,6389.998,6385.997,6386.998,0.011
28.05.2019 13:32:00.000,6387.998,6395.998,6386.998,6395.998,0.0077
28.05.2019 13:33:00.000,6396.998,6396.998,6384.998,6387.998,0.0095
28.05.2019 13:34:00.000,6388.998,6392.998,6387.998,6392.998,0.0063
28.05.2019 13:35:00.000,6391.998,6394.998,6390.998,6393.997,0.0117
28.05.2019 13:36:00.000,6393.998,6396.997,6393.997,6394.997,0.0084
28.05.2019 13:37:00.000,6394.998,6399.998,6394.998,6399.998,0.0045
28.05.2019 13:38:00.000,6399.998,6400.998,6397.997,6399.998,0.0071
28.05.2019 13:39:00.000,6399.997,6400.998,6398.997,6400.998,0.0058
28.05.2019 13:40:00.000,6400.997,6403.998,6400.997,6403.998,0.0103
28.05.2019 13:41:00.000,6403.997,6405.998,6400.997,6402.998,0.0132
28.05.2019 13:42:00.000,6402.997,6404.998,6400.998,6401.998,0.0054
28.05.2019 13:43:00.000,6402.997,6404.998,6400.998,6400.998,0.0132
28.05.2019 13:44:00.000,6401.998,6401.998,6397.997,6398.998,0.0057
28.05.2019 13:45:00.000,6399.998,6400.998,6397.997,6398.997,0.0067
28.05.2019 13:46:00.000,6398.998,6398.998,6396.998,6397.998,0.0046
28.05.2019 13:47:00.000,6395.998,6395.998,6390.997,6392.997,0.0072
28.05.2019 13:48:00.000,6392.998,6394.998,6391.997,6392.997,0.0062
28.05.2019 13:49:00.000,6392.998,6393.998,6391.997,6392.997,0.0127
28.05.2019 13:50:00.000,6392.998,6392.998,6389.997,6391.998,0.0125
28.05.2019 13:51:00.000,6391.998,6391.998,6386.997,6388.998,0.0078
28.05.2019 13:52:00.000,6388.997,6390.998,6387.997,6388.998,0.0059
28.05.2019 13:53:00.000,6388.997,6388.998,6384.998,6385.998,0.0086
28.05.2019 13:54:00.000,6385.998,6386.998,6384.997,6385.998,0.0074
28.05.2019 13:55:00.000,6385.997,6389.998,6385.997,6389.998,0.0124
28.05.2019 13:56:00.000,6390.998,6391.998,6390.997,6391.998,0.0093
28.05.2019 13:57:00.000,6391.997,6396.998,6391.997,6396.998,0.0075
28.05.2019 13:58:00.000,6395.998,6398.998,6395.997,6398.997,0.0101
28.05.2019 13:59:00.000,6398.998,6400.998,6398.997,6400.998,0.0046
28.05.2019 14:00:00.000,6400.998,6401.998,6398.998,6400.998,0.0093
28.05.2019 14:01:00.000,6400.997,6401.997,6396.997,6399.997,0.013
28.05.2019 14:02:00.000,6399.998,6402.998,6396.997,6402.998,0.0124
28.05.2019 14:03:00.000,6403.997,6406.998,6401.997,6404.997,0.0106
28.05.2019 14:04:00.000,6405.998,6407.998,6403.998,6404.998,0.0105
28.05.2019 14:05:00.000,6405.998,6406.998,6405.997,6406.998,0.0108
28.05.2019 14:06:00.000,6406.997,6406.998,6401.998,6406.998,0.0222
28.05.2019 14:07:00.000,6406.998,6406.998,6405.998,6406.998,0.0033
28.05.2019 14:08:00.000,6406.997,6406.998,6404.997,6406.998,0.0196
28.05.2019 14:09:00.000,6406.998,6407.998,6403.997,6405.997,0.0074
28.05.2019 14:10:00.000,6405.998,6405.998,6401.997,6402.998,0.0104
28.05.2019 14:11:00.000,6403.997,6403.998,6400.997,6400.997,0.008
28.05.2019 14:12:00.000,6400.998,6402.998,6400.997,6402.997,0.0045
28.05.2019 14:13:00.000,6402.998,6402.998,6399.998,6401.998,0.0069
28.05.2019 14:14:00.000,6401.997,6404.998,6399.998,6404.998,0.0097
28.05.2019 14:15:00.000,6404.997,6406.998,6404.997,6405.997,0.0128
28.05.2019 14:16:00.000,6405.998,6406.998,6401.998,6403.998,0.0132
28.05.2019 14:17:00.000,6403.998,6406.998,6401.997,6406.998,0.0091
28.05.2019 14:18:00.000,6406.997,6407.998,6406.997,6407.998,0.0034
28.05.2019 14:19:00.000,6407.997,6407.998,6407.997,6407.997,0.0079
28.05.2019 14:20:00.000,6407.997,6407.998,6403.997,6407.998,0.0135
28.05.2019 14:21:00.000,6407.997,6409.998,6405.997,6406.998,0.0139
28.05.2019 14:22:00.000,6406.997,6407.998,6404.997,6405.997,0.0119
28.05.2019 14:23:00.000,6405.998,6406.998,6405.997,6406.998,0.025
28.05.2019 14:24:00.000,6406.997,6407.998,6406.997,6406.998,0.0048
28.05.2019 14:25:00.000,6406.997,6406.997,6402.997,6403.998,0.0167
28.05.2019 14:26:00.000,6403.997,6404.998,6401.997,6401.998,0.0064
28.05.2019 14:27:00.000,6401.998,6405.998,6401.997,6405.997,0.0117
28.05.2019 14:28:00.000,6405.998,6405.998,6405.997,6405.998,0.0053
28.05.2019 14:29:00.000,6404.998,6405.998,6396.998,6398.997,0.0109
28.05.2019 14:30:00.000,6398.998,6402.998,6396.998,6401.998,0.0082
28.05.2019 14:31:00.000,6401.997,6401.997,6394.997,6394.998,0.0124
28.05.2019 14:32:00.000,6395.997,6395.998,6392.997,6394.997,0.0096
28.05.2019 14:33:00.000,6395.998,6396.998,6392.997,6392.997,0.0066
28.05.2019 14:34:00.000,6392.998,6393.998,6390.997,6391.998,0.0075
28.05.2019 14:35:00.000,6391.997,6394.998,6391.997,6392.998,0.0197
28.05.2019 14:36:00.000,6391.997,6401.998,6391.997,6398.997,0.0155
28.05.2019 14:37:00.000,6399.997,6399.998,6396.997,6396.998,0.011
28.05.2019 14:38:00.000,6397.998,6399.998,6396.997,6396.998,0.011
28.05.2019 14:39:00.000,6396.997,6397.998,6392.998,6393.998,0.0122
28.05.2019 14:40:00.000,6394.997,6395.998,6392.997,6392.998,0.0108
28.05.2019 14:41:00.000,6393.997,6393.998,6393.997,6393.997,0.0002
28.05.2019 14:42:00.000,6393.997,6394.998,6391.997,6393.998,0.0168
28.05.2019 14:43:00.000,6393.997,6393.998,6392.997,6392.998,0.0015
28.05.2019 14:44:00.000,6392.750,6392.750,6388.997,6388.998,0.0058
28.05.2019 14:45:00.000,6388.997,6388.997,6382.997,6382.997,0.0079
28.05.2019 14:46:00.000,6382.998,6384.998,6381.997,6382.998,0.0068
28.05.2019 14:47:00.000,6382.997,6382.998,6379.998,6380.998,0.0046
28.05.2019 14:48:00.000,6380.997,6389.998,6380.997,6388.998,0.0183
28.05.2019 14:49:00.000,6388.997,6388.998,6384.997,6386.997,0.0174
28.05.2019 14:50:00.000,6386.998,6387.998,6383.997,6385.998,0.0115
28.05.2019 14:51:00.000,6384.998,6389.998,6384.998,6388.998,0.0066
28.05.2019 14:52:00.000,6387.997,6388.998,6384.997,6385.998,0.0111
28.05.2019 14:53:00.000,6386.997,6386.998,6385.997,6385.997,0.0071
28.05.2019 14:54:00.000,6385.998,6391.998,6385.997,6390.997,0.0168
28.05.2019 14:55:00.000,6390.998,6390.998,6387.997,6388.997,0.0144
28.05.2019 14:56:00.000,6389.997,6391.998,6388.997,6391.998,0.0103
28.05.2019 14:57:00.000,6391.997,6391.997,6387.997,6387.998,0.0148
28.05.2019 14:58:00.000,6387.997,6387.998,6384.997,6386.997,0.0116
28.05.2019 14:59:00.000,6386.998,6386.998,6377.998,6380.998,0.0161
28.05.2019 15:00:00.000,6380.997,6380.998,6376.997,6378.998,0.0271
28.05.2019 15:01:00.000,6379.998,6382.998,6379.997,6382.998,0.0097
28.05.2019 15:02:00.000,6381.997,6385.998,6381.997,6385.998,0.0151
28.05.2019 15:03:00.000,6385.997,6387.998,6383.998,6385.998,0.0106
28.05.2019 15:04:00.000,6385.997,6388.998,6385.997,6388.998,0.0105
28.05.2019 15:05:00.000,6388.997,6389.998,6385.997,6385.997,0.0118
28.05.2019 15:06:00.000,6385.998,6387.998,6384.997,6387.998,0.0098
28.05.2019 15:07:00.000,6387.997,6391.998,6387.997,6391.998,0.0105
28.05.2019 15:08:00.000,6391.997,6392.998,6391.997,6392.998,0.0064
28.05.2019 15:09:00.000,6392.997,6395.998,6391.997,6391.997,0.0136
28.05.2019 15:10:00.000,6391.998,6391.998,6387.997,6388.998,0.0056
28.05.2019 15:11:00.000,6388.997,6389.998,6388.997,6388.998,0.0062
28.05.2019 15:12:00.000,6388.998,6388.998,6386.997,6388.998,0.0052
28.05.2019 15:13:00.000,6388.997,6389.998,6388.997,6389.998,0.0078
28.05.2019 15:14:00.000,6389.997,6390.998,6388.997,6388.998,0.0102
28.05.2019 15:15:00.000,6389.998,6389.998,6386.998,6387.997,0.0062
28.05.2019 15:16:00.000,6387.998,6387.998,6385.997,6385.997,0.0124
28.05.2019 15:17:00.000,6385.998,6386.997,6383.997,6385.998,0.0139
28.05.2019 15:18:00.000,6385.997,6388.998,6385.997,6388.998,0.0059
28.05.2019 15:19:00.000,6389.997,6389.998,6388.997,6389.997,0.0081
28.05.2019 15:20:00.000,6389.997,6389.998,6383.997,6385.998,0.0211
28.05.2019 15:21:00.000,6385.997,6385.998,6382.997,6384.998,0.011
28.05.2019 15:22:00.000,6384.997,6385.998,6383.998,6385.998,0.0078
28.05.2019 15:23:00.000,6384.997,6384.998,6382.997,6383.998,0.0063
28.05.2019 15:24:00.000,6383.750,6384.998,6380.997,6384.997,0.0158
28.05.2019 15:25:00.000,6384.997,6385.998,6382.997,6382.998,0.021
28.05.2019 15:26:00.000,6382.997,6382.998,6377.997,6377.997,0.017
28.05.2019 15:27:00.000,6377.998,6382.998,6377.997,6380.997,0.0167
28.05.2019 15:28:00.000,6381.997,6385.998,6381.997,6385.998,0.0186
28.05.2019 15:29:00.000,6385.997,6385.998,6377.997,6377.997,0.0122
29.05.2019 07:01:00.000,6350.998,6371.997,6350.998,6371.997,0.0023
29.05.2019 07:02:00.000,6376.998,6379.998,6376.998,6378.997,0.0003
29.05.2019 07:03:00.000,6379.997,6382.500,6376.997,6378.000,0.0032
29.05.2019 07:04:00.000,6376.998,6376.998,6369.997,6372.998,0.0012
29.05.2019 07:05:00.000,6373.998,6382.998,6371.998,6371.998,0.0057
29.05.2019 07:06:00.000,6371.998,6376.998,6363.998,6363.998,0.0027
29.05.2019 07:07:00.000,6363.997,6377.998,6363.997,6377.998,0.0025
29.05.2019 07:08:00.000,6377.997,6377.998,6369.997,6375.997,0.0026
29.05.2019 07:09:00.000,6375.998,6387.997,6375.998,6384.998,0.0044
29.05.2019 07:10:00.000,6383.998,6386.998,6379.997,6379.998,0.0064
29.05.2019 07:11:00.000,6383.997,6387.998,6383.997,6385.998,0.0023
29.05.2019 07:12:00.000,6385.998,6385.998,6376.997,6382.998,0.0046
29.05.2019 07:13:00.000,6383.997,6383.998,6378.997,6378.998,0.003
29.05.2019 07:14:00.000,6378.750,6378.750,6361.997,6364.998,0.0046
29.05.2019 07:15:00.000,6364.997,6366.998,6357.997,6357.997,0.0026
29.05.2019 07:16:00.000,6357.998,6360.998,6355.997,6360.998,0.0021
29.05.2019 07:17:00.000,6360.997,6363.998,6354.998,6363.998,0.0033
29.05.2019 07:18:00.000,6361.997,6362.998,6352.998,6353.998,0.0039
29.05.2019 07:19:00.000,6355.998,6357.998,6351.997,6355.998,0.0031
29.05.2019 07:20:00.000,6356.997,6356.997,6350.998,6355.998,0.0034
29.05.2019 07:21:00.000,6355.998,6357.997,6350.998,6351.998,0.0031
29.05.2019 07:22:00.000,6352.998,6355.998,6350.998,6351.998,0.0016
29.05.2019 07:23:00.000,6351.997,6361.998,6350.998,6361.998,0.0048
29.05.2019 07:24:00.000,6360.998,6363.998,6357.997,6357.998,0.0032
29.05.2019 07:25:00.000,6358.998,6360.998,6356.998,6358.998,0.0033
29.05.2019 07:26:00.000,6360.998,6360.998,6358.997,6358.998,0.0013
29.05.2019 07:27:00.000,6358.998,6358.998,6353.997,6355.998,0.0057
29.05.2019 07:28:00.000,6355.997,6361.998,6355.997,6361.998,0.0042
29.05.2019 07:29:00.000,6362.997,6362.998,6356.998,6362.998,0.0028
29.05.2019 07:30:00.000,6362.997,6367.998,6361.998,6363.998,0.0081
29.05.2019 07:31:00.000,6363.998,6363.998,6359.997,6361.998,0.003
29.05.2019 07:32:00.000,6361.997,6365.998,6361.997,6365.997,0.0022
29.05.2019 07:33:00.000,6365.998,6367.998,6363.997,6363.998,0.0018
29.05.2019 07:34:00.000,6363.997,6364.998,6362.998,6362.998,0.0004
29.05.2019 07:35:00.000,6362.998,6366.998,6361.997,6366.998,0.0032
29.05.2019 07:36:00.000,6367.998,6367.998,6366.997,6367.997,0.0013
29.05.2019 07:37:00.000,6367.998,6367.998,6364.997,6367.998,0.0025
29.05.2019 07:38:00.000,6367.997,6371.997,6367.997,6371.997,0.0033
29.05.2019 07:39:00.000,6370.998,6371.998,6369.997,6371.997,0.004
29.05.2019 07:40:00.000,6370.997,6370.998,6367.997,6369.998,0.0045
29.05.2019 07:41:00.000,6369.998,6371.998,6369.997,6371.998,0.0033
29.05.2019 07:42:00.000,6371.997,6371.998,6368.997,6368.997,0.0035
29.05.2019 07:43:00.000,6369.998,6380.998,6369.997,6380.997,0.0068
29.05.2019 07:44:00.000,6380.998,6381.998,6374.998,6374.998,0.0142
29.05.2019 07:45:00.000,6374.997,6375.998,6372.997,6375.998,0.0035
29.05.2019 07:46:00.000,6373.997,6377.998,6373.997,6377.998,0.004
29.05.2019 07:47:00.000,6376.998,6381.997,6376.998,6380.998,0.0017
29.05.2019 07:48:00.000,6379.998,6383.998,6377.997,6383.998,0.009
29.05.2019 07:49:00.000,6383.998,6383.998,6379.997,6379.998,0.0023
29.05.2019 07:50:00.000,6379.997,6380.998,6379.997,6380.997,0.0022
29.05.2019 07:51:00.000,6380.997,6381.998,6378.997,6379.997,0.0052
29.05.2019 07:52:00.000,6379.998,6380.997,6372.998,6373.998,0.0049
29.05.2019 07:53:00.000,6374.997,6374.997,6371.997,6373.997,0.0094
29.05.2019 07:54:00.000,6372.998,6372.998,6367.997,6367.997,0.0022
29.05.2019 07:55:00.000,6367.997,6368.998,6365.998,6365.998,0.0064
29.05.2019 07:56:00.000,6365.997,6365.997,6360.997,6362.997,0.0016
29.05.2019 07:57:00.000,6362.997,6365.998,6362.997,6362.997,0.0019
29.05.2019 07:58:00.000,6362.997,6365.998,6360.998,6365.998,0.008
29.05.2019 07:59:00.000,6365.997,6367.750,6364.997,6365.998,0.0032
29.05.2019 08:00:00.000,6365.997,6366.997,6362.998,6363.998,0.0053
29.05.2019 08:01:00.000,6363.997,6365.998,6361.998,6365.997,0.0028
29.05.2019 08:02:00.000,6365.997,6365.997,6363.998,6364.998,0.0012
29.05.2019 08:03:00.000,6364.998,6364.998,6362.997,6364.998,0.0049
29.05.2019 08:04:00.000,6365.998,6365.998,6364.997,6364.998,0.0024
29.05.2019 08:05:00.000,6364.997,6364.997,6359.997,6359.997,0.0043
29.05.2019 08:06:00.000,6359.998,6363.997,6359.997,6363.997,0.0042
29.05.2019 08:07:00.000,6364.997,6366.998,6363.998,6366.998,0.0053
29.05.2019 08:08:00.000,6366.998,6366.998,6361.997,6365.998,0.0041
29.05.2019 08:09:00.000,6365.997,6366.998,6361.998,6366.997,0.0031
29.05.2019 08:10:00.000,6367.997,6370.998,6367.997,6368.998,0.006
29.05.2019 08:11:00.000,6368.997,6368.998,6363.997,6365.998,0.0077
29.05.2019 08:12:00.000,6366.998,6367.998,6363.997,6363.998,0.0029
29.05.2019 08:13:00.000,6363.997,6367.998,6363.997,6363.998,0.0027
29.05.2019 08:14:00.000,6363.998,6363.998,6359.997,6361.998,0.0036
29.05.2019 08:15:00.000,6362.998,6363.998,6362.997,6363.998,0.0014
29.05.2019 08:16:00.000,6363.997,6365.998,6363.997,6365.998,0.0059
29.05.2019 08:17:00.000,6365.997,6367.998,6364.997,6366.998,0.0043
29.05.2019 08:18:00.000,6366.998,6367.998,6364.998,6364.998,0.0029
29.05.2019 08:19:00.000,6364.997,6364.998,6358.997,6358.998,0.0029
29.05.2019 08:20:00.000,6359.998,6360.998,6359.998,6360.998,0.0016
29.05.2019 08:21:00.000,6360.998,6361.997,6360.998,6360.998,0.001
29.05.2019 08:22:00.000,6360.997,6361.998,6360.997,6360.997,0.0035
29.05.2019 08:23:00.000,6360.750,6360.750,6355.997,6355.998,0.0028
29.05.2019 08:24:00.000,6355.997,6357.998,6354.997,6354.997,0.002
29.05.2019 08:25:00.000,6354.997,6356.998,6353.998,6355.997,0.0045
29.05.2019 08:26:00.000,6354.998,6354.998,6352.997,6354.998,0.0038
29.05.2019 08:27:00.000,6355.998,6355.998,6354.997,6355.998,0.0035
29.05.2019 08:28:00.000,6356.997,6356.998,6355.997,6355.998,0.0009
29.05.2019 08:29:00.000,6355.997,6355.998,6353.997,6353.997,0.0011
29.05.2019 08:30:00.000,6353.998,6355.998,6350.998,6355.998,0.0024
29.05.2019 08:31:00.000,6356.997,6360.998,6354.997,6360.998,0.0053
29.05.2019 08:32:00.000,6360.998,6361.998,6357.997,6358.998,0.0064
29.05.2019 08:33:00.000,6358.997,6362.998,6358.997,6361.997,0.0024
29.05.2019 08:34:00.000,6362.997,6364.998,6361.998,6362.998,0.0044
29.05.2019 08:35:00.000,6361.998,6361.998,6358.998,6361.997,0.0039
29.05.2019 08:36:00.000,6361.997,6362.998,6359.997,6361.998,0.0036
29.05.2019 08:37:00.000,6361.997,6364.998,6361.997,6363.998,0.006
29.05.2019 08:38:00.000,6363.998,6363.998,6361.997,6362.998,0.0016
29.05.2019 08:39:00.000,6363.997,6365.998,6363.997,6364.998,0.0035
29.05.2019 08:40:00.000,6364.998,6364.998,6357.997,6357.998,0.0044
29.05.2019 08:41:00.000,6357.998,6358.998,6355.997,6355.997,0.0042
29.05.2019 08:42:00.000,6355.998,6355.998,6352.998,6355.998,0.0027
29.05.2019 08:43:00.000,6355.998,6355.998,6351.998,6352.997,0.0032
29.05.2019 08:44:00.000,6352.998,6353.998,6352.997,6352.997,0.0019
29.05.2019 08:45:00.000,6352.998,6353.998,6351.998,6353.998,0.0019
29.05.2019 08:46:00.000,6352.997,6353.998,6351.998,6353.998,0.0014
29.05.2019 08:47:00.000,6353.998,6353.998,6353.997,6353.998,0.0001
29.05.2019 08:48:00.000,6352.998,6353.998,6350.998,6351.998,0.0031
29.05.2019 08:49:00.000,6351.997,6351.997,6348.997,6348.998,0.0029
29.05.2019 08:50:00.000,6348.997,6352.998,6346.998,6351.998,0.0072
29.05.2019 08:51:00.000,6351.997,6351.997,6348.997,6349.997,0.0037
29.05.2019 08:52:00.000,6350.997,6351.998,6344.998,6346.997,0.0056
29.05.2019 08:53:00.000,6346.998,6346.998,6344.997,6344.997,0.0026
29.05.2019 08:54:00.000,6344.998,6344.998,6331.998,6333.998,0.0107
29.05.2019 08:55:00.000,6334.997,6335.998,6331.997,6331.997,0.0061
29.05.2019 08:56:00.000,6333.998,6336.998,6333.997,6336.997,0.0038
29.05.2019 08:57:00.000,6336.997,6339.998,6333.997,6334.998,0.0082
29.05.2019 08:58:00.000,6334.997,6335.998,6333.998,6333.998,0.0012
29.05.2019 08:59:00.000,6333.998,6334.998,6332.998,6334.998,0.0019
29.05.2019 09:00:00.000,6334.998,6334.998,6329.997,6332.998,0.0086
29.05.2019 09:01:00.000,6332.997,6338.998,6332.997,6336.997,0.0035
29.05.2019 09:02:00.000,6336.998,6340.998,6334.998,6340.997,0.0041
29.05.2019 09:03:00.000,6340.998,6342.998,6340.997,6341.998,0.0038
29.05.2019 09:04:00.000,6343.998,6345.998,6343.997,6345.997,0.0015
29.05.2019 09:05:00.000,6345.997,6346.998,6340.998,6340.998,0.0043
29.05.2019 09:06:00.000,6339.998,6339.998,6337.997,6339.998,0.0045
29.05.2019 09:07:00.000,6337.998,6339.998,6335.997,6336.998,0.0036
29.05.2019 09:08:00.000,6336.998,6336.998,6332.998,6335.998,0.0029
29.05.2019 09:09:00.000,6335.998,6337.998,6335.997,6336.997,0.0021
29.05.2019 09:10:00.000,6336.998,6336.998,6332.997,6334.998,0.0084
29.05.2019 09:11:00.000,6334.998,6334.998,6329.997,6330.998,0.0064
29.05.2019 09:12:00.000,6330.998,6330.998,6330.997,6330.997,0.0007
29.05.2019 09:13:00.000,6330.998,6330.998,6327.998,6329.998,0.0011
29.05.2019 09:14:00.000,6330.998,6330.998,6327.998,6327.998,0.0035
29.05.2019 09:15:00.000,6328.997,6331.998,6328.997,6330.997,0.0032
29.05.2019 09:16:00.000,6332.998,6332.998,6330.997,6332.997,0.0062
29.05.2019 09:17:00.000,6333.998,6335.998,6332.997,6333.998,0.0058
29.05.2019 09:18:00.000,6333.997,6334.998,6333.997,6334.998,0.007
29.05.2019 09:19:00.000,6334.998,6334.998,6331.997,6331.998,0.0008
29.05.2019 09:20:00.000,6334.998,6335.998,6328.997,6328.998,0.0102
29.05.2019 09:21:00.000,6328.998,6330.998,6328.997,6330.997,0.0054
29.05.2019 09:22:00.000,6330.998,6334.998,6329.997,6330.998,0.0042
29.05.2019 09:23:00.000,6330.997,6330.998,6330.997,6330.998,0.0009
29.05.2019 09:24:00.000,6330.997,6332.998,6330.997,6332.998,0.0029
29.05.2019 09:25:00.000,6332.997,6332.998,6330.998,6332.998,0.0052
29.05.2019 09:26:00.000,6332.500,6332.500,6320.998,6320.998,0.0069
29.05.2019 09:27:00.000,6320.998,6324.997,6320.997,6322.998,0.0032
29.05.2019 09:28:00.000,6322.997,6325.998,6322.997,6323.998,0.0019
29.05.2019 09:29:00.000,6325.997,6325.998,6322.997,6325.998,0.0046
29.05.2019 09:30:00.000,6324.998,6326.998,6322.998,6322.998,0.0022
29.05.2019 09:31:00.000,6322.997,6324.998,6320.998,6321.998,0.0047
29.05.2019 09:32:00.000,6320.998,6324.998,6319.998,6319.998,0.0058
29.05.2019 09:33:00.000,6319.998,6319.998,6316.998,6317.998,0.0029
29.05.2019 09:34:00.000,6317.998,6318.998,6314.997,6314.998,0.0043
29.05.2019 09:35:00.000,6313.997,6315.998,6312.998,6315.998,0.0032
29.05.2019 09:36:00.000,6315.997,6318.998,6315.997,6318.998,0.0049
29.05.2019 09:37:00.000,6318.998,6319.998,6318.997,6319.998,0.0015
29.05.2019 09:38:00.000,6319.997,6320.998,6319.997,6319.998,0.0033
29.05.2019 09:39:00.000,6319.997,6324.998,6318.997,6323.998,0.0056
29.05.2019 09:40:00.000,6323.998,6325.998,6323.997,6325.998,0.011
29.05.2019 09:41:00.000,6325.997,6331.998,6325.997,6331.997,0.0036
29.05.2019 09:42:00.000,6331.997,6332.997,6331.997,6331.998,0.0057
29.05.2019 09:43:00.000,6331.998,6332.998,6331.997,6332.998,0.0073
29.05.2019 09:44:00.000,6332.997,6333.998,6332.997,6332.997,0.0079
29.05.2019 09:45:00.000,6332.998,6334.998,6331.997,6332.998,0.0055
29.05.2019 09:46:00.000,6332.997,6333.998,6331.998,6332.998,0.0031
29.05.2019 09:47:00.000,6332.500,6332.998,6327.998,6328.997,0.0048
29.05.2019 09:48:00.000,6328.998,6328.998,6326.998,6327.998,0.0045
29.05.2019 09:49:00.000,6327.998,6330.998,6327.997,6330.998,0.0033
29.05.2019 09:50:00.000,6330.998,6336.998,6330.998,6336.998,0.0132
29.05.2019 09:51:00.000,6336.997,6337.998,6328.997,6330.997,0.0064
29.05.2019 09:52:00.000,6329.997,6331.998,6329.997,6331.998,0.0047
29.05.2019 09:53:00.000,6331.998,6333.998,6329.997,6333.998,0.0092
29.05.2019 09:54:00.000,6334.997,6335.998,6334.997,6335.998,0.0039
29.05.2019 09:55:00.000,6335.997,6341.998,6335.997,6339.997,0.0112
29.05.2019 09:56:00.000,6339.998,6346.998,6339.998,6345.997,0.0098
29.05.2019 09:57:00.000,6347.750,6348.998,6345.997,6346.998,0.0094
29.05.2019 09:58:00.000,6346.998,6346.998,6344.997,6345.998,0.0062
29.05.2019 09:59:00.000,6345.998,6345.998,6341.997,6343.997,0.0043
29.05.2019 10:00:00.000,6343.998,6345.998,6341.998,6344.997,0.0034
29.05.2019 10:01:00.000,6344.998,6345.998,6341.997,6345.997,0.0035
29.05.2019 10:02:00.000,6346.997,6346.998,6344.997,6344.997,0.0061
29.05.2019 10:03:00.000,6344.997,6344.998,6341.997,6343.997,0.0091
29.05.2019 10:04:00.000,6343.998,6349.998,6343.997,6349.997,0.0122
29.05.2019 10:05:00.000,6350.998,6350.998,6349.997,6350.998,0.0027
29.05.2019 10:06:00.000,6350.997,6350.998,6349.998,6350.997,0.0056
29.05.2019 10:07:00.000,6351.997,6353.998,6351.997,6352.998,0.0119
29.05.2019 10:08:00.000,6352.997,6352.998,6350.997,6350.998,0.0095
29.05.2019 10:09:00.000,6350.997,6350.998,6344.998,6345.998,0.0068
29.05.2019 10:10:00.000,6345.998,6347.998,6344.997,6344.998,0.0047
29.05.2019 10:11:00.000,6344.997,6344.997,6341.997,6341.997,0.0052
29.05.2019 10:12:00.000,6341.998,6341.998,6337.997,6337.998,0.0078
29.05.2019 10:13:00.000,6336.998,6340.998,6336.997,6340.998,0.0045
29.05.2019 10:14:00.000,6340.997,6340.998,6338.997,6338.997,0.0023
29.05.2019 10:15:00.000,6338.997,6338.998,6330.997,6333.998,0.0085
29.05.2019 10:16:00.000,6334.997,6337.998,6334.997,6337.998,0.0083
29.05.2019 10:17:00.000,6337.998,6337.998,6337.997,6337.998,0.003
29.05.2019 10:18:00.000,6337.997,6337.998,6336.997,6336.998,0.0069
29.05.2019 10:19:00.000,6336.997,6336.998,6329.998,6329.998,0.0021
29.05.2019 10:20:00.000,6329.997,6332.998,6329.997,6331.998,0.0081
29.05.2019 10:21:00.000,6331.998,6331.998,6328.997,6330.997,0.0039
29.05.2019 10:22:00.000,6330.750,6334.998,6328.997,6333.997,0.0153
29.05.2019 10:23:00.000,6334.997,6336.998,6333.997,6336.997,0.0207
29.05.2019 10:24:00.000,6336.998,6337.998,6336.997,6337.998,0.017
29.05.2019 10:25:00.000,6337.998,6341.998,6337.997,6341.998,0.0078
29.05.2019 10:26:00.000,6341.998,6341.998,6339.997,6339.998,0.0055
29.05.2019 10:27:00.000,6339.998,6339.998,6337.998,6338.997,0.0016
29.05.2019 10:28:00.000,6337.997,6338.998,6337.997,6338.998,0.0023
29.05.2019 10:29:00.000,6338.997,6342.998,6336.998,6342.998,0.0044
29.05.2019 10:30:00.000,6343.998,6343.998,6340.997,6341.997,0.0081
29.05.2019 10:31:00.000,6341.998,6341.998,6341.997,6341.998,0.0036
29.05.2019 10:32:00.000,6342.997,6342.998,6341.997,6342.998,0.0015
29.05.2019 10:33:00.000,6341.998,6343.998,6341.997,6342.997,0.0032
29.05.2019 10:34:00.000,6342.750,6342.998,6340.998,6342.998,0.0042
29.05.2019 10:35:00.000,6342.998,6343.998,6342.997,6342.998,0.0035
29.05.2019 10:36:00.000,6342.997,6343.998,6340.998,6341.998,0.0055
29.05.2019 10:37:00.000,6342.998,6342.998,6342.997,6342.998,0.0036
29.05.2019 10:38:00.000,6342.998,6347.998,6342.997,6347.997,0.0057
29.05.2019 10:39:00.000,6347.998,6347.998,6343.998,6343.998,0.0032
29.05.2019 10:40:00.000,6344.998,6345.998,6341.998,6345.998,0.003
29.05.2019 10:41:00.000,6345.997,6345.998,6343.997,6343.997,0.0022
29.05.2019 10:42:00.000,6343.998,6344.998,6341.998,6344.997,0.0043
29.05.2019 10:43:00.000,6344.997,6344.997,6340.997,6342.997,0.0052
29.05.2019 10:44:00.000,6343.998,6344.998,6341.997,6343.997,0.0057
29.05.2019 10:45:00.000,6343.998,6344.998,6341.997,6341.998,0.003
29.05.2019 10:46:00.000,6342.997,6343.998,6342.997,6343.998,0.0033
29.05.2019 10:47:00.000,6343.998,6343.998,6342.997,6342.998,0.002
29.05.2019 10:48:00.000,6342.997,6342.998,6341.997,6341.997,0.0027
29.05.2019 10:50:00.000,6341.997,6343.997,6341.997,6342.998,0.0034
29.05.2019 10:51:00.000,6342.997,6343.998,6342.997,6342.998,0.0043
29.05.2019 10:52:00.000,6342.997,6342.998,6341.997,6342.997,0.0087
29.05.2019 10:53:00.000,6342.998,6345.997,6342.997,6345.997,0.0047
29.05.2019 10:54:00.000,6345.998,6345.998,6343.998,6344.998,0.0051
29.05.2019 10:55:00.000,6344.997,6345.998,6344.997,6345.998,0.0024
29.05.2019 10:56:00.000,6344.997,6344.998,6344.997,6344.998,0.0009
29.05.2019 10:57:00.000,6344.998,6344.998,6342.997,6342.998,0.0043
29.05.2019 10:58:00.000,6343.998,6344.998,6343.997,6344.998,0.0026
29.05.2019 10:59:00.000,6344.997,6345.998,6342.997,6343.998,0.0038
29.05.2019 11:00:00.000,6342.998,6342.998,6342.998,6342.998,0.0003
29.05.2019 11:02:00.000,6342.998,6351.998,6342.998,6351.998,0.0053
29.05.2019 11:03:00.000,6351.997,6351.997,6349.997,6349.998,0.0014
29.05.2019 11:04:00.000,6350.997,6355.998,6350.997,6354.998,0.0075
29.05.2019 11:05:00.000,6355.998,6355.998,6350.998,6352.998,0.0068
29.05.2019 11:06:00.000,6351.997,6351.997,6348.997,6348.998,0.0015
29.05.2019 11:07:00.000,6348.998,6350.998,6347.998,6350.997,0.0033
29.05.2019 11:08:00.000,6349.997,6349.998,6343.997,6343.997,0.0022
29.05.2019 11:09:00.000,6343.998,6347.998,6343.997,6346.997,0.0073
29.05.2019 11:10:00.000,6346.998,6347.998,6346.997,6346.997,0.003
29.05.2019 11:11:00.000,6346.998,6347.998,6346.997,6347.998,0.0031
29.05.2019 11:12:00.000,6347.998,6349.998,6345.997,6347.997,0.006
29.05.2019 11:13:00.000,6347.998,6347.998,6340.997,6343.997,0.004
29.05.2019 11:14:00.000,6343.998,6347.998,6341.997,6345.998,0.0114
29.05.2019 11:15:00.000,6345.998,6346.998,6343.998,6346.998,0.0139
29.05.2019 11:16:00.000,6346.997,6346.998,6346.997,6346.997,0.0038
29.05.2019 11:17:00.000,6346.998,6350.998,6346.997,6350.998,0.0159
29.05.2019 11:18:00.000,6351.998,6352.998,6350.997,6351.997,0.0062
29.05.2019 11:19:00.000,6351.997,6352.998,6347.997,6347.997,0.0059
29.05.2019 11:20:00.000,6347.998,6353.997,6347.997,6353.997,0.0048
29.05.2019 11:21:00.000,6353.998,6357.998,6352.997,6357.997,0.0106
29.05.2019 11:22:00.000,6357.998,6358.998,6356.997,6358.997,0.009
29.05.2019 11:23:00.000,6358.997,6358.997,6356.997,6357.998,0.0051
29.05.2019 11:24:00.000,6355.998,6357.997,6352.997,6354.997,0.0075
29.05.2019 11:25:00.000,6354.997,6354.997,6348.997,6349.998,0.0054
29.05.2019 11:26:00.000,6349.997,6349.998,6345.997,6347.998,0.0044
29.05.2019 11:27:00.000,6347.998,6347.998,6346.997,6346.998,0.0059
29.05.2019 11:28:00.000,6347.997,6347.998,6346.997,6347.998,0.0022
29.05.2019 11:29:00.000,6347.997,6347.997,6346.997,6346.998,0.0024
29.05.2019 11:30:00.000,6347.998,6347.998,6346.997,6347.998,0.0036
29.05.2019 11:31:00.000,6347.997,6347.998,6345.997,6346.998,0.0019
29.05.2019 11:32:00.000,6346.997,6348.998,6346.997,6347.997,0.0039
29.05.2019 11:33:00.000,6348.998,6348.998,6347.997,6347.998,0.0028
29.05.2019 11:34:00.000,6347.998,6347.998,6344.997,6346.998,0.0018
29.05.2019 11:35:00.000,6346.997,6347.998,6343.997,6344.998,0.006
29.05.2019 11:36:00.000,6344.997,6348.998,6344.997,6348.998,0.0014
29.05.2019 11:37:00.000,6348.997,6348.998,6348.997,6348.998,0.0003
29.05.2019 11:38:00.000,6348.750,6354.997,6346.998,6351.997,0.0084
29.05.2019 11:39:00.000,6351.998,6353.998,6351.997,6352.998,0.0127
29.05.2019 11:40:00.000,6353.998,6353.998,6352.997,6353.998,0.0047
29.05.2019 11:41:00.000,6353.997,6353.998,6352.997,6353.998,0.0039
29.05.2019 11:42:00.000,6353.997,6355.998,6353.997,6355.998,0.0017
29.05.2019 11:43:00.000,6355.997,6356.998,6354.998,6356.998,0.0018
29.05.2019 11:44:00.000,6356.997,6356.998,6354.997,6355.998,0.0035
29.05.2019 11:45:00.000,6355.997,6355.998,6355.997,6355.998,0.0003
29.05.2019 11:46:00.000,6354.997,6354.998,6352.998,6354.998,0.0027
29.05.2019 11:47:00.000,6354.997,6354.998,6352.997,6354.998,0.0029
29.05.2019 11:48:00.000,6354.997,6355.998,6354.997,6355.998,0.0017
29.05.2019 11:49:00.000,6354.998,6356.998,6353.997,6356.997,0.0021
29.05.2019 11:50:00.000,6356.998,6356.998,6352.997,6353.998,0.0016
29.05.2019 11:51:00.000,6353.998,6354.998,6352.997,6354.998,0.0033
29.05.2019 11:52:00.000,6353.997,6354.998,6353.997,6353.998,0.0018
29.05.2019 11:53:00.000,6352.998,6353.998,6352.997,6352.998,0.0024
29.05.2019 11:54:00.000,6353.997,6354.998,6353.997,6353.998,0.004
29.05.2019 11:55:00.000,6353.997,6353.997,6351.997,6351.998,0.0046
29.05.2019 11:56:00.000,6351.998,6351.998,6346.997,6346.997,0.0037
29.05.2019 11:57:00.000,6346.998,6350.998,6346.998,6350.998,0.0016
29.05.2019 11:58:00.000,6349.997,6349.997,6345.997,6347.998,0.0093
29.05.2019 11:59:00.000,6347.997,6347.998,6345.997,6346.997,0.0021
29.05.2019 12:00:00.000,6346.998,6346.998,6345.998,6346.997,0.0014
29.05.2019 12:01:00.000,6346.998,6346.998,6344.997,6344.998,0.0058
29.05.2019 12:02:00.000,6344.998,6344.998,6340.997,6342.998,0.0028
29.05.2019 12:03:00.000,6342.998,6342.998,6339.997,6339.998,0.0032
29.05.2019 12:04:00.000,6340.997,6340.998,6333.997,6337.997,0.008
29.05.2019 12:05:00.000,6337.998,6338.997,6337.997,6337.997,0.0041
29.05.2019 12:06:00.000,6337.998,6337.998,6336.997,6336.998,0.0068
29.05.2019 12:07:00.000,6336.997,6338.998,6333.998,6333.998,0.0047
29.05.2019 12:08:00.000,6333.998,6335.997,6333.997,6334.998,0.0008
29.05.2019 12:09:00.000,6334.998,6337.998,6331.998,6337.997,0.0076
29.05.2019 12:10:00.000,6337.997,6337.998,6336.997,6337.998,0.0025
29.05.2019 12:11:00.000,6337.997,6341.998,6337.997,6341.997,0.0058
29.05.2019 12:12:00.000,6342.997,6342.998,6341.997,6341.997,0.001
29.05.2019 12:13:00.000,6337.998,6337.998,6335.997,6336.997,0.002
29.05.2019 12:14:00.000,6336.998,6337.998,6335.997,6337.997,0.0016
29.05.2019 12:15:00.000,6336.997,6337.998,6336.997,6337.998,0.0052
29.05.2019 12:16:00.000,6337.997,6337.998,6336.997,6337.998,0.0022
29.05.2019 12:17:00.000,6337.998,6337.998,6333.998,6336.998,0.0021
29.05.2019 12:18:00.000,6335.998,6336.998,6335.997,6335.998,0.0027
29.05.2019 12:19:00.000,6336.997,6337.998,6335.997,6336.998,0.0021
29.05.2019 12:20:00.000,6336.998,6337.998,6336.997,6336.998,0.0045
29.05.2019 12:21:00.000,6336.750,6336.750,6333.997,6333.997,0.0045
29.05.2019 12:22:00.000,6333.998,6334.998,6333.998,6334.998,0.0016
29.05.2019 12:23:00.000,6334.750,6336.998,6332.997,6335.998,0.0043
29.05.2019 12:24:00.000,6335.997,6335.998,6332.997,6332.998,0.0039
29.05.2019 12:25:00.000,6334.998,6334.998,6331.997,6331.997,0.0037
29.05.2019 12:26:00.000,6332.998,6334.998,6331.997,6334.998,0.0032
29.05.2019 12:27:00.000,6335.997,6336.998,6334.998,6336.997,0.005
29.05.2019 12:28:00.000,6336.998,6336.998,6332.998,6335.998,0.0036
29.05.2019 12:29:00.000,6335.997,6336.997,6332.997,6336.997,0.0048
29.05.2019 12:30:00.000,6336.998,6337.998,6334.998,6336.997,0.0025
29.05.2019 12:31:00.000,6335.997,6336.998,6335.997,6335.998,0.0046
29.05.2019 12:32:00.000,6335.998,6335.998,6329.997,6331.997,0.0059
29.05.2019 12:33:00.000,6332.997,6334.998,6330.997,6333.997,0.0097
29.05.2019 12:34:00.000,6333.998,6334.998,6332.997,6334.997,0.0031
29.05.2019 12:35:00.000,6335.998,6335.998,6334.997,6335.998,0.004
29.05.2019 12:36:00.000,6334.997,6335.998,6331.998,6331.998,0.0105
29.05.2019 12:37:00.000,6331.998,6332.998,6331.997,6331.998,0.0023
29.05.2019 12:38:00.000,6332.998,6332.998,6330.998,6330.998,0.0039
29.05.2019 12:39:00.000,6331.998,6332.998,6329.998,6331.998,0.0027
29.05.2019 12:40:00.000,6331.998,6333.998,6331.997,6331.998,0.0168
29.05.2019 12:41:00.000,6331.997,6332.998,6331.997,6331.997,0.0073
29.05.2019 12:42:00.000,6332.997,6332.998,6330.998,6331.998,0.0074
29.05.2019 12:43:00.000,6332.998,6332.998,6326.997,6326.998,0.0115
29.05.2019 12:44:00.000,6326.997,6330.998,6326.997,6330.997,0.004
29.05.2019 12:45:00.000,6330.997,6330.997,6323.998,6324.998,0.0065
29.05.2019 12:46:00.000,6325.997,6325.997,6321.998,6321.998,0.0042
29.05.2019 12:47:00.000,6321.997,6324.998,6321.997,6324.998,0.0014
29.05.2019 12:48:00.000,6324.997,6325.998,6324.997,6325.998,0.0093
29.05.2019 12:49:00.000,6324.998,6324.998,6324.997,6324.998,0.0031
29.05.2019 12:50:00.000,6324.997,6324.998,6324.997,6324.998,0.0039
29.05.2019 12:51:00.000,6324.998,6327.998,6324.997,6327.998,0.0081
29.05.2019 12:52:00.000,6328.998,6328.998,6324.997,6325.998,0.0117
29.05.2019 12:53:00.000,6324.997,6324.998,6320.997,6320.997,0.0034
29.05.2019 12:54:00.000,6320.998,6321.997,6318.997,6318.997,0.0032
29.05.2019 12:55:00.000,6318.998,6319.998,6318.997,6318.998,0.0026
29.05.2019 12:56:00.000,6318.997,6318.998,6314.998,6315.998,0.006
29.05.2019 12:57:00.000,6315.997,6316.998,6307.998,6313.998,0.0061
29.05.2019 12:58:00.000,6313.997,6314.998,6313.997,6314.998,0.006
29.05.2019 12:59:00.000,6315.998,6316.998,6315.997,6315.998,0.0009
29.05.2019 13:00:00.000,6313.997,6316.998,6313.997,6316.998,0.0038
29.05.2019 13:01:00.000,6316.997,6316.998,6313.997,6313.997,0.0029
29.05.2019 13:02:00.000,6313.998,6314.998,6307.998,6307.998,0.0037
29.05.2019 13:03:00.000,6307.998,6307.998,6302.998,6302.998,0.0018
29.05.2019 13:04:00.000,6301.997,6308.998,6301.997,6308.997,0.0035
29.05.2019 13:05:00.000,6308.998,6311.998,6305.998,6309.998,0.0066
29.05.2019 13:06:00.000,6310.998,6310.998,6307.997,6307.998,0.0022
29.05.2019 13:07:00.000,6308.998,6309.998,6307.997,6309.998,0.0013
29.05.2019 13:08:00.000,6309.997,6310.998,6309.997,6309.998,0.0078
29.05.2019 13:09:00.000,6309.997,6314.998,6309.997,6313.998,0.006
29.05.2019 13:10:00.000,6310.998,6314.998,6310.998,6313.998,0.0043
29.05.2019 13:11:00.000,6313.997,6313.998,6310.997,6310.998,0.0041
29.05.2019 13:12:00.000,6311.997,6315.998,6311.997,6315.998,0.0032
29.05.2019 13:13:00.000,6315.998,6317.998,6315.997,6317.998,0.0007
29.05.2019 13:14:00.000,6317.997,6321.998,6317.997,6321.997,0.007
29.05.2019 13:15:00.000,6321.998,6324.998,6321.997,6324.997,0.0063
29.05.2019 13:16:00.000,6324.998,6324.998,6324.997,6324.997,0.0044
29.05.2019 13:17:00.000,6325.998,6326.998,6324.997,6326.998,0.0102
29.05.2019 13:18:00.000,6326.997,6328.998,6325.997,6326.998,0.0083
29.05.2019 13:19:00.000,6326.997,6327.998,6324.998,6324.998,0.004
29.05.2019 13:20:00.000,6325.997,6325.998,6324.997,6324.998,0.0009
29.05.2019 13:21:00.000,6324.997,6324.998,6324.997,6324.998,0.0011
29.05.2019 13:22:00.000,6323.998,6324.998,6323.997,6323.998,0.0025
29.05.2019 13:23:00.000,6323.997,6326.998,6323.997,6326.998,0.0024
29.05.2019 13:24:00.000,6325.997,6325.998,6320.997,6322.998,0.0024
29.05.2019 13:25:00.000,6323.997,6324.998,6323.997,6323.998,0.0027
29.05.2019 13:26:00.000,6323.997,6323.998,6320.998,6322.997,0.0055
29.05.2019 13:27:00.000,6322.997,6322.997,6316.997,6318.997,0.0053
29.05.2019 13:28:00.000,6317.997,6320.998,6317.997,6320.998,0.0049
29.05.2019 13:29:00.000,6320.998,6323.998,6320.997,6323.998,0.0014
29.05.2019 13:30:00.000,6323.997,6323.997,6318.997,6320.998,0.0135
29.05.2019 13:31:00.000,6321.998,6322.998,6320.997,6320.998,0.0044
29.05.2019 13:32:00.000,6318.997,6322.998,6318.997,6322.998,0.0099
29.05.2019 13:33:00.000,6323.998,6327.998,6323.998,6327.998,0.0137
29.05.2019 13:34:00.000,6328.998,6332.998,6326.997,6327.998,0.0162
29.05.2019 13:35:00.000,6327.997,6328.998,6325.998,6325.998,0.0064
29.05.2019 13:36:00.000,6325.998,6326.998,6320.997,6320.997,0.0097
29.05.2019 13:37:00.000,6320.998,6321.997,6310.998,6310.998,0.0073
29.05.2019 13:38:00.000,6310.997,6318.998,6309.998,6318.998,0.0049
29.05.2019 13:39:00.000,6318.998,6318.998,6315.997,6316.997,0.0071
29.05.2019 13:40:00.000,6316.997,6320.998,6315.997,6316.998,0.0122
29.05.2019 13:41:00.000,6317.997,6318.998,6316.997,6316.998,0.0073
29.05.2019 13:42:00.000,6316.997,6316.998,6312.998,6314.997,0.0074
29.05.2019 13:43:00.000,6314.998,6314.998,6309.998,6310.997,0.0027
29.05.2019 13:44:00.000,6310.998,6315.997,6309.997,6312.997,0.0072
29.05.2019 13:45:00.000,6312.998,6313.998,6309.998,6312.997,0.012
29.05.2019 13:46:00.000,6312.750,6312.750,6307.998,6308.997,0.0079
29.05.2019 13:47:00.000,6308.997,6308.997,6304.998,6306.998,0.0061
29.05.2019 13:48:00.000,6306.998,6306.998,6304.997,6304.998,0.0034
29.05.2019 13:49:00.000,6304.750,6304.750,6300.998,6300.998,0.0059
29.05.2019 13:50:00.000,6300.998,6302.998,6300.997,6302.998,0.0085
29.05.2019 13:51:00.000,6302.998,6305.998,6301.997,6305.998,0.0085
29.05.2019 13:52:00.000,6305.998,6310.998,6305.997,6310.997,0.0051
29.05.2019 13:53:00.000,6310.750,6310.750,6308.997,6309.997,0.0068
29.05.2019 13:54:00.000,6309.998,6312.998,6308.997,6311.998,0.0124
29.05.2019 13:55:00.000,6310.998,6315.998,6310.997,6315.998,0.0049
29.05.2019 13:56:00.000,6315.997,6318.998,6314.997,6318.997,0.0074
29.05.2019 13:57:00.000,6318.998,6324.998,6318.997,6324.998,0.0108
29.05.2019 13:58:00.000,6324.997,6324.998,6321.998,6322.998,0.0041
29.05.2019 13:59:00.000,6322.998,6323.998,6322.997,6323.998,0.0055
29.05.2019 14:00:00.000,6323.997,6323.998,6316.998,6321.998,0.0062
29.05.2019 14:01:00.000,6322.997,6323.998,6318.997,6319.998,0.0027
29.05.2019 14:02:00.000,6319.997,6319.997,6316.997,6318.998,0.0011
29.05.2019 14:03:00.000,6318.998,6319.998,6318.997,6318.998,0.0025
29.05.2019 14:04:00.000,6318.997,6319.998,6317.997,6317.997,0.0022
29.05.2019 14:05:00.000,6317.998,6318.998,6314.997,6315.998,0.0038
29.05.2019 14:06:00.000,6316.998,6317.998,6314.998,6315.998,0.0067
29.05.2019 14:07:00.000,6315.997,6315.997,6310.998,6311.997,0.005
29.05.2019 14:08:00.000,6311.998,6313.998,6311.998,6313.998,0.0031
29.05.2019 14:09:00.000,6313.997,6314.998,6312.997,6314.998,0.0042
29.05.2019 14:10:00.000,6314.997,6314.998,6313.997,6313.998,0.003
29.05.2019 14:11:00.000,6313.997,6313.998,6313.997,6313.997,0.0014
29.05.2019 14:12:00.000,6313.998,6316.998,6313.997,6316.998,0.0124
29.05.2019 14:13:00.000,6316.997,6316.998,6314.997,6314.998,0.0068
29.05.2019 14:14:00.000,6314.997,6316.998,6314.997,6316.998,0.0088
29.05.2019 14:15:00.000,6316.997,6317.998,6314.997,6315.998,0.0211
29.05.2019 14:16:00.000,6315.997,6315.998,6314.997,6315.998,0.0117
29.05.2019 14:17:00.000,6315.997,6316.998,6313.997,6314.998,0.0112
29.05.2019 14:18:00.000,6314.998,6315.998,6312.997,6314.997,0.0143
29.05.2019 14:19:00.000,6313.998,6317.998,6313.998,6316.998,0.0114
29.05.2019 14:20:00.000,6316.997,6318.998,6315.998,6316.997,0.0061
29.05.2019 14:21:00.000,6316.998,6319.998,6316.997,6317.998,0.0211
29.05.2019 14:22:00.000,6317.997,6318.997,6315.997,6317.997,0.0109
29.05.2019 14:23:00.000,6317.998,6319.998,6317.997,6319.998,0.0065
29.05.2019 14:24:00.000,6319.997,6321.998,6319.997,6321.997,0.0119
29.05.2019 14:25:00.000,6321.998,6323.998,6321.997,6322.998,0.0187
29.05.2019 14:26:00.000,6322.998,6322.998,6320.997,6321.997,0.0195
29.05.2019 14:27:00.000,6321.998,6322.998,6321.997,6322.998,0.0273
29.05.2019 14:28:00.000,6322.997,6324.998,6321.997,6324.998,0.0114
29.05.2019 14:29:00.000,6323.998,6325.998,6321.997,6325.997,0.0218
29.05.2019 14:30:00.000,6325.998,6329.998,6325.997,6329.998,0.0224
29.05.2019 14:31:00.000,6329.997,6331.998,6329.997,6330.998,0.0272
29.05.2019 14:32:00.000,6331.998,6334.998,6331.997,6334.998,0.0171
29.05.2019 14:33:00.000,6335.998,6336.998,6335.998,6336.998,0.0015
29.05.2019 14:34:00.000,6336.998,6339.998,6336.997,6337.998,0.0149
29.05.2019 14:35:00.000,6337.997,6339.998,6334.998,6339.998,0.0163
29.05.2019 14:36:00.000,6339.997,6340.998,6338.997,6339.997,0.0139
29.05.2019 14:37:00.000,6339.998,6339.998,6338.997,6339.998,0.0205
29.05.2019 14:38:00.000,6339.997,6342.998,6339.997,6342.997,0.0323
29.05.2019 14:39:00.000,6342.998,6343.998,6340.997,6341.998,0.0235
29.05.2019 14:40:00.000,6342.998,6342.998,6336.998,6336.998,0.0066
29.05.2019 14:41:00.000,6336.997,6338.998,6334.997,6336.998,0.0182
29.05.2019 14:42:00.000,6336.997,6336.997,6333.997,6335.998,0.0045
29.05.2019 14:43:00.000,6335.997,6337.998,6333.997,6333.997,0.0111
29.05.2019 14:44:00.000,6333.998,6335.998,6333.997,6334.997,0.0063
29.05.2019 14:45:00.000,6334.998,6334.998,6331.998,6334.998,0.0076
29.05.2019 14:46:00.000,6334.997,6334.998,6330.998,6333.998,0.0104
29.05.2019 14:47:00.000,6333.997,6336.998,6333.997,6336.998,0.0126
29.05.2019 14:48:00.000,6336.997,6336.997,6330.998,6331.997,0.0109
29.05.2019 14:49:00.000,6332.998,6336.998,6332.998,6336.997,0.0132
29.05.2019 14:50:00.000,6336.997,6338.998,6335.997,6338.997,0.0168
29.05.2019 14:51:00.000,6338.998,6338.998,6334.998,6336.998,0.0049
29.05.2019 14:52:00.000,6336.997,6339.998,6336.997,6338.997,0.0108
29.05.2019 14:53:00.000,6338.998,6346.998,6338.997,6346.998,0.017
29.05.2019 14:54:00.000,6346.997,6348.998,6346.997,6348.997,0.0181
29.05.2019 14:55:00.000,6348.998,6350.998,6348.997,6350.998,0.0156
29.05.2019 14:56:00.000,6350.997,6352.998,6350.997,6352.998,0.0144
29.05.2019 14:57:00.000,6352.997,6356.998,6351.997,6355.998,0.0194
29.05.2019 14:58:00.000,6356.998,6358.998,6355.997,6357.998,0.016
29.05.2019 14:59:00.000,6357.997,6357.998,6354.997,6356.998,0.0124
29.05.2019 15:00:00.000,6356.997,6356.998,6347.997,6347.997,0.0121
29.05.2019 15:01:00.000,6348.997,6355.997,6345.998,6355.997,0.0152
29.05.2019 15:02:00.000,6353.998,6354.998,6350.997,6351.998,0.0188
29.05.2019 15:03:00.000,6350.998,6351.998,6348.997,6348.998,0.0134
29.05.2019 15:04:00.000,6349.998,6354.998,6349.997,6354.998,0.0154
29.05.2019 15:05:00.000,6353.998,6353.998,6346.997,6350.998,0.0157
29.05.2019 15:06:00.000,6350.997,6352.998,6349.998,6352.998,0.0143
29.05.2019 15:07:00.000,6353.998,6356.998,6353.997,6356.997,0.0098
29.05.2019 15:08:00.000,6357.998,6358.998,6357.997,6358.997,0.022
29.05.2019 15:09:00.000,6358.998,6359.998,6355.998,6358.998,0.0127
29.05.2019 15:10:00.000,6358.997,6358.998,6356.997,6357.997,0.0288
29.05.2019 15:11:00.000,6357.998,6358.998,6354.997,6354.997,0.0167
29.05.2019 15:12:00.000,6354.998,6357.998,6354.998,6355.997,0.0086
29.05.2019 15:13:00.000,6355.998,6358.998,6355.998,6357.997,0.0364
29.05.2019 15:14:00.000,6357.998,6357.998,6354.997,6356.998,0.0156
29.05.2019 15:15:00.000,6356.997,6358.998,6355.997,6357.997,0.0256
29.05.2019 15:16:00.000,6357.998,6358.998,6355.997,6358.998,0.0198
29.05.2019 15:17:00.000,6357.998,6360.998,6356.997,6360.997,0.0151
29.05.2019 15:18:00.000,6360.998,6362.998,6360.997,6362.997,0.0306
29.05.2019 15:19:00.000,6362.998,6364.998,6360.997,6360.998,0.0143
29.05.2019 15:20:00.000,6360.998,6360.998,6358.998,6359.998,0.013
29.05.2019 15:21:00.000,6359.997,6359.998,6358.997,6359.998,0.0082
29.05.2019 15:22:00.000,6359.997,6361.998,6359.997,6361.998,0.0445
29.05.2019 15:23:00.000,6361.997,6362.998,6359.997,6360.997,0.0208
29.05.2019 15:24:00.000,6360.998,6360.998,6355.997,6358.998,0.0138
29.05.2019 15:25:00.000,6358.997,6358.998,6355.997,6355.997,0.0262
29.05.2019 15:26:00.000,6355.997,6360.997,6355.997,6358.998,0.0155
29.05.2019 15:27:00.000,6358.997,6360.998,6358.997,6360.998,0.0379
29.05.2019 15:28:00.000,6360.997,6360.998,6356.997,6357.997,0.0152
29.05.2019 15:29:00.000,6357.998,6358.998,6349.998,6352.998,0.0167
30.05.2019 07:01:00.000,6357.998,6358.997,6351.998,6351.998,0.0004
30.05.2019 07:02:00.000,6351.998,6351.998,6350.997,6350.997,0.0006
30.05.2019 07:03:00.000,6351.997,6355.997,6342.997,6346.998,0.0012
30.05.2019 07:04:00.000,6340.997,6340.998,6306.998,6306.998,0.0004
30.05.2019 07:05:00.000,6296.998,6298.998,6296.997,6296.997,0.0004
30.05.2019 07:06:00.000,6293.997,6293.998,6293.997,6293.998,0.0002
30.05.2019 07:07:00.000,6293.997,6305.998,6293.997,6304.998,0.0003
30.05.2019 07:08:00.000,6310.998,6317.998,6310.998,6317.998,0.0006
30.05.2019 07:09:00.000,6318.998,6332.998,6318.998,6324.998,0.0034
30.05.2019 07:10:00.000,6318.998,6322.998,6308.997,6322.998,0.0028
30.05.2019 07:11:00.000,6322.997,6322.998,6318.998,6318.998,0.0036
30.05.2019 07:12:00.000,6321.997,6321.997,6318.997,6319.998,0.0016
30.05.2019 07:13:00.000,6314.998,6322.998,6314.997,6322.998,0.0013
30.05.2019 07:14:00.000,6322.997,6327.998,6322.997,6327.998,0.0027
30.05.2019 07:15:00.000,6327.997,6332.998,6326.998,6326.998,0.0015
30.05.2019 07:16:00.000,6329.997,6332.998,6328.998,6330.997,0.0018
30.05.2019 07:17:00.000,6330.998,6330.998,6330.997,6330.998,0.0011
30.05.2019 07:18:00.000,6334.997,6338.997,6326.997,6330.997,0.0026
30.05.2019 07:19:00.000,6330.998,6336.998,6330.997,6332.998,0.0017
30.05.2019 07:20:00.000,6333.997,6341.998,6333.997,6338.998,0.0019
30.05.2019 07:21:00.000,6338.998,6338.998,6332.998,6336.998,0.0044
30.05.2019 07:22:00.000,6336.998,6336.998,6331.998,6332.998,0.0028
30.05.2019 07:23:00.000,6334.998,6338.998,6330.997,6338.998,0.0028
30.05.2019 07:24:00.000,6338.997,6338.997,6331.997,6332.998,0.0048
30.05.2019 07:25:00.000,6332.998,6332.998,6327.998,6328.998,0.0014
30.05.2019 07:26:00.000,6330.997,6330.998,6325.998,6327.998,0.0011
30.05.2019 07:27:00.000,6327.997,6330.998,6326.998,6330.998,0.0021
30.05.2019 07:28:00.000,6330.997,6330.998,6328.998,6328.998,0.0013
30.05.2019 07:29:00.000,6328.998,6334.997,6326.998,6332.998,0.0028
30.05.2019 07:30:00.000,6333.997,6333.997,6318.998,6319.997,0.0036
30.05.2019 07:31:00.000,6319.997,6322.998,6315.997,6321.998,0.0048
30.05.2019 07:32:00.000,6321.997,6321.998,6321.997,6321.998,0.0019
30.05.2019 07:33:00.000,6321.997,6333.998,6321.997,6331.997,0.0033
30.05.2019 07:34:00.000,6331.998,6335.998,6331.997,6332.998,0.0015
30.05.2019 07:35:00.000,6331.998,6334.997,6329.998,6334.997,0.0021
30.05.2019 07:36:00.000,6335.998,6338.998,6335.998,6338.998,0.0025
30.05.2019 07:37:00.000,6338.998,6342.998,6338.998,6339.997,0.0013
30.05.2019 07:38:00.000,6338.997,6342.998,6338.997,6342.998,0.0016
30.05.2019 07:39:00.000,6342.997,6347.998,6342.997,6347.997,0.0013
30.05.2019 07:40:00.000,6348.998,6348.998,6343.997,6347.997,0.0019
30.05.2019 07:41:00.000,6344.998,6347.998,6343.998,6347.997,0.0015
30.05.2019 07:42:00.000,6347.997,6348.998,6346.997,6346.998,0.0011
30.05.2019 07:43:00.000,6346.998,6347.998,6344.997,6345.998,0.0016
30.05.2019 07:44:00.000,6346.998,6346.998,6339.997,6339.998,0.0025
30.05.2019 07:45:00.000,6340.998,6342.998,6339.998,6340.997,0.002
30.05.2019 07:46:00.000,6339.998,6341.998,6339.998,6341.998,0.0004
30.05.2019 07:47:00.000,6341.998,6344.997,6341.998,6341.998,0.0021
30.05.2019 07:48:00.000,6341.997,6341.998,6339.998,6340.998,0.0022
30.05.2019 07:49:00.000,6341.998,6343.998,6341.998,6343.998,0.001
30.05.2019 07:50:00.000,6343.997,6347.998,6343.997,6347.998,0.0023
30.05.2019 07:51:00.000,6346.998,6346.998,6344.998,6346.998,0.0027
30.05.2019 07:52:00.000,6346.997,6348.998,6346.997,6348.998,0.0004
30.05.2019 07:53:00.000,6348.998,6348.998,6342.997,6342.997,0.002
30.05.2019 07:54:00.000,6343.998,6344.998,6343.997,6344.998,0.0023
30.05.2019 07:55:00.000,6345.997,6345.998,6343.998,6345.998,0.0004
30.05.2019 07:56:00.000,6345.998,6346.998,6341.998,6344.998,0.0038
30.05.2019 07:57:00.000,6343.998,6348.998,6343.998,6348.998,0.0023
30.05.2019 07:58:00.000,6347.998,6347.998,6345.998,6347.998,0.0008
30.05.2019 07:59:00.000,6349.750,6352.998,6348.998,6352.997,0.0026
30.05.2019 08:00:00.000,6350.997,6356.997,6350.997,6355.998,0.0034
30.05.2019 08:01:00.000,6355.997,6355.998,6349.998,6350.997,0.0019
30.05.2019 08:02:00.000,6349.998,6351.998,6349.998,6349.998,0.0007
30.05.2019 08:03:00.000,6350.998,6351.998,6344.998,6347.998,0.0013
30.05.2019 08:04:00.000,6345.998,6346.998,6342.997,6344.998,0.0028
30.05.2019 08:05:00.000,6344.998,6346.998,6343.997,6343.998,0.0017
30.05.2019 08:06:00.000,6343.998,6344.998,6341.997,6344.998,0.0022
30.05.2019 08:07:00.000,6345.997,6348.997,6345.997,6347.997,0.0021
30.05.2019 08:08:00.000,6348.997,6350.998,6348.997,6349.998,0.0008
30.05.2019 08:09:00.000,6350.998,6350.998,6349.998,6350.998,0.0006
30.05.2019 08:10:00.000,6351.998,6351.998,6349.997,6350.998,0.0022
30.05.2019 08:11:00.000,6350.997,6350.998,6350.997,6350.998,0.0014
30.05.2019 08:12:00.000,6350.997,6352.998,6349.997,6352.998,0.0008
30.05.2019 08:13:00.000,6350.998,6350.998,6345.997,6345.998,0.0019
30.05.2019 08:14:00.000,6345.997,6349.998,6345.997,6349.998,0.0029
30.05.2019 08:15:00.000,6347.997,6350.998,6347.997,6350.998,0.0012
30.05.2019 08:16:00.000,6350.997,6350.998,6349.997,6349.998,0.0023
30.05.2019 08:17:00.000,6350.998,6351.998,6349.997,6349.998,0.0023
30.05.2019 08:18:00.000,6350.998,6350.998,6349.997,6350.997,0.0013
30.05.2019 08:19:00.000,6350.997,6350.998,6349.997,6350.998,0.0035
30.05.2019 08:20:00.000,6349.997,6353.998,6349.997,6351.998,0.0029
30.05.2019 08:21:00.000,6351.998,6352.998,6346.998,6347.998,0.0019
30.05.2019 08:22:00.000,6347.998,6349.998,6347.997,6349.998,0.0013
30.05.2019 08:23:00.000,6349.998,6350.998,6349.998,6350.998,0.0009
30.05.2019 08:24:00.000,6350.998,6350.998,6348.997,6349.998,0.0006
30.05.2019 08:25:00.000,6348.998,6348.998,6346.998,6348.997,0.0022
30.05.2019 08:26:00.000,6348.998,6348.998,6347.998,6348.998,0.0006
30.05.2019 08:27:00.000,6348.998,6350.998,6345.997,6347.997,0.0029
30.05.2019 08:28:00.000,6347.997,6347.998,6343.998,6344.997,0.0032
30.05.2019 08:29:00.000,6344.997,6344.998,6341.997,6342.997,0.0009
30.05.2019 08:30:00.000,6342.998,6342.998,6339.997,6342.998,0.0015
30.05.2019 08:31:00.000,6342.998,6346.997,6342.997,6346.997,0.0012
30.05.2019 08:32:00.000,6346.998,6348.998,6344.998,6346.997,0.0019
30.05.2019 08:33:00.000,6346.998,6347.998,6344.997,6345.997,0.0037
30.05.2019 08:34:00.000,6345.998,6348.998,6345.998,6346.998,0.0014
30.05.2019 08:35:00.000,6348.997,6348.998,6348.997,6348.997,0.0006
30.05.2019 08:36:00.000,6348.998,6350.997,6346.998,6346.998,0.0016
30.05.2019 08:37:00.000,6347.998,6349.998,6347.997,6349.998,0.0026
30.05.2019 08:38:00.000,6350.997,6350.998,6349.997,6350.998,0.0011
30.05.2019 08:39:00.000,6350.998,6351.998,6347.998,6348.998,0.0021
30.05.2019 08:40:00.000,6348.997,6348.998,6347.997,6347.998,0.0026
30.05.2019 08:41:00.000,6348.997,6348.998,6345.997,6345.997,0.0015
30.05.2019 08:42:00.000,6346.997,6347.998,6346.997,6347.998,0.0025
30.05.2019 08:43:00.000,6346.997,6347.998,6346.997,6346.998,0.0021
30.05.2019 08:44:00.000,6347.998,6348.998,6346.997,6348.998,0.0015
30.05.2019 08:45:00.000,6348.997,6349.998,6347.998,6349.997,0.0027
30.05.2019 08:46:00.000,6349.998,6350.998,6349.997,6350.998,0.0018
30.05.2019 08:47:00.000,6350.997,6352.998,6349.997,6349.998,0.0025
30.05.2019 08:48:00.000,6350.998,6351.998,6347.998,6348.998,0.0027
30.05.2019 08:49:00.000,6349.998,6349.998,6346.997,6347.998,0.0016
30.05.2019 08:50:00.000,6348.997,6349.998,6348.997,6348.998,0.0013
30.05.2019 08:51:00.000,6349.998,6349.998,6347.997,6347.997,0.0013
30.05.2019 08:52:00.000,6347.998,6349.998,6347.998,6349.998,0.0003
30.05.2019 08:53:00.000,6349.997,6350.998,6348.997,6350.997,0.0019
30.05.2019 08:54:00.000,6351.998,6355.998,6351.998,6355.998,0.0017
30.05.2019 08:55:00.000,6354.998,6356.998,6354.997,6356.998,0.0012
30.05.2019 08:56:00.000,6357.998,6359.998,6357.998,6359.998,0.0004
30.05.2019 08:57:00.000,6358.998,6358.998,6356.998,6357.998,0.0024
30.05.2019 08:58:00.000,6359.998,6359.998,6357.997,6357.998,0.0022
30.05.2019 08:59:00.000,6358.998,6360.998,6358.997,6360.998,0.0013
30.05.2019 09:00:00.000,6360.997,6363.998,6357.998,6363.998,0.0019
30.05.2019 09:01:00.000,6363.997,6364.998,6359.998,6360.997,0.0017
30.05.2019 09:02:00.000,6360.997,6362.998,6360.997,6362.997,0.0011
30.05.2019 09:03:00.000,6362.997,6364.998,6361.997,6363.998,0.0029
30.05.2019 09:04:00.000,6363.997,6363.998,6362.997,6363.997,0.0008
30.05.2019 09:05:00.000,6363.998,6363.998,6362.997,6363.998,0.0016
30.05.2019 09:06:00.000,6364.997,6365.998,6364.997,6365.998,0.0021
30.05.2019 09:08:00.000,6364.998,6365.997,6364.998,6364.998,0.0006
30.05.2019 09:09:00.000,6366.998,6366.998,6363.997,6363.997,0.0008
30.05.2019 09:10:00.000,6363.998,6363.998,6362.997,6363.998,0.0033
30.05.2019 09:11:00.000,6363.997,6363.998,6360.997,6360.998,0.0033
30.05.2019 09:12:00.000,6360.998,6361.998,6356.998,6356.998,0.0019
30.05.2019 09:13:00.000,6354.997,6355.998,6354.997,6355.998,0.0006
30.05.2019 09:14:00.000,6354.998,6356.998,6354.997,6355.997,0.0029
30.05.2019 09:15:00.000,6355.998,6361.998,6354.998,6361.998,0.0036
30.05.2019 09:16:00.000,6361.998,6362.998,6361.998,6361.998,0.0005
30.05.2019 09:17:00.000,6361.997,6361.998,6361.997,6361.997,0.0011
30.05.2019 09:18:00.000,6362.998,6362.998,6360.997,6361.998,0.0014
30.05.2019 09:19:00.000,6362.998,6362.998,6360.997,6360.997,0.0003
30.05.2019 09:20:00.000,6360.998,6362.998,6360.998,6361.998,0.0016
30.05.2019 09:21:00.000,6361.997,6364.998,6361.997,6364.997,0.0021
30.05.2019 09:22:00.000,6364.998,6364.998,6359.998,6360.998,0.0027
30.05.2019 09:23:00.000,6360.998,6360.998,6359.998,6359.998,0.0004
30.05.2019 09:25:00.000,6359.998,6361.998,6358.997,6359.998,0.0019
30.05.2019 09:26:00.000,6360.998,6360.998,6358.997,6359.997,0.0013
30.05.2019 09:27:00.000,6359.998,6360.998,6357.997,6357.998,0.003
30.05.2019 09:28:00.000,6358.998,6358.998,6357.998,6357.998,0.0008
30.05.2019 09:29:00.000,6358.998,6359.998,6358.998,6359.998,0.0005
30.05.2019 09:30:00.000,6360.997,6360.998,6358.998,6359.998,0.0019
30.05.2019 09:31:00.000,6359.998,6365.997,6359.997,6364.998,0.0031
30.05.2019 09:32:00.000,6362.998,6364.998,6361.997,6362.998,0.002
30.05.2019 09:33:00.000,6364.997,6364.997,6361.998,6362.998,0.0025
30.05.2019 09:34:00.000,6362.998,6364.998,6362.997,6364.998,0.0014
30.05.2019 09:35:00.000,6362.998,6364.998,6361.997,6361.997,0.0017
30.05.2019 09:36:00.000,6361.997,6362.998,6360.997,6361.998,0.0034
30.05.2019 09:37:00.000,6361.997,6363.998,6361.997,6363.998,0.0018
30.05.2019 09:38:00.000,6363.998,6363.998,6362.998,6362.998,0.0007
30.05.2019 09:39:00.000,6362.997,6364.998,6362.997,6362.997,0.0019
30.05.2019 09:40:00.000,6362.998,6362.998,6360.997,6362.998,0.0026
30.05.2019 09:41:00.000,6362.997,6364.998,6361.998,6364.998,0.0022
30.05.2019 09:42:00.000,6364.997,6364.998,6363.997,6363.997,0.0004
30.05.2019 09:43:00.000,6363.997,6363.998,6361.997,6362.998,0.001
30.05.2019 09:44:00.000,6361.998,6362.998,6361.997,6362.998,0.0016
30.05.2019 09:45:00.000,6362.997,6363.997,6361.997,6362.998,0.0029
30.05.2019 09:46:00.000,6363.997,6364.997,6362.997,6362.997,0.0033
30.05.2019 09:47:00.000,6363.997,6363.998,6362.997,6363.998,0.0023
30.05.2019 09:48:00.000,6363.998,6363.998,6363.997,6363.998,0.0018
30.05.2019 09:49:00.000,6363.997,6363.998,6363.997,6363.997,0.002
30.05.2019 09:50:00.000,6363.998,6363.998,6359.997,6359.997,0.0008
30.05.2019 09:51:00.000,6358.998,6358.998,6357.997,6358.998,0.0012
30.05.2019 09:52:00.000,6358.997,6359.998,6358.997,6358.998,0.0011
30.05.2019 09:53:00.000,6358.997,6360.998,6358.997,6359.998,0.0042
30.05.2019 09:54:00.000,6359.997,6362.998,6359.997,6362.998,0.0031
30.05.2019 09:55:00.000,6363.997,6369.998,6363.997,6369.998,0.0027
30.05.2019 09:56:00.000,6369.998,6369.998,6369.997,6369.998,0.0006
30.05.2019 09:57:00.000,6369.997,6369.998,6368.997,6368.998,0.0004
30.05.2019 09:58:00.000,6369.998,6369.998,6365.998,6368.997,0.0012
30.05.2019 09:59:00.000,6369.998,6369.998,6369.997,6369.998,0.0022
30.05.2019 10:00:00.000,6369.998,6371.998,6369.997,6371.998,0.0016
30.05.2019 10:01:00.000,6372.997,6372.998,6371.997,6372.998,0.0004
30.05.2019 10:02:00.000,6372.998,6375.997,6370.998,6374.998,0.002
30.05.2019 10:03:00.000,6375.997,6376.998,6375.997,6376.998,0.0022
30.05.2019 10:04:00.000,6375.998,6376.998,6375.997,6375.998,0.0011
30.05.2019 10:05:00.000,6375.998,6378.998,6375.998,6376.997,0.0023
30.05.2019 10:06:00.000,6376.998,6377.998,6376.997,6377.998,0.0013
30.05.2019 10:07:00.000,6376.998,6376.998,6376.997,6376.998,0.0007
30.05.2019 10:08:00.000,6376.997,6377.998,6375.998,6376.998,0.002
30.05.2019 10:09:00.000,6377.998,6380.998,6377.998,6378.998,0.0017
30.05.2019 10:10:00.000,6378.998,6378.998,6377.997,6377.998,0.0015
30.05.2019 10:11:00.000,6377.998,6377.998,6373.997,6374.998,0.0007
30.05.2019 10:12:00.000,6375.997,6375.998,6373.997,6373.998,0.0005
30.05.2019 10:13:00.000,6374.998,6375.998,6373.997,6374.998,0.0007
30.05.2019 10:14:00.000,6374.998,6376.997,6373.997,6375.998,0.0014
30.05.2019 10:15:00.000,6375.997,6377.998,6372.998,6377.998,0.002
30.05.2019 10:16:00.000,6377.998,6377.998,6376.998,6376.998,0.0006
30.05.2019 10:17:00.000,6376.998,6376.998,6373.997,6373.998,0.0012
30.05.2019 10:18:00.000,6373.997,6374.998,6373.997,6373.997,0.0021
30.05.2019 10:19:00.000,6373.998,6373.998,6373.997,6373.998,0.0017
30.05.2019 10:20:00.000,6374.997,6377.998,6374.997,6377.998,0.0024
30.05.2019 10:21:00.000,6377.997,6381.998,6377.997,6381.998,0.0023
30.05.2019 10:22:00.000,6381.997,6382.998,6381.997,6382.997,0.0025
30.05.2019 10:23:00.000,6382.998,6382.998,6381.997,6381.998,0.001
30.05.2019 10:24:00.000,6379.997,6379.997,6378.998,6378.998,0.0003
30.05.2019 10:25:00.000,6378.997,6379.998,6377.997,6378.998,0.0015
30.05.2019 10:26:00.000,6378.998,6378.998,6376.998,6377.997,0.0008
30.05.2019 10:27:00.000,6377.997,6377.997,6373.998,6373.998,0.0013
30.05.2019 10:28:00.000,6373.997,6373.997,6371.997,6372.998,0.0013
30.05.2019 10:29:00.000,6372.997,6373.998,6371.998,6372.997,0.0008
30.05.2019 10:30:00.000,6372.997,6373.998,6371.997,6373.998,0.0013
30.05.2019 10:31:00.000,6373.998,6377.997,6372.998,6377.997,0.004
30.05.2019 10:32:00.000,6377.998,6377.998,6374.997,6376.997,0.0018
30.05.2019 10:33:00.000,6376.997,6377.998,6374.997,6377.998,0.0029
30.05.2019 10:34:00.000,6377.997,6378.998,6377.997,6378.997,0.0009
30.05.2019 10:35:00.000,6378.998,6378.998,6376.997,6377.998,0.0017
30.05.2019 10:36:00.000,6377.998,6378.998,6377.997,6377.998,0.001
30.05.2019 10:37:00.000,6378.998,6378.998,6377.998,6377.998,0.0006
30.05.2019 10:38:00.000,6378.998,6379.998,6377.998,6378.997,0.0014
30.05.2019 10:39:00.000,6378.998,6380.997,6376.997,6376.998,0.0021
30.05.2019 10:40:00.000,6377.997,6377.998,6374.997,6375.998,0.0044
30.05.2019 10:41:00.000,6375.997,6375.998,6374.998,6374.998,0.0003
30.05.2019 10:42:00.000,6374.997,6374.998,6374.997,6374.998,0.0002
30.05.2019 10:43:00.000,6374.998,6374.998,6370.998,6371.997,0.0023
30.05.2019 10:44:00.000,6371.998,6373.997,6371.998,6372.998,0.0012
30.05.2019 10:45:00.000,6372.998,6372.998,6368.998,6369.998,0.0022
30.05.2019 10:46:00.000,6367.998,6370.998,6366.997,6370.998,0.0024
30.05.2019 10:47:00.000,6370.998,6370.998,6369.997,6370.997,0.0032
30.05.2019 10:48:00.000,6370.998,6372.997,6367.998,6370.998,0.0026
30.05.2019 10:49:00.000,6371.998,6371.998,6368.997,6368.997,0.0022
30.05.2019 10:50:00.000,6368.998,6368.998,6368.997,6368.997,0.0011
30.05.2019 10:51:00.000,6368.998,6368.998,6368.997,6368.998,0.0007
30.05.2019 10:52:00.000,6367.998,6368.998,6367.998,6368.997,0.0007
30.05.2019 10:53:00.000,6368.998,6368.998,6366.998,6367.998,0.0008
30.05.2019 10:54:00.000,6367.997,6367.998,6364.998,6364.998,0.0016
30.05.2019 10:55:00.000,6364.997,6364.998,6362.997,6364.998,0.002
30.05.2019 10:56:00.000,6364.997,6367.998,6364.997,6367.998,0.001
30.05.2019 10:57:00.000,6367.998,6367.998,6365.997,6365.998,0.0004
30.05.2019 10:58:00.000,6366.997,6367.998,6366.997,6367.997,0.001
30.05.2019 10:59:00.000,6367.997,6367.998,6366.998,6367.998,0.0022
30.05.2019 11:00:00.000,6367.997,6367.997,6366.998,6366.998,0.0004
30.05.2019 11:02:00.000,6366.998,6369.998,6366.997,6369.998,0.0028
30.05.2019 11:03:00.000,6369.998,6370.998,6367.997,6370.998,0.0015
30.05.2019 11:04:00.000,6367.998,6369.998,6367.997,6367.998,0.0011
30.05.2019 11:05:00.000,6367.997,6368.998,6366.998,6366.998,0.0017
30.05.2019 11:06:00.000,6366.997,6367.998,6366.997,6367.997,0.0022
30.05.2019 11:07:00.000,6367.998,6367.998,6364.998,6364.998,0.0012
30.05.2019 11:08:00.000,6365.998,6366.998,6363.997,6365.998,0.0015
30.05.2019 11:09:00.000,6365.750,6365.750,6362.998,6363.998,0.0003
30.05.2019 11:10:00.000,6363.750,6363.750,6360.997,6361.998,0.0023
30.05.2019 11:11:00.000,6362.997,6362.998,6360.997,6361.997,0.0007
30.05.2019 11:12:00.000,6361.998,6361.998,6358.998,6358.998,0.0008
30.05.2019 11:13:00.000,6357.998,6361.998,6357.998,6361.998,0.0022
30.05.2019 11:14:00.000,6361.997,6363.998,6360.998,6361.998,0.002
30.05.2019 11:15:00.000,6361.997,6362.998,6360.998,6362.998,0.0026
30.05.2019 11:16:00.000,6362.998,6362.998,6362.997,6362.998,0.0005
30.05.2019 11:17:00.000,6363.998,6365.998,6362.997,6365.998,0.0019
30.05.2019 11:18:00.000,6365.997,6365.998,6365.997,6365.998,0.0003
30.05.2019 11:19:00.000,6365.997,6366.998,6365.997,6366.998,0.0013
30.05.2019 11:20:00.000,6363.998,6365.998,6363.998,6365.998,0.0005
30.05.2019 11:21:00.000,6365.997,6365.998,6363.998,6365.998,0.0006
30.05.2019 11:22:00.000,6365.997,6365.998,6365.997,6365.998,0.0001
30.05.2019 11:23:00.000,6363.998,6364.998,6362.998,6362.998,0.002
30.05.2019 11:24:00.000,6361.997,6362.998,6361.997,6361.998,0.0012
30.05.2019 11:25:00.000,6362.998,6364.998,6362.998,6364.997,0.0012
30.05.2019 11:26:00.000,6364.998,6366.998,6364.997,6366.998,0.0026
30.05.2019 11:27:00.000,6366.997,6366.998,6364.998,6366.997,0.0017
30.05.2019 11:28:00.000,6366.997,6366.998,6365.997,6365.998,0.0009
30.05.2019 11:29:00.000,6365.997,6366.998,6365.997,6366.998,0.0005
30.05.2019 11:30:00.000,6367.997,6368.997,6365.998,6366.998,0.0013
30.05.2019 11:31:00.000,6366.997,6366.998,6365.997,6366.998,0.0003
30.05.2019 11:32:00.000,6366.997,6366.998,6364.998,6366.998,0.0014
30.05.2019 11:33:00.000,6366.998,6366.998,6364.998,6364.998,0.0004
30.05.2019 11:34:00.000,6364.998,6364.998,6363.998,6364.997,0.0014
30.05.2019 11:35:00.000,6364.997,6365.998,6363.998,6365.998,0.0011
30.05.2019 11:36:00.000,6365.998,6365.998,6364.998,6365.998,0.001
30.05.2019 11:37:00.000,6363.997,6365.998,6363.997,6364.998,0.0009
30.05.2019 11:38:00.000,6365.997,6366.998,6365.997,6366.998,0.0009
30.05.2019 11:39:00.000,6366.997,6366.998,6364.997,6364.998,0.001
30.05.2019 11:40:00.000,6364.997,6365.998,6364.997,6365.997,0.0022
30.05.2019 11:41:00.000,6365.998,6366.998,6365.997,6365.997,0.0031
30.05.2019 11:42:00.000,6365.997,6367.998,6365.997,6367.998,0.0027
30.05.2019 11:43:00.000,6367.997,6367.998,6366.997,6367.998,0.0015
30.05.2019 11:45:00.000,6367.997,6368.998,6367.997,6368.998,0.0019
30.05.2019 11:46:00.000,6369.998,6369.998,6369.998,6369.998,0.0004
30.05.2019 11:47:00.000,6370.997,6370.997,6368.998,6368.998,0.0012
30.05.2019 11:48:00.000,6368.997,6369.998,6368.997,6369.998,0.0017
30.05.2019 11:49:00.000,6369.998,6369.998,6368.997,6369.998,0.0031
30.05.2019 11:50:00.000,6369.998,6373.998,6369.998,6372.998,0.0032
30.05.2019 11:51:00.000,6372.997,6372.998,6372.997,6372.997,0.0016
30.05.2019 11:52:00.000,6372.997,6372.998,6371.997,6371.998,0.0021
30.05.2019 11:53:00.000,6372.998,6372.998,6370.997,6370.998,0.0004
30.05.2019 11:54:00.000,6370.998,6371.998,6370.997,6371.998,0.0009
30.05.2019 11:55:00.000,6371.998,6373.998,6371.997,6372.998,0.0026
30.05.2019 11:56:00.000,6373.998,6373.998,6373.997,6373.998,0.0023
30.05.2019 11:57:00.000,6373.998,6376.998,6373.997,6376.998,0.0037
30.05.2019 11:58:00.000,6376.997,6377.998,6376.997,6377.997,0.0009
30.05.2019 11:59:00.000,6377.997,6378.998,6377.997,6377.998,0.0019
30.05.2019 12:00:00.000,6377.998,6378.998,6377.997,6377.998,0.0013
30.05.2019 12:01:00.000,6378.997,6380.998,6378.997,6380.998,0.0015
30.05.2019 12:02:00.000,6381.997,6381.998,6380.997,6381.998,0.0012
30.05.2019 12:03:00.000,6381.998,6381.998,6380.997,6380.997,0.0012
30.05.2019 12:04:00.000,6380.998,6380.998,6380.997,6380.998,0.0005
30.05.2019 12:05:00.000,6380.997,6382.997,6380.997,6382.997,0.0033
30.05.2019 12:06:00.000,6383.998,6383.998,6381.997,6383.998,0.001
30.05.2019 12:07:00.000,6383.998,6383.998,6382.998,6382.998,0.0006
30.05.2019 12:08:00.000,6382.997,6382.998,6382.997,6382.998,0.0004
30.05.2019 12:09:00.000,6382.997,6385.998,6382.997,6385.998,0.0017
30.05.2019 12:10:00.000,6385.998,6385.998,6384.997,6385.998,0.0014
30.05.2019 12:11:00.000,6385.998,6390.998,6385.998,6390.998,0.0032
30.05.2019 12:12:00.000,6390.998,6392.998,6390.997,6391.997,0.0026
30.05.2019 12:13:00.000,6392.998,6393.998,6391.997,6392.998,0.0035
30.05.2019 12:15:00.000,6392.997,6393.998,6392.997,6393.998,0.0022
30.05.2019 12:16:00.000,6392.997,6393.998,6392.997,6393.998,0.0012
30.05.2019 12:17:00.000,6393.998,6396.998,6387.997,6389.998,0.0041
30.05.2019 12:18:00.000,6388.998,6391.998,6387.998,6389.998,0.0076
30.05.2019 12:19:00.000,6391.998,6393.998,6391.997,6393.998,0.0025
30.05.2019 12:20:00.000,6394.997,6394.998,6392.997,6393.998,0.0014
30.05.2019 12:21:00.000,6394.998,6394.998,6391.997,6393.998,0.004
30.05.2019 12:22:00.000,6393.997,6393.998,6391.998,6391.998,0.0004
30.05.2019 12:23:00.000,6391.998,6392.998,6391.997,6392.998,0.0017
30.05.2019 12:24:00.000,6393.998,6393.998,6391.998,6391.998,0.0006
30.05.2019 12:25:00.000,6391.998,6393.998,6390.998,6393.998,0.0025
30.05.2019 12:26:00.000,6392.998,6392.998,6391.997,6391.997,0.0039
30.05.2019 12:27:00.000,6391.998,6391.998,6391.998,6391.998,0.0001
30.05.2019 12:28:00.000,6389.998,6390.998,6389.998,6390.998,0.0003
30.05.2019 12:29:00.000,6391.997,6393.998,6390.997,6393.997,0.0029
30.05.2019 12:30:00.000,6393.998,6401.998,6393.998,6401.998,0.0058
30.05.2019 12:31:00.000,6401.998,6403.998,6395.997,6397.998,0.0064
30.05.2019 12:32:00.000,6398.997,6404.998,6398.997,6404.998,0.0051
30.05.2019 12:33:00.000,6403.998,6405.998,6403.997,6405.998,0.0012
30.05.2019 12:34:00.000,6405.998,6406.998,6400.998,6400.998,0.0024
30.05.2019 12:35:00.000,6399.998,6402.998,6399.997,6401.998,0.0047
30.05.2019 12:36:00.000,6401.997,6402.998,6397.997,6401.998,0.0052
30.05.2019 12:37:00.000,6401.998,6401.998,6398.998,6398.998,0.0022
30.05.2019 12:38:00.000,6399.997,6399.997,6396.997,6396.997,0.0031
30.05.2019 12:39:00.000,6397.998,6398.998,6395.997,6397.998,0.0048
30.05.2019 12:40:00.000,6398.998,6398.998,6395.997,6396.998,0.0051
30.05.2019 12:41:00.000,6396.998,6398.998,6396.997,6398.998,0.0046
30.05.2019 12:42:00.000,6399.998,6399.998,6398.997,6398.998,0.0022
30.05.2019 12:43:00.000,6398.998,6401.998,6398.997,6401.998,0.0056
30.05.2019 12:44:00.000,6402.998,6403.998,6402.997,6402.998,0.0039
30.05.2019 12:45:00.000,6403.998,6403.998,6399.998,6399.998,0.0019
30.05.2019 12:46:00.000,6399.997,6400.998,6398.998,6399.997,0.002
30.05.2019 12:47:00.000,6399.998,6399.998,6399.997,6399.997,0.0013
30.05.2019 12:48:00.000,6400.998,6400.998,6399.998,6400.998,0.0009
30.05.2019 12:49:00.000,6400.997,6402.998,6399.997,6401.998,0.0029
30.05.2019 12:50:00.000,6401.997,6401.998,6399.997,6400.997,0.0018
30.05.2019 12:51:00.000,6400.997,6401.998,6398.998,6401.998,0.0013
30.05.2019 12:52:00.000,6401.998,6402.998,6400.998,6402.998,0.0049
30.05.2019 12:53:00.000,6402.750,6402.750,6399.997,6400.998,0.002
30.05.2019 12:54:00.000,6399.998,6402.998,6399.997,6399.998,0.0017
30.05.2019 12:55:00.000,6399.997,6402.998,6399.997,6402.997,0.0038
30.05.2019 12:56:00.000,6402.998,6403.998,6402.997,6403.997,0.003
30.05.2019 12:57:00.000,6403.998,6406.998,6403.997,6405.998,0.0031
30.05.2019 12:58:00.000,6405.997,6405.998,6403.997,6403.998,0.0016
30.05.2019 12:59:00.000,6405.997,6405.998,6404.998,6405.998,0.0002
30.05.2019 13:00:00.000,6405.998,6405.998,6403.997,6403.997,0.0009
30.05.2019 13:01:00.000,6403.998,6405.998,6399.997,6401.997,0.0078
30.05.2019 13:02:00.000,6401.998,6403.998,6401.997,6403.998,0.0028
30.05.2019 13:03:00.000,6403.998,6403.998,6401.998,6402.998,0.0003
30.05.2019 13:04:00.000,6402.997,6402.998,6401.997,6401.998,0.0005
30.05.2019 13:05:00.000,6401.998,6401.998,6399.997,6399.998,0.0032
30.05.2019 13:06:00.000,6400.997,6401.998,6399.997,6401.998,0.0031
30.05.2019 13:07:00.000,6401.997,6401.998,6400.997,6401.998,0.0025
30.05.2019 13:08:00.000,6401.997,6402.998,6400.997,6401.998,0.0017
30.05.2019 13:09:00.000,6402.997,6403.998,6401.997,6402.998,0.0033
30.05.2019 13:10:00.000,6402.997,6403.998,6402.997,6403.998,0.0022
30.05.2019 13:11:00.000,6403.998,6404.998,6402.998,6404.998,0.0027
30.05.2019 13:12:00.000,6405.998,6405.998,6404.997,6404.998,0.0011
30.05.2019 13:13:00.000,6404.997,6405.998,6404.997,6404.998,0.0017
30.05.2019 13:14:00.000,6404.997,6404.998,6404.997,6404.998,0.0023
30.05.2019 13:15:00.000,6404.998,6404.998,6399.997,6399.998,0.0052
30.05.2019 13:16:00.000,6400.998,6402.998,6399.998,6402.998,0.005
30.05.2019 13:17:00.000,6402.997,6402.998,6402.997,6402.998,0.0004
30.05.2019 13:18:00.000,6402.998,6407.998,6402.998,6406.997,0.0045
30.05.2019 13:19:00.000,6407.998,6408.998,6406.997,6407.998,0.0035
30.05.2019 13:20:00.000,6408.997,6408.997,6405.997,6406.998,0.0017
30.05.2019 13:21:00.000,6406.997,6406.997,6406.997,6406.997,0.0001
30.05.2019 13:22:00.000,6406.998,6409.998,6406.998,6409.997,0.0006
30.05.2019 13:23:00.000,6409.998,6410.998,6409.997,6409.997,0.0021
30.05.2019 13:24:00.000,6409.998,6409.998,6409.997,6409.998,0.0036
30.05.2019 13:25:00.000,6409.998,6409.998,6407.998,6408.998,0.0012
30.05.2019 13:26:00.000,6408.997,6410.998,6408.997,6410.997,0.0021
30.05.2019 13:27:00.000,6410.998,6411.998,6409.997,6409.998,0.0072
30.05.2019 13:28:00.000,6410.997,6410.998,6409.997,6410.998,0.0024
30.05.2019 13:30:00.000,6410.997,6410.998,6410.997,6410.998,0.0039
30.05.2019 13:31:00.000,6410.997,6411.998,6410.997,6411.998,0.0056
30.05.2019 13:32:00.000,6412.998,6413.998,6411.998,6411.998,0.004
30.05.2019 13:33:00.000,6412.998,6412.998,6406.997,6408.998,0.0073
30.05.2019 13:34:00.000,6407.997,6411.998,6407.997,6410.998,0.0029
30.05.2019 13:35:00.000,6410.998,6411.998,6408.997,6411.998,0.0064
30.05.2019 13:36:00.000,6412.998,6414.998,6411.998,6414.997,0.0141
30.05.2019 13:37:00.000,6414.997,6416.998,6412.997,6412.997,0.0055
30.05.2019 13:38:00.000,6413.998,6413.998,6407.998,6410.998,0.0055
30.05.2019 13:39:00.000,6410.998,6410.998,6406.997,6408.998,0.0052
30.05.2019 13:40:00.000,6408.997,6408.998,6407.997,6407.998,0.0025
30.05.2019 13:41:00.000,6407.997,6407.998,6403.997,6403.997,0.0051
30.05.2019 13:42:00.000,6403.998,6406.997,6403.997,6405.998,0.0044
30.05.2019 13:43:00.000,6405.997,6405.998,6405.997,6405.997,0.0044
30.05.2019 13:44:00.000,6406.997,6406.998,6405.997,6405.997,0.0056
30.05.2019 13:45:00.000,6405.997,6405.998,6403.998,6405.997,0.0025
30.05.2019 13:46:00.000,6405.998,6405.998,6404.997,6404.997,0.0068
30.05.2019 13:47:00.000,6404.998,6405.998,6404.997,6405.997,0.0076
30.05.2019 13:48:00.000,6405.998,6407.997,6405.997,6407.997,0.0042
30.05.2019 13:49:00.000,6407.998,6407.998,6407.998,6407.998,0.0001
30.05.2019 13:50:00.000,6407.998,6407.998,6406.998,6407.998,0.0008
30.05.2019 13:51:00.000,6407.998,6407.998,6407.998,6407.998,0.0003
30.05.2019 13:52:00.000,6407.997,6407.997,6405.998,6406.998,0.0025
30.05.2019 13:53:00.000,6405.998,6406.998,6402.997,6404.998,0.0061
30.05.2019 13:54:00.000,6404.997,6406.998,6403.998,6405.997,0.0025
30.05.2019 13:55:00.000,6405.997,6406.998,6404.997,6405.998,0.0042
30.05.2019 13:56:00.000,6405.997,6405.998,6404.997,6405.998,0.0051
30.05.2019 13:57:00.000,6405.997,6405.998,6404.997,6405.998,0.0031
30.05.2019 13:58:00.000,6405.997,6406.998,6405.997,6406.997,0.0035
30.05.2019 13:59:00.000,6405.998,6406.998,6405.997,6406.998,0.001
30.05.2019 14:00:00.000,6406.997,6406.998,6403.997,6404.998,0.0025
30.05.2019 14:01:00.000,6404.997,6407.998,6404.997,6407.998,0.0043
30.05.2019 14:02:00.000,6407.997,6410.998,6407.997,6407.997,0.0045
30.05.2019 14:03:00.000,6407.998,6409.998,6406.997,6407.998,0.0017
30.05.2019 14:04:00.000,6408.997,6409.998,6407.997,6407.998,0.0022
30.05.2019 14:05:00.000,6407.997,6408.998,6407.997,6407.998,0.0041
30.05.2019 14:06:00.000,6407.998,6407.998,6407.997,6407.998,0.0074
30.05.2019 14:07:00.000,6407.998,6407.998,6402.998,6403.998,0.0045
30.05.2019 14:08:00.000,6403.997,6404.998,6403.997,6404.997,0.0049
30.05.2019 14:09:00.000,6404.998,6404.998,6403.997,6404.998,0.0057
30.05.2019 14:10:00.000,6403.997,6405.997,6401.998,6404.998,0.0066
30.05.2019 14:11:00.000,6404.997,6404.998,6400.997,6401.998,0.0048
30.05.2019 14:12:00.000,6401.997,6401.998,6399.997,6399.997,0.006
30.05.2019 14:13:00.000,6399.998,6401.998,6399.998,6400.998,0.0017
30.05.2019 14:14:00.000,6401.998,6401.998,6400.997,6400.998,0.0046
30.05.2019 14:15:00.000,6401.998,6404.998,6401.998,6404.998,0.0081
30.05.2019 14:16:00.000,6404.998,6407.998,6404.997,6407.998,0.0059
30.05.2019 14:17:00.000,6408.997,6409.998,6408.997,6409.997,0.0055
30.05.2019 14:18:00.000,6409.998,6409.998,6407.998,6408.998,0.0057
30.05.2019 14:19:00.000,6409.998,6412.998,6408.997,6410.998,0.0115
30.05.2019 14:20:00.000,6410.998,6412.998,6410.997,6412.998,0.0092
30.05.2019 14:21:00.000,6411.998,6412.998,6410.997,6411.997,0.0202
30.05.2019 14:22:00.000,6411.998,6411.998,6408.997,6408.997,0.0102
30.05.2019 14:23:00.000,6408.998,6411.997,6408.997,6411.997,0.0081
30.05.2019 14:24:00.000,6410.998,6412.998,6410.997,6411.998,0.0125
30.05.2019 14:25:00.000,6411.997,6413.998,6411.997,6411.998,0.0124
30.05.2019 14:26:00.000,6411.997,6411.998,6407.998,6407.998,0.0064
30.05.2019 14:27:00.000,6407.998,6408.998,6407.997,6408.998,0.0028
30.05.2019 14:28:00.000,6409.998,6409.998,6409.997,6409.998,0.0002
30.05.2019 14:29:00.000,6409.997,6409.998,6408.997,6408.997,0.0025
30.05.2019 14:30:00.000,6408.998,6410.998,6408.997,6409.998,0.0095
30.05.2019 14:31:00.000,6409.997,6414.998,6409.997,6414.998,0.0097
30.05.2019 14:32:00.000,6414.997,6416.998,6413.997,6415.998,0.009
30.05.2019 14:33:00.000,6415.997,6415.998,6413.997,6413.997,0.009
30.05.2019 14:34:00.000,6413.997,6414.998,6412.997,6412.998,0.0111
30.05.2019 14:35:00.000,6412.997,6412.997,6408.997,6409.998,0.0048
30.05.2019 14:36:00.000,6410.998,6411.997,6407.997,6407.998,0.013
30.05.2019 14:37:00.000,6408.997,6409.998,6408.997,6408.998,0.0092
30.05.2019 14:38:00.000,6408.997,6408.998,6408.997,6408.997,0.0072
30.05.2019 14:39:00.000,6408.998,6408.998,6407.997,6407.998,0.0045
30.05.2019 14:40:00.000,6408.997,6410.998,6407.997,6409.997,0.0033
30.05.2019 14:41:00.000,6409.998,6409.998,6408.997,6408.998,0.0028
30.05.2019 14:42:00.000,6408.997,6410.998,6408.997,6408.998,0.0057
30.05.2019 14:43:00.000,6409.998,6409.998,6408.997,6408.998,0.0124
30.05.2019 14:44:00.000,6408.997,6408.998,6407.997,6408.998,0.0037
30.05.2019 14:45:00.000,6408.997,6409.998,6408.997,6409.997,0.0048
30.05.2019 14:46:00.000,6409.997,6409.997,6407.997,6407.998,0.0037
30.05.2019 14:47:00.000,6407.997,6407.998,6407.997,6407.998,0.0065
30.05.2019 14:48:00.000,6407.997,6408.998,6407.997,6408.998,0.0073
30.05.2019 14:49:00.000,6409.998,6409.998,6408.997,6408.998,0.0035
30.05.2019 14:50:00.000,6407.997,6409.998,6407.997,6408.997,0.0088
30.05.2019 14:51:00.000,6408.998,6408.998,6407.997,6407.998,0.0044
30.05.2019 14:52:00.000,6406.998,6407.998,6406.997,6407.998,0.0049
30.05.2019 14:53:00.000,6407.997,6407.998,6404.997,6404.998,0.0028
30.05.2019 14:54:00.000,6404.997,6406.998,6404.997,6405.998,0.004
30.05.2019 14:55:00.000,6406.998,6407.998,6406.997,6406.998,0.0053
30.05.2019 14:56:00.000,6406.997,6408.998,6405.997,6407.997,0.0063
30.05.2019 14:57:00.000,6407.998,6409.998,6404.997,6404.998,0.0027
30.05.2019 14:58:00.000,6404.997,6407.998,6404.997,6407.998,0.0057
30.05.2019 14:59:00.000,6407.997,6408.998,6404.998,6406.997,0.0051
30.05.2019 15:00:00.000,6406.998,6408.998,6405.997,6407.997,0.006
30.05.2019 15:01:00.000,6407.997,6407.998,6405.998,6407.997,0.0042
30.05.2019 15:02:00.000,6407.998,6407.998,6405.997,6406.997,0.008
30.05.2019 15:03:00.000,6406.998,6406.998,6405.997,6406.997,0.0035
30.05.2019 15:04:00.000,6406.998,6406.998,6405.997,6406.998,0.0077
30.05.2019 15:05:00.000,6406.997,6407.998,6406.997,6406.998,0.0049
30.05.2019 15:06:00.000,6406.998,6407.998,6403.998,6404.998,0.0044
30.05.2019 15:07:00.000,6404.998,6406.997,6403.997,6405.998,0.0079
30.05.2019 15:08:00.000,6405.997,6406.998,6405.997,6406.997,0.0124
30.05.2019 15:09:00.000,6407.998,6409.998,6406.997,6409.998,0.0099
30.05.2019 15:10:00.000,6409.998,6409.998,6408.997,6408.998,0.0132
30.05.2019 15:11:00.000,6408.997,6408.998,6406.998,6406.998,0.0013
30.05.2019 15:12:00.000,6406.997,6407.998,6404.997,6405.998,0.0084
30.05.2019 15:13:00.000,6406.998,6406.998,6405.998,6405.998,0.0028
30.05.2019 15:14:00.000,6405.997,6406.998,6404.997,6405.997,0.0057
30.05.2019 15:15:00.000,6405.998,6406.998,6404.997,6405.997,0.0057
30.05.2019 15:16:00.000,6406.997,6406.998,6405.997,6405.998,0.0078
30.05.2019 15:17:00.000,6405.997,6406.998,6402.998,6403.997,0.0091
30.05.2019 15:18:00.000,6403.997,6404.998,6403.997,6404.998,0.0044
30.05.2019 15:19:00.000,6404.997,6404.998,6403.997,6403.998,0.0041
30.05.2019 15:20:00.000,6403.997,6404.998,6403.997,6403.997,0.0173
30.05.2019 15:21:00.000,6403.998,6404.998,6403.997,6403.997,0.0081
30.05.2019 15:22:00.000,6403.998,6403.998,6402.997,6403.998,0.0065
30.05.2019 15:23:00.000,6403.997,6404.998,6402.998,6404.998,0.006
30.05.2019 15:24:00.000,6404.998,6405.997,6403.997,6403.997,0.0071
30.05.2019 15:25:00.000,6403.998,6406.998,6403.997,6406.998,0.0086
30.05.2019 15:26:00.000,6404.998,6406.998,6404.997,6406.998,0.0082
30.05.2019 15:27:00.000,6407.997,6409.998,6407.997,6408.998,0.011
30.05.2019 15:28:00.000,6408.997,6409.998,6406.997,6406.997,0.0108
30.05.2019 15:29:00.000,6406.998,6406.998,6403.997,6405.997,0.015
31.05.2019 07:00:00.000,6348.997,6373.998,6348.997,6373.998,0.0022
31.05.2019 07:01:00.000,6364.998,6377.998,6364.998,6374.998,0.0003
31.05.2019 07:02:00.000,6374.997,6374.997,6366.998,6366.998,0.0002
31.05.2019 07:03:00.000,6370.998,6372.998,6370.998,6372.998,0.0001
31.05.2019 07:05:00.000,6371.998,6377.997,6369.998,6377.997,0.001
31.05.2019 07:06:00.000,6376.997,6384.998,6376.997,6384.998,0.001
31.05.2019 07:07:00.000,6384.998,6384.998,6379.997,6380.998,0.0011
31.05.2019 07:08:00.000,6382.998,6389.998,6382.998,6389.998,0.0023
31.05.2019 07:09:00.000,6389.750,6389.750,6377.997,6378.997,0.0027
31.05.2019 07:10:00.000,6378.997,6384.998,6377.997,6379.998,0.0033
31.05.2019 07:11:00.000,6379.998,6379.998,6361.998,6366.998,0.003
31.05.2019 07:12:00.000,6365.998,6368.998,6359.997,6363.998,0.0078
31.05.2019 07:13:00.000,6363.997,6364.998,6361.997,6361.998,0.0042
31.05.2019 07:14:00.000,6362.998,6362.998,6357.998,6357.998,0.0042
31.05.2019 07:15:00.000,6358.997,6359.998,6350.998,6350.998,0.0026
31.05.2019 07:16:00.000,6351.998,6357.998,6349.997,6356.998,0.0058
31.05.2019 07:17:00.000,6356.997,6361.998,6355.997,6359.998,0.0071
31.05.2019 07:18:00.000,6359.997,6362.998,6355.998,6361.998,0.005
31.05.2019 07:19:00.000,6361.998,6364.998,6359.997,6361.998,0.0064
31.05.2019 07:20:00.000,6361.997,6364.998,6360.997,6364.998,0.0041
31.05.2019 07:21:00.000,6364.998,6364.998,6356.997,6359.997,0.0044
31.05.2019 07:22:00.000,6360.998,6361.998,6355.998,6358.997,0.0063
31.05.2019 07:23:00.000,6358.998,6359.998,6353.997,6358.998,0.0064
31.05.2019 07:24:00.000,6358.997,6359.997,6352.997,6358.997,0.0065
31.05.2019 07:25:00.000,6358.998,6358.998,6354.997,6358.998,0.0038
31.05.2019 07:26:00.000,6359.998,6363.998,6358.997,6358.998,0.0018
31.05.2019 07:27:00.000,6359.998,6361.998,6358.997,6359.997,0.0028
31.05.2019 07:28:00.000,6358.997,6358.997,6348.997,6348.998,0.0046
31.05.2019 07:29:00.000,6348.997,6350.998,6348.997,6348.998,0.0018
31.05.2019 07:30:00.000,6349.997,6350.998,6342.997,6343.998,0.0044
31.05.2019 07:31:00.000,6344.998,6348.998,6344.998,6347.998,0.0026
31.05.2019 07:32:00.000,6347.998,6349.998,6347.997,6348.998,0.0054
31.05.2019 07:33:00.000,6348.998,6348.998,6340.997,6341.997,0.0044
31.05.2019 07:34:00.000,6340.998,6342.997,6339.997,6340.998,0.0023
31.05.2019 07:35:00.000,6340.998,6341.998,6337.998,6341.997,0.0029
31.05.2019 07:36:00.000,6341.997,6342.998,6338.997,6340.997,0.0062
31.05.2019 07:37:00.000,6340.997,6340.997,6331.997,6333.997,0.0036
31.05.2019 07:38:00.000,6333.998,6333.998,6327.998,6328.998,0.0042
31.05.2019 07:39:00.000,6328.997,6329.998,6325.997,6329.998,0.0033
31.05.2019 07:40:00.000,6329.997,6329.997,6324.998,6324.998,0.0012
31.05.2019 07:41:00.000,6324.997,6330.998,6324.997,6330.998,0.0025
31.05.2019 07:42:00.000,6330.997,6333.997,6330.997,6333.997,0.0026
31.05.2019 07:43:00.000,6333.998,6337.998,6330.998,6334.997,0.0082
31.05.2019 07:44:00.000,6334.998,6336.998,6334.997,6335.997,0.0013
31.05.2019 07:45:00.000,6335.998,6335.998,6332.997,6332.997,0.0051
31.05.2019 07:46:00.000,6332.997,6332.998,6326.997,6326.997,0.0026
31.05.2019 07:47:00.000,6327.997,6328.998,6326.997,6326.997,0.0027
31.05.2019 07:48:00.000,6326.998,6326.998,6323.997,6323.997,0.0041
31.05.2019 07:49:00.000,6323.998,6325.998,6319.997,6319.998,0.0038
31.05.2019 07:50:00.000,6319.997,6321.998,6317.998,6318.998,0.0029
31.05.2019 07:51:00.000,6317.997,6317.997,6310.997,6310.998,0.0061
31.05.2019 07:52:00.000,6310.998,6313.998,6306.997,6310.998,0.006
31.05.2019 07:53:00.000,6310.998,6311.998,6301.997,6301.998,0.006
31.05.2019 07:54:00.000,6302.998,6306.998,6301.998,6303.998,0.0044
31.05.2019 07:55:00.000,6303.997,6303.997,6296.997,6299.998,0.0063
31.05.2019 07:56:00.000,6300.997,6307.998,6300.997,6305.998,0.0023
31.05.2019 07:57:00.000,6307.998,6313.997,6307.997,6312.998,0.003
31.05.2019 07:58:00.000,6312.998,6312.998,6304.997,6306.997,0.0027
31.05.2019 07:59:00.000,6306.998,6306.998,6301.997,6302.997,0.005
31.05.2019 08:00:00.000,6303.998,6308.998,6303.997,6304.998,0.0043
31.05.2019 08:01:00.000,6305.998,6305.998,6301.997,6303.998,0.0045
31.05.2019 08:02:00.000,6304.998,6304.998,6300.997,6302.998,0.0013
31.05.2019 08:03:00.000,6302.998,6307.998,6299.997,6306.997,0.0036
31.05.2019 08:04:00.000,6306.998,6307.998,6299.998,6299.998,0.0034
31.05.2019 08:05:00.000,6298.997,6299.998,6295.997,6297.998,0.0039
31.05.2019 08:06:00.000,6299.998,6299.998,6298.997,6298.998,0.0021
31.05.2019 08:07:00.000,6298.997,6298.997,6291.997,6292.998,0.0038
31.05.2019 08:08:00.000,6292.998,6300.998,6292.997,6300.998,0.0021
31.05.2019 08:09:00.000,6298.998,6298.998,6294.997,6294.998,0.0029
31.05.2019 08:10:00.000,6294.997,6296.998,6294.997,6295.997,0.0036
31.05.2019 08:11:00.000,6295.998,6297.998,6295.997,6296.998,0.0011
31.05.2019 08:12:00.000,6296.997,6297.998,6291.997,6296.998,0.0038
31.05.2019 08:13:00.000,6296.997,6298.998,6294.997,6298.997,0.0023
31.05.2019 08:14:00.000,6298.998,6298.998,6293.998,6294.998,0.0041
31.05.2019 08:15:00.000,6294.997,6294.998,6292.997,6293.998,0.0012
31.05.2019 08:16:00.000,6294.998,6298.997,6294.997,6294.998,0.0013
31.05.2019 08:17:00.000,6294.997,6299.998,6294.997,6299.998,0.0028
31.05.2019 08:18:00.000,6298.998,6298.998,6294.997,6297.997,0.0015
31.05.2019 08:19:00.000,6298.997,6299.998,6292.998,6296.998,0.0018
31.05.2019 08:20:00.000,6295.997,6297.997,6292.997,6292.998,0.0021
31.05.2019 08:21:00.000,6291.998,6293.998,6291.997,6291.998,0.0018
31.05.2019 08:23:00.000,6288.997,6291.998,6285.998,6291.998,0.0038
31.05.2019 08:24:00.000,6291.998,6298.998,6291.997,6297.998,0.0033
31.05.2019 08:25:00.000,6298.998,6298.998,6293.997,6296.997,0.0025
31.05.2019 08:26:00.000,6296.998,6296.998,6291.997,6292.998,0.0085
31.05.2019 08:27:00.000,6292.998,6296.998,6292.998,6296.998,0.002
31.05.2019 08:28:00.000,6296.997,6296.998,6293.997,6294.998,0.0032
31.05.2019 08:29:00.000,6294.997,6294.998,6289.998,6289.998,0.0038
31.05.2019 08:30:00.000,6289.997,6290.998,6287.997,6287.997,0.0025
31.05.2019 08:31:00.000,6287.998,6287.998,6287.997,6287.998,0.0002
31.05.2019 08:32:00.000,6288.998,6296.997,6288.997,6296.997,0.0049
31.05.2019 08:33:00.000,6296.997,6297.998,6294.998,6296.998,0.0033
31.05.2019 08:34:00.000,6296.997,6299.997,6296.997,6298.997,0.0024
31.05.2019 08:35:00.000,6298.998,6298.998,6292.997,6295.998,0.0033
31.05.2019 08:36:00.000,6296.997,6297.998,6292.997,6297.998,0.0042
31.05.2019 08:37:00.000,6297.998,6301.998,6297.998,6301.998,0.0023
31.05.2019 08:38:00.000,6300.998,6302.998,6299.997,6299.998,0.0025
31.05.2019 08:39:00.000,6299.998,6300.998,6297.997,6297.997,0.001
31.05.2019 08:40:00.000,6297.998,6297.998,6294.998,6297.997,0.0041
31.05.2019 08:41:00.000,6298.998,6298.998,6294.997,6296.998,0.0026
31.05.2019 08:42:00.000,6296.997,6297.998,6296.997,6297.997,0.001
31.05.2019 08:43:00.000,6297.998,6299.997,6295.997,6296.997,0.0047
31.05.2019 08:44:00.000,6296.997,6296.998,6290.997,6290.997,0.0058
31.05.2019 08:45:00.000,6290.998,6292.998,6289.997,6292.998,0.0018
31.05.2019 08:46:00.000,6292.998,6292.998,6287.997,6289.998,0.0017
31.05.2019 08:47:00.000,6289.997,6293.997,6287.997,6293.997,0.0029
31.05.2019 08:48:00.000,6293.998,6294.997,6289.998,6291.998,0.0057
31.05.2019 08:49:00.000,6290.998,6294.998,6290.998,6294.998,0.0046
31.05.2019 08:50:00.000,6293.998,6303.998,6293.997,6303.997,0.0077
31.05.2019 08:51:00.000,6303.998,6306.998,6303.998,6304.997,0.0044
31.05.2019 08:52:00.000,6304.998,6307.997,6304.997,6305.998,0.0085
31.05.2019 08:53:00.000,6305.998,6309.998,6305.998,6309.998,0.0034
31.05.2019 08:54:00.000,6309.998,6310.998,6307.997,6310.998,0.0033
31.05.2019 08:55:00.000,6311.998,6312.998,6310.998,6312.997,0.0038
31.05.2019 08:56:00.000,6312.998,6312.998,6311.997,6311.998,0.0058
31.05.2019 08:57:00.000,6311.998,6312.998,6310.997,6312.998,0.0114
31.05.2019 08:58:00.000,6312.998,6313.998,6312.997,6312.997,0.0022
31.05.2019 08:59:00.000,6312.998,6312.998,6309.997,6311.998,0.0039
31.05.2019 09:00:00.000,6311.998,6311.998,6309.997,6309.998,0.0024
31.05.2019 09:01:00.000,6307.998,6308.998,6305.997,6305.998,0.0015
31.05.2019 09:02:00.000,6304.997,6304.998,6300.998,6302.998,0.0006
31.05.2019 09:03:00.000,6303.998,6304.998,6301.997,6304.997,0.0013
31.05.2019 09:04:00.000,6305.998,6305.998,6304.997,6305.998,0.0006
31.05.2019 09:05:00.000,6305.998,6308.998,6302.997,6306.998,0.0053
31.05.2019 09:06:00.000,6306.997,6307.998,6305.997,6305.997,0.0019
31.05.2019 09:07:00.000,6305.998,6306.998,6300.998,6300.998,0.0032
31.05.2019 09:08:00.000,6300.997,6302.998,6300.997,6301.997,0.0041
31.05.2019 09:09:00.000,6300.998,6302.998,6300.997,6302.997,0.0021
31.05.2019 09:10:00.000,6302.998,6305.998,6299.998,6305.997,0.003
31.05.2019 09:11:00.000,6305.998,6305.998,6305.997,6305.998,0.0008
31.05.2019 09:12:00.000,6305.997,6308.998,6305.997,6308.998,0.0008
31.05.2019 09:13:00.000,6308.998,6310.998,6308.997,6310.998,0.0013
31.05.2019 09:14:00.000,6311.998,6314.998,6311.997,6314.998,0.0031
31.05.2019 09:15:00.000,6314.998,6322.998,6314.997,6322.998,0.0053
31.05.2019 09:16:00.000,6322.997,6326.998,6321.997,6326.998,0.0085
31.05.2019 09:17:00.000,6327.998,6328.998,6321.998,6323.997,0.004
31.05.2019 09:18:00.000,6323.998,6323.998,6315.998,6316.998,0.0021
31.05.2019 09:19:00.000,6316.998,6318.998,6315.997,6317.997,0.0068
31.05.2019 09:20:00.000,6317.998,6320.998,6316.997,6318.998,0.0014
31.05.2019 09:21:00.000,6318.750,6318.750,6315.998,6316.997,0.0004
31.05.2019 09:22:00.000,6316.998,6316.998,6313.997,6315.998,0.0024
31.05.2019 09:23:00.000,6313.998,6315.998,6313.997,6315.998,0.0039
31.05.2019 09:24:00.000,6317.998,6317.998,6314.997,6314.998,0.0011
31.05.2019 09:25:00.000,6315.998,6315.998,6308.997,6313.998,0.0127
31.05.2019 09:26:00.000,6313.998,6315.998,6310.998,6312.998,0.0029
31.05.2019 09:27:00.000,6312.998,6316.998,6310.998,6316.998,0.0044
31.05.2019 09:28:00.000,6316.998,6316.998,6308.997,6309.998,0.0074
31.05.2019 09:29:00.000,6310.998,6313.998,6309.997,6313.997,0.0163
31.05.2019 09:30:00.000,6313.998,6314.998,6306.998,6306.998,0.0088
31.05.2019 09:31:00.000,6307.998,6310.998,6306.998,6308.998,0.004
31.05.2019 09:32:00.000,6308.998,6310.998,6307.997,6309.998,0.0031
31.05.2019 09:33:00.000,6309.997,6309.997,6303.998,6303.998,0.0031
31.05.2019 09:34:00.000,6303.998,6305.998,6302.998,6304.998,0.0017
31.05.2019 09:35:00.000,6305.997,6307.998,6303.997,6307.997,0.0029
31.05.2019 09:36:00.000,6307.997,6308.998,6306.997,6307.997,0.004
31.05.2019 09:37:00.000,6307.998,6310.998,6307.997,6309.997,0.0032
31.05.2019 09:38:00.000,6309.998,6311.998,6309.997,6310.998,0.0045
31.05.2019 09:39:00.000,6310.997,6311.998,6308.997,6309.997,0.004
31.05.2019 09:40:00.000,6309.998,6310.998,6306.997,6309.998,0.0045
31.05.2019 09:41:00.000,6308.998,6308.998,6306.998,6307.998,0.0044
31.05.2019 09:42:00.000,6308.997,6310.998,6308.997,6310.998,0.0043
31.05.2019 09:43:00.000,6310.998,6311.998,6310.998,6311.997,0.0031
31.05.2019 09:44:00.000,6312.997,6312.998,6309.998,6309.998,0.0009
31.05.2019 09:45:00.000,6309.998,6311.997,6308.997,6311.997,0.0036
31.05.2019 09:46:00.000,6313.998,6315.998,6311.997,6315.998,0.0039
31.05.2019 09:47:00.000,6315.998,6315.998,6309.997,6310.998,0.0023
31.05.2019 09:48:00.000,6310.997,6310.997,6307.997,6309.998,0.0032
31.05.2019 09:49:00.000,6310.998,6311.998,6306.998,6307.998,0.0018
31.05.2019 09:50:00.000,6307.998,6307.998,6299.997,6301.998,0.0026
31.05.2019 09:51:00.000,6301.998,6304.998,6301.998,6304.998,0.0005
31.05.2019 09:52:00.000,6304.997,6305.998,6301.997,6301.998,0.0022
31.05.2019 09:53:00.000,6299.998,6305.998,6299.998,6304.997,0.0046
31.05.2019 09:54:00.000,6304.998,6310.998,6304.997,6310.998,0.004
31.05.2019 09:55:00.000,6310.998,6310.998,6310.997,6310.998,0.0017
31.05.2019 09:56:00.000,6310.998,6310.998,6303.998,6306.998,0.0036
31.05.2019 09:57:00.000,6306.998,6306.998,6303.997,6304.998,0.0035
31.05.2019 09:58:00.000,6304.998,6304.998,6299.998,6300.998,0.0007
31.05.2019 09:59:00.000,6301.997,6303.998,6301.997,6302.998,0.0005
31.05.2019 10:00:00.000,6303.998,6305.998,6302.997,6302.998,0.002
31.05.2019 10:01:00.000,6303.997,6303.998,6301.997,6301.998,0.002
31.05.2019 10:02:00.000,6302.998,6305.998,6302.998,6303.998,0.0019
31.05.2019 10:03:00.000,6303.997,6303.998,6303.997,6303.997,0.0009
31.05.2019 10:04:00.000,6303.998,6303.998,6301.997,6302.998,0.0028
31.05.2019 10:05:00.000,6301.997,6302.997,6296.998,6296.998,0.0027
31.05.2019 10:06:00.000,6297.997,6301.998,6297.997,6300.997,0.0019
31.05.2019 10:07:00.000,6300.998,6301.998,6300.997,6301.998,0.0014
31.05.2019 10:08:00.000,6301.998,6301.998,6298.997,6299.998,0.0013
31.05.2019 10:09:00.000,6299.997,6299.997,6296.998,6297.998,0.0035
31.05.2019 10:10:00.000,6297.998,6297.998,6297.997,6297.997,0.0022
31.05.2019 10:11:00.000,6297.998,6299.998,6297.997,6299.998,0.0002
31.05.2019 10:12:00.000,6299.998,6300.998,6297.998,6297.998,0.0043
31.05.2019 10:13:00.000,6297.997,6299.998,6297.997,6298.997,0.0011
31.05.2019 10:14:00.000,6298.997,6300.998,6296.997,6297.998,0.0042
31.05.2019 10:15:00.000,6298.997,6300.998,6298.997,6300.997,0.0005
31.05.2019 10:16:00.000,6300.997,6300.997,6297.997,6299.997,0.0019
31.05.2019 10:17:00.000,6299.998,6299.998,6294.997,6299.998,0.0047
31.05.2019 10:18:00.000,6299.997,6299.997,6295.998,6298.998,0.001
31.05.2019 10:19:00.000,6298.997,6298.998,6295.998,6297.998,0.0049
31.05.2019 10:20:00.000,6298.997,6299.998,6297.997,6298.998,0.0028
31.05.2019 10:21:00.000,6299.997,6301.998,6299.997,6301.997,0.0037
31.05.2019 10:22:00.000,6301.998,6305.998,6301.997,6305.998,0.0087
31.05.2019 10:23:00.000,6305.998,6308.998,6305.998,6308.998,0.0028
31.05.2019 10:24:00.000,6309.998,6310.998,6308.997,6310.998,0.0028
31.05.2019 10:25:00.000,6310.997,6311.998,6307.997,6310.998,0.0079
31.05.2019 10:26:00.000,6310.998,6311.998,6309.998,6310.998,0.0019
31.05.2019 10:27:00.000,6310.997,6310.998,6305.997,6306.997,0.0032
31.05.2019 10:28:00.000,6306.998,6306.998,6306.997,6306.997,0.0005
31.05.2019 10:29:00.000,6307.997,6307.998,6306.997,6306.998,0.0015
31.05.2019 10:30:00.000,6306.997,6307.998,6306.997,6306.997,0.0019
31.05.2019 10:31:00.000,6306.998,6309.998,6305.997,6307.998,0.0028
31.05.2019 10:32:00.000,6307.998,6307.998,6307.997,6307.997,0.001
31.05.2019 10:33:00.000,6307.997,6308.998,6305.997,6307.998,0.002
31.05.2019 10:34:00.000,6307.997,6308.998,6304.998,6304.998,0.0024
31.05.2019 10:35:00.000,6305.997,6305.997,6302.997,6303.998,0.0054
31.05.2019 10:36:00.000,6303.997,6304.998,6300.997,6300.998,0.0023
31.05.2019 10:37:00.000,6300.998,6302.998,6297.998,6299.997,0.0036
31.05.2019 10:38:00.000,6299.998,6299.998,6296.997,6298.997,0.0027
31.05.2019 10:39:00.000,6298.997,6300.998,6297.997,6300.998,0.0016
31.05.2019 10:40:00.000,6300.998,6301.998,6298.997,6301.997,0.0039
31.05.2019 10:41:00.000,6301.998,6301.998,6300.997,6301.998,0.0028
31.05.2019 10:42:00.000,6303.998,6306.998,6303.997,6306.998,0.0017
31.05.2019 10:43:00.000,6305.998,6309.998,6305.998,6307.998,0.0048
31.05.2019 10:44:00.000,6307.998,6311.998,6304.998,6311.997,0.006
31.05.2019 10:45:00.000,6311.998,6313.998,6309.997,6311.998,0.0042
31.05.2019 10:46:00.000,6312.998,6313.998,6309.998,6313.998,0.0017
31.05.2019 10:47:00.000,6313.997,6314.998,6312.997,6313.998,0.0046
31.05.2019 10:48:00.000,6313.997,6317.997,6313.997,6317.997,0.0047
31.05.2019 10:49:00.000,6319.998,6322.998,6318.997,6320.998,0.0046
31.05.2019 10:50:00.000,6320.997,6320.998,6318.997,6320.998,0.0047
31.05.2019 10:51:00.000,6318.998,6320.998,6312.998,6312.998,0.0027
31.05.2019 10:52:00.000,6313.998,6314.997,6311.997,6314.997,0.0032
31.05.2019 10:53:00.000,6314.998,6316.998,6314.998,6316.998,0.0028
31.05.2019 10:54:00.000,6317.998,6317.998,6315.998,6316.998,0.005
31.05.2019 10:55:00.000,6316.998,6317.998,6316.997,6316.998,0.0049
31.05.2019 10:56:00.000,6316.997,6321.998,6316.997,6320.998,0.0055
31.05.2019 10:57:00.000,6319.998,6320.998,6315.998,6315.998,0.0056
31.05.2019 10:58:00.000,6314.998,6317.998,6314.998,6317.997,0.0028
31.05.2019 10:59:00.000,6317.998,6319.998,6316.998,6317.997,0.004
31.05.2019 11:00:00.000,6316.997,6316.997,6316.997,6316.997,0.0004
31.05.2019 11:02:00.000,6317.998,6319.998,6317.997,6317.997,0.0051
31.05.2019 11:03:00.000,6318.997,6320.998,6317.997,6318.998,0.0053
31.05.2019 11:04:00.000,6318.998,6320.998,6316.998,6316.998,0.0028
31.05.2019 11:05:00.000,6316.998,6316.998,6306.997,6306.997,0.0027
31.05.2019 11:06:00.000,6307.997,6307.998,6303.997,6304.998,0.0036
31.05.2019 11:07:00.000,6304.998,6305.998,6304.997,6304.998,0.0013
31.05.2019 11:08:00.000,6304.750,6304.750,6301.997,6303.998,0.0011
31.05.2019 11:09:00.000,6304.998,6306.998,6303.998,6306.997,0.003
31.05.2019 11:10:00.000,6306.997,6306.997,6300.998,6302.997,0.0033
31.05.2019 11:11:00.000,6303.998,6304.998,6301.997,6303.997,0.002
31.05.2019 11:12:00.000,6303.998,6304.998,6303.997,6303.998,0.0003
31.05.2019 11:13:00.000,6303.998,6303.998,6299.997,6302.997,0.003
31.05.2019 11:14:00.000,6303.998,6303.998,6300.997,6301.998,0.0043
31.05.2019 11:15:00.000,6300.998,6304.998,6300.997,6302.998,0.0037
31.05.2019 11:16:00.000,6302.998,6303.998,6299.997,6300.997,0.0033
31.05.2019 11:17:00.000,6300.998,6302.998,6299.998,6302.998,0.0026
31.05.2019 11:18:00.000,6302.998,6303.998,6300.997,6302.997,0.0077
31.05.2019 11:19:00.000,6302.998,6302.998,6298.997,6298.998,0.0037
31.05.2019 11:20:00.000,6298.997,6302.998,6297.998,6302.998,0.0063
31.05.2019 11:21:00.000,6302.997,6302.998,6298.998,6300.998,0.007
31.05.2019 11:22:00.000,6300.998,6301.997,6298.997,6300.998,0.003
31.05.2019 11:23:00.000,6299.998,6299.998,6294.998,6294.998,0.0011
31.05.2019 11:24:00.000,6294.997,6294.998,6292.997,6292.997,0.0033
31.05.2019 11:25:00.000,6293.997,6293.997,6290.998,6291.998,0.0018
31.05.2019 11:26:00.000,6291.998,6295.998,6290.997,6294.997,0.0054
31.05.2019 11:27:00.000,6294.997,6295.998,6294.997,6295.997,0.0022
31.05.2019 11:28:00.000,6296.997,6296.998,6295.997,6296.997,0.0019
31.05.2019 11:29:00.000,6296.997,6299.998,6294.997,6298.997,0.0092
31.05.2019 11:30:00.000,6298.997,6305.998,6298.997,6305.998,0.011
31.05.2019 11:31:00.000,6306.998,6306.998,6302.997,6303.998,0.0059
31.05.2019 11:32:00.000,6303.997,6306.997,6303.997,6306.997,0.0051
31.05.2019 11:33:00.000,6305.998,6309.998,6305.997,6308.998,0.0045
31.05.2019 11:34:00.000,6308.998,6309.998,6305.998,6306.998,0.0047
31.05.2019 11:35:00.000,6305.998,6306.998,6305.997,6305.998,0.002
31.05.2019 11:36:00.000,6305.998,6313.998,6305.998,6312.997,0.0041
31.05.2019 11:37:00.000,6310.998,6312.998,6310.997,6310.998,0.0024
31.05.2019 11:38:00.000,6312.998,6314.998,6312.998,6314.997,0.0016
31.05.2019 11:39:00.000,6314.998,6315.998,6314.997,6315.998,0.0012
31.05.2019 11:40:00.000,6316.998,6317.998,6315.997,6317.998,0.002
31.05.2019 11:41:00.000,6316.998,6318.998,6316.998,6317.997,0.0029
31.05.2019 11:42:00.000,6317.998,6318.998,6317.997,6317.998,0.0022
31.05.2019 11:43:00.000,6318.998,6319.998,6315.997,6316.998,0.0023
31.05.2019 11:44:00.000,6316.997,6316.998,6314.998,6316.998,0.0012
31.05.2019 11:45:00.000,6315.997,6318.998,6313.998,6317.997,0.0025
31.05.2019 11:46:00.000,6317.998,6318.997,6316.997,6317.997,0.0075
31.05.2019 11:47:00.000,6317.998,6317.998,6314.997,6314.997,0.0055
31.05.2019 11:48:00.000,6314.998,6315.998,6313.998,6313.998,0.0065
31.05.2019 11:49:00.000,6312.998,6313.998,6310.997,6310.998,0.0039
31.05.2019 11:50:00.000,6312.998,6312.998,6309.998,6309.998,0.0024
31.05.2019 11:51:00.000,6310.998,6312.998,6309.998,6312.998,0.0019
31.05.2019 11:52:00.000,6312.997,6312.998,6311.998,6312.998,0.0051
31.05.2019 11:53:00.000,6312.997,6314.998,6312.997,6313.997,0.0037
31.05.2019 11:54:00.000,6313.998,6314.998,6311.998,6313.998,0.0024
31.05.2019 11:55:00.000,6313.997,6316.998,6313.997,6315.998,0.0054
31.05.2019 11:56:00.000,6316.998,6318.997,6316.998,6317.998,0.0045
31.05.2019 11:57:00.000,6317.998,6318.998,6315.997,6315.998,0.0035
31.05.2019 11:58:00.000,6315.997,6316.998,6313.997,6313.998,0.0027
31.05.2019 11:59:00.000,6313.997,6315.998,6313.997,6315.998,0.0009
31.05.2019 12:00:00.000,6315.997,6317.998,6315.997,6315.998,0.0046
31.05.2019 12:01:00.000,6315.997,6315.998,6307.997,6307.998,0.005
31.05.2019 12:02:00.000,6308.998,6314.998,6308.997,6313.997,0.0051
31.05.2019 12:03:00.000,6313.998,6315.998,6313.998,6314.998,0.0035
31.05.2019 12:04:00.000,6314.998,6316.998,6314.997,6315.998,0.0014
31.05.2019 12:05:00.000,6315.998,6316.998,6315.997,6315.998,0.0024
31.05.2019 12:06:00.000,6316.998,6317.998,6314.997,6314.997,0.0043
31.05.2019 12:07:00.000,6314.998,6317.998,6314.998,6316.997,0.0035
31.05.2019 12:08:00.000,6316.998,6316.998,6314.997,6314.998,0.002
31.05.2019 12:09:00.000,6310.998,6310.998,6307.997,6307.998,0.0042
31.05.2019 12:10:00.000,6306.998,6309.998,6306.997,6309.998,0.0035
31.05.2019 12:11:00.000,6309.997,6309.998,6309.997,6309.998,0.0006
31.05.2019 12:12:00.000,6309.998,6309.998,6308.997,6308.998,0.0057
31.05.2019 12:13:00.000,6308.997,6310.998,6308.997,6310.997,0.0055
31.05.2019 12:14:00.000,6309.997,6311.998,6309.997,6311.998,0.0065
31.05.2019 12:15:00.000,6310.998,6310.998,6309.997,6309.998,0.0014
31.05.2019 12:16:00.000,6309.997,6310.998,6307.997,6307.998,0.0019
31.05.2019 12:17:00.000,6307.998,6308.998,6307.997,6307.998,0.0011
31.05.2019 12:18:00.000,6307.998,6311.998,6307.997,6310.998,0.001
31.05.2019 12:19:00.000,6310.998,6311.998,6310.997,6311.998,0.0018
31.05.2019 12:20:00.000,6311.998,6313.998,6311.998,6313.997,0.0018
31.05.2019 12:21:00.000,6313.998,6314.998,6313.997,6313.998,0.0012
31.05.2019 12:22:00.000,6313.997,6313.997,6309.998,6309.998,0.0027
31.05.2019 12:23:00.000,6309.997,6309.998,6302.998,6302.998,0.0038
31.05.2019 12:24:00.000,6303.998,6305.998,6303.997,6305.998,0.003
31.05.2019 12:25:00.000,6304.998,6305.998,6302.998,6303.998,0.0021
31.05.2019 12:26:00.000,6304.997,6305.998,6304.997,6305.998,0.0024
31.05.2019 12:27:00.000,6305.997,6305.997,6302.997,6302.997,0.0015
31.05.2019 12:28:00.000,6303.997,6304.997,6301.997,6302.997,0.0031
31.05.2019 12:29:00.000,6302.998,6303.998,6300.997,6300.998,0.0021
31.05.2019 12:30:00.000,6300.750,6300.998,6297.997,6300.998,0.003
31.05.2019 12:31:00.000,6300.998,6300.998,6297.997,6299.998,0.0067
31.05.2019 12:32:00.000,6300.997,6304.997,6300.997,6302.998,0.0096
31.05.2019 12:33:00.000,6303.998,6304.998,6303.997,6303.997,0.0038
31.05.2019 12:34:00.000,6304.997,6305.998,6304.997,6305.997,0.0019
31.05.2019 12:35:00.000,6305.998,6305.998,6305.997,6305.997,0.0006
31.05.2019 12:36:00.000,6305.998,6305.998,6302.997,6302.998,0.0051
31.05.2019 12:37:00.000,6302.998,6303.998,6302.997,6303.997,0.0075
31.05.2019 12:38:00.000,6303.998,6305.998,6303.997,6305.998,0.0049
31.05.2019 12:39:00.000,6305.998,6306.998,6304.997,6304.998,0.0079
31.05.2019 12:40:00.000,6303.998,6304.998,6302.997,6304.998,0.0053
31.05.2019 12:41:00.000,6303.997,6304.998,6303.997,6304.998,0.0014
31.05.2019 12:42:00.000,6304.998,6304.998,6303.997,6303.998,0.0011
31.05.2019 12:43:00.000,6303.998,6304.998,6303.997,6304.997,0.0026
31.05.2019 12:44:00.000,6304.998,6304.998,6303.997,6303.998,0.0047
31.05.2019 12:45:00.000,6303.997,6304.998,6303.997,6303.998,0.0027
31.05.2019 12:46:00.000,6303.997,6304.998,6303.997,6304.998,0.0024
31.05.2019 12:47:00.000,6304.998,6306.998,6304.998,6306.997,0.004
31.05.2019 12:48:00.000,6305.998,6306.998,6305.997,6306.998,0.004
31.05.2019 12:49:00.000,6306.997,6306.998,6305.997,6306.998,0.002
31.05.2019 12:50:00.000,6306.997,6307.998,6305.997,6307.998,0.0027
31.05.2019 12:51:00.000,6309.998,6312.998,6309.997,6311.998,0.0033
31.05.2019 12:52:00.000,6311.997,6312.998,6310.997,6310.997,0.0089
31.05.2019 12:53:00.000,6311.998,6311.998,6308.997,6309.998,0.0107
31.05.2019 12:54:00.000,6308.997,6310.998,6308.997,6310.997,0.0027
31.05.2019 12:55:00.000,6310.998,6311.998,6310.997,6310.998,0.001
31.05.2019 12:56:00.000,6310.997,6312.998,6310.997,6311.998,0.0065
31.05.2019 12:57:00.000,6311.997,6311.998,6311.997,6311.998,0.0014
31.05.2019 12:58:00.000,6311.997,6311.998,6310.997,6311.998,0.0032
31.05.2019 12:59:00.000,6311.998,6312.998,6310.998,6311.998,0.0052
31.05.2019 13:00:00.000,6312.998,6312.998,6311.997,6312.998,0.0081
31.05.2019 13:01:00.000,6312.997,6312.998,6311.997,6311.997,0.0094
31.05.2019 13:02:00.000,6311.998,6313.998,6311.998,6311.998,0.0054
31.05.2019 13:03:00.000,6311.997,6313.998,6311.997,6312.997,0.0071
31.05.2019 13:04:00.000,6312.998,6315.998,6312.997,6315.998,0.0049
31.05.2019 13:05:00.000,6315.997,6329.998,6315.997,6323.998,0.0064
31.05.2019 13:06:00.000,6324.998,6324.998,6317.997,6319.997,0.0148
31.05.2019 13:07:00.000,6319.998,6323.998,6319.997,6323.998,0.0099
31.05.2019 13:08:00.000,6323.997,6323.998,6317.997,6319.998,0.0086
31.05.2019 13:09:00.000,6319.997,6321.998,6319.997,6319.998,0.0056
31.05.2019 13:10:00.000,6319.997,6320.998,6317.997,6318.998,0.0055
31.05.2019 13:11:00.000,6318.998,6320.998,6317.997,6320.997,0.0066
31.05.2019 13:12:00.000,6320.998,6321.998,6319.997,6321.997,0.0026
31.05.2019 13:13:00.000,6321.998,6322.998,6315.998,6315.998,0.0034
31.05.2019 13:14:00.000,6316.998,6318.998,6315.997,6317.998,0.0061
31.05.2019 13:15:00.000,6317.997,6318.998,6317.997,6318.998,0.0079
31.05.2019 13:16:00.000,6318.997,6318.998,6315.998,6317.997,0.0034
31.05.2019 13:17:00.000,6317.998,6318.998,6317.997,6318.998,0.003
31.05.2019 13:18:00.000,6318.997,6318.997,6317.997,6317.997,0.0024
31.05.2019 13:19:00.000,6317.998,6317.998,6317.997,6317.998,0.0068
31.05.2019 13:20:00.000,6317.997,6318.998,6317.997,6318.997,0.0059
31.05.2019 13:21:00.000,6318.998,6318.998,6318.997,6318.997,0.0015
31.05.2019 13:22:00.000,6318.998,6318.998,6315.997,6315.997,0.0014
31.05.2019 13:23:00.000,6315.998,6315.998,6309.997,6309.998,0.0015
31.05.2019 13:24:00.000,6309.998,6313.998,6307.997,6312.998,0.0113
31.05.2019 13:25:00.000,6312.998,6313.998,6312.997,6313.998,0.0005
31.05.2019 13:26:00.000,6312.998,6312.998,6310.997,6311.998,0.01
31.05.2019 13:27:00.000,6312.998,6312.998,6311.997,6311.997,0.0023
31.05.2019 13:28:00.000,6311.998,6311.998,6311.997,6311.998,0.0011
31.05.2019 13:29:00.000,6311.997,6312.998,6310.997,6310.998,0.0143
31.05.2019 13:30:00.000,6311.997,6315.998,6310.997,6315.997,0.0135
31.05.2019 13:31:00.000,6316.997,6317.998,6310.997,6313.997,0.0151
31.05.2019 13:32:00.000,6313.998,6316.998,6313.998,6315.998,0.0058
31.05.2019 13:33:00.000,6315.997,6315.997,6310.997,6310.997,0.0111
31.05.2019 13:34:00.000,6311.997,6314.998,6311.997,6311.998,0.0054
31.05.2019 13:35:00.000,6311.998,6314.998,6309.997,6313.998,0.0097
31.05.2019 13:36:00.000,6313.997,6316.998,6311.998,6315.998,0.0122
31.05.2019 13:37:00.000,6314.998,6317.998,6313.997,6315.998,0.0143
31.05.2019 13:38:00.000,6315.750,6316.998,6312.997,6315.998,0.0059
31.05.2019 13:39:00.000,6316.997,6316.998,6312.997,6314.997,0.007
31.05.2019 13:40:00.000,6312.997,6314.998,6311.997,6311.998,0.0053
31.05.2019 13:41:00.000,6312.998,6312.998,6305.998,6305.998,0.0111
31.05.2019 13:42:00.000,6305.997,6308.998,6304.997,6308.998,0.0048
31.05.2019 13:43:00.000,6307.997,6309.998,6307.997,6309.998,0.0027
31.05.2019 13:44:00.000,6308.998,6308.998,6305.998,6306.998,0.0073
31.05.2019 13:45:00.000,6306.997,6309.998,6305.997,6309.997,0.0111
31.05.2019 13:46:00.000,6309.998,6311.998,6307.997,6311.997,0.0133
31.05.2019 13:47:00.000,6312.997,6314.998,6309.997,6314.998,0.0115
31.05.2019 13:48:00.000,6313.998,6315.998,6313.998,6314.998,0.0027
31.05.2019 13:49:00.000,6315.998,6318.998,6314.998,6316.998,0.0122
31.05.2019 13:50:00.000,6316.997,6316.998,6314.997,6316.998,0.0076
31.05.2019 13:51:00.000,6316.997,6316.997,6314.997,6314.998,0.0045
31.05.2019 13:52:00.000,6315.998,6315.998,6312.998,6313.997,0.0048
31.05.2019 13:53:00.000,6314.997,6315.998,6311.997,6314.998,0.0095
31.05.2019 13:54:00.000,6314.997,6318.998,6314.997,6318.997,0.0041
31.05.2019 13:55:00.000,6318.998,6319.997,6316.997,6319.997,0.0055
31.05.2019 13:56:00.000,6318.998,6319.998,6315.997,6315.998,0.0109
31.05.2019 13:57:00.000,6315.998,6315.998,6313.997,6314.998,0.0031
31.05.2019 13:58:00.000,6314.997,6314.997,6311.998,6313.998,0.004
31.05.2019 13:59:00.000,6313.997,6315.998,6313.997,6314.997,0.0083
31.05.2019 14:00:00.000,6314.998,6314.998,6312.997,6313.998,0.005
31.05.2019 14:01:00.000,6313.998,6313.998,6312.997,6312.998,0.0033
31.05.2019 14:02:00.000,6313.998,6314.998,6313.997,6314.998,0.0052
31.05.2019 14:03:00.000,6314.997,6315.998,6313.997,6313.998,0.0057
31.05.2019 14:04:00.000,6314.998,6314.998,6313.997,6314.998,0.0058
31.05.2019 14:05:00.000,6315.998,6315.998,6313.997,6313.998,0.0118
31.05.2019 14:06:00.000,6313.998,6316.998,6313.998,6315.998,0.0171
31.05.2019 14:07:00.000,6316.997,6318.998,6316.997,6318.998,0.0161
31.05.2019 14:08:00.000,6318.998,6318.998,6316.997,6317.997,0.0082
31.05.2019 14:09:00.000,6317.998,6320.998,6317.998,6319.998,0.0075
31.05.2019 14:10:00.000,6320.998,6320.998,6317.997,6317.998,0.0084
31.05.2019 14:11:00.000,6317.750,6318.998,6315.997,6318.997,0.0086
31.05.2019 14:12:00.000,6318.998,6318.998,6312.998,6313.998,0.0053
31.05.2019 14:13:00.000,6313.997,6313.998,6311.997,6312.998,0.0062
31.05.2019 14:14:00.000,6312.997,6313.998,6311.997,6311.998,0.0024
31.05.2019 14:15:00.000,6311.997,6313.998,6311.997,6312.998,0.0019
31.05.2019 14:16:00.000,6312.997,6313.998,6311.997,6311.997,0.0059
31.05.2019 14:17:00.000,6311.998,6311.998,6309.998,6311.998,0.0046
31.05.2019 14:18:00.000,6310.998,6312.998,6310.997,6312.997,0.0073
31.05.2019 14:19:00.000,6312.997,6313.998,6310.997,6311.998,0.0076
31.05.2019 14:20:00.000,6310.998,6312.998,6310.997,6311.998,0.0058
31.05.2019 14:21:00.000,6311.997,6313.998,6311.997,6313.997,0.0023
31.05.2019 14:22:00.000,6313.998,6314.998,6313.997,6314.998,0.0019
31.05.2019 14:23:00.000,6315.998,6316.998,6314.997,6315.998,0.0053
31.05.2019 14:24:00.000,6315.997,6315.997,6312.997,6312.997,0.0032
31.05.2019 14:25:00.000,6312.998,6313.998,6311.997,6313.998,0.0037
31.05.2019 14:26:00.000,6312.998,6313.998,6311.997,6311.998,0.0052
31.05.2019 14:27:00.000,6311.997,6312.998,6311.997,6312.998,0.0116
31.05.2019 14:28:00.000,6312.997,6312.998,6311.997,6311.998,0.0041
31.05.2019 14:29:00.000,6311.998,6312.998,6311.997,6311.998,0.0023
31.05.2019 14:30:00.000,6311.998,6312.998,6311.997,6311.998,0.01
31.05.2019 14:31:00.000,6311.997,6313.998,6311.997,6313.998,0.0082
31.05.2019 14:32:00.000,6313.998,6316.998,6313.997,6316.998,0.0069
31.05.2019 14:33:00.000,6316.997,6316.998,6315.997,6315.998,0.0022
31.05.2019 14:34:00.000,6315.998,6315.998,6315.997,6315.997,0.0007
31.05.2019 14:35:00.000,6313.998,6313.998,6305.998,6307.998,0.0108
31.05.2019 14:36:00.000,6307.997,6308.997,6306.997,6306.997,0.009
31.05.2019 14:37:00.000,6306.998,6308.998,6306.997,6308.998,0.0094
31.05.2019 14:38:00.000,6307.998,6310.998,6307.998,6310.998,0.0048
31.05.2019 14:39:00.000,6310.997,6310.997,6308.997,6309.997,0.002
31.05.2019 14:40:00.000,6309.998,6309.998,6306.997,6306.998,0.0056
31.05.2019 14:41:00.000,6306.998,6306.998,6304.997,6304.998,0.0065
31.05.2019 14:42:00.000,6304.997,6306.998,6303.998,6306.997,0.0054
31.05.2019 14:43:00.000,6306.997,6309.998,6304.997,6308.997,0.0099
31.05.2019 14:44:00.000,6308.998,6310.998,6308.997,6310.998,0.01
31.05.2019 14:45:00.000,6310.997,6311.998,6310.997,6311.997,0.0088
31.05.2019 14:46:00.000,6311.998,6311.998,6310.997,6311.998,0.0021
31.05.2019 14:47:00.000,6311.998,6311.998,6308.997,6310.998,0.0065
31.05.2019 14:48:00.000,6311.997,6314.997,6311.997,6313.998,0.0104
31.05.2019 14:49:00.000,6313.997,6315.997,6312.997,6314.998,0.0058
31.05.2019 14:50:00.000,6314.997,6314.998,6313.997,6313.997,0.0053
31.05.2019 14:51:00.000,6313.998,6313.998,6309.997,6310.998,0.0072
31.05.2019 14:52:00.000,6310.997,6314.998,6310.997,6313.997,0.0079
31.05.2019 14:53:00.000,6313.998,6313.998,6309.998,6310.998,0.0086
31.05.2019 14:54:00.000,6309.998,6310.998,6307.998,6308.998,0.0108
31.05.2019 14:55:00.000,6308.998,6311.998,6308.997,6309.997,0.0104
31.05.2019 14:56:00.000,6310.997,6311.998,6310.997,6311.998,0.0123
31.05.2019 14:57:00.000,6312.998,6312.998,6309.998,6311.997,0.0131
31.05.2019 14:58:00.000,6311.998,6313.998,6311.997,6313.997,0.0057
31.05.2019 14:59:00.000,6313.998,6319.998,6313.997,6318.998,0.012
31.05.2019 15:00:00.000,6318.997,6320.998,6315.998,6316.997,0.0121
31.05.2019 15:01:00.000,6316.998,6323.998,6316.997,6323.998,0.0168
31.05.2019 15:02:00.000,6323.998,6329.998,6323.997,6328.998,0.0177
31.05.2019 15:03:00.000,6329.998,6331.998,6329.997,6330.997,0.0189
31.05.2019 15:04:00.000,6330.998,6331.998,6329.997,6330.998,0.0097
31.05.2019 15:05:00.000,6330.998,6332.998,6330.997,6331.997,0.005
31.05.2019 15:06:00.000,6330.998,6331.998,6330.997,6331.998,0.0032
31.05.2019 15:07:00.000,6332.998,6333.998,6331.997,6333.997,0.0117
31.05.2019 15:08:00.000,6333.997,6334.998,6330.997,6334.998,0.0087
31.05.2019 15:09:00.000,6334.997,6334.998,6331.997,6331.997,0.0114
31.05.2019 15:10:00.000,6331.998,6334.998,6331.997,6334.998,0.0095
31.05.2019 15:11:00.000,6335.997,6335.998,6331.997,6333.998,0.0068
31.05.2019 15:12:00.000,6332.997,6336.998,6332.997,6334.998,0.0137
31.05.2019 15:13:00.000,6334.997,6336.998,6334.997,6334.998,0.011
31.05.2019 15:14:00.000,6334.998,6337.998,6333.997,6333.998,0.0099
31.05.2019 15:15:00.000,6333.997,6334.998,6329.998,6331.998,0.0105
31.05.2019 15:16:00.000,6331.997,6332.998,6328.997,6330.998,0.0147
31.05.2019 15:17:00.000,6330.997,6332.998,6329.998,6332.998,0.0046
31.05.2019 15:18:00.000,6331.998,6332.998,6331.997,6332.998,0.005
31.05.2019 15:19:00.000,6333.997,6335.998,6332.997,6333.997,0.0094
31.05.2019 15:20:00.000,6334.998,6336.998,6334.997,6334.998,0.014
31.05.2019 15:21:00.000,6334.997,6335.998,6332.997,6334.998,0.0069
31.05.2019 15:22:00.000,6334.997,6335.998,6334.997,6335.998,0.0072
31.05.2019 15:23:00.000,6334.998,6335.998,6334.997,6334.998,0.0092
31.05.2019 15:24:00.000,6334.997,6335.998,6334.997,6335.998,0.0072
31.05.2019 15:25:00.000,6336.998,6336.998,6334.997,6334.997,0.0068
31.05.2019 15:26:00.000,6334.998,6334.998,6328.997,6330.998,0.005
31.05.2019 15:27:00.000,6330.997,6337.998,6330.997,6337.997,0.012
31.05.2019 15:28:00.000,6337.998,6340.998,6337.997,6340.997,0.0112
31.05.2019 15:29:00.000,6340.997,6340.998,6328.998,6335.997,0.02
03.06.2019 07:00:00.000,6329.998,6344.997,6329.998,6344.997,0.0001
03.06.2019 07:01:00.000,6357.997,6357.997,6355.997,6355.997,0
03.06.2019 07:04:00.000,6324.997,6324.997,6324.997,6324.997,0.0001
03.06.2019 07:05:00.000,6332.998,6345.997,6332.998,6334.997,0.0006
03.06.2019 07:06:00.000,6332.998,6332.998,6324.998,6324.998,0.0006
03.06.2019 07:07:00.000,6325.998,6329.998,6325.998,6329.998,0.0009
03.06.2019 07:08:00.000,6325.997,6328.998,6322.998,6322.998,0.0008
03.06.2019 07:09:00.000,6325.998,6347.998,6325.998,6347.998,0.0028
03.06.2019 07:10:00.000,6347.998,6347.998,6336.997,6343.997,0.002
03.06.2019 07:11:00.000,6343.998,6346.997,6336.997,6341.997,0.0034
03.06.2019 07:12:00.000,6341.997,6346.998,6333.997,6333.998,0.0048
03.06.2019 07:13:00.000,6333.998,6338.998,6333.997,6338.998,0.0006
03.06.2019 07:14:00.000,6339.998,6340.998,6328.998,6336.998,0.0041
03.06.2019 07:15:00.000,6336.998,6337.998,6331.997,6331.998,0.0031
03.06.2019 07:16:00.000,6331.997,6335.998,6328.998,6333.998,0.0023
03.06.2019 07:17:00.000,6333.997,6333.998,6328.997,6331.998,0.0046
03.06.2019 07:18:00.000,6330.998,6336.998,6328.997,6336.998,0.0061
03.06.2019 07:19:00.000,6336.997,6342.998,6336.997,6341.998,0.0024
03.06.2019 07:20:00.000,6341.998,6341.998,6336.998,6336.998,0.0007
03.06.2019 07:21:00.000,6336.997,6338.997,6330.997,6333.998,0.0059
03.06.2019 07:22:00.000,6334.998,6337.998,6330.998,6331.998,0.0073
03.06.2019 07:23:00.000,6331.998,6335.998,6331.998,6335.997,0.0039
03.06.2019 07:24:00.000,6336.998,6338.997,6335.997,6337.998,0.0045
03.06.2019 07:25:00.000,6337.998,6337.998,6333.998,6336.998,0.0028
03.06.2019 07:26:00.000,6337.997,6339.998,6335.997,6336.998,0.0058
03.06.2019 07:27:00.000,6336.998,6337.998,6336.997,6336.998,0.0046
03.06.2019 07:28:00.000,6335.998,6339.998,6335.998,6339.998,0.0025
03.06.2019 07:29:00.000,6339.997,6339.998,6337.998,6337.998,0.0011
03.06.2019 07:30:00.000,6337.998,6337.998,6333.997,6333.998,0.0015
03.06.2019 07:31:00.000,6331.998,6331.998,6325.998,6329.998,0.0061
03.06.2019 07:32:00.000,6329.998,6331.998,6321.997,6322.998,0.0077
03.06.2019 07:33:00.000,6322.997,6326.998,6321.997,6325.997,0.006
03.06.2019 07:34:00.000,6326.997,6326.998,6316.997,6318.998,0.0074
03.06.2019 07:35:00.000,6319.997,6320.998,6318.997,6319.998,0.0015
03.06.2019 07:36:00.000,6319.997,6319.998,6316.997,6316.998,0.0085
03.06.2019 07:37:00.000,6318.997,6325.998,6318.997,6320.998,0.0063
03.06.2019 07:38:00.000,6320.997,6323.998,6320.997,6323.998,0.0092
03.06.2019 07:39:00.000,6323.997,6325.998,6320.997,6325.998,0.0075
03.06.2019 07:40:00.000,6325.997,6325.998,6320.997,6324.998,0.0072
03.06.2019 07:41:00.000,6324.997,6324.997,6322.997,6323.997,0.0034
03.06.2019 07:42:00.000,6323.998,6326.998,6323.997,6323.998,0.0082
03.06.2019 07:43:00.000,6323.998,6323.998,6319.998,6320.998,0.0021
03.06.2019 07:44:00.000,6320.998,6323.998,6316.998,6323.998,0.0056
03.06.2019 07:45:00.000,6323.997,6324.997,6318.997,6319.998,0.0046
03.06.2019 07:46:00.000,6319.997,6321.998,6316.998,6318.998,0.0016
03.06.2019 07:47:00.000,6319.997,6319.998,6318.997,6318.998,0.0027
03.06.2019 07:48:00.000,6319.997,6321.998,6318.997,6321.997,0.0127
03.06.2019 07:49:00.000,6322.998,6323.998,6316.997,6317.998,0.004
03.06.2019 07:50:00.000,6317.997,6317.998,6312.997,6312.997,0.0038
03.06.2019 07:51:00.000,6311.998,6314.998,6310.998,6314.998,0.0059
03.06.2019 07:52:00.000,6315.998,6315.998,6311.997,6312.998,0.0046
03.06.2019 07:53:00.000,6313.998,6314.998,6312.998,6314.998,0.0007
03.06.2019 07:54:00.000,6314.997,6316.998,6314.997,6316.998,0.0033
03.06.2019 07:55:00.000,6316.998,6318.998,6312.997,6312.998,0.0045
03.06.2019 07:56:00.000,6313.998,6313.998,6307.998,6308.998,0.0057
03.06.2019 07:57:00.000,6308.997,6309.998,6308.997,6309.997,0.0073
03.06.2019 07:58:00.000,6309.997,6312.998,6305.997,6306.998,0.0039
03.06.2019 07:59:00.000,6306.997,6306.998,6303.997,6306.997,0.0035
03.06.2019 08:00:00.000,6306.998,6308.998,6306.997,6307.998,0.0053
03.06.2019 08:01:00.000,6306.998,6308.998,6306.998,6307.998,0.001
03.06.2019 08:02:00.000,6306.998,6307.998,6304.997,6306.998,0.0084
03.06.2019 08:03:00.000,6305.998,6312.998,6305.998,6311.998,0.0037
03.06.2019 08:04:00.000,6311.998,6314.998,6311.997,6313.998,0.0045
03.06.2019 08:05:00.000,6313.998,6313.998,6310.997,6311.998,0.0025
03.06.2019 08:06:00.000,6311.998,6311.998,6306.997,6310.998,0.0093
03.06.2019 08:07:00.000,6310.997,6319.998,6310.997,6319.997,0.0106
03.06.2019 08:08:00.000,6319.998,6319.998,6312.998,6316.998,0.0055
03.06.2019 08:09:00.000,6314.998,6318.998,6314.998,6318.997,0.0055
03.06.2019 08:10:00.000,6318.998,6319.998,6315.998,6317.997,0.0056
03.06.2019 08:11:00.000,6317.998,6318.997,6316.997,6317.998,0.006
03.06.2019 08:12:00.000,6317.997,6321.998,6317.997,6319.998,0.0061
03.06.2019 08:13:00.000,6319.997,6319.998,6316.997,6317.998,0.0021
03.06.2019 08:14:00.000,6317.997,6321.998,6317.997,6320.998,0.0073
03.06.2019 08:15:00.000,6320.997,6327.998,6319.997,6325.998,0.0104
03.06.2019 08:16:00.000,6325.997,6327.998,6324.997,6326.998,0.0041
03.06.2019 08:17:00.000,6327.997,6327.998,6324.997,6325.998,0.0035
03.06.2019 08:18:00.000,6325.998,6325.998,6320.998,6320.998,0.0032
03.06.2019 08:19:00.000,6321.998,6323.998,6320.998,6321.998,0.0049
03.06.2019 08:20:00.000,6321.997,6322.998,6320.997,6321.998,0.0045
03.06.2019 08:21:00.000,6321.997,6321.997,6316.997,6319.998,0.0078
03.06.2019 08:22:00.000,6319.997,6319.998,6319.997,6319.998,0.0013
03.06.2019 08:23:00.000,6319.997,6320.998,6319.997,6319.998,0.0039
03.06.2019 08:24:00.000,6319.997,6319.998,6315.997,6317.997,0.0035
03.06.2019 08:25:00.000,6317.998,6318.998,6316.997,6316.997,0.0019
03.06.2019 08:26:00.000,6316.998,6316.998,6316.997,6316.997,0.0017
03.06.2019 08:27:00.000,6317.997,6318.998,6317.997,6318.997,0.0013
03.06.2019 08:28:00.000,6318.998,6321.998,6318.998,6321.997,0.0027
03.06.2019 08:29:00.000,6321.998,6321.998,6321.997,6321.998,0.0026
03.06.2019 08:30:00.000,6321.997,6322.998,6315.997,6317.998,0.0116
03.06.2019 08:31:00.000,6318.998,6321.998,6318.997,6321.998,0.0031
03.06.2019 08:32:00.000,6321.997,6322.998,6318.997,6318.998,0.0038
03.06.2019 08:33:00.000,6317.997,6319.998,6317.997,6318.998,0.0037
03.06.2019 08:34:00.000,6319.998,6319.998,6315.997,6315.998,0.0059
03.06.2019 08:35:00.000,6316.997,6317.998,6314.997,6315.998,0.0043
03.06.2019 08:36:00.000,6315.998,6315.998,6311.997,6311.998,0.0059
03.06.2019 08:37:00.000,6312.998,6314.998,6311.997,6314.998,0.0016
03.06.2019 08:38:00.000,6315.998,6317.997,6315.998,6317.997,0.002
03.06.2019 08:39:00.000,6317.998,6319.998,6316.997,6319.998,0.0012
03.06.2019 08:40:00.000,6319.997,6321.997,6317.997,6318.997,0.006
03.06.2019 08:41:00.000,6318.500,6318.500,6313.998,6315.997,0.0061
03.06.2019 08:42:00.000,6315.998,6316.998,6314.997,6316.998,0.0069
03.06.2019 08:43:00.000,6316.997,6318.998,6316.997,6318.997,0.0054
03.06.2019 08:44:00.000,6318.998,6319.998,6315.998,6315.998,0.0082
03.06.2019 08:45:00.000,6316.997,6317.998,6314.998,6315.998,0.0024
03.06.2019 08:46:00.000,6315.998,6319.998,6314.997,6316.998,0.0063
03.06.2019 08:47:00.000,6316.997,6316.998,6314.997,6315.998,0.0038
03.06.2019 08:48:00.000,6315.997,6316.998,6314.997,6314.998,0.0028
03.06.2019 08:49:00.000,6314.998,6314.998,6313.997,6313.998,0.002
03.06.2019 08:50:00.000,6313.997,6313.997,6308.997,6308.997,0.0047
03.06.2019 08:51:00.000,6308.998,6310.997,6306.997,6309.998,0.0048
03.06.2019 08:52:00.000,6309.997,6309.998,6307.998,6308.997,0.003
03.06.2019 08:53:00.000,6308.998,6311.998,6307.997,6310.997,0.0037
03.06.2019 08:54:00.000,6310.998,6310.998,6310.997,6310.998,0.0016
03.06.2019 08:55:00.000,6310.998,6314.998,6310.997,6313.998,0.002
03.06.2019 08:56:00.000,6314.998,6316.998,6314.997,6315.998,0.0029
03.06.2019 08:57:00.000,6315.998,6316.998,6314.997,6314.997,0.0027
03.06.2019 08:58:00.000,6314.998,6314.998,6312.997,6313.998,0.0016
03.06.2019 08:59:00.000,6314.998,6319.998,6314.997,6319.998,0.0057
03.06.2019 09:00:00.000,6319.998,6319.998,6317.997,6318.998,0.0034
03.06.2019 09:01:00.000,6318.998,6319.998,6318.997,6319.998,0.0014
03.06.2019 09:02:00.000,6319.998,6320.998,6317.997,6318.998,0.0022
03.06.2019 09:03:00.000,6318.998,6318.998,6317.997,6317.998,0.0032
03.06.2019 09:04:00.000,6317.998,6317.998,6316.998,6317.998,0.0032
03.06.2019 09:05:00.000,6317.997,6319.998,6317.997,6318.998,0.0047
03.06.2019 09:06:00.000,6319.997,6319.998,6318.997,6318.998,0.0047
03.06.2019 09:07:00.000,6318.997,6323.998,6318.997,6321.998,0.0055
03.06.2019 09:08:00.000,6321.997,6321.997,6318.997,6318.998,0.0016
03.06.2019 09:09:00.000,6318.998,6318.998,6316.997,6318.998,0.0046
03.06.2019 09:10:00.000,6318.997,6321.998,6317.997,6321.998,0.0057
03.06.2019 09:11:00.000,6321.997,6326.998,6321.997,6326.998,0.0077
03.06.2019 09:12:00.000,6325.998,6326.998,6324.997,6324.998,0.0022
03.06.2019 09:13:00.000,6324.998,6324.998,6322.997,6322.998,0.0059
03.06.2019 09:14:00.000,6322.998,6325.998,6321.997,6325.997,0.0054
03.06.2019 09:15:00.000,6325.998,6325.998,6322.998,6323.998,0.0049
03.06.2019 09:16:00.000,6323.997,6328.998,6323.997,6327.998,0.0069
03.06.2019 09:17:00.000,6328.998,6332.997,6328.997,6331.998,0.0101
03.06.2019 09:18:00.000,6330.998,6331.998,6329.997,6330.997,0.0099
03.06.2019 09:19:00.000,6330.998,6330.998,6328.997,6328.998,0.0065
03.06.2019 09:20:00.000,6328.997,6329.998,6327.997,6327.998,0.0049
03.06.2019 09:21:00.000,6327.997,6327.998,6323.997,6324.997,0.0026
03.06.2019 09:22:00.000,6324.998,6324.998,6322.998,6323.998,0.0048
03.06.2019 09:23:00.000,6324.998,6324.998,6322.998,6323.998,0.0041
03.06.2019 09:24:00.000,6323.997,6324.998,6323.997,6323.998,0.0036
03.06.2019 09:25:00.000,6324.998,6325.998,6324.997,6324.998,0.0022
03.06.2019 09:26:00.000,6324.997,6328.998,6324.997,6328.998,0.0021
03.06.2019 09:27:00.000,6328.997,6329.998,6327.998,6328.997,0.0021
03.06.2019 09:28:00.000,6328.998,6328.998,6327.997,6327.998,0.0017
03.06.2019 09:29:00.000,6327.998,6328.998,6327.997,6327.997,0.0033
03.06.2019 09:30:00.000,6327.998,6327.998,6325.997,6325.997,0.0061
03.06.2019 09:31:00.000,6325.997,6326.997,6325.997,6325.998,0.0038
03.06.2019 09:32:00.000,6325.998,6325.998,6325.998,6325.998,0.0008
03.06.2019 09:33:00.000,6325.997,6325.998,6325.997,6325.998,0.0023
03.06.2019 09:34:00.000,6325.997,6325.998,6325.997,6325.998,0.0009
03.06.2019 09:35:00.000,6323.998,6323.998,6321.997,6323.998,0.0014
03.06.2019 09:36:00.000,6323.998,6323.998,6321.997,6322.998,0.0021
03.06.2019 09:37:00.000,6323.997,6326.998,6322.998,6326.998,0.0044
03.06.2019 09:38:00.000,6326.998,6326.998,6324.997,6326.998,0.0095
03.06.2019 09:39:00.000,6327.997,6329.998,6326.998,6328.998,0.0059
03.06.2019 09:40:00.000,6327.998,6327.998,6324.998,6326.997,0.001
03.06.2019 09:41:00.000,6326.998,6326.998,6324.997,6325.998,0.0022
03.06.2019 09:42:00.000,6325.997,6326.998,6325.997,6326.998,0.0036
03.06.2019 09:43:00.000,6326.997,6326.998,6323.998,6323.998,0.0013
03.06.2019 09:44:00.000,6323.997,6324.998,6322.997,6322.998,0.0013
03.06.2019 09:45:00.000,6322.997,6323.998,6320.997,6320.997,0.0036
03.06.2019 09:46:00.000,6320.998,6320.998,6319.997,6320.998,0.0074
03.06.2019 09:47:00.000,6320.998,6323.998,6320.997,6323.998,0.0019
03.06.2019 09:48:00.000,6323.998,6324.998,6323.997,6324.997,0.0008
03.06.2019 09:49:00.000,6324.998,6324.998,6323.997,6324.998,0.0004
03.06.2019 09:50:00.000,6323.998,6325.998,6323.997,6325.998,0.0042
03.06.2019 09:51:00.000,6325.997,6325.998,6323.997,6324.998,0.0033
03.06.2019 09:52:00.000,6324.997,6325.998,6324.997,6325.998,0.0049
03.06.2019 09:53:00.000,6325.997,6327.998,6325.997,6327.998,0.0086
03.06.2019 09:54:00.000,6327.997,6327.998,6327.997,6327.997,0.0002
03.06.2019 09:55:00.000,6327.997,6328.998,6324.997,6324.997,0.004
03.06.2019 09:56:00.000,6325.997,6325.998,6324.997,6324.998,0.0025
03.06.2019 09:57:00.000,6324.997,6325.998,6324.997,6324.998,0.0036
03.06.2019 09:58:00.000,6324.998,6324.998,6324.997,6324.998,0.0011
03.06.2019 09:59:00.000,6324.998,6325.998,6324.997,6324.997,0.0033
03.06.2019 10:00:00.000,6324.998,6324.998,6324.997,6324.998,0.0008
03.06.2019 10:01:00.000,6324.997,6324.998,6323.997,6324.997,0.0015
03.06.2019 10:02:00.000,6324.998,6325.998,6324.997,6325.998,0.0034
03.06.2019 10:03:00.000,6325.997,6329.998,6325.997,6329.998,0.0051
03.06.2019 10:04:00.000,6329.997,6332.998,6328.997,6332.998,0.0059
03.06.2019 10:05:00.000,6332.997,6333.998,6330.997,6332.998,0.0075
03.06.2019 10:06:00.000,6332.997,6332.997,6327.997,6327.998,0.0066
03.06.2019 10:07:00.000,6326.998,6330.998,6326.998,6330.998,0.0018
03.06.2019 10:08:00.000,6330.997,6332.998,6328.998,6329.998,0.0069
03.06.2019 10:09:00.000,6328.998,6328.998,6328.997,6328.998,0.0056
03.06.2019 10:10:00.000,6328.997,6329.998,6328.997,6329.998,0.006
03.06.2019 10:11:00.000,6330.998,6331.998,6329.997,6331.997,0.0042
03.06.2019 10:12:00.000,6330.998,6331.998,6330.998,6330.998,0.0028
03.06.2019 10:13:00.000,6331.997,6332.998,6328.998,6329.997,0.0039
03.06.2019 10:14:00.000,6329.998,6330.998,6328.997,6330.998,0.0033
03.06.2019 10:15:00.000,6330.997,6333.998,6330.997,6332.998,0.0039
03.06.2019 10:16:00.000,6332.998,6332.998,6332.997,6332.998,0.0007
03.06.2019 10:17:00.000,6332.997,6336.997,6332.997,6336.997,0.0033
03.06.2019 10:18:00.000,6337.998,6340.998,6337.997,6339.997,0.004
03.06.2019 10:19:00.000,6339.998,6342.998,6339.997,6339.998,0.0057
03.06.2019 10:20:00.000,6340.997,6343.998,6340.997,6343.998,0.0033
03.06.2019 10:21:00.000,6343.997,6343.998,6336.997,6338.998,0.0034
03.06.2019 10:22:00.000,6337.998,6337.998,6334.997,6336.998,0.0037
03.06.2019 10:23:00.000,6336.997,6337.998,6336.997,6336.997,0.0028
03.06.2019 10:24:00.000,6336.998,6337.997,6336.997,6336.998,0.0007
03.06.2019 10:25:00.000,6336.997,6336.998,6333.997,6333.997,0.0026
03.06.2019 10:26:00.000,6333.998,6337.998,6332.997,6336.997,0.0057
03.06.2019 10:27:00.000,6336.998,6337.998,6334.998,6335.998,0.0042
03.06.2019 10:28:00.000,6335.998,6335.998,6331.997,6331.998,0.0035
03.06.2019 10:29:00.000,6331.997,6331.998,6330.997,6330.998,0.001
03.06.2019 10:30:00.000,6330.997,6332.998,6330.997,6331.998,0.001
03.06.2019 10:31:00.000,6330.998,6330.998,6328.998,6328.998,0.001
03.06.2019 10:32:00.000,6328.997,6329.998,6327.997,6327.997,0.0017
03.06.2019 10:33:00.000,6326.998,6327.998,6326.997,6327.998,0.0024
03.06.2019 10:34:00.000,6327.997,6327.997,6325.997,6325.998,0.0011
03.06.2019 10:35:00.000,6325.997,6326.998,6325.997,6325.998,0.0029
03.06.2019 10:36:00.000,6326.998,6326.998,6321.998,6321.998,0.0024
03.06.2019 10:37:00.000,6321.997,6321.998,6319.998,6319.998,0.0021
03.06.2019 10:38:00.000,6319.997,6319.998,6315.997,6316.998,0.0057
03.06.2019 10:39:00.000,6317.997,6317.997,6313.997,6313.997,0.0041
03.06.2019 10:40:00.000,6313.998,6322.997,6312.997,6320.998,0.0045
03.06.2019 10:41:00.000,6320.998,6320.998,6315.997,6317.997,0.0081
03.06.2019 10:42:00.000,6317.998,6319.998,6316.998,6318.998,0.0114
03.06.2019 10:43:00.000,6318.997,6319.998,6316.997,6316.998,0.0048
03.06.2019 10:44:00.000,6316.997,6316.997,6314.998,6315.997,0.0025
03.06.2019 10:45:00.000,6315.997,6315.998,6314.997,6315.998,0.0023
03.06.2019 10:46:00.000,6315.997,6316.998,6314.997,6315.997,0.0017
03.06.2019 10:47:00.000,6317.750,6318.998,6317.750,6318.997,0.0024
03.06.2019 10:48:00.000,6317.997,6319.997,6317.997,6317.998,0.0035
03.06.2019 10:49:00.000,6318.998,6325.998,6318.998,6325.997,0.0038
03.06.2019 10:50:00.000,6326.998,6329.998,6324.997,6329.998,0.0026
03.06.2019 10:51:00.000,6330.997,6330.998,6323.997,6324.998,0.004
03.06.2019 10:52:00.000,6324.997,6326.997,6324.997,6324.998,0.0026
03.06.2019 10:53:00.000,6325.998,6330.998,6324.998,6327.998,0.003
03.06.2019 10:54:00.000,6327.998,6329.998,6327.997,6327.998,0.0035
03.06.2019 10:55:00.000,6327.998,6328.998,6327.997,6328.997,0.0033
03.06.2019 10:56:00.000,6328.998,6331.997,6328.997,6329.998,0.005
03.06.2019 10:57:00.000,6329.998,6330.998,6326.997,6326.997,0.006
03.06.2019 10:58:00.000,6326.997,6329.998,6326.997,6329.998,0.0051
03.06.2019 10:59:00.000,6330.997,6331.998,6329.998,6330.998,0.0059
03.06.2019 11:00:00.000,6330.997,6330.998,6330.997,6330.998,0.0002
03.06.2019 11:02:00.000,6330.998,6330.998,6325.997,6325.998,0.0071
03.06.2019 11:03:00.000,6325.998,6326.998,6325.997,6326.998,0.0026
03.06.2019 11:04:00.000,6326.997,6328.998,6326.997,6327.998,0.0022
03.06.2019 11:05:00.000,6328.997,6328.998,6327.997,6328.997,0.0047
03.06.2019 11:06:00.000,6328.998,6333.998,6328.998,6332.998,0.0078
03.06.2019 11:07:00.000,6332.997,6332.997,6330.997,6330.998,0.0014
03.06.2019 11:08:00.000,6330.998,6330.998,6322.997,6323.998,0.0039
03.06.2019 11:09:00.000,6324.997,6325.998,6322.998,6324.998,0.0021
03.06.2019 11:10:00.000,6324.997,6325.998,6324.997,6324.998,0.0006
03.06.2019 11:11:00.000,6325.998,6325.998,6324.997,6324.998,0.0013
03.06.2019 11:12:00.000,6324.997,6324.997,6319.998,6320.998,0.0012
03.06.2019 11:13:00.000,6320.997,6320.998,6319.997,6319.998,0.0026
03.06.2019 11:14:00.000,6320.997,6320.998,6319.997,6319.998,0.0038
03.06.2019 11:15:00.000,6320.998,6320.998,6319.997,6319.998,0.0019
03.06.2019 11:16:00.000,6319.997,6320.998,6318.997,6319.998,0.0047
03.06.2019 11:17:00.000,6318.998,6319.998,6318.997,6319.998,0.0015
03.06.2019 11:18:00.000,6320.997,6322.998,6320.997,6322.998,0.0038
03.06.2019 11:19:00.000,6323.997,6326.998,6323.997,6326.998,0.0048
03.06.2019 11:20:00.000,6327.997,6333.998,6327.997,6329.997,0.0068
03.06.2019 11:21:00.000,6329.998,6330.998,6328.998,6329.998,0.0048
03.06.2019 11:22:00.000,6330.997,6334.998,6330.997,6333.998,0.0049
03.06.2019 11:23:00.000,6334.997,6337.998,6334.997,6337.997,0.0028
03.06.2019 11:24:00.000,6337.997,6337.997,6335.998,6335.998,0.0023
03.06.2019 11:25:00.000,6334.998,6335.998,6334.997,6334.998,0.0021
03.06.2019 11:27:00.000,6334.997,6336.998,6334.997,6335.998,0.0023
03.06.2019 11:28:00.000,6335.997,6340.998,6335.997,6338.998,0.0034
03.06.2019 11:29:00.000,6338.997,6338.998,6338.997,6338.998,0.0003
03.06.2019 11:30:00.000,6338.997,6338.998,6335.997,6336.997,0.0034
03.06.2019 11:31:00.000,6336.998,6337.998,6335.997,6336.997,0.0031
03.06.2019 11:32:00.000,6336.998,6338.998,6335.997,6337.998,0.0034
03.06.2019 11:33:00.000,6338.998,6338.998,6335.997,6336.997,0.0034
03.06.2019 11:34:00.000,6337.997,6341.998,6337.997,6341.997,0.0041
03.06.2019 11:35:00.000,6341.998,6341.998,6340.998,6340.998,0.0059
03.06.2019 11:36:00.000,6339.997,6339.998,6336.997,6338.998,0.0067
03.06.2019 11:37:00.000,6338.998,6343.998,6338.998,6343.997,0.0036
03.06.2019 11:38:00.000,6343.998,6343.998,6343.997,6343.997,0.0012
03.06.2019 11:39:00.000,6343.998,6343.998,6342.997,6342.998,0.003
03.06.2019 11:40:00.000,6342.997,6343.998,6339.997,6339.998,0.0061
03.06.2019 11:41:00.000,6339.998,6339.998,6335.997,6335.997,0.0036
03.06.2019 11:42:00.000,6335.998,6335.998,6334.997,6335.998,0.001
03.06.2019 11:43:00.000,6336.998,6339.998,6336.997,6336.997,0.0049
03.06.2019 11:44:00.000,6336.998,6337.998,6336.997,6337.998,0.0017
03.06.2019 11:45:00.000,6337.997,6337.998,6336.997,6336.998,0.001
03.06.2019 11:46:00.000,6336.997,6338.998,6336.997,6337.998,0.0033
03.06.2019 11:47:00.000,6338.997,6338.998,6336.998,6336.998,0.0016
03.06.2019 11:48:00.000,6337.998,6338.997,6335.998,6336.998,0.0048
03.06.2019 11:49:00.000,6337.997,6338.998,6336.997,6336.997,0.0021
03.06.2019 11:50:00.000,6337.998,6339.998,6337.997,6339.998,0.0029
03.06.2019 11:51:00.000,6338.997,6339.997,6338.997,6338.998,0.0012
03.06.2019 11:52:00.000,6337.997,6338.997,6334.998,6335.998,0.0029
03.06.2019 11:53:00.000,6335.998,6339.998,6335.998,6339.998,0.0011
03.06.2019 11:54:00.000,6339.997,6342.998,6339.997,6341.998,0.0036
03.06.2019 11:55:00.000,6341.998,6342.998,6341.997,6341.998,0.0047
03.06.2019 11:56:00.000,6342.998,6343.998,6342.997,6342.998,0.0087
03.06.2019 11:57:00.000,6342.998,6343.998,6339.997,6339.998,0.0033
03.06.2019 11:58:00.000,6339.997,6340.998,6339.997,6339.997,0.0026
03.06.2019 11:59:00.000,6339.998,6341.998,6339.997,6339.998,0.0062
03.06.2019 12:00:00.000,6339.997,6340.998,6337.998,6340.998,0.0041
03.06.2019 12:01:00.000,6340.997,6340.998,6338.997,6338.998,0.0026
03.06.2019 12:02:00.000,6338.998,6338.998,6335.997,6335.998,0.0046
03.06.2019 12:03:00.000,6335.997,6335.998,6333.997,6333.998,0.0038
03.06.2019 12:04:00.000,6333.997,6333.997,6332.997,6332.997,0.0034
03.06.2019 12:05:00.000,6332.998,6333.998,6331.997,6332.998,0.0047
03.06.2019 12:06:00.000,6332.997,6333.998,6332.997,6332.997,0.0068
03.06.2019 12:07:00.000,6332.997,6333.998,6332.997,6332.998,0.0041
03.06.2019 12:08:00.000,6332.997,6332.998,6332.997,6332.998,0.0047
03.06.2019 12:09:00.000,6332.997,6332.998,6330.998,6331.997,0.0019
03.06.2019 12:10:00.000,6330.998,6335.998,6330.997,6334.998,0.0106
03.06.2019 12:11:00.000,6334.998,6334.998,6332.997,6333.998,0.0093
03.06.2019 12:12:00.000,6333.997,6333.997,6331.997,6331.997,0.0064
03.06.2019 12:13:00.000,6331.998,6333.998,6331.997,6333.997,0.0055
03.06.2019 12:14:00.000,6334.997,6334.998,6333.997,6334.997,0.0063
03.06.2019 12:15:00.000,6334.998,6334.998,6333.997,6334.998,0.0037
03.06.2019 12:16:00.000,6334.997,6334.998,6333.997,6334.998,0.002
03.06.2019 12:17:00.000,6334.997,6334.998,6333.998,6334.998,0.003
03.06.2019 12:18:00.000,6335.997,6335.998,6333.997,6333.998,0.0027
03.06.2019 12:19:00.000,6334.998,6335.998,6333.997,6333.998,0.0054
03.06.2019 12:20:00.000,6333.997,6334.998,6333.997,6334.997,0.0066
03.06.2019 12:21:00.000,6334.997,6334.998,6333.997,6334.998,0.0061
03.06.2019 12:22:00.000,6334.997,6334.998,6333.997,6334.998,0.0027
03.06.2019 12:23:00.000,6333.998,6334.998,6333.997,6333.998,0.004
03.06.2019 12:24:00.000,6333.997,6334.998,6332.997,6333.998,0.0051
03.06.2019 12:25:00.000,6333.998,6333.998,6330.997,6330.998,0.0051
03.06.2019 12:26:00.000,6329.997,6331.998,6329.997,6330.998,0.0047
03.06.2019 12:27:00.000,6331.997,6333.998,6331.997,6331.998,0.0013
03.06.2019 12:28:00.000,6331.997,6332.998,6331.997,6331.998,0.0107
03.06.2019 12:29:00.000,6331.998,6333.998,6331.997,6332.998,0.0102
03.06.2019 12:30:00.000,6332.997,6332.998,6332.997,6332.997,0.0051
03.06.2019 12:31:00.000,6329.998,6329.998,6323.997,6324.997,0.0063
03.06.2019 12:32:00.000,6325.998,6326.997,6324.997,6324.997,0.0076
03.06.2019 12:33:00.000,6324.998,6326.998,6322.997,6326.997,0.0065
03.06.2019 12:34:00.000,6326.998,6326.998,6322.998,6324.997,0.0048
03.06.2019 12:35:00.000,6324.998,6327.998,6324.997,6327.998,0.0121
03.06.2019 12:36:00.000,6328.997,6330.998,6327.997,6330.998,0.0042
03.06.2019 12:37:00.000,6330.997,6331.998,6330.997,6330.997,0.0038
03.06.2019 12:38:00.000,6331.998,6333.998,6330.997,6330.997,0.008
03.06.2019 12:39:00.000,6331.998,6331.998,6330.998,6331.998,0.0041
03.06.2019 12:40:00.000,6332.998,6333.998,6331.997,6332.998,0.0061
03.06.2019 12:41:00.000,6332.997,6336.998,6330.998,6335.998,0.0032
03.06.2019 12:42:00.000,6336.998,6337.998,6336.997,6337.998,0.0067
03.06.2019 12:43:00.000,6337.997,6343.997,6337.997,6343.997,0.0054
03.06.2019 12:44:00.000,6343.998,6344.998,6343.998,6344.998,0.001
03.06.2019 12:45:00.000,6345.997,6347.998,6345.997,6346.997,0.0062
03.06.2019 12:46:00.000,6346.998,6347.998,6344.998,6347.997,0.0035
03.06.2019 12:47:00.000,6349.997,6352.998,6346.997,6346.997,0.0069
03.06.2019 12:48:00.000,6347.998,6348.998,6346.997,6347.998,0.005
03.06.2019 12:49:00.000,6348.997,6349.998,6347.998,6348.997,0.0034
03.06.2019 12:50:00.000,6349.997,6352.998,6349.997,6352.998,0.0063
03.06.2019 12:51:00.000,6353.998,6354.998,6353.997,6353.998,0.0035
03.06.2019 12:52:00.000,6353.998,6353.998,6349.998,6351.998,0.0034
03.06.2019 12:53:00.000,6352.998,6353.998,6352.998,6353.998,0.0014
03.06.2019 12:54:00.000,6353.997,6356.998,6351.997,6356.997,0.0096
03.06.2019 12:55:00.000,6356.998,6357.998,6352.998,6352.998,0.0022
03.06.2019 12:56:00.000,6352.997,6354.998,6352.997,6354.998,0.0048
03.06.2019 12:57:00.000,6354.998,6355.998,6354.998,6355.998,0.0074
03.06.2019 12:58:00.000,6356.997,6357.998,6351.998,6352.998,0.0043
03.06.2019 12:59:00.000,6353.998,6357.998,6353.997,6357.998,0.0045
03.06.2019 13:00:00.000,6357.997,6358.998,6348.998,6350.997,0.0067
03.06.2019 13:01:00.000,6351.998,6351.998,6346.997,6348.998,0.0043
03.06.2019 13:02:00.000,6348.998,6352.998,6348.998,6351.998,0.0043
03.06.2019 13:03:00.000,6352.997,6354.998,6351.998,6354.998,0.0032
03.06.2019 13:04:00.000,6354.997,6354.997,6346.997,6350.998,0.0074
03.06.2019 13:05:00.000,6350.998,6355.998,6350.998,6355.998,0.0026
03.06.2019 13:06:00.000,6355.998,6355.998,6351.997,6351.998,0.0093
03.06.2019 13:07:00.000,6351.997,6352.998,6351.997,6352.998,0.0028
03.06.2019 13:08:00.000,6352.998,6352.998,6350.998,6351.998,0.0065
03.06.2019 13:09:00.000,6352.998,6352.998,6351.998,6352.997,0.0013
03.06.2019 13:10:00.000,6352.998,6357.998,6352.998,6357.998,0.0039
03.06.2019 13:11:00.000,6357.997,6359.998,6357.997,6358.997,0.0028
03.06.2019 13:12:00.000,6359.997,6359.998,6358.997,6359.998,0.0079
03.06.2019 13:13:00.000,6359.997,6362.997,6359.997,6362.997,0.0051
03.06.2019 13:14:00.000,6362.998,6362.998,6358.998,6359.998,0.0015
03.06.2019 13:15:00.000,6359.998,6359.998,6355.997,6355.997,0.0082
03.06.2019 13:16:00.000,6355.998,6358.998,6355.997,6355.998,0.0018
03.06.2019 13:17:00.000,6355.998,6356.998,6355.997,6355.998,0.0028
03.06.2019 13:18:00.000,6354.997,6354.998,6353.997,6353.998,0.0027
03.06.2019 13:19:00.000,6353.997,6355.998,6353.997,6355.998,0.0024
03.06.2019 13:20:00.000,6355.997,6356.998,6355.997,6356.998,0.0039
03.06.2019 13:21:00.000,6357.998,6359.998,6356.997,6358.998,0.0062
03.06.2019 13:22:00.000,6359.998,6360.997,6358.997,6359.998,0.0031
03.06.2019 13:23:00.000,6358.998,6359.998,6358.997,6358.997,0.0056
03.06.2019 13:24:00.000,6358.998,6361.998,6358.997,6361.998,0.0035
03.06.2019 13:25:00.000,6361.997,6362.997,6359.997,6359.998,0.0031
03.06.2019 13:26:00.000,6359.997,6360.998,6356.997,6359.997,0.0096
03.06.2019 13:27:00.000,6359.997,6359.997,6357.997,6357.997,0.003
03.06.2019 13:28:00.000,6357.998,6358.998,6355.997,6356.998,0.0034
03.06.2019 13:29:00.000,6355.998,6356.998,6355.997,6356.998,0.002
03.06.2019 13:30:00.000,6357.998,6357.998,6352.997,6352.998,0.0101
03.06.2019 13:31:00.000,6353.998,6355.998,6353.997,6353.998,0.0032
03.06.2019 13:32:00.000,6353.997,6359.998,6353.997,6359.997,0.0065
03.06.2019 13:33:00.000,6358.998,6359.997,6356.997,6356.998,0.009
03.06.2019 13:34:00.000,6356.998,6359.998,6356.998,6358.997,0.0064
03.06.2019 13:35:00.000,6358.998,6359.997,6353.998,6354.998,0.0057
03.06.2019 13:36:00.000,6353.998,6355.998,6353.997,6353.998,0.0026
03.06.2019 13:37:00.000,6353.997,6353.997,6353.997,6353.997,0.0004
03.06.2019 13:38:00.000,6353.750,6354.998,6352.997,6353.998,0.0054
03.06.2019 13:39:00.000,6353.997,6353.998,6352.997,6352.998,0.0014
03.06.2019 13:40:00.000,6351.998,6352.998,6351.997,6351.997,0.0033
03.06.2019 13:41:00.000,6351.998,6351.998,6349.998,6351.997,0.0016
03.06.2019 13:42:00.000,6351.998,6351.998,6350.997,6350.998,0.0023
03.06.2019 13:43:00.000,6351.998,6355.998,6351.997,6355.998,0.0064
03.06.2019 13:44:00.000,6355.997,6357.998,6355.997,6357.997,0.0053
03.06.2019 13:45:00.000,6357.998,6357.998,6354.997,6354.998,0.0078
03.06.2019 13:46:00.000,6354.997,6354.998,6350.997,6350.998,0.0057
03.06.2019 13:47:00.000,6351.997,6351.998,6344.997,6346.998,0.0101
03.06.2019 13:48:00.000,6346.997,6346.998,6344.997,6346.998,0.0141
03.06.2019 13:49:00.000,6346.997,6350.997,6344.998,6345.998,0.016
03.06.2019 13:50:00.000,6346.998,6346.998,6344.997,6344.998,0.003
03.06.2019 13:51:00.000,6344.998,6344.998,6335.997,6336.998,0.0081
03.06.2019 13:52:00.000,6336.997,6337.998,6332.998,6333.998,0.0043
03.06.2019 13:53:00.000,6330.998,6331.998,6327.997,6327.998,0.0034
03.06.2019 13:54:00.000,6327.998,6327.998,6325.997,6325.998,0.0055
03.06.2019 13:55:00.000,6326.997,6327.998,6322.997,6322.998,0.0047
03.06.2019 13:56:00.000,6322.997,6322.998,6319.997,6319.998,0.0034
03.06.2019 13:57:00.000,6319.997,6320.998,6315.997,6318.997,0.0049
03.06.2019 13:58:00.000,6317.998,6317.998,6312.997,6313.997,0.0058
03.06.2019 13:59:00.000,6313.998,6314.998,6312.997,6312.997,0.002
03.06.2019 14:00:00.000,6312.998,6314.998,6310.997,6313.998,0.0081
03.06.2019 14:01:00.000,6314.998,6314.998,6306.997,6307.998,0.0035
03.06.2019 14:02:00.000,6307.997,6307.998,6299.997,6299.997,0.0087
03.06.2019 14:03:00.000,6299.998,6304.998,6299.998,6304.998,0.005
03.06.2019 14:04:00.000,6304.997,6304.998,6299.997,6303.998,0.0079
03.06.2019 14:05:00.000,6304.998,6307.998,6304.997,6305.998,0.0077
03.06.2019 14:06:00.000,6304.997,6311.998,6302.997,6310.998,0.0082
03.06.2019 14:07:00.000,6310.998,6310.998,6305.997,6308.998,0.0052
03.06.2019 14:08:00.000,6308.998,6311.998,6306.998,6306.998,0.0105
03.06.2019 14:09:00.000,6306.997,6307.998,6305.997,6306.998,0.0132
03.06.2019 14:10:00.000,6306.997,6316.998,6306.997,6315.998,0.0082
03.06.2019 14:11:00.000,6315.998,6321.997,6314.997,6320.998,0.0063
03.06.2019 14:12:00.000,6321.997,6322.998,6319.997,6320.998,0.0108
03.06.2019 14:13:00.000,6320.997,6325.998,6319.997,6325.997,0.0137
03.06.2019 14:14:00.000,6325.998,6326.998,6324.997,6326.998,0.0046
03.06.2019 14:15:00.000,6326.997,6327.998,6324.997,6327.998,0.0071
03.06.2019 14:16:00.000,6327.997,6331.998,6326.997,6330.998,0.0074
03.06.2019 14:17:00.000,6330.998,6335.998,6330.998,6334.998,0.0122
03.06.2019 14:18:00.000,6334.997,6335.998,6333.998,6335.998,0.0069
03.06.2019 14:19:00.000,6335.998,6335.998,6331.997,6334.998,0.008
03.06.2019 14:20:00.000,6334.998,6335.998,6332.997,6333.998,0.0071
03.06.2019 14:21:00.000,6333.997,6333.998,6331.997,6333.998,0.0038
03.06.2019 14:22:00.000,6333.997,6333.997,6331.997,6331.998,0.0018
03.06.2019 14:23:00.000,6332.997,6335.998,6332.997,6335.998,0.0044
03.06.2019 14:24:00.000,6335.997,6339.998,6335.997,6339.998,0.0078
03.06.2019 14:25:00.000,6339.998,6339.998,6338.997,6338.998,0.003
03.06.2019 14:26:00.000,6338.997,6339.998,6337.997,6339.998,0.0054
03.06.2019 14:27:00.000,6340.998,6341.998,6339.997,6341.998,0.0059
03.06.2019 14:28:00.000,6341.997,6343.998,6341.997,6343.998,0.0104
03.06.2019 14:29:00.000,6343.997,6343.998,6342.997,6342.998,0.0075
03.06.2019 14:30:00.000,6343.997,6343.998,6339.997,6340.998,0.0126
03.06.2019 14:31:00.000,6340.997,6340.997,6335.997,6338.997,0.0107
03.06.2019 14:32:00.000,6338.998,6338.998,6335.997,6335.997,0.0052
03.06.2019 14:33:00.000,6334.997,6336.998,6333.998,6333.998,0.0078
03.06.2019 14:34:00.000,6333.997,6333.998,6331.997,6332.997,0.0055
03.06.2019 14:35:00.000,6332.998,6333.998,6331.997,6331.998,0.0083
03.06.2019 14:36:00.000,6331.997,6332.998,6331.997,6331.998,0.0048
03.06.2019 14:37:00.000,6332.998,6335.998,6332.998,6333.998,0.0093
03.06.2019 14:38:00.000,6332.998,6332.998,6331.997,6331.998,0.0054
03.06.2019 14:39:00.000,6330.998,6330.998,6329.997,6330.997,0.0063
03.06.2019 14:40:00.000,6330.998,6330.998,6327.997,6327.997,0.0037
03.06.2019 14:41:00.000,6327.998,6328.998,6326.997,6328.997,0.005
03.06.2019 14:42:00.000,6329.997,6330.998,6329.997,6329.997,0.0071
03.06.2019 14:43:00.000,6329.998,6331.998,6327.997,6327.998,0.0151
03.06.2019 14:44:00.000,6328.998,6335.998,6328.997,6332.998,0.0144
03.06.2019 14:45:00.000,6333.997,6336.998,6332.997,6334.997,0.0106
03.06.2019 14:46:00.000,6334.998,6335.998,6333.997,6333.998,0.0076
03.06.2019 14:47:00.000,6333.997,6333.998,6331.997,6331.998,0.0091
03.06.2019 14:48:00.000,6330.997,6330.998,6327.997,6328.998,0.009
03.06.2019 14:49:00.000,6328.998,6328.998,6328.997,6328.998,0.0024
03.06.2019 14:50:00.000,6328.997,6328.998,6325.997,6326.998,0.0059
03.06.2019 14:51:00.000,6327.997,6327.998,6324.997,6325.998,0.0019
03.06.2019 14:52:00.000,6325.997,6325.998,6324.997,6324.998,0.0018
03.06.2019 14:53:00.000,6324.997,6324.997,6322.997,6322.997,0.0055
03.06.2019 14:54:00.000,6322.998,6322.998,6316.998,6317.998,0.0044
03.06.2019 14:55:00.000,6317.998,6321.997,6315.997,6320.997,0.0046
03.06.2019 14:56:00.000,6320.998,6323.998,6320.997,6322.998,0.0069
03.06.2019 14:57:00.000,6322.998,6322.998,6320.998,6321.998,0.002
03.06.2019 14:58:00.000,6321.997,6321.998,6320.997,6321.997,0.0043
03.06.2019 14:59:00.000,6321.998,6322.998,6320.997,6321.998,0.0056
03.06.2019 15:00:00.000,6321.997,6321.998,6320.997,6321.997,0.0073
03.06.2019 15:01:00.000,6321.998,6322.998,6319.998,6321.997,0.0091
03.06.2019 15:02:00.000,6321.998,6321.998,6318.998,6318.998,0.01
03.06.2019 15:03:00.000,6318.997,6323.998,6318.997,6319.998,0.0092
03.06.2019 15:04:00.000,6320.998,6321.998,6317.997,6318.998,0.0104
03.06.2019 15:05:00.000,6318.998,6318.998,6315.997,6315.998,0.0037
03.06.2019 15:06:00.000,6315.997,6315.997,6309.997,6310.998,0.0065
03.06.2019 15:07:00.000,6310.997,6310.998,6309.997,6309.998,0.0052
03.06.2019 15:08:00.000,6309.997,6309.998,6308.997,6308.998,0.0077
03.06.2019 15:09:00.000,6308.997,6314.998,6307.997,6313.998,0.0087
03.06.2019 15:10:00.000,6314.998,6320.998,6313.997,6320.998,0.0181
03.06.2019 15:11:00.000,6320.998,6323.998,6320.997,6320.998,0.0237
03.06.2019 15:12:00.000,6320.997,6320.998,6318.997,6320.998,0.0134
03.06.2019 15:13:00.000,6320.998,6320.998,6317.997,6319.998,0.0122
03.06.2019 15:14:00.000,6319.997,6320.998,6319.997,6320.997,0.0044
03.06.2019 15:15:00.000,6320.998,6326.998,6320.998,6326.997,0.0132
03.06.2019 15:16:00.000,6326.998,6326.998,6324.997,6324.998,0.008
03.06.2019 15:17:00.000,6324.997,6325.998,6323.997,6323.998,0.0043
03.06.2019 15:18:00.000,6323.997,6327.998,6323.997,6323.998,0.0133
03.06.2019 15:19:00.000,6324.998,6324.998,6322.997,6322.997,0.0037
03.06.2019 15:20:00.000,6322.998,6324.998,6319.997,6323.998,0.0074
03.06.2019 15:21:00.000,6323.997,6323.998,6321.997,6321.997,0.0131
03.06.2019 15:22:00.000,6321.998,6321.998,6321.997,6321.998,0.0096
03.06.2019 15:23:00.000,6321.997,6321.998,6319.997,6319.998,0.0098
03.06.2019 15:24:00.000,6319.997,6325.998,6319.997,6322.998,0.0134
03.06.2019 15:25:00.000,6321.997,6322.997,6321.997,6321.998,0.0195
03.06.2019 15:26:00.000,6321.997,6328.998,6321.997,6328.998,0.0214
03.06.2019 15:27:00.000,6328.997,6328.997,6323.997,6323.998,0.0171
03.06.2019 15:28:00.000,6323.997,6323.998,6323.997,6323.997,0.0091
03.06.2019 15:29:00.000,6324.997,6325.998,6322.997,6325.998,0.0169
04.06.2019 07:00:00.000,6306.998,6307.998,6300.997,6300.998,0.0014
04.06.2019 07:01:00.000,6301.997,6320.998,6301.997,6320.998,0.0028
04.06.2019 07:02:00.000,6320.998,6320.998,6310.997,6310.997,0.0009
04.06.2019 07:03:00.000,6310.998,6310.998,6308.997,6308.997,0.0005
04.06.2019 07:04:00.000,6300.998,6301.998,6300.998,6301.998,0.0009
04.06.2019 07:05:00.000,6301.997,6308.997,6299.998,6299.998,0.0025
04.06.2019 07:06:00.000,6300.997,6302.998,6299.997,6302.997,0.0013
04.06.2019 07:07:00.000,6302.998,6306.998,6299.998,6299.998,0.0005
04.06.2019 07:08:00.000,6299.997,6299.998,6294.998,6296.997,0.0011
04.06.2019 07:09:00.000,6296.998,6296.998,6288.997,6289.998,0.0014
04.06.2019 07:10:00.000,6289.998,6290.998,6281.997,6283.998,0.0019
04.06.2019 07:11:00.000,6283.998,6288.998,6282.997,6283.998,0.0026
04.06.2019 07:12:00.000,6285.997,6289.997,6281.998,6284.997,0.0029
04.06.2019 07:13:00.000,6284.998,6284.998,6274.998,6276.998,0.0029
04.06.2019 07:14:00.000,6278.998,6278.998,6271.998,6273.998,0.0013
04.06.2019 07:15:00.000,6273.998,6278.998,6273.997,6277.998,0.0051
04.06.2019 07:16:00.000,6275.998,6278.998,6273.997,6274.998,0.0014
04.06.2019 07:17:00.000,6276.998,6276.998,6271.997,6276.997,0.0036
04.06.2019 07:18:00.000,6277.998,6277.998,6270.998,6272.998,0.0039
04.06.2019 07:19:00.000,6272.997,6273.998,6270.998,6270.998,0.0029
04.06.2019 07:20:00.000,6271.997,6273.998,6267.997,6271.998,0.0024
04.06.2019 07:21:00.000,6270.998,6273.998,6268.998,6272.997,0.002
04.06.2019 07:22:00.000,6272.998,6273.998,6269.997,6273.998,0.0012
04.06.2019 07:23:00.000,6273.997,6274.998,6269.998,6270.998,0.0011
04.06.2019 07:24:00.000,6270.998,6270.998,6263.998,6269.998,0.0021
04.06.2019 07:25:00.000,6269.998,6271.998,6264.997,6265.997,0.0076
04.06.2019 07:26:00.000,6265.998,6268.998,6265.998,6268.997,0.0025
04.06.2019 07:27:00.000,6268.997,6269.998,6265.998,6267.998,0.0013
04.06.2019 07:28:00.000,6267.997,6267.998,6264.997,6265.998,0.001
04.06.2019 07:29:00.000,6264.998,6267.998,6263.997,6264.997,0.0047
04.06.2019 07:30:00.000,6264.998,6264.998,6258.997,6258.998,0.0021
04.06.2019 07:31:00.000,6257.997,6259.998,6254.998,6256.998,0.0057
04.06.2019 07:32:00.000,6256.998,6257.998,6256.997,6257.998,0.0049
04.06.2019 07:33:00.000,6257.998,6257.998,6255.997,6256.997,0.0012
04.06.2019 07:34:00.000,6256.998,6263.998,6256.998,6262.998,0.0021
04.06.2019 07:35:00.000,6262.998,6262.998,6253.997,6253.997,0.0088
04.06.2019 07:36:00.000,6253.998,6255.998,6253.998,6255.997,0.0007
04.06.2019 07:37:00.000,6255.998,6255.998,6250.997,6253.998,0.0034
04.06.2019 07:38:00.000,6253.997,6255.998,6252.998,6253.997,0.005
04.06.2019 07:39:00.000,6253.997,6253.998,6246.998,6249.998,0.0042
04.06.2019 07:40:00.000,6250.998,6250.998,6245.997,6247.997,0.0058
04.06.2019 07:41:00.000,6247.998,6247.998,6245.997,6245.998,0.0014
04.06.2019 07:42:00.000,6246.997,6251.998,6245.998,6251.997,0.0026
04.06.2019 07:43:00.000,6250.997,6251.998,6247.997,6249.997,0.0048
04.06.2019 07:44:00.000,6250.998,6254.998,6244.997,6244.997,0.0032
04.06.2019 07:45:00.000,6244.998,6245.998,6241.997,6243.998,0.0024
04.06.2019 07:46:00.000,6243.997,6244.998,6236.997,6242.997,0.0052
04.06.2019 07:47:00.000,6242.998,6244.998,6241.997,6244.998,0.0068
04.06.2019 07:48:00.000,6245.997,6245.998,6238.998,6240.998,0.0016
04.06.2019 07:49:00.000,6240.997,6243.998,6239.998,6240.998,0.0031
04.06.2019 07:50:00.000,6241.997,6242.998,6237.998,6240.998,0.0022
04.06.2019 07:51:00.000,6239.997,6239.998,6236.997,6236.998,0.0007
04.06.2019 07:52:00.000,6236.998,6239.998,6234.997,6234.998,0.0037
04.06.2019 07:53:00.000,6234.997,6235.998,6232.998,6235.997,0.003
04.06.2019 07:54:00.000,6235.997,6235.997,6224.998,6226.998,0.0076
04.06.2019 07:55:00.000,6226.998,6230.998,6223.997,6223.998,0.0057
04.06.2019 07:56:00.000,6223.997,6228.998,6223.997,6227.998,0.0011
04.06.2019 07:57:00.000,6227.998,6227.998,6218.997,6218.998,0.0023
04.06.2019 07:58:00.000,6219.997,6220.998,6218.997,6220.998,0.0035
04.06.2019 07:59:00.000,6222.997,6224.998,6221.998,6224.998,0.0023
04.06.2019 08:00:00.000,6224.998,6224.998,6223.997,6224.997,0.002
04.06.2019 08:01:00.000,6224.998,6227.998,6224.997,6226.998,0.0015
04.06.2019 08:02:00.000,6227.997,6233.998,6225.998,6232.997,0.0065
04.06.2019 08:03:00.000,6233.997,6234.997,6226.998,6228.997,0.0068
04.06.2019 08:04:00.000,6228.997,6229.998,6225.997,6226.998,0.0054
04.06.2019 08:05:00.000,6226.998,6227.998,6226.997,6227.998,0.0048
04.06.2019 08:06:00.000,6230.998,6233.998,6230.997,6230.998,0.0032
04.06.2019 08:07:00.000,6230.997,6230.997,6226.998,6228.998,0.0025
04.06.2019 08:08:00.000,6228.997,6230.998,6227.998,6230.997,0.006
04.06.2019 08:09:00.000,6230.998,6230.998,6229.997,6230.998,0.0045
04.06.2019 08:10:00.000,6230.998,6235.998,6230.997,6235.997,0.0031
04.06.2019 08:11:00.000,6236.997,6238.997,6232.997,6233.998,0.005
04.06.2019 08:12:00.000,6233.998,6234.998,6230.997,6230.998,0.0104
04.06.2019 08:13:00.000,6230.997,6230.997,6225.997,6227.997,0.0028
04.06.2019 08:14:00.000,6227.998,6231.998,6227.997,6228.998,0.0082
04.06.2019 08:15:00.000,6229.997,6233.998,6229.997,6233.998,0.0046
04.06.2019 08:16:00.000,6234.997,6235.998,6230.997,6231.998,0.0045
04.06.2019 08:17:00.000,6231.998,6231.998,6227.998,6228.998,0.0046
04.06.2019 08:18:00.000,6228.997,6231.998,6226.998,6231.998,0.0035
04.06.2019 08:19:00.000,6231.998,6235.998,6231.998,6235.998,0.0021
04.06.2019 08:20:00.000,6235.997,6237.998,6233.998,6234.998,0.0039
04.06.2019 08:21:00.000,6234.997,6234.997,6230.998,6231.998,0.0031
04.06.2019 08:22:00.000,6232.997,6233.998,6232.997,6233.998,0.0021
04.06.2019 08:23:00.000,6235.998,6235.998,6233.998,6233.998,0.0007
04.06.2019 08:24:00.000,6233.998,6234.998,6233.997,6233.997,0.0006
04.06.2019 08:25:00.000,6233.998,6237.997,6231.998,6237.997,0.0044
04.06.2019 08:26:00.000,6237.997,6239.998,6236.998,6238.998,0.001
04.06.2019 08:27:00.000,6238.997,6243.998,6238.997,6243.998,0.0063
04.06.2019 08:28:00.000,6243.997,6248.997,6240.998,6242.998,0.0057
04.06.2019 08:29:00.000,6242.998,6247.998,6242.997,6242.998,0.0027
04.06.2019 08:30:00.000,6242.997,6243.998,6240.998,6243.997,0.0035
04.06.2019 08:31:00.000,6243.998,6245.998,6241.997,6245.997,0.0044
04.06.2019 08:32:00.000,6245.998,6251.998,6244.997,6251.998,0.0036
04.06.2019 08:33:00.000,6251.997,6251.998,6247.997,6247.998,0.0049
04.06.2019 08:34:00.000,6247.998,6249.998,6244.998,6247.998,0.0043
04.06.2019 08:35:00.000,6246.998,6256.998,6244.998,6256.997,0.0078
04.06.2019 08:36:00.000,6256.998,6259.998,6256.997,6259.997,0.0056
04.06.2019 08:37:00.000,6259.998,6266.998,6259.998,6265.998,0.0096
04.06.2019 08:38:00.000,6263.998,6264.998,6260.998,6260.998,0.0031
04.06.2019 08:39:00.000,6260.997,6263.998,6260.997,6263.997,0.0084
04.06.2019 08:40:00.000,6264.998,6265.998,6264.997,6264.998,0.0024
04.06.2019 08:41:00.000,6264.997,6264.998,6260.997,6264.998,0.0032
04.06.2019 08:42:00.000,6266.997,6268.998,6265.997,6268.997,0.002
04.06.2019 08:43:00.000,6268.998,6274.998,6267.997,6274.998,0.0082
04.06.2019 08:44:00.000,6274.998,6276.998,6274.997,6275.997,0.0054
04.06.2019 08:45:00.000,6275.998,6276.998,6273.997,6275.997,0.0074
04.06.2019 08:46:00.000,6275.998,6281.998,6275.997,6281.998,0.0082
04.06.2019 08:47:00.000,6281.998,6281.998,6276.998,6279.998,0.0075
04.06.2019 08:48:00.000,6280.998,6286.998,6280.998,6282.998,0.005
04.06.2019 08:49:00.000,6280.998,6282.997,6277.998,6281.997,0.0114
04.06.2019 08:50:00.000,6281.998,6281.998,6274.997,6277.998,0.005
04.06.2019 08:51:00.000,6276.998,6279.998,6276.997,6279.998,0.0021
04.06.2019 08:52:00.000,6279.998,6281.998,6279.998,6281.998,0.0009
04.06.2019 08:53:00.000,6281.997,6285.998,6281.997,6285.998,0.0052
04.06.2019 08:54:00.000,6286.998,6287.998,6283.998,6287.997,0.0068
04.06.2019 08:55:00.000,6287.998,6290.998,6287.997,6288.998,0.004
04.06.2019 08:56:00.000,6288.997,6289.998,6287.997,6287.998,0.0042
04.06.2019 08:57:00.000,6287.997,6287.998,6287.997,6287.997,0.0068
04.06.2019 08:58:00.000,6287.997,6291.998,6287.997,6291.997,0.0099
04.06.2019 08:59:00.000,6291.998,6292.998,6287.997,6288.997,0.0029
04.06.2019 09:00:00.000,6287.997,6292.998,6286.997,6292.998,0.0064
04.06.2019 09:01:00.000,6290.998,6290.998,6287.997,6287.997,0.0013
04.06.2019 09:02:00.000,6288.998,6292.998,6288.998,6290.998,0.0089
04.06.2019 09:03:00.000,6290.998,6293.998,6290.997,6293.998,0.0045
04.06.2019 09:04:00.000,6294.998,6296.998,6292.997,6294.997,0.0054
04.06.2019 09:05:00.000,6294.998,6294.998,6294.998,6294.998,0.0003
04.06.2019 09:06:00.000,6296.997,6303.998,6296.997,6300.998,0.0104
04.06.2019 09:07:00.000,6300.997,6303.998,6300.997,6303.998,0.0066
04.06.2019 09:08:00.000,6303.997,6304.998,6303.997,6304.998,0.0041
04.06.2019 09:09:00.000,6304.997,6308.998,6304.997,6308.998,0.0029
04.06.2019 09:10:00.000,6309.998,6309.998,6302.997,6302.998,0.0082
04.06.2019 09:11:00.000,6303.998,6306.998,6303.997,6306.998,0.0024
04.06.2019 09:12:00.000,6306.997,6306.998,6303.997,6304.998,0.0066
04.06.2019 09:13:00.000,6304.997,6305.998,6303.997,6305.998,0.0041
04.06.2019 09:14:00.000,6305.998,6305.998,6305.997,6305.997,0.0013
04.06.2019 09:15:00.000,6305.998,6307.998,6305.997,6307.997,0.0094
04.06.2019 09:16:00.000,6307.998,6307.998,6306.997,6306.998,0.0017
04.06.2019 09:17:00.000,6307.998,6307.998,6299.997,6299.998,0.0044
04.06.2019 09:18:00.000,6299.997,6299.998,6296.998,6298.997,0.0032
04.06.2019 09:19:00.000,6298.998,6299.998,6298.997,6299.998,0.0015
04.06.2019 09:20:00.000,6299.997,6299.997,6297.997,6297.998,0.0012
04.06.2019 09:21:00.000,6298.997,6298.997,6296.998,6297.998,0.002
04.06.2019 09:22:00.000,6298.998,6299.998,6296.997,6298.998,0.0031
04.06.2019 09:23:00.000,6298.998,6298.998,6294.997,6295.998,0.0025
04.06.2019 09:24:00.000,6297.998,6297.998,6295.998,6296.998,0.0013
04.06.2019 09:25:00.000,6296.998,6297.998,6296.998,6296.998,0.001
04.06.2019 09:26:00.000,6296.997,6297.998,6296.997,6296.997,0.0012
04.06.2019 09:27:00.000,6295.997,6295.998,6294.997,6294.998,0.0003
04.06.2019 09:28:00.000,6294.998,6295.998,6291.998,6291.998,0.0012
04.06.2019 09:29:00.000,6291.998,6291.998,6290.997,6290.997,0.003
04.06.2019 09:30:00.000,6290.998,6290.998,6288.997,6290.998,0.0029
04.06.2019 09:31:00.000,6290.997,6290.998,6288.997,6288.998,0.0007
04.06.2019 09:32:00.000,6289.998,6290.998,6289.997,6289.998,0.0045
04.06.2019 09:33:00.000,6289.997,6290.998,6288.998,6288.998,0.0038
04.06.2019 09:34:00.000,6288.997,6289.998,6288.997,6289.998,0.0028
04.06.2019 09:35:00.000,6289.997,6289.997,6286.998,6286.998,0.0016
04.06.2019 09:36:00.000,6285.998,6286.998,6285.997,6285.998,0.0007
04.06.2019 09:37:00.000,6285.998,6286.998,6285.997,6285.998,0.0025
04.06.2019 09:38:00.000,6285.997,6286.998,6285.997,6285.998,0.0049
04.06.2019 09:39:00.000,6286.997,6286.997,6285.997,6285.998,0.0018
04.06.2019 09:40:00.000,6285.997,6285.998,6285.997,6285.997,0.0016
04.06.2019 09:41:00.000,6285.998,6285.998,6285.997,6285.998,0.0013
04.06.2019 09:42:00.000,6285.997,6285.998,6285.997,6285.998,0.0034
04.06.2019 09:43:00.000,6285.997,6285.997,6281.997,6285.997,0.003
04.06.2019 09:44:00.000,6285.997,6285.998,6282.997,6283.997,0.0032
04.06.2019 09:45:00.000,6283.998,6283.998,6283.997,6283.998,0.0001
04.06.2019 09:46:00.000,6283.998,6283.998,6281.997,6281.997,0.001
04.06.2019 09:47:00.000,6281.998,6281.998,6279.997,6279.998,0.001
04.06.2019 09:48:00.000,6279.997,6283.998,6278.997,6283.997,0.0024
04.06.2019 09:49:00.000,6283.998,6284.998,6282.997,6283.997,0.0024
04.06.2019 09:50:00.000,6283.998,6283.998,6281.997,6281.997,0.0062
04.06.2019 09:51:00.000,6280.998,6280.998,6278.997,6278.998,0.0014
04.06.2019 09:52:00.000,6278.998,6278.998,6277.997,6278.998,0.001
04.06.2019 09:53:00.000,6278.997,6278.997,6275.998,6276.998,0.0007
04.06.2019 09:54:00.000,6276.750,6276.750,6273.997,6273.998,0.0027
04.06.2019 09:55:00.000,6273.998,6273.998,6270.998,6271.998,0.0016
04.06.2019 09:56:00.000,6271.997,6275.998,6271.997,6275.997,0.003
04.06.2019 09:57:00.000,6275.998,6278.998,6275.997,6278.998,0.0053
04.06.2019 09:58:00.000,6278.998,6278.998,6277.998,6278.998,0.0022
04.06.2019 09:59:00.000,6278.998,6279.998,6278.997,6278.997,0.0034
04.06.2019 10:00:00.000,6278.998,6278.998,6277.997,6278.998,0.0044
04.06.2019 10:01:00.000,6278.997,6280.998,6278.997,6280.998,0.0013
04.06.2019 10:02:00.000,6280.997,6281.998,6280.997,6281.998,0.0012
04.06.2019 10:03:00.000,6281.998,6285.998,6281.998,6284.997,0.0034
04.06.2019 10:04:00.000,6285.997,6285.998,6285.997,6285.998,0.003
04.06.2019 10:05:00.000,6284.998,6285.998,6284.997,6285.998,0.0004
04.06.2019 10:06:00.000,6285.997,6285.998,6284.998,6284.998,0.0021
04.06.2019 10:07:00.000,6284.997,6286.997,6284.997,6286.997,0.0014
04.06.2019 10:08:00.000,6285.997,6285.998,6285.997,6285.998,0.0066
04.06.2019 10:09:00.000,6285.997,6286.998,6285.997,6285.998,0.006
04.06.2019 10:10:00.000,6285.997,6285.998,6285.997,6285.997,0.0032
04.06.2019 10:11:00.000,6285.998,6285.998,6285.997,6285.998,0.0018
04.06.2019 10:12:00.000,6285.997,6288.997,6285.997,6285.997,0.0044
04.06.2019 10:13:00.000,6285.998,6286.998,6284.997,6285.997,0.0016
04.06.2019 10:14:00.000,6285.997,6285.998,6285.997,6285.998,0.0057
04.06.2019 10:15:00.000,6285.998,6285.998,6285.997,6285.998,0.0065
04.06.2019 10:16:00.000,6285.997,6285.997,6280.997,6282.998,0.0019
04.06.2019 10:17:00.000,6282.997,6284.998,6282.997,6284.997,0.0041
04.06.2019 10:18:00.000,6284.998,6284.998,6281.997,6281.998,0.0027
04.06.2019 10:19:00.000,6281.997,6284.998,6281.997,6284.998,0.0013
04.06.2019 10:20:00.000,6284.997,6284.998,6280.998,6280.998,0.0034
04.06.2019 10:21:00.000,6280.997,6284.998,6280.997,6284.998,0.0021
04.06.2019 10:22:00.000,6284.997,6284.998,6283.998,6283.998,0.0034
04.06.2019 10:23:00.000,6284.998,6284.998,6281.997,6281.998,0.0022
04.06.2019 10:24:00.000,6280.998,6280.998,6279.998,6280.998,0.0022
04.06.2019 10:25:00.000,6280.997,6280.998,6278.998,6278.998,0.0003
04.06.2019 10:26:00.000,6278.998,6280.998,6278.998,6280.998,0.0005
04.06.2019 10:27:00.000,6280.998,6280.998,6280.997,6280.998,0.0004
04.06.2019 10:28:00.000,6280.998,6282.998,6280.997,6282.998,0.0016
04.06.2019 10:29:00.000,6281.998,6281.998,6281.998,6281.998,0.0002
04.06.2019 10:30:00.000,6282.997,6282.998,6281.998,6281.998,0.0002
04.06.2019 10:31:00.000,6281.998,6281.998,6281.997,6281.998,0.0015
04.06.2019 10:32:00.000,6281.997,6281.998,6281.997,6281.998,0.0043
04.06.2019 10:33:00.000,6281.997,6281.997,6280.997,6280.998,0.0013
04.06.2019 10:35:00.000,6280.997,6280.997,6276.997,6277.998,0.0015
04.06.2019 10:36:00.000,6277.997,6277.997,6275.997,6276.997,0.0017
04.06.2019 10:37:00.000,6276.998,6276.998,6276.998,6276.998,0.0002
04.06.2019 10:38:00.000,6278.998,6282.998,6278.998,6282.997,0.003
04.06.2019 10:39:00.000,6282.998,6282.998,6282.998,6282.998,0.0002
04.06.2019 10:40:00.000,6282.997,6284.998,6282.997,6284.998,0.0026
04.06.2019 10:41:00.000,6284.998,6285.998,6284.997,6284.997,0.0018
04.06.2019 10:42:00.000,6284.998,6284.998,6283.997,6283.998,0.003
04.06.2019 10:43:00.000,6283.997,6283.998,6281.997,6281.998,0.003
04.06.2019 10:44:00.000,6280.998,6280.998,6280.997,6280.997,0.0008
04.06.2019 10:45:00.000,6280.998,6280.998,6279.997,6279.998,0.002
04.06.2019 10:46:00.000,6279.997,6279.998,6279.997,6279.998,0.0011
04.06.2019 10:47:00.000,6279.997,6279.998,6277.998,6279.998,0.0029
04.06.2019 10:48:00.000,6279.997,6279.998,6278.997,6278.997,0.0012
04.06.2019 10:49:00.000,6278.998,6280.998,6277.998,6280.998,0.0057
04.06.2019 10:50:00.000,6279.998,6279.998,6277.997,6278.998,0.0016
04.06.2019 10:51:00.000,6278.998,6280.998,6278.997,6279.998,0.0021
04.06.2019 10:52:00.000,6279.998,6279.998,6277.997,6277.998,0.0006
04.06.2019 10:53:00.000,6278.997,6279.998,6277.997,6279.997,0.0016
04.06.2019 10:54:00.000,6279.998,6279.998,6278.997,6278.998,0.005
04.06.2019 10:55:00.000,6278.998,6280.998,6278.997,6280.998,0.0047
04.06.2019 10:56:00.000,6280.997,6280.998,6278.998,6279.997,0.0012
04.06.2019 10:57:00.000,6278.997,6279.998,6278.997,6279.998,0.0017
04.06.2019 10:58:00.000,6278.998,6280.998,6278.997,6279.998,0.0024
04.06.2019 10:59:00.000,6279.998,6280.998,6279.997,6280.998,0.0017
04.06.2019 11:00:00.000,6280.997,6280.997,6279.997,6279.997,0.0004
04.06.2019 11:02:00.000,6280.998,6281.998,6276.998,6281.998,0.0064
04.06.2019 11:03:00.000,6281.997,6282.998,6281.997,6281.998,0.0013
04.06.2019 11:04:00.000,6281.997,6285.998,6281.997,6285.998,0.0038
04.06.2019 11:05:00.000,6285.998,6286.998,6285.997,6286.997,0.0011
04.06.2019 11:06:00.000,6286.998,6294.998,6286.998,6294.998,0.0032
04.06.2019 11:07:00.000,6294.998,6295.998,6294.998,6295.998,0.0007
04.06.2019 11:08:00.000,6295.998,6296.998,6295.997,6296.998,0.0015
04.06.2019 11:09:00.000,6296.997,6297.998,6296.997,6297.997,0.0025
04.06.2019 11:10:00.000,6297.998,6301.998,6297.997,6301.998,0.0057
04.06.2019 11:11:00.000,6301.997,6301.998,6299.997,6299.998,0.0041
04.06.2019 11:12:00.000,6300.998,6302.998,6299.997,6299.998,0.0037
04.06.2019 11:13:00.000,6299.998,6301.998,6299.998,6300.997,0.0022
04.06.2019 11:14:00.000,6298.997,6299.997,6296.998,6299.997,0.0036
04.06.2019 11:15:00.000,6299.998,6299.998,6298.997,6298.998,0.0027
04.06.2019 11:16:00.000,6299.998,6299.998,6298.998,6298.998,0.0013
04.06.2019 11:17:00.000,6299.997,6299.998,6295.997,6295.998,0.003
04.06.2019 11:18:00.000,6295.997,6296.998,6295.997,6296.998,0.0041
04.06.2019 11:19:00.000,6296.997,6296.998,6291.997,6291.998,0.0027
04.06.2019 11:20:00.000,6291.998,6292.998,6291.998,6292.997,0.0012
04.06.2019 11:21:00.000,6291.997,6292.998,6291.997,6292.998,0.0047
04.06.2019 11:23:00.000,6293.998,6296.998,6293.997,6296.997,0.004
04.06.2019 11:24:00.000,6296.998,6300.998,6296.997,6300.998,0.0036
04.06.2019 11:25:00.000,6300.998,6300.998,6298.997,6299.998,0.0025
04.06.2019 11:26:00.000,6298.997,6298.997,6294.997,6294.998,0.0045
04.06.2019 11:27:00.000,6294.997,6295.998,6294.997,6295.997,0.0016
04.06.2019 11:28:00.000,6295.998,6297.998,6295.998,6297.998,0.0004
04.06.2019 11:29:00.000,6297.998,6297.998,6297.997,6297.997,0.0006
04.06.2019 11:30:00.000,6297.998,6297.998,6296.997,6297.998,0.001
04.06.2019 11:31:00.000,6297.998,6298.998,6295.998,6295.998,0.0044
04.06.2019 11:32:00.000,6295.997,6295.998,6290.997,6293.998,0.0065
04.06.2019 11:33:00.000,6293.997,6293.998,6292.997,6293.997,0.0014
04.06.2019 11:34:00.000,6293.998,6294.998,6293.998,6294.998,0.0005
04.06.2019 11:35:00.000,6294.997,6295.998,6294.997,6294.997,0.0012
04.06.2019 11:36:00.000,6295.998,6298.998,6294.998,6298.997,0.0015
04.06.2019 11:37:00.000,6299.998,6299.998,6298.997,6298.998,0.0016
04.06.2019 11:38:00.000,6299.998,6300.997,6298.997,6298.998,0.0075
04.06.2019 11:39:00.000,6298.997,6298.997,6294.997,6294.997,0.0059
04.06.2019 11:40:00.000,6294.998,6297.998,6294.997,6297.998,0.0031
04.06.2019 11:41:00.000,6297.998,6303.998,6297.997,6303.998,0.0047
04.06.2019 11:42:00.000,6303.998,6303.998,6302.997,6303.998,0.0016
04.06.2019 11:43:00.000,6303.997,6304.998,6303.997,6304.998,0.0009
04.06.2019 11:44:00.000,6304.998,6304.998,6304.997,6304.998,0.0016
04.06.2019 11:45:00.000,6305.998,6313.998,6305.998,6309.998,0.0086
04.06.2019 11:46:00.000,6309.998,6310.998,6304.998,6304.998,0.0058
04.06.2019 11:47:00.000,6305.998,6307.998,6304.997,6304.997,0.0044
04.06.2019 11:48:00.000,6304.998,6306.998,6304.997,6304.998,0.0047
04.06.2019 11:49:00.000,6302.997,6302.998,6302.997,6302.998,0.0005
04.06.2019 11:50:00.000,6303.998,6303.998,6301.997,6303.998,0.0022
04.06.2019 11:51:00.000,6303.997,6303.997,6301.997,6301.998,0.0032
04.06.2019 11:52:00.000,6301.997,6301.997,6298.998,6299.998,0.0039
04.06.2019 11:53:00.000,6299.997,6300.998,6299.997,6299.998,0.0041
04.06.2019 11:54:00.000,6299.997,6301.998,6299.997,6301.997,0.0034
04.06.2019 11:55:00.000,6301.998,6301.998,6299.997,6299.998,0.002
04.06.2019 11:56:00.000,6299.997,6299.998,6299.997,6299.998,0.0014
04.06.2019 11:57:00.000,6299.998,6299.998,6296.998,6296.998,0.0036
04.06.2019 11:58:00.000,6296.998,6299.998,6296.998,6298.998,0.0033
04.06.2019 11:59:00.000,6298.997,6299.998,6297.998,6297.998,0.0055
04.06.2019 12:00:00.000,6297.997,6299.998,6297.997,6298.997,0.0024
04.06.2019 12:01:00.000,6298.998,6301.998,6298.997,6301.997,0.0107
04.06.2019 12:02:00.000,6301.997,6304.998,6300.997,6304.997,0.0035
04.06.2019 12:03:00.000,6304.998,6304.998,6302.997,6302.998,0.0042
04.06.2019 12:04:00.000,6302.997,6302.998,6302.997,6302.998,0.0027
04.06.2019 12:05:00.000,6302.998,6302.998,6298.997,6302.998,0.005
04.06.2019 12:06:00.000,6302.998,6303.998,6302.997,6302.998,0.0032
04.06.2019 12:07:00.000,6303.998,6304.998,6303.997,6303.998,0.0023
04.06.2019 12:08:00.000,6303.998,6303.998,6302.997,6303.998,0.006
04.06.2019 12:09:00.000,6304.998,6304.998,6302.998,6303.997,0.0012
04.06.2019 12:10:00.000,6303.997,6304.998,6302.998,6304.998,0.0068
04.06.2019 12:11:00.000,6305.998,6305.998,6303.998,6304.998,0.0024
04.06.2019 12:12:00.000,6304.997,6307.997,6304.997,6307.997,0.0067
04.06.2019 12:13:00.000,6307.998,6309.997,6307.998,6309.997,0.0026
04.06.2019 12:14:00.000,6309.998,6309.998,6309.997,6309.998,0.0027
04.06.2019 12:15:00.000,6309.997,6310.998,6307.997,6309.998,0.0078
04.06.2019 12:16:00.000,6309.997,6310.998,6305.998,6305.998,0.0073
04.06.2019 12:17:00.000,6305.997,6305.998,6304.997,6305.997,0.0047
04.06.2019 12:18:00.000,6305.998,6306.998,6305.997,6306.997,0.0021
04.06.2019 12:19:00.000,6306.998,6306.998,6304.997,6304.998,0.0024
04.06.2019 12:20:00.000,6304.997,6304.998,6302.997,6303.998,0.0069
04.06.2019 12:21:00.000,6303.997,6306.998,6302.997,6306.997,0.006
04.06.2019 12:22:00.000,6306.998,6307.998,6306.997,6306.998,0.0017
04.06.2019 12:23:00.000,6306.997,6308.998,6306.997,6308.997,0.0018
04.06.2019 12:24:00.000,6308.998,6308.998,6304.997,6308.998,0.0036
04.06.2019 12:25:00.000,6309.997,6309.998,6308.997,6309.998,0.002
04.06.2019 12:26:00.000,6310.997,6310.998,6309.997,6309.998,0.002
04.06.2019 12:27:00.000,6309.998,6310.998,6309.997,6309.997,0.0024
04.06.2019 12:28:00.000,6309.998,6309.998,6308.997,6308.997,0.0069
04.06.2019 12:29:00.000,6308.998,6308.998,6308.997,6308.998,0.0022
04.06.2019 12:30:00.000,6308.998,6309.998,6307.997,6308.998,0.0058
04.06.2019 12:31:00.000,6308.997,6308.998,6308.997,6308.998,0.0046
04.06.2019 12:32:00.000,6309.998,6311.997,6308.997,6308.997,0.0037
04.06.2019 12:33:00.000,6308.997,6308.998,6307.997,6308.998,0.003
04.06.2019 12:34:00.000,6308.998,6311.998,6308.997,6311.998,0.0069
04.06.2019 12:35:00.000,6311.997,6313.998,6311.997,6313.998,0.0026
04.06.2019 12:36:00.000,6313.998,6313.998,6313.997,6313.997,0.0019
04.06.2019 12:37:00.000,6313.998,6316.998,6313.997,6314.997,0.0069
04.06.2019 12:38:00.000,6313.998,6313.998,6309.997,6310.998,0.0036
04.06.2019 12:39:00.000,6308.998,6308.998,6305.997,6306.997,0.0035
04.06.2019 12:40:00.000,6306.998,6308.998,6306.997,6306.997,0.0034
04.06.2019 12:41:00.000,6306.998,6309.997,6306.997,6309.997,0.0033
04.06.2019 12:42:00.000,6309.998,6309.998,6305.998,6306.997,0.0029
04.06.2019 12:43:00.000,6306.998,6308.998,6305.997,6308.998,0.0053
04.06.2019 12:44:00.000,6308.997,6308.998,6304.998,6305.998,0.0038
04.06.2019 12:45:00.000,6305.998,6305.998,6303.997,6303.998,0.0036
04.06.2019 12:46:00.000,6303.998,6303.998,6302.997,6303.998,0.002
04.06.2019 12:47:00.000,6303.997,6303.998,6298.997,6298.998,0.0029
04.06.2019 12:48:00.000,6298.997,6298.998,6296.998,6298.998,0.0013
04.06.2019 12:49:00.000,6298.997,6298.997,6296.997,6297.998,0.0032
04.06.2019 12:50:00.000,6299.998,6300.998,6298.998,6300.998,0.0042
04.06.2019 12:51:00.000,6300.997,6300.997,6294.997,6294.998,0.0051
04.06.2019 12:52:00.000,6294.997,6298.998,6294.997,6296.997,0.0107
04.06.2019 12:53:00.000,6296.998,6296.998,6292.998,6292.998,0.0019
04.06.2019 12:54:00.000,6294.750,6294.998,6291.997,6292.998,0.0032
04.06.2019 12:55:00.000,6292.997,6292.998,6292.997,6292.998,0.001
04.06.2019 12:56:00.000,6292.998,6294.998,6292.997,6293.998,0.0024
04.06.2019 12:57:00.000,6292.998,6292.998,6291.997,6291.998,0.0017
04.06.2019 12:58:00.000,6290.998,6290.998,6288.997,6288.998,0.0022
04.06.2019 12:59:00.000,6288.998,6288.998,6287.997,6287.997,0.0044
04.06.2019 13:00:00.000,6287.998,6289.998,6287.998,6289.998,0.005
04.06.2019 13:01:00.000,6289.998,6290.998,6289.997,6290.998,0.0137
04.06.2019 13:02:00.000,6292.998,6294.998,6292.998,6293.998,0.0062
04.06.2019 13:03:00.000,6293.997,6299.998,6293.997,6296.998,0.0062
04.06.2019 13:04:00.000,6296.997,6301.998,6296.997,6301.998,0.0067
04.06.2019 13:05:00.000,6301.997,6304.997,6301.997,6302.997,0.0083
04.06.2019 13:06:00.000,6302.998,6302.998,6298.997,6298.998,0.0031
04.06.2019 13:07:00.000,6298.997,6300.998,6298.997,6300.998,0.0026
04.06.2019 13:08:00.000,6300.998,6305.998,6299.997,6305.997,0.0036
04.06.2019 13:09:00.000,6305.998,6305.998,6302.997,6302.997,0.0052
04.06.2019 13:10:00.000,6303.998,6304.998,6303.998,6304.997,0.0085
04.06.2019 13:11:00.000,6304.998,6310.998,6303.997,6310.998,0.0059
04.06.2019 13:12:00.000,6310.998,6311.998,6306.997,6306.997,0.0038
04.06.2019 13:13:00.000,6306.997,6306.997,6303.997,6304.998,0.0076
04.06.2019 13:14:00.000,6304.997,6310.998,6304.997,6310.998,0.0086
04.06.2019 13:15:00.000,6310.997,6310.997,6306.997,6307.998,0.0082
04.06.2019 13:16:00.000,6307.998,6307.998,6307.997,6307.998,0.001
04.06.2019 13:17:00.000,6307.997,6316.998,6305.997,6316.998,0.004
04.06.2019 13:18:00.000,6316.998,6321.998,6315.997,6318.998,0.0086
04.06.2019 13:19:00.000,6317.998,6319.998,6316.997,6317.998,0.0075
04.06.2019 13:20:00.000,6318.998,6321.998,6318.997,6320.998,0.0096
04.06.2019 13:21:00.000,6320.997,6320.997,6311.997,6311.998,0.0066
04.06.2019 13:22:00.000,6311.997,6315.998,6311.997,6315.998,0.0042
04.06.2019 13:23:00.000,6315.997,6316.998,6314.997,6315.998,0.007
04.06.2019 13:24:00.000,6315.997,6324.998,6315.997,6323.998,0.0074
04.06.2019 13:25:00.000,6323.998,6324.998,6316.997,6316.998,0.0048
04.06.2019 13:26:00.000,6317.998,6320.998,6317.998,6319.998,0.0042
04.06.2019 13:27:00.000,6319.997,6319.997,6316.997,6316.998,0.0031
04.06.2019 13:28:00.000,6316.997,6319.998,6316.997,6317.997,0.0054
04.06.2019 13:29:00.000,6317.998,6319.998,6315.998,6319.998,0.0038
04.06.2019 13:30:00.000,6318.998,6318.998,6314.997,6314.997,0.0024
04.06.2019 13:31:00.000,6314.998,6318.998,6314.997,6317.998,0.0052
04.06.2019 13:32:00.000,6317.998,6321.998,6317.997,6320.998,0.0124
04.06.2019 13:33:00.000,6320.997,6324.998,6320.997,6324.998,0.0055
04.06.2019 13:34:00.000,6324.997,6329.998,6324.997,6327.998,0.0092
04.06.2019 13:35:00.000,6326.998,6326.998,6322.997,6322.997,0.0064
04.06.2019 13:36:00.000,6322.998,6322.998,6314.997,6317.997,0.0083
04.06.2019 13:37:00.000,6317.998,6317.998,6316.997,6317.997,0.0075
04.06.2019 13:38:00.000,6317.998,6322.998,6317.998,6321.998,0.0081
04.06.2019 13:39:00.000,6320.997,6320.998,6314.997,6315.998,0.0082
04.06.2019 13:40:00.000,6315.998,6317.998,6314.997,6314.998,0.01
04.06.2019 13:41:00.000,6314.997,6315.998,6313.997,6314.997,0.0078
04.06.2019 13:42:00.000,6314.998,6315.998,6314.998,6315.998,0.0032
04.06.2019 13:43:00.000,6315.997,6318.998,6314.997,6314.998,0.0098
04.06.2019 13:44:00.000,6314.997,6314.998,6308.997,6308.998,0.0036
04.06.2019 13:45:00.000,6308.998,6312.998,6308.997,6308.998,0.0058
04.06.2019 13:46:00.000,6309.998,6313.998,6309.997,6312.998,0.0108
04.06.2019 13:47:00.000,6312.998,6312.998,6308.997,6308.998,0.0042
04.06.2019 13:48:00.000,6308.997,6308.998,6304.997,6305.998,0.0107
04.06.2019 13:49:00.000,6305.998,6305.998,6303.997,6305.997,0.0035
04.06.2019 13:50:00.000,6305.998,6308.998,6305.997,6306.997,0.014
04.06.2019 13:51:00.000,6306.998,6307.998,6302.998,6302.998,0.0057
04.06.2019 13:52:00.000,6301.998,6303.998,6301.997,6303.998,0.0063
04.06.2019 13:53:00.000,6303.998,6304.998,6302.997,6303.997,0.0069
04.06.2019 13:54:00.000,6303.998,6303.998,6301.997,6301.997,0.0033
04.06.2019 13:55:00.000,6301.998,6302.997,6298.997,6300.998,0.006
04.06.2019 13:56:00.000,6299.998,6300.998,6299.997,6299.997,0.0105
04.06.2019 13:57:00.000,6299.997,6300.998,6298.997,6300.998,0.0148
04.06.2019 13:58:00.000,6300.997,6303.998,6300.997,6303.997,0.0333
04.06.2019 13:59:00.000,6301.998,6307.998,6301.998,6304.998,0.0129
04.06.2019 14:00:00.000,6304.997,6306.997,6300.997,6301.997,0.0107
04.06.2019 14:01:00.000,6301.998,6304.998,6297.998,6297.998,0.0047
04.06.2019 14:02:00.000,6297.997,6299.998,6295.997,6295.998,0.0102
04.06.2019 14:03:00.000,6296.998,6306.997,6296.997,6306.997,0.0094
04.06.2019 14:04:00.000,6306.998,6313.998,6306.997,6313.997,0.0079
04.06.2019 14:05:00.000,6312.998,6313.998,6310.997,6310.997,0.007
04.06.2019 14:06:00.000,6310.998,6314.998,6310.997,6314.997,0.009
04.06.2019 14:07:00.000,6314.998,6319.998,6314.997,6317.997,0.0111
04.06.2019 14:08:00.000,6316.998,6319.998,6314.998,6316.998,0.0053
04.06.2019 14:09:00.000,6317.998,6319.998,6316.997,6316.998,0.0053
04.06.2019 14:10:00.000,6315.998,6319.998,6315.997,6318.998,0.0123
04.06.2019 14:11:00.000,6318.998,6319.998,6314.997,6317.998,0.0047
04.06.2019 14:12:00.000,6317.998,6318.998,6314.997,6314.998,0.005
04.06.2019 14:13:00.000,6314.997,6316.998,6314.997,6315.997,0.0129
04.06.2019 14:14:00.000,6315.998,6321.998,6314.997,6321.998,0.0103
04.06.2019 14:15:00.000,6321.998,6321.998,6318.997,6320.997,0.0072
04.06.2019 14:16:00.000,6320.998,6320.998,6317.997,6317.998,0.0145
04.06.2019 14:17:00.000,6318.998,6328.998,6317.998,6328.998,0.0062
04.06.2019 14:18:00.000,6328.998,6331.998,6326.997,6331.997,0.0043
04.06.2019 14:19:00.000,6331.998,6332.998,6327.997,6327.998,0.0067
04.06.2019 14:20:00.000,6327.997,6329.998,6326.998,6327.997,0.0114
04.06.2019 14:21:00.000,6327.998,6327.998,6322.997,6322.998,0.008
04.06.2019 14:22:00.000,6323.997,6325.998,6322.998,6323.998,0.0089
04.06.2019 14:23:00.000,6324.998,6325.998,6321.997,6322.997,0.0065
04.06.2019 14:24:00.000,6322.998,6324.998,6322.998,6323.998,0.0081
04.06.2019 14:25:00.000,6323.997,6324.998,6321.998,6323.997,0.0088
04.06.2019 14:26:00.000,6323.998,6323.998,6321.997,6321.997,0.0116
04.06.2019 14:27:00.000,6321.998,6322.998,6317.997,6319.998,0.0082
04.06.2019 14:28:00.000,6319.997,6319.998,6316.997,6318.998,0.007
04.06.2019 14:29:00.000,6318.997,6319.998,6318.997,6318.997,0.0081
04.06.2019 14:30:00.000,6318.997,6321.998,6317.997,6321.998,0.0107
04.06.2019 14:31:00.000,6321.997,6322.998,6321.997,6321.998,0.0125
04.06.2019 14:32:00.000,6321.997,6324.998,6320.998,6322.998,0.0176
04.06.2019 14:33:00.000,6322.997,6326.998,6322.997,6324.998,0.0139
04.06.2019 14:34:00.000,6324.998,6324.998,6324.997,6324.998,0.0148
04.06.2019 14:35:00.000,6324.997,6329.998,6324.997,6326.997,0.019
04.06.2019 14:36:00.000,6327.998,6329.998,6324.998,6324.998,0.0131
04.06.2019 14:37:00.000,6324.997,6327.998,6324.997,6327.998,0.0112
04.06.2019 14:38:00.000,6327.997,6327.998,6323.998,6324.997,0.0092
04.06.2019 14:39:00.000,6324.997,6324.997,6321.997,6322.997,0.0108
04.06.2019 14:40:00.000,6322.998,6325.998,6322.998,6325.998,0.0083
04.06.2019 14:41:00.000,6325.997,6325.998,6311.998,6311.998,0.0065
04.06.2019 14:42:00.000,6311.997,6311.998,6307.998,6308.998,0.0063
04.06.2019 14:43:00.000,6307.998,6307.998,6305.997,6307.998,0.0048
04.06.2019 14:44:00.000,6308.997,6309.998,6308.997,6309.998,0.0057
04.06.2019 14:45:00.000,6308.998,6308.998,6301.998,6302.998,0.0107
04.06.2019 14:46:00.000,6302.997,6302.998,6298.997,6300.998,0.0123
04.06.2019 14:47:00.000,6300.750,6300.750,6295.997,6297.998,0.0063
04.06.2019 14:48:00.000,6298.998,6302.998,6297.997,6300.998,0.0127
04.06.2019 14:49:00.000,6300.997,6302.998,6300.997,6302.998,0.0168
04.06.2019 14:50:00.000,6303.998,6303.998,6299.997,6300.997,0.0146
04.06.2019 14:51:00.000,6300.998,6304.998,6300.997,6301.998,0.0105
04.06.2019 14:52:00.000,6301.998,6301.998,6299.997,6299.998,0.0094
04.06.2019 14:53:00.000,6300.998,6302.998,6299.997,6302.997,0.0163
04.06.2019 14:54:00.000,6302.998,6305.998,6301.997,6304.998,0.0251
04.06.2019 14:55:00.000,6304.997,6304.997,6301.997,6301.998,0.0144
04.06.2019 14:56:00.000,6301.997,6302.998,6301.997,6302.998,0.0039
04.06.2019 14:57:00.000,6302.997,6306.998,6302.997,6306.998,0.0133
04.06.2019 14:58:00.000,6306.998,6308.998,6306.998,6308.998,0.0094
04.06.2019 14:59:00.000,6308.998,6309.998,6306.997,6307.998,0.0174
04.06.2019 15:00:00.000,6307.998,6307.998,6302.997,6305.998,0.0144
04.06.2019 15:01:00.000,6305.997,6306.998,6305.997,6305.997,0.0072
04.06.2019 15:02:00.000,6305.998,6307.998,6305.997,6306.997,0.0192
04.06.2019 15:03:00.000,6307.997,6309.998,6306.997,6309.998,0.0135
04.06.2019 15:04:00.000,6309.997,6310.998,6309.997,6310.997,0.0124
04.06.2019 15:05:00.000,6310.998,6310.998,6304.997,6304.997,0.018
04.06.2019 15:06:00.000,6304.998,6305.997,6300.998,6303.998,0.0116
04.06.2019 15:07:00.000,6303.997,6303.998,6298.997,6298.998,0.0164
04.06.2019 15:08:00.000,6298.997,6303.998,6298.997,6303.998,0.0092
04.06.2019 15:09:00.000,6303.997,6305.998,6303.997,6305.998,0.0087
04.06.2019 15:10:00.000,6305.997,6307.998,6305.997,6307.998,0.0263
04.06.2019 15:11:00.000,6308.998,6311.998,6308.997,6309.997,0.0148
04.06.2019 15:12:00.000,6309.998,6311.998,6309.997,6311.998,0.0087
04.06.2019 15:13:00.000,6312.997,6314.998,6312.997,6314.998,0.0281
04.06.2019 15:14:00.000,6315.998,6317.998,6313.998,6316.998,0.023
04.06.2019 15:15:00.000,6317.997,6317.998,6313.997,6315.998,0.021
04.06.2019 15:16:00.000,6316.998,6319.998,6315.997,6319.998,0.0109
04.06.2019 15:17:00.000,6319.997,6319.998,6317.997,6319.998,0.0151
04.06.2019 15:18:00.000,6319.997,6320.998,6317.998,6318.997,0.0169
04.06.2019 15:19:00.000,6318.998,6320.998,6317.998,6319.998,0.0122
04.06.2019 15:20:00.000,6319.997,6319.998,6318.997,6319.998,0.0101
04.06.2019 15:21:00.000,6320.998,6322.998,6320.997,6321.998,0.0159
04.06.2019 15:22:00.000,6321.997,6323.998,6321.997,6321.998,0.0136
04.06.2019 15:23:00.000,6320.998,6320.998,6317.997,6318.997,0.0101
04.06.2019 15:24:00.000,6318.998,6318.998,6316.997,6317.997,0.0074
04.06.2019 15:25:00.000,6317.998,6318.998,6316.998,6317.997,0.012
04.06.2019 15:26:00.000,6317.998,6319.998,6317.997,6319.998,0.0173
04.06.2019 15:27:00.000,6318.998,6321.998,6318.998,6319.997,0.0144
04.06.2019 15:28:00.000,6319.998,6320.998,6317.997,6318.997,0.0201
04.06.2019 15:29:00.000,6319.997,6319.998,6316.998,6318.997,0.021
05.06.2019 07:00:00.000,6291.998,6291.998,6275.997,6275.997,0.001
05.06.2019 07:01:00.000,6275.997,6280.998,6273.250,6277.998,0.0019
05.06.2019 07:02:00.000,6256.998,6266.998,6256.998,6266.998,0.0012
05.06.2019 07:03:00.000,6266.997,6275.998,6266.997,6275.998,0.0016
05.06.2019 07:04:00.000,6274.998,6279.998,6274.998,6279.998,0.0007
05.06.2019 07:05:00.000,6281.998,6284.998,6270.998,6271.997,0.0042
05.06.2019 07:06:00.000,6271.998,6271.998,6261.997,6265.998,0.0049
05.06.2019 07:07:00.000,6265.997,6278.997,6265.997,6274.998,0.0051
05.06.2019 07:08:00.000,6280.997,6287.998,6279.998,6287.998,0.0024
05.06.2019 07:09:00.000,6286.997,6287.998,6280.997,6282.998,0.0033
05.06.2019 07:10:00.000,6282.997,6294.998,6282.997,6292.998,0.0019
05.06.2019 07:11:00.000,6292.998,6295.998,6292.998,6295.997,0.0008
05.06.2019 07:12:00.000,6295.998,6303.998,6295.997,6303.998,0.0029
05.06.2019 07:13:00.000,6300.998,6305.998,6296.997,6296.997,0.0048
05.06.2019 07:14:00.000,6296.997,6303.998,6292.997,6302.998,0.0079
05.06.2019 07:15:00.000,6304.997,6307.998,6303.997,6307.998,0.011
05.06.2019 07:16:00.000,6307.997,6317.998,6305.998,6315.998,0.0029
05.06.2019 07:17:00.000,6316.998,6316.998,6309.998,6309.998,0.0013
05.06.2019 07:18:00.000,6310.997,6312.998,6302.998,6303.998,0.0061
05.06.2019 07:19:00.000,6303.997,6306.998,6300.998,6302.997,0.0039
05.06.2019 07:20:00.000,6302.998,6305.998,6301.997,6304.997,0.0088
05.06.2019 07:21:00.000,6303.997,6312.998,6302.997,6312.998,0.0037
05.06.2019 07:22:00.000,6312.997,6314.998,6312.997,6312.998,0.004
05.06.2019 07:23:00.000,6311.998,6324.998,6311.998,6323.997,0.0079
05.06.2019 07:24:00.000,6324.997,6324.998,6320.997,6320.998,0.0033
05.06.2019 07:25:00.000,6321.997,6322.997,6319.997,6319.997,0.0027
05.06.2019 07:26:00.000,6320.997,6320.998,6316.997,6318.998,0.0017
05.06.2019 07:27:00.000,6318.997,6319.998,6318.997,6319.997,0.0031
05.06.2019 07:28:00.000,6319.997,6323.998,6318.997,6323.998,0.0021
05.06.2019 07:29:00.000,6323.997,6323.997,6315.997,6316.998,0.004
05.06.2019 07:30:00.000,6316.998,6316.998,6310.998,6312.998,0.0057
05.06.2019 07:31:00.000,6309.997,6309.998,6305.997,6306.998,0.004
05.06.2019 07:32:00.000,6307.998,6309.998,6304.998,6306.998,0.0031
05.06.2019 07:33:00.000,6306.998,6312.998,6304.997,6312.998,0.0021
05.06.2019 07:34:00.000,6312.997,6313.998,6308.998,6309.997,0.003
05.06.2019 07:35:00.000,6309.998,6314.998,6309.997,6310.998,0.0037
05.06.2019 07:36:00.000,6311.997,6315.998,6308.997,6310.998,0.0049
05.06.2019 07:37:00.000,6310.997,6310.998,6307.998,6309.998,0.0039
05.06.2019 07:38:00.000,6309.997,6312.998,6309.997,6312.998,0.0017
05.06.2019 07:39:00.000,6313.998,6313.998,6310.997,6310.998,0.0071
05.06.2019 07:40:00.000,6311.997,6311.997,6308.998,6310.998,0.0018
05.06.2019 07:41:00.000,6311.998,6318.997,6311.998,6318.997,0.0023
05.06.2019 07:42:00.000,6318.998,6321.998,6317.997,6320.998,0.0009
05.06.2019 07:43:00.000,6321.997,6325.998,6320.997,6322.998,0.0021
05.06.2019 07:44:00.000,6322.997,6326.998,6322.997,6326.998,0.0015
05.06.2019 07:45:00.000,6326.997,6335.998,6326.997,6334.998,0.0028
05.06.2019 07:46:00.000,6334.997,6341.998,6334.997,6339.997,0.0024
05.06.2019 07:47:00.000,6339.998,6339.998,6332.997,6334.998,0.0028
05.06.2019 07:48:00.000,6334.998,6334.998,6333.998,6334.997,0.0019
05.06.2019 07:49:00.000,6334.998,6338.998,6331.998,6338.998,0.002
05.06.2019 07:50:00.000,6339.998,6339.998,6335.997,6335.998,0.0021
05.06.2019 07:51:00.000,6335.998,6337.998,6333.998,6337.998,0.0023
05.06.2019 07:52:00.000,6337.998,6337.998,6334.998,6336.998,0.0008
05.06.2019 07:53:00.000,6338.998,6341.998,6337.997,6338.998,0.0024
05.06.2019 07:54:00.000,6338.998,6339.998,6336.998,6336.998,0.002
05.06.2019 07:55:00.000,6337.998,6339.998,6335.998,6339.998,0.0025
05.06.2019 07:56:00.000,6339.998,6339.998,6334.997,6335.997,0.0029
05.06.2019 07:57:00.000,6335.998,6341.998,6335.997,6339.997,0.003
05.06.2019 07:58:00.000,6339.997,6339.997,6335.997,6338.998,0.0021
05.06.2019 07:59:00.000,6338.997,6338.998,6335.998,6336.998,0.0011
05.06.2019 08:00:00.000,6336.997,6341.997,6336.997,6338.998,0.0038
05.06.2019 08:01:00.000,6338.998,6338.998,6332.997,6334.998,0.0022
05.06.2019 08:02:00.000,6333.998,6334.998,6331.998,6332.998,0.0021
05.06.2019 08:03:00.000,6333.998,6337.998,6333.998,6335.998,0.0038
05.06.2019 08:04:00.000,6335.998,6338.998,6333.997,6338.997,0.002
05.06.2019 08:05:00.000,6337.998,6337.998,6331.998,6331.998,0.0019
05.06.2019 08:06:00.000,6331.997,6333.750,6328.998,6329.998,0.0038
05.06.2019 08:07:00.000,6328.998,6329.998,6327.997,6328.998,0.0013
05.06.2019 08:08:00.000,6328.998,6329.998,6325.998,6327.998,0.002
05.06.2019 08:09:00.000,6328.998,6329.998,6324.998,6329.997,0.0032
05.06.2019 08:10:00.000,6327.998,6328.998,6323.997,6323.997,0.0033
05.06.2019 08:11:00.000,6323.998,6325.997,6321.998,6322.998,0.0038
05.06.2019 08:12:00.000,6323.998,6326.998,6322.998,6325.998,0.002
05.06.2019 08:13:00.000,6327.750,6327.998,6324.997,6324.998,0.0019
05.06.2019 08:14:00.000,6324.998,6326.998,6322.997,6326.998,0.0027
05.06.2019 08:15:00.000,6327.998,6328.998,6327.997,6328.997,0.0031
05.06.2019 08:16:00.000,6329.998,6330.998,6326.998,6329.998,0.006
05.06.2019 08:17:00.000,6328.997,6332.998,6328.997,6329.997,0.0047
05.06.2019 08:18:00.000,6330.997,6330.998,6326.998,6328.997,0.0017
05.06.2019 08:19:00.000,6330.998,6339.998,6330.998,6339.998,0.0023
05.06.2019 08:20:00.000,6339.998,6339.998,6336.997,6338.998,0.0029
05.06.2019 08:21:00.000,6338.998,6339.997,6338.997,6338.998,0.0011
05.06.2019 08:22:00.000,6338.998,6341.998,6336.997,6339.998,0.0047
05.06.2019 08:23:00.000,6339.997,6339.998,6332.998,6333.998,0.0049
05.06.2019 08:24:00.000,6332.998,6334.998,6330.997,6330.997,0.0034
05.06.2019 08:25:00.000,6329.998,6331.998,6328.998,6331.998,0.0025
05.06.2019 08:26:00.000,6331.998,6331.998,6328.997,6329.998,0.0019
05.06.2019 08:27:00.000,6330.997,6330.998,6329.997,6330.998,0.0014
05.06.2019 08:28:00.000,6330.998,6333.998,6330.998,6331.998,0.0023
05.06.2019 08:29:00.000,6331.997,6332.998,6331.997,6332.998,0.0023
05.06.2019 08:30:00.000,6331.997,6331.998,6325.997,6326.998,0.0026
05.06.2019 08:31:00.000,6326.997,6326.998,6324.997,6325.998,0.002
05.06.2019 08:32:00.000,6324.998,6326.997,6322.998,6324.998,0.0029
05.06.2019 08:33:00.000,6325.997,6326.998,6322.997,6326.998,0.0023
05.06.2019 08:34:00.000,6327.998,6332.997,6327.997,6330.998,0.0022
05.06.2019 08:35:00.000,6330.998,6330.998,6326.997,6326.998,0.004
05.06.2019 08:36:00.000,6326.997,6327.997,6324.997,6324.997,0.002
05.06.2019 08:37:00.000,6324.998,6327.998,6324.997,6326.998,0.0041
05.06.2019 08:38:00.000,6326.997,6326.997,6322.997,6324.998,0.0037
05.06.2019 08:39:00.000,6324.997,6327.998,6324.997,6327.997,0.0017
05.06.2019 08:40:00.000,6327.998,6327.998,6324.998,6325.998,0.0015
05.06.2019 08:41:00.000,6325.998,6325.998,6319.998,6320.998,0.0033
05.06.2019 08:42:00.000,6320.997,6324.998,6320.997,6322.998,0.0044
05.06.2019 08:43:00.000,6323.997,6327.998,6323.997,6326.997,0.0014
05.06.2019 08:44:00.000,6326.998,6326.998,6324.997,6324.998,0.003
05.06.2019 08:45:00.000,6322.997,6323.998,6320.998,6320.998,0.0025
05.06.2019 08:46:00.000,6320.997,6323.998,6320.997,6322.998,0.0028
05.06.2019 08:47:00.000,6323.998,6323.998,6321.998,6323.998,0.0012
05.06.2019 08:48:00.000,6323.997,6323.998,6321.997,6322.998,0.0034
05.06.2019 08:49:00.000,6322.998,6325.997,6321.997,6324.998,0.0032
05.06.2019 08:50:00.000,6326.998,6329.998,6326.997,6329.997,0.0018
05.06.2019 08:51:00.000,6329.998,6333.998,6329.997,6333.998,0.0028
05.06.2019 08:52:00.000,6333.997,6334.997,6331.997,6333.997,0.0022
05.06.2019 08:53:00.000,6333.997,6333.998,6331.997,6331.997,0.0016
05.06.2019 08:54:00.000,6331.998,6331.998,6328.997,6328.998,0.0009
05.06.2019 08:55:00.000,6326.998,6328.998,6324.997,6326.998,0.0027
05.06.2019 08:56:00.000,6326.997,6327.998,6324.997,6326.998,0.0024
05.06.2019 08:57:00.000,6326.997,6326.998,6326.997,6326.998,0.001
05.06.2019 08:58:00.000,6326.998,6327.998,6325.997,6327.998,0.0006
05.06.2019 08:59:00.000,6327.750,6327.750,6323.998,6324.997,0.0011
05.06.2019 09:00:00.000,6323.998,6323.998,6322.997,6322.998,0.0014
05.06.2019 09:01:00.000,6322.998,6322.998,6322.997,6322.998,0.0013
05.06.2019 09:02:00.000,6322.998,6322.998,6320.997,6322.997,0.0013
05.06.2019 09:03:00.000,6322.998,6322.998,6319.998,6319.998,0.0021
05.06.2019 09:04:00.000,6321.998,6324.998,6321.998,6324.998,0.0044
05.06.2019 09:05:00.000,6324.998,6327.998,6324.997,6326.998,0.0045
05.06.2019 09:06:00.000,6326.997,6326.998,6322.997,6322.998,0.0035
05.06.2019 09:08:00.000,6323.998,6323.998,6320.998,6320.998,0.004
05.06.2019 09:09:00.000,6320.998,6323.997,6320.997,6322.997,0.0031
05.06.2019 09:10:00.000,6321.998,6322.998,6320.997,6320.997,0.0031
05.06.2019 09:11:00.000,6320.998,6321.998,6320.997,6320.998,0.0005
05.06.2019 09:12:00.000,6320.997,6320.998,6317.997,6318.998,0.0011
05.06.2019 09:13:00.000,6317.998,6323.998,6317.997,6323.998,0.0032
05.06.2019 09:14:00.000,6325.998,6328.998,6323.998,6328.998,0.0017
05.06.2019 09:15:00.000,6329.998,6331.997,6328.998,6330.998,0.0029
05.06.2019 09:16:00.000,6328.998,6331.998,6328.997,6331.997,0.0023
05.06.2019 09:17:00.000,6332.998,6334.998,6332.998,6334.997,0.0007
05.06.2019 09:18:00.000,6334.998,6336.998,6332.997,6335.998,0.0067
05.06.2019 09:19:00.000,6336.998,6337.998,6334.998,6334.998,0.0038
05.06.2019 09:20:00.000,6333.998,6336.998,6333.998,6336.998,0.0051
05.06.2019 09:21:00.000,6336.997,6336.998,6333.997,6333.997,0.0021
05.06.2019 09:22:00.000,6333.998,6335.998,6333.998,6335.998,0.0009
05.06.2019 09:23:00.000,6335.997,6335.998,6331.997,6331.997,0.0038
05.06.2019 09:24:00.000,6331.998,6334.998,6331.997,6333.997,0.0023
05.06.2019 09:25:00.000,6333.998,6334.998,6329.997,6331.998,0.0038
05.06.2019 09:26:00.000,6331.997,6333.998,6330.997,6332.998,0.0034
05.06.2019 09:27:00.000,6331.997,6336.998,6331.997,6336.998,0.0046
05.06.2019 09:28:00.000,6336.997,6338.998,6334.998,6338.997,0.005
05.06.2019 09:29:00.000,6338.998,6338.998,6337.997,6338.997,0.0015
05.06.2019 09:30:00.000,6338.998,6340.998,6338.997,6339.998,0.0065
05.06.2019 09:31:00.000,6339.997,6339.998,6338.997,6338.998,0.0012
05.06.2019 09:32:00.000,6339.998,6339.998,6338.997,6338.997,0.0004
05.06.2019 09:33:00.000,6339.998,6339.998,6337.997,6338.997,0.0027
05.06.2019 09:34:00.000,6338.998,6338.998,6336.998,6338.997,0.0015
05.06.2019 09:35:00.000,6337.998,6337.998,6335.998,6336.998,0.0019
05.06.2019 09:36:00.000,6336.997,6336.998,6335.997,6335.998,0.0009
05.06.2019 09:37:00.000,6335.998,6341.997,6334.998,6340.998,0.0019
05.06.2019 09:38:00.000,6342.997,6342.998,6342.997,6342.998,0.0004
05.06.2019 09:39:00.000,6341.998,6342.998,6340.997,6342.998,0.0026
05.06.2019 09:40:00.000,6343.997,6345.998,6342.997,6344.998,0.0037
05.06.2019 09:41:00.000,6346.998,6347.998,6346.997,6346.998,0.0052
05.06.2019 09:42:00.000,6345.998,6346.998,6345.997,6345.998,0.0007
05.06.2019 09:43:00.000,6345.997,6346.998,6344.997,6344.997,0.0014
05.06.2019 09:44:00.000,6344.997,6349.997,6342.998,6348.998,0.0023
05.06.2019 09:45:00.000,6347.997,6348.998,6347.997,6347.997,0.0009
05.06.2019 09:46:00.000,6347.998,6347.998,6345.998,6345.998,0.001
05.06.2019 09:47:00.000,6346.998,6347.998,6345.997,6346.998,0.0023
05.06.2019 09:48:00.000,6347.997,6349.998,6347.997,6348.998,0.0049
05.06.2019 09:49:00.000,6348.998,6348.998,6345.997,6345.998,0.0023
05.06.2019 09:50:00.000,6345.998,6349.998,6345.997,6349.997,0.0015
05.06.2019 09:51:00.000,6348.998,6348.998,6346.998,6347.997,0.0007
05.06.2019 09:52:00.000,6347.998,6347.998,6347.997,6347.998,0.0007
05.06.2019 09:53:00.000,6347.997,6347.998,6341.997,6342.998,0.0023
05.06.2019 09:54:00.000,6342.998,6347.998,6342.997,6347.998,0.004
05.06.2019 09:55:00.000,6347.997,6347.998,6342.997,6344.998,0.0046
05.06.2019 09:56:00.000,6344.998,6344.998,6342.997,6342.997,0.0006
05.06.2019 09:57:00.000,6344.998,6347.998,6344.998,6345.998,0.0006
05.06.2019 09:58:00.000,6344.998,6347.998,6344.998,6345.997,0.0063
05.06.2019 09:59:00.000,6345.998,6345.998,6342.997,6344.998,0.0034
05.06.2019 10:00:00.000,6343.998,6344.998,6343.997,6343.998,0.0037
05.06.2019 10:01:00.000,6343.998,6345.998,6343.997,6344.998,0.0014
05.06.2019 10:02:00.000,6345.997,6346.997,6344.997,6345.997,0.0009
05.06.2019 10:03:00.000,6346.997,6349.998,6345.998,6349.998,0.0037
05.06.2019 10:04:00.000,6350.998,6350.998,6349.997,6349.998,0.0038
05.06.2019 10:05:00.000,6349.997,6349.998,6349.997,6349.997,0.002
05.06.2019 10:06:00.000,6349.998,6355.998,6348.997,6355.998,0.0045
05.06.2019 10:07:00.000,6355.997,6359.998,6355.997,6359.998,0.0039
05.06.2019 10:08:00.000,6360.997,6360.998,6357.997,6358.997,0.0031
05.06.2019 10:09:00.000,6359.997,6360.998,6357.998,6360.998,0.0028
05.06.2019 10:10:00.000,6360.998,6362.997,6359.997,6359.997,0.0013
05.06.2019 10:11:00.000,6359.998,6360.998,6359.997,6360.997,0.0011
05.06.2019 10:12:00.000,6361.998,6362.998,6359.998,6359.998,0.0009
05.06.2019 10:13:00.000,6361.997,6368.998,6361.997,6365.998,0.0066
05.06.2019 10:14:00.000,6367.998,6369.998,6365.997,6367.998,0.004
05.06.2019 10:15:00.000,6365.998,6367.998,6363.998,6363.998,0.0027
05.06.2019 10:16:00.000,6363.998,6365.998,6363.997,6363.998,0.0049
05.06.2019 10:17:00.000,6363.997,6364.998,6363.997,6363.997,0.002
05.06.2019 10:18:00.000,6363.997,6363.997,6357.997,6361.998,0.0045
05.06.2019 10:19:00.000,6361.997,6362.998,6359.997,6360.998,0.0018
05.06.2019 10:20:00.000,6361.998,6361.998,6356.998,6356.998,0.0012
05.06.2019 10:21:00.000,6356.998,6359.998,6356.998,6359.997,0.0039
05.06.2019 10:22:00.000,6360.998,6363.998,6360.998,6363.998,0.0013
05.06.2019 10:23:00.000,6363.997,6366.998,6362.997,6364.998,0.0039
05.06.2019 10:24:00.000,6364.997,6365.997,6361.998,6362.998,0.0077
05.06.2019 10:25:00.000,6362.997,6362.997,6358.998,6358.998,0.0029
05.06.2019 10:26:00.000,6358.997,6359.998,6356.998,6356.998,0.0024
05.06.2019 10:27:00.000,6357.998,6357.998,6353.998,6354.998,0.0025
05.06.2019 10:28:00.000,6354.750,6354.750,6350.997,6351.998,0.001
05.06.2019 10:29:00.000,6351.997,6352.998,6348.998,6352.998,0.0025
05.06.2019 10:30:00.000,6352.997,6354.998,6350.998,6353.998,0.0054
05.06.2019 10:31:00.000,6353.998,6353.998,6353.997,6353.998,0.0022
05.06.2019 10:32:00.000,6353.997,6353.998,6353.997,6353.998,0.0002
05.06.2019 10:33:00.000,6353.997,6359.998,6351.997,6359.998,0.0032
05.06.2019 10:34:00.000,6361.998,6361.998,6357.998,6361.997,0.0027
05.06.2019 10:35:00.000,6361.998,6363.998,6361.998,6362.998,0.0011
05.06.2019 10:36:00.000,6363.997,6364.998,6362.997,6364.997,0.0021
05.06.2019 10:37:00.000,6365.998,6368.998,6365.997,6368.997,0.0032
05.06.2019 10:38:00.000,6368.998,6368.998,6362.997,6364.998,0.0027
05.06.2019 10:39:00.000,6364.998,6371.998,6362.998,6370.997,0.0053
05.06.2019 10:40:00.000,6370.997,6370.998,6363.998,6364.998,0.0033
05.06.2019 10:41:00.000,6365.997,6367.998,6364.997,6367.998,0.0014
05.06.2019 10:42:00.000,6369.998,6371.998,6367.997,6369.998,0.0025
05.06.2019 10:43:00.000,6369.998,6369.998,6365.998,6367.997,0.0027
05.06.2019 10:44:00.000,6367.998,6367.998,6358.998,6359.998,0.0029
05.06.2019 10:45:00.000,6358.998,6363.997,6355.998,6363.997,0.0033
05.06.2019 10:46:00.000,6363.998,6363.998,6358.998,6359.998,0.004
05.06.2019 10:47:00.000,6359.997,6359.998,6357.997,6357.998,0.0027
05.06.2019 10:48:00.000,6357.997,6358.998,6356.997,6358.997,0.0028
05.06.2019 10:49:00.000,6358.997,6358.998,6356.998,6357.998,0.0018
05.06.2019 10:50:00.000,6356.998,6360.998,6355.997,6360.998,0.0045
05.06.2019 10:51:00.000,6360.997,6360.998,6356.997,6357.998,0.0022
05.06.2019 10:52:00.000,6357.997,6363.998,6357.997,6363.997,0.002
05.06.2019 10:53:00.000,6363.998,6369.998,6363.998,6369.998,0.002
05.06.2019 10:54:00.000,6370.997,6370.998,6367.998,6368.998,0.0026
05.06.2019 10:55:00.000,6368.997,6373.998,6367.997,6372.998,0.003
05.06.2019 10:56:00.000,6373.998,6373.998,6368.998,6370.998,0.0029
05.06.2019 10:57:00.000,6369.997,6373.997,6369.997,6373.997,0.001
05.06.2019 10:58:00.000,6373.997,6373.998,6371.998,6372.998,0.0008
05.06.2019 10:59:00.000,6373.998,6373.998,6370.998,6370.998,0.002
05.06.2019 11:00:00.000,6370.997,6370.997,6369.998,6369.998,0.0005
05.06.2019 11:02:00.000,6364.998,6369.998,6364.998,6366.997,0.0036
05.06.2019 11:03:00.000,6366.998,6366.998,6362.997,6362.998,0.002
05.06.2019 11:04:00.000,6363.997,6364.998,6363.997,6363.998,0.001
05.06.2019 11:05:00.000,6363.997,6363.998,6361.997,6361.997,0.0025
05.06.2019 11:06:00.000,6362.997,6362.998,6360.997,6360.998,0.0014
05.06.2019 11:07:00.000,6360.998,6360.998,6358.998,6359.997,0.0013
05.06.2019 11:08:00.000,6359.998,6359.998,6358.997,6358.998,0.0004
05.06.2019 11:09:00.000,6358.997,6359.997,6357.998,6359.997,0.0008
05.06.2019 11:10:00.000,6359.997,6359.997,6358.998,6358.998,0.0002
05.06.2019 11:11:00.000,6358.997,6362.997,6358.997,6359.998,0.0059
05.06.2019 11:12:00.000,6359.998,6363.998,6359.998,6363.998,0.0005
05.06.2019 11:13:00.000,6363.997,6363.997,6359.997,6359.998,0.0022
05.06.2019 11:14:00.000,6359.997,6360.997,6357.997,6357.998,0.0029
05.06.2019 11:15:00.000,6357.998,6357.998,6352.997,6352.997,0.0053
05.06.2019 11:16:00.000,6352.998,6355.998,6352.997,6355.998,0.0028
05.06.2019 11:17:00.000,6352.998,6352.998,6348.997,6349.998,0.0028
05.06.2019 11:18:00.000,6349.998,6351.998,6348.998,6348.998,0.0019
05.06.2019 11:19:00.000,6349.997,6349.998,6346.997,6346.997,0.003
05.06.2019 11:20:00.000,6346.997,6348.998,6344.998,6348.998,0.0038
05.06.2019 11:21:00.000,6348.997,6348.998,6346.997,6346.997,0.0027
05.06.2019 11:22:00.000,6346.998,6348.998,6346.998,6348.997,0.0006
05.06.2019 11:23:00.000,6349.997,6349.997,6347.998,6347.998,0.0015
05.06.2019 11:24:00.000,6348.997,6350.998,6347.998,6348.998,0.0032
05.06.2019 11:25:00.000,6348.998,6348.998,6346.998,6346.998,0.0016
05.06.2019 11:26:00.000,6346.997,6350.998,6346.997,6350.997,0.0034
05.06.2019 11:27:00.000,6350.998,6351.997,6349.998,6349.998,0.0027
05.06.2019 11:28:00.000,6349.998,6350.998,6346.997,6347.998,0.002
05.06.2019 11:29:00.000,6348.998,6350.998,6348.997,6350.998,0.002
05.06.2019 11:30:00.000,6351.998,6351.998,6350.998,6351.997,0.0009
05.06.2019 11:31:00.000,6351.998,6356.998,6351.998,6355.998,0.0043
05.06.2019 11:32:00.000,6355.997,6355.998,6355.997,6355.998,0.0014
05.06.2019 11:33:00.000,6353.998,6355.997,6352.997,6352.998,0.0033
05.06.2019 11:34:00.000,6352.998,6354.998,6351.998,6354.997,0.0009
05.06.2019 11:35:00.000,6354.998,6355.998,6354.997,6355.998,0.0012
05.06.2019 11:36:00.000,6356.998,6357.998,6356.997,6356.997,0.0071
05.06.2019 11:37:00.000,6355.997,6355.998,6354.997,6354.998,0.0029
05.06.2019 11:38:00.000,6354.997,6354.997,6345.997,6347.998,0.0027
05.06.2019 11:39:00.000,6347.998,6348.998,6346.997,6347.998,0.002
05.06.2019 11:40:00.000,6347.997,6353.998,6347.997,6353.998,0.0039
05.06.2019 11:41:00.000,6354.998,6357.998,6354.998,6355.998,0.0017
05.06.2019 11:42:00.000,6355.998,6356.998,6355.997,6356.998,0.0005
05.06.2019 11:43:00.000,6357.998,6358.998,6357.998,6357.998,0.0004
05.06.2019 11:44:00.000,6357.997,6362.998,6357.997,6362.998,0.0036
05.06.2019 11:45:00.000,6362.997,6362.997,6361.997,6361.998,0.0004
05.06.2019 11:46:00.000,6360.998,6361.997,6357.998,6361.997,0.004
05.06.2019 11:47:00.000,6360.998,6361.998,6360.997,6360.998,0.0017
05.06.2019 11:48:00.000,6359.998,6359.998,6358.997,6358.997,0.0017
05.06.2019 11:49:00.000,6359.998,6363.998,6358.997,6363.998,0.0026
05.06.2019 11:50:00.000,6363.998,6363.998,6361.997,6361.997,0.0021
05.06.2019 11:51:00.000,6361.997,6361.998,6359.997,6360.998,0.0017
05.06.2019 11:52:00.000,6360.998,6360.998,6356.997,6357.998,0.0016
05.06.2019 11:53:00.000,6357.997,6360.998,6357.997,6360.997,0.0011
05.06.2019 11:54:00.000,6360.998,6360.998,6360.997,6360.997,0.0005
05.06.2019 11:55:00.000,6360.998,6361.998,6358.998,6359.998,0.0013
05.06.2019 11:56:00.000,6359.997,6359.998,6355.997,6356.998,0.0033
05.06.2019 11:57:00.000,6355.998,6356.998,6355.997,6356.998,0.0009
05.06.2019 11:58:00.000,6356.997,6360.998,6356.997,6360.997,0.0045
05.06.2019 11:59:00.000,6360.750,6360.750,6355.997,6359.998,0.0087
05.06.2019 12:00:00.000,6358.998,6361.998,6358.998,6361.997,0.004
05.06.2019 12:01:00.000,6361.998,6362.998,6361.998,6362.998,0.0013
05.06.2019 12:02:00.000,6362.998,6362.998,6361.997,6361.997,0.0033
05.06.2019 12:03:00.000,6362.997,6363.998,6359.998,6361.998,0.0034
05.06.2019 12:04:00.000,6361.998,6361.998,6360.998,6360.998,0.0003
05.06.2019 12:05:00.000,6360.997,6360.998,6357.997,6360.998,0.0018
05.06.2019 12:06:00.000,6359.998,6363.998,6359.998,6362.998,0.0038
05.06.2019 12:07:00.000,6362.997,6364.998,6362.997,6364.998,0.007
05.06.2019 12:08:00.000,6364.997,6364.998,6364.997,6364.997,0.0002
05.06.2019 12:09:00.000,6364.998,6364.998,6362.997,6362.997,0.0048
05.06.2019 12:10:00.000,6362.998,6362.998,6361.997,6362.997,0.0018
05.06.2019 12:11:00.000,6362.997,6362.998,6361.998,6361.998,0.0007
05.06.2019 12:12:00.000,6361.998,6361.998,6360.998,6360.998,0.0004
05.06.2019 12:13:00.000,6360.997,6362.998,6360.997,6361.998,0.002
05.06.2019 12:14:00.000,6361.997,6363.998,6361.997,6363.998,0.0055
05.06.2019 12:15:00.000,6363.998,6363.998,6359.997,6360.998,0.0023
05.06.2019 12:16:00.000,6360.997,6361.998,6354.998,6354.998,0.003
05.06.2019 12:17:00.000,6354.997,6355.998,6352.997,6354.997,0.0062
05.06.2019 12:18:00.000,6354.998,6354.998,6351.997,6351.998,0.0013
05.06.2019 12:19:00.000,6351.997,6351.998,6347.998,6347.998,0.0039
05.06.2019 12:20:00.000,6347.997,6347.998,6344.998,6347.998,0.0033
05.06.2019 12:21:00.000,6347.998,6347.998,6345.997,6346.998,0.0023
05.06.2019 12:22:00.000,6346.998,6346.998,6343.998,6344.998,0.0012
05.06.2019 12:23:00.000,6345.998,6346.998,6345.997,6345.998,0.0038
05.06.2019 12:24:00.000,6345.997,6349.998,6344.998,6345.997,0.0048
05.06.2019 12:25:00.000,6345.997,6347.997,6344.998,6346.998,0.0098
05.06.2019 12:26:00.000,6346.997,6347.998,6346.997,6346.998,0.0017
05.06.2019 12:27:00.000,6345.998,6347.998,6345.997,6346.998,0.0109
05.06.2019 12:28:00.000,6346.997,6349.998,6346.997,6346.998,0.0053
05.06.2019 12:29:00.000,6346.997,6347.998,6346.997,6347.998,0.0234
05.06.2019 12:30:00.000,6347.997,6347.997,6344.997,6344.998,0.0032
05.06.2019 12:31:00.000,6344.998,6344.998,6342.997,6342.997,0.0004
05.06.2019 12:32:00.000,6342.998,6342.998,6336.998,6337.997,0.0038
05.06.2019 12:33:00.000,6337.998,6337.998,6334.997,6334.998,0.0035
05.06.2019 12:34:00.000,6334.998,6338.998,6334.997,6334.997,0.0064
05.06.2019 12:35:00.000,6335.998,6341.998,6334.997,6340.998,0.0034
05.06.2019 12:36:00.000,6341.997,6342.998,6340.997,6341.997,0.0042
05.06.2019 12:37:00.000,6340.997,6341.998,6337.997,6337.998,0.0036
05.06.2019 12:38:00.000,6336.998,6337.998,6336.997,6337.998,0.0015
05.06.2019 12:39:00.000,6337.998,6337.998,6334.997,6334.998,0.0055
05.06.2019 12:40:00.000,6334.998,6334.998,6333.997,6334.998,0.0017
05.06.2019 12:41:00.000,6334.998,6338.998,6334.998,6336.998,0.0045
05.06.2019 12:42:00.000,6336.997,6336.998,6334.997,6334.998,0.0017
05.06.2019 12:43:00.000,6335.998,6339.998,6335.998,6337.998,0.0049
05.06.2019 12:44:00.000,6336.998,6337.998,6334.997,6334.998,0.0034
05.06.2019 12:45:00.000,6333.998,6334.998,6332.997,6333.998,0.0042
05.06.2019 12:46:00.000,6333.998,6333.998,6330.997,6331.998,0.0021
05.06.2019 12:47:00.000,6331.998,6331.998,6330.997,6331.998,0.0021
05.06.2019 12:48:00.000,6331.997,6331.998,6327.998,6327.998,0.004
05.06.2019 12:49:00.000,6327.997,6330.998,6327.997,6329.997,0.0056
05.06.2019 12:50:00.000,6329.997,6335.998,6329.997,6334.997,0.0079
05.06.2019 12:51:00.000,6334.998,6335.997,6330.998,6330.998,0.0026
05.06.2019 12:52:00.000,6331.998,6331.998,6330.997,6330.997,0.0014
05.06.2019 12:53:00.000,6330.997,6332.998,6328.998,6330.998,0.0021
05.06.2019 12:54:00.000,6330.997,6332.998,6330.997,6332.998,0.0024
05.06.2019 12:55:00.000,6332.998,6332.998,6330.997,6330.998,0.0021
05.06.2019 12:56:00.000,6330.998,6331.998,6327.998,6327.998,0.0012
05.06.2019 12:57:00.000,6327.998,6327.998,6325.998,6326.998,0.0006
05.06.2019 12:58:00.000,6327.998,6329.998,6326.998,6326.998,0.0047
05.06.2019 12:59:00.000,6327.998,6327.998,6325.997,6325.998,0.0007
05.06.2019 13:01:00.000,6325.997,6328.998,6323.997,6328.997,0.0038
05.06.2019 13:02:00.000,6328.998,6330.998,6328.998,6330.998,0.0025
05.06.2019 13:03:00.000,6330.997,6330.997,6325.997,6326.998,0.0022
05.06.2019 13:04:00.000,6327.997,6327.998,6326.998,6327.998,0.0019
05.06.2019 13:05:00.000,6327.998,6327.998,6327.997,6327.998,0.0009
05.06.2019 13:06:00.000,6327.997,6333.998,6327.997,6333.997,0.0082
05.06.2019 13:07:00.000,6333.998,6333.998,6331.997,6331.998,0.0035
05.06.2019 13:08:00.000,6331.500,6331.997,6328.997,6330.998,0.0011
05.06.2019 13:09:00.000,6331.997,6332.998,6331.997,6331.998,0.0015
05.06.2019 13:10:00.000,6331.997,6331.998,6331.997,6331.998,0.0009
05.06.2019 13:11:00.000,6332.998,6332.998,6327.998,6329.998,0.0012
05.06.2019 13:12:00.000,6328.998,6328.998,6327.997,6328.998,0.0006
05.06.2019 13:13:00.000,6328.997,6328.998,6328.997,6328.998,0.0007
05.06.2019 13:14:00.000,6329.997,6329.998,6328.997,6329.998,0.002
05.06.2019 13:15:00.000,6329.997,6329.997,6328.997,6328.997,0.001
05.06.2019 13:16:00.000,6332.997,6333.998,6331.997,6331.997,0.0022
05.06.2019 13:17:00.000,6331.997,6331.997,6328.997,6328.997,0.0023
05.06.2019 13:18:00.000,6329.998,6329.998,6326.998,6326.998,0.0014
05.06.2019 13:19:00.000,6326.998,6326.998,6324.998,6325.998,0.0016
05.06.2019 13:20:00.000,6325.998,6326.997,6325.997,6325.998,0.0022
05.06.2019 13:21:00.000,6325.997,6326.998,6325.997,6326.998,0.0013
05.06.2019 13:22:00.000,6327.998,6327.998,6325.997,6325.998,0.0043
05.06.2019 13:23:00.000,6325.997,6326.998,6325.997,6326.997,0.0028
05.06.2019 13:24:00.000,6326.998,6327.998,6325.998,6327.998,0.0013
05.06.2019 13:25:00.000,6327.997,6330.998,6327.997,6328.998,0.0049
05.06.2019 13:26:00.000,6328.998,6331.998,6328.997,6330.997,0.0036
05.06.2019 13:27:00.000,6330.997,6330.998,6329.997,6330.998,0.0025
05.06.2019 13:28:00.000,6329.997,6329.998,6325.998,6325.998,0.0017
05.06.2019 13:29:00.000,6329.998,6333.998,6327.998,6332.998,0.0081
05.06.2019 13:30:00.000,6332.997,6332.997,6327.997,6328.997,0.0026
05.06.2019 13:31:00.000,6327.998,6329.997,6327.998,6329.997,0.0048
05.06.2019 13:32:00.000,6329.997,6330.998,6325.997,6325.997,0.0084
05.06.2019 13:33:00.000,6325.998,6325.998,6322.997,6322.997,0.0108
05.06.2019 13:34:00.000,6323.997,6325.997,6320.998,6323.998,0.0056
05.06.2019 13:35:00.000,6324.998,6333.998,6324.998,6332.997,0.0057
05.06.2019 13:36:00.000,6332.998,6335.997,6332.997,6334.997,0.0108
05.06.2019 13:37:00.000,6334.997,6339.998,6333.998,6339.998,0.0033
05.06.2019 13:38:00.000,6339.998,6342.998,6339.997,6340.997,0.004
05.06.2019 13:39:00.000,6338.997,6338.997,6335.997,6336.998,0.0046
05.06.2019 13:40:00.000,6336.997,6340.997,6336.997,6339.998,0.0067
05.06.2019 13:41:00.000,6341.997,6342.998,6339.997,6339.998,0.0078
05.06.2019 13:42:00.000,6340.997,6340.997,6334.997,6336.998,0.0043
05.06.2019 13:43:00.000,6336.997,6337.998,6332.997,6332.998,0.0043
05.06.2019 13:44:00.000,6332.997,6332.998,6332.997,6332.997,0.0006
05.06.2019 13:45:00.000,6332.997,6332.998,6327.997,6329.998,0.0095
05.06.2019 13:46:00.000,6330.998,6332.998,6329.997,6332.998,0.0067
05.06.2019 13:47:00.000,6333.998,6337.998,6329.998,6337.997,0.0082
05.06.2019 13:48:00.000,6338.997,6338.998,6336.997,6337.998,0.0042
05.06.2019 13:49:00.000,6338.998,6343.998,6336.997,6343.998,0.0063
05.06.2019 13:50:00.000,6341.998,6342.998,6341.997,6341.997,0.0014
05.06.2019 13:51:00.000,6341.997,6341.997,6339.997,6340.998,0.0036
05.06.2019 13:52:00.000,6340.997,6341.998,6340.997,6341.998,0.003
05.06.2019 13:53:00.000,6340.998,6341.997,6337.997,6337.997,0.0038
05.06.2019 13:54:00.000,6338.998,6339.997,6334.997,6335.998,0.0068
05.06.2019 13:55:00.000,6334.998,6338.998,6334.997,6337.997,0.0065
05.06.2019 13:56:00.000,6337.997,6337.998,6334.997,6336.998,0.004
05.06.2019 13:57:00.000,6335.998,6336.998,6334.997,6336.998,0.0042
05.06.2019 13:58:00.000,6336.997,6336.998,6336.997,6336.998,0.0013
05.06.2019 13:59:00.000,6336.997,6337.998,6336.997,6336.998,0.003
05.06.2019 14:00:00.000,6336.997,6342.998,6334.997,6337.997,0.0124
05.06.2019 14:01:00.000,6338.998,6338.998,6332.997,6332.997,0.0069
05.06.2019 14:02:00.000,6332.998,6334.998,6328.997,6328.997,0.0067
05.06.2019 14:03:00.000,6329.998,6331.998,6325.997,6326.998,0.0041
05.06.2019 14:04:00.000,6325.998,6326.998,6323.998,6324.997,0.0052
05.06.2019 14:05:00.000,6324.998,6329.998,6324.997,6328.998,0.0085
05.06.2019 14:06:00.000,6328.998,6328.998,6327.997,6327.998,0.0051
05.06.2019 14:07:00.000,6328.997,6328.998,6325.998,6325.998,0.002
05.06.2019 14:08:00.000,6326.997,6328.998,6324.997,6325.998,0.0141
05.06.2019 14:09:00.000,6326.997,6328.998,6326.997,6327.998,0.0037
05.06.2019 14:10:00.000,6327.998,6332.998,6327.998,6331.998,0.0066
05.06.2019 14:11:00.000,6332.997,6332.998,6331.997,6331.997,0.0041
05.06.2019 14:12:00.000,6332.998,6334.998,6331.997,6331.997,0.008
05.06.2019 14:13:00.000,6332.997,6333.998,6331.997,6331.997,0.0097
05.06.2019 14:14:00.000,6331.998,6331.998,6329.997,6329.997,0.0039
05.06.2019 14:15:00.000,6329.998,6329.998,6326.997,6326.998,0.0094
05.06.2019 14:16:00.000,6326.998,6327.998,6326.997,6327.997,0.0059
05.06.2019 14:17:00.000,6327.998,6328.998,6326.997,6326.998,0.0037
05.06.2019 14:18:00.000,6326.997,6326.998,6324.997,6326.997,0.0037
05.06.2019 14:19:00.000,6326.998,6326.998,6325.997,6326.997,0.0059
05.06.2019 14:20:00.000,6326.998,6333.998,6326.997,6331.998,0.0064
05.06.2019 14:21:00.000,6332.997,6332.997,6327.997,6327.997,0.0064
05.06.2019 14:22:00.000,6327.998,6328.998,6327.997,6327.998,0.0063
05.06.2019 14:23:00.000,6328.998,6334.998,6328.997,6334.998,0.0081
05.06.2019 14:24:00.000,6334.997,6336.998,6332.998,6333.998,0.011
05.06.2019 14:25:00.000,6333.997,6333.997,6329.997,6329.998,0.0045
05.06.2019 14:26:00.000,6329.998,6329.998,6328.997,6329.998,0.0052
05.06.2019 14:27:00.000,6330.998,6334.998,6330.997,6333.998,0.0055
05.06.2019 14:28:00.000,6333.997,6333.998,6329.997,6329.997,0.0052
05.06.2019 14:29:00.000,6329.997,6330.997,6328.997,6328.997,0.0023
05.06.2019 14:30:00.000,6328.998,6328.998,6323.997,6323.998,0.0095
05.06.2019 14:31:00.000,6324.997,6325.998,6322.997,6323.998,0.007
05.06.2019 14:32:00.000,6324.998,6326.998,6323.998,6325.998,0.0092
05.06.2019 14:33:00.000,6325.997,6326.998,6320.997,6323.997,0.014
05.06.2019 14:34:00.000,6323.998,6326.997,6323.997,6325.998,0.0078
05.06.2019 14:35:00.000,6325.997,6328.998,6324.997,6327.998,0.0148
05.06.2019 14:36:00.000,6327.998,6329.998,6326.997,6326.998,0.0088
05.06.2019 14:37:00.000,6326.997,6333.997,6326.997,6331.998,0.0104
05.06.2019 14:38:00.000,6332.998,6332.998,6330.998,6330.998,0.0021
05.06.2019 14:39:00.000,6331.997,6334.998,6330.998,6333.997,0.0098
05.06.2019 14:40:00.000,6333.998,6337.998,6332.998,6334.998,0.0078
05.06.2019 14:41:00.000,6334.997,6336.998,6333.997,6336.998,0.0111
05.06.2019 14:42:00.000,6336.997,6341.998,6336.997,6339.998,0.0092
05.06.2019 14:43:00.000,6340.997,6342.998,6339.997,6340.997,0.0074
05.06.2019 14:44:00.000,6340.998,6343.998,6340.997,6341.998,0.0038
05.06.2019 14:45:00.000,6341.997,6342.998,6338.998,6338.998,0.0063
05.06.2019 14:46:00.000,6339.998,6339.998,6335.997,6336.997,0.0074
05.06.2019 14:47:00.000,6336.998,6337.998,6332.998,6337.998,0.0059
05.06.2019 14:48:00.000,6335.998,6337.998,6334.997,6334.998,0.0108
05.06.2019 14:49:00.000,6334.997,6334.998,6331.997,6332.997,0.0052
05.06.2019 14:50:00.000,6332.998,6335.998,6331.997,6333.997,0.005
05.06.2019 14:51:00.000,6332.998,6334.998,6331.998,6331.998,0.0053
05.06.2019 14:52:00.000,6331.998,6331.998,6326.997,6326.998,0.0016
05.06.2019 14:53:00.000,6326.997,6326.998,6322.998,6323.997,0.0038
05.06.2019 14:54:00.000,6323.998,6326.998,6322.998,6326.998,0.003
05.06.2019 14:55:00.000,6325.998,6329.998,6324.998,6328.998,0.0042
05.06.2019 14:56:00.000,6328.998,6328.998,6323.998,6324.998,0.0027
05.06.2019 14:57:00.000,6324.997,6324.997,6319.997,6319.998,0.0058
05.06.2019 14:58:00.000,6319.998,6319.998,6318.997,6319.998,0.0057
05.06.2019 14:59:00.000,6319.998,6319.998,6318.997,6318.998,0.0057
05.06.2019 15:00:00.000,6318.997,6318.998,6312.997,6312.998,0.0103
05.06.2019 15:01:00.000,6312.997,6313.998,6311.997,6311.998,0.0055
05.06.2019 15:02:00.000,6311.997,6318.998,6309.997,6318.998,0.009
05.06.2019 15:03:00.000,6318.750,6318.750,6316.997,6316.998,0.0059
05.06.2019 15:04:00.000,6316.998,6318.998,6316.997,6318.998,0.0019
05.06.2019 15:05:00.000,6320.998,6321.998,6319.997,6319.998,0.0069
05.06.2019 15:06:00.000,6319.997,6319.998,6315.997,6316.998,0.0065
05.06.2019 15:07:00.000,6317.998,6318.998,6313.997,6313.998,0.0053
05.06.2019 15:08:00.000,6312.997,6312.998,6308.998,6309.997,0.0068
05.06.2019 15:09:00.000,6310.997,6313.998,6309.997,6313.998,0.0074
05.06.2019 15:10:00.000,6313.997,6313.998,6309.997,6309.997,0.009
05.06.2019 15:11:00.000,6309.997,6311.998,6308.997,6310.998,0.0078
05.06.2019 15:12:00.000,6310.997,6314.998,6310.997,6313.998,0.0091
05.06.2019 15:13:00.000,6313.997,6313.998,6309.997,6310.997,0.0082
05.06.2019 15:14:00.000,6309.997,6310.998,6304.997,6304.997,0.0062
05.06.2019 15:15:00.000,6305.998,6309.998,6305.997,6308.998,0.0062
05.06.2019 15:16:00.000,6308.997,6311.998,6308.997,6309.998,0.0086
05.06.2019 15:17:00.000,6309.997,6309.997,6307.997,6308.998,0.0051
05.06.2019 15:18:00.000,6308.997,6309.997,6306.997,6306.997,0.0085
05.06.2019 15:19:00.000,6306.998,6308.998,6305.997,6308.997,0.006
05.06.2019 15:20:00.000,6308.998,6312.998,6308.997,6312.998,0.0084
05.06.2019 15:21:00.000,6313.997,6315.998,6312.997,6313.998,0.0052
05.06.2019 15:22:00.000,6313.997,6313.998,6311.997,6311.997,0.0035
05.06.2019 15:23:00.000,6312.998,6313.998,6311.998,6313.998,0.0008
05.06.2019 15:24:00.000,6313.997,6313.998,6309.997,6310.997,0.0063
05.06.2019 15:25:00.000,6310.998,6310.998,6306.998,6309.998,0.0047
05.06.2019 15:26:00.000,6309.997,6309.998,6306.998,6306.998,0.0055
05.06.2019 15:27:00.000,6306.998,6309.998,6305.997,6309.998,0.0086
05.06.2019 15:28:00.000,6309.997,6315.997,6308.997,6311.997,0.0127
05.06.2019 15:29:00.000,6311.998,6312.998,6310.997,6311.997,0.0063
06.06.2019 07:00:00.000,6327.997,6327.998,6327.997,6327.998,0.0001
06.06.2019 07:01:00.000,6343.997,6351.997,6343.997,6346.998,0.0002
06.06.2019 07:04:00.000,6341.998,6351.998,6341.997,6351.998,0.0015
06.06.2019 07:05:00.000,6352.997,6356.998,6343.997,6356.998,0.0043
06.06.2019 07:06:00.000,6357.998,6370.998,6357.998,6363.998,0.0028
06.06.2019 07:07:00.000,6363.998,6372.998,6363.997,6370.998,0.0061
06.06.2019 07:08:00.000,6367.998,6376.998,6367.998,6372.998,0.0027
06.06.2019 07:09:00.000,6373.997,6376.998,6370.998,6370.998,0.0021
06.06.2019 07:10:00.000,6370.998,6372.998,6364.997,6364.997,0.0014
06.06.2019 07:11:00.000,6364.998,6378.998,6363.998,6378.998,0.0038
06.06.2019 07:12:00.000,6376.997,6384.998,6371.998,6380.998,0.0039
06.06.2019 07:13:00.000,6381.998,6384.998,6379.997,6379.998,0.0015
06.06.2019 07:14:00.000,6382.998,6382.998,6373.998,6373.998,0.0052
06.06.2019 07:15:00.000,6373.998,6375.998,6368.997,6371.997,0.0036
06.06.2019 07:16:00.000,6371.998,6371.998,6368.997,6369.998,0.0012
06.06.2019 07:17:00.000,6369.998,6369.998,6366.997,6367.998,0.002
06.06.2019 07:18:00.000,6369.997,6369.998,6367.998,6367.998,0.0005
06.06.2019 07:19:00.000,6367.998,6368.998,6363.997,6364.997,0.0022
06.06.2019 07:20:00.000,6364.998,6372.997,6364.998,6372.997,0.0026
06.06.2019 07:21:00.000,6372.998,6377.998,6372.997,6375.998,0.0044
06.06.2019 07:22:00.000,6379.998,6381.998,6379.998,6379.998,0.0014
06.06.2019 07:23:00.000,6379.997,6379.997,6372.997,6372.998,0.0021
06.06.2019 07:24:00.000,6372.998,6373.998,6370.997,6373.998,0.0005
06.06.2019 07:25:00.000,6373.997,6373.998,6372.997,6372.998,0.0018
06.06.2019 07:26:00.000,6372.997,6373.998,6370.997,6372.998,0.0013
06.06.2019 07:27:00.000,6372.997,6373.998,6372.997,6373.998,0.0006
06.06.2019 07:28:00.000,6374.998,6378.998,6373.997,6378.997,0.0012
06.06.2019 07:29:00.000,6379.998,6383.998,6379.998,6381.998,0.0016
06.06.2019 07:30:00.000,6381.998,6382.998,6381.997,6382.998,0.0025
06.06.2019 07:31:00.000,6383.998,6383.998,6377.997,6378.998,0.001
06.06.2019 07:32:00.000,6379.998,6382.998,6378.997,6382.997,0.0035
06.06.2019 07:33:00.000,6381.998,6382.998,6381.997,6382.998,0.0026
06.06.2019 07:34:00.000,6384.998,6388.998,6384.998,6387.997,0.0024
06.06.2019 07:35:00.000,6387.997,6393.998,6385.998,6386.998,0.0045
06.06.2019 07:36:00.000,6386.998,6388.998,6386.997,6388.998,0.0018
06.06.2019 07:37:00.000,6388.998,6388.998,6387.998,6388.998,0.001
06.06.2019 07:38:00.000,6388.997,6388.998,6388.997,6388.998,0.0028
06.06.2019 07:39:00.000,6388.998,6388.998,6385.997,6385.997,0.0007
06.06.2019 07:40:00.000,6385.998,6385.998,6385.997,6385.998,0.0011
06.06.2019 07:41:00.000,6385.997,6388.998,6385.997,6388.998,0.002
06.06.2019 07:42:00.000,6388.997,6388.998,6388.997,6388.998,0.0014
06.06.2019 07:43:00.000,6388.997,6388.997,6384.997,6384.997,0.0004
06.06.2019 07:44:00.000,6384.998,6384.998,6381.997,6383.998,0.0016
06.06.2019 07:45:00.000,6384.998,6387.998,6379.998,6379.998,0.0044
06.06.2019 07:46:00.000,6379.998,6381.998,6374.997,6380.998,0.0058
06.06.2019 07:47:00.000,6380.997,6380.997,6377.997,6377.998,0.0023
06.06.2019 07:48:00.000,6378.998,6381.998,6377.997,6381.998,0.0019
06.06.2019 07:49:00.000,6381.997,6383.998,6379.997,6379.998,0.0026
06.06.2019 07:50:00.000,6379.998,6383.998,6376.997,6378.997,0.0044
06.06.2019 07:51:00.000,6379.998,6380.997,6376.997,6377.998,0.0017
06.06.2019 07:52:00.000,6378.997,6380.998,6378.997,6380.998,0.0009
06.06.2019 07:53:00.000,6381.998,6381.998,6381.998,6381.998,0.0002
06.06.2019 07:54:00.000,6383.997,6393.998,6383.997,6392.998,0.0068
06.06.2019 07:55:00.000,6392.998,6393.997,6387.997,6388.998,0.0044
06.06.2019 07:56:00.000,6387.998,6389.998,6383.997,6383.998,0.0034
06.06.2019 07:57:00.000,6385.998,6386.998,6381.997,6385.998,0.0035
06.06.2019 07:58:00.000,6385.997,6386.997,6385.997,6385.998,0.0013
06.06.2019 07:59:00.000,6385.997,6385.997,6381.998,6382.998,0.0023
06.06.2019 08:00:00.000,6382.998,6382.998,6379.998,6380.997,0.0015
06.06.2019 08:01:00.000,6380.998,6381.998,6377.997,6381.998,0.0013
06.06.2019 08:02:00.000,6381.500,6381.500,6378.997,6379.998,0.0012
06.06.2019 08:03:00.000,6379.998,6379.998,6375.997,6377.997,0.004
06.06.2019 08:04:00.000,6377.998,6378.998,6377.998,6378.998,0.0021
06.06.2019 08:05:00.000,6378.997,6378.997,6372.997,6373.998,0.0039
06.06.2019 08:06:00.000,6373.997,6378.998,6373.997,6377.997,0.0017
06.06.2019 08:07:00.000,6377.998,6381.998,6377.998,6381.998,0.0025
06.06.2019 08:08:00.000,6382.997,6387.998,6382.997,6386.998,0.0069
06.06.2019 08:09:00.000,6386.998,6389.998,6385.997,6389.998,0.0069
06.06.2019 08:10:00.000,6388.998,6390.998,6385.998,6390.998,0.0019
06.06.2019 08:11:00.000,6390.998,6390.998,6388.998,6389.998,0.0017
06.06.2019 08:12:00.000,6389.997,6389.998,6386.997,6388.998,0.0034
06.06.2019 08:13:00.000,6389.998,6391.998,6388.997,6391.997,0.004
06.06.2019 08:14:00.000,6391.997,6391.998,6388.998,6391.998,0.0042
06.06.2019 08:15:00.000,6391.998,6396.998,6391.997,6396.998,0.0043
06.06.2019 08:16:00.000,6396.998,6397.998,6396.997,6397.998,0.0004
06.06.2019 08:17:00.000,6398.997,6402.998,6398.997,6402.998,0.0021
06.06.2019 08:18:00.000,6400.997,6401.998,6398.997,6401.998,0.0016
06.06.2019 08:19:00.000,6400.997,6405.998,6400.997,6405.997,0.0058
06.06.2019 08:20:00.000,6405.997,6405.997,6400.997,6402.998,0.0026
06.06.2019 08:21:00.000,6403.998,6404.998,6402.997,6402.998,0.0006
06.06.2019 08:22:00.000,6402.997,6402.997,6394.997,6396.998,0.0051
06.06.2019 08:23:00.000,6394.997,6400.998,6394.997,6400.998,0.0027
06.06.2019 08:24:00.000,6400.998,6402.998,6400.998,6402.997,0.0008
06.06.2019 08:25:00.000,6403.997,6404.998,6402.997,6404.997,0.0008
06.06.2019 08:26:00.000,6402.998,6402.998,6397.998,6399.997,0.0019
06.06.2019 08:27:00.000,6399.998,6399.998,6394.997,6394.997,0.0026
06.06.2019 08:28:00.000,6394.998,6399.998,6394.997,6398.998,0.004
06.06.2019 08:29:00.000,6397.998,6399.998,6397.997,6399.998,0.0013
06.06.2019 08:30:00.000,6399.998,6400.998,6399.997,6400.998,0.0019
06.06.2019 08:31:00.000,6400.998,6400.998,6397.997,6398.998,0.001
06.06.2019 08:32:00.000,6397.998,6397.998,6394.997,6394.998,0.0012
06.06.2019 08:33:00.000,6394.998,6398.998,6394.998,6398.997,0.0022
06.06.2019 08:34:00.000,6399.998,6403.997,6399.998,6403.997,0.0011
06.06.2019 08:35:00.000,6403.998,6404.998,6401.997,6401.998,0.0013
06.06.2019 08:36:00.000,6402.998,6402.998,6400.998,6401.998,0.0006
06.06.2019 08:37:00.000,6402.998,6405.998,6402.997,6405.998,0.0041
06.06.2019 08:38:00.000,6407.998,6409.998,6407.998,6409.998,0.001
06.06.2019 08:39:00.000,6409.997,6409.998,6409.997,6409.998,0.0005
06.06.2019 08:40:00.000,6409.998,6412.998,6409.998,6412.997,0.0032
06.06.2019 08:41:00.000,6412.997,6412.998,6408.998,6409.998,0.0016
06.06.2019 08:42:00.000,6409.998,6410.998,6409.997,6410.998,0.0008
06.06.2019 08:43:00.000,6410.997,6410.997,6407.998,6409.998,0.0014
06.06.2019 08:44:00.000,6409.997,6410.998,6407.998,6407.998,0.0031
06.06.2019 08:45:00.000,6409.997,6410.998,6409.997,6409.998,0.0005
06.06.2019 08:46:00.000,6410.998,6412.998,6409.997,6412.998,0.0013
06.06.2019 08:47:00.000,6414.998,6414.998,6413.998,6414.997,0.0027
06.06.2019 08:48:00.000,6414.998,6414.998,6412.998,6413.998,0.0006
06.06.2019 08:49:00.000,6412.998,6412.998,6407.997,6408.998,0.002
06.06.2019 08:50:00.000,6408.997,6408.997,6403.997,6405.998,0.0029
06.06.2019 08:51:00.000,6407.998,6416.998,6405.997,6413.998,0.0047
06.06.2019 08:52:00.000,6413.997,6415.998,6413.997,6413.998,0.0063
06.06.2019 08:53:00.000,6413.997,6413.997,6409.997,6411.998,0.002
06.06.2019 08:54:00.000,6411.997,6415.998,6411.997,6415.997,0.0032
06.06.2019 08:55:00.000,6415.997,6415.997,6411.998,6413.998,0.0026
06.06.2019 08:56:00.000,6413.998,6415.998,6411.997,6413.998,0.0013
06.06.2019 08:57:00.000,6413.997,6414.998,6412.997,6413.998,0.0042
06.06.2019 08:58:00.000,6413.998,6413.998,6409.997,6409.998,0.002
06.06.2019 08:59:00.000,6409.998,6409.998,6406.998,6408.998,0.0013
06.06.2019 09:00:00.000,6409.998,6410.998,6409.998,6410.998,0.0002
06.06.2019 09:01:00.000,6411.998,6414.997,6410.997,6413.997,0.0033
06.06.2019 09:02:00.000,6414.998,6414.998,6403.998,6409.997,0.0017
06.06.2019 09:03:00.000,6409.998,6409.998,6402.997,6408.997,0.0022
06.06.2019 09:04:00.000,6408.998,6410.998,6404.997,6404.998,0.0013
06.06.2019 09:05:00.000,6404.997,6405.998,6403.997,6403.998,0.0008
06.06.2019 09:06:00.000,6404.998,6404.998,6399.998,6404.998,0.0028
06.06.2019 09:07:00.000,6404.998,6408.998,6404.997,6408.997,0.0023
06.06.2019 09:08:00.000,6408.998,6410.998,6406.997,6407.998,0.0016
06.06.2019 09:09:00.000,6408.998,6408.998,6405.998,6407.998,0.0023
06.06.2019 09:10:00.000,6406.998,6407.998,6406.997,6407.998,0.0018
06.06.2019 09:11:00.000,6406.998,6408.998,6404.998,6404.998,0.0014
06.06.2019 09:12:00.000,6406.998,6406.998,6401.997,6401.997,0.0029
06.06.2019 09:13:00.000,6401.998,6402.997,6394.998,6396.998,0.0073
06.06.2019 09:14:00.000,6396.997,6398.998,6395.997,6397.998,0.0017
06.06.2019 09:15:00.000,6398.997,6399.998,6397.997,6399.998,0.001
06.06.2019 09:16:00.000,6399.997,6400.998,6396.997,6397.997,0.0045
06.06.2019 09:17:00.000,6397.997,6398.997,6394.998,6395.997,0.0042
06.06.2019 09:18:00.000,6395.998,6398.998,6394.997,6395.997,0.0017
06.06.2019 09:19:00.000,6395.997,6397.998,6392.998,6392.998,0.004
06.06.2019 09:20:00.000,6393.997,6395.998,6391.997,6395.998,0.0023
06.06.2019 09:21:00.000,6395.997,6397.998,6393.997,6394.998,0.0022
06.06.2019 09:22:00.000,6395.998,6395.998,6393.998,6394.998,0.0007
06.06.2019 09:23:00.000,6394.998,6394.998,6385.998,6385.998,0.0007
06.06.2019 09:24:00.000,6384.997,6385.998,6382.998,6385.998,0.0026
06.06.2019 09:25:00.000,6387.998,6389.998,6387.997,6387.998,0.0013
06.06.2019 09:26:00.000,6387.998,6393.998,6387.997,6393.998,0.0024
06.06.2019 09:27:00.000,6394.997,6396.997,6394.997,6394.998,0.0011
06.06.2019 09:28:00.000,6393.998,6395.998,6391.998,6393.998,0.0039
06.06.2019 09:29:00.000,6392.997,6392.998,6391.997,6391.998,0.0018
06.06.2019 09:30:00.000,6391.750,6393.998,6390.997,6393.998,0.0027
06.06.2019 09:31:00.000,6394.997,6395.998,6394.997,6395.997,0.0017
06.06.2019 09:32:00.000,6396.998,6396.998,6393.997,6395.998,0.001
06.06.2019 09:33:00.000,6396.998,6399.998,6395.997,6395.997,0.0022
06.06.2019 09:34:00.000,6397.998,6400.998,6397.998,6400.998,0.0011
06.06.2019 09:35:00.000,6401.998,6402.998,6398.998,6398.998,0.0019
06.06.2019 09:36:00.000,6399.998,6400.998,6396.998,6397.998,0.0018
06.06.2019 09:37:00.000,6397.997,6398.998,6397.997,6398.998,0.0013
06.06.2019 09:38:00.000,6398.998,6398.998,6396.997,6396.997,0.0005
06.06.2019 09:39:00.000,6396.998,6398.998,6395.998,6398.998,0.0014
06.06.2019 09:40:00.000,6399.998,6404.998,6399.997,6404.998,0.0012
06.06.2019 09:41:00.000,6403.998,6403.998,6399.998,6402.998,0.0018
06.06.2019 09:42:00.000,6401.998,6405.998,6400.997,6405.997,0.0033
06.06.2019 09:43:00.000,6405.998,6405.998,6401.997,6402.998,0.0019
06.06.2019 09:44:00.000,6402.997,6402.998,6399.997,6401.997,0.0008
06.06.2019 09:45:00.000,6401.998,6402.998,6401.997,6402.998,0.0008
06.06.2019 09:46:00.000,6402.997,6405.998,6401.997,6401.997,0.0034
06.06.2019 09:47:00.000,6401.998,6403.998,6399.998,6403.998,0.0044
06.06.2019 09:48:00.000,6402.998,6403.998,6398.997,6402.997,0.0023
06.06.2019 09:49:00.000,6402.750,6402.750,6397.997,6399.998,0.0017
06.06.2019 09:50:00.000,6399.997,6400.997,6398.998,6399.998,0.0014
06.06.2019 09:51:00.000,6399.998,6399.998,6397.997,6397.998,0.0015
06.06.2019 09:52:00.000,6398.998,6399.998,6397.997,6399.998,0.0006
06.06.2019 09:53:00.000,6399.997,6399.998,6397.997,6398.997,0.0013
06.06.2019 09:54:00.000,6396.998,6398.998,6396.998,6397.997,0.0011
06.06.2019 09:55:00.000,6398.997,6400.997,6397.998,6397.998,0.003
06.06.2019 09:56:00.000,6397.997,6398.998,6397.997,6398.998,0.0016
06.06.2019 09:57:00.000,6398.998,6398.998,6397.997,6398.998,0.003
06.06.2019 09:58:00.000,6398.997,6398.998,6394.998,6396.997,0.0017
06.06.2019 09:59:00.000,6396.998,6396.998,6396.997,6396.998,0.0024
06.06.2019 10:00:00.000,6397.997,6400.998,6394.998,6395.998,0.0029
06.06.2019 10:01:00.000,6395.997,6395.998,6395.997,6395.997,0.0007
06.06.2019 10:02:00.000,6395.998,6397.997,6395.997,6396.998,0.0003
06.06.2019 10:03:00.000,6397.998,6399.998,6397.997,6399.997,0.0014
06.06.2019 10:04:00.000,6399.998,6399.998,6399.997,6399.997,0.0006
06.06.2019 10:05:00.000,6399.750,6399.750,6397.997,6397.998,0.0012
06.06.2019 10:06:00.000,6398.998,6400.998,6396.998,6396.998,0.0038
06.06.2019 10:07:00.000,6396.998,6397.998,6396.997,6397.998,0.0006
06.06.2019 10:08:00.000,6397.997,6397.997,6395.997,6396.998,0.0027
06.06.2019 10:09:00.000,6396.997,6397.998,6396.997,6397.998,0.0003
06.06.2019 10:10:00.000,6397.997,6399.998,6396.997,6399.998,0.0013
06.06.2019 10:11:00.000,6400.997,6400.998,6399.997,6400.998,0.0012
06.06.2019 10:12:00.000,6401.998,6401.998,6396.997,6397.998,0.003
06.06.2019 10:13:00.000,6397.997,6397.998,6397.997,6397.998,0.001
06.06.2019 10:14:00.000,6399.997,6399.998,6395.998,6395.998,0.0008
06.06.2019 10:15:00.000,6395.997,6395.998,6395.997,6395.998,0.0013
06.06.2019 10:16:00.000,6395.998,6396.998,6395.997,6396.997,0.0026
06.06.2019 10:17:00.000,6396.997,6398.998,6396.997,6398.998,0.0011
06.06.2019 10:18:00.000,6398.997,6403.998,6398.997,6398.998,0.0036
06.06.2019 10:19:00.000,6399.997,6401.998,6399.997,6401.998,0.0009
06.06.2019 10:20:00.000,6401.997,6401.997,6395.998,6395.998,0.0031
06.06.2019 10:21:00.000,6396.998,6399.998,6396.998,6397.998,0.0034
06.06.2019 10:22:00.000,6397.998,6397.998,6397.998,6397.998,0.0001
06.06.2019 10:23:00.000,6397.998,6399.998,6397.997,6398.997,0.0012
06.06.2019 10:24:00.000,6398.998,6399.998,6398.997,6398.997,0.0021
06.06.2019 10:25:00.000,6398.998,6399.997,6396.997,6396.998,0.0015
06.06.2019 10:26:00.000,6397.998,6400.998,6397.998,6398.998,0.0008
06.06.2019 10:27:00.000,6398.997,6400.998,6398.997,6400.998,0.0022
06.06.2019 10:28:00.000,6399.997,6400.998,6399.997,6399.997,0.0029
06.06.2019 10:29:00.000,6399.998,6399.998,6395.997,6396.998,0.0033
06.06.2019 10:30:00.000,6397.997,6399.998,6395.998,6395.998,0.0037
06.06.2019 10:31:00.000,6396.998,6397.998,6396.998,6397.998,0.0025
06.06.2019 10:32:00.000,6397.997,6399.998,6397.997,6399.998,0.0039
06.06.2019 10:33:00.000,6399.997,6400.998,6398.997,6400.998,0.0019
06.06.2019 10:34:00.000,6401.998,6402.998,6401.998,6402.998,0.0002
06.06.2019 10:35:00.000,6402.997,6402.997,6401.997,6401.997,0.0015
06.06.2019 10:36:00.000,6401.750,6401.750,6397.997,6398.997,0.0022
06.06.2019 10:37:00.000,6398.997,6399.998,6398.997,6399.998,0.0005
06.06.2019 10:38:00.000,6399.998,6399.998,6397.998,6397.998,0.0004
06.06.2019 10:39:00.000,6398.997,6398.997,6395.997,6395.997,0.0026
06.06.2019 10:40:00.000,6394.998,6395.998,6394.998,6395.998,0.0007
06.06.2019 10:41:00.000,6393.997,6394.998,6390.997,6391.998,0.004
06.06.2019 10:42:00.000,6389.998,6390.998,6389.997,6390.998,0.0007
06.06.2019 10:43:00.000,6390.997,6390.997,6388.997,6388.997,0.0012
06.06.2019 10:44:00.000,6389.997,6390.998,6389.997,6389.998,0.0013
06.06.2019 10:45:00.000,6390.997,6391.998,6390.997,6391.998,0.0024
06.06.2019 10:46:00.000,6391.997,6392.998,6391.997,6392.997,0.0017
06.06.2019 10:47:00.000,6392.998,6393.998,6392.998,6393.997,0.0015
06.06.2019 10:48:00.000,6393.998,6393.998,6390.998,6392.998,0.0014
06.06.2019 10:49:00.000,6392.998,6392.998,6390.997,6391.998,0.0028
06.06.2019 10:50:00.000,6391.997,6391.998,6391.997,6391.997,0.001
06.06.2019 10:51:00.000,6391.998,6391.998,6391.997,6391.997,0.0016
06.06.2019 10:52:00.000,6391.998,6391.998,6388.997,6389.997,0.001
06.06.2019 10:53:00.000,6389.998,6391.998,6389.997,6391.998,0.0006
06.06.2019 10:54:00.000,6391.997,6391.998,6391.997,6391.998,0.0008
06.06.2019 10:55:00.000,6391.997,6391.998,6391.997,6391.998,0.0012
06.06.2019 10:56:00.000,6391.998,6391.998,6391.997,6391.997,0.0034
06.06.2019 10:57:00.000,6391.998,6392.998,6389.998,6389.998,0.0016
06.06.2019 10:58:00.000,6389.998,6390.998,6389.997,6389.998,0.0026
06.06.2019 10:59:00.000,6389.997,6389.998,6386.997,6386.997,0.0052
06.06.2019 11:00:00.000,6386.998,6386.998,6386.998,6386.998,0.0004
06.06.2019 11:02:00.000,6383.998,6393.998,6383.998,6392.997,0.0017
06.06.2019 11:03:00.000,6390.998,6391.997,6387.997,6387.998,0.0014
06.06.2019 11:04:00.000,6388.998,6389.998,6385.997,6387.997,0.0011
06.06.2019 11:05:00.000,6387.998,6387.998,6384.998,6386.998,0.0009
06.06.2019 11:06:00.000,6387.998,6387.998,6386.998,6387.998,0.0001
06.06.2019 11:07:00.000,6387.998,6387.998,6382.997,6383.998,0.0012
06.06.2019 11:08:00.000,6383.998,6385.998,6381.997,6385.998,0.0021
06.06.2019 11:09:00.000,6385.997,6387.998,6385.997,6386.998,0.0024
06.06.2019 11:10:00.000,6387.997,6387.998,6386.997,6387.997,0.0014
06.06.2019 11:11:00.000,6387.998,6387.998,6387.997,6387.998,0.0004
06.06.2019 11:12:00.000,6387.997,6388.998,6387.997,6388.998,0.0011
06.06.2019 11:14:00.000,6388.998,6388.998,6385.998,6385.998,0.0003
06.06.2019 11:15:00.000,6386.997,6386.998,6386.997,6386.998,0.0007
06.06.2019 11:16:00.000,6386.998,6386.998,6383.997,6384.998,0.0009
06.06.2019 11:17:00.000,6385.997,6385.998,6383.998,6384.998,0.0006
06.06.2019 11:18:00.000,6385.997,6386.998,6384.997,6386.998,0.0022
06.06.2019 11:19:00.000,6386.997,6387.998,6381.998,6382.997,0.0025
06.06.2019 11:20:00.000,6381.998,6381.998,6378.998,6378.998,0.0028
06.06.2019 11:21:00.000,6378.998,6378.998,6376.997,6376.998,0.0003
06.06.2019 11:22:00.000,6376.998,6378.998,6375.997,6378.998,0.0009
06.06.2019 11:23:00.000,6378.997,6383.998,6378.997,6383.998,0.0026
06.06.2019 11:24:00.000,6383.997,6384.997,6382.997,6382.998,0.0008
06.06.2019 11:25:00.000,6383.998,6384.998,6383.997,6383.998,0.0019
06.06.2019 11:26:00.000,6383.997,6385.998,6383.997,6385.998,0.0009
06.06.2019 11:27:00.000,6385.997,6385.998,6382.997,6383.998,0.0039
06.06.2019 11:28:00.000,6383.997,6385.997,6383.997,6384.997,0.0024
06.06.2019 11:29:00.000,6384.998,6385.998,6382.997,6382.998,0.0011
06.06.2019 11:30:00.000,6382.997,6383.998,6382.997,6383.997,0.0013
06.06.2019 11:31:00.000,6383.997,6383.997,6379.997,6379.998,0.0008
06.06.2019 11:32:00.000,6380.998,6381.997,6377.998,6378.997,0.0015
06.06.2019 11:33:00.000,6378.998,6379.998,6378.997,6378.998,0.0028
06.06.2019 11:34:00.000,6379.998,6379.998,6376.998,6376.998,0.0028
06.06.2019 11:35:00.000,6376.997,6376.998,6374.997,6374.998,0.0068
06.06.2019 11:36:00.000,6374.997,6378.997,6374.997,6378.997,0.0104
06.06.2019 11:37:00.000,6378.998,6380.998,6376.997,6380.998,0.0038
06.06.2019 11:38:00.000,6380.997,6381.998,6380.997,6380.998,0.0017
06.06.2019 11:39:00.000,6380.997,6381.998,6380.997,6381.998,0.0022
06.06.2019 11:40:00.000,6381.997,6382.998,6377.998,6378.998,0.0051
06.06.2019 11:41:00.000,6378.997,6379.998,6377.998,6378.997,0.0022
06.06.2019 11:42:00.000,6379.998,6380.998,6379.997,6379.998,0.001
06.06.2019 11:43:00.000,6379.998,6380.998,6379.997,6380.998,0.0009
06.06.2019 11:44:00.000,6380.998,6383.998,6379.998,6381.998,0.0056
06.06.2019 11:45:00.000,6381.997,6383.997,6376.998,6378.998,0.0077
06.06.2019 11:46:00.000,6378.997,6379.998,6369.997,6370.998,0.0044
06.06.2019 11:47:00.000,6370.997,6371.998,6367.997,6368.997,0.0051
06.06.2019 11:48:00.000,6368.998,6368.998,6361.997,6363.997,0.005
06.06.2019 11:49:00.000,6364.998,6365.998,6361.998,6362.997,0.0034
06.06.2019 11:50:00.000,6362.997,6362.998,6359.997,6362.997,0.006
06.06.2019 11:51:00.000,6362.997,6362.997,6359.997,6361.997,0.0017
06.06.2019 11:52:00.000,6360.998,6361.997,6357.997,6358.998,0.0024
06.06.2019 11:53:00.000,6357.997,6358.998,6354.998,6355.997,0.0014
06.06.2019 11:54:00.000,6355.998,6355.998,6352.997,6352.997,0.0012
06.06.2019 11:55:00.000,6351.998,6354.998,6350.997,6354.997,0.0036
06.06.2019 11:56:00.000,6354.997,6354.997,6349.998,6351.998,0.0033
06.06.2019 11:57:00.000,6351.998,6351.998,6348.997,6348.998,0.0017
06.06.2019 11:58:00.000,6348.997,6351.998,6348.997,6349.998,0.0032
06.06.2019 11:59:00.000,6349.997,6349.998,6347.997,6347.998,0.0043
06.06.2019 12:00:00.000,6347.998,6347.998,6344.997,6346.998,0.0035
06.06.2019 12:01:00.000,6346.998,6348.998,6344.998,6348.997,0.0024
06.06.2019 12:02:00.000,6348.998,6350.750,6346.997,6346.997,0.0023
06.06.2019 12:03:00.000,6346.997,6351.998,6346.997,6350.998,0.0018
06.06.2019 12:04:00.000,6350.997,6354.998,6350.997,6351.998,0.0045
06.06.2019 12:05:00.000,6350.998,6350.998,6346.998,6348.998,0.0017
06.06.2019 12:06:00.000,6348.998,6348.998,6348.997,6348.997,0.002
06.06.2019 12:07:00.000,6348.998,6349.998,6346.998,6346.998,0.0011
06.06.2019 12:08:00.000,6348.997,6350.998,6348.997,6350.998,0.001
06.06.2019 12:09:00.000,6350.750,6350.750,6348.998,6348.998,0.0009
06.06.2019 12:10:00.000,6348.997,6349.998,6345.998,6348.997,0.0024
06.06.2019 12:11:00.000,6348.997,6349.998,6346.998,6346.998,0.0009
06.06.2019 12:12:00.000,6345.998,6346.998,6345.997,6346.998,0.0028
06.06.2019 12:13:00.000,6347.998,6348.998,6344.997,6345.997,0.0024
06.06.2019 12:14:00.000,6346.997,6348.998,6344.998,6347.998,0.0029
06.06.2019 12:15:00.000,6348.997,6350.998,6348.997,6350.998,0.007
06.06.2019 12:16:00.000,6350.998,6351.998,6349.998,6350.998,0.003
06.06.2019 12:17:00.000,6350.997,6354.998,6350.997,6353.997,0.0022
06.06.2019 12:18:00.000,6353.998,6356.998,6353.997,6356.998,0.002
06.06.2019 12:19:00.000,6355.998,6361.998,6355.998,6360.998,0.0024
06.06.2019 12:20:00.000,6361.997,6367.998,6361.997,6366.998,0.0061
06.06.2019 12:21:00.000,6366.998,6367.998,6364.998,6364.998,0.0035
06.06.2019 12:22:00.000,6366.998,6367.998,6364.998,6365.998,0.001
06.06.2019 12:23:00.000,6364.998,6366.998,6364.998,6366.998,0.0014
06.06.2019 12:24:00.000,6366.997,6368.998,6366.997,6368.997,0.0046
06.06.2019 12:25:00.000,6368.998,6368.998,6365.997,6366.998,0.0014
06.06.2019 12:26:00.000,6366.998,6370.998,6366.998,6370.998,0.0036
06.06.2019 12:27:00.000,6369.998,6370.998,6369.997,6370.998,0.0004
06.06.2019 12:28:00.000,6370.997,6374.997,6370.997,6372.998,0.0035
06.06.2019 12:29:00.000,6372.998,6372.998,6368.997,6369.997,0.0019
06.06.2019 12:30:00.000,6369.997,6370.998,6368.997,6370.998,0.0008
06.06.2019 12:31:00.000,6370.998,6370.998,6369.997,6369.998,0.0019
06.06.2019 12:32:00.000,6368.998,6369.998,6368.997,6368.998,0.0025
06.06.2019 12:33:00.000,6367.998,6371.998,6367.997,6370.998,0.0053
06.06.2019 12:34:00.000,6371.998,6372.998,6371.997,6372.997,0.0037
06.06.2019 12:35:00.000,6374.998,6375.998,6370.998,6371.998,0.0069
06.06.2019 12:36:00.000,6371.997,6373.998,6371.997,6372.997,0.0037
06.06.2019 12:37:00.000,6372.998,6375.998,6372.997,6372.997,0.0056
06.06.2019 12:38:00.000,6372.998,6372.998,6368.998,6371.998,0.004
06.06.2019 12:39:00.000,6371.998,6372.998,6370.997,6372.998,0.0027
06.06.2019 12:40:00.000,6372.998,6373.998,6372.997,6372.998,0.0037
06.06.2019 12:41:00.000,6372.998,6373.998,6372.997,6372.998,0.0034
06.06.2019 12:42:00.000,6372.998,6372.998,6369.997,6369.997,0.0027
06.06.2019 12:43:00.000,6369.998,6370.998,6366.997,6366.997,0.0046
06.06.2019 12:44:00.000,6366.998,6366.998,6362.997,6363.998,0.006
06.06.2019 12:45:00.000,6363.997,6365.998,6363.997,6363.998,0.0048
06.06.2019 12:46:00.000,6363.998,6367.998,6363.997,6367.998,0.0058
06.06.2019 12:47:00.000,6367.997,6368.998,6367.997,6368.997,0.0034
06.06.2019 12:48:00.000,6368.998,6370.998,6367.997,6367.998,0.008
06.06.2019 12:49:00.000,6368.997,6369.998,6367.997,6368.998,0.0031
06.06.2019 12:50:00.000,6368.998,6368.998,6361.997,6362.997,0.0066
06.06.2019 12:51:00.000,6362.997,6362.998,6354.997,6356.998,0.0092
06.06.2019 12:52:00.000,6356.997,6359.998,6353.997,6359.998,0.0054
06.06.2019 12:53:00.000,6359.997,6365.998,6358.997,6365.998,0.0039
06.06.2019 12:54:00.000,6364.998,6375.998,6364.998,6372.998,0.011
06.06.2019 12:55:00.000,6374.998,6375.998,6372.998,6373.997,0.0027
06.06.2019 12:56:00.000,6373.998,6379.998,6373.998,6375.998,0.0034
06.06.2019 12:57:00.000,6375.998,6376.998,6374.997,6376.998,0.0022
06.06.2019 12:58:00.000,6377.997,6378.998,6375.997,6376.998,0.0031
06.06.2019 12:59:00.000,6376.998,6380.998,6375.997,6379.998,0.0059
06.06.2019 13:00:00.000,6380.998,6385.998,6379.997,6384.997,0.0064
06.06.2019 13:01:00.000,6384.998,6384.998,6382.997,6382.997,0.0016
06.06.2019 13:02:00.000,6382.998,6382.998,6378.997,6380.997,0.0015
06.06.2019 13:03:00.000,6380.998,6382.998,6380.997,6382.998,0.0024
06.06.2019 13:04:00.000,6382.750,6389.998,6380.997,6389.998,0.0084
06.06.2019 13:05:00.000,6389.997,6392.998,6389.997,6391.998,0.0026
06.06.2019 13:06:00.000,6391.998,6393.998,6390.998,6392.998,0.0012
06.06.2019 13:07:00.000,6393.998,6393.998,6391.997,6392.998,0.0015
06.06.2019 13:08:00.000,6392.997,6394.998,6390.997,6390.997,0.0042
06.06.2019 13:09:00.000,6390.998,6392.997,6388.997,6389.998,0.0016
06.06.2019 13:10:00.000,6390.998,6393.998,6389.998,6389.998,0.0056
06.06.2019 13:11:00.000,6390.997,6390.998,6385.997,6385.997,0.0066
06.06.2019 13:12:00.000,6385.998,6389.998,6385.997,6389.998,0.0052
06.06.2019 13:13:00.000,6388.998,6390.998,6387.998,6389.998,0.0036
06.06.2019 13:14:00.000,6390.997,6390.997,6385.998,6385.998,0.0027
06.06.2019 13:15:00.000,6386.998,6387.998,6385.997,6385.998,0.0033
06.06.2019 13:16:00.000,6385.998,6388.998,6385.997,6388.998,0.0069
06.06.2019 13:17:00.000,6389.997,6390.997,6388.997,6388.998,0.0035
06.06.2019 13:18:00.000,6388.997,6391.998,6388.997,6390.998,0.0014
06.06.2019 13:19:00.000,6390.997,6391.998,6388.998,6388.998,0.0031
06.06.2019 13:20:00.000,6388.998,6390.997,6388.997,6389.998,0.0023
06.06.2019 13:21:00.000,6390.998,6390.998,6389.997,6389.998,0.0009
06.06.2019 13:22:00.000,6390.997,6393.998,6390.997,6393.997,0.0032
06.06.2019 13:23:00.000,6393.998,6395.998,6391.997,6395.998,0.0042
06.06.2019 13:24:00.000,6395.997,6396.998,6395.997,6396.997,0.0032
06.06.2019 13:25:00.000,6396.998,6396.998,6391.998,6396.998,0.003
06.06.2019 13:26:00.000,6394.998,6396.998,6391.998,6392.997,0.0035
06.06.2019 13:27:00.000,6391.997,6391.998,6389.998,6389.998,0.0012
06.06.2019 13:28:00.000,6389.998,6389.998,6387.998,6389.997,0.001
06.06.2019 13:29:00.000,6389.998,6392.998,6389.998,6392.998,0.0031
06.06.2019 13:30:00.000,6394.997,6394.998,6384.998,6384.998,0.0116
06.06.2019 13:31:00.000,6385.998,6386.998,6382.997,6382.998,0.0088
06.06.2019 13:32:00.000,6383.998,6383.998,6377.997,6377.998,0.0135
06.06.2019 13:33:00.000,6378.998,6381.998,6376.998,6380.998,0.0056
06.06.2019 13:34:00.000,6380.997,6385.998,6380.997,6383.998,0.0043
06.06.2019 13:35:00.000,6383.997,6385.998,6383.997,6385.998,0.0048
06.06.2019 13:36:00.000,6387.998,6391.998,6386.998,6391.998,0.0039
06.06.2019 13:37:00.000,6392.997,6396.998,6391.997,6395.998,0.0076
06.06.2019 13:38:00.000,6395.998,6399.998,6395.997,6399.998,0.0067
06.06.2019 13:39:00.000,6399.997,6401.998,6395.997,6397.997,0.0078
06.06.2019 13:40:00.000,6397.998,6397.998,6392.998,6394.998,0.0053
06.06.2019 13:41:00.000,6394.998,6397.998,6392.997,6397.997,0.0066
06.06.2019 13:42:00.000,6397.998,6401.998,6397.998,6399.997,0.0099
06.06.2019 13:43:00.000,6400.997,6400.998,6396.997,6399.997,0.0057
06.06.2019 13:44:00.000,6400.998,6402.998,6400.997,6402.997,0.0057
06.06.2019 13:45:00.000,6402.998,6404.998,6401.998,6402.997,0.0111
06.06.2019 13:46:00.000,6402.998,6403.998,6401.997,6402.998,0.0043
06.06.2019 13:47:00.000,6402.997,6402.998,6395.998,6397.997,0.0041
06.06.2019 13:48:00.000,6397.998,6400.997,6397.998,6399.998,0.007
06.06.2019 13:49:00.000,6401.750,6401.998,6399.997,6400.997,0.0024
06.06.2019 13:50:00.000,6400.998,6409.998,6400.998,6409.997,0.0136
06.06.2019 13:51:00.000,6409.998,6414.998,6408.997,6413.998,0.0107
06.06.2019 13:52:00.000,6413.997,6413.998,6406.997,6408.998,0.0054
06.06.2019 13:53:00.000,6408.998,6410.998,6408.997,6408.998,0.0083
06.06.2019 13:54:00.000,6409.997,6409.998,6405.997,6407.998,0.0098
06.06.2019 13:55:00.000,6407.997,6412.998,6405.997,6412.998,0.0161
06.06.2019 13:56:00.000,6411.997,6412.998,6410.997,6411.998,0.0068
06.06.2019 13:57:00.000,6411.997,6413.998,6411.997,6412.998,0.0066
06.06.2019 13:58:00.000,6412.998,6413.998,6410.997,6410.997,0.0043
06.06.2019 13:59:00.000,6410.998,6411.998,6407.997,6408.998,0.0131
06.06.2019 14:00:00.000,6408.997,6410.998,6402.998,6402.998,0.0043
06.06.2019 14:01:00.000,6403.997,6409.998,6403.997,6409.998,0.0078
06.06.2019 14:02:00.000,6409.997,6411.998,6408.997,6410.998,0.008
06.06.2019 14:03:00.000,6410.997,6410.998,6408.997,6410.998,0.0076
06.06.2019 14:04:00.000,6410.998,6412.998,6410.997,6412.998,0.0074
06.06.2019 14:05:00.000,6412.997,6415.998,6410.998,6411.998,0.0078
06.06.2019 14:06:00.000,6411.998,6412.998,6408.998,6409.998,0.0054
06.06.2019 14:07:00.000,6410.997,6418.998,6410.997,6418.998,0.0094
06.06.2019 14:08:00.000,6418.998,6420.998,6416.997,6418.998,0.0136
06.06.2019 14:09:00.000,6417.998,6420.998,6414.998,6414.998,0.0074
06.06.2019 14:10:00.000,6414.998,6414.998,6405.997,6405.997,0.0089
06.06.2019 14:11:00.000,6406.998,6410.998,6404.998,6404.998,0.0066
06.06.2019 14:12:00.000,6404.998,6404.998,6397.997,6397.998,0.0029
06.06.2019 14:13:00.000,6397.997,6399.998,6395.997,6396.998,0.007
06.06.2019 14:14:00.000,6398.997,6398.998,6395.997,6396.997,0.0101
06.06.2019 14:15:00.000,6396.997,6399.997,6394.997,6396.998,0.0059
06.06.2019 14:16:00.000,6396.997,6396.997,6392.997,6393.998,0.003
06.06.2019 14:17:00.000,6393.997,6395.998,6390.997,6393.998,0.0092
06.06.2019 14:18:00.000,6393.997,6393.998,6386.998,6387.997,0.0074
06.06.2019 14:19:00.000,6386.998,6387.998,6383.997,6384.998,0.0088
06.06.2019 14:20:00.000,6385.998,6386.997,6383.997,6383.998,0.0107
06.06.2019 14:21:00.000,6383.998,6387.998,6383.997,6384.998,0.0073
06.06.2019 14:22:00.000,6385.998,6386.998,6382.997,6383.998,0.0049
06.06.2019 14:23:00.000,6384.997,6387.998,6384.997,6387.998,0.0094
06.06.2019 14:24:00.000,6387.997,6390.998,6386.998,6388.998,0.0049
06.06.2019 14:25:00.000,6388.998,6388.998,6384.997,6385.998,0.0165
06.06.2019 14:26:00.000,6386.997,6388.998,6382.997,6383.997,0.0083
06.06.2019 14:27:00.000,6384.997,6387.998,6383.997,6387.998,0.0105
06.06.2019 14:28:00.000,6387.998,6388.998,6385.997,6385.998,0.0096
06.06.2019 14:29:00.000,6386.998,6386.998,6378.998,6379.998,0.0077
06.06.2019 14:30:00.000,6379.997,6383.998,6378.997,6381.998,0.0093
06.06.2019 14:31:00.000,6379.998,6385.998,6379.997,6385.998,0.0158
06.06.2019 14:32:00.000,6384.998,6389.998,6383.998,6388.997,0.0095
06.06.2019 14:33:00.000,6388.998,6390.998,6388.997,6389.998,0.0076
06.06.2019 14:34:00.000,6389.997,6393.998,6388.998,6393.997,0.0167
06.06.2019 14:35:00.000,6393.998,6397.998,6393.997,6395.997,0.0146
06.06.2019 14:36:00.000,6395.998,6397.998,6393.997,6397.998,0.0082
06.06.2019 14:37:00.000,6397.997,6399.998,6395.997,6396.998,0.0132
06.06.2019 14:38:00.000,6397.998,6400.998,6395.997,6397.998,0.008
06.06.2019 14:39:00.000,6397.998,6399.998,6397.997,6398.998,0.0044
06.06.2019 14:40:00.000,6399.997,6399.998,6396.997,6397.998,0.0154
06.06.2019 14:41:00.000,6397.997,6398.998,6396.997,6398.997,0.0095
06.06.2019 14:42:00.000,6398.998,6399.998,6397.997,6399.998,0.0128
06.06.2019 14:43:00.000,6400.997,6406.998,6399.997,6402.997,0.0077
06.06.2019 14:44:00.000,6402.998,6402.998,6394.997,6394.998,0.0054
06.06.2019 14:45:00.000,6395.997,6396.998,6394.998,6395.998,0.007
06.06.2019 14:46:00.000,6395.997,6397.998,6395.997,6395.998,0.0118
06.06.2019 14:47:00.000,6395.998,6395.998,6391.997,6392.998,0.009
06.06.2019 14:48:00.000,6391.998,6395.998,6391.998,6395.998,0.0056
06.06.2019 14:49:00.000,6396.998,6396.998,6395.997,6395.998,0.0058
06.06.2019 14:50:00.000,6395.998,6411.998,6395.997,6407.998,0.0132
06.06.2019 14:51:00.000,6406.998,6407.998,6403.997,6404.997,0.0071
06.06.2019 14:52:00.000,6402.997,6403.998,6400.998,6400.998,0.0027
06.06.2019 14:53:00.000,6400.998,6400.998,6395.998,6398.998,0.0081
06.06.2019 14:54:00.000,6398.998,6400.998,6395.998,6396.998,0.0038
06.06.2019 14:55:00.000,6397.997,6399.998,6396.998,6398.998,0.0114
06.06.2019 14:56:00.000,6399.997,6399.998,6396.998,6398.998,0.0069
06.06.2019 14:57:00.000,6398.997,6399.998,6396.997,6397.998,0.0075
06.06.2019 14:58:00.000,6397.997,6399.998,6396.997,6398.998,0.0098
06.06.2019 14:59:00.000,6398.997,6399.998,6396.998,6396.998,0.0036
06.06.2019 15:00:00.000,6396.998,6397.998,6391.998,6397.997,0.0122
06.06.2019 15:01:00.000,6396.998,6398.998,6393.997,6395.997,0.0108
06.06.2019 15:02:00.000,6396.998,6396.998,6394.997,6394.998,0.0091
06.06.2019 15:03:00.000,6394.997,6394.998,6392.997,6392.998,0.0066
06.06.2019 15:04:00.000,6392.998,6392.998,6389.997,6391.998,0.0077
06.06.2019 15:05:00.000,6391.998,6393.998,6389.998,6391.998,0.0109
06.06.2019 15:06:00.000,6391.997,6393.998,6391.997,6393.998,0.0075
06.06.2019 15:07:00.000,6393.997,6399.998,6393.997,6399.998,0.007
06.06.2019 15:08:00.000,6399.997,6403.998,6399.997,6401.997,0.0134
06.06.2019 15:09:00.000,6402.998,6404.998,6400.997,6401.997,0.0101
06.06.2019 15:10:00.000,6401.998,6402.998,6400.997,6400.998,0.0043
06.06.2019 15:11:00.000,6400.997,6402.998,6399.997,6400.998,0.0072
06.06.2019 15:12:00.000,6400.997,6401.998,6397.997,6397.997,0.0059
06.06.2019 15:13:00.000,6397.998,6400.998,6396.997,6400.998,0.0053
06.06.2019 15:14:00.000,6400.997,6404.997,6400.997,6403.998,0.0133
06.06.2019 15:15:00.000,6404.997,6404.998,6403.997,6404.997,0.0229
06.06.2019 15:16:00.000,6404.998,6404.998,6401.997,6403.998,0.0094
06.06.2019 15:17:00.000,6403.997,6408.998,6403.997,6405.998,0.013
06.06.2019 15:18:00.000,6405.997,6405.998,6403.997,6404.997,0.0049
06.06.2019 15:19:00.000,6404.998,6404.998,6403.997,6404.998,0.0117
06.06.2019 15:20:00.000,6403.997,6404.998,6402.997,6403.998,0.0056
06.06.2019 15:21:00.000,6403.998,6406.998,6403.997,6406.998,0.0145
06.06.2019 15:22:00.000,6406.997,6409.998,6406.997,6408.998,0.0088
06.06.2019 15:23:00.000,6406.998,6408.998,6405.997,6407.997,0.0118
06.06.2019 15:24:00.000,6407.998,6408.998,6407.997,6408.998,0.0065
06.06.2019 15:25:00.000,6408.997,6409.998,6407.998,6408.998,0.0222
06.06.2019 15:26:00.000,6409.997,6412.998,6409.997,6412.998,0.0269
06.06.2019 15:27:00.000,6412.997,6414.998,6408.998,6408.998,0.0185
06.06.2019 15:28:00.000,6408.997,6408.998,6406.997,6406.997,0.0051
06.06.2019 15:29:00.000,6407.997,6410.998,6405.997,6406.997,0.0099
07.06.2019 07:01:00.000,6437.997,6437.997,6437.997,6437.997,0.0001
07.06.2019 07:04:00.000,6427.998,6437.998,6427.998,6437.998,0.0005
07.06.2019 07:05:00.000,6437.997,6437.998,6429.998,6435.997,0.0013
07.06.2019 07:06:00.000,6436.997,6438.998,6436.997,6438.998,0.0008
07.06.2019 07:07:00.000,6438.998,6442.998,6438.998,6441.998,0.0014
07.06.2019 07:08:00.000,6441.997,6441.998,6434.998,6435.998,0.0021
07.06.2019 07:09:00.000,6437.997,6447.998,6437.997,6445.998,0.0026
07.06.2019 07:10:00.000,6446.998,6452.998,6442.997,6445.998,0.005
07.06.2019 07:11:00.000,6446.998,6450.998,6443.997,6443.997,0.0022
07.06.2019 07:12:00.000,6444.997,6456.997,6444.997,6453.998,0.0063
07.06.2019 07:13:00.000,6453.998,6459.998,6453.997,6455.997,0.0027
07.06.2019 07:14:00.000,6455.997,6457.998,6453.997,6455.997,0.0034
07.06.2019 07:15:00.000,6455.997,6455.998,6450.998,6450.998,0.0023
07.06.2019 07:16:00.000,6451.998,6457.998,6451.998,6457.998,0.0052
07.06.2019 07:17:00.000,6456.998,6462.998,6454.997,6457.998,0.0071
07.06.2019 07:18:00.000,6458.998,6458.998,6456.998,6457.998,0.0024
07.06.2019 07:19:00.000,6458.997,6458.998,6451.997,6451.998,0.007
07.06.2019 07:20:00.000,6454.997,6456.997,6453.997,6454.998,0.0034
07.06.2019 07:21:00.000,6455.998,6455.998,6449.998,6449.998,0.0027
07.06.2019 07:22:00.000,6449.998,6456.998,6448.997,6456.998,0.0069
07.06.2019 07:23:00.000,6456.997,6459.998,6451.997,6452.998,0.0057
07.06.2019 07:24:00.000,6451.997,6456.998,6449.998,6456.997,0.0041
07.06.2019 07:25:00.000,6456.998,6456.998,6452.997,6456.998,0.0029
07.06.2019 07:26:00.000,6456.998,6459.998,6455.998,6457.998,0.0019
07.06.2019 07:27:00.000,6457.997,6459.998,6457.997,6459.998,0.0017
07.06.2019 07:28:00.000,6459.997,6459.997,6455.997,6455.998,0.0006
07.06.2019 07:29:00.000,6455.997,6459.998,6452.998,6459.998,0.0025
07.06.2019 07:30:00.000,6459.997,6462.998,6458.998,6460.997,0.0029
07.06.2019 07:31:00.000,6460.998,6460.998,6453.997,6453.997,0.0016
07.06.2019 07:32:00.000,6453.998,6456.998,6453.997,6453.998,0.0062
07.06.2019 07:33:00.000,6452.998,6453.998,6449.997,6451.997,0.0078
07.06.2019 07:34:00.000,6450.997,6451.998,6448.998,6449.998,0.0039
07.06.2019 07:35:00.000,6449.998,6449.998,6442.997,6443.998,0.0106
07.06.2019 07:36:00.000,6444.998,6446.998,6444.997,6445.997,0.0032
07.06.2019 07:37:00.000,6446.998,6447.998,6442.997,6442.997,0.0032
07.06.2019 07:38:00.000,6442.998,6444.998,6442.997,6442.998,0.0066
07.06.2019 07:39:00.000,6443.998,6444.998,6441.997,6442.997,0.009
07.06.2019 07:40:00.000,6442.997,6444.998,6441.998,6444.997,0.005
07.06.2019 07:41:00.000,6444.998,6444.998,6440.997,6443.998,0.0036
07.06.2019 07:42:00.000,6443.998,6443.998,6440.997,6440.997,0.0037
07.06.2019 07:43:00.000,6440.997,6441.998,6436.998,6439.998,0.0079
07.06.2019 07:44:00.000,6440.997,6445.998,6440.997,6444.998,0.004
07.06.2019 07:45:00.000,6444.997,6448.998,6444.997,6447.998,0.0028
07.06.2019 07:46:00.000,6447.997,6447.997,6442.997,6444.997,0.0038
07.06.2019 07:47:00.000,6444.998,6447.998,6443.997,6447.998,0.0043
07.06.2019 07:48:00.000,6448.998,6448.998,6443.997,6444.998,0.0048
07.06.2019 07:49:00.000,6445.998,6447.998,6444.997,6445.998,0.0042
07.06.2019 07:50:00.000,6445.997,6446.998,6442.997,6442.997,0.0068
07.06.2019 07:51:00.000,6443.998,6444.998,6440.998,6440.998,0.0042
07.06.2019 07:52:00.000,6440.998,6441.998,6438.997,6441.998,0.0088
07.06.2019 07:53:00.000,6441.997,6446.998,6441.997,6446.998,0.0045
07.06.2019 07:54:00.000,6447.998,6447.998,6442.998,6442.998,0.004
07.06.2019 07:55:00.000,6442.997,6443.998,6442.997,6442.998,0.0055
07.06.2019 07:56:00.000,6442.998,6442.998,6438.998,6439.998,0.0043
07.06.2019 07:57:00.000,6439.997,6447.998,6439.997,6445.998,0.0069
07.06.2019 07:58:00.000,6445.997,6446.998,6445.997,6445.998,0.0028
07.06.2019 07:59:00.000,6445.998,6446.998,6445.997,6445.997,0.0016
07.06.2019 08:00:00.000,6445.997,6445.998,6443.998,6443.998,0.0029
07.06.2019 08:01:00.000,6443.997,6443.998,6438.997,6438.997,0.004
07.06.2019 08:02:00.000,6438.997,6440.998,6438.997,6438.998,0.0128
07.06.2019 08:03:00.000,6438.997,6441.998,6438.997,6441.997,0.0033
07.06.2019 08:04:00.000,6441.998,6441.998,6438.997,6439.998,0.0039
07.06.2019 08:05:00.000,6439.997,6440.998,6439.997,6439.998,0.0026
07.06.2019 08:06:00.000,6439.998,6439.998,6436.997,6436.998,0.0009
07.06.2019 08:07:00.000,6437.997,6439.998,6437.997,6439.997,0.0028
07.06.2019 08:08:00.000,6439.998,6444.998,6438.998,6444.998,0.0082
07.06.2019 08:09:00.000,6443.997,6444.998,6443.997,6443.998,0.0121
07.06.2019 08:10:00.000,6443.998,6443.998,6438.997,6439.998,0.0055
07.06.2019 08:11:00.000,6438.998,6438.998,6436.997,6437.998,0.0022
07.06.2019 08:12:00.000,6437.997,6438.998,6436.997,6437.998,0.002
07.06.2019 08:13:00.000,6437.997,6437.997,6435.997,6435.998,0.001
07.06.2019 08:14:00.000,6436.998,6439.998,6435.997,6439.998,0.0038
07.06.2019 08:15:00.000,6439.997,6442.998,6439.997,6439.997,0.0048
07.06.2019 08:16:00.000,6439.998,6439.998,6437.997,6437.998,0.0022
07.06.2019 08:17:00.000,6437.997,6441.998,6436.998,6441.998,0.0021
07.06.2019 08:18:00.000,6441.998,6441.998,6436.997,6437.997,0.004
07.06.2019 08:19:00.000,6437.998,6438.998,6435.998,6437.997,0.0029
07.06.2019 08:20:00.000,6437.998,6437.998,6435.998,6437.998,0.0021
07.06.2019 08:21:00.000,6437.997,6439.998,6437.997,6438.998,0.0013
07.06.2019 08:22:00.000,6438.997,6438.998,6435.997,6437.998,0.0014
07.06.2019 08:23:00.000,6439.998,6440.997,6439.997,6440.997,0.0011
07.06.2019 08:24:00.000,6439.998,6439.998,6438.997,6438.997,0.0017
07.06.2019 08:25:00.000,6438.998,6439.998,6437.997,6439.998,0.0034
07.06.2019 08:26:00.000,6438.998,6439.998,6438.997,6438.998,0.0051
07.06.2019 08:27:00.000,6439.997,6439.998,6435.997,6436.998,0.0026
07.06.2019 08:28:00.000,6435.998,6435.998,6435.997,6435.998,0.0008
07.06.2019 08:29:00.000,6437.998,6439.997,6433.998,6434.997,0.0055
07.06.2019 08:30:00.000,6434.998,6434.998,6429.997,6430.998,0.0023
07.06.2019 08:31:00.000,6431.998,6433.998,6431.997,6433.998,0.0012
07.06.2019 08:32:00.000,6433.997,6434.998,6433.997,6434.998,0.0024
07.06.2019 08:33:00.000,6435.998,6435.998,6431.997,6431.998,0.0063
07.06.2019 08:34:00.000,6431.998,6432.998,6431.997,6431.998,0.0026
07.06.2019 08:35:00.000,6431.997,6431.998,6428.997,6430.998,0.0028
07.06.2019 08:36:00.000,6429.997,6429.997,6426.997,6426.998,0.0022
07.06.2019 08:38:00.000,6426.997,6428.998,6425.997,6425.998,0.0023
07.06.2019 08:39:00.000,6426.997,6427.998,6423.997,6423.998,0.0028
07.06.2019 08:40:00.000,6423.997,6426.998,6422.997,6422.997,0.0027
07.06.2019 08:42:00.000,6422.997,6422.997,6420.998,6421.997,0.0007
07.06.2019 08:43:00.000,6421.998,6421.998,6419.997,6421.998,0.0014
07.06.2019 08:44:00.000,6422.998,6422.998,6419.998,6419.998,0.0011
07.06.2019 08:45:00.000,6419.998,6423.998,6419.998,6422.998,0.0015
07.06.2019 08:46:00.000,6423.998,6423.998,6422.997,6422.998,0.0011
07.06.2019 08:47:00.000,6423.998,6428.998,6423.998,6428.998,0.0039
07.06.2019 08:48:00.000,6426.998,6427.998,6425.997,6425.998,0.0019
07.06.2019 08:49:00.000,6423.997,6424.998,6417.998,6418.997,0.0042
07.06.2019 08:50:00.000,6417.998,6417.998,6413.997,6413.998,0.0044
07.06.2019 08:51:00.000,6413.998,6416.997,6413.998,6416.997,0.0019
07.06.2019 08:52:00.000,6417.998,6420.998,6417.997,6419.998,0.0032
07.06.2019 08:53:00.000,6421.998,6422.998,6418.997,6420.998,0.0044
07.06.2019 08:54:00.000,6420.997,6421.998,6418.998,6421.998,0.0012
07.06.2019 08:55:00.000,6421.998,6421.998,6418.997,6418.998,0.0026
07.06.2019 08:56:00.000,6418.998,6419.998,6418.997,6419.998,0.0016
07.06.2019 08:57:00.000,6418.998,6419.998,6418.997,6418.997,0.0009
07.06.2019 08:58:00.000,6419.997,6421.998,6418.998,6418.998,0.0044
07.06.2019 08:59:00.000,6418.998,6420.998,6418.998,6420.998,0.0011
07.06.2019 09:00:00.000,6420.998,6420.998,6412.997,6412.997,0.002
07.06.2019 09:01:00.000,6414.997,6414.998,6413.998,6413.998,0.0006
07.06.2019 09:02:00.000,6413.997,6415.998,6412.997,6415.998,0.0015
07.06.2019 09:03:00.000,6416.997,6419.998,6416.997,6418.998,0.0014
07.06.2019 09:04:00.000,6418.997,6419.998,6415.997,6417.998,0.0034
07.06.2019 09:05:00.000,6417.998,6417.998,6413.997,6414.998,0.0052
07.06.2019 09:07:00.000,6414.997,6418.998,6413.997,6418.998,0.0037
07.06.2019 09:08:00.000,6419.998,6420.998,6418.997,6418.998,0.0019
07.06.2019 09:09:00.000,6418.997,6418.997,6414.998,6415.998,0.0041
07.06.2019 09:10:00.000,6414.997,6418.998,6414.997,6418.998,0.0093
07.06.2019 09:11:00.000,6418.997,6418.998,6418.997,6418.998,0.0008
07.06.2019 09:12:00.000,6418.997,6418.998,6415.998,6415.998,0.0034
07.06.2019 09:13:00.000,6415.997,6415.998,6415.997,6415.998,0.0013
07.06.2019 09:14:00.000,6415.998,6418.998,6413.997,6417.998,0.0046
07.06.2019 09:15:00.000,6417.998,6417.998,6415.998,6416.997,0.0031
07.06.2019 09:16:00.000,6416.998,6416.998,6413.997,6413.997,0.0015
07.06.2019 09:17:00.000,6414.998,6414.998,6412.997,6412.997,0.0007
07.06.2019 09:18:00.000,6412.998,6413.998,6412.997,6413.998,0.0026
07.06.2019 09:19:00.000,6414.998,6421.997,6414.997,6419.998,0.0023
07.06.2019 09:20:00.000,6419.997,6421.998,6417.997,6421.998,0.0035
07.06.2019 09:21:00.000,6421.997,6421.998,6419.998,6421.998,0.0053
07.06.2019 09:22:00.000,6421.998,6421.998,6419.997,6419.998,0.0022
07.06.2019 09:23:00.000,6419.997,6421.998,6419.997,6421.998,0.0047
07.06.2019 09:24:00.000,6421.997,6421.998,6419.997,6420.998,0.0071
07.06.2019 09:25:00.000,6420.997,6420.998,6418.997,6418.998,0.0009
07.06.2019 09:26:00.000,6418.998,6422.998,6418.997,6421.998,0.0037
07.06.2019 09:27:00.000,6421.997,6426.997,6420.998,6420.998,0.0089
07.06.2019 09:29:00.000,6421.998,6421.998,6420.997,6420.998,0.0009
07.06.2019 09:30:00.000,6420.998,6421.998,6420.997,6421.997,0.0034
07.06.2019 09:31:00.000,6421.998,6421.998,6421.997,6421.998,0.0029
07.06.2019 09:32:00.000,6419.998,6419.998,6416.997,6416.998,0.0008
07.06.2019 09:33:00.000,6416.998,6416.998,6411.997,6414.998,0.004
07.06.2019 09:34:00.000,6414.998,6415.998,6414.997,6414.998,0.0025
07.06.2019 09:35:00.000,6415.997,6416.998,6414.997,6415.998,0.001
07.06.2019 09:36:00.000,6415.997,6418.998,6415.997,6418.998,0.0014
07.06.2019 09:37:00.000,6418.998,6418.998,6418.997,6418.998,0.0027
07.06.2019 09:38:00.000,6418.998,6421.998,6418.997,6418.998,0.0031
07.06.2019 09:39:00.000,6418.998,6419.998,6418.997,6418.998,0.0027
07.06.2019 09:40:00.000,6418.998,6418.998,6418.998,6418.998,0.0005
07.06.2019 09:41:00.000,6418.998,6419.998,6417.997,6418.998,0.0047
07.06.2019 09:42:00.000,6418.998,6418.998,6418.997,6418.997,0.0014
07.06.2019 09:43:00.000,6418.998,6418.998,6418.997,6418.998,0.0023
07.06.2019 09:44:00.000,6418.997,6418.997,6412.997,6412.998,0.0051
07.06.2019 09:45:00.000,6413.998,6413.998,6411.997,6411.998,0.0032
07.06.2019 09:46:00.000,6411.997,6411.998,6410.997,6410.997,0.0012
07.06.2019 09:47:00.000,6410.997,6410.998,6408.997,6410.998,0.004
07.06.2019 09:48:00.000,6410.997,6412.998,6410.997,6412.997,0.0033
07.06.2019 09:49:00.000,6412.998,6412.998,6410.997,6411.998,0.0024
07.06.2019 09:50:00.000,6411.997,6417.998,6411.997,6417.998,0.0036
07.06.2019 09:51:00.000,6417.998,6417.998,6416.997,6417.997,0.0015
07.06.2019 09:52:00.000,6417.998,6421.998,6417.997,6418.998,0.0052
07.06.2019 09:53:00.000,6418.997,6422.998,6418.997,6421.997,0.0085
07.06.2019 09:54:00.000,6422.998,6422.998,6421.997,6422.998,0.0038
07.06.2019 09:55:00.000,6423.997,6423.998,6419.997,6419.998,0.0038
07.06.2019 09:56:00.000,6419.997,6419.998,6419.997,6419.998,0.0025
07.06.2019 09:57:00.000,6419.997,6419.998,6419.997,6419.997,0.0026
07.06.2019 09:58:00.000,6419.998,6419.998,6416.998,6416.998,0.0024
07.06.2019 09:59:00.000,6416.998,6422.998,6416.997,6422.997,0.0046
07.06.2019 10:00:00.000,6422.997,6422.998,6421.997,6422.998,0.0014
07.06.2019 10:01:00.000,6422.997,6424.998,6422.997,6423.998,0.0049
07.06.2019 10:02:00.000,6423.997,6424.998,6422.997,6423.998,0.0031
07.06.2019 10:03:00.000,6424.997,6426.998,6423.998,6425.997,0.0017
07.06.2019 10:04:00.000,6425.998,6426.998,6425.997,6425.998,0.0009
07.06.2019 10:05:00.000,6426.998,6428.998,6426.997,6427.998,0.0037
07.06.2019 10:06:00.000,6427.997,6427.998,6427.997,6427.998,0.0019
07.06.2019 10:07:00.000,6427.997,6429.998,6427.997,6429.998,0.004
07.06.2019 10:08:00.000,6430.997,6430.998,6427.997,6428.997,0.0023
07.06.2019 10:09:00.000,6428.997,6428.997,6426.997,6426.998,0.0057
07.06.2019 10:10:00.000,6426.997,6428.998,6426.997,6428.998,0.0081
07.06.2019 10:11:00.000,6428.997,6428.998,6426.997,6427.998,0.0038
07.06.2019 10:12:00.000,6427.998,6428.998,6427.997,6427.998,0.0009
07.06.2019 10:13:00.000,6426.998,6427.998,6426.997,6426.998,0.002
07.06.2019 10:14:00.000,6426.997,6426.998,6426.997,6426.998,0.0008
07.06.2019 10:15:00.000,6426.997,6426.998,6425.997,6425.998,0.0033
07.06.2019 10:16:00.000,6425.998,6429.998,6425.998,6429.998,0.0065
07.06.2019 10:17:00.000,6429.998,6429.998,6426.997,6426.998,0.0067
07.06.2019 10:18:00.000,6426.998,6427.998,6426.997,6427.998,0.0029
07.06.2019 10:19:00.000,6427.997,6429.998,6427.997,6428.998,0.0062
07.06.2019 10:20:00.000,6428.997,6428.998,6428.997,6428.998,0.0013
07.06.2019 10:21:00.000,6428.998,6428.998,6428.997,6428.998,0.0014
07.06.2019 10:22:00.000,6428.997,6428.998,6427.997,6428.998,0.0063
07.06.2019 10:23:00.000,6428.997,6433.998,6428.997,6433.998,0.0092
07.06.2019 10:24:00.000,6433.998,6437.998,6433.997,6437.998,0.0063
07.06.2019 10:25:00.000,6438.998,6441.998,6437.997,6438.998,0.0068
07.06.2019 10:26:00.000,6437.997,6437.997,6433.997,6433.998,0.0047
07.06.2019 10:27:00.000,6433.997,6435.998,6433.997,6435.998,0.0026
07.06.2019 10:28:00.000,6435.997,6435.998,6434.997,6435.997,0.004
07.06.2019 10:29:00.000,6435.998,6437.998,6435.998,6436.998,0.0027
07.06.2019 10:30:00.000,6437.998,6440.998,6436.997,6440.997,0.0073
07.06.2019 10:31:00.000,6441.998,6441.998,6437.997,6437.998,0.0035
07.06.2019 10:32:00.000,6437.998,6438.997,6435.998,6437.998,0.0032
07.06.2019 10:33:00.000,6437.997,6439.997,6437.997,6437.998,0.0042
07.06.2019 10:34:00.000,6437.997,6438.998,6437.997,6437.998,0.0037
07.06.2019 10:35:00.000,6438.997,6438.997,6437.997,6437.998,0.0013
07.06.2019 10:37:00.000,6437.997,6439.998,6437.997,6439.998,0.0007
07.06.2019 10:38:00.000,6440.997,6445.998,6439.998,6444.998,0.0034
07.06.2019 10:39:00.000,6444.997,6446.998,6441.998,6441.998,0.007
07.06.2019 10:40:00.000,6442.998,6443.998,6441.997,6443.998,0.0014
07.06.2019 10:41:00.000,6444.997,6446.998,6444.997,6446.997,0.0029
07.06.2019 10:42:00.000,6446.997,6446.997,6441.997,6442.998,0.0014
07.06.2019 10:43:00.000,6442.998,6442.998,6439.997,6440.998,0.0022
07.06.2019 10:44:00.000,6440.998,6441.998,6440.997,6440.998,0.006
07.06.2019 10:45:00.000,6440.998,6441.998,6438.998,6440.997,0.0052
07.06.2019 10:46:00.000,6440.998,6441.998,6440.997,6440.997,0.0085
07.06.2019 10:47:00.000,6440.998,6440.998,6440.997,6440.998,0.008
07.06.2019 10:48:00.000,6440.998,6441.997,6440.997,6440.998,0.0059
07.06.2019 10:49:00.000,6440.997,6440.998,6440.997,6440.997,0.0087
07.06.2019 10:50:00.000,6440.998,6440.998,6440.997,6440.998,0.0034
07.06.2019 10:51:00.000,6440.997,6441.998,6440.997,6440.998,0.0225
07.06.2019 10:52:00.000,6440.997,6441.997,6440.997,6440.998,0.0178
07.06.2019 10:53:00.000,6440.998,6447.998,6440.997,6447.997,0.0149
07.06.2019 10:54:00.000,6447.998,6453.998,6447.997,6452.997,0.0056
07.06.2019 10:55:00.000,6452.997,6452.997,6446.997,6447.998,0.0037
07.06.2019 10:56:00.000,6447.998,6454.998,6447.997,6453.998,0.0036
07.06.2019 10:57:00.000,6452.998,6453.998,6452.997,6452.998,0.0016
07.06.2019 10:58:00.000,6452.997,6452.998,6452.997,6452.998,0.0023
07.06.2019 10:59:00.000,6452.997,6452.998,6451.997,6451.998,0.0019
07.06.2019 11:00:00.000,6452.997,6452.997,6452.997,6452.997,0.0006
07.06.2019 11:01:00.000,6452.997,6452.997,6452.997,6452.997,0.0001
07.06.2019 11:02:00.000,6452.997,6452.997,6448.997,6449.998,0.0002
07.06.2019 11:03:00.000,6449.997,6451.998,6446.997,6451.998,0.0064
07.06.2019 11:04:00.000,6451.997,6451.998,6448.997,6448.997,0.0041
07.06.2019 11:05:00.000,6448.998,6449.998,6447.997,6449.998,0.003
07.06.2019 11:06:00.000,6449.998,6449.998,6449.997,6449.997,0.0005
07.06.2019 11:07:00.000,6449.997,6449.998,6448.997,6449.998,0.0024
07.06.2019 11:08:00.000,6449.997,6450.998,6448.997,6448.998,0.0017
07.06.2019 11:09:00.000,6448.998,6450.998,6448.998,6450.998,0.0042
07.06.2019 11:10:00.000,6450.997,6451.998,6449.997,6450.998,0.0043
07.06.2019 11:11:00.000,6450.997,6450.998,6450.997,6450.997,0.0006
07.06.2019 11:12:00.000,6450.998,6450.998,6450.997,6450.998,0.0036
07.06.2019 11:13:00.000,6450.998,6450.998,6447.997,6449.998,0.0061
07.06.2019 11:14:00.000,6449.998,6450.998,6449.997,6449.997,0.0032
07.06.2019 11:15:00.000,6450.997,6451.998,6449.998,6450.998,0.0052
07.06.2019 11:16:00.000,6450.997,6450.998,6447.997,6447.997,0.0041
07.06.2019 11:17:00.000,6447.998,6448.998,6447.997,6448.998,0.0039
07.06.2019 11:18:00.000,6448.998,6448.998,6448.997,6448.998,0.0001
07.06.2019 11:19:00.000,6447.998,6447.998,6444.997,6445.997,0.0015
07.06.2019 11:20:00.000,6445.998,6446.998,6445.997,6445.997,0.0018
07.06.2019 11:21:00.000,6445.998,6448.998,6445.997,6445.998,0.0059
07.06.2019 11:22:00.000,6445.997,6447.998,6445.997,6447.997,0.0021
07.06.2019 11:23:00.000,6447.998,6447.998,6447.997,6447.998,0.0012
07.06.2019 11:24:00.000,6447.997,6448.998,6447.997,6448.998,0.0026
07.06.2019 11:25:00.000,6448.997,6448.998,6444.997,6445.997,0.0039
07.06.2019 11:26:00.000,6445.998,6446.998,6445.997,6446.998,0.0028
07.06.2019 11:27:00.000,6446.997,6446.998,6445.997,6446.998,0.0003
07.06.2019 11:28:00.000,6445.998,6446.998,6445.997,6445.998,0.0007
07.06.2019 11:29:00.000,6446.998,6446.998,6443.997,6444.998,0.0035
07.06.2019 11:30:00.000,6445.998,6445.998,6445.998,6445.998,0.0002
07.06.2019 11:31:00.000,6445.998,6445.998,6445.997,6445.998,0.0015
07.06.2019 11:32:00.000,6445.998,6445.998,6445.997,6445.997,0.0016
07.06.2019 11:33:00.000,6445.998,6446.998,6443.998,6445.998,0.0037
07.06.2019 11:34:00.000,6446.997,6447.998,6445.997,6446.997,0.0045
07.06.2019 11:35:00.000,6446.998,6448.998,6446.998,6448.998,0.0021
07.06.2019 11:36:00.000,6448.998,6448.998,6443.997,6444.998,0.0043
07.06.2019 11:37:00.000,6443.998,6443.998,6441.997,6442.997,0.0014
07.06.2019 11:38:00.000,6443.998,6443.998,6443.997,6443.997,0.0023
07.06.2019 11:39:00.000,6443.998,6443.998,6443.997,6443.998,0.0003
07.06.2019 11:40:00.000,6443.997,6443.998,6440.998,6441.997,0.0015
07.06.2019 11:41:00.000,6441.998,6441.998,6441.997,6441.998,0.0001
07.06.2019 11:43:00.000,6440.997,6440.998,6434.997,6434.998,0.0026
07.06.2019 11:44:00.000,6435.997,6435.998,6431.998,6432.998,0.0026
07.06.2019 11:45:00.000,6432.998,6432.998,6430.998,6431.998,0.001
07.06.2019 11:46:00.000,6432.997,6433.998,6429.997,6429.997,0.0024
07.06.2019 11:47:00.000,6429.998,6429.998,6422.997,6423.998,0.0064
07.06.2019 11:48:00.000,6424.998,6424.998,6423.997,6423.998,0.0016
07.06.2019 11:49:00.000,6423.997,6423.998,6420.997,6420.998,0.0023
07.06.2019 11:50:00.000,6420.997,6423.998,6420.997,6423.998,0.0022
07.06.2019 11:51:00.000,6423.997,6424.998,6423.997,6424.998,0.0019
07.06.2019 11:52:00.000,6424.998,6427.998,6424.998,6425.997,0.0037
07.06.2019 11:53:00.000,6425.998,6425.998,6423.998,6423.998,0.0016
07.06.2019 11:54:00.000,6424.997,6424.998,6423.997,6423.998,0.0007
07.06.2019 11:56:00.000,6422.998,6425.998,6418.997,6425.997,0.0074
07.06.2019 11:57:00.000,6425.998,6431.998,6425.997,6430.998,0.0034
07.06.2019 11:58:00.000,6430.998,6430.998,6426.997,6426.998,0.0016
07.06.2019 11:59:00.000,6426.998,6426.998,6424.997,6425.998,0.001
07.06.2019 12:00:00.000,6425.997,6425.997,6423.997,6424.998,0.0018
07.06.2019 12:01:00.000,6423.998,6424.998,6422.997,6422.997,0.0006
07.06.2019 12:02:00.000,6423.998,6423.998,6420.998,6423.998,0.0024
07.06.2019 12:03:00.000,6423.997,6423.998,6422.997,6422.998,0.0036
07.06.2019 12:04:00.000,6422.997,6423.998,6421.997,6421.997,0.006
07.06.2019 12:05:00.000,6421.998,6421.998,6419.997,6419.998,0.0033
07.06.2019 12:06:00.000,6419.997,6424.998,6419.997,6424.998,0.0033
07.06.2019 12:07:00.000,6424.997,6424.998,6424.997,6424.998,0.0007
07.06.2019 12:08:00.000,6425.997,6425.998,6425.997,6425.997,0.0018
07.06.2019 12:09:00.000,6425.998,6427.998,6425.997,6427.998,0.004
07.06.2019 12:10:00.000,6427.997,6427.998,6423.997,6423.998,0.005
07.06.2019 12:11:00.000,6423.998,6426.998,6423.997,6425.997,0.0033
07.06.2019 12:12:00.000,6426.997,6426.998,6426.997,6426.997,0.0027
07.06.2019 12:13:00.000,6426.998,6426.998,6426.998,6426.998,0.0001
07.06.2019 12:14:00.000,6426.998,6426.998,6424.997,6424.998,0.0016
07.06.2019 12:15:00.000,6424.750,6424.998,6421.998,6424.998,0.0035
07.06.2019 12:16:00.000,6423.998,6423.998,6423.997,6423.998,0.0019
07.06.2019 12:17:00.000,6422.997,6423.998,6420.997,6421.997,0.0029
07.06.2019 12:18:00.000,6421.998,6423.998,6421.998,6423.998,0.0024
07.06.2019 12:19:00.000,6423.998,6426.998,6423.998,6426.998,0.0021
07.06.2019 12:20:00.000,6426.998,6427.998,6426.997,6426.998,0.0013
07.06.2019 12:21:00.000,6426.997,6426.998,6422.998,6423.998,0.0032
07.06.2019 12:22:00.000,6424.998,6424.998,6421.998,6423.998,0.0024
07.06.2019 12:23:00.000,6423.997,6423.998,6423.997,6423.998,0.0006
07.06.2019 12:24:00.000,6423.997,6423.998,6419.998,6420.998,0.0025
07.06.2019 12:25:00.000,6420.998,6420.998,6418.998,6420.998,0.0023
07.06.2019 12:26:00.000,6420.998,6420.998,6415.998,6416.998,0.0047
07.06.2019 12:27:00.000,6416.998,6417.998,6416.997,6417.997,0.0026
07.06.2019 12:28:00.000,6417.998,6418.998,6417.997,6418.998,0.0027
07.06.2019 12:29:00.000,6418.997,6421.997,6417.998,6418.998,0.009
07.06.2019 12:30:00.000,6418.998,6420.998,6405.998,6420.998,0.0124
07.06.2019 12:31:00.000,6420.997,6420.997,6415.997,6418.998,0.0074
07.06.2019 12:32:00.000,6417.998,6419.998,6416.997,6417.998,0.0073
07.06.2019 12:33:00.000,6417.997,6420.998,6417.997,6417.998,0.003
07.06.2019 12:34:00.000,6417.998,6420.998,6417.997,6419.998,0.0024
07.06.2019 12:35:00.000,6419.998,6419.998,6417.998,6418.997,0.005
07.06.2019 12:36:00.000,6418.997,6418.997,6413.997,6415.998,0.0032
07.06.2019 12:37:00.000,6414.998,6422.998,6414.997,6422.998,0.0075
07.06.2019 12:38:00.000,6422.998,6423.998,6419.998,6419.998,0.0014
07.06.2019 12:39:00.000,6419.998,6420.998,6418.997,6418.997,0.0011
07.06.2019 12:40:00.000,6418.998,6418.998,6414.997,6414.998,0.0018
07.06.2019 12:41:00.000,6414.997,6414.998,6413.997,6413.998,0.0024
07.06.2019 12:42:00.000,6414.998,6417.998,6414.998,6417.998,0.0042
07.06.2019 12:43:00.000,6417.998,6418.998,6416.997,6417.998,0.0039
07.06.2019 12:44:00.000,6417.998,6419.998,6417.998,6417.998,0.0056
07.06.2019 12:45:00.000,6417.998,6417.998,6416.997,6416.998,0.0009
07.06.2019 12:46:00.000,6416.998,6420.998,6416.998,6420.998,0.0066
07.06.2019 12:47:00.000,6419.998,6423.998,6419.997,6423.998,0.0049
07.06.2019 12:48:00.000,6423.998,6423.998,6419.997,6419.998,0.0052
07.06.2019 12:49:00.000,6419.998,6420.998,6418.997,6418.998,0.0047
07.06.2019 12:50:00.000,6418.998,6426.998,6418.997,6421.997,0.0181
07.06.2019 12:51:00.000,6421.998,6421.998,6412.997,6412.998,0.0045
07.06.2019 12:52:00.000,6413.997,6416.998,6411.998,6412.998,0.0073
07.06.2019 12:53:00.000,6413.997,6414.998,6412.997,6414.998,0.0017
07.06.2019 12:54:00.000,6414.998,6416.998,6414.998,6414.998,0.0025
07.06.2019 12:55:00.000,6414.997,6418.998,6414.997,6417.998,0.0022
07.06.2019 12:56:00.000,6418.998,6422.998,6418.997,6419.998,0.0042
07.06.2019 12:57:00.000,6419.997,6420.998,6417.997,6418.998,0.0028
07.06.2019 12:58:00.000,6418.998,6419.998,6418.997,6418.998,0.0012
07.06.2019 12:59:00.000,6418.997,6418.997,6413.997,6415.998,0.0064
07.06.2019 13:00:00.000,6416.998,6420.998,6416.997,6420.998,0.0085
07.06.2019 13:01:00.000,6420.998,6420.998,6416.997,6419.998,0.0049
07.06.2019 13:02:00.000,6419.997,6420.998,6417.997,6417.997,0.0021
07.06.2019 13:03:00.000,6417.998,6420.998,6416.997,6420.998,0.0034
07.06.2019 13:04:00.000,6420.997,6420.998,6417.997,6417.997,0.0033
07.06.2019 13:05:00.000,6417.998,6419.998,6417.998,6418.998,0.0029
07.06.2019 13:06:00.000,6418.997,6419.998,6416.998,6417.998,0.0016
07.06.2019 13:07:00.000,6418.998,6425.998,6418.998,6425.997,0.0025
07.06.2019 13:08:00.000,6425.998,6425.998,6425.997,6425.998,0.0007
07.06.2019 13:09:00.000,6425.997,6425.998,6425.997,6425.997,0.0011
07.06.2019 13:10:00.000,6425.998,6425.998,6422.998,6424.998,0.0024
07.06.2019 13:11:00.000,6424.997,6424.998,6423.997,6423.997,0.001
07.06.2019 13:12:00.000,6423.998,6424.998,6423.997,6423.997,0.0024
07.06.2019 13:13:00.000,6423.998,6426.998,6423.998,6426.998,0.0038
07.06.2019 13:14:00.000,6427.998,6428.998,6426.997,6428.998,0.0024
07.06.2019 13:15:00.000,6428.750,6428.750,6423.998,6426.997,0.0017
07.06.2019 13:16:00.000,6426.998,6426.998,6424.998,6425.998,0.0022
07.06.2019 13:17:00.000,6425.998,6429.998,6425.997,6427.998,0.0055
07.06.2019 13:18:00.000,6428.998,6429.998,6427.997,6428.998,0.0021
07.06.2019 13:19:00.000,6429.997,6430.998,6429.997,6429.998,0.005
07.06.2019 13:20:00.000,6429.997,6429.998,6427.997,6428.998,0.0035
07.06.2019 13:21:00.000,6428.997,6428.998,6427.997,6428.998,0.0035
07.06.2019 13:22:00.000,6428.997,6428.998,6425.998,6427.998,0.0049
07.06.2019 13:23:00.000,6427.997,6428.998,6427.997,6428.998,0.0018
07.06.2019 13:24:00.000,6427.998,6431.997,6427.997,6431.997,0.006
07.06.2019 13:25:00.000,6431.998,6433.998,6428.997,6429.998,0.0043
07.06.2019 13:26:00.000,6429.997,6429.998,6428.997,6428.998,0.0027
07.06.2019 13:27:00.000,6428.997,6429.998,6428.997,6429.998,0.0022
07.06.2019 13:28:00.000,6429.997,6429.997,6425.997,6425.998,0.0045
07.06.2019 13:29:00.000,6425.997,6426.997,6423.997,6424.998,0.0015
07.06.2019 13:30:00.000,6424.997,6426.998,6421.998,6425.998,0.0089
07.06.2019 13:31:00.000,6425.998,6426.998,6425.997,6425.998,0.0112
07.06.2019 13:32:00.000,6425.997,6426.998,6424.997,6424.997,0.0087
07.06.2019 13:33:00.000,6424.997,6424.998,6422.998,6423.998,0.0041
07.06.2019 13:34:00.000,6424.997,6426.998,6424.997,6425.998,0.0095
07.06.2019 13:35:00.000,6425.998,6425.998,6422.997,6425.997,0.0051
07.06.2019 13:36:00.000,6425.998,6425.998,6425.997,6425.998,0.0037
07.06.2019 13:37:00.000,6425.998,6434.998,6425.997,6433.998,0.0052
07.06.2019 13:38:00.000,6435.750,6437.998,6433.997,6433.998,0.0063
07.06.2019 13:39:00.000,6433.998,6434.998,6433.997,6433.998,0.0156
07.06.2019 13:40:00.000,6433.997,6435.998,6433.997,6433.998,0.0024
07.06.2019 13:41:00.000,6433.997,6433.998,6432.997,6432.998,0.0009
07.06.2019 13:42:00.000,6433.997,6434.998,6432.997,6432.998,0.0054
07.06.2019 13:43:00.000,6434.750,6439.998,6433.997,6434.998,0.0081
07.06.2019 13:44:00.000,6435.998,6437.998,6432.997,6432.998,0.0056
07.06.2019 13:45:00.000,6432.997,6433.998,6428.997,6428.998,0.0037
07.06.2019 13:46:00.000,6429.998,6433.998,6429.998,6430.998,0.0117
07.06.2019 13:47:00.000,6430.997,6430.998,6426.997,6426.997,0.0037
07.06.2019 13:48:00.000,6426.998,6428.998,6419.997,6419.997,0.0071
07.06.2019 13:49:00.000,6419.998,6419.998,6417.997,6418.998,0.0079
07.06.2019 13:50:00.000,6419.997,6419.998,6415.997,6417.998,0.0049
07.06.2019 13:51:00.000,6418.998,6419.998,6418.997,6418.998,0.0031
07.06.2019 13:52:00.000,6417.998,6418.998,6415.998,6415.998,0.0051
07.06.2019 13:53:00.000,6416.997,6418.998,6413.998,6418.998,0.0032
07.06.2019 13:54:00.000,6418.998,6420.998,6412.997,6412.998,0.0057
07.06.2019 13:55:00.000,6412.998,6414.998,6411.997,6414.998,0.0035
07.06.2019 13:56:00.000,6414.998,6414.998,6411.997,6412.998,0.0024
07.06.2019 13:57:00.000,6412.998,6413.998,6411.998,6411.998,0.0041
07.06.2019 13:58:00.000,6411.997,6411.998,6411.997,6411.998,0.0022
07.06.2019 13:59:00.000,6412.998,6413.997,6410.997,6412.998,0.0093
07.06.2019 14:00:00.000,6411.998,6416.998,6411.998,6415.997,0.0064
07.06.2019 14:01:00.000,6415.998,6418.998,6415.998,6418.998,0.0087
07.06.2019 14:02:00.000,6418.997,6418.998,6413.997,6414.998,0.0061
07.06.2019 14:03:00.000,6413.997,6414.998,6411.997,6412.998,0.0041
07.06.2019 14:04:00.000,6412.997,6412.998,6401.997,6401.998,0.0057
07.06.2019 14:05:00.000,6402.998,6403.998,6399.997,6399.997,0.0028
07.06.2019 14:06:00.000,6399.997,6399.998,6394.998,6396.997,0.0035
07.06.2019 14:07:00.000,6396.998,6396.998,6392.998,6392.998,0.0029
07.06.2019 14:08:00.000,6393.998,6400.998,6393.998,6399.998,0.0043
07.06.2019 14:09:00.000,6399.997,6399.997,6393.997,6393.997,0.0054
07.06.2019 14:10:00.000,6393.998,6394.998,6390.997,6392.997,0.004
07.06.2019 14:11:00.000,6392.998,6392.998,6389.997,6390.998,0.0029
07.06.2019 14:12:00.000,6390.997,6395.998,6390.997,6394.998,0.0037
07.06.2019 14:13:00.000,6394.997,6396.997,6392.997,6394.998,0.0047
07.06.2019 14:14:00.000,6393.998,6394.998,6391.997,6391.997,0.0038
07.06.2019 14:15:00.000,6392.998,6395.998,6391.997,6394.997,0.0084
07.06.2019 14:16:00.000,6395.997,6396.998,6395.997,6395.998,0.0058
07.06.2019 14:17:00.000,6395.998,6397.998,6394.997,6397.998,0.006
07.06.2019 14:18:00.000,6397.997,6397.998,6396.997,6397.998,0.003
07.06.2019 14:19:00.000,6397.997,6397.997,6392.998,6392.998,0.0052
07.06.2019 14:20:00.000,6391.998,6391.998,6387.997,6388.997,0.0107
07.06.2019 14:21:00.000,6388.998,6390.998,6387.998,6388.998,0.0089
07.06.2019 14:22:00.000,6387.997,6387.998,6385.997,6386.998,0.0041
07.06.2019 14:23:00.000,6387.997,6389.998,6387.997,6387.998,0.0041
07.06.2019 14:24:00.000,6386.998,6388.998,6385.997,6387.998,0.009
07.06.2019 14:25:00.000,6387.997,6387.998,6384.998,6385.998,0.0072
07.06.2019 14:26:00.000,6383.997,6384.998,6382.998,6383.998,0.0025
07.06.2019 14:27:00.000,6383.997,6385.998,6382.997,6384.998,0.0034
07.06.2019 14:28:00.000,6384.997,6388.998,6384.997,6386.998,0.0025
07.06.2019 14:29:00.000,6387.997,6388.998,6384.998,6385.997,0.0075
07.06.2019 14:30:00.000,6386.997,6389.997,6385.998,6386.998,0.0067
07.06.2019 14:31:00.000,6386.998,6387.998,6385.997,6385.997,0.0048
07.06.2019 14:32:00.000,6385.998,6392.998,6385.997,6392.998,0.0074
07.06.2019 14:33:00.000,6392.998,6395.998,6391.998,6392.997,0.0049
07.06.2019 14:34:00.000,6391.998,6393.998,6390.998,6392.998,0.0058
07.06.2019 14:35:00.000,6392.997,6397.997,6392.997,6395.998,0.0046
07.06.2019 14:36:00.000,6394.998,6395.998,6392.998,6394.998,0.0045
07.06.2019 14:37:00.000,6393.998,6394.998,6393.997,6394.998,0.0048
07.06.2019 14:38:00.000,6394.997,6397.998,6394.997,6395.997,0.0097
07.06.2019 14:39:00.000,6395.998,6399.998,6395.997,6398.998,0.0041
07.06.2019 14:40:00.000,6399.998,6400.998,6398.998,6400.997,0.0036
07.06.2019 14:41:00.000,6400.998,6402.998,6400.997,6401.998,0.0053
07.06.2019 14:42:00.000,6402.997,6403.998,6402.997,6402.998,0.0036
07.06.2019 14:43:00.000,6402.997,6407.998,6401.997,6406.998,0.004
07.06.2019 14:44:00.000,6405.998,6406.998,6404.997,6405.998,0.0044
07.06.2019 14:45:00.000,6404.998,6406.998,6401.997,6406.998,0.0126
07.06.2019 14:46:00.000,6406.998,6412.998,6406.997,6412.998,0.0048
07.06.2019 14:47:00.000,6412.997,6412.998,6410.997,6410.998,0.0063
07.06.2019 14:48:00.000,6410.997,6411.998,6406.997,6406.998,0.0063
07.06.2019 14:49:00.000,6406.997,6407.998,6404.997,6406.998,0.0095
07.06.2019 14:50:00.000,6406.997,6406.998,6404.998,6406.997,0.0038
07.06.2019 14:51:00.000,6406.998,6407.998,6406.997,6406.997,0.0053
07.06.2019 14:52:00.000,6406.998,6407.998,6403.997,6404.998,0.0056
07.06.2019 14:53:00.000,6404.997,6404.997,6401.997,6401.998,0.0096
07.06.2019 14:54:00.000,6401.997,6401.998,6397.997,6398.998,0.0126
07.06.2019 14:55:00.000,6398.998,6400.998,6397.997,6399.998,0.0064
07.06.2019 14:56:00.000,6399.997,6400.998,6396.997,6397.997,0.0064
07.06.2019 14:57:00.000,6397.998,6400.998,6396.997,6399.998,0.0089
07.06.2019 14:58:00.000,6399.998,6399.998,6397.997,6398.998,0.0171
07.06.2019 14:59:00.000,6398.998,6399.998,6397.997,6398.997,0.0092
07.06.2019 15:00:00.000,6398.998,6398.998,6396.997,6396.997,0.0039
07.06.2019 15:01:00.000,6396.998,6399.998,6396.997,6398.997,0.0108
07.06.2019 15:02:00.000,6398.998,6398.998,6394.997,6395.998,0.0058
07.06.2019 15:03:00.000,6395.997,6398.998,6395.997,6396.998,0.0097
07.06.2019 15:04:00.000,6396.997,6396.998,6395.997,6395.998,0.0071
07.06.2019 15:05:00.000,6394.998,6396.998,6394.997,6395.997,0.0095
07.06.2019 15:06:00.000,6395.998,6397.998,6395.997,6397.998,0.0059
07.06.2019 15:07:00.000,6397.997,6397.997,6393.998,6393.998,0.0138
07.06.2019 15:08:00.000,6393.997,6394.998,6392.997,6392.997,0.0036
07.06.2019 15:09:00.000,6391.998,6392.998,6389.997,6391.998,0.0087
07.06.2019 15:10:00.000,6391.997,6395.998,6391.997,6394.997,0.0062
07.06.2019 15:11:00.000,6395.998,6396.998,6392.998,6393.998,0.0086
07.06.2019 15:12:00.000,6393.998,6393.998,6391.998,6393.998,0.0029
07.06.2019 15:13:00.000,6394.998,6395.998,6393.997,6395.998,0.0085
07.06.2019 15:14:00.000,6395.997,6398.998,6395.997,6397.998,0.0109
07.06.2019 15:15:00.000,6397.998,6397.998,6393.997,6394.998,0.008
07.06.2019 15:16:00.000,6395.997,6395.998,6393.997,6394.998,0.0118
07.06.2019 15:17:00.000,6394.997,6394.998,6394.997,6394.997,0.0005
07.06.2019 15:18:00.000,6394.998,6395.998,6393.997,6395.997,0.0093
07.06.2019 15:19:00.000,6394.997,6395.998,6393.997,6394.998,0.0094
07.06.2019 15:20:00.000,6394.997,6397.998,6394.997,6395.998,0.0142
07.06.2019 15:21:00.000,6395.997,6398.998,6395.997,6397.998,0.0137
07.06.2019 15:22:00.000,6397.997,6397.998,6395.997,6396.998,0.0155
07.06.2019 15:23:00.000,6396.997,6397.998,6396.997,6397.998,0.0076
07.06.2019 15:24:00.000,6398.998,6399.998,6397.997,6398.998,0.0072
07.06.2019 15:25:00.000,6397.998,6399.998,6395.998,6397.998,0.0094
07.06.2019 15:26:00.000,6397.998,6400.998,6397.998,6400.998,0.012
07.06.2019 15:27:00.000,6400.997,6403.998,6400.997,6402.998,0.0255
07.06.2019 15:28:00.000,6402.998,6402.998,6398.997,6398.998,0.0069
07.06.2019 15:29:00.000,6398.997,6404.998,6398.997,6401.998,0.0201
10.06.2019 07:00:00.000,6400.998,6401.998,6400.998,6401.997,0
10.06.2019 07:01:00.000,6393.998,6396.998,6391.998,6391.998,0.0007
10.06.2019 07:02:00.000,6391.998,6391.998,6388.998,6388.998,0.0001
10.06.2019 07:03:00.000,6388.997,6395.998,6388.997,6395.998,0.0002
10.06.2019 07:04:00.000,6394.998,6394.998,6390.997,6390.997,0.001
10.06.2019 07:05:00.000,6390.998,6394.998,6390.997,6394.997,0.001
10.06.2019 07:06:00.000,6394.998,6394.998,6388.997,6389.997,0.0011
10.06.2019 07:07:00.000,6389.998,6399.998,6389.998,6399.997,0.0019
10.06.2019 07:08:00.000,6401.998,6404.997,6398.998,6404.997,0.0017
10.06.2019 07:09:00.000,6404.997,6404.997,6396.998,6403.998,0.0019
10.06.2019 07:10:00.000,6404.998,6405.998,6399.998,6401.997,0.0022
10.06.2019 07:11:00.000,6401.998,6402.998,6398.997,6398.997,0.002
10.06.2019 07:12:00.000,6398.997,6402.998,6396.998,6399.998,0.005
10.06.2019 07:13:00.000,6401.998,6402.998,6399.998,6400.998,0.002
10.06.2019 07:14:00.000,6402.998,6411.997,6401.998,6410.998,0.0027
10.06.2019 07:15:00.000,6412.997,6413.998,6411.997,6413.997,0.0023
10.06.2019 07:16:00.000,6413.998,6423.998,6410.998,6423.998,0.0046
10.06.2019 07:17:00.000,6421.998,6424.998,6419.997,6419.997,0.0023
10.06.2019 07:18:00.000,6419.997,6419.997,6409.998,6409.998,0.0027
10.06.2019 07:19:00.000,6411.998,6418.998,6411.998,6415.998,0.0031
10.06.2019 07:20:00.000,6415.997,6417.998,6414.997,6416.998,0.0024
10.06.2019 07:21:00.000,6415.998,6415.998,6414.997,6415.998,0.0013
10.06.2019 07:22:00.000,6415.998,6415.998,6414.997,6414.997,0.0007
10.06.2019 07:23:00.000,6415.998,6415.998,6414.997,6414.998,0.0004
10.06.2019 07:24:00.000,6414.997,6419.998,6414.997,6416.997,0.0034
10.06.2019 07:25:00.000,6417.998,6417.998,6413.997,6415.998,0.0039
10.06.2019 07:26:00.000,6415.998,6417.998,6414.997,6414.998,0.0032
10.06.2019 07:27:00.000,6415.998,6416.998,6411.998,6416.997,0.0036
10.06.2019 07:28:00.000,6417.997,6417.997,6414.997,6414.997,0.0014
10.06.2019 07:29:00.000,6414.998,6414.998,6410.997,6410.997,0.002
10.06.2019 07:30:00.000,6410.998,6411.998,6410.997,6411.998,0.0012
10.06.2019 07:31:00.000,6411.998,6411.998,6410.997,6410.997,0.0007
10.06.2019 07:32:00.000,6410.998,6416.998,6410.997,6414.997,0.0038
10.06.2019 07:33:00.000,6414.998,6415.998,6410.997,6413.998,0.0062
10.06.2019 07:34:00.000,6413.997,6414.998,6413.997,6414.997,0.0006
10.06.2019 07:35:00.000,6413.997,6414.998,6400.997,6400.997,0.0054
10.06.2019 07:36:00.000,6400.997,6401.998,6396.998,6400.998,0.0026
10.06.2019 07:37:00.000,6400.998,6401.998,6398.997,6399.998,0.0026
10.06.2019 07:38:00.000,6399.997,6401.998,6399.997,6401.998,0.0038
10.06.2019 07:39:00.000,6401.997,6401.998,6396.997,6396.998,0.0026
10.06.2019 07:40:00.000,6397.998,6402.998,6397.997,6402.998,0.0046
10.06.2019 07:41:00.000,6402.997,6404.998,6399.997,6404.998,0.0048
10.06.2019 07:42:00.000,6404.997,6404.998,6402.998,6403.997,0.0029
10.06.2019 07:43:00.000,6403.998,6406.998,6403.998,6405.998,0.0034
10.06.2019 07:44:00.000,6405.997,6411.998,6405.997,6411.997,0.0033
10.06.2019 07:45:00.000,6411.998,6411.998,6411.997,6411.998,0.0018
10.06.2019 07:46:00.000,6411.997,6412.998,6411.997,6412.997,0.0028
10.06.2019 07:47:00.000,6412.998,6414.998,6412.998,6414.997,0.0046
10.06.2019 07:48:00.000,6414.998,6414.998,6410.997,6410.998,0.0035
10.06.2019 07:49:00.000,6409.998,6409.998,6406.998,6408.998,0.0033
10.06.2019 07:50:00.000,6408.998,6408.998,6407.997,6408.997,0.001
10.06.2019 07:51:00.000,6407.998,6407.998,6405.997,6406.998,0.0026
10.06.2019 07:52:00.000,6405.998,6406.998,6403.998,6405.997,0.0025
10.06.2019 07:53:00.000,6404.998,6406.997,6404.997,6406.997,0.0012
10.06.2019 07:54:00.000,6406.998,6406.998,6403.998,6405.997,0.0009
10.06.2019 07:55:00.000,6405.500,6405.500,6400.997,6400.998,0.0011
10.06.2019 07:56:00.000,6400.997,6400.998,6398.998,6400.998,0.0012
10.06.2019 07:57:00.000,6400.997,6404.997,6400.997,6403.997,0.0043
10.06.2019 07:58:00.000,6401.998,6405.998,6401.998,6403.998,0.0016
10.06.2019 07:59:00.000,6402.998,6404.998,6402.998,6404.997,0.0028
10.06.2019 08:00:00.000,6404.998,6407.998,6401.998,6402.998,0.0067
10.06.2019 08:01:00.000,6402.997,6402.998,6400.997,6401.998,0.0018
10.06.2019 08:02:00.000,6401.997,6402.998,6401.997,6401.998,0.0044
10.06.2019 08:03:00.000,6401.997,6404.998,6401.997,6402.998,0.0047
10.06.2019 08:04:00.000,6402.998,6402.998,6399.997,6399.997,0.0025
10.06.2019 08:05:00.000,6398.998,6399.997,6396.998,6396.998,0.0008
10.06.2019 08:06:00.000,6398.750,6399.997,6396.998,6399.997,0.0019
10.06.2019 08:07:00.000,6399.998,6399.998,6396.997,6396.998,0.0073
10.06.2019 08:08:00.000,6396.997,6398.997,6395.998,6395.998,0.0017
10.06.2019 08:09:00.000,6396.998,6399.998,6396.998,6399.998,0.002
10.06.2019 08:10:00.000,6399.997,6400.998,6397.998,6397.998,0.0013
10.06.2019 08:11:00.000,6397.998,6397.998,6395.998,6395.998,0.0014
10.06.2019 08:12:00.000,6395.997,6396.997,6394.998,6394.998,0.0022
10.06.2019 08:13:00.000,6395.998,6395.998,6393.998,6393.998,0.0014
10.06.2019 08:14:00.000,6394.998,6394.998,6392.998,6392.998,0.0021
10.06.2019 08:15:00.000,6393.997,6394.997,6393.997,6393.998,0.0022
10.06.2019 08:16:00.000,6392.997,6393.998,6392.997,6392.998,0.0015
10.06.2019 08:17:00.000,6392.997,6393.998,6390.997,6391.998,0.003
10.06.2019 08:18:00.000,6391.997,6391.997,6388.997,6388.997,0.0038
10.06.2019 08:19:00.000,6388.998,6388.998,6385.997,6385.998,0.0027
10.06.2019 08:20:00.000,6386.997,6387.998,6384.997,6385.997,0.0051
10.06.2019 08:21:00.000,6385.998,6389.998,6385.998,6388.997,0.0019
10.06.2019 08:22:00.000,6388.998,6388.998,6387.998,6388.998,0.0017
10.06.2019 08:23:00.000,6388.997,6388.997,6384.998,6385.998,0.0059
10.06.2019 08:24:00.000,6385.997,6388.998,6384.998,6387.997,0.0031
10.06.2019 08:25:00.000,6387.998,6387.998,6385.997,6385.998,0.0016
10.06.2019 08:26:00.000,6387.750,6387.998,6384.998,6386.997,0.0025
10.06.2019 08:27:00.000,6386.997,6386.998,6384.997,6385.998,0.0052
10.06.2019 08:28:00.000,6386.997,6388.998,6385.998,6388.997,0.0042
10.06.2019 08:29:00.000,6388.998,6388.998,6385.997,6387.997,0.004
10.06.2019 08:30:00.000,6388.998,6389.998,6384.998,6384.998,0.0041
10.06.2019 08:31:00.000,6384.997,6386.998,6384.997,6386.997,0.0045
10.06.2019 08:32:00.000,6387.998,6392.998,6386.998,6392.997,0.0118
10.06.2019 08:33:00.000,6392.998,6393.998,6391.997,6393.998,0.006
10.06.2019 08:34:00.000,6393.998,6393.998,6386.997,6387.998,0.0053
10.06.2019 08:35:00.000,6387.998,6391.998,6386.997,6390.997,0.0031
10.06.2019 08:36:00.000,6390.997,6394.998,6390.997,6392.998,0.0048
10.06.2019 08:37:00.000,6393.998,6395.998,6393.997,6395.998,0.0024
10.06.2019 08:38:00.000,6395.750,6395.998,6393.997,6395.997,0.0036
10.06.2019 08:39:00.000,6395.750,6395.750,6393.997,6394.998,0.0055
10.06.2019 08:40:00.000,6394.997,6396.997,6394.997,6395.998,0.002
10.06.2019 08:41:00.000,6396.998,6398.998,6395.997,6397.998,0.0048
10.06.2019 08:42:00.000,6397.997,6398.998,6397.997,6398.998,0.0044
10.06.2019 08:43:00.000,6398.997,6400.998,6398.997,6400.998,0.0048
10.06.2019 08:44:00.000,6400.998,6400.998,6396.997,6396.997,0.0018
10.06.2019 08:45:00.000,6395.997,6398.998,6395.997,6398.998,0.0023
10.06.2019 08:46:00.000,6398.997,6399.998,6398.997,6399.998,0.004
10.06.2019 08:47:00.000,6400.998,6400.998,6398.998,6400.998,0.0009
10.06.2019 08:48:00.000,6400.997,6401.998,6400.997,6401.998,0.0019
10.06.2019 08:49:00.000,6401.997,6402.997,6400.998,6400.998,0.0029
10.06.2019 08:50:00.000,6399.997,6400.998,6398.997,6398.997,0.0012
10.06.2019 08:51:00.000,6398.998,6400.997,6398.998,6399.997,0.0007
10.06.2019 08:52:00.000,6400.998,6401.997,6400.998,6400.998,0.0002
10.06.2019 08:53:00.000,6400.998,6400.998,6399.998,6399.998,0.001
10.06.2019 08:54:00.000,6398.998,6399.998,6397.997,6397.998,0.0014
10.06.2019 08:55:00.000,6397.997,6397.998,6394.998,6394.998,0.002
10.06.2019 08:56:00.000,6395.998,6397.998,6395.998,6396.998,0.0033
10.06.2019 08:57:00.000,6397.998,6397.998,6395.998,6397.998,0.0019
10.06.2019 08:58:00.000,6397.998,6398.997,6395.997,6396.998,0.0064
10.06.2019 08:59:00.000,6396.997,6397.998,6396.997,6397.998,0.0021
10.06.2019 09:00:00.000,6398.998,6398.998,6396.997,6396.997,0.0021
10.06.2019 09:01:00.000,6396.998,6396.998,6395.997,6395.998,0.0011
10.06.2019 09:03:00.000,6395.997,6395.997,6393.998,6393.998,0.0016
10.06.2019 09:04:00.000,6393.997,6394.998,6393.997,6394.997,0.0023
10.06.2019 09:05:00.000,6394.998,6394.998,6393.997,6394.997,0.0021
10.06.2019 09:06:00.000,6394.998,6395.998,6394.997,6395.998,0.0034
10.06.2019 09:07:00.000,6395.997,6395.998,6395.997,6395.998,0.0025
10.06.2019 09:08:00.000,6395.997,6398.998,6395.997,6397.997,0.0066
10.06.2019 09:09:00.000,6397.998,6397.998,6395.997,6396.998,0.003
10.06.2019 09:10:00.000,6396.998,6398.998,6396.997,6398.998,0.0029
10.06.2019 09:11:00.000,6398.997,6398.998,6397.997,6397.998,0.0036
10.06.2019 09:12:00.000,6398.998,6398.998,6396.997,6396.998,0.0044
10.06.2019 09:13:00.000,6396.997,6397.998,6396.997,6396.998,0.0031
10.06.2019 09:14:00.000,6396.998,6398.998,6395.998,6397.998,0.0027
10.06.2019 09:15:00.000,6397.997,6398.998,6397.997,6398.998,0.0026
10.06.2019 09:16:00.000,6398.998,6398.998,6395.998,6398.998,0.0068
10.06.2019 09:17:00.000,6397.997,6399.998,6397.997,6399.998,0.0028
10.06.2019 09:18:00.000,6399.998,6401.998,6399.997,6400.998,0.006
10.06.2019 09:19:00.000,6401.998,6401.998,6400.998,6401.998,0.0035
10.06.2019 09:20:00.000,6401.997,6401.998,6400.998,6401.997,0.0034
10.06.2019 09:21:00.000,6401.998,6402.998,6401.997,6402.998,0.0044
10.06.2019 09:22:00.000,6403.998,6405.998,6403.997,6404.998,0.0053
10.06.2019 09:24:00.000,6405.997,6405.997,6403.997,6403.997,0.0023
10.06.2019 09:25:00.000,6403.998,6403.998,6401.998,6402.998,0.0033
10.06.2019 09:26:00.000,6401.998,6401.998,6397.998,6397.998,0.0038
10.06.2019 09:27:00.000,6397.997,6398.998,6396.997,6396.997,0.0023
10.06.2019 09:28:00.000,6397.998,6398.998,6397.997,6398.998,0.0038
10.06.2019 09:29:00.000,6399.997,6400.998,6398.997,6398.997,0.0041
10.06.2019 09:30:00.000,6398.998,6398.998,6397.997,6398.998,0.0057
10.06.2019 09:31:00.000,6398.997,6398.997,6397.997,6397.998,0.0014
10.06.2019 09:32:00.000,6397.997,6397.998,6394.997,6394.998,0.0033
10.06.2019 09:33:00.000,6394.997,6394.998,6389.997,6391.997,0.004
10.06.2019 09:34:00.000,6391.997,6391.997,6390.997,6390.998,0.001
10.06.2019 09:35:00.000,6390.997,6390.998,6390.997,6390.998,0.001
10.06.2019 09:36:00.000,6390.997,6390.997,6380.998,6383.998,0.0062
10.06.2019 09:37:00.000,6385.998,6386.998,6384.997,6384.998,0.0018
10.06.2019 09:38:00.000,6385.998,6385.998,6384.998,6384.998,0.0005
10.06.2019 09:39:00.000,6384.998,6384.998,6383.998,6384.998,0.0026
10.06.2019 09:40:00.000,6384.998,6384.998,6381.997,6381.998,0.0028
10.06.2019 09:41:00.000,6381.997,6382.998,6381.997,6382.998,0.0011
10.06.2019 09:42:00.000,6382.997,6382.998,6382.997,6382.998,0.0008
10.06.2019 09:43:00.000,6382.997,6387.998,6382.997,6387.998,0.0049
10.06.2019 09:44:00.000,6387.997,6387.997,6386.997,6386.997,0.0007
10.06.2019 09:45:00.000,6386.997,6386.997,6384.997,6384.997,0.0016
10.06.2019 09:46:00.000,6385.998,6385.998,6385.997,6385.998,0.0012
10.06.2019 09:47:00.000,6387.998,6387.998,6385.998,6385.998,0.003
10.06.2019 09:48:00.000,6386.998,6388.998,6386.997,6388.998,0.0027
10.06.2019 09:49:00.000,6390.998,6390.998,6390.997,6390.998,0.003
10.06.2019 09:50:00.000,6390.997,6390.998,6388.998,6390.997,0.0042
10.06.2019 09:51:00.000,6390.998,6390.998,6390.997,6390.998,0.0023
10.06.2019 09:52:00.000,6391.997,6391.998,6389.997,6389.997,0.0045
10.06.2019 09:53:00.000,6389.997,6389.998,6388.997,6389.998,0.0041
10.06.2019 09:54:00.000,6389.998,6391.998,6389.997,6391.998,0.0021
10.06.2019 09:55:00.000,6391.997,6392.998,6391.997,6392.998,0.0042
10.06.2019 09:56:00.000,6393.998,6393.998,6392.998,6393.997,0.0022
10.06.2019 09:57:00.000,6393.998,6395.998,6393.997,6395.998,0.0029
10.06.2019 09:58:00.000,6395.997,6397.998,6395.997,6397.998,0.0052
10.06.2019 09:59:00.000,6397.997,6397.998,6395.997,6396.998,0.0025
10.06.2019 10:00:00.000,6396.998,6397.998,6395.997,6397.998,0.0011
10.06.2019 10:01:00.000,6397.997,6397.998,6397.997,6397.998,0.0004
10.06.2019 10:02:00.000,6397.997,6397.998,6397.997,6397.998,0.0007
10.06.2019 10:03:00.000,6397.997,6397.997,6397.997,6397.997,0.0001
10.06.2019 10:04:00.000,6397.998,6397.998,6397.997,6397.998,0.0007
10.06.2019 10:05:00.000,6397.998,6399.998,6397.997,6398.998,0.0016
10.06.2019 10:06:00.000,6399.998,6399.998,6399.997,6399.998,0.001
10.06.2019 10:07:00.000,6399.997,6399.997,6395.998,6398.998,0.0024
10.06.2019 10:08:00.000,6398.998,6398.998,6396.997,6396.997,0.0011
10.06.2019 10:09:00.000,6396.997,6396.998,6395.998,6396.998,0.0003
10.06.2019 10:10:00.000,6396.998,6396.998,6394.997,6394.997,0.0028
10.06.2019 10:11:00.000,6394.998,6395.998,6394.997,6395.998,0.0032
10.06.2019 10:12:00.000,6395.998,6395.998,6395.997,6395.998,0.0028
10.06.2019 10:13:00.000,6395.997,6395.998,6394.997,6394.998,0.0047
10.06.2019 10:14:00.000,6394.998,6397.998,6394.997,6397.997,0.0058
10.06.2019 10:15:00.000,6397.998,6397.998,6396.997,6396.998,0.0076
10.06.2019 10:16:00.000,6396.997,6397.998,6396.997,6397.997,0.0023
10.06.2019 10:17:00.000,6397.998,6397.998,6397.997,6397.998,0.0027
10.06.2019 10:18:00.000,6397.998,6398.998,6396.997,6397.998,0.006
10.06.2019 10:19:00.000,6397.998,6398.998,6397.998,6398.998,0.0031
10.06.2019 10:20:00.000,6398.998,6399.998,6398.997,6399.998,0.0025
10.06.2019 10:21:00.000,6399.998,6399.998,6397.997,6398.998,0.0017
10.06.2019 10:22:00.000,6398.998,6398.998,6397.998,6397.998,0.0022
10.06.2019 10:23:00.000,6398.998,6398.998,6398.997,6398.998,0.0019
10.06.2019 10:24:00.000,6398.997,6398.998,6397.997,6397.998,0.0019
10.06.2019 10:25:00.000,6396.998,6396.998,6394.997,6394.997,0.0018
10.06.2019 10:26:00.000,6394.998,6394.998,6387.997,6388.998,0.0034
10.06.2019 10:27:00.000,6388.997,6395.997,6388.997,6394.998,0.0099
10.06.2019 10:28:00.000,6394.997,6395.998,6394.997,6395.998,0.0006
10.06.2019 10:29:00.000,6395.997,6395.998,6392.997,6392.998,0.0023
10.06.2019 10:30:00.000,6393.997,6398.998,6393.997,6396.998,0.0031
10.06.2019 10:31:00.000,6396.998,6396.998,6393.998,6394.998,0.0023
10.06.2019 10:32:00.000,6394.998,6394.998,6394.997,6394.998,0.0013
10.06.2019 10:33:00.000,6394.997,6395.998,6394.997,6394.998,0.0015
10.06.2019 10:34:00.000,6394.997,6396.998,6394.997,6396.998,0.0022
10.06.2019 10:36:00.000,6396.997,6397.998,6396.997,6397.998,0.0014
10.06.2019 10:37:00.000,6397.997,6397.998,6395.997,6396.997,0.0033
10.06.2019 10:38:00.000,6396.998,6397.998,6396.997,6397.997,0.0022
10.06.2019 10:39:00.000,6398.997,6398.998,6398.997,6398.998,0.0006
10.06.2019 10:40:00.000,6398.997,6398.997,6398.997,6398.997,0.0007
10.06.2019 10:41:00.000,6398.998,6398.998,6398.998,6398.998,0.0003
10.06.2019 10:42:00.000,6398.997,6398.997,6398.997,6398.997,0.0009
10.06.2019 10:43:00.000,6398.998,6398.998,6398.998,6398.998,0.0005
10.06.2019 10:44:00.000,6398.998,6398.998,6398.998,6398.998,0.0007
10.06.2019 10:45:00.000,6398.997,6399.998,6397.997,6398.998,0.0067
10.06.2019 10:46:00.000,6398.997,6398.998,6397.997,6398.997,0.0044
10.06.2019 10:47:00.000,6398.997,6398.998,6398.997,6398.998,0.0013
10.06.2019 10:48:00.000,6398.998,6398.998,6398.997,6398.998,0.0023
10.06.2019 10:49:00.000,6398.998,6398.998,6398.998,6398.998,0.0005
10.06.2019 10:50:00.000,6398.997,6398.998,6398.997,6398.997,0.0033
10.06.2019 10:51:00.000,6398.998,6399.998,6398.997,6399.998,0.0092
10.06.2019 10:52:00.000,6400.998,6400.998,6398.997,6398.997,0.0012
10.06.2019 10:53:00.000,6398.998,6399.998,6398.997,6398.997,0.0037
10.06.2019 10:54:00.000,6399.998,6403.998,6399.997,6403.998,0.0025
10.06.2019 10:55:00.000,6404.998,6405.998,6401.997,6401.998,0.0033
10.06.2019 10:56:00.000,6401.997,6401.998,6400.997,6400.998,0.0083
10.06.2019 10:57:00.000,6400.997,6400.998,6399.997,6400.998,0.0043
10.06.2019 10:58:00.000,6400.997,6401.998,6400.997,6401.998,0.004
10.06.2019 10:59:00.000,6401.997,6405.998,6401.997,6401.998,0.0052
10.06.2019 11:00:00.000,6400.997,6400.997,6397.998,6397.998,0.0003
10.06.2019 11:02:00.000,6397.998,6405.998,6397.998,6401.998,0.0102
10.06.2019 11:03:00.000,6401.997,6401.997,6394.997,6394.998,0.0039
10.06.2019 11:04:00.000,6395.997,6397.997,6393.997,6395.997,0.0066
10.06.2019 11:05:00.000,6396.997,6398.998,6396.997,6397.998,0.0012
10.06.2019 11:06:00.000,6396.997,6396.998,6396.997,6396.998,0.0004
10.06.2019 11:07:00.000,6396.997,6398.998,6395.997,6397.997,0.0036
10.06.2019 11:08:00.000,6397.998,6398.997,6395.998,6396.997,0.0015
10.06.2019 11:09:00.000,6398.998,6401.998,6398.998,6399.998,0.0077
10.06.2019 11:10:00.000,6399.997,6401.998,6399.997,6400.997,0.0027
10.06.2019 11:11:00.000,6400.998,6402.998,6398.997,6402.998,0.0044
10.06.2019 11:12:00.000,6402.997,6404.998,6402.997,6403.997,0.0062
10.06.2019 11:13:00.000,6403.998,6405.998,6403.998,6404.997,0.0028
10.06.2019 11:14:00.000,6405.998,6407.998,6405.998,6406.997,0.0068
10.06.2019 11:15:00.000,6404.998,6406.998,6404.998,6406.997,0.0011
10.06.2019 11:16:00.000,6406.997,6407.998,6405.997,6406.998,0.0025
10.06.2019 11:17:00.000,6406.997,6406.998,6405.997,6405.998,0.0012
10.06.2019 11:18:00.000,6406.998,6406.998,6405.997,6405.998,0.0027
10.06.2019 11:19:00.000,6405.997,6406.998,6403.997,6403.997,0.0007
10.06.2019 11:20:00.000,6403.997,6404.998,6402.997,6404.998,0.0024
10.06.2019 11:21:00.000,6404.997,6404.998,6404.997,6404.998,0.0022
10.06.2019 11:22:00.000,6405.998,6406.998,6405.997,6406.998,0.001
10.06.2019 11:23:00.000,6406.998,6407.998,6404.997,6404.997,0.0033
10.06.2019 11:24:00.000,6404.998,6406.997,6404.998,6405.997,0.0035
10.06.2019 11:25:00.000,6405.998,6405.998,6404.997,6404.997,0.0013
10.06.2019 11:26:00.000,6405.998,6405.998,6405.998,6405.998,0.0002
10.06.2019 11:27:00.000,6405.998,6405.998,6403.998,6404.998,0.0011
10.06.2019 11:28:00.000,6404.998,6404.998,6402.998,6403.997,0.0013
10.06.2019 11:29:00.000,6403.998,6405.998,6403.998,6405.998,0.0034
10.06.2019 11:30:00.000,6405.998,6407.998,6405.997,6406.998,0.0026
10.06.2019 11:31:00.000,6406.997,6406.998,6406.997,6406.998,0.0004
10.06.2019 11:32:00.000,6407.997,6407.998,6407.997,6407.997,0.0028
10.06.2019 11:33:00.000,6408.998,6412.998,6408.998,6412.998,0.0037
10.06.2019 11:34:00.000,6412.997,6412.998,6407.997,6407.998,0.004
10.06.2019 11:35:00.000,6407.998,6410.998,6407.998,6410.998,0.003
10.06.2019 11:36:00.000,6410.997,6410.998,6408.997,6408.998,0.0028
10.06.2019 11:37:00.000,6408.997,6409.998,6408.997,6408.998,0.007
10.06.2019 11:38:00.000,6408.998,6410.998,6408.998,6410.998,0.0066
10.06.2019 11:39:00.000,6408.997,6409.998,6406.997,6407.998,0.0039
10.06.2019 11:40:00.000,6408.998,6409.998,6406.997,6406.998,0.0047
10.06.2019 11:42:00.000,6406.997,6407.998,6406.997,6406.998,0.0019
10.06.2019 11:43:00.000,6407.998,6407.998,6406.997,6406.998,0.001
10.06.2019 11:44:00.000,6407.998,6407.998,6406.997,6407.998,0.0029
10.06.2019 11:45:00.000,6407.997,6407.997,6404.998,6405.998,0.0022
10.06.2019 11:46:00.000,6405.997,6406.998,6405.997,6406.998,0.0011
10.06.2019 11:47:00.000,6407.997,6407.998,6406.998,6407.998,0.0034
10.06.2019 11:48:00.000,6407.998,6407.998,6405.997,6406.998,0.0034
10.06.2019 11:49:00.000,6406.998,6407.998,6406.997,6407.997,0.0021
10.06.2019 11:50:00.000,6407.998,6407.998,6407.998,6407.998,0.0003
10.06.2019 11:51:00.000,6407.998,6407.998,6406.997,6406.998,0.0017
10.06.2019 11:52:00.000,6406.997,6407.998,6406.997,6406.998,0.0016
10.06.2019 11:53:00.000,6407.998,6409.998,6407.997,6409.998,0.0022
10.06.2019 11:54:00.000,6409.997,6409.998,6406.997,6407.997,0.0073
10.06.2019 11:55:00.000,6407.997,6407.998,6406.997,6407.998,0.005
10.06.2019 11:56:00.000,6407.997,6407.998,6407.997,6407.997,0.0035
10.06.2019 11:57:00.000,6407.998,6407.998,6407.997,6407.998,0.0008
10.06.2019 11:58:00.000,6408.998,6409.998,6408.997,6409.998,0.003
10.06.2019 11:59:00.000,6409.998,6410.998,6409.997,6409.998,0.0055
10.06.2019 12:00:00.000,6409.998,6409.998,6407.997,6407.997,0.0039
10.06.2019 12:01:00.000,6407.997,6407.998,6405.997,6406.998,0.0042
10.06.2019 12:02:00.000,6406.997,6407.998,6405.997,6406.998,0.0035
10.06.2019 12:03:00.000,6406.997,6406.997,6402.997,6403.998,0.0026
10.06.2019 12:04:00.000,6404.998,6404.998,6402.997,6404.998,0.0036
10.06.2019 12:05:00.000,6404.997,6405.998,6404.997,6405.998,0.0032
10.06.2019 12:06:00.000,6405.998,6405.998,6403.998,6404.997,0.0039
10.06.2019 12:07:00.000,6404.998,6404.998,6402.998,6403.997,0.0026
10.06.2019 12:08:00.000,6404.997,6406.998,6404.997,6405.998,0.0039
10.06.2019 12:09:00.000,6406.998,6409.997,6405.998,6409.997,0.0023
10.06.2019 12:10:00.000,6409.998,6411.998,6409.997,6411.998,0.0027
10.06.2019 12:11:00.000,6411.997,6414.998,6411.997,6414.998,0.0034
10.06.2019 12:12:00.000,6414.998,6416.998,6414.997,6416.997,0.0027
10.06.2019 12:13:00.000,6416.997,6416.998,6414.997,6416.998,0.0023
10.06.2019 12:14:00.000,6416.997,6416.998,6415.997,6415.998,0.0038
10.06.2019 12:15:00.000,6415.998,6415.998,6415.997,6415.997,0.0004
10.06.2019 12:16:00.000,6415.998,6415.998,6414.997,6414.998,0.0015
10.06.2019 12:17:00.000,6414.997,6414.998,6413.997,6413.998,0.0025
10.06.2019 12:18:00.000,6413.997,6413.998,6411.997,6413.998,0.0085
10.06.2019 12:19:00.000,6414.997,6416.998,6414.997,6415.998,0.0021
10.06.2019 12:20:00.000,6414.998,6414.998,6412.998,6412.998,0.0004
10.06.2019 12:21:00.000,6412.997,6412.998,6411.997,6412.997,0.0022
10.06.2019 12:22:00.000,6412.998,6413.998,6410.997,6411.998,0.003
10.06.2019 12:23:00.000,6411.998,6411.998,6411.997,6411.997,0.0005
10.06.2019 12:24:00.000,6411.998,6411.998,6411.998,6411.998,0.0001
10.06.2019 12:25:00.000,6411.997,6411.998,6411.997,6411.998,0.0068
10.06.2019 12:26:00.000,6411.997,6412.998,6411.997,6412.998,0.004
10.06.2019 12:27:00.000,6412.997,6412.998,6410.997,6410.998,0.0053
10.06.2019 12:28:00.000,6411.998,6412.998,6411.997,6412.998,0.0052
10.06.2019 12:29:00.000,6412.998,6412.998,6411.997,6411.998,0.0027
10.06.2019 12:30:00.000,6411.998,6411.998,6411.998,6411.998,0.0002
10.06.2019 12:31:00.000,6411.997,6411.998,6411.997,6411.997,0.0006
10.06.2019 12:32:00.000,6411.997,6411.997,6410.997,6410.997,0.0034
10.06.2019 12:33:00.000,6410.997,6410.998,6408.997,6408.998,0.0056
10.06.2019 12:34:00.000,6409.998,6409.998,6408.997,6408.998,0.0018
10.06.2019 12:35:00.000,6408.997,6411.998,6408.997,6411.998,0.0076
10.06.2019 12:36:00.000,6411.998,6411.998,6410.998,6410.998,0.0011
10.06.2019 12:37:00.000,6411.998,6411.998,6410.997,6410.998,0.0015
10.06.2019 12:38:00.000,6411.997,6412.998,6410.998,6411.998,0.0013
10.06.2019 12:39:00.000,6411.997,6412.998,6411.997,6412.997,0.0021
10.06.2019 12:41:00.000,6411.997,6411.998,6409.997,6410.998,0.0021
10.06.2019 12:42:00.000,6410.997,6411.998,6409.997,6409.997,0.0039
10.06.2019 12:43:00.000,6409.998,6409.998,6409.997,6409.998,0.0034
10.06.2019 12:44:00.000,6409.998,6409.998,6405.998,6405.998,0.0024
10.06.2019 12:45:00.000,6405.998,6406.998,6404.997,6406.998,0.0028
10.06.2019 12:46:00.000,6406.997,6406.997,6404.997,6405.998,0.0026
10.06.2019 12:47:00.000,6405.997,6406.998,6405.997,6405.998,0.0006
10.06.2019 12:48:00.000,6405.997,6407.998,6404.997,6406.998,0.0061
10.06.2019 12:49:00.000,6408.997,6408.998,6404.997,6404.998,0.0019
10.06.2019 12:50:00.000,6404.997,6404.998,6400.997,6400.998,0.0095
10.06.2019 12:51:00.000,6399.997,6400.997,6398.997,6399.998,0.0036
10.06.2019 12:52:00.000,6399.997,6399.997,6397.997,6397.997,0.0018
10.06.2019 12:53:00.000,6397.998,6400.998,6396.998,6400.997,0.0032
10.06.2019 12:54:00.000,6401.997,6401.997,6398.997,6399.997,0.0068
10.06.2019 12:55:00.000,6399.998,6399.998,6395.997,6395.998,0.0048
10.06.2019 12:56:00.000,6396.998,6396.998,6395.997,6396.998,0.0018
10.06.2019 12:57:00.000,6395.997,6396.998,6395.997,6395.998,0.004
10.06.2019 12:58:00.000,6396.997,6398.998,6396.997,6398.998,0.0023
10.06.2019 12:59:00.000,6398.998,6399.998,6398.997,6398.998,0.0061
10.06.2019 13:00:00.000,6398.997,6399.998,6396.997,6398.998,0.0033
10.06.2019 13:01:00.000,6399.998,6401.998,6399.997,6400.998,0.0076
10.06.2019 13:02:00.000,6400.998,6401.998,6400.997,6401.997,0.006
10.06.2019 13:03:00.000,6401.998,6401.998,6398.997,6400.998,0.0066
10.06.2019 13:04:00.000,6400.997,6400.998,6399.997,6400.997,0.0037
10.06.2019 13:05:00.000,6401.998,6402.998,6401.997,6402.998,0.0047
10.06.2019 13:06:00.000,6404.998,6404.998,6402.998,6402.998,0.0029
10.06.2019 13:07:00.000,6402.997,6404.998,6402.997,6403.998,0.0019
10.06.2019 13:08:00.000,6403.997,6403.998,6403.997,6403.998,0.0003
10.06.2019 13:09:00.000,6404.998,6404.998,6403.998,6404.998,0.0016
10.06.2019 13:10:00.000,6404.997,6404.998,6403.998,6404.998,0.0012
10.06.2019 13:11:00.000,6404.998,6404.998,6401.997,6403.998,0.006
10.06.2019 13:12:00.000,6403.997,6403.998,6401.998,6401.998,0.0052
10.06.2019 13:13:00.000,6401.998,6401.998,6400.997,6400.998,0.0069
10.06.2019 13:14:00.000,6400.997,6400.998,6398.998,6400.997,0.0054
10.06.2019 13:15:00.000,6400.998,6400.998,6399.998,6399.998,0.0008
10.06.2019 13:16:00.000,6400.997,6402.998,6400.997,6402.997,0.0015
10.06.2019 13:17:00.000,6402.998,6402.998,6399.998,6400.998,0.0036
10.06.2019 13:18:00.000,6400.997,6401.997,6398.997,6400.998,0.0051
10.06.2019 13:19:00.000,6400.997,6402.998,6400.997,6402.997,0.0066
10.06.2019 13:20:00.000,6402.998,6402.998,6402.997,6402.997,0.0005
10.06.2019 13:21:00.000,6402.998,6403.998,6402.997,6403.997,0.0024
10.06.2019 13:22:00.000,6403.998,6404.998,6402.998,6402.998,0.0034
10.06.2019 13:23:00.000,6403.997,6403.998,6403.997,6403.998,0.0007
10.06.2019 13:24:00.000,6404.997,6404.998,6403.997,6403.998,0.0027
10.06.2019 13:25:00.000,6403.997,6403.997,6403.997,6403.997,0.0005
10.06.2019 13:26:00.000,6404.998,6404.998,6403.997,6403.998,0.0033
10.06.2019 13:27:00.000,6403.997,6405.998,6403.997,6405.997,0.0021
10.06.2019 13:28:00.000,6405.998,6405.998,6403.997,6403.998,0.0066
10.06.2019 13:29:00.000,6403.997,6403.998,6403.997,6403.997,0.0011
10.06.2019 13:30:00.000,6403.998,6403.998,6400.997,6401.998,0.0036
10.06.2019 13:31:00.000,6401.997,6404.998,6401.997,6403.998,0.0109
10.06.2019 13:32:00.000,6403.997,6403.998,6403.997,6403.998,0.0094
10.06.2019 13:33:00.000,6403.998,6404.998,6402.997,6403.998,0.0207
10.06.2019 13:34:00.000,6404.997,6404.998,6402.997,6402.998,0.0045
10.06.2019 13:35:00.000,6402.750,6402.750,6398.997,6399.998,0.0118
10.06.2019 13:36:00.000,6398.998,6398.998,6393.998,6395.997,0.0065
10.06.2019 13:37:00.000,6394.997,6398.998,6394.997,6397.998,0.0039
10.06.2019 13:38:00.000,6398.997,6399.998,6398.997,6399.998,0.0021
10.06.2019 13:39:00.000,6399.997,6399.998,6399.997,6399.998,0.0023
10.06.2019 13:40:00.000,6400.998,6400.998,6398.997,6400.997,0.0078
10.06.2019 13:41:00.000,6400.998,6400.998,6399.997,6399.998,0.0201
10.06.2019 13:42:00.000,6400.998,6404.997,6400.998,6403.998,0.0051
10.06.2019 13:43:00.000,6402.998,6405.998,6402.997,6403.998,0.0126
10.06.2019 13:44:00.000,6404.997,6404.998,6404.997,6404.997,0.0055
10.06.2019 13:45:00.000,6404.998,6404.998,6403.998,6404.997,0.003
10.06.2019 13:46:00.000,6404.998,6404.998,6399.997,6400.998,0.0129
10.06.2019 13:47:00.000,6401.997,6401.998,6401.997,6401.998,0.0052
10.06.2019 13:48:00.000,6401.998,6402.998,6399.997,6401.998,0.0107
10.06.2019 13:49:00.000,6401.997,6404.998,6401.997,6403.998,0.0085
10.06.2019 13:50:00.000,6403.997,6404.998,6403.997,6404.997,0.0085
10.06.2019 13:51:00.000,6404.998,6405.998,6404.997,6405.997,0.0067
10.06.2019 13:52:00.000,6404.997,6405.998,6404.997,6404.997,0.0081
10.06.2019 13:53:00.000,6404.998,6405.998,6404.997,6405.998,0.0061
10.06.2019 13:54:00.000,6406.997,6406.997,6405.997,6405.998,0.0029
10.06.2019 13:55:00.000,6405.997,6405.998,6405.997,6405.998,0.001
10.06.2019 13:56:00.000,6405.997,6407.998,6405.997,6406.998,0.0044
10.06.2019 13:57:00.000,6406.997,6409.998,6406.997,6408.998,0.008
10.06.2019 13:58:00.000,6409.997,6410.998,6408.997,6408.998,0.0106
10.06.2019 13:59:00.000,6408.998,6413.998,6408.997,6413.998,0.0076
10.06.2019 14:00:00.000,6412.998,6413.998,6409.997,6410.997,0.0113
10.06.2019 14:01:00.000,6410.998,6410.998,6410.997,6410.997,0.0039
10.06.2019 14:02:00.000,6410.998,6411.998,6410.997,6411.998,0.0051
10.06.2019 14:03:00.000,6410.998,6415.998,6410.997,6413.997,0.019
10.06.2019 14:04:00.000,6413.997,6413.997,6408.997,6409.998,0.0139
10.06.2019 14:05:00.000,6409.997,6412.997,6408.997,6411.998,0.0143
10.06.2019 14:06:00.000,6411.997,6418.997,6411.997,6418.997,0.0134
10.06.2019 14:07:00.000,6418.998,6418.998,6416.997,6417.997,0.0055
10.06.2019 14:08:00.000,6417.998,6417.998,6415.997,6416.997,0.0012
10.06.2019 14:09:00.000,6416.998,6416.998,6414.997,6414.997,0.0075
10.06.2019 14:10:00.000,6414.998,6419.998,6414.997,6417.997,0.0099
10.06.2019 14:11:00.000,6418.997,6418.998,6415.998,6415.998,0.006
10.06.2019 14:12:00.000,6416.997,6416.998,6415.997,6415.998,0.007
10.06.2019 14:13:00.000,6415.998,6417.998,6415.997,6416.998,0.0044
10.06.2019 14:14:00.000,6416.998,6416.998,6415.997,6415.998,0.0022
10.06.2019 14:15:00.000,6415.998,6415.998,6412.998,6413.998,0.0057
10.06.2019 14:16:00.000,6413.997,6413.997,6408.997,6408.998,0.0044
10.06.2019 14:17:00.000,6408.997,6408.998,6407.997,6407.997,0.0036
10.06.2019 14:18:00.000,6407.998,6408.998,6406.997,6407.998,0.0058
10.06.2019 14:19:00.000,6407.997,6407.998,6405.997,6405.998,0.0083
10.06.2019 14:20:00.000,6406.998,6406.998,6404.997,6404.997,0.0064
10.06.2019 14:21:00.000,6404.998,6405.997,6404.997,6404.998,0.0109
10.06.2019 14:22:00.000,6404.997,6404.998,6401.997,6402.997,0.0094
10.06.2019 14:23:00.000,6402.998,6402.998,6400.998,6401.998,0.0049
10.06.2019 14:24:00.000,6401.997,6401.998,6400.997,6400.997,0.0032
10.06.2019 14:25:00.000,6400.998,6402.998,6400.997,6401.998,0.0119
10.06.2019 14:26:00.000,6401.998,6405.998,6401.997,6404.997,0.0132
10.06.2019 14:27:00.000,6404.998,6405.998,6403.997,6404.998,0.0094
10.06.2019 14:28:00.000,6404.998,6405.998,6404.997,6405.998,0.0039
10.06.2019 14:29:00.000,6404.997,6406.998,6404.997,6406.998,0.0061
10.06.2019 14:30:00.000,6406.997,6407.998,6406.997,6406.997,0.0063
10.06.2019 14:31:00.000,6406.998,6410.998,6406.997,6408.998,0.0139
10.06.2019 14:32:00.000,6408.997,6414.998,6408.997,6414.998,0.0044
10.06.2019 14:33:00.000,6414.997,6416.998,6414.997,6416.998,0.0073
10.06.2019 14:34:00.000,6416.997,6416.998,6411.997,6412.998,0.0081
10.06.2019 14:35:00.000,6412.997,6413.998,6412.997,6413.997,0.0017
10.06.2019 14:36:00.000,6413.997,6415.998,6413.997,6415.998,0.0047
10.06.2019 14:37:00.000,6415.997,6415.998,6414.997,6415.998,0.0068
10.06.2019 14:38:00.000,6415.997,6416.998,6414.997,6416.997,0.0079
10.06.2019 14:39:00.000,6416.998,6416.998,6415.997,6415.997,0.0026
10.06.2019 14:40:00.000,6415.998,6416.998,6413.997,6413.998,0.0053
10.06.2019 14:41:00.000,6414.998,6415.998,6414.997,6415.998,0.0032
10.06.2019 14:42:00.000,6415.998,6415.998,6413.997,6413.997,0.0114
10.06.2019 14:43:00.000,6413.998,6414.998,6413.997,6413.997,0.0104
10.06.2019 14:44:00.000,6413.998,6413.998,6413.997,6413.998,0.0028
10.06.2019 14:45:00.000,6413.997,6413.998,6413.997,6413.998,0.0011
10.06.2019 14:46:00.000,6411.997,6411.998,6408.997,6408.998,0.0034
10.06.2019 14:47:00.000,6407.998,6409.998,6407.998,6409.998,0.001
10.06.2019 14:48:00.000,6409.997,6409.998,6406.997,6407.998,0.0055
10.06.2019 14:49:00.000,6407.998,6407.998,6407.997,6407.998,0.0015
10.06.2019 14:50:00.000,6407.997,6407.997,6407.997,6407.997,0.001
10.06.2019 14:51:00.000,6407.997,6407.998,6405.997,6406.998,0.004
10.06.2019 14:52:00.000,6406.997,6406.998,6406.997,6406.997,0.0014
10.06.2019 14:53:00.000,6406.998,6406.998,6402.997,6403.998,0.0028
10.06.2019 14:54:00.000,6404.998,6404.998,6404.997,6404.997,0.0013
10.06.2019 14:55:00.000,6404.998,6404.998,6403.998,6404.998,0.0014
10.06.2019 14:56:00.000,6404.997,6404.998,6403.998,6404.998,0.0006
10.06.2019 14:57:00.000,6404.997,6404.998,6404.997,6404.998,0.0025
10.06.2019 14:58:00.000,6404.998,6405.998,6404.998,6404.998,0.0016
10.06.2019 14:59:00.000,6404.997,6405.998,6403.998,6404.998,0.0034
10.06.2019 15:00:00.000,6405.998,6407.998,6404.998,6407.998,0.0063
10.06.2019 15:01:00.000,6408.998,6409.998,6407.998,6408.998,0.0069
10.06.2019 15:02:00.000,6408.997,6408.998,6406.997,6407.998,0.0055
10.06.2019 15:03:00.000,6407.997,6407.998,6407.997,6407.998,0.0036
10.06.2019 15:04:00.000,6407.997,6407.998,6403.997,6403.998,0.0105
10.06.2019 15:05:00.000,6403.997,6404.998,6402.997,6402.998,0.0046
10.06.2019 15:06:00.000,6403.997,6404.998,6403.997,6404.998,0.006
10.06.2019 15:07:00.000,6404.997,6405.998,6403.997,6403.997,0.0068
10.06.2019 15:08:00.000,6403.998,6404.998,6402.997,6402.997,0.004
10.06.2019 15:09:00.000,6402.998,6402.998,6402.997,6402.998,0.0022
10.06.2019 15:10:00.000,6403.997,6404.998,6403.997,6404.998,0.0124
10.06.2019 15:11:00.000,6404.997,6404.998,6403.997,6404.997,0.0076
10.06.2019 15:12:00.000,6404.998,6405.998,6404.997,6404.998,0.0028
10.06.2019 15:13:00.000,6404.997,6404.998,6403.997,6404.998,0.0042
10.06.2019 15:14:00.000,6404.997,6404.998,6403.998,6404.997,0.0019
10.06.2019 15:15:00.000,6404.998,6405.998,6403.997,6405.997,0.0057
10.06.2019 15:16:00.000,6405.998,6405.998,6403.998,6404.997,0.0026
10.06.2019 15:17:00.000,6404.998,6404.998,6404.997,6404.998,0.0009
10.06.2019 15:18:00.000,6404.997,6404.998,6402.997,6402.997,0.0049
10.06.2019 15:19:00.000,6403.998,6404.998,6402.998,6403.997,0.0037
10.06.2019 15:20:00.000,6404.998,6405.998,6402.997,6402.998,0.0103
10.06.2019 15:21:00.000,6402.997,6402.998,6402.997,6402.997,0.0019
10.06.2019 15:22:00.000,6402.998,6402.998,6399.997,6399.998,0.0109
10.06.2019 15:23:00.000,6399.997,6399.998,6399.997,6399.998,0.001
10.06.2019 15:24:00.000,6398.998,6400.998,6396.998,6400.998,0.0058
10.06.2019 15:25:00.000,6401.998,6401.998,6398.997,6399.998,0.0044
10.06.2019 15:26:00.000,6398.997,6399.998,6397.997,6399.998,0.0084
10.06.2019 15:27:00.000,6399.997,6401.998,6397.997,6397.998,0.0179
10.06.2019 15:28:00.000,6398.998,6399.998,6397.998,6398.997,0.0362
10.06.2019 15:29:00.000,6398.998,6399.998,6397.998,6399.998,0.0131
11.06.2019 07:00:00.000,6410.998,6410.998,6406.998,6406.998,0.0001
11.06.2019 07:01:00.000,6406.997,6411.998,6406.997,6411.998,0.0017
11.06.2019 07:02:00.000,6400.997,6410.997,6400.997,6408.997,0.0005
11.06.2019 07:03:00.000,6403.998,6407.997,6394.998,6398.998,0.0018
11.06.2019 07:04:00.000,6398.997,6400.998,6393.997,6393.998,0.001
11.06.2019 07:05:00.000,6395.998,6395.998,6388.998,6391.997,0.0011
11.06.2019 07:06:00.000,6392.997,6394.998,6387.998,6393.998,0.002
11.06.2019 07:07:00.000,6394.998,6400.998,6394.997,6400.997,0.0026
11.06.2019 07:08:00.000,6400.998,6400.998,6391.997,6391.997,0.0035
11.06.2019 07:09:00.000,6391.998,6392.998,6384.998,6392.997,0.0049
11.06.2019 07:10:00.000,6392.997,6395.998,6388.998,6395.997,0.0042
11.06.2019 07:11:00.000,6395.998,6403.998,6395.998,6402.997,0.0027
11.06.2019 07:12:00.000,6402.998,6410.998,6401.997,6402.998,0.0057
11.06.2019 07:13:00.000,6402.997,6409.998,6401.997,6409.998,0.0018
11.06.2019 07:14:00.000,6410.997,6418.998,6410.997,6417.997,0.005
11.06.2019 07:15:00.000,6418.998,6418.998,6415.997,6417.998,0.0038
11.06.2019 07:16:00.000,6417.998,6417.998,6411.997,6412.998,0.0029
11.06.2019 07:17:00.000,6412.997,6412.997,6411.997,6411.998,0.0007
11.06.2019 07:18:00.000,6411.998,6415.998,6410.997,6415.997,0.0057
11.06.2019 07:19:00.000,6416.998,6421.998,6414.997,6421.998,0.0047
11.06.2019 07:20:00.000,6421.997,6421.997,6419.998,6420.998,0.0007
11.06.2019 07:21:00.000,6418.997,6421.998,6418.997,6421.998,0.0012
11.06.2019 07:22:00.000,6421.998,6423.998,6418.998,6423.997,0.0025
11.06.2019 07:23:00.000,6423.998,6424.998,6422.997,6423.998,0.0018
11.06.2019 07:24:00.000,6423.997,6423.997,6417.997,6417.997,0.0036
11.06.2019 07:25:00.000,6417.998,6417.998,6416.997,6417.998,0.0019
11.06.2019 07:26:00.000,6417.997,6419.998,6415.998,6418.998,0.0017
11.06.2019 07:27:00.000,6418.998,6420.998,6417.997,6419.998,0.0025
11.06.2019 07:28:00.000,6419.998,6420.998,6417.998,6420.998,0.0011
11.06.2019 07:29:00.000,6418.998,6418.998,6415.997,6418.998,0.0012
11.06.2019 07:30:00.000,6418.997,6421.997,6418.997,6419.997,0.005
11.06.2019 07:31:00.000,6420.998,6420.998,6418.997,6420.998,0.0028
11.06.2019 07:32:00.000,6420.997,6424.998,6420.997,6423.998,0.0013
11.06.2019 07:33:00.000,6423.997,6425.998,6421.998,6423.998,0.0065
11.06.2019 07:34:00.000,6423.997,6424.998,6420.998,6420.998,0.0111
11.06.2019 07:35:00.000,6420.997,6422.998,6409.998,6409.998,0.0079
11.06.2019 07:36:00.000,6409.998,6410.998,6408.997,6410.998,0.0013
11.06.2019 07:37:00.000,6408.998,6408.998,6404.998,6404.998,0.0028
11.06.2019 07:38:00.000,6405.997,6407.998,6402.998,6407.998,0.0053
11.06.2019 07:39:00.000,6407.997,6407.998,6407.997,6407.998,0.0005
11.06.2019 07:40:00.000,6407.997,6407.997,6405.997,6406.998,0.0018
11.06.2019 07:41:00.000,6406.997,6408.998,6404.998,6408.997,0.0025
11.06.2019 07:42:00.000,6408.998,6408.998,6406.997,6406.997,0.0028
11.06.2019 07:43:00.000,6405.998,6408.998,6405.998,6407.998,0.0008
11.06.2019 07:44:00.000,6407.997,6414.998,6407.997,6414.997,0.0014
11.06.2019 07:45:00.000,6413.998,6421.998,6413.997,6421.998,0.0037
11.06.2019 07:46:00.000,6421.997,6422.998,6419.997,6422.997,0.0037
11.06.2019 07:47:00.000,6423.998,6424.998,6421.998,6424.998,0.0038
11.06.2019 07:48:00.000,6425.997,6427.997,6419.998,6420.997,0.0035
11.06.2019 07:49:00.000,6421.998,6421.998,6420.997,6421.997,0.0013
11.06.2019 07:50:00.000,6421.998,6427.998,6421.997,6427.998,0.0021
11.06.2019 07:51:00.000,6428.998,6428.998,6424.997,6424.997,0.0018
11.06.2019 07:52:00.000,6425.998,6425.998,6424.997,6424.997,0.0008
11.06.2019 07:53:00.000,6424.998,6425.998,6424.998,6425.997,0.0009
11.06.2019 07:54:00.000,6425.998,6430.998,6425.997,6428.998,0.0025
11.06.2019 07:55:00.000,6428.997,6431.997,6426.998,6426.998,0.0046
11.06.2019 07:56:00.000,6428.997,6429.998,6426.997,6426.997,0.0017
11.06.2019 07:57:00.000,6426.998,6427.998,6425.998,6427.997,0.0018
11.06.2019 07:58:00.000,6427.998,6428.997,6427.997,6427.998,0.0006
11.06.2019 07:59:00.000,6428.997,6428.998,6426.998,6427.998,0.0027
11.06.2019 08:00:00.000,6427.997,6432.998,6427.997,6428.998,0.0091
11.06.2019 08:01:00.000,6429.997,6429.998,6428.997,6428.997,0.0028
11.06.2019 08:02:00.000,6428.998,6431.998,6428.998,6431.998,0.0015
11.06.2019 08:03:00.000,6431.997,6434.998,6431.997,6433.997,0.0029
11.06.2019 08:04:00.000,6433.998,6434.998,6431.997,6432.997,0.0021
11.06.2019 08:05:00.000,6432.998,6434.998,6431.997,6433.998,0.0031
11.06.2019 08:06:00.000,6433.997,6434.997,6432.997,6432.998,0.0038
11.06.2019 08:07:00.000,6432.998,6432.998,6429.997,6431.997,0.0016
11.06.2019 08:08:00.000,6431.997,6431.997,6429.997,6430.998,0.0012
11.06.2019 08:09:00.000,6430.997,6430.998,6428.997,6429.998,0.0036
11.06.2019 08:10:00.000,6429.997,6429.997,6422.998,6422.998,0.0041
11.06.2019 08:11:00.000,6424.998,6424.998,6423.998,6424.998,0.0012
11.06.2019 08:12:00.000,6424.998,6428.997,6422.997,6428.997,0.0021
11.06.2019 08:13:00.000,6427.998,6431.998,6427.997,6431.998,0.0017
11.06.2019 08:14:00.000,6431.997,6432.998,6430.997,6431.998,0.0037
11.06.2019 08:15:00.000,6431.997,6431.998,6429.998,6431.998,0.0029
11.06.2019 08:16:00.000,6431.998,6431.998,6429.997,6429.998,0.0009
11.06.2019 08:17:00.000,6430.998,6430.998,6429.998,6430.998,0.0007
11.06.2019 08:18:00.000,6430.998,6430.998,6425.997,6428.997,0.0048
11.06.2019 08:19:00.000,6427.997,6433.998,6427.997,6430.998,0.0052
11.06.2019 08:20:00.000,6431.998,6431.998,6427.997,6430.997,0.0015
11.06.2019 08:21:00.000,6430.997,6430.998,6427.998,6427.998,0.0038
11.06.2019 08:22:00.000,6428.998,6432.997,6428.997,6431.998,0.0038
11.06.2019 08:23:00.000,6431.998,6433.998,6431.997,6431.997,0.0024
11.06.2019 08:24:00.000,6432.997,6433.998,6432.997,6432.998,0.0009
11.06.2019 08:25:00.000,6432.998,6432.998,6427.997,6430.998,0.0045
11.06.2019 08:26:00.000,6432.997,6433.998,6430.998,6433.998,0.002
11.06.2019 08:27:00.000,6433.997,6434.998,6433.997,6434.997,0.0021
11.06.2019 08:28:00.000,6434.998,6435.998,6431.998,6432.998,0.0005
11.06.2019 08:29:00.000,6432.997,6432.998,6431.998,6431.998,0.0008
11.06.2019 08:30:00.000,6430.998,6431.998,6424.997,6424.998,0.0019
11.06.2019 08:31:00.000,6425.998,6427.998,6425.997,6426.998,0.0014
11.06.2019 08:32:00.000,6427.997,6432.997,6427.997,6430.998,0.0023
11.06.2019 08:33:00.000,6431.998,6432.998,6430.997,6431.998,0.0034
11.06.2019 08:34:00.000,6432.997,6433.750,6431.997,6432.998,0.0006
11.06.2019 08:35:00.000,6432.997,6432.997,6429.997,6430.997,0.002
11.06.2019 08:36:00.000,6430.998,6430.998,6424.997,6424.998,0.002
11.06.2019 08:37:00.000,6423.998,6428.998,6423.997,6426.998,0.0045
11.06.2019 08:38:00.000,6426.997,6427.998,6422.998,6422.998,0.0032
11.06.2019 08:39:00.000,6423.997,6423.998,6420.998,6421.998,0.0016
11.06.2019 08:40:00.000,6421.997,6421.998,6420.998,6420.998,0.001
11.06.2019 08:41:00.000,6420.997,6421.998,6414.997,6416.998,0.003
11.06.2019 08:42:00.000,6416.997,6416.998,6414.997,6416.998,0.0027
11.06.2019 08:43:00.000,6416.997,6416.998,6414.998,6415.998,0.0038
11.06.2019 08:44:00.000,6415.997,6415.998,6413.997,6414.998,0.001
11.06.2019 08:45:00.000,6415.998,6421.998,6415.998,6421.997,0.0038
11.06.2019 08:46:00.000,6421.998,6422.998,6420.998,6420.998,0.0023
11.06.2019 08:47:00.000,6420.997,6421.998,6420.997,6420.998,0.0024
11.06.2019 08:48:00.000,6421.998,6422.998,6420.997,6421.997,0.005
11.06.2019 08:49:00.000,6421.997,6421.997,6415.997,6415.998,0.005
11.06.2019 08:50:00.000,6416.997,6418.998,6416.997,6418.998,0.0017
11.06.2019 08:51:00.000,6419.998,6419.998,6417.998,6418.998,0.001
11.06.2019 08:52:00.000,6418.997,6419.998,6417.997,6419.997,0.0021
11.06.2019 08:53:00.000,6419.997,6419.998,6417.997,6418.998,0.0049
11.06.2019 08:54:00.000,6418.997,6418.998,6417.997,6417.998,0.0012
11.06.2019 08:55:00.000,6417.997,6417.998,6413.997,6414.997,0.0036
11.06.2019 08:56:00.000,6414.997,6417.998,6414.997,6417.998,0.0031
11.06.2019 08:57:00.000,6418.997,6420.998,6418.997,6420.998,0.0035
11.06.2019 08:58:00.000,6418.997,6418.998,6416.998,6417.998,0.0027
11.06.2019 08:59:00.000,6416.998,6418.998,6416.997,6418.997,0.0014
11.06.2019 09:00:00.000,6417.998,6417.998,6416.997,6416.998,0.003
11.06.2019 09:01:00.000,6416.997,6417.998,6410.998,6412.998,0.0035
11.06.2019 09:02:00.000,6411.998,6412.998,6410.997,6410.998,0.0023
11.06.2019 09:03:00.000,6410.997,6411.997,6410.997,6410.998,0.0011
11.06.2019 09:04:00.000,6410.997,6414.998,6410.997,6412.998,0.0035
11.06.2019 09:05:00.000,6412.997,6412.998,6410.997,6410.997,0.0016
11.06.2019 09:06:00.000,6410.998,6410.998,6406.997,6406.997,0.0011
11.06.2019 09:07:00.000,6406.997,6406.998,6400.998,6405.998,0.006
11.06.2019 09:08:00.000,6405.997,6405.997,6403.997,6403.998,0.0023
11.06.2019 09:09:00.000,6403.997,6406.998,6403.997,6404.998,0.0032
11.06.2019 09:10:00.000,6405.998,6405.998,6404.997,6405.998,0.0022
11.06.2019 09:11:00.000,6405.997,6405.998,6403.997,6404.998,0.0015
11.06.2019 09:12:00.000,6404.997,6404.998,6403.997,6403.997,0.0014
11.06.2019 09:13:00.000,6403.998,6404.998,6403.997,6404.998,0.0003
11.06.2019 09:14:00.000,6404.998,6406.998,6404.997,6406.998,0.0014
11.06.2019 09:15:00.000,6406.997,6406.998,6406.997,6406.998,0.001
11.06.2019 09:16:00.000,6406.997,6407.998,6406.997,6406.998,0.0019
11.06.2019 09:17:00.000,6406.997,6406.998,6405.997,6406.998,0.001
11.06.2019 09:18:00.000,6406.998,6406.998,6399.998,6400.998,0.0014
11.06.2019 09:19:00.000,6399.998,6401.998,6397.997,6401.998,0.0047
11.06.2019 09:20:00.000,6402.998,6403.998,6400.997,6402.998,0.0018
11.06.2019 09:21:00.000,6402.997,6404.998,6402.997,6404.998,0.0061
11.06.2019 09:22:00.000,6405.998,6405.998,6405.997,6405.997,0.0047
11.06.2019 09:23:00.000,6405.997,6406.998,6404.997,6406.998,0.0107
11.06.2019 09:24:00.000,6406.998,6409.998,6406.998,6409.998,0.0044
11.06.2019 09:25:00.000,6410.997,6410.998,6409.997,6409.998,0.0023
11.06.2019 09:26:00.000,6409.998,6409.998,6408.997,6409.998,0.0035
11.06.2019 09:27:00.000,6408.998,6408.998,6407.998,6407.998,0.0004
11.06.2019 09:28:00.000,6408.998,6408.998,6407.997,6407.998,0.0017
11.06.2019 09:29:00.000,6407.998,6407.998,6405.997,6407.998,0.0056
11.06.2019 09:30:00.000,6407.997,6413.998,6407.997,6413.997,0.0049
11.06.2019 09:31:00.000,6413.998,6415.998,6410.997,6415.998,0.0046
11.06.2019 09:32:00.000,6415.998,6415.998,6410.997,6410.997,0.0028
11.06.2019 09:33:00.000,6409.997,6410.998,6409.997,6409.998,0.0039
11.06.2019 09:34:00.000,6409.997,6409.998,6404.997,6404.997,0.0043
11.06.2019 09:35:00.000,6404.997,6404.997,6402.997,6402.998,0.0006
11.06.2019 09:36:00.000,6403.997,6405.998,6402.998,6405.997,0.0021
11.06.2019 09:37:00.000,6405.998,6405.998,6402.998,6402.998,0.001
11.06.2019 09:38:00.000,6402.997,6403.998,6402.997,6403.998,0.001
11.06.2019 09:39:00.000,6402.998,6403.998,6398.998,6399.997,0.0048
11.06.2019 09:40:00.000,6400.997,6400.998,6392.997,6396.997,0.0066
11.06.2019 09:41:00.000,6398.750,6400.997,6397.997,6399.997,0.0032
11.06.2019 09:42:00.000,6401.997,6403.998,6401.997,6403.998,0.004
11.06.2019 09:43:00.000,6403.998,6403.998,6400.997,6402.998,0.0037
11.06.2019 09:44:00.000,6403.997,6404.998,6402.998,6402.998,0.0016
11.06.2019 09:45:00.000,6401.998,6403.998,6400.998,6403.997,0.0038
11.06.2019 09:46:00.000,6403.998,6404.998,6403.997,6403.997,0.0019
11.06.2019 09:47:00.000,6403.998,6405.998,6403.997,6403.998,0.0027
11.06.2019 09:48:00.000,6403.998,6404.998,6402.997,6403.998,0.0032
11.06.2019 09:49:00.000,6403.997,6403.998,6400.997,6400.998,0.0021
11.06.2019 09:50:00.000,6401.998,6401.998,6396.998,6397.998,0.0023
11.06.2019 09:51:00.000,6397.997,6399.997,6397.997,6399.997,0.0026
11.06.2019 09:52:00.000,6399.998,6399.998,6397.997,6398.997,0.0013
11.06.2019 09:53:00.000,6398.998,6398.998,6396.997,6397.997,0.0026
11.06.2019 09:54:00.000,6397.998,6398.998,6397.997,6397.998,0.0024
11.06.2019 09:55:00.000,6397.997,6397.998,6395.997,6395.998,0.0017
11.06.2019 09:56:00.000,6395.997,6398.998,6395.997,6396.998,0.0017
11.06.2019 09:57:00.000,6396.997,6396.998,6394.997,6394.998,0.0011
11.06.2019 09:58:00.000,6394.998,6400.998,6394.998,6398.998,0.0041
11.06.2019 09:59:00.000,6399.997,6399.998,6398.998,6399.998,0.0008
11.06.2019 10:00:00.000,6399.997,6399.998,6398.997,6399.998,0.0017
11.06.2019 10:01:00.000,6398.998,6400.998,6398.997,6400.998,0.0018
11.06.2019 10:02:00.000,6400.997,6400.998,6400.997,6400.997,0.0005
11.06.2019 10:03:00.000,6400.998,6401.997,6398.997,6399.998,0.0014
11.06.2019 10:04:00.000,6399.997,6399.998,6397.997,6398.998,0.0012
11.06.2019 10:05:00.000,6398.997,6398.998,6398.997,6398.997,0.0002
11.06.2019 10:06:00.000,6398.998,6398.998,6398.997,6398.997,0.0002
11.06.2019 10:07:00.000,6398.998,6399.998,6397.997,6397.998,0.0013
11.06.2019 10:08:00.000,6398.998,6400.998,6397.997,6397.997,0.002
11.06.2019 10:09:00.000,6397.998,6398.998,6396.997,6397.998,0.0047
11.06.2019 10:10:00.000,6397.997,6397.998,6396.998,6397.997,0.0017
11.06.2019 10:11:00.000,6397.998,6397.998,6396.997,6396.997,0.0043
11.06.2019 10:12:00.000,6396.998,6397.998,6396.997,6397.998,0.0038
11.06.2019 10:13:00.000,6396.997,6398.998,6396.997,6398.997,0.0027
11.06.2019 10:14:00.000,6398.998,6398.998,6397.997,6398.998,0.005
11.06.2019 10:15:00.000,6398.997,6398.998,6397.998,6398.998,0.0016
11.06.2019 10:16:00.000,6397.997,6398.998,6397.997,6398.997,0.0021
11.06.2019 10:17:00.000,6398.998,6398.998,6398.997,6398.997,0.0002
11.06.2019 10:18:00.000,6399.998,6399.998,6398.997,6398.998,0.0004
11.06.2019 10:19:00.000,6398.997,6399.998,6398.997,6398.998,0.0005
11.06.2019 10:20:00.000,6398.997,6399.998,6398.997,6398.997,0.0039
11.06.2019 10:21:00.000,6398.998,6399.997,6398.997,6398.998,0.0016
11.06.2019 10:22:00.000,6398.998,6398.998,6394.997,6394.997,0.001
11.06.2019 10:23:00.000,6394.998,6394.998,6391.997,6391.998,0.0034
11.06.2019 10:24:00.000,6392.998,6392.998,6390.998,6390.998,0.0008
11.06.2019 10:25:00.000,6390.997,6390.998,6390.997,6390.998,0.0023
11.06.2019 10:26:00.000,6391.997,6394.998,6391.997,6394.998,0.0011
11.06.2019 10:27:00.000,6393.997,6394.998,6393.997,6394.998,0.0014
11.06.2019 10:28:00.000,6394.998,6395.998,6394.997,6395.998,0.004
11.06.2019 10:29:00.000,6395.998,6396.998,6394.998,6395.997,0.0037
11.06.2019 10:30:00.000,6395.998,6396.998,6395.997,6396.998,0.0028
11.06.2019 10:31:00.000,6396.997,6396.998,6394.997,6396.998,0.0014
11.06.2019 10:32:00.000,6396.997,6397.998,6396.997,6397.998,0.0003
11.06.2019 10:33:00.000,6397.998,6398.998,6397.997,6398.998,0.0018
11.06.2019 10:34:00.000,6399.997,6399.998,6398.998,6398.998,0.0003
11.06.2019 10:35:00.000,6397.998,6397.998,6395.998,6395.998,0.0007
11.06.2019 10:36:00.000,6395.998,6395.998,6395.997,6395.998,0.0005
11.06.2019 10:37:00.000,6394.998,6394.998,6392.997,6394.998,0.0014
11.06.2019 10:38:00.000,6394.997,6394.997,6392.997,6392.998,0.0011
11.06.2019 10:39:00.000,6391.997,6391.997,6388.997,6388.997,0.0007
11.06.2019 10:40:00.000,6390.998,6390.998,6389.997,6390.998,0.0027
11.06.2019 10:41:00.000,6389.998,6389.998,6389.997,6389.998,0.0011
11.06.2019 10:42:00.000,6389.998,6391.998,6388.997,6391.998,0.0015
11.06.2019 10:43:00.000,6391.998,6391.998,6391.997,6391.997,0.0005
11.06.2019 10:44:00.000,6391.998,6392.998,6391.998,6392.998,0.0012
11.06.2019 10:45:00.000,6392.998,6394.998,6391.997,6391.998,0.0031
11.06.2019 10:46:00.000,6391.997,6392.998,6391.997,6392.998,0.0014
11.06.2019 10:47:00.000,6392.997,6392.998,6392.997,6392.997,0.0013
11.06.2019 10:48:00.000,6392.998,6392.998,6391.997,6391.997,0.0018
11.06.2019 10:49:00.000,6391.998,6392.998,6391.997,6391.998,0.0023
11.06.2019 10:50:00.000,6391.997,6391.998,6391.997,6391.997,0.0004
11.06.2019 10:51:00.000,6391.998,6392.998,6391.998,6391.998,0.0012
11.06.2019 10:52:00.000,6390.998,6391.998,6390.997,6391.998,0.0027
11.06.2019 10:53:00.000,6390.998,6391.998,6390.997,6390.998,0.0019
11.06.2019 10:54:00.000,6390.997,6390.997,6387.998,6388.998,0.0031
11.06.2019 10:55:00.000,6388.997,6389.997,6388.997,6388.998,0.0031
11.06.2019 10:56:00.000,6388.997,6389.998,6388.997,6388.998,0.0017
11.06.2019 10:57:00.000,6389.998,6393.998,6389.997,6393.997,0.0063
11.06.2019 10:58:00.000,6393.998,6393.998,6390.997,6390.998,0.0019
11.06.2019 10:59:00.000,6392.750,6393.998,6391.997,6393.998,0.0035
11.06.2019 11:00:00.000,6392.998,6392.998,6391.998,6391.998,0.0001
11.06.2019 11:02:00.000,6389.998,6391.997,6385.997,6388.998,0.0042
11.06.2019 11:03:00.000,6388.998,6389.997,6386.997,6387.998,0.0032
11.06.2019 11:04:00.000,6388.998,6390.998,6387.997,6387.998,0.0022
11.06.2019 11:05:00.000,6387.997,6387.998,6387.997,6387.998,0.0024
11.06.2019 11:06:00.000,6388.998,6388.998,6387.998,6387.998,0.0007
11.06.2019 11:07:00.000,6388.997,6388.997,6386.998,6386.998,0.0004
11.06.2019 11:08:00.000,6386.997,6386.997,6385.997,6385.998,0.0003
11.06.2019 11:09:00.000,6385.997,6385.998,6385.997,6385.997,0.0015
11.06.2019 11:10:00.000,6385.998,6386.998,6385.997,6385.997,0.0018
11.06.2019 11:11:00.000,6385.998,6385.998,6385.997,6385.998,0.0002
11.06.2019 11:12:00.000,6386.998,6388.998,6386.997,6387.998,0.004
11.06.2019 11:13:00.000,6387.998,6388.998,6386.997,6386.998,0.0021
11.06.2019 11:14:00.000,6386.997,6387.998,6386.997,6387.998,0.0011
11.06.2019 11:15:00.000,6387.997,6387.998,6387.997,6387.997,0.0016
11.06.2019 11:16:00.000,6387.998,6388.998,6385.997,6385.998,0.0032
11.06.2019 11:17:00.000,6385.997,6385.998,6385.997,6385.997,0.0014
11.06.2019 11:18:00.000,6385.998,6387.998,6385.998,6387.998,0.0024
11.06.2019 11:19:00.000,6387.997,6387.997,6383.997,6383.998,0.0036
11.06.2019 11:20:00.000,6383.998,6383.998,6380.997,6381.998,0.0012
11.06.2019 11:21:00.000,6381.997,6381.998,6381.997,6381.997,0.0025
11.06.2019 11:22:00.000,6381.998,6381.998,6379.998,6380.997,0.0006
11.06.2019 11:23:00.000,6380.997,6380.997,6376.998,6377.998,0.0013
11.06.2019 11:24:00.000,6378.997,6378.998,6376.997,6378.998,0.0028
11.06.2019 11:25:00.000,6378.997,6378.998,6378.997,6378.998,0.0003
11.06.2019 11:26:00.000,6378.998,6383.998,6378.998,6383.998,0.0027
11.06.2019 11:27:00.000,6383.998,6383.998,6381.997,6381.998,0.0031
11.06.2019 11:28:00.000,6381.997,6381.998,6380.997,6380.997,0.0028
11.06.2019 11:29:00.000,6380.998,6380.998,6380.997,6380.998,0.0003
11.06.2019 11:30:00.000,6380.997,6381.998,6380.997,6380.998,0.0041
11.06.2019 11:31:00.000,6381.997,6381.998,6380.997,6380.998,0.0049
11.06.2019 11:32:00.000,6380.998,6380.998,6380.997,6380.998,0.0019
11.06.2019 11:33:00.000,6380.997,6382.998,6380.997,6381.998,0.0024
11.06.2019 11:34:00.000,6381.998,6382.998,6381.997,6381.998,0.0008
11.06.2019 11:35:00.000,6381.997,6382.998,6381.997,6382.998,0.0016
11.06.2019 11:36:00.000,6381.997,6381.998,6381.997,6381.998,0.0017
11.06.2019 11:37:00.000,6382.998,6382.998,6381.997,6381.998,0.0017
11.06.2019 11:38:00.000,6381.998,6381.998,6381.997,6381.997,0.0008
11.06.2019 11:39:00.000,6381.998,6381.998,6378.997,6378.998,0.0019
11.06.2019 11:40:00.000,6379.997,6379.998,6378.997,6379.998,0.0023
11.06.2019 11:41:00.000,6379.997,6379.998,6379.997,6379.998,0.0006
11.06.2019 11:42:00.000,6379.997,6379.997,6378.997,6378.998,0.0013
11.06.2019 11:43:00.000,6378.997,6378.998,6377.997,6377.998,0.0024
11.06.2019 11:44:00.000,6377.997,6377.998,6377.997,6377.997,0.0049
11.06.2019 11:45:00.000,6377.998,6379.997,6377.997,6378.998,0.003
11.06.2019 11:46:00.000,6379.998,6379.998,6379.997,6379.998,0.0003
11.06.2019 11:47:00.000,6380.998,6388.998,6380.998,6386.997,0.0063
11.06.2019 11:48:00.000,6386.998,6386.998,6384.998,6386.998,0.0008
11.06.2019 11:49:00.000,6386.997,6386.998,6385.997,6385.998,0.0032
11.06.2019 11:50:00.000,6386.998,6386.998,6385.998,6386.998,0.0008
11.06.2019 11:51:00.000,6386.998,6386.998,6381.997,6382.998,0.0042
11.06.2019 11:52:00.000,6381.998,6382.998,6380.998,6382.998,0.0028
11.06.2019 11:53:00.000,6382.997,6384.998,6382.997,6384.997,0.0045
11.06.2019 11:54:00.000,6383.997,6386.998,6383.997,6386.997,0.0078
11.06.2019 11:55:00.000,6386.997,6386.998,6385.997,6385.998,0.0045
11.06.2019 11:56:00.000,6385.998,6385.998,6385.997,6385.998,0.0048
11.06.2019 11:57:00.000,6385.998,6387.998,6385.998,6386.998,0.0042
11.06.2019 11:58:00.000,6386.997,6386.998,6386.997,6386.998,0.0008
11.06.2019 11:59:00.000,6386.998,6387.998,6386.997,6386.998,0.0037
11.06.2019 12:00:00.000,6387.998,6387.998,6385.997,6385.997,0.0083
11.06.2019 12:01:00.000,6385.997,6385.997,6381.997,6382.998,0.0025
11.06.2019 12:02:00.000,6382.998,6382.998,6381.997,6381.998,0.0012
11.06.2019 12:03:00.000,6381.997,6383.998,6381.997,6383.998,0.001
11.06.2019 12:04:00.000,6383.998,6383.998,6383.997,6383.998,0.0006
11.06.2019 12:05:00.000,6383.997,6384.998,6383.997,6384.998,0.0019
11.06.2019 12:06:00.000,6384.997,6385.998,6384.997,6385.997,0.001
11.06.2019 12:07:00.000,6385.998,6386.998,6385.997,6386.998,0.0024
11.06.2019 12:08:00.000,6386.997,6386.998,6383.997,6384.998,0.0034
11.06.2019 12:09:00.000,6384.998,6385.998,6384.997,6384.998,0.003
11.06.2019 12:10:00.000,6384.997,6384.998,6384.997,6384.998,0.0003
11.06.2019 12:11:00.000,6384.997,6384.998,6382.998,6384.998,0.0012
11.06.2019 12:12:00.000,6384.997,6384.998,6384.997,6384.998,0.001
11.06.2019 12:13:00.000,6384.997,6385.998,6384.997,6384.998,0.0034
11.06.2019 12:14:00.000,6384.997,6384.997,6384.997,6384.997,0.0001
11.06.2019 12:15:00.000,6384.998,6384.998,6384.997,6384.998,0.0014
11.06.2019 12:16:00.000,6384.998,6384.998,6384.997,6384.998,0.0006
11.06.2019 12:17:00.000,6384.997,6384.998,6383.997,6383.997,0.0028
11.06.2019 12:18:00.000,6383.997,6383.998,6383.997,6383.997,0.0045
11.06.2019 12:19:00.000,6383.998,6383.998,6383.997,6383.998,0.0029
11.06.2019 12:20:00.000,6383.998,6384.998,6382.998,6384.998,0.0019
11.06.2019 12:21:00.000,6384.997,6384.998,6384.997,6384.998,0.0028
11.06.2019 12:22:00.000,6384.998,6385.997,6384.997,6384.998,0.0071
11.06.2019 12:23:00.000,6384.997,6384.998,6384.997,6384.997,0.0046
11.06.2019 12:24:00.000,6384.998,6384.998,6384.997,6384.998,0.0032
11.06.2019 12:25:00.000,6384.998,6384.998,6383.997,6383.997,0.0053
11.06.2019 12:26:00.000,6383.998,6383.998,6378.998,6378.998,0.0009
11.06.2019 12:27:00.000,6377.997,6377.998,6376.997,6376.997,0.0018
11.06.2019 12:28:00.000,6377.998,6378.998,6377.997,6377.998,0.0006
11.06.2019 12:29:00.000,6377.997,6377.998,6377.997,6377.998,0.0009
11.06.2019 12:30:00.000,6377.997,6379.998,6377.997,6379.998,0.0013
11.06.2019 12:31:00.000,6380.997,6380.997,6380.997,6380.997,0.0002
11.06.2019 12:32:00.000,6380.998,6384.998,6380.997,6382.997,0.0047
11.06.2019 12:33:00.000,6382.998,6384.998,6382.997,6383.998,0.0046
11.06.2019 12:34:00.000,6383.998,6384.998,6383.997,6383.998,0.0044
11.06.2019 12:35:00.000,6382.997,6383.998,6382.997,6383.997,0.005
11.06.2019 12:36:00.000,6383.998,6384.998,6383.997,6383.997,0.0028
11.06.2019 12:37:00.000,6384.997,6384.998,6383.997,6383.998,0.0062
11.06.2019 12:38:00.000,6383.997,6386.998,6383.997,6386.997,0.0065
11.06.2019 12:39:00.000,6387.997,6388.998,6387.997,6388.998,0.0008
11.06.2019 12:40:00.000,6388.997,6388.998,6385.998,6386.998,0.0013
11.06.2019 12:41:00.000,6386.998,6388.997,6386.998,6387.998,0.0034
11.06.2019 12:42:00.000,6387.997,6387.998,6387.997,6387.997,0.0021
11.06.2019 12:43:00.000,6388.998,6388.998,6386.998,6387.997,0.0056
11.06.2019 12:44:00.000,6387.998,6387.998,6386.997,6387.997,0.0025
11.06.2019 12:45:00.000,6387.998,6388.998,6387.997,6387.998,0.0014
11.06.2019 12:46:00.000,6387.997,6387.998,6387.997,6387.998,0.0013
11.06.2019 12:47:00.000,6387.997,6388.997,6387.997,6388.997,0.0024
11.06.2019 12:48:00.000,6387.998,6387.998,6387.997,6387.998,0.0036
11.06.2019 12:49:00.000,6388.998,6388.998,6387.997,6388.997,0.0041
11.06.2019 12:50:00.000,6388.998,6393.998,6388.997,6392.998,0.0053
11.06.2019 12:51:00.000,6392.997,6392.998,6389.997,6389.998,0.0037
11.06.2019 12:52:00.000,6388.998,6388.998,6384.997,6384.998,0.0029
11.06.2019 12:53:00.000,6385.998,6385.998,6385.997,6385.998,0.0004
11.06.2019 12:54:00.000,6386.998,6387.998,6384.997,6384.998,0.0012
11.06.2019 12:55:00.000,6383.998,6383.998,6377.998,6377.998,0.0016
11.06.2019 12:56:00.000,6377.997,6377.997,6375.998,6376.997,0.0014
11.06.2019 12:57:00.000,6376.998,6376.998,6374.997,6374.997,0.0014
11.06.2019 12:58:00.000,6375.998,6377.998,6375.997,6377.998,0.0024
11.06.2019 12:59:00.000,6378.997,6380.998,6378.997,6379.997,0.0018
11.06.2019 13:00:00.000,6379.998,6380.998,6379.997,6380.998,0.0019
11.06.2019 13:01:00.000,6381.997,6383.998,6381.997,6383.998,0.0011
11.06.2019 13:02:00.000,6383.998,6383.998,6383.997,6383.998,0.0009
11.06.2019 13:03:00.000,6382.998,6382.998,6382.997,6382.998,0.0002
11.06.2019 13:04:00.000,6381.998,6386.998,6381.997,6386.998,0.0018
11.06.2019 13:05:00.000,6386.997,6386.998,6386.997,6386.997,0.0026
11.06.2019 13:06:00.000,6387.998,6387.998,6386.997,6386.997,0.0045
11.06.2019 13:07:00.000,6386.998,6386.998,6386.997,6386.998,0.003
11.06.2019 13:08:00.000,6385.998,6385.998,6382.997,6384.998,0.002
11.06.2019 13:09:00.000,6384.998,6384.998,6383.998,6383.998,0.0023
11.06.2019 13:10:00.000,6383.998,6383.998,6381.997,6381.997,0.002
11.06.2019 13:11:00.000,6381.998,6381.998,6381.997,6381.998,0.0005
11.06.2019 13:12:00.000,6381.997,6381.998,6381.997,6381.998,0.0004
11.06.2019 13:13:00.000,6381.998,6382.998,6379.998,6380.997,0.0043
11.06.2019 13:14:00.000,6380.998,6380.998,6380.997,6380.997,0.0001
11.06.2019 13:15:00.000,6380.998,6380.998,6379.997,6379.998,0.003
11.06.2019 13:16:00.000,6380.998,6380.998,6378.998,6378.998,0.0009
11.06.2019 13:17:00.000,6378.998,6378.998,6377.997,6378.998,0.0008
11.06.2019 13:18:00.000,6378.997,6378.997,6374.998,6374.998,0.0006
11.06.2019 13:19:00.000,6374.997,6374.998,6372.998,6373.998,0.0023
11.06.2019 13:20:00.000,6373.997,6377.998,6373.997,6375.998,0.003
11.06.2019 13:21:00.000,6375.998,6376.998,6375.997,6375.998,0.0031
11.06.2019 13:22:00.000,6376.998,6376.998,6375.998,6376.998,0.0014
11.06.2019 13:23:00.000,6376.997,6380.998,6375.997,6380.998,0.0065
11.06.2019 13:24:00.000,6380.998,6380.998,6380.997,6380.998,0.0011
11.06.2019 13:25:00.000,6380.997,6385.998,6380.997,6381.998,0.0053
11.06.2019 13:26:00.000,6381.998,6381.998,6381.997,6381.997,0.0018
11.06.2019 13:27:00.000,6381.997,6383.998,6379.998,6383.998,0.0025
11.06.2019 13:28:00.000,6383.997,6384.998,6380.998,6382.998,0.0042
11.06.2019 13:29:00.000,6383.997,6383.998,6383.997,6383.998,0.0013
11.06.2019 13:30:00.000,6383.997,6383.998,6381.998,6382.998,0.0064
11.06.2019 13:31:00.000,6382.997,6384.998,6381.998,6384.997,0.0025
11.06.2019 13:32:00.000,6384.998,6384.998,6383.997,6384.997,0.002
11.06.2019 13:33:00.000,6384.998,6390.998,6383.998,6387.998,0.0047
11.06.2019 13:34:00.000,6387.998,6388.998,6385.998,6387.998,0.0098
11.06.2019 13:35:00.000,6388.998,6388.998,6386.998,6388.998,0.003
11.06.2019 13:36:00.000,6387.998,6388.998,6384.997,6385.998,0.0044
11.06.2019 13:37:00.000,6385.997,6385.998,6379.998,6380.997,0.005
11.06.2019 13:38:00.000,6380.998,6383.998,6380.997,6381.998,0.0041
11.06.2019 13:39:00.000,6381.998,6382.998,6380.997,6382.998,0.0054
11.06.2019 13:40:00.000,6381.997,6382.998,6379.997,6379.998,0.0106
11.06.2019 13:41:00.000,6378.997,6379.998,6377.997,6377.998,0.001
11.06.2019 13:42:00.000,6377.997,6377.998,6372.998,6373.998,0.0067
11.06.2019 13:43:00.000,6373.997,6379.998,6373.997,6378.997,0.0039
11.06.2019 13:44:00.000,6378.998,6380.998,6376.997,6376.997,0.0025
11.06.2019 13:45:00.000,6376.998,6380.997,6376.998,6379.997,0.0041
11.06.2019 13:46:00.000,6379.998,6380.998,6378.998,6379.998,0.0042
11.06.2019 13:47:00.000,6380.998,6380.998,6377.997,6377.998,0.0052
11.06.2019 13:48:00.000,6378.997,6379.998,6378.997,6378.997,0.0011
11.06.2019 13:49:00.000,6378.997,6378.997,6377.997,6377.998,0.0041
11.06.2019 13:50:00.000,6378.997,6381.998,6378.997,6381.998,0.0023
11.06.2019 13:51:00.000,6382.998,6385.998,6381.997,6382.998,0.0067
11.06.2019 13:52:00.000,6383.998,6384.998,6382.997,6384.998,0.0038
11.06.2019 13:53:00.000,6384.997,6386.998,6384.997,6386.997,0.0081
11.06.2019 13:54:00.000,6387.998,6390.998,6386.998,6390.998,0.0038
11.06.2019 13:55:00.000,6390.997,6392.998,6387.997,6392.998,0.0122
11.06.2019 13:56:00.000,6392.998,6395.998,6392.998,6395.998,0.0096
11.06.2019 13:57:00.000,6395.997,6395.998,6393.997,6394.998,0.0056
11.06.2019 13:58:00.000,6394.998,6395.997,6392.997,6394.998,0.0054
11.06.2019 13:59:00.000,6394.997,6395.998,6392.997,6392.998,0.004
11.06.2019 14:00:00.000,6392.997,6392.998,6390.997,6391.998,0.0037
11.06.2019 14:01:00.000,6391.997,6394.998,6391.997,6393.997,0.0069
11.06.2019 14:02:00.000,6393.998,6393.998,6392.997,6392.998,0.0018
11.06.2019 14:03:00.000,6391.998,6392.998,6390.997,6390.998,0.0052
11.06.2019 14:04:00.000,6391.997,6392.998,6390.998,6392.998,0.003
11.06.2019 14:05:00.000,6392.998,6393.997,6392.997,6393.997,0.0033
11.06.2019 14:06:00.000,6392.997,6396.998,6392.997,6394.997,0.0069
11.06.2019 14:07:00.000,6394.998,6394.998,6394.997,6394.998,0.0044
11.06.2019 14:08:00.000,6393.998,6393.998,6392.997,6392.998,0.0088
11.06.2019 14:09:00.000,6392.998,6392.998,6389.997,6389.998,0.0106
11.06.2019 14:10:00.000,6389.997,6391.998,6389.997,6390.998,0.0039
11.06.2019 14:11:00.000,6390.997,6392.750,6388.997,6388.998,0.0029
11.06.2019 14:12:00.000,6388.997,6390.998,6387.997,6387.998,0.0056
11.06.2019 14:13:00.000,6387.997,6387.998,6382.997,6382.997,0.0042
11.06.2019 14:14:00.000,6382.998,6383.998,6382.997,6383.998,0.0035
11.06.2019 14:15:00.000,6383.997,6386.998,6381.997,6385.998,0.0038
11.06.2019 14:16:00.000,6386.997,6386.998,6383.997,6384.998,0.0022
11.06.2019 14:17:00.000,6385.998,6386.998,6383.997,6383.997,0.0052
11.06.2019 14:18:00.000,6383.997,6383.998,6382.997,6383.998,0.0044
11.06.2019 14:19:00.000,6383.998,6383.998,6382.997,6383.998,0.0057
11.06.2019 14:20:00.000,6383.997,6383.998,6383.997,6383.998,0.0042
11.06.2019 14:21:00.000,6383.998,6384.998,6383.997,6383.998,0.0033
11.06.2019 14:22:00.000,6383.998,6389.998,6383.997,6386.998,0.0057
11.06.2019 14:23:00.000,6386.997,6386.998,6386.997,6386.998,0.001
11.06.2019 14:24:00.000,6385.997,6385.998,6385.997,6385.998,0.0014
11.06.2019 14:25:00.000,6385.997,6386.998,6385.997,6386.998,0.0072
11.06.2019 14:26:00.000,6385.998,6389.998,6385.997,6389.998,0.0029
11.06.2019 14:27:00.000,6388.997,6388.998,6385.997,6386.998,0.0045
11.06.2019 14:28:00.000,6386.997,6388.998,6383.997,6388.998,0.0042
11.06.2019 14:29:00.000,6389.998,6390.998,6389.998,6390.998,0.0035
11.06.2019 14:30:00.000,6390.998,6390.998,6388.997,6390.997,0.0073
11.06.2019 14:31:00.000,6390.998,6391.998,6390.997,6391.998,0.0028
11.06.2019 14:32:00.000,6391.997,6392.998,6391.997,6391.998,0.0046
11.06.2019 14:33:00.000,6392.998,6392.998,6391.997,6391.998,0.0081
11.06.2019 14:34:00.000,6391.997,6391.998,6388.997,6388.998,0.0026
11.06.2019 14:35:00.000,6388.997,6388.998,6388.997,6388.998,0.0018
11.06.2019 14:36:00.000,6387.998,6388.998,6385.997,6386.998,0.0046
11.06.2019 14:37:00.000,6386.997,6387.998,6386.997,6387.998,0.0049
11.06.2019 14:38:00.000,6387.997,6389.998,6387.997,6389.998,0.006
11.06.2019 14:39:00.000,6389.997,6389.998,6389.997,6389.998,0.0014
11.06.2019 14:40:00.000,6390.998,6390.998,6389.997,6389.998,0.0113
11.06.2019 14:41:00.000,6390.997,6390.998,6386.998,6386.998,0.0079
11.06.2019 14:42:00.000,6386.997,6388.998,6386.997,6388.998,0.0102
11.06.2019 14:43:00.000,6388.997,6389.998,6388.997,6389.998,0.0049
11.06.2019 14:44:00.000,6389.998,6390.997,6389.997,6389.998,0.005
11.06.2019 14:45:00.000,6389.998,6389.998,6386.998,6386.998,0.0036
11.06.2019 14:46:00.000,6386.997,6388.998,6386.997,6388.998,0.0019
11.06.2019 14:47:00.000,6389.998,6389.998,6387.997,6387.998,0.0102
11.06.2019 14:48:00.000,6387.997,6388.998,6387.997,6388.998,0.0049
11.06.2019 14:49:00.000,6388.997,6390.997,6387.997,6389.998,0.0135
11.06.2019 14:50:00.000,6389.998,6390.998,6389.997,6390.998,0.0065
11.06.2019 14:51:00.000,6389.998,6390.997,6388.997,6388.998,0.0056
11.06.2019 14:52:00.000,6388.997,6388.998,6385.997,6385.997,0.0091
11.06.2019 14:53:00.000,6385.997,6385.997,6382.997,6383.998,0.0062
11.06.2019 14:54:00.000,6384.997,6386.998,6384.997,6386.998,0.0023
11.06.2019 14:55:00.000,6386.997,6386.998,6386.997,6386.998,0.0006
11.06.2019 14:56:00.000,6386.997,6387.998,6386.997,6387.998,0.0045
11.06.2019 14:57:00.000,6387.997,6387.998,6386.997,6386.998,0.0054
11.06.2019 14:58:00.000,6386.997,6386.998,6386.997,6386.998,0.001
11.06.2019 14:59:00.000,6386.997,6387.998,6386.997,6387.997,0.0039
11.06.2019 15:00:00.000,6387.998,6387.998,6386.997,6387.998,0.0042
11.06.2019 15:01:00.000,6387.997,6387.998,6387.997,6387.998,0.0003
11.06.2019 15:02:00.000,6387.997,6388.998,6386.998,6388.998,0.0041
11.06.2019 15:03:00.000,6388.997,6388.998,6388.997,6388.997,0.0049
11.06.2019 15:04:00.000,6388.998,6388.998,6385.997,6385.998,0.0071
11.06.2019 15:05:00.000,6385.997,6388.998,6385.997,6387.998,0.0057
11.06.2019 15:06:00.000,6388.998,6388.998,6388.997,6388.998,0.001
11.06.2019 15:07:00.000,6388.997,6389.998,6386.997,6386.998,0.0078
11.06.2019 15:08:00.000,6386.997,6387.998,6385.997,6387.998,0.0028
11.06.2019 15:09:00.000,6387.997,6387.997,6385.997,6386.998,0.0053
11.06.2019 15:10:00.000,6387.998,6388.998,6387.997,6387.998,0.0082
11.06.2019 15:11:00.000,6387.998,6387.998,6386.997,6386.997,0.0125
11.06.2019 15:12:00.000,6386.998,6388.998,6386.998,6388.998,0.0037
11.06.2019 15:13:00.000,6388.997,6390.998,6388.997,6390.998,0.0073
11.06.2019 15:14:00.000,6390.998,6390.998,6389.997,6389.998,0.0129
11.06.2019 15:15:00.000,6390.998,6391.997,6389.997,6389.998,0.0055
11.06.2019 15:16:00.000,6389.997,6389.998,6388.997,6388.997,0.006
11.06.2019 15:17:00.000,6388.998,6392.998,6388.997,6391.998,0.0056
11.06.2019 15:18:00.000,6391.998,6392.998,6391.997,6392.998,0.0055
11.06.2019 15:19:00.000,6392.997,6392.998,6391.998,6392.998,0.0045
11.06.2019 15:20:00.000,6393.998,6395.998,6393.997,6393.998,0.0123
11.06.2019 15:21:00.000,6393.997,6394.998,6393.997,6394.998,0.003
11.06.2019 15:22:00.000,6395.997,6396.998,6394.997,6394.998,0.0102
11.06.2019 15:23:00.000,6394.997,6394.998,6390.997,6390.997,0.0059
11.06.2019 15:24:00.000,6390.998,6392.998,6390.997,6392.998,0.0075
11.06.2019 15:25:00.000,6392.997,6394.998,6392.997,6393.998,0.0149
11.06.2019 15:26:00.000,6393.997,6394.998,6393.997,6394.998,0.0117
11.06.2019 15:27:00.000,6394.997,6395.998,6393.997,6393.998,0.0157
11.06.2019 15:28:00.000,6393.997,6393.997,6388.997,6388.998,0.008
11.06.2019 15:29:00.000,6388.997,6389.998,6381.997,6383.997,0.0162
12.06.2019 07:00:00.000,6354.998,6359.998,6354.998,6354.998,0.0002
12.06.2019 07:03:00.000,6315.998,6339.998,6315.998,6339.997,0.0014
12.06.2019 07:04:00.000,6339.997,6357.998,6339.997,6357.997,0.0019
12.06.2019 07:05:00.000,6357.997,6357.997,6333.998,6338.997,0.0028
12.06.2019 07:06:00.000,6323.997,6324.997,6315.998,6315.998,0.0022
12.06.2019 07:07:00.000,6315.997,6317.998,6310.997,6315.998,0.0048
12.06.2019 07:08:00.000,6310.998,6310.998,6293.997,6293.997,0.0049
12.06.2019 07:09:00.000,6289.998,6292.998,6289.997,6291.998,0.0028
12.06.2019 07:10:00.000,6292.998,6302.998,6289.997,6289.997,0.0043
12.06.2019 07:11:00.000,6290.998,6299.998,6290.998,6294.997,0.0038
12.06.2019 07:12:00.000,6294.998,6302.998,6293.998,6297.997,0.0052
12.06.2019 07:13:00.000,6297.998,6299.998,6276.998,6276.998,0.0051
12.06.2019 07:14:00.000,6278.997,6279.998,6276.997,6276.997,0.0051
12.06.2019 07:15:00.000,6276.997,6278.998,6271.998,6276.998,0.0055
12.06.2019 07:16:00.000,6276.997,6278.998,6276.997,6278.998,0.0045
12.06.2019 07:17:00.000,6279.997,6280.997,6267.997,6278.998,0.0056
12.06.2019 07:18:00.000,6281.997,6307.998,6277.997,6304.998,0.0143
12.06.2019 07:19:00.000,6304.997,6307.998,6293.997,6293.998,0.0165
12.06.2019 07:20:00.000,6298.750,6300.997,6285.998,6295.998,0.0124
12.06.2019 07:21:00.000,6295.997,6298.998,6295.997,6298.998,0.0041
12.06.2019 07:22:00.000,6298.998,6298.998,6298.997,6298.998,0.0037
12.06.2019 07:23:00.000,6299.997,6316.998,6299.997,6309.998,0.0107
12.06.2019 07:24:00.000,6309.998,6310.997,6298.998,6298.998,0.0055
12.06.2019 07:25:00.000,6298.997,6299.997,6295.998,6299.997,0.0017
12.06.2019 07:26:00.000,6299.998,6306.997,6289.998,6295.998,0.006
12.06.2019 07:27:00.000,6295.997,6298.998,6290.997,6291.998,0.0065
12.06.2019 07:28:00.000,6294.998,6308.997,6293.998,6308.997,0.0047
12.06.2019 07:29:00.000,6308.750,6308.750,6298.998,6305.998,0.0026
12.06.2019 07:30:00.000,6306.998,6314.997,6306.998,6314.997,0.0026
12.06.2019 07:31:00.000,6314.998,6317.998,6309.997,6312.998,0.003
12.06.2019 07:32:00.000,6313.998,6323.998,6313.998,6323.997,0.0069
12.06.2019 07:33:00.000,6323.998,6323.998,6313.998,6314.998,0.0041
12.06.2019 07:34:00.000,6315.998,6316.998,6313.997,6315.998,0.0088
12.06.2019 07:35:00.000,6315.997,6316.998,6311.997,6314.998,0.009
12.06.2019 07:36:00.000,6314.997,6316.998,6309.998,6313.998,0.0043
12.06.2019 07:37:00.000,6313.997,6313.998,6311.998,6311.998,0.0058
12.06.2019 07:38:00.000,6311.997,6313.998,6311.997,6313.998,0.0063
12.06.2019 07:39:00.000,6313.997,6313.997,6309.997,6312.998,0.0019
12.06.2019 07:40:00.000,6312.998,6312.998,6312.997,6312.997,0.0048
12.06.2019 07:41:00.000,6312.998,6313.998,6312.997,6312.998,0.0033
12.06.2019 07:42:00.000,6312.997,6313.998,6312.997,6313.998,0.0051
12.06.2019 07:43:00.000,6313.997,6313.998,6312.997,6312.997,0.0033
12.06.2019 07:44:00.000,6312.998,6312.998,6302.997,6304.998,0.0022
12.06.2019 07:45:00.000,6304.998,6307.998,6304.998,6307.998,0.008
12.06.2019 07:46:00.000,6307.998,6308.998,6307.998,6308.998,0.0044
12.06.2019 07:47:00.000,6308.997,6308.998,6301.998,6305.998,0.0082
12.06.2019 07:48:00.000,6305.997,6312.998,6300.997,6311.997,0.0062
12.06.2019 07:49:00.000,6311.998,6311.998,6307.998,6308.998,0.0032
12.06.2019 07:50:00.000,6308.998,6315.998,6296.998,6302.997,0.0103
12.06.2019 07:51:00.000,6302.998,6302.998,6295.998,6300.998,0.0036
12.06.2019 07:52:00.000,6300.998,6303.998,6300.998,6303.998,0.0014
12.06.2019 07:53:00.000,6299.997,6305.998,6298.997,6305.997,0.004
12.06.2019 07:54:00.000,6308.998,6310.998,6306.997,6307.998,0.0012
12.06.2019 07:55:00.000,6307.997,6309.998,6305.997,6309.997,0.0022
12.06.2019 07:56:00.000,6309.998,6309.998,6308.997,6309.998,0.0025
12.06.2019 07:57:00.000,6309.997,6310.998,6306.997,6310.998,0.0009
12.06.2019 07:58:00.000,6312.997,6318.997,6312.997,6318.997,0.0012
12.06.2019 07:59:00.000,6318.997,6318.998,6318.997,6318.998,0.0015
12.06.2019 08:00:00.000,6318.998,6323.998,6318.997,6323.997,0.0077
12.06.2019 08:01:00.000,6321.998,6323.998,6321.997,6323.997,0.0041
12.06.2019 08:02:00.000,6323.998,6324.998,6323.997,6323.998,0.006
12.06.2019 08:03:00.000,6323.997,6323.998,6323.997,6323.997,0.0035
12.06.2019 08:04:00.000,6323.998,6324.998,6323.997,6323.997,0.0037
12.06.2019 08:05:00.000,6323.998,6336.998,6323.998,6333.997,0.0055
12.06.2019 08:06:00.000,6333.998,6334.998,6333.997,6334.998,0.0012
12.06.2019 08:07:00.000,6334.997,6336.997,6333.997,6333.998,0.0051
12.06.2019 08:08:00.000,6332.998,6336.998,6331.997,6335.997,0.0053
12.06.2019 08:09:00.000,6336.998,6337.998,6336.997,6337.998,0.0034
12.06.2019 08:10:00.000,6337.997,6337.997,6335.998,6336.998,0.0058
12.06.2019 08:11:00.000,6336.997,6342.997,6335.998,6342.997,0.0025
12.06.2019 08:12:00.000,6342.998,6342.998,6340.998,6342.998,0.0043
12.06.2019 08:13:00.000,6342.997,6342.998,6341.997,6342.998,0.0029
12.06.2019 08:14:00.000,6342.997,6359.998,6342.997,6350.997,0.0106
12.06.2019 08:15:00.000,6350.998,6354.998,6345.998,6347.998,0.007
12.06.2019 08:16:00.000,6347.997,6352.998,6347.997,6350.998,0.0057
12.06.2019 08:17:00.000,6351.998,6357.998,6350.998,6350.998,0.0064
12.06.2019 08:18:00.000,6349.997,6351.997,6344.998,6347.998,0.0064
12.06.2019 08:19:00.000,6347.997,6349.997,6339.998,6343.998,0.0103
12.06.2019 08:20:00.000,6343.997,6344.998,6340.997,6341.998,0.0026
12.06.2019 08:21:00.000,6340.997,6348.998,6340.997,6348.998,0.0055
12.06.2019 08:22:00.000,6348.997,6353.998,6348.997,6353.998,0.0041
12.06.2019 08:23:00.000,6353.997,6361.998,6352.998,6361.998,0.0058
12.06.2019 08:24:00.000,6361.997,6371.998,6359.998,6371.997,0.0043
12.06.2019 08:25:00.000,6371.997,6371.997,6367.997,6368.998,0.0041
12.06.2019 08:26:00.000,6369.998,6376.998,6369.998,6374.998,0.0016
12.06.2019 08:27:00.000,6374.998,6378.998,6373.998,6378.998,0.0028
12.06.2019 08:28:00.000,6378.998,6378.998,6374.997,6375.998,0.0032
12.06.2019 08:29:00.000,6375.997,6379.998,6375.997,6376.997,0.0016
12.06.2019 08:30:00.000,6376.998,6378.998,6373.997,6378.998,0.0027
12.06.2019 08:31:00.000,6378.997,6379.998,6373.997,6379.998,0.0062
12.06.2019 08:32:00.000,6379.998,6383.998,6379.997,6383.998,0.0025
12.06.2019 08:33:00.000,6383.998,6387.998,6381.997,6387.997,0.0013
12.06.2019 08:34:00.000,6387.997,6387.998,6381.998,6387.998,0.0018
12.06.2019 08:35:00.000,6386.998,6387.997,6376.998,6378.997,0.0034
12.06.2019 08:36:00.000,6378.997,6378.997,6372.997,6372.998,0.0062
12.06.2019 08:37:00.000,6372.998,6373.998,6370.998,6372.998,0.002
12.06.2019 08:38:00.000,6374.997,6376.998,6374.997,6375.997,0.0024
12.06.2019 08:39:00.000,6376.997,6376.998,6375.997,6375.998,0.0044
12.06.2019 08:40:00.000,6375.997,6382.997,6375.997,6381.997,0.0059
12.06.2019 08:41:00.000,6381.998,6386.998,6381.997,6386.998,0.0051
12.06.2019 08:42:00.000,6386.998,6398.998,6386.997,6398.998,0.0077
12.06.2019 08:43:00.000,6398.998,6399.998,6394.997,6397.998,0.0041
12.06.2019 08:44:00.000,6397.997,6398.998,6396.997,6397.997,0.0025
12.06.2019 08:45:00.000,6397.997,6399.998,6387.997,6389.998,0.0032
12.06.2019 08:46:00.000,6390.998,6394.997,6389.997,6394.997,0.0026
12.06.2019 08:47:00.000,6395.997,6400.998,6394.997,6395.998,0.0036
12.06.2019 08:48:00.000,6395.998,6395.998,6384.998,6393.997,0.007
12.06.2019 08:49:00.000,6394.997,6394.998,6385.998,6385.998,0.0018
12.06.2019 08:50:00.000,6385.997,6385.997,6379.998,6379.998,0.0008
12.06.2019 08:51:00.000,6379.997,6382.998,6379.997,6382.997,0.0022
12.06.2019 08:52:00.000,6382.997,6383.998,6382.997,6383.998,0.0012
12.06.2019 08:53:00.000,6382.997,6384.998,6382.997,6384.997,0.0014
12.06.2019 08:54:00.000,6384.998,6385.998,6379.997,6380.997,0.0024
12.06.2019 08:55:00.000,6380.998,6381.998,6380.998,6381.998,0.0004
12.06.2019 08:56:00.000,6381.997,6388.998,6381.997,6388.998,0.0034
12.06.2019 08:57:00.000,6388.997,6389.998,6386.997,6386.997,0.0056
12.06.2019 08:58:00.000,6388.997,6389.998,6383.998,6388.998,0.0053
12.06.2019 08:59:00.000,6389.997,6390.998,6386.998,6388.997,0.0019
12.06.2019 09:00:00.000,6388.998,6388.998,6383.997,6383.998,0.0016
12.06.2019 09:01:00.000,6383.997,6388.998,6383.997,6386.998,0.0042
12.06.2019 09:02:00.000,6386.997,6388.998,6386.997,6387.997,0.0012
12.06.2019 09:03:00.000,6386.998,6387.998,6386.997,6386.998,0.0009
12.06.2019 09:04:00.000,6386.997,6386.998,6380.998,6380.998,0.0017
12.06.2019 09:05:00.000,6382.997,6382.998,6381.997,6381.997,0.0009
12.06.2019 09:06:00.000,6382.997,6384.998,6382.997,6383.998,0.0021
12.06.2019 09:07:00.000,6383.997,6384.998,6383.997,6384.998,0.0018
12.06.2019 09:08:00.000,6384.997,6384.998,6380.997,6380.998,0.0024
12.06.2019 09:09:00.000,6380.997,6381.998,6378.998,6381.998,0.0026
12.06.2019 09:10:00.000,6381.997,6387.998,6381.997,6385.998,0.0049
12.06.2019 09:11:00.000,6385.998,6387.998,6384.997,6385.997,0.0047
12.06.2019 09:12:00.000,6384.997,6387.998,6384.997,6384.998,0.0062
12.06.2019 09:13:00.000,6384.997,6385.998,6383.997,6383.998,0.0034
12.06.2019 09:14:00.000,6383.997,6383.998,6380.998,6382.997,0.0017
12.06.2019 09:16:00.000,6382.998,6382.998,6381.997,6381.998,0.0014
12.06.2019 09:17:00.000,6381.998,6382.998,6379.998,6381.998,0.0021
12.06.2019 09:18:00.000,6381.998,6381.998,6379.998,6380.998,0.0021
12.06.2019 09:19:00.000,6380.997,6380.997,6376.997,6376.998,0.002
12.06.2019 09:20:00.000,6376.997,6380.998,6375.997,6378.998,0.0028
12.06.2019 09:21:00.000,6377.998,6378.998,6374.998,6378.998,0.0033
12.06.2019 09:22:00.000,6379.998,6380.998,6378.997,6380.997,0.0037
12.06.2019 09:23:00.000,6379.997,6380.998,6378.997,6378.998,0.0017
12.06.2019 09:24:00.000,6378.998,6380.998,6378.997,6380.998,0.0018
12.06.2019 09:25:00.000,6380.997,6383.998,6380.997,6383.997,0.0015
12.06.2019 09:26:00.000,6383.998,6387.998,6383.998,6386.998,0.0021
12.06.2019 09:27:00.000,6384.998,6386.998,6382.998,6386.998,0.0034
12.06.2019 09:28:00.000,6387.998,6389.998,6387.997,6389.997,0.0017
12.06.2019 09:29:00.000,6388.998,6388.998,6382.998,6382.998,0.0028
12.06.2019 09:30:00.000,6382.997,6382.998,6379.997,6379.997,0.0011
12.06.2019 09:31:00.000,6379.998,6382.998,6378.998,6382.998,0.0033
12.06.2019 09:32:00.000,6383.997,6385.998,6382.997,6385.997,0.002
12.06.2019 09:33:00.000,6385.998,6385.998,6381.998,6381.998,0.0016
12.06.2019 09:34:00.000,6381.998,6383.998,6381.997,6382.998,0.0019
12.06.2019 09:35:00.000,6382.997,6385.998,6382.997,6385.998,0.0011
12.06.2019 09:36:00.000,6385.997,6391.998,6385.997,6391.998,0.0055
12.06.2019 09:37:00.000,6392.998,6394.998,6392.997,6394.998,0.0015
12.06.2019 09:38:00.000,6395.997,6397.998,6395.997,6397.997,0.0007
12.06.2019 09:39:00.000,6397.998,6401.997,6396.998,6399.997,0.005
12.06.2019 09:40:00.000,6399.998,6399.998,6396.997,6396.998,0.0017
12.06.2019 09:41:00.000,6396.998,6401.998,6396.997,6401.998,0.0018
12.06.2019 09:42:00.000,6401.997,6404.998,6400.997,6403.997,0.0036
12.06.2019 09:43:00.000,6403.997,6404.998,6402.997,6403.997,0.0006
12.06.2019 09:44:00.000,6403.998,6403.998,6400.998,6400.998,0.0008
12.06.2019 09:45:00.000,6400.997,6401.998,6400.997,6401.998,0.0003
12.06.2019 09:46:00.000,6401.997,6403.998,6401.997,6402.997,0.0027
12.06.2019 09:47:00.000,6402.998,6403.998,6398.998,6399.997,0.0013
12.06.2019 09:48:00.000,6399.998,6399.998,6395.998,6396.998,0.0028
12.06.2019 09:49:00.000,6397.998,6398.998,6396.998,6398.998,0.0015
12.06.2019 09:50:00.000,6399.997,6400.998,6396.998,6397.997,0.0027
12.06.2019 09:51:00.000,6397.998,6397.998,6396.997,6396.998,0.0018
12.06.2019 09:52:00.000,6397.998,6398.998,6394.997,6398.998,0.0031
12.06.2019 09:53:00.000,6399.997,6402.998,6398.998,6401.998,0.0023
12.06.2019 09:54:00.000,6401.997,6402.998,6397.997,6401.997,0.0043
12.06.2019 09:55:00.000,6401.998,6401.998,6396.998,6396.998,0.0012
12.06.2019 09:56:00.000,6395.998,6398.998,6395.998,6398.998,0.0022
12.06.2019 09:57:00.000,6398.997,6399.998,6396.998,6396.998,0.0024
12.06.2019 09:58:00.000,6396.998,6397.998,6395.997,6396.998,0.0013
12.06.2019 09:59:00.000,6397.998,6397.998,6394.997,6395.998,0.0017
12.06.2019 10:00:00.000,6395.998,6397.998,6395.997,6397.997,0.0035
12.06.2019 10:01:00.000,6397.998,6399.998,6397.997,6397.998,0.0037
12.06.2019 10:02:00.000,6397.997,6397.998,6394.997,6396.997,0.0025
12.06.2019 10:03:00.000,6397.997,6398.997,6395.998,6395.998,0.0015
12.06.2019 10:04:00.000,6396.997,6397.998,6395.997,6395.997,0.0016
12.06.2019 10:05:00.000,6395.998,6405.998,6395.997,6405.997,0.0059
12.06.2019 10:06:00.000,6405.998,6410.998,6405.998,6410.997,0.0043
12.06.2019 10:07:00.000,6410.998,6417.998,6410.997,6414.998,0.0051
12.06.2019 10:08:00.000,6414.997,6417.750,6410.997,6411.998,0.0077
12.06.2019 10:09:00.000,6411.997,6411.998,6410.997,6411.997,0.0032
12.06.2019 10:10:00.000,6411.998,6413.998,6411.998,6412.998,0.0032
12.06.2019 10:11:00.000,6412.998,6413.998,6408.998,6413.998,0.0026
12.06.2019 10:12:00.000,6415.998,6419.998,6415.998,6419.997,0.0013
12.06.2019 10:13:00.000,6419.998,6423.997,6419.997,6423.997,0.0028
12.06.2019 10:14:00.000,6422.998,6423.998,6419.998,6419.998,0.0022
12.06.2019 10:15:00.000,6419.998,6419.998,6410.997,6413.998,0.0035
12.06.2019 10:16:00.000,6413.997,6413.998,6413.997,6413.998,0.0024
12.06.2019 10:17:00.000,6414.997,6414.998,6413.997,6414.998,0.006
12.06.2019 10:18:00.000,6414.998,6414.998,6414.997,6414.998,0.0014
12.06.2019 10:19:00.000,6414.998,6414.998,6413.997,6413.998,0.0026
12.06.2019 10:20:00.000,6413.997,6413.998,6413.997,6413.998,0.0029
12.06.2019 10:21:00.000,6413.997,6418.998,6412.997,6418.998,0.0087
12.06.2019 10:22:00.000,6418.998,6418.998,6416.997,6416.998,0.0011
12.06.2019 10:23:00.000,6416.997,6416.997,6412.997,6412.997,0.0023
12.06.2019 10:24:00.000,6412.998,6413.998,6411.997,6411.997,0.0023
12.06.2019 10:25:00.000,6411.998,6412.997,6408.997,6409.998,0.0016
12.06.2019 10:26:00.000,6408.998,6409.998,6406.997,6409.997,0.0026
12.06.2019 10:27:00.000,6409.998,6409.998,6407.997,6407.998,0.0009
12.06.2019 10:28:00.000,6407.997,6408.998,6407.997,6407.998,0.0012
12.06.2019 10:29:00.000,6407.997,6407.997,6403.997,6404.998,0.002
12.06.2019 10:30:00.000,6404.998,6404.998,6404.997,6404.997,0.0002
12.06.2019 10:31:00.000,6404.997,6408.998,6404.997,6407.997,0.0021
12.06.2019 10:32:00.000,6407.997,6407.997,6404.998,6404.998,0.0022
12.06.2019 10:33:00.000,6404.997,6405.998,6404.997,6405.998,0.0024
12.06.2019 10:34:00.000,6405.997,6408.998,6405.997,6407.998,0.0018
12.06.2019 10:35:00.000,6407.998,6407.998,6403.998,6403.998,0.0026
12.06.2019 10:36:00.000,6404.998,6406.998,6404.997,6406.998,0.0024
12.06.2019 10:37:00.000,6405.998,6406.998,6403.997,6405.998,0.0022
12.06.2019 10:38:00.000,6406.997,6406.998,6405.997,6406.997,0.0008
12.06.2019 10:39:00.000,6407.998,6412.997,6406.997,6411.998,0.0039
12.06.2019 10:40:00.000,6411.998,6411.998,6410.998,6411.998,0.002
12.06.2019 10:41:00.000,6413.998,6415.998,6411.997,6414.998,0.0027
12.06.2019 10:42:00.000,6413.998,6414.998,6411.997,6414.998,0.0056
12.06.2019 10:43:00.000,6414.997,6414.998,6412.998,6412.998,0.0006
12.06.2019 10:44:00.000,6412.998,6412.998,6411.998,6412.998,0.0016
12.06.2019 10:45:00.000,6412.998,6413.998,6411.997,6413.998,0.0018
12.06.2019 10:46:00.000,6413.998,6417.998,6413.998,6414.998,0.0014
12.06.2019 10:47:00.000,6414.998,6415.998,6414.997,6415.998,0.0011
12.06.2019 10:48:00.000,6415.997,6418.998,6415.997,6418.998,0.0019
12.06.2019 10:49:00.000,6418.997,6423.997,6418.997,6423.997,0.0025
12.06.2019 10:50:00.000,6423.998,6426.998,6423.997,6426.998,0.0011
12.06.2019 10:51:00.000,6426.998,6428.998,6424.997,6428.997,0.0033
12.06.2019 10:52:00.000,6428.998,6431.998,6428.998,6431.998,0.0015
12.06.2019 10:53:00.000,6431.997,6431.998,6430.998,6430.998,0.0006
12.06.2019 10:54:00.000,6430.750,6430.750,6419.997,6423.998,0.0056
12.06.2019 10:55:00.000,6423.997,6432.998,6423.997,6432.998,0.0083
12.06.2019 10:56:00.000,6432.998,6436.998,6432.997,6435.998,0.0046
12.06.2019 10:57:00.000,6434.998,6438.998,6429.998,6438.997,0.0129
12.06.2019 10:58:00.000,6437.998,6440.998,6437.998,6440.997,0.0026
12.06.2019 10:59:00.000,6441.997,6446.998,6441.997,6446.998,0.0025
12.06.2019 11:00:00.000,6446.997,6446.997,6443.998,6443.998,0.0018
12.06.2019 11:02:00.000,6447.998,6447.998,6440.997,6440.998,0.0067
12.06.2019 11:03:00.000,6441.998,6445.998,6440.997,6440.997,0.0061
12.06.2019 11:04:00.000,6440.998,6440.998,6437.997,6439.998,0.0058
12.06.2019 11:05:00.000,6440.998,6442.998,6439.997,6441.998,0.0036
12.06.2019 11:06:00.000,6441.998,6444.998,6441.997,6443.998,0.0065
12.06.2019 11:07:00.000,6445.998,6446.998,6444.997,6444.998,0.0023
12.06.2019 11:08:00.000,6444.997,6448.998,6444.997,6447.998,0.0061
12.06.2019 11:09:00.000,6447.998,6447.998,6444.998,6445.998,0.0022
12.06.2019 11:10:00.000,6445.997,6445.998,6445.997,6445.998,0.0065
12.06.2019 11:11:00.000,6445.997,6445.998,6445.997,6445.998,0.0023
12.06.2019 11:12:00.000,6445.998,6445.998,6445.997,6445.998,0.0026
12.06.2019 11:13:00.000,6445.998,6445.998,6444.997,6445.998,0.0053
12.06.2019 11:14:00.000,6445.997,6446.998,6444.997,6446.997,0.0058
12.06.2019 11:15:00.000,6446.998,6447.998,6446.997,6447.998,0.0024
12.06.2019 11:16:00.000,6447.997,6452.998,6447.997,6452.998,0.002
12.06.2019 11:17:00.000,6451.997,6454.998,6451.997,6454.998,0.0004
12.06.2019 11:18:00.000,6454.998,6455.997,6450.997,6450.998,0.0016
12.06.2019 11:19:00.000,6451.997,6453.998,6449.997,6453.998,0.0022
12.06.2019 11:20:00.000,6453.997,6457.998,6453.997,6457.998,0.0055
12.06.2019 11:21:00.000,6458.997,6463.998,6457.998,6463.998,0.0075
12.06.2019 11:22:00.000,6466.750,6470.997,6465.997,6469.998,0.0057
12.06.2019 11:23:00.000,6470.998,6477.998,6470.998,6477.998,0.0015
12.06.2019 11:24:00.000,6476.998,6479.998,6476.997,6478.998,0.0032
12.06.2019 11:25:00.000,6478.997,6481.998,6475.997,6477.998,0.0051
12.06.2019 11:26:00.000,6477.997,6485.997,6477.997,6483.998,0.0106
12.06.2019 11:27:00.000,6483.998,6487.998,6483.998,6485.997,0.0112
12.06.2019 11:28:00.000,6485.998,6487.998,6484.998,6487.998,0.0017
12.06.2019 11:29:00.000,6487.998,6493.998,6487.998,6493.998,0.0053
12.06.2019 11:30:00.000,6492.998,6493.998,6491.997,6492.997,0.0068
12.06.2019 11:31:00.000,6492.998,6494.998,6492.998,6494.997,0.002
12.06.2019 11:32:00.000,6496.997,6501.998,6496.997,6501.997,0.005
12.06.2019 11:33:00.000,6501.998,6508.998,6501.998,6508.998,0.0057
12.06.2019 11:34:00.000,6508.997,6511.998,6505.998,6505.998,0.003
12.06.2019 11:35:00.000,6505.997,6505.997,6498.997,6499.998,0.0038
12.06.2019 11:36:00.000,6500.998,6500.998,6492.997,6492.998,0.0029
12.06.2019 11:37:00.000,6494.998,6494.998,6494.997,6494.998,0.0025
12.06.2019 11:38:00.000,6495.998,6495.998,6491.997,6492.998,0.0043
12.06.2019 11:39:00.000,6492.998,6495.998,6490.997,6490.998,0.0075
12.06.2019 11:40:00.000,6491.997,6494.998,6491.997,6491.997,0.0038
12.06.2019 11:41:00.000,6491.997,6491.998,6491.997,6491.997,0.0031
12.06.2019 11:42:00.000,6492.997,6492.997,6491.997,6491.998,0.0008
12.06.2019 11:43:00.000,6491.998,6492.998,6491.998,6492.998,0.0009
12.06.2019 11:44:00.000,6492.998,6497.998,6492.998,6497.998,0.0013
12.06.2019 11:45:00.000,6497.997,6497.998,6492.998,6492.998,0.0018
12.06.2019 11:46:00.000,6492.998,6493.998,6492.998,6493.998,0.0009
12.06.2019 11:47:00.000,6493.998,6498.998,6493.998,6498.998,0.0037
12.06.2019 11:48:00.000,6495.998,6495.998,6491.997,6495.998,0.0023
12.06.2019 11:49:00.000,6497.998,6503.998,6497.998,6503.998,0.0008
12.06.2019 11:50:00.000,6503.997,6504.998,6499.997,6502.998,0.0024
12.06.2019 11:51:00.000,6502.997,6509.998,6502.997,6509.998,0.0027
12.06.2019 11:52:00.000,6507.998,6509.998,6503.997,6505.997,0.0044
12.06.2019 11:53:00.000,6506.998,6508.998,6505.998,6505.998,0.0006
12.06.2019 11:54:00.000,6504.998,6510.998,6504.998,6510.998,0.0023
12.06.2019 11:55:00.000,6510.997,6513.998,6504.997,6513.997,0.0033
12.06.2019 11:56:00.000,6513.997,6518.998,6509.997,6512.998,0.0059
12.06.2019 11:57:00.000,6513.998,6514.998,6509.997,6514.998,0.0072
12.06.2019 11:58:00.000,6514.997,6516.998,6512.998,6514.998,0.0042
12.06.2019 11:59:00.000,6515.997,6515.998,6512.997,6512.997,0.0025
12.06.2019 12:00:00.000,6512.997,6513.998,6511.998,6512.997,0.0008
12.06.2019 12:01:00.000,6512.998,6513.998,6512.997,6513.998,0.0012
12.06.2019 12:02:00.000,6512.998,6513.998,6505.998,6505.998,0.0027
12.06.2019 12:03:00.000,6503.998,6510.998,6502.997,6510.998,0.0105
12.06.2019 12:04:00.000,6511.997,6512.998,6511.997,6512.998,0.0017
12.06.2019 12:05:00.000,6512.997,6514.998,6510.997,6511.997,0.0033
12.06.2019 12:06:00.000,6511.998,6511.998,6511.997,6511.997,0.0005
12.06.2019 12:07:00.000,6511.997,6517.998,6509.998,6516.998,0.0054
12.06.2019 12:08:00.000,6516.998,6519.998,6516.997,6519.998,0.003
12.06.2019 12:09:00.000,6520.997,6520.998,6518.997,6520.998,0.0014
12.06.2019 12:10:00.000,6521.998,6522.998,6520.997,6521.998,0.0033
12.06.2019 12:11:00.000,6520.998,6524.998,6520.997,6523.997,0.0021
12.06.2019 12:12:00.000,6523.997,6523.997,6520.998,6523.997,0.0005
12.06.2019 12:13:00.000,6523.997,6523.997,6521.998,6522.997,0.0003
12.06.2019 12:14:00.000,6521.998,6522.998,6521.997,6522.998,0.001
12.06.2019 12:15:00.000,6522.997,6522.998,6522.997,6522.998,0.0012
12.06.2019 12:16:00.000,6522.997,6522.998,6519.998,6519.998,0.005
12.06.2019 12:17:00.000,6519.997,6521.998,6519.997,6520.998,0.0038
12.06.2019 12:18:00.000,6520.997,6522.998,6520.997,6522.998,0.0007
12.06.2019 12:19:00.000,6522.998,6524.998,6522.997,6524.997,0.0007
12.06.2019 12:20:00.000,6524.998,6526.998,6524.997,6525.998,0.0025
12.06.2019 12:21:00.000,6525.998,6527.998,6524.998,6527.998,0.0057
12.06.2019 12:22:00.000,6527.997,6527.997,6525.998,6526.998,0.0021
12.06.2019 12:23:00.000,6527.997,6527.998,6527.997,6527.998,0.001
12.06.2019 12:24:00.000,6527.998,6528.998,6527.997,6527.998,0.0025
12.06.2019 12:25:00.000,6528.998,6531.998,6528.997,6531.998,0.0081
12.06.2019 12:26:00.000,6529.998,6536.997,6528.998,6536.997,0.0052
12.06.2019 12:27:00.000,6536.998,6545.998,6536.997,6545.998,0.0078
12.06.2019 12:28:00.000,6545.998,6547.998,6545.998,6547.998,0.0058
12.06.2019 12:29:00.000,6547.998,6552.997,6547.998,6552.997,0.0042
12.06.2019 12:30:00.000,6552.997,6553.997,6547.998,6552.998,0.0029
12.06.2019 12:31:00.000,6552.998,6554.998,6552.997,6554.998,0.0038
12.06.2019 12:32:00.000,6553.998,6554.998,6549.998,6550.998,0.006
12.06.2019 12:33:00.000,6550.997,6551.998,6545.998,6548.998,0.0056
12.06.2019 12:34:00.000,6548.997,6548.998,6542.998,6547.998,0.0063
12.06.2019 12:35:00.000,6547.998,6548.998,6547.997,6548.998,0.002
12.06.2019 12:36:00.000,6548.997,6550.998,6548.997,6550.998,0.0032
12.06.2019 12:37:00.000,6550.997,6550.998,6549.997,6550.998,0.0043
12.06.2019 12:38:00.000,6550.998,6550.998,6543.998,6545.998,0.0021
12.06.2019 12:39:00.000,6545.998,6545.998,6543.997,6544.997,0.003
12.06.2019 12:40:00.000,6544.998,6552.998,6543.998,6549.998,0.0025
12.06.2019 12:41:00.000,6549.998,6549.998,6548.997,6549.998,0.0027
12.06.2019 12:42:00.000,6548.998,6549.998,6548.997,6548.997,0.0005
12.06.2019 12:43:00.000,6549.997,6551.998,6548.997,6549.998,0.0011
12.06.2019 12:44:00.000,6549.997,6556.998,6549.997,6556.998,0.0062
12.06.2019 12:45:00.000,6556.997,6556.998,6554.997,6554.998,0.0032
12.06.2019 12:46:00.000,6554.997,6555.998,6554.997,6554.997,0.0031
12.06.2019 12:47:00.000,6554.998,6555.998,6554.998,6554.998,0.0021
12.06.2019 12:48:00.000,6554.997,6556.998,6554.997,6556.998,0.0015
12.06.2019 12:49:00.000,6558.997,6558.998,6557.997,6557.997,0.0012
12.06.2019 12:50:00.000,6557.998,6563.998,6557.997,6560.998,0.0038
12.06.2019 12:51:00.000,6561.997,6563.998,6558.997,6560.998,0.0035
12.06.2019 12:52:00.000,6561.998,6562.998,6560.998,6562.998,0.0008
12.06.2019 12:53:00.000,6563.997,6563.998,6561.998,6562.998,0.0013
12.06.2019 12:54:00.000,6562.998,6567.997,6561.998,6567.997,0.0054
12.06.2019 12:55:00.000,6567.998,6568.998,6567.998,6568.998,0.0004
12.06.2019 12:56:00.000,6568.997,6573.998,6568.997,6571.998,0.0078
12.06.2019 12:57:00.000,6571.997,6577.998,6571.997,6577.998,0.0068
12.06.2019 12:58:00.000,6578.998,6578.998,6568.997,6569.998,0.0111
12.06.2019 12:59:00.000,6569.997,6572.998,6568.998,6572.997,0.0023
12.06.2019 13:00:00.000,6572.998,6572.998,6563.997,6567.998,0.0034
12.06.2019 13:01:00.000,6567.998,6576.998,6567.997,6576.998,0.0069
12.06.2019 13:02:00.000,6578.998,6578.998,6576.997,6577.998,0.0063
12.06.2019 13:03:00.000,6577.998,6584.998,6577.998,6580.998,0.0117
12.06.2019 13:04:00.000,6580.997,6581.998,6567.998,6569.997,0.0059
12.06.2019 13:05:00.000,6571.997,6572.998,6568.997,6570.998,0.0056
12.06.2019 13:06:00.000,6570.997,6570.998,6568.997,6568.998,0.0047
12.06.2019 13:07:00.000,6568.997,6571.998,6566.997,6570.997,0.0043
12.06.2019 13:08:00.000,6570.998,6574.998,6570.997,6574.998,0.0066
12.06.2019 13:09:00.000,6573.998,6573.998,6566.998,6566.998,0.0025
12.06.2019 13:10:00.000,6566.997,6569.998,6566.997,6569.998,0.006
12.06.2019 13:11:00.000,6569.997,6571.998,6568.997,6570.998,0.0035
12.06.2019 13:12:00.000,6571.998,6572.998,6570.997,6572.997,0.0037
12.06.2019 13:13:00.000,6572.998,6572.998,6563.998,6563.998,0.0051
12.06.2019 13:14:00.000,6565.998,6570.998,6565.998,6570.998,0.0038
12.06.2019 13:15:00.000,6570.997,6571.998,6568.997,6571.998,0.0081
12.06.2019 13:16:00.000,6571.997,6572.998,6569.997,6569.998,0.006
12.06.2019 13:17:00.000,6569.997,6571.998,6569.997,6569.998,0.0019
12.06.2019 13:18:00.000,6570.998,6572.998,6569.997,6572.997,0.0024
12.06.2019 13:19:00.000,6573.998,6575.998,6573.998,6574.998,0.0059
12.06.2019 13:20:00.000,6574.997,6586.998,6574.997,6586.998,0.0123
12.06.2019 13:21:00.000,6586.997,6587.998,6582.997,6585.998,0.0055
12.06.2019 13:22:00.000,6586.998,6600.998,6585.998,6594.997,0.0058
12.06.2019 13:23:00.000,6594.998,6602.998,6592.998,6601.997,0.0112
12.06.2019 13:24:00.000,6601.998,6605.998,6601.998,6604.998,0.0057
12.06.2019 13:25:00.000,6604.998,6614.998,6603.997,6613.997,0.0078
12.06.2019 13:26:00.000,6614.998,6615.997,6609.998,6612.997,0.0039
12.06.2019 13:27:00.000,6612.998,6612.998,6609.998,6610.997,0.0033
12.06.2019 13:28:00.000,6611.998,6615.998,6610.997,6615.998,0.0047
12.06.2019 13:29:00.000,6615.997,6616.998,6615.997,6616.998,0.0026
12.06.2019 13:30:00.000,6616.998,6623.998,6616.998,6618.997,0.0063
12.06.2019 13:31:00.000,6618.998,6623.998,6618.997,6623.997,0.0048
12.06.2019 13:32:00.000,6623.998,6627.998,6620.998,6627.997,0.0056
12.06.2019 13:33:00.000,6627.998,6632.998,6624.997,6631.998,0.0053
12.06.2019 13:34:00.000,6632.998,6632.998,6626.997,6627.998,0.0052
12.06.2019 13:35:00.000,6627.997,6629.998,6626.997,6629.998,0.0037
12.06.2019 13:36:00.000,6629.997,6641.998,6629.997,6641.998,0.0038
12.06.2019 13:37:00.000,6641.998,6644.998,6638.997,6643.998,0.0029
12.06.2019 13:38:00.000,6641.998,6643.998,6640.997,6642.998,0.0054
12.06.2019 13:39:00.000,6642.998,6642.998,6639.997,6640.998,0.0045
12.06.2019 13:40:00.000,6640.998,6642.997,6637.997,6639.997,0.0056
12.06.2019 13:41:00.000,6639.998,6641.998,6636.998,6641.998,0.0031
12.06.2019 13:42:00.000,6639.998,6640.998,6635.997,6640.998,0.0057
12.06.2019 13:43:00.000,6640.997,6640.998,6635.998,6635.998,0.0024
12.06.2019 13:44:00.000,6635.998,6637.998,6634.997,6636.997,0.0024
12.06.2019 13:45:00.000,6636.998,6651.998,6636.998,6651.998,0.0043
12.06.2019 13:46:00.000,6651.998,6655.998,6649.997,6655.998,0.0049
12.06.2019 13:47:00.000,6655.998,6668.998,6655.998,6668.998,0.0049
12.06.2019 13:48:00.000,6668.998,6668.998,6655.997,6655.997,0.0043
12.06.2019 13:49:00.000,6655.998,6665.998,6655.997,6665.998,0.0094
12.06.2019 13:50:00.000,6666.997,6677.997,6666.997,6675.998,0.0132
12.06.2019 13:51:00.000,6675.998,6685.998,6672.997,6683.998,0.0107
12.06.2019 13:52:00.000,6683.998,6689.998,6678.997,6689.998,0.0106
12.06.2019 13:53:00.000,6689.998,6696.998,6689.997,6689.998,0.0068
12.06.2019 13:54:00.000,6689.998,6704.998,6684.998,6704.998,0.0059
12.06.2019 13:55:00.000,6704.997,6704.997,6695.997,6695.998,0.0093
12.06.2019 13:56:00.000,6695.997,6707.997,6695.997,6707.997,0.0054
12.06.2019 13:57:00.000,6708.997,6708.997,6699.998,6702.997,0.0066
12.06.2019 13:58:00.000,6703.998,6705.998,6698.997,6700.997,0.0057
12.06.2019 13:59:00.000,6700.997,6707.750,6693.997,6696.998,0.0079
12.06.2019 14:00:00.000,6695.998,6698.998,6682.997,6693.998,0.014
12.06.2019 14:01:00.000,6694.998,6707.998,6694.998,6707.998,0.012
12.06.2019 14:02:00.000,6707.998,6707.998,6689.998,6689.998,0.0123
12.06.2019 14:03:00.000,6689.998,6691.998,6678.997,6678.998,0.0066
12.06.2019 14:04:00.000,6678.998,6678.998,6672.997,6675.998,0.0072
12.06.2019 14:05:00.000,6675.998,6676.998,6662.998,6662.998,0.0087
12.06.2019 14:06:00.000,6662.998,6663.997,6655.997,6655.997,0.0031
12.06.2019 14:07:00.000,6655.998,6655.998,6649.998,6653.997,0.0052
12.06.2019 14:08:00.000,6652.998,6655.998,6647.997,6647.998,0.0085
12.06.2019 14:09:00.000,6647.997,6651.998,6634.997,6634.998,0.0069
12.06.2019 14:10:00.000,6634.997,6639.998,6630.998,6634.998,0.0067
12.06.2019 14:11:00.000,6634.998,6639.998,6634.997,6638.998,0.0084
12.06.2019 14:12:00.000,6639.998,6639.998,6634.998,6638.997,0.0016
12.06.2019 14:13:00.000,6638.997,6638.998,6634.997,6637.998,0.005
12.06.2019 14:14:00.000,6637.998,6638.998,6634.998,6637.998,0.0051
12.06.2019 14:15:00.000,6637.998,6651.997,6637.997,6651.997,0.0088
12.06.2019 14:16:00.000,6651.998,6651.998,6639.998,6641.997,0.006
12.06.2019 14:17:00.000,6642.998,6644.998,6629.997,6629.998,0.0091
12.06.2019 14:18:00.000,6629.997,6633.998,6629.997,6633.998,0.0022
12.06.2019 14:19:00.000,6633.998,6635.998,6632.997,6632.998,0.0069
12.06.2019 14:20:00.000,6632.997,6634.998,6630.998,6630.998,0.0048
12.06.2019 14:21:00.000,6632.998,6639.998,6632.997,6639.998,0.0013
12.06.2019 14:22:00.000,6639.997,6641.998,6636.998,6639.998,0.0061
12.06.2019 14:23:00.000,6640.998,6642.998,6638.997,6642.998,0.0057
12.06.2019 14:24:00.000,6641.998,6641.998,6638.997,6638.998,0.0023
12.06.2019 14:25:00.000,6639.998,6639.998,6629.998,6633.998,0.0052
12.06.2019 14:26:00.000,6634.998,6640.998,6634.997,6640.998,0.0021
12.06.2019 14:27:00.000,6642.998,6652.998,6642.998,6651.998,0.0028
12.06.2019 14:28:00.000,6651.998,6652.998,6638.997,6638.998,0.0055
12.06.2019 14:29:00.000,6638.998,6639.998,6633.997,6636.998,0.0074
12.06.2019 14:30:00.000,6636.998,6638.998,6630.997,6634.998,0.0062
12.06.2019 14:31:00.000,6634.997,6638.998,6633.997,6636.998,0.0045
12.06.2019 14:32:00.000,6636.750,6636.998,6633.997,6636.998,0.0017
12.06.2019 14:33:00.000,6636.997,6638.998,6634.997,6634.998,0.0053
12.06.2019 14:34:00.000,6634.998,6634.998,6628.997,6629.998,0.0053
12.06.2019 14:35:00.000,6630.997,6630.998,6621.997,6621.997,0.0075
12.06.2019 14:36:00.000,6622.998,6622.998,6619.997,6619.998,0.0116
12.06.2019 14:37:00.000,6620.998,6627.998,6619.997,6627.998,0.0036
12.06.2019 14:38:00.000,6628.998,6630.998,6625.997,6625.997,0.0027
12.06.2019 14:39:00.000,6625.997,6625.997,6613.997,6617.998,0.0049
12.06.2019 14:40:00.000,6618.997,6619.998,6612.998,6613.998,0.0045
12.06.2019 14:41:00.000,6613.997,6615.998,6610.998,6615.997,0.0029
12.06.2019 14:42:00.000,6609.998,6609.998,6604.997,6607.998,0.0126
12.06.2019 14:43:00.000,6607.998,6620.998,6606.997,6620.998,0.0091
12.06.2019 14:44:00.000,6621.997,6626.998,6607.997,6619.998,0.0079
12.06.2019 14:45:00.000,6619.997,6623.998,6619.997,6623.998,0.0048
12.06.2019 14:46:00.000,6624.997,6627.998,6623.997,6624.998,0.003
12.06.2019 14:47:00.000,6624.997,6630.998,6624.997,6630.998,0.0071
12.06.2019 14:48:00.000,6630.998,6633.998,6627.998,6633.998,0.0021
12.06.2019 14:49:00.000,6634.998,6642.998,6632.997,6642.998,0.0059
12.06.2019 14:50:00.000,6642.998,6642.998,6637.998,6639.998,0.0068
12.06.2019 14:51:00.000,6639.997,6644.998,6639.997,6644.998,0.0071
12.06.2019 14:52:00.000,6644.997,6645.998,6641.998,6645.998,0.0041
12.06.2019 14:53:00.000,6645.998,6645.998,6642.997,6643.998,0.0048
12.06.2019 14:54:00.000,6644.998,6645.997,6639.998,6640.998,0.0052
12.06.2019 14:55:00.000,6639.998,6644.998,6635.997,6644.998,0.0063
12.06.2019 14:56:00.000,6644.997,6646.998,6640.998,6641.997,0.0065
12.06.2019 14:57:00.000,6641.998,6644.998,6639.998,6643.998,0.0042
12.06.2019 14:58:00.000,6643.997,6645.998,6643.997,6645.998,0.0022
12.06.2019 14:59:00.000,6647.998,6649.997,6645.998,6645.998,0.0036
12.06.2019 15:00:00.000,6645.997,6649.998,6644.997,6647.998,0.0072
12.06.2019 15:01:00.000,6649.997,6650.998,6646.997,6648.998,0.0055
12.06.2019 15:02:00.000,6648.997,6650.998,6645.997,6649.998,0.0071
12.06.2019 15:03:00.000,6649.998,6649.998,6644.997,6646.998,0.0089
12.06.2019 15:04:00.000,6646.998,6646.998,6643.997,6643.998,0.0052
12.06.2019 15:05:00.000,6641.998,6646.998,6639.998,6645.998,0.0026
12.06.2019 15:06:00.000,6646.998,6650.997,6646.997,6649.998,0.0059
12.06.2019 15:07:00.000,6649.998,6649.998,6648.997,6648.998,0.004
12.06.2019 15:08:00.000,6648.998,6650.998,6648.998,6649.998,0.0034
12.06.2019 15:09:00.000,6650.998,6653.997,6650.998,6653.997,0.0049
12.06.2019 15:10:00.000,6653.998,6653.998,6651.997,6652.998,0.0031
12.06.2019 15:11:00.000,6652.998,6653.998,6645.998,6647.998,0.0042
12.06.2019 15:12:00.000,6647.997,6648.998,6645.997,6647.998,0.004
12.06.2019 15:13:00.000,6648.998,6650.998,6648.997,6650.998,0.0034
12.06.2019 15:14:00.000,6649.998,6653.997,6649.998,6650.998,0.0135
12.06.2019 15:15:00.000,6650.998,6651.998,6650.997,6651.998,0.0079
12.06.2019 15:16:00.000,6652.998,6653.998,6652.997,6653.998,0.0051
12.06.2019 15:17:00.000,6652.998,6653.998,6650.997,6652.997,0.0066
12.06.2019 15:18:00.000,6652.998,6652.998,6645.998,6651.998,0.005
12.06.2019 15:19:00.000,6651.997,6651.997,6647.997,6649.998,0.0032
12.06.2019 15:20:00.000,6649.750,6650.998,6645.998,6650.998,0.011
12.06.2019 15:21:00.000,6651.997,6653.998,6647.997,6648.997,0.0113
12.06.2019 15:22:00.000,6648.997,6649.998,6646.997,6649.997,0.0132
12.06.2019 15:23:00.000,6649.998,6659.998,6649.998,6659.998,0.0165
12.06.2019 15:24:00.000,6659.997,6668.998,6658.998,6668.997,0.0155
12.06.2019 15:25:00.000,6668.998,6673.998,6665.997,6673.998,0.0227
12.06.2019 15:26:00.000,6673.997,6682.998,6672.998,6678.998,0.0261
12.06.2019 15:27:00.000,6679.997,6679.998,6675.997,6678.998,0.0128
12.06.2019 15:28:00.000,6678.997,6681.998,6676.998,6680.997,0.0161
12.06.2019 15:29:00.000,6679.998,6685.998,6675.997,6684.998,0.0147
13.06.2019 07:00:00.000,6652.997,6652.998,6652.997,6652.998,0.0002
13.06.2019 07:01:00.000,6652.997,6652.997,6642.997,6642.997,0.0005
13.06.2019 07:02:00.000,6638.998,6643.998,6638.997,6640.998,0.0014
13.06.2019 07:03:00.000,6626.998,6626.998,6624.998,6626.997,0.0002
13.06.2019 07:04:00.000,6627.998,6627.998,6626.998,6626.998,0.0001
13.06.2019 07:05:00.000,6626.997,6626.997,6590.998,6599.750,0.0059
13.06.2019 07:06:00.000,6602.998,6609.998,6601.997,6602.998,0.0038
13.06.2019 07:07:00.000,6602.997,6618.997,6602.997,6618.997,0.0034
13.06.2019 07:08:00.000,6619.997,6620.998,6600.998,6600.998,0.0039
13.06.2019 07:09:00.000,6596.998,6607.997,6595.998,6603.998,0.0021
13.06.2019 07:10:00.000,6604.997,6604.998,6590.998,6591.998,0.0055
13.06.2019 07:11:00.000,6591.997,6597.998,6587.997,6597.998,0.0031
13.06.2019 07:12:00.000,6595.998,6597.998,6587.998,6597.998,0.005
13.06.2019 07:13:00.000,6597.998,6599.998,6591.997,6594.998,0.0033
13.06.2019 07:14:00.000,6595.998,6595.998,6591.998,6591.998,0.0008
13.06.2019 07:15:00.000,6592.998,6601.998,6592.997,6600.997,0.0036
13.06.2019 07:16:00.000,6600.998,6614.998,6600.998,6613.998,0.0096
13.06.2019 07:17:00.000,6613.997,6624.998,6610.998,6615.998,0.0138
13.06.2019 07:18:00.000,6615.997,6623.998,6615.997,6622.998,0.0032
13.06.2019 07:19:00.000,6622.998,6628.998,6622.998,6627.998,0.0016
13.06.2019 07:20:00.000,6628.998,6628.998,6620.998,6626.998,0.0032
13.06.2019 07:21:00.000,6629.997,6638.998,6629.997,6638.998,0.0016
13.06.2019 07:22:00.000,6638.998,6638.998,6629.997,6633.998,0.0042
13.06.2019 07:23:00.000,6634.998,6634.998,6633.998,6633.998,0.001
13.06.2019 07:24:00.000,6632.998,6632.998,6623.997,6626.998,0.0054
13.06.2019 07:25:00.000,6627.998,6633.998,6624.997,6633.998,0.0046
13.06.2019 07:26:00.000,6634.998,6639.998,6634.997,6636.998,0.0013
13.06.2019 07:27:00.000,6639.998,6642.998,6637.997,6637.997,0.0019
13.06.2019 07:28:00.000,6638.997,6639.998,6631.997,6632.998,0.0019
13.06.2019 07:29:00.000,6634.997,6637.998,6634.997,6634.997,0.002
13.06.2019 07:30:00.000,6635.997,6638.998,6632.997,6633.997,0.0031
13.06.2019 07:31:00.000,6633.998,6634.998,6628.997,6629.998,0.0045
13.06.2019 07:32:00.000,6630.998,6637.998,6629.997,6636.998,0.0023
13.06.2019 07:33:00.000,6636.998,6638.998,6635.997,6636.997,0.0037
13.06.2019 07:34:00.000,6638.998,6646.998,6638.997,6645.998,0.0066
13.06.2019 07:35:00.000,6646.997,6646.998,6641.998,6644.997,0.0021
13.06.2019 07:36:00.000,6644.998,6648.998,6642.997,6645.997,0.0049
13.06.2019 07:37:00.000,6645.997,6645.998,6630.997,6639.998,0.0061
13.06.2019 07:38:00.000,6635.998,6642.998,6635.997,6641.998,0.0025
13.06.2019 07:39:00.000,6641.998,6642.998,6638.998,6642.998,0.0023
13.06.2019 07:40:00.000,6644.997,6644.998,6640.997,6641.998,0.0023
13.06.2019 07:41:00.000,6643.998,6646.998,6643.998,6643.998,0.0017
13.06.2019 07:42:00.000,6644.998,6647.998,6643.998,6646.998,0.0038
13.06.2019 07:43:00.000,6646.998,6646.998,6635.998,6635.998,0.0024
13.06.2019 07:44:00.000,6636.998,6640.997,6633.997,6636.997,0.0032
13.06.2019 07:45:00.000,6637.997,6638.998,6634.998,6636.997,0.0049
13.06.2019 07:46:00.000,6638.998,6643.998,6636.997,6637.997,0.005
13.06.2019 07:47:00.000,6638.998,6642.997,6638.997,6639.998,0.0037
13.06.2019 07:48:00.000,6639.998,6644.998,6639.997,6641.998,0.005
13.06.2019 07:49:00.000,6641.997,6643.998,6640.997,6642.998,0.0017
13.06.2019 07:50:00.000,6642.998,6642.998,6634.998,6638.998,0.0027
13.06.2019 07:51:00.000,6639.997,6642.998,6639.997,6641.998,0.0009
13.06.2019 07:52:00.000,6642.997,6644.998,6641.998,6644.998,0.001
13.06.2019 07:53:00.000,6643.998,6647.998,6643.998,6645.998,0.0012
13.06.2019 07:54:00.000,6644.998,6650.998,6644.997,6646.997,0.0011
13.06.2019 07:55:00.000,6645.998,6646.998,6644.997,6646.997,0.0024
13.06.2019 07:56:00.000,6647.998,6650.998,6646.997,6649.997,0.002
13.06.2019 07:57:00.000,6649.998,6649.998,6648.998,6648.998,0.0001
13.06.2019 07:58:00.000,6651.998,6654.998,6650.997,6653.998,0.0026
13.06.2019 07:59:00.000,6653.997,6653.997,6642.997,6642.998,0.0016
13.06.2019 08:00:00.000,6643.998,6647.998,6641.998,6644.998,0.0032
13.06.2019 08:01:00.000,6643.998,6643.998,6630.998,6632.998,0.0052
13.06.2019 08:02:00.000,6632.997,6636.998,6631.997,6635.998,0.0021
13.06.2019 08:03:00.000,6635.998,6638.998,6633.997,6638.998,0.0045
13.06.2019 08:04:00.000,6638.998,6643.998,6638.998,6641.997,0.0025
13.06.2019 08:05:00.000,6641.997,6647.998,6641.997,6646.997,0.0034
13.06.2019 08:06:00.000,6645.998,6647.997,6645.997,6645.997,0.0067
13.06.2019 08:07:00.000,6646.998,6647.998,6645.997,6645.998,0.0006
13.06.2019 08:08:00.000,6645.997,6645.997,6642.997,6642.998,0.0007
13.06.2019 08:09:00.000,6634.998,6635.998,6634.997,6635.998,0.004
13.06.2019 08:10:00.000,6635.997,6638.998,6635.997,6638.997,0.001
13.06.2019 08:11:00.000,6639.998,6643.998,6639.997,6643.998,0.0032
13.06.2019 08:12:00.000,6643.997,6643.997,6638.998,6641.998,0.0021
13.06.2019 08:13:00.000,6641.998,6642.998,6638.997,6638.997,0.0023
13.06.2019 08:14:00.000,6638.997,6644.998,6635.998,6644.998,0.0055
13.06.2019 08:15:00.000,6644.998,6645.998,6643.998,6645.998,0.0029
13.06.2019 08:16:00.000,6645.998,6648.998,6643.997,6648.998,0.0018
13.06.2019 08:17:00.000,6649.998,6653.997,6649.997,6652.998,0.0038
13.06.2019 08:18:00.000,6652.998,6654.998,6649.997,6649.997,0.0029
13.06.2019 08:19:00.000,6650.998,6652.998,6649.998,6652.998,0.002
13.06.2019 08:20:00.000,6652.997,6654.998,6646.998,6648.997,0.0034
13.06.2019 08:21:00.000,6648.998,6650.998,6647.997,6648.998,0.0031
13.06.2019 08:22:00.000,6648.998,6649.997,6648.997,6648.998,0.0014
13.06.2019 08:23:00.000,6649.997,6649.998,6645.997,6646.998,0.0012
13.06.2019 08:24:00.000,6647.998,6647.998,6640.998,6641.997,0.0034
13.06.2019 08:25:00.000,6643.998,6646.997,6641.997,6644.998,0.0066
13.06.2019 08:26:00.000,6645.998,6646.998,6639.998,6641.997,0.0048
13.06.2019 08:27:00.000,6641.998,6642.998,6639.998,6641.998,0.0012
13.06.2019 08:28:00.000,6641.997,6641.998,6639.998,6641.998,0.0017
13.06.2019 08:29:00.000,6641.997,6641.998,6638.998,6639.998,0.0022
13.06.2019 08:30:00.000,6639.997,6642.998,6638.998,6641.997,0.0031
13.06.2019 08:31:00.000,6641.998,6645.998,6641.998,6645.998,0.0011
13.06.2019 08:32:00.000,6646.997,6646.998,6637.997,6638.998,0.0046
13.06.2019 08:33:00.000,6639.997,6642.998,6638.997,6641.998,0.005
13.06.2019 08:34:00.000,6641.997,6645.998,6641.997,6643.998,0.0034
13.06.2019 08:35:00.000,6644.998,6646.998,6641.998,6642.998,0.0067
13.06.2019 08:36:00.000,6641.998,6647.998,6640.998,6647.998,0.0044
13.06.2019 08:37:00.000,6647.997,6647.998,6644.997,6646.997,0.0049
13.06.2019 08:38:00.000,6646.998,6646.998,6645.997,6646.998,0.0035
13.06.2019 08:39:00.000,6646.997,6646.998,6642.998,6644.998,0.0069
13.06.2019 08:40:00.000,6645.998,6647.998,6645.997,6645.998,0.0029
13.06.2019 08:41:00.000,6645.997,6646.998,6642.997,6642.998,0.0053
13.06.2019 08:42:00.000,6642.997,6645.998,6642.997,6645.998,0.0017
13.06.2019 08:43:00.000,6644.997,6646.998,6644.997,6645.998,0.0026
13.06.2019 08:44:00.000,6646.998,6650.998,6646.998,6650.998,0.0017
13.06.2019 08:45:00.000,6650.998,6650.998,6646.997,6648.998,0.0024
13.06.2019 08:46:00.000,6648.997,6650.998,6648.997,6648.997,0.0036
13.06.2019 08:47:00.000,6648.998,6652.998,6648.997,6652.997,0.0034
13.06.2019 08:48:00.000,6652.998,6654.998,6652.998,6654.998,0.0008
13.06.2019 08:49:00.000,6654.998,6658.998,6654.998,6654.998,0.0042
13.06.2019 08:50:00.000,6654.997,6654.998,6650.998,6653.998,0.003
13.06.2019 08:51:00.000,6652.997,6654.998,6651.997,6653.998,0.0051
13.06.2019 08:52:00.000,6654.998,6655.997,6654.997,6654.998,0.0012
13.06.2019 08:53:00.000,6654.997,6654.997,6652.998,6652.998,0.0011
13.06.2019 08:54:00.000,6652.997,6653.998,6650.997,6650.998,0.0024
13.06.2019 08:55:00.000,6649.998,6649.998,6648.997,6648.998,0.0046
13.06.2019 08:56:00.000,6648.998,6650.998,6648.997,6650.998,0.0025
13.06.2019 08:57:00.000,6650.997,6653.998,6650.997,6653.997,0.005
13.06.2019 08:58:00.000,6653.998,6654.998,6650.998,6650.998,0.0017
13.06.2019 08:59:00.000,6650.997,6650.998,6648.997,6649.998,0.0035
13.06.2019 09:00:00.000,6650.998,6655.998,6650.998,6654.997,0.0037
13.06.2019 09:01:00.000,6654.997,6654.998,6651.997,6651.998,0.0034
13.06.2019 09:02:00.000,6652.998,6652.998,6648.997,6648.998,0.0027
13.06.2019 09:03:00.000,6648.997,6653.998,6648.997,6652.998,0.0026
13.06.2019 09:04:00.000,6651.997,6651.997,6648.998,6649.997,0.0048
13.06.2019 09:05:00.000,6649.997,6650.998,6649.997,6650.998,0.0054
13.06.2019 09:06:00.000,6650.998,6651.998,6650.997,6650.997,0.0029
13.06.2019 09:07:00.000,6651.998,6651.998,6650.997,6650.998,0.0075
13.06.2019 09:08:00.000,6649.998,6651.998,6648.997,6651.998,0.0016
13.06.2019 09:09:00.000,6651.997,6651.998,6648.998,6649.997,0.0011
13.06.2019 09:10:00.000,6649.998,6650.997,6645.997,6645.997,0.0022
13.06.2019 09:11:00.000,6645.998,6646.998,6644.997,6645.998,0.0037
13.06.2019 09:12:00.000,6646.998,6646.998,6642.997,6642.998,0.0033
13.06.2019 09:13:00.000,6642.997,6644.998,6642.997,6642.997,0.0039
13.06.2019 09:14:00.000,6642.998,6643.998,6642.997,6643.998,0.0008
13.06.2019 09:15:00.000,6641.997,6641.997,6641.997,6641.997,0.0001
13.06.2019 09:16:00.000,6641.998,6641.998,6639.998,6639.998,0.0025
13.06.2019 09:17:00.000,6639.997,6639.998,6637.998,6637.998,0.0019
13.06.2019 09:18:00.000,6637.997,6637.997,6633.998,6633.998,0.0013
13.06.2019 09:19:00.000,6634.997,6635.998,6632.998,6634.997,0.0039
13.06.2019 09:20:00.000,6634.998,6637.998,6634.997,6636.998,0.0068
13.06.2019 09:21:00.000,6636.998,6637.998,6634.997,6634.997,0.0063
13.06.2019 09:22:00.000,6635.997,6636.998,6635.997,6635.998,0.0027
13.06.2019 09:23:00.000,6636.998,6642.998,6635.997,6638.997,0.0073
13.06.2019 09:24:00.000,6640.998,6640.998,6634.997,6636.998,0.0043
13.06.2019 09:25:00.000,6636.998,6640.998,6636.997,6639.998,0.0065
13.06.2019 09:26:00.000,6639.998,6641.998,6637.998,6640.998,0.0079
13.06.2019 09:27:00.000,6640.998,6643.998,6640.997,6643.997,0.0038
13.06.2019 09:28:00.000,6643.997,6644.997,6640.997,6642.997,0.0131
13.06.2019 09:29:00.000,6642.998,6642.998,6636.997,6636.998,0.0022
13.06.2019 09:30:00.000,6636.997,6636.998,6629.998,6633.998,0.004
13.06.2019 09:31:00.000,6634.997,6634.998,6628.997,6628.998,0.0043
13.06.2019 09:32:00.000,6628.997,6634.998,6628.997,6633.997,0.0104
13.06.2019 09:33:00.000,6633.997,6634.998,6631.997,6634.998,0.0038
13.06.2019 09:34:00.000,6635.998,6636.998,6635.997,6636.998,0.0043
13.06.2019 09:35:00.000,6637.998,6637.998,6636.997,6636.998,0.0046
13.06.2019 09:36:00.000,6636.997,6636.997,6635.997,6635.998,0.0048
13.06.2019 09:37:00.000,6635.997,6635.997,6628.997,6628.998,0.0056
13.06.2019 09:38:00.000,6628.997,6630.998,6628.997,6629.997,0.0031
13.06.2019 09:39:00.000,6628.997,6629.998,6628.997,6629.997,0.0024
13.06.2019 09:40:00.000,6629.998,6630.998,6625.998,6625.998,0.0038
13.06.2019 09:41:00.000,6625.998,6625.998,6624.997,6624.998,0.0081
13.06.2019 09:42:00.000,6624.998,6624.998,6621.998,6623.997,0.0049
13.06.2019 09:43:00.000,6622.998,6623.998,6620.998,6622.998,0.0061
13.06.2019 09:44:00.000,6622.997,6623.998,6617.997,6618.997,0.0065
13.06.2019 09:45:00.000,6620.998,6626.998,6620.997,6625.998,0.0048
13.06.2019 09:46:00.000,6627.750,6630.998,6626.997,6627.998,0.0067
13.06.2019 09:47:00.000,6628.997,6628.998,6627.997,6628.997,0.0033
13.06.2019 09:48:00.000,6629.998,6630.997,6629.997,6629.998,0.0031
13.06.2019 09:49:00.000,6630.998,6630.998,6629.998,6629.998,0.0006
13.06.2019 09:50:00.000,6629.998,6630.997,6629.997,6629.998,0.0042
13.06.2019 09:51:00.000,6629.998,6629.998,6624.998,6626.997,0.0042
13.06.2019 09:52:00.000,6626.998,6630.998,6626.998,6630.998,0.0037
13.06.2019 09:53:00.000,6630.998,6631.998,6628.997,6631.998,0.0022
13.06.2019 09:54:00.000,6631.998,6633.998,6631.998,6633.997,0.0028
13.06.2019 09:55:00.000,6633.997,6633.997,6630.997,6630.998,0.0041
13.06.2019 09:56:00.000,6630.998,6630.998,6628.998,6628.998,0.0018
13.06.2019 09:57:00.000,6628.998,6629.998,6628.997,6629.998,0.0034
13.06.2019 09:58:00.000,6629.998,6631.998,6629.997,6631.998,0.0061
13.06.2019 09:59:00.000,6631.997,6631.997,6628.997,6628.997,0.0019
13.06.2019 10:00:00.000,6628.997,6630.998,6626.997,6629.998,0.0063
13.06.2019 10:01:00.000,6630.997,6630.998,6628.998,6629.997,0.002
13.06.2019 10:02:00.000,6629.998,6631.998,6628.997,6629.998,0.003
13.06.2019 10:03:00.000,6630.997,6632.998,6630.997,6631.998,0.0019
13.06.2019 10:04:00.000,6632.997,6632.998,6625.997,6625.997,0.0029
13.06.2019 10:05:00.000,6626.997,6629.998,6625.998,6629.998,0.0027
13.06.2019 10:06:00.000,6629.998,6632.998,6629.998,6631.998,0.0012
13.06.2019 10:07:00.000,6631.998,6632.998,6630.997,6631.998,0.0048
13.06.2019 10:08:00.000,6632.997,6634.998,6631.997,6634.997,0.008
13.06.2019 10:09:00.000,6634.998,6635.998,6632.997,6635.998,0.0045
13.06.2019 10:10:00.000,6635.997,6639.997,6634.998,6638.997,0.003
13.06.2019 10:11:00.000,6639.998,6641.998,6639.997,6641.998,0.0034
13.06.2019 10:12:00.000,6641.997,6641.998,6640.997,6640.997,0.0023
13.06.2019 10:13:00.000,6640.998,6640.998,6636.998,6636.998,0.0018
13.06.2019 10:14:00.000,6635.998,6639.997,6635.998,6638.998,0.0016
13.06.2019 10:15:00.000,6639.998,6639.998,6636.998,6637.998,0.0023
13.06.2019 10:16:00.000,6637.997,6640.998,6637.997,6639.998,0.004
13.06.2019 10:17:00.000,6640.998,6640.998,6638.998,6639.998,0.001
13.06.2019 10:18:00.000,6639.997,6645.998,6639.997,6643.998,0.0053
13.06.2019 10:19:00.000,6642.998,6643.998,6640.997,6643.997,0.0053
13.06.2019 10:20:00.000,6643.998,6643.998,6640.997,6641.997,0.0043
13.06.2019 10:21:00.000,6642.998,6643.998,6640.997,6642.998,0.0037
13.06.2019 10:22:00.000,6643.998,6643.998,6642.997,6642.998,0.0054
13.06.2019 10:23:00.000,6642.997,6650.998,6642.997,6649.998,0.0094
13.06.2019 10:24:00.000,6649.998,6655.997,6649.998,6654.998,0.0054
13.06.2019 10:25:00.000,6654.997,6654.998,6648.998,6648.998,0.0079
13.06.2019 10:26:00.000,6648.998,6650.998,6647.998,6648.997,0.0041
13.06.2019 10:27:00.000,6648.997,6649.997,6647.997,6647.997,0.0034
13.06.2019 10:28:00.000,6647.998,6651.998,6647.998,6651.998,0.0021
13.06.2019 10:29:00.000,6651.997,6653.998,6651.997,6653.997,0.0076
13.06.2019 10:30:00.000,6653.998,6653.998,6649.997,6649.997,0.0032
13.06.2019 10:31:00.000,6651.997,6654.997,6649.998,6651.998,0.0044
13.06.2019 10:32:00.000,6651.997,6654.997,6651.997,6653.997,0.0016
13.06.2019 10:33:00.000,6653.997,6653.997,6646.998,6646.998,0.0038
13.06.2019 10:34:00.000,6646.998,6648.998,6646.997,6648.998,0.0034
13.06.2019 10:35:00.000,6647.998,6648.998,6645.997,6646.998,0.0061
13.06.2019 10:36:00.000,6646.997,6649.997,6645.997,6647.998,0.005
13.06.2019 10:37:00.000,6646.998,6649.998,6646.997,6647.998,0.0016
13.06.2019 10:38:00.000,6648.998,6648.998,6646.997,6646.998,0.0023
13.06.2019 10:39:00.000,6646.997,6646.998,6646.997,6646.997,0.0036
13.06.2019 10:40:00.000,6647.998,6647.998,6646.997,6646.997,0.0018
13.06.2019 10:41:00.000,6647.998,6648.998,6647.997,6647.998,0.005
13.06.2019 10:42:00.000,6647.997,6647.998,6646.997,6646.998,0.0038
13.06.2019 10:43:00.000,6646.997,6647.998,6646.997,6647.998,0.0014
13.06.2019 10:44:00.000,6648.997,6648.998,6647.997,6648.998,0.0053
13.06.2019 10:45:00.000,6648.998,6649.997,6647.997,6648.998,0.0058
13.06.2019 10:46:00.000,6649.998,6658.998,6648.997,6657.998,0.0055
13.06.2019 10:47:00.000,6657.998,6658.997,6651.998,6652.998,0.0071
13.06.2019 10:48:00.000,6652.998,6652.998,6649.998,6649.998,0.0028
13.06.2019 10:49:00.000,6649.998,6651.998,6647.997,6647.997,0.0051
13.06.2019 10:50:00.000,6648.998,6650.997,6647.997,6649.998,0.0043
13.06.2019 10:51:00.000,6650.997,6651.998,6649.997,6650.998,0.0042
13.06.2019 10:52:00.000,6650.998,6654.998,6650.997,6653.998,0.0065
13.06.2019 10:53:00.000,6653.997,6653.998,6650.997,6650.998,0.0038
13.06.2019 10:54:00.000,6650.998,6650.998,6649.997,6649.998,0.0023
13.06.2019 10:55:00.000,6649.998,6650.998,6647.997,6649.998,0.0044
13.06.2019 10:56:00.000,6650.997,6651.997,6649.998,6650.998,0.0026
13.06.2019 10:57:00.000,6650.997,6654.998,6650.997,6654.998,0.0042
13.06.2019 10:58:00.000,6654.997,6656.998,6654.997,6655.998,0.0095
13.06.2019 10:59:00.000,6656.997,6658.997,6653.998,6653.998,0.0051
13.06.2019 11:00:00.000,6653.998,6653.998,6648.997,6648.997,0.0006
13.06.2019 11:02:00.000,6652.998,6653.998,6651.997,6653.998,0.0071
13.06.2019 11:03:00.000,6653.998,6658.998,6652.997,6656.998,0.0101
13.06.2019 11:04:00.000,6656.998,6656.998,6652.998,6653.998,0.0043
13.06.2019 11:05:00.000,6653.997,6655.998,6650.998,6655.997,0.0024
13.06.2019 11:06:00.000,6655.998,6657.998,6655.997,6656.998,0.0027
13.06.2019 11:07:00.000,6656.997,6656.998,6655.998,6655.998,0.0013
13.06.2019 11:08:00.000,6656.998,6656.998,6652.997,6652.998,0.0022
13.06.2019 11:09:00.000,6654.997,6655.998,6654.997,6655.997,0.0021
13.06.2019 11:10:00.000,6655.997,6655.997,6652.997,6652.998,0.0008
13.06.2019 11:11:00.000,6652.997,6652.998,6647.998,6652.998,0.0022
13.06.2019 11:12:00.000,6652.998,6653.998,6649.997,6653.997,0.0027
13.06.2019 11:13:00.000,6653.997,6654.998,6651.997,6651.998,0.0035
13.06.2019 11:14:00.000,6650.998,6653.998,6650.997,6653.997,0.0022
13.06.2019 11:15:00.000,6654.997,6655.998,6654.997,6654.997,0.0023
13.06.2019 11:16:00.000,6655.998,6655.998,6654.998,6655.997,0.0007
13.06.2019 11:17:00.000,6655.998,6658.998,6655.998,6658.998,0.0026
13.06.2019 11:18:00.000,6658.998,6658.998,6655.997,6655.998,0.0018
13.06.2019 11:19:00.000,6655.998,6655.998,6655.997,6655.997,0.0008
13.06.2019 11:20:00.000,6655.998,6656.998,6655.997,6655.998,0.0015
13.06.2019 11:21:00.000,6655.997,6655.998,6654.998,6655.998,0.001
13.06.2019 11:22:00.000,6655.998,6657.998,6653.998,6655.997,0.0031
13.06.2019 11:23:00.000,6654.998,6655.998,6653.997,6654.998,0.0031
13.06.2019 11:24:00.000,6655.998,6656.998,6653.997,6653.998,0.003
13.06.2019 11:25:00.000,6653.997,6656.998,6653.997,6656.997,0.0023
13.06.2019 11:26:00.000,6656.998,6656.998,6656.997,6656.998,0.0003
13.06.2019 11:27:00.000,6657.998,6658.998,6657.997,6658.997,0.0026
13.06.2019 11:28:00.000,6658.998,6658.998,6657.997,6658.998,0.0037
13.06.2019 11:29:00.000,6659.997,6660.997,6659.997,6659.998,0.0017
13.06.2019 11:30:00.000,6659.997,6659.998,6654.998,6657.998,0.0023
13.06.2019 11:31:00.000,6657.997,6657.998,6655.997,6655.997,0.0022
13.06.2019 11:32:00.000,6655.998,6657.998,6655.998,6657.997,0.0025
13.06.2019 11:33:00.000,6657.998,6657.998,6656.997,6657.998,0.0032
13.06.2019 11:34:00.000,6657.997,6659.998,6656.997,6659.998,0.0062
13.06.2019 11:35:00.000,6659.997,6659.998,6655.997,6655.998,0.0046
13.06.2019 11:36:00.000,6655.998,6657.997,6654.997,6657.997,0.0018
13.06.2019 11:37:00.000,6656.998,6657.998,6655.997,6656.998,0.0028
13.06.2019 11:38:00.000,6657.997,6659.998,6656.997,6656.998,0.0034
13.06.2019 11:39:00.000,6655.998,6656.998,6655.997,6656.998,0.002
13.06.2019 11:40:00.000,6656.997,6657.998,6655.998,6657.998,0.0031
13.06.2019 11:41:00.000,6657.997,6657.997,6656.997,6656.998,0.0014
13.06.2019 11:42:00.000,6656.997,6657.998,6656.997,6656.997,0.0006
13.06.2019 11:43:00.000,6657.998,6658.998,6657.998,6658.998,0.001
13.06.2019 11:44:00.000,6658.997,6658.997,6656.997,6656.998,0.001
13.06.2019 11:45:00.000,6657.998,6657.998,6654.997,6655.997,0.0025
13.06.2019 11:46:00.000,6655.998,6655.998,6647.997,6647.998,0.0059
13.06.2019 11:47:00.000,6647.997,6649.998,6647.997,6648.998,0.0048
13.06.2019 11:48:00.000,6648.997,6648.997,6644.998,6646.998,0.0019
13.06.2019 11:49:00.000,6646.997,6647.998,6646.997,6646.998,0.0035
13.06.2019 11:50:00.000,6646.997,6648.998,6644.998,6644.998,0.006
13.06.2019 11:51:00.000,6644.997,6644.998,6639.997,6640.997,0.0065
13.06.2019 11:52:00.000,6640.998,6641.997,6638.998,6640.998,0.0017
13.06.2019 11:53:00.000,6640.998,6641.998,6636.998,6636.998,0.0034
13.06.2019 11:54:00.000,6636.998,6638.998,6636.997,6638.998,0.002
13.06.2019 11:55:00.000,6638.997,6638.998,6636.998,6638.998,0.0026
13.06.2019 11:56:00.000,6639.998,6644.998,6639.997,6641.997,0.0047
13.06.2019 11:57:00.000,6641.998,6643.998,6641.997,6641.998,0.0047
13.06.2019 11:58:00.000,6642.998,6643.998,6641.997,6643.998,0.005
13.06.2019 11:59:00.000,6644.997,6644.997,6643.997,6643.998,0.0026
13.06.2019 12:00:00.000,6640.998,6641.998,6636.997,6636.998,0.004
13.06.2019 12:01:00.000,6636.998,6638.998,6635.998,6637.998,0.0027
13.06.2019 12:02:00.000,6636.997,6636.998,6634.997,6636.998,0.0036
13.06.2019 12:03:00.000,6636.997,6638.998,6633.998,6633.998,0.0027
13.06.2019 12:04:00.000,6633.997,6633.997,6629.997,6633.997,0.0031
13.06.2019 12:05:00.000,6633.997,6633.998,6627.998,6627.998,0.003
13.06.2019 12:06:00.000,6629.998,6632.998,6629.997,6632.998,0.0042
13.06.2019 12:07:00.000,6633.997,6637.997,6632.998,6636.997,0.0043
13.06.2019 12:08:00.000,6636.998,6641.997,6635.998,6636.998,0.0055
13.06.2019 12:09:00.000,6635.998,6635.998,6631.997,6633.998,0.0024
13.06.2019 12:10:00.000,6633.998,6635.998,6633.998,6635.998,0.0019
13.06.2019 12:11:00.000,6635.997,6635.997,6633.998,6633.998,0.0022
13.06.2019 12:12:00.000,6633.997,6634.998,6633.997,6634.998,0.0029
13.06.2019 12:13:00.000,6634.500,6634.500,6627.997,6629.998,0.0044
13.06.2019 12:14:00.000,6630.998,6630.998,6627.998,6629.998,0.0021
13.06.2019 12:15:00.000,6629.998,6630.998,6629.997,6630.998,0.0033
13.06.2019 12:16:00.000,6630.997,6630.997,6623.997,6625.998,0.006
13.06.2019 12:17:00.000,6624.998,6626.998,6624.998,6625.998,0.0031
13.06.2019 12:18:00.000,6626.998,6627.998,6626.997,6627.997,0.0009
13.06.2019 12:19:00.000,6626.998,6626.998,6624.997,6624.997,0.0005
13.06.2019 12:20:00.000,6624.997,6624.998,6621.998,6624.998,0.0024
13.06.2019 12:21:00.000,6624.997,6627.998,6624.997,6627.998,0.0018
13.06.2019 12:22:00.000,6627.997,6627.998,6624.998,6625.998,0.0024
13.06.2019 12:23:00.000,6626.998,6628.998,6625.998,6627.998,0.0046
13.06.2019 12:24:00.000,6627.997,6629.998,6627.997,6627.998,0.0036
13.06.2019 12:25:00.000,6627.998,6627.998,6626.997,6626.998,0.0046
13.06.2019 12:26:00.000,6626.997,6628.998,6626.997,6628.998,0.003
13.06.2019 12:27:00.000,6628.998,6633.998,6628.998,6632.998,0.0031
13.06.2019 12:28:00.000,6632.997,6632.998,6631.997,6631.998,0.0015
13.06.2019 12:29:00.000,6631.997,6636.998,6631.997,6636.997,0.0034
13.06.2019 12:30:00.000,6637.998,6640.998,6636.997,6640.998,0.0036
13.06.2019 12:31:00.000,6640.998,6640.998,6636.997,6637.998,0.0061
13.06.2019 12:32:00.000,6637.998,6637.998,6631.997,6631.998,0.0038
13.06.2019 12:33:00.000,6631.998,6632.997,6628.998,6628.998,0.0025
13.06.2019 12:34:00.000,6628.997,6630.998,6628.997,6630.998,0.0059
13.06.2019 12:35:00.000,6630.997,6630.997,6624.998,6625.997,0.0047
13.06.2019 12:36:00.000,6625.997,6627.998,6624.998,6626.998,0.0016
13.06.2019 12:37:00.000,6626.998,6626.998,6625.997,6626.998,0.0073
13.06.2019 12:38:00.000,6626.997,6626.997,6618.997,6618.997,0.0106
13.06.2019 12:39:00.000,6618.998,6620.998,6618.998,6619.998,0.0022
13.06.2019 12:40:00.000,6619.998,6620.998,6617.997,6617.998,0.0035
13.06.2019 12:41:00.000,6618.997,6618.998,6615.998,6616.998,0.0021
13.06.2019 12:42:00.000,6616.998,6618.998,6615.997,6617.997,0.0026
13.06.2019 12:43:00.000,6617.998,6618.997,6615.997,6618.997,0.0016
13.06.2019 12:44:00.000,6617.997,6620.998,6617.997,6620.997,0.0031
13.06.2019 12:45:00.000,6620.997,6620.998,6619.997,6619.998,0.0034
13.06.2019 12:46:00.000,6619.998,6623.998,6619.997,6623.997,0.0049
13.06.2019 12:47:00.000,6624.998,6625.998,6623.998,6625.998,0.0023
13.06.2019 12:48:00.000,6626.998,6626.998,6625.997,6625.998,0.0018
13.06.2019 12:49:00.000,6626.997,6629.998,6626.997,6629.998,0.0023
13.06.2019 12:50:00.000,6630.998,6633.997,6629.997,6632.998,0.0062
13.06.2019 12:51:00.000,6632.997,6637.998,6632.997,6635.997,0.0044
13.06.2019 12:52:00.000,6635.997,6635.998,6632.997,6634.998,0.0032
13.06.2019 12:53:00.000,6634.997,6634.998,6633.997,6633.997,0.0054
13.06.2019 12:54:00.000,6634.997,6640.998,6634.997,6640.998,0.0023
13.06.2019 12:55:00.000,6641.998,6642.998,6639.997,6639.997,0.0022
13.06.2019 12:56:00.000,6639.998,6639.998,6635.997,6637.997,0.0027
13.06.2019 12:57:00.000,6637.998,6638.998,6632.998,6632.998,0.0019
13.06.2019 12:58:00.000,6632.997,6634.998,6632.997,6634.998,0.001
13.06.2019 12:59:00.000,6634.998,6635.998,6634.997,6634.998,0.0034
13.06.2019 13:00:00.000,6634.998,6636.998,6634.997,6636.998,0.0029
13.06.2019 13:01:00.000,6635.998,6635.998,6633.997,6633.998,0.004
13.06.2019 13:02:00.000,6633.997,6635.998,6633.997,6634.998,0.0096
13.06.2019 13:03:00.000,6634.998,6634.998,6633.997,6633.998,0.0045
13.06.2019 13:04:00.000,6633.997,6633.998,6628.997,6628.997,0.0045
13.06.2019 13:05:00.000,6629.997,6631.997,6626.997,6626.998,0.0018
13.06.2019 13:06:00.000,6626.997,6630.998,6626.997,6628.998,0.0022
13.06.2019 13:07:00.000,6628.998,6632.998,6628.998,6632.997,0.0038
13.06.2019 13:08:00.000,6631.998,6631.998,6629.997,6629.998,0.0027
13.06.2019 13:09:00.000,6630.998,6630.998,6629.997,6630.998,0.002
13.06.2019 13:10:00.000,6630.997,6631.998,6629.997,6631.998,0.0035
13.06.2019 13:11:00.000,6631.997,6631.997,6629.998,6629.998,0.0033
13.06.2019 13:12:00.000,6629.998,6631.998,6629.997,6631.998,0.0026
13.06.2019 13:13:00.000,6630.997,6631.998,6630.997,6631.998,0.0083
13.06.2019 13:14:00.000,6631.997,6633.998,6631.997,6633.997,0.0047
13.06.2019 13:15:00.000,6633.998,6634.998,6632.998,6634.998,0.0013
13.06.2019 13:16:00.000,6634.998,6635.998,6633.997,6633.998,0.0049
13.06.2019 13:17:00.000,6634.998,6636.998,6634.997,6634.997,0.0058
13.06.2019 13:18:00.000,6633.997,6633.998,6632.997,6633.998,0.0063
13.06.2019 13:19:00.000,6634.998,6634.998,6634.997,6634.998,0.0008
13.06.2019 13:20:00.000,6633.998,6633.998,6627.997,6627.998,0.0023
13.06.2019 13:21:00.000,6627.997,6628.998,6624.998,6628.998,0.0044
13.06.2019 13:22:00.000,6628.997,6628.998,6627.997,6627.997,0.0025
13.06.2019 13:23:00.000,6627.998,6628.998,6627.997,6628.997,0.003
13.06.2019 13:24:00.000,6628.998,6628.998,6621.997,6621.998,0.0046
13.06.2019 13:25:00.000,6622.998,6624.998,6621.997,6624.998,0.0035
13.06.2019 13:26:00.000,6624.997,6624.997,6619.998,6619.998,0.0025
13.06.2019 13:27:00.000,6619.998,6621.997,6619.997,6620.998,0.0027
13.06.2019 13:28:00.000,6619.998,6619.998,6614.997,6614.998,0.0044
13.06.2019 13:29:00.000,6614.997,6619.998,6614.997,6618.998,0.0021
13.06.2019 13:30:00.000,6618.997,6623.998,6617.997,6621.998,0.0091
13.06.2019 13:31:00.000,6620.998,6620.998,6612.997,6612.997,0.0071
13.06.2019 13:32:00.000,6613.997,6618.997,6613.997,6616.998,0.0048
13.06.2019 13:33:00.000,6617.997,6619.998,6616.998,6619.998,0.003
13.06.2019 13:34:00.000,6619.998,6620.998,6617.997,6620.997,0.0084
13.06.2019 13:35:00.000,6621.997,6621.998,6619.997,6619.998,0.0068
13.06.2019 13:36:00.000,6620.997,6620.998,6619.997,6619.998,0.0058
13.06.2019 13:37:00.000,6619.997,6620.998,6619.997,6620.997,0.0058
13.06.2019 13:38:00.000,6620.998,6620.998,6617.998,6618.998,0.0055
13.06.2019 13:39:00.000,6618.998,6618.998,6614.997,6614.998,0.0076
13.06.2019 13:40:00.000,6613.998,6616.998,6613.997,6613.997,0.008
13.06.2019 13:41:00.000,6613.750,6614.998,6611.997,6613.998,0.0073
13.06.2019 13:42:00.000,6613.998,6614.998,6613.997,6613.998,0.0068
13.06.2019 13:43:00.000,6613.998,6613.998,6609.997,6610.998,0.0046
13.06.2019 13:44:00.000,6612.997,6612.998,6612.997,6612.998,0
13.06.2019 13:45:00.000,6612.997,6613.998,6607.997,6608.998,0.0044
13.06.2019 13:46:00.000,6609.998,6609.998,6606.997,6606.998,0.0031
13.06.2019 13:47:00.000,6607.998,6607.998,6601.998,6602.997,0.0064
13.06.2019 13:48:00.000,6602.998,6603.998,6601.997,6603.998,0.0027
13.06.2019 13:49:00.000,6602.998,6605.998,6602.998,6604.997,0.0024
13.06.2019 13:50:00.000,6604.998,6606.998,6604.997,6606.998,0.0048
13.06.2019 13:51:00.000,6606.997,6608.998,6606.997,6608.997,0.0076
13.06.2019 13:52:00.000,6608.998,6612.998,6607.997,6611.998,0.0079
13.06.2019 13:53:00.000,6612.998,6616.998,6610.997,6610.998,0.0046
13.06.2019 13:54:00.000,6610.997,6612.998,6607.997,6611.998,0.005
13.06.2019 13:55:00.000,6612.998,6617.998,6612.998,6617.997,0.0068
13.06.2019 13:56:00.000,6617.998,6620.997,6615.997,6620.997,0.0062
13.06.2019 13:57:00.000,6621.997,6627.998,6619.997,6627.998,0.0112
13.06.2019 13:58:00.000,6626.998,6630.998,6626.998,6630.998,0.0052
13.06.2019 13:59:00.000,6630.997,6638.998,6630.997,6636.997,0.0169
13.06.2019 14:00:00.000,6637.998,6640.998,6636.998,6639.998,0.0068
13.06.2019 14:01:00.000,6638.998,6638.998,6634.998,6636.998,0.0048
13.06.2019 14:02:00.000,6636.997,6637.998,6635.997,6637.998,0.0037
13.06.2019 14:03:00.000,6637.997,6640.998,6635.997,6635.998,0.0075
13.06.2019 14:04:00.000,6636.997,6638.998,6632.997,6632.998,0.0095
13.06.2019 14:05:00.000,6632.997,6633.998,6629.997,6629.998,0.0061
13.06.2019 14:06:00.000,6630.997,6631.998,6627.998,6627.998,0.0058
13.06.2019 14:07:00.000,6627.997,6627.998,6616.997,6616.997,0.0109
13.06.2019 14:08:00.000,6615.998,6620.998,6614.997,6616.998,0.0071
13.06.2019 14:09:00.000,6617.998,6622.998,6616.997,6622.998,0.0078
13.06.2019 14:10:00.000,6622.997,6625.998,6620.998,6625.998,0.0048
13.06.2019 14:11:00.000,6625.998,6627.998,6623.997,6626.998,0.0075
13.06.2019 14:12:00.000,6627.998,6632.998,6627.997,6632.997,0.0145
13.06.2019 14:13:00.000,6632.998,6637.998,6632.997,6637.998,0.0141
13.06.2019 14:14:00.000,6637.997,6638.998,6630.997,6632.997,0.008
13.06.2019 14:15:00.000,6632.998,6634.998,6631.998,6634.997,0.0045
13.06.2019 14:16:00.000,6634.998,6635.998,6632.997,6632.998,0.003
13.06.2019 14:17:00.000,6632.998,6634.998,6630.998,6631.997,0.0049
13.06.2019 14:18:00.000,6631.997,6632.998,6630.997,6632.997,0.0024
13.06.2019 14:19:00.000,6632.998,6632.998,6630.997,6631.998,0.0022
13.06.2019 14:20:00.000,6631.997,6632.998,6630.997,6631.997,0.0083
13.06.2019 14:21:00.000,6631.998,6631.998,6629.997,6630.998,0.0102
13.06.2019 14:22:00.000,6631.997,6633.998,6631.997,6633.997,0.0047
13.06.2019 14:23:00.000,6633.998,6633.998,6632.997,6633.997,0.0072
13.06.2019 14:24:00.000,6633.998,6635.998,6633.998,6634.998,0.0112
13.06.2019 14:25:00.000,6634.998,6634.998,6631.997,6632.997,0.0061
13.06.2019 14:26:00.000,6632.998,6634.998,6631.997,6631.997,0.0127
13.06.2019 14:27:00.000,6631.998,6631.998,6624.997,6625.998,0.0091
13.06.2019 14:28:00.000,6625.997,6630.998,6625.997,6629.997,0.0177
13.06.2019 14:29:00.000,6629.997,6629.997,6626.998,6628.998,0.0055
13.06.2019 14:30:00.000,6628.750,6630.998,6626.997,6629.998,0.0141
13.06.2019 14:31:00.000,6629.998,6632.998,6629.997,6631.998,0.0134
13.06.2019 14:32:00.000,6632.997,6637.998,6631.998,6637.997,0.0121
13.06.2019 14:33:00.000,6637.998,6637.998,6636.997,6636.997,0.0066
13.06.2019 14:34:00.000,6636.998,6638.998,6636.997,6637.998,0.0111
13.06.2019 14:35:00.000,6637.998,6638.997,6636.997,6636.997,0.015
13.06.2019 14:36:00.000,6636.998,6636.998,6632.997,6635.998,0.0076
13.06.2019 14:37:00.000,6636.998,6636.998,6632.997,6635.997,0.019
13.06.2019 14:38:00.000,6634.998,6635.998,6634.997,6635.997,0.0049
13.06.2019 14:39:00.000,6635.998,6636.998,6633.997,6633.998,0.0043
13.06.2019 14:40:00.000,6633.998,6633.998,6628.997,6629.998,0.007
13.06.2019 14:41:00.000,6629.997,6633.998,6629.997,6633.997,0.0147
13.06.2019 14:42:00.000,6633.998,6633.998,6632.997,6633.998,0.012
13.06.2019 14:43:00.000,6633.997,6633.998,6632.997,6632.997,0.0079
13.06.2019 14:44:00.000,6632.998,6634.998,6632.997,6633.997,0.0152
13.06.2019 14:45:00.000,6633.998,6633.998,6629.997,6629.997,0.0053
13.06.2019 14:46:00.000,6629.998,6632.998,6629.997,6632.998,0.0068
13.06.2019 14:47:00.000,6631.997,6632.998,6631.997,6632.998,0.0144
13.06.2019 14:48:00.000,6632.997,6632.997,6627.997,6627.998,0.0077
13.06.2019 14:49:00.000,6628.998,6628.998,6627.997,6628.998,0.0053
13.06.2019 14:50:00.000,6628.998,6630.998,6627.997,6630.998,0.0058
13.06.2019 14:51:00.000,6630.997,6630.998,6626.998,6626.998,0.0038
13.06.2019 14:52:00.000,6625.998,6627.998,6624.997,6627.998,0.0079
13.06.2019 14:53:00.000,6627.997,6631.998,6627.997,6627.997,0.0175
13.06.2019 14:54:00.000,6627.998,6627.998,6625.997,6625.998,0.0045
13.06.2019 14:55:00.000,6626.997,6627.998,6625.997,6625.998,0.006
13.06.2019 14:56:00.000,6625.997,6625.998,6621.997,6621.998,0.0098
13.06.2019 14:57:00.000,6621.997,6625.998,6621.997,6624.997,0.0153
13.06.2019 14:58:00.000,6624.998,6624.998,6623.997,6623.998,0.0154
13.06.2019 14:59:00.000,6623.997,6623.998,6623.997,6623.997,0.0091
13.06.2019 15:00:00.000,6624.998,6626.998,6624.997,6625.998,0.0164
13.06.2019 15:01:00.000,6625.997,6625.998,6624.997,6624.998,0.0079
13.06.2019 15:02:00.000,6625.997,6625.998,6624.997,6624.998,0.0079
13.06.2019 15:03:00.000,6624.997,6628.998,6623.998,6627.997,0.0163
13.06.2019 15:04:00.000,6627.998,6628.998,6627.997,6627.998,0.019
13.06.2019 15:05:00.000,6627.997,6627.998,6624.997,6624.998,0.017
13.06.2019 15:06:00.000,6624.997,6624.997,6620.997,6621.998,0.0135
13.06.2019 15:07:00.000,6621.998,6623.998,6621.997,6622.997,0.0264
13.06.2019 15:08:00.000,6622.998,6623.998,6622.997,6623.998,0.0106
13.06.2019 15:09:00.000,6622.998,6623.997,6619.997,6619.998,0.0072
13.06.2019 15:10:00.000,6618.998,6618.998,6616.997,6617.998,0.0044
13.06.2019 15:11:00.000,6618.997,6619.998,6616.997,6618.998,0.0108
13.06.2019 15:12:00.000,6618.997,6620.998,6618.997,6618.998,0.0098
13.06.2019 15:13:00.000,6619.998,6620.998,6618.997,6619.997,0.0107
13.06.2019 15:14:00.000,6619.998,6620.998,6617.997,6617.998,0.0128
13.06.2019 15:15:00.000,6618.998,6619.998,6617.997,6619.998,0.0171
13.06.2019 15:16:00.000,6619.998,6619.998,6618.997,6618.997,0.0131
13.06.2019 15:17:00.000,6618.998,6620.998,6618.997,6620.998,0.0169
13.06.2019 15:18:00.000,6619.998,6619.998,6616.997,6617.998,0.01
13.06.2019 15:19:00.000,6617.997,6617.997,6614.997,6614.997,0.0182
13.06.2019 15:20:00.000,6614.998,6615.998,6613.997,6615.998,0.0113
13.06.2019 15:21:00.000,6615.997,6615.998,6615.997,6615.997,0.0051
13.06.2019 15:22:00.000,6615.998,6618.998,6615.997,6618.998,0.0278
13.06.2019 15:23:00.000,6619.997,6619.998,6615.997,6616.997,0.0439
13.06.2019 15:24:00.000,6617.997,6617.998,6617.997,6617.998,0.0061
13.06.2019 15:25:00.000,6617.997,6617.998,6613.997,6614.998,0.0195
13.06.2019 15:26:00.000,6614.997,6614.998,6613.997,6614.998,0.0042
13.06.2019 15:27:00.000,6614.997,6619.998,6614.997,6618.998,0.0362
13.06.2019 15:28:00.000,6618.998,6622.998,6618.997,6621.998,0.0253
13.06.2019 15:29:00.000,6621.997,6621.998,6613.998,6618.998,0.0133
14.06.2019 07:00:00.000,6616.998,6616.998,6603.998,6603.998,0.0008
14.06.2019 07:01:00.000,6600.997,6610.998,6599.997,6610.998,0.0009
14.06.2019 07:02:00.000,6608.998,6608.998,6599.997,6600.998,0.0022
14.06.2019 07:03:00.000,6599.998,6602.998,6589.997,6601.998,0.0029
14.06.2019 07:04:00.000,6601.997,6601.998,6601.997,6601.998,0.003
14.06.2019 07:05:00.000,6601.998,6601.998,6595.997,6596.998,0.0033
14.06.2019 07:06:00.000,6597.997,6603.998,6588.997,6588.997,0.0024
14.06.2019 07:07:00.000,6589.997,6597.998,6589.997,6597.997,0.0024
14.06.2019 07:08:00.000,6597.997,6599.998,6596.997,6599.998,0.0016
14.06.2019 07:09:00.000,6593.997,6599.998,6593.997,6599.998,0.0024
14.06.2019 07:10:00.000,6602.998,6608.998,6600.998,6603.997,0.0053
14.06.2019 07:11:00.000,6603.998,6607.998,6589.997,6590.998,0.0042
14.06.2019 07:12:00.000,6590.997,6594.998,6587.998,6594.998,0.0039
14.06.2019 07:13:00.000,6592.998,6594.998,6586.998,6588.998,0.0014
14.06.2019 07:14:00.000,6588.998,6591.998,6584.998,6588.997,0.0053
14.06.2019 07:15:00.000,6588.750,6588.750,6582.997,6582.998,0.0029
14.06.2019 07:16:00.000,6584.997,6586.998,6581.997,6584.997,0.0046
14.06.2019 07:17:00.000,6584.997,6584.998,6578.997,6581.998,0.0055
14.06.2019 07:18:00.000,6582.998,6586.997,6579.997,6579.997,0.0081
14.06.2019 07:19:00.000,6580.998,6585.998,6574.997,6579.997,0.0065
14.06.2019 07:20:00.000,6579.998,6580.998,6571.998,6571.998,0.0057
14.06.2019 07:21:00.000,6571.997,6575.998,6569.998,6574.998,0.0073
14.06.2019 07:22:00.000,6574.997,6574.998,6567.997,6569.997,0.0057
14.06.2019 07:23:00.000,6568.997,6571.998,6567.997,6567.998,0.0039
14.06.2019 07:24:00.000,6568.998,6571.998,6568.997,6569.998,0.0022
14.06.2019 07:25:00.000,6571.997,6578.998,6571.997,6573.997,0.0048
14.06.2019 07:26:00.000,6573.998,6577.998,6573.997,6577.997,0.0026
14.06.2019 07:27:00.000,6575.998,6575.998,6570.998,6572.998,0.0071
14.06.2019 07:28:00.000,6572.998,6572.998,6568.997,6572.998,0.0062
14.06.2019 07:29:00.000,6573.998,6573.998,6570.997,6570.998,0.0069
14.06.2019 07:30:00.000,6570.998,6572.998,6566.997,6572.998,0.0052
14.06.2019 07:31:00.000,6570.998,6576.998,6568.998,6569.998,0.008
14.06.2019 07:32:00.000,6570.998,6573.998,6568.998,6571.998,0.0072
14.06.2019 07:33:00.000,6573.997,6573.998,6564.998,6564.998,0.0053
14.06.2019 07:34:00.000,6562.998,6568.998,6562.997,6568.998,0.0089
14.06.2019 07:35:00.000,6568.997,6569.998,6563.997,6566.997,0.0093
14.06.2019 07:36:00.000,6564.997,6570.998,6563.998,6568.998,0.0066
14.06.2019 07:37:00.000,6568.997,6569.998,6563.997,6568.997,0.0061
14.06.2019 07:38:00.000,6568.998,6569.998,6566.997,6566.998,0.0035
14.06.2019 07:39:00.000,6566.997,6566.998,6563.997,6566.998,0.0028
14.06.2019 07:40:00.000,6566.998,6569.998,6565.998,6569.998,0.0054
14.06.2019 07:41:00.000,6568.998,6571.998,6565.998,6567.998,0.0039
14.06.2019 07:42:00.000,6567.998,6569.998,6563.998,6569.998,0.0051
14.06.2019 07:43:00.000,6569.998,6569.998,6564.997,6564.997,0.0027
14.06.2019 07:44:00.000,6565.998,6566.998,6564.997,6565.998,0.0029
14.06.2019 07:45:00.000,6565.997,6565.998,6561.998,6564.998,0.0042
14.06.2019 07:46:00.000,6564.998,6565.997,6559.998,6559.998,0.0028
14.06.2019 07:47:00.000,6559.997,6559.998,6555.997,6559.998,0.0033
14.06.2019 07:48:00.000,6559.998,6561.998,6555.997,6558.998,0.0052
14.06.2019 07:49:00.000,6559.997,6563.998,6558.997,6563.998,0.002
14.06.2019 07:50:00.000,6563.998,6566.998,6562.997,6565.998,0.0047
14.06.2019 07:51:00.000,6565.998,6565.998,6560.998,6565.998,0.0038
14.06.2019 07:52:00.000,6565.997,6568.998,6565.997,6566.997,0.0035
14.06.2019 07:53:00.000,6566.998,6566.998,6565.997,6566.998,0.0013
14.06.2019 07:54:00.000,6566.998,6569.998,6566.997,6566.998,0.0048
14.06.2019 07:55:00.000,6566.998,6570.998,6564.998,6570.998,0.0031
14.06.2019 07:56:00.000,6570.500,6574.998,6566.998,6573.998,0.0068
14.06.2019 07:57:00.000,6574.998,6574.998,6569.997,6570.998,0.0087
14.06.2019 07:58:00.000,6568.998,6573.998,6568.998,6572.997,0.0062
14.06.2019 07:59:00.000,6572.998,6574.998,6572.997,6572.997,0.005
14.06.2019 08:00:00.000,6572.998,6573.998,6569.998,6572.997,0.0038
14.06.2019 08:01:00.000,6573.997,6574.998,6571.997,6573.997,0.0029
14.06.2019 08:02:00.000,6573.998,6574.997,6571.997,6571.997,0.0043
14.06.2019 08:03:00.000,6571.998,6575.998,6571.998,6572.998,0.0035
14.06.2019 08:04:00.000,6573.997,6581.997,6572.997,6575.998,0.0056
14.06.2019 08:05:00.000,6575.997,6580.998,6575.997,6580.998,0.0024
14.06.2019 08:06:00.000,6580.998,6580.998,6576.998,6580.998,0.004
14.06.2019 08:07:00.000,6580.997,6580.998,6577.998,6578.997,0.0014
14.06.2019 08:08:00.000,6579.998,6581.998,6577.997,6578.998,0.0027
14.06.2019 08:09:00.000,6578.997,6579.998,6575.998,6577.998,0.0028
14.06.2019 08:10:00.000,6577.997,6579.998,6577.997,6579.997,0.0011
14.06.2019 08:11:00.000,6579.998,6581.998,6577.997,6577.998,0.0035
14.06.2019 08:12:00.000,6577.998,6580.998,6577.998,6579.998,0.0012
14.06.2019 08:13:00.000,6579.997,6579.998,6574.998,6579.997,0.0046
14.06.2019 08:14:00.000,6577.998,6579.998,6575.997,6575.998,0.0022
14.06.2019 08:15:00.000,6575.998,6579.998,6573.997,6578.998,0.0042
14.06.2019 08:16:00.000,6580.998,6580.998,6577.998,6580.998,0.0041
14.06.2019 08:17:00.000,6579.998,6580.998,6579.997,6579.997,0.0037
14.06.2019 08:18:00.000,6580.998,6582.998,6580.998,6582.998,0.002
14.06.2019 08:19:00.000,6582.997,6583.998,6577.997,6578.997,0.0045
14.06.2019 08:20:00.000,6577.998,6579.998,6577.998,6578.998,0.0007
14.06.2019 08:21:00.000,6577.998,6577.998,6571.997,6572.998,0.0059
14.06.2019 08:22:00.000,6573.998,6573.998,6569.997,6571.998,0.0023
14.06.2019 08:23:00.000,6572.997,6575.998,6571.998,6575.998,0.0047
14.06.2019 08:24:00.000,6575.997,6575.998,6569.997,6571.998,0.0031
14.06.2019 08:25:00.000,6571.750,6573.998,6568.998,6572.998,0.0036
14.06.2019 08:26:00.000,6573.998,6576.997,6572.998,6576.997,0.0055
14.06.2019 08:27:00.000,6576.998,6578.998,6571.997,6571.998,0.0042
14.06.2019 08:28:00.000,6571.998,6575.997,6571.997,6574.998,0.0021
14.06.2019 08:29:00.000,6574.998,6574.998,6572.997,6572.997,0.006
14.06.2019 08:30:00.000,6571.998,6572.998,6571.997,6571.997,0.0042
14.06.2019 08:31:00.000,6571.998,6573.998,6571.997,6573.997,0.0028
14.06.2019 08:32:00.000,6573.998,6574.998,6571.997,6572.998,0.0047
14.06.2019 08:33:00.000,6572.997,6572.998,6567.997,6568.998,0.0056
14.06.2019 08:34:00.000,6568.997,6571.998,6568.997,6570.998,0.0073
14.06.2019 08:35:00.000,6571.998,6571.998,6568.997,6570.998,0.0077
14.06.2019 08:36:00.000,6570.998,6570.998,6568.997,6568.998,0.0026
14.06.2019 08:37:00.000,6568.750,6569.998,6565.998,6567.997,0.0069
14.06.2019 08:38:00.000,6567.997,6569.998,6567.997,6568.998,0.0036
14.06.2019 08:39:00.000,6568.998,6569.998,6567.997,6567.997,0.0039
14.06.2019 08:40:00.000,6568.998,6571.998,6567.997,6571.998,0.0078
14.06.2019 08:41:00.000,6571.997,6571.997,6565.997,6566.998,0.0051
14.06.2019 08:42:00.000,6566.997,6570.998,6564.997,6569.997,0.0039
14.06.2019 08:43:00.000,6570.997,6570.997,6568.997,6568.998,0.0018
14.06.2019 08:44:00.000,6569.997,6572.998,6569.997,6572.997,0.0041
14.06.2019 08:45:00.000,6572.997,6572.998,6566.998,6567.998,0.0034
14.06.2019 08:46:00.000,6567.997,6568.998,6562.997,6562.997,0.0061
14.06.2019 08:47:00.000,6564.998,6566.998,6562.998,6564.997,0.0048
14.06.2019 08:48:00.000,6564.998,6565.998,6562.998,6565.997,0.0043
14.06.2019 08:49:00.000,6565.998,6565.998,6561.997,6561.998,0.0039
14.06.2019 08:50:00.000,6562.997,6564.998,6562.997,6563.998,0.0024
14.06.2019 08:51:00.000,6563.998,6563.998,6562.997,6563.998,0.0079
14.06.2019 08:52:00.000,6563.997,6563.998,6559.998,6563.997,0.0079
14.06.2019 08:53:00.000,6562.998,6563.998,6561.997,6563.997,0.0054
14.06.2019 08:54:00.000,6563.998,6564.998,6563.997,6564.997,0.0032
14.06.2019 08:55:00.000,6564.998,6564.998,6563.997,6564.998,0.016
14.06.2019 08:56:00.000,6564.997,6565.998,6564.997,6564.998,0.0099
14.06.2019 08:57:00.000,6565.997,6565.997,6561.997,6563.998,0.0065
14.06.2019 08:58:00.000,6563.998,6563.998,6559.997,6560.998,0.0015
14.06.2019 08:59:00.000,6561.997,6562.998,6558.997,6560.997,0.0055
14.06.2019 09:00:00.000,6561.998,6567.998,6561.997,6566.998,0.007
14.06.2019 09:01:00.000,6566.997,6568.998,6564.997,6568.998,0.0038
14.06.2019 09:02:00.000,6567.998,6568.998,6565.998,6565.998,0.0012
14.06.2019 09:03:00.000,6565.997,6567.998,6561.998,6566.997,0.0095
14.06.2019 09:04:00.000,6566.998,6568.998,6566.998,6567.998,0.0024
14.06.2019 09:05:00.000,6567.998,6569.998,6567.997,6568.998,0.0033
14.06.2019 09:06:00.000,6568.998,6571.998,6568.997,6571.998,0.0016
14.06.2019 09:07:00.000,6570.997,6571.998,6569.997,6569.997,0.002
14.06.2019 09:08:00.000,6570.997,6572.998,6570.997,6572.998,0.0019
14.06.2019 09:09:00.000,6572.997,6572.997,6567.998,6569.998,0.0037
14.06.2019 09:10:00.000,6570.997,6572.998,6568.998,6570.998,0.0047
14.06.2019 09:11:00.000,6570.997,6570.998,6569.997,6569.997,0.003
14.06.2019 09:12:00.000,6569.998,6571.998,6568.997,6571.997,0.0042
14.06.2019 09:13:00.000,6572.997,6574.998,6572.997,6574.998,0.007
14.06.2019 09:14:00.000,6575.997,6577.998,6574.997,6577.998,0.0021
14.06.2019 09:15:00.000,6577.997,6580.998,6577.997,6579.997,0.0077
14.06.2019 09:16:00.000,6579.998,6580.998,6575.997,6575.998,0.0063
14.06.2019 09:17:00.000,6576.997,6578.998,6575.997,6578.998,0.0022
14.06.2019 09:18:00.000,6579.998,6580.997,6579.997,6579.997,0.0017
14.06.2019 09:19:00.000,6576.998,6577.998,6576.997,6577.997,0.0022
14.06.2019 09:20:00.000,6577.998,6585.998,6577.997,6585.998,0.0045
14.06.2019 09:21:00.000,6585.997,6585.997,6582.997,6583.997,0.0039
14.06.2019 09:22:00.000,6584.997,6591.998,6584.997,6590.998,0.0036
14.06.2019 09:23:00.000,6590.997,6592.998,6586.998,6586.998,0.0051
14.06.2019 09:24:00.000,6587.998,6587.998,6582.998,6582.998,0.0064
14.06.2019 09:25:00.000,6583.997,6583.998,6578.998,6582.998,0.0075
14.06.2019 09:26:00.000,6582.997,6585.998,6581.997,6585.998,0.0048
14.06.2019 09:27:00.000,6586.998,6589.998,6585.998,6589.998,0.0081
14.06.2019 09:28:00.000,6589.997,6590.998,6587.998,6589.998,0.0055
14.06.2019 09:29:00.000,6589.998,6589.998,6588.997,6588.997,0.0053
14.06.2019 09:30:00.000,6588.998,6590.998,6588.997,6589.998,0.004
14.06.2019 09:31:00.000,6589.997,6589.998,6581.998,6582.997,0.0046
14.06.2019 09:32:00.000,6582.998,6584.998,6582.997,6583.997,0.0034
14.06.2019 09:33:00.000,6583.998,6583.998,6577.997,6578.997,0.006
14.06.2019 09:34:00.000,6578.998,6579.998,6578.998,6579.998,0.0011
14.06.2019 09:35:00.000,6578.998,6578.998,6578.997,6578.998,0.0017
14.06.2019 09:36:00.000,6579.998,6579.998,6578.997,6579.998,0.0041
14.06.2019 09:37:00.000,6579.998,6579.998,6570.997,6570.998,0.0021
14.06.2019 09:38:00.000,6570.998,6574.998,6569.998,6573.998,0.0055
14.06.2019 09:39:00.000,6574.998,6574.998,6568.998,6569.998,0.0049
14.06.2019 09:40:00.000,6569.997,6571.997,6569.997,6570.997,0.0039
14.06.2019 09:41:00.000,6570.998,6570.998,6567.997,6570.998,0.0057
14.06.2019 09:42:00.000,6569.998,6570.998,6568.998,6569.997,0.0007
14.06.2019 09:43:00.000,6569.998,6570.998,6568.997,6568.998,0.0042
14.06.2019 09:44:00.000,6568.997,6568.998,6567.997,6567.997,0.0075
14.06.2019 09:45:00.000,6567.998,6570.998,6567.998,6569.998,0.006
14.06.2019 09:46:00.000,6569.998,6569.998,6563.997,6564.998,0.0037
14.06.2019 09:47:00.000,6565.997,6565.998,6560.998,6560.998,0.007
14.06.2019 09:48:00.000,6561.998,6562.998,6560.997,6561.997,0.0011
14.06.2019 09:49:00.000,6561.997,6561.997,6556.997,6557.998,0.0058
14.06.2019 09:50:00.000,6558.998,6560.998,6557.997,6559.998,0.0075
14.06.2019 09:51:00.000,6559.997,6559.997,6559.997,6559.997,0.0006
14.06.2019 09:52:00.000,6559.998,6559.998,6559.997,6559.997,0.0036
14.06.2019 09:53:00.000,6559.998,6560.998,6557.997,6557.998,0.0051
14.06.2019 09:54:00.000,6558.998,6558.998,6554.997,6554.998,0.0028
14.06.2019 09:55:00.000,6555.998,6558.998,6555.997,6557.997,0.0063
14.06.2019 09:56:00.000,6557.998,6558.998,6554.997,6554.997,0.0035
14.06.2019 09:57:00.000,6554.998,6556.998,6554.998,6555.998,0.0061
14.06.2019 09:58:00.000,6556.998,6556.998,6551.998,6551.998,0.0091
14.06.2019 09:59:00.000,6552.997,6553.998,6549.998,6551.997,0.0053
14.06.2019 10:00:00.000,6551.997,6553.998,6549.997,6550.998,0.0034
14.06.2019 10:01:00.000,6550.997,6550.998,6548.997,6549.998,0.0007
14.06.2019 10:02:00.000,6549.998,6550.998,6548.997,6549.998,0.0051
14.06.2019 10:03:00.000,6550.997,6550.998,6548.997,6549.997,0.0076
14.06.2019 10:04:00.000,6549.998,6549.998,6545.997,6546.998,0.0025
14.06.2019 10:05:00.000,6546.997,6548.998,6545.997,6545.998,0.0019
14.06.2019 10:06:00.000,6545.998,6545.998,6541.997,6541.997,0.0029
14.06.2019 10:07:00.000,6541.997,6543.998,6538.998,6538.998,0.0026
14.06.2019 10:08:00.000,6537.998,6538.998,6535.997,6537.998,0.0044
14.06.2019 10:09:00.000,6537.998,6537.998,6532.998,6534.998,0.0028
14.06.2019 10:10:00.000,6535.997,6538.998,6534.998,6538.998,0.0028
14.06.2019 10:11:00.000,6538.998,6538.998,6530.998,6530.998,0.0053
14.06.2019 10:12:00.000,6530.998,6537.998,6530.997,6533.998,0.003
14.06.2019 10:13:00.000,6533.998,6535.998,6530.997,6531.998,0.0028
14.06.2019 10:14:00.000,6531.997,6532.998,6529.997,6529.997,0.0016
14.06.2019 10:15:00.000,6529.998,6535.998,6528.997,6535.998,0.0033
14.06.2019 10:16:00.000,6535.997,6535.998,6531.997,6531.997,0.002
14.06.2019 10:17:00.000,6531.998,6532.998,6529.997,6532.997,0.0027
14.06.2019 10:18:00.000,6531.998,6532.998,6529.997,6531.998,0.0025
14.06.2019 10:19:00.000,6531.997,6534.998,6531.997,6531.998,0.0035
14.06.2019 10:20:00.000,6529.998,6534.998,6528.998,6534.998,0.004
14.06.2019 10:21:00.000,6533.998,6533.998,6530.997,6532.998,0.006
14.06.2019 10:22:00.000,6533.998,6533.998,6530.997,6532.998,0.0053
14.06.2019 10:23:00.000,6532.998,6532.998,6529.997,6529.998,0.0033
14.06.2019 10:24:00.000,6530.998,6530.998,6526.998,6530.998,0.0027
14.06.2019 10:25:00.000,6530.998,6530.998,6526.997,6528.998,0.0047
14.06.2019 10:26:00.000,6528.997,6530.998,6526.997,6529.998,0.0046
14.06.2019 10:27:00.000,6528.998,6528.998,6526.998,6526.998,0.001
14.06.2019 10:28:00.000,6527.998,6527.998,6524.997,6527.997,0.0046
14.06.2019 10:29:00.000,6527.998,6528.998,6526.997,6527.997,0.0033
14.06.2019 10:30:00.000,6527.998,6527.998,6521.997,6521.998,0.0058
14.06.2019 10:31:00.000,6522.997,6522.998,6520.997,6520.998,0.004
14.06.2019 10:32:00.000,6520.997,6522.998,6519.998,6522.998,0.0042
14.06.2019 10:33:00.000,6522.750,6522.750,6515.998,6515.998,0.0031
14.06.2019 10:34:00.000,6517.997,6520.998,6515.997,6520.998,0.0024
14.06.2019 10:35:00.000,6520.997,6521.998,6520.997,6521.997,0.0004
14.06.2019 10:36:00.000,6521.998,6521.998,6518.997,6520.997,0.001
14.06.2019 10:37:00.000,6521.997,6523.998,6519.998,6521.998,0.0036
14.06.2019 10:38:00.000,6521.997,6521.997,6517.998,6517.998,0.0006
14.06.2019 10:39:00.000,6518.997,6519.998,6517.997,6519.997,0.0023
14.06.2019 10:40:00.000,6517.997,6517.998,6511.997,6512.997,0.0026
14.06.2019 10:41:00.000,6513.997,6516.998,6513.997,6516.997,0.003
14.06.2019 10:42:00.000,6516.998,6516.998,6515.997,6515.998,0.0031
14.06.2019 10:43:00.000,6515.997,6516.998,6515.997,6516.998,0.0016
14.06.2019 10:44:00.000,6514.998,6516.998,6511.998,6513.998,0.0033
14.06.2019 10:45:00.000,6513.997,6515.998,6511.997,6513.997,0.0043
14.06.2019 10:46:00.000,6513.750,6513.750,6508.997,6508.997,0.0013
14.06.2019 10:47:00.000,6508.998,6509.998,6506.998,6507.997,0.0018
14.06.2019 10:48:00.000,6507.998,6507.998,6498.997,6502.998,0.0076
14.06.2019 10:49:00.000,6502.750,6508.998,6499.998,6505.997,0.007
14.06.2019 10:50:00.000,6507.998,6508.998,6503.998,6505.997,0.0028
14.06.2019 10:51:00.000,6505.998,6505.998,6503.998,6504.998,0.0007
14.06.2019 10:52:00.000,6504.998,6505.998,6500.997,6500.998,0.0034
14.06.2019 10:53:00.000,6502.998,6502.998,6497.997,6500.998,0.0025
14.06.2019 10:54:00.000,6500.997,6500.998,6496.997,6499.998,0.002
14.06.2019 10:55:00.000,6498.998,6501.998,6498.997,6499.998,0.0038
14.06.2019 10:56:00.000,6498.997,6509.998,6498.997,6509.998,0.0073
14.06.2019 10:57:00.000,6509.997,6511.998,6507.997,6510.998,0.0046
14.06.2019 10:58:00.000,6510.998,6517.998,6509.997,6511.998,0.0079
14.06.2019 10:59:00.000,6510.998,6510.998,6504.997,6505.998,0.0068
14.06.2019 11:00:00.000,6505.998,6505.998,6505.997,6505.998,0.0012
14.06.2019 11:02:00.000,6508.998,6510.998,6504.998,6505.997,0.004
14.06.2019 11:03:00.000,6504.998,6507.998,6503.997,6503.998,0.0035
14.06.2019 11:04:00.000,6504.997,6505.998,6503.998,6505.998,0.001
14.06.2019 11:05:00.000,6503.998,6503.998,6500.997,6500.998,0.0025
14.06.2019 11:06:00.000,6500.997,6502.998,6494.998,6497.997,0.0028
14.06.2019 11:07:00.000,6497.998,6500.998,6495.997,6497.998,0.0024
14.06.2019 11:08:00.000,6497.998,6501.998,6495.997,6501.998,0.0025
14.06.2019 11:09:00.000,6501.997,6503.998,6498.997,6503.998,0.0024
14.06.2019 11:10:00.000,6503.997,6503.997,6498.997,6501.998,0.0024
14.06.2019 11:11:00.000,6501.997,6501.997,6495.997,6496.997,0.0031
14.06.2019 11:12:00.000,6497.997,6499.998,6495.997,6495.997,0.0039
14.06.2019 11:13:00.000,6495.997,6495.997,6491.998,6491.998,0.0016
14.06.2019 11:14:00.000,6491.997,6493.998,6490.997,6490.998,0.0025
14.06.2019 11:15:00.000,6490.998,6490.998,6484.998,6487.997,0.0033
14.06.2019 11:16:00.000,6487.750,6487.750,6483.998,6484.998,0.0012
14.06.2019 11:17:00.000,6484.997,6484.997,6479.998,6480.998,0.0029
14.06.2019 11:18:00.000,6481.998,6483.998,6480.998,6483.998,0.0037
14.06.2019 11:19:00.000,6483.997,6483.998,6480.998,6481.998,0.0052
14.06.2019 11:20:00.000,6482.998,6486.998,6482.997,6486.997,0.003
14.06.2019 11:21:00.000,6487.998,6487.998,6475.998,6478.997,0.0046
14.06.2019 11:22:00.000,6479.998,6483.997,6475.998,6483.997,0.0033
14.06.2019 11:23:00.000,6482.998,6483.998,6479.997,6483.998,0.0029
14.06.2019 11:24:00.000,6483.998,6484.998,6481.997,6482.998,0.0013
14.06.2019 11:25:00.000,6482.997,6484.998,6482.997,6484.998,0.0034
14.06.2019 11:26:00.000,6484.998,6487.998,6484.998,6487.998,0.0017
14.06.2019 11:27:00.000,6487.998,6487.998,6485.997,6486.998,0.0043
14.06.2019 11:28:00.000,6487.997,6493.998,6477.998,6479.998,0.0067
14.06.2019 11:29:00.000,6479.997,6479.997,6475.997,6478.998,0.002
14.06.2019 11:30:00.000,6478.997,6479.998,6475.997,6475.998,0.0033
14.06.2019 11:31:00.000,6476.998,6478.998,6475.997,6476.998,0.0013
14.06.2019 11:32:00.000,6476.998,6478.998,6469.997,6473.998,0.005
14.06.2019 11:33:00.000,6474.998,6475.998,6466.997,6468.998,0.0033
14.06.2019 11:34:00.000,6468.997,6474.998,6468.997,6473.998,0.0025
14.06.2019 11:35:00.000,6473.997,6475.998,6471.997,6472.998,0.0041
14.06.2019 11:36:00.000,6472.998,6474.998,6469.998,6470.997,0.0033
14.06.2019 11:37:00.000,6470.998,6470.998,6468.997,6468.998,0.0007
14.06.2019 11:38:00.000,6468.997,6468.997,6462.998,6464.997,0.0016
14.06.2019 11:39:00.000,6465.998,6468.998,6465.998,6467.998,0.004
14.06.2019 11:40:00.000,6468.997,6468.998,6467.998,6467.998,0.0017
14.06.2019 11:41:00.000,6467.998,6467.998,6460.997,6461.997,0.0023
14.06.2019 11:42:00.000,6461.998,6466.998,6461.998,6465.998,0.0029
14.06.2019 11:43:00.000,6466.998,6467.998,6462.997,6462.998,0.0018
14.06.2019 11:44:00.000,6463.997,6463.998,6456.998,6456.998,0.0053
14.06.2019 11:45:00.000,6457.997,6458.998,6455.997,6458.997,0.0024
14.06.2019 11:46:00.000,6458.998,6458.998,6456.997,6456.998,0.0014
14.06.2019 11:47:00.000,6457.998,6459.998,6457.997,6459.997,0.0012
14.06.2019 11:48:00.000,6459.998,6459.998,6457.997,6459.998,0.0047
14.06.2019 11:49:00.000,6460.997,6460.998,6458.998,6460.998,0.0015
14.06.2019 11:50:00.000,6460.997,6460.998,6457.997,6458.998,0.0022
14.06.2019 11:51:00.000,6458.998,6458.998,6454.997,6455.997,0.0012
14.06.2019 11:52:00.000,6455.998,6458.998,6455.997,6457.998,0.0009
14.06.2019 11:53:00.000,6457.997,6460.998,6456.997,6460.998,0.0045
14.06.2019 11:54:00.000,6461.998,6463.998,6461.998,6462.998,0.0009
14.06.2019 11:55:00.000,6462.997,6470.998,6462.997,6468.997,0.0025
14.06.2019 11:56:00.000,6468.997,6469.998,6456.998,6456.998,0.0042
14.06.2019 11:57:00.000,6456.998,6456.998,6450.998,6452.998,0.0017
14.06.2019 11:58:00.000,6452.997,6454.998,6450.997,6454.998,0.0011
14.06.2019 11:59:00.000,6454.998,6459.998,6454.998,6459.998,0.001
14.06.2019 12:00:00.000,6456.998,6467.997,6456.998,6467.997,0.0049
14.06.2019 12:01:00.000,6468.998,6473.998,6468.998,6469.997,0.0022
14.06.2019 12:02:00.000,6468.998,6471.998,6466.997,6471.998,0.0026
14.06.2019 12:03:00.000,6470.998,6471.997,6469.997,6469.997,0.0035
14.06.2019 12:04:00.000,6469.997,6469.997,6465.997,6467.998,0.0042
14.06.2019 12:05:00.000,6467.998,6467.998,6466.997,6466.998,0.0053
14.06.2019 12:06:00.000,6466.997,6467.998,6466.997,6467.998,0.0023
14.06.2019 12:07:00.000,6467.998,6469.997,6464.998,6465.997,0.003
14.06.2019 12:08:00.000,6465.998,6465.998,6465.997,6465.997,0.0044
14.06.2019 12:09:00.000,6465.998,6467.998,6464.998,6464.998,0.004
14.06.2019 12:10:00.000,6465.997,6466.998,6464.998,6466.997,0.0026
14.06.2019 12:11:00.000,6466.998,6467.998,6464.997,6464.998,0.002
14.06.2019 12:12:00.000,6463.998,6463.998,6463.998,6463.998,0.0001
14.06.2019 12:13:00.000,6463.998,6463.998,6459.997,6459.997,0.0008
14.06.2019 12:14:00.000,6459.998,6459.998,6459.997,6459.997,0.0008
14.06.2019 12:15:00.000,6459.997,6460.998,6458.997,6460.998,0.0014
14.06.2019 12:16:00.000,6460.998,6463.998,6459.997,6459.998,0.005
14.06.2019 12:17:00.000,6460.997,6461.998,6460.997,6461.998,0.0016
14.06.2019 12:18:00.000,6461.997,6461.997,6461.997,6461.997,0.0012
14.06.2019 12:19:00.000,6461.998,6462.998,6461.997,6461.998,0.0011
14.06.2019 12:20:00.000,6461.997,6464.998,6460.998,6460.998,0.0056
14.06.2019 12:21:00.000,6460.998,6462.998,6460.998,6461.997,0.0027
14.06.2019 12:22:00.000,6461.998,6462.998,6461.998,6462.998,0.0012
14.06.2019 12:23:00.000,6462.998,6464.998,6461.997,6464.998,0.0022
14.06.2019 12:24:00.000,6465.997,6465.998,6465.997,6465.998,0.0008
14.06.2019 12:25:00.000,6468.998,6471.998,6468.998,6470.997,0.0012
14.06.2019 12:26:00.000,6470.998,6470.998,6469.997,6469.998,0.0035
14.06.2019 12:27:00.000,6469.997,6469.998,6465.998,6465.998,0.0034
14.06.2019 12:28:00.000,6465.997,6465.997,6462.998,6464.997,0.0011
14.06.2019 12:29:00.000,6463.997,6464.998,6461.997,6463.998,0.0011
14.06.2019 12:30:00.000,6464.998,6469.998,6463.998,6469.998,0.0057
14.06.2019 12:31:00.000,6470.997,6473.998,6470.997,6471.998,0.0071
14.06.2019 12:32:00.000,6472.997,6478.998,6472.997,6475.997,0.0064
14.06.2019 12:33:00.000,6476.997,6476.997,6474.997,6474.998,0.0011
14.06.2019 12:34:00.000,6474.998,6474.998,6466.998,6468.997,0.0053
14.06.2019 12:35:00.000,6468.998,6473.998,6468.998,6472.998,0.0084
14.06.2019 12:36:00.000,6472.998,6472.998,6470.997,6471.998,0.0034
14.06.2019 12:37:00.000,6472.997,6474.998,6471.997,6472.998,0.0035
14.06.2019 12:38:00.000,6472.997,6475.998,6471.997,6471.997,0.0032
14.06.2019 12:39:00.000,6471.998,6473.997,6471.997,6472.997,0.0034
14.06.2019 12:40:00.000,6472.998,6472.998,6465.997,6465.998,0.001
14.06.2019 12:41:00.000,6465.997,6465.998,6463.997,6464.998,0.0034
14.06.2019 12:42:00.000,6464.997,6466.998,6464.997,6466.998,0.0038
14.06.2019 12:43:00.000,6466.998,6466.998,6463.997,6463.998,0.0047
14.06.2019 12:44:00.000,6463.997,6465.998,6462.997,6465.998,0.0016
14.06.2019 12:45:00.000,6464.998,6464.998,6459.998,6460.998,0.0022
14.06.2019 12:46:00.000,6460.997,6463.998,6459.998,6463.998,0.0032
14.06.2019 12:47:00.000,6463.997,6464.998,6463.997,6464.998,0.003
14.06.2019 12:48:00.000,6464.998,6464.998,6462.997,6463.998,0.0032
14.06.2019 12:49:00.000,6463.998,6463.998,6462.997,6463.997,0.0014
14.06.2019 12:50:00.000,6463.998,6465.998,6462.997,6462.997,0.0032
14.06.2019 12:51:00.000,6462.997,6462.997,6460.998,6460.998,0.0011
14.06.2019 12:52:00.000,6460.998,6465.998,6458.997,6465.997,0.0032
14.06.2019 12:53:00.000,6465.998,6471.998,6465.998,6471.997,0.0028
14.06.2019 12:54:00.000,6471.997,6471.997,6467.997,6469.998,0.0017
14.06.2019 12:55:00.000,6469.997,6470.998,6468.997,6469.998,0.0049
14.06.2019 12:56:00.000,6469.997,6469.998,6467.997,6467.998,0.0011
14.06.2019 12:57:00.000,6467.997,6469.998,6467.997,6468.997,0.0035
14.06.2019 12:58:00.000,6468.998,6468.998,6465.997,6465.998,0.0002
14.06.2019 12:59:00.000,6464.997,6467.998,6464.997,6465.998,0.0031
14.06.2019 13:00:00.000,6465.997,6466.998,6464.997,6464.997,0.0112
14.06.2019 13:01:00.000,6464.998,6464.998,6460.997,6461.998,0.005
14.06.2019 13:02:00.000,6462.998,6465.998,6461.997,6465.998,0.0069
14.06.2019 13:03:00.000,6465.998,6466.998,6462.997,6462.997,0.002
14.06.2019 13:04:00.000,6462.998,6464.998,6462.997,6463.997,0.0014
14.06.2019 13:05:00.000,6463.997,6463.997,6460.997,6460.997,0.0057
14.06.2019 13:06:00.000,6460.998,6460.998,6458.997,6458.998,0.0033
14.06.2019 13:07:00.000,6459.997,6459.998,6458.997,6458.998,0.0037
14.06.2019 13:08:00.000,6458.997,6459.998,6457.998,6457.998,0.005
14.06.2019 13:09:00.000,6457.998,6457.998,6453.997,6454.998,0.0029
14.06.2019 13:10:00.000,6455.997,6455.998,6455.997,6455.998,0.0001
14.06.2019 13:11:00.000,6455.998,6455.998,6453.997,6454.998,0.0012
14.06.2019 13:12:00.000,6455.998,6458.997,6455.997,6458.997,0.0076
14.06.2019 13:13:00.000,6458.998,6461.998,6458.998,6461.998,0.0017
14.06.2019 13:14:00.000,6461.997,6463.998,6461.997,6463.997,0.0056
14.06.2019 13:15:00.000,6465.997,6465.998,6459.997,6463.998,0.0031
14.06.2019 13:16:00.000,6463.998,6466.998,6463.998,6465.998,0.0046
14.06.2019 13:17:00.000,6465.997,6465.998,6464.997,6464.997,0.0016
14.06.2019 13:18:00.000,6464.998,6464.998,6462.997,6462.997,0.0009
14.06.2019 13:19:00.000,6462.998,6466.998,6461.997,6465.997,0.0046
14.06.2019 13:20:00.000,6465.998,6465.998,6463.997,6464.998,0.0043
14.06.2019 13:21:00.000,6465.998,6468.998,6465.997,6468.998,0.0043
14.06.2019 13:22:00.000,6468.998,6470.998,6468.997,6470.997,0.004
14.06.2019 13:23:00.000,6470.998,6471.997,6468.997,6468.998,0.0027
14.06.2019 13:24:00.000,6468.997,6469.998,6467.997,6469.997,0.002
14.06.2019 13:25:00.000,6470.998,6471.998,6469.998,6471.997,0.0026
14.06.2019 13:26:00.000,6472.998,6476.998,6472.998,6475.998,0.0037
14.06.2019 13:27:00.000,6475.998,6475.998,6472.997,6475.997,0.0048
14.06.2019 13:28:00.000,6475.998,6477.998,6474.998,6477.998,0.0021
14.06.2019 13:29:00.000,6476.998,6477.998,6473.997,6474.998,0.0055
14.06.2019 13:30:00.000,6474.997,6474.997,6464.997,6464.998,0.0099
14.06.2019 13:31:00.000,6465.997,6470.998,6465.997,6467.998,0.011
14.06.2019 13:32:00.000,6468.998,6468.998,6466.997,6467.998,0.0049
14.06.2019 13:33:00.000,6468.997,6470.998,6466.998,6466.998,0.0098
14.06.2019 13:34:00.000,6466.998,6466.998,6463.997,6463.998,0.0044
14.06.2019 13:35:00.000,6464.998,6467.998,6464.997,6467.998,0.0082
14.06.2019 13:36:00.000,6467.997,6467.997,6465.997,6465.997,0.0012
14.06.2019 13:37:00.000,6465.998,6468.998,6465.997,6468.998,0.0047
14.06.2019 13:38:00.000,6467.998,6467.998,6464.997,6464.998,0.0056
14.06.2019 13:39:00.000,6465.997,6465.998,6463.997,6464.998,0.0098
14.06.2019 13:40:00.000,6464.997,6465.998,6456.998,6457.998,0.0042
14.06.2019 13:41:00.000,6457.997,6460.998,6457.997,6459.997,0.006
14.06.2019 13:42:00.000,6459.998,6459.998,6456.997,6456.997,0.0031
14.06.2019 13:43:00.000,6456.998,6456.998,6450.997,6452.997,0.0047
14.06.2019 13:44:00.000,6452.998,6452.998,6446.997,6447.998,0.011
14.06.2019 13:45:00.000,6446.998,6451.998,6446.998,6450.998,0.0094
14.06.2019 13:46:00.000,6451.998,6452.998,6449.997,6451.998,0.0048
14.06.2019 13:47:00.000,6450.998,6456.998,6450.997,6456.997,0.0079
14.06.2019 13:48:00.000,6456.998,6458.998,6456.998,6457.998,0.0058
14.06.2019 13:49:00.000,6457.997,6457.997,6452.997,6452.997,0.006
14.06.2019 13:50:00.000,6452.998,6456.998,6452.997,6455.998,0.0108
14.06.2019 13:51:00.000,6455.997,6458.997,6455.997,6458.997,0.0024
14.06.2019 13:52:00.000,6458.998,6458.998,6454.997,6455.998,0.0057
14.06.2019 13:53:00.000,6455.997,6455.998,6449.998,6450.998,0.0053
14.06.2019 13:54:00.000,6450.997,6450.998,6444.997,6445.997,0.0075
14.06.2019 13:55:00.000,6445.998,6448.998,6445.998,6448.998,0.0083
14.06.2019 13:56:00.000,6448.997,6450.998,6443.998,6448.998,0.0108
14.06.2019 13:57:00.000,6448.997,6452.998,6446.998,6446.998,0.0094
14.06.2019 13:58:00.000,6446.998,6453.998,6446.998,6451.997,0.0062
14.06.2019 13:59:00.000,6449.997,6449.998,6438.998,6438.998,0.006
14.06.2019 14:00:00.000,6438.997,6450.998,6438.997,6450.998,0.0107
14.06.2019 14:01:00.000,6450.997,6457.998,6450.997,6457.998,0.006
14.06.2019 14:02:00.000,6457.997,6457.998,6455.997,6456.998,0.0031
14.06.2019 14:03:00.000,6455.998,6457.998,6454.997,6454.998,0.0116
14.06.2019 14:04:00.000,6455.998,6457.998,6452.998,6457.998,0.0043
14.06.2019 14:05:00.000,6458.998,6459.998,6457.997,6458.998,0.0027
14.06.2019 14:06:00.000,6458.997,6459.998,6457.998,6459.998,0.0051
14.06.2019 14:07:00.000,6460.998,6463.998,6460.997,6463.998,0.0054
14.06.2019 14:08:00.000,6463.997,6465.997,6461.997,6464.998,0.0077
14.06.2019 14:09:00.000,6464.998,6466.998,6463.997,6466.997,0.0044
14.06.2019 14:10:00.000,6466.998,6467.998,6466.997,6467.998,0.0123
14.06.2019 14:11:00.000,6468.998,6471.998,6467.998,6471.997,0.0081
14.06.2019 14:12:00.000,6471.998,6471.998,6467.997,6468.998,0.0045
14.06.2019 14:13:00.000,6468.997,6468.997,6464.997,6464.998,0.0049
14.06.2019 14:14:00.000,6465.997,6467.998,6463.997,6466.997,0.0071
14.06.2019 14:15:00.000,6466.998,6466.998,6464.997,6464.998,0.0046
14.06.2019 14:16:00.000,6464.998,6467.998,6464.998,6466.998,0.0108
14.06.2019 14:17:00.000,6466.998,6466.998,6463.997,6466.998,0.0044
14.06.2019 14:18:00.000,6466.997,6467.998,6462.998,6464.998,0.0056
14.06.2019 14:19:00.000,6464.998,6467.998,6463.997,6464.997,0.0099
14.06.2019 14:20:00.000,6464.998,6467.998,6464.997,6466.997,0.0072
14.06.2019 14:21:00.000,6466.998,6466.998,6466.997,6466.997,0.006
14.06.2019 14:22:00.000,6466.998,6467.998,6463.998,6465.998,0.0087
14.06.2019 14:23:00.000,6466.997,6466.998,6466.997,6466.997,0.0062
14.06.2019 14:24:00.000,6467.998,6467.998,6463.997,6463.998,0.0068
14.06.2019 14:25:00.000,6463.997,6464.998,6462.997,6463.997,0.0061
14.06.2019 14:26:00.000,6463.998,6463.998,6460.997,6460.998,0.0043
14.06.2019 14:27:00.000,6461.998,6461.998,6458.997,6459.998,0.0105
14.06.2019 14:28:00.000,6458.998,6459.998,6457.997,6458.997,0.0065
14.06.2019 14:29:00.000,6458.998,6458.998,6455.998,6457.998,0.0074
14.06.2019 14:30:00.000,6458.998,6460.998,6458.998,6459.997,0.0048
14.06.2019 14:31:00.000,6459.998,6461.998,6456.998,6458.998,0.0061
14.06.2019 14:32:00.000,6458.997,6461.998,6458.997,6461.998,0.0038
14.06.2019 14:33:00.000,6461.997,6461.998,6456.997,6457.998,0.0053
14.06.2019 14:34:00.000,6457.997,6457.997,6453.997,6453.997,0.0042
14.06.2019 14:35:00.000,6453.997,6453.997,6447.997,6449.998,0.0081
14.06.2019 14:36:00.000,6449.997,6457.998,6449.997,6457.998,0.0086
14.06.2019 14:37:00.000,6457.997,6460.998,6456.997,6460.998,0.0126
14.06.2019 14:38:00.000,6461.998,6469.998,6461.997,6469.997,0.0087
14.06.2019 14:39:00.000,6469.997,6469.998,6466.997,6469.998,0.0042
14.06.2019 14:40:00.000,6469.997,6471.998,6467.997,6470.998,0.0092
14.06.2019 14:41:00.000,6471.998,6473.998,6469.997,6472.998,0.0053
14.06.2019 14:42:00.000,6473.997,6473.998,6468.997,6470.997,0.0082
14.06.2019 14:43:00.000,6470.998,6472.998,6470.997,6472.997,0.006
14.06.2019 14:44:00.000,6472.998,6473.998,6469.997,6471.998,0.0115
14.06.2019 14:45:00.000,6472.997,6479.998,6472.997,6479.998,0.0102
14.06.2019 14:46:00.000,6479.997,6480.998,6479.997,6479.997,0.0088
14.06.2019 14:47:00.000,6479.998,6480.998,6479.997,6480.997,0.012
14.06.2019 14:48:00.000,6480.998,6483.998,6480.998,6482.998,0.0064
14.06.2019 14:49:00.000,6483.998,6484.998,6481.997,6484.998,0.0101
14.06.2019 14:50:00.000,6485.997,6488.998,6485.997,6485.997,0.0056
14.06.2019 14:51:00.000,6485.998,6487.998,6485.997,6487.998,0.0044
14.06.2019 14:52:00.000,6487.997,6487.998,6487.997,6487.998,0.0036
14.06.2019 14:53:00.000,6487.997,6488.998,6485.998,6487.997,0.0113
14.06.2019 14:54:00.000,6486.997,6486.998,6484.997,6485.997,0.015
14.06.2019 14:55:00.000,6485.998,6485.998,6481.997,6482.997,0.0054
14.06.2019 14:56:00.000,6483.998,6485.998,6483.997,6485.998,0.0091
14.06.2019 14:57:00.000,6486.998,6486.998,6481.997,6484.997,0.0103
14.06.2019 14:58:00.000,6484.998,6490.998,6484.997,6490.997,0.0163
14.06.2019 14:59:00.000,6490.998,6497.998,6490.998,6497.998,0.0168
14.06.2019 15:00:00.000,6497.997,6499.998,6497.997,6499.998,0.0107
14.06.2019 15:01:00.000,6499.997,6499.998,6493.997,6497.998,0.0069
14.06.2019 15:02:00.000,6497.997,6499.998,6497.997,6497.998,0.0067
14.06.2019 15:03:00.000,6498.998,6499.998,6496.997,6496.998,0.0137
14.06.2019 15:04:00.000,6496.997,6498.998,6496.997,6498.998,0.012
14.06.2019 15:05:00.000,6498.997,6501.998,6498.997,6499.998,0.0112
14.06.2019 15:06:00.000,6500.998,6501.998,6500.998,6501.998,0.0039
14.06.2019 15:07:00.000,6501.998,6501.998,6501.997,6501.998,0.0019
14.06.2019 15:08:00.000,6501.997,6501.998,6501.997,6501.998,0.0039
14.06.2019 15:09:00.000,6501.997,6502.998,6501.997,6501.997,0.0046
14.06.2019 15:10:00.000,6501.998,6504.998,6501.997,6504.998,0.0045
14.06.2019 15:11:00.000,6503.997,6506.998,6503.997,6506.997,0.0106
14.06.2019 15:12:00.000,6506.998,6508.998,6505.997,6508.998,0.0103
14.06.2019 15:13:00.000,6507.998,6507.998,6507.997,6507.998,0.0023
14.06.2019 15:14:00.000,6507.997,6511.998,6507.997,6510.998,0.0068
14.06.2019 15:15:00.000,6510.997,6510.998,6507.997,6509.998,0.0042
14.06.2019 15:16:00.000,6509.998,6511.998,6509.997,6511.997,0.0069
14.06.2019 15:17:00.000,6511.998,6511.998,6507.997,6508.998,0.0067
14.06.2019 15:18:00.000,6508.998,6513.998,6508.997,6510.998,0.009
14.06.2019 15:19:00.000,6511.998,6511.998,6508.997,6509.998,0.0096
14.06.2019 15:20:00.000,6509.997,6511.998,6508.998,6511.998,0.009
14.06.2019 15:21:00.000,6511.997,6515.998,6511.997,6515.998,0.007
14.06.2019 15:22:00.000,6515.997,6515.998,6514.997,6515.998,0.0121
14.06.2019 15:23:00.000,6515.997,6515.998,6513.997,6513.997,0.0058
14.06.2019 15:24:00.000,6513.998,6516.998,6513.997,6516.998,0.0111
14.06.2019 15:25:00.000,6516.997,6518.998,6515.997,6516.998,0.0117
14.06.2019 15:26:00.000,6516.998,6518.998,6516.997,6517.998,0.0075
14.06.2019 15:27:00.000,6517.998,6519.998,6517.997,6517.998,0.0105
14.06.2019 15:28:00.000,6517.997,6518.998,6514.997,6518.998,0.0063
14.06.2019 15:29:00.000,6518.997,6520.997,6514.998,6514.998,0.0079
17.06.2019 07:00:00.000,6528.998,6537.998,6528.997,6537.998,0.0002
17.06.2019 07:01:00.000,6538.997,6539.997,6528.997,6529.998,0.0016
17.06.2019 07:02:00.000,6529.998,6530.998,6528.997,6530.998,0.0009
17.06.2019 07:03:00.000,6529.997,6535.997,6529.997,6534.997,0.0015
17.06.2019 07:04:00.000,6535.998,6535.998,6530.997,6531.997,0.0005
17.06.2019 07:05:00.000,6533.998,6534.998,6522.997,6529.998,0.006
17.06.2019 07:06:00.000,6528.997,6528.998,6521.998,6524.998,0.0009
17.06.2019 07:07:00.000,6525.998,6533.998,6523.998,6531.997,0.005
17.06.2019 07:08:00.000,6531.998,6532.998,6524.998,6524.998,0.0033
17.06.2019 07:09:00.000,6524.997,6525.998,6516.997,6518.998,0.0053
17.06.2019 07:10:00.000,6518.998,6518.998,6514.998,6518.998,0.0033
17.06.2019 07:11:00.000,6518.750,6519.998,6514.998,6517.998,0.0028
17.06.2019 07:12:00.000,6516.998,6516.998,6512.997,6512.997,0.0022
17.06.2019 07:13:00.000,6512.997,6519.997,6512.997,6514.997,0.0038
17.06.2019 07:14:00.000,6514.997,6525.998,6514.997,6523.998,0.009
17.06.2019 07:15:00.000,6525.998,6525.998,6519.998,6523.998,0.0044
17.06.2019 07:16:00.000,6523.997,6523.998,6519.997,6519.998,0.0035
17.06.2019 07:17:00.000,6519.997,6519.997,6512.998,6515.998,0.0042
17.06.2019 07:18:00.000,6515.997,6519.998,6514.997,6517.997,0.0044
17.06.2019 07:19:00.000,6517.998,6517.998,6513.997,6516.998,0.0043
17.06.2019 07:20:00.000,6516.997,6520.998,6513.998,6520.998,0.0034
17.06.2019 07:21:00.000,6520.997,6520.998,6516.997,6516.998,0.002
17.06.2019 07:22:00.000,6518.997,6520.998,6515.997,6515.997,0.0037
17.06.2019 07:23:00.000,6515.998,6516.998,6511.997,6515.998,0.004
17.06.2019 07:24:00.000,6515.997,6517.998,6512.997,6517.998,0.0022
17.06.2019 07:25:00.000,6517.997,6517.998,6515.997,6515.997,0.0008
17.06.2019 07:26:00.000,6515.998,6519.998,6515.997,6516.998,0.0025
17.06.2019 07:27:00.000,6517.998,6521.998,6517.998,6521.998,0.0032
17.06.2019 07:28:00.000,6521.998,6521.998,6517.998,6520.998,0.0015
17.06.2019 07:29:00.000,6521.997,6523.997,6519.997,6520.998,0.0012
17.06.2019 07:30:00.000,6520.997,6522.998,6519.998,6520.997,0.0027
17.06.2019 07:31:00.000,6520.998,6524.997,6520.997,6523.997,0.0025
17.06.2019 07:32:00.000,6524.997,6526.998,6522.997,6522.997,0.0048
17.06.2019 07:33:00.000,6522.998,6524.998,6522.998,6523.998,0.0005
17.06.2019 07:34:00.000,6524.997,6529.998,6523.998,6526.997,0.0028
17.06.2019 07:35:00.000,6526.998,6529.998,6526.997,6528.998,0.003
17.06.2019 07:36:00.000,6528.997,6539.998,6528.997,6537.997,0.0047
17.06.2019 07:37:00.000,6538.998,6539.998,6537.998,6539.998,0.0011
17.06.2019 07:38:00.000,6540.998,6540.998,6537.997,6539.998,0.0009
17.06.2019 07:39:00.000,6540.998,6555.998,6540.998,6551.998,0.0041
17.06.2019 07:40:00.000,6551.997,6554.998,6547.998,6554.998,0.0042
17.06.2019 07:41:00.000,6555.998,6555.998,6549.997,6549.997,0.0027
17.06.2019 07:42:00.000,6549.998,6551.998,6546.997,6547.998,0.0021
17.06.2019 07:43:00.000,6547.998,6547.998,6540.997,6542.998,0.0065
17.06.2019 07:44:00.000,6545.997,6550.997,6543.998,6549.998,0.0025
17.06.2019 07:45:00.000,6549.997,6549.997,6541.997,6542.998,0.0051
17.06.2019 07:46:00.000,6544.997,6546.998,6543.997,6546.998,0.0016
17.06.2019 07:47:00.000,6545.998,6545.998,6541.997,6541.998,0.0046
17.06.2019 07:48:00.000,6541.997,6542.998,6541.997,6542.998,0.0003
17.06.2019 07:49:00.000,6542.997,6542.998,6537.997,6537.997,0.0027
17.06.2019 07:50:00.000,6538.998,6543.998,6538.997,6543.998,0.0031
17.06.2019 07:51:00.000,6543.997,6550.998,6539.998,6550.998,0.005
17.06.2019 07:52:00.000,6551.998,6551.998,6542.997,6544.997,0.0031
17.06.2019 07:53:00.000,6546.997,6546.997,6541.997,6541.997,0.0027
17.06.2019 07:54:00.000,6541.997,6543.998,6540.997,6543.998,0.0032
17.06.2019 07:55:00.000,6543.998,6543.998,6536.998,6538.997,0.003
17.06.2019 07:56:00.000,6538.998,6541.998,6538.997,6540.997,0.0015
17.06.2019 07:57:00.000,6539.998,6540.998,6533.997,6533.998,0.007
17.06.2019 07:58:00.000,6533.998,6537.998,6533.998,6537.997,0.0023
17.06.2019 07:59:00.000,6538.998,6538.998,6534.997,6534.998,0.0012
17.06.2019 08:00:00.000,6534.997,6537.998,6534.997,6537.998,0.0039
17.06.2019 08:01:00.000,6537.997,6537.998,6534.997,6535.997,0.0029
17.06.2019 08:02:00.000,6536.998,6536.998,6533.997,6535.997,0.0027
17.06.2019 08:03:00.000,6535.998,6535.998,6530.997,6532.998,0.0018
17.06.2019 08:04:00.000,6532.997,6536.998,6530.997,6535.998,0.0046
17.06.2019 08:05:00.000,6536.998,6536.998,6535.997,6535.997,0.0023
17.06.2019 08:06:00.000,6535.998,6541.998,6535.998,6541.998,0.0021
17.06.2019 08:07:00.000,6541.998,6541.998,6537.997,6538.998,0.0031
17.06.2019 08:08:00.000,6538.997,6538.998,6538.997,6538.998,0.0002
17.06.2019 08:09:00.000,6538.998,6539.998,6538.997,6538.998,0.0006
17.06.2019 08:10:00.000,6538.997,6543.998,6538.997,6542.998,0.002
17.06.2019 08:11:00.000,6542.997,6543.997,6540.997,6540.998,0.0034
17.06.2019 08:12:00.000,6540.998,6543.998,6540.998,6542.998,0.0015
17.06.2019 08:13:00.000,6543.998,6543.998,6538.997,6538.998,0.0051
17.06.2019 08:14:00.000,6538.998,6543.998,6538.997,6543.998,0.0042
17.06.2019 08:15:00.000,6544.997,6548.998,6544.997,6547.998,0.0055
17.06.2019 08:16:00.000,6547.998,6551.998,6545.997,6545.997,0.0033
17.06.2019 08:17:00.000,6545.998,6548.998,6545.997,6548.998,0.0029
17.06.2019 08:18:00.000,6549.998,6552.998,6543.998,6543.998,0.0033
17.06.2019 08:19:00.000,6544.997,6546.998,6543.998,6545.997,0.0023
17.06.2019 08:20:00.000,6545.998,6550.998,6545.997,6549.998,0.0037
17.06.2019 08:21:00.000,6549.997,6550.998,6548.997,6548.998,0.0026
17.06.2019 08:22:00.000,6548.998,6549.998,6547.997,6548.998,0.0013
17.06.2019 08:23:00.000,6548.997,6548.998,6547.997,6547.998,0.0029
17.06.2019 08:24:00.000,6548.998,6553.998,6548.998,6553.998,0.0043
17.06.2019 08:25:00.000,6556.997,6561.998,6556.997,6561.998,0.006
17.06.2019 08:26:00.000,6561.997,6568.997,6561.997,6568.997,0.003
17.06.2019 08:27:00.000,6568.998,6569.998,6564.997,6566.998,0.0039
17.06.2019 08:28:00.000,6569.500,6569.998,6564.997,6569.998,0.0051
17.06.2019 08:29:00.000,6570.998,6572.998,6570.997,6572.998,0.0009
17.06.2019 08:30:00.000,6572.997,6576.998,6569.998,6573.998,0.0062
17.06.2019 08:31:00.000,6573.997,6573.998,6570.998,6572.998,0.0023
17.06.2019 08:32:00.000,6574.997,6575.998,6572.997,6575.998,0.0036
17.06.2019 08:33:00.000,6575.997,6575.998,6571.998,6573.998,0.004
17.06.2019 08:34:00.000,6573.998,6573.998,6568.997,6570.998,0.0043
17.06.2019 08:35:00.000,6570.997,6571.998,6568.997,6569.998,0.0055
17.06.2019 08:36:00.000,6569.998,6571.998,6569.997,6571.998,0.0021
17.06.2019 08:37:00.000,6570.998,6570.998,6558.997,6558.998,0.0082
17.06.2019 08:38:00.000,6559.998,6563.998,6559.997,6563.997,0.0045
17.06.2019 08:39:00.000,6563.998,6570.998,6563.997,6570.998,0.0058
17.06.2019 08:40:00.000,6570.997,6572.998,6569.997,6572.997,0.0058
17.06.2019 08:41:00.000,6573.998,6577.998,6573.997,6577.998,0.0033
17.06.2019 08:42:00.000,6577.998,6577.998,6575.998,6577.998,0.0003
17.06.2019 08:43:00.000,6577.998,6577.998,6570.998,6572.998,0.002
17.06.2019 08:44:00.000,6572.998,6573.998,6572.997,6572.998,0.0027
17.06.2019 08:45:00.000,6574.998,6574.998,6570.997,6573.998,0.0041
17.06.2019 08:46:00.000,6573.997,6574.998,6573.997,6573.998,0.0035
17.06.2019 08:47:00.000,6573.997,6578.998,6572.997,6578.998,0.0027
17.06.2019 08:48:00.000,6578.998,6582.998,6578.997,6579.998,0.0103
17.06.2019 08:49:00.000,6579.997,6579.998,6578.997,6578.998,0.0025
17.06.2019 08:50:00.000,6579.998,6579.998,6572.998,6573.998,0.0011
17.06.2019 08:51:00.000,6573.997,6575.998,6572.998,6572.998,0.0028
17.06.2019 08:52:00.000,6572.998,6573.998,6570.997,6573.998,0.0035
17.06.2019 08:53:00.000,6574.997,6575.998,6573.998,6575.997,0.0005
17.06.2019 08:54:00.000,6575.998,6580.997,6575.997,6579.998,0.0014
17.06.2019 08:55:00.000,6579.997,6580.998,6576.998,6580.998,0.0007
17.06.2019 08:56:00.000,6578.997,6583.998,6578.997,6580.998,0.0018
17.06.2019 08:57:00.000,6581.998,6581.998,6579.997,6579.997,0.0014
17.06.2019 08:58:00.000,6579.998,6581.998,6579.997,6580.998,0.0007
17.06.2019 08:59:00.000,6580.997,6580.998,6576.998,6576.998,0.0042
17.06.2019 09:00:00.000,6576.997,6577.998,6572.998,6574.998,0.0033
17.06.2019 09:01:00.000,6574.998,6575.998,6570.997,6570.997,0.0019
17.06.2019 09:02:00.000,6570.997,6574.997,6570.997,6572.998,0.0021
17.06.2019 09:03:00.000,6572.997,6576.998,6572.997,6575.998,0.0042
17.06.2019 09:04:00.000,6576.997,6577.998,6576.997,6577.997,0.002
17.06.2019 09:05:00.000,6577.998,6579.998,6577.997,6578.998,0.0025
17.06.2019 09:06:00.000,6578.998,6579.998,6576.997,6577.997,0.0017
17.06.2019 09:07:00.000,6577.997,6577.998,6577.997,6577.998,0.0003
17.06.2019 09:08:00.000,6578.998,6579.998,6576.997,6578.997,0.0024
17.06.2019 09:09:00.000,6576.998,6580.998,6576.998,6580.998,0.0006
17.06.2019 09:10:00.000,6580.998,6587.998,6580.998,6587.998,0.0034
17.06.2019 09:11:00.000,6586.998,6587.998,6586.997,6586.998,0.0021
17.06.2019 09:12:00.000,6586.997,6588.998,6586.997,6586.997,0.0026
17.06.2019 09:13:00.000,6586.998,6586.998,6581.997,6581.997,0.0014
17.06.2019 09:14:00.000,6582.998,6585.998,6581.998,6583.998,0.0031
17.06.2019 09:15:00.000,6583.997,6584.998,6583.997,6584.998,0.0007
17.06.2019 09:16:00.000,6583.998,6583.998,6581.997,6581.998,0.0007
17.06.2019 09:17:00.000,6583.997,6586.998,6583.997,6585.997,0.0015
17.06.2019 09:18:00.000,6585.997,6586.998,6585.997,6585.998,0.0004
17.06.2019 09:19:00.000,6586.998,6586.998,6582.997,6582.998,0.0025
17.06.2019 09:20:00.000,6581.998,6583.997,6581.998,6583.997,0.001
17.06.2019 09:21:00.000,6583.998,6583.998,6579.998,6580.997,0.0037
17.06.2019 09:22:00.000,6580.998,6581.998,6573.998,6573.998,0.0039
17.06.2019 09:23:00.000,6573.997,6574.998,6571.997,6571.997,0.0019
17.06.2019 09:24:00.000,6571.998,6571.998,6568.998,6570.998,0.0027
17.06.2019 09:25:00.000,6571.998,6573.998,6571.997,6571.997,0.0023
17.06.2019 09:26:00.000,6571.998,6573.998,6571.997,6573.997,0.0027
17.06.2019 09:27:00.000,6574.997,6576.998,6574.997,6576.998,0.0023
17.06.2019 09:28:00.000,6576.997,6579.998,6576.997,6576.998,0.001
17.06.2019 09:29:00.000,6576.998,6576.998,6574.997,6575.998,0.0014
17.06.2019 09:30:00.000,6576.998,6576.998,6575.997,6576.998,0.0012
17.06.2019 09:31:00.000,6578.998,6579.998,6578.997,6578.998,0.0016
17.06.2019 09:32:00.000,6578.997,6578.997,6576.997,6576.997,0.0012
17.06.2019 09:33:00.000,6578.998,6578.998,6575.997,6576.998,0.0027
17.06.2019 09:34:00.000,6577.997,6577.998,6576.997,6577.998,0.0017
17.06.2019 09:35:00.000,6577.997,6577.997,6571.997,6572.997,0.004
17.06.2019 09:36:00.000,6574.998,6574.998,6572.998,6573.998,0.0018
17.06.2019 09:37:00.000,6573.997,6573.998,6573.997,6573.998,0.0025
17.06.2019 09:38:00.000,6574.998,6574.998,6571.997,6572.998,0.0021
17.06.2019 09:39:00.000,6572.997,6572.998,6571.997,6571.998,0.0007
17.06.2019 09:40:00.000,6571.997,6571.997,6567.997,6570.998,0.002
17.06.2019 09:41:00.000,6571.997,6571.998,6570.997,6571.998,0.0009
17.06.2019 09:42:00.000,6571.997,6572.998,6569.997,6570.998,0.0006
17.06.2019 09:43:00.000,6570.997,6570.997,6563.997,6564.997,0.0037
17.06.2019 09:44:00.000,6565.998,6565.998,6563.997,6564.997,0.0024
17.06.2019 09:45:00.000,6564.998,6564.998,6563.997,6563.998,0.005
17.06.2019 09:46:00.000,6563.998,6563.998,6556.997,6556.998,0.0019
17.06.2019 09:47:00.000,6556.997,6558.997,6554.998,6554.998,0.0031
17.06.2019 09:48:00.000,6555.997,6555.997,6550.997,6552.998,0.0021
17.06.2019 09:49:00.000,6554.998,6557.998,6554.997,6556.998,0.0019
17.06.2019 09:50:00.000,6556.998,6557.998,6556.997,6557.998,0.0027
17.06.2019 09:51:00.000,6557.997,6557.998,6555.998,6557.998,0.0018
17.06.2019 09:52:00.000,6557.998,6557.998,6553.997,6553.997,0.0013
17.06.2019 09:53:00.000,6553.998,6554.997,6550.997,6552.998,0.0014
17.06.2019 09:57:00.000,6552.997,6553.998,6552.997,6553.998,0.0014
17.06.2019 09:58:00.000,6553.997,6553.998,6552.997,6553.997,0.0026
17.06.2019 09:59:00.000,6552.998,6554.998,6552.997,6553.998,0.0019
17.06.2019 10:00:00.000,6553.997,6555.998,6553.997,6555.998,0.0006
17.06.2019 10:01:00.000,6555.997,6556.998,6552.997,6552.998,0.0022
17.06.2019 10:02:00.000,6554.998,6554.998,6548.998,6548.998,0.002
17.06.2019 10:03:00.000,6548.997,6548.997,6547.997,6547.998,0.001
17.06.2019 10:04:00.000,6546.998,6547.997,6541.997,6541.998,0.0025
17.06.2019 10:05:00.000,6541.997,6541.998,6535.998,6537.998,0.0055
17.06.2019 10:06:00.000,6537.997,6540.998,6537.997,6540.998,0.0022
17.06.2019 10:07:00.000,6541.998,6541.998,6535.998,6535.998,0.0034
17.06.2019 10:08:00.000,6534.998,6536.998,6534.997,6534.997,0.0029
17.06.2019 10:09:00.000,6536.998,6536.998,6534.998,6536.997,0.0007
17.06.2019 10:10:00.000,6536.997,6536.997,6532.997,6532.997,0.0034
17.06.2019 10:11:00.000,6532.998,6535.998,6532.997,6535.997,0.0012
17.06.2019 10:12:00.000,6535.998,6537.998,6535.997,6536.997,0.0024
17.06.2019 10:13:00.000,6536.998,6536.998,6532.997,6532.998,0.0019
17.06.2019 10:14:00.000,6530.998,6530.998,6529.997,6529.997,0.0012
17.06.2019 10:15:00.000,6529.998,6529.998,6528.998,6528.998,0.0011
17.06.2019 10:16:00.000,6529.997,6530.998,6529.997,6530.997,0.0048
17.06.2019 10:17:00.000,6530.998,6531.997,6528.997,6528.998,0.0012
17.06.2019 10:18:00.000,6529.998,6532.998,6529.997,6531.998,0.0045
17.06.2019 10:19:00.000,6531.997,6531.998,6530.998,6531.997,0.001
17.06.2019 10:20:00.000,6530.998,6531.998,6527.998,6530.998,0.0035
17.06.2019 10:21:00.000,6530.997,6530.998,6530.997,6530.998,0.0006
17.06.2019 10:22:00.000,6531.998,6531.998,6522.997,6523.998,0.0029
17.06.2019 10:23:00.000,6525.998,6528.998,6525.997,6528.997,0.004
17.06.2019 10:24:00.000,6528.998,6528.998,6524.997,6525.998,0.002
17.06.2019 10:25:00.000,6525.997,6528.998,6525.997,6527.998,0.0025
17.06.2019 10:26:00.000,6529.997,6529.997,6528.997,6528.997,0.0007
17.06.2019 10:27:00.000,6529.998,6529.998,6527.997,6529.998,0.0021
17.06.2019 10:28:00.000,6529.997,6532.998,6528.998,6532.998,0.002
17.06.2019 10:29:00.000,6532.997,6532.998,6530.997,6530.998,0.0053
17.06.2019 10:30:00.000,6530.997,6530.998,6529.998,6530.998,0.0016
17.06.2019 10:31:00.000,6531.998,6531.998,6530.998,6531.998,0.0009
17.06.2019 10:32:00.000,6531.997,6531.997,6528.998,6528.998,0.0016
17.06.2019 10:33:00.000,6529.998,6530.998,6528.997,6528.997,0.0032
17.06.2019 10:34:00.000,6528.998,6528.998,6527.998,6528.998,0.0022
17.06.2019 10:35:00.000,6528.997,6529.998,6527.997,6529.998,0.0037
17.06.2019 10:36:00.000,6529.997,6532.998,6529.997,6532.998,0.0067
17.06.2019 10:37:00.000,6532.997,6532.998,6532.997,6532.998,0.0034
17.06.2019 10:38:00.000,6533.998,6534.998,6531.998,6532.997,0.0047
17.06.2019 10:39:00.000,6532.998,6534.998,6532.997,6534.998,0.0026
17.06.2019 10:40:00.000,6534.998,6535.998,6534.997,6535.997,0.0027
17.06.2019 10:41:00.000,6535.998,6536.998,6535.997,6536.998,0.0028
17.06.2019 10:42:00.000,6536.998,6536.998,6534.998,6534.998,0.0028
17.06.2019 10:43:00.000,6534.997,6534.997,6531.998,6533.997,0.0038
17.06.2019 10:44:00.000,6533.998,6533.998,6532.997,6532.998,0.0026
17.06.2019 10:45:00.000,6532.997,6535.998,6532.997,6535.998,0.0023
17.06.2019 10:46:00.000,6535.998,6537.998,6535.997,6536.998,0.0029
17.06.2019 10:47:00.000,6536.998,6536.998,6535.997,6535.998,0.0011
17.06.2019 10:48:00.000,6535.998,6538.998,6535.998,6538.998,0.0023
17.06.2019 10:49:00.000,6539.997,6539.998,6536.997,6536.998,0.0026
17.06.2019 10:50:00.000,6536.997,6539.998,6536.997,6539.998,0.0036
17.06.2019 10:51:00.000,6539.998,6539.998,6536.998,6536.998,0.0012
17.06.2019 10:52:00.000,6536.998,6536.998,6536.997,6536.997,0.0011
17.06.2019 10:53:00.000,6536.997,6537.998,6536.997,6537.997,0.0041
17.06.2019 10:54:00.000,6537.998,6537.998,6536.997,6537.998,0.0013
17.06.2019 10:55:00.000,6536.998,6537.998,6536.997,6537.998,0.0027
17.06.2019 10:56:00.000,6537.997,6538.998,6537.997,6538.998,0.0056
17.06.2019 10:57:00.000,6538.997,6539.998,6538.997,6539.998,0.0031
17.06.2019 10:58:00.000,6539.997,6541.998,6539.997,6541.998,0.0048
17.06.2019 10:59:00.000,6541.998,6541.998,6537.998,6539.998,0.005
17.06.2019 11:00:00.000,6538.998,6538.998,6538.998,6538.998,0.0001
17.06.2019 11:01:00.000,6538.997,6538.997,6538.997,6538.997,0.0001
17.06.2019 11:02:00.000,6538.998,6539.998,6532.997,6532.997,0.0035
17.06.2019 11:03:00.000,6532.997,6532.997,6527.998,6527.998,0.002
17.06.2019 11:04:00.000,6527.997,6527.997,6524.997,6526.997,0.0025
17.06.2019 11:05:00.000,6526.998,6526.998,6522.998,6523.998,0.0016
17.06.2019 11:06:00.000,6522.998,6522.998,6518.997,6520.997,0.002
17.06.2019 11:07:00.000,6520.997,6523.998,6517.998,6517.998,0.006
17.06.2019 11:08:00.000,6518.997,6519.998,6514.997,6519.998,0.0043
17.06.2019 11:09:00.000,6519.997,6519.998,6519.997,6519.998,0.0021
17.06.2019 11:10:00.000,6522.998,6524.998,6522.998,6524.998,0.0017
17.06.2019 11:11:00.000,6525.998,6527.997,6525.997,6526.998,0.0008
17.06.2019 11:12:00.000,6527.998,6528.998,6527.997,6527.998,0.0012
17.06.2019 11:13:00.000,6527.997,6527.998,6526.997,6526.998,0.0042
17.06.2019 11:14:00.000,6526.998,6526.998,6525.997,6525.997,0.0024
17.06.2019 11:15:00.000,6525.998,6526.998,6525.998,6526.998,0.0025
17.06.2019 11:16:00.000,6527.998,6527.998,6525.997,6527.998,0.0027
17.06.2019 11:17:00.000,6527.997,6531.998,6527.997,6531.998,0.003
17.06.2019 11:18:00.000,6531.997,6532.997,6529.997,6532.997,0.0015
17.06.2019 11:19:00.000,6532.998,6534.998,6532.997,6533.997,0.0056
17.06.2019 11:20:00.000,6533.997,6533.998,6529.997,6530.998,0.0039
17.06.2019 11:21:00.000,6530.997,6535.998,6530.997,6535.998,0.0052
17.06.2019 11:22:00.000,6535.997,6538.998,6535.997,6537.997,0.0026
17.06.2019 11:23:00.000,6537.998,6537.998,6537.997,6537.998,0.0007
17.06.2019 11:24:00.000,6537.998,6539.998,6537.998,6538.998,0.0019
17.06.2019 11:25:00.000,6538.997,6538.998,6538.997,6538.997,0.0005
17.06.2019 11:26:00.000,6538.998,6538.998,6538.997,6538.998,0.0003
17.06.2019 11:27:00.000,6538.997,6539.998,6538.997,6538.997,0.0036
17.06.2019 11:28:00.000,6538.998,6539.998,6535.998,6535.998,0.0025
17.06.2019 11:29:00.000,6536.997,6537.998,6535.998,6535.998,0.0019
17.06.2019 11:30:00.000,6536.997,6536.998,6536.997,6536.998,0.0014
17.06.2019 11:31:00.000,6537.998,6541.998,6536.997,6541.997,0.0029
17.06.2019 11:32:00.000,6540.998,6540.998,6538.998,6539.998,0.0027
17.06.2019 11:33:00.000,6540.998,6542.998,6539.997,6542.998,0.0037
17.06.2019 11:34:00.000,6542.997,6542.998,6538.997,6539.998,0.0077
17.06.2019 11:35:00.000,6539.997,6540.998,6536.997,6537.998,0.004
17.06.2019 11:36:00.000,6537.998,6537.998,6535.997,6535.998,0.0013
17.06.2019 11:37:00.000,6536.997,6537.998,6536.997,6536.998,0.0011
17.06.2019 11:38:00.000,6536.997,6537.998,6531.997,6533.998,0.0078
17.06.2019 11:39:00.000,6533.997,6535.998,6533.997,6535.998,0.001
17.06.2019 11:40:00.000,6535.998,6535.998,6531.998,6533.997,0.0037
17.06.2019 11:41:00.000,6533.997,6533.998,6532.998,6533.998,0.0004
17.06.2019 11:42:00.000,6533.997,6535.998,6530.997,6531.997,0.0059
17.06.2019 11:43:00.000,6531.998,6532.998,6531.997,6531.998,0.0029
17.06.2019 11:44:00.000,6532.997,6533.998,6529.998,6530.998,0.0021
17.06.2019 11:45:00.000,6531.998,6538.998,6531.998,6538.998,0.002
17.06.2019 11:46:00.000,6536.998,6537.998,6536.997,6536.997,0.0028
17.06.2019 11:47:00.000,6536.997,6537.998,6536.997,6536.997,0.0021
17.06.2019 11:48:00.000,6537.998,6537.998,6536.997,6536.998,0.0024
17.06.2019 11:49:00.000,6536.998,6536.998,6532.997,6532.997,0.0051
17.06.2019 11:50:00.000,6532.997,6535.998,6532.997,6535.998,0.007
17.06.2019 11:51:00.000,6535.997,6537.998,6535.997,6537.997,0.0023
17.06.2019 11:52:00.000,6538.998,6540.997,6538.997,6539.997,0.0049
17.06.2019 11:53:00.000,6539.998,6542.998,6539.997,6542.998,0.0056
17.06.2019 11:54:00.000,6543.997,6545.998,6542.998,6545.998,0.0013
17.06.2019 11:55:00.000,6545.997,6547.998,6545.997,6545.998,0.0044
17.06.2019 11:56:00.000,6546.998,6546.998,6543.997,6543.997,0.0053
17.06.2019 11:57:00.000,6543.998,6543.998,6541.998,6542.998,0.0013
17.06.2019 11:58:00.000,6542.997,6542.997,6540.997,6541.998,0.001
17.06.2019 11:59:00.000,6540.998,6541.998,6540.998,6541.998,0.001
17.06.2019 12:00:00.000,6541.997,6541.998,6532.997,6532.997,0.0041
17.06.2019 12:01:00.000,6533.998,6534.998,6533.997,6534.998,0.0006
17.06.2019 12:02:00.000,6535.997,6538.998,6535.997,6538.998,0.0021
17.06.2019 12:03:00.000,6538.998,6539.998,6538.997,6539.998,0.0025
17.06.2019 12:04:00.000,6540.997,6541.998,6539.997,6541.997,0.0069
17.06.2019 12:05:00.000,6542.998,6542.998,6537.997,6538.997,0.0059
17.06.2019 12:06:00.000,6538.997,6538.997,6537.997,6537.998,0.0013
17.06.2019 12:07:00.000,6539.997,6542.997,6537.998,6542.997,0.0012
17.06.2019 12:08:00.000,6541.998,6541.998,6540.998,6541.998,0.0026
17.06.2019 12:09:00.000,6540.997,6543.997,6540.997,6542.998,0.0034
17.06.2019 12:10:00.000,6542.998,6543.997,6542.997,6542.998,0.002
17.06.2019 12:11:00.000,6542.997,6543.998,6542.997,6542.998,0.0036
17.06.2019 12:12:00.000,6542.997,6542.998,6542.997,6542.998,0.0007
17.06.2019 12:13:00.000,6543.998,6543.998,6542.998,6543.997,0.0017
17.06.2019 12:14:00.000,6544.998,6545.998,6543.997,6543.997,0.0042
17.06.2019 12:15:00.000,6543.998,6544.998,6543.997,6544.998,0.0056
17.06.2019 12:16:00.000,6544.998,6544.998,6541.998,6541.998,0.0017
17.06.2019 12:17:00.000,6541.998,6541.998,6538.998,6539.998,0.0026
17.06.2019 12:18:00.000,6539.997,6539.998,6537.997,6537.997,0.0047
17.06.2019 12:19:00.000,6537.998,6537.998,6535.998,6535.998,0.0012
17.06.2019 12:20:00.000,6535.997,6539.998,6535.997,6539.998,0.0039
17.06.2019 12:21:00.000,6539.998,6539.998,6538.997,6539.997,0.0019
17.06.2019 12:22:00.000,6539.998,6541.998,6538.998,6541.997,0.0063
17.06.2019 12:23:00.000,6541.997,6548.998,6541.997,6548.998,0.0047
17.06.2019 12:24:00.000,6548.998,6548.998,6545.997,6545.998,0.0012
17.06.2019 12:25:00.000,6545.997,6545.998,6545.997,6545.998,0.0007
17.06.2019 12:26:00.000,6545.997,6545.998,6545.997,6545.998,0.002
17.06.2019 12:27:00.000,6545.998,6546.998,6545.997,6546.998,0.0021
17.06.2019 12:28:00.000,6546.997,6546.998,6542.997,6543.998,0.0032
17.06.2019 12:29:00.000,6543.997,6545.998,6542.997,6545.998,0.0063
17.06.2019 12:30:00.000,6545.997,6545.998,6541.998,6543.998,0.0015
17.06.2019 12:31:00.000,6543.997,6543.998,6543.997,6543.998,0.0009
17.06.2019 12:32:00.000,6544.997,6547.998,6544.997,6546.998,0.0044
17.06.2019 12:33:00.000,6546.997,6546.998,6546.997,6546.998,0.0018
17.06.2019 12:34:00.000,6547.997,6548.998,6546.997,6547.998,0.0021
17.06.2019 12:35:00.000,6547.997,6549.997,6546.998,6549.997,0.0023
17.06.2019 12:36:00.000,6549.998,6549.998,6544.997,6546.998,0.0037
17.06.2019 12:37:00.000,6546.998,6546.998,6544.998,6546.997,0.0029
17.06.2019 12:38:00.000,6546.998,6546.998,6545.997,6546.998,0.0012
17.06.2019 12:39:00.000,6546.997,6549.998,6545.997,6545.998,0.0045
17.06.2019 12:40:00.000,6545.998,6545.998,6542.997,6542.998,0.002
17.06.2019 12:42:00.000,6544.997,6544.998,6542.998,6543.998,0.0013
17.06.2019 12:43:00.000,6543.998,6543.998,6537.997,6537.997,0.0058
17.06.2019 12:44:00.000,6537.998,6539.998,6537.997,6539.998,0.0013
17.06.2019 12:45:00.000,6539.997,6541.998,6539.997,6541.998,0.0027
17.06.2019 12:46:00.000,6541.997,6542.998,6541.997,6542.997,0.0049
17.06.2019 12:47:00.000,6541.998,6542.998,6541.998,6541.998,0.0011
17.06.2019 12:48:00.000,6542.998,6542.998,6541.997,6541.997,0.0013
17.06.2019 12:49:00.000,6541.998,6543.998,6541.998,6543.998,0.0019
17.06.2019 12:50:00.000,6543.998,6543.998,6539.997,6540.997,0.0031
17.06.2019 12:51:00.000,6540.998,6541.998,6540.997,6541.998,0.0024
17.06.2019 12:52:00.000,6541.997,6542.998,6541.997,6542.997,0.0009
17.06.2019 12:53:00.000,6542.998,6542.998,6541.997,6541.998,0.0027
17.06.2019 12:54:00.000,6541.997,6541.998,6538.997,6538.997,0.0047
17.06.2019 12:55:00.000,6538.998,6539.998,6538.997,6539.998,0.0049
17.06.2019 12:56:00.000,6541.750,6543.998,6539.998,6542.998,0.0027
17.06.2019 12:57:00.000,6543.998,6543.998,6536.997,6536.998,0.0039
17.06.2019 12:58:00.000,6536.997,6537.997,6536.997,6536.998,0.0017
17.06.2019 12:59:00.000,6536.997,6536.998,6532.998,6533.998,0.0024
17.06.2019 13:00:00.000,6532.998,6533.998,6532.997,6533.997,0.0022
17.06.2019 13:01:00.000,6533.998,6534.998,6533.998,6534.998,0.0012
17.06.2019 13:02:00.000,6535.997,6538.998,6534.997,6538.998,0.0045
17.06.2019 13:03:00.000,6538.997,6538.998,6534.997,6535.998,0.0028
17.06.2019 13:04:00.000,6536.998,6537.998,6535.997,6536.997,0.003
17.06.2019 13:05:00.000,6536.998,6536.998,6535.998,6535.998,0.0008
17.06.2019 13:06:00.000,6536.997,6536.997,6534.997,6535.998,0.0037
17.06.2019 13:07:00.000,6535.997,6536.998,6535.997,6535.997,0.0017
17.06.2019 13:08:00.000,6536.998,6538.998,6536.997,6538.997,0.0023
17.06.2019 13:09:00.000,6538.998,6540.997,6538.997,6539.998,0.0046
17.06.2019 13:10:00.000,6540.998,6541.998,6539.997,6540.998,0.0036
17.06.2019 13:11:00.000,6539.998,6539.998,6538.997,6539.998,0.0015
17.06.2019 13:12:00.000,6539.998,6540.998,6539.997,6539.997,0.0023
17.06.2019 13:13:00.000,6540.998,6540.998,6538.998,6539.997,0.0035
17.06.2019 13:14:00.000,6540.998,6541.997,6539.997,6540.998,0.0088
17.06.2019 13:15:00.000,6540.998,6541.998,6540.997,6541.998,0.003
17.06.2019 13:16:00.000,6541.997,6541.998,6539.998,6540.998,0.0022
17.06.2019 13:17:00.000,6540.997,6540.998,6540.997,6540.998,0.0024
17.06.2019 13:18:00.000,6541.998,6542.998,6541.997,6542.998,0.0014
17.06.2019 13:19:00.000,6542.997,6542.998,6539.997,6539.998,0.0063
17.06.2019 13:20:00.000,6539.997,6540.998,6539.997,6539.998,0.0046
17.06.2019 13:21:00.000,6540.998,6540.998,6534.997,6534.998,0.0026
17.06.2019 13:22:00.000,6534.997,6535.998,6531.997,6531.998,0.0044
17.06.2019 13:23:00.000,6532.998,6534.998,6531.998,6534.998,0.002
17.06.2019 13:24:00.000,6534.998,6537.998,6534.998,6536.998,0.0016
17.06.2019 13:25:00.000,6536.997,6536.998,6535.997,6536.998,0.0011
17.06.2019 13:26:00.000,6536.997,6536.998,6536.997,6536.998,0.0002
17.06.2019 13:27:00.000,6536.997,6537.998,6536.997,6537.998,0.0009
17.06.2019 13:28:00.000,6538.997,6543.998,6538.997,6543.997,0.0055
17.06.2019 13:29:00.000,6543.998,6543.998,6541.998,6542.998,0.0051
17.06.2019 13:30:00.000,6542.997,6544.998,6540.997,6540.997,0.0077
17.06.2019 13:31:00.000,6540.997,6542.998,6539.997,6541.998,0.0071
17.06.2019 13:32:00.000,6541.998,6547.998,6541.998,6546.998,0.0072
17.06.2019 13:33:00.000,6546.998,6548.998,6544.997,6547.998,0.0055
17.06.2019 13:34:00.000,6547.997,6548.998,6541.998,6541.998,0.012
17.06.2019 13:35:00.000,6541.997,6541.998,6539.997,6541.998,0.0051
17.06.2019 13:36:00.000,6542.998,6542.998,6541.997,6541.998,0.0029
17.06.2019 13:37:00.000,6541.998,6541.998,6537.998,6538.998,0.0028
17.06.2019 13:38:00.000,6539.997,6539.998,6538.997,6539.998,0.0045
17.06.2019 13:39:00.000,6539.997,6542.998,6538.997,6541.998,0.0038
17.06.2019 13:40:00.000,6543.997,6549.998,6543.997,6547.998,0.0094
17.06.2019 13:41:00.000,6547.997,6549.998,6547.997,6548.998,0.0033
17.06.2019 13:42:00.000,6548.997,6551.998,6548.997,6551.997,0.0081
17.06.2019 13:43:00.000,6551.998,6552.998,6545.997,6545.997,0.0041
17.06.2019 13:44:00.000,6545.998,6547.998,6545.997,6547.998,0.0028
17.06.2019 13:45:00.000,6547.998,6551.998,6547.998,6550.998,0.0055
17.06.2019 13:46:00.000,6550.997,6552.997,6548.998,6551.997,0.0057
17.06.2019 13:47:00.000,6551.998,6552.998,6551.997,6551.998,0.0025
17.06.2019 13:48:00.000,6552.997,6553.998,6552.997,6552.998,0.0019
17.06.2019 13:49:00.000,6552.997,6552.998,6551.997,6551.998,0.0049
17.06.2019 13:50:00.000,6551.997,6552.998,6547.998,6550.998,0.0073
17.06.2019 13:51:00.000,6550.997,6550.997,6544.998,6546.998,0.0045
17.06.2019 13:52:00.000,6547.997,6547.998,6546.997,6546.998,0.0051
17.06.2019 13:53:00.000,6546.997,6548.998,6546.997,6548.998,0.0065
17.06.2019 13:54:00.000,6548.998,6555.998,6548.997,6555.998,0.0074
17.06.2019 13:55:00.000,6555.997,6555.998,6550.997,6551.997,0.0084
17.06.2019 13:56:00.000,6551.998,6551.998,6546.997,6548.998,0.0052
17.06.2019 13:57:00.000,6549.997,6549.998,6545.997,6547.998,0.0039
17.06.2019 13:58:00.000,6547.997,6547.998,6547.997,6547.998,0.0019
17.06.2019 13:59:00.000,6547.997,6548.998,6547.997,6547.998,0.0061
17.06.2019 14:00:00.000,6547.998,6548.998,6541.997,6542.997,0.0075
17.06.2019 14:01:00.000,6542.998,6542.998,6538.997,6539.997,0.0026
17.06.2019 14:02:00.000,6539.998,6540.998,6539.997,6539.998,0.0079
17.06.2019 14:03:00.000,6539.997,6539.998,6535.997,6535.998,0.0056
17.06.2019 14:04:00.000,6536.998,6538.998,6535.997,6538.998,0.0041
17.06.2019 14:05:00.000,6538.997,6540.998,6538.997,6540.997,0.0077
17.06.2019 14:06:00.000,6540.998,6540.998,6538.997,6540.997,0.0031
17.06.2019 14:07:00.000,6539.998,6539.998,6537.997,6538.997,0.003
17.06.2019 14:08:00.000,6539.998,6541.998,6538.997,6541.997,0.0032
17.06.2019 14:09:00.000,6541.997,6541.998,6534.998,6535.998,0.0033
17.06.2019 14:10:00.000,6536.998,6538.998,6535.997,6537.997,0.009
17.06.2019 14:11:00.000,6538.998,6539.998,6538.997,6539.998,0.009
17.06.2019 14:12:00.000,6539.997,6539.998,6538.997,6539.998,0.0021
17.06.2019 14:13:00.000,6539.997,6540.997,6539.997,6539.997,0.0018
17.06.2019 14:14:00.000,6540.997,6543.997,6540.997,6542.998,0.0039
17.06.2019 14:15:00.000,6544.997,6544.998,6540.997,6540.998,0.0051
17.06.2019 14:16:00.000,6540.997,6540.998,6538.998,6540.997,0.0031
17.06.2019 14:17:00.000,6540.998,6544.998,6539.998,6544.998,0.0048
17.06.2019 14:18:00.000,6544.997,6548.998,6543.998,6548.998,0.0037
17.06.2019 14:19:00.000,6548.997,6549.998,6547.997,6549.998,0.0075
17.06.2019 14:20:00.000,6550.998,6551.998,6550.997,6550.998,0.0075
17.06.2019 14:21:00.000,6551.997,6551.997,6548.997,6549.998,0.0076
17.06.2019 14:22:00.000,6549.997,6549.998,6546.997,6546.998,0.0048
17.06.2019 14:23:00.000,6547.998,6550.998,6546.997,6550.998,0.0026
17.06.2019 14:24:00.000,6549.997,6551.998,6548.997,6549.998,0.0048
17.06.2019 14:25:00.000,6550.998,6550.998,6549.997,6550.998,0.0049
17.06.2019 14:26:00.000,6551.997,6551.998,6550.997,6550.997,0.0056
17.06.2019 14:27:00.000,6550.998,6550.998,6549.997,6549.998,0.0022
17.06.2019 14:28:00.000,6549.998,6550.998,6548.997,6549.998,0.0032
17.06.2019 14:29:00.000,6549.998,6549.998,6548.997,6549.998,0.002
17.06.2019 14:30:00.000,6549.997,6550.998,6549.997,6549.998,0.0021
17.06.2019 14:31:00.000,6549.997,6549.998,6545.997,6545.998,0.0047
17.06.2019 14:32:00.000,6545.997,6545.998,6543.997,6544.998,0.0058
17.06.2019 14:33:00.000,6545.998,6546.998,6542.997,6542.998,0.0068
17.06.2019 14:34:00.000,6544.997,6544.998,6543.997,6544.997,0.0088
17.06.2019 14:35:00.000,6544.998,6547.998,6544.997,6547.998,0.0017
17.06.2019 14:36:00.000,6548.997,6548.998,6547.997,6548.997,0.0031
17.06.2019 14:37:00.000,6548.998,6549.998,6548.997,6548.998,0.0085
17.06.2019 14:38:00.000,6547.998,6547.998,6543.997,6543.998,0.0121
17.06.2019 14:39:00.000,6543.998,6543.998,6541.998,6542.998,0.0053
17.06.2019 14:40:00.000,6542.997,6543.998,6541.997,6541.997,0.007
17.06.2019 14:41:00.000,6541.998,6541.998,6538.997,6540.998,0.0064
17.06.2019 14:42:00.000,6540.997,6541.998,6540.997,6541.998,0.0052
17.06.2019 14:43:00.000,6541.997,6541.998,6538.997,6538.997,0.0035
17.06.2019 14:44:00.000,6538.998,6540.998,6538.997,6540.997,0.0108
17.06.2019 14:45:00.000,6540.998,6540.998,6536.998,6537.998,0.0074
17.06.2019 14:46:00.000,6538.998,6540.998,6537.998,6540.997,0.0028
17.06.2019 14:47:00.000,6539.998,6540.997,6536.998,6536.998,0.0018
17.06.2019 14:48:00.000,6538.997,6540.998,6536.997,6540.998,0.0056
17.06.2019 14:49:00.000,6540.997,6541.998,6539.997,6541.997,0.0029
17.06.2019 14:50:00.000,6541.998,6543.998,6541.997,6543.997,0.0029
17.06.2019 14:51:00.000,6542.997,6542.998,6539.998,6540.998,0.0038
17.06.2019 14:52:00.000,6540.997,6541.998,6540.997,6541.998,0.0022
17.06.2019 14:53:00.000,6541.998,6542.998,6541.997,6541.998,0.0071
17.06.2019 14:54:00.000,6542.998,6542.998,6540.997,6540.998,0.0024
17.06.2019 14:55:00.000,6540.997,6540.998,6536.998,6536.998,0.007
17.06.2019 14:56:00.000,6536.997,6537.998,6534.997,6536.998,0.0114
17.06.2019 14:57:00.000,6537.997,6539.998,6534.997,6538.998,0.0078
17.06.2019 14:58:00.000,6538.997,6542.998,6537.997,6541.998,0.0121
17.06.2019 14:59:00.000,6541.997,6545.998,6541.997,6544.998,0.0151
17.06.2019 15:00:00.000,6544.998,6544.998,6540.998,6544.998,0.0077
17.06.2019 15:01:00.000,6544.998,6548.998,6544.997,6548.997,0.0087
17.06.2019 15:02:00.000,6549.997,6550.998,6545.997,6545.997,0.0161
17.06.2019 15:03:00.000,6546.998,6552.997,6545.997,6551.998,0.01
17.06.2019 15:04:00.000,6551.997,6552.998,6549.998,6552.997,0.0099
17.06.2019 15:05:00.000,6552.998,6552.998,6551.997,6552.997,0.0038
17.06.2019 15:06:00.000,6552.998,6554.998,6551.997,6553.998,0.0084
17.06.2019 15:07:00.000,6553.998,6553.998,6549.997,6551.998,0.0062
17.06.2019 15:08:00.000,6550.998,6550.998,6547.997,6549.998,0.0057
17.06.2019 15:09:00.000,6549.997,6549.998,6547.997,6548.998,0.0143
17.06.2019 15:10:00.000,6548.997,6550.998,6547.997,6550.998,0.006
17.06.2019 15:11:00.000,6550.997,6552.998,6550.997,6552.997,0.009
17.06.2019 15:12:00.000,6552.998,6552.998,6550.997,6550.998,0.0086
17.06.2019 15:13:00.000,6551.997,6552.998,6548.997,6552.998,0.0065
17.06.2019 15:14:00.000,6552.997,6552.998,6551.997,6551.998,0.0055
17.06.2019 15:15:00.000,6551.998,6553.998,6550.997,6553.998,0.0041
17.06.2019 15:16:00.000,6553.997,6556.998,6552.997,6555.998,0.0052
17.06.2019 15:17:00.000,6556.997,6556.998,6555.997,6555.998,0.0054
17.06.2019 15:18:00.000,6555.998,6555.998,6553.997,6553.998,0.0117
17.06.2019 15:19:00.000,6553.998,6553.998,6551.997,6552.997,0.0105
17.06.2019 15:20:00.000,6551.997,6552.998,6550.998,6551.997,0.0119
17.06.2019 15:21:00.000,6551.998,6552.998,6551.997,6551.998,0.0025
17.06.2019 15:22:00.000,6551.997,6553.998,6551.997,6553.998,0.0057
17.06.2019 15:23:00.000,6553.997,6554.998,6553.997,6554.998,0.0029
17.06.2019 15:24:00.000,6554.997,6554.998,6553.997,6554.998,0.0047
17.06.2019 15:25:00.000,6554.997,6554.998,6550.997,6551.998,0.0074
17.06.2019 15:26:00.000,6551.997,6553.998,6549.998,6553.997,0.0106
17.06.2019 15:27:00.000,6553.998,6555.998,6553.998,6555.997,0.004
17.06.2019 15:28:00.000,6555.998,6555.998,6553.997,6554.998,0.0053
17.06.2019 15:29:00.000,6554.997,6556.998,6554.997,6555.998,0.0089
18.06.2019 07:00:00.000,6597.998,6598.998,6597.998,6597.998,0.0001
18.06.2019 07:01:00.000,6593.997,6593.997,6588.998,6588.998,0.0003
18.06.2019 07:02:00.000,6589.997,6589.997,6577.998,6577.998,0.0001
18.06.2019 07:03:00.000,6577.998,6579.998,6577.998,6579.998,0.0001
18.06.2019 07:04:00.000,6585.997,6585.998,6585.997,6585.998,0.0002
18.06.2019 07:05:00.000,6585.998,6589.998,6578.997,6589.998,0.0017
18.06.2019 07:06:00.000,6589.997,6589.997,6581.998,6582.998,0.0025
18.06.2019 07:07:00.000,6582.997,6584.998,6578.997,6580.998,0.0013
18.06.2019 07:08:00.000,6581.997,6584.998,6578.998,6582.998,0.0045
18.06.2019 07:09:00.000,6582.998,6582.998,6575.998,6578.998,0.0026
18.06.2019 07:10:00.000,6575.998,6578.998,6572.998,6578.998,0.0052
18.06.2019 07:11:00.000,6578.997,6578.998,6570.998,6571.998,0.003
18.06.2019 07:12:00.000,6572.997,6574.998,6572.997,6574.997,0.0027
18.06.2019 07:13:00.000,6574.997,6574.998,6570.998,6572.998,0.0032
18.06.2019 07:14:00.000,6572.997,6572.997,6565.997,6566.997,0.0016
18.06.2019 07:15:00.000,6566.998,6566.998,6561.997,6566.998,0.0039
18.06.2019 07:16:00.000,6566.998,6566.998,6557.998,6563.998,0.0083
18.06.2019 07:17:00.000,6561.997,6561.998,6557.998,6557.998,0.0023
18.06.2019 07:18:00.000,6559.998,6561.998,6550.997,6554.998,0.0072
18.06.2019 07:19:00.000,6554.998,6554.998,6543.997,6545.997,0.0098
18.06.2019 07:20:00.000,6546.997,6547.998,6540.997,6545.998,0.0047
18.06.2019 07:21:00.000,6545.997,6552.998,6544.998,6552.998,0.0067
18.06.2019 07:22:00.000,6553.998,6557.998,6549.998,6556.998,0.004
18.06.2019 07:23:00.000,6556.998,6563.998,6556.998,6560.997,0.006
18.06.2019 07:24:00.000,6560.998,6560.998,6553.997,6555.998,0.0136
18.06.2019 07:25:00.000,6555.998,6555.998,6550.997,6550.997,0.0013
18.06.2019 07:26:00.000,6552.998,6559.998,6551.997,6559.998,0.0036
18.06.2019 07:27:00.000,6559.997,6560.998,6559.997,6560.998,0.0028
18.06.2019 07:28:00.000,6560.997,6566.998,6559.997,6566.998,0.0055
18.06.2019 07:29:00.000,6568.997,6570.998,6568.997,6570.998,0.0049
18.06.2019 07:30:00.000,6571.998,6572.998,6566.997,6567.997,0.0065
18.06.2019 07:31:00.000,6567.998,6570.998,6563.997,6570.998,0.0042
18.06.2019 07:32:00.000,6570.998,6572.998,6570.997,6572.998,0.0041
18.06.2019 07:33:00.000,6572.998,6573.998,6572.997,6572.998,0.0056
18.06.2019 07:34:00.000,6572.997,6574.998,6567.997,6568.998,0.0063
18.06.2019 07:35:00.000,6569.997,6569.998,6564.997,6564.998,0.004
18.06.2019 07:36:00.000,6564.998,6564.998,6560.997,6562.998,0.0048
18.06.2019 07:37:00.000,6562.998,6566.998,6557.998,6566.998,0.0063
18.06.2019 07:38:00.000,6566.998,6566.998,6558.997,6559.998,0.0045
18.06.2019 07:39:00.000,6559.998,6559.998,6555.997,6559.998,0.0035
18.06.2019 07:40:00.000,6559.998,6559.998,6553.997,6553.997,0.0043
18.06.2019 07:41:00.000,6553.997,6554.998,6549.998,6549.998,0.0019
18.06.2019 07:42:00.000,6549.998,6551.998,6547.997,6548.998,0.0022
18.06.2019 07:43:00.000,6546.997,6555.998,6546.997,6555.998,0.0057
18.06.2019 07:44:00.000,6555.998,6555.998,6553.997,6554.998,0.002
18.06.2019 07:45:00.000,6554.997,6557.998,6553.997,6557.997,0.0031
18.06.2019 07:46:00.000,6559.998,6562.998,6559.998,6561.998,0.0049
18.06.2019 07:47:00.000,6562.998,6566.998,6562.997,6566.997,0.0037
18.06.2019 07:48:00.000,6566.998,6567.997,6562.998,6562.998,0.002
18.06.2019 07:49:00.000,6562.998,6562.998,6558.997,6559.998,0.0015
18.06.2019 07:50:00.000,6558.998,6563.998,6556.998,6562.998,0.0034
18.06.2019 07:51:00.000,6562.998,6562.998,6559.997,6559.998,0.0026
18.06.2019 07:52:00.000,6559.998,6559.998,6551.998,6552.997,0.0018
18.06.2019 07:53:00.000,6552.998,6555.998,6551.997,6555.998,0.0035
18.06.2019 07:54:00.000,6555.998,6557.997,6555.997,6555.998,0.0023
18.06.2019 07:55:00.000,6555.997,6555.998,6552.997,6555.998,0.003
18.06.2019 07:56:00.000,6555.998,6555.998,6551.997,6551.997,0.0025
18.06.2019 07:57:00.000,6551.998,6556.998,6551.997,6554.998,0.0045
18.06.2019 07:58:00.000,6554.998,6554.998,6550.997,6550.998,0.0067
18.06.2019 07:59:00.000,6551.998,6556.998,6551.998,6553.998,0.0058
18.06.2019 08:00:00.000,6552.998,6555.998,6550.998,6553.998,0.0045
18.06.2019 08:01:00.000,6554.998,6562.998,6554.998,6562.998,0.0096
18.06.2019 08:02:00.000,6562.998,6564.997,6559.997,6560.998,0.0067
18.06.2019 08:03:00.000,6561.998,6563.998,6559.998,6561.998,0.0065
18.06.2019 08:04:00.000,6561.998,6562.998,6558.998,6560.997,0.0032
18.06.2019 08:05:00.000,6560.998,6562.998,6559.998,6562.998,0.0066
18.06.2019 08:06:00.000,6562.998,6565.998,6562.997,6565.998,0.0017
18.06.2019 08:07:00.000,6565.997,6565.998,6562.997,6564.998,0.0017
18.06.2019 08:08:00.000,6564.997,6564.998,6557.998,6557.998,0.0062
18.06.2019 08:09:00.000,6556.998,6564.998,6556.997,6563.998,0.0065
18.06.2019 08:10:00.000,6564.998,6566.998,6562.998,6563.998,0.0041
18.06.2019 08:11:00.000,6563.998,6565.998,6562.998,6564.998,0.0066
18.06.2019 08:12:00.000,6564.998,6564.998,6560.997,6562.998,0.0047
18.06.2019 08:13:00.000,6562.997,6567.998,6561.997,6567.998,0.0053
18.06.2019 08:14:00.000,6568.998,6572.998,6568.997,6570.997,0.0062
18.06.2019 08:15:00.000,6570.998,6571.998,6569.998,6571.998,0.0016
18.06.2019 08:16:00.000,6573.998,6573.998,6571.997,6571.998,0.0072
18.06.2019 08:17:00.000,6570.998,6572.998,6570.997,6571.998,0.0042
18.06.2019 08:18:00.000,6572.997,6573.998,6570.997,6570.998,0.0164
18.06.2019 08:19:00.000,6570.997,6573.998,6570.997,6570.998,0.0094
18.06.2019 08:20:00.000,6570.998,6576.998,6568.997,6568.997,0.0064
18.06.2019 08:21:00.000,6568.997,6573.998,6568.997,6572.998,0.0037
18.06.2019 08:22:00.000,6573.998,6573.998,6565.997,6565.997,0.0106
18.06.2019 08:23:00.000,6565.998,6571.998,6565.998,6571.997,0.0052
18.06.2019 08:24:00.000,6571.998,6573.998,6568.998,6572.998,0.0097
18.06.2019 08:25:00.000,6572.998,6573.998,6568.997,6572.997,0.0092
18.06.2019 08:26:00.000,6572.998,6585.997,6571.997,6583.998,0.0125
18.06.2019 08:27:00.000,6583.997,6583.997,6580.997,6580.997,0.0039
18.06.2019 08:28:00.000,6581.997,6581.998,6573.998,6575.997,0.0056
18.06.2019 08:29:00.000,6575.998,6578.998,6575.997,6578.998,0.0042
18.06.2019 08:30:00.000,6578.997,6580.998,6577.997,6580.998,0.0042
18.06.2019 08:31:00.000,6580.997,6583.998,6580.997,6581.998,0.0044
18.06.2019 08:32:00.000,6581.997,6586.998,6581.997,6584.997,0.0021
18.06.2019 08:33:00.000,6584.998,6587.997,6583.997,6585.997,0.0064
18.06.2019 08:34:00.000,6585.998,6588.998,6584.998,6588.997,0.0049
18.06.2019 08:35:00.000,6589.998,6592.998,6588.998,6592.998,0.0051
18.06.2019 08:36:00.000,6593.997,6593.998,6588.997,6588.998,0.0074
18.06.2019 08:37:00.000,6587.998,6588.998,6587.997,6588.998,0.0024
18.06.2019 08:38:00.000,6588.998,6588.998,6583.997,6584.997,0.0057
18.06.2019 08:39:00.000,6585.998,6586.998,6584.998,6584.998,0.0018
18.06.2019 08:40:00.000,6583.998,6583.998,6578.997,6581.998,0.0053
18.06.2019 08:41:00.000,6581.998,6581.998,6577.997,6578.998,0.0056
18.06.2019 08:42:00.000,6578.997,6582.998,6578.997,6580.998,0.0047
18.06.2019 08:43:00.000,6580.997,6584.998,6580.997,6583.998,0.0061
18.06.2019 08:44:00.000,6584.997,6587.998,6582.997,6585.998,0.0068
18.06.2019 08:45:00.000,6586.997,6586.998,6584.997,6584.997,0.0029
18.06.2019 08:46:00.000,6585.997,6586.998,6581.998,6582.998,0.0042
18.06.2019 08:47:00.000,6583.997,6583.998,6581.997,6581.998,0.0024
18.06.2019 08:48:00.000,6583.998,6584.998,6583.998,6584.998,0.001
18.06.2019 08:49:00.000,6584.998,6585.998,6581.998,6585.998,0.0043
18.06.2019 08:50:00.000,6585.998,6586.998,6584.997,6586.998,0.0053
18.06.2019 08:51:00.000,6586.997,6589.998,6586.997,6588.997,0.0019
18.06.2019 08:52:00.000,6589.998,6590.998,6586.998,6586.998,0.0077
18.06.2019 08:53:00.000,6586.998,6586.998,6584.997,6586.998,0.0031
18.06.2019 08:54:00.000,6585.998,6588.998,6585.998,6586.998,0.0053
18.06.2019 08:55:00.000,6587.998,6587.998,6586.997,6587.997,0.0035
18.06.2019 08:56:00.000,6589.997,6592.997,6588.997,6592.997,0.0054
18.06.2019 08:57:00.000,6592.998,6594.998,6590.998,6591.998,0.0065
18.06.2019 08:58:00.000,6591.997,6592.998,6591.997,6592.997,0.0006
18.06.2019 08:59:00.000,6592.998,6593.998,6591.998,6592.998,0.0015
18.06.2019 09:00:00.000,6592.997,6592.998,6590.997,6592.998,0.0021
18.06.2019 09:01:00.000,6592.997,6594.998,6591.997,6592.998,0.0046
18.06.2019 09:02:00.000,6592.998,6593.998,6590.998,6592.997,0.0033
18.06.2019 09:03:00.000,6592.998,6592.998,6585.998,6586.998,0.0042
18.06.2019 09:04:00.000,6586.998,6586.998,6583.998,6585.998,0.0023
18.06.2019 09:05:00.000,6585.997,6591.998,6585.997,6591.998,0.0037
18.06.2019 09:06:00.000,6591.997,6593.997,6591.997,6593.997,0.004
18.06.2019 09:07:00.000,6593.998,6594.998,6589.997,6589.997,0.0058
18.06.2019 09:08:00.000,6590.997,6591.998,6589.998,6589.998,0.0023
18.06.2019 09:09:00.000,6590.998,6592.998,6588.998,6589.997,0.0032
18.06.2019 09:10:00.000,6589.998,6593.998,6588.997,6592.998,0.0021
18.06.2019 09:11:00.000,6594.998,6595.998,6592.997,6593.997,0.0054
18.06.2019 09:12:00.000,6593.997,6593.998,6588.998,6591.997,0.0093
18.06.2019 09:13:00.000,6592.998,6592.998,6588.997,6589.997,0.0021
18.06.2019 09:14:00.000,6589.998,6589.998,6586.997,6586.998,0.0049
18.06.2019 09:15:00.000,6586.997,6586.998,6583.998,6585.998,0.0038
18.06.2019 09:16:00.000,6585.998,6586.998,6584.997,6585.997,0.0045
18.06.2019 09:17:00.000,6585.998,6585.998,6583.997,6583.997,0.0052
18.06.2019 09:18:00.000,6583.998,6585.998,6581.998,6582.998,0.0036
18.06.2019 09:19:00.000,6582.997,6585.998,6582.997,6584.997,0.0034
18.06.2019 09:20:00.000,6584.998,6585.998,6582.998,6585.998,0.0021
18.06.2019 09:21:00.000,6585.998,6585.998,6582.998,6584.997,0.001
18.06.2019 09:22:00.000,6584.998,6584.998,6582.997,6584.997,0.0027
18.06.2019 09:23:00.000,6585.998,6593.998,6584.998,6593.998,0.0037
18.06.2019 09:24:00.000,6593.997,6593.998,6590.997,6590.997,0.0057
18.06.2019 09:25:00.000,6590.998,6593.997,6590.997,6593.997,0.0018
18.06.2019 09:26:00.000,6592.997,6592.998,6588.998,6589.997,0.0039
18.06.2019 09:27:00.000,6590.998,6590.998,6588.997,6589.998,0.0054
18.06.2019 09:28:00.000,6589.997,6591.997,6589.997,6591.997,0.0009
18.06.2019 09:29:00.000,6591.998,6592.998,6588.997,6589.998,0.0069
18.06.2019 09:30:00.000,6590.998,6593.998,6590.998,6593.998,0.0032
18.06.2019 09:31:00.000,6593.997,6593.998,6593.997,6593.998,0.0014
18.06.2019 09:32:00.000,6593.997,6595.998,6592.997,6593.997,0.0131
18.06.2019 09:33:00.000,6593.998,6594.998,6592.997,6592.997,0.0021
18.06.2019 09:34:00.000,6592.998,6593.998,6589.998,6593.998,0.0063
18.06.2019 09:35:00.000,6593.997,6593.998,6593.997,6593.997,0.0017
18.06.2019 09:36:00.000,6593.998,6593.998,6587.998,6588.998,0.0032
18.06.2019 09:37:00.000,6590.998,6591.997,6590.997,6591.997,0.0035
18.06.2019 09:38:00.000,6590.998,6592.998,6590.997,6592.997,0.0019
18.06.2019 09:39:00.000,6592.998,6592.998,6592.997,6592.998,0.0033
18.06.2019 09:40:00.000,6592.997,6592.998,6592.997,6592.998,0.0021
18.06.2019 09:41:00.000,6592.997,6592.997,6591.997,6591.998,0.0036
18.06.2019 09:42:00.000,6591.997,6591.998,6591.997,6591.998,0.0039
18.06.2019 09:43:00.000,6591.998,6591.998,6591.997,6591.998,0.0051
18.06.2019 09:44:00.000,6591.998,6591.998,6582.997,6582.997,0.0069
18.06.2019 09:45:00.000,6583.998,6587.998,6582.997,6586.998,0.0059
18.06.2019 09:46:00.000,6586.997,6586.997,6584.997,6584.998,0.0048
18.06.2019 09:47:00.000,6584.997,6586.998,6584.997,6586.998,0.0043
18.06.2019 09:48:00.000,6586.998,6586.998,6579.998,6580.998,0.0051
18.06.2019 09:49:00.000,6580.998,6582.998,6579.998,6581.998,0.0038
18.06.2019 09:50:00.000,6582.997,6586.998,6582.997,6586.998,0.0053
18.06.2019 09:51:00.000,6587.998,6588.998,6585.998,6586.997,0.005
18.06.2019 09:52:00.000,6586.997,6586.998,6584.998,6585.997,0.0052
18.06.2019 09:53:00.000,6585.998,6585.998,6582.998,6584.998,0.0034
18.06.2019 09:54:00.000,6584.998,6587.998,6583.998,6586.998,0.0045
18.06.2019 09:55:00.000,6587.998,6589.998,6587.997,6587.998,0.0038
18.06.2019 09:56:00.000,6587.997,6589.998,6587.997,6589.998,0.0045
18.06.2019 09:57:00.000,6589.997,6592.998,6589.997,6592.998,0.0074
18.06.2019 09:58:00.000,6592.997,6593.998,6587.998,6589.998,0.0048
18.06.2019 09:59:00.000,6589.997,6589.997,6587.997,6587.997,0.0029
18.06.2019 10:00:00.000,6589.997,6589.997,6586.998,6586.998,0.0017
18.06.2019 10:01:00.000,6587.998,6587.998,6584.997,6584.997,0.0024
18.06.2019 10:02:00.000,6585.998,6587.998,6585.997,6586.998,0.0019
18.06.2019 10:03:00.000,6587.998,6589.998,6586.997,6588.998,0.0022
18.06.2019 10:04:00.000,6588.998,6588.998,6588.997,6588.997,0.0021
18.06.2019 10:05:00.000,6586.997,6586.998,6582.997,6582.997,0.0016
18.06.2019 10:06:00.000,6582.998,6583.998,6580.997,6580.998,0.0052
18.06.2019 10:07:00.000,6580.998,6580.998,6578.997,6578.997,0.0027
18.06.2019 10:08:00.000,6578.997,6578.998,6577.997,6578.998,0.001
18.06.2019 10:09:00.000,6577.998,6578.998,6577.997,6578.998,0.0023
18.06.2019 10:10:00.000,6578.997,6578.998,6577.997,6577.998,0.0025
18.06.2019 10:11:00.000,6578.997,6578.998,6577.997,6577.998,0.0048
18.06.2019 10:12:00.000,6577.997,6577.998,6575.997,6575.998,0.0079
18.06.2019 10:13:00.000,6575.997,6576.998,6575.997,6576.997,0.0014
18.06.2019 10:14:00.000,6576.997,6576.997,6572.997,6574.998,0.003
18.06.2019 10:15:00.000,6575.998,6576.998,6574.998,6575.998,0.0031
18.06.2019 10:16:00.000,6577.998,6577.998,6574.997,6575.997,0.0075
18.06.2019 10:17:00.000,6575.998,6575.998,6573.997,6574.997,0.0068
18.06.2019 10:18:00.000,6574.998,6574.998,6572.997,6572.997,0.0015
18.06.2019 10:19:00.000,6572.997,6572.997,6570.998,6571.998,0.0018
18.06.2019 10:20:00.000,6571.998,6573.998,6571.998,6572.997,0.0029
18.06.2019 10:21:00.000,6572.998,6572.998,6571.997,6571.998,0.0036
18.06.2019 10:22:00.000,6571.997,6572.998,6571.997,6572.998,0.0022
18.06.2019 10:23:00.000,6573.998,6573.998,6572.997,6573.997,0.0039
18.06.2019 10:24:00.000,6573.997,6573.998,6572.997,6572.998,0.0023
18.06.2019 10:25:00.000,6574.998,6577.998,6574.998,6577.998,0.0007
18.06.2019 10:26:00.000,6578.998,6578.998,6576.998,6576.998,0.0024
18.06.2019 10:27:00.000,6576.997,6577.998,6576.997,6577.997,0.0048
18.06.2019 10:28:00.000,6578.997,6583.998,6578.997,6583.998,0.0023
18.06.2019 10:29:00.000,6583.997,6587.998,6583.997,6584.998,0.0077
18.06.2019 10:30:00.000,6585.998,6587.998,6584.997,6587.997,0.0074
18.06.2019 10:31:00.000,6588.997,6589.998,6588.997,6589.998,0.0014
18.06.2019 10:32:00.000,6590.998,6591.998,6589.997,6591.998,0.0047
18.06.2019 10:33:00.000,6591.997,6591.997,6587.998,6589.998,0.0044
18.06.2019 10:34:00.000,6590.998,6593.998,6589.997,6593.997,0.0093
18.06.2019 10:35:00.000,6593.998,6593.998,6592.997,6593.998,0.0068
18.06.2019 10:36:00.000,6593.997,6595.998,6591.997,6593.998,0.0071
18.06.2019 10:37:00.000,6593.998,6595.998,6591.997,6591.998,0.0022
18.06.2019 10:38:00.000,6591.997,6592.998,6591.997,6591.998,0.0015
18.06.2019 10:39:00.000,6592.998,6592.998,6591.998,6591.998,0.0007
18.06.2019 10:40:00.000,6591.997,6594.998,6590.997,6594.998,0.006
18.06.2019 10:41:00.000,6594.997,6595.998,6594.997,6594.998,0.0042
18.06.2019 10:42:00.000,6594.998,6594.998,6590.998,6591.998,0.0029
18.06.2019 10:43:00.000,6592.998,6593.998,6592.997,6593.998,0.0139
18.06.2019 10:44:00.000,6593.997,6593.998,6592.998,6592.998,0.0146
18.06.2019 10:45:00.000,6592.998,6593.998,6591.997,6593.997,0.0132
18.06.2019 10:46:00.000,6593.998,6593.998,6593.997,6593.997,0
18.06.2019 10:47:00.000,6593.998,6593.998,6590.997,6591.998,0.0063
18.06.2019 10:48:00.000,6591.997,6592.998,6591.997,6592.997,0.0101
18.06.2019 10:49:00.000,6592.998,6592.998,6591.997,6591.998,0.0083
18.06.2019 10:50:00.000,6591.997,6592.998,6591.997,6592.998,0.0093
18.06.2019 10:51:00.000,6592.997,6593.998,6592.997,6593.998,0.0105
18.06.2019 10:52:00.000,6594.997,6594.997,6592.997,6592.998,0.0098
18.06.2019 10:53:00.000,6592.997,6593.998,6590.998,6591.997,0.0083
18.06.2019 10:54:00.000,6591.998,6591.998,6590.997,6590.998,0.0014
18.06.2019 10:55:00.000,6590.500,6590.500,6587.997,6588.997,0.0024
18.06.2019 10:56:00.000,6588.998,6589.998,6588.998,6589.997,0.0036
18.06.2019 10:57:00.000,6589.998,6589.998,6587.998,6589.998,0.0033
18.06.2019 10:58:00.000,6589.997,6589.998,6587.998,6589.998,0.0024
18.06.2019 10:59:00.000,6590.998,6593.998,6590.998,6592.997,0.007
18.06.2019 11:00:00.000,6592.997,6592.997,6591.997,6591.998,0.0003
18.06.2019 11:02:00.000,6593.998,6594.998,6592.997,6594.997,0.0122
18.06.2019 11:03:00.000,6594.998,6596.998,6593.998,6596.998,0.0069
18.06.2019 11:04:00.000,6596.997,6596.997,6595.997,6595.997,0.0127
18.06.2019 11:05:00.000,6595.998,6596.998,6595.997,6596.998,0.0046
18.06.2019 11:06:00.000,6596.997,6597.998,6596.997,6597.998,0.0041
18.06.2019 11:07:00.000,6597.997,6603.998,6597.997,6602.998,0.0127
18.06.2019 11:08:00.000,6602.998,6602.998,6601.997,6601.998,0.0086
18.06.2019 11:09:00.000,6597.998,6599.998,6597.997,6599.997,0.0032
18.06.2019 11:10:00.000,6599.998,6599.998,6599.997,6599.997,0.0009
18.06.2019 11:11:00.000,6598.998,6600.998,6598.997,6600.998,0.0036
18.06.2019 11:12:00.000,6600.997,6605.998,6600.997,6604.997,0.0069
18.06.2019 11:13:00.000,6604.997,6604.997,6601.997,6602.997,0.0039
18.06.2019 11:14:00.000,6602.998,6602.998,6601.997,6601.998,0.004
18.06.2019 11:15:00.000,6602.998,6602.998,6601.997,6601.998,0.0039
18.06.2019 11:16:00.000,6598.998,6598.998,6597.997,6597.998,0.0014
18.06.2019 11:17:00.000,6597.997,6598.998,6597.997,6597.998,0.0009
18.06.2019 11:18:00.000,6597.997,6598.998,6596.998,6596.998,0.0009
18.06.2019 11:19:00.000,6596.997,6596.997,6593.997,6593.998,0.0015
18.06.2019 11:20:00.000,6593.997,6594.998,6591.998,6594.998,0.0019
18.06.2019 11:21:00.000,6594.998,6594.998,6592.997,6593.998,0.0057
18.06.2019 11:22:00.000,6593.997,6593.997,6592.998,6592.998,0.0008
18.06.2019 11:23:00.000,6593.997,6593.997,6590.998,6592.997,0.0017
18.06.2019 11:24:00.000,6592.998,6592.998,6590.997,6590.998,0.001
18.06.2019 11:25:00.000,6590.997,6591.998,6589.998,6591.998,0.003
18.06.2019 11:26:00.000,6592.997,6593.998,6592.997,6592.998,0.0018
18.06.2019 11:27:00.000,6593.998,6593.998,6592.997,6593.998,0.0029
18.06.2019 11:28:00.000,6593.997,6599.998,6593.997,6597.998,0.0058
18.06.2019 11:29:00.000,6598.997,6599.998,6597.998,6598.998,0.0078
18.06.2019 11:30:00.000,6598.998,6599.998,6598.998,6598.998,0.0025
18.06.2019 11:31:00.000,6598.997,6598.997,6598.997,6598.997,0.0003
18.06.2019 11:32:00.000,6598.998,6598.998,6597.998,6597.998,0.0023
18.06.2019 11:33:00.000,6597.998,6597.998,6590.998,6592.998,0.0033
18.06.2019 11:34:00.000,6593.997,6593.997,6592.997,6592.997,0.0043
18.06.2019 11:35:00.000,6592.998,6597.998,6592.998,6597.998,0.0019
18.06.2019 11:36:00.000,6597.998,6598.998,6597.997,6597.998,0.0055
18.06.2019 11:37:00.000,6597.998,6597.998,6595.997,6595.998,0.003
18.06.2019 11:38:00.000,6596.998,6597.997,6595.998,6596.997,0.0013
18.06.2019 11:39:00.000,6594.998,6595.998,6594.997,6595.998,0.003
18.06.2019 11:40:00.000,6595.997,6596.998,6595.997,6595.998,0.0029
18.06.2019 11:41:00.000,6596.997,6597.998,6595.997,6596.998,0.0044
18.06.2019 11:42:00.000,6597.997,6597.997,6595.998,6595.998,0.0033
18.06.2019 11:43:00.000,6595.998,6597.997,6595.997,6596.997,0.0025
18.06.2019 11:44:00.000,6596.998,6596.998,6596.997,6596.997,0.0064
18.06.2019 11:45:00.000,6596.998,6596.998,6596.997,6596.998,0.0054
18.06.2019 11:46:00.000,6597.998,6603.998,6596.997,6601.997,0.0099
18.06.2019 11:47:00.000,6603.997,6608.997,6603.997,6605.998,0.0038
18.06.2019 11:48:00.000,6606.997,6606.998,6596.997,6596.997,0.0051
18.06.2019 11:49:00.000,6596.997,6601.998,6595.997,6601.998,0.0025
18.06.2019 11:50:00.000,6601.997,6601.998,6599.997,6599.997,0.0052
18.06.2019 11:51:00.000,6599.998,6605.998,6599.998,6605.998,0.0089
18.06.2019 11:52:00.000,6606.998,6608.998,6604.998,6606.997,0.0046
18.06.2019 11:53:00.000,6607.998,6607.998,6607.997,6607.998,0.004
18.06.2019 11:54:00.000,6607.997,6607.998,6605.998,6607.998,0.0008
18.06.2019 11:55:00.000,6607.997,6607.997,6602.997,6603.998,0.005
18.06.2019 11:56:00.000,6603.998,6603.998,6601.997,6602.997,0.0015
18.06.2019 11:57:00.000,6602.998,6602.998,6602.997,6602.997,0.0012
18.06.2019 11:58:00.000,6603.998,6604.998,6600.998,6602.998,0.0042
18.06.2019 11:59:00.000,6602.997,6602.998,6598.998,6598.998,0.0004
18.06.2019 12:00:00.000,6597.997,6600.998,6597.997,6600.997,0.0039
18.06.2019 12:01:00.000,6600.998,6600.998,6600.998,6600.998,0.0002
18.06.2019 12:02:00.000,6600.997,6600.998,6598.997,6600.998,0.0017
18.06.2019 12:03:00.000,6600.997,6602.998,6599.998,6600.998,0.0058
18.06.2019 12:04:00.000,6601.997,6601.998,6598.997,6599.998,0.0045
18.06.2019 12:05:00.000,6599.997,6600.998,6595.998,6595.998,0.0042
18.06.2019 12:06:00.000,6595.998,6601.997,6595.997,6601.997,0.0028
18.06.2019 12:07:00.000,6601.998,6601.998,6600.997,6601.998,0.0018
18.06.2019 12:08:00.000,6601.998,6601.998,6599.998,6601.998,0.0025
18.06.2019 12:09:00.000,6600.998,6600.998,6600.997,6600.998,0.0047
18.06.2019 12:10:00.000,6600.997,6601.998,6597.997,6598.997,0.0051
18.06.2019 12:11:00.000,6598.998,6599.998,6595.998,6597.997,0.0035
18.06.2019 12:12:00.000,6597.998,6599.998,6595.997,6597.997,0.0044
18.06.2019 12:13:00.000,6598.997,6603.998,6597.998,6601.998,0.0107
18.06.2019 12:14:00.000,6602.998,6603.998,6602.997,6603.998,0.0027
18.06.2019 12:15:00.000,6603.997,6603.997,6600.997,6600.998,0.0018
18.06.2019 12:16:00.000,6600.998,6601.997,6600.997,6600.997,0.0009
18.06.2019 12:17:00.000,6600.998,6600.998,6600.997,6600.997,0.001
18.06.2019 12:18:00.000,6600.997,6600.997,6595.997,6595.997,0.0018
18.06.2019 12:19:00.000,6596.998,6598.997,6596.997,6597.998,0.0042
18.06.2019 12:20:00.000,6597.997,6599.998,6597.997,6598.998,0.0043
18.06.2019 12:21:00.000,6598.998,6601.997,6598.997,6601.997,0.0047
18.06.2019 12:22:00.000,6601.998,6601.998,6597.997,6599.998,0.0079
18.06.2019 12:23:00.000,6599.997,6601.998,6598.998,6600.997,0.0075
18.06.2019 12:24:00.000,6600.998,6603.998,6600.997,6603.998,0.0045
18.06.2019 12:25:00.000,6604.997,6605.998,6602.997,6602.998,0.0018
18.06.2019 12:26:00.000,6602.997,6602.998,6602.997,6602.997,0.0058
18.06.2019 12:27:00.000,6602.998,6602.998,6599.998,6599.998,0.0026
18.06.2019 12:28:00.000,6600.998,6602.998,6600.998,6601.998,0.0121
18.06.2019 12:29:00.000,6601.997,6601.998,6600.997,6601.998,0.0034
18.06.2019 12:30:00.000,6601.998,6602.998,6601.997,6602.998,0.0025
18.06.2019 12:31:00.000,6603.998,6604.997,6603.997,6603.998,0.0041
18.06.2019 12:32:00.000,6603.998,6604.998,6603.997,6603.997,0.0053
18.06.2019 12:33:00.000,6603.997,6604.998,6594.997,6597.998,0.0112
18.06.2019 12:34:00.000,6598.998,6599.998,6597.997,6599.997,0.0106
18.06.2019 12:35:00.000,6599.998,6599.998,6592.997,6593.998,0.0048
18.06.2019 12:36:00.000,6593.998,6595.998,6593.997,6594.998,0.0028
18.06.2019 12:37:00.000,6594.998,6598.997,6594.997,6597.998,0.0015
18.06.2019 12:38:00.000,6597.997,6597.998,6596.997,6596.998,0.0094
18.06.2019 12:39:00.000,6596.997,6597.998,6596.997,6597.998,0.0024
18.06.2019 12:40:00.000,6598.997,6602.998,6598.997,6602.998,0.0019
18.06.2019 12:41:00.000,6602.998,6602.998,6599.997,6599.997,0.0072
18.06.2019 12:42:00.000,6599.998,6599.998,6595.997,6595.997,0.0046
18.06.2019 12:43:00.000,6595.998,6596.998,6594.998,6594.998,0.0028
18.06.2019 12:44:00.000,6594.998,6595.998,6591.997,6592.998,0.0076
18.06.2019 12:45:00.000,6593.997,6593.998,6589.997,6589.997,0.0029
18.06.2019 12:46:00.000,6590.997,6590.998,6588.997,6588.998,0.0061
18.06.2019 12:47:00.000,6588.998,6588.998,6579.998,6579.998,0.0036
18.06.2019 12:48:00.000,6578.998,6587.998,6578.997,6587.997,0.0138
18.06.2019 12:49:00.000,6588.998,6589.998,6584.997,6587.998,0.0108
18.06.2019 12:50:00.000,6588.997,6588.998,6586.997,6588.998,0.0097
18.06.2019 12:51:00.000,6587.998,6587.998,6586.997,6586.998,0.0075
18.06.2019 12:52:00.000,6585.998,6589.998,6583.998,6588.998,0.009
18.06.2019 12:53:00.000,6588.998,6588.998,6586.997,6587.998,0.0035
18.06.2019 12:54:00.000,6587.997,6588.998,6587.997,6588.997,0.0085
18.06.2019 12:55:00.000,6589.997,6591.998,6588.997,6589.997,0.0078
18.06.2019 12:56:00.000,6589.998,6590.998,6589.997,6590.998,0.002
18.06.2019 12:57:00.000,6590.997,6593.998,6590.997,6593.998,0.0015
18.06.2019 12:58:00.000,6593.997,6597.998,6591.998,6596.998,0.016
18.06.2019 12:59:00.000,6596.998,6596.998,6593.997,6596.997,0.0081
18.06.2019 13:00:00.000,6596.998,6598.997,6596.997,6596.998,0.0082
18.06.2019 13:01:00.000,6596.998,6597.998,6596.997,6597.997,0.0067
18.06.2019 13:02:00.000,6597.998,6605.998,6597.998,6603.998,0.0034
18.06.2019 13:03:00.000,6604.997,6608.998,6604.997,6607.998,0.0099
18.06.2019 13:04:00.000,6607.998,6607.998,6605.997,6607.998,0.0022
18.06.2019 13:05:00.000,6607.997,6607.997,6602.997,6603.998,0.011
18.06.2019 13:06:00.000,6603.998,6604.998,6597.997,6597.998,0.0069
18.06.2019 13:07:00.000,6598.997,6601.998,6598.997,6599.998,0.0109
18.06.2019 13:08:00.000,6600.997,6601.998,6599.997,6601.997,0.0062
18.06.2019 13:09:00.000,6600.998,6601.998,6597.998,6599.998,0.0054
18.06.2019 13:10:00.000,6599.997,6602.750,6598.997,6599.998,0.0049
18.06.2019 13:11:00.000,6599.997,6607.998,6599.997,6607.998,0.0125
18.06.2019 13:12:00.000,6607.998,6607.998,6599.998,6599.998,0.0049
18.06.2019 13:13:00.000,6599.997,6613.998,6599.997,6612.998,0.0165
18.06.2019 13:14:00.000,6611.997,6614.998,6610.997,6614.998,0.0098
18.06.2019 13:15:00.000,6612.998,6617.998,6612.998,6616.997,0.0044
18.06.2019 13:16:00.000,6616.998,6616.998,6614.997,6614.998,0.0013
18.06.2019 13:17:00.000,6614.998,6615.998,6614.997,6614.997,0.0015
18.06.2019 13:18:00.000,6615.998,6620.997,6615.997,6618.997,0.006
18.06.2019 13:19:00.000,6619.998,6627.998,6619.998,6627.998,0.0048
18.06.2019 13:20:00.000,6627.998,6629.998,6627.997,6629.997,0.0065
18.06.2019 13:21:00.000,6629.997,6629.998,6623.997,6624.998,0.0068
18.06.2019 13:22:00.000,6624.997,6624.998,6621.997,6622.998,0.0034
18.06.2019 13:23:00.000,6622.998,6622.998,6618.998,6620.997,0.0025
18.06.2019 13:24:00.000,6620.998,6623.997,6619.997,6622.998,0.0026
18.06.2019 13:25:00.000,6621.998,6622.997,6618.998,6621.998,0.0047
18.06.2019 13:26:00.000,6621.997,6623.998,6621.997,6621.998,0.0025
18.06.2019 13:27:00.000,6622.998,6627.998,6622.997,6627.997,0.007
18.06.2019 13:28:00.000,6628.998,6628.998,6621.997,6622.998,0.0085
18.06.2019 13:29:00.000,6622.997,6622.998,6619.997,6619.998,0.0053
18.06.2019 13:30:00.000,6619.998,6625.998,6618.997,6619.998,0.0093
18.06.2019 13:31:00.000,6619.998,6619.998,6615.997,6615.998,0.0107
18.06.2019 13:32:00.000,6615.997,6617.998,6615.997,6615.998,0.0041
18.06.2019 13:33:00.000,6615.997,6619.998,6614.997,6619.998,0.0171
18.06.2019 13:34:00.000,6619.998,6619.998,6607.998,6608.998,0.0118
18.06.2019 13:35:00.000,6608.997,6611.998,6604.998,6604.998,0.0113
18.06.2019 13:36:00.000,6603.998,6606.998,6602.997,6602.997,0.005
18.06.2019 13:37:00.000,6602.998,6602.998,6597.997,6597.998,0.0081
18.06.2019 13:38:00.000,6597.998,6597.998,6594.997,6595.997,0.0068
18.06.2019 13:39:00.000,6596.997,6603.998,6594.998,6602.998,0.0166
18.06.2019 13:40:00.000,6602.998,6602.998,6588.997,6593.998,0.0144
18.06.2019 13:41:00.000,6593.997,6603.998,6593.997,6599.997,0.0201
18.06.2019 13:42:00.000,6597.998,6600.998,6593.997,6595.997,0.0186
18.06.2019 13:43:00.000,6596.998,6598.998,6592.998,6593.998,0.0047
18.06.2019 13:44:00.000,6592.998,6593.998,6585.997,6590.998,0.0105
18.06.2019 13:45:00.000,6591.997,6594.998,6587.997,6594.998,0.0168
18.06.2019 13:46:00.000,6593.998,6596.750,6584.997,6586.998,0.011
18.06.2019 13:47:00.000,6586.997,6590.998,6584.997,6588.998,0.0137
18.06.2019 13:48:00.000,6588.997,6595.997,6588.997,6594.998,0.0135
18.06.2019 13:49:00.000,6594.997,6595.998,6590.997,6590.998,0.0096
18.06.2019 13:50:00.000,6591.998,6594.998,6589.997,6589.998,0.0096
18.06.2019 13:51:00.000,6589.998,6595.998,6589.997,6594.998,0.0187
18.06.2019 13:52:00.000,6594.997,6594.997,6590.997,6591.998,0.0138
18.06.2019 13:53:00.000,6592.997,6593.998,6587.997,6588.998,0.0099
18.06.2019 13:54:00.000,6588.997,6601.998,6588.997,6598.998,0.0128
18.06.2019 13:55:00.000,6598.997,6602.997,6597.998,6598.997,0.0074
18.06.2019 13:56:00.000,6598.998,6600.998,6595.998,6597.997,0.01
18.06.2019 13:57:00.000,6597.997,6599.998,6596.997,6599.997,0.0081
18.06.2019 13:58:00.000,6599.997,6599.998,6594.997,6595.998,0.0063
18.06.2019 13:59:00.000,6596.998,6601.998,6596.997,6601.998,0.0039
18.06.2019 14:00:00.000,6602.997,6603.998,6599.998,6601.997,0.0172
18.06.2019 14:01:00.000,6601.997,6601.997,6593.997,6593.997,0.015
18.06.2019 14:02:00.000,6593.998,6597.998,6592.997,6597.997,0.0079
18.06.2019 14:03:00.000,6597.997,6597.997,6590.997,6591.998,0.006
18.06.2019 14:04:00.000,6590.997,6594.998,6589.998,6594.998,0.0096
18.06.2019 14:05:00.000,6595.998,6597.998,6594.997,6596.998,0.0093
18.06.2019 14:06:00.000,6596.998,6599.998,6596.997,6598.998,0.0103
18.06.2019 14:07:00.000,6599.998,6600.998,6597.997,6600.998,0.0082
18.06.2019 14:08:00.000,6600.997,6602.998,6599.997,6600.997,0.0087
18.06.2019 14:09:00.000,6600.998,6600.998,6599.997,6599.998,0.0089
18.06.2019 14:10:00.000,6600.998,6602.998,6597.997,6597.997,0.0163
18.06.2019 14:11:00.000,6597.998,6601.998,6597.998,6597.998,0.0182
18.06.2019 14:12:00.000,6597.997,6599.998,6596.997,6598.998,0.0037
18.06.2019 14:13:00.000,6598.997,6598.998,6593.998,6594.998,0.0094
18.06.2019 14:14:00.000,6594.997,6598.998,6593.997,6597.997,0.007
18.06.2019 14:15:00.000,6597.998,6598.998,6596.997,6598.998,0.0114
18.06.2019 14:16:00.000,6599.998,6601.998,6598.997,6600.998,0.0081
18.06.2019 14:17:00.000,6602.750,6608.998,6600.997,6608.998,0.0097
18.06.2019 14:18:00.000,6606.997,6608.998,6604.997,6606.998,0.0134
18.06.2019 14:19:00.000,6606.998,6606.998,6604.997,6605.998,0.0082
18.06.2019 14:20:00.000,6606.998,6608.998,6606.997,6607.997,0.0088
18.06.2019 14:21:00.000,6607.998,6607.998,6604.997,6604.998,0.0062
18.06.2019 14:22:00.000,6605.998,6607.998,6604.997,6607.998,0.0059
18.06.2019 14:23:00.000,6608.998,6608.998,6605.997,6607.998,0.0122
18.06.2019 14:24:00.000,6607.998,6611.998,6607.998,6611.997,0.0117
18.06.2019 14:25:00.000,6611.998,6611.998,6605.997,6605.997,0.0076
18.06.2019 14:26:00.000,6605.998,6607.998,6605.997,6606.998,0.0075
18.06.2019 14:27:00.000,6606.997,6607.998,6606.997,6607.998,0.0086
18.06.2019 14:28:00.000,6607.998,6607.998,6603.998,6603.998,0.0064
18.06.2019 14:29:00.000,6603.997,6604.998,6600.998,6604.998,0.0109
18.06.2019 14:30:00.000,6605.998,6605.998,6598.997,6599.997,0.0109
18.06.2019 14:31:00.000,6599.998,6599.998,6597.997,6599.998,0.0059
18.06.2019 14:32:00.000,6600.998,6600.998,6600.997,6600.998,0.0071
18.06.2019 14:33:00.000,6600.997,6602.997,6597.997,6597.998,0.0126
18.06.2019 14:34:00.000,6599.997,6599.998,6596.997,6597.998,0.0102
18.06.2019 14:35:00.000,6597.998,6598.998,6595.997,6595.998,0.0145
18.06.2019 14:36:00.000,6596.998,6599.998,6596.997,6597.998,0.0093
18.06.2019 14:37:00.000,6597.998,6598.998,6596.997,6596.997,0.0107
18.06.2019 14:38:00.000,6596.998,6596.998,6594.997,6595.997,0.0066
18.06.2019 14:39:00.000,6595.998,6599.998,6595.998,6598.998,0.0051
18.06.2019 14:40:00.000,6599.997,6601.998,6599.997,6601.998,0.012
18.06.2019 14:41:00.000,6601.997,6606.998,6600.997,6606.998,0.0106
18.06.2019 14:42:00.000,6605.998,6606.998,6605.997,6606.998,0.0044
18.06.2019 14:43:00.000,6606.997,6607.998,6604.998,6607.998,0.0136
18.06.2019 14:44:00.000,6607.997,6609.998,6605.997,6608.997,0.0121
18.06.2019 14:45:00.000,6609.998,6614.998,6609.997,6613.997,0.007
18.06.2019 14:46:00.000,6613.998,6613.998,6609.997,6609.998,0.0062
18.06.2019 14:47:00.000,6609.998,6611.998,6609.997,6610.997,0.0128
18.06.2019 14:48:00.000,6610.998,6610.998,6605.997,6605.998,0.0113
18.06.2019 14:49:00.000,6605.997,6608.998,6605.997,6606.998,0.0066
18.06.2019 14:50:00.000,6606.997,6606.998,6604.997,6605.998,0.0069
18.06.2019 14:51:00.000,6606.998,6609.998,6605.997,6609.997,0.0068
18.06.2019 14:52:00.000,6610.997,6610.998,6607.997,6608.998,0.006
18.06.2019 14:53:00.000,6608.998,6609.998,6608.997,6608.998,0.0098
18.06.2019 14:54:00.000,6609.998,6609.998,6606.997,6607.998,0.0095
18.06.2019 14:55:00.000,6606.998,6609.998,6605.997,6606.998,0.0146
18.06.2019 14:56:00.000,6607.998,6607.998,6606.997,6607.998,0.006
18.06.2019 14:57:00.000,6607.998,6609.998,6602.997,6604.998,0.0159
18.06.2019 14:58:00.000,6605.998,6606.998,6605.997,6606.997,0.0077
18.06.2019 14:59:00.000,6605.998,6606.998,6601.997,6603.998,0.0104
18.06.2019 15:00:00.000,6603.997,6604.998,6603.997,6603.997,0.0076
18.06.2019 15:01:00.000,6603.998,6603.998,6599.998,6602.998,0.0066
18.06.2019 15:02:00.000,6602.998,6604.998,6601.997,6603.998,0.0085
18.06.2019 15:03:00.000,6603.997,6603.998,6602.997,6602.998,0.0051
18.06.2019 15:04:00.000,6602.997,6604.998,6602.997,6602.998,0.0047
18.06.2019 15:05:00.000,6602.997,6602.997,6600.997,6600.997,0.0056
18.06.2019 15:06:00.000,6600.998,6602.998,6599.997,6600.997,0.0062
18.06.2019 15:07:00.000,6600.998,6601.998,6598.997,6598.997,0.0099
18.06.2019 15:08:00.000,6597.998,6599.998,6595.998,6597.998,0.0089
18.06.2019 15:09:00.000,6597.997,6598.998,6597.997,6598.998,0.0061
18.06.2019 15:10:00.000,6599.998,6599.998,6596.997,6597.998,0.0038
18.06.2019 15:11:00.000,6597.997,6599.998,6597.997,6599.998,0.0092
18.06.2019 15:12:00.000,6599.997,6600.998,6598.997,6600.998,0.0102
18.06.2019 15:13:00.000,6601.997,6602.998,6600.998,6602.998,0.0049
18.06.2019 15:14:00.000,6602.998,6603.998,6601.997,6602.998,0.007
18.06.2019 15:15:00.000,6602.997,6602.998,6598.997,6599.998,0.0121
18.06.2019 15:16:00.000,6599.997,6599.998,6598.997,6599.998,0.007
18.06.2019 15:17:00.000,6599.997,6599.998,6597.997,6598.998,0.0146
18.06.2019 15:18:00.000,6598.997,6599.998,6598.997,6598.998,0.0115
18.06.2019 15:19:00.000,6598.997,6598.998,6596.997,6597.998,0.0056
18.06.2019 15:20:00.000,6597.998,6597.998,6592.997,6594.998,0.0117
18.06.2019 15:21:00.000,6594.998,6597.998,6594.998,6597.997,0.0083
18.06.2019 15:22:00.000,6598.997,6601.997,6598.997,6599.998,0.0159
18.06.2019 15:23:00.000,6598.998,6598.998,6595.997,6595.997,0.0048
18.06.2019 15:24:00.000,6595.998,6596.998,6587.997,6588.998,0.0173
18.06.2019 15:25:00.000,6590.750,6596.998,6590.750,6595.997,0.0454
18.06.2019 15:26:00.000,6594.998,6595.998,6593.997,6594.998,0.01
18.06.2019 15:27:00.000,6593.998,6597.998,6593.998,6595.998,0.015
18.06.2019 15:28:00.000,6595.998,6596.998,6593.997,6594.998,0.0057
18.06.2019 15:29:00.000,6594.997,6596.998,6592.997,6595.998,0.0208
19.06.2019 07:00:00.000,6575.998,6575.998,6575.750,6575.750,0.0012
19.06.2019 07:01:00.000,6567.998,6568.997,6555.997,6556.997,0.0013
19.06.2019 07:04:00.000,6563.998,6575.998,6562.997,6575.997,0.0006
19.06.2019 07:05:00.000,6575.997,6576.998,6556.997,6556.997,0.004
19.06.2019 07:06:00.000,6553.998,6558.998,6553.998,6555.998,0.0012
19.06.2019 07:07:00.000,6555.998,6556.997,6550.997,6550.997,0.0026
19.06.2019 07:08:00.000,6551.998,6554.998,6544.998,6550.998,0.0024
19.06.2019 07:09:00.000,6550.997,6556.998,6547.998,6551.998,0.0027
19.06.2019 07:10:00.000,6547.998,6547.998,6539.997,6540.998,0.0015
19.06.2019 07:11:00.000,6541.998,6547.997,6540.997,6543.998,0.0039
19.06.2019 07:12:00.000,6544.998,6545.998,6540.997,6545.998,0.0021
19.06.2019 07:13:00.000,6545.997,6552.998,6545.997,6550.998,0.0021
19.06.2019 07:14:00.000,6550.998,6553.998,6547.997,6550.998,0.0029
19.06.2019 07:15:00.000,6550.998,6557.998,6545.997,6547.997,0.0029
19.06.2019 07:16:00.000,6547.997,6547.997,6541.997,6543.997,0.0023
19.06.2019 07:17:00.000,6542.998,6549.997,6542.998,6549.997,0.0014
19.06.2019 07:18:00.000,6549.997,6552.998,6549.997,6552.998,0.0015
19.06.2019 07:19:00.000,6552.998,6555.997,6549.998,6551.998,0.0033
19.06.2019 07:20:00.000,6549.998,6550.998,6545.998,6547.997,0.0027
19.06.2019 07:21:00.000,6547.998,6547.998,6543.998,6545.998,0.0039
19.06.2019 07:22:00.000,6545.997,6549.997,6544.997,6547.997,0.0029
19.06.2019 07:23:00.000,6546.998,6548.997,6545.997,6545.997,0.0017
19.06.2019 07:24:00.000,6545.997,6545.997,6539.997,6540.998,0.0049
19.06.2019 07:25:00.000,6540.998,6541.998,6536.998,6540.998,0.0039
19.06.2019 07:26:00.000,6540.997,6543.998,6540.997,6543.998,0.0007
19.06.2019 07:27:00.000,6544.998,6548.998,6544.998,6546.998,0.0025
19.06.2019 07:28:00.000,6546.997,6548.998,6546.997,6548.997,0.0014
19.06.2019 07:29:00.000,6548.998,6549.998,6547.997,6547.998,0.0028
19.06.2019 07:30:00.000,6547.997,6549.998,6545.998,6545.998,0.0035
19.06.2019 07:31:00.000,6546.998,6549.997,6545.998,6547.997,0.0024
19.06.2019 07:32:00.000,6547.997,6550.997,6546.997,6549.997,0.005
19.06.2019 07:33:00.000,6548.998,6550.998,6546.997,6548.998,0.0028
19.06.2019 07:34:00.000,6549.998,6550.997,6547.998,6548.998,0.0028
19.06.2019 07:35:00.000,6548.998,6548.998,6548.997,6548.997,0.0011
19.06.2019 07:36:00.000,6548.997,6549.997,6547.997,6548.997,0.0024
19.06.2019 07:37:00.000,6548.998,6548.998,6547.997,6547.998,0.0017
19.06.2019 07:38:00.000,6548.997,6549.998,6548.997,6549.998,0.0035
19.06.2019 07:39:00.000,6548.997,6549.998,6548.997,6549.997,0.0013
19.06.2019 07:40:00.000,6549.998,6561.998,6548.997,6561.997,0.0071
19.06.2019 07:41:00.000,6561.998,6563.998,6558.997,6561.997,0.0088
19.06.2019 07:42:00.000,6561.997,6562.998,6558.997,6558.998,0.0156
19.06.2019 07:43:00.000,6558.998,6563.997,6557.997,6559.998,0.0084
19.06.2019 07:44:00.000,6559.998,6559.998,6557.998,6558.998,0.0008
19.06.2019 07:45:00.000,6558.998,6559.998,6557.998,6559.998,0.0022
19.06.2019 07:46:00.000,6559.997,6562.998,6559.997,6559.998,0.0035
19.06.2019 07:47:00.000,6559.998,6559.998,6557.997,6557.997,0.0053
19.06.2019 07:48:00.000,6557.998,6558.998,6557.997,6557.997,0.0014
19.06.2019 07:49:00.000,6557.998,6559.998,6551.997,6552.998,0.0052
19.06.2019 07:50:00.000,6552.997,6552.997,6551.997,6552.997,0.0015
19.06.2019 07:51:00.000,6552.998,6552.998,6549.997,6549.998,0.0028
19.06.2019 07:52:00.000,6549.997,6549.997,6543.997,6547.998,0.0053
19.06.2019 07:53:00.000,6547.997,6547.998,6546.998,6547.998,0.001
19.06.2019 07:54:00.000,6547.997,6548.998,6544.998,6544.998,0.0032
19.06.2019 07:55:00.000,6544.997,6544.998,6544.997,6544.998,0.0004
19.06.2019 07:57:00.000,6544.997,6548.998,6542.998,6548.997,0.0038
19.06.2019 07:58:00.000,6548.998,6548.998,6548.997,6548.998,0.0007
19.06.2019 07:59:00.000,6550.998,6550.998,6547.998,6547.998,0.0009
19.06.2019 08:00:00.000,6547.998,6547.998,6545.997,6545.998,0.0028
19.06.2019 08:01:00.000,6546.997,6554.998,6546.997,6552.997,0.006
19.06.2019 08:02:00.000,6552.998,6552.998,6548.997,6548.998,0.0024
19.06.2019 08:03:00.000,6549.997,6551.998,6548.998,6550.997,0.0041
19.06.2019 08:04:00.000,6550.997,6550.998,6547.997,6547.998,0.0026
19.06.2019 08:05:00.000,6546.998,6546.998,6545.997,6545.998,0.0017
19.06.2019 08:06:00.000,6546.997,6550.998,6545.998,6549.998,0.0086
19.06.2019 08:07:00.000,6549.997,6552.998,6548.997,6552.997,0.0054
19.06.2019 08:08:00.000,6551.998,6552.998,6550.997,6550.997,0.0024
19.06.2019 08:09:00.000,6551.998,6552.998,6550.998,6551.998,0.005
19.06.2019 08:10:00.000,6551.997,6552.998,6551.997,6551.997,0.0035
19.06.2019 08:11:00.000,6551.998,6552.998,6549.997,6551.998,0.0048
19.06.2019 08:12:00.000,6551.997,6551.998,6548.998,6548.998,0.0024
19.06.2019 08:13:00.000,6548.998,6550.998,6547.997,6548.997,0.0064
19.06.2019 08:14:00.000,6548.997,6549.998,6548.997,6548.998,0.0015
19.06.2019 08:15:00.000,6548.997,6550.998,6547.997,6547.998,0.0027
19.06.2019 08:16:00.000,6547.998,6547.998,6545.998,6545.998,0.0003
19.06.2019 08:17:00.000,6545.998,6545.998,6544.997,6544.998,0.0011
19.06.2019 08:18:00.000,6543.998,6543.998,6543.998,6543.998,0.0002
19.06.2019 08:19:00.000,6543.997,6543.998,6541.998,6542.998,0.0014
19.06.2019 08:20:00.000,6542.997,6548.998,6542.997,6548.998,0.0042
19.06.2019 08:21:00.000,6548.998,6548.998,6537.998,6537.998,0.0056
19.06.2019 08:22:00.000,6537.997,6540.998,6537.997,6539.997,0.005
19.06.2019 08:23:00.000,6537.998,6539.998,6537.997,6539.997,0.0012
19.06.2019 08:24:00.000,6540.998,6540.998,6533.997,6538.997,0.0051
19.06.2019 08:25:00.000,6538.997,6538.998,6536.997,6537.998,0.0043
19.06.2019 08:26:00.000,6537.997,6537.997,6534.998,6534.998,0.0016
19.06.2019 08:27:00.000,6535.997,6535.998,6534.998,6535.997,0.0031
19.06.2019 08:28:00.000,6535.998,6536.998,6535.997,6536.998,0.0023
19.06.2019 08:29:00.000,6536.998,6536.998,6536.997,6536.998,0.0021
19.06.2019 08:30:00.000,6536.997,6536.998,6533.997,6533.997,0.0037
19.06.2019 08:31:00.000,6535.997,6535.998,6528.997,6528.997,0.0033
19.06.2019 08:32:00.000,6528.998,6535.998,6528.997,6534.998,0.0044
19.06.2019 08:33:00.000,6534.998,6539.998,6534.997,6539.998,0.0037
19.06.2019 08:34:00.000,6539.998,6543.998,6538.997,6542.997,0.0043
19.06.2019 08:35:00.000,6542.998,6544.998,6537.998,6537.998,0.0048
19.06.2019 08:36:00.000,6535.997,6537.998,6532.997,6535.998,0.0024
19.06.2019 08:37:00.000,6535.998,6535.998,6535.997,6535.998,0.0009
19.06.2019 08:38:00.000,6535.997,6535.998,6532.998,6535.998,0.0009
19.06.2019 08:39:00.000,6532.998,6538.998,6532.998,6538.998,0.0036
19.06.2019 08:40:00.000,6538.998,6538.998,6537.997,6537.998,0.002
19.06.2019 08:41:00.000,6538.997,6538.997,6537.997,6537.998,0.0024
19.06.2019 08:42:00.000,6537.998,6537.998,6531.997,6531.998,0.0036
19.06.2019 08:43:00.000,6531.998,6533.998,6530.997,6532.997,0.0013
19.06.2019 08:44:00.000,6532.997,6532.997,6531.998,6531.998,0.0004
19.06.2019 08:45:00.000,6531.997,6534.997,6531.997,6532.998,0.0037
19.06.2019 08:46:00.000,6531.998,6531.998,6527.998,6527.998,0.0008
19.06.2019 08:47:00.000,6527.997,6528.998,6523.998,6523.998,0.0025
19.06.2019 08:48:00.000,6524.998,6530.998,6523.998,6530.998,0.0018
19.06.2019 08:49:00.000,6531.998,6532.998,6530.998,6532.998,0.0013
19.06.2019 08:50:00.000,6532.997,6532.998,6528.997,6528.998,0.0024
19.06.2019 08:51:00.000,6528.998,6529.998,6525.998,6526.998,0.0031
19.06.2019 08:52:00.000,6526.997,6527.998,6524.998,6524.998,0.0024
19.06.2019 08:53:00.000,6526.998,6527.998,6526.998,6526.998,0.0013
19.06.2019 08:54:00.000,6525.998,6533.998,6524.997,6531.997,0.0025
19.06.2019 08:55:00.000,6531.998,6534.998,6521.998,6521.998,0.0093
19.06.2019 08:56:00.000,6520.998,6521.998,6517.998,6517.998,0.0022
19.06.2019 08:57:00.000,6519.997,6519.998,6517.997,6517.997,0.0023
19.06.2019 08:58:00.000,6517.997,6519.998,6515.997,6518.997,0.0026
19.06.2019 08:59:00.000,6517.998,6520.998,6515.997,6520.998,0.0029
19.06.2019 09:00:00.000,6521.998,6521.998,6521.998,6521.998,0.0001
19.06.2019 09:01:00.000,6521.997,6521.997,6520.997,6520.998,0.0011
19.06.2019 09:02:00.000,6521.998,6521.998,6516.997,6516.997,0.0025
19.06.2019 09:03:00.000,6517.997,6519.997,6517.997,6518.998,0.0017
19.06.2019 09:04:00.000,6519.997,6531.998,6519.997,6529.998,0.0046
19.06.2019 09:05:00.000,6528.998,6529.997,6528.997,6528.997,0.0025
19.06.2019 09:06:00.000,6528.750,6528.750,6523.997,6525.998,0.0036
19.06.2019 09:07:00.000,6526.997,6527.998,6525.997,6526.997,0.0033
19.06.2019 09:08:00.000,6527.998,6528.998,6526.998,6528.998,0.0031
19.06.2019 09:09:00.000,6528.997,6528.998,6523.997,6525.998,0.0036
19.06.2019 09:10:00.000,6526.998,6526.998,6521.997,6523.997,0.0039
19.06.2019 09:11:00.000,6523.998,6525.997,6523.998,6525.997,0.0015
19.06.2019 09:12:00.000,6525.998,6525.998,6521.997,6521.998,0.0028
19.06.2019 09:13:00.000,6521.997,6521.998,6519.998,6521.998,0.0018
19.06.2019 09:14:00.000,6521.997,6522.998,6521.997,6521.997,0.0019
19.06.2019 09:15:00.000,6521.998,6521.998,6519.997,6519.998,0.0018
19.06.2019 09:16:00.000,6520.997,6521.998,6517.998,6517.998,0.004
19.06.2019 09:17:00.000,6518.997,6521.998,6518.997,6521.998,0.0025
19.06.2019 09:18:00.000,6521.997,6521.998,6520.997,6520.997,0.0034
19.06.2019 09:19:00.000,6519.998,6520.998,6519.997,6520.998,0.0015
19.06.2019 09:20:00.000,6520.997,6520.998,6519.998,6519.998,0.0007
19.06.2019 09:21:00.000,6520.997,6523.998,6520.997,6523.998,0.0034
19.06.2019 09:22:00.000,6523.997,6523.997,6519.997,6519.998,0.0031
19.06.2019 09:23:00.000,6519.998,6520.998,6517.998,6519.997,0.0041
19.06.2019 09:24:00.000,6520.998,6520.998,6516.997,6517.997,0.0078
19.06.2019 09:25:00.000,6516.998,6519.998,6515.998,6516.998,0.0035
19.06.2019 09:26:00.000,6515.998,6516.998,6513.997,6513.998,0.0014
19.06.2019 09:27:00.000,6515.998,6517.998,6513.997,6513.998,0.0051
19.06.2019 09:28:00.000,6513.997,6514.998,6512.998,6514.998,0.0025
19.06.2019 09:29:00.000,6513.998,6514.998,6510.997,6510.997,0.0037
19.06.2019 09:30:00.000,6510.998,6512.998,6508.997,6511.998,0.0063
19.06.2019 09:31:00.000,6511.998,6514.998,6511.997,6514.998,0.0042
19.06.2019 09:32:00.000,6514.997,6514.997,6511.998,6512.998,0.0008
19.06.2019 09:33:00.000,6513.998,6514.998,6508.997,6508.998,0.0065
19.06.2019 09:34:00.000,6508.997,6510.998,6508.997,6510.997,0.0019
19.06.2019 09:35:00.000,6510.997,6512.998,6510.997,6512.998,0.0026
19.06.2019 09:36:00.000,6511.997,6511.998,6510.997,6510.997,0.003
19.06.2019 09:37:00.000,6510.998,6512.998,6510.998,6511.997,0.0024
19.06.2019 09:38:00.000,6512.997,6518.998,6512.997,6518.997,0.0061
19.06.2019 09:39:00.000,6518.998,6520.998,6518.997,6518.998,0.0025
19.06.2019 09:40:00.000,6518.997,6519.998,6518.997,6518.998,0.0026
19.06.2019 09:41:00.000,6518.997,6518.998,6517.997,6517.998,0.0018
19.06.2019 09:42:00.000,6516.998,6517.998,6515.997,6515.998,0.0036
19.06.2019 09:43:00.000,6515.997,6517.998,6515.997,6517.998,0.0016
19.06.2019 09:44:00.000,6517.998,6518.998,6517.997,6517.998,0.0028
19.06.2019 09:45:00.000,6517.998,6518.998,6517.997,6518.997,0.0027
19.06.2019 09:46:00.000,6518.998,6518.998,6518.997,6518.998,0.0008
19.06.2019 09:47:00.000,6519.998,6520.997,6515.997,6518.997,0.0027
19.06.2019 09:48:00.000,6518.997,6519.998,6517.998,6519.998,0.0039
19.06.2019 09:49:00.000,6519.997,6521.998,6519.997,6520.998,0.0038
19.06.2019 09:50:00.000,6519.997,6520.998,6518.997,6520.998,0.0022
19.06.2019 09:52:00.000,6519.997,6520.998,6513.998,6513.998,0.0032
19.06.2019 09:53:00.000,6513.997,6513.998,6509.998,6510.997,0.0031
19.06.2019 09:54:00.000,6510.997,6511.998,6509.997,6511.998,0.0041
19.06.2019 09:55:00.000,6512.997,6512.998,6507.997,6507.997,0.0031
19.06.2019 09:56:00.000,6507.998,6509.998,6507.998,6508.998,0.0014
19.06.2019 09:57:00.000,6508.997,6508.998,6505.998,6506.998,0.0013
19.06.2019 09:58:00.000,6507.997,6508.998,6506.998,6507.997,0.0028
19.06.2019 09:59:00.000,6507.997,6509.998,6507.997,6509.997,0.0023
19.06.2019 10:00:00.000,6509.998,6510.998,6503.997,6503.998,0.0043
19.06.2019 10:01:00.000,6503.998,6504.997,6502.998,6503.998,0.0028
19.06.2019 10:02:00.000,6503.997,6503.998,6501.997,6501.997,0.0045
19.06.2019 10:03:00.000,6501.998,6503.998,6501.998,6501.998,0.004
19.06.2019 10:04:00.000,6501.998,6501.998,6499.997,6499.998,0.0066
19.06.2019 10:05:00.000,6499.997,6499.997,6495.997,6497.998,0.0043
19.06.2019 10:06:00.000,6497.997,6497.997,6493.997,6494.998,0.0017
19.06.2019 10:07:00.000,6493.998,6494.998,6493.997,6493.998,0.0015
19.06.2019 10:08:00.000,6492.998,6495.998,6490.997,6495.998,0.0061
19.06.2019 10:09:00.000,6495.998,6496.998,6495.997,6495.998,0.0012
19.06.2019 10:10:00.000,6496.998,6496.998,6494.997,6496.997,0.003
19.06.2019 10:11:00.000,6495.998,6495.998,6488.998,6488.998,0.0041
19.06.2019 10:12:00.000,6488.997,6488.998,6488.997,6488.997,0.001
19.06.2019 10:13:00.000,6489.998,6490.998,6488.997,6488.998,0.0017
19.06.2019 10:14:00.000,6488.997,6489.998,6488.997,6488.997,0.0018
19.06.2019 10:15:00.000,6488.998,6495.998,6488.997,6495.998,0.0032
19.06.2019 10:16:00.000,6495.997,6496.998,6488.997,6489.998,0.003
19.06.2019 10:17:00.000,6489.997,6489.998,6489.997,6489.998,0.0009
19.06.2019 10:18:00.000,6489.997,6492.998,6489.997,6489.997,0.0018
19.06.2019 10:19:00.000,6489.997,6489.998,6487.998,6487.998,0.001
19.06.2019 10:20:00.000,6487.997,6491.998,6487.997,6491.997,0.0033
19.06.2019 10:21:00.000,6491.998,6491.998,6486.998,6486.998,0.0014
19.06.2019 10:22:00.000,6486.997,6498.998,6486.997,6498.998,0.0031
19.06.2019 10:23:00.000,6494.998,6498.998,6494.997,6496.997,0.004
19.06.2019 10:24:00.000,6497.998,6498.997,6496.998,6496.998,0.0004
19.06.2019 10:25:00.000,6497.997,6500.997,6497.997,6500.997,0.0028
19.06.2019 10:26:00.000,6500.997,6501.998,6498.997,6498.998,0.0041
19.06.2019 10:28:00.000,6498.998,6500.998,6497.997,6498.997,0.003
19.06.2019 10:29:00.000,6499.997,6504.998,6499.997,6502.997,0.0024
19.06.2019 10:30:00.000,6503.998,6507.998,6501.998,6502.997,0.0094
19.06.2019 10:31:00.000,6502.997,6502.998,6501.997,6502.997,0.0007
19.06.2019 10:32:00.000,6502.998,6502.998,6502.997,6502.998,0.0008
19.06.2019 10:33:00.000,6502.997,6502.998,6500.997,6501.997,0.0006
19.06.2019 10:34:00.000,6501.998,6504.998,6501.997,6502.997,0.0023
19.06.2019 10:35:00.000,6502.998,6503.998,6502.997,6502.998,0.0008
19.06.2019 10:36:00.000,6502.997,6503.997,6502.997,6502.998,0.0008
19.06.2019 10:37:00.000,6502.998,6503.998,6502.997,6502.998,0.0021
19.06.2019 10:38:00.000,6502.997,6502.998,6502.997,6502.998,0.0002
19.06.2019 10:39:00.000,6502.997,6505.998,6502.997,6505.998,0.0022
19.06.2019 10:40:00.000,6505.998,6505.998,6503.997,6503.998,0.0027
19.06.2019 10:41:00.000,6505.750,6505.750,6503.997,6504.998,0.0038
19.06.2019 10:42:00.000,6503.998,6503.998,6501.997,6501.998,0.0017
19.06.2019 10:43:00.000,6501.998,6501.998,6501.998,6501.998,0.0001
19.06.2019 10:45:00.000,6502.998,6503.998,6502.998,6503.997,0.0012
19.06.2019 10:46:00.000,6503.998,6504.998,6502.997,6503.998,0.0038
19.06.2019 10:47:00.000,6503.998,6504.998,6502.997,6503.998,0.002
19.06.2019 10:48:00.000,6502.998,6502.998,6501.997,6502.998,0.0006
19.06.2019 10:49:00.000,6501.998,6502.998,6501.997,6501.998,0.0011
19.06.2019 10:50:00.000,6501.997,6501.997,6498.998,6500.998,0.0035
19.06.2019 10:51:00.000,6500.998,6503.998,6500.997,6502.998,0.0026
19.06.2019 10:52:00.000,6502.998,6503.998,6500.997,6500.998,0.0029
19.06.2019 10:53:00.000,6500.997,6500.998,6498.997,6498.998,0.0012
19.06.2019 10:54:00.000,6498.997,6499.997,6495.997,6498.998,0.0032
19.06.2019 10:55:00.000,6499.997,6501.998,6499.997,6501.998,0.0011
19.06.2019 10:56:00.000,6502.997,6502.998,6501.998,6501.998,0.001
19.06.2019 10:57:00.000,6501.997,6502.998,6501.997,6502.997,0.0025
19.06.2019 10:58:00.000,6502.998,6502.998,6501.997,6501.998,0.0014
19.06.2019 10:59:00.000,6501.997,6502.998,6501.997,6501.998,0.0012
19.06.2019 11:00:00.000,6500.998,6500.998,6500.997,6500.997,0.0005
19.06.2019 11:02:00.000,6501.997,6504.998,6501.997,6504.997,0.0037
19.06.2019 11:03:00.000,6504.998,6507.998,6504.997,6507.997,0.0079
19.06.2019 11:04:00.000,6506.998,6506.998,6504.998,6506.998,0.0019
19.06.2019 11:05:00.000,6506.998,6506.998,6505.997,6506.998,0.0008
19.06.2019 11:06:00.000,6506.997,6506.998,6505.998,6506.998,0.0037
19.06.2019 11:07:00.000,6506.997,6507.998,6506.997,6507.998,0.0028
19.06.2019 11:08:00.000,6507.997,6508.998,6507.997,6508.998,0.0016
19.06.2019 11:09:00.000,6508.997,6508.998,6507.997,6507.998,0.0015
19.06.2019 11:10:00.000,6508.998,6514.998,6508.997,6512.997,0.0056
19.06.2019 11:11:00.000,6514.997,6516.998,6514.997,6516.997,0.0014
19.06.2019 11:12:00.000,6517.998,6522.998,6517.998,6522.998,0.0024
19.06.2019 11:13:00.000,6522.997,6525.998,6522.997,6525.997,0.004
19.06.2019 11:14:00.000,6525.998,6525.998,6522.997,6525.998,0.0025
19.06.2019 11:15:00.000,6525.998,6526.998,6525.997,6525.998,0.0013
19.06.2019 11:16:00.000,6525.998,6526.998,6523.998,6524.997,0.0012
19.06.2019 11:17:00.000,6524.998,6527.998,6524.998,6526.998,0.0019
19.06.2019 11:18:00.000,6526.998,6526.998,6522.997,6522.997,0.0026
19.06.2019 11:19:00.000,6522.997,6526.998,6522.997,6526.998,0.0025
19.06.2019 11:20:00.000,6526.998,6526.998,6522.997,6522.998,0.0053
19.06.2019 11:21:00.000,6523.997,6523.998,6520.997,6521.997,0.0011
19.06.2019 11:22:00.000,6521.998,6522.998,6521.997,6522.997,0.0004
19.06.2019 11:23:00.000,6521.997,6521.998,6521.997,6521.998,0.0015
19.06.2019 11:24:00.000,6521.997,6521.998,6521.997,6521.997,0.0017
19.06.2019 11:25:00.000,6521.998,6521.998,6521.997,6521.998,0.0051
19.06.2019 11:26:00.000,6520.998,6522.998,6520.997,6521.997,0.0034
19.06.2019 11:27:00.000,6522.998,6523.997,6521.998,6521.998,0.0013
19.06.2019 11:28:00.000,6522.998,6522.998,6522.997,6522.998,0.0039
19.06.2019 11:29:00.000,6522.998,6522.998,6522.997,6522.997,0.0011
19.06.2019 11:30:00.000,6522.998,6522.998,6522.997,6522.998,0.0005
19.06.2019 11:31:00.000,6522.997,6531.997,6522.997,6527.998,0.0069
19.06.2019 11:32:00.000,6527.997,6527.998,6527.997,6527.998,0.0009
19.06.2019 11:33:00.000,6527.997,6527.998,6527.997,6527.998,0.0007
19.06.2019 11:34:00.000,6528.997,6528.998,6527.997,6528.998,0.0056
19.06.2019 11:35:00.000,6528.997,6528.998,6526.998,6528.998,0.003
19.06.2019 11:36:00.000,6529.998,6529.998,6527.997,6528.998,0.0045
19.06.2019 11:37:00.000,6529.997,6531.998,6528.997,6528.998,0.0032
19.06.2019 11:38:00.000,6528.997,6528.998,6521.997,6521.998,0.0016
19.06.2019 11:39:00.000,6521.997,6522.998,6521.997,6522.998,0.0024
19.06.2019 11:40:00.000,6522.997,6522.998,6521.997,6522.998,0.0011
19.06.2019 11:41:00.000,6522.997,6522.998,6520.998,6520.998,0.0003
19.06.2019 11:42:00.000,6520.997,6520.998,6518.997,6518.998,0.002
19.06.2019 11:43:00.000,6519.998,6519.998,6513.997,6515.998,0.0027
19.06.2019 11:44:00.000,6514.997,6519.998,6514.997,6519.998,0.0029
19.06.2019 11:45:00.000,6518.998,6519.998,6516.997,6517.998,0.0037
19.06.2019 11:46:00.000,6517.997,6517.997,6515.997,6516.997,0.0046
19.06.2019 11:47:00.000,6516.998,6516.998,6515.997,6515.998,0.003
19.06.2019 11:48:00.000,6515.997,6516.998,6513.997,6516.998,0.0036
19.06.2019 11:49:00.000,6516.997,6517.998,6516.997,6517.998,0.0041
19.06.2019 11:50:00.000,6517.997,6517.998,6516.997,6516.997,0.0018
19.06.2019 11:51:00.000,6516.998,6517.998,6516.997,6517.998,0.0076
19.06.2019 11:52:00.000,6517.998,6517.998,6514.998,6514.998,0.0062
19.06.2019 11:53:00.000,6514.998,6514.998,6513.997,6513.997,0.0021
19.06.2019 11:54:00.000,6513.998,6513.998,6512.998,6513.998,0.0011
19.06.2019 11:55:00.000,6514.998,6514.998,6512.998,6512.998,0.0015
19.06.2019 11:56:00.000,6513.998,6513.998,6512.997,6513.998,0.0047
19.06.2019 11:57:00.000,6514.997,6515.998,6514.997,6515.998,0.0048
19.06.2019 11:58:00.000,6515.998,6517.998,6515.997,6516.998,0.0031
19.06.2019 11:59:00.000,6516.997,6517.998,6516.997,6516.998,0.0043
19.06.2019 12:00:00.000,6516.997,6518.998,6516.997,6518.998,0.0028
19.06.2019 12:01:00.000,6518.997,6518.998,6513.997,6513.998,0.0066
19.06.2019 12:02:00.000,6513.997,6514.998,6513.997,6514.998,0.0007
19.06.2019 12:03:00.000,6514.997,6514.998,6513.997,6513.998,0.0024
19.06.2019 12:04:00.000,6513.997,6513.997,6504.997,6504.998,0.0044
19.06.2019 12:05:00.000,6506.998,6508.998,6505.997,6507.998,0.0033
19.06.2019 12:06:00.000,6506.998,6506.998,6505.997,6505.998,0.0004
19.06.2019 12:08:00.000,6505.997,6506.998,6504.997,6505.998,0.0034
19.06.2019 12:09:00.000,6505.997,6508.997,6505.997,6506.998,0.0019
19.06.2019 12:10:00.000,6506.997,6508.998,6506.997,6507.997,0.0016
19.06.2019 12:11:00.000,6506.998,6507.998,6506.997,6507.998,0.0012
19.06.2019 12:12:00.000,6507.998,6507.998,6505.997,6505.998,0.0056
19.06.2019 12:13:00.000,6507.998,6508.998,6507.997,6507.997,0.0022
19.06.2019 12:14:00.000,6508.998,6508.998,6507.997,6507.997,0.0018
19.06.2019 12:15:00.000,6507.997,6507.997,6503.997,6504.997,0.0034
19.06.2019 12:16:00.000,6505.998,6506.998,6505.997,6505.998,0.0022
19.06.2019 12:17:00.000,6507.750,6509.998,6506.997,6508.997,0.0038
19.06.2019 12:18:00.000,6508.998,6508.998,6506.997,6506.998,0.0033
19.06.2019 12:19:00.000,6507.997,6507.998,6506.998,6507.998,0.0016
19.06.2019 12:20:00.000,6507.997,6507.998,6507.997,6507.998,0.001
19.06.2019 12:21:00.000,6507.997,6509.998,6507.997,6507.997,0.0055
19.06.2019 12:22:00.000,6507.998,6508.998,6507.997,6508.998,0.0016
19.06.2019 12:23:00.000,6508.997,6508.998,6507.997,6507.998,0.0016
19.06.2019 12:24:00.000,6507.997,6507.998,6507.997,6507.998,0.0008
19.06.2019 12:25:00.000,6508.998,6509.998,6507.997,6509.998,0.0034
19.06.2019 12:26:00.000,6509.997,6520.998,6509.997,6518.997,0.0066
19.06.2019 12:27:00.000,6517.998,6518.998,6517.998,6517.998,0.002
19.06.2019 12:28:00.000,6517.997,6517.997,6515.998,6516.998,0.0009
19.06.2019 12:29:00.000,6516.997,6516.998,6515.997,6515.998,0.0018
19.06.2019 12:30:00.000,6516.998,6516.998,6510.997,6510.997,0.0035
19.06.2019 12:31:00.000,6511.998,6511.998,6507.997,6507.997,0.0007
19.06.2019 12:32:00.000,6507.997,6507.998,6506.997,6506.998,0.0019
19.06.2019 12:33:00.000,6506.998,6506.998,6506.997,6506.998,0.0005
19.06.2019 12:34:00.000,6506.997,6509.998,6506.997,6507.998,0.004
19.06.2019 12:35:00.000,6507.997,6508.998,6507.997,6508.997,0.0015
19.06.2019 12:36:00.000,6508.998,6508.998,6506.997,6506.998,0.0034
19.06.2019 12:37:00.000,6506.997,6507.998,6506.997,6507.998,0.0015
19.06.2019 12:38:00.000,6506.997,6509.998,6505.997,6509.998,0.0083
19.06.2019 12:39:00.000,6509.998,6510.998,6508.997,6508.998,0.0037
19.06.2019 12:40:00.000,6508.997,6508.997,6506.997,6507.998,0.0059
19.06.2019 12:41:00.000,6509.998,6511.998,6508.998,6508.998,0.0013
19.06.2019 12:42:00.000,6508.997,6508.998,6506.997,6506.998,0.0006
19.06.2019 12:43:00.000,6506.998,6506.998,6504.997,6504.998,0.0038
19.06.2019 12:44:00.000,6505.998,6505.998,6505.997,6505.997,0.0008
19.06.2019 12:45:00.000,6506.997,6508.998,6505.997,6508.998,0.0074
19.06.2019 12:46:00.000,6507.998,6509.998,6507.998,6509.998,0.0007
19.06.2019 12:47:00.000,6509.998,6509.998,6507.997,6507.997,0.004
19.06.2019 12:48:00.000,6507.998,6507.998,6507.997,6507.998,0.0032
19.06.2019 12:49:00.000,6508.998,6508.998,6504.997,6504.998,0.0028
19.06.2019 12:50:00.000,6504.997,6507.998,6504.997,6505.997,0.0059
19.06.2019 12:51:00.000,6505.998,6505.998,6505.997,6505.997,0.0025
19.06.2019 12:52:00.000,6505.998,6507.998,6504.998,6504.998,0.0026
19.06.2019 12:53:00.000,6504.997,6506.750,6504.997,6504.998,0.0018
19.06.2019 12:54:00.000,6505.998,6507.998,6505.997,6506.998,0.0039
19.06.2019 12:55:00.000,6506.997,6506.997,6504.997,6504.998,0.0028
19.06.2019 12:56:00.000,6505.998,6506.998,6504.997,6505.998,0.0035
19.06.2019 12:57:00.000,6505.997,6508.998,6505.997,6507.997,0.0032
19.06.2019 12:58:00.000,6506.998,6508.998,6505.998,6507.998,0.005
19.06.2019 12:59:00.000,6507.997,6507.998,6506.997,6507.998,0.0022
19.06.2019 13:00:00.000,6507.998,6509.998,6506.998,6507.997,0.008
19.06.2019 13:01:00.000,6507.998,6507.998,6507.997,6507.998,0.002
19.06.2019 13:02:00.000,6507.997,6508.997,6502.998,6502.998,0.0037
19.06.2019 13:03:00.000,6502.998,6502.998,6501.997,6501.998,0.0016
19.06.2019 13:04:00.000,6501.997,6501.998,6499.997,6499.998,0.0014
19.06.2019 13:05:00.000,6499.997,6499.998,6494.997,6495.998,0.0027
19.06.2019 13:06:00.000,6494.998,6494.998,6491.997,6491.998,0.0019
19.06.2019 13:07:00.000,6491.997,6491.998,6487.998,6487.998,0.0011
19.06.2019 13:08:00.000,6488.998,6488.998,6485.997,6485.998,0.0012
19.06.2019 13:09:00.000,6486.998,6486.998,6485.997,6486.997,0.0021
19.06.2019 13:10:00.000,6486.998,6490.998,6485.997,6487.998,0.0044
19.06.2019 13:11:00.000,6487.997,6488.998,6487.997,6488.998,0.0005
19.06.2019 13:12:00.000,6488.997,6488.997,6484.997,6484.997,0.0004
19.06.2019 13:13:00.000,6485.998,6489.998,6485.998,6489.997,0.0041
19.06.2019 13:14:00.000,6489.998,6490.998,6488.997,6488.998,0.002
19.06.2019 13:15:00.000,6488.998,6488.998,6486.997,6486.998,0.0025
19.06.2019 13:16:00.000,6485.998,6485.998,6483.998,6485.998,0.0025
19.06.2019 13:17:00.000,6485.998,6485.998,6484.997,6484.997,0.0009
19.06.2019 13:18:00.000,6484.998,6485.998,6484.997,6484.997,0.0014
19.06.2019 13:19:00.000,6483.997,6483.998,6480.998,6481.998,0.0015
19.06.2019 13:20:00.000,6481.997,6482.998,6480.997,6482.997,0.0018
19.06.2019 13:21:00.000,6482.997,6482.997,6480.998,6480.998,0.0014
19.06.2019 13:22:00.000,6480.998,6481.998,6476.997,6476.998,0.0033
19.06.2019 13:23:00.000,6476.997,6476.997,6471.997,6471.997,0.0008
19.06.2019 13:24:00.000,6471.998,6471.998,6462.998,6462.998,0.0037
19.06.2019 13:25:00.000,6463.997,6467.998,6463.997,6466.998,0.0029
19.06.2019 13:26:00.000,6467.998,6467.998,6456.998,6458.998,0.0041
19.06.2019 13:27:00.000,6458.998,6465.998,6454.998,6465.998,0.007
19.06.2019 13:28:00.000,6466.997,6469.998,6461.997,6468.998,0.005
19.06.2019 13:29:00.000,6469.997,6469.998,6458.997,6458.998,0.0063
19.06.2019 13:30:00.000,6458.997,6460.998,6455.997,6457.998,0.0111
19.06.2019 13:31:00.000,6458.997,6458.997,6446.997,6455.998,0.0079
19.06.2019 13:32:00.000,6456.998,6462.998,6455.998,6461.998,0.0071
19.06.2019 13:33:00.000,6460.998,6464.998,6459.997,6464.998,0.0038
19.06.2019 13:34:00.000,6464.997,6479.998,6464.997,6470.997,0.011
19.06.2019 13:35:00.000,6471.998,6474.998,6467.998,6473.998,0.007
19.06.2019 13:36:00.000,6473.998,6473.998,6468.997,6468.998,0.0098
19.06.2019 13:37:00.000,6469.997,6469.998,6466.998,6469.998,0.0027
19.06.2019 13:38:00.000,6470.998,6473.998,6469.997,6472.998,0.0086
19.06.2019 13:39:00.000,6472.997,6476.998,6470.997,6476.998,0.0042
19.06.2019 13:40:00.000,6476.997,6477.998,6476.997,6477.998,0.0031
19.06.2019 13:41:00.000,6477.997,6478.998,6474.997,6474.998,0.0027
19.06.2019 13:42:00.000,6474.998,6474.998,6471.997,6472.998,0.0023
19.06.2019 13:43:00.000,6472.998,6472.998,6469.998,6470.998,0.0009
19.06.2019 13:44:00.000,6471.998,6473.998,6469.998,6472.997,0.0047
19.06.2019 13:45:00.000,6473.998,6474.998,6472.997,6472.998,0.0057
19.06.2019 13:46:00.000,6473.997,6484.998,6473.997,6483.998,0.0067
19.06.2019 13:47:00.000,6483.997,6490.997,6483.997,6487.997,0.0037
19.06.2019 13:48:00.000,6487.997,6487.998,6482.998,6485.997,0.0024
19.06.2019 13:49:00.000,6485.998,6485.998,6481.998,6484.997,0.005
19.06.2019 13:50:00.000,6484.997,6490.998,6484.997,6489.998,0.0054
19.06.2019 13:51:00.000,6489.997,6489.998,6487.998,6488.998,0.0058
19.06.2019 13:52:00.000,6488.997,6492.998,6488.997,6491.998,0.0073
19.06.2019 13:53:00.000,6491.997,6492.998,6490.997,6491.998,0.0043
19.06.2019 13:54:00.000,6490.998,6491.998,6480.997,6481.998,0.0034
19.06.2019 13:55:00.000,6483.997,6484.998,6481.997,6482.998,0.0019
19.06.2019 13:56:00.000,6484.998,6488.997,6483.997,6483.997,0.0032
19.06.2019 13:57:00.000,6483.998,6485.998,6483.997,6485.997,0.0032
19.06.2019 13:58:00.000,6485.998,6491.998,6484.997,6491.998,0.0043
19.06.2019 13:59:00.000,6492.998,6492.998,6491.997,6491.998,0.003
19.06.2019 14:00:00.000,6491.997,6491.998,6488.998,6489.998,0.002
19.06.2019 14:01:00.000,6489.997,6491.998,6489.997,6490.998,0.007
19.06.2019 14:02:00.000,6491.998,6491.998,6490.997,6491.998,0.0023
19.06.2019 14:03:00.000,6491.997,6497.998,6491.997,6491.997,0.0077
19.06.2019 14:04:00.000,6491.998,6491.998,6489.998,6491.998,0.0036
19.06.2019 14:05:00.000,6492.997,6494.998,6491.997,6493.997,0.0039
19.06.2019 14:06:00.000,6493.998,6495.998,6491.997,6492.998,0.006
19.06.2019 14:07:00.000,6491.997,6492.998,6489.997,6490.998,0.0036
19.06.2019 14:08:00.000,6490.998,6493.998,6490.997,6493.998,0.0038
19.06.2019 14:09:00.000,6494.998,6494.998,6492.997,6492.998,0.0067
19.06.2019 14:10:00.000,6493.998,6493.998,6488.998,6489.997,0.0065
19.06.2019 14:11:00.000,6489.998,6494.998,6489.998,6490.998,0.0111
19.06.2019 14:12:00.000,6489.998,6490.998,6483.998,6483.998,0.0029
19.06.2019 14:13:00.000,6483.997,6483.998,6481.997,6482.997,0.0073
19.06.2019 14:14:00.000,6482.998,6485.997,6482.997,6483.998,0.0065
19.06.2019 14:15:00.000,6483.997,6485.998,6483.997,6485.998,0.0048
19.06.2019 14:16:00.000,6485.998,6486.998,6482.997,6486.997,0.0032
19.06.2019 14:17:00.000,6487.998,6487.998,6485.998,6486.997,0.0069
19.06.2019 14:18:00.000,6486.998,6488.998,6486.997,6486.997,0.0029
19.06.2019 14:19:00.000,6486.998,6489.998,6486.998,6488.998,0.0022
19.06.2019 14:20:00.000,6488.998,6491.998,6488.997,6491.997,0.0029
19.06.2019 14:21:00.000,6491.750,6492.998,6491.750,6492.998,0.0022
19.06.2019 14:22:00.000,6491.998,6491.998,6483.997,6483.998,0.0063
19.06.2019 14:23:00.000,6484.998,6488.998,6484.997,6488.997,0.0016
19.06.2019 14:24:00.000,6488.998,6489.998,6488.997,6489.998,0.0025
19.06.2019 14:25:00.000,6489.997,6490.998,6486.997,6489.998,0.0072
19.06.2019 14:26:00.000,6489.997,6490.998,6489.997,6489.998,0.0023
19.06.2019 14:27:00.000,6489.997,6489.998,6487.998,6487.998,0.0025
19.06.2019 14:28:00.000,6487.998,6490.997,6486.997,6489.998,0.0096
19.06.2019 14:29:00.000,6489.997,6489.997,6488.997,6488.998,0.002
19.06.2019 14:30:00.000,6487.997,6487.998,6480.997,6481.998,0.0063
19.06.2019 14:31:00.000,6481.998,6482.998,6481.997,6481.998,0.0072
19.06.2019 14:32:00.000,6481.998,6483.997,6480.997,6482.997,0.0053
19.06.2019 14:33:00.000,6482.998,6484.998,6482.997,6483.998,0.002
19.06.2019 14:34:00.000,6482.998,6482.998,6478.998,6479.997,0.0043
19.06.2019 14:35:00.000,6479.998,6479.998,6477.997,6477.998,0.0021
19.06.2019 14:36:00.000,6477.997,6478.998,6471.997,6471.998,0.0062
19.06.2019 14:37:00.000,6470.997,6470.998,6468.997,6468.998,0.0041
19.06.2019 14:38:00.000,6470.998,6472.998,6470.997,6471.997,0.0041
19.06.2019 14:39:00.000,6471.998,6471.998,6466.997,6466.997,0.0023
19.06.2019 14:40:00.000,6466.998,6471.998,6466.997,6471.998,0.0043
19.06.2019 14:41:00.000,6471.997,6471.998,6469.997,6469.998,0.0052
19.06.2019 14:42:00.000,6470.997,6474.997,6470.997,6472.998,0.0041
19.06.2019 14:43:00.000,6472.998,6473.998,6472.997,6472.997,0.0011
19.06.2019 14:44:00.000,6472.998,6473.998,6471.998,6473.997,0.0059
19.06.2019 14:45:00.000,6473.998,6473.998,6472.997,6473.997,0.0037
19.06.2019 14:46:00.000,6473.998,6474.998,6471.997,6474.998,0.0101
19.06.2019 14:47:00.000,6475.997,6481.998,6475.997,6479.998,0.0077
19.06.2019 14:48:00.000,6479.997,6479.998,6478.997,6478.998,0.004
19.06.2019 14:49:00.000,6478.997,6478.998,6476.997,6477.998,0.0085
19.06.2019 14:50:00.000,6477.998,6477.998,6476.997,6477.997,0.007
19.06.2019 14:51:00.000,6477.998,6480.998,6475.997,6476.998,0.019
19.06.2019 14:52:00.000,6476.997,6479.998,6476.997,6479.998,0.0112
19.06.2019 14:53:00.000,6479.997,6479.998,6477.997,6478.998,0.0053
19.06.2019 14:54:00.000,6479.998,6480.998,6477.998,6479.997,0.0055
19.06.2019 14:55:00.000,6479.998,6480.998,6479.997,6480.997,0.005
19.06.2019 14:56:00.000,6480.998,6487.998,6479.997,6487.998,0.0075
19.06.2019 14:57:00.000,6487.997,6488.998,6486.997,6487.997,0.0082
19.06.2019 14:58:00.000,6487.998,6487.998,6486.997,6486.998,0.0027
19.06.2019 14:59:00.000,6487.998,6489.998,6487.997,6489.998,0.008
19.06.2019 15:00:00.000,6489.998,6490.998,6488.997,6490.998,0.0068
19.06.2019 15:01:00.000,6490.997,6492.998,6489.998,6490.998,0.009
19.06.2019 15:02:00.000,6490.997,6492.998,6488.997,6492.998,0.011
19.06.2019 15:03:00.000,6492.997,6493.998,6492.997,6492.998,0.0095
19.06.2019 15:04:00.000,6492.997,6493.998,6491.997,6492.997,0.005
19.06.2019 15:05:00.000,6492.998,6492.998,6492.997,6492.998,0.0012
19.06.2019 15:06:00.000,6493.997,6493.997,6491.997,6491.998,0.0102
19.06.2019 15:07:00.000,6491.997,6491.998,6489.997,6490.997,0.0066
19.06.2019 15:08:00.000,6490.998,6492.998,6490.998,6491.997,0.0064
19.06.2019 15:09:00.000,6491.998,6492.998,6490.997,6490.998,0.0136
19.06.2019 15:10:00.000,6490.997,6491.998,6489.997,6490.997,0.0076
19.06.2019 15:11:00.000,6490.997,6492.998,6489.997,6491.998,0.0101
19.06.2019 15:12:00.000,6491.997,6491.998,6488.997,6488.998,0.0035
19.06.2019 15:13:00.000,6489.998,6490.998,6489.997,6489.998,0.0036
19.06.2019 15:14:00.000,6489.997,6490.998,6489.997,6490.997,0.007
19.06.2019 15:15:00.000,6490.998,6492.998,6490.997,6490.998,0.0038
19.06.2019 15:16:00.000,6489.998,6494.998,6489.998,6494.998,0.0071
19.06.2019 15:17:00.000,6493.997,6494.998,6493.997,6493.998,0.0173
19.06.2019 15:18:00.000,6493.997,6494.998,6491.997,6491.998,0.011
19.06.2019 15:19:00.000,6491.997,6491.998,6488.997,6488.998,0.0034
19.06.2019 15:20:00.000,6487.997,6489.998,6487.997,6489.998,0.0048
19.06.2019 15:21:00.000,6489.997,6490.998,6488.997,6490.997,0.0098
19.06.2019 15:22:00.000,6490.998,6491.998,6489.997,6491.998,0.0198
19.06.2019 15:23:00.000,6491.997,6493.998,6490.998,6493.998,0.0193
19.06.2019 15:24:00.000,6493.997,6494.997,6491.997,6492.998,0.0146
19.06.2019 15:25:00.000,6492.997,6492.998,6490.997,6490.997,0.0213
19.06.2019 15:26:00.000,6490.998,6491.998,6490.997,6490.998,0.0116
19.06.2019 15:27:00.000,6490.997,6492.998,6490.997,6492.998,0.0076
19.06.2019 15:28:00.000,6492.997,6495.998,6492.997,6495.998,0.0204
19.06.2019 15:29:00.000,6495.997,6497.998,6492.997,6492.997,0.0189
20.06.2019 07:00:00.000,6488.997,6493.998,6488.997,6492.998,0.0002
20.06.2019 07:01:00.000,6488.998,6488.998,6477.997,6477.998,0.0015
20.06.2019 07:02:00.000,6477.997,6478.998,6473.997,6475.998,0.0017
20.06.2019 07:03:00.000,6475.750,6475.750,6467.998,6467.998,0.0002
20.06.2019 07:04:00.000,6460.998,6460.998,6460.998,6460.998,0.0001
20.06.2019 07:05:00.000,6453.998,6457.997,6444.997,6450.998,0.0038
20.06.2019 07:06:00.000,6450.997,6457.998,6445.998,6456.998,0.0039
20.06.2019 07:07:00.000,6456.997,6456.997,6422.998,6438.998,0.0095
20.06.2019 07:08:00.000,6438.997,6446.997,6428.997,6446.997,0.0083
20.06.2019 07:09:00.000,6446.998,6449.998,6438.997,6449.998,0.0065
20.06.2019 07:10:00.000,6444.997,6451.998,6443.997,6447.998,0.0042
20.06.2019 07:11:00.000,6447.997,6464.998,6447.997,6463.998,0.0064
20.06.2019 07:12:00.000,6463.997,6463.998,6452.997,6459.998,0.0046
20.06.2019 07:13:00.000,6459.998,6463.998,6453.998,6458.998,0.0066
20.06.2019 07:14:00.000,6458.998,6458.998,6443.998,6444.997,0.0057
20.06.2019 07:15:00.000,6444.998,6446.998,6437.997,6442.998,0.004
20.06.2019 07:16:00.000,6442.997,6443.997,6435.997,6440.998,0.0068
20.06.2019 07:17:00.000,6440.997,6447.997,6440.997,6441.998,0.0026
20.06.2019 07:18:00.000,6443.997,6443.998,6433.998,6433.998,0.0044
20.06.2019 07:19:00.000,6430.998,6433.998,6425.997,6426.998,0.0052
20.06.2019 07:20:00.000,6426.998,6432.998,6422.997,6431.998,0.0069
20.06.2019 07:21:00.000,6434.997,6437.998,6427.998,6427.998,0.0053
20.06.2019 07:22:00.000,6429.998,6429.998,6422.997,6423.997,0.0037
20.06.2019 07:23:00.000,6425.750,6425.998,6413.997,6415.997,0.0075
20.06.2019 07:24:00.000,6415.998,6419.998,6410.997,6410.998,0.005
20.06.2019 07:25:00.000,6410.998,6415.998,6410.997,6414.998,0.0033
20.06.2019 07:26:00.000,6414.998,6417.998,6410.997,6417.998,0.0052
20.06.2019 07:27:00.000,6417.997,6419.998,6417.997,6418.998,0.006
20.06.2019 07:28:00.000,6418.997,6421.997,6415.998,6421.997,0.0072
20.06.2019 07:29:00.000,6421.998,6426.998,6418.998,6426.998,0.0036
20.06.2019 07:30:00.000,6426.500,6426.500,6419.998,6423.997,0.0059
20.06.2019 07:31:00.000,6423.997,6423.997,6413.998,6414.998,0.0033
20.06.2019 07:32:00.000,6414.997,6415.998,6411.997,6413.998,0.0044
20.06.2019 07:33:00.000,6414.998,6417.998,6409.997,6410.998,0.0044
20.06.2019 07:34:00.000,6410.998,6415.998,6410.998,6411.997,0.0052
20.06.2019 07:35:00.000,6411.998,6412.998,6410.997,6412.997,0.0032
20.06.2019 07:36:00.000,6412.998,6412.998,6408.998,6412.998,0.0044
20.06.2019 07:37:00.000,6412.998,6418.998,6411.998,6418.998,0.0057
20.06.2019 07:38:00.000,6415.997,6416.998,6413.998,6414.998,0.0015
20.06.2019 07:39:00.000,6414.997,6419.998,6414.997,6419.998,0.0007
20.06.2019 07:40:00.000,6418.998,6418.998,6413.997,6414.998,0.0016
20.06.2019 07:41:00.000,6414.998,6415.998,6413.997,6414.998,0.0035
20.06.2019 07:42:00.000,6415.997,6415.998,6413.997,6414.998,0.0019
20.06.2019 07:43:00.000,6414.998,6414.998,6411.997,6412.998,0.0028
20.06.2019 07:44:00.000,6411.998,6418.998,6411.998,6413.998,0.0067
20.06.2019 07:45:00.000,6413.997,6418.998,6412.997,6417.998,0.0055
20.06.2019 07:46:00.000,6419.998,6419.998,6412.997,6413.998,0.0047
20.06.2019 07:47:00.000,6414.998,6415.997,6412.998,6413.997,0.0013
20.06.2019 07:48:00.000,6414.998,6426.998,6413.998,6426.998,0.004
20.06.2019 07:49:00.000,6428.997,6429.998,6425.998,6425.998,0.0037
20.06.2019 07:50:00.000,6425.998,6431.998,6422.998,6424.998,0.0072
20.06.2019 07:51:00.000,6424.997,6429.998,6424.997,6426.998,0.0058
20.06.2019 07:52:00.000,6427.998,6429.998,6424.997,6425.998,0.0068
20.06.2019 07:53:00.000,6425.998,6436.998,6424.998,6436.997,0.0068
20.06.2019 07:54:00.000,6436.997,6436.998,6434.998,6434.998,0.0046
20.06.2019 07:55:00.000,6434.998,6435.998,6431.997,6433.998,0.0038
20.06.2019 07:56:00.000,6434.998,6435.998,6426.998,6426.998,0.0032
20.06.2019 07:57:00.000,6425.998,6428.998,6421.997,6422.998,0.0033
20.06.2019 07:58:00.000,6422.997,6422.997,6412.997,6413.998,0.0032
20.06.2019 07:59:00.000,6411.998,6411.998,6407.997,6409.998,0.0027
20.06.2019 08:00:00.000,6409.997,6409.998,6405.998,6406.997,0.0063
20.06.2019 08:01:00.000,6406.998,6406.998,6401.997,6403.997,0.0015
20.06.2019 08:02:00.000,6404.998,6404.998,6397.997,6398.998,0.0072
20.06.2019 08:03:00.000,6398.997,6399.997,6394.998,6395.997,0.0072
20.06.2019 08:04:00.000,6395.998,6398.998,6395.998,6396.997,0.0033
20.06.2019 08:05:00.000,6395.998,6397.998,6391.998,6391.998,0.0063
20.06.2019 08:06:00.000,6391.997,6394.998,6391.997,6392.998,0.0047
20.06.2019 08:07:00.000,6394.998,6397.998,6394.997,6394.998,0.0043
20.06.2019 08:08:00.000,6394.997,6414.997,6394.997,6406.998,0.0154
20.06.2019 08:09:00.000,6407.997,6409.998,6404.998,6404.998,0.0056
20.06.2019 08:10:00.000,6406.998,6407.998,6400.998,6400.998,0.0035
20.06.2019 08:11:00.000,6401.997,6404.998,6401.997,6404.998,0.0077
20.06.2019 08:12:00.000,6404.998,6405.998,6402.997,6405.998,0.002
20.06.2019 08:13:00.000,6405.997,6405.997,6401.997,6403.998,0.0011
20.06.2019 08:14:00.000,6403.998,6405.998,6401.998,6402.998,0.0032
20.06.2019 08:15:00.000,6403.997,6404.998,6401.997,6403.998,0.0033
20.06.2019 08:16:00.000,6402.998,6402.998,6397.998,6397.998,0.0026
20.06.2019 08:17:00.000,6396.998,6400.998,6394.998,6400.997,0.0032
20.06.2019 08:18:00.000,6400.998,6401.998,6397.997,6398.998,0.0054
20.06.2019 08:19:00.000,6398.998,6398.998,6396.997,6397.997,0.0008
20.06.2019 08:20:00.000,6397.998,6400.998,6394.997,6395.998,0.0058
20.06.2019 08:21:00.000,6395.750,6395.750,6390.997,6390.998,0.0022
20.06.2019 08:22:00.000,6390.998,6390.998,6389.998,6389.998,0.0006
20.06.2019 08:23:00.000,6389.997,6389.998,6385.997,6386.998,0.0013
20.06.2019 08:24:00.000,6388.750,6388.750,6379.998,6379.998,0.0018
20.06.2019 08:25:00.000,6379.997,6379.998,6376.997,6376.998,0.0022
20.06.2019 08:26:00.000,6376.998,6393.998,6376.997,6392.997,0.0046
20.06.2019 08:27:00.000,6392.998,6392.998,6388.997,6390.998,0.0028
20.06.2019 08:28:00.000,6390.997,6390.998,6390.997,6390.998,0.0015
20.06.2019 08:29:00.000,6390.997,6390.998,6386.998,6386.998,0.003
20.06.2019 08:30:00.000,6387.997,6392.998,6386.998,6392.998,0.0035
20.06.2019 08:31:00.000,6393.998,6393.998,6391.997,6393.998,0.0039
20.06.2019 08:32:00.000,6392.998,6399.997,6391.998,6397.997,0.0047
20.06.2019 08:33:00.000,6397.998,6409.998,6396.997,6409.998,0.0058
20.06.2019 08:34:00.000,6409.997,6409.998,6402.998,6408.997,0.0067
20.06.2019 08:35:00.000,6408.998,6409.998,6406.997,6408.998,0.0052
20.06.2019 08:36:00.000,6408.998,6409.998,6406.998,6407.998,0.0043
20.06.2019 08:37:00.000,6407.997,6410.998,6407.997,6408.997,0.0031
20.06.2019 08:38:00.000,6408.998,6408.998,6403.998,6403.998,0.0009
20.06.2019 08:39:00.000,6405.997,6409.998,6402.997,6408.998,0.0023
20.06.2019 08:40:00.000,6408.997,6408.998,6405.997,6406.998,0.001
20.06.2019 08:41:00.000,6406.998,6406.998,6403.997,6404.997,0.0015
20.06.2019 08:42:00.000,6405.997,6409.998,6405.997,6407.998,0.0028
20.06.2019 08:43:00.000,6407.998,6407.998,6403.997,6405.998,0.0027
20.06.2019 08:44:00.000,6406.997,6408.998,6405.998,6406.998,0.0021
20.06.2019 08:45:00.000,6405.998,6413.998,6405.997,6408.998,0.0084
20.06.2019 08:46:00.000,6408.998,6419.998,6408.997,6414.998,0.0072
20.06.2019 08:47:00.000,6414.997,6417.998,6410.998,6417.998,0.0045
20.06.2019 08:48:00.000,6417.998,6422.998,6417.997,6419.998,0.0045
20.06.2019 08:49:00.000,6417.998,6421.997,6417.997,6419.998,0.0038
20.06.2019 08:50:00.000,6419.998,6426.998,6416.997,6421.998,0.0079
20.06.2019 08:51:00.000,6421.998,6421.998,6418.997,6420.998,0.0039
20.06.2019 08:52:00.000,6419.998,6420.998,6415.998,6417.998,0.0013
20.06.2019 08:53:00.000,6418.998,6418.998,6417.997,6417.998,0.0002
20.06.2019 08:54:00.000,6417.998,6417.998,6411.997,6411.998,0.0013
20.06.2019 08:55:00.000,6412.998,6416.997,6411.997,6414.998,0.0025
20.06.2019 08:56:00.000,6413.998,6415.998,6413.998,6415.997,0.0032
20.06.2019 08:57:00.000,6415.998,6420.998,6415.997,6418.997,0.0047
20.06.2019 08:58:00.000,6418.998,6419.998,6416.997,6416.998,0.0016
20.06.2019 08:59:00.000,6416.998,6419.998,6416.998,6418.997,0.0008
20.06.2019 09:00:00.000,6418.998,6422.998,6418.998,6422.998,0.001
20.06.2019 09:01:00.000,6423.998,6423.998,6422.997,6423.998,0.0031
20.06.2019 09:02:00.000,6423.997,6423.998,6421.997,6421.998,0.0055
20.06.2019 09:03:00.000,6421.997,6422.998,6418.998,6418.998,0.0011
20.06.2019 09:04:00.000,6418.998,6418.998,6414.997,6417.998,0.002
20.06.2019 09:05:00.000,6417.997,6424.997,6417.997,6423.998,0.0015
20.06.2019 09:06:00.000,6423.998,6424.998,6418.998,6418.998,0.0014
20.06.2019 09:07:00.000,6418.998,6419.998,6414.997,6415.997,0.0041
20.06.2019 09:08:00.000,6415.998,6416.998,6415.998,6416.998,0.0001
20.06.2019 09:09:00.000,6416.997,6417.998,6415.997,6415.997,0.0052
20.06.2019 09:10:00.000,6415.998,6415.998,6415.997,6415.998,0.0001
20.06.2019 09:11:00.000,6416.997,6417.998,6415.997,6415.998,0.0025
20.06.2019 09:12:00.000,6415.998,6417.998,6415.997,6415.998,0.0025
20.06.2019 09:13:00.000,6416.997,6422.998,6416.997,6418.998,0.0021
20.06.2019 09:14:00.000,6418.998,6418.998,6415.997,6416.998,0.0016
20.06.2019 09:15:00.000,6416.997,6416.998,6416.997,6416.998,0.0003
20.06.2019 09:17:00.000,6417.998,6417.998,6407.998,6407.998,0.002
20.06.2019 09:18:00.000,6406.998,6407.998,6402.997,6403.997,0.0035
20.06.2019 09:19:00.000,6403.998,6404.998,6399.998,6401.998,0.0019
20.06.2019 09:20:00.000,6402.997,6403.998,6400.998,6402.997,0.0007
20.06.2019 09:21:00.000,6402.998,6408.997,6402.998,6402.998,0.0032
20.06.2019 09:22:00.000,6404.998,6404.998,6400.998,6401.998,0.0012
20.06.2019 09:23:00.000,6401.997,6401.998,6397.998,6398.997,0.0022
20.06.2019 09:24:00.000,6398.998,6399.997,6394.997,6395.997,0.0012
20.06.2019 09:25:00.000,6395.997,6395.997,6391.998,6393.997,0.0007
20.06.2019 09:26:00.000,6394.998,6394.998,6389.998,6391.998,0.0017
20.06.2019 09:27:00.000,6392.998,6394.998,6391.998,6393.998,0.0009
20.06.2019 09:28:00.000,6391.998,6393.998,6388.998,6390.998,0.0011
20.06.2019 09:29:00.000,6390.997,6391.998,6390.997,6390.998,0.0005
20.06.2019 09:30:00.000,6390.997,6391.998,6388.998,6389.998,0.0003
20.06.2019 09:31:00.000,6390.998,6393.998,6390.998,6392.998,0.0034
20.06.2019 09:32:00.000,6392.998,6396.998,6392.997,6396.998,0.0012
20.06.2019 09:33:00.000,6396.998,6396.998,6393.997,6393.998,0.0009
20.06.2019 09:34:00.000,6393.998,6393.998,6389.997,6391.998,0.0026
20.06.2019 09:35:00.000,6391.998,6391.998,6391.997,6391.998,0.0001
20.06.2019 09:36:00.000,6391.998,6393.998,6391.998,6393.998,0.0005
20.06.2019 09:37:00.000,6393.998,6396.998,6391.997,6396.998,0.0021
20.06.2019 09:38:00.000,6397.997,6397.998,6394.998,6396.998,0.0007
20.06.2019 09:39:00.000,6396.997,6397.998,6392.998,6397.998,0.0016
20.06.2019 09:40:00.000,6398.997,6398.998,6398.997,6398.998,0
20.06.2019 09:41:00.000,6398.997,6398.998,6395.997,6397.998,0.0005
20.06.2019 09:42:00.000,6397.997,6397.997,6395.998,6396.998,0.0016
20.06.2019 09:43:00.000,6397.998,6404.998,6396.997,6404.998,0.0019
20.06.2019 09:45:00.000,6404.997,6404.997,6399.998,6401.997,0.0012
20.06.2019 09:46:00.000,6402.997,6402.998,6401.997,6402.998,0.001
20.06.2019 09:47:00.000,6401.997,6401.997,6399.998,6399.998,0.0016
20.06.2019 09:48:00.000,6399.997,6399.998,6399.997,6399.997,0.0016
20.06.2019 09:49:00.000,6399.998,6399.998,6399.997,6399.998,0.0016
20.06.2019 09:50:00.000,6399.998,6403.998,6399.997,6403.997,0.0023
20.06.2019 09:51:00.000,6403.998,6404.997,6403.997,6403.997,0.0018
20.06.2019 09:52:00.000,6403.997,6403.998,6400.997,6401.998,0.0028
20.06.2019 09:53:00.000,6399.998,6401.998,6399.997,6401.998,0.0017
20.06.2019 09:54:00.000,6401.998,6401.998,6399.997,6399.997,0.0019
20.06.2019 09:55:00.000,6399.998,6399.998,6397.997,6398.998,0.0024
20.06.2019 09:56:00.000,6398.997,6398.998,6396.997,6398.998,0.0016
20.06.2019 09:57:00.000,6398.997,6398.997,6396.997,6397.997,0.0013
20.06.2019 09:58:00.000,6397.998,6397.998,6397.998,6397.998,0.0003
20.06.2019 09:59:00.000,6397.997,6397.998,6397.997,6397.998,0.0015
20.06.2019 10:00:00.000,6398.998,6403.998,6398.997,6403.998,0.0043
20.06.2019 10:01:00.000,6404.998,6404.998,6403.997,6403.998,0.0002
20.06.2019 10:02:00.000,6403.998,6404.997,6403.997,6403.997,0.0013
20.06.2019 10:03:00.000,6403.998,6403.998,6402.998,6402.998,0.0013
20.06.2019 10:04:00.000,6402.997,6403.997,6399.998,6403.997,0.0027
20.06.2019 10:05:00.000,6403.998,6405.998,6401.997,6403.998,0.0045
20.06.2019 10:06:00.000,6403.998,6404.998,6403.997,6404.998,0.0012
20.06.2019 10:07:00.000,6404.997,6404.998,6404.997,6404.998,0.0005
20.06.2019 10:08:00.000,6404.997,6404.997,6403.998,6403.998,0.0002
20.06.2019 10:09:00.000,6403.997,6403.998,6401.997,6401.997,0.0012
20.06.2019 10:10:00.000,6400.997,6401.998,6391.998,6392.997,0.0055
20.06.2019 10:11:00.000,6392.998,6393.998,6392.998,6393.998,0.0002
20.06.2019 10:12:00.000,6391.997,6391.998,6390.998,6391.998,0.0004
20.06.2019 10:13:00.000,6392.998,6394.998,6392.997,6393.998,0.0016
20.06.2019 10:14:00.000,6394.998,6395.998,6393.998,6394.998,0.0025
20.06.2019 10:15:00.000,6393.998,6393.998,6393.997,6393.998,0.0001
20.06.2019 10:16:00.000,6393.998,6393.998,6391.997,6391.998,0.0007
20.06.2019 10:17:00.000,6391.998,6392.997,6391.997,6391.998,0.0011
20.06.2019 10:18:00.000,6391.997,6391.998,6389.998,6390.998,0.0013
20.06.2019 10:19:00.000,6388.998,6395.998,6387.998,6395.998,0.0053
20.06.2019 10:20:00.000,6395.997,6401.998,6395.997,6399.998,0.0047
20.06.2019 10:21:00.000,6398.997,6399.998,6393.997,6395.998,0.0052
20.06.2019 10:22:00.000,6394.997,6396.997,6393.997,6395.997,0.0021
20.06.2019 10:23:00.000,6395.998,6395.998,6393.997,6393.998,0.0031
20.06.2019 10:24:00.000,6394.998,6394.998,6393.997,6394.997,0.0016
20.06.2019 10:25:00.000,6394.998,6396.998,6393.997,6393.998,0.0023
20.06.2019 10:26:00.000,6393.997,6394.997,6390.998,6391.998,0.0017
20.06.2019 10:27:00.000,6391.997,6391.998,6390.997,6390.997,0.0016
20.06.2019 10:28:00.000,6390.998,6390.998,6388.997,6388.997,0.0015
20.06.2019 10:29:00.000,6388.998,6388.998,6386.998,6388.998,0.0016
20.06.2019 10:30:00.000,6388.998,6390.998,6388.997,6390.998,0.0033
20.06.2019 10:31:00.000,6391.998,6391.998,6390.997,6391.998,0.0023
20.06.2019 10:32:00.000,6391.998,6392.997,6391.997,6392.997,0.0011
20.06.2019 10:33:00.000,6392.998,6393.998,6390.997,6392.998,0.0049
20.06.2019 10:34:00.000,6392.998,6392.998,6390.997,6392.998,0.0024
20.06.2019 10:35:00.000,6390.997,6392.998,6390.997,6392.998,0.0009
20.06.2019 10:36:00.000,6392.997,6394.998,6392.997,6394.998,0.0046
20.06.2019 10:37:00.000,6395.997,6397.998,6395.997,6395.998,0.0022
20.06.2019 10:38:00.000,6396.997,6397.998,6396.997,6397.997,0.001
20.06.2019 10:39:00.000,6397.997,6397.998,6396.997,6396.997,0.0008
20.06.2019 10:40:00.000,6395.998,6395.998,6394.997,6395.997,0.003
20.06.2019 10:41:00.000,6396.998,6396.998,6390.998,6390.998,0.0053
20.06.2019 10:42:00.000,6390.997,6390.998,6390.997,6390.998,0.0002
20.06.2019 10:43:00.000,6390.997,6392.998,6390.997,6391.998,0.0011
20.06.2019 10:44:00.000,6391.998,6391.998,6386.998,6386.998,0.0023
20.06.2019 10:45:00.000,6386.998,6390.998,6386.998,6390.997,0.0025
20.06.2019 10:46:00.000,6390.750,6390.750,6388.997,6389.997,0.0007
20.06.2019 10:47:00.000,6389.997,6390.997,6389.997,6389.998,0.0006
20.06.2019 10:48:00.000,6388.998,6388.998,6387.998,6388.997,0.001
20.06.2019 10:49:00.000,6388.997,6389.998,6387.998,6388.998,0.0033
20.06.2019 10:50:00.000,6388.998,6388.998,6387.997,6387.997,0.0002
20.06.2019 10:51:00.000,6386.998,6387.998,6386.997,6387.997,0.0015
20.06.2019 10:52:00.000,6387.997,6388.998,6387.997,6388.998,0.0013
20.06.2019 10:53:00.000,6388.997,6389.998,6387.997,6387.998,0.002
20.06.2019 10:54:00.000,6388.997,6388.998,6388.997,6388.998,0.0001
20.06.2019 10:55:00.000,6388.997,6390.998,6388.997,6390.997,0.0021
20.06.2019 10:56:00.000,6392.997,6392.998,6391.997,6391.997,0.0018
20.06.2019 10:57:00.000,6390.997,6390.998,6390.997,6390.998,0.0007
20.06.2019 10:58:00.000,6390.997,6390.998,6390.997,6390.997,0.001
20.06.2019 10:59:00.000,6390.998,6390.998,6388.997,6388.998,0.0017
20.06.2019 11:00:00.000,6388.997,6388.997,6383.998,6383.998,0.0005
20.06.2019 11:02:00.000,6393.998,6411.998,6393.997,6408.998,0.0051
20.06.2019 11:03:00.000,6408.998,6410.998,6407.997,6408.998,0.0035
20.06.2019 11:04:00.000,6408.998,6408.998,6399.997,6399.997,0.003
20.06.2019 11:05:00.000,6398.998,6400.998,6389.997,6392.997,0.0042
20.06.2019 11:06:00.000,6392.998,6396.998,6392.997,6394.998,0.0036
20.06.2019 11:07:00.000,6394.998,6399.998,6393.997,6399.998,0.0011
20.06.2019 11:08:00.000,6399.998,6399.998,6398.998,6399.998,0.0007
20.06.2019 11:09:00.000,6399.997,6400.998,6396.997,6398.998,0.0047
20.06.2019 11:10:00.000,6398.997,6399.998,6395.997,6397.998,0.0008
20.06.2019 11:11:00.000,6397.997,6402.998,6397.997,6401.998,0.0024
20.06.2019 11:12:00.000,6401.998,6401.998,6396.998,6396.998,0.0023
20.06.2019 11:13:00.000,6396.997,6397.998,6395.997,6397.997,0.0017
20.06.2019 11:14:00.000,6397.998,6397.998,6393.997,6393.998,0.0011
20.06.2019 11:15:00.000,6393.998,6397.998,6393.997,6397.998,0.0017
20.06.2019 11:16:00.000,6397.998,6402.998,6395.998,6402.998,0.0042
20.06.2019 11:17:00.000,6402.997,6404.998,6400.998,6404.997,0.0028
20.06.2019 11:18:00.000,6404.998,6407.997,6402.997,6402.997,0.0025
20.06.2019 11:19:00.000,6402.998,6403.998,6398.998,6399.998,0.0015
20.06.2019 11:20:00.000,6400.998,6402.998,6398.997,6399.998,0.0021
20.06.2019 11:21:00.000,6400.998,6400.998,6395.997,6395.998,0.002
20.06.2019 11:22:00.000,6395.998,6395.998,6391.997,6392.997,0.0023
20.06.2019 11:23:00.000,6392.998,6392.998,6388.997,6388.997,0.0048
20.06.2019 11:24:00.000,6389.997,6390.997,6384.997,6384.997,0.0026
20.06.2019 11:25:00.000,6384.998,6386.998,6383.997,6384.998,0.0025
20.06.2019 11:26:00.000,6384.997,6384.998,6382.997,6382.997,0.0008
20.06.2019 11:27:00.000,6382.998,6382.998,6381.997,6381.997,0.0008
20.06.2019 11:28:00.000,6381.998,6389.998,6381.997,6388.998,0.0021
20.06.2019 11:29:00.000,6388.998,6388.998,6386.997,6386.997,0.0017
20.06.2019 11:30:00.000,6386.998,6387.998,6385.998,6387.998,0.0014
20.06.2019 11:31:00.000,6389.998,6389.998,6386.998,6387.997,0.001
20.06.2019 11:32:00.000,6387.998,6389.998,6387.997,6388.998,0.0014
20.06.2019 11:33:00.000,6385.998,6387.998,6384.998,6387.998,0.0039
20.06.2019 11:34:00.000,6387.998,6392.997,6387.998,6392.997,0.0009
20.06.2019 11:35:00.000,6392.998,6395.998,6392.997,6394.997,0.0038
20.06.2019 11:36:00.000,6394.998,6394.998,6390.998,6392.997,0.0019
20.06.2019 11:37:00.000,6393.998,6393.998,6392.998,6392.998,0.0002
20.06.2019 11:38:00.000,6393.997,6393.998,6392.997,6392.997,0.001
20.06.2019 11:39:00.000,6392.998,6392.998,6390.998,6391.998,0.0015
20.06.2019 11:40:00.000,6391.998,6393.998,6391.998,6393.998,0.0011
20.06.2019 11:41:00.000,6394.998,6394.998,6393.997,6393.997,0.0005
20.06.2019 11:42:00.000,6394.998,6394.998,6393.997,6393.997,0.0004
20.06.2019 11:43:00.000,6393.998,6393.998,6387.998,6388.998,0.0018
20.06.2019 11:44:00.000,6388.998,6389.998,6385.997,6385.997,0.0024
20.06.2019 11:45:00.000,6385.998,6387.998,6385.997,6386.997,0.0016
20.06.2019 11:46:00.000,6386.998,6396.998,6386.997,6396.998,0.0025
20.06.2019 11:47:00.000,6396.997,6396.997,6389.997,6389.998,0.0032
20.06.2019 11:48:00.000,6389.997,6389.998,6387.997,6387.998,0.0038
20.06.2019 11:49:00.000,6388.997,6392.998,6388.997,6392.998,0.0047
20.06.2019 11:50:00.000,6392.997,6392.997,6390.997,6390.998,0.003
20.06.2019 11:51:00.000,6390.998,6392.998,6389.998,6392.997,0.0045
20.06.2019 11:52:00.000,6392.998,6394.998,6390.997,6391.998,0.0024
20.06.2019 11:53:00.000,6391.997,6393.998,6391.997,6392.998,0.0019
20.06.2019 11:54:00.000,6391.998,6392.998,6387.997,6387.998,0.0016
20.06.2019 11:55:00.000,6388.997,6389.998,6388.997,6388.998,0.0003
20.06.2019 11:56:00.000,6388.997,6395.998,6388.997,6395.998,0.0043
20.06.2019 11:57:00.000,6395.997,6396.998,6393.998,6394.997,0.0024
20.06.2019 11:58:00.000,6394.998,6394.998,6388.997,6388.997,0.0041
20.06.2019 11:59:00.000,6388.997,6392.998,6387.997,6390.998,0.005
20.06.2019 12:00:00.000,6390.997,6391.997,6388.998,6390.997,0.003
20.06.2019 12:01:00.000,6390.998,6391.998,6386.998,6386.998,0.0037
20.06.2019 12:02:00.000,6386.997,6387.997,6383.998,6387.997,0.0051
20.06.2019 12:03:00.000,6387.997,6389.998,6387.997,6389.997,0.0031
20.06.2019 12:04:00.000,6390.998,6393.998,6388.997,6391.998,0.004
20.06.2019 12:05:00.000,6391.998,6391.998,6387.998,6387.998,0.003
20.06.2019 12:06:00.000,6387.997,6388.998,6386.998,6388.998,0.0013
20.06.2019 12:07:00.000,6388.997,6388.998,6388.997,6388.998,0.0001
20.06.2019 12:08:00.000,6388.997,6388.998,6386.997,6386.997,0.0011
20.06.2019 12:09:00.000,6386.998,6389.998,6385.997,6389.998,0.0023
20.06.2019 12:10:00.000,6389.997,6389.997,6383.997,6383.998,0.0036
20.06.2019 12:11:00.000,6383.997,6384.998,6383.997,6384.998,0.0016
20.06.2019 12:12:00.000,6385.998,6385.998,6382.997,6382.998,0.0015
20.06.2019 12:13:00.000,6383.997,6383.998,6380.997,6381.997,0.0016
20.06.2019 12:14:00.000,6381.998,6381.998,6380.998,6380.998,0.0013
20.06.2019 12:15:00.000,6380.997,6382.998,6378.998,6378.998,0.0016
20.06.2019 12:16:00.000,6378.997,6381.998,6378.997,6381.998,0.0008
20.06.2019 12:17:00.000,6383.997,6385.998,6383.997,6383.997,0.0027
20.06.2019 12:18:00.000,6384.998,6384.998,6381.997,6381.998,0.0022
20.06.2019 12:19:00.000,6381.997,6381.998,6377.998,6378.998,0.0041
20.06.2019 12:20:00.000,6378.997,6383.997,6378.997,6381.997,0.0032
20.06.2019 12:21:00.000,6381.998,6381.998,6378.998,6379.998,0.0013
20.06.2019 12:22:00.000,6379.998,6380.998,6379.997,6379.997,0.0019
20.06.2019 12:23:00.000,6380.997,6388.998,6379.998,6382.998,0.0034
20.06.2019 12:24:00.000,6382.997,6382.998,6382.997,6382.998,0.0005
20.06.2019 12:25:00.000,6382.997,6382.998,6382.997,6382.998,0.0011
20.06.2019 12:26:00.000,6382.997,6383.998,6382.997,6382.998,0.0015
20.06.2019 12:27:00.000,6382.998,6382.998,6379.997,6379.998,0.002
20.06.2019 12:28:00.000,6379.998,6379.998,6377.998,6378.998,0.0013
20.06.2019 12:29:00.000,6376.998,6380.998,6375.997,6376.998,0.0027
20.06.2019 12:30:00.000,6377.998,6379.998,6377.997,6378.998,0.0023
20.06.2019 12:31:00.000,6378.997,6379.998,6376.998,6377.998,0.0036
20.06.2019 12:32:00.000,6378.998,6381.998,6377.997,6381.998,0.0013
20.06.2019 12:33:00.000,6381.998,6381.998,6381.997,6381.998,0.0005
20.06.2019 12:34:00.000,6381.998,6381.998,6380.997,6380.997,0.0019
20.06.2019 12:35:00.000,6380.998,6381.998,6380.997,6381.998,0.0056
20.06.2019 12:36:00.000,6381.997,6381.998,6377.997,6377.998,0.0038
20.06.2019 12:37:00.000,6377.997,6377.997,6376.997,6376.997,0.0016
20.06.2019 12:38:00.000,6376.998,6376.998,6376.997,6376.998,0.0014
20.06.2019 12:39:00.000,6376.997,6376.998,6376.997,6376.998,0.0022
20.06.2019 12:40:00.000,6377.997,6377.998,6375.997,6375.998,0.0017
20.06.2019 12:41:00.000,6375.997,6376.998,6374.997,6374.998,0.0032
20.06.2019 12:42:00.000,6374.998,6375.998,6374.997,6375.998,0.0021
20.06.2019 12:43:00.000,6374.998,6374.998,6374.997,6374.997,0.0031
20.06.2019 12:44:00.000,6374.998,6375.998,6374.997,6375.997,0.0026
20.06.2019 12:45:00.000,6375.997,6375.998,6374.997,6375.998,0.0025
20.06.2019 12:46:00.000,6375.997,6375.998,6370.997,6370.998,0.0048
20.06.2019 12:47:00.000,6370.997,6370.998,6370.997,6370.998,0.0003
20.06.2019 12:48:00.000,6366.998,6373.998,6366.998,6373.998,0.0033
20.06.2019 12:49:00.000,6373.998,6373.998,6367.998,6367.998,0.0052
20.06.2019 12:50:00.000,6367.997,6370.998,6367.997,6370.997,0.002
20.06.2019 12:51:00.000,6370.998,6371.997,6368.997,6371.997,0.0035
20.06.2019 12:52:00.000,6372.998,6375.998,6370.998,6371.998,0.0056
20.06.2019 12:53:00.000,6370.998,6370.998,6368.997,6368.997,0.004
20.06.2019 12:54:00.000,6368.998,6368.998,6366.997,6366.998,0.0021
20.06.2019 12:55:00.000,6366.997,6366.998,6364.997,6365.998,0.0019
20.06.2019 12:56:00.000,6365.997,6365.998,6363.997,6365.998,0.0053
20.06.2019 12:57:00.000,6365.997,6365.998,6363.997,6363.997,0.0036
20.06.2019 12:58:00.000,6363.998,6364.998,6363.997,6364.998,0.0051
20.06.2019 12:59:00.000,6364.997,6364.997,6360.998,6361.997,0.0064
20.06.2019 13:00:00.000,6362.998,6365.998,6362.997,6362.998,0.0103
20.06.2019 13:01:00.000,6362.997,6362.998,6358.997,6361.997,0.0036
20.06.2019 13:02:00.000,6361.998,6361.998,6360.997,6361.998,0.0048
20.06.2019 13:03:00.000,6361.997,6361.998,6359.997,6360.998,0.0032
20.06.2019 13:04:00.000,6360.998,6360.998,6358.997,6359.998,0.0052
20.06.2019 13:05:00.000,6359.997,6359.997,6355.997,6356.998,0.0037
20.06.2019 13:06:00.000,6356.997,6356.997,6353.998,6354.998,0.0019
20.06.2019 13:07:00.000,6354.750,6354.750,6350.998,6353.998,0.0036
20.06.2019 13:08:00.000,6353.997,6353.998,6351.997,6351.997,0.0041
20.06.2019 13:09:00.000,6351.998,6357.998,6350.997,6355.998,0.0033
20.06.2019 13:10:00.000,6356.998,6356.998,6355.997,6356.997,0.0011
20.06.2019 13:11:00.000,6356.998,6356.998,6354.997,6354.998,0.0047
20.06.2019 13:12:00.000,6354.750,6354.750,6351.998,6353.998,0.0036
20.06.2019 13:13:00.000,6353.997,6353.998,6351.998,6351.998,0.0017
20.06.2019 13:14:00.000,6351.997,6351.998,6350.997,6351.998,0.0043
20.06.2019 13:15:00.000,6351.998,6351.998,6343.997,6346.997,0.0093
20.06.2019 13:16:00.000,6346.998,6347.998,6345.997,6345.998,0.0049
20.06.2019 13:17:00.000,6345.997,6347.998,6345.997,6347.998,0.0028
20.06.2019 13:18:00.000,6346.997,6346.998,6344.997,6345.997,0.0039
20.06.2019 13:19:00.000,6344.998,6344.998,6340.998,6341.998,0.005
20.06.2019 13:20:00.000,6342.998,6344.998,6342.997,6344.998,0.0038
20.06.2019 13:21:00.000,6344.997,6349.997,6344.997,6347.998,0.0063
20.06.2019 13:22:00.000,6347.997,6354.998,6347.997,6353.998,0.0063
20.06.2019 13:23:00.000,6353.997,6354.998,6352.997,6353.998,0.003
20.06.2019 13:24:00.000,6353.998,6358.998,6353.998,6356.998,0.0065
20.06.2019 13:25:00.000,6356.997,6356.998,6354.997,6355.998,0.0033
20.06.2019 13:26:00.000,6355.997,6355.998,6352.998,6353.998,0.0027
20.06.2019 13:27:00.000,6353.997,6353.998,6352.997,6352.998,0.0021
20.06.2019 13:28:00.000,6352.997,6352.998,6348.997,6348.998,0.0064
20.06.2019 13:29:00.000,6348.750,6350.998,6346.998,6349.998,0.0036
20.06.2019 13:30:00.000,6349.998,6352.998,6349.997,6349.998,0.014
20.06.2019 13:31:00.000,6349.997,6350.998,6349.997,6349.998,0.0021
20.06.2019 13:32:00.000,6350.997,6355.998,6350.997,6352.998,0.009
20.06.2019 13:33:00.000,6352.998,6354.998,6351.997,6352.997,0.0097
20.06.2019 13:34:00.000,6351.998,6354.998,6351.997,6352.997,0.0069
20.06.2019 13:35:00.000,6352.998,6359.998,6352.998,6358.998,0.0075
20.06.2019 13:36:00.000,6358.998,6359.998,6357.997,6358.998,0.0054
20.06.2019 13:37:00.000,6359.998,6362.998,6352.997,6355.998,0.0153
20.06.2019 13:38:00.000,6356.998,6357.998,6355.997,6356.998,0.0057
20.06.2019 13:39:00.000,6356.997,6357.998,6354.998,6354.998,0.0048
20.06.2019 13:40:00.000,6354.998,6355.998,6348.997,6348.997,0.0053
20.06.2019 13:41:00.000,6348.998,6348.998,6343.997,6344.998,0.0055
20.06.2019 13:42:00.000,6342.998,6343.998,6337.997,6338.998,0.0098
20.06.2019 13:43:00.000,6338.998,6343.998,6336.997,6342.998,0.0112
20.06.2019 13:44:00.000,6342.997,6342.998,6338.997,6339.998,0.0043
20.06.2019 13:45:00.000,6339.997,6342.998,6338.998,6340.998,0.0112
20.06.2019 13:46:00.000,6340.998,6341.998,6339.998,6340.997,0.0048
20.06.2019 13:47:00.000,6340.998,6341.998,6336.997,6340.998,0.0129
20.06.2019 13:48:00.000,6340.997,6341.998,6340.997,6340.998,0.0022
20.06.2019 13:49:00.000,6340.997,6342.998,6340.997,6341.998,0.0066
20.06.2019 13:50:00.000,6341.750,6341.750,6337.997,6337.998,0.0069
20.06.2019 13:51:00.000,6337.997,6337.998,6335.998,6336.998,0.005
20.06.2019 13:52:00.000,6337.998,6337.998,6333.997,6333.998,0.0074
20.06.2019 13:53:00.000,6333.998,6333.998,6329.998,6329.998,0.0046
20.06.2019 13:54:00.000,6329.997,6333.998,6327.997,6332.998,0.0081
20.06.2019 13:55:00.000,6333.997,6334.998,6332.997,6334.998,0.0073
20.06.2019 13:56:00.000,6335.998,6335.998,6334.998,6334.998,0.0006
20.06.2019 13:57:00.000,6336.998,6339.998,6335.997,6338.997,0.0106
20.06.2019 13:58:00.000,6338.998,6344.998,6338.997,6341.998,0.0132
20.06.2019 13:59:00.000,6340.997,6341.998,6340.997,6340.998,0.0028
20.06.2019 14:00:00.000,6340.998,6345.998,6340.997,6344.998,0.0128
20.06.2019 14:01:00.000,6344.997,6349.998,6344.997,6348.998,0.0093
20.06.2019 14:02:00.000,6348.998,6348.998,6345.997,6346.998,0.016
20.06.2019 14:03:00.000,6346.997,6348.998,6346.997,6347.998,0.0177
20.06.2019 14:04:00.000,6349.998,6350.998,6347.997,6347.997,0.0104
20.06.2019 14:05:00.000,6346.997,6346.997,6335.997,6335.997,0.0106
20.06.2019 14:06:00.000,6335.997,6335.998,6333.997,6334.998,0.0133
20.06.2019 14:07:00.000,6334.997,6339.998,6334.997,6338.998,0.0118
20.06.2019 14:08:00.000,6337.998,6337.998,6335.997,6335.998,0.0042
20.06.2019 14:09:00.000,6335.997,6337.998,6335.997,6337.998,0.0047
20.06.2019 14:10:00.000,6337.997,6337.998,6333.998,6335.997,0.0096
20.06.2019 14:11:00.000,6335.998,6336.998,6334.997,6336.997,0.0091
20.06.2019 14:12:00.000,6336.998,6338.998,6334.997,6334.998,0.0091
20.06.2019 14:13:00.000,6335.998,6336.998,6332.997,6335.998,0.0186
20.06.2019 14:14:00.000,6336.998,6337.998,6335.997,6337.998,0.0079
20.06.2019 14:15:00.000,6337.997,6338.998,6336.997,6337.998,0.0094
20.06.2019 14:16:00.000,6338.998,6338.998,6337.997,6337.998,0.0043
20.06.2019 14:17:00.000,6337.997,6337.998,6336.997,6337.998,0.0062
20.06.2019 14:18:00.000,6337.998,6337.998,6321.998,6325.998,0.019
20.06.2019 14:19:00.000,6325.997,6326.998,6319.998,6320.998,0.0064
20.06.2019 14:20:00.000,6320.997,6324.998,6320.997,6324.998,0.0041
20.06.2019 14:21:00.000,6324.997,6324.998,6319.997,6322.997,0.0078
20.06.2019 14:22:00.000,6323.998,6323.998,6322.997,6322.997,0.0018
20.06.2019 14:23:00.000,6322.998,6325.998,6322.998,6323.998,0.0074
20.06.2019 14:24:00.000,6323.998,6328.998,6323.997,6328.997,0.0068
20.06.2019 14:25:00.000,6328.998,6333.998,6328.998,6333.998,0.0047
20.06.2019 14:26:00.000,6333.997,6335.998,6333.997,6335.998,0.0069
20.06.2019 14:27:00.000,6335.997,6339.998,6335.997,6338.997,0.0094
20.06.2019 14:28:00.000,6338.998,6338.998,6335.997,6337.998,0.0094
20.06.2019 14:29:00.000,6337.997,6337.998,6333.997,6333.997,0.0079
20.06.2019 14:30:00.000,6333.998,6333.998,6326.997,6326.998,0.0071
20.06.2019 14:31:00.000,6327.998,6327.998,6323.997,6325.998,0.0058
20.06.2019 14:32:00.000,6324.998,6324.998,6323.997,6323.998,0.0037
20.06.2019 14:33:00.000,6322.997,6322.998,6321.997,6321.998,0.0049
20.06.2019 14:34:00.000,6321.997,6325.998,6321.997,6324.998,0.0045
20.06.2019 14:35:00.000,6324.997,6329.998,6323.997,6328.998,0.0109
20.06.2019 14:36:00.000,6328.997,6328.998,6327.997,6328.997,0.0188
20.06.2019 14:37:00.000,6328.997,6328.997,6326.997,6327.998,0.0084
20.06.2019 14:38:00.000,6327.997,6327.998,6324.997,6324.998,0.0085
20.06.2019 14:39:00.000,6324.997,6324.998,6322.997,6322.997,0.0059
20.06.2019 14:40:00.000,6322.998,6322.998,6319.997,6322.998,0.0077
20.06.2019 14:41:00.000,6322.997,6324.997,6322.997,6324.997,0.007
20.06.2019 14:42:00.000,6324.998,6324.998,6322.998,6324.998,0.0012
20.06.2019 14:43:00.000,6324.998,6325.998,6323.998,6323.998,0.0058
20.06.2019 14:44:00.000,6323.998,6328.998,6322.997,6327.998,0.0176
20.06.2019 14:45:00.000,6327.997,6327.998,6326.997,6326.997,0.0048
20.06.2019 14:46:00.000,6326.998,6326.998,6323.997,6324.998,0.0052
20.06.2019 14:47:00.000,6323.998,6325.998,6323.997,6323.998,0.0052
20.06.2019 14:48:00.000,6323.998,6323.998,6321.997,6322.998,0.0125
20.06.2019 14:49:00.000,6322.998,6322.998,6316.998,6317.997,0.0084
20.06.2019 14:50:00.000,6317.998,6321.998,6317.997,6321.998,0.0056
20.06.2019 14:51:00.000,6321.997,6325.998,6319.998,6325.998,0.0085
20.06.2019 14:52:00.000,6325.997,6327.998,6325.997,6325.998,0.0083
20.06.2019 14:53:00.000,6325.997,6326.998,6325.997,6326.998,0.0041
20.06.2019 14:54:00.000,6326.997,6327.998,6325.998,6325.998,0.0079
20.06.2019 14:55:00.000,6326.998,6327.998,6325.997,6326.997,0.0059
20.06.2019 14:56:00.000,6326.998,6329.998,6325.997,6329.998,0.0061
20.06.2019 14:57:00.000,6329.997,6329.998,6327.997,6327.998,0.0067
20.06.2019 14:58:00.000,6327.997,6327.997,6323.997,6324.998,0.0102
20.06.2019 14:59:00.000,6324.997,6325.998,6323.997,6324.998,0.01
20.06.2019 15:00:00.000,6324.998,6326.998,6323.998,6324.998,0.0084
20.06.2019 15:01:00.000,6324.997,6333.998,6324.997,6331.998,0.0033
20.06.2019 15:02:00.000,6331.998,6332.998,6329.998,6332.997,0.007
20.06.2019 15:03:00.000,6331.997,6334.998,6331.997,6333.998,0.009
20.06.2019 15:04:00.000,6333.750,6334.998,6331.997,6333.997,0.0108
20.06.2019 15:05:00.000,6334.998,6335.998,6333.998,6334.997,0.0095
20.06.2019 15:06:00.000,6334.998,6334.998,6332.997,6332.998,0.0093
20.06.2019 15:07:00.000,6332.998,6333.998,6329.997,6331.997,0.0122
20.06.2019 15:08:00.000,6331.998,6333.998,6331.998,6332.998,0.0078
20.06.2019 15:09:00.000,6332.997,6332.998,6329.997,6329.997,0.0039
20.06.2019 15:10:00.000,6330.998,6331.998,6329.998,6329.998,0.0086
20.06.2019 15:11:00.000,6330.997,6331.998,6329.997,6329.998,0.0115
20.06.2019 15:12:00.000,6329.997,6332.998,6329.997,6331.997,0.0119
20.06.2019 15:13:00.000,6331.998,6333.998,6330.997,6333.998,0.0061
20.06.2019 15:14:00.000,6333.997,6333.998,6331.997,6331.997,0.0036
20.06.2019 15:15:00.000,6331.997,6331.998,6329.997,6329.998,0.0071
20.06.2019 15:16:00.000,6329.997,6329.997,6321.998,6322.998,0.0106
20.06.2019 15:17:00.000,6322.997,6322.998,6319.997,6320.998,0.0107
20.06.2019 15:18:00.000,6320.997,6320.998,6319.997,6319.998,0.0071
20.06.2019 15:19:00.000,6319.998,6319.998,6318.997,6319.998,0.0134
20.06.2019 15:20:00.000,6319.998,6328.998,6318.997,6318.997,0.017
20.06.2019 15:21:00.000,6318.998,6319.998,6314.998,6314.998,0.0062
20.06.2019 15:22:00.000,6314.997,6315.998,6311.997,6311.998,0.0076
20.06.2019 15:23:00.000,6311.998,6314.998,6310.998,6312.997,0.0122
20.06.2019 15:24:00.000,6312.998,6312.998,6310.998,6312.997,0.0059
20.06.2019 15:25:00.000,6312.998,6313.998,6309.997,6310.998,0.0077
20.06.2019 15:26:00.000,6311.998,6311.998,6309.997,6309.997,0.0152
20.06.2019 15:27:00.000,6309.998,6310.998,6308.997,6310.998,0.0164
20.06.2019 15:28:00.000,6310.997,6310.998,6303.997,6304.997,0.0182
20.06.2019 15:29:00.000,6304.998,6308.998,6303.997,6308.997,0.0144
21.06.2019 07:00:00.000,6304.998,6323.998,6304.998,6323.998,0.0001
21.06.2019 07:01:00.000,6325.997,6325.997,6318.750,6318.750,0.0003
21.06.2019 07:02:00.000,6311.998,6311.998,6309.998,6310.997,0.0008
21.06.2019 07:03:00.000,6310.998,6327.998,6310.998,6325.998,0.0003
21.06.2019 07:04:00.000,6327.998,6327.998,6320.998,6320.998,0.0002
21.06.2019 07:05:00.000,6320.997,6329.998,6316.997,6329.998,0.0013
21.06.2019 07:06:00.000,6324.998,6324.998,6320.998,6320.998,0.0008
21.06.2019 07:07:00.000,6322.998,6328.998,6320.997,6327.998,0.0024
21.06.2019 07:08:00.000,6327.997,6327.997,6316.998,6317.998,0.0057
21.06.2019 07:09:00.000,6318.998,6324.998,6318.998,6319.998,0.0038
21.06.2019 07:10:00.000,6318.997,6318.998,6315.997,6315.997,0.0017
21.06.2019 07:11:00.000,6316.997,6325.998,6316.997,6325.998,0.0026
21.06.2019 07:12:00.000,6325.998,6325.998,6319.997,6323.997,0.0037
21.06.2019 07:13:00.000,6323.998,6323.998,6318.998,6320.998,0.0029
21.06.2019 07:14:00.000,6321.998,6326.998,6320.997,6325.998,0.0048
21.06.2019 07:15:00.000,6325.997,6326.998,6324.997,6325.998,0.0061
21.06.2019 07:16:00.000,6324.997,6334.998,6324.997,6334.997,0.0088
21.06.2019 07:17:00.000,6335.998,6336.997,6327.997,6327.998,0.0045
21.06.2019 07:18:00.000,6328.998,6329.998,6323.998,6325.998,0.0031
21.06.2019 07:19:00.000,6326.998,6326.998,6320.998,6321.997,0.0058
21.06.2019 07:20:00.000,6321.998,6322.998,6314.998,6314.998,0.004
21.06.2019 07:21:00.000,6315.998,6318.998,6314.998,6315.998,0.0031
21.06.2019 07:22:00.000,6315.997,6317.998,6308.998,6309.997,0.0056
21.06.2019 07:23:00.000,6308.997,6311.998,6307.997,6311.998,0.0051
21.06.2019 07:24:00.000,6311.998,6313.998,6308.997,6309.998,0.0015
21.06.2019 07:25:00.000,6308.998,6312.998,6307.997,6311.997,0.004
21.06.2019 07:26:00.000,6310.998,6321.998,6310.997,6319.998,0.0072
21.06.2019 07:27:00.000,6319.998,6319.998,6313.998,6314.998,0.0025
21.06.2019 07:28:00.000,6315.997,6316.997,6311.997,6314.998,0.0029
21.06.2019 07:29:00.000,6314.998,6314.998,6311.997,6312.998,0.0056
21.06.2019 07:30:00.000,6312.997,6313.998,6308.997,6308.998,0.0021
21.06.2019 07:31:00.000,6308.998,6308.998,6304.997,6304.998,0.0025
21.06.2019 07:32:00.000,6304.997,6304.998,6300.998,6302.998,0.0023
21.06.2019 07:33:00.000,6303.997,6303.998,6299.998,6299.998,0.0033
21.06.2019 07:34:00.000,6300.997,6304.998,6299.998,6303.998,0.0048
21.06.2019 07:35:00.000,6303.997,6303.997,6295.997,6295.998,0.0031
21.06.2019 07:36:00.000,6295.998,6296.998,6293.997,6293.998,0.0019
21.06.2019 07:37:00.000,6293.997,6298.998,6290.997,6298.998,0.0024
21.06.2019 07:38:00.000,6298.997,6298.998,6295.997,6296.997,0.0018
21.06.2019 07:39:00.000,6297.997,6301.998,6297.997,6300.997,0.0031
21.06.2019 07:40:00.000,6300.998,6301.998,6298.997,6301.998,0.0038
21.06.2019 07:41:00.000,6302.998,6302.998,6300.998,6302.998,0.0017
21.06.2019 07:42:00.000,6302.998,6303.998,6299.998,6299.998,0.0006
21.06.2019 07:43:00.000,6302.998,6303.998,6300.998,6303.997,0.0025
21.06.2019 07:44:00.000,6303.998,6304.998,6300.997,6302.998,0.0043
21.06.2019 07:45:00.000,6302.998,6302.998,6296.997,6297.998,0.0049
21.06.2019 07:46:00.000,6297.997,6301.998,6295.998,6299.998,0.0042
21.06.2019 07:47:00.000,6297.997,6299.998,6294.998,6295.997,0.0053
21.06.2019 07:48:00.000,6296.997,6300.998,6296.997,6300.998,0.0035
21.06.2019 07:49:00.000,6302.998,6302.998,6297.997,6297.998,0.0032
21.06.2019 07:50:00.000,6297.998,6298.998,6293.998,6296.998,0.0038
21.06.2019 07:51:00.000,6298.998,6300.998,6296.997,6299.998,0.0018
21.06.2019 07:52:00.000,6299.997,6299.997,6295.997,6296.998,0.0023
21.06.2019 07:53:00.000,6295.997,6296.998,6294.997,6294.998,0.0014
21.06.2019 07:54:00.000,6295.997,6297.998,6295.997,6297.998,0.0019
21.06.2019 07:55:00.000,6297.998,6297.998,6294.998,6296.998,0.0006
21.06.2019 07:56:00.000,6296.997,6296.997,6293.998,6294.998,0.0028
21.06.2019 07:57:00.000,6293.998,6296.998,6291.998,6294.997,0.0067
21.06.2019 07:58:00.000,6294.998,6294.998,6294.998,6294.998,0.0002
21.06.2019 07:59:00.000,6293.997,6294.998,6288.997,6291.997,0.0109
21.06.2019 08:00:00.000,6292.997,6294.997,6288.997,6288.997,0.0041
21.06.2019 08:01:00.000,6288.998,6288.998,6283.997,6285.997,0.0046
21.06.2019 08:02:00.000,6285.998,6290.998,6285.997,6289.998,0.0101
21.06.2019 08:03:00.000,6287.998,6287.998,6286.997,6286.998,0.0016
21.06.2019 08:04:00.000,6286.998,6288.998,6286.997,6287.998,0.002
21.06.2019 08:05:00.000,6288.997,6295.998,6288.997,6295.998,0.0042
21.06.2019 08:06:00.000,6296.998,6297.997,6291.998,6293.998,0.0062
21.06.2019 08:07:00.000,6293.998,6294.998,6293.998,6294.998,0.0007
21.06.2019 08:08:00.000,6294.997,6294.998,6291.998,6294.998,0.004
21.06.2019 08:09:00.000,6294.998,6297.998,6294.998,6296.998,0.0036
21.06.2019 08:10:00.000,6297.998,6299.998,6294.997,6297.997,0.0058
21.06.2019 08:11:00.000,6297.998,6297.998,6296.997,6296.998,0.0028
21.06.2019 08:12:00.000,6298.998,6299.998,6297.997,6299.998,0.0056
21.06.2019 08:13:00.000,6300.998,6300.998,6299.997,6299.998,0.0029
21.06.2019 08:14:00.000,6299.997,6299.998,6297.998,6298.997,0.002
21.06.2019 08:15:00.000,6298.998,6300.998,6298.997,6299.998,0.0053
21.06.2019 08:16:00.000,6299.998,6299.998,6294.997,6296.998,0.0051
21.06.2019 08:17:00.000,6296.997,6296.998,6293.997,6295.998,0.0063
21.06.2019 08:18:00.000,6295.998,6295.998,6294.997,6295.998,0.0031
21.06.2019 08:19:00.000,6295.998,6298.998,6293.997,6294.998,0.0024
21.06.2019 08:20:00.000,6294.998,6299.997,6294.997,6299.997,0.0076
21.06.2019 08:21:00.000,6299.997,6299.998,6297.997,6299.997,0.001
21.06.2019 08:22:00.000,6300.997,6300.998,6296.998,6296.998,0.0043
21.06.2019 08:23:00.000,6297.998,6298.998,6295.997,6297.998,0.0035
21.06.2019 08:24:00.000,6297.997,6298.998,6297.997,6297.998,0.0027
21.06.2019 08:25:00.000,6298.998,6299.998,6297.997,6298.998,0.0029
21.06.2019 08:26:00.000,6298.997,6298.998,6297.997,6298.998,0.0025
21.06.2019 08:27:00.000,6298.997,6301.998,6298.997,6301.998,0.0037
21.06.2019 08:28:00.000,6301.500,6301.500,6289.997,6290.998,0.0032
21.06.2019 08:29:00.000,6290.997,6290.998,6287.998,6290.998,0.0023
21.06.2019 08:30:00.000,6290.997,6291.998,6287.997,6289.998,0.0082
21.06.2019 08:31:00.000,6290.997,6297.998,6290.997,6296.998,0.0042
21.06.2019 08:32:00.000,6297.997,6297.998,6296.997,6296.998,0.0066
21.06.2019 08:33:00.000,6297.998,6297.998,6297.997,6297.998,0.0018
21.06.2019 08:35:00.000,6298.997,6299.750,6296.997,6296.997,0.0036
21.06.2019 08:36:00.000,6296.998,6298.998,6296.998,6297.998,0.0044
21.06.2019 08:37:00.000,6297.997,6297.998,6294.998,6295.998,0.004
21.06.2019 08:38:00.000,6295.997,6295.997,6295.997,6295.997,0.0002
21.06.2019 08:39:00.000,6295.998,6296.998,6295.998,6296.997,0.0011
21.06.2019 08:40:00.000,6295.998,6296.998,6295.997,6296.998,0.002
21.06.2019 08:41:00.000,6296.997,6297.998,6295.997,6296.997,0.002
21.06.2019 08:42:00.000,6297.997,6297.998,6297.997,6297.998,0.0001
21.06.2019 08:43:00.000,6297.998,6297.998,6296.997,6296.998,0.0012
21.06.2019 08:44:00.000,6296.997,6297.998,6295.997,6295.998,0.011
21.06.2019 08:45:00.000,6295.997,6295.998,6294.997,6294.998,0.0033
21.06.2019 08:46:00.000,6294.998,6294.998,6291.997,6291.998,0.0047
21.06.2019 08:47:00.000,6291.997,6293.998,6291.997,6292.997,0.0036
21.06.2019 08:48:00.000,6292.998,6293.998,6291.998,6292.998,0.0016
21.06.2019 08:49:00.000,6292.997,6294.998,6292.997,6293.997,0.0026
21.06.2019 08:50:00.000,6293.997,6293.998,6292.997,6292.998,0.0036
21.06.2019 08:51:00.000,6292.997,6292.998,6292.997,6292.997,0.0017
21.06.2019 08:52:00.000,6293.997,6293.998,6286.997,6288.997,0.007
21.06.2019 08:53:00.000,6288.998,6288.998,6285.998,6287.998,0.0019
21.06.2019 08:54:00.000,6287.750,6287.750,6283.997,6285.998,0.0024
21.06.2019 08:55:00.000,6285.997,6288.998,6283.998,6286.998,0.0045
21.06.2019 08:56:00.000,6286.998,6287.998,6285.997,6286.998,0.0053
21.06.2019 08:57:00.000,6286.997,6286.997,6283.997,6283.998,0.0051
21.06.2019 08:58:00.000,6284.997,6286.998,6283.997,6283.998,0.0033
21.06.2019 08:59:00.000,6283.997,6284.998,6281.997,6281.997,0.0037
21.06.2019 09:00:00.000,6281.998,6281.998,6281.997,6281.998,0.0006
21.06.2019 09:01:00.000,6282.997,6283.998,6281.997,6281.997,0.003
21.06.2019 09:02:00.000,6281.998,6283.998,6281.997,6283.997,0.003
21.06.2019 09:03:00.000,6284.997,6287.997,6284.997,6287.997,0.0014
21.06.2019 09:04:00.000,6287.998,6287.998,6285.998,6287.997,0.0038
21.06.2019 09:05:00.000,6287.998,6288.998,6287.997,6288.998,0.0016
21.06.2019 09:06:00.000,6288.998,6289.998,6286.998,6288.997,0.013
21.06.2019 09:07:00.000,6288.998,6289.998,6288.997,6288.998,0.0042
21.06.2019 09:08:00.000,6288.998,6289.998,6287.997,6288.997,0.0049
21.06.2019 09:09:00.000,6288.998,6288.998,6284.998,6284.998,0.0052
21.06.2019 09:14:00.000,6283.997,6283.998,6283.997,6283.998,0.0003
21.06.2019 09:15:00.000,6267.998,6274.998,6267.998,6269.998,0.0066
21.06.2019 09:16:00.000,6270.997,6274.997,6269.997,6270.998,0.008
21.06.2019 09:17:00.000,6270.997,6274.998,6269.997,6271.998,0.0074
21.06.2019 09:18:00.000,6271.998,6272.998,6270.998,6271.997,0.0026
21.06.2019 09:19:00.000,6271.998,6271.998,6270.997,6271.997,0.0019
21.06.2019 09:20:00.000,6271.997,6273.998,6270.998,6271.998,0.0044
21.06.2019 09:21:00.000,6271.997,6272.998,6266.997,6266.998,0.0041
21.06.2019 09:22:00.000,6266.998,6267.998,6266.997,6266.998,0.0075
21.06.2019 09:23:00.000,6265.998,6265.998,6263.998,6264.998,0.0007
21.06.2019 09:25:00.000,6264.997,6273.998,6264.997,6273.998,0.0094
21.06.2019 09:26:00.000,6273.997,6273.998,6270.997,6270.997,0.0069
21.06.2019 09:27:00.000,6270.998,6284.998,6270.997,6281.997,0.0126
21.06.2019 09:28:00.000,6281.998,6282.998,6278.997,6278.997,0.0035
21.06.2019 09:29:00.000,6278.998,6279.998,6275.997,6275.998,0.0061
21.06.2019 09:30:00.000,6277.997,6278.998,6275.998,6278.998,0.0026
21.06.2019 09:31:00.000,6278.998,6278.998,6272.998,6273.997,0.0044
21.06.2019 09:32:00.000,6273.997,6274.998,6269.998,6269.998,0.0058
21.06.2019 09:33:00.000,6269.997,6270.998,6269.997,6269.997,0.0012
21.06.2019 09:34:00.000,6269.998,6269.998,6268.997,6269.998,0.0034
21.06.2019 09:35:00.000,6269.997,6269.998,6267.998,6267.998,0.0024
21.06.2019 09:36:00.000,6267.998,6268.998,6265.998,6268.998,0.0065
21.06.2019 09:37:00.000,6268.997,6268.998,6266.997,6267.998,0.004
21.06.2019 09:38:00.000,6268.998,6268.998,6267.997,6267.997,0.0032
21.06.2019 09:39:00.000,6268.997,6270.998,6267.997,6270.997,0.0041
21.06.2019 09:40:00.000,6270.997,6275.997,6270.997,6271.998,0.0124
21.06.2019 09:41:00.000,6272.998,6273.997,6266.997,6267.998,0.0064
21.06.2019 09:42:00.000,6267.997,6268.998,6266.997,6266.997,0.0009
21.06.2019 09:43:00.000,6267.998,6268.998,6267.998,6268.998,0.0024
21.06.2019 09:44:00.000,6268.997,6268.998,6268.997,6268.998,0.0018
21.06.2019 09:45:00.000,6268.997,6269.998,6268.997,6268.997,0.0047
21.06.2019 09:46:00.000,6268.998,6269.998,6268.997,6269.998,0.002
21.06.2019 09:47:00.000,6269.997,6269.997,6266.997,6267.998,0.004
21.06.2019 09:48:00.000,6266.998,6268.998,6266.997,6267.998,0.0058
21.06.2019 09:49:00.000,6267.997,6268.998,6266.998,6267.998,0.0051
21.06.2019 09:50:00.000,6266.997,6270.998,6265.997,6268.997,0.0339
21.06.2019 09:51:00.000,6268.998,6269.998,6266.998,6267.997,0.016
21.06.2019 09:52:00.000,6267.997,6268.998,6257.998,6257.998,0.0139
21.06.2019 09:53:00.000,6257.997,6257.997,6249.997,6253.998,0.0123
21.06.2019 09:54:00.000,6253.997,6258.998,6252.997,6258.998,0.0102
21.06.2019 09:55:00.000,6259.998,6259.998,6254.998,6254.998,0.0146
21.06.2019 09:56:00.000,6254.998,6255.998,6247.997,6249.998,0.0122
21.06.2019 09:57:00.000,6250.998,6256.998,6247.997,6256.998,0.009
21.06.2019 09:58:00.000,6256.997,6256.998,6247.998,6248.998,0.0102
21.06.2019 09:59:00.000,6249.998,6253.998,6248.998,6251.997,0.0142
21.06.2019 10:00:00.000,6252.998,6254.998,6251.998,6252.998,0.0096
21.06.2019 10:01:00.000,6252.998,6252.998,6247.997,6249.997,0.0058
21.06.2019 10:02:00.000,6248.997,6249.998,6246.997,6246.998,0.0054
21.06.2019 10:03:00.000,6247.998,6249.998,6247.997,6249.997,0.0099
21.06.2019 10:04:00.000,6249.997,6251.998,6248.997,6249.998,0.0052
21.06.2019 10:05:00.000,6249.998,6250.998,6247.997,6249.998,0.0018
21.06.2019 10:06:00.000,6249.997,6251.998,6249.997,6249.997,0.0069
21.06.2019 10:07:00.000,6250.997,6250.998,6249.997,6249.998,0.0026
21.06.2019 10:08:00.000,6249.997,6249.998,6249.997,6249.998,0.0045
21.06.2019 10:09:00.000,6249.997,6249.998,6249.997,6249.998,0.0024
21.06.2019 10:10:00.000,6249.997,6251.998,6247.997,6247.998,0.0062
21.06.2019 10:11:00.000,6247.997,6253.998,6247.997,6252.997,0.0079
21.06.2019 10:12:00.000,6252.997,6252.997,6248.997,6248.997,0.0032
21.06.2019 10:13:00.000,6248.998,6251.998,6247.998,6250.998,0.0036
21.06.2019 10:14:00.000,6250.997,6250.998,6249.997,6250.998,0.0013
21.06.2019 10:15:00.000,6250.997,6251.998,6250.997,6250.998,0.0057
21.06.2019 10:16:00.000,6250.998,6254.997,6250.997,6252.997,0.006
21.06.2019 10:17:00.000,6252.998,6252.998,6251.997,6251.998,0.0056
21.06.2019 10:18:00.000,6251.997,6252.998,6251.997,6252.998,0.0023
21.06.2019 10:19:00.000,6252.997,6252.998,6251.997,6251.998,0.0049
21.06.2019 10:20:00.000,6251.997,6251.998,6250.997,6250.997,0.0035
21.06.2019 10:21:00.000,6250.998,6252.998,6250.997,6251.998,0.0046
21.06.2019 10:22:00.000,6251.997,6252.998,6251.997,6251.998,0.0075
21.06.2019 10:23:00.000,6251.997,6253.998,6251.997,6253.998,0.0062
21.06.2019 10:24:00.000,6253.998,6255.998,6253.997,6254.998,0.0046
21.06.2019 10:25:00.000,6254.997,6254.998,6252.997,6252.998,0.0033
21.06.2019 10:26:00.000,6251.998,6254.998,6250.998,6254.998,0.0023
21.06.2019 10:27:00.000,6254.997,6254.997,6253.997,6253.997,0.0045
21.06.2019 10:28:00.000,6253.998,6255.998,6253.997,6254.998,0.0027
21.06.2019 10:29:00.000,6255.998,6258.998,6255.997,6257.998,0.0043
21.06.2019 10:30:00.000,6257.997,6257.998,6254.997,6254.998,0.0064
21.06.2019 10:31:00.000,6254.998,6255.998,6247.997,6247.998,0.003
21.06.2019 10:32:00.000,6248.998,6250.998,6243.997,6250.997,0.0054
21.06.2019 10:33:00.000,6250.997,6250.998,6246.998,6246.998,0.0012
21.06.2019 10:34:00.000,6247.998,6247.998,6242.997,6242.998,0.0019
21.06.2019 10:35:00.000,6243.997,6244.998,6243.997,6244.998,0.0018
21.06.2019 10:36:00.000,6245.997,6247.998,6241.997,6243.997,0.0033
21.06.2019 10:37:00.000,6243.998,6244.998,6243.997,6244.998,0.0017
21.06.2019 10:38:00.000,6244.997,6244.998,6243.997,6243.998,0.0069
21.06.2019 10:39:00.000,6244.998,6244.998,6243.997,6243.998,0.0045
21.06.2019 10:40:00.000,6243.998,6245.998,6243.997,6244.998,0.0044
21.06.2019 10:41:00.000,6244.997,6244.998,6243.997,6243.998,0.0062
21.06.2019 10:42:00.000,6243.998,6246.998,6243.997,6245.998,0.0025
21.06.2019 10:43:00.000,6245.997,6250.998,6245.997,6249.998,0.0059
21.06.2019 10:44:00.000,6249.997,6250.998,6248.997,6248.997,0.0035
21.06.2019 10:45:00.000,6248.998,6251.998,6248.997,6251.998,0.0027
21.06.2019 10:46:00.000,6251.997,6252.998,6249.998,6249.998,0.0033
21.06.2019 10:47:00.000,6250.998,6256.998,6250.997,6255.998,0.0039
21.06.2019 10:48:00.000,6255.998,6258.998,6255.997,6257.998,0.0037
21.06.2019 10:49:00.000,6257.997,6257.998,6257.997,6257.998,0.0004
21.06.2019 10:50:00.000,6257.997,6259.998,6257.997,6259.998,0.0017
21.06.2019 10:51:00.000,6259.997,6259.997,6258.997,6258.998,0.0007
21.06.2019 10:52:00.000,6258.997,6259.998,6258.997,6259.998,0.0025
21.06.2019 10:53:00.000,6259.997,6259.998,6258.997,6259.997,0.0022
21.06.2019 10:54:00.000,6259.998,6259.998,6258.997,6258.998,0.0027
21.06.2019 10:55:00.000,6258.997,6260.998,6258.997,6260.997,0.0052
21.06.2019 10:56:00.000,6261.997,6263.998,6261.997,6263.998,0.0036
21.06.2019 10:57:00.000,6263.997,6264.998,6262.997,6263.998,0.0124
21.06.2019 10:58:00.000,6263.998,6263.998,6259.998,6259.998,0.0092
21.06.2019 10:59:00.000,6259.997,6259.998,6252.997,6255.998,0.0049
21.06.2019 11:00:00.000,6253.997,6253.997,6253.997,6253.997,0.0002
21.06.2019 11:02:00.000,6253.997,6258.998,6253.997,6257.998,0.0049
21.06.2019 11:03:00.000,6257.997,6260.998,6257.997,6260.998,0.0022
21.06.2019 11:04:00.000,6260.997,6261.998,6260.997,6261.998,0.0034
21.06.2019 11:05:00.000,6261.998,6261.998,6260.997,6261.998,0.002
21.06.2019 11:06:00.000,6261.997,6261.997,6259.998,6260.998,0.0022
21.06.2019 11:07:00.000,6261.997,6262.998,6261.997,6262.997,0.0006
21.06.2019 11:08:00.000,6262.998,6263.997,6262.997,6262.998,0.001
21.06.2019 11:09:00.000,6262.998,6262.998,6259.997,6261.998,0.0034
21.06.2019 11:10:00.000,6261.998,6263.998,6260.997,6263.998,0.0031
21.06.2019 11:11:00.000,6263.998,6265.998,6263.997,6264.998,0.0019
21.06.2019 11:12:00.000,6264.997,6264.998,6260.998,6260.998,0.0046
21.06.2019 11:13:00.000,6259.998,6259.998,6257.997,6257.997,0.0015
21.06.2019 11:14:00.000,6257.998,6258.998,6257.997,6258.998,0.0014
21.06.2019 11:15:00.000,6258.997,6260.998,6258.997,6260.998,0.0004
21.06.2019 11:16:00.000,6261.997,6261.998,6260.997,6261.997,0.0012
21.06.2019 11:17:00.000,6261.997,6262.997,6260.997,6261.997,0.0038
21.06.2019 11:18:00.000,6261.998,6261.998,6257.997,6257.998,0.0046
21.06.2019 11:19:00.000,6257.997,6257.997,6256.997,6256.997,0.0011
21.06.2019 11:20:00.000,6256.998,6256.998,6255.997,6255.998,0.0015
21.06.2019 11:21:00.000,6255.998,6255.998,6252.997,6253.997,0.0018
21.06.2019 11:22:00.000,6253.998,6253.998,6253.997,6253.997,0.0002
21.06.2019 11:23:00.000,6253.998,6255.998,6253.998,6255.998,0.0007
21.06.2019 11:24:00.000,6254.998,6256.998,6254.998,6256.997,0.0068
21.06.2019 11:25:00.000,6257.997,6258.998,6256.997,6256.997,0.0049
21.06.2019 11:26:00.000,6257.998,6259.998,6257.997,6259.997,0.0026
21.06.2019 11:27:00.000,6260.998,6262.998,6260.997,6261.997,0.0038
21.06.2019 11:28:00.000,6261.998,6262.998,6260.998,6260.998,0.0015
21.06.2019 11:29:00.000,6261.998,6261.998,6260.998,6260.998,0.0005
21.06.2019 11:30:00.000,6260.997,6261.998,6260.997,6260.998,0.0004
21.06.2019 11:31:00.000,6261.997,6261.998,6259.997,6259.997,0.0022
21.06.2019 11:32:00.000,6260.997,6262.998,6259.997,6262.998,0.0032
21.06.2019 11:33:00.000,6264.998,6268.997,6264.998,6266.998,0.0026
21.06.2019 11:34:00.000,6267.998,6267.998,6266.997,6266.998,0.0029
21.06.2019 11:35:00.000,6267.998,6271.998,6267.998,6269.998,0.003
21.06.2019 11:36:00.000,6269.997,6269.997,6266.998,6268.998,0.0027
21.06.2019 11:37:00.000,6269.998,6269.998,6268.997,6268.998,0.0051
21.06.2019 11:38:00.000,6268.997,6269.998,6268.997,6269.998,0.0026
21.06.2019 11:39:00.000,6269.997,6269.998,6269.997,6269.998,0.0004
21.06.2019 11:40:00.000,6270.997,6270.998,6268.997,6269.997,0.0026
21.06.2019 11:41:00.000,6269.998,6271.998,6268.998,6270.997,0.0027
21.06.2019 11:42:00.000,6270.998,6271.998,6270.997,6270.998,0.0021
21.06.2019 11:43:00.000,6270.997,6271.998,6270.997,6271.998,0.0021
21.06.2019 11:44:00.000,6270.998,6271.998,6270.997,6271.998,0.003
21.06.2019 11:45:00.000,6271.998,6271.998,6270.997,6270.998,0.0014
21.06.2019 11:46:00.000,6270.997,6271.998,6270.997,6271.998,0.0007
21.06.2019 11:47:00.000,6271.997,6272.998,6271.997,6272.997,0.0009
21.06.2019 11:48:00.000,6272.998,6272.998,6272.998,6272.998,0.0001
21.06.2019 11:49:00.000,6272.997,6272.998,6269.998,6269.998,0.0015
21.06.2019 11:50:00.000,6269.997,6269.998,6269.997,6269.998,0.0005
21.06.2019 11:51:00.000,6270.998,6270.998,6269.997,6269.997,0.0012
21.06.2019 11:52:00.000,6269.997,6269.997,6265.997,6265.998,0.0029
21.06.2019 11:53:00.000,6265.998,6266.997,6264.997,6265.998,0.0039
21.06.2019 11:54:00.000,6265.998,6265.998,6264.997,6264.997,0.0057
21.06.2019 11:55:00.000,6264.998,6265.998,6264.998,6264.998,0.0015
21.06.2019 11:56:00.000,6264.998,6265.998,6254.997,6257.998,0.0086
21.06.2019 11:57:00.000,6257.998,6258.998,6256.997,6257.997,0.0048
21.06.2019 11:58:00.000,6257.998,6257.998,6256.998,6256.998,0.0009
21.06.2019 11:59:00.000,6255.998,6257.998,6255.997,6255.998,0.0018
21.06.2019 12:00:00.000,6255.998,6256.998,6255.997,6255.998,0.004
21.06.2019 12:01:00.000,6255.997,6256.998,6255.997,6256.998,0.0026
21.06.2019 12:02:00.000,6256.997,6258.998,6256.997,6258.998,0.0016
21.06.2019 12:03:00.000,6259.998,6259.998,6259.997,6259.998,0.0021
21.06.2019 12:04:00.000,6259.997,6259.998,6259.997,6259.997,0.0079
21.06.2019 12:05:00.000,6259.998,6260.998,6258.997,6259.997,0.0058
21.06.2019 12:06:00.000,6259.998,6259.998,6259.997,6259.998,0.0033
21.06.2019 12:07:00.000,6259.997,6260.998,6258.997,6259.998,0.0025
21.06.2019 12:08:00.000,6259.997,6259.998,6259.997,6259.998,0.0005
21.06.2019 12:09:00.000,6259.997,6259.998,6256.997,6257.997,0.0044
21.06.2019 12:10:00.000,6257.998,6258.998,6257.998,6258.998,0.0009
21.06.2019 12:11:00.000,6258.998,6258.998,6254.998,6254.998,0.0022
21.06.2019 12:12:00.000,6254.997,6254.997,6253.997,6253.997,0.001
21.06.2019 12:13:00.000,6253.997,6253.998,6249.997,6249.998,0.0022
21.06.2019 12:14:00.000,6250.997,6250.998,6246.998,6248.998,0.0091
21.06.2019 12:15:00.000,6248.997,6248.998,6246.997,6247.998,0.0035
21.06.2019 12:16:00.000,6248.998,6249.998,6247.997,6249.998,0.0034
21.06.2019 12:17:00.000,6249.997,6250.998,6249.997,6250.997,0.0023
21.06.2019 12:18:00.000,6250.997,6250.998,6249.997,6249.997,0.0065
21.06.2019 12:19:00.000,6249.998,6249.998,6248.997,6248.998,0.0027
21.06.2019 12:20:00.000,6248.997,6248.998,6245.998,6245.998,0.0029
21.06.2019 12:21:00.000,6246.997,6247.998,6245.997,6245.998,0.0034
21.06.2019 12:22:00.000,6245.998,6247.998,6245.998,6247.998,0.0015
21.06.2019 12:23:00.000,6247.997,6247.998,6247.997,6247.998,0.0019
21.06.2019 12:24:00.000,6246.998,6248.998,6246.997,6248.998,0.0017
21.06.2019 12:25:00.000,6248.997,6248.998,6246.997,6246.998,0.0083
21.06.2019 12:26:00.000,6246.997,6246.998,6246.997,6246.998,0.0012
21.06.2019 12:27:00.000,6246.998,6246.998,6244.997,6244.997,0.0042
21.06.2019 12:28:00.000,6246.998,6246.998,6245.997,6245.998,0.0032
21.06.2019 12:29:00.000,6245.997,6245.998,6244.997,6245.997,0.0026
21.06.2019 12:30:00.000,6245.998,6246.998,6244.997,6245.998,0.0043
21.06.2019 12:31:00.000,6245.997,6246.998,6244.997,6244.997,0.0028
21.06.2019 12:32:00.000,6244.998,6245.998,6244.998,6244.998,0.0013
21.06.2019 12:33:00.000,6243.998,6243.998,6242.997,6242.998,0.0038
21.06.2019 12:34:00.000,6243.997,6243.998,6241.997,6242.998,0.0074
21.06.2019 12:35:00.000,6241.997,6245.998,6240.997,6244.998,0.0123
21.06.2019 12:36:00.000,6244.998,6245.998,6243.998,6245.998,0.0026
21.06.2019 12:37:00.000,6246.998,6249.998,6246.997,6248.998,0.006
21.06.2019 12:38:00.000,6249.998,6255.998,6248.997,6248.998,0.0054
21.06.2019 12:39:00.000,6248.997,6250.998,6248.997,6250.998,0.0041
21.06.2019 12:40:00.000,6250.997,6250.997,6246.997,6246.997,0.0059
21.06.2019 12:41:00.000,6246.998,6247.998,6245.997,6245.997,0.0019
21.06.2019 12:42:00.000,6245.998,6245.998,6243.997,6243.997,0.0017
21.06.2019 12:43:00.000,6243.997,6243.997,6242.998,6242.998,0.0003
21.06.2019 12:44:00.000,6242.997,6242.998,6242.997,6242.998,0.0015
21.06.2019 12:45:00.000,6242.997,6244.998,6242.997,6242.998,0.0075
21.06.2019 12:46:00.000,6242.997,6242.998,6241.997,6241.998,0.0022
21.06.2019 12:47:00.000,6240.997,6240.998,6239.997,6239.997,0.0023
21.06.2019 12:48:00.000,6239.997,6240.998,6239.997,6240.998,0.0046
21.06.2019 12:49:00.000,6240.997,6240.997,6238.997,6239.998,0.0027
21.06.2019 12:50:00.000,6238.998,6241.998,6237.997,6240.998,0.009
21.06.2019 12:51:00.000,6240.998,6240.998,6238.997,6238.998,0.0019
21.06.2019 12:52:00.000,6238.997,6241.998,6238.997,6240.998,0.0039
21.06.2019 12:53:00.000,6239.998,6240.998,6238.998,6238.998,0.0005
21.06.2019 12:54:00.000,6238.997,6238.998,6237.997,6237.998,0.0029
21.06.2019 12:55:00.000,6238.998,6241.998,6238.997,6240.997,0.0099
21.06.2019 12:56:00.000,6239.997,6239.998,6237.997,6237.998,0.0064
21.06.2019 12:57:00.000,6237.997,6239.998,6236.998,6238.997,0.0053
21.06.2019 12:58:00.000,6238.998,6238.998,6231.997,6231.997,0.0021
21.06.2019 12:59:00.000,6231.998,6235.998,6231.997,6235.998,0.0067
21.06.2019 13:00:00.000,6235.997,6235.998,6234.997,6235.997,0.0046
21.06.2019 13:01:00.000,6234.998,6234.998,6234.997,6234.997,0.0023
21.06.2019 13:02:00.000,6235.998,6238.998,6234.998,6236.998,0.007
21.06.2019 13:03:00.000,6236.997,6236.998,6234.997,6235.998,0.0064
21.06.2019 13:04:00.000,6235.998,6236.998,6234.997,6234.997,0.0054
21.06.2019 13:05:00.000,6234.998,6234.998,6232.997,6232.998,0.002
21.06.2019 13:06:00.000,6232.997,6232.998,6231.997,6232.998,0.0052
21.06.2019 13:07:00.000,6232.997,6236.998,6232.997,6234.998,0.0047
21.06.2019 13:08:00.000,6234.997,6234.998,6233.997,6233.998,0.0057
21.06.2019 13:09:00.000,6233.997,6233.998,6229.997,6229.998,0.0051
21.06.2019 13:10:00.000,6228.997,6229.998,6225.998,6227.998,0.0051
21.06.2019 13:11:00.000,6227.997,6227.998,6224.997,6224.998,0.0043
21.06.2019 13:12:00.000,6224.997,6225.998,6223.998,6225.997,0.0029
21.06.2019 13:13:00.000,6225.998,6226.998,6222.997,6223.998,0.004
21.06.2019 13:14:00.000,6223.997,6224.998,6221.997,6222.997,0.0056
21.06.2019 13:15:00.000,6222.998,6222.998,6220.997,6220.998,0.0024
21.06.2019 13:16:00.000,6220.997,6220.998,6214.997,6217.998,0.0028
21.06.2019 13:17:00.000,6218.997,6221.998,6215.997,6221.998,0.0036
21.06.2019 13:18:00.000,6221.997,6222.998,6219.997,6220.998,0.0045
21.06.2019 13:19:00.000,6220.997,6220.998,6218.998,6219.998,0.0005
21.06.2019 13:20:00.000,6219.998,6219.998,6217.997,6218.998,0.0025
21.06.2019 13:21:00.000,6217.997,6220.998,6217.997,6218.998,0.0045
21.06.2019 13:22:00.000,6218.998,6219.998,6217.997,6219.997,0.0058
21.06.2019 13:23:00.000,6219.998,6219.998,6215.997,6217.998,0.0035
21.06.2019 13:24:00.000,6217.997,6218.998,6216.997,6218.998,0.0061
21.06.2019 13:25:00.000,6218.997,6222.998,6218.997,6221.997,0.0083
21.06.2019 13:26:00.000,6221.998,6221.998,6219.997,6219.998,0.0053
21.06.2019 13:27:00.000,6219.998,6220.998,6217.997,6217.998,0.0032
21.06.2019 13:28:00.000,6217.998,6217.998,6216.997,6216.998,0.0012
21.06.2019 13:29:00.000,6216.997,6217.998,6215.997,6215.998,0.0046
21.06.2019 13:30:00.000,6215.998,6217.998,6213.998,6213.998,0.0089
21.06.2019 13:31:00.000,6213.998,6214.998,6211.998,6212.998,0.0075
21.06.2019 13:32:00.000,6212.997,6213.998,6210.998,6210.998,0.0016
21.06.2019 13:33:00.000,6210.998,6210.998,6209.997,6209.997,0.0029
21.06.2019 13:34:00.000,6208.998,6208.998,6205.997,6206.997,0.0028
21.06.2019 13:35:00.000,6206.997,6206.997,6201.997,6202.998,0.003
21.06.2019 13:36:00.000,6202.997,6208.998,6201.997,6207.997,0.0119
21.06.2019 13:37:00.000,6207.998,6207.998,6205.997,6207.998,0.0066
21.06.2019 13:38:00.000,6208.997,6213.998,6208.997,6212.997,0.0084
21.06.2019 13:39:00.000,6213.997,6215.998,6213.997,6214.998,0.0048
21.06.2019 13:40:00.000,6214.997,6219.998,6213.998,6217.998,0.0053
21.06.2019 13:41:00.000,6217.997,6219.998,6217.997,6218.998,0.0045
21.06.2019 13:42:00.000,6218.997,6219.998,6216.997,6216.998,0.0039
21.06.2019 13:43:00.000,6216.997,6216.997,6213.997,6214.998,0.0054
21.06.2019 13:44:00.000,6214.997,6217.998,6213.997,6216.998,0.0069
21.06.2019 13:45:00.000,6216.997,6217.998,6215.997,6216.998,0.0065
21.06.2019 13:46:00.000,6217.998,6217.998,6214.998,6214.998,0.0048
21.06.2019 13:47:00.000,6214.997,6214.997,6211.997,6211.998,0.0029
21.06.2019 13:48:00.000,6211.997,6212.750,6210.997,6211.998,0.0036
21.06.2019 13:49:00.000,6211.997,6212.998,6210.997,6212.998,0.003
21.06.2019 13:50:00.000,6213.998,6213.998,6211.998,6211.998,0.0018
21.06.2019 13:51:00.000,6211.997,6211.998,6207.998,6208.997,0.0286
21.06.2019 13:52:00.000,6207.998,6208.998,6206.997,6206.998,0.0108
21.06.2019 13:53:00.000,6206.997,6206.997,6203.997,6204.998,0.0073
21.06.2019 13:54:00.000,6204.997,6206.998,6203.997,6204.997,0.0053
21.06.2019 13:55:00.000,6204.998,6204.998,6202.997,6202.998,0.007
21.06.2019 13:56:00.000,6202.997,6208.998,6202.997,6207.998,0.0059
21.06.2019 13:57:00.000,6207.997,6207.998,6204.997,6204.998,0.0026
21.06.2019 13:58:00.000,6204.997,6204.998,6203.997,6203.997,0.0039
21.06.2019 13:59:00.000,6203.998,6203.998,6201.997,6201.998,0.0052
21.06.2019 14:00:00.000,6200.998,6201.998,6200.997,6200.997,0.0049
21.06.2019 14:01:00.000,6200.998,6200.998,6197.997,6197.998,0.0016
21.06.2019 14:02:00.000,6198.998,6200.998,6197.997,6197.998,0.005
21.06.2019 14:03:00.000,6198.998,6198.998,6196.997,6197.998,0.0038
21.06.2019 14:04:00.000,6198.997,6201.998,6197.997,6200.998,0.0085
21.06.2019 14:05:00.000,6201.998,6206.998,6200.998,6203.997,0.0065
21.06.2019 14:06:00.000,6204.997,6208.998,6204.997,6206.998,0.0023
21.06.2019 14:07:00.000,6205.998,6209.998,6204.997,6206.998,0.0067
21.06.2019 14:08:00.000,6206.997,6206.997,6204.997,6204.997,0.0016
21.06.2019 14:09:00.000,6204.998,6207.998,6204.998,6205.998,0.0034
21.06.2019 14:10:00.000,6205.998,6205.998,6202.997,6202.998,0.0033
21.06.2019 14:11:00.000,6202.997,6203.998,6199.998,6201.998,0.0078
21.06.2019 14:12:00.000,6201.997,6201.998,6201.997,6201.998,0.002
21.06.2019 14:13:00.000,6201.997,6204.998,6199.997,6202.998,0.0075
21.06.2019 14:14:00.000,6202.998,6202.998,6201.997,6201.998,0.003
21.06.2019 14:15:00.000,6201.997,6203.998,6201.997,6201.998,0.0047
21.06.2019 14:16:00.000,6202.997,6202.998,6201.997,6202.998,0.0029
21.06.2019 14:17:00.000,6202.997,6202.998,6200.997,6201.998,0.0046
21.06.2019 14:18:00.000,6201.997,6201.997,6198.997,6199.998,0.0042
21.06.2019 14:19:00.000,6199.997,6199.997,6195.997,6196.998,0.0033
21.06.2019 14:20:00.000,6195.998,6196.998,6195.997,6195.998,0.0057
21.06.2019 14:21:00.000,6196.997,6197.998,6193.997,6193.997,0.0059
21.06.2019 14:22:00.000,6193.998,6193.998,6190.997,6190.998,0.004
21.06.2019 14:23:00.000,6190.998,6191.998,6188.997,6189.997,0.0042
21.06.2019 14:24:00.000,6189.998,6192.998,6189.998,6189.998,0.0052
21.06.2019 14:25:00.000,6189.997,6190.998,6189.997,6189.997,0.0057
21.06.2019 14:26:00.000,6190.997,6193.998,6190.997,6192.998,0.005
21.06.2019 14:27:00.000,6192.997,6192.998,6188.997,6189.997,0.0059
21.06.2019 14:28:00.000,6189.998,6192.998,6189.998,6190.998,0.0064
21.06.2019 14:29:00.000,6190.997,6200.998,6190.997,6200.997,0.0097
21.06.2019 14:30:00.000,6200.998,6200.998,6198.998,6200.997,0.0057
21.06.2019 14:31:00.000,6200.998,6202.998,6199.997,6199.997,0.0092
21.06.2019 14:32:00.000,6199.998,6199.998,6197.997,6197.997,0.0051
21.06.2019 14:33:00.000,6197.998,6198.998,6196.997,6196.998,0.0054
21.06.2019 14:34:00.000,6196.997,6198.998,6196.997,6198.997,0.0053
21.06.2019 14:35:00.000,6198.998,6200.998,6196.998,6200.997,0.0032
21.06.2019 14:36:00.000,6200.998,6200.998,6199.997,6199.998,0.0021
21.06.2019 14:37:00.000,6199.997,6199.997,6197.997,6197.997,0.0012
21.06.2019 14:38:00.000,6196.998,6199.998,6196.997,6199.997,0.0095
21.06.2019 14:39:00.000,6199.998,6201.998,6199.997,6200.998,0.0031
21.06.2019 14:40:00.000,6201.998,6201.998,6200.998,6201.997,0.0037
21.06.2019 14:41:00.000,6201.998,6201.998,6201.997,6201.998,0.0043
21.06.2019 14:42:00.000,6200.997,6200.998,6198.997,6199.997,0.0072
21.06.2019 14:43:00.000,6199.998,6200.998,6198.997,6198.998,0.0119
21.06.2019 14:44:00.000,6198.997,6201.998,6197.997,6197.998,0.0113
21.06.2019 14:45:00.000,6197.997,6198.998,6196.997,6197.998,0.0069
21.06.2019 14:46:00.000,6198.997,6198.998,6197.997,6198.998,0.0047
21.06.2019 14:47:00.000,6198.997,6199.997,6198.997,6198.997,0.0052
21.06.2019 14:48:00.000,6198.998,6200.998,6198.997,6198.998,0.0066
21.06.2019 14:49:00.000,6198.997,6198.997,6192.997,6194.997,0.0049
21.06.2019 14:50:00.000,6194.998,6194.998,6193.997,6194.998,0.0047
21.06.2019 14:51:00.000,6194.997,6194.998,6193.997,6193.998,0.0038
21.06.2019 14:52:00.000,6193.997,6193.998,6192.997,6192.998,0.0017
21.06.2019 14:53:00.000,6192.997,6192.997,6188.997,6189.998,0.005
21.06.2019 14:54:00.000,6189.997,6189.997,6187.997,6188.998,0.0068
21.06.2019 14:55:00.000,6188.997,6188.998,6184.997,6184.998,0.0112
21.06.2019 14:56:00.000,6184.998,6185.998,6184.997,6184.997,0.0099
21.06.2019 14:57:00.000,6184.998,6184.998,6177.997,6177.998,0.0037
21.06.2019 14:58:00.000,6176.998,6176.998,6172.997,6173.998,0.0047
21.06.2019 14:59:00.000,6174.998,6177.998,6170.998,6176.998,0.0063
21.06.2019 15:00:00.000,6175.998,6176.998,6171.998,6175.998,0.0097
21.06.2019 15:01:00.000,6176.998,6185.998,6176.998,6179.998,0.0148
21.06.2019 15:02:00.000,6180.998,6187.998,6180.998,6181.998,0.011
21.06.2019 15:03:00.000,6181.998,6185.998,6180.997,6184.998,0.0059
21.06.2019 15:04:00.000,6184.997,6187.998,6183.998,6184.998,0.0171
21.06.2019 15:05:00.000,6183.997,6186.998,6183.997,6186.997,0.0086
21.06.2019 15:06:00.000,6186.998,6187.998,6185.997,6186.998,0.0058
21.06.2019 15:07:00.000,6187.998,6189.997,6186.997,6188.997,0.0091
21.06.2019 15:08:00.000,6188.998,6195.997,6188.997,6192.998,0.0128
21.06.2019 15:09:00.000,6192.997,6192.998,6191.997,6192.998,0.0059
21.06.2019 15:10:00.000,6192.997,6195.998,6191.997,6193.998,0.0104
21.06.2019 15:11:00.000,6193.997,6199.998,6192.997,6199.998,0.0184
21.06.2019 15:12:00.000,6199.997,6200.998,6196.998,6197.998,0.0214
21.06.2019 15:13:00.000,6197.998,6199.998,6195.998,6197.998,0.0088
21.06.2019 15:14:00.000,6198.998,6202.998,6196.997,6198.998,0.0115
21.06.2019 15:15:00.000,6198.750,6198.750,6191.997,6196.998,0.0094
21.06.2019 15:16:00.000,6196.998,6198.998,6194.997,6195.998,0.0099
21.06.2019 15:17:00.000,6197.997,6199.998,6195.997,6197.998,0.0128
21.06.2019 15:18:00.000,6198.998,6199.998,6197.997,6197.998,0.0043
21.06.2019 15:19:00.000,6197.997,6203.998,6197.997,6203.998,0.0077
21.06.2019 15:20:00.000,6203.997,6206.998,6202.997,6203.998,0.0097
21.06.2019 15:21:00.000,6204.998,6207.998,6204.997,6206.998,0.0139
21.06.2019 15:22:00.000,6206.997,6207.998,6203.997,6206.998,0.0107
21.06.2019 15:23:00.000,6206.997,6208.998,6206.997,6207.998,0.0125
21.06.2019 15:24:00.000,6207.997,6207.998,6205.997,6206.998,0.0059
21.06.2019 15:25:00.000,6206.997,6207.998,6197.998,6198.998,0.0112
21.06.2019 15:26:00.000,6198.997,6202.998,6198.997,6198.998,0.0064
21.06.2019 15:27:00.000,6198.998,6202.998,6198.998,6202.998,0.0105
21.06.2019 15:28:00.000,6202.998,6202.998,6197.998,6198.998,0.0082
21.06.2019 15:29:00.000,6198.997,6200.998,6188.997,6189.998,0.0064
24.06.2019 07:00:00.000,6204.998,6204.998,6195.997,6195.997,0.0002
24.06.2019 07:01:00.000,6195.998,6199.998,6195.998,6199.998,0.001
24.06.2019 07:02:00.000,6198.998,6203.998,6198.998,6201.997,0.0015
24.06.2019 07:03:00.000,6203.998,6204.998,6199.998,6200.998,0.0067
24.06.2019 07:04:00.000,6200.997,6202.997,6199.997,6199.998,0.0044
24.06.2019 07:05:00.000,6199.997,6212.998,6199.997,6209.997,0.0085
24.06.2019 07:06:00.000,6209.998,6213.998,6206.997,6210.998,0.0082
24.06.2019 07:07:00.000,6211.997,6219.998,6208.997,6219.998,0.0095
24.06.2019 07:08:00.000,6219.997,6224.998,6216.997,6224.997,0.007
24.06.2019 07:09:00.000,6224.998,6225.998,6216.997,6216.998,0.0045
24.06.2019 07:10:00.000,6215.998,6230.998,6215.998,6230.998,0.0086
24.06.2019 07:11:00.000,6231.997,6234.998,6231.997,6234.998,0.0023
24.06.2019 07:12:00.000,6235.998,6240.998,6235.997,6240.998,0.0038
24.06.2019 07:13:00.000,6240.998,6240.998,6233.998,6233.998,0.0035
24.06.2019 07:14:00.000,6233.997,6236.998,6232.998,6236.998,0.0033
24.06.2019 07:15:00.000,6236.998,6238.998,6232.997,6232.998,0.0023
24.06.2019 07:16:00.000,6232.998,6235.998,6231.997,6234.998,0.003
24.06.2019 07:17:00.000,6235.998,6235.998,6229.997,6229.998,0.0011
24.06.2019 07:18:00.000,6230.997,6235.997,6230.997,6235.997,0.0022
24.06.2019 07:19:00.000,6237.998,6250.998,6236.997,6249.997,0.0065
24.06.2019 07:20:00.000,6249.998,6250.998,6245.998,6246.998,0.0042
24.06.2019 07:21:00.000,6246.997,6252.998,6244.997,6244.998,0.0059
24.06.2019 07:22:00.000,6244.998,6246.998,6244.997,6245.998,0.0017
24.06.2019 07:23:00.000,6246.998,6246.998,6243.997,6246.998,0.0031
24.06.2019 07:24:00.000,6246.997,6246.998,6243.998,6245.998,0.0009
24.06.2019 07:25:00.000,6245.997,6245.998,6243.997,6243.998,0.0063
24.06.2019 07:26:00.000,6243.997,6243.998,6240.998,6240.998,0.001
24.06.2019 07:27:00.000,6241.998,6242.998,6238.998,6238.998,0.0016
24.06.2019 07:28:00.000,6239.997,6241.998,6238.998,6239.997,0.0051
24.06.2019 07:29:00.000,6239.998,6242.998,6239.998,6242.998,0.0044
24.06.2019 07:30:00.000,6243.998,6252.998,6243.997,6252.998,0.0054
24.06.2019 07:31:00.000,6252.998,6252.998,6246.998,6247.998,0.0071
24.06.2019 07:32:00.000,6247.998,6247.998,6241.997,6242.998,0.003
24.06.2019 07:33:00.000,6243.997,6246.998,6242.998,6244.997,0.0047
24.06.2019 07:34:00.000,6246.997,6249.998,6244.998,6245.998,0.0026
24.06.2019 07:35:00.000,6246.998,6247.998,6244.997,6245.998,0.0055
24.06.2019 07:36:00.000,6246.997,6247.998,6245.997,6247.998,0.0051
24.06.2019 07:37:00.000,6247.998,6247.998,6244.998,6247.998,0.0018
24.06.2019 07:38:00.000,6244.998,6248.998,6244.997,6248.997,0.0024
24.06.2019 07:39:00.000,6248.997,6255.998,6248.997,6255.997,0.0043
24.06.2019 07:40:00.000,6255.998,6255.998,6253.997,6255.997,0.0021
24.06.2019 07:41:00.000,6256.998,6258.997,6249.997,6251.998,0.0065
24.06.2019 07:42:00.000,6251.997,6251.997,6244.997,6244.998,0.0035
24.06.2019 07:43:00.000,6244.998,6245.998,6241.998,6245.997,0.0042
24.06.2019 07:44:00.000,6245.998,6247.997,6243.997,6243.997,0.0036
24.06.2019 07:45:00.000,6244.998,6255.998,6242.998,6254.998,0.0048
24.06.2019 07:46:00.000,6254.997,6254.997,6245.997,6248.997,0.0037
24.06.2019 07:47:00.000,6246.998,6250.998,6245.997,6250.998,0.0025
24.06.2019 07:48:00.000,6250.998,6252.998,6249.997,6249.998,0.0018
24.06.2019 07:49:00.000,6249.998,6249.998,6245.998,6247.997,0.0023
24.06.2019 07:50:00.000,6249.997,6250.998,6245.998,6250.998,0.0013
24.06.2019 07:51:00.000,6248.997,6248.998,6247.997,6247.997,0.0016
24.06.2019 07:52:00.000,6247.998,6248.998,6247.997,6247.998,0.0024
24.06.2019 07:53:00.000,6247.998,6254.998,6247.998,6253.998,0.0068
24.06.2019 07:54:00.000,6253.997,6256.998,6253.997,6255.997,0.0019
24.06.2019 07:55:00.000,6255.998,6256.998,6253.997,6256.998,0.0032
24.06.2019 07:56:00.000,6256.998,6256.998,6253.997,6255.998,0.0014
24.06.2019 07:57:00.000,6255.998,6257.998,6255.997,6256.998,0.0037
24.06.2019 07:58:00.000,6255.997,6257.750,6255.997,6256.998,0.0002
24.06.2019 07:59:00.000,6256.998,6258.997,6248.997,6251.998,0.008
24.06.2019 08:00:00.000,6251.997,6258.998,6251.997,6254.997,0.0044
24.06.2019 08:01:00.000,6254.998,6256.998,6254.998,6256.998,0.0011
24.06.2019 08:02:00.000,6257.998,6261.998,6254.997,6254.997,0.005
24.06.2019 08:03:00.000,6253.998,6258.998,6253.998,6257.998,0.0037
24.06.2019 08:04:00.000,6257.750,6258.998,6256.997,6257.998,0.0026
24.06.2019 08:06:00.000,6257.997,6258.998,6253.998,6254.998,0.0023
24.06.2019 08:07:00.000,6254.998,6254.998,6253.997,6253.997,0.001
24.06.2019 08:08:00.000,6252.998,6254.998,6250.997,6252.998,0.0035
24.06.2019 08:09:00.000,6252.997,6253.998,6251.997,6253.998,0.0025
24.06.2019 08:10:00.000,6253.998,6253.998,6252.997,6253.998,0.0033
24.06.2019 08:11:00.000,6253.997,6255.998,6250.997,6251.997,0.0032
24.06.2019 08:12:00.000,6251.997,6252.998,6251.997,6252.997,0.0015
24.06.2019 08:13:00.000,6253.998,6253.998,6250.997,6251.998,0.0044
24.06.2019 08:14:00.000,6251.998,6251.998,6245.998,6248.997,0.0039
24.06.2019 08:15:00.000,6248.998,6248.998,6246.997,6246.998,0.0019
24.06.2019 08:16:00.000,6246.997,6251.998,6246.997,6250.998,0.0032
24.06.2019 08:17:00.000,6250.998,6256.998,6249.997,6254.998,0.0081
24.06.2019 08:18:00.000,6254.998,6254.998,6252.997,6252.997,0.0019
24.06.2019 08:19:00.000,6252.997,6255.998,6250.998,6255.998,0.0026
24.06.2019 08:20:00.000,6255.997,6255.998,6251.997,6252.997,0.0023
24.06.2019 08:21:00.000,6252.998,6252.998,6249.997,6249.997,0.0026
24.06.2019 08:22:00.000,6248.997,6250.998,6245.998,6249.998,0.0043
24.06.2019 08:23:00.000,6250.997,6251.998,6247.997,6251.998,0.0096
24.06.2019 08:24:00.000,6252.998,6252.998,6248.997,6250.997,0.0027
24.06.2019 08:25:00.000,6249.998,6252.998,6247.998,6250.997,0.0042
24.06.2019 08:26:00.000,6251.998,6254.998,6251.997,6253.998,0.0078
24.06.2019 08:27:00.000,6253.997,6256.998,6252.997,6255.998,0.0023
24.06.2019 08:28:00.000,6256.997,6259.998,6256.997,6258.998,0.0025
24.06.2019 08:29:00.000,6259.998,6264.998,6259.998,6263.998,0.0038
24.06.2019 08:30:00.000,6264.998,6265.997,6261.997,6262.998,0.0022
24.06.2019 08:31:00.000,6262.997,6264.998,6261.997,6263.998,0.0102
24.06.2019 08:32:00.000,6263.997,6265.750,6262.997,6264.998,0.0052
24.06.2019 08:33:00.000,6264.997,6268.998,6264.997,6268.998,0.004
24.06.2019 08:34:00.000,6269.997,6270.998,6267.998,6269.998,0.0063
24.06.2019 08:35:00.000,6268.997,6269.998,6268.997,6268.998,0.0013
24.06.2019 08:36:00.000,6268.997,6270.998,6268.997,6269.998,0.0014
24.06.2019 08:37:00.000,6269.997,6272.997,6269.997,6272.997,0.0033
24.06.2019 08:38:00.000,6272.998,6275.998,6270.998,6272.997,0.0059
24.06.2019 08:39:00.000,6270.998,6273.750,6268.997,6271.998,0.0062
24.06.2019 08:40:00.000,6271.998,6275.998,6271.998,6275.997,0.002
24.06.2019 08:41:00.000,6275.998,6278.997,6273.998,6277.998,0.0031
24.06.2019 08:42:00.000,6278.997,6282.998,6278.997,6280.998,0.0079
24.06.2019 08:43:00.000,6280.997,6282.998,6279.998,6282.998,0.0035
24.06.2019 08:44:00.000,6281.998,6283.998,6281.997,6283.998,0.0028
24.06.2019 08:45:00.000,6282.998,6284.998,6281.997,6282.997,0.0017
24.06.2019 08:46:00.000,6282.998,6286.998,6282.998,6285.997,0.0018
24.06.2019 08:47:00.000,6285.997,6285.998,6283.997,6285.998,0.0027
24.06.2019 08:48:00.000,6285.997,6289.998,6285.997,6289.998,0.0061
24.06.2019 08:49:00.000,6289.998,6289.998,6286.998,6289.998,0.0029
24.06.2019 08:50:00.000,6290.997,6290.998,6286.998,6286.998,0.0017
24.06.2019 08:51:00.000,6287.997,6287.997,6285.997,6285.997,0.0025
24.06.2019 08:52:00.000,6285.998,6296.998,6284.997,6295.997,0.0099
24.06.2019 08:53:00.000,6296.998,6299.998,6295.998,6299.998,0.0127
24.06.2019 08:54:00.000,6299.998,6304.998,6299.997,6304.998,0.0091
24.06.2019 08:55:00.000,6304.997,6306.998,6303.997,6306.998,0.0115
24.06.2019 08:56:00.000,6307.998,6313.998,6307.997,6311.997,0.0122
24.06.2019 08:57:00.000,6312.998,6315.998,6305.997,6305.997,0.0087
24.06.2019 08:58:00.000,6305.998,6311.998,6303.998,6311.998,0.0062
24.06.2019 08:59:00.000,6312.998,6314.998,6309.997,6309.998,0.0039
24.06.2019 09:00:00.000,6308.998,6310.998,6302.998,6303.998,0.0045
24.06.2019 09:01:00.000,6302.997,6306.998,6302.997,6306.997,0.0026
24.06.2019 09:02:00.000,6306.998,6310.998,6306.997,6307.998,0.0039
24.06.2019 09:03:00.000,6307.998,6307.998,6300.998,6300.998,0.0052
24.06.2019 09:04:00.000,6300.997,6303.997,6298.998,6303.997,0.0068
24.06.2019 09:05:00.000,6303.997,6306.998,6302.997,6305.998,0.0042
24.06.2019 09:06:00.000,6305.998,6305.998,6298.998,6298.998,0.0107
24.06.2019 09:07:00.000,6299.998,6302.998,6298.997,6300.998,0.0063
24.06.2019 09:08:00.000,6302.998,6304.998,6301.997,6304.997,0.005
24.06.2019 09:09:00.000,6304.998,6307.998,6304.998,6307.998,0.0035
24.06.2019 09:10:00.000,6307.997,6310.998,6307.997,6308.998,0.0053
24.06.2019 09:11:00.000,6307.998,6307.998,6305.997,6305.997,0.0049
24.06.2019 09:12:00.000,6305.998,6306.998,6302.997,6303.998,0.0033
24.06.2019 09:13:00.000,6303.998,6304.998,6302.998,6302.998,0.0012
24.06.2019 09:14:00.000,6302.998,6303.998,6302.997,6302.998,0.0042
24.06.2019 09:15:00.000,6302.997,6305.998,6302.997,6304.997,0.0048
24.06.2019 09:16:00.000,6304.998,6306.998,6304.997,6306.998,0.0041
24.06.2019 09:17:00.000,6306.997,6306.998,6302.997,6302.998,0.0053
24.06.2019 09:18:00.000,6302.997,6302.998,6302.997,6302.998,0.0034
24.06.2019 09:19:00.000,6302.997,6304.998,6300.997,6304.997,0.0034
24.06.2019 09:20:00.000,6304.998,6310.998,6303.998,6310.998,0.0072
24.06.2019 09:21:00.000,6310.998,6310.998,6306.998,6309.997,0.0039
24.06.2019 09:22:00.000,6309.998,6310.998,6306.998,6306.998,0.0033
24.06.2019 09:23:00.000,6306.997,6309.998,6305.997,6309.998,0.0071
24.06.2019 09:24:00.000,6310.997,6310.998,6310.997,6310.997,0.0008
24.06.2019 09:25:00.000,6310.998,6317.998,6310.998,6311.998,0.0067
24.06.2019 09:26:00.000,6311.997,6314.998,6310.997,6314.998,0.0058
24.06.2019 09:27:00.000,6314.998,6315.998,6311.997,6312.998,0.0045
24.06.2019 09:28:00.000,6312.997,6312.998,6310.997,6311.998,0.0033
24.06.2019 09:29:00.000,6312.998,6313.998,6312.997,6312.998,0.0036
24.06.2019 09:30:00.000,6313.997,6315.998,6309.997,6310.998,0.0052
24.06.2019 09:31:00.000,6310.998,6312.998,6305.997,6305.997,0.0046
24.06.2019 09:32:00.000,6307.750,6308.997,6305.998,6307.997,0.005
24.06.2019 09:33:00.000,6307.998,6308.998,6306.997,6306.997,0.0019
24.06.2019 09:34:00.000,6307.998,6310.998,6307.997,6310.997,0.0058
24.06.2019 09:35:00.000,6310.998,6310.998,6309.997,6309.998,0.0031
24.06.2019 09:36:00.000,6309.997,6310.998,6307.997,6309.998,0.0054
24.06.2019 09:37:00.000,6310.998,6311.997,6306.998,6307.997,0.0048
24.06.2019 09:38:00.000,6308.997,6308.998,6308.997,6308.997,0.0009
24.06.2019 09:39:00.000,6308.998,6308.998,6307.997,6307.998,0.0024
24.06.2019 09:40:00.000,6306.998,6307.998,6304.997,6306.998,0.003
24.06.2019 09:41:00.000,6307.997,6307.998,6306.997,6307.998,0.0054
24.06.2019 09:42:00.000,6309.750,6311.997,6308.997,6310.998,0.0078
24.06.2019 09:43:00.000,6310.997,6310.998,6308.997,6310.997,0.0028
24.06.2019 09:44:00.000,6310.998,6312.998,6309.997,6311.997,0.0014
24.06.2019 09:45:00.000,6311.997,6313.998,6311.997,6311.997,0.0031
24.06.2019 09:46:00.000,6311.998,6311.998,6306.997,6306.998,0.0037
24.06.2019 09:47:00.000,6306.998,6306.998,6303.998,6306.998,0.0054
24.06.2019 09:48:00.000,6307.998,6308.998,6303.998,6303.998,0.0039
24.06.2019 09:49:00.000,6304.997,6304.998,6304.997,6304.998,0.0024
24.06.2019 09:50:00.000,6305.998,6305.998,6302.997,6302.998,0.0019
24.06.2019 09:51:00.000,6304.997,6304.998,6302.997,6303.998,0.0011
24.06.2019 09:52:00.000,6303.998,6303.998,6300.998,6302.998,0.0019
24.06.2019 09:53:00.000,6301.998,6301.998,6299.997,6300.997,0.0015
24.06.2019 09:54:00.000,6299.998,6300.998,6296.998,6300.998,0.0072
24.06.2019 09:55:00.000,6300.998,6300.998,6297.998,6297.998,0.0011
24.06.2019 09:56:00.000,6297.997,6298.998,6296.997,6298.998,0.0027
24.06.2019 09:57:00.000,6298.997,6301.998,6298.997,6301.998,0.0091
24.06.2019 09:58:00.000,6301.998,6302.998,6299.997,6300.997,0.0073
24.06.2019 09:59:00.000,6300.998,6301.998,6296.997,6296.998,0.0023
24.06.2019 10:00:00.000,6298.997,6298.997,6294.998,6294.998,0.0012
24.06.2019 10:01:00.000,6295.998,6299.998,6295.998,6299.997,0.0025
24.06.2019 10:02:00.000,6299.998,6299.998,6296.997,6298.997,0.004
24.06.2019 10:03:00.000,6298.997,6298.997,6293.997,6293.998,0.002
24.06.2019 10:04:00.000,6292.998,6292.998,6290.997,6290.998,0.0018
24.06.2019 10:05:00.000,6290.998,6290.998,6288.998,6289.998,0.0016
24.06.2019 10:06:00.000,6289.997,6290.998,6286.997,6290.998,0.0065
24.06.2019 10:07:00.000,6290.997,6294.998,6290.997,6293.997,0.0176
24.06.2019 10:08:00.000,6293.998,6293.998,6290.997,6290.998,0.0028
24.06.2019 10:09:00.000,6290.997,6290.997,6290.997,6290.997,0.0002
24.06.2019 10:10:00.000,6290.998,6290.998,6285.997,6286.998,0.0057
24.06.2019 10:11:00.000,6286.997,6289.998,6286.997,6288.998,0.0051
24.06.2019 10:12:00.000,6287.998,6290.998,6287.997,6290.997,0.0025
24.06.2019 10:13:00.000,6290.998,6296.998,6290.998,6296.998,0.0032
24.06.2019 10:14:00.000,6296.998,6296.998,6294.997,6294.998,0.0015
24.06.2019 10:15:00.000,6295.998,6295.998,6294.997,6294.998,0.003
24.06.2019 10:16:00.000,6295.997,6296.997,6294.997,6295.998,0.0026
24.06.2019 10:17:00.000,6297.997,6297.998,6295.997,6295.998,0.0054
24.06.2019 10:18:00.000,6295.997,6295.998,6295.997,6295.998,0.0026
24.06.2019 10:19:00.000,6295.997,6297.998,6294.998,6297.998,0.0048
24.06.2019 10:20:00.000,6297.997,6297.998,6297.997,6297.998,0.0017
24.06.2019 10:21:00.000,6297.997,6298.998,6295.997,6298.997,0.0037
24.06.2019 10:22:00.000,6298.998,6298.998,6296.998,6297.998,0.0025
24.06.2019 10:23:00.000,6297.998,6297.998,6296.997,6296.997,0.0019
24.06.2019 10:24:00.000,6297.998,6299.998,6296.998,6298.998,0.0087
24.06.2019 10:25:00.000,6298.997,6298.997,6292.997,6294.997,0.0063
24.06.2019 10:26:00.000,6294.998,6294.998,6294.997,6294.998,0.0005
24.06.2019 10:27:00.000,6296.997,6299.998,6294.997,6299.998,0.0032
24.06.2019 10:28:00.000,6299.997,6301.998,6299.997,6299.997,0.0018
24.06.2019 10:29:00.000,6299.998,6300.997,6299.998,6300.997,0.0001
24.06.2019 10:30:00.000,6299.998,6302.998,6299.998,6302.998,0.0056
24.06.2019 10:31:00.000,6301.998,6302.998,6300.997,6302.998,0.0049
24.06.2019 10:32:00.000,6302.997,6302.997,6297.997,6297.998,0.0024
24.06.2019 10:33:00.000,6295.998,6296.998,6294.997,6295.997,0.0023
24.06.2019 10:34:00.000,6296.997,6296.997,6291.998,6292.998,0.0065
24.06.2019 10:35:00.000,6292.998,6292.998,6289.998,6290.998,0.0012
24.06.2019 10:36:00.000,6291.998,6291.998,6290.997,6290.998,0.0015
24.06.2019 10:38:00.000,6290.997,6290.997,6288.997,6288.997,0.0004
24.06.2019 10:39:00.000,6288.998,6290.998,6288.998,6290.997,0.0012
24.06.2019 10:40:00.000,6292.750,6295.997,6292.750,6294.997,0.0032
24.06.2019 10:41:00.000,6294.750,6295.998,6292.997,6294.998,0.0033
24.06.2019 10:42:00.000,6295.998,6297.998,6295.998,6296.998,0.003
24.06.2019 10:43:00.000,6296.997,6296.997,6295.997,6295.998,0.0022
24.06.2019 10:44:00.000,6295.997,6295.998,6295.997,6295.998,0.0007
24.06.2019 10:45:00.000,6295.997,6296.998,6294.998,6296.998,0.0034
24.06.2019 10:46:00.000,6296.998,6296.998,6294.997,6294.997,0.002
24.06.2019 10:47:00.000,6294.998,6296.998,6294.997,6296.998,0.0033
24.06.2019 10:48:00.000,6296.997,6298.998,6296.997,6296.998,0.0025
24.06.2019 10:49:00.000,6297.997,6300.998,6297.997,6299.998,0.005
24.06.2019 10:50:00.000,6300.997,6300.998,6300.997,6300.998,0.0047
24.06.2019 10:51:00.000,6300.997,6301.998,6299.997,6299.998,0.004
24.06.2019 10:52:00.000,6299.997,6300.998,6299.997,6300.998,0.0059
24.06.2019 10:53:00.000,6300.997,6304.998,6300.997,6304.998,0.0108
24.06.2019 10:54:00.000,6305.998,6305.998,6298.997,6301.998,0.0097
24.06.2019 10:55:00.000,6300.998,6305.998,6300.997,6305.998,0.0041
24.06.2019 10:56:00.000,6305.997,6305.998,6305.997,6305.998,0.002
24.06.2019 10:57:00.000,6306.997,6307.998,6305.998,6306.998,0.0035
24.06.2019 10:58:00.000,6306.998,6306.998,6305.998,6305.998,0.0003
24.06.2019 10:59:00.000,6305.997,6305.997,6301.998,6302.998,0.0041
24.06.2019 11:00:00.000,6301.998,6301.998,6297.997,6297.997,0.0009
24.06.2019 11:01:00.000,6297.997,6297.997,6295.998,6295.998,0.0002
24.06.2019 11:02:00.000,6302.997,6302.998,6299.998,6301.997,0.0045
24.06.2019 11:03:00.000,6301.998,6301.998,6298.997,6299.998,0.0105
24.06.2019 11:04:00.000,6299.997,6299.998,6297.997,6297.998,0.0142
24.06.2019 11:05:00.000,6297.997,6297.997,6292.997,6295.997,0.0067
24.06.2019 11:06:00.000,6295.998,6295.998,6293.997,6293.997,0.0041
24.06.2019 11:07:00.000,6293.997,6293.998,6288.997,6289.998,0.0102
24.06.2019 11:08:00.000,6289.997,6292.998,6289.997,6292.997,0.0058
24.06.2019 11:09:00.000,6292.998,6292.998,6290.997,6290.998,0.0041
24.06.2019 11:10:00.000,6290.998,6290.998,6289.997,6289.997,0.0024
24.06.2019 11:11:00.000,6290.997,6292.998,6290.997,6291.997,0.0049
24.06.2019 11:12:00.000,6291.998,6291.998,6291.998,6291.998,0.0002
24.06.2019 11:13:00.000,6291.997,6297.998,6291.997,6297.998,0.0032
24.06.2019 11:14:00.000,6297.997,6298.998,6294.997,6294.998,0.0104
24.06.2019 11:15:00.000,6294.997,6295.998,6292.998,6294.998,0.0196
24.06.2019 11:16:00.000,6294.997,6294.998,6293.997,6294.998,0.0058
24.06.2019 11:17:00.000,6295.998,6297.998,6294.997,6297.998,0.0108
24.06.2019 11:18:00.000,6297.998,6298.998,6297.997,6298.998,0.0089
24.06.2019 11:19:00.000,6299.998,6299.998,6296.997,6298.998,0.008
24.06.2019 11:20:00.000,6298.997,6301.998,6298.997,6300.998,0.0054
24.06.2019 11:21:00.000,6300.997,6301.998,6300.997,6300.998,0.0097
24.06.2019 11:22:00.000,6300.998,6301.998,6298.997,6301.998,0.0123
24.06.2019 11:23:00.000,6301.997,6301.998,6299.998,6299.998,0.0113
24.06.2019 11:24:00.000,6299.998,6300.998,6299.997,6300.998,0.0029
24.06.2019 11:25:00.000,6299.998,6301.998,6299.997,6300.998,0.004
24.06.2019 11:26:00.000,6300.998,6302.998,6298.997,6299.998,0.0062
24.06.2019 11:27:00.000,6299.997,6301.998,6298.997,6299.998,0.0049
24.06.2019 11:28:00.000,6299.997,6300.998,6298.997,6298.997,0.0271
24.06.2019 11:29:00.000,6298.998,6298.998,6297.997,6297.997,0.0201
24.06.2019 11:30:00.000,6297.998,6298.998,6297.997,6297.998,0.0118
24.06.2019 11:31:00.000,6297.997,6300.998,6296.998,6299.998,0.0146
24.06.2019 11:32:00.000,6297.997,6298.998,6296.998,6297.998,0.0136
24.06.2019 11:33:00.000,6297.998,6306.998,6295.998,6305.998,0.0113
24.06.2019 11:34:00.000,6305.997,6305.997,6300.998,6300.998,0.0058
24.06.2019 11:35:00.000,6300.997,6301.997,6298.997,6299.998,0.0033
24.06.2019 11:36:00.000,6299.997,6299.998,6297.997,6297.998,0.0068
24.06.2019 11:37:00.000,6297.998,6297.998,6296.997,6296.998,0.0022
24.06.2019 11:38:00.000,6296.997,6298.998,6296.997,6298.998,0.0075
24.06.2019 11:39:00.000,6299.998,6299.998,6298.997,6298.998,0.0031
24.06.2019 11:40:00.000,6298.997,6300.998,6298.997,6300.998,0.0131
24.06.2019 11:41:00.000,6300.998,6301.998,6300.997,6300.998,0.0052
24.06.2019 11:42:00.000,6300.997,6302.998,6300.997,6302.998,0.0039
24.06.2019 11:43:00.000,6303.998,6304.998,6302.998,6302.998,0.0067
24.06.2019 11:44:00.000,6303.997,6305.998,6303.997,6303.998,0.0068
24.06.2019 11:45:00.000,6303.997,6303.997,6298.997,6299.998,0.007
24.06.2019 11:46:00.000,6299.997,6301.998,6299.997,6300.998,0.0068
24.06.2019 11:47:00.000,6300.998,6300.998,6300.997,6300.998,0.0063
24.06.2019 11:48:00.000,6300.997,6302.998,6299.998,6300.998,0.0055
24.06.2019 11:49:00.000,6301.997,6301.998,6301.997,6301.997,0.0018
24.06.2019 11:50:00.000,6301.998,6302.997,6300.997,6301.998,0.004
24.06.2019 11:51:00.000,6300.998,6301.998,6299.997,6300.998,0.0031
24.06.2019 11:52:00.000,6300.997,6300.998,6299.997,6300.998,0.0021
24.06.2019 11:53:00.000,6300.997,6300.998,6299.997,6299.998,0.0048
24.06.2019 11:54:00.000,6299.997,6300.998,6299.997,6300.998,0.004
24.06.2019 11:55:00.000,6300.997,6300.998,6299.998,6300.997,0.0013
24.06.2019 11:56:00.000,6300.998,6301.998,6300.997,6301.997,0.0031
24.06.2019 11:57:00.000,6302.998,6304.998,6302.998,6304.998,0.0037
24.06.2019 11:58:00.000,6304.997,6307.997,6304.997,6306.998,0.0077
24.06.2019 11:59:00.000,6307.998,6307.998,6307.997,6307.998,0.0025
24.06.2019 12:00:00.000,6307.997,6308.998,6305.998,6307.998,0.012
24.06.2019 12:01:00.000,6307.997,6308.998,6307.997,6308.998,0.0055
24.06.2019 12:02:00.000,6308.997,6310.998,6307.997,6310.998,0.0033
24.06.2019 12:03:00.000,6311.997,6311.997,6308.997,6308.998,0.0088
24.06.2019 12:04:00.000,6309.997,6310.998,6308.998,6308.998,0.0031
24.06.2019 12:05:00.000,6309.997,6312.998,6309.997,6312.998,0.0072
24.06.2019 12:06:00.000,6312.997,6312.998,6311.997,6311.998,0.0069
24.06.2019 12:07:00.000,6311.997,6311.998,6311.997,6311.997,0.0108
24.06.2019 12:08:00.000,6311.998,6313.998,6311.997,6313.997,0.0064
24.06.2019 12:09:00.000,6313.997,6314.997,6312.997,6314.997,0.0046
24.06.2019 12:10:00.000,6314.997,6316.998,6313.997,6316.997,0.0097
24.06.2019 12:11:00.000,6316.997,6321.998,6316.997,6321.998,0.0134
24.06.2019 12:12:00.000,6321.997,6322.997,6319.997,6322.997,0.0101
24.06.2019 12:13:00.000,6322.997,6323.998,6322.997,6323.998,0.0089
24.06.2019 12:14:00.000,6323.998,6324.998,6321.997,6322.998,0.0082
24.06.2019 12:15:00.000,6322.997,6323.998,6321.997,6323.997,0.0028
24.06.2019 12:16:00.000,6323.750,6323.750,6320.997,6321.997,0.0049
24.06.2019 12:17:00.000,6321.998,6325.998,6321.997,6325.998,0.0101
24.06.2019 12:18:00.000,6325.998,6327.997,6325.998,6326.997,0.0073
24.06.2019 12:19:00.000,6326.998,6326.998,6320.998,6321.998,0.0047
24.06.2019 12:20:00.000,6320.998,6322.998,6319.998,6322.998,0.0065
24.06.2019 12:21:00.000,6323.998,6324.998,6319.997,6320.998,0.0058
24.06.2019 12:22:00.000,6320.998,6320.998,6318.997,6319.997,0.006
24.06.2019 12:23:00.000,6319.998,6320.998,6318.997,6320.998,0.002
24.06.2019 12:24:00.000,6320.997,6321.998,6318.998,6318.998,0.0092
24.06.2019 12:25:00.000,6318.997,6321.998,6318.997,6321.998,0.0106
24.06.2019 12:26:00.000,6321.997,6322.998,6321.997,6322.997,0.0054
24.06.2019 12:27:00.000,6322.998,6324.997,6321.997,6323.998,0.0061
24.06.2019 12:28:00.000,6322.998,6323.998,6322.998,6323.997,0.0066
24.06.2019 12:29:00.000,6323.998,6324.998,6323.998,6324.998,0.0012
24.06.2019 12:30:00.000,6325.997,6326.998,6324.998,6326.998,0.0096
24.06.2019 12:31:00.000,6326.997,6326.998,6325.997,6325.998,0.0074
24.06.2019 12:32:00.000,6326.998,6327.998,6322.998,6327.998,0.0137
24.06.2019 12:33:00.000,6327.998,6327.998,6325.997,6325.998,0.0061
24.06.2019 12:34:00.000,6326.998,6326.998,6323.998,6323.998,0.0012
24.06.2019 12:35:00.000,6323.997,6324.998,6323.997,6323.997,0.0029
24.06.2019 12:36:00.000,6323.998,6324.998,6323.997,6323.998,0.0047
24.06.2019 12:37:00.000,6323.997,6324.998,6323.997,6323.998,0.0014
24.06.2019 12:38:00.000,6324.998,6325.997,6323.997,6323.998,0.0075
24.06.2019 12:39:00.000,6323.998,6323.998,6322.997,6322.997,0.003
24.06.2019 12:40:00.000,6322.998,6323.998,6320.997,6322.997,0.0119
24.06.2019 12:41:00.000,6322.998,6323.998,6322.997,6323.998,0.0038
24.06.2019 12:42:00.000,6322.998,6326.998,6322.998,6324.997,0.0099
24.06.2019 12:43:00.000,6324.998,6325.998,6324.997,6324.998,0.0022
24.06.2019 12:44:00.000,6324.997,6326.998,6324.997,6325.997,0.009
24.06.2019 12:45:00.000,6325.997,6326.998,6325.997,6326.998,0.0077
24.06.2019 12:46:00.000,6326.997,6329.998,6326.997,6326.998,0.0133
24.06.2019 12:47:00.000,6327.997,6328.997,6325.997,6326.998,0.0097
24.06.2019 12:48:00.000,6325.997,6327.998,6325.997,6327.998,0.011
24.06.2019 12:49:00.000,6326.997,6327.998,6326.997,6326.998,0.0148
24.06.2019 12:50:00.000,6326.997,6326.998,6322.997,6325.998,0.0107
24.06.2019 12:51:00.000,6325.997,6325.998,6322.997,6322.998,0.011
24.06.2019 12:52:00.000,6322.998,6322.998,6320.998,6321.998,0.0019
24.06.2019 12:53:00.000,6321.997,6323.998,6320.997,6323.998,0.0019
24.06.2019 12:54:00.000,6323.750,6323.998,6318.997,6319.998,0.0121
24.06.2019 12:55:00.000,6319.997,6322.998,6318.997,6322.997,0.0075
24.06.2019 12:56:00.000,6322.998,6325.998,6322.997,6324.998,0.0069
24.06.2019 12:57:00.000,6324.997,6324.998,6322.998,6322.998,0.0024
24.06.2019 12:58:00.000,6322.997,6322.998,6320.998,6320.998,0.0051
24.06.2019 12:59:00.000,6320.998,6323.998,6319.997,6323.997,0.0137
24.06.2019 13:00:00.000,6323.998,6326.998,6323.998,6324.997,0.0223
24.06.2019 13:01:00.000,6324.998,6327.998,6322.998,6327.998,0.0176
24.06.2019 13:02:00.000,6326.998,6327.998,6324.997,6324.997,0.0101
24.06.2019 13:03:00.000,6324.998,6326.998,6324.998,6325.997,0.0076
24.06.2019 13:04:00.000,6325.998,6330.998,6325.998,6330.998,0.0162
24.06.2019 13:05:00.000,6330.998,6330.998,6326.997,6328.998,0.0096
24.06.2019 13:06:00.000,6328.997,6329.998,6327.997,6327.998,0.0065
24.06.2019 13:07:00.000,6328.997,6329.998,6327.997,6327.998,0.0047
24.06.2019 13:08:00.000,6326.998,6330.998,6326.997,6330.998,0.017
24.06.2019 13:09:00.000,6331.998,6332.998,6330.998,6332.997,0.0058
24.06.2019 13:10:00.000,6332.998,6332.998,6331.997,6331.998,0.0041
24.06.2019 13:11:00.000,6331.750,6331.998,6328.997,6331.998,0.0074
24.06.2019 13:12:00.000,6332.997,6332.998,6331.997,6331.998,0.0036
24.06.2019 13:13:00.000,6331.997,6331.998,6329.997,6330.998,0.0056
24.06.2019 13:14:00.000,6330.997,6331.998,6327.998,6328.998,0.0093
24.06.2019 13:15:00.000,6328.998,6330.998,6328.998,6329.998,0.0034
24.06.2019 13:16:00.000,6329.750,6330.998,6327.997,6330.998,0.0047
24.06.2019 13:17:00.000,6330.997,6332.998,6328.998,6332.998,0.0086
24.06.2019 13:18:00.000,6332.997,6333.998,6331.998,6333.998,0.0024
24.06.2019 13:19:00.000,6333.997,6334.998,6333.997,6334.997,0.0044
24.06.2019 13:20:00.000,6334.998,6334.998,6334.997,6334.998,0.002
24.06.2019 13:21:00.000,6335.998,6339.998,6335.998,6337.998,0.0141
24.06.2019 13:22:00.000,6337.997,6338.998,6337.997,6338.998,0.0107
24.06.2019 13:23:00.000,6335.998,6336.998,6335.998,6336.998,0.001
24.06.2019 13:24:00.000,6337.998,6337.998,6335.997,6337.998,0.0045
24.06.2019 13:25:00.000,6338.997,6343.998,6338.997,6341.997,0.0102
24.06.2019 13:26:00.000,6341.998,6341.998,6340.997,6341.998,0.0104
24.06.2019 13:27:00.000,6341.997,6343.998,6341.997,6343.998,0.0156
24.06.2019 13:28:00.000,6340.998,6344.998,6340.998,6343.998,0.0148
24.06.2019 13:29:00.000,6344.998,6346.998,6344.997,6345.998,0.0187
24.06.2019 13:30:00.000,6346.998,6346.998,6330.998,6330.998,0.0211
24.06.2019 13:31:00.000,6330.997,6330.998,6324.998,6327.998,0.0136
24.06.2019 13:32:00.000,6327.997,6331.998,6327.997,6329.998,0.0027
24.06.2019 13:33:00.000,6329.998,6330.998,6322.997,6322.998,0.0081
24.06.2019 13:34:00.000,6323.998,6327.998,6323.997,6325.998,0.0188
24.06.2019 13:35:00.000,6325.998,6326.998,6321.997,6324.997,0.0089
24.06.2019 13:36:00.000,6324.998,6324.998,6321.998,6323.998,0.0128
24.06.2019 13:37:00.000,6324.998,6327.997,6324.998,6326.998,0.0199
24.06.2019 13:38:00.000,6326.997,6327.998,6325.998,6327.998,0.0042
24.06.2019 13:39:00.000,6328.998,6329.998,6327.997,6329.998,0.0088
24.06.2019 13:40:00.000,6329.997,6331.998,6329.997,6331.998,0.0206
24.06.2019 13:41:00.000,6331.997,6333.998,6331.997,6333.998,0.0118
24.06.2019 13:42:00.000,6334.997,6336.998,6334.997,6336.998,0.0052
24.06.2019 13:43:00.000,6337.998,6345.998,6336.998,6345.998,0.0102
24.06.2019 13:44:00.000,6346.997,6348.998,6342.998,6348.997,0.0266
24.06.2019 13:45:00.000,6348.998,6351.998,6348.997,6351.998,0.0141
24.06.2019 13:46:00.000,6351.997,6351.998,6349.997,6349.997,0.0047
24.06.2019 13:47:00.000,6346.997,6351.998,6346.997,6347.997,0.0191
24.06.2019 13:48:00.000,6347.997,6347.997,6340.997,6345.997,0.0152
24.06.2019 13:49:00.000,6345.998,6345.998,6342.997,6344.998,0.0127
24.06.2019 13:50:00.000,6344.998,6346.998,6343.997,6344.998,0.0188
24.06.2019 13:51:00.000,6344.997,6346.998,6344.997,6346.997,0.0105
24.06.2019 13:52:00.000,6346.998,6346.998,6339.997,6339.998,0.0092
24.06.2019 13:53:00.000,6339.998,6341.998,6334.997,6335.998,0.0092
24.06.2019 13:54:00.000,6335.997,6336.998,6332.997,6332.998,0.0129
24.06.2019 13:55:00.000,6331.997,6334.998,6331.997,6334.998,0.0118
24.06.2019 13:56:00.000,6334.997,6335.997,6329.997,6330.998,0.0109
24.06.2019 13:57:00.000,6330.997,6331.998,6328.997,6329.997,0.01
24.06.2019 13:58:00.000,6329.998,6329.998,6323.997,6324.998,0.0119
24.06.2019 13:59:00.000,6325.997,6326.997,6324.998,6325.998,0.007
24.06.2019 14:00:00.000,6325.997,6325.998,6324.997,6325.998,0.0064
24.06.2019 14:01:00.000,6324.998,6327.998,6323.998,6325.998,0.0222
24.06.2019 14:02:00.000,6325.997,6326.998,6323.997,6325.998,0.0063
24.06.2019 14:03:00.000,6324.998,6326.998,6324.997,6326.998,0.0047
24.06.2019 14:04:00.000,6327.997,6330.998,6327.997,6329.998,0.0088
24.06.2019 14:05:00.000,6329.997,6330.998,6326.997,6327.997,0.0127
24.06.2019 14:06:00.000,6327.998,6329.998,6327.997,6329.998,0.0195
24.06.2019 14:07:00.000,6329.997,6330.998,6329.997,6330.998,0.0091
24.06.2019 14:08:00.000,6330.997,6331.998,6328.998,6331.997,0.0041
24.06.2019 14:09:00.000,6331.998,6332.998,6331.997,6331.998,0.004
24.06.2019 14:10:00.000,6332.997,6333.998,6332.997,6333.998,0.0056
24.06.2019 14:11:00.000,6333.997,6333.998,6329.998,6330.997,0.0049
24.06.2019 14:12:00.000,6330.998,6335.997,6330.998,6333.998,0.0104
24.06.2019 14:13:00.000,6332.998,6334.998,6330.997,6334.998,0.0076
24.06.2019 14:14:00.000,6334.997,6334.998,6331.997,6334.998,0.0169
24.06.2019 14:15:00.000,6333.998,6333.998,6331.997,6333.998,0.0096
24.06.2019 14:16:00.000,6333.997,6333.998,6332.997,6332.997,0.0053
24.06.2019 14:17:00.000,6332.998,6332.998,6328.998,6329.998,0.0181
24.06.2019 14:18:00.000,6329.997,6332.998,6329.997,6332.998,0.0285
24.06.2019 14:19:00.000,6332.997,6332.998,6331.997,6331.998,0.0145
24.06.2019 14:20:00.000,6330.998,6331.998,6330.998,6331.997,0.0088
24.06.2019 14:21:00.000,6331.998,6332.998,6330.998,6332.997,0.0064
24.06.2019 14:22:00.000,6332.998,6334.998,6332.997,6333.998,0.0229
24.06.2019 14:23:00.000,6333.997,6335.997,6333.997,6334.998,0.0284
24.06.2019 14:24:00.000,6334.998,6336.998,6334.997,6336.998,0.0214
24.06.2019 14:25:00.000,6337.997,6338.998,6337.997,6337.998,0.0096
24.06.2019 14:26:00.000,6337.997,6337.997,6330.997,6331.997,0.0264
24.06.2019 14:27:00.000,6331.998,6332.998,6331.997,6332.997,0.0117
24.06.2019 14:28:00.000,6332.998,6333.998,6332.997,6333.998,0.0108
24.06.2019 14:29:00.000,6333.997,6336.998,6333.997,6336.997,0.0164
24.06.2019 14:30:00.000,6336.998,6336.998,6333.997,6333.998,0.0074
24.06.2019 14:31:00.000,6333.997,6336.998,6333.997,6333.998,0.0096
24.06.2019 14:32:00.000,6333.997,6333.998,6329.998,6330.998,0.0052
24.06.2019 14:33:00.000,6330.750,6332.998,6328.998,6331.998,0.0065
24.06.2019 14:34:00.000,6331.997,6331.997,6328.997,6330.997,0.0058
24.06.2019 14:35:00.000,6330.998,6330.998,6330.997,6330.998,0.003
24.06.2019 14:36:00.000,6330.997,6331.998,6328.997,6328.998,0.0152
24.06.2019 14:37:00.000,6328.997,6328.998,6325.998,6326.997,0.0098
24.06.2019 14:38:00.000,6324.998,6325.998,6324.997,6325.998,0.0043
24.06.2019 14:39:00.000,6325.998,6326.998,6324.997,6326.997,0.0033
24.06.2019 14:40:00.000,6326.998,6326.998,6325.997,6325.998,0.0039
24.06.2019 14:41:00.000,6325.997,6325.998,6322.997,6323.998,0.0129
24.06.2019 14:42:00.000,6323.997,6325.998,6323.997,6325.998,0.0043
24.06.2019 14:43:00.000,6325.997,6326.998,6324.997,6326.998,0.0059
24.06.2019 14:44:00.000,6326.997,6326.998,6324.997,6325.998,0.0349
24.06.2019 14:45:00.000,6326.998,6329.997,6325.997,6329.997,0.011
24.06.2019 14:46:00.000,6329.998,6331.998,6327.998,6328.998,0.0223
24.06.2019 14:47:00.000,6327.998,6328.998,6326.997,6328.998,0.0009
24.06.2019 14:48:00.000,6328.997,6329.998,6328.997,6329.998,0.0065
24.06.2019 14:49:00.000,6328.998,6331.998,6328.997,6331.998,0.0053
24.06.2019 14:50:00.000,6331.997,6331.998,6330.997,6331.998,0.0085
24.06.2019 14:51:00.000,6331.997,6332.998,6331.997,6332.998,0.0099
24.06.2019 14:52:00.000,6332.997,6332.997,6329.997,6331.997,0.0093
24.06.2019 14:53:00.000,6331.998,6333.998,6331.998,6333.998,0.0077
24.06.2019 14:54:00.000,6333.997,6334.998,6332.997,6333.998,0.0116
24.06.2019 14:55:00.000,6332.998,6335.997,6332.997,6335.997,0.0032
24.06.2019 14:56:00.000,6335.998,6337.998,6335.998,6337.997,0.0148
24.06.2019 14:57:00.000,6337.998,6337.998,6337.997,6337.997,0.0063
24.06.2019 14:58:00.000,6337.998,6341.998,6337.998,6341.998,0.0153
24.06.2019 14:59:00.000,6341.997,6343.998,6341.997,6343.998,0.0166
24.06.2019 15:00:00.000,6344.997,6344.997,6338.997,6341.998,0.0203
24.06.2019 15:01:00.000,6342.998,6342.998,6340.998,6342.997,0.0054
24.06.2019 15:02:00.000,6342.998,6343.998,6338.998,6338.998,0.0133
24.06.2019 15:03:00.000,6339.998,6342.998,6338.997,6342.998,0.0078
24.06.2019 15:04:00.000,6342.997,6343.998,6341.997,6342.998,0.0089
24.06.2019 15:05:00.000,6343.997,6343.998,6342.997,6343.998,0.0082
24.06.2019 15:06:00.000,6342.998,6346.998,6342.997,6346.998,0.0117
24.06.2019 15:07:00.000,6346.997,6347.998,6346.997,6346.998,0.0106
24.06.2019 15:08:00.000,6345.998,6345.998,6343.997,6343.998,0.008
24.06.2019 15:09:00.000,6343.997,6345.998,6343.997,6345.998,0.0077
24.06.2019 15:10:00.000,6345.997,6345.997,6342.998,6344.997,0.0081
24.06.2019 15:11:00.000,6344.998,6345.998,6343.997,6344.998,0.0156
24.06.2019 15:12:00.000,6343.998,6345.998,6343.997,6345.997,0.0092
24.06.2019 15:13:00.000,6345.998,6349.998,6345.997,6348.998,0.0157
24.06.2019 15:14:00.000,6348.997,6349.998,6347.997,6349.998,0.0168
24.06.2019 15:15:00.000,6349.997,6349.997,6344.998,6345.997,0.0083
24.06.2019 15:16:00.000,6344.997,6346.998,6343.997,6346.997,0.011
24.06.2019 15:17:00.000,6346.998,6346.998,6342.997,6344.997,0.0132
24.06.2019 15:18:00.000,6343.998,6343.998,6341.997,6343.998,0.0054
24.06.2019 15:19:00.000,6342.998,6342.998,6340.998,6342.997,0.0133
24.06.2019 15:20:00.000,6342.998,6342.998,6341.997,6341.998,0.0051
24.06.2019 15:21:00.000,6342.997,6342.998,6341.997,6341.998,0.0105
24.06.2019 15:22:00.000,6342.997,6343.998,6340.997,6341.998,0.0182
24.06.2019 15:23:00.000,6341.997,6342.998,6341.997,6341.998,0.0067
24.06.2019 15:24:00.000,6341.997,6343.998,6341.997,6343.997,0.0119
24.06.2019 15:25:00.000,6343.998,6344.998,6341.997,6343.998,0.0219
24.06.2019 15:26:00.000,6344.998,6344.998,6338.997,6340.998,0.012
24.06.2019 15:27:00.000,6340.997,6342.997,6340.997,6340.998,0.0051
24.06.2019 15:28:00.000,6340.997,6340.998,6340.997,6340.998,0.0088
24.06.2019 15:29:00.000,6340.997,6341.998,6338.998,6339.998,0.0096
25.06.2019 07:00:00.000,6347.998,6356.998,6347.998,6356.998,0.0009
25.06.2019 07:01:00.000,6357.997,6365.998,6357.997,6358.998,0.0052
25.06.2019 07:02:00.000,6356.997,6356.998,6336.998,6341.997,0.0031
25.06.2019 07:03:00.000,6342.997,6348.998,6340.998,6343.998,0.0052
25.06.2019 07:04:00.000,6343.997,6350.998,6343.997,6350.998,0.0005
25.06.2019 07:05:00.000,6352.998,6365.998,6352.998,6365.997,0.0054
25.06.2019 07:06:00.000,6365.998,6371.998,6352.998,6352.998,0.0095
25.06.2019 07:07:00.000,6352.997,6356.998,6351.997,6354.998,0.0098
25.06.2019 07:08:00.000,6355.998,6358.998,6341.997,6342.998,0.0043
25.06.2019 07:09:00.000,6342.998,6350.998,6342.997,6350.998,0.0051
25.06.2019 07:10:00.000,6350.997,6358.998,6348.997,6358.998,0.0057
25.06.2019 07:11:00.000,6359.998,6359.998,6350.998,6350.998,0.0029
25.06.2019 07:12:00.000,6350.998,6362.998,6350.997,6362.997,0.0055
25.06.2019 07:13:00.000,6362.998,6362.998,6356.997,6360.998,0.0041
25.06.2019 07:14:00.000,6360.998,6360.998,6348.998,6348.998,0.0051
25.06.2019 07:15:00.000,6349.998,6356.998,6348.997,6354.998,0.0063
25.06.2019 07:16:00.000,6354.998,6354.998,6345.997,6345.998,0.0053
25.06.2019 07:17:00.000,6346.997,6349.998,6344.998,6345.998,0.0022
25.06.2019 07:18:00.000,6345.998,6345.998,6338.997,6340.998,0.0027
25.06.2019 07:19:00.000,6338.997,6343.998,6338.997,6342.997,0.0044
25.06.2019 07:20:00.000,6342.998,6345.998,6342.997,6345.998,0.0023
25.06.2019 07:21:00.000,6345.998,6346.998,6343.998,6344.997,0.0021
25.06.2019 07:22:00.000,6344.998,6347.998,6343.997,6347.998,0.0024
25.06.2019 07:23:00.000,6348.998,6348.998,6344.997,6344.998,0.0014
25.06.2019 07:24:00.000,6345.998,6345.998,6340.998,6345.997,0.0018
25.06.2019 07:25:00.000,6345.998,6348.997,6344.998,6347.997,0.0013
25.06.2019 07:26:00.000,6347.998,6353.997,6346.998,6352.998,0.002
25.06.2019 07:27:00.000,6352.997,6352.998,6349.997,6349.998,0.001
25.06.2019 07:28:00.000,6349.997,6354.998,6348.997,6354.997,0.0021
25.06.2019 07:29:00.000,6354.998,6361.998,6354.998,6359.997,0.007
25.06.2019 07:30:00.000,6359.997,6363.998,6359.997,6361.998,0.0052
25.06.2019 07:31:00.000,6362.997,6363.998,6359.997,6359.997,0.0025
25.06.2019 07:32:00.000,6358.998,6361.998,6358.997,6361.998,0.0018
25.06.2019 07:33:00.000,6362.998,6362.998,6361.997,6362.998,0.0035
25.06.2019 07:34:00.000,6363.998,6370.997,6363.997,6368.997,0.0044
25.06.2019 07:35:00.000,6369.997,6371.998,6369.997,6370.998,0.0017
25.06.2019 07:36:00.000,6371.997,6378.998,6369.997,6377.998,0.0048
25.06.2019 07:37:00.000,6378.998,6380.998,6377.997,6377.997,0.003
25.06.2019 07:38:00.000,6377.998,6378.998,6376.997,6376.997,0.0032
25.06.2019 07:39:00.000,6377.998,6383.998,6377.997,6383.997,0.0033
25.06.2019 07:40:00.000,6383.998,6384.998,6375.998,6378.998,0.0033
25.06.2019 07:41:00.000,6379.998,6380.998,6377.997,6380.998,0.0009
25.06.2019 07:42:00.000,6381.997,6381.998,6380.998,6380.998,0.0007
25.06.2019 07:43:00.000,6381.997,6384.998,6381.997,6384.997,0.0056
25.06.2019 07:44:00.000,6384.998,6385.998,6384.997,6385.998,0.001
25.06.2019 07:45:00.000,6385.997,6388.998,6383.997,6386.998,0.0048
25.06.2019 07:46:00.000,6386.997,6386.998,6384.997,6384.997,0.0034
25.06.2019 07:47:00.000,6384.997,6384.998,6379.997,6380.998,0.0048
25.06.2019 07:48:00.000,6379.997,6382.998,6376.998,6377.998,0.0025
25.06.2019 07:49:00.000,6377.997,6377.998,6376.997,6376.998,0.0027
25.06.2019 07:50:00.000,6377.997,6378.998,6375.998,6377.998,0.0028
25.06.2019 07:51:00.000,6377.998,6379.998,6376.997,6376.997,0.004
25.06.2019 07:52:00.000,6376.998,6376.998,6373.997,6373.998,0.0034
25.06.2019 07:53:00.000,6373.997,6373.998,6370.997,6372.997,0.0022
25.06.2019 07:54:00.000,6372.998,6372.998,6370.998,6371.998,0.0011
25.06.2019 07:55:00.000,6371.997,6374.998,6371.997,6374.998,0.001
25.06.2019 07:56:00.000,6374.998,6382.998,6374.998,6381.998,0.0058
25.06.2019 07:57:00.000,6381.997,6381.997,6378.997,6378.997,0.0021
25.06.2019 07:58:00.000,6378.998,6379.998,6378.998,6379.998,0.0003
25.06.2019 07:59:00.000,6379.750,6381.997,6376.998,6380.997,0.0042
25.06.2019 08:00:00.000,6380.998,6382.998,6379.997,6381.998,0.0047
25.06.2019 08:01:00.000,6381.998,6381.998,6378.997,6380.998,0.005
25.06.2019 08:02:00.000,6380.997,6380.997,6377.997,6379.998,0.0066
25.06.2019 08:03:00.000,6379.997,6381.998,6378.997,6381.998,0.0014
25.06.2019 08:04:00.000,6381.998,6382.998,6381.997,6382.998,0.0019
25.06.2019 08:05:00.000,6382.997,6387.998,6382.997,6386.998,0.0048
25.06.2019 08:06:00.000,6387.998,6388.998,6386.997,6386.998,0.0031
25.06.2019 08:07:00.000,6387.998,6388.998,6387.997,6387.997,0.0017
25.06.2019 08:08:00.000,6387.998,6387.998,6380.997,6381.998,0.0026
25.06.2019 08:09:00.000,6381.998,6381.998,6377.997,6378.998,0.0019
25.06.2019 08:10:00.000,6379.997,6380.998,6372.997,6372.998,0.0038
25.06.2019 08:11:00.000,6373.997,6373.998,6370.998,6370.998,0.0018
25.06.2019 08:12:00.000,6370.998,6372.998,6370.998,6371.997,0.0013
25.06.2019 08:13:00.000,6372.998,6373.998,6369.997,6369.998,0.0026
25.06.2019 08:14:00.000,6367.997,6367.998,6360.997,6360.997,0.0022
25.06.2019 08:15:00.000,6359.998,6361.998,6359.997,6360.998,0.0041
25.06.2019 08:16:00.000,6359.997,6359.998,6351.998,6352.997,0.0039
25.06.2019 08:17:00.000,6351.998,6353.997,6347.997,6349.997,0.0066
25.06.2019 08:18:00.000,6348.997,6349.998,6344.997,6345.998,0.0029
25.06.2019 08:19:00.000,6345.998,6345.998,6344.997,6345.998,0.0029
25.06.2019 08:20:00.000,6344.998,6344.998,6341.997,6343.998,0.002
25.06.2019 08:21:00.000,6343.998,6345.998,6342.997,6342.998,0.0032
25.06.2019 08:22:00.000,6342.998,6342.998,6337.997,6337.998,0.0027
25.06.2019 08:23:00.000,6336.997,6337.998,6334.997,6337.998,0.0035
25.06.2019 08:24:00.000,6336.997,6340.998,6336.997,6339.998,0.0012
25.06.2019 08:25:00.000,6337.998,6338.998,6335.997,6335.998,0.0027
25.06.2019 08:26:00.000,6335.998,6337.998,6335.997,6335.998,0.0048
25.06.2019 08:27:00.000,6335.997,6335.998,6326.998,6326.998,0.0039
25.06.2019 08:28:00.000,6326.997,6327.998,6322.997,6323.997,0.0021
25.06.2019 08:29:00.000,6323.998,6326.998,6321.998,6323.998,0.0036
25.06.2019 08:30:00.000,6323.997,6325.998,6321.997,6321.997,0.0029
25.06.2019 08:31:00.000,6321.998,6323.998,6319.997,6323.998,0.0014
25.06.2019 08:32:00.000,6322.998,6323.998,6321.997,6323.997,0.0014
25.06.2019 08:33:00.000,6323.998,6323.998,6323.998,6323.998,0.0001
25.06.2019 08:34:00.000,6323.997,6323.998,6317.997,6317.998,0.0041
25.06.2019 08:35:00.000,6317.997,6321.997,6317.997,6321.997,0.0035
25.06.2019 08:36:00.000,6322.998,6323.998,6319.998,6322.998,0.001
25.06.2019 08:37:00.000,6321.998,6321.998,6318.997,6318.998,0.0013
25.06.2019 08:38:00.000,6318.997,6318.998,6317.998,6317.998,0.0004
25.06.2019 08:39:00.000,6318.998,6320.998,6318.998,6320.997,0.0007
25.06.2019 08:40:00.000,6320.998,6321.998,6319.998,6319.998,0.0003
25.06.2019 08:41:00.000,6320.998,6321.998,6317.997,6317.998,0.0025
25.06.2019 08:42:00.000,6317.998,6318.998,6315.998,6318.998,0.0027
25.06.2019 08:43:00.000,6318.997,6318.997,6316.997,6317.998,0.001
25.06.2019 08:44:00.000,6317.997,6318.998,6316.997,6316.998,0.002
25.06.2019 08:45:00.000,6316.997,6316.998,6312.997,6312.998,0.0021
25.06.2019 08:46:00.000,6312.998,6314.998,6312.998,6313.998,0.0011
25.06.2019 08:47:00.000,6314.998,6316.998,6313.998,6314.998,0.0017
25.06.2019 08:48:00.000,6314.997,6314.997,6313.997,6313.998,0.0021
25.06.2019 08:49:00.000,6313.998,6313.998,6309.997,6313.998,0.0024
25.06.2019 08:50:00.000,6313.998,6313.998,6311.997,6311.998,0.0024
25.06.2019 08:51:00.000,6311.998,6312.998,6309.998,6309.998,0.0006
25.06.2019 08:52:00.000,6308.998,6310.998,6307.997,6308.997,0.0053
25.06.2019 08:53:00.000,6306.997,6307.998,6305.998,6306.998,0.002
25.06.2019 08:54:00.000,6306.997,6307.998,6306.997,6306.998,0.0011
25.06.2019 08:55:00.000,6306.998,6306.998,6304.998,6306.997,0.0017
25.06.2019 08:56:00.000,6305.998,6308.998,6305.997,6306.998,0.0009
25.06.2019 08:57:00.000,6306.997,6309.998,6306.997,6309.998,0.0011
25.06.2019 08:58:00.000,6309.997,6309.997,6305.997,6305.998,0.0013
25.06.2019 08:59:00.000,6305.997,6305.998,6302.997,6305.998,0.0021
25.06.2019 09:00:00.000,6305.997,6306.998,6303.998,6306.997,0.0008
25.06.2019 09:02:00.000,6307.997,6310.997,6306.997,6306.998,0.0024
25.06.2019 09:03:00.000,6306.998,6307.998,6305.997,6306.997,0.0025
25.06.2019 09:04:00.000,6306.998,6306.998,6301.997,6302.998,0.0012
25.06.2019 09:05:00.000,6302.998,6302.998,6296.997,6296.998,0.0042
25.06.2019 09:06:00.000,6297.997,6301.998,6297.997,6298.998,0.003
25.06.2019 09:07:00.000,6298.997,6298.998,6296.998,6297.998,0.0028
25.06.2019 09:08:00.000,6297.997,6300.997,6297.997,6299.997,0.0052
25.06.2019 09:09:00.000,6299.998,6303.998,6299.997,6303.997,0.0046
25.06.2019 09:10:00.000,6303.998,6303.998,6300.998,6301.997,0.0023
25.06.2019 09:11:00.000,6301.997,6301.997,6299.997,6300.998,0.0037
25.06.2019 09:12:00.000,6300.998,6300.998,6297.997,6299.998,0.002
25.06.2019 09:13:00.000,6300.998,6303.998,6299.998,6301.998,0.0018
25.06.2019 09:14:00.000,6301.997,6301.998,6297.997,6297.997,0.0033
25.06.2019 09:15:00.000,6297.998,6299.997,6297.998,6298.997,0.0008
25.06.2019 09:16:00.000,6298.998,6309.998,6298.997,6309.998,0.0051
25.06.2019 09:17:00.000,6310.997,6310.998,6308.998,6309.998,0.0014
25.06.2019 09:18:00.000,6306.998,6308.998,6306.998,6308.998,0.0013
25.06.2019 09:19:00.000,6308.997,6308.997,6308.997,6308.997,0.0001
25.06.2019 09:20:00.000,6308.998,6311.998,6308.997,6309.998,0.0034
25.06.2019 09:21:00.000,6309.997,6313.998,6308.998,6313.997,0.004
25.06.2019 09:22:00.000,6312.997,6312.998,6311.997,6311.997,0.0007
25.06.2019 09:23:00.000,6311.998,6315.998,6311.998,6313.998,0.0026
25.06.2019 09:24:00.000,6313.997,6313.998,6313.997,6313.998,0
25.06.2019 09:25:00.000,6314.997,6318.998,6314.997,6318.998,0.0024
25.06.2019 09:26:00.000,6318.997,6320.998,6316.997,6316.997,0.0047
25.06.2019 09:27:00.000,6316.998,6318.998,6316.997,6318.997,0.0033
25.06.2019 09:28:00.000,6318.997,6318.998,6317.997,6318.997,0.002
25.06.2019 09:29:00.000,6318.998,6320.998,6318.997,6319.997,0.0042
25.06.2019 09:30:00.000,6319.997,6320.998,6317.998,6318.997,0.0088
25.06.2019 09:31:00.000,6318.998,6319.997,6315.998,6317.997,0.0049
25.06.2019 09:32:00.000,6317.998,6320.998,6316.997,6319.998,0.0029
25.06.2019 09:33:00.000,6319.750,6319.750,6316.998,6317.998,0.0004
25.06.2019 09:34:00.000,6317.997,6318.998,6314.997,6316.997,0.0034
25.06.2019 09:35:00.000,6316.998,6317.997,6315.997,6315.997,0.0019
25.06.2019 09:36:00.000,6315.998,6315.998,6313.997,6313.998,0.0029
25.06.2019 09:37:00.000,6313.998,6314.998,6308.998,6309.997,0.004
25.06.2019 09:38:00.000,6309.998,6312.998,6309.997,6312.997,0.0012
25.06.2019 09:39:00.000,6312.998,6314.998,6312.997,6314.998,0.0017
25.06.2019 09:40:00.000,6314.998,6316.998,6313.998,6315.998,0.0023
25.06.2019 09:41:00.000,6315.997,6316.998,6314.997,6314.998,0.0017
25.06.2019 09:42:00.000,6314.997,6315.998,6313.997,6314.997,0.0021
25.06.2019 09:43:00.000,6313.998,6313.998,6311.997,6312.998,0.0039
25.06.2019 09:44:00.000,6311.998,6316.998,6311.998,6315.998,0.0025
25.06.2019 09:45:00.000,6315.998,6315.998,6312.997,6315.998,0.0036
25.06.2019 09:46:00.000,6315.997,6316.998,6314.998,6314.998,0.0013
25.06.2019 09:47:00.000,6314.997,6316.998,6314.997,6316.998,0.0013
25.06.2019 09:48:00.000,6316.997,6319.998,6316.997,6319.997,0.0018
25.06.2019 09:49:00.000,6319.998,6321.998,6318.997,6321.998,0.0028
25.06.2019 09:50:00.000,6320.998,6321.998,6320.998,6321.998,0.0001
25.06.2019 09:51:00.000,6321.998,6323.998,6321.997,6323.998,0.0019
25.06.2019 09:52:00.000,6323.997,6323.997,6319.998,6320.998,0.0008
25.06.2019 09:53:00.000,6319.998,6320.998,6314.997,6315.997,0.0036
25.06.2019 09:54:00.000,6315.998,6316.998,6315.997,6316.997,0.0009
25.06.2019 09:55:00.000,6316.998,6316.998,6316.997,6316.998,0.0012
25.06.2019 09:56:00.000,6317.997,6319.998,6315.997,6315.998,0.0032
25.06.2019 09:57:00.000,6315.998,6315.998,6310.997,6311.997,0.0032
25.06.2019 09:58:00.000,6311.998,6311.998,6309.997,6310.998,0.0034
25.06.2019 09:59:00.000,6310.997,6311.998,6304.998,6304.998,0.0025
25.06.2019 10:00:00.000,6305.997,6309.998,6304.998,6304.998,0.005
25.06.2019 10:01:00.000,6305.997,6305.998,6300.997,6300.998,0.0032
25.06.2019 10:02:00.000,6300.998,6301.998,6297.997,6297.998,0.007
25.06.2019 10:03:00.000,6297.997,6297.998,6293.998,6294.998,0.0049
25.06.2019 10:04:00.000,6293.998,6294.998,6289.997,6292.998,0.0025
25.06.2019 10:05:00.000,6292.997,6294.998,6292.997,6293.997,0.002
25.06.2019 10:06:00.000,6293.998,6300.998,6293.997,6298.998,0.0034
25.06.2019 10:07:00.000,6298.998,6300.998,6296.997,6298.998,0.0029
25.06.2019 10:08:00.000,6298.997,6298.998,6293.998,6293.998,0.0031
25.06.2019 10:09:00.000,6294.997,6294.998,6287.998,6292.997,0.0043
25.06.2019 10:10:00.000,6292.998,6292.998,6286.997,6286.997,0.0022
25.06.2019 10:11:00.000,6286.998,6286.998,6278.997,6279.998,0.004
25.06.2019 10:12:00.000,6279.997,6280.998,6273.998,6274.998,0.0056
25.06.2019 10:13:00.000,6275.997,6279.998,6274.997,6274.998,0.0071
25.06.2019 10:14:00.000,6274.998,6275.998,6268.998,6273.998,0.0096
25.06.2019 10:15:00.000,6273.998,6273.998,6268.998,6269.997,0.0025
25.06.2019 10:16:00.000,6269.998,6271.998,6268.998,6270.998,0.0033
25.06.2019 10:17:00.000,6270.997,6274.998,6270.997,6274.997,0.0032
25.06.2019 10:18:00.000,6274.998,6275.998,6270.997,6270.997,0.0045
25.06.2019 10:19:00.000,6270.998,6274.998,6269.997,6272.998,0.0044
25.06.2019 10:20:00.000,6272.997,6272.998,6270.998,6271.998,0.0019
25.06.2019 10:21:00.000,6270.997,6270.997,6265.997,6265.997,0.0037
25.06.2019 10:22:00.000,6271.998,6275.998,6271.997,6271.997,0.0044
25.06.2019 10:23:00.000,6271.998,6271.998,6264.997,6264.998,0.0051
25.06.2019 10:24:00.000,6264.997,6269.998,6262.998,6269.998,0.0056
25.06.2019 10:25:00.000,6270.997,6275.998,6270.997,6274.997,0.0056
25.06.2019 10:26:00.000,6274.998,6277.998,6273.997,6277.998,0.003
25.06.2019 10:27:00.000,6277.998,6278.998,6275.997,6278.998,0.0039
25.06.2019 10:28:00.000,6278.997,6281.998,6277.998,6279.998,0.003
25.06.2019 10:29:00.000,6280.997,6280.997,6268.997,6269.998,0.0035
25.06.2019 10:30:00.000,6270.998,6272.998,6268.998,6272.997,0.0034
25.06.2019 10:31:00.000,6272.998,6272.998,6269.997,6269.998,0.0042
25.06.2019 10:32:00.000,6270.997,6270.997,6265.998,6267.997,0.003
25.06.2019 10:33:00.000,6267.998,6268.998,6266.997,6268.997,0.0029
25.06.2019 10:34:00.000,6268.998,6268.998,6267.997,6268.998,0.0015
25.06.2019 10:35:00.000,6268.998,6268.998,6264.997,6266.998,0.0037
25.06.2019 10:36:00.000,6267.997,6269.998,6266.998,6268.998,0.0026
25.06.2019 10:37:00.000,6268.997,6269.998,6265.997,6265.998,0.0011
25.06.2019 10:38:00.000,6266.998,6266.998,6264.997,6264.998,0.0034
25.06.2019 10:39:00.000,6265.998,6265.998,6263.997,6263.997,0.003
25.06.2019 10:40:00.000,6263.997,6263.997,6260.997,6260.998,0.0023
25.06.2019 10:41:00.000,6262.998,6262.998,6258.997,6258.997,0.0016
25.06.2019 10:42:00.000,6258.997,6259.998,6256.998,6258.998,0.0035
25.06.2019 10:43:00.000,6258.997,6261.998,6256.998,6261.998,0.0028
25.06.2019 10:44:00.000,6261.998,6263.998,6259.998,6261.997,0.0027
25.06.2019 10:45:00.000,6261.998,6264.998,6261.998,6262.998,0.0019
25.06.2019 10:46:00.000,6262.997,6262.998,6261.997,6261.997,0.0016
25.06.2019 10:47:00.000,6261.998,6266.998,6261.997,6266.998,0.0027
25.06.2019 10:48:00.000,6267.998,6267.998,6264.997,6264.998,0.0061
25.06.2019 10:49:00.000,6264.997,6266.998,6264.997,6266.998,0.006
25.06.2019 10:50:00.000,6266.998,6268.998,6266.997,6267.998,0.0018
25.06.2019 10:51:00.000,6267.998,6269.998,6265.997,6269.998,0.0029
25.06.2019 10:52:00.000,6269.998,6269.998,6268.997,6269.998,0.0014
25.06.2019 10:53:00.000,6268.997,6268.998,6266.997,6268.998,0.0024
25.06.2019 10:54:00.000,6268.750,6268.750,6264.997,6264.998,0.001
25.06.2019 10:55:00.000,6264.998,6267.997,6264.998,6266.997,0.0027
25.06.2019 10:56:00.000,6266.998,6267.998,6266.998,6267.997,0.0016
25.06.2019 10:57:00.000,6266.998,6266.998,6264.997,6264.997,0.002
25.06.2019 10:58:00.000,6264.998,6266.998,6258.998,6260.998,0.0087
25.06.2019 10:59:00.000,6261.998,6262.998,6259.998,6262.997,0.0097
25.06.2019 11:00:00.000,6262.998,6262.998,6261.997,6261.998,0.0008
25.06.2019 11:02:00.000,6266.998,6270.998,6266.997,6266.998,0.0082
25.06.2019 11:03:00.000,6267.997,6270.997,6265.997,6269.998,0.0037
25.06.2019 11:04:00.000,6269.998,6270.998,6265.998,6265.998,0.0042
25.06.2019 11:05:00.000,6266.997,6269.998,6264.998,6267.998,0.0025
25.06.2019 11:06:00.000,6267.997,6267.998,6265.997,6265.997,0.0033
25.06.2019 11:07:00.000,6266.998,6266.998,6261.997,6261.997,0.0022
25.06.2019 11:08:00.000,6262.997,6262.998,6256.997,6256.997,0.0024
25.06.2019 11:09:00.000,6256.998,6257.998,6252.997,6254.998,0.0023
25.06.2019 11:10:00.000,6254.997,6257.998,6254.997,6255.997,0.0047
25.06.2019 11:12:00.000,6255.998,6255.998,6249.997,6252.997,0.0027
25.06.2019 11:13:00.000,6252.998,6252.998,6248.997,6248.998,0.0028
25.06.2019 11:14:00.000,6248.997,6248.998,6248.997,6248.998,0.0013
25.06.2019 11:15:00.000,6247.998,6247.998,6242.998,6243.998,0.0015
25.06.2019 11:16:00.000,6243.998,6244.998,6242.997,6242.997,0.0022
25.06.2019 11:17:00.000,6242.997,6242.998,6240.997,6240.998,0.0007
25.06.2019 11:18:00.000,6240.997,6242.998,6237.997,6237.998,0.0018
25.06.2019 11:19:00.000,6237.998,6239.998,6236.997,6239.998,0.0022
25.06.2019 11:20:00.000,6239.998,6240.998,6236.998,6237.998,0.001
25.06.2019 11:21:00.000,6237.997,6239.998,6236.997,6239.998,0.0016
25.06.2019 11:22:00.000,6239.998,6240.998,6239.997,6239.998,0.0021
25.06.2019 11:23:00.000,6239.997,6239.998,6237.997,6237.998,0.0014
25.06.2019 11:24:00.000,6237.997,6237.998,6237.997,6237.998,0.0005
25.06.2019 11:25:00.000,6238.997,6239.998,6236.998,6239.998,0.0027
25.06.2019 11:26:00.000,6240.997,6241.998,6240.997,6241.997,0.0009
25.06.2019 11:27:00.000,6240.997,6244.998,6240.997,6242.998,0.0008
25.06.2019 11:28:00.000,6242.997,6246.998,6241.998,6244.997,0.0044
25.06.2019 11:29:00.000,6244.998,6244.998,6244.997,6244.998,0.0016
25.06.2019 11:30:00.000,6245.997,6247.997,6244.998,6246.997,0.0023
25.06.2019 11:31:00.000,6246.998,6251.998,6246.997,6251.998,0.0021
25.06.2019 11:32:00.000,6251.997,6253.998,6249.998,6253.997,0.0038
25.06.2019 11:33:00.000,6253.998,6256.998,6253.997,6256.998,0.0037
25.06.2019 11:34:00.000,6256.997,6261.998,6254.997,6260.998,0.0063
25.06.2019 11:35:00.000,6260.998,6260.998,6255.997,6256.998,0.0022
25.06.2019 11:36:00.000,6256.998,6256.998,6251.998,6252.998,0.0032
25.06.2019 11:37:00.000,6252.998,6254.998,6252.997,6254.997,0.0019
25.06.2019 11:38:00.000,6254.998,6255.998,6253.998,6254.998,0.0034
25.06.2019 11:39:00.000,6254.997,6255.997,6252.997,6255.997,0.0038
25.06.2019 11:40:00.000,6255.998,6255.998,6252.998,6252.998,0.0029
25.06.2019 11:41:00.000,6253.998,6254.998,6248.997,6248.998,0.0042
25.06.2019 11:42:00.000,6248.998,6249.998,6247.998,6248.998,0.0013
25.06.2019 11:43:00.000,6248.998,6251.997,6247.997,6251.997,0.0016
25.06.2019 11:44:00.000,6251.998,6252.997,6251.997,6252.997,0.0009
25.06.2019 11:45:00.000,6251.998,6251.998,6246.997,6247.997,0.0023
25.06.2019 11:46:00.000,6247.997,6249.998,6245.997,6248.998,0.0048
25.06.2019 11:47:00.000,6248.998,6248.998,6248.997,6248.997,0.0006
25.06.2019 11:48:00.000,6248.997,6248.997,6243.998,6244.998,0.0009
25.06.2019 11:49:00.000,6245.997,6246.998,6245.997,6246.998,0.0014
25.06.2019 11:50:00.000,6245.998,6246.998,6241.997,6244.998,0.0048
25.06.2019 11:51:00.000,6244.997,6244.998,6244.997,6244.997,0.0014
25.06.2019 11:52:00.000,6244.998,6246.997,6244.997,6245.998,0.0023
25.06.2019 11:53:00.000,6245.998,6247.998,6245.997,6246.998,0.0016
25.06.2019 11:54:00.000,6246.997,6246.998,6245.997,6245.998,0.0025
25.06.2019 11:55:00.000,6247.997,6250.998,6247.997,6250.998,0.0031
25.06.2019 11:56:00.000,6250.997,6250.998,6245.998,6248.998,0.0035
25.06.2019 11:57:00.000,6248.998,6248.998,6247.997,6248.998,0.0027
25.06.2019 11:58:00.000,6249.997,6249.998,6249.997,6249.998,0.0008
25.06.2019 11:59:00.000,6250.998,6250.998,6246.998,6247.997,0.0023
25.06.2019 12:00:00.000,6247.998,6250.998,6247.998,6249.998,0.0054
25.06.2019 12:01:00.000,6249.997,6249.998,6249.997,6249.997,0.0046
25.06.2019 12:02:00.000,6249.998,6255.998,6249.998,6253.998,0.0057
25.06.2019 12:03:00.000,6253.997,6256.998,6253.997,6255.998,0.0022
25.06.2019 12:04:00.000,6255.998,6259.998,6255.997,6259.997,0.0041
25.06.2019 12:05:00.000,6260.997,6261.998,6260.997,6260.997,0.0041
25.06.2019 12:06:00.000,6260.998,6260.998,6256.998,6256.998,0.0036
25.06.2019 12:07:00.000,6256.997,6256.998,6255.997,6256.998,0.0014
25.06.2019 12:08:00.000,6256.998,6263.998,6256.998,6263.998,0.0065
25.06.2019 12:09:00.000,6264.998,6269.998,6264.997,6267.998,0.0051
25.06.2019 12:10:00.000,6269.750,6269.997,6266.998,6267.998,0.0014
25.06.2019 12:11:00.000,6267.997,6268.998,6267.997,6268.997,0.0011
25.06.2019 12:12:00.000,6268.998,6268.998,6267.997,6267.998,0.0008
25.06.2019 12:13:00.000,6267.997,6268.998,6266.997,6267.998,0.0024
25.06.2019 12:14:00.000,6268.997,6273.998,6267.997,6273.997,0.0077
25.06.2019 12:15:00.000,6273.997,6274.998,6271.998,6274.997,0.0071
25.06.2019 12:16:00.000,6274.998,6274.998,6270.998,6271.998,0.0039
25.06.2019 12:17:00.000,6271.998,6273.998,6271.997,6273.997,0.0018
25.06.2019 12:18:00.000,6273.998,6275.998,6273.998,6275.997,0.0014
25.06.2019 12:19:00.000,6275.998,6277.998,6274.997,6274.997,0.0058
25.06.2019 12:20:00.000,6274.998,6276.998,6274.997,6276.998,0.0041
25.06.2019 12:21:00.000,6276.997,6277.998,6276.997,6276.998,0.0015
25.06.2019 12:22:00.000,6276.998,6276.998,6276.997,6276.998,0.0002
25.06.2019 12:23:00.000,6275.998,6276.998,6274.997,6276.998,0.0041
25.06.2019 12:24:00.000,6276.998,6277.998,6274.997,6277.998,0.0017
25.06.2019 12:25:00.000,6275.997,6277.998,6274.998,6274.998,0.0028
25.06.2019 12:26:00.000,6274.998,6275.998,6273.998,6275.998,0.004
25.06.2019 12:27:00.000,6275.998,6277.998,6274.997,6277.998,0.0058
25.06.2019 12:28:00.000,6275.997,6277.998,6274.997,6274.997,0.0039
25.06.2019 12:29:00.000,6274.997,6275.998,6273.997,6273.998,0.0045
25.06.2019 12:30:00.000,6274.997,6276.998,6274.997,6275.998,0.0044
25.06.2019 12:31:00.000,6275.997,6276.998,6275.997,6275.997,0.0015
25.06.2019 12:32:00.000,6275.998,6275.998,6273.997,6273.997,0.0023
25.06.2019 12:33:00.000,6269.997,6271.998,6269.997,6269.997,0.0036
25.06.2019 12:34:00.000,6269.998,6270.998,6269.997,6270.997,0.001
25.06.2019 12:35:00.000,6270.998,6275.998,6270.997,6273.998,0.0036
25.06.2019 12:36:00.000,6273.997,6273.998,6273.997,6273.998,0.0004
25.06.2019 12:37:00.000,6273.997,6276.998,6268.997,6269.998,0.0039
25.06.2019 12:38:00.000,6269.997,6270.998,6266.998,6266.998,0.0036
25.06.2019 12:39:00.000,6267.997,6271.998,6267.997,6270.998,0.0038
25.06.2019 12:40:00.000,6271.997,6271.998,6271.997,6271.997,0.0009
25.06.2019 12:41:00.000,6271.998,6271.998,6270.997,6271.998,0.0015
25.06.2019 12:42:00.000,6270.998,6271.998,6269.997,6271.998,0.0041
25.06.2019 12:43:00.000,6272.997,6272.998,6271.997,6272.997,0.0022
25.06.2019 12:44:00.000,6272.998,6274.998,6272.997,6274.998,0.0035
25.06.2019 12:45:00.000,6274.997,6278.998,6274.997,6276.998,0.004
25.06.2019 12:46:00.000,6276.998,6278.998,6276.997,6278.998,0.0026
25.06.2019 12:47:00.000,6279.998,6282.998,6279.998,6282.998,0.0036
25.06.2019 12:48:00.000,6282.998,6282.998,6278.998,6279.997,0.0016
25.06.2019 12:49:00.000,6279.998,6279.998,6279.997,6279.998,0.0011
25.06.2019 12:50:00.000,6279.997,6280.998,6279.997,6279.997,0.0027
25.06.2019 12:51:00.000,6280.998,6281.998,6279.998,6280.997,0.0034
25.06.2019 12:52:00.000,6280.998,6281.998,6278.997,6280.998,0.0046
25.06.2019 12:53:00.000,6279.998,6284.998,6278.998,6284.997,0.0054
25.06.2019 12:54:00.000,6284.997,6284.998,6281.997,6284.998,0.0041
25.06.2019 12:55:00.000,6284.997,6286.998,6284.997,6285.998,0.0042
25.06.2019 12:56:00.000,6285.997,6285.998,6283.998,6283.998,0.0036
25.06.2019 12:57:00.000,6283.998,6284.998,6282.998,6284.998,0.0034
25.06.2019 12:58:00.000,6282.998,6282.998,6280.998,6280.998,0.0029
25.06.2019 12:59:00.000,6281.998,6281.998,6280.997,6281.997,0.0009
25.06.2019 13:00:00.000,6281.998,6282.998,6280.997,6281.998,0.0035
25.06.2019 13:01:00.000,6282.998,6282.998,6281.997,6281.998,0.0021
25.06.2019 13:02:00.000,6282.997,6282.998,6281.997,6282.998,0.0015
25.06.2019 13:03:00.000,6282.997,6282.998,6280.997,6280.997,0.0011
25.06.2019 13:04:00.000,6280.998,6282.998,6280.998,6282.998,0.0004
25.06.2019 13:05:00.000,6282.997,6283.997,6280.997,6280.997,0.0027
25.06.2019 13:06:00.000,6280.998,6281.998,6280.997,6280.997,0.0027
25.06.2019 13:07:00.000,6280.998,6282.998,6280.997,6280.998,0.0012
25.06.2019 13:08:00.000,6280.997,6281.998,6280.997,6281.998,0.0044
25.06.2019 13:09:00.000,6281.997,6281.998,6280.997,6280.998,0.0012
25.06.2019 13:10:00.000,6279.997,6279.998,6278.997,6278.998,0.0024
25.06.2019 13:11:00.000,6278.997,6278.998,6273.998,6273.998,0.0019
25.06.2019 13:12:00.000,6273.998,6273.998,6268.998,6268.998,0.0009
25.06.2019 13:13:00.000,6268.997,6268.998,6266.997,6267.998,0.0015
25.06.2019 13:14:00.000,6268.998,6269.998,6264.997,6264.998,0.0025
25.06.2019 13:15:00.000,6265.998,6266.998,6264.998,6265.998,0.0024
25.06.2019 13:16:00.000,6265.997,6266.998,6265.997,6266.998,0.0029
25.06.2019 13:17:00.000,6266.997,6266.998,6265.997,6265.997,0.0024
25.06.2019 13:18:00.000,6265.998,6265.998,6264.998,6265.997,0.0007
25.06.2019 13:19:00.000,6265.998,6267.998,6264.998,6264.998,0.0034
25.06.2019 13:20:00.000,6264.997,6264.997,6261.997,6262.998,0.0009
25.06.2019 13:21:00.000,6261.998,6261.998,6261.997,6261.997,0.0005
25.06.2019 13:22:00.000,6261.997,6261.998,6259.997,6259.998,0.0026
25.06.2019 13:23:00.000,6259.998,6259.998,6255.997,6255.997,0.0012
25.06.2019 13:24:00.000,6255.998,6257.998,6255.997,6255.998,0.0033
25.06.2019 13:25:00.000,6256.997,6257.998,6256.997,6256.998,0.0018
25.06.2019 13:26:00.000,6256.998,6256.998,6254.997,6256.998,0.0013
25.06.2019 13:27:00.000,6257.998,6257.998,6256.997,6256.997,0.0004
25.06.2019 13:28:00.000,6257.997,6261.998,6257.997,6259.998,0.0022
25.06.2019 13:29:00.000,6259.998,6261.998,6258.998,6261.998,0.0063
25.06.2019 13:30:00.000,6261.998,6269.997,6261.997,6266.997,0.01
25.06.2019 13:31:00.000,6266.998,6268.998,6263.997,6263.998,0.0057
25.06.2019 13:32:00.000,6263.997,6265.998,6261.997,6262.998,0.0049
25.06.2019 13:33:00.000,6262.997,6263.998,6259.997,6259.997,0.004
25.06.2019 13:34:00.000,6259.998,6260.998,6257.997,6259.998,0.0037
25.06.2019 13:35:00.000,6257.998,6260.998,6254.997,6260.998,0.0048
25.06.2019 13:36:00.000,6261.998,6265.998,6261.997,6263.998,0.0023
25.06.2019 13:37:00.000,6263.998,6265.998,6262.997,6263.998,0.0038
25.06.2019 13:38:00.000,6265.997,6268.998,6265.997,6266.998,0.0019
25.06.2019 13:39:00.000,6266.997,6266.997,6263.997,6263.998,0.0034
25.06.2019 13:40:00.000,6263.997,6265.998,6263.997,6265.998,0.0029
25.06.2019 13:41:00.000,6265.997,6266.998,6263.997,6263.998,0.001
25.06.2019 13:42:00.000,6264.998,6264.998,6263.997,6263.998,0.0032
25.06.2019 13:43:00.000,6263.997,6265.998,6263.997,6264.997,0.002
25.06.2019 13:44:00.000,6263.998,6273.998,6261.997,6273.997,0.0086
25.06.2019 13:45:00.000,6274.998,6278.998,6273.997,6278.998,0.0163
25.06.2019 13:46:00.000,6278.998,6282.998,6277.997,6282.998,0.0227
25.06.2019 13:47:00.000,6282.997,6282.997,6276.998,6278.998,0.0102
25.06.2019 13:48:00.000,6279.997,6281.998,6279.997,6279.997,0.0184
25.06.2019 13:49:00.000,6279.998,6281.750,6277.998,6277.998,0.0061
25.06.2019 13:50:00.000,6277.998,6281.998,6277.997,6281.998,0.0055
25.06.2019 13:51:00.000,6281.998,6284.998,6280.997,6284.998,0.0108
25.06.2019 13:52:00.000,6284.997,6284.997,6280.997,6280.998,0.0042
25.06.2019 13:53:00.000,6280.998,6280.998,6274.997,6279.998,0.007
25.06.2019 13:54:00.000,6279.998,6281.998,6279.998,6281.998,0.0077
25.06.2019 13:55:00.000,6281.997,6283.998,6280.998,6281.998,0.0051
25.06.2019 13:56:00.000,6280.997,6281.997,6279.998,6279.998,0.0019
25.06.2019 13:57:00.000,6279.998,6281.998,6279.997,6281.997,0.0143
25.06.2019 13:58:00.000,6281.998,6282.998,6281.997,6282.997,0.005
25.06.2019 13:59:00.000,6282.998,6284.998,6277.997,6278.997,0.0122
25.06.2019 14:00:00.000,6278.998,6281.998,6278.998,6278.998,0.0043
25.06.2019 14:01:00.000,6278.997,6279.998,6278.997,6278.997,0.004
25.06.2019 14:02:00.000,6278.997,6280.998,6278.997,6279.998,0.0041
25.06.2019 14:03:00.000,6279.998,6282.998,6278.997,6281.998,0.0218
25.06.2019 14:04:00.000,6281.998,6281.998,6279.997,6279.998,0.0082
25.06.2019 14:05:00.000,6279.997,6284.998,6279.997,6280.998,0.0125
25.06.2019 14:06:00.000,6281.998,6282.998,6280.997,6282.997,0.0063
25.06.2019 14:07:00.000,6282.998,6284.998,6281.998,6283.997,0.0085
25.06.2019 14:08:00.000,6283.998,6284.998,6283.997,6284.998,0.0091
25.06.2019 14:09:00.000,6284.998,6287.998,6284.997,6284.998,0.0245
25.06.2019 14:10:00.000,6284.997,6286.998,6284.997,6286.998,0.0086
25.06.2019 14:11:00.000,6286.997,6288.998,6284.998,6288.998,0.0106
25.06.2019 14:12:00.000,6288.997,6288.997,6285.997,6285.997,0.0053
25.06.2019 14:13:00.000,6285.998,6290.998,6285.997,6290.998,0.0097
25.06.2019 14:14:00.000,6289.998,6290.998,6289.997,6290.997,0.0025
25.06.2019 14:15:00.000,6289.998,6290.998,6287.998,6288.998,0.0131
25.06.2019 14:16:00.000,6288.750,6288.998,6286.998,6288.997,0.0036
25.06.2019 14:17:00.000,6288.998,6288.998,6286.997,6287.998,0.009
25.06.2019 14:18:00.000,6287.997,6287.998,6285.998,6286.998,0.0142
25.06.2019 14:19:00.000,6286.997,6292.997,6286.997,6292.997,0.0116
25.06.2019 14:20:00.000,6292.998,6294.998,6292.997,6292.997,0.0072
25.06.2019 14:21:00.000,6292.998,6293.998,6292.997,6292.998,0.0119
25.06.2019 14:22:00.000,6292.998,6292.998,6291.997,6291.998,0.0122
25.06.2019 14:23:00.000,6291.997,6292.998,6291.997,6291.998,0.0092
25.06.2019 14:24:00.000,6291.997,6291.997,6288.997,6290.998,0.0054
25.06.2019 14:25:00.000,6291.997,6294.998,6291.997,6294.997,0.0077
25.06.2019 14:26:00.000,6295.998,6302.998,6295.998,6301.998,0.0167
25.06.2019 14:27:00.000,6301.997,6304.998,6301.997,6304.998,0.0078
25.06.2019 14:28:00.000,6304.997,6307.997,6301.997,6307.997,0.0084
25.06.2019 14:29:00.000,6306.998,6310.998,6305.998,6310.998,0.0097
25.06.2019 14:30:00.000,6310.997,6311.998,6308.998,6311.998,0.0142
25.06.2019 14:31:00.000,6311.998,6311.998,6306.998,6307.997,0.0065
25.06.2019 14:32:00.000,6307.998,6307.998,6306.997,6306.998,0.0047
25.06.2019 14:33:00.000,6306.997,6309.998,6306.997,6307.997,0.0065
25.06.2019 14:34:00.000,6307.998,6309.998,6306.997,6307.998,0.0082
25.06.2019 14:35:00.000,6308.998,6308.998,6308.997,6308.997,0.0038
25.06.2019 14:36:00.000,6308.998,6311.998,6308.997,6311.998,0.006
25.06.2019 14:37:00.000,6311.997,6313.997,6311.997,6312.998,0.0053
25.06.2019 14:38:00.000,6313.998,6315.998,6310.997,6311.997,0.0143
25.06.2019 14:39:00.000,6311.998,6311.998,6308.997,6310.998,0.0085
25.06.2019 14:40:00.000,6310.998,6312.998,6309.997,6309.998,0.0188
25.06.2019 14:41:00.000,6309.997,6309.998,6308.997,6308.998,0.0032
25.06.2019 14:42:00.000,6308.750,6311.998,6306.997,6309.997,0.0065
25.06.2019 14:43:00.000,6310.998,6313.998,6310.997,6313.998,0.005
25.06.2019 14:44:00.000,6313.997,6313.998,6311.997,6311.997,0.0104
25.06.2019 14:45:00.000,6311.998,6311.998,6310.997,6310.998,0.0061
25.06.2019 14:46:00.000,6310.998,6311.998,6306.997,6306.997,0.006
25.06.2019 14:47:00.000,6306.998,6306.998,6299.997,6303.998,0.0103
25.06.2019 14:48:00.000,6303.997,6307.998,6302.998,6307.997,0.006
25.06.2019 14:49:00.000,6307.997,6307.998,6305.997,6306.998,0.0039
25.06.2019 14:50:00.000,6306.997,6306.997,6303.997,6304.998,0.0074
25.06.2019 14:51:00.000,6305.998,6305.998,6304.997,6304.998,0.0076
25.06.2019 14:52:00.000,6304.997,6306.998,6304.997,6306.997,0.0062
25.06.2019 14:53:00.000,6306.998,6306.998,6300.998,6301.998,0.0119
25.06.2019 14:54:00.000,6301.997,6301.998,6299.997,6300.997,0.003
25.06.2019 14:55:00.000,6300.998,6300.998,6294.998,6295.998,0.0052
25.06.2019 14:56:00.000,6296.998,6300.998,6294.998,6300.998,0.0123
25.06.2019 14:57:00.000,6300.998,6302.998,6299.997,6302.998,0.0109
25.06.2019 14:58:00.000,6300.998,6303.998,6299.997,6302.998,0.0096
25.06.2019 14:59:00.000,6303.998,6303.998,6303.997,6303.997,0.0047
25.06.2019 15:00:00.000,6304.997,6306.998,6301.998,6302.998,0.0164
25.06.2019 15:01:00.000,6303.998,6303.998,6300.997,6300.997,0.0109
25.06.2019 15:02:00.000,6300.998,6302.998,6299.998,6302.998,0.0031
25.06.2019 15:03:00.000,6302.997,6302.998,6299.997,6300.997,0.0071
25.06.2019 15:04:00.000,6301.998,6302.998,6299.998,6301.997,0.0082
25.06.2019 15:05:00.000,6301.998,6301.998,6299.997,6299.998,0.0086
25.06.2019 15:06:00.000,6299.997,6300.998,6298.997,6298.998,0.0111
25.06.2019 15:07:00.000,6298.997,6301.998,6298.997,6300.998,0.0077
25.06.2019 15:08:00.000,6299.998,6301.998,6298.997,6301.998,0.007
25.06.2019 15:09:00.000,6301.997,6302.998,6301.997,6301.998,0.0057
25.06.2019 15:10:00.000,6301.997,6302.998,6299.997,6300.997,0.0073
25.06.2019 15:11:00.000,6300.998,6301.998,6300.997,6301.998,0.0083
25.06.2019 15:12:00.000,6301.997,6301.998,6301.997,6301.997,0.0042
25.06.2019 15:13:00.000,6301.998,6305.998,6301.998,6304.998,0.0122
25.06.2019 15:14:00.000,6304.997,6304.998,6303.998,6304.997,0.0028
25.06.2019 15:15:00.000,6304.998,6306.998,6304.997,6306.998,0.0118
25.06.2019 15:16:00.000,6306.997,6311.998,6305.997,6310.998,0.0113
25.06.2019 15:17:00.000,6310.998,6312.998,6309.997,6312.998,0.0071
25.06.2019 15:18:00.000,6312.997,6312.998,6310.997,6310.998,0.005
25.06.2019 15:19:00.000,6310.997,6312.998,6310.997,6312.997,0.0112
25.06.2019 15:20:00.000,6312.998,6312.998,6307.998,6308.997,0.0127
25.06.2019 15:21:00.000,6308.998,6313.998,6308.998,6312.998,0.0079
25.06.2019 15:22:00.000,6312.997,6312.998,6311.997,6311.998,0.0085
25.06.2019 15:23:00.000,6311.997,6314.998,6308.997,6309.998,0.0109
25.06.2019 15:24:00.000,6308.998,6308.998,6306.998,6307.997,0.0028
25.06.2019 15:25:00.000,6307.998,6307.998,6302.997,6302.998,0.0135
25.06.2019 15:26:00.000,6302.997,6302.998,6300.997,6300.998,0.006
25.06.2019 15:27:00.000,6301.998,6303.998,6299.997,6302.998,0.0155
25.06.2019 15:28:00.000,6302.997,6303.998,6301.997,6302.997,0.021
25.06.2019 15:29:00.000,6302.998,6303.998,6300.997,6302.998,0.0126
26.06.2019 07:00:00.000,6285.997,6286.998,6272.998,6272.998,0.0003
26.06.2019 07:01:00.000,6273.997,6274.997,6253.997,6253.997,0.0006
26.06.2019 07:03:00.000,6258.998,6268.998,6258.997,6268.998,0.0006
26.06.2019 07:04:00.000,6270.997,6273.997,6261.998,6261.998,0.0002
26.06.2019 07:05:00.000,6261.997,6266.998,6261.997,6264.998,0.0038
26.06.2019 07:06:00.000,6264.997,6265.998,6257.997,6257.998,0.0035
26.06.2019 07:07:00.000,6254.998,6264.998,6254.998,6264.998,0.0028
26.06.2019 07:08:00.000,6264.997,6264.997,6257.998,6258.997,0.006
26.06.2019 07:09:00.000,6258.998,6258.998,6243.998,6243.998,0.0034
26.06.2019 07:10:00.000,6243.998,6253.998,6243.998,6249.998,0.0042
26.06.2019 07:11:00.000,6249.997,6258.998,6249.997,6256.998,0.0102
26.06.2019 07:12:00.000,6257.998,6257.998,6249.997,6249.997,0.0037
26.06.2019 07:13:00.000,6252.998,6256.998,6252.998,6256.998,0.002
26.06.2019 07:14:00.000,6256.997,6266.998,6256.997,6258.998,0.0064
26.06.2019 07:15:00.000,6259.998,6263.998,6255.998,6256.998,0.0034
26.06.2019 07:16:00.000,6257.997,6258.998,6252.998,6257.998,0.0039
26.06.2019 07:17:00.000,6257.998,6257.998,6248.997,6248.998,0.0065
26.06.2019 07:18:00.000,6248.997,6248.997,6237.998,6245.998,0.0033
26.06.2019 07:19:00.000,6245.998,6247.998,6244.997,6246.998,0.0026
26.06.2019 07:20:00.000,6247.998,6249.998,6243.998,6246.997,0.0039
26.06.2019 07:21:00.000,6246.998,6246.998,6241.997,6245.998,0.0031
26.06.2019 07:22:00.000,6245.998,6245.998,6243.997,6243.997,0.0019
26.06.2019 07:23:00.000,6243.998,6245.998,6239.998,6240.998,0.0053
26.06.2019 07:24:00.000,6240.998,6254.998,6240.998,6253.998,0.0105
26.06.2019 07:25:00.000,6253.997,6253.997,6246.997,6250.997,0.0051
26.06.2019 07:26:00.000,6250.997,6250.997,6248.998,6249.998,0.0027
26.06.2019 07:27:00.000,6249.998,6251.998,6249.998,6251.998,0.0019
26.06.2019 07:28:00.000,6251.997,6252.998,6245.997,6247.997,0.0071
26.06.2019 07:29:00.000,6247.998,6250.998,6247.997,6249.998,0.0039
26.06.2019 07:30:00.000,6249.998,6249.998,6245.997,6247.997,0.0044
26.06.2019 07:31:00.000,6247.998,6249.998,6243.998,6246.997,0.0065
26.06.2019 07:32:00.000,6247.997,6248.998,6245.998,6246.998,0.0017
26.06.2019 07:33:00.000,6246.997,6248.998,6246.997,6246.998,0.0051
26.06.2019 07:34:00.000,6247.998,6256.998,6247.998,6250.997,0.0086
26.06.2019 07:35:00.000,6250.998,6256.998,6249.997,6256.998,0.0096
26.06.2019 07:36:00.000,6256.998,6261.998,6256.997,6261.998,0.007
26.06.2019 07:37:00.000,6261.998,6261.998,6255.998,6259.997,0.0036
26.06.2019 07:38:00.000,6259.997,6263.998,6257.997,6261.997,0.0105
26.06.2019 07:39:00.000,6261.997,6262.998,6257.997,6261.997,0.0072
26.06.2019 07:40:00.000,6262.997,6263.998,6259.997,6259.998,0.0032
26.06.2019 07:41:00.000,6259.998,6260.998,6247.998,6247.998,0.0052
26.06.2019 07:42:00.000,6248.998,6248.998,6244.998,6248.998,0.0044
26.06.2019 07:43:00.000,6249.997,6249.998,6244.997,6245.998,0.0095
26.06.2019 07:44:00.000,6245.998,6250.998,6243.998,6250.997,0.0054
26.06.2019 07:45:00.000,6250.998,6250.998,6245.997,6247.998,0.0017
26.06.2019 07:46:00.000,6247.998,6250.998,6244.998,6248.997,0.0051
26.06.2019 07:47:00.000,6248.998,6249.998,6248.997,6248.998,0.0016
26.06.2019 07:48:00.000,6248.997,6250.998,6246.997,6246.998,0.0063
26.06.2019 07:49:00.000,6246.997,6249.998,6246.997,6246.998,0.0055
26.06.2019 07:50:00.000,6244.997,6245.998,6241.997,6242.998,0.0026
26.06.2019 07:51:00.000,6242.997,6247.998,6242.997,6247.998,0.0035
26.06.2019 07:52:00.000,6247.998,6249.997,6245.997,6246.997,0.0039
26.06.2019 07:53:00.000,6246.998,6247.998,6243.998,6243.998,0.004
26.06.2019 07:54:00.000,6244.997,6245.998,6233.998,6233.998,0.0056
26.06.2019 07:55:00.000,6233.998,6238.997,6232.998,6237.998,0.0063
26.06.2019 07:56:00.000,6237.998,6238.998,6233.998,6234.998,0.0049
26.06.2019 07:57:00.000,6235.998,6241.998,6235.998,6238.998,0.0047
26.06.2019 07:58:00.000,6239.997,6239.998,6235.997,6236.997,0.0036
26.06.2019 07:59:00.000,6236.998,6246.998,6236.998,6244.998,0.007
26.06.2019 08:00:00.000,6244.997,6244.997,6239.997,6242.998,0.0045
26.06.2019 08:01:00.000,6242.997,6242.998,6239.997,6239.998,0.0037
26.06.2019 08:02:00.000,6239.998,6239.998,6237.997,6237.998,0.0019
26.06.2019 08:03:00.000,6236.998,6240.998,6235.998,6240.998,0.0038
26.06.2019 08:04:00.000,6240.998,6247.998,6240.998,6247.998,0.0036
26.06.2019 08:05:00.000,6249.998,6249.998,6247.997,6248.998,0.0037
26.06.2019 08:06:00.000,6248.998,6248.998,6243.998,6243.998,0.003
26.06.2019 08:07:00.000,6243.998,6243.998,6241.997,6241.998,0.0028
26.06.2019 08:08:00.000,6241.998,6243.998,6241.997,6241.998,0.0023
26.06.2019 08:09:00.000,6241.997,6241.997,6236.997,6238.998,0.0029
26.06.2019 08:10:00.000,6238.998,6242.998,6238.997,6242.998,0.0027
26.06.2019 08:11:00.000,6242.997,6245.998,6241.997,6243.998,0.0078
26.06.2019 08:12:00.000,6244.998,6244.998,6236.997,6237.998,0.0045
26.06.2019 08:13:00.000,6237.998,6238.998,6234.997,6235.997,0.0048
26.06.2019 08:14:00.000,6235.998,6235.998,6232.998,6233.998,0.0013
26.06.2019 08:15:00.000,6233.998,6234.998,6231.997,6234.998,0.0051
26.06.2019 08:16:00.000,6234.998,6234.998,6232.997,6232.998,0.0018
26.06.2019 08:17:00.000,6232.998,6234.998,6231.997,6232.998,0.004
26.06.2019 08:18:00.000,6232.997,6235.998,6232.997,6235.998,0.0034
26.06.2019 08:19:00.000,6236.998,6236.998,6233.998,6234.997,0.004
26.06.2019 08:20:00.000,6234.998,6236.998,6230.997,6230.998,0.0034
26.06.2019 08:21:00.000,6230.997,6232.998,6230.997,6232.997,0.0023
26.06.2019 08:22:00.000,6232.998,6235.998,6232.997,6234.998,0.0025
26.06.2019 08:23:00.000,6234.997,6236.997,6232.997,6233.998,0.0039
26.06.2019 08:24:00.000,6232.998,6233.998,6232.998,6233.997,0.0038
26.06.2019 08:25:00.000,6233.998,6234.998,6233.997,6233.998,0.0075
26.06.2019 08:26:00.000,6233.998,6233.998,6232.997,6232.997,0.0068
26.06.2019 08:27:00.000,6232.998,6235.998,6230.997,6235.998,0.0046
26.06.2019 08:28:00.000,6235.997,6235.998,6232.997,6232.998,0.0034
26.06.2019 08:29:00.000,6232.998,6233.998,6232.997,6233.998,0.0016
26.06.2019 08:30:00.000,6233.998,6233.998,6229.997,6232.998,0.0039
26.06.2019 08:31:00.000,6232.998,6232.998,6231.997,6231.998,0.0017
26.06.2019 08:32:00.000,6231.997,6231.997,6229.997,6229.997,0.0008
26.06.2019 08:33:00.000,6229.998,6229.998,6228.997,6228.998,0.0013
26.06.2019 08:34:00.000,6228.997,6228.998,6227.997,6227.997,0.0028
26.06.2019 08:35:00.000,6228.997,6230.998,6228.997,6230.998,0.0045
26.06.2019 08:36:00.000,6229.998,6229.998,6228.997,6228.998,0.0015
26.06.2019 08:37:00.000,6228.998,6228.998,6227.997,6227.998,0.0012
26.06.2019 08:38:00.000,6227.997,6232.997,6227.997,6230.997,0.0036
26.06.2019 08:39:00.000,6230.998,6232.998,6230.998,6232.998,0.0024
26.06.2019 08:40:00.000,6232.997,6233.998,6232.997,6233.998,0.0014
26.06.2019 08:41:00.000,6233.998,6233.998,6231.997,6231.998,0.0036
26.06.2019 08:42:00.000,6231.997,6232.998,6231.997,6232.998,0.0017
26.06.2019 08:43:00.000,6232.997,6232.998,6230.998,6231.997,0.001
26.06.2019 08:44:00.000,6231.998,6231.998,6230.997,6230.997,0.0011
26.06.2019 08:45:00.000,6231.997,6233.998,6231.997,6232.997,0.0018
26.06.2019 08:46:00.000,6232.998,6232.998,6232.997,6232.998,0.0003
26.06.2019 08:47:00.000,6232.997,6232.998,6231.997,6231.997,0.001
26.06.2019 08:48:00.000,6231.998,6232.998,6231.997,6231.998,0.0014
26.06.2019 08:49:00.000,6231.997,6231.998,6225.998,6225.998,0.0046
26.06.2019 08:50:00.000,6226.997,6229.998,6226.997,6228.997,0.0045
26.06.2019 08:51:00.000,6228.998,6229.998,6228.997,6228.997,0.003
26.06.2019 08:52:00.000,6228.998,6228.998,6228.997,6228.998,0.0014
26.06.2019 08:53:00.000,6228.998,6228.998,6225.997,6225.997,0.0024
26.06.2019 08:54:00.000,6225.998,6225.998,6225.997,6225.997,0.0007
26.06.2019 08:55:00.000,6226.998,6230.998,6226.998,6228.998,0.0058
26.06.2019 08:56:00.000,6228.997,6231.998,6228.997,6229.997,0.006
26.06.2019 08:57:00.000,6229.998,6229.998,6229.997,6229.997,0.0004
26.06.2019 08:58:00.000,6229.998,6231.998,6229.997,6229.998,0.0035
26.06.2019 08:59:00.000,6230.998,6230.998,6226.997,6226.998,0.0043
26.06.2019 09:00:00.000,6225.998,6227.998,6225.998,6226.998,0.0004
26.06.2019 09:01:00.000,6227.997,6227.998,6227.997,6227.998,0.0002
26.06.2019 09:02:00.000,6227.997,6227.998,6223.997,6223.998,0.0026
26.06.2019 09:03:00.000,6223.997,6223.998,6221.998,6221.998,0.0003
26.06.2019 09:04:00.000,6221.997,6223.998,6221.997,6223.998,0.0024
26.06.2019 09:05:00.000,6224.998,6226.998,6224.998,6224.998,0.0016
26.06.2019 09:06:00.000,6225.998,6227.998,6224.997,6226.998,0.0076
26.06.2019 09:07:00.000,6227.998,6232.998,6226.997,6232.998,0.0122
26.06.2019 09:08:00.000,6232.997,6233.998,6229.997,6229.998,0.0066
26.06.2019 09:09:00.000,6230.997,6232.998,6229.997,6230.997,0.0028
26.06.2019 09:10:00.000,6230.997,6231.997,6227.997,6228.998,0.007
26.06.2019 09:11:00.000,6227.998,6227.998,6221.998,6223.998,0.0067
26.06.2019 09:12:00.000,6224.998,6226.998,6223.998,6226.998,0.0059
26.06.2019 09:13:00.000,6226.997,6226.998,6222.998,6222.998,0.0029
26.06.2019 09:14:00.000,6222.997,6223.998,6220.998,6223.997,0.0053
26.06.2019 09:15:00.000,6223.998,6225.998,6223.998,6224.998,0.0039
26.06.2019 09:16:00.000,6223.997,6224.998,6223.997,6223.997,0.0015
26.06.2019 09:17:00.000,6223.998,6223.998,6220.997,6220.998,0.0033
26.06.2019 09:18:00.000,6220.997,6223.998,6220.997,6222.997,0.0046
26.06.2019 09:19:00.000,6222.997,6223.998,6221.997,6223.998,0.0086
26.06.2019 09:20:00.000,6224.997,6225.998,6223.997,6224.998,0.006
26.06.2019 09:21:00.000,6224.997,6232.998,6224.997,6231.997,0.0044
26.06.2019 09:22:00.000,6231.998,6231.998,6227.997,6227.998,0.003
26.06.2019 09:23:00.000,6227.997,6230.998,6227.997,6230.998,0.0019
26.06.2019 09:24:00.000,6231.998,6232.998,6229.998,6230.997,0.0057
26.06.2019 09:25:00.000,6230.998,6232.998,6230.997,6232.998,0.0038
26.06.2019 09:26:00.000,6232.997,6236.998,6232.997,6233.998,0.0076
26.06.2019 09:27:00.000,6234.997,6236.998,6233.997,6236.998,0.0048
26.06.2019 09:28:00.000,6236.997,6238.998,6235.997,6238.998,0.0053
26.06.2019 09:29:00.000,6238.997,6238.998,6234.997,6234.998,0.0056
26.06.2019 09:30:00.000,6235.998,6237.998,6233.997,6237.998,0.0031
26.06.2019 09:31:00.000,6237.998,6237.998,6236.997,6236.998,0.0047
26.06.2019 09:32:00.000,6236.997,6238.998,6236.997,6238.998,0.0014
26.06.2019 09:33:00.000,6237.998,6237.998,6234.997,6236.998,0.0018
26.06.2019 09:34:00.000,6236.997,6236.998,6234.997,6235.998,0.003
26.06.2019 09:35:00.000,6235.998,6235.998,6234.997,6234.998,0.0014
26.06.2019 09:36:00.000,6233.997,6233.998,6232.998,6232.998,0.0022
26.06.2019 09:37:00.000,6232.997,6233.998,6231.997,6232.997,0.0036
26.06.2019 09:38:00.000,6232.998,6233.998,6231.997,6232.998,0.0019
26.06.2019 09:39:00.000,6233.997,6233.998,6232.997,6232.998,0.0033
26.06.2019 09:40:00.000,6232.997,6233.998,6232.997,6232.998,0.0011
26.06.2019 09:41:00.000,6233.997,6233.998,6230.998,6231.997,0.0052
26.06.2019 09:42:00.000,6231.998,6232.998,6230.997,6232.998,0.0027
26.06.2019 09:43:00.000,6232.997,6232.998,6232.997,6232.998,0.0022
26.06.2019 09:44:00.000,6232.997,6232.998,6229.997,6229.998,0.0025
26.06.2019 09:45:00.000,6229.997,6231.998,6229.997,6231.997,0.003
26.06.2019 09:46:00.000,6231.998,6231.998,6231.997,6231.998,0.0013
26.06.2019 09:47:00.000,6231.998,6231.998,6229.997,6229.998,0.0041
26.06.2019 09:48:00.000,6229.997,6231.998,6229.997,6231.998,0.0044
26.06.2019 09:49:00.000,6231.998,6232.998,6231.998,6232.998,0.0017
26.06.2019 09:50:00.000,6232.997,6237.998,6229.998,6229.998,0.0047
26.06.2019 09:51:00.000,6230.997,6230.998,6228.997,6228.998,0.0019
26.06.2019 09:52:00.000,6229.997,6229.997,6228.997,6228.997,0.0006
26.06.2019 09:53:00.000,6228.998,6231.998,6228.997,6228.998,0.0038
26.06.2019 09:54:00.000,6228.998,6228.998,6227.997,6227.998,0.0008
26.06.2019 09:55:00.000,6228.998,6228.998,6227.997,6227.998,0.0012
26.06.2019 09:56:00.000,6228.997,6228.998,6225.997,6225.998,0.0049
26.06.2019 09:57:00.000,6224.998,6226.998,6224.998,6225.997,0.0014
26.06.2019 09:58:00.000,6225.998,6225.998,6221.998,6221.998,0.0022
26.06.2019 09:59:00.000,6220.998,6221.998,6220.998,6221.998,0.0008
26.06.2019 10:00:00.000,6221.997,6221.997,6218.997,6218.997,0.0019
26.06.2019 10:01:00.000,6218.998,6218.998,6215.997,6215.998,0.0007
26.06.2019 10:02:00.000,6216.997,6217.998,6214.998,6214.998,0.0026
26.06.2019 10:03:00.000,6215.997,6215.998,6214.997,6215.998,0.0064
26.06.2019 10:04:00.000,6215.998,6218.998,6215.998,6218.997,0.0018
26.06.2019 10:05:00.000,6218.998,6220.998,6218.998,6218.998,0.0026
26.06.2019 10:06:00.000,6219.998,6219.998,6216.998,6216.998,0.0023
26.06.2019 10:07:00.000,6217.998,6219.750,6217.997,6218.998,0.0032
26.06.2019 10:08:00.000,6218.997,6219.998,6217.998,6219.997,0.0039
26.06.2019 10:09:00.000,6219.998,6219.998,6218.997,6218.997,0.0012
26.06.2019 10:10:00.000,6218.998,6222.997,6218.998,6221.998,0.002
26.06.2019 10:11:00.000,6221.998,6222.998,6221.997,6221.997,0.004
26.06.2019 10:12:00.000,6221.997,6221.997,6218.997,6218.997,0.0014
26.06.2019 10:13:00.000,6218.998,6222.998,6218.998,6222.998,0.0022
26.06.2019 10:14:00.000,6222.997,6222.998,6221.997,6221.997,0.0014
26.06.2019 10:15:00.000,6222.998,6224.998,6222.998,6223.998,0.0013
26.06.2019 10:16:00.000,6223.998,6224.998,6222.997,6224.998,0.0047
26.06.2019 10:17:00.000,6223.998,6224.998,6222.997,6224.998,0.0038
26.06.2019 10:18:00.000,6224.997,6224.998,6222.997,6223.997,0.0024
26.06.2019 10:19:00.000,6223.998,6224.998,6223.997,6224.998,0.002
26.06.2019 10:20:00.000,6225.997,6225.998,6223.998,6225.997,0.0036
26.06.2019 10:21:00.000,6225.997,6225.997,6224.997,6224.998,0.002
26.06.2019 10:22:00.000,6224.997,6224.998,6224.997,6224.998,0.002
26.06.2019 10:23:00.000,6224.997,6224.998,6224.997,6224.997,0.0012
26.06.2019 10:24:00.000,6224.998,6224.998,6224.997,6224.998,0.0023
26.06.2019 10:25:00.000,6224.997,6224.998,6223.997,6223.998,0.003
26.06.2019 10:26:00.000,6224.998,6224.998,6221.997,6222.998,0.0023
26.06.2019 10:27:00.000,6222.997,6222.997,6218.998,6218.998,0.0026
26.06.2019 10:28:00.000,6217.997,6219.998,6216.997,6219.998,0.0057
26.06.2019 10:29:00.000,6219.997,6222.998,6219.997,6222.998,0.0022
26.06.2019 10:30:00.000,6221.998,6222.998,6218.998,6219.998,0.0038
26.06.2019 10:31:00.000,6218.998,6219.998,6218.997,6219.998,0.0016
26.06.2019 10:32:00.000,6218.997,6219.998,6216.998,6217.998,0.0008
26.06.2019 10:33:00.000,6217.998,6217.998,6215.997,6215.997,0.0011
26.06.2019 10:34:00.000,6215.997,6215.997,6213.997,6213.998,0.0011
26.06.2019 10:35:00.000,6214.998,6214.998,6213.997,6213.997,0.0025
26.06.2019 10:36:00.000,6213.998,6214.998,6213.997,6213.997,0.0019
26.06.2019 10:37:00.000,6213.998,6213.998,6213.997,6213.997,0.0006
26.06.2019 10:38:00.000,6214.998,6215.998,6212.998,6212.998,0.0014
26.06.2019 10:39:00.000,6212.997,6213.997,6210.997,6210.998,0.0012
26.06.2019 10:41:00.000,6211.998,6211.998,6209.997,6209.997,0.0013
26.06.2019 10:42:00.000,6210.998,6212.998,6209.997,6211.998,0.0042
26.06.2019 10:43:00.000,6211.997,6211.998,6210.997,6210.998,0.0018
26.06.2019 10:44:00.000,6210.997,6210.998,6209.997,6209.998,0.0015
26.06.2019 10:45:00.000,6209.997,6209.998,6207.997,6207.997,0.0047
26.06.2019 10:46:00.000,6206.998,6208.998,6206.997,6207.998,0.0034
26.06.2019 10:47:00.000,6207.997,6208.998,6207.997,6208.998,0.0041
26.06.2019 10:48:00.000,6208.998,6208.998,6205.997,6206.997,0.0018
26.06.2019 10:49:00.000,6207.998,6208.998,6206.998,6207.998,0.0009
26.06.2019 10:50:00.000,6207.997,6207.998,6204.997,6204.998,0.0014
26.06.2019 10:51:00.000,6204.997,6205.997,6203.997,6204.998,0.0016
26.06.2019 10:52:00.000,6205.998,6205.998,6204.998,6204.998,0.0004
26.06.2019 10:53:00.000,6204.997,6205.997,6204.997,6205.997,0.0023
26.06.2019 10:54:00.000,6205.998,6210.998,6204.997,6210.998,0.0035
26.06.2019 10:55:00.000,6210.997,6211.998,6210.997,6210.998,0.0017
26.06.2019 10:56:00.000,6210.998,6213.998,6210.998,6212.998,0.0007
26.06.2019 10:57:00.000,6212.997,6213.998,6212.997,6212.998,0.0036
26.06.2019 10:58:00.000,6212.997,6212.998,6207.997,6207.998,0.0043
26.06.2019 10:59:00.000,6207.997,6207.998,6205.998,6206.998,0.0017
26.06.2019 11:00:00.000,6205.998,6205.998,6205.998,6205.998,0.0001
26.06.2019 11:02:00.000,6200.998,6207.998,6200.998,6207.998,0.0007
26.06.2019 11:03:00.000,6208.997,6208.998,6208.997,6208.997,0.0006
26.06.2019 11:04:00.000,6208.997,6208.997,6203.998,6205.997,0.0017
26.06.2019 11:05:00.000,6205.998,6206.998,6203.997,6203.997,0.0009
26.06.2019 11:06:00.000,6203.998,6203.998,6201.997,6201.998,0.0007
26.06.2019 11:07:00.000,6202.998,6202.998,6201.998,6201.998,0.0001
26.06.2019 11:08:00.000,6201.998,6202.998,6201.997,6202.998,0.0005
26.06.2019 11:09:00.000,6202.997,6202.998,6199.997,6199.998,0.0058
26.06.2019 11:10:00.000,6199.997,6200.998,6199.997,6200.998,0.0024
26.06.2019 11:11:00.000,6201.998,6202.998,6200.997,6200.997,0.0016
26.06.2019 11:12:00.000,6200.998,6200.998,6197.997,6197.997,0.0027
26.06.2019 11:13:00.000,6197.998,6197.998,6194.997,6194.997,0.0012
26.06.2019 11:14:00.000,6194.998,6194.998,6194.997,6194.998,0.0004
26.06.2019 11:15:00.000,6194.997,6194.998,6192.997,6193.998,0.0013
26.06.2019 11:16:00.000,6194.997,6194.998,6192.998,6192.998,0.0003
26.06.2019 11:17:00.000,6191.998,6196.998,6191.998,6196.997,0.0018
26.06.2019 11:18:00.000,6196.998,6196.998,6195.997,6195.998,0.005
26.06.2019 11:19:00.000,6196.998,6196.998,6194.998,6194.998,0.0038
26.06.2019 11:20:00.000,6194.997,6194.998,6194.997,6194.998,0.0002
26.06.2019 11:21:00.000,6195.998,6195.998,6192.997,6193.998,0.002
26.06.2019 11:22:00.000,6192.998,6192.998,6191.998,6192.998,0.0005
26.06.2019 11:23:00.000,6193.998,6193.998,6188.997,6188.998,0.0029
26.06.2019 11:24:00.000,6188.997,6190.998,6188.997,6190.998,0.0058
26.06.2019 11:25:00.000,6189.998,6193.997,6189.998,6191.997,0.0049
26.06.2019 11:26:00.000,6191.997,6191.997,6189.998,6190.998,0.0005
26.06.2019 11:28:00.000,6190.997,6190.998,6188.997,6189.998,0.0019
26.06.2019 11:29:00.000,6189.998,6191.998,6188.997,6188.998,0.0026
26.06.2019 11:30:00.000,6188.997,6189.998,6188.997,6188.998,0.0015
26.06.2019 11:31:00.000,6188.997,6188.998,6187.998,6188.998,0.0007
26.06.2019 11:32:00.000,6187.998,6189.997,6187.997,6189.997,0.0045
26.06.2019 11:33:00.000,6189.998,6191.998,6189.997,6190.998,0.0026
26.06.2019 11:34:00.000,6190.997,6193.998,6190.997,6193.997,0.0021
26.06.2019 11:35:00.000,6194.997,6198.998,6194.997,6198.998,0.005
26.06.2019 11:36:00.000,6198.998,6201.997,6198.997,6201.997,0.0031
26.06.2019 11:37:00.000,6201.997,6201.997,6195.997,6195.998,0.0017
26.06.2019 11:38:00.000,6196.998,6197.998,6196.997,6197.997,0.002
26.06.2019 11:39:00.000,6197.998,6197.998,6197.998,6197.998,0.0001
26.06.2019 11:40:00.000,6197.997,6197.997,6197.997,6197.997,0.0003
26.06.2019 11:41:00.000,6197.998,6199.998,6197.998,6198.998,0.0006
26.06.2019 11:42:00.000,6199.997,6200.998,6198.997,6199.997,0.0019
26.06.2019 11:43:00.000,6199.998,6203.998,6199.998,6202.998,0.0019
26.06.2019 11:44:00.000,6203.997,6204.998,6203.997,6204.998,0.0004
26.06.2019 11:45:00.000,6204.998,6205.998,6204.997,6204.998,0.001
26.06.2019 11:46:00.000,6204.998,6204.998,6202.997,6202.997,0.0025
26.06.2019 11:47:00.000,6202.998,6203.998,6202.997,6202.998,0.0009
26.06.2019 11:48:00.000,6202.998,6203.998,6202.998,6202.998,0.0005
26.06.2019 11:49:00.000,6202.997,6202.998,6202.997,6202.997,0.0011
26.06.2019 11:50:00.000,6202.998,6202.998,6199.997,6200.997,0.001
26.06.2019 11:51:00.000,6200.998,6201.998,6200.997,6200.998,0.0009
26.06.2019 11:52:00.000,6200.998,6202.998,6200.997,6202.998,0.0023
26.06.2019 11:53:00.000,6202.997,6202.998,6200.998,6201.998,0.0012
26.06.2019 11:54:00.000,6202.998,6202.998,6201.997,6201.997,0.0004
26.06.2019 11:55:00.000,6202.997,6202.998,6201.998,6202.998,0.0009
26.06.2019 11:56:00.000,6202.997,6205.998,6202.997,6204.998,0.0016
26.06.2019 11:57:00.000,6204.997,6204.998,6203.998,6204.997,0.0016
26.06.2019 11:58:00.000,6204.998,6204.998,6203.997,6204.997,0.0035
26.06.2019 11:59:00.000,6204.998,6204.998,6204.997,6204.998,0.0019
26.06.2019 12:00:00.000,6204.997,6210.998,6204.997,6210.997,0.0047
26.06.2019 12:01:00.000,6210.998,6210.998,6210.997,6210.998,0.0005
26.06.2019 12:02:00.000,6210.997,6211.998,6210.997,6211.998,0.0004
26.06.2019 12:03:00.000,6213.997,6213.998,6211.997,6211.998,0.0031
26.06.2019 12:04:00.000,6211.998,6211.998,6209.997,6209.997,0.0067
26.06.2019 12:05:00.000,6209.998,6211.998,6209.998,6211.998,0.002
26.06.2019 12:06:00.000,6211.998,6211.998,6208.997,6208.997,0.0021
26.06.2019 12:07:00.000,6208.998,6208.998,6208.998,6208.998,0.0001
26.06.2019 12:08:00.000,6208.998,6209.998,6208.997,6208.998,0.0012
26.06.2019 12:09:00.000,6208.997,6208.998,6208.997,6208.998,0.0005
26.06.2019 12:10:00.000,6208.997,6208.998,6208.997,6208.998,0.001
26.06.2019 12:11:00.000,6208.997,6208.998,6205.998,6206.997,0.0012
26.06.2019 12:13:00.000,6206.998,6206.998,6206.997,6206.998,0.0007
26.06.2019 12:14:00.000,6206.997,6206.998,6206.997,6206.998,0.0021
26.06.2019 12:15:00.000,6207.998,6207.998,6207.998,6207.998,0.0001
26.06.2019 12:16:00.000,6207.997,6207.998,6206.997,6206.997,0.0022
26.06.2019 12:17:00.000,6206.998,6206.998,6204.998,6204.998,0.001
26.06.2019 12:18:00.000,6205.998,6206.998,6205.998,6206.998,0.0007
26.06.2019 12:19:00.000,6205.997,6205.998,6204.997,6204.998,0.0035
26.06.2019 12:20:00.000,6205.997,6206.998,6205.997,6206.998,0.0023
26.06.2019 12:21:00.000,6206.998,6206.998,6204.997,6204.998,0.0031
26.06.2019 12:22:00.000,6204.997,6205.998,6200.998,6200.998,0.0016
26.06.2019 12:23:00.000,6200.998,6200.998,6197.997,6199.998,0.0014
26.06.2019 12:24:00.000,6199.997,6199.998,6196.997,6197.998,0.0017
26.06.2019 12:25:00.000,6197.997,6198.998,6197.997,6197.998,0.0019
26.06.2019 12:26:00.000,6198.998,6199.998,6198.997,6198.998,0.0038
26.06.2019 12:27:00.000,6198.997,6198.998,6197.997,6197.998,0.0008
26.06.2019 12:28:00.000,6198.998,6201.997,6198.998,6201.997,0.0003
26.06.2019 12:29:00.000,6200.998,6200.998,6197.997,6198.998,0.0016
26.06.2019 12:30:00.000,6198.998,6200.998,6198.997,6199.998,0.002
26.06.2019 12:31:00.000,6199.997,6202.998,6199.997,6202.998,0.0027
26.06.2019 12:32:00.000,6201.997,6201.998,6199.998,6200.998,0.0015
26.06.2019 12:33:00.000,6200.997,6200.998,6199.997,6199.997,0.0037
26.06.2019 12:34:00.000,6199.997,6199.998,6197.997,6197.998,0.0029
26.06.2019 12:35:00.000,6197.998,6202.998,6197.997,6201.998,0.004
26.06.2019 12:36:00.000,6201.997,6201.998,6201.997,6201.998,0.0014
26.06.2019 12:37:00.000,6201.997,6201.998,6198.997,6198.997,0.0026
26.06.2019 12:38:00.000,6198.998,6198.998,6196.998,6196.998,0.0018
26.06.2019 12:39:00.000,6196.998,6197.998,6196.997,6197.997,0.002
26.06.2019 12:40:00.000,6197.998,6197.998,6196.997,6196.998,0.0015
26.06.2019 12:41:00.000,6196.997,6196.998,6192.998,6194.998,0.0027
26.06.2019 12:42:00.000,6193.998,6193.998,6189.998,6190.997,0.0045
26.06.2019 12:43:00.000,6190.998,6190.998,6188.997,6188.998,0.0025
26.06.2019 12:44:00.000,6188.997,6188.998,6187.997,6187.998,0.0045
26.06.2019 12:45:00.000,6188.997,6188.998,6187.997,6188.998,0.0024
26.06.2019 12:46:00.000,6188.997,6188.998,6186.997,6188.998,0.0017
26.06.2019 12:47:00.000,6188.997,6189.998,6188.997,6189.997,0.0033
26.06.2019 12:48:00.000,6189.998,6193.998,6189.997,6191.997,0.0056
26.06.2019 12:49:00.000,6191.998,6192.998,6191.997,6191.997,0.0024
26.06.2019 12:50:00.000,6191.998,6193.998,6191.998,6193.998,0.0016
26.06.2019 12:51:00.000,6194.998,6196.998,6194.997,6194.998,0.0032
26.06.2019 12:52:00.000,6194.997,6194.998,6194.997,6194.998,0.0004
26.06.2019 12:53:00.000,6194.997,6195.998,6194.997,6194.997,0.0013
26.06.2019 12:54:00.000,6194.998,6196.998,6194.997,6195.998,0.003
26.06.2019 12:55:00.000,6196.998,6198.998,6196.997,6198.998,0.0055
26.06.2019 12:56:00.000,6198.997,6199.998,6196.997,6196.998,0.0056
26.06.2019 12:57:00.000,6196.997,6197.998,6195.998,6197.998,0.0049
26.06.2019 12:58:00.000,6197.998,6197.998,6196.998,6197.998,0.0012
26.06.2019 12:59:00.000,6197.998,6197.998,6195.997,6195.998,0.0026
26.06.2019 13:00:00.000,6195.997,6195.998,6194.998,6194.998,0.0012
26.06.2019 13:01:00.000,6194.997,6194.998,6193.997,6193.997,0.003
26.06.2019 13:02:00.000,6194.997,6196.998,6194.997,6196.997,0.0075
26.06.2019 13:03:00.000,6196.998,6199.998,6196.998,6199.998,0.0035
26.06.2019 13:04:00.000,6199.997,6207.998,6199.997,6207.997,0.0058
26.06.2019 13:05:00.000,6207.998,6208.998,6207.997,6208.998,0.0039
26.06.2019 13:06:00.000,6208.997,6208.998,6207.997,6208.997,0.0016
26.06.2019 13:07:00.000,6208.998,6208.998,6204.997,6205.998,0.0034
26.06.2019 13:08:00.000,6206.997,6210.998,6205.998,6210.997,0.0068
26.06.2019 13:09:00.000,6209.998,6210.998,6208.998,6208.998,0.0027
26.06.2019 13:10:00.000,6209.998,6211.998,6208.998,6211.998,0.0032
26.06.2019 13:11:00.000,6211.998,6211.998,6205.997,6206.998,0.0046
26.06.2019 13:12:00.000,6206.998,6209.998,6206.998,6209.998,0.0016
26.06.2019 13:13:00.000,6210.997,6210.998,6207.997,6208.997,0.0022
26.06.2019 13:14:00.000,6208.998,6209.998,6208.997,6209.998,0.0008
26.06.2019 13:15:00.000,6209.997,6209.998,6208.997,6209.998,0.0011
26.06.2019 13:16:00.000,6209.997,6210.998,6207.998,6208.997,0.0064
26.06.2019 13:17:00.000,6208.998,6208.998,6208.997,6208.998,0.0011
26.06.2019 13:18:00.000,6208.997,6209.998,6208.997,6209.998,0.0031
26.06.2019 13:19:00.000,6209.997,6209.998,6209.997,6209.998,0.0021
26.06.2019 13:20:00.000,6209.997,6211.998,6209.997,6211.998,0.0046
26.06.2019 13:21:00.000,6211.997,6212.998,6211.997,6212.997,0.0055
26.06.2019 13:22:00.000,6212.998,6213.998,6212.997,6213.998,0.0052
26.06.2019 13:23:00.000,6213.997,6213.998,6213.997,6213.997,0.0009
26.06.2019 13:24:00.000,6213.998,6213.998,6210.997,6212.998,0.0037
26.06.2019 13:25:00.000,6212.997,6212.998,6210.997,6212.998,0.0022
26.06.2019 13:26:00.000,6212.997,6213.998,6212.997,6213.998,0.0016
26.06.2019 13:27:00.000,6213.997,6213.998,6211.997,6211.998,0.0014
26.06.2019 13:28:00.000,6211.997,6212.998,6211.997,6212.998,0.0025
26.06.2019 13:29:00.000,6213.998,6214.998,6213.997,6214.998,0.0019
26.06.2019 13:30:00.000,6214.997,6215.998,6213.997,6213.998,0.0072
26.06.2019 13:31:00.000,6214.998,6218.998,6214.997,6218.998,0.0073
26.06.2019 13:32:00.000,6219.998,6225.998,6219.997,6225.998,0.0155
26.06.2019 13:33:00.000,6225.998,6229.997,6222.997,6226.998,0.0078
26.06.2019 13:34:00.000,6227.997,6228.998,6219.997,6222.998,0.0091
26.06.2019 13:35:00.000,6223.997,6223.997,6218.998,6220.998,0.0058
26.06.2019 13:36:00.000,6220.997,6223.998,6220.997,6223.998,0.0029
26.06.2019 13:37:00.000,6223.998,6223.998,6220.997,6221.998,0.0025
26.06.2019 13:38:00.000,6221.997,6225.998,6221.997,6224.997,0.0146
26.06.2019 13:39:00.000,6224.998,6224.998,6216.998,6218.998,0.0073
26.06.2019 13:40:00.000,6218.998,6219.998,6218.997,6218.998,0.0018
26.06.2019 13:41:00.000,6218.997,6225.998,6218.997,6225.997,0.0073
26.06.2019 13:42:00.000,6225.998,6226.998,6223.998,6224.997,0.0035
26.06.2019 13:43:00.000,6222.998,6222.998,6220.997,6220.998,0.0017
26.06.2019 13:44:00.000,6219.998,6219.998,6216.997,6216.998,0.0045
26.06.2019 13:45:00.000,6216.997,6220.998,6216.997,6220.998,0.0033
26.06.2019 13:46:00.000,6220.998,6221.998,6219.997,6220.997,0.0042
26.06.2019 13:47:00.000,6220.998,6220.998,6217.997,6217.998,0.0046
26.06.2019 13:48:00.000,6217.998,6217.998,6215.997,6216.997,0.0042
26.06.2019 13:49:00.000,6216.998,6216.998,6211.998,6212.997,0.0116
26.06.2019 13:50:00.000,6212.998,6214.998,6212.997,6214.998,0.0049
26.06.2019 13:51:00.000,6215.997,6215.997,6211.997,6211.997,0.0069
26.06.2019 13:52:00.000,6211.998,6212.998,6211.997,6211.998,0.015
26.06.2019 13:53:00.000,6211.997,6215.998,6211.997,6214.997,0.0173
26.06.2019 13:54:00.000,6214.998,6214.998,6212.997,6214.998,0.0096
26.06.2019 13:55:00.000,6214.997,6215.998,6212.997,6213.997,0.0122
26.06.2019 13:56:00.000,6212.998,6217.998,6212.997,6216.998,0.0124
26.06.2019 13:57:00.000,6215.998,6217.998,6215.997,6216.997,0.0079
26.06.2019 13:58:00.000,6216.998,6217.998,6215.997,6215.998,0.006
26.06.2019 13:59:00.000,6214.998,6217.998,6213.997,6213.998,0.0089
26.06.2019 14:00:00.000,6214.998,6214.998,6210.997,6210.998,0.0071
26.06.2019 14:01:00.000,6210.998,6210.998,6206.997,6207.998,0.0151
26.06.2019 14:02:00.000,6207.997,6208.998,6207.997,6208.998,0.0091
26.06.2019 14:03:00.000,6208.997,6208.998,6205.998,6207.998,0.0245
26.06.2019 14:04:00.000,6207.998,6207.998,6204.998,6205.998,0.0215
26.06.2019 14:05:00.000,6205.997,6205.998,6202.997,6203.998,0.0099
26.06.2019 14:06:00.000,6203.997,6203.998,6201.997,6202.998,0.0074
26.06.2019 14:07:00.000,6202.997,6204.998,6202.997,6204.997,0.0103
26.06.2019 14:08:00.000,6204.998,6205.998,6204.997,6205.998,0.0073
26.06.2019 14:09:00.000,6205.998,6209.998,6205.997,6209.997,0.0083
26.06.2019 14:10:00.000,6209.998,6210.998,6209.997,6210.998,0.007
26.06.2019 14:11:00.000,6210.997,6210.998,6208.998,6210.997,0.0047
26.06.2019 14:12:00.000,6210.998,6210.998,6206.997,6207.998,0.0051
26.06.2019 14:13:00.000,6206.998,6207.998,6206.997,6206.997,0.0021
26.06.2019 14:14:00.000,6206.998,6207.998,6206.997,6207.998,0.0037
26.06.2019 14:15:00.000,6207.997,6208.998,6207.997,6207.998,0.0053
26.06.2019 14:16:00.000,6207.997,6212.998,6207.997,6212.997,0.012
26.06.2019 14:17:00.000,6213.998,6213.998,6212.997,6212.997,0.0048
26.06.2019 14:18:00.000,6212.998,6212.998,6210.997,6210.997,0.0059
26.06.2019 14:19:00.000,6210.998,6210.998,6206.997,6206.998,0.0046
26.06.2019 14:20:00.000,6206.998,6206.998,6203.997,6205.998,0.0106
26.06.2019 14:21:00.000,6205.998,6206.998,6204.997,6205.998,0.0041
26.06.2019 14:22:00.000,6205.997,6205.998,6203.997,6204.998,0.0022
26.06.2019 14:23:00.000,6204.997,6205.998,6202.997,6202.998,0.0061
26.06.2019 14:24:00.000,6202.997,6202.998,6201.997,6201.998,0.0027
26.06.2019 14:25:00.000,6201.997,6202.997,6201.997,6201.997,0.0066
26.06.2019 14:26:00.000,6201.998,6207.998,6201.998,6207.998,0.0093
26.06.2019 14:27:00.000,6206.997,6206.998,6204.998,6206.998,0.0059
26.06.2019 14:28:00.000,6207.998,6208.998,6204.997,6204.998,0.0049
26.06.2019 14:29:00.000,6205.997,6206.997,6202.998,6203.998,0.0063
26.06.2019 14:30:00.000,6203.998,6203.998,6193.997,6196.997,0.0074
26.06.2019 14:31:00.000,6196.998,6196.998,6194.997,6194.998,0.0042
26.06.2019 14:32:00.000,6195.998,6197.998,6195.997,6197.997,0.0064
26.06.2019 14:33:00.000,6198.997,6198.998,6198.997,6198.998,0.0043
26.06.2019 14:34:00.000,6198.998,6200.998,6197.998,6200.997,0.0073
26.06.2019 14:35:00.000,6200.998,6200.998,6196.997,6197.997,0.0037
26.06.2019 14:36:00.000,6196.998,6196.998,6192.998,6192.998,0.0065
26.06.2019 14:37:00.000,6192.998,6196.998,6192.998,6195.997,0.0066
26.06.2019 14:38:00.000,6197.750,6199.998,6197.750,6198.998,0.0133
26.06.2019 14:39:00.000,6196.998,6197.998,6195.997,6195.997,0.008
26.06.2019 14:40:00.000,6196.998,6201.998,6196.997,6200.997,0.0098
26.06.2019 14:41:00.000,6200.998,6200.998,6198.997,6198.998,0.0027
26.06.2019 14:42:00.000,6198.997,6199.998,6198.997,6198.997,0.0082
26.06.2019 14:43:00.000,6198.998,6199.997,6198.997,6198.998,0.0039
26.06.2019 14:44:00.000,6198.997,6198.998,6198.997,6198.998,0.0059
26.06.2019 14:45:00.000,6198.998,6198.998,6196.997,6196.998,0.0095
26.06.2019 14:46:00.000,6196.998,6198.998,6196.997,6196.997,0.0054
26.06.2019 14:47:00.000,6197.997,6198.998,6197.997,6198.998,0.0026
26.06.2019 14:48:00.000,6197.998,6198.998,6197.997,6198.998,0.0069
26.06.2019 14:49:00.000,6198.997,6198.998,6196.997,6197.998,0.0096
26.06.2019 14:50:00.000,6197.997,6198.998,6197.997,6198.998,0.0046
26.06.2019 14:51:00.000,6199.997,6201.998,6198.998,6201.997,0.0049
26.06.2019 14:52:00.000,6201.997,6202.998,6200.998,6201.998,0.0061
26.06.2019 14:53:00.000,6201.998,6201.998,6198.997,6200.997,0.0113
26.06.2019 14:54:00.000,6200.998,6200.998,6197.997,6197.997,0.0024
26.06.2019 14:55:00.000,6197.998,6198.998,6196.997,6198.997,0.0131
26.06.2019 14:56:00.000,6198.998,6198.998,6197.997,6197.997,0.006
26.06.2019 14:57:00.000,6197.998,6198.998,6196.997,6198.998,0.0037
26.06.2019 14:58:00.000,6199.997,6199.998,6198.997,6198.998,0.0043
26.06.2019 14:59:00.000,6198.997,6198.998,6196.997,6196.998,0.0093
26.06.2019 15:00:00.000,6196.998,6197.998,6196.997,6196.997,0.0105
26.06.2019 15:01:00.000,6196.998,6198.998,6196.997,6198.998,0.0122
26.06.2019 15:02:00.000,6198.997,6198.998,6195.997,6195.997,0.0067
26.06.2019 15:03:00.000,6194.998,6197.998,6194.997,6194.997,0.0144
26.06.2019 15:04:00.000,6194.998,6194.998,6191.997,6193.998,0.011
26.06.2019 15:05:00.000,6194.997,6195.998,6194.997,6194.997,0.0054
26.06.2019 15:06:00.000,6194.998,6195.998,6193.997,6194.998,0.0116
26.06.2019 15:07:00.000,6194.997,6194.998,6193.997,6193.998,0.007
26.06.2019 15:08:00.000,6193.750,6194.998,6191.997,6194.998,0.0056
26.06.2019 15:09:00.000,6193.998,6195.998,6193.997,6194.998,0.0143
26.06.2019 15:10:00.000,6194.997,6199.998,6194.997,6199.997,0.005
26.06.2019 15:11:00.000,6199.998,6204.998,6198.997,6200.998,0.0132
26.06.2019 15:12:00.000,6200.997,6201.998,6200.997,6201.998,0.0086
26.06.2019 15:13:00.000,6201.997,6205.998,6201.997,6205.998,0.015
26.06.2019 15:14:00.000,6204.998,6204.998,6200.997,6200.997,0.0073
26.06.2019 15:15:00.000,6200.998,6202.998,6199.997,6201.997,0.0096
26.06.2019 15:16:00.000,6201.998,6203.998,6200.997,6201.998,0.0052
26.06.2019 15:17:00.000,6201.997,6204.998,6200.997,6203.998,0.0142
26.06.2019 15:18:00.000,6205.750,6205.750,6203.997,6203.998,0.0148
26.06.2019 15:19:00.000,6203.998,6203.998,6200.998,6200.998,0.0044
26.06.2019 15:20:00.000,6200.997,6202.998,6200.997,6200.998,0.0115
26.06.2019 15:21:00.000,6200.998,6200.998,6198.997,6200.997,0.0053
26.06.2019 15:22:00.000,6200.998,6201.998,6197.997,6197.997,0.0138
26.06.2019 15:23:00.000,6197.998,6198.998,6195.997,6196.997,0.0038
26.06.2019 15:24:00.000,6196.998,6196.998,6195.997,6196.998,0.0079
26.06.2019 15:25:00.000,6196.997,6197.998,6195.997,6197.998,0.0167
26.06.2019 15:26:00.000,6197.997,6199.998,6197.997,6198.998,0.0123
26.06.2019 15:27:00.000,6198.997,6198.998,6196.997,6196.998,0.0046
26.06.2019 15:28:00.000,6197.998,6199.998,6196.997,6199.998,0.011
26.06.2019 15:29:00.000,6199.998,6199.998,6196.997,6198.998,0.0094
27.06.2019 07:00:00.000,6204.998,6204.998,6194.998,6194.998,0.0006
27.06.2019 07:01:00.000,6169.998,6169.998,6167.997,6168.997,0.0003
27.06.2019 07:02:00.000,6168.997,6169.998,6168.997,6169.998,0.0001
27.06.2019 07:05:00.000,6169.998,6169.998,6144.998,6144.998,0.0021
27.06.2019 07:06:00.000,6148.998,6155.998,6148.998,6155.998,0.0014
27.06.2019 07:07:00.000,6149.997,6149.998,6134.997,6134.998,0.0018
27.06.2019 07:08:00.000,6140.997,6143.998,6136.997,6140.998,0.0018
27.06.2019 07:09:00.000,6140.998,6140.998,6136.997,6138.998,0.0019
27.06.2019 07:10:00.000,6139.998,6157.998,6139.998,6146.998,0.0046
27.06.2019 07:11:00.000,6146.997,6151.998,6144.997,6151.998,0.0036
27.06.2019 07:12:00.000,6153.997,6153.997,6145.997,6149.997,0.0041
27.06.2019 07:13:00.000,6149.998,6149.998,6143.998,6143.998,0.0015
27.06.2019 07:14:00.000,6141.997,6143.998,6137.997,6138.997,0.0026
27.06.2019 07:15:00.000,6138.998,6143.998,6136.998,6139.998,0.0041
27.06.2019 07:16:00.000,6138.997,6151.998,6137.997,6147.998,0.0063
27.06.2019 07:17:00.000,6147.997,6148.997,6144.997,6144.998,0.0032
27.06.2019 07:18:00.000,6144.998,6147.998,6141.997,6144.998,0.0028
27.06.2019 07:19:00.000,6145.997,6145.998,6144.997,6144.998,0.0009
27.06.2019 07:20:00.000,6142.998,6155.998,6142.998,6155.997,0.0067
27.06.2019 07:21:00.000,6156.998,6158.998,6154.997,6155.997,0.0047
27.06.2019 07:22:00.000,6155.998,6158.998,6154.998,6157.998,0.0041
27.06.2019 07:23:00.000,6158.997,6161.998,6152.998,6152.998,0.0021
27.06.2019 07:24:00.000,6152.998,6158.998,6151.998,6157.997,0.0023
27.06.2019 07:25:00.000,6157.998,6157.998,6154.997,6157.998,0.0014
27.06.2019 07:26:00.000,6157.997,6159.998,6157.997,6159.998,0.001
27.06.2019 07:27:00.000,6159.998,6159.998,6151.997,6154.997,0.0031
27.06.2019 07:28:00.000,6154.997,6159.998,6154.997,6159.997,0.0014
27.06.2019 07:29:00.000,6159.998,6159.998,6159.997,6159.997,0.002
27.06.2019 07:30:00.000,6159.997,6161.998,6157.997,6161.997,0.0029
27.06.2019 07:31:00.000,6162.998,6164.998,6160.998,6164.997,0.0016
27.06.2019 07:32:00.000,6164.997,6164.997,6162.997,6163.998,0.0011
27.06.2019 07:33:00.000,6163.997,6165.998,6163.997,6165.998,0.0012
27.06.2019 07:34:00.000,6166.998,6170.997,6166.998,6169.998,0.0009
27.06.2019 07:35:00.000,6169.997,6174.998,6167.997,6174.998,0.0012
27.06.2019 07:36:00.000,6174.998,6177.998,6173.998,6177.998,0.0013
27.06.2019 07:37:00.000,6177.998,6177.998,6174.998,6175.997,0.0007
27.06.2019 07:38:00.000,6175.998,6179.998,6175.997,6176.997,0.0017
27.06.2019 07:39:00.000,6177.998,6177.998,6170.998,6173.997,0.001
27.06.2019 07:40:00.000,6173.998,6176.998,6172.998,6172.998,0.0016
27.06.2019 07:41:00.000,6171.998,6172.998,6171.997,6171.998,0.0005
27.06.2019 07:42:00.000,6172.998,6177.997,6172.997,6176.998,0.0018
27.06.2019 07:43:00.000,6176.998,6177.998,6176.997,6176.998,0.0006
27.06.2019 07:44:00.000,6176.998,6176.998,6174.998,6174.998,0.0002
27.06.2019 07:45:00.000,6174.998,6179.998,6174.998,6178.998,0.0013
27.06.2019 07:46:00.000,6178.998,6178.998,6176.997,6176.997,0.0004
27.06.2019 07:47:00.000,6175.997,6175.998,6169.998,6171.998,0.0032
27.06.2019 07:48:00.000,6171.997,6173.998,6171.997,6173.998,0.002
27.06.2019 07:49:00.000,6173.997,6173.998,6171.997,6171.998,0.0016
27.06.2019 07:50:00.000,6171.998,6171.998,6167.998,6167.998,0.0004
27.06.2019 07:51:00.000,6166.998,6169.998,6166.998,6167.998,0.0011
27.06.2019 07:52:00.000,6167.998,6171.998,6167.998,6170.998,0.0033
27.06.2019 07:53:00.000,6169.998,6169.998,6168.997,6168.997,0.0009
27.06.2019 07:54:00.000,6168.997,6171.998,6167.997,6171.998,0.0025
27.06.2019 07:55:00.000,6170.998,6171.998,6169.998,6170.997,0.0019
27.06.2019 07:56:00.000,6170.998,6170.998,6165.998,6167.998,0.002
27.06.2019 07:57:00.000,6167.998,6167.998,6163.997,6164.998,0.0016
27.06.2019 07:58:00.000,6164.997,6165.998,6163.997,6165.998,0.001
27.06.2019 07:59:00.000,6165.998,6167.998,6165.997,6167.998,0.0016
27.06.2019 08:00:00.000,6167.998,6167.998,6162.997,6165.998,0.0032
27.06.2019 08:01:00.000,6165.997,6168.998,6163.997,6168.998,0.0022
27.06.2019 08:02:00.000,6168.997,6168.998,6165.997,6167.998,0.002
27.06.2019 08:03:00.000,6167.998,6167.998,6163.997,6165.998,0.0032
27.06.2019 08:04:00.000,6166.998,6166.998,6165.997,6166.998,0.0008
27.06.2019 08:05:00.000,6167.998,6168.998,6166.997,6167.998,0.0049
27.06.2019 08:06:00.000,6167.998,6167.998,6161.997,6163.997,0.0047
27.06.2019 08:07:00.000,6163.998,6164.998,6162.998,6163.998,0.0019
27.06.2019 08:08:00.000,6163.997,6166.998,6163.997,6166.997,0.0059
27.06.2019 08:09:00.000,6166.998,6168.998,6166.997,6168.998,0.0023
27.06.2019 08:10:00.000,6169.997,6169.998,6165.997,6165.997,0.0028
27.06.2019 08:11:00.000,6165.998,6167.998,6163.997,6164.997,0.003
27.06.2019 08:12:00.000,6164.997,6165.998,6163.997,6164.998,0.0031
27.06.2019 08:13:00.000,6164.750,6164.750,6157.997,6158.998,0.0022
27.06.2019 08:14:00.000,6157.998,6162.998,6157.998,6160.998,0.0058
27.06.2019 08:15:00.000,6161.998,6161.998,6158.997,6160.997,0.0045
27.06.2019 08:16:00.000,6161.997,6161.997,6158.997,6159.997,0.0042
27.06.2019 08:17:00.000,6160.998,6162.998,6159.998,6160.998,0.0024
27.06.2019 08:18:00.000,6160.997,6160.998,6159.997,6160.998,0.0028
27.06.2019 08:19:00.000,6161.750,6161.750,6159.997,6160.997,0.0016
27.06.2019 08:20:00.000,6160.998,6160.998,6157.997,6157.998,0.003
27.06.2019 08:21:00.000,6157.997,6158.998,6156.998,6157.998,0.0023
27.06.2019 08:22:00.000,6158.997,6160.998,6157.997,6158.998,0.0071
27.06.2019 08:23:00.000,6159.998,6164.998,6157.998,6164.998,0.0061
27.06.2019 08:24:00.000,6164.998,6164.998,6160.997,6161.997,0.0016
27.06.2019 08:25:00.000,6160.998,6162.998,6157.997,6160.997,0.0087
27.06.2019 08:26:00.000,6160.998,6164.998,6160.998,6163.997,0.0069
27.06.2019 08:27:00.000,6163.998,6164.998,6161.997,6163.998,0.0025
27.06.2019 08:28:00.000,6164.997,6168.998,6163.997,6168.998,0.0062
27.06.2019 08:29:00.000,6168.998,6168.998,6164.997,6164.998,0.0061
27.06.2019 08:30:00.000,6164.998,6166.998,6164.998,6165.998,0.0027
27.06.2019 08:31:00.000,6165.997,6165.998,6163.997,6164.997,0.0021
27.06.2019 08:32:00.000,6164.998,6164.998,6160.997,6160.997,0.0018
27.06.2019 08:33:00.000,6160.998,6162.998,6158.997,6159.998,0.0041
27.06.2019 08:34:00.000,6160.998,6163.998,6160.998,6162.997,0.0054
27.06.2019 08:35:00.000,6162.998,6162.998,6160.998,6161.997,0.003
27.06.2019 08:36:00.000,6161.998,6166.998,6161.997,6166.998,0.0031
27.06.2019 08:37:00.000,6166.997,6168.998,6166.997,6166.998,0.0029
27.06.2019 08:38:00.000,6167.998,6168.998,6166.997,6168.997,0.0044
27.06.2019 08:39:00.000,6168.998,6169.998,6165.997,6168.998,0.0048
27.06.2019 08:40:00.000,6168.997,6168.998,6167.997,6167.998,0.0046
27.06.2019 08:41:00.000,6167.997,6167.997,6160.997,6163.998,0.0041
27.06.2019 08:42:00.000,6163.997,6163.997,6161.997,6162.997,0.0023
27.06.2019 08:43:00.000,6162.997,6162.998,6158.997,6158.998,0.0028
27.06.2019 08:44:00.000,6158.998,6159.997,6157.997,6158.998,0.003
27.06.2019 08:45:00.000,6159.998,6159.998,6155.998,6156.998,0.0028
27.06.2019 08:46:00.000,6155.998,6156.998,6153.997,6153.998,0.0014
27.06.2019 08:47:00.000,6153.997,6155.997,6153.997,6155.997,0.003
27.06.2019 08:48:00.000,6156.997,6156.998,6154.998,6156.997,0.0036
27.06.2019 08:49:00.000,6156.997,6156.998,6153.997,6153.997,0.0046
27.06.2019 08:50:00.000,6153.998,6157.998,6153.998,6157.998,0.0026
27.06.2019 08:51:00.000,6158.998,6160.997,6157.997,6160.997,0.0107
27.06.2019 08:52:00.000,6160.998,6160.998,6158.997,6159.998,0.0029
27.06.2019 08:53:00.000,6158.997,6161.998,6158.997,6161.997,0.0042
27.06.2019 08:54:00.000,6161.997,6163.998,6159.997,6163.998,0.0027
27.06.2019 08:55:00.000,6164.998,6165.997,6163.997,6164.998,0.0045
27.06.2019 08:56:00.000,6164.997,6164.997,6162.998,6163.998,0.0026
27.06.2019 08:57:00.000,6163.997,6164.998,6163.997,6164.997,0.0005
27.06.2019 08:58:00.000,6164.998,6164.998,6164.997,6164.998,0.0008
27.06.2019 08:59:00.000,6166.998,6168.998,6164.998,6165.998,0.0012
27.06.2019 09:00:00.000,6165.997,6165.998,6164.997,6164.997,0.0013
27.06.2019 09:01:00.000,6164.998,6164.998,6162.997,6163.997,0.0026
27.06.2019 09:02:00.000,6163.998,6167.998,6162.998,6166.998,0.005
27.06.2019 09:03:00.000,6167.997,6170.998,6167.997,6170.998,0.0036
27.06.2019 09:04:00.000,6170.997,6172.998,6170.997,6172.997,0.0024
27.06.2019 09:05:00.000,6171.998,6173.998,6169.998,6170.998,0.0044
27.06.2019 09:06:00.000,6170.997,6171.998,6168.997,6168.997,0.0038
27.06.2019 09:07:00.000,6168.998,6169.997,6167.997,6167.998,0.0017
27.06.2019 09:08:00.000,6168.997,6169.998,6168.997,6169.998,0.001
27.06.2019 09:09:00.000,6168.998,6168.998,6165.998,6166.998,0.0036
27.06.2019 09:10:00.000,6166.997,6167.997,6164.998,6165.998,0.0034
27.06.2019 09:11:00.000,6165.997,6167.998,6165.997,6165.997,0.0034
27.06.2019 09:12:00.000,6166.998,6166.998,6165.997,6166.998,0.001
27.06.2019 09:13:00.000,6165.997,6169.998,6165.997,6168.997,0.0036
27.06.2019 09:14:00.000,6169.998,6169.998,6163.998,6165.998,0.0036
27.06.2019 09:15:00.000,6166.998,6169.998,6165.998,6168.998,0.0024
27.06.2019 09:16:00.000,6168.997,6168.998,6166.997,6167.998,0.0013
27.06.2019 09:17:00.000,6167.998,6168.998,6167.997,6167.997,0.0016
27.06.2019 09:18:00.000,6167.997,6167.997,6162.998,6163.998,0.0018
27.06.2019 09:20:00.000,6164.997,6164.998,6160.997,6161.998,0.0038
27.06.2019 09:21:00.000,6162.997,6162.998,6162.997,6162.998,0.0003
27.06.2019 09:22:00.000,6163.997,6163.998,6162.997,6162.997,0.0011
27.06.2019 09:23:00.000,6162.997,6165.998,6162.997,6165.998,0.004
27.06.2019 09:24:00.000,6166.997,6166.998,6165.997,6165.998,0.0023
27.06.2019 09:25:00.000,6165.997,6165.998,6165.997,6165.998,0.0014
27.06.2019 09:26:00.000,6165.997,6166.998,6165.997,6166.998,0.0027
27.06.2019 09:27:00.000,6166.997,6166.998,6165.997,6166.997,0.003
27.06.2019 09:28:00.000,6166.998,6166.998,6165.997,6165.998,0.0015
27.06.2019 09:29:00.000,6165.997,6165.997,6163.998,6163.998,0.0006
27.06.2019 09:30:00.000,6164.998,6166.998,6163.998,6166.998,0.0056
27.06.2019 09:31:00.000,6167.997,6169.998,6167.997,6169.997,0.0013
27.06.2019 09:32:00.000,6169.997,6173.998,6168.997,6172.998,0.0061
27.06.2019 09:33:00.000,6172.998,6175.998,6172.997,6172.998,0.0104
27.06.2019 09:34:00.000,6173.998,6176.998,6173.997,6176.998,0.0025
27.06.2019 09:35:00.000,6176.997,6176.998,6175.998,6175.998,0.0018
27.06.2019 09:36:00.000,6175.998,6175.998,6175.998,6175.998,0.0002
27.06.2019 09:37:00.000,6175.997,6175.998,6173.997,6173.998,0.004
27.06.2019 09:38:00.000,6173.997,6175.998,6173.997,6173.998,0.0032
27.06.2019 09:39:00.000,6173.998,6173.998,6173.997,6173.998,0.0009
27.06.2019 09:40:00.000,6175.750,6175.998,6173.997,6173.998,0.0075
27.06.2019 09:41:00.000,6173.998,6173.998,6163.997,6164.997,0.0053
27.06.2019 09:42:00.000,6164.998,6165.997,6164.997,6164.998,0.0024
27.06.2019 09:43:00.000,6164.997,6166.998,6164.997,6164.998,0.0017
27.06.2019 09:44:00.000,6164.997,6165.998,6162.998,6162.998,0.0028
27.06.2019 09:45:00.000,6162.998,6162.998,6158.997,6158.998,0.0016
27.06.2019 09:46:00.000,6158.998,6158.998,6148.997,6148.997,0.0049
27.06.2019 09:47:00.000,6148.998,6155.998,6148.997,6153.997,0.0196
27.06.2019 09:48:00.000,6154.997,6155.997,6151.998,6152.997,0.0071
27.06.2019 09:49:00.000,6152.998,6154.998,6152.997,6154.998,0.0065
27.06.2019 09:50:00.000,6153.998,6153.998,6148.997,6148.997,0.0049
27.06.2019 09:51:00.000,6148.998,6150.997,6148.997,6150.997,0.0038
27.06.2019 09:52:00.000,6150.998,6150.998,6148.997,6149.998,0.004
27.06.2019 09:53:00.000,6148.998,6150.998,6146.998,6149.998,0.0065
27.06.2019 09:54:00.000,6149.997,6150.998,6146.998,6149.997,0.006
27.06.2019 09:55:00.000,6149.997,6152.998,6148.997,6149.997,0.0064
27.06.2019 09:56:00.000,6149.998,6153.998,6149.997,6152.998,0.0071
27.06.2019 09:57:00.000,6153.998,6155.998,6152.997,6153.998,0.0029
27.06.2019 09:58:00.000,6153.997,6153.997,6149.998,6151.998,0.0036
27.06.2019 09:59:00.000,6151.997,6151.998,6150.997,6150.997,0.0019
27.06.2019 10:00:00.000,6150.998,6150.998,6148.998,6149.998,0.0032
27.06.2019 10:01:00.000,6148.997,6150.998,6147.997,6148.998,0.0078
27.06.2019 10:02:00.000,6149.998,6151.998,6146.998,6149.997,0.0083
27.06.2019 10:03:00.000,6149.998,6149.998,6147.997,6149.997,0.0047
27.06.2019 10:04:00.000,6148.998,6149.998,6146.997,6147.997,0.0109
27.06.2019 10:05:00.000,6147.998,6152.998,6145.997,6152.997,0.0075
27.06.2019 10:06:00.000,6152.997,6160.997,6150.998,6159.998,0.006
27.06.2019 10:07:00.000,6159.998,6159.998,6154.997,6156.997,0.0053
27.06.2019 10:08:00.000,6156.998,6162.998,6156.998,6162.997,0.0026
27.06.2019 10:09:00.000,6162.998,6162.998,6158.998,6160.998,0.0018
27.06.2019 10:10:00.000,6160.998,6162.997,6160.997,6160.997,0.0012
27.06.2019 10:11:00.000,6160.998,6160.998,6156.997,6157.998,0.003
27.06.2019 10:12:00.000,6157.997,6158.998,6155.998,6156.998,0.0036
27.06.2019 10:13:00.000,6156.997,6157.998,6155.998,6156.998,0.0044
27.06.2019 10:14:00.000,6157.997,6157.998,6156.998,6157.998,0.003
27.06.2019 10:15:00.000,6155.998,6157.998,6154.997,6155.997,0.0064
27.06.2019 10:16:00.000,6155.997,6155.998,6152.998,6153.998,0.002
27.06.2019 10:17:00.000,6153.997,6157.998,6153.997,6155.998,0.0031
27.06.2019 10:18:00.000,6156.998,6156.998,6155.998,6155.998,0.0012
27.06.2019 10:19:00.000,6156.997,6158.998,6155.998,6157.998,0.0023
27.06.2019 10:20:00.000,6156.998,6156.998,6153.998,6153.998,0.0022
27.06.2019 10:21:00.000,6153.997,6153.998,6153.997,6153.998,0.0024
27.06.2019 10:22:00.000,6152.997,6152.998,6150.998,6151.998,0.0015
27.06.2019 10:23:00.000,6150.998,6150.998,6147.998,6147.998,0.0022
27.06.2019 10:24:00.000,6147.998,6151.998,6147.997,6150.998,0.0043
27.06.2019 10:25:00.000,6149.997,6150.997,6148.997,6148.997,0.0025
27.06.2019 10:26:00.000,6149.998,6150.998,6148.997,6149.997,0.0032
27.06.2019 10:27:00.000,6149.998,6151.998,6148.998,6150.997,0.002
27.06.2019 10:28:00.000,6149.998,6150.998,6149.997,6150.998,0.0005
27.06.2019 10:29:00.000,6150.997,6152.998,6150.997,6152.998,0.0029
27.06.2019 10:30:00.000,6152.997,6152.998,6150.997,6150.998,0.001
27.06.2019 10:31:00.000,6149.998,6150.998,6149.998,6150.998,0.0001
27.06.2019 10:32:00.000,6149.998,6150.997,6147.998,6148.998,0.0042
27.06.2019 10:33:00.000,6149.997,6151.998,6148.997,6150.998,0.0017
27.06.2019 10:34:00.000,6151.998,6152.998,6151.997,6151.998,0.0022
27.06.2019 10:35:00.000,6151.997,6151.998,6148.997,6148.997,0.0037
27.06.2019 10:36:00.000,6148.998,6150.997,6148.997,6149.998,0.0042
27.06.2019 10:37:00.000,6150.997,6152.998,6149.998,6150.997,0.0021
27.06.2019 10:38:00.000,6150.998,6150.998,6147.997,6150.998,0.0032
27.06.2019 10:39:00.000,6150.998,6154.997,6148.998,6148.998,0.0092
27.06.2019 10:40:00.000,6148.997,6153.998,6147.998,6152.997,0.0038
27.06.2019 10:41:00.000,6152.997,6153.998,6150.997,6151.997,0.0039
27.06.2019 10:42:00.000,6151.998,6151.998,6151.997,6151.997,0.0013
27.06.2019 10:43:00.000,6152.997,6154.998,6152.997,6154.998,0.0016
27.06.2019 10:44:00.000,6152.998,6153.998,6152.997,6153.997,0.0009
27.06.2019 10:45:00.000,6153.998,6155.998,6151.998,6154.998,0.0035
27.06.2019 10:46:00.000,6154.997,6154.997,6151.998,6152.998,0.0021
27.06.2019 10:47:00.000,6153.997,6155.998,6153.997,6155.997,0.0043
27.06.2019 10:48:00.000,6155.998,6157.998,6155.997,6157.998,0.0012
27.06.2019 10:49:00.000,6156.998,6158.997,6156.997,6157.998,0.0053
27.06.2019 10:50:00.000,6157.998,6160.998,6156.997,6159.998,0.0023
27.06.2019 10:51:00.000,6159.997,6164.998,6159.997,6164.997,0.0039
27.06.2019 10:52:00.000,6164.998,6166.998,6164.997,6164.997,0.0043
27.06.2019 10:53:00.000,6166.998,6169.998,6164.998,6166.998,0.0045
27.06.2019 10:54:00.000,6169.997,6169.998,6164.998,6164.998,0.0023
27.06.2019 10:55:00.000,6164.997,6166.997,6164.997,6166.997,0.0017
27.06.2019 10:56:00.000,6166.998,6166.998,6166.997,6166.997,0.0009
27.06.2019 10:57:00.000,6165.997,6165.997,6163.998,6163.998,0.0004
27.06.2019 10:58:00.000,6163.997,6165.998,6163.997,6163.997,0.0031
27.06.2019 10:59:00.000,6164.998,6165.998,6163.998,6164.998,0.0015
27.06.2019 11:00:00.000,6164.997,6169.998,6164.997,6169.998,0.0004
27.06.2019 11:02:00.000,6164.998,6171.997,6164.997,6168.998,0.0047
27.06.2019 11:03:00.000,6167.998,6169.998,6166.997,6169.997,0.0038
27.06.2019 11:04:00.000,6169.998,6175.998,6169.998,6175.998,0.0037
27.06.2019 11:05:00.000,6175.998,6179.997,6175.998,6175.998,0.0046
27.06.2019 11:06:00.000,6175.997,6177.998,6175.997,6177.998,0.0031
27.06.2019 11:07:00.000,6177.997,6178.998,6175.997,6178.997,0.0017
27.06.2019 11:08:00.000,6178.998,6180.998,6178.997,6180.998,0.0014
27.06.2019 11:09:00.000,6180.997,6180.997,6178.998,6179.998,0.0007
27.06.2019 11:10:00.000,6179.997,6182.998,6178.997,6178.997,0.0024
27.06.2019 11:11:00.000,6178.997,6178.998,6176.997,6176.998,0.0035
27.06.2019 11:12:00.000,6176.998,6179.998,6174.998,6175.998,0.0029
27.06.2019 11:13:00.000,6176.998,6176.998,6172.997,6173.998,0.0043
27.06.2019 11:14:00.000,6173.997,6173.998,6172.997,6173.997,0.004
27.06.2019 11:15:00.000,6173.998,6177.998,6173.997,6176.998,0.0018
27.06.2019 11:16:00.000,6176.997,6177.998,6176.997,6176.998,0.0059
27.06.2019 11:17:00.000,6176.997,6176.997,6176.997,6176.997,0.0004
27.06.2019 11:18:00.000,6176.998,6176.998,6174.997,6174.998,0.0022
27.06.2019 11:19:00.000,6174.997,6174.998,6172.998,6174.998,0.0015
27.06.2019 11:20:00.000,6174.750,6174.750,6171.997,6171.998,0.0011
27.06.2019 11:21:00.000,6172.997,6173.998,6167.997,6167.998,0.0023
27.06.2019 11:22:00.000,6167.997,6170.997,6167.997,6169.997,0.0039
27.06.2019 11:23:00.000,6169.998,6170.998,6169.997,6169.998,0.0006
27.06.2019 11:24:00.000,6169.998,6171.998,6167.997,6171.998,0.0036
27.06.2019 11:25:00.000,6169.998,6170.998,6167.998,6169.997,0.002
27.06.2019 11:26:00.000,6169.998,6169.998,6166.997,6166.997,0.0024
27.06.2019 11:27:00.000,6166.998,6167.998,6166.997,6167.997,0.0017
27.06.2019 11:28:00.000,6167.998,6169.998,6167.998,6169.998,0.0018
27.06.2019 11:29:00.000,6169.997,6169.997,6164.998,6165.998,0.0029
27.06.2019 11:30:00.000,6166.997,6167.998,6165.998,6167.998,0.0016
27.06.2019 11:31:00.000,6167.997,6168.998,6167.997,6168.998,0.0011
27.06.2019 11:32:00.000,6167.998,6169.998,6166.997,6167.997,0.0047
27.06.2019 11:33:00.000,6167.998,6167.998,6167.997,6167.998,0.0006
27.06.2019 11:34:00.000,6167.997,6169.998,6166.997,6169.998,0.0091
27.06.2019 11:35:00.000,6168.997,6171.998,6168.997,6171.997,0.0072
27.06.2019 11:36:00.000,6171.998,6172.998,6169.998,6171.998,0.0056
27.06.2019 11:37:00.000,6171.997,6171.998,6170.997,6171.998,0.003
27.06.2019 11:38:00.000,6171.998,6172.998,6171.997,6172.997,0.0012
27.06.2019 11:39:00.000,6172.998,6173.998,6172.997,6172.997,0.0041
27.06.2019 11:40:00.000,6172.997,6172.998,6170.997,6172.998,0.0067
27.06.2019 11:41:00.000,6171.998,6175.998,6171.997,6175.998,0.006
27.06.2019 11:42:00.000,6174.998,6176.998,6173.998,6176.997,0.002
27.06.2019 11:43:00.000,6176.998,6177.998,6176.997,6176.997,0.0013
27.06.2019 11:44:00.000,6176.998,6177.998,6174.998,6176.998,0.0024
27.06.2019 11:45:00.000,6176.998,6176.998,6173.998,6174.997,0.0023
27.06.2019 11:46:00.000,6174.998,6174.998,6174.997,6174.997,0.0018
27.06.2019 11:47:00.000,6174.998,6174.998,6170.998,6171.997,0.0041
27.06.2019 11:48:00.000,6172.997,6174.997,6171.998,6172.997,0.0038
27.06.2019 11:49:00.000,6172.998,6177.998,6172.998,6177.998,0.0051
27.06.2019 11:50:00.000,6176.998,6176.998,6173.997,6173.997,0.007
27.06.2019 11:51:00.000,6174.997,6176.998,6174.997,6175.997,0.0105
27.06.2019 11:52:00.000,6175.998,6175.998,6172.997,6173.998,0.0019
27.06.2019 11:53:00.000,6173.997,6174.998,6171.998,6174.998,0.0018
27.06.2019 11:54:00.000,6174.997,6174.998,6173.997,6173.998,0.0015
27.06.2019 11:55:00.000,6174.998,6174.998,6174.997,6174.998,0.0005
27.06.2019 11:56:00.000,6174.997,6174.998,6174.997,6174.998,0.0004
27.06.2019 11:57:00.000,6174.997,6181.998,6174.997,6180.998,0.0095
27.06.2019 11:58:00.000,6180.998,6181.998,6179.997,6180.997,0.0026
27.06.2019 11:59:00.000,6180.998,6180.998,6179.997,6179.998,0.0021
27.06.2019 12:00:00.000,6180.998,6180.998,6180.997,6180.998,0.0014
27.06.2019 12:01:00.000,6180.997,6180.998,6180.997,6180.998,0.0014
27.06.2019 12:02:00.000,6180.997,6180.998,6179.997,6179.997,0.0029
27.06.2019 12:03:00.000,6179.998,6179.998,6177.997,6177.998,0.0029
27.06.2019 12:04:00.000,6178.998,6178.998,6177.997,6178.998,0.0034
27.06.2019 12:05:00.000,6178.998,6180.998,6177.998,6180.998,0.0027
27.06.2019 12:06:00.000,6180.998,6180.998,6179.997,6180.998,0.0055
27.06.2019 12:07:00.000,6178.998,6183.998,6178.998,6183.997,0.0064
27.06.2019 12:08:00.000,6183.998,6183.998,6181.998,6182.997,0.0017
27.06.2019 12:09:00.000,6182.998,6184.998,6182.998,6184.998,0.0034
27.06.2019 12:10:00.000,6184.997,6187.998,6184.997,6187.998,0.0069
27.06.2019 12:11:00.000,6186.998,6187.998,6183.997,6184.998,0.0038
27.06.2019 12:12:00.000,6184.997,6188.998,6182.997,6188.998,0.0117
27.06.2019 12:13:00.000,6188.998,6190.998,6188.998,6189.998,0.0013
27.06.2019 12:14:00.000,6189.997,6190.998,6188.997,6188.998,0.0043
27.06.2019 12:15:00.000,6187.998,6188.998,6187.997,6187.997,0.0016
27.06.2019 12:16:00.000,6187.998,6188.998,6187.997,6188.997,0.0021
27.06.2019 12:17:00.000,6188.998,6188.998,6188.997,6188.998,0.0009
27.06.2019 12:18:00.000,6188.997,6188.998,6188.997,6188.997,0.0021
27.06.2019 12:19:00.000,6189.997,6189.998,6189.997,6189.997,0.0054
27.06.2019 12:20:00.000,6189.998,6189.998,6188.997,6189.998,0.0072
27.06.2019 12:21:00.000,6190.997,6190.998,6189.998,6190.998,0.002
27.06.2019 12:22:00.000,6188.997,6190.998,6188.997,6190.997,0.0065
27.06.2019 12:23:00.000,6190.998,6190.998,6190.997,6190.998,0.0007
27.06.2019 12:24:00.000,6188.998,6191.998,6188.997,6190.998,0.0055
27.06.2019 12:25:00.000,6189.998,6189.998,6189.997,6189.997,0.0005
27.06.2019 12:26:00.000,6188.998,6188.998,6188.997,6188.998,0.0018
27.06.2019 12:27:00.000,6188.997,6189.998,6188.997,6188.998,0.005
27.06.2019 12:28:00.000,6188.997,6188.998,6188.997,6188.998,0.0033
27.06.2019 12:29:00.000,6187.998,6188.998,6187.997,6187.998,0.0044
27.06.2019 12:30:00.000,6187.997,6189.998,6187.997,6189.998,0.0046
27.06.2019 12:31:00.000,6189.998,6189.998,6189.997,6189.998,0.0028
27.06.2019 12:32:00.000,6189.997,6189.998,6188.997,6189.998,0.0055
27.06.2019 12:33:00.000,6189.997,6189.998,6188.997,6189.998,0.003
27.06.2019 12:34:00.000,6189.997,6189.998,6188.997,6188.998,0.0009
27.06.2019 12:35:00.000,6189.997,6191.998,6189.997,6191.998,0.0091
27.06.2019 12:36:00.000,6190.997,6191.997,6190.997,6191.997,0.0009
27.06.2019 12:37:00.000,6191.998,6191.998,6191.997,6191.998,0.0023
27.06.2019 12:38:00.000,6191.997,6191.998,6191.997,6191.997,0.0087
27.06.2019 12:39:00.000,6191.998,6199.998,6191.998,6199.998,0.0078
27.06.2019 12:40:00.000,6199.998,6199.998,6198.997,6198.998,0.0044
27.06.2019 12:41:00.000,6196.997,6196.998,6194.997,6194.998,0.0017
27.06.2019 12:42:00.000,6194.997,6196.998,6194.997,6196.998,0.0059
27.06.2019 12:43:00.000,6196.997,6196.998,6196.997,6196.998,0.0016
27.06.2019 12:44:00.000,6196.997,6196.998,6191.997,6191.997,0.0045
27.06.2019 12:45:00.000,6191.998,6193.998,6191.998,6192.998,0.0039
27.06.2019 12:46:00.000,6191.997,6191.998,6191.997,6191.998,0.0019
27.06.2019 12:47:00.000,6191.997,6191.998,6188.998,6189.997,0.0033
27.06.2019 12:48:00.000,6189.998,6189.998,6189.997,6189.997,0.0041
27.06.2019 12:49:00.000,6190.998,6191.998,6190.997,6191.998,0.0053
27.06.2019 12:50:00.000,6191.998,6191.998,6188.997,6188.998,0.0016
27.06.2019 12:51:00.000,6188.997,6189.998,6188.997,6189.998,0.0018
27.06.2019 12:52:00.000,6189.997,6189.998,6188.997,6188.998,0.0043
27.06.2019 12:53:00.000,6188.997,6188.998,6186.997,6187.997,0.0019
27.06.2019 12:54:00.000,6187.998,6187.998,6187.997,6187.998,0.0014
27.06.2019 12:55:00.000,6187.997,6188.998,6187.997,6188.998,0.0027
27.06.2019 12:56:00.000,6189.997,6190.998,6189.997,6190.998,0.0015
27.06.2019 12:57:00.000,6190.997,6190.998,6190.997,6190.998,0.0033
27.06.2019 12:58:00.000,6190.997,6190.998,6190.997,6190.998,0.0043
27.06.2019 12:59:00.000,6190.997,6190.998,6190.997,6190.997,0.003
27.06.2019 13:00:00.000,6190.998,6190.998,6189.997,6189.998,0.0085
27.06.2019 13:01:00.000,6189.997,6192.998,6189.997,6189.997,0.0065
27.06.2019 13:02:00.000,6190.997,6190.998,6189.997,6190.997,0.0026
27.06.2019 13:03:00.000,6190.998,6190.998,6188.998,6188.998,0.001
27.06.2019 13:05:00.000,6187.997,6188.998,6187.997,6188.998,0.0016
27.06.2019 13:06:00.000,6188.997,6188.998,6188.997,6188.998,0.0002
27.06.2019 13:07:00.000,6188.997,6190.998,6187.997,6190.997,0.0049
27.06.2019 13:08:00.000,6190.998,6192.998,6190.998,6191.998,0.0023
27.06.2019 13:09:00.000,6191.997,6191.998,6190.997,6190.998,0.001
27.06.2019 13:10:00.000,6189.998,6191.998,6189.998,6191.997,0.0018
27.06.2019 13:11:00.000,6191.998,6191.998,6189.997,6190.998,0.001
27.06.2019 13:12:00.000,6190.997,6190.997,6187.997,6188.998,0.0074
27.06.2019 13:13:00.000,6188.997,6189.998,6188.997,6189.998,0.0008
27.06.2019 13:14:00.000,6188.998,6188.998,6188.997,6188.998,0.0068
27.06.2019 13:15:00.000,6188.998,6189.998,6187.997,6187.997,0.0095
27.06.2019 13:16:00.000,6187.998,6189.998,6187.997,6189.997,0.0045
27.06.2019 13:17:00.000,6189.998,6189.998,6189.997,6189.998,0.0012
27.06.2019 13:18:00.000,6189.997,6191.998,6189.997,6190.998,0.0096
27.06.2019 13:19:00.000,6190.997,6190.998,6190.997,6190.997,0.0009
27.06.2019 13:20:00.000,6190.998,6190.998,6188.997,6189.997,0.0022
27.06.2019 13:21:00.000,6189.998,6190.998,6189.997,6190.998,0.0036
27.06.2019 13:22:00.000,6189.997,6189.998,6189.997,6189.998,0.0026
27.06.2019 13:23:00.000,6189.997,6190.998,6189.997,6190.998,0.0022
27.06.2019 13:24:00.000,6190.997,6190.998,6188.997,6189.997,0.0022
27.06.2019 13:25:00.000,6189.998,6189.998,6189.997,6189.997,0.0003
27.06.2019 13:26:00.000,6189.998,6190.998,6189.997,6190.997,0.0039
27.06.2019 13:27:00.000,6190.998,6194.998,6190.998,6194.998,0.0049
27.06.2019 13:28:00.000,6194.750,6194.750,6191.997,6191.997,0.0032
27.06.2019 13:29:00.000,6191.998,6191.998,6189.998,6190.997,0.0023
27.06.2019 13:30:00.000,6191.997,6193.998,6190.997,6191.997,0.0085
27.06.2019 13:31:00.000,6191.998,6194.998,6191.997,6193.998,0.0112
27.06.2019 13:32:00.000,6193.997,6194.998,6191.997,6194.997,0.011
27.06.2019 13:33:00.000,6194.998,6196.998,6193.997,6196.998,0.012
27.06.2019 13:34:00.000,6196.997,6198.998,6196.997,6198.998,0.0105
27.06.2019 13:35:00.000,6197.998,6197.998,6195.997,6196.998,0.0112
27.06.2019 13:36:00.000,6196.997,6196.998,6194.997,6194.998,0.002
27.06.2019 13:37:00.000,6194.997,6195.998,6194.997,6194.998,0.0044
27.06.2019 13:38:00.000,6195.998,6195.998,6194.997,6195.998,0.0014
27.06.2019 13:39:00.000,6195.997,6195.998,6193.997,6193.997,0.0075
27.06.2019 13:40:00.000,6193.998,6196.998,6193.997,6194.997,0.0118
27.06.2019 13:41:00.000,6194.998,6196.998,6194.997,6196.998,0.0032
27.06.2019 13:42:00.000,6196.997,6196.998,6195.997,6195.998,0.007
27.06.2019 13:43:00.000,6195.998,6197.998,6195.997,6197.998,0.0048
27.06.2019 13:44:00.000,6197.997,6199.998,6197.997,6198.997,0.0097
27.06.2019 13:45:00.000,6198.998,6199.998,6197.997,6199.998,0.0027
27.06.2019 13:46:00.000,6199.997,6199.998,6198.997,6198.998,0.0058
27.06.2019 13:47:00.000,6198.998,6198.998,6196.998,6197.998,0.0044
27.06.2019 13:48:00.000,6197.998,6197.998,6196.997,6197.998,0.0011
27.06.2019 13:49:00.000,6198.998,6199.998,6196.998,6197.998,0.0073
27.06.2019 13:50:00.000,6197.997,6197.998,6195.997,6196.998,0.0019
27.06.2019 13:51:00.000,6196.997,6197.998,6195.997,6195.997,0.0039
27.06.2019 13:52:00.000,6195.998,6195.998,6194.997,6195.998,0.0024
27.06.2019 13:53:00.000,6195.997,6195.998,6192.997,6193.997,0.0048
27.06.2019 13:54:00.000,6193.998,6193.998,6192.997,6193.998,0.0055
27.06.2019 13:55:00.000,6194.997,6195.998,6193.997,6194.998,0.0069
27.06.2019 13:56:00.000,6194.997,6194.998,6192.998,6192.998,0.0008
27.06.2019 13:57:00.000,6193.998,6193.998,6191.997,6191.998,0.0047
27.06.2019 13:58:00.000,6190.998,6191.998,6190.997,6191.997,0.0046
27.06.2019 13:59:00.000,6191.998,6191.998,6186.997,6187.998,0.0056
27.06.2019 14:00:00.000,6188.998,6189.998,6187.997,6187.997,0.0059
27.06.2019 14:01:00.000,6187.998,6188.998,6187.997,6188.998,0.0037
27.06.2019 14:02:00.000,6188.997,6190.998,6188.997,6188.998,0.0141
27.06.2019 14:03:00.000,6188.997,6191.998,6188.997,6190.997,0.0045
27.06.2019 14:04:00.000,6189.998,6191.998,6189.997,6191.998,0.011
27.06.2019 14:05:00.000,6190.998,6191.998,6190.997,6190.997,0.0119
27.06.2019 14:06:00.000,6190.998,6191.998,6189.997,6190.998,0.0041
27.06.2019 14:07:00.000,6190.997,6190.998,6188.997,6190.998,0.0055
27.06.2019 14:08:00.000,6190.998,6190.998,6189.997,6189.998,0.0028
27.06.2019 14:09:00.000,6189.997,6189.998,6187.997,6188.998,0.0042
27.06.2019 14:10:00.000,6188.997,6190.998,6188.997,6188.997,0.0111
27.06.2019 14:11:00.000,6188.998,6188.998,6188.997,6188.997,0.005
27.06.2019 14:12:00.000,6188.998,6188.998,6187.997,6187.997,0.006
27.06.2019 14:13:00.000,6187.998,6188.998,6187.997,6187.998,0.0052
27.06.2019 14:14:00.000,6187.997,6188.998,6186.997,6188.998,0.0029
27.06.2019 14:15:00.000,6188.997,6188.998,6187.997,6188.998,0.008
27.06.2019 14:16:00.000,6188.997,6188.998,6185.997,6187.998,0.0099
27.06.2019 14:17:00.000,6188.998,6188.998,6187.997,6188.997,0.0081
27.06.2019 14:18:00.000,6188.998,6190.998,6188.997,6190.997,0.0037
27.06.2019 14:19:00.000,6190.998,6191.998,6190.997,6191.997,0.0038
27.06.2019 14:20:00.000,6191.998,6193.998,6191.997,6193.998,0.0053
27.06.2019 14:21:00.000,6194.997,6196.998,6194.997,6196.998,0.006
27.06.2019 14:22:00.000,6196.997,6196.998,6194.997,6194.998,0.0105
27.06.2019 14:23:00.000,6194.997,6195.998,6194.997,6195.998,0.0033
27.06.2019 14:24:00.000,6195.997,6196.998,6195.997,6196.998,0.0099
27.06.2019 14:25:00.000,6196.997,6199.998,6196.997,6198.997,0.016
27.06.2019 14:26:00.000,6198.998,6198.998,6197.997,6197.998,0.0074
27.06.2019 14:27:00.000,6197.997,6197.998,6197.997,6197.997,0.0047
27.06.2019 14:28:00.000,6197.998,6201.998,6197.998,6199.997,0.0147
27.06.2019 14:29:00.000,6199.998,6199.998,6195.998,6195.998,0.0082
27.06.2019 14:30:00.000,6196.998,6196.998,6193.998,6195.998,0.0055
27.06.2019 14:31:00.000,6195.997,6195.998,6193.997,6193.997,0.0045
27.06.2019 14:32:00.000,6192.998,6193.998,6192.997,6193.997,0.0022
27.06.2019 14:33:00.000,6193.998,6194.998,6191.997,6194.998,0.0088
27.06.2019 14:34:00.000,6194.998,6194.998,6192.997,6192.997,0.0082
27.06.2019 14:35:00.000,6192.998,6193.998,6192.997,6193.998,0.0065
27.06.2019 14:36:00.000,6193.997,6194.998,6193.997,6194.998,0.0106
27.06.2019 14:37:00.000,6194.997,6194.997,6191.998,6193.998,0.0078
27.06.2019 14:38:00.000,6193.997,6195.998,6193.997,6194.998,0.0183
27.06.2019 14:39:00.000,6195.998,6196.998,6195.997,6196.998,0.0156
27.06.2019 14:40:00.000,6196.997,6196.998,6196.997,6196.997,0.0025
27.06.2019 14:41:00.000,6196.998,6196.998,6195.997,6195.997,0.0075
27.06.2019 14:42:00.000,6195.998,6196.998,6195.997,6196.997,0.0097
27.06.2019 14:43:00.000,6196.998,6197.998,6196.997,6197.998,0.0055
27.06.2019 14:44:00.000,6197.997,6197.997,6194.997,6195.998,0.0064
27.06.2019 14:45:00.000,6195.997,6196.998,6195.997,6196.997,0.0025
27.06.2019 14:46:00.000,6195.997,6197.998,6195.997,6197.998,0.0147
27.06.2019 14:47:00.000,6197.997,6197.998,6195.997,6195.997,0.0132
27.06.2019 14:48:00.000,6195.998,6196.998,6195.997,6195.998,0.0108
27.06.2019 14:49:00.000,6195.998,6197.998,6195.998,6197.998,0.0048
27.06.2019 14:50:00.000,6197.997,6199.998,6197.997,6199.998,0.011
27.06.2019 14:51:00.000,6198.998,6199.998,6198.997,6199.998,0.0111
27.06.2019 14:52:00.000,6199.997,6200.998,6199.997,6199.997,0.0146
27.06.2019 14:53:00.000,6199.998,6201.998,6198.998,6198.998,0.0096
27.06.2019 14:54:00.000,6197.998,6198.998,6197.997,6197.997,0.0083
27.06.2019 14:55:00.000,6197.998,6197.998,6195.998,6197.998,0.003
27.06.2019 14:56:00.000,6197.998,6199.998,6196.997,6199.998,0.0122
27.06.2019 14:57:00.000,6199.997,6199.997,6196.998,6197.998,0.0182
27.06.2019 14:58:00.000,6198.997,6201.998,6198.997,6200.998,0.0098
27.06.2019 14:59:00.000,6200.997,6201.998,6200.997,6200.998,0.0055
27.06.2019 15:00:00.000,6200.997,6200.997,6197.997,6197.998,0.0074
27.06.2019 15:01:00.000,6198.998,6200.998,6198.997,6200.998,0.0059
27.06.2019 15:02:00.000,6199.998,6200.998,6199.997,6200.998,0.0043
27.06.2019 15:03:00.000,6200.998,6204.998,6200.998,6204.998,0.0077
27.06.2019 15:04:00.000,6204.997,6204.997,6200.997,6200.998,0.0064
27.06.2019 15:05:00.000,6200.997,6200.997,6198.997,6198.997,0.0104
27.06.2019 15:06:00.000,6198.998,6198.998,6198.998,6198.998,0.0007
27.06.2019 15:07:00.000,6198.997,6199.998,6198.997,6199.998,0.0125
27.06.2019 15:08:00.000,6199.998,6199.998,6199.997,6199.998,0.0083
27.06.2019 15:09:00.000,6199.997,6200.998,6199.997,6199.998,0.0183
27.06.2019 15:10:00.000,6199.997,6199.998,6197.997,6199.997,0.0049
27.06.2019 15:11:00.000,6199.998,6199.998,6199.997,6199.998,0.0056
27.06.2019 15:12:00.000,6198.998,6201.998,6198.997,6200.998,0.013
27.06.2019 15:13:00.000,6200.997,6200.998,6197.997,6197.998,0.0055
27.06.2019 15:14:00.000,6198.998,6199.998,6197.997,6199.998,0.0027
27.06.2019 15:15:00.000,6198.997,6200.998,6198.997,6200.998,0.0056
27.06.2019 15:16:00.000,6200.997,6201.998,6199.997,6200.997,0.0078
27.06.2019 15:17:00.000,6201.998,6201.998,6199.997,6199.998,0.0101
27.06.2019 15:18:00.000,6199.997,6201.998,6198.997,6198.998,0.0122
27.06.2019 15:19:00.000,6197.997,6201.998,6197.997,6201.997,0.0148
27.06.2019 15:20:00.000,6201.998,6204.998,6201.997,6203.997,0.0099
27.06.2019 15:21:00.000,6203.998,6203.998,6201.997,6201.998,0.0085
27.06.2019 15:22:00.000,6201.997,6202.998,6198.997,6200.998,0.0122
27.06.2019 15:23:00.000,6200.998,6203.998,6199.998,6202.998,0.0132
27.06.2019 15:24:00.000,6202.998,6204.998,6202.997,6204.997,0.0156
27.06.2019 15:25:00.000,6204.998,6208.998,6204.997,6206.997,0.0194
27.06.2019 15:26:00.000,6206.998,6206.998,6204.997,6205.998,0.0136
27.06.2019 15:27:00.000,6205.997,6206.998,6204.997,6206.998,0.0138
27.06.2019 15:28:00.000,6206.998,6206.998,6205.997,6205.998,0.0099
27.06.2019 15:29:00.000,6204.998,6206.998,6203.998,6204.998,0.0211
28.06.2019 07:02:00.000,6209.997,6218.998,6206.997,6206.997,0.0009
28.06.2019 07:04:00.000,6206.997,6206.997,6206.997,6206.997,0.0001
28.06.2019 07:05:00.000,6206.998,6206.998,6200.997,6200.998,0.0011
28.06.2019 07:06:00.000,6200.998,6202.998,6193.997,6201.998,0.0022
28.06.2019 07:07:00.000,6202.998,6204.998,6202.997,6204.998,0.0002
28.06.2019 07:08:00.000,6205.998,6228.998,6205.998,6228.998,0.003
28.06.2019 07:09:00.000,6229.998,6236.997,6229.997,6229.997,0.0025
28.06.2019 07:10:00.000,6229.998,6233.997,6229.997,6229.997,0.0009
28.06.2019 07:11:00.000,6228.998,6232.998,6228.998,6232.998,0.0004
28.06.2019 07:12:00.000,6232.997,6232.998,6228.998,6232.998,0.0005
28.06.2019 07:13:00.000,6233.998,6235.998,6232.998,6233.998,0.0004
28.06.2019 07:14:00.000,6233.998,6234.997,6230.998,6231.998,0.0005
28.06.2019 07:15:00.000,6231.997,6231.997,6223.997,6224.997,0.0014
28.06.2019 07:16:00.000,6224.997,6224.997,6218.998,6221.998,0.001
28.06.2019 07:17:00.000,6223.997,6228.998,6223.997,6227.998,0.0012
28.06.2019 07:18:00.000,6229.998,6232.997,6228.997,6232.997,0.0011
28.06.2019 07:19:00.000,6232.997,6232.997,6229.997,6230.997,0.0003
28.06.2019 07:20:00.000,6230.998,6230.998,6226.998,6226.998,0.0014
28.06.2019 07:21:00.000,6226.997,6226.997,6217.998,6222.998,0.0047
28.06.2019 07:22:00.000,6222.997,6226.998,6222.997,6225.998,0.0024
28.06.2019 07:23:00.000,6225.997,6228.998,6224.998,6225.998,0.0023
28.06.2019 07:24:00.000,6225.997,6228.998,6225.997,6228.998,0.0018
28.06.2019 07:25:00.000,6230.998,6230.998,6226.998,6227.998,0.0024
28.06.2019 07:26:00.000,6227.998,6227.998,6224.998,6224.998,0.0015
28.06.2019 07:27:00.000,6224.997,6224.997,6221.998,6222.998,0.0043
28.06.2019 07:28:00.000,6222.997,6222.997,6219.997,6220.998,0.0018
28.06.2019 07:29:00.000,6220.997,6220.997,6212.997,6212.998,0.0028
28.06.2019 07:30:00.000,6211.997,6218.998,6211.997,6215.998,0.0054
28.06.2019 07:31:00.000,6215.998,6215.998,6212.998,6212.998,0.0017
28.06.2019 07:32:00.000,6211.997,6216.998,6211.997,6212.998,0.0026
28.06.2019 07:33:00.000,6212.998,6214.500,6210.998,6210.998,0.002
28.06.2019 07:34:00.000,6210.998,6211.998,6210.997,6210.998,0.0025
28.06.2019 07:35:00.000,6210.997,6213.998,6210.997,6210.998,0.0024
28.06.2019 07:36:00.000,6210.998,6211.997,6208.997,6209.998,0.002
28.06.2019 07:37:00.000,6208.998,6210.998,6208.998,6210.997,0.0014
28.06.2019 07:38:00.000,6210.998,6210.998,6207.998,6208.998,0.001
28.06.2019 07:39:00.000,6210.750,6214.998,6209.997,6209.998,0.0027
28.06.2019 07:40:00.000,6210.998,6212.998,6209.997,6212.998,0.0007
28.06.2019 07:41:00.000,6212.998,6218.998,6210.997,6218.998,0.0009
28.06.2019 07:42:00.000,6220.998,6220.998,6216.998,6216.998,0.001
28.06.2019 07:43:00.000,6217.998,6218.998,6217.997,6218.997,0.0008
28.06.2019 07:44:00.000,6218.997,6218.997,6216.997,6216.998,0.0007
28.06.2019 07:45:00.000,6215.998,6216.998,6215.997,6215.998,0.0008
28.06.2019 07:46:00.000,6216.997,6217.998,6216.997,6217.997,0.0005
28.06.2019 07:47:00.000,6218.998,6218.998,6214.998,6214.998,0.0008
28.06.2019 07:48:00.000,6215.998,6222.998,6214.997,6222.998,0.0035
28.06.2019 07:49:00.000,6220.998,6222.998,6219.997,6222.998,0.002
28.06.2019 07:50:00.000,6222.998,6222.998,6217.997,6217.997,0.002
28.06.2019 07:51:00.000,6218.997,6219.997,6217.998,6219.997,0.0015
28.06.2019 07:52:00.000,6219.998,6220.998,6219.998,6220.998,0.0009
28.06.2019 07:53:00.000,6221.998,6221.998,6220.997,6220.998,0.0029
28.06.2019 07:54:00.000,6221.998,6221.998,6218.998,6218.998,0.0007
28.06.2019 07:55:00.000,6219.998,6221.998,6219.998,6220.998,0.0014
28.06.2019 07:56:00.000,6220.998,6221.998,6219.998,6219.998,0.0006
28.06.2019 07:57:00.000,6219.997,6225.998,6218.997,6225.997,0.0014
28.06.2019 07:58:00.000,6225.998,6226.998,6225.997,6225.998,0.0009
28.06.2019 07:59:00.000,6226.998,6226.998,6226.997,6226.998,0.0003
28.06.2019 08:00:00.000,6227.998,6227.998,6224.998,6224.998,0.0029
28.06.2019 08:01:00.000,6224.998,6227.998,6222.997,6224.997,0.0031
28.06.2019 08:02:00.000,6224.998,6226.998,6224.997,6225.998,0.0018
28.06.2019 08:03:00.000,6224.997,6227.998,6224.997,6226.998,0.0011
28.06.2019 08:04:00.000,6226.997,6227.998,6225.998,6226.998,0.0015
28.06.2019 08:05:00.000,6226.997,6227.998,6223.998,6225.998,0.0025
28.06.2019 08:06:00.000,6225.998,6226.998,6224.997,6226.998,0.0021
28.06.2019 08:07:00.000,6226.998,6226.998,6224.997,6224.998,0.0016
28.06.2019 08:08:00.000,6225.997,6227.998,6225.997,6225.998,0.0027
28.06.2019 08:09:00.000,6225.998,6225.998,6223.997,6224.998,0.0022
28.06.2019 08:10:00.000,6225.998,6225.998,6223.998,6223.998,0.0007
28.06.2019 08:11:00.000,6224.997,6224.998,6223.997,6223.997,0.0009
28.06.2019 08:12:00.000,6223.997,6223.998,6220.998,6223.998,0.0038
28.06.2019 08:13:00.000,6222.998,6225.998,6222.998,6224.998,0.0039
28.06.2019 08:14:00.000,6224.998,6224.998,6221.997,6221.998,0.0007
28.06.2019 08:15:00.000,6222.998,6224.997,6222.998,6223.998,0.0027
28.06.2019 08:16:00.000,6223.997,6223.998,6221.997,6221.998,0.002
28.06.2019 08:17:00.000,6222.997,6224.998,6222.997,6223.998,0.0013
28.06.2019 08:18:00.000,6223.997,6223.998,6222.997,6223.998,0.0015
28.06.2019 08:19:00.000,6223.997,6223.998,6223.997,6223.997,0.0007
28.06.2019 08:20:00.000,6223.998,6223.998,6223.997,6223.997,0.0022
28.06.2019 08:21:00.000,6223.998,6223.998,6223.998,6223.998,0.0005
28.06.2019 08:22:00.000,6223.997,6226.997,6223.997,6224.997,0.0028
28.06.2019 08:23:00.000,6224.998,6226.998,6224.998,6225.998,0.0013
28.06.2019 08:24:00.000,6226.997,6226.997,6225.997,6225.998,0.0006
28.06.2019 08:25:00.000,6225.998,6225.998,6223.997,6223.998,0.0014
28.06.2019 08:26:00.000,6223.998,6226.998,6223.997,6223.998,0.0017
28.06.2019 08:27:00.000,6224.997,6224.998,6223.998,6224.998,0.0005
28.06.2019 08:28:00.000,6224.997,6224.998,6223.998,6224.998,0.0005
28.06.2019 08:29:00.000,6224.997,6224.997,6223.997,6223.998,0.0021
28.06.2019 08:30:00.000,6223.997,6225.998,6222.997,6222.997,0.0024
28.06.2019 08:31:00.000,6223.998,6223.998,6221.997,6221.998,0.0012
28.06.2019 08:32:00.000,6221.998,6221.998,6219.997,6219.998,0.0019
28.06.2019 08:33:00.000,6219.997,6220.998,6219.997,6220.998,0.0026
28.06.2019 08:34:00.000,6220.998,6221.997,6219.997,6220.998,0.0009
28.06.2019 08:35:00.000,6220.998,6220.998,6219.997,6219.998,0.0007
28.06.2019 08:36:00.000,6219.997,6219.998,6217.997,6217.997,0.0022
28.06.2019 08:37:00.000,6217.998,6217.998,6213.997,6214.997,0.0035
28.06.2019 08:38:00.000,6214.998,6214.998,6213.997,6214.998,0.0023
28.06.2019 08:39:00.000,6214.998,6214.998,6212.997,6213.997,0.002
28.06.2019 08:40:00.000,6212.997,6214.997,6212.997,6212.998,0.002
28.06.2019 08:41:00.000,6212.998,6214.998,6212.997,6212.998,0.0014
28.06.2019 08:42:00.000,6212.997,6213.998,6212.997,6212.998,0.0014
28.06.2019 08:43:00.000,6213.997,6213.998,6207.998,6207.998,0.0017
28.06.2019 08:44:00.000,6207.997,6208.998,6207.997,6208.998,0.0002
28.06.2019 08:45:00.000,6208.997,6208.997,6204.998,6207.998,0.0029
28.06.2019 08:46:00.000,6207.997,6207.997,6203.998,6204.998,0.0026
28.06.2019 08:47:00.000,6205.997,6208.998,6205.997,6207.998,0.0017
28.06.2019 08:48:00.000,6208.997,6208.997,6205.998,6207.998,0.0034
28.06.2019 08:49:00.000,6207.998,6207.998,6206.997,6206.998,0.0018
28.06.2019 08:50:00.000,6205.998,6206.998,6205.998,6206.998,0.0003
28.06.2019 08:51:00.000,6206.997,6212.998,6206.997,6212.998,0.0021
28.06.2019 08:52:00.000,6213.997,6217.998,6211.997,6217.997,0.0037
28.06.2019 08:53:00.000,6218.998,6221.998,6218.998,6219.997,0.002
28.06.2019 08:54:00.000,6219.997,6219.998,6219.997,6219.997,0.0002
28.06.2019 08:56:00.000,6217.997,6217.998,6211.998,6211.998,0.001
28.06.2019 08:57:00.000,6211.998,6211.998,6210.997,6210.998,0.0025
28.06.2019 08:58:00.000,6210.997,6210.998,6209.997,6210.998,0.0013
28.06.2019 08:59:00.000,6209.998,6210.998,6209.997,6210.997,0.0011
28.06.2019 09:00:00.000,6210.998,6211.997,6207.997,6207.998,0.0015
28.06.2019 09:01:00.000,6208.998,6209.998,6208.997,6208.997,0.0011
28.06.2019 09:02:00.000,6208.998,6213.998,6207.997,6212.998,0.0038
28.06.2019 09:03:00.000,6212.997,6214.998,6210.998,6212.997,0.0026
28.06.2019 09:04:00.000,6213.998,6215.998,6213.997,6214.998,0.0031
28.06.2019 09:05:00.000,6214.998,6214.998,6208.997,6208.998,0.0031
28.06.2019 09:06:00.000,6208.998,6208.998,6203.997,6203.997,0.0025
28.06.2019 09:07:00.000,6204.997,6204.998,6199.997,6199.998,0.0024
28.06.2019 09:08:00.000,6199.998,6200.997,6186.998,6186.998,0.0081
28.06.2019 09:09:00.000,6187.997,6187.998,6185.997,6185.998,0.0028
28.06.2019 09:10:00.000,6185.997,6186.998,6181.997,6182.997,0.0069
28.06.2019 09:11:00.000,6183.997,6184.998,6181.997,6183.998,0.0075
28.06.2019 09:12:00.000,6182.997,6182.997,6179.997,6180.998,0.0023
28.06.2019 09:13:00.000,6180.997,6186.998,6180.997,6182.998,0.0049
28.06.2019 09:14:00.000,6182.997,6183.998,6180.997,6180.997,0.0041
28.06.2019 09:15:00.000,6181.998,6182.998,6177.997,6177.997,0.0035
28.06.2019 09:16:00.000,6177.998,6177.998,6173.997,6173.998,0.0007
28.06.2019 09:17:00.000,6173.997,6173.998,6172.998,6173.998,0.0014
28.06.2019 09:18:00.000,6174.997,6176.998,6170.997,6171.998,0.0043
28.06.2019 09:19:00.000,6171.997,6172.997,6168.997,6168.998,0.0039
28.06.2019 09:20:00.000,6170.997,6170.997,6165.997,6165.997,0.0037
28.06.2019 09:21:00.000,6165.998,6165.998,6161.998,6161.998,0.0017
28.06.2019 09:22:00.000,6161.997,6162.998,6161.997,6161.998,0.0017
28.06.2019 09:23:00.000,6161.998,6161.998,6159.997,6159.998,0.0032
28.06.2019 09:24:00.000,6159.997,6161.998,6157.997,6161.998,0.0052
28.06.2019 09:25:00.000,6162.998,6165.998,6159.997,6159.998,0.0032
28.06.2019 09:26:00.000,6160.997,6160.998,6154.997,6156.998,0.0054
28.06.2019 09:27:00.000,6156.997,6157.998,6154.997,6156.997,0.0026
28.06.2019 09:28:00.000,6158.750,6159.998,6154.997,6154.997,0.0027
28.06.2019 09:29:00.000,6156.998,6157.998,6154.998,6154.998,0.0017
28.06.2019 09:30:00.000,6154.998,6154.998,6152.997,6153.998,0.0038
28.06.2019 09:31:00.000,6153.997,6153.997,6149.998,6150.998,0.0014
28.06.2019 09:32:00.000,6149.998,6149.998,6147.998,6147.998,0.0017
28.06.2019 09:33:00.000,6147.997,6148.998,6146.997,6147.998,0.0024
28.06.2019 09:34:00.000,6147.997,6156.998,6147.997,6156.998,0.0045
28.06.2019 09:35:00.000,6158.997,6160.998,6157.998,6160.997,0.0043
28.06.2019 09:36:00.000,6160.998,6166.998,6160.997,6164.998,0.0065
28.06.2019 09:37:00.000,6164.997,6164.998,6162.997,6163.997,0.0023
28.06.2019 09:38:00.000,6163.998,6165.998,6162.997,6162.998,0.0027
28.06.2019 09:39:00.000,6162.998,6163.998,6162.997,6162.998,0.0061
28.06.2019 09:40:00.000,6163.998,6163.998,6159.997,6160.998,0.0039
28.06.2019 09:41:00.000,6161.998,6162.998,6161.997,6161.998,0.0009
28.06.2019 09:42:00.000,6161.997,6165.998,6161.997,6165.998,0.0041
28.06.2019 09:43:00.000,6165.998,6165.998,6162.997,6162.998,0.0022
28.06.2019 09:44:00.000,6162.997,6163.997,6162.997,6162.998,0.0023
28.06.2019 09:45:00.000,6162.997,6163.998,6161.997,6162.998,0.002
28.06.2019 09:46:00.000,6162.997,6165.998,6162.997,6163.998,0.0054
28.06.2019 09:47:00.000,6163.997,6165.998,6163.997,6165.998,0.0028
28.06.2019 09:48:00.000,6166.998,6169.998,6166.998,6168.998,0.0031
28.06.2019 09:49:00.000,6168.998,6169.997,6165.997,6165.998,0.004
28.06.2019 09:50:00.000,6165.997,6167.998,6163.998,6167.998,0.0048
28.06.2019 09:51:00.000,6167.997,6168.997,6167.997,6167.997,0.0028
28.06.2019 09:52:00.000,6167.998,6169.998,6166.998,6169.997,0.0025
28.06.2019 09:53:00.000,6169.998,6171.998,6169.997,6170.997,0.0022
28.06.2019 09:54:00.000,6170.998,6170.998,6167.997,6167.998,0.0033
28.06.2019 09:55:00.000,6168.998,6170.997,6168.997,6168.997,0.0021
28.06.2019 09:56:00.000,6169.997,6169.998,6162.998,6162.998,0.004
28.06.2019 09:57:00.000,6163.997,6165.998,6163.997,6164.998,0.002
28.06.2019 09:58:00.000,6165.997,6166.998,6164.997,6165.997,0.0026
28.06.2019 09:59:00.000,6165.998,6165.998,6162.997,6162.998,0.0013
28.06.2019 10:00:00.000,6162.997,6163.998,6161.997,6162.998,0.002
28.06.2019 10:01:00.000,6162.997,6162.998,6162.997,6162.998,0.0001
28.06.2019 10:02:00.000,6162.997,6163.998,6161.997,6162.998,0.0019
28.06.2019 10:03:00.000,6162.997,6163.998,6159.998,6160.998,0.0042
28.06.2019 10:04:00.000,6161.997,6162.998,6161.997,6162.997,0.002
28.06.2019 10:05:00.000,6162.998,6163.998,6161.998,6163.997,0.0018
28.06.2019 10:06:00.000,6163.998,6163.998,6159.998,6159.998,0.0011
28.06.2019 10:07:00.000,6159.997,6159.998,6156.998,6157.998,0.0037
28.06.2019 10:08:00.000,6158.998,6160.998,6158.997,6158.998,0.003
28.06.2019 10:09:00.000,6159.998,6160.998,6159.998,6159.998,0.0017
28.06.2019 10:10:00.000,6159.997,6166.998,6159.997,6166.998,0.004
28.06.2019 10:11:00.000,6166.997,6166.997,6165.997,6165.998,0.0004
28.06.2019 10:12:00.000,6165.997,6171.997,6165.997,6170.998,0.0033
28.06.2019 10:13:00.000,6170.998,6171.998,6170.997,6170.997,0.0013
28.06.2019 10:14:00.000,6168.998,6170.998,6168.997,6170.998,0.0006
28.06.2019 10:15:00.000,6170.997,6173.998,6170.997,6173.998,0.0022
28.06.2019 10:16:00.000,6172.998,6173.998,6172.997,6172.998,0.0017
28.06.2019 10:17:00.000,6172.997,6173.998,6172.997,6172.998,0.0032
28.06.2019 10:18:00.000,6172.998,6172.998,6171.997,6172.998,0.0018
28.06.2019 10:19:00.000,6172.997,6172.997,6171.997,6171.998,0.0018
28.06.2019 10:20:00.000,6171.997,6171.998,6171.997,6171.998,0.0002
28.06.2019 10:21:00.000,6172.997,6172.998,6171.997,6171.997,0.0017
28.06.2019 10:22:00.000,6171.998,6173.998,6171.997,6173.998,0.0013
28.06.2019 10:23:00.000,6173.997,6175.998,6171.997,6175.998,0.005
28.06.2019 10:24:00.000,6175.997,6175.998,6175.997,6175.998,0.003
28.06.2019 10:25:00.000,6175.998,6176.998,6173.997,6173.998,0.0031
28.06.2019 10:26:00.000,6173.997,6173.998,6173.997,6173.998,0.0005
28.06.2019 10:27:00.000,6174.998,6175.998,6173.998,6173.998,0.0013
28.06.2019 10:28:00.000,6174.997,6174.998,6174.997,6174.998,0.0019
28.06.2019 10:29:00.000,6174.997,6174.997,6174.997,6174.997,0.0005
28.06.2019 10:30:00.000,6173.998,6177.998,6173.997,6177.997,0.0046
28.06.2019 10:31:00.000,6177.998,6177.998,6176.997,6177.998,0.0032
28.06.2019 10:32:00.000,6178.998,6178.998,6177.997,6178.997,0.0036
28.06.2019 10:33:00.000,6178.998,6178.998,6177.997,6177.997,0.0003
28.06.2019 10:34:00.000,6176.998,6176.998,6175.997,6175.997,0.0011
28.06.2019 10:35:00.000,6175.997,6176.998,6174.997,6175.998,0.0038
28.06.2019 10:36:00.000,6175.997,6175.997,6174.997,6174.998,0.0002
28.06.2019 10:37:00.000,6175.998,6175.998,6174.998,6175.998,0.001
28.06.2019 10:38:00.000,6175.997,6176.998,6175.997,6176.998,0.0013
28.06.2019 10:39:00.000,6176.997,6176.998,6176.997,6176.998,0.0008
28.06.2019 10:40:00.000,6176.997,6177.998,6175.997,6177.998,0.0038
28.06.2019 10:41:00.000,6177.997,6177.998,6177.997,6177.997,0.0005
28.06.2019 10:42:00.000,6177.998,6177.998,6177.997,6177.997,0.0017
28.06.2019 10:43:00.000,6177.998,6179.998,6177.997,6179.998,0.0042
28.06.2019 10:44:00.000,6179.997,6179.998,6178.997,6178.997,0.0021
28.06.2019 10:45:00.000,6178.998,6178.998,6178.997,6178.997,0.0028
28.06.2019 10:46:00.000,6178.998,6183.998,6178.998,6182.998,0.0047
28.06.2019 10:47:00.000,6182.997,6182.998,6180.997,6180.997,0.0045
28.06.2019 10:48:00.000,6180.998,6180.998,6179.997,6179.998,0.0042
28.06.2019 10:49:00.000,6179.997,6179.998,6178.997,6178.997,0.0025
28.06.2019 10:50:00.000,6178.998,6179.998,6178.997,6179.998,0.006
28.06.2019 10:51:00.000,6179.998,6179.998,6179.997,6179.998,0.0035
28.06.2019 10:52:00.000,6179.997,6179.997,6177.997,6178.998,0.0029
28.06.2019 10:53:00.000,6179.998,6179.998,6178.997,6178.998,0.0022
28.06.2019 10:54:00.000,6178.997,6179.998,6178.997,6179.998,0.0007
28.06.2019 10:55:00.000,6179.998,6180.998,6177.997,6177.998,0.0077
28.06.2019 10:57:00.000,6177.998,6178.998,6177.997,6177.998,0.0038
28.06.2019 10:58:00.000,6177.997,6177.998,6176.997,6177.997,0.0023
28.06.2019 10:59:00.000,6177.998,6177.998,6176.998,6176.998,0.0019
28.06.2019 11:00:00.000,6176.998,6176.998,6175.997,6175.998,0.0013
28.06.2019 11:01:00.000,6175.997,6175.998,6175.997,6175.998,0.001
28.06.2019 11:02:00.000,6176.997,6177.998,6171.997,6171.997,0.0057
28.06.2019 11:03:00.000,6170.998,6171.998,6170.997,6171.998,0.0021
28.06.2019 11:04:00.000,6172.998,6176.998,6172.997,6176.998,0.002
28.06.2019 11:05:00.000,6176.998,6177.998,6174.997,6174.997,0.0054
28.06.2019 11:06:00.000,6174.998,6174.998,6172.997,6172.998,0.0027
28.06.2019 11:07:00.000,6172.998,6173.998,6172.997,6173.998,0.0015
28.06.2019 11:08:00.000,6173.997,6173.998,6172.998,6173.997,0.0005
28.06.2019 11:09:00.000,6173.998,6174.998,6172.998,6173.998,0.0021
28.06.2019 11:10:00.000,6173.998,6173.998,6173.997,6173.998,0.0009
28.06.2019 11:11:00.000,6173.997,6174.998,6173.997,6174.998,0.0061
28.06.2019 11:12:00.000,6174.998,6175.998,6171.998,6171.998,0.0028
28.06.2019 11:13:00.000,6171.997,6172.998,6171.997,6172.997,0.0006
28.06.2019 11:14:00.000,6172.998,6172.998,6172.997,6172.998,0.0009
28.06.2019 11:15:00.000,6172.998,6172.998,6171.997,6171.997,0.0033
28.06.2019 11:16:00.000,6171.998,6171.998,6170.997,6170.997,0.0017
28.06.2019 11:17:00.000,6170.998,6170.998,6170.997,6170.997,0.0011
28.06.2019 11:18:00.000,6169.997,6169.997,6164.998,6165.997,0.0031
28.06.2019 11:19:00.000,6165.997,6165.997,6161.997,6161.998,0.0006
28.06.2019 11:20:00.000,6161.997,6161.998,6161.997,6161.998,0.0002
28.06.2019 11:21:00.000,6160.998,6160.998,6160.997,6160.998,0.0006
28.06.2019 11:22:00.000,6160.997,6162.998,6160.997,6162.997,0.0007
28.06.2019 11:23:00.000,6162.998,6162.998,6159.998,6160.998,0.0019
28.06.2019 11:24:00.000,6160.997,6160.997,6160.997,6160.997,0.0005
28.06.2019 11:25:00.000,6160.998,6160.998,6160.998,6160.998,0.0001
28.06.2019 11:26:00.000,6160.997,6162.998,6160.997,6161.997,0.004
28.06.2019 11:27:00.000,6161.998,6162.998,6160.997,6162.997,0.0012
28.06.2019 11:28:00.000,6162.998,6163.998,6159.998,6160.998,0.0027
28.06.2019 11:29:00.000,6160.997,6160.997,6160.997,6160.997,0.0002
28.06.2019 11:30:00.000,6160.998,6160.998,6159.997,6159.997,0.0024
28.06.2019 11:31:00.000,6159.998,6159.998,6158.997,6159.998,0.0026
28.06.2019 11:32:00.000,6159.997,6161.998,6159.997,6160.997,0.0108
28.06.2019 11:33:00.000,6160.998,6163.998,6160.998,6163.998,0.0007
28.06.2019 11:34:00.000,6163.997,6164.998,6161.997,6164.997,0.0035
28.06.2019 11:35:00.000,6164.998,6164.998,6162.997,6163.998,0.0074
28.06.2019 11:36:00.000,6163.997,6163.998,6162.997,6163.998,0.0056
28.06.2019 11:37:00.000,6163.997,6163.998,6162.997,6162.998,0.0054
28.06.2019 11:38:00.000,6163.997,6163.998,6162.997,6163.998,0.0042
28.06.2019 11:39:00.000,6163.997,6163.998,6163.997,6163.997,0.0017
28.06.2019 11:40:00.000,6163.998,6164.998,6163.998,6164.998,0.0037
28.06.2019 11:42:00.000,6163.998,6164.998,6163.997,6164.998,0.0008
28.06.2019 11:43:00.000,6164.997,6169.998,6164.997,6169.997,0.0044
28.06.2019 11:44:00.000,6169.998,6170.998,6169.998,6170.997,0.0018
28.06.2019 11:45:00.000,6170.998,6170.998,6168.997,6170.997,0.0026
28.06.2019 11:46:00.000,6170.998,6171.998,6169.998,6171.997,0.0033
28.06.2019 11:47:00.000,6171.998,6173.998,6170.998,6171.997,0.0039
28.06.2019 11:48:00.000,6171.998,6172.998,6171.997,6172.997,0.0018
28.06.2019 11:49:00.000,6172.997,6175.998,6170.998,6170.998,0.0037
28.06.2019 11:50:00.000,6170.997,6171.998,6170.997,6171.998,0.0012
28.06.2019 11:51:00.000,6171.997,6173.998,6170.998,6173.997,0.0012
28.06.2019 11:52:00.000,6173.998,6177.998,6172.998,6176.998,0.01
28.06.2019 11:53:00.000,6176.998,6176.998,6171.997,6172.998,0.006
28.06.2019 11:54:00.000,6172.998,6173.998,6172.997,6172.997,0.001
28.06.2019 11:55:00.000,6172.998,6175.998,6172.997,6175.998,0.0049
28.06.2019 11:56:00.000,6175.997,6177.998,6175.997,6176.998,0.0026
28.06.2019 11:57:00.000,6176.997,6179.998,6176.997,6179.997,0.0025
28.06.2019 11:58:00.000,6181.998,6185.998,6181.997,6185.998,0.0036
28.06.2019 11:59:00.000,6185.997,6189.998,6185.997,6189.997,0.0061
28.06.2019 12:00:00.000,6189.998,6193.998,6189.997,6193.998,0.0033
28.06.2019 12:01:00.000,6194.997,6194.998,6191.997,6193.998,0.0038
28.06.2019 12:02:00.000,6193.997,6193.997,6189.997,6189.997,0.0016
28.06.2019 12:03:00.000,6189.998,6190.997,6186.997,6186.998,0.0026
28.06.2019 12:04:00.000,6186.997,6188.998,6186.997,6188.998,0.0017
28.06.2019 12:05:00.000,6188.997,6188.998,6186.998,6187.998,0.0039
28.06.2019 12:06:00.000,6187.997,6187.997,6185.997,6185.997,0.0036
28.06.2019 12:07:00.000,6185.998,6185.998,6183.997,6185.998,0.0024
28.06.2019 12:08:00.000,6185.997,6185.997,6181.997,6181.998,0.002
28.06.2019 12:09:00.000,6181.998,6181.998,6181.997,6181.998,0.0006
28.06.2019 12:10:00.000,6181.997,6182.998,6181.997,6181.998,0.0042
28.06.2019 12:11:00.000,6181.998,6182.998,6181.997,6182.998,0.0037
28.06.2019 12:12:00.000,6181.997,6181.998,6181.997,6181.998,0.002
28.06.2019 12:13:00.000,6181.997,6181.998,6178.997,6181.998,0.0043
28.06.2019 12:14:00.000,6181.997,6182.998,6180.997,6180.998,0.0057
28.06.2019 12:15:00.000,6180.997,6180.998,6178.997,6179.998,0.0026
28.06.2019 12:16:00.000,6178.998,6184.998,6178.998,6183.998,0.0034
28.06.2019 12:17:00.000,6183.997,6185.998,6183.997,6184.998,0.0046
28.06.2019 12:18:00.000,6185.998,6186.998,6183.997,6184.998,0.0073
28.06.2019 12:19:00.000,6185.998,6186.998,6185.997,6186.998,0.001
28.06.2019 12:20:00.000,6186.997,6186.998,6186.997,6186.997,0.0007
28.06.2019 12:21:00.000,6186.998,6189.998,6186.997,6189.998,0.0055
28.06.2019 12:22:00.000,6189.997,6193.998,6189.997,6193.997,0.0061
28.06.2019 12:23:00.000,6193.997,6193.997,6190.997,6191.998,0.0025
28.06.2019 12:24:00.000,6192.998,6195.998,6191.998,6195.997,0.0029
28.06.2019 12:25:00.000,6195.998,6195.998,6195.998,6195.998,0.0001
28.06.2019 12:26:00.000,6195.997,6197.998,6195.997,6197.998,0.002
28.06.2019 12:27:00.000,6196.998,6198.998,6196.997,6198.998,0.002
28.06.2019 12:28:00.000,6198.997,6199.998,6197.997,6199.998,0.0067
28.06.2019 12:29:00.000,6200.998,6204.998,6200.998,6203.998,0.0019
28.06.2019 12:30:00.000,6203.998,6204.998,6202.997,6204.998,0.006
28.06.2019 12:31:00.000,6204.997,6204.997,6201.997,6201.997,0.0044
28.06.2019 12:32:00.000,6202.998,6202.998,6199.997,6200.998,0.0034
28.06.2019 12:33:00.000,6200.998,6201.998,6193.998,6193.998,0.006
28.06.2019 12:34:00.000,6193.998,6193.998,6191.997,6191.998,0.0011
28.06.2019 12:35:00.000,6191.998,6191.998,6187.997,6187.998,0.0036
28.06.2019 12:36:00.000,6188.997,6188.998,6185.997,6185.998,0.002
28.06.2019 12:37:00.000,6186.998,6191.998,6186.997,6188.998,0.0059
28.06.2019 12:38:00.000,6189.998,6190.998,6188.997,6188.997,0.0053
28.06.2019 12:39:00.000,6188.998,6191.998,6188.997,6189.998,0.0098
28.06.2019 12:40:00.000,6189.998,6190.998,6189.997,6190.998,0.0036
28.06.2019 12:41:00.000,6190.997,6193.998,6190.997,6192.998,0.003
28.06.2019 12:42:00.000,6192.998,6192.998,6192.997,6192.997,0.0029
28.06.2019 12:43:00.000,6192.998,6193.998,6192.997,6193.998,0.0063
28.06.2019 12:44:00.000,6193.998,6193.998,6193.997,6193.997,0.0048
28.06.2019 12:45:00.000,6193.998,6194.998,6193.997,6193.998,0.0041
28.06.2019 12:46:00.000,6193.997,6196.998,6193.997,6196.997,0.005
28.06.2019 12:47:00.000,6196.998,6196.998,6196.997,6196.998,0.0025
28.06.2019 12:48:00.000,6196.998,6201.998,6196.997,6201.998,0.0135
28.06.2019 12:49:00.000,6201.997,6203.998,6201.997,6202.997,0.009
28.06.2019 12:50:00.000,6202.998,6205.998,6201.997,6201.998,0.0045
28.06.2019 12:51:00.000,6201.997,6201.998,6201.997,6201.998,0.0008
28.06.2019 12:52:00.000,6201.997,6201.998,6201.997,6201.998,0.0008
28.06.2019 12:53:00.000,6201.997,6201.998,6200.997,6200.997,0.0014
28.06.2019 12:54:00.000,6200.998,6201.998,6197.997,6199.998,0.0036
28.06.2019 12:55:00.000,6199.997,6200.998,6197.998,6197.998,0.0039
28.06.2019 12:56:00.000,6198.997,6200.998,6197.998,6200.998,0.0025
28.06.2019 12:57:00.000,6200.998,6201.998,6198.997,6198.998,0.01
28.06.2019 12:58:00.000,6197.998,6197.998,6194.998,6196.998,0.0048
28.06.2019 12:59:00.000,6196.997,6197.997,6190.998,6191.998,0.0033
28.06.2019 13:00:00.000,6191.998,6191.998,6189.997,6191.998,0.0026
28.06.2019 13:01:00.000,6192.997,6192.998,6191.997,6191.997,0.0015
28.06.2019 13:02:00.000,6191.998,6192.998,6191.997,6191.998,0.0044
28.06.2019 13:03:00.000,6191.997,6191.998,6191.997,6191.998,0.0021
28.06.2019 13:04:00.000,6191.997,6195.998,6190.997,6194.997,0.0023
28.06.2019 13:05:00.000,6194.997,6194.998,6190.998,6190.998,0.0065
28.06.2019 13:06:00.000,6190.997,6190.998,6190.997,6190.997,0.0002
28.06.2019 13:07:00.000,6190.998,6191.998,6190.998,6191.997,0.0005
28.06.2019 13:08:00.000,6191.998,6192.998,6191.997,6192.998,0.0064
28.06.2019 13:09:00.000,6192.997,6194.998,6192.997,6193.998,0.0021
28.06.2019 13:10:00.000,6193.998,6193.998,6190.997,6190.998,0.0034
28.06.2019 13:11:00.000,6190.998,6192.998,6190.997,6192.998,0.0058
28.06.2019 13:12:00.000,6192.998,6192.998,6190.997,6191.997,0.0021
28.06.2019 13:13:00.000,6191.998,6191.998,6190.998,6191.997,0.0028
28.06.2019 13:14:00.000,6191.998,6192.998,6189.997,6192.998,0.0034
28.06.2019 13:15:00.000,6192.997,6192.998,6191.997,6191.998,0.002
28.06.2019 13:16:00.000,6191.997,6192.998,6191.997,6192.998,0.0034
28.06.2019 13:17:00.000,6191.998,6191.998,6191.997,6191.997,0.0023
28.06.2019 13:18:00.000,6191.998,6191.998,6191.997,6191.998,0.0029
28.06.2019 13:19:00.000,6191.997,6191.998,6190.997,6191.997,0.0121
28.06.2019 13:20:00.000,6191.997,6191.997,6188.998,6188.998,0.0032
28.06.2019 13:21:00.000,6188.997,6189.998,6188.997,6189.997,0.0022
28.06.2019 13:22:00.000,6190.998,6190.998,6189.997,6190.998,0.0032
28.06.2019 13:23:00.000,6190.997,6190.997,6189.997,6189.997,0.0013
28.06.2019 13:24:00.000,6189.997,6190.998,6188.997,6190.998,0.0043
28.06.2019 13:25:00.000,6190.997,6192.998,6190.997,6192.998,0.0039
28.06.2019 13:26:00.000,6192.997,6197.998,6192.997,6195.998,0.0098
28.06.2019 13:27:00.000,6195.998,6195.998,6185.997,6185.997,0.0062
28.06.2019 13:28:00.000,6185.998,6185.998,6180.997,6180.998,0.0093
28.06.2019 13:29:00.000,6180.998,6183.998,6176.998,6183.997,0.0052
28.06.2019 13:30:00.000,6185.997,6185.997,6177.997,6177.998,0.0052
28.06.2019 13:31:00.000,6177.997,6178.997,6175.997,6176.998,0.0046
28.06.2019 13:32:00.000,6176.998,6176.998,6171.998,6172.998,0.0073
28.06.2019 13:33:00.000,6172.998,6172.998,6167.998,6168.998,0.0034
28.06.2019 13:34:00.000,6168.998,6172.998,6166.998,6172.998,0.0058
28.06.2019 13:35:00.000,6172.997,6172.998,6164.997,6166.998,0.0036
28.06.2019 13:36:00.000,6166.997,6168.998,6166.997,6168.997,0.0053
28.06.2019 13:37:00.000,6168.998,6175.998,6168.998,6175.998,0.0039
28.06.2019 13:38:00.000,6174.998,6178.998,6174.997,6178.997,0.0042
28.06.2019 13:39:00.000,6178.998,6179.998,6177.997,6177.998,0.0056
28.06.2019 13:40:00.000,6177.997,6179.998,6177.997,6179.998,0.0037
28.06.2019 13:41:00.000,6178.997,6178.998,6177.998,6178.998,0.0026
28.06.2019 13:42:00.000,6179.997,6179.998,6172.998,6173.998,0.0029
28.06.2019 13:43:00.000,6173.997,6173.998,6173.997,6173.997,0.0006
28.06.2019 13:44:00.000,6172.997,6172.998,6172.997,6172.997,0.0044
28.06.2019 13:45:00.000,6172.998,6172.998,6170.997,6170.998,0.0018
28.06.2019 13:46:00.000,6170.998,6170.998,6169.997,6169.998,0.0006
28.06.2019 13:47:00.000,6169.997,6169.997,6168.997,6168.997,0.0022
28.06.2019 13:48:00.000,6168.998,6168.998,6167.997,6167.998,0.0095
28.06.2019 13:49:00.000,6167.997,6167.998,6166.997,6166.998,0.005
28.06.2019 13:50:00.000,6166.997,6166.998,6164.997,6164.997,0.0038
28.06.2019 13:51:00.000,6164.998,6167.998,6164.998,6167.998,0.0024
28.06.2019 13:52:00.000,6167.997,6168.998,6166.997,6168.998,0.0088
28.06.2019 13:53:00.000,6168.997,6168.998,6167.997,6167.998,0.0065
28.06.2019 13:54:00.000,6167.997,6167.998,6163.998,6163.998,0.0028
28.06.2019 13:55:00.000,6163.997,6165.998,6163.997,6165.997,0.0056
28.06.2019 13:56:00.000,6165.998,6165.998,6164.997,6164.997,0.0032
28.06.2019 13:57:00.000,6164.998,6164.998,6164.997,6164.998,0.002
28.06.2019 13:58:00.000,6165.998,6165.998,6162.997,6163.998,0.0052
28.06.2019 13:59:00.000,6163.997,6163.998,6156.997,6158.998,0.0058
28.06.2019 14:00:00.000,6159.997,6160.998,6158.997,6158.998,0.0025
28.06.2019 14:01:00.000,6158.997,6162.998,6157.997,6159.998,0.0067
28.06.2019 14:02:00.000,6159.998,6160.998,6158.998,6159.998,0.0048
28.06.2019 14:03:00.000,6159.997,6162.998,6159.997,6160.997,0.0067
28.06.2019 14:04:00.000,6160.998,6168.998,6160.997,6168.998,0.0065
28.06.2019 14:05:00.000,6168.997,6170.998,6165.997,6168.998,0.0116
28.06.2019 14:06:00.000,6169.998,6169.998,6167.997,6168.998,0.0038
28.06.2019 14:07:00.000,6169.998,6172.998,6169.998,6172.998,0.007
28.06.2019 14:08:00.000,6173.998,6175.998,6173.998,6174.998,0.0041
28.06.2019 14:09:00.000,6174.997,6175.998,6174.997,6175.998,0.0043
28.06.2019 14:10:00.000,6175.997,6178.998,6175.997,6176.998,0.0138
28.06.2019 14:11:00.000,6176.998,6176.998,6174.998,6174.998,0.001
28.06.2019 14:12:00.000,6174.998,6177.998,6173.998,6177.998,0.0048
28.06.2019 14:13:00.000,6177.997,6177.998,6176.997,6177.997,0.0016
28.06.2019 14:14:00.000,6177.998,6177.998,6175.997,6175.997,0.0033
28.06.2019 14:15:00.000,6176.997,6177.998,6176.997,6177.997,0.0045
28.06.2019 14:16:00.000,6177.997,6180.998,6174.997,6174.998,0.0096
28.06.2019 14:17:00.000,6174.997,6174.998,6174.997,6174.998,0.0024
28.06.2019 14:18:00.000,6173.998,6173.998,6172.997,6173.997,0.0067
28.06.2019 14:19:00.000,6173.998,6173.998,6171.997,6171.997,0.0074
28.06.2019 14:20:00.000,6171.998,6174.998,6171.997,6172.998,0.0037
28.06.2019 14:21:00.000,6172.997,6177.998,6172.997,6176.998,0.0079
28.06.2019 14:22:00.000,6177.997,6177.998,6176.997,6177.998,0.0042
28.06.2019 14:23:00.000,6177.997,6177.998,6176.997,6177.997,0.0042
28.06.2019 14:24:00.000,6177.998,6177.998,6176.997,6177.997,0.0074
28.06.2019 14:25:00.000,6177.998,6177.998,6177.997,6177.997,0.0007
28.06.2019 14:26:00.000,6177.998,6177.998,6177.997,6177.997,0.0062
28.06.2019 14:27:00.000,6176.997,6176.998,6173.998,6173.998,0.0036
28.06.2019 14:28:00.000,6174.998,6175.998,6173.997,6175.998,0.0061
28.06.2019 14:29:00.000,6175.997,6175.998,6173.997,6173.998,0.0032
28.06.2019 14:30:00.000,6173.997,6175.998,6173.997,6173.998,0.006
28.06.2019 14:31:00.000,6174.998,6177.998,6174.997,6177.998,0.0062
28.06.2019 14:32:00.000,6177.997,6182.998,6177.997,6181.998,0.0078
28.06.2019 14:33:00.000,6181.997,6185.997,6179.998,6184.998,0.0109
28.06.2019 14:34:00.000,6184.997,6184.998,6180.997,6184.997,0.0126
28.06.2019 14:35:00.000,6183.998,6184.998,6183.997,6184.997,0.0056
28.06.2019 14:36:00.000,6184.998,6184.998,6180.997,6182.998,0.0073
28.06.2019 14:37:00.000,6182.997,6182.998,6181.998,6181.998,0.0045
28.06.2019 14:38:00.000,6182.997,6183.998,6182.997,6183.998,0.002
28.06.2019 14:39:00.000,6182.998,6182.998,6181.998,6182.998,0.0024
28.06.2019 14:40:00.000,6182.997,6182.998,6177.997,6177.998,0.0076
28.06.2019 14:41:00.000,6177.998,6181.998,6175.998,6180.998,0.0078
28.06.2019 14:42:00.000,6180.997,6180.998,6179.997,6180.997,0.002
28.06.2019 14:43:00.000,6180.998,6181.998,6179.997,6181.998,0.0081
28.06.2019 14:44:00.000,6180.998,6181.998,6180.997,6181.998,0.0014
28.06.2019 14:45:00.000,6181.998,6183.998,6181.998,6182.997,0.0083
28.06.2019 14:46:00.000,6182.998,6184.998,6182.998,6184.998,0.0062
28.06.2019 14:47:00.000,6184.997,6184.997,6181.997,6181.997,0.0028
28.06.2019 14:48:00.000,6181.998,6183.998,6180.997,6181.997,0.0161
28.06.2019 14:49:00.000,6181.998,6181.998,6178.997,6180.998,0.0031
28.06.2019 14:50:00.000,6179.998,6180.998,6177.998,6180.998,0.003
28.06.2019 14:51:00.000,6180.997,6181.998,6180.997,6180.997,0.0075
28.06.2019 14:52:00.000,6180.997,6181.998,6180.997,6180.997,0.0035
28.06.2019 14:53:00.000,6180.998,6182.998,6180.998,6182.997,0.0026
28.06.2019 14:54:00.000,6182.998,6186.998,6182.997,6186.997,0.0103
28.06.2019 14:55:00.000,6186.998,6188.998,6186.997,6187.997,0.025
28.06.2019 14:56:00.000,6187.998,6188.998,6185.997,6187.998,0.0169
28.06.2019 14:57:00.000,6188.997,6189.998,6187.997,6188.998,0.0042
28.06.2019 14:58:00.000,6187.997,6188.998,6187.997,6188.998,0.0047
28.06.2019 14:59:00.000,6188.998,6189.998,6187.997,6188.997,0.0032
28.06.2019 15:00:00.000,6188.998,6188.998,6186.997,6187.997,0.0047
28.06.2019 15:01:00.000,6188.998,6189.998,6186.997,6186.998,0.0039
28.06.2019 15:02:00.000,6186.998,6190.998,6185.998,6190.998,0.0059
28.06.2019 15:03:00.000,6190.997,6191.998,6188.997,6191.998,0.0072
28.06.2019 15:04:00.000,6191.997,6191.998,6190.998,6191.998,0.0025
28.06.2019 15:05:00.000,6191.997,6194.998,6191.997,6194.998,0.0273
28.06.2019 15:06:00.000,6195.998,6198.998,6195.997,6198.997,0.0177
28.06.2019 15:07:00.000,6198.998,6198.998,6195.997,6196.998,0.0128
28.06.2019 15:08:00.000,6196.997,6196.998,6194.997,6194.998,0.0071
28.06.2019 15:09:00.000,6195.997,6195.998,6194.997,6194.998,0.0054
28.06.2019 15:10:00.000,6194.997,6196.998,6194.997,6195.998,0.0126
28.06.2019 15:11:00.000,6196.998,6198.998,6195.998,6198.998,0.0061
28.06.2019 15:12:00.000,6198.997,6198.998,6197.997,6198.997,0.008
28.06.2019 15:13:00.000,6198.998,6198.998,6196.997,6197.998,0.0059
28.06.2019 15:14:00.000,6197.997,6198.998,6193.997,6194.998,0.0154
28.06.2019 15:15:00.000,6194.998,6195.998,6194.997,6194.998,0.0072
28.06.2019 15:16:00.000,6194.997,6197.998,6194.997,6197.998,0.0091
28.06.2019 15:17:00.000,6197.998,6199.998,6197.998,6199.998,0.0136
28.06.2019 15:18:00.000,6199.997,6202.998,6198.997,6202.998,0.0239
28.06.2019 15:19:00.000,6202.997,6203.998,6202.997,6202.997,0.044
28.06.2019 15:20:00.000,6203.998,6205.998,6203.997,6205.998,0.0196
28.06.2019 15:21:00.000,6206.997,6207.998,6204.997,6205.998,0.0113
28.06.2019 15:22:00.000,6205.997,6208.998,6204.997,6205.998,0.0137
28.06.2019 15:23:00.000,6206.997,6207.998,6204.997,6205.997,0.0088
28.06.2019 15:24:00.000,6205.998,6207.998,6205.997,6207.997,0.0137
28.06.2019 15:25:00.000,6207.998,6207.998,6205.997,6207.997,0.0128
28.06.2019 15:26:00.000,6207.998,6213.998,6207.998,6213.998,0.0186
28.06.2019 15:27:00.000,6214.998,6216.998,6212.997,6214.998,0.0253
28.06.2019 15:28:00.000,6214.997,6220.998,6214.997,6220.997,0.0131
28.06.2019 15:29:00.000,6220.998,6227.998,6218.997,6224.998,0.0136
01.07.2019 07:00:00.000,6233.998,6233.998,6225.997,6225.998,0.0019
01.07.2019 07:01:00.000,6216.998,6218.997,6201.998,6203.998,0.001
01.07.2019 07:02:00.000,6203.997,6215.998,6203.997,6215.998,0.0009
01.07.2019 07:05:00.000,6226.998,6232.998,6226.998,6232.998,0.0007
01.07.2019 07:06:00.000,6232.998,6232.998,6218.997,6218.997,0.0013
01.07.2019 07:07:00.000,6218.998,6234.998,6218.998,6227.998,0.0031
01.07.2019 07:08:00.000,6227.997,6229.998,6221.997,6224.998,0.0044
01.07.2019 07:09:00.000,6222.997,6226.997,6221.998,6221.998,0.0028
01.07.2019 07:10:00.000,6221.998,6228.998,6219.998,6222.998,0.0029
01.07.2019 07:11:00.000,6222.998,6229.998,6218.997,6226.998,0.005
01.07.2019 07:12:00.000,6226.998,6231.997,6223.997,6231.997,0.0022
01.07.2019 07:13:00.000,6231.998,6232.997,6222.998,6224.998,0.0053
01.07.2019 07:14:00.000,6224.997,6224.998,6221.998,6222.998,0.0005
01.07.2019 07:15:00.000,6222.998,6223.998,6219.997,6221.998,0.0042
01.07.2019 07:16:00.000,6221.997,6221.997,6207.998,6207.998,0.0032
01.07.2019 07:17:00.000,6206.997,6209.998,6204.997,6204.997,0.0042
01.07.2019 07:18:00.000,6204.997,6204.998,6204.997,6204.998,0.0008
01.07.2019 07:19:00.000,6204.998,6208.998,6201.997,6208.998,0.0065
01.07.2019 07:20:00.000,6208.998,6208.998,6198.998,6199.998,0.0051
01.07.2019 07:21:00.000,6199.998,6199.998,6196.997,6196.998,0.0038
01.07.2019 07:22:00.000,6196.998,6197.998,6195.997,6196.998,0.0034
01.07.2019 07:23:00.000,6195.998,6196.998,6192.997,6194.998,0.0045
01.07.2019 07:24:00.000,6194.997,6196.998,6191.997,6195.998,0.0068
01.07.2019 07:25:00.000,6194.998,6195.998,6188.998,6188.998,0.0037
01.07.2019 07:26:00.000,6188.998,6190.998,6186.997,6189.997,0.0046
01.07.2019 07:27:00.000,6189.500,6189.500,6183.998,6184.998,0.0015
01.07.2019 07:28:00.000,6183.998,6187.998,6181.997,6181.998,0.006
01.07.2019 07:29:00.000,6180.998,6182.998,6177.997,6182.997,0.0035
01.07.2019 07:30:00.000,6182.998,6184.998,6181.997,6182.997,0.0038
01.07.2019 07:31:00.000,6182.997,6184.998,6179.997,6179.998,0.0031
01.07.2019 07:32:00.000,6182.750,6185.998,6182.750,6182.997,0.0037
01.07.2019 07:33:00.000,6184.998,6184.998,6177.997,6180.997,0.0039
01.07.2019 07:34:00.000,6181.998,6181.998,6179.997,6179.998,0.002
01.07.2019 07:35:00.000,6179.997,6180.998,6176.997,6176.998,0.0034
01.07.2019 07:36:00.000,6176.997,6182.998,6176.997,6180.998,0.003
01.07.2019 07:37:00.000,6181.998,6181.998,6178.998,6179.998,0.0027
01.07.2019 07:38:00.000,6179.998,6180.998,6177.997,6178.998,0.0057
01.07.2019 07:39:00.000,6179.997,6182.998,6179.997,6180.998,0.0029
01.07.2019 07:40:00.000,6181.997,6184.998,6179.997,6179.998,0.0034
01.07.2019 07:41:00.000,6179.997,6179.997,6173.997,6173.998,0.0027
01.07.2019 07:42:00.000,6173.997,6175.997,6171.997,6171.998,0.0032
01.07.2019 07:43:00.000,6171.997,6171.998,6169.997,6169.997,0.0039
01.07.2019 07:44:00.000,6169.998,6170.998,6169.997,6169.997,0.0008
01.07.2019 07:45:00.000,6171.997,6173.998,6169.998,6173.998,0.0028
01.07.2019 07:46:00.000,6173.997,6173.998,6171.997,6171.998,0.0037
01.07.2019 07:47:00.000,6171.998,6171.998,6167.997,6169.997,0.0031
01.07.2019 07:48:00.000,6168.998,6170.998,6167.998,6169.997,0.0032
01.07.2019 07:49:00.000,6169.998,6170.998,6165.997,6167.997,0.0052
01.07.2019 07:50:00.000,6167.998,6167.998,6165.998,6167.998,0.002
01.07.2019 07:51:00.000,6166.998,6170.997,6165.998,6165.998,0.003
01.07.2019 07:52:00.000,6165.998,6169.998,6164.997,6169.998,0.0077
01.07.2019 07:53:00.000,6169.998,6171.998,6166.997,6171.998,0.0029
01.07.2019 07:54:00.000,6171.998,6174.998,6171.998,6174.998,0.0017
01.07.2019 07:55:00.000,6174.997,6177.998,6173.997,6175.998,0.0049
01.07.2019 07:56:00.000,6175.997,6181.998,6175.997,6177.998,0.0062
01.07.2019 07:57:00.000,6177.997,6179.997,6175.997,6177.998,0.0045
01.07.2019 07:58:00.000,6177.997,6179.998,6176.997,6177.998,0.0024
01.07.2019 07:59:00.000,6177.998,6177.998,6173.997,6173.998,0.0034
01.07.2019 08:00:00.000,6172.998,6173.998,6171.997,6172.998,0.0039
01.07.2019 08:02:00.000,6173.998,6173.998,6172.997,6173.997,0.001
01.07.2019 08:03:00.000,6173.998,6174.998,6172.997,6172.998,0.0011
01.07.2019 08:04:00.000,6172.997,6177.998,6172.997,6173.997,0.005
01.07.2019 08:05:00.000,6173.998,6174.998,6172.998,6172.998,0.0022
01.07.2019 08:06:00.000,6172.750,6172.750,6168.998,6169.998,0.0011
01.07.2019 08:07:00.000,6171.998,6175.998,6170.997,6170.997,0.0054
01.07.2019 08:08:00.000,6170.998,6170.998,6170.997,6170.997,0.0003
01.07.2019 08:09:00.000,6170.997,6170.997,6165.998,6165.998,0.001
01.07.2019 08:10:00.000,6166.997,6166.998,6165.997,6165.997,0.0026
01.07.2019 08:11:00.000,6166.998,6166.998,6165.998,6166.997,0.0008
01.07.2019 08:13:00.000,6165.998,6165.998,6162.997,6163.997,0.0034
01.07.2019 08:14:00.000,6164.997,6164.998,6162.997,6162.998,0.0015
01.07.2019 08:15:00.000,6162.997,6167.998,6162.997,6165.997,0.0017
01.07.2019 08:16:00.000,6165.998,6165.998,6161.997,6161.998,0.0025
01.07.2019 08:17:00.000,6161.997,6162.998,6161.997,6162.998,0.0028
01.07.2019 08:18:00.000,6163.998,6165.998,6163.998,6165.998,0.0026
01.07.2019 08:19:00.000,6164.998,6165.998,6159.998,6160.997,0.0049
01.07.2019 08:20:00.000,6160.998,6161.998,6159.997,6159.998,0.0046
01.07.2019 08:21:00.000,6159.997,6160.998,6157.998,6157.998,0.0039
01.07.2019 08:22:00.000,6158.998,6159.998,6154.997,6156.998,0.0075
01.07.2019 08:23:00.000,6156.997,6158.998,6150.997,6152.997,0.0117
01.07.2019 08:24:00.000,6152.998,6152.998,6146.998,6147.998,0.0056
01.07.2019 08:25:00.000,6147.997,6147.998,6143.998,6146.998,0.0046
01.07.2019 08:26:00.000,6146.997,6146.998,6137.998,6140.998,0.0094
01.07.2019 08:27:00.000,6140.998,6142.998,6139.997,6142.998,0.0056
01.07.2019 08:28:00.000,6142.998,6144.997,6142.997,6143.997,0.0049
01.07.2019 08:29:00.000,6142.998,6143.998,6140.998,6142.998,0.0038
01.07.2019 08:30:00.000,6142.997,6145.998,6141.997,6141.998,0.006
01.07.2019 08:31:00.000,6142.998,6142.998,6138.998,6140.998,0.0042
01.07.2019 08:32:00.000,6141.998,6143.998,6138.997,6143.998,0.0074
01.07.2019 08:33:00.000,6143.998,6144.998,6141.998,6143.998,0.0043
01.07.2019 08:34:00.000,6143.998,6144.998,6140.997,6141.998,0.0037
01.07.2019 08:35:00.000,6140.998,6144.998,6140.998,6144.997,0.0042
01.07.2019 08:36:00.000,6143.998,6145.997,6143.997,6145.997,0.0024
01.07.2019 08:37:00.000,6145.998,6145.998,6137.997,6137.998,0.0046
01.07.2019 08:38:00.000,6137.998,6138.998,6135.997,6136.998,0.0024
01.07.2019 08:39:00.000,6136.997,6137.998,6135.997,6136.998,0.0031
01.07.2019 08:40:00.000,6136.998,6140.998,6135.998,6140.998,0.0047
01.07.2019 08:41:00.000,6140.997,6142.998,6139.997,6141.998,0.0062
01.07.2019 08:42:00.000,6142.997,6143.998,6141.997,6142.998,0.0037
01.07.2019 08:43:00.000,6141.998,6150.997,6141.998,6150.997,0.0047
01.07.2019 08:44:00.000,6150.998,6151.998,6148.997,6150.997,0.0028
01.07.2019 08:45:00.000,6149.998,6152.998,6149.997,6149.997,0.0055
01.07.2019 08:46:00.000,6149.998,6154.998,6149.997,6154.998,0.0044
01.07.2019 08:47:00.000,6154.997,6154.998,6151.997,6151.998,0.0023
01.07.2019 08:48:00.000,6151.997,6152.998,6151.997,6152.998,0.0028
01.07.2019 08:49:00.000,6152.997,6156.998,6150.997,6156.998,0.0021
01.07.2019 08:50:00.000,6155.998,6155.998,6153.997,6153.998,0.0042
01.07.2019 08:51:00.000,6155.997,6156.998,6154.997,6154.998,0.0035
01.07.2019 08:52:00.000,6155.997,6159.998,6154.997,6157.997,0.0033
01.07.2019 08:53:00.000,6157.998,6159.998,6157.997,6159.998,0.0021
01.07.2019 08:54:00.000,6159.997,6159.998,6156.998,6156.998,0.0003
01.07.2019 08:55:00.000,6158.998,6159.998,6156.997,6156.997,0.0008
01.07.2019 08:56:00.000,6156.998,6156.998,6152.997,6152.997,0.0021
01.07.2019 08:57:00.000,6152.998,6155.998,6152.997,6155.997,0.0026
01.07.2019 08:58:00.000,6155.998,6155.998,6155.997,6155.998,0.0009
01.07.2019 08:59:00.000,6156.998,6156.998,6155.997,6155.997,0.0019
01.07.2019 09:00:00.000,6155.997,6157.998,6153.997,6156.998,0.0026
01.07.2019 09:01:00.000,6156.998,6159.998,6156.998,6158.998,0.0018
01.07.2019 09:02:00.000,6158.998,6160.997,6157.998,6159.998,0.0037
01.07.2019 09:03:00.000,6159.998,6162.998,6157.998,6162.998,0.0026
01.07.2019 09:04:00.000,6162.997,6162.998,6160.997,6161.998,0.0019
01.07.2019 09:05:00.000,6161.997,6168.997,6161.997,6168.997,0.0039
01.07.2019 09:06:00.000,6168.998,6169.998,6168.997,6168.998,0.0034
01.07.2019 09:07:00.000,6168.998,6168.998,6164.998,6166.998,0.0028
01.07.2019 09:08:00.000,6166.997,6168.998,6166.997,6166.998,0.0028
01.07.2019 09:09:00.000,6168.998,6168.998,6164.997,6164.997,0.0022
01.07.2019 09:10:00.000,6164.997,6168.998,6164.997,6168.998,0.0028
01.07.2019 09:11:00.000,6167.997,6167.998,6164.997,6164.998,0.0028
01.07.2019 09:12:00.000,6164.997,6167.998,6164.997,6167.998,0.0014
01.07.2019 09:13:00.000,6167.997,6167.998,6164.997,6165.997,0.0037
01.07.2019 09:14:00.000,6165.998,6165.998,6157.997,6157.997,0.0026
01.07.2019 09:15:00.000,6157.998,6161.998,6155.997,6156.997,0.0036
01.07.2019 09:16:00.000,6156.998,6156.998,6153.998,6154.998,0.0011
01.07.2019 09:17:00.000,6154.997,6155.998,6154.997,6154.998,0.0007
01.07.2019 09:18:00.000,6156.998,6156.998,6151.997,6151.998,0.0039
01.07.2019 09:19:00.000,6152.998,6153.998,6152.997,6153.998,0.0016
01.07.2019 09:20:00.000,6152.998,6156.998,6152.998,6156.998,0.0018
01.07.2019 09:21:00.000,6157.998,6157.998,6155.997,6157.997,0.0013
01.07.2019 09:22:00.000,6157.997,6160.997,6157.997,6158.998,0.0029
01.07.2019 09:23:00.000,6158.998,6158.998,6156.997,6156.997,0.0021
01.07.2019 09:24:00.000,6157.998,6158.998,6156.997,6158.997,0.0032
01.07.2019 09:25:00.000,6158.998,6164.998,6157.998,6162.998,0.0032
01.07.2019 09:26:00.000,6162.997,6162.998,6158.997,6158.998,0.0027
01.07.2019 09:27:00.000,6157.997,6158.998,6155.998,6155.998,0.0028
01.07.2019 09:28:00.000,6155.997,6155.997,6153.998,6154.997,0.002
01.07.2019 09:29:00.000,6155.998,6158.998,6155.997,6158.998,0.0036
01.07.2019 09:30:00.000,6158.997,6164.998,6158.997,6164.998,0.0051
01.07.2019 09:31:00.000,6163.997,6168.998,6163.997,6168.997,0.0059
01.07.2019 09:32:00.000,6168.998,6168.998,6164.997,6165.998,0.0062
01.07.2019 09:33:00.000,6165.997,6165.998,6163.997,6163.998,0.0053
01.07.2019 09:34:00.000,6163.997,6168.998,6163.997,6168.997,0.0069
01.07.2019 09:35:00.000,6167.998,6167.998,6163.997,6163.998,0.0048
01.07.2019 09:36:00.000,6163.998,6163.998,6161.997,6163.998,0.0019
01.07.2019 09:37:00.000,6164.997,6166.998,6163.997,6163.998,0.0045
01.07.2019 09:38:00.000,6163.997,6163.997,6159.997,6161.998,0.0016
01.07.2019 09:39:00.000,6161.997,6161.998,6159.997,6159.998,0.0013
01.07.2019 09:40:00.000,6161.998,6162.998,6157.997,6157.997,0.0047
01.07.2019 09:41:00.000,6157.998,6158.998,6157.997,6157.998,0.0015
01.07.2019 09:42:00.000,6157.997,6159.998,6157.997,6157.998,0.0054
01.07.2019 09:43:00.000,6157.997,6157.998,6156.997,6157.998,0.0024
01.07.2019 09:44:00.000,6156.998,6156.998,6155.997,6156.998,0.0024
01.07.2019 09:45:00.000,6157.998,6158.998,6155.998,6155.998,0.0075
01.07.2019 09:46:00.000,6155.998,6156.998,6155.997,6155.998,0.0019
01.07.2019 09:47:00.000,6155.998,6158.997,6155.997,6157.997,0.0036
01.07.2019 09:48:00.000,6157.998,6160.998,6156.998,6160.998,0.0027
01.07.2019 09:49:00.000,6160.997,6160.998,6157.997,6157.998,0.0019
01.07.2019 09:50:00.000,6157.998,6157.998,6153.997,6154.998,0.0078
01.07.2019 09:51:00.000,6154.997,6157.997,6154.997,6155.998,0.0049
01.07.2019 09:52:00.000,6155.997,6156.998,6154.997,6154.997,0.0026
01.07.2019 09:53:00.000,6154.998,6156.998,6154.998,6155.998,0.0027
01.07.2019 09:54:00.000,6156.998,6156.998,6155.997,6155.998,0.0014
01.07.2019 09:55:00.000,6156.998,6157.998,6156.997,6156.997,0.0013
01.07.2019 09:56:00.000,6157.998,6158.998,6157.997,6158.998,0.0033
01.07.2019 09:57:00.000,6157.998,6157.998,6154.997,6154.998,0.0046
01.07.2019 09:58:00.000,6155.998,6156.998,6155.997,6155.998,0.0045
01.07.2019 09:59:00.000,6155.998,6158.998,6155.998,6158.998,0.0023
01.07.2019 10:00:00.000,6159.998,6163.998,6159.998,6161.998,0.0043
01.07.2019 10:01:00.000,6161.998,6162.998,6161.998,6161.998,0.0007
01.07.2019 10:02:00.000,6162.998,6162.998,6161.997,6161.998,0.0018
01.07.2019 10:03:00.000,6159.998,6161.998,6159.998,6161.998,0.0031
01.07.2019 10:04:00.000,6161.997,6161.997,6159.997,6159.997,0.0016
01.07.2019 10:05:00.000,6159.998,6161.998,6159.997,6161.998,0.0036
01.07.2019 10:06:00.000,6162.998,6162.998,6161.998,6161.998,0.0007
01.07.2019 10:07:00.000,6162.998,6166.998,6162.997,6166.997,0.0039
01.07.2019 10:08:00.000,6166.998,6167.998,6163.997,6163.998,0.0039
01.07.2019 10:09:00.000,6163.997,6164.998,6160.997,6160.998,0.0033
01.07.2019 10:10:00.000,6160.997,6162.998,6160.997,6162.998,0.0026
01.07.2019 10:11:00.000,6161.998,6161.998,6158.997,6158.998,0.0017
01.07.2019 10:12:00.000,6157.997,6159.998,6157.997,6159.997,0.0009
01.07.2019 10:13:00.000,6158.997,6158.998,6158.997,6158.998,0.0005
01.07.2019 10:14:00.000,6158.997,6159.998,6157.997,6158.998,0.0013
01.07.2019 10:15:00.000,6159.997,6159.998,6158.997,6158.998,0.0016
01.07.2019 10:16:00.000,6159.997,6161.998,6159.997,6161.998,0.0014
01.07.2019 10:17:00.000,6160.998,6160.998,6156.997,6157.998,0.003
01.07.2019 10:18:00.000,6157.998,6158.998,6156.997,6157.998,0.0024
01.07.2019 10:19:00.000,6157.998,6158.998,6157.997,6157.997,0.0029
01.07.2019 10:20:00.000,6157.997,6157.998,6155.997,6155.997,0.003
01.07.2019 10:21:00.000,6156.997,6156.998,6154.997,6154.997,0.0028
01.07.2019 10:22:00.000,6154.998,6159.998,6154.998,6156.998,0.005
01.07.2019 10:23:00.000,6156.998,6158.998,6156.997,6157.998,0.0033
01.07.2019 10:24:00.000,6158.997,6158.997,6156.998,6156.998,0.0011
01.07.2019 10:25:00.000,6156.997,6157.998,6154.998,6154.998,0.0009
01.07.2019 10:26:00.000,6155.997,6156.998,6154.997,6155.998,0.0028
01.07.2019 10:27:00.000,6155.997,6155.997,6152.997,6153.998,0.0021
01.07.2019 10:28:00.000,6153.997,6155.998,6153.997,6154.997,0.0021
01.07.2019 10:29:00.000,6155.997,6155.998,6154.998,6154.998,0.0014
01.07.2019 10:30:00.000,6154.998,6154.998,6154.997,6154.998,0.0006
01.07.2019 10:31:00.000,6152.998,6152.998,6150.997,6150.998,0.0019
01.07.2019 10:33:00.000,6150.997,6150.997,6148.997,6149.998,0.0018
01.07.2019 10:34:00.000,6150.997,6151.998,6149.998,6150.998,0.0029
01.07.2019 10:35:00.000,6150.998,6154.998,6150.997,6151.997,0.0052
01.07.2019 10:36:00.000,6151.998,6152.998,6150.998,6150.998,0.002
01.07.2019 10:37:00.000,6150.997,6151.998,6150.997,6151.998,0.0042
01.07.2019 10:38:00.000,6151.998,6152.998,6151.997,6152.997,0.0006
01.07.2019 10:39:00.000,6152.998,6154.998,6152.997,6154.997,0.0048
01.07.2019 10:40:00.000,6156.750,6158.998,6156.750,6157.998,0.0016
01.07.2019 10:41:00.000,6157.998,6157.998,6156.997,6156.998,0.0038
01.07.2019 10:42:00.000,6156.997,6158.998,6156.997,6157.998,0.002
01.07.2019 10:43:00.000,6157.997,6158.998,6156.998,6157.998,0.0023
01.07.2019 10:44:00.000,6157.997,6160.998,6157.997,6159.997,0.0018
01.07.2019 10:45:00.000,6158.997,6160.998,6158.997,6160.997,0.0119
01.07.2019 10:46:00.000,6160.998,6162.998,6160.998,6162.998,0.0009
01.07.2019 10:47:00.000,6162.997,6163.998,6162.997,6163.998,0.0016
01.07.2019 10:48:00.000,6164.998,6164.998,6163.997,6163.997,0.0008
01.07.2019 10:49:00.000,6163.998,6165.998,6163.997,6165.998,0.0025
01.07.2019 10:50:00.000,6164.998,6166.997,6164.997,6165.998,0.0077
01.07.2019 10:51:00.000,6165.997,6166.998,6165.997,6166.998,0.0009
01.07.2019 10:52:00.000,6166.997,6167.998,6164.997,6164.998,0.0021
01.07.2019 10:53:00.000,6164.998,6165.997,6161.997,6161.997,0.0032
01.07.2019 10:54:00.000,6162.997,6163.997,6161.997,6162.998,0.0022
01.07.2019 10:55:00.000,6162.997,6167.998,6162.997,6164.997,0.0044
01.07.2019 10:56:00.000,6164.998,6165.998,6164.998,6165.997,0.0003
01.07.2019 10:57:00.000,6165.998,6165.998,6165.997,6165.997,0.0025
01.07.2019 10:58:00.000,6165.998,6167.998,6165.997,6166.998,0.004
01.07.2019 10:59:00.000,6167.998,6167.998,6165.997,6165.998,0.0023
01.07.2019 11:00:00.000,6165.998,6165.998,6165.997,6165.997,0.0002
01.07.2019 11:02:00.000,6165.998,6167.998,6164.997,6165.998,0.0028
01.07.2019 11:03:00.000,6166.997,6166.998,6164.998,6165.998,0.0006
01.07.2019 11:04:00.000,6166.998,6166.998,6165.997,6165.998,0.0011
01.07.2019 11:05:00.000,6166.997,6170.998,6166.997,6166.998,0.004
01.07.2019 11:06:00.000,6166.997,6166.998,6164.997,6164.997,0.0057
01.07.2019 11:07:00.000,6164.998,6166.998,6164.997,6166.998,0.0041
01.07.2019 11:08:00.000,6166.750,6166.750,6164.997,6164.997,0.001
01.07.2019 11:09:00.000,6164.997,6164.997,6161.998,6162.998,0.0009
01.07.2019 11:10:00.000,6162.998,6162.998,6158.997,6158.997,0.0019
01.07.2019 11:11:00.000,6158.997,6158.998,6157.997,6157.997,0.0028
01.07.2019 11:12:00.000,6158.998,6162.998,6158.997,6158.997,0.0058
01.07.2019 11:13:00.000,6158.998,6158.998,6155.997,6156.998,0.0057
01.07.2019 11:14:00.000,6157.998,6158.998,6157.998,6158.997,0.0009
01.07.2019 11:15:00.000,6158.998,6159.998,6157.998,6158.997,0.0017
01.07.2019 11:16:00.000,6159.998,6159.998,6158.997,6158.998,0.0009
01.07.2019 11:17:00.000,6158.997,6160.998,6158.997,6160.997,0.0049
01.07.2019 11:18:00.000,6160.998,6163.998,6159.998,6162.997,0.0047
01.07.2019 11:19:00.000,6163.997,6164.998,6162.997,6164.998,0.0049
01.07.2019 11:20:00.000,6164.997,6164.998,6159.998,6161.998,0.0031
01.07.2019 11:21:00.000,6162.998,6165.998,6161.998,6165.998,0.0055
01.07.2019 11:22:00.000,6166.998,6168.998,6165.998,6166.998,0.0038
01.07.2019 11:23:00.000,6167.998,6167.998,6165.997,6167.997,0.0039
01.07.2019 11:24:00.000,6167.998,6167.998,6165.998,6166.998,0.0018
01.07.2019 11:25:00.000,6166.997,6167.998,6166.997,6166.998,0.004
01.07.2019 11:26:00.000,6164.998,6165.998,6164.998,6165.998,0.0029
01.07.2019 11:27:00.000,6164.998,6165.998,6162.997,6162.998,0.0053
01.07.2019 11:28:00.000,6162.997,6163.998,6161.998,6163.997,0.0033
01.07.2019 11:29:00.000,6163.998,6164.998,6162.997,6162.997,0.0049
01.07.2019 11:30:00.000,6162.998,6163.998,6161.997,6163.998,0.0042
01.07.2019 11:31:00.000,6163.998,6167.998,6163.997,6163.998,0.0033
01.07.2019 11:32:00.000,6164.998,6167.998,6164.997,6167.997,0.0017
01.07.2019 11:33:00.000,6168.998,6168.998,6167.997,6167.998,0.0025
01.07.2019 11:34:00.000,6167.997,6167.997,6166.997,6166.997,0.0008
01.07.2019 11:35:00.000,6166.998,6167.998,6166.997,6166.998,0.005
01.07.2019 11:36:00.000,6166.998,6166.998,6166.997,6166.998,0.0011
01.07.2019 11:37:00.000,6166.998,6166.998,6164.998,6166.998,0.0016
01.07.2019 11:38:00.000,6167.998,6167.998,6166.998,6167.998,0.0029
01.07.2019 11:39:00.000,6167.997,6167.998,6166.997,6166.998,0.0018
01.07.2019 11:40:00.000,6166.998,6166.998,6164.997,6165.997,0.0012
01.07.2019 11:41:00.000,6166.997,6166.998,6166.997,6166.998,0.0013
01.07.2019 11:42:00.000,6167.997,6168.998,6166.997,6168.998,0.0024
01.07.2019 11:43:00.000,6168.997,6168.997,6167.997,6167.998,0.0018
01.07.2019 11:44:00.000,6167.997,6167.998,6167.997,6167.997,0.0018
01.07.2019 11:45:00.000,6167.998,6168.998,6167.998,6167.998,0.0017
01.07.2019 11:46:00.000,6167.998,6167.998,6167.997,6167.997,0.0003
01.07.2019 11:47:00.000,6167.997,6167.998,6166.997,6167.998,0.0017
01.07.2019 11:48:00.000,6167.997,6167.998,6165.997,6165.998,0.0021
01.07.2019 11:49:00.000,6165.997,6165.998,6163.997,6163.998,0.0009
01.07.2019 11:50:00.000,6163.997,6163.998,6162.997,6162.997,0.0015
01.07.2019 11:51:00.000,6162.998,6162.998,6158.997,6159.998,0.0018
01.07.2019 11:52:00.000,6159.997,6160.998,6158.998,6159.997,0.0025
01.07.2019 11:53:00.000,6159.997,6159.997,6158.997,6158.997,0.0008
01.07.2019 11:54:00.000,6157.998,6159.998,6157.997,6159.997,0.0025
01.07.2019 11:55:00.000,6159.998,6160.998,6157.998,6160.998,0.007
01.07.2019 11:56:00.000,6159.998,6161.998,6158.997,6161.998,0.0048
01.07.2019 11:57:00.000,6162.998,6162.998,6158.998,6159.998,0.0035
01.07.2019 11:58:00.000,6159.750,6159.750,6157.998,6158.997,0.001
01.07.2019 11:59:00.000,6158.998,6158.998,6154.998,6154.998,0.0017
01.07.2019 12:00:00.000,6155.997,6158.998,6155.997,6157.998,0.0035
01.07.2019 12:01:00.000,6157.998,6160.998,6157.998,6160.998,0.0026
01.07.2019 12:02:00.000,6160.998,6161.998,6160.997,6161.998,0.0019
01.07.2019 12:03:00.000,6161.997,6163.997,6161.997,6162.998,0.0024
01.07.2019 12:04:00.000,6163.997,6163.998,6160.997,6160.998,0.0031
01.07.2019 12:05:00.000,6160.997,6161.998,6160.997,6161.998,0.0012
01.07.2019 12:06:00.000,6161.997,6162.998,6161.997,6161.998,0.0035
01.07.2019 12:07:00.000,6161.997,6162.998,6161.997,6162.998,0.001
01.07.2019 12:08:00.000,6161.997,6161.998,6161.997,6161.998,0.0009
01.07.2019 12:09:00.000,6161.997,6161.998,6160.997,6160.998,0.0015
01.07.2019 12:10:00.000,6160.998,6162.998,6160.997,6161.998,0.0044
01.07.2019 12:11:00.000,6161.997,6161.998,6161.997,6161.998,0.0014
01.07.2019 12:12:00.000,6162.998,6163.998,6162.997,6163.997,0.0039
01.07.2019 12:13:00.000,6163.998,6168.998,6163.997,6164.998,0.0049
01.07.2019 12:14:00.000,6164.998,6164.998,6163.997,6163.998,0.0014
01.07.2019 12:15:00.000,6163.998,6163.998,6161.997,6163.997,0.0036
01.07.2019 12:16:00.000,6163.998,6164.998,6163.997,6164.998,0.0008
01.07.2019 12:17:00.000,6164.997,6165.998,6164.997,6164.998,0.0006
01.07.2019 12:18:00.000,6164.997,6164.998,6162.997,6162.997,0.0028
01.07.2019 12:19:00.000,6163.998,6163.998,6161.998,6162.998,0.0029
01.07.2019 12:20:00.000,6162.998,6162.998,6161.998,6162.998,0.0004
01.07.2019 12:21:00.000,6162.997,6163.997,6162.997,6162.998,0.0002
01.07.2019 12:22:00.000,6162.997,6162.998,6160.998,6161.997,0.0013
01.07.2019 12:23:00.000,6161.998,6161.998,6161.997,6161.998,0.0001
01.07.2019 12:24:00.000,6161.997,6161.997,6157.997,6157.997,0.0033
01.07.2019 12:25:00.000,6158.998,6158.998,6157.997,6157.998,0.0022
01.07.2019 12:26:00.000,6157.997,6158.998,6157.997,6158.998,0.0014
01.07.2019 12:27:00.000,6159.998,6160.997,6159.997,6159.998,0.0052
01.07.2019 12:28:00.000,6159.997,6160.997,6159.997,6159.998,0.0014
01.07.2019 12:29:00.000,6159.997,6159.998,6157.997,6159.998,0.0021
01.07.2019 12:30:00.000,6159.997,6159.998,6158.997,6158.998,0.0009
01.07.2019 12:31:00.000,6158.998,6158.998,6157.997,6158.998,0.0021
01.07.2019 12:32:00.000,6158.997,6159.998,6158.997,6159.998,0.0007
01.07.2019 12:33:00.000,6159.997,6159.998,6158.997,6158.998,0.0012
01.07.2019 12:34:00.000,6158.997,6158.997,6153.998,6154.997,0.0024
01.07.2019 12:35:00.000,6154.997,6155.998,6154.997,6154.997,0.0012
01.07.2019 12:36:00.000,6154.998,6154.998,6153.997,6153.998,0.0016
01.07.2019 12:37:00.000,6154.998,6154.998,6152.998,6153.998,0.0029
01.07.2019 12:38:00.000,6154.998,6157.997,6154.997,6156.998,0.0005
01.07.2019 12:39:00.000,6156.998,6158.998,6156.997,6158.998,0.0008
01.07.2019 12:40:00.000,6158.997,6158.998,6156.997,6157.998,0.0023
01.07.2019 12:41:00.000,6156.998,6157.998,6156.997,6157.997,0.0034
01.07.2019 12:42:00.000,6157.998,6157.998,6156.997,6156.998,0.0017
01.07.2019 12:43:00.000,6156.997,6162.998,6156.997,6160.998,0.0074
01.07.2019 12:44:00.000,6159.998,6159.998,6156.998,6158.998,0.0083
01.07.2019 12:45:00.000,6159.998,6159.998,6158.997,6158.998,0.0007
01.07.2019 12:46:00.000,6159.998,6159.998,6158.997,6158.998,0.0025
01.07.2019 12:47:00.000,6159.998,6162.997,6159.997,6162.997,0.0025
01.07.2019 12:48:00.000,6162.998,6162.998,6160.998,6160.998,0.0004
01.07.2019 12:49:00.000,6160.997,6160.998,6160.997,6160.997,0.0007
01.07.2019 12:50:00.000,6160.997,6160.998,6159.997,6160.997,0.0019
01.07.2019 12:51:00.000,6160.998,6161.998,6159.998,6161.997,0.0058
01.07.2019 12:52:00.000,6160.998,6160.998,6160.997,6160.998,0.0006
01.07.2019 12:53:00.000,6160.997,6163.998,6160.997,6163.997,0.0035
01.07.2019 12:54:00.000,6164.997,6164.998,6164.997,6164.998,0.0001
01.07.2019 12:55:00.000,6163.997,6163.998,6163.997,6163.998,0.001
01.07.2019 12:56:00.000,6163.997,6165.998,6163.997,6164.997,0.0024
01.07.2019 12:57:00.000,6164.998,6166.998,6164.997,6164.998,0.0033
01.07.2019 12:58:00.000,6165.998,6165.998,6164.997,6165.998,0.0013
01.07.2019 12:59:00.000,6165.997,6170.998,6165.997,6170.997,0.0032
01.07.2019 13:00:00.000,6170.997,6172.998,6167.997,6169.998,0.0072
01.07.2019 13:01:00.000,6169.998,6170.998,6164.998,6165.998,0.0051
01.07.2019 13:02:00.000,6164.997,6166.998,6161.997,6162.998,0.0073
01.07.2019 13:03:00.000,6162.997,6163.998,6161.998,6162.998,0.005
01.07.2019 13:04:00.000,6162.998,6165.998,6162.997,6164.998,0.004
01.07.2019 13:05:00.000,6164.997,6166.997,6164.997,6164.998,0.0009
01.07.2019 13:06:00.000,6164.997,6164.998,6160.997,6160.997,0.0048
01.07.2019 13:07:00.000,6160.997,6161.998,6159.997,6159.997,0.0066
01.07.2019 13:08:00.000,6160.997,6161.998,6160.997,6160.997,0.0016
01.07.2019 13:09:00.000,6160.998,6161.998,6160.997,6161.998,0.002
01.07.2019 13:10:00.000,6161.997,6161.998,6161.997,6161.998,0.0012
01.07.2019 13:11:00.000,6161.997,6162.998,6160.997,6162.997,0.0035
01.07.2019 13:12:00.000,6162.998,6165.998,6162.997,6165.997,0.0034
01.07.2019 13:13:00.000,6166.998,6167.998,6166.997,6167.998,0.0025
01.07.2019 13:14:00.000,6168.997,6168.997,6167.997,6167.998,0.0015
01.07.2019 13:15:00.000,6167.997,6168.998,6167.997,6168.998,0.0026
01.07.2019 13:16:00.000,6168.997,6168.997,6165.998,6166.997,0.0028
01.07.2019 13:17:00.000,6166.998,6169.998,6164.997,6169.997,0.007
01.07.2019 13:18:00.000,6168.998,6170.998,6168.997,6170.998,0.0049
01.07.2019 13:19:00.000,6170.997,6170.998,6169.997,6169.998,0.0032
01.07.2019 13:21:00.000,6169.997,6169.998,6167.997,6167.998,0.0038
01.07.2019 13:22:00.000,6167.997,6168.998,6167.997,6168.998,0.0061
01.07.2019 13:23:00.000,6169.997,6171.998,6167.998,6168.998,0.004
01.07.2019 13:24:00.000,6167.998,6167.998,6166.997,6167.998,0.0034
01.07.2019 13:25:00.000,6167.998,6168.998,6167.998,6167.998,0.0012
01.07.2019 13:26:00.000,6167.997,6167.998,6166.998,6166.998,0.0004
01.07.2019 13:27:00.000,6165.998,6166.998,6165.997,6166.998,0.0018
01.07.2019 13:28:00.000,6166.997,6166.997,6164.997,6164.997,0.0015
01.07.2019 13:29:00.000,6164.998,6164.998,6162.997,6163.997,0.0014
01.07.2019 13:30:00.000,6163.998,6164.998,6160.997,6160.997,0.0076
01.07.2019 13:31:00.000,6160.997,6160.997,6157.998,6159.998,0.0047
01.07.2019 13:32:00.000,6159.997,6159.998,6155.997,6155.998,0.0053
01.07.2019 13:33:00.000,6153.998,6162.998,6153.998,6160.997,0.0059
01.07.2019 13:34:00.000,6160.998,6162.998,6160.998,6161.998,0.0059
01.07.2019 13:35:00.000,6161.997,6162.998,6161.997,6161.998,0.0032
01.07.2019 13:36:00.000,6161.998,6162.998,6158.997,6158.997,0.0039
01.07.2019 13:37:00.000,6159.998,6159.998,6157.997,6158.998,0.0031
01.07.2019 13:38:00.000,6156.998,6157.998,6152.998,6152.998,0.0026
01.07.2019 13:39:00.000,6153.997,6154.997,6150.998,6152.998,0.0043
01.07.2019 13:40:00.000,6151.998,6153.998,6150.998,6153.997,0.0028
01.07.2019 13:41:00.000,6153.998,6154.998,6151.997,6154.998,0.0037
01.07.2019 13:42:00.000,6155.998,6155.998,6152.997,6152.997,0.0024
01.07.2019 13:43:00.000,6152.998,6154.998,6152.997,6152.998,0.0024
01.07.2019 13:44:00.000,6152.997,6154.998,6152.997,6153.998,0.0029
01.07.2019 13:45:00.000,6152.998,6153.998,6151.997,6151.997,0.0029
01.07.2019 13:46:00.000,6152.997,6155.998,6152.997,6153.997,0.0069
01.07.2019 13:47:00.000,6153.998,6154.998,6153.997,6154.997,0.0014
01.07.2019 13:48:00.000,6154.998,6154.998,6153.998,6153.998,0.0007
01.07.2019 13:49:00.000,6152.998,6154.998,6151.997,6153.997,0.0075
01.07.2019 13:50:00.000,6153.998,6156.998,6153.998,6155.998,0.0028
01.07.2019 13:51:00.000,6155.997,6160.998,6155.997,6160.997,0.0029
01.07.2019 13:52:00.000,6160.998,6160.998,6160.997,6160.998,0.0021
01.07.2019 13:53:00.000,6160.997,6161.998,6159.997,6159.997,0.0054
01.07.2019 13:54:00.000,6159.998,6159.998,6158.997,6158.998,0.0025
01.07.2019 13:55:00.000,6159.998,6159.998,6157.997,6157.998,0.0016
01.07.2019 13:56:00.000,6157.998,6160.998,6154.997,6155.998,0.0081
01.07.2019 13:57:00.000,6156.998,6156.998,6155.998,6156.998,0.0013
01.07.2019 13:58:00.000,6156.997,6156.998,6156.997,6156.997,0.001
01.07.2019 13:59:00.000,6156.998,6157.998,6155.997,6155.998,0.0026
01.07.2019 14:00:00.000,6156.998,6160.998,6155.998,6157.998,0.0064
01.07.2019 14:01:00.000,6157.997,6159.998,6157.997,6159.997,0.0036
01.07.2019 14:02:00.000,6161.998,6165.998,6161.997,6165.998,0.006
01.07.2019 14:03:00.000,6164.997,6170.998,6164.997,6169.998,0.0048
01.07.2019 14:04:00.000,6170.997,6171.998,6167.997,6168.998,0.0089
01.07.2019 14:05:00.000,6167.998,6168.998,6167.998,6167.998,0.0052
01.07.2019 14:06:00.000,6167.998,6173.998,6166.998,6173.998,0.008
01.07.2019 14:07:00.000,6173.998,6175.998,6173.998,6175.997,0.0018
01.07.2019 14:08:00.000,6176.998,6176.998,6173.997,6173.998,0.0059
01.07.2019 14:09:00.000,6172.997,6176.998,6172.997,6174.997,0.0122
01.07.2019 14:10:00.000,6174.997,6174.998,6172.998,6174.998,0.0036
01.07.2019 14:11:00.000,6174.997,6177.998,6174.997,6177.998,0.0032
01.07.2019 14:12:00.000,6178.998,6181.997,6178.997,6179.998,0.0079
01.07.2019 14:13:00.000,6179.997,6183.998,6179.997,6182.997,0.0044
01.07.2019 14:14:00.000,6183.997,6183.998,6181.997,6181.997,0.0045
01.07.2019 14:15:00.000,6182.998,6183.998,6181.997,6181.998,0.0037
01.07.2019 14:16:00.000,6180.997,6180.998,6176.997,6176.997,0.005
01.07.2019 14:17:00.000,6177.998,6178.998,6177.997,6178.998,0.0012
01.07.2019 14:18:00.000,6178.997,6178.997,6175.997,6175.998,0.0049
01.07.2019 14:19:00.000,6175.997,6176.998,6175.997,6176.998,0.0034
01.07.2019 14:20:00.000,6176.997,6178.998,6176.997,6177.997,0.0086
01.07.2019 14:21:00.000,6177.998,6179.998,6176.997,6176.997,0.0059
01.07.2019 14:22:00.000,6176.998,6178.998,6175.997,6177.997,0.0087
01.07.2019 14:23:00.000,6177.998,6177.998,6174.997,6174.998,0.0052
01.07.2019 14:24:00.000,6175.998,6176.998,6169.997,6169.998,0.0055
01.07.2019 14:25:00.000,6170.998,6170.998,6169.997,6169.998,0.0035
01.07.2019 14:26:00.000,6168.998,6168.998,6168.997,6168.998,0.0008
01.07.2019 14:27:00.000,6169.997,6169.998,6165.998,6167.997,0.0126
01.07.2019 14:28:00.000,6167.998,6168.998,6166.998,6167.998,0.0034
01.07.2019 14:29:00.000,6167.998,6170.998,6167.998,6168.997,0.0056
01.07.2019 14:30:00.000,6168.998,6170.998,6165.997,6165.998,0.0055
01.07.2019 14:31:00.000,6165.997,6165.998,6162.997,6162.998,0.0022
01.07.2019 14:32:00.000,6162.750,6162.750,6158.997,6159.997,0.004
01.07.2019 14:33:00.000,6159.998,6159.998,6158.998,6158.998,0.0018
01.07.2019 14:34:00.000,6157.998,6161.998,6156.998,6157.998,0.0092
01.07.2019 14:35:00.000,6158.998,6164.998,6157.998,6159.997,0.0091
01.07.2019 14:36:00.000,6160.998,6163.998,6160.997,6163.998,0.0039
01.07.2019 14:37:00.000,6163.997,6163.998,6158.997,6159.998,0.0063
01.07.2019 14:38:00.000,6159.997,6162.998,6157.997,6161.997,0.0153
01.07.2019 14:39:00.000,6161.998,6168.998,6161.997,6168.998,0.0096
01.07.2019 14:40:00.000,6167.997,6168.998,6165.997,6167.998,0.0082
01.07.2019 14:41:00.000,6167.997,6170.998,6166.997,6169.998,0.0053
01.07.2019 14:42:00.000,6169.997,6169.998,6167.997,6167.998,0.0048
01.07.2019 14:43:00.000,6168.998,6168.998,6164.997,6166.998,0.007
01.07.2019 14:44:00.000,6166.750,6166.998,6164.997,6165.997,0.0032
01.07.2019 14:45:00.000,6165.998,6166.997,6163.998,6164.997,0.0051
01.07.2019 14:46:00.000,6165.997,6168.998,6165.997,6167.997,0.0085
01.07.2019 14:47:00.000,6167.998,6168.998,6165.997,6166.998,0.0059
01.07.2019 14:48:00.000,6167.998,6169.998,6166.997,6167.998,0.0081
01.07.2019 14:49:00.000,6166.998,6167.998,6165.997,6165.998,0.0099
01.07.2019 14:50:00.000,6164.998,6167.998,6163.998,6164.998,0.0076
01.07.2019 14:51:00.000,6165.997,6165.998,6161.997,6161.997,0.0028
01.07.2019 14:52:00.000,6161.998,6161.998,6158.998,6159.998,0.0078
01.07.2019 14:53:00.000,6159.997,6162.998,6158.998,6161.998,0.008
01.07.2019 14:54:00.000,6161.997,6162.998,6159.997,6162.998,0.014
01.07.2019 14:55:00.000,6162.750,6165.998,6160.997,6162.998,0.0119
01.07.2019 14:56:00.000,6162.997,6162.998,6160.997,6161.998,0.0073
01.07.2019 14:57:00.000,6161.997,6161.998,6160.997,6160.997,0.0076
01.07.2019 14:58:00.000,6161.998,6161.998,6160.997,6160.997,0.0037
01.07.2019 14:59:00.000,6160.998,6163.998,6160.997,6163.998,0.0077
01.07.2019 15:00:00.000,6163.997,6164.998,6163.997,6163.997,0.0043
01.07.2019 15:01:00.000,6163.998,6166.998,6163.998,6166.998,0.0022
01.07.2019 15:02:00.000,6167.997,6167.998,6163.998,6164.998,0.0104
01.07.2019 15:03:00.000,6164.997,6170.998,6164.997,6170.998,0.0071
01.07.2019 15:04:00.000,6170.998,6172.998,6169.998,6171.998,0.0055
01.07.2019 15:05:00.000,6171.997,6172.998,6169.997,6169.998,0.0075
01.07.2019 15:06:00.000,6169.997,6170.998,6169.997,6169.997,0.0017
01.07.2019 15:07:00.000,6170.997,6174.998,6170.997,6174.998,0.0046
01.07.2019 15:08:00.000,6173.997,6173.998,6170.997,6171.998,0.0044
01.07.2019 15:09:00.000,6171.997,6171.998,6169.997,6170.998,0.0068
01.07.2019 15:10:00.000,6169.997,6169.998,6168.997,6168.998,0.0022
01.07.2019 15:11:00.000,6168.997,6173.998,6168.997,6172.998,0.011
01.07.2019 15:12:00.000,6173.998,6173.998,6169.997,6170.998,0.0078
01.07.2019 15:13:00.000,6169.998,6172.998,6169.997,6172.997,0.0062
01.07.2019 15:14:00.000,6172.997,6172.998,6169.998,6170.998,0.0058
01.07.2019 15:15:00.000,6170.997,6172.998,6170.997,6172.998,0.0053
01.07.2019 15:16:00.000,6172.997,6173.998,6170.997,6171.998,0.0068
01.07.2019 15:17:00.000,6171.997,6175.998,6171.997,6175.998,0.0081
01.07.2019 15:18:00.000,6176.998,6180.998,6175.997,6180.997,0.0078
01.07.2019 15:19:00.000,6180.998,6182.998,6179.997,6182.997,0.009
01.07.2019 15:20:00.000,6182.998,6184.998,6180.997,6182.997,0.007
01.07.2019 15:21:00.000,6182.998,6185.998,6181.997,6185.998,0.0355
01.07.2019 15:22:00.000,6185.997,6185.997,6176.997,6178.998,0.0417
01.07.2019 15:23:00.000,6178.998,6178.998,6170.997,6172.998,0.0144
01.07.2019 15:24:00.000,6174.750,6179.998,6174.750,6178.997,0.0148
01.07.2019 15:25:00.000,6178.998,6179.998,6175.998,6176.997,0.0337
01.07.2019 15:26:00.000,6176.998,6177.998,6171.997,6175.998,0.019
01.07.2019 15:27:00.000,6175.997,6176.998,6173.998,6176.997,0.0064
01.07.2019 15:28:00.000,6176.998,6180.998,6175.997,6180.998,0.0051
01.07.2019 15:29:00.000,6181.998,6183.998,6179.997,6183.998,0.0057
02.07.2019 07:00:00.000,6166.998,6166.998,6166.998,6166.998,0.0003
02.07.2019 07:01:00.000,6177.998,6177.998,6176.997,6176.998,0.0007
02.07.2019 07:04:00.000,6170.997,6170.997,6170.997,6170.997,0.0001
02.07.2019 07:05:00.000,6166.998,6172.998,6161.997,6166.997,0.0045
02.07.2019 07:06:00.000,6166.998,6172.998,6166.998,6172.998,0.0016
02.07.2019 07:07:00.000,6174.998,6177.998,6169.997,6174.998,0.0032
02.07.2019 07:08:00.000,6174.997,6179.998,6169.998,6179.997,0.0009
02.07.2019 07:09:00.000,6179.998,6188.998,6179.998,6187.998,0.0034
02.07.2019 07:10:00.000,6189.997,6199.997,6188.997,6199.997,0.0043
02.07.2019 07:11:00.000,6200.998,6206.997,6199.997,6206.997,0.0018
02.07.2019 07:12:00.000,6207.997,6207.997,6202.998,6205.997,0.0011
02.07.2019 07:13:00.000,6205.997,6210.998,6204.997,6210.998,0.0017
02.07.2019 07:14:00.000,6211.998,6213.998,6208.997,6211.998,0.0027
02.07.2019 07:15:00.000,6208.998,6220.998,6208.997,6219.998,0.006
02.07.2019 07:16:00.000,6219.998,6219.998,6213.997,6217.998,0.0015
02.07.2019 07:17:00.000,6217.997,6223.998,6217.997,6219.997,0.0023
02.07.2019 07:18:00.000,6220.998,6231.998,6220.998,6229.998,0.0039
02.07.2019 07:19:00.000,6229.997,6230.998,6224.998,6229.998,0.0047
02.07.2019 07:20:00.000,6229.997,6230.998,6225.998,6225.998,0.0025
02.07.2019 07:21:00.000,6227.997,6235.998,6227.997,6235.998,0.0023
02.07.2019 07:22:00.000,6235.998,6236.998,6225.998,6229.997,0.0018
02.07.2019 07:23:00.000,6229.998,6236.998,6227.997,6234.998,0.0073
02.07.2019 07:24:00.000,6235.998,6237.998,6230.997,6233.998,0.0031
02.07.2019 07:25:00.000,6233.750,6234.998,6225.997,6233.997,0.0063
02.07.2019 07:26:00.000,6234.998,6242.998,6234.998,6239.998,0.0067
02.07.2019 07:27:00.000,6239.997,6242.997,6236.998,6242.997,0.0047
02.07.2019 07:28:00.000,6240.998,6241.998,6236.997,6240.998,0.0023
02.07.2019 07:29:00.000,6240.998,6243.998,6239.997,6239.997,0.0016
02.07.2019 07:30:00.000,6240.998,6247.998,6240.998,6247.997,0.0041
02.07.2019 07:31:00.000,6247.997,6247.997,6247.997,6247.997,0.0002
02.07.2019 07:32:00.000,6247.998,6252.997,6247.998,6250.997,0.0018
02.07.2019 07:33:00.000,6248.998,6257.998,6248.997,6257.998,0.0038
02.07.2019 07:34:00.000,6257.998,6257.998,6249.997,6249.997,0.0021
02.07.2019 07:35:00.000,6249.998,6251.998,6248.998,6250.998,0.0011
02.07.2019 07:36:00.000,6250.997,6253.998,6246.998,6250.998,0.0043
02.07.2019 07:37:00.000,6250.998,6253.998,6250.997,6253.998,0.0043
02.07.2019 07:38:00.000,6253.997,6254.998,6252.997,6254.998,0.0034
02.07.2019 07:39:00.000,6254.998,6254.998,6248.997,6250.998,0.0017
02.07.2019 07:40:00.000,6250.998,6254.998,6250.997,6254.998,0.0018
02.07.2019 07:41:00.000,6254.997,6254.998,6253.997,6254.998,0.0007
02.07.2019 07:42:00.000,6254.998,6258.998,6254.997,6256.997,0.0033
02.07.2019 07:43:00.000,6256.998,6257.997,6256.997,6256.998,0.0022
02.07.2019 07:44:00.000,6257.998,6257.998,6251.998,6253.998,0.0017
02.07.2019 07:45:00.000,6250.998,6251.998,6245.998,6247.998,0.0025
02.07.2019 07:46:00.000,6247.998,6247.998,6241.998,6246.997,0.0033
02.07.2019 07:47:00.000,6247.998,6249.998,6242.998,6243.998,0.0052
02.07.2019 07:48:00.000,6244.998,6249.998,6243.997,6249.998,0.0041
02.07.2019 07:49:00.000,6249.997,6254.998,6249.997,6254.997,0.0014
02.07.2019 07:50:00.000,6254.998,6263.998,6254.997,6263.998,0.012
02.07.2019 07:51:00.000,6263.998,6263.998,6261.997,6262.998,0.0036
02.07.2019 07:52:00.000,6262.998,6263.998,6261.997,6262.998,0.002
02.07.2019 07:53:00.000,6264.998,6264.998,6250.997,6253.998,0.0048
02.07.2019 07:54:00.000,6253.997,6255.997,6250.997,6254.998,0.0035
02.07.2019 07:55:00.000,6254.998,6254.998,6250.997,6252.998,0.0013
02.07.2019 07:56:00.000,6252.997,6255.997,6250.998,6252.997,0.0017
02.07.2019 07:57:00.000,6252.997,6254.998,6250.998,6254.998,0.002
02.07.2019 07:58:00.000,6254.998,6255.998,6249.998,6249.998,0.0017
02.07.2019 07:59:00.000,6249.998,6249.998,6249.997,6249.998,0.0013
02.07.2019 08:00:00.000,6249.997,6251.998,6249.997,6249.998,0.0019
02.07.2019 08:01:00.000,6249.997,6250.998,6249.997,6250.998,0.0007
02.07.2019 08:02:00.000,6250.997,6252.998,6250.997,6251.998,0.0012
02.07.2019 08:03:00.000,6251.997,6253.998,6251.997,6253.998,0.0027
02.07.2019 08:04:00.000,6255.998,6261.998,6255.997,6261.998,0.0041
02.07.2019 08:05:00.000,6260.998,6268.998,6260.997,6268.997,0.006
02.07.2019 08:06:00.000,6268.998,6270.998,6268.997,6270.998,0.0047
02.07.2019 08:07:00.000,6270.997,6272.998,6265.998,6267.997,0.0076
02.07.2019 08:08:00.000,6267.998,6273.998,6267.998,6273.998,0.0026
02.07.2019 08:09:00.000,6273.998,6277.998,6273.997,6274.998,0.0074
02.07.2019 08:10:00.000,6273.998,6276.998,6273.997,6276.998,0.0023
02.07.2019 08:11:00.000,6276.997,6276.998,6276.997,6276.997,0.0005
02.07.2019 08:12:00.000,6277.998,6280.998,6277.998,6277.998,0.0014
02.07.2019 08:13:00.000,6278.998,6279.998,6277.997,6277.997,0.0017
02.07.2019 08:14:00.000,6277.998,6277.998,6272.997,6274.998,0.0021
02.07.2019 08:15:00.000,6274.250,6274.250,6268.997,6269.997,0.0037
02.07.2019 08:16:00.000,6269.998,6269.998,6264.998,6264.998,0.0008
02.07.2019 08:17:00.000,6264.998,6264.998,6258.998,6258.998,0.0039
02.07.2019 08:18:00.000,6260.998,6261.998,6259.997,6259.998,0.0037
02.07.2019 08:19:00.000,6260.998,6263.998,6260.998,6262.998,0.0017
02.07.2019 08:20:00.000,6262.997,6268.998,6262.997,6268.998,0.0033
02.07.2019 08:21:00.000,6268.997,6268.998,6268.997,6268.997,0.0002
02.07.2019 08:22:00.000,6268.998,6270.998,6266.998,6267.998,0.0011
02.07.2019 08:23:00.000,6267.997,6268.998,6266.998,6266.998,0.001
02.07.2019 08:24:00.000,6266.997,6271.998,6266.997,6271.998,0.001
02.07.2019 08:25:00.000,6271.997,6271.998,6271.997,6271.998,0.0011
02.07.2019 08:26:00.000,6271.998,6274.998,6270.997,6274.998,0.0026
02.07.2019 08:27:00.000,6274.997,6274.997,6270.997,6273.998,0.0009
02.07.2019 08:28:00.000,6273.998,6273.998,6273.997,6273.998,0.0005
02.07.2019 08:29:00.000,6273.997,6273.998,6273.997,6273.998,0.0009
02.07.2019 08:30:00.000,6273.997,6280.998,6273.997,6279.998,0.0032
02.07.2019 08:31:00.000,6279.997,6291.998,6279.997,6282.998,0.0054
02.07.2019 08:32:00.000,6284.997,6290.998,6284.997,6290.998,0.0057
02.07.2019 08:33:00.000,6290.997,6290.998,6289.997,6290.998,0.0031
02.07.2019 08:34:00.000,6286.998,6286.998,6286.997,6286.998,0.0009
02.07.2019 08:35:00.000,6286.500,6286.500,6278.998,6283.998,0.0032
02.07.2019 08:36:00.000,6283.998,6293.998,6283.998,6293.998,0.0028
02.07.2019 08:37:00.000,6294.998,6294.998,6287.997,6294.998,0.0068
02.07.2019 08:38:00.000,6294.998,6295.998,6289.998,6289.998,0.0075
02.07.2019 08:39:00.000,6291.998,6297.998,6291.998,6295.997,0.0032
02.07.2019 08:40:00.000,6295.998,6299.998,6295.998,6297.998,0.0032
02.07.2019 08:41:00.000,6297.997,6301.998,6297.997,6301.998,0.0025
02.07.2019 08:42:00.000,6301.998,6302.998,6297.997,6298.998,0.002
02.07.2019 08:43:00.000,6299.998,6303.998,6299.997,6303.998,0.0016
02.07.2019 08:44:00.000,6304.998,6308.998,6304.997,6308.998,0.0039
02.07.2019 08:45:00.000,6308.997,6310.998,6305.997,6306.998,0.0048
02.07.2019 08:46:00.000,6309.997,6309.998,6305.997,6306.998,0.0012
02.07.2019 08:47:00.000,6306.997,6311.998,6306.997,6311.998,0.0021
02.07.2019 08:48:00.000,6311.750,6311.750,6301.997,6308.998,0.0062
02.07.2019 08:49:00.000,6309.998,6315.998,6308.997,6315.997,0.004
02.07.2019 08:50:00.000,6315.997,6319.998,6311.997,6319.998,0.003
02.07.2019 08:51:00.000,6319.997,6319.997,6314.997,6316.998,0.0043
02.07.2019 08:52:00.000,6316.998,6316.998,6311.997,6314.998,0.0031
02.07.2019 08:53:00.000,6314.998,6317.998,6314.997,6317.997,0.0017
02.07.2019 08:54:00.000,6317.997,6320.997,6315.998,6318.998,0.0065
02.07.2019 08:55:00.000,6319.998,6322.998,6319.998,6321.998,0.0031
02.07.2019 08:56:00.000,6321.750,6321.750,6318.998,6320.998,0.0014
02.07.2019 08:57:00.000,6322.998,6333.998,6322.998,6330.998,0.0079
02.07.2019 08:58:00.000,6332.997,6332.997,6322.997,6322.997,0.0013
02.07.2019 08:59:00.000,6323.998,6323.998,6320.997,6320.997,0.0048
02.07.2019 09:00:00.000,6320.998,6322.998,6319.997,6321.997,0.002
02.07.2019 09:01:00.000,6321.998,6321.998,6317.997,6320.998,0.0024
02.07.2019 09:02:00.000,6320.998,6320.998,6320.997,6320.997,0.002
02.07.2019 09:03:00.000,6320.998,6327.998,6320.998,6325.998,0.0035
02.07.2019 09:04:00.000,6325.998,6327.998,6322.997,6327.997,0.0045
02.07.2019 09:05:00.000,6327.998,6332.997,6327.998,6332.997,0.0027
02.07.2019 09:06:00.000,6332.998,6333.998,6332.997,6333.998,0.0014
02.07.2019 09:07:00.000,6333.997,6338.998,6333.997,6335.998,0.0063
02.07.2019 09:08:00.000,6336.998,6338.998,6335.998,6336.998,0.0011
02.07.2019 09:09:00.000,6336.998,6337.998,6332.997,6334.998,0.0032
02.07.2019 09:10:00.000,6335.998,6337.998,6335.998,6336.997,0.0012
02.07.2019 09:11:00.000,6336.998,6336.998,6333.998,6334.998,0.0004
02.07.2019 09:12:00.000,6334.998,6341.998,6334.997,6337.998,0.0055
02.07.2019 09:13:00.000,6337.998,6337.998,6335.997,6337.997,0.0012
02.07.2019 09:14:00.000,6338.997,6339.998,6337.997,6339.997,0.0016
02.07.2019 09:15:00.000,6340.998,6340.998,6337.997,6339.998,0.0085
02.07.2019 09:16:00.000,6340.998,6344.998,6340.997,6343.998,0.0038
02.07.2019 09:17:00.000,6344.997,6346.997,6339.998,6341.998,0.0019
02.07.2019 09:18:00.000,6341.998,6342.997,6341.997,6341.997,0.0015
02.07.2019 09:19:00.000,6341.998,6341.998,6328.998,6328.998,0.0028
02.07.2019 09:20:00.000,6328.998,6329.997,6323.997,6323.998,0.0017
02.07.2019 09:21:00.000,6323.997,6324.998,6320.997,6321.998,0.002
02.07.2019 09:22:00.000,6321.997,6321.998,6318.997,6318.998,0.0012
02.07.2019 09:23:00.000,6319.997,6321.998,6319.997,6319.998,0.0012
02.07.2019 09:24:00.000,6319.997,6319.998,6317.997,6318.997,0.0019
02.07.2019 09:25:00.000,6318.998,6321.998,6318.997,6321.998,0.0021
02.07.2019 09:26:00.000,6322.998,6322.998,6321.997,6322.998,0.0028
02.07.2019 09:27:00.000,6324.998,6325.997,6323.998,6324.997,0.0051
02.07.2019 09:28:00.000,6323.997,6323.998,6323.997,6323.998,0.0016
02.07.2019 09:29:00.000,6323.998,6323.998,6320.998,6321.998,0.0017
02.07.2019 09:30:00.000,6321.997,6327.998,6321.997,6327.998,0.0062
02.07.2019 09:31:00.000,6327.997,6336.998,6327.997,6336.997,0.0041
02.07.2019 09:32:00.000,6337.997,6337.998,6331.997,6333.998,0.0046
02.07.2019 09:33:00.000,6333.998,6342.998,6333.998,6339.998,0.0079
02.07.2019 09:34:00.000,6340.998,6342.997,6336.998,6338.998,0.0012
02.07.2019 09:35:00.000,6339.998,6341.997,6337.997,6341.997,0.0015
02.07.2019 09:36:00.000,6341.997,6341.997,6335.998,6336.997,0.003
02.07.2019 09:37:00.000,6336.998,6336.998,6336.997,6336.997,0.0015
02.07.2019 09:38:00.000,6336.997,6336.998,6333.998,6334.998,0.0006
02.07.2019 09:39:00.000,6334.997,6334.998,6330.998,6331.998,0.0013
02.07.2019 09:40:00.000,6333.998,6337.998,6333.997,6336.998,0.0035
02.07.2019 09:41:00.000,6336.998,6339.998,6336.998,6339.997,0.0019
02.07.2019 09:42:00.000,6339.998,6340.998,6338.998,6340.997,0.0037
02.07.2019 09:43:00.000,6340.998,6347.998,6340.998,6346.997,0.004
02.07.2019 09:44:00.000,6347.998,6349.998,6344.998,6344.998,0.0031
02.07.2019 09:45:00.000,6345.997,6347.998,6345.997,6345.997,0.0031
02.07.2019 09:46:00.000,6345.998,6345.998,6337.997,6338.998,0.0042
02.07.2019 09:47:00.000,6340.998,6342.998,6340.998,6342.997,0.0016
02.07.2019 09:48:00.000,6342.998,6344.998,6339.998,6339.998,0.0037
02.07.2019 09:49:00.000,6339.997,6339.998,6331.998,6332.997,0.0119
02.07.2019 09:50:00.000,6332.997,6332.997,6321.997,6321.998,0.0054
02.07.2019 09:51:00.000,6323.998,6323.998,6316.998,6322.997,0.0039
02.07.2019 09:52:00.000,6322.998,6328.998,6321.997,6328.998,0.0078
02.07.2019 09:53:00.000,6328.997,6332.998,6328.997,6328.998,0.0054
02.07.2019 09:54:00.000,6328.750,6329.998,6325.997,6329.998,0.0026
02.07.2019 09:55:00.000,6329.998,6334.998,6329.998,6334.998,0.0051
02.07.2019 09:56:00.000,6334.998,6335.998,6330.998,6332.998,0.0046
02.07.2019 09:57:00.000,6333.997,6335.998,6331.998,6331.998,0.0021
02.07.2019 09:58:00.000,6332.998,6335.998,6332.997,6335.998,0.0015
02.07.2019 09:59:00.000,6335.997,6335.998,6329.997,6330.998,0.0022
02.07.2019 10:00:00.000,6330.997,6332.998,6329.998,6332.998,0.0044
02.07.2019 10:01:00.000,6332.997,6333.998,6332.997,6333.997,0.0022
02.07.2019 10:02:00.000,6333.998,6333.998,6327.997,6329.997,0.0032
02.07.2019 10:03:00.000,6329.998,6329.998,6326.997,6327.998,0.0031
02.07.2019 10:04:00.000,6327.998,6330.998,6327.997,6328.998,0.0036
02.07.2019 10:05:00.000,6328.997,6328.998,6328.997,6328.997,0.0037
02.07.2019 10:06:00.000,6328.998,6331.998,6326.997,6326.997,0.0051
02.07.2019 10:07:00.000,6327.998,6328.998,6327.997,6328.998,0.0031
02.07.2019 10:08:00.000,6328.997,6329.998,6326.998,6329.998,0.0022
02.07.2019 10:09:00.000,6329.998,6335.998,6329.997,6334.998,0.0033
02.07.2019 10:10:00.000,6334.997,6335.998,6333.997,6335.998,0.0033
02.07.2019 10:11:00.000,6333.998,6334.998,6332.998,6332.998,0.0016
02.07.2019 10:12:00.000,6333.998,6333.998,6330.997,6331.997,0.0026
02.07.2019 10:13:00.000,6331.998,6332.998,6330.997,6331.998,0.0023
02.07.2019 10:14:00.000,6329.998,6330.998,6327.997,6327.997,0.0025
02.07.2019 10:15:00.000,6327.998,6328.998,6324.998,6325.998,0.0029
02.07.2019 10:16:00.000,6326.998,6326.998,6326.997,6326.998,0.0007
02.07.2019 10:17:00.000,6326.998,6327.998,6322.998,6322.998,0.002
02.07.2019 10:18:00.000,6322.997,6322.998,6318.998,6318.998,0.0029
02.07.2019 10:19:00.000,6319.998,6319.998,6319.997,6319.998,0.0014
02.07.2019 10:20:00.000,6320.998,6326.998,6319.997,6326.998,0.0045
02.07.2019 10:21:00.000,6327.997,6327.997,6321.998,6321.998,0.0018
02.07.2019 10:22:00.000,6321.998,6323.998,6318.997,6322.997,0.0034
02.07.2019 10:23:00.000,6322.997,6322.998,6322.997,6322.998,0.0004
02.07.2019 10:24:00.000,6322.997,6324.998,6322.997,6324.998,0.0009
02.07.2019 10:25:00.000,6322.998,6324.998,6319.998,6319.998,0.0028
02.07.2019 10:26:00.000,6318.998,6318.998,6315.997,6315.998,0.0021
02.07.2019 10:27:00.000,6316.998,6317.998,6315.997,6315.998,0.0046
02.07.2019 10:28:00.000,6315.997,6317.998,6315.997,6317.998,0.0024
02.07.2019 10:29:00.000,6317.998,6319.998,6315.997,6316.998,0.0034
02.07.2019 10:30:00.000,6317.998,6317.998,6315.997,6316.997,0.0027
02.07.2019 10:31:00.000,6316.998,6316.998,6313.998,6314.998,0.0016
02.07.2019 10:32:00.000,6314.997,6316.998,6314.997,6314.997,0.0027
02.07.2019 10:33:00.000,6314.998,6314.998,6311.997,6311.997,0.0026
02.07.2019 10:34:00.000,6311.998,6312.998,6308.997,6308.998,0.0017
02.07.2019 10:35:00.000,6309.998,6311.997,6308.997,6310.998,0.003
02.07.2019 10:36:00.000,6310.997,6311.998,6310.997,6310.998,0.001
02.07.2019 10:37:00.000,6312.997,6312.998,6312.997,6312.998,0.0017
02.07.2019 10:38:00.000,6312.997,6315.998,6312.997,6315.998,0.0045
02.07.2019 10:39:00.000,6314.998,6315.997,6312.998,6313.998,0.0059
02.07.2019 10:40:00.000,6312.998,6312.998,6309.997,6309.998,0.0014
02.07.2019 10:41:00.000,6311.997,6311.998,6309.998,6310.998,0.0014
02.07.2019 10:42:00.000,6310.997,6312.998,6310.997,6312.998,0.0012
02.07.2019 10:43:00.000,6312.750,6312.750,6309.997,6310.998,0.0007
02.07.2019 10:44:00.000,6310.997,6311.998,6310.997,6311.998,0.0029
02.07.2019 10:45:00.000,6310.998,6316.997,6310.998,6316.997,0.0022
02.07.2019 10:46:00.000,6316.998,6317.998,6315.997,6316.998,0.001
02.07.2019 10:47:00.000,6315.998,6316.998,6314.998,6316.998,0.0016
02.07.2019 10:48:00.000,6316.997,6316.998,6316.997,6316.997,0.0008
02.07.2019 10:49:00.000,6316.998,6318.998,6315.998,6316.998,0.0019
02.07.2019 10:50:00.000,6317.998,6318.997,6314.998,6314.998,0.0022
02.07.2019 10:51:00.000,6315.998,6316.998,6314.997,6316.998,0.0042
02.07.2019 10:52:00.000,6317.998,6317.998,6316.997,6316.998,0.0012
02.07.2019 10:53:00.000,6316.997,6317.998,6315.997,6315.998,0.0039
02.07.2019 10:54:00.000,6315.998,6316.998,6315.997,6316.998,0.0023
02.07.2019 10:55:00.000,6316.997,6316.997,6314.997,6315.997,0.0038
02.07.2019 10:56:00.000,6315.998,6315.998,6310.998,6311.998,0.0034
02.07.2019 10:57:00.000,6311.750,6311.998,6308.998,6311.998,0.001
02.07.2019 10:58:00.000,6312.998,6320.998,6312.997,6318.998,0.0045
02.07.2019 10:59:00.000,6318.997,6322.997,6318.997,6322.997,0.0017
02.07.2019 11:00:00.000,6322.998,6322.998,6321.997,6321.998,0.0009
02.07.2019 11:02:00.000,6322.998,6323.998,6322.997,6323.998,0.0007
02.07.2019 11:03:00.000,6323.997,6324.998,6323.997,6324.998,0.0014
02.07.2019 11:04:00.000,6324.997,6324.998,6316.997,6316.997,0.0032
02.07.2019 11:05:00.000,6316.998,6318.998,6315.997,6318.997,0.0022
02.07.2019 11:06:00.000,6318.998,6318.998,6318.997,6318.997,0.0004
02.07.2019 11:07:00.000,6318.998,6319.998,6316.997,6318.998,0.0029
02.07.2019 11:08:00.000,6318.998,6319.998,6318.997,6319.997,0.0056
02.07.2019 11:09:00.000,6319.998,6321.998,6318.997,6318.998,0.0025
02.07.2019 11:10:00.000,6315.998,6320.998,6315.998,6320.998,0.0027
02.07.2019 11:11:00.000,6320.998,6320.998,6318.998,6319.997,0.0032
02.07.2019 11:12:00.000,6319.998,6320.998,6319.997,6319.998,0.0036
02.07.2019 11:13:00.000,6319.998,6320.998,6319.997,6319.998,0.0022
02.07.2019 11:14:00.000,6319.997,6320.998,6319.997,6320.998,0.0015
02.07.2019 11:15:00.000,6320.997,6320.997,6319.997,6319.998,0.0009
02.07.2019 11:16:00.000,6319.997,6322.998,6319.997,6322.997,0.0046
02.07.2019 11:17:00.000,6322.998,6323.998,6322.997,6323.998,0.0012
02.07.2019 11:18:00.000,6323.997,6323.998,6320.997,6321.997,0.0058
02.07.2019 11:19:00.000,6321.998,6321.998,6319.998,6320.997,0.0003
02.07.2019 11:20:00.000,6320.998,6321.998,6320.998,6321.998,0.0015
02.07.2019 11:21:00.000,6321.997,6321.998,6321.997,6321.997,0.0014
02.07.2019 11:22:00.000,6321.997,6321.998,6318.997,6318.997,0.0027
02.07.2019 11:23:00.000,6318.998,6318.998,6316.997,6316.998,0.0024
02.07.2019 11:24:00.000,6317.997,6318.998,6316.998,6317.998,0.0031
02.07.2019 11:25:00.000,6317.997,6319.998,6317.997,6318.998,0.0037
02.07.2019 11:26:00.000,6318.997,6318.997,6316.998,6316.998,0.002
02.07.2019 11:27:00.000,6316.997,6321.998,6316.997,6321.998,0.0082
02.07.2019 11:28:00.000,6321.997,6321.997,6317.997,6317.998,0.0056
02.07.2019 11:29:00.000,6317.997,6317.998,6316.997,6316.997,0.0008
02.07.2019 11:30:00.000,6316.998,6316.998,6312.997,6313.997,0.003
02.07.2019 11:31:00.000,6313.998,6315.998,6312.997,6315.997,0.0042
02.07.2019 11:32:00.000,6315.998,6315.998,6310.997,6310.998,0.0048
02.07.2019 11:33:00.000,6308.998,6309.998,6308.997,6309.998,0.0017
02.07.2019 11:34:00.000,6310.998,6310.998,6305.998,6305.998,0.0022
02.07.2019 11:35:00.000,6305.997,6305.998,6305.997,6305.998,0.0001
02.07.2019 11:36:00.000,6305.997,6305.997,6301.998,6302.997,0.0032
02.07.2019 11:37:00.000,6302.998,6302.998,6300.997,6301.998,0.0026
02.07.2019 11:38:00.000,6303.998,6303.998,6302.997,6303.997,0.0018
02.07.2019 11:39:00.000,6303.998,6304.998,6299.997,6300.997,0.0042
02.07.2019 11:40:00.000,6300.998,6301.998,6299.997,6301.998,0.0028
02.07.2019 11:41:00.000,6301.997,6301.998,6300.998,6300.998,0.0014
02.07.2019 11:42:00.000,6301.997,6302.998,6301.997,6301.997,0.0011
02.07.2019 11:43:00.000,6301.998,6302.998,6301.997,6302.997,0.0011
02.07.2019 11:44:00.000,6303.997,6303.998,6301.997,6302.998,0.0032
02.07.2019 11:45:00.000,6300.997,6301.998,6299.997,6299.998,0.0054
02.07.2019 11:46:00.000,6299.997,6299.998,6297.998,6298.998,0.0015
02.07.2019 11:47:00.000,6298.997,6298.998,6298.997,6298.998,0.0007
02.07.2019 11:48:00.000,6298.997,6298.998,6297.998,6298.998,0.0004
02.07.2019 11:49:00.000,6297.998,6298.998,6297.998,6298.998,0.0006
02.07.2019 11:50:00.000,6299.997,6301.998,6298.997,6301.998,0.0039
02.07.2019 11:51:00.000,6302.997,6302.997,6302.997,6302.997,0.0003
02.07.2019 11:52:00.000,6302.997,6302.998,6299.997,6299.998,0.0037
02.07.2019 11:53:00.000,6299.997,6299.998,6297.997,6297.998,0.0004
02.07.2019 11:54:00.000,6297.997,6300.998,6297.997,6299.998,0.0022
02.07.2019 11:55:00.000,6299.997,6299.998,6299.997,6299.998,0.0008
02.07.2019 11:56:00.000,6299.750,6299.998,6296.998,6297.998,0.0039
02.07.2019 11:57:00.000,6297.997,6297.998,6297.997,6297.998,0.0009
02.07.2019 11:59:00.000,6298.997,6300.998,6296.997,6296.998,0.0049
02.07.2019 12:00:00.000,6296.998,6296.998,6292.997,6293.998,0.0019
02.07.2019 12:01:00.000,6293.997,6293.998,6291.997,6292.997,0.002
02.07.2019 12:02:00.000,6292.998,6293.998,6292.997,6292.997,0.0021
02.07.2019 12:03:00.000,6292.998,6292.998,6289.997,6289.998,0.0026
02.07.2019 12:04:00.000,6290.998,6290.998,6288.997,6290.998,0.0033
02.07.2019 12:05:00.000,6289.998,6290.998,6288.997,6289.998,0.0022
02.07.2019 12:06:00.000,6289.997,6290.998,6289.997,6289.997,0.0042
02.07.2019 12:07:00.000,6289.998,6290.998,6289.997,6289.997,0.0022
02.07.2019 12:08:00.000,6289.998,6291.998,6289.997,6290.998,0.0028
02.07.2019 12:09:00.000,6290.997,6290.998,6286.997,6286.998,0.0018
02.07.2019 12:10:00.000,6286.998,6287.998,6286.997,6287.998,0.0008
02.07.2019 12:11:00.000,6287.997,6287.998,6287.997,6287.998,0.0001
02.07.2019 12:12:00.000,6287.750,6287.998,6285.998,6287.998,0.0006
02.07.2019 12:13:00.000,6287.997,6287.998,6284.997,6284.998,0.001
02.07.2019 12:14:00.000,6284.997,6284.998,6284.997,6284.998,0.0001
02.07.2019 12:15:00.000,6284.997,6285.998,6284.997,6285.998,0.0004
02.07.2019 12:16:00.000,6285.998,6286.998,6284.997,6285.997,0.0021
02.07.2019 12:17:00.000,6284.998,6285.998,6281.997,6282.998,0.0045
02.07.2019 12:18:00.000,6282.998,6283.997,6281.998,6282.998,0.0027
02.07.2019 12:19:00.000,6282.750,6282.750,6279.998,6279.998,0.0012
02.07.2019 12:20:00.000,6278.997,6278.998,6277.997,6277.997,0.0027
02.07.2019 12:21:00.000,6277.998,6277.998,6276.997,6277.998,0.0025
02.07.2019 12:22:00.000,6278.998,6278.998,6277.997,6277.998,0.0017
02.07.2019 12:23:00.000,6277.998,6277.998,6276.997,6277.998,0.0025
02.07.2019 12:24:00.000,6277.997,6278.998,6277.997,6277.998,0.0023
02.07.2019 12:25:00.000,6277.997,6281.998,6276.997,6280.998,0.0084
02.07.2019 12:26:00.000,6282.750,6284.998,6279.998,6281.998,0.0047
02.07.2019 12:27:00.000,6281.998,6281.998,6276.998,6277.998,0.0032
02.07.2019 12:28:00.000,6277.997,6277.998,6273.998,6274.998,0.0018
02.07.2019 12:29:00.000,6274.997,6275.998,6273.997,6273.997,0.0029
02.07.2019 12:30:00.000,6273.998,6280.998,6273.997,6280.998,0.0052
02.07.2019 12:31:00.000,6279.998,6280.998,6278.997,6279.998,0.0042
02.07.2019 12:32:00.000,6279.997,6279.998,6279.997,6279.997,0.0011
02.07.2019 12:33:00.000,6279.998,6279.998,6275.997,6275.997,0.0029
02.07.2019 12:34:00.000,6275.998,6275.998,6273.997,6274.997,0.0014
02.07.2019 12:35:00.000,6274.998,6275.998,6270.997,6271.998,0.0026
02.07.2019 12:36:00.000,6272.998,6273.998,6269.997,6269.998,0.0059
02.07.2019 12:37:00.000,6269.998,6270.998,6267.997,6267.998,0.0016
02.07.2019 12:38:00.000,6268.997,6271.998,6267.998,6270.998,0.003
02.07.2019 12:39:00.000,6270.997,6271.998,6270.997,6270.997,0.0017
02.07.2019 12:40:00.000,6270.998,6270.998,6266.998,6268.998,0.0039
02.07.2019 12:41:00.000,6268.997,6269.998,6268.997,6269.998,0.0017
02.07.2019 12:42:00.000,6270.998,6272.998,6269.997,6272.998,0.0021
02.07.2019 12:43:00.000,6272.998,6273.998,6270.997,6271.997,0.0045
02.07.2019 12:44:00.000,6271.998,6271.998,6271.997,6271.998,0.0006
02.07.2019 12:45:00.000,6271.997,6271.998,6271.997,6271.997,0.0011
02.07.2019 12:46:00.000,6271.998,6271.998,6271.997,6271.998,0.001
02.07.2019 12:47:00.000,6271.997,6271.998,6271.997,6271.998,0.0007
02.07.2019 12:48:00.000,6272.998,6272.998,6269.998,6269.998,0.0048
02.07.2019 12:49:00.000,6269.997,6270.998,6269.997,6270.998,0.0016
02.07.2019 12:50:00.000,6269.998,6269.998,6269.997,6269.998,0.0009
02.07.2019 12:51:00.000,6269.997,6269.998,6267.997,6267.998,0.0027
02.07.2019 12:52:00.000,6269.750,6269.998,6269.750,6269.998,0.001
02.07.2019 12:53:00.000,6269.997,6275.998,6269.997,6275.997,0.0048
02.07.2019 12:54:00.000,6275.998,6275.998,6275.997,6275.998,0.0016
02.07.2019 12:55:00.000,6276.998,6276.998,6276.997,6276.997,0.0038
02.07.2019 12:56:00.000,6276.998,6277.998,6276.997,6276.997,0.0022
02.07.2019 12:57:00.000,6276.998,6276.998,6273.997,6273.997,0.003
02.07.2019 12:58:00.000,6274.998,6274.998,6269.998,6271.998,0.0036
02.07.2019 12:59:00.000,6271.997,6271.998,6269.997,6270.998,0.0018
02.07.2019 13:00:00.000,6269.998,6271.998,6269.997,6270.998,0.0048
02.07.2019 13:01:00.000,6270.997,6271.998,6268.997,6268.997,0.0026
02.07.2019 13:02:00.000,6268.998,6274.998,6268.998,6274.998,0.0039
02.07.2019 13:03:00.000,6274.997,6278.998,6274.997,6278.998,0.0021
02.07.2019 13:04:00.000,6278.997,6278.998,6274.997,6274.997,0.0015
02.07.2019 13:05:00.000,6275.997,6275.998,6274.997,6274.998,0.001
02.07.2019 13:06:00.000,6274.997,6277.998,6274.997,6277.997,0.0033
02.07.2019 13:07:00.000,6277.998,6284.998,6277.998,6284.998,0.004
02.07.2019 13:08:00.000,6285.997,6285.998,6284.997,6284.997,0.0013
02.07.2019 13:09:00.000,6285.998,6288.998,6284.997,6288.998,0.0019
02.07.2019 13:10:00.000,6288.997,6288.997,6286.998,6286.998,0.0008
02.07.2019 13:11:00.000,6286.997,6289.998,6283.998,6289.998,0.0033
02.07.2019 13:12:00.000,6289.997,6289.997,6279.997,6280.998,0.0072
02.07.2019 13:13:00.000,6280.997,6280.998,6279.997,6279.997,0.0031
02.07.2019 13:14:00.000,6280.998,6282.998,6280.998,6281.998,0.0034
02.07.2019 13:15:00.000,6280.997,6281.998,6279.997,6279.997,0.0017
02.07.2019 13:16:00.000,6279.998,6279.998,6273.997,6276.997,0.0031
02.07.2019 13:17:00.000,6276.997,6276.998,6274.997,6275.997,0.0018
02.07.2019 13:18:00.000,6276.998,6277.998,6275.997,6277.998,0.002
02.07.2019 13:19:00.000,6277.997,6277.997,6275.998,6276.997,0.0015
02.07.2019 13:20:00.000,6277.998,6280.998,6277.998,6280.998,0.0022
02.07.2019 13:21:00.000,6281.998,6281.998,6280.997,6281.998,0.0026
02.07.2019 13:22:00.000,6281.998,6281.998,6280.997,6280.997,0.0009
02.07.2019 13:23:00.000,6280.998,6281.998,6280.997,6281.998,0.001
02.07.2019 13:24:00.000,6281.997,6282.998,6280.997,6281.998,0.0026
02.07.2019 13:25:00.000,6281.997,6283.998,6281.997,6283.997,0.0063
02.07.2019 13:26:00.000,6283.998,6287.998,6283.997,6287.997,0.0036
02.07.2019 13:27:00.000,6286.998,6287.998,6285.997,6285.998,0.0037
02.07.2019 13:28:00.000,6285.997,6287.998,6285.997,6286.997,0.0034
02.07.2019 13:29:00.000,6285.997,6285.998,6281.997,6282.998,0.0027
02.07.2019 13:30:00.000,6283.998,6287.997,6282.997,6286.998,0.0053
02.07.2019 13:31:00.000,6287.997,6291.998,6286.997,6291.998,0.0061
02.07.2019 13:32:00.000,6293.997,6293.998,6292.997,6292.997,0.0042
02.07.2019 13:33:00.000,6292.998,6292.998,6288.997,6288.997,0.0024
02.07.2019 13:34:00.000,6289.997,6294.998,6288.998,6294.998,0.0033
02.07.2019 13:35:00.000,6294.998,6295.998,6293.997,6293.997,0.0054
02.07.2019 13:36:00.000,6294.997,6296.998,6294.997,6296.998,0.0046
02.07.2019 13:37:00.000,6297.997,6306.997,6297.997,6302.998,0.0094
02.07.2019 13:38:00.000,6302.998,6305.998,6302.997,6303.998,0.0031
02.07.2019 13:39:00.000,6303.997,6303.998,6301.998,6303.998,0.004
02.07.2019 13:40:00.000,6303.997,6306.998,6303.997,6304.997,0.0052
02.07.2019 13:41:00.000,6304.998,6305.998,6303.997,6304.998,0.0041
02.07.2019 13:42:00.000,6304.997,6306.998,6302.998,6303.997,0.0036
02.07.2019 13:43:00.000,6303.998,6303.998,6298.998,6299.997,0.0074
02.07.2019 13:44:00.000,6299.998,6305.998,6299.997,6304.997,0.0042
02.07.2019 13:45:00.000,6305.997,6305.998,6303.997,6303.998,0.0037
02.07.2019 13:46:00.000,6304.997,6310.997,6303.997,6309.998,0.0055
02.07.2019 13:47:00.000,6309.997,6312.998,6309.997,6311.998,0.0046
02.07.2019 13:48:00.000,6311.997,6311.998,6310.997,6311.997,0.0035
02.07.2019 13:49:00.000,6311.998,6311.998,6310.997,6310.998,0.0064
02.07.2019 13:50:00.000,6311.997,6315.998,6311.997,6312.998,0.0045
02.07.2019 13:51:00.000,6312.997,6316.998,6312.997,6316.997,0.0045
02.07.2019 13:52:00.000,6317.998,6320.998,6317.997,6318.998,0.0029
02.07.2019 13:53:00.000,6318.998,6321.997,6316.997,6321.997,0.0042
02.07.2019 13:54:00.000,6321.997,6321.998,6318.997,6318.998,0.0045
02.07.2019 13:55:00.000,6318.998,6320.997,6314.997,6314.998,0.0035
02.07.2019 13:56:00.000,6314.997,6314.997,6309.998,6309.998,0.0017
02.07.2019 13:57:00.000,6309.998,6310.998,6307.997,6307.998,0.0047
02.07.2019 13:58:00.000,6308.998,6310.997,6307.997,6308.998,0.0026
02.07.2019 13:59:00.000,6308.997,6309.998,6302.998,6304.998,0.0068
02.07.2019 14:00:00.000,6303.997,6309.998,6303.997,6309.998,0.0051
02.07.2019 14:01:00.000,6310.997,6323.998,6310.997,6323.998,0.0056
02.07.2019 14:02:00.000,6323.998,6323.998,6318.997,6322.997,0.0032
02.07.2019 14:03:00.000,6322.998,6327.998,6322.998,6327.998,0.0037
02.07.2019 14:04:00.000,6327.998,6330.998,6327.998,6329.997,0.0072
02.07.2019 14:05:00.000,6331.998,6339.998,6331.998,6333.998,0.0054
02.07.2019 14:06:00.000,6335.997,6337.998,6335.997,6336.997,0.0029
02.07.2019 14:07:00.000,6336.998,6336.998,6330.997,6331.997,0.0039
02.07.2019 14:08:00.000,6331.998,6334.998,6329.997,6329.998,0.003
02.07.2019 14:09:00.000,6329.997,6334.998,6329.997,6334.998,0.0037
02.07.2019 14:10:00.000,6334.997,6339.998,6334.997,6339.998,0.0041
02.07.2019 14:11:00.000,6340.997,6345.998,6338.998,6340.998,0.0061
02.07.2019 14:12:00.000,6340.998,6340.998,6337.997,6338.998,0.0023
02.07.2019 14:13:00.000,6338.997,6342.998,6338.997,6338.998,0.0069
02.07.2019 14:14:00.000,6339.998,6339.998,6335.997,6335.998,0.0023
02.07.2019 14:15:00.000,6336.998,6337.998,6333.998,6334.998,0.0044
02.07.2019 14:16:00.000,6332.998,6335.997,6332.997,6332.997,0.005
02.07.2019 14:17:00.000,6332.997,6335.998,6332.997,6334.998,0.0058
02.07.2019 14:18:00.000,6335.998,6337.998,6335.998,6336.998,0.0024
02.07.2019 14:19:00.000,6336.997,6337.998,6335.997,6337.997,0.0039
02.07.2019 14:20:00.000,6337.998,6337.998,6333.997,6333.998,0.0052
02.07.2019 14:21:00.000,6333.997,6339.998,6333.997,6338.998,0.0042
02.07.2019 14:22:00.000,6339.998,6343.998,6339.998,6342.998,0.0066
02.07.2019 14:23:00.000,6343.998,6347.998,6343.997,6347.998,0.0033
02.07.2019 14:24:00.000,6348.997,6349.998,6346.997,6347.997,0.0045
02.07.2019 14:25:00.000,6347.998,6349.998,6343.997,6343.998,0.0082
02.07.2019 14:26:00.000,6344.998,6344.998,6341.997,6341.997,0.0037
02.07.2019 14:27:00.000,6340.998,6342.998,6340.997,6340.998,0.0022
02.07.2019 14:28:00.000,6340.997,6347.998,6340.997,6344.998,0.012
02.07.2019 14:29:00.000,6345.998,6347.998,6338.997,6339.997,0.0079
02.07.2019 14:30:00.000,6339.997,6339.998,6335.997,6337.998,0.0092
02.07.2019 14:31:00.000,6338.997,6338.998,6331.997,6333.997,0.0094
02.07.2019 14:32:00.000,6333.998,6339.998,6333.997,6339.997,0.0086
02.07.2019 14:33:00.000,6340.998,6342.998,6339.997,6342.998,0.0043
02.07.2019 14:34:00.000,6342.998,6343.998,6340.997,6340.998,0.016
02.07.2019 14:35:00.000,6340.998,6347.998,6340.997,6346.997,0.0076
02.07.2019 14:36:00.000,6346.997,6346.998,6344.997,6345.998,0.0115
02.07.2019 14:37:00.000,6345.997,6346.998,6344.997,6344.998,0.0131
02.07.2019 14:38:00.000,6344.997,6347.998,6344.997,6347.998,0.0078
02.07.2019 14:39:00.000,6347.997,6348.998,6346.997,6348.997,0.008
02.07.2019 14:40:00.000,6348.998,6359.998,6348.997,6359.998,0.0163
02.07.2019 14:41:00.000,6360.998,6361.998,6352.998,6357.998,0.0105
02.07.2019 14:42:00.000,6357.997,6357.998,6354.997,6355.997,0.0085
02.07.2019 14:43:00.000,6355.997,6359.998,6355.997,6359.997,0.0097
02.07.2019 14:44:00.000,6359.998,6359.998,6357.997,6357.998,0.0113
02.07.2019 14:45:00.000,6358.998,6363.998,6356.997,6361.998,0.0101
02.07.2019 14:46:00.000,6361.998,6361.998,6357.997,6360.997,0.0043
02.07.2019 14:47:00.000,6360.998,6363.998,6360.997,6363.998,0.0057
02.07.2019 14:48:00.000,6363.997,6366.998,6361.997,6366.998,0.0046
02.07.2019 14:49:00.000,6367.998,6369.998,6365.997,6365.998,0.0077
02.07.2019 14:50:00.000,6366.998,6370.998,6364.997,6368.997,0.0206
02.07.2019 14:51:00.000,6368.998,6369.998,6367.997,6367.997,0.0029
02.07.2019 14:52:00.000,6367.750,6367.750,6361.997,6363.998,0.0079
02.07.2019 14:53:00.000,6363.997,6365.998,6362.997,6365.998,0.0056
02.07.2019 14:54:00.000,6366.998,6372.998,6366.997,6372.998,0.0101
02.07.2019 14:55:00.000,6372.997,6376.998,6371.997,6372.997,0.0145
02.07.2019 14:56:00.000,6372.998,6375.998,6372.997,6374.998,0.0062
02.07.2019 14:57:00.000,6374.997,6382.997,6374.997,6382.997,0.0105
02.07.2019 14:58:00.000,6382.750,6382.750,6376.997,6376.998,0.0295
02.07.2019 14:59:00.000,6377.998,6381.998,6377.997,6381.998,0.0076
02.07.2019 15:00:00.000,6381.997,6381.998,6377.998,6381.998,0.0043
02.07.2019 15:01:00.000,6381.997,6385.998,6379.997,6380.998,0.0126
02.07.2019 15:02:00.000,6380.997,6381.998,6380.997,6381.998,0.0436
02.07.2019 15:03:00.000,6381.997,6382.998,6372.997,6374.997,0.0089
02.07.2019 15:04:00.000,6374.998,6377.998,6373.998,6374.997,0.0095
02.07.2019 15:05:00.000,6374.998,6378.998,6374.997,6376.997,0.0307
02.07.2019 15:06:00.000,6376.998,6378.998,6375.998,6377.998,0.0031
02.07.2019 15:07:00.000,6377.997,6382.998,6375.997,6382.998,0.0063
02.07.2019 15:08:00.000,6383.998,6385.998,6383.997,6385.998,0.0123
02.07.2019 15:09:00.000,6386.997,6388.997,6384.997,6387.997,0.0112
02.07.2019 15:10:00.000,6387.998,6387.998,6381.997,6383.998,0.0106
02.07.2019 15:11:00.000,6383.997,6387.998,6383.997,6385.998,0.0109
02.07.2019 15:12:00.000,6385.998,6389.998,6385.998,6388.997,0.0171
02.07.2019 15:13:00.000,6388.997,6388.998,6383.997,6383.998,0.0114
02.07.2019 15:14:00.000,6383.997,6386.998,6383.997,6386.998,0.0109
02.07.2019 15:15:00.000,6385.998,6386.998,6385.997,6386.998,0.0091
02.07.2019 15:16:00.000,6387.998,6389.998,6387.997,6389.997,0.008
02.07.2019 15:17:00.000,6389.998,6390.998,6386.997,6387.998,0.0246
02.07.2019 15:18:00.000,6387.998,6390.997,6387.997,6390.997,0.0095
02.07.2019 15:19:00.000,6390.997,6390.998,6386.998,6387.997,0.0104
02.07.2019 15:20:00.000,6387.998,6387.998,6386.997,6386.997,0.0066
02.07.2019 15:21:00.000,6386.998,6388.998,6386.997,6387.998,0.0094
02.07.2019 15:22:00.000,6387.998,6389.998,6386.997,6388.998,0.008
02.07.2019 15:23:00.000,6388.997,6392.998,6388.997,6389.997,0.0102
02.07.2019 15:24:00.000,6389.998,6389.998,6387.997,6389.998,0.0106
02.07.2019 15:25:00.000,6389.997,6389.998,6379.997,6379.997,0.0092
02.07.2019 15:26:00.000,6379.998,6379.998,6373.997,6375.998,0.0068
02.07.2019 15:27:00.000,6375.997,6375.998,6373.998,6375.998,0.014
02.07.2019 15:28:00.000,6375.997,6375.997,6368.997,6373.998,0.0122
02.07.2019 15:29:00.000,6372.998,6377.998,6371.998,6375.997,0.0085
03.07.2019 07:00:00.000,6269.998,6269.998,6268.997,6268.997,0.0003
03.07.2019 07:01:00.000,6310.997,6310.997,6287.998,6289.998,0.0005
03.07.2019 07:04:00.000,6297.998,6299.998,6293.997,6299.998,0.001
03.07.2019 07:05:00.000,6299.997,6313.997,6297.998,6306.998,0.0019
03.07.2019 07:06:00.000,6308.998,6308.998,6289.997,6291.997,0.0035
03.07.2019 07:07:00.000,6292.998,6292.998,6275.998,6282.997,0.0031
03.07.2019 07:08:00.000,6282.998,6291.997,6269.997,6271.998,0.0068
03.07.2019 07:09:00.000,6271.998,6271.998,6256.997,6268.997,0.0067
03.07.2019 07:10:00.000,6269.998,6286.998,6269.998,6284.998,0.0039
03.07.2019 07:11:00.000,6287.997,6297.750,6284.997,6295.997,0.0047
03.07.2019 07:12:00.000,6295.998,6298.998,6293.998,6298.998,0.0019
03.07.2019 07:13:00.000,6299.998,6305.998,6296.997,6305.998,0.0031
03.07.2019 07:14:00.000,6304.998,6305.998,6304.997,6305.997,0.0006
03.07.2019 07:15:00.000,6305.998,6325.998,6305.997,6315.998,0.005
03.07.2019 07:16:00.000,6315.998,6321.998,6315.997,6320.998,0.0036
03.07.2019 07:17:00.000,6321.997,6323.997,6315.997,6319.998,0.003
03.07.2019 07:18:00.000,6319.998,6319.998,6299.998,6303.998,0.0036
03.07.2019 07:19:00.000,6303.997,6312.998,6300.998,6311.998,0.003
03.07.2019 07:20:00.000,6311.997,6314.997,6293.998,6295.998,0.0028
03.07.2019 07:21:00.000,6295.997,6295.997,6283.998,6288.997,0.0044
03.07.2019 07:22:00.000,6288.998,6292.998,6281.997,6283.997,0.0045
03.07.2019 07:23:00.000,6284.997,6284.997,6273.998,6277.998,0.0024
03.07.2019 07:24:00.000,6277.997,6284.997,6277.997,6284.997,0.0047
03.07.2019 07:25:00.000,6285.997,6290.998,6284.998,6288.997,0.0008
03.07.2019 07:26:00.000,6288.998,6288.998,6278.998,6279.998,0.0017
03.07.2019 07:27:00.000,6279.998,6288.998,6279.998,6285.998,0.003
03.07.2019 07:28:00.000,6285.997,6285.998,6276.998,6277.998,0.0017
03.07.2019 07:29:00.000,6277.998,6279.998,6277.997,6278.998,0.0048
03.07.2019 07:30:00.000,6278.997,6280.998,6271.997,6277.998,0.0053
03.07.2019 07:31:00.000,6277.997,6279.998,6274.997,6274.998,0.0059
03.07.2019 07:32:00.000,6274.997,6279.998,6274.997,6278.997,0.0022
03.07.2019 07:33:00.000,6279.997,6279.998,6276.997,6277.997,0.0016
03.07.2019 07:34:00.000,6277.998,6279.998,6277.997,6278.997,0.0041
03.07.2019 07:35:00.000,6280.998,6281.997,6277.997,6279.998,0.0065
03.07.2019 07:36:00.000,6279.997,6279.998,6278.997,6278.997,0.0005
03.07.2019 07:37:00.000,6278.998,6279.998,6278.997,6279.997,0.0032
03.07.2019 07:38:00.000,6279.997,6279.998,6278.997,6278.998,0.0011
03.07.2019 07:39:00.000,6278.997,6280.998,6274.998,6278.997,0.0039
03.07.2019 07:40:00.000,6279.998,6285.998,6279.997,6285.997,0.0074
03.07.2019 07:41:00.000,6287.998,6301.998,6286.997,6301.998,0.0116
03.07.2019 07:42:00.000,6301.997,6301.997,6297.997,6299.997,0.0044
03.07.2019 07:43:00.000,6299.998,6299.998,6296.998,6297.998,0.0017
03.07.2019 07:44:00.000,6297.998,6299.998,6294.998,6298.998,0.0018
03.07.2019 07:45:00.000,6298.997,6298.998,6291.998,6296.998,0.0044
03.07.2019 07:46:00.000,6296.997,6297.998,6296.997,6296.998,0.0009
03.07.2019 07:47:00.000,6296.997,6301.997,6294.997,6294.997,0.0051
03.07.2019 07:48:00.000,6296.997,6297.997,6294.997,6297.997,0.0011
03.07.2019 07:49:00.000,6297.998,6297.998,6293.998,6296.998,0.0034
03.07.2019 07:50:00.000,6296.997,6296.998,6289.997,6289.997,0.0053
03.07.2019 07:51:00.000,6291.997,6293.998,6286.997,6286.998,0.0039
03.07.2019 07:52:00.000,6288.997,6288.998,6284.997,6285.998,0.0021
03.07.2019 07:53:00.000,6286.997,6288.998,6286.997,6288.997,0.001
03.07.2019 07:54:00.000,6288.998,6289.998,6286.998,6286.998,0.0034
03.07.2019 07:55:00.000,6286.997,6288.998,6283.998,6288.997,0.0022
03.07.2019 07:56:00.000,6288.997,6288.998,6283.997,6287.997,0.0043
03.07.2019 07:57:00.000,6288.997,6288.997,6287.997,6287.998,0.0019
03.07.2019 07:58:00.000,6287.997,6289.998,6280.997,6280.997,0.0027
03.07.2019 07:59:00.000,6280.998,6284.998,6280.998,6284.998,0.0021
03.07.2019 08:00:00.000,6284.997,6284.998,6282.997,6284.997,0.002
03.07.2019 08:01:00.000,6283.998,6289.998,6283.998,6288.998,0.0014
03.07.2019 08:02:00.000,6288.998,6288.998,6282.997,6283.998,0.0016
03.07.2019 08:03:00.000,6283.997,6283.998,6281.997,6282.998,0.0022
03.07.2019 08:04:00.000,6282.998,6283.998,6282.997,6282.997,0.001
03.07.2019 08:05:00.000,6282.998,6282.998,6278.997,6280.997,0.0021
03.07.2019 08:06:00.000,6281.998,6284.998,6281.998,6283.997,0.0014
03.07.2019 08:07:00.000,6283.998,6288.998,6283.998,6284.998,0.0014
03.07.2019 08:08:00.000,6284.998,6290.998,6284.998,6289.997,0.0048
03.07.2019 08:09:00.000,6289.998,6290.998,6283.998,6285.998,0.0034
03.07.2019 08:10:00.000,6285.997,6291.998,6285.997,6290.998,0.0022
03.07.2019 08:11:00.000,6291.998,6304.998,6291.997,6304.998,0.0061
03.07.2019 08:12:00.000,6304.998,6305.998,6304.997,6305.998,0.0048
03.07.2019 08:13:00.000,6305.997,6308.998,6303.997,6304.997,0.0023
03.07.2019 08:14:00.000,6304.998,6304.998,6304.997,6304.997,0.0004
03.07.2019 08:15:00.000,6304.997,6304.997,6301.998,6301.998,0.0005
03.07.2019 08:16:00.000,6296.998,6298.997,6295.998,6295.998,0.0028
03.07.2019 08:17:00.000,6296.998,6299.998,6294.998,6299.998,0.0015
03.07.2019 08:18:00.000,6299.998,6300.998,6298.997,6298.998,0.0027
03.07.2019 08:19:00.000,6298.997,6304.998,6297.997,6304.998,0.0032
03.07.2019 08:20:00.000,6304.998,6305.997,6296.998,6297.997,0.0039
03.07.2019 08:21:00.000,6297.998,6301.998,6295.997,6296.998,0.0023
03.07.2019 08:22:00.000,6297.998,6298.998,6297.997,6297.998,0.0005
03.07.2019 08:23:00.000,6298.997,6298.998,6296.998,6296.998,0.0012
03.07.2019 08:24:00.000,6296.998,6296.998,6292.997,6293.998,0.0014
03.07.2019 08:25:00.000,6292.998,6293.998,6292.997,6293.997,0.0012
03.07.2019 08:26:00.000,6293.998,6294.998,6292.997,6294.998,0.0029
03.07.2019 08:27:00.000,6294.998,6294.998,6283.998,6284.998,0.0032
03.07.2019 08:28:00.000,6284.997,6290.998,6284.997,6290.998,0.0026
03.07.2019 08:29:00.000,6290.997,6290.998,6288.997,6290.998,0.0029
03.07.2019 08:30:00.000,6291.997,6292.998,6288.998,6290.998,0.0048
03.07.2019 08:31:00.000,6290.998,6290.998,6289.997,6289.997,0.0001
03.07.2019 08:32:00.000,6289.998,6289.998,6287.998,6287.998,0.0004
03.07.2019 08:33:00.000,6287.998,6296.998,6287.997,6296.998,0.0046
03.07.2019 08:34:00.000,6296.997,6300.998,6296.997,6300.998,0.0045
03.07.2019 08:35:00.000,6300.997,6300.998,6297.997,6297.998,0.0019
03.07.2019 08:36:00.000,6298.998,6304.998,6296.997,6304.998,0.0083
03.07.2019 08:37:00.000,6304.997,6304.998,6304.997,6304.998,0.0003
03.07.2019 08:38:00.000,6304.997,6305.998,6304.997,6305.998,0.0015
03.07.2019 08:39:00.000,6305.998,6307.997,6305.997,6306.997,0.0031
03.07.2019 08:40:00.000,6306.998,6306.998,6305.997,6305.998,0.0009
03.07.2019 08:41:00.000,6306.997,6306.998,6302.997,6302.998,0.003
03.07.2019 08:42:00.000,6302.997,6302.998,6302.997,6302.998,0.001
03.07.2019 08:43:00.000,6302.997,6303.998,6300.997,6300.998,0.003
03.07.2019 08:44:00.000,6300.998,6303.998,6299.998,6300.998,0.0035
03.07.2019 08:45:00.000,6300.997,6301.997,6299.998,6300.998,0.001
03.07.2019 08:46:00.000,6300.998,6301.998,6300.998,6300.998,0.0002
03.07.2019 08:47:00.000,6301.998,6303.998,6301.997,6301.998,0.002
03.07.2019 08:48:00.000,6302.997,6303.998,6302.997,6303.998,0.001
03.07.2019 08:49:00.000,6303.997,6304.998,6301.997,6304.998,0.0021
03.07.2019 08:50:00.000,6304.998,6307.998,6304.997,6307.998,0.0022
03.07.2019 08:51:00.000,6307.998,6309.998,6307.997,6308.998,0.003
03.07.2019 08:52:00.000,6311.997,6312.998,6310.997,6310.997,0.0013
03.07.2019 08:53:00.000,6310.998,6314.998,6310.998,6314.998,0.0014
03.07.2019 08:54:00.000,6312.998,6312.998,6310.998,6310.998,0.001
03.07.2019 08:55:00.000,6310.998,6312.998,6310.997,6311.997,0.0028
03.07.2019 08:56:00.000,6311.998,6313.998,6311.997,6313.998,0.0046
03.07.2019 08:57:00.000,6313.998,6313.998,6313.997,6313.998,0.0016
03.07.2019 08:58:00.000,6315.998,6316.998,6313.997,6314.997,0.0028
03.07.2019 08:59:00.000,6314.998,6318.998,6314.998,6318.998,0.0037
03.07.2019 09:00:00.000,6319.997,6320.998,6316.997,6316.997,0.0017
03.07.2019 09:01:00.000,6316.997,6318.998,6315.997,6317.997,0.001
03.07.2019 09:02:00.000,6317.998,6318.998,6317.997,6318.997,0.0012
03.07.2019 09:03:00.000,6319.998,6324.998,6319.997,6324.998,0.0029
03.07.2019 09:04:00.000,6324.997,6329.998,6324.997,6329.998,0.0055
03.07.2019 09:05:00.000,6329.997,6329.998,6328.997,6328.998,0.0041
03.07.2019 09:06:00.000,6328.997,6328.997,6323.997,6323.998,0.0023
03.07.2019 09:07:00.000,6324.998,6327.998,6324.997,6326.997,0.003
03.07.2019 09:08:00.000,6327.997,6327.998,6326.997,6326.998,0.0042
03.07.2019 09:09:00.000,6327.997,6327.998,6325.997,6326.998,0.0019
03.07.2019 09:10:00.000,6326.998,6326.998,6320.997,6320.998,0.0018
03.07.2019 09:11:00.000,6321.998,6321.998,6321.998,6321.998,0.0001
03.07.2019 09:12:00.000,6322.998,6325.998,6321.997,6322.998,0.0044
03.07.2019 09:13:00.000,6322.998,6325.998,6322.998,6325.998,0.0042
03.07.2019 09:14:00.000,6325.750,6330.998,6322.997,6330.998,0.0061
03.07.2019 09:15:00.000,6330.997,6330.997,6322.997,6325.997,0.0049
03.07.2019 09:16:00.000,6325.998,6327.998,6325.997,6327.998,0.0037
03.07.2019 09:17:00.000,6327.997,6327.997,6322.997,6324.998,0.0024
03.07.2019 09:18:00.000,6324.997,6324.998,6323.997,6323.998,0.0008
03.07.2019 09:19:00.000,6323.997,6323.998,6322.997,6322.998,0.0007
03.07.2019 09:20:00.000,6322.997,6329.998,6322.997,6329.998,0.0048
03.07.2019 09:21:00.000,6329.998,6330.998,6329.997,6330.998,0.0018
03.07.2019 09:22:00.000,6330.997,6330.998,6329.998,6330.998,0.0018
03.07.2019 09:23:00.000,6331.998,6333.998,6330.997,6331.997,0.0026
03.07.2019 09:24:00.000,6331.998,6332.998,6331.997,6332.997,0.0028
03.07.2019 09:25:00.000,6334.998,6336.998,6334.997,6335.997,0.0047
03.07.2019 09:26:00.000,6335.998,6339.998,6335.998,6339.998,0.0054
03.07.2019 09:27:00.000,6339.997,6341.998,6339.997,6341.998,0.0071
03.07.2019 09:28:00.000,6341.998,6342.998,6338.997,6340.998,0.0051
03.07.2019 09:29:00.000,6340.998,6340.998,6338.997,6338.998,0.0017
03.07.2019 09:30:00.000,6338.997,6340.998,6334.998,6335.998,0.0018
03.07.2019 09:31:00.000,6335.997,6344.998,6335.997,6344.998,0.0054
03.07.2019 09:32:00.000,6344.998,6346.998,6343.997,6346.998,0.0028
03.07.2019 09:33:00.000,6345.998,6345.998,6342.997,6344.998,0.0034
03.07.2019 09:34:00.000,6344.997,6344.998,6343.997,6343.997,0.0005
03.07.2019 09:35:00.000,6344.997,6344.998,6344.997,6344.998,0.0006
03.07.2019 09:36:00.000,6344.998,6344.998,6341.998,6341.998,0.0005
03.07.2019 09:37:00.000,6343.997,6343.998,6343.997,6343.997,0.0043
03.07.2019 09:38:00.000,6343.998,6345.998,6343.998,6345.998,0.0013
03.07.2019 09:39:00.000,6345.997,6345.997,6340.997,6341.998,0.0056
03.07.2019 09:40:00.000,6341.998,6345.998,6341.997,6345.998,0.0063
03.07.2019 09:41:00.000,6345.997,6348.998,6342.997,6348.998,0.0033
03.07.2019 09:42:00.000,6348.997,6348.998,6346.997,6347.998,0.0017
03.07.2019 09:43:00.000,6347.997,6347.997,6344.997,6344.997,0.0014
03.07.2019 09:44:00.000,6344.998,6344.998,6343.997,6344.998,0.0019
03.07.2019 09:45:00.000,6345.998,6346.998,6343.997,6343.997,0.001
03.07.2019 09:46:00.000,6344.997,6346.998,6344.997,6346.998,0.0014
03.07.2019 09:47:00.000,6346.750,6346.750,6338.997,6338.997,0.0021
03.07.2019 09:48:00.000,6338.998,6339.997,6336.998,6339.997,0.0013
03.07.2019 09:49:00.000,6339.998,6339.998,6338.997,6338.997,0.0006
03.07.2019 09:50:00.000,6338.998,6338.998,6334.997,6334.998,0.0009
03.07.2019 09:51:00.000,6334.998,6336.998,6334.998,6336.998,0.0019
03.07.2019 09:52:00.000,6335.998,6341.998,6335.997,6341.998,0.005
03.07.2019 09:53:00.000,6341.998,6341.998,6339.998,6339.998,0.0003
03.07.2019 09:54:00.000,6339.997,6340.998,6339.997,6340.998,0.0006
03.07.2019 09:55:00.000,6340.997,6341.998,6340.997,6341.998,0.001
03.07.2019 09:56:00.000,6341.998,6344.998,6341.997,6344.997,0.0026
03.07.2019 09:57:00.000,6344.997,6350.998,6343.998,6348.997,0.0016
03.07.2019 09:58:00.000,6348.998,6348.998,6342.998,6343.998,0.0018
03.07.2019 09:59:00.000,6343.998,6345.998,6343.998,6345.998,0.0012
03.07.2019 10:00:00.000,6345.750,6345.998,6343.997,6344.998,0.0012
03.07.2019 10:01:00.000,6346.997,6347.998,6346.997,6347.998,0.0018
03.07.2019 10:02:00.000,6347.998,6347.998,6345.997,6346.998,0.0007
03.07.2019 10:03:00.000,6348.998,6348.998,6347.997,6347.998,0.0003
03.07.2019 10:04:00.000,6347.998,6348.998,6346.997,6347.997,0.0011
03.07.2019 10:06:00.000,6347.997,6350.998,6347.997,6350.997,0.0036
03.07.2019 10:07:00.000,6352.997,6353.998,6352.997,6352.998,0.0013
03.07.2019 10:08:00.000,6352.997,6355.998,6351.998,6355.998,0.0025
03.07.2019 10:09:00.000,6355.998,6358.998,6355.997,6358.997,0.0055
03.07.2019 10:10:00.000,6359.997,6362.998,6358.997,6362.997,0.0027
03.07.2019 10:11:00.000,6362.997,6362.997,6357.997,6358.998,0.0019
03.07.2019 10:12:00.000,6358.998,6359.998,6358.997,6358.997,0.0008
03.07.2019 10:13:00.000,6357.998,6359.998,6357.997,6357.997,0.0013
03.07.2019 10:14:00.000,6357.998,6361.998,6357.998,6361.998,0.0014
03.07.2019 10:15:00.000,6361.998,6367.998,6361.997,6366.997,0.004
03.07.2019 10:16:00.000,6367.997,6367.998,6365.998,6365.998,0.0017
03.07.2019 10:17:00.000,6365.997,6365.998,6364.997,6364.997,0.0012
03.07.2019 10:18:00.000,6364.998,6365.998,6363.997,6363.998,0.0031
03.07.2019 10:19:00.000,6363.997,6367.998,6363.997,6367.998,0.0029
03.07.2019 10:20:00.000,6367.998,6367.998,6364.998,6365.998,0.0031
03.07.2019 10:21:00.000,6368.997,6368.998,6366.998,6367.998,0.0007
03.07.2019 10:22:00.000,6367.997,6367.998,6366.997,6366.998,0.0016
03.07.2019 10:23:00.000,6367.998,6367.998,6366.998,6367.998,0.0011
03.07.2019 10:24:00.000,6367.997,6369.998,6366.997,6367.998,0.0011
03.07.2019 10:25:00.000,6366.998,6366.998,6364.997,6364.997,0.0018
03.07.2019 10:26:00.000,6365.997,6366.998,6365.997,6366.997,0.0005
03.07.2019 10:27:00.000,6366.998,6366.998,6363.997,6365.998,0.0026
03.07.2019 10:28:00.000,6365.997,6366.998,6364.997,6365.998,0.0033
03.07.2019 10:29:00.000,6366.997,6368.998,6366.997,6367.998,0.0021
03.07.2019 10:30:00.000,6368.998,6368.998,6367.997,6367.998,0.0014
03.07.2019 10:31:00.000,6368.998,6370.998,6368.998,6370.998,0.0007
03.07.2019 10:32:00.000,6370.997,6371.998,6369.997,6369.997,0.0025
03.07.2019 10:33:00.000,6369.998,6369.998,6369.998,6369.998,0.0004
03.07.2019 10:34:00.000,6369.998,6370.998,6369.997,6370.998,0.0013
03.07.2019 10:35:00.000,6370.998,6370.998,6368.997,6368.998,0.0026
03.07.2019 10:36:00.000,6368.998,6368.998,6367.997,6367.998,0.0021
03.07.2019 10:37:00.000,6367.998,6367.998,6365.997,6365.998,0.0025
03.07.2019 10:38:00.000,6366.998,6367.998,6366.998,6367.998,0.0002
03.07.2019 10:39:00.000,6367.997,6368.998,6367.997,6368.998,0.0021
03.07.2019 10:40:00.000,6369.997,6372.998,6369.997,6370.998,0.0019
03.07.2019 10:41:00.000,6371.998,6372.998,6371.998,6372.998,0.0009
03.07.2019 10:43:00.000,6372.997,6373.998,6371.998,6371.998,0.0024
03.07.2019 10:44:00.000,6371.997,6371.998,6368.997,6368.998,0.0027
03.07.2019 10:45:00.000,6368.997,6371.998,6368.997,6371.997,0.0038
03.07.2019 10:46:00.000,6371.998,6371.998,6371.998,6371.998,0.0001
03.07.2019 10:47:00.000,6371.997,6372.998,6370.997,6372.998,0.0019
03.07.2019 10:48:00.000,6372.997,6373.998,6372.997,6373.998,0.0024
03.07.2019 10:49:00.000,6373.997,6375.998,6373.997,6373.998,0.0014
03.07.2019 10:50:00.000,6372.997,6373.998,6372.997,6373.997,0.0008
03.07.2019 10:51:00.000,6373.998,6373.998,6372.997,6373.998,0.0044
03.07.2019 10:52:00.000,6373.998,6373.998,6370.997,6370.998,0.0019
03.07.2019 10:53:00.000,6370.997,6374.998,6370.997,6374.997,0.0045
03.07.2019 10:54:00.000,6374.998,6374.998,6374.997,6374.998,0.0053
03.07.2019 10:55:00.000,6374.997,6374.998,6374.997,6374.998,0.0044
03.07.2019 10:56:00.000,6374.997,6374.997,6374.997,6374.997,0.0006
03.07.2019 10:57:00.000,6374.998,6379.998,6374.998,6377.998,0.0047
03.07.2019 10:58:00.000,6378.998,6378.998,6376.997,6376.997,0.0022
03.07.2019 10:59:00.000,6376.998,6376.998,6374.997,6374.998,0.0027
03.07.2019 11:00:00.000,6374.998,6374.998,6374.998,6374.998,0.0001
03.07.2019 11:02:00.000,6373.997,6378.998,6373.997,6378.998,0.003
03.07.2019 11:03:00.000,6377.998,6377.998,6374.997,6374.997,0.0038
03.07.2019 11:04:00.000,6375.998,6375.998,6371.997,6372.997,0.0048
03.07.2019 11:05:00.000,6372.998,6375.998,6372.998,6373.998,0.0003
03.07.2019 11:06:00.000,6374.998,6377.998,6374.998,6377.998,0.0018
03.07.2019 11:07:00.000,6379.998,6379.998,6377.997,6377.997,0.0021
03.07.2019 11:08:00.000,6377.998,6381.998,6377.997,6377.998,0.0059
03.07.2019 11:09:00.000,6379.998,6379.998,6379.997,6379.998,0.0017
03.07.2019 11:10:00.000,6379.997,6382.998,6378.997,6382.998,0.0039
03.07.2019 11:11:00.000,6382.998,6383.998,6380.997,6381.998,0.004
03.07.2019 11:12:00.000,6382.997,6386.998,6382.997,6384.998,0.0027
03.07.2019 11:13:00.000,6383.998,6383.998,6381.998,6381.998,0.0037
03.07.2019 11:14:00.000,6381.998,6383.998,6381.998,6382.998,0.0014
03.07.2019 11:15:00.000,6383.998,6383.998,6381.998,6382.998,0.0012
03.07.2019 11:16:00.000,6384.998,6384.998,6381.997,6381.998,0.0012
03.07.2019 11:17:00.000,6381.997,6382.998,6380.997,6380.997,0.0009
03.07.2019 11:18:00.000,6380.998,6386.998,6380.998,6383.998,0.0044
03.07.2019 11:19:00.000,6383.998,6383.998,6381.997,6381.998,0.0006
03.07.2019 11:20:00.000,6381.997,6381.997,6380.997,6380.997,0.0006
03.07.2019 11:21:00.000,6381.998,6381.998,6378.997,6378.997,0.0012
03.07.2019 11:22:00.000,6378.998,6380.998,6378.997,6380.998,0.001
03.07.2019 11:23:00.000,6380.998,6382.998,6380.997,6381.997,0.0035
03.07.2019 11:24:00.000,6381.998,6382.998,6381.997,6381.998,0.0026
03.07.2019 11:25:00.000,6381.997,6383.998,6381.997,6383.997,0.0028
03.07.2019 11:26:00.000,6383.998,6384.998,6382.997,6382.998,0.0026
03.07.2019 11:27:00.000,6383.997,6383.998,6382.997,6382.997,0.0023
03.07.2019 11:28:00.000,6382.998,6383.998,6382.997,6383.998,0.0022
03.07.2019 11:29:00.000,6384.997,6386.998,6383.997,6385.997,0.0067
03.07.2019 11:30:00.000,6385.998,6386.998,6385.997,6386.998,0.0023
03.07.2019 11:31:00.000,6386.997,6387.998,6385.997,6386.997,0.0033
03.07.2019 11:32:00.000,6386.998,6394.997,6386.997,6392.998,0.0063
03.07.2019 11:33:00.000,6394.998,6394.998,6392.998,6394.998,0.0011
03.07.2019 11:34:00.000,6394.998,6396.998,6392.997,6395.997,0.0049
03.07.2019 11:35:00.000,6395.998,6396.998,6395.997,6395.998,0.0017
03.07.2019 11:36:00.000,6395.997,6395.998,6395.997,6395.998,0.0023
03.07.2019 11:37:00.000,6395.998,6396.998,6395.997,6396.997,0.0095
03.07.2019 11:38:00.000,6397.997,6401.998,6397.997,6400.998,0.007
03.07.2019 11:39:00.000,6401.997,6402.998,6400.998,6401.998,0.0047
03.07.2019 11:40:00.000,6401.997,6402.998,6398.997,6399.998,0.0019
03.07.2019 11:41:00.000,6399.997,6400.998,6398.997,6400.998,0.0047
03.07.2019 11:42:00.000,6400.997,6400.998,6400.997,6400.998,0.0017
03.07.2019 11:44:00.000,6400.997,6401.998,6400.997,6401.998,0.0014
03.07.2019 11:45:00.000,6402.998,6402.998,6397.997,6397.998,0.0012
03.07.2019 11:46:00.000,6397.998,6398.998,6396.997,6396.998,0.0003
03.07.2019 11:47:00.000,6395.998,6396.998,6395.998,6395.998,0.003
03.07.2019 11:48:00.000,6395.997,6397.998,6394.997,6397.997,0.0065
03.07.2019 11:49:00.000,6397.998,6400.998,6397.998,6400.997,0.0024
03.07.2019 11:50:00.000,6400.998,6400.998,6399.997,6399.997,0.0023
03.07.2019 11:51:00.000,6399.998,6399.998,6397.997,6397.998,0.002
03.07.2019 11:52:00.000,6396.998,6397.998,6396.998,6397.998,0.0024
03.07.2019 11:53:00.000,6397.997,6400.997,6397.997,6400.997,0.0016
03.07.2019 11:54:00.000,6400.998,6401.998,6399.997,6400.998,0.0009
03.07.2019 11:55:00.000,6400.997,6402.998,6400.997,6402.997,0.0023
03.07.2019 11:56:00.000,6402.997,6402.997,6400.998,6401.998,0.0016
03.07.2019 11:57:00.000,6401.997,6402.998,6400.997,6400.997,0.0023
03.07.2019 11:58:00.000,6400.998,6401.997,6399.997,6399.998,0.0043
03.07.2019 11:59:00.000,6399.997,6401.998,6399.997,6400.998,0.0013
03.07.2019 12:00:00.000,6400.997,6401.998,6399.997,6400.998,0.0037
03.07.2019 12:01:00.000,6400.997,6401.998,6398.997,6401.997,0.0067
03.07.2019 12:02:00.000,6400.997,6400.998,6399.997,6400.997,0.0101
03.07.2019 12:03:00.000,6400.998,6400.998,6400.998,6400.998,0.0001
03.07.2019 12:04:00.000,6400.997,6401.998,6399.998,6401.997,0.005
03.07.2019 12:05:00.000,6401.998,6401.998,6400.997,6400.998,0.0062
03.07.2019 12:06:00.000,6400.997,6400.998,6400.997,6400.998,0.002
03.07.2019 12:07:00.000,6400.997,6402.998,6400.997,6401.998,0.0042
03.07.2019 12:08:00.000,6402.998,6403.998,6402.997,6402.998,0.0022
03.07.2019 12:09:00.000,6401.997,6403.998,6401.997,6403.998,0.0056
03.07.2019 12:10:00.000,6403.997,6403.998,6402.997,6402.998,0.0028
03.07.2019 12:11:00.000,6402.998,6403.998,6402.997,6403.998,0.0019
03.07.2019 12:12:00.000,6403.997,6403.997,6402.998,6402.998,0.0018
03.07.2019 12:13:00.000,6402.997,6403.998,6402.997,6402.997,0.0026
03.07.2019 12:14:00.000,6402.998,6403.998,6401.997,6401.998,0.0019
03.07.2019 12:15:00.000,6400.998,6408.998,6400.997,6405.998,0.004
03.07.2019 12:16:00.000,6406.998,6410.997,6406.997,6409.997,0.0042
03.07.2019 12:17:00.000,6409.998,6410.998,6405.997,6405.997,0.0016
03.07.2019 12:18:00.000,6405.998,6407.998,6403.997,6403.997,0.0043
03.07.2019 12:19:00.000,6403.997,6404.998,6402.997,6403.997,0.0044
03.07.2019 12:20:00.000,6403.998,6403.998,6402.997,6402.998,0.0036
03.07.2019 12:21:00.000,6402.997,6402.998,6401.997,6401.998,0.0033
03.07.2019 12:22:00.000,6402.998,6404.998,6402.997,6403.997,0.0048
03.07.2019 12:23:00.000,6403.998,6404.998,6402.997,6402.998,0.0044
03.07.2019 12:24:00.000,6403.997,6404.998,6403.997,6404.998,0.0031
03.07.2019 12:25:00.000,6405.998,6410.998,6405.998,6410.997,0.0068
03.07.2019 12:26:00.000,6410.998,6414.998,6409.997,6412.998,0.0033
03.07.2019 12:27:00.000,6410.998,6414.998,6409.997,6409.997,0.0096
03.07.2019 12:28:00.000,6409.998,6417.998,6408.997,6415.997,0.0059
03.07.2019 12:29:00.000,6417.997,6417.998,6413.998,6415.997,0.0041
03.07.2019 12:30:00.000,6415.998,6417.998,6414.998,6416.997,0.0049
03.07.2019 12:31:00.000,6416.997,6416.998,6415.997,6416.998,0.0033
03.07.2019 12:32:00.000,6416.997,6419.998,6416.997,6418.997,0.0093
03.07.2019 12:33:00.000,6418.998,6418.998,6416.997,6418.998,0.0031
03.07.2019 12:34:00.000,6418.997,6418.997,6415.997,6415.998,0.0004
03.07.2019 12:35:00.000,6415.998,6418.998,6413.997,6413.998,0.0034
03.07.2019 12:36:00.000,6413.997,6413.997,6408.997,6410.998,0.0047
03.07.2019 12:37:00.000,6409.998,6413.998,6409.997,6413.998,0.0101
03.07.2019 12:38:00.000,6411.997,6411.998,6411.997,6411.998,0.0028
03.07.2019 12:39:00.000,6411.998,6412.998,6411.997,6411.998,0.0018
03.07.2019 12:40:00.000,6411.997,6413.998,6411.997,6413.998,0.0029
03.07.2019 12:41:00.000,6413.997,6417.997,6412.998,6412.998,0.0047
03.07.2019 12:42:00.000,6413.998,6415.998,6413.998,6415.998,0.0039
03.07.2019 12:43:00.000,6415.750,6415.750,6413.997,6414.998,0.0048
03.07.2019 12:44:00.000,6415.997,6419.998,6415.997,6417.998,0.0036
03.07.2019 12:45:00.000,6418.998,6419.998,6417.997,6418.997,0.0033
03.07.2019 12:46:00.000,6418.998,6419.998,6417.997,6418.998,0.0048
03.07.2019 12:47:00.000,6419.998,6421.997,6417.998,6420.997,0.0036
03.07.2019 12:48:00.000,6420.998,6420.998,6418.998,6419.997,0.0036
03.07.2019 12:49:00.000,6419.998,6419.998,6418.998,6419.998,0.0034
03.07.2019 12:50:00.000,6419.998,6419.998,6418.997,6418.998,0.0016
03.07.2019 12:51:00.000,6418.997,6420.998,6418.997,6419.997,0.0022
03.07.2019 12:52:00.000,6419.998,6421.998,6417.997,6417.998,0.005
03.07.2019 12:53:00.000,6417.998,6417.998,6414.997,6414.998,0.001
03.07.2019 12:54:00.000,6414.997,6414.998,6413.997,6413.998,0.0021
03.07.2019 12:55:00.000,6414.998,6414.998,6409.998,6409.998,0.0045
03.07.2019 12:56:00.000,6409.998,6415.998,6409.998,6415.998,0.0065
03.07.2019 12:57:00.000,6415.998,6420.998,6414.997,6420.998,0.0046
03.07.2019 12:58:00.000,6420.997,6424.998,6419.997,6424.998,0.0052
03.07.2019 12:59:00.000,6424.997,6428.998,6424.997,6428.998,0.0102
03.07.2019 13:00:00.000,6428.750,6432.998,6426.997,6432.998,0.0123
03.07.2019 13:01:00.000,6432.998,6432.998,6428.997,6432.998,0.0087
03.07.2019 13:02:00.000,6432.998,6436.998,6432.998,6436.997,0.0024
03.07.2019 13:03:00.000,6436.998,6437.998,6436.997,6437.998,0.002
03.07.2019 13:04:00.000,6437.998,6440.998,6436.997,6437.998,0.01
03.07.2019 13:05:00.000,6438.998,6438.998,6434.998,6434.998,0.0027
03.07.2019 13:06:00.000,6434.997,6434.998,6434.997,6434.997,0.0015
03.07.2019 13:07:00.000,6435.998,6437.998,6434.997,6436.998,0.0063
03.07.2019 13:08:00.000,6436.997,6436.998,6433.997,6436.998,0.0086
03.07.2019 13:09:00.000,6437.998,6445.750,6435.997,6443.998,0.0086
03.07.2019 13:10:00.000,6443.998,6443.998,6435.998,6436.997,0.0093
03.07.2019 13:11:00.000,6436.998,6438.998,6434.998,6436.998,0.0072
03.07.2019 13:12:00.000,6436.997,6438.998,6436.997,6437.997,0.0024
03.07.2019 13:13:00.000,6437.997,6443.998,6437.997,6442.998,0.0048
03.07.2019 13:14:00.000,6442.997,6443.998,6440.998,6443.998,0.0065
03.07.2019 13:15:00.000,6443.998,6443.998,6440.997,6441.998,0.004
03.07.2019 13:16:00.000,6441.998,6443.998,6441.997,6443.998,0.0035
03.07.2019 13:18:00.000,6443.997,6444.998,6441.997,6443.998,0.0021
03.07.2019 13:19:00.000,6444.997,6450.998,6444.997,6449.998,0.0086
03.07.2019 13:20:00.000,6448.997,6452.998,6447.997,6447.997,0.0063
03.07.2019 13:21:00.000,6448.997,6453.998,6445.998,6453.998,0.0117
03.07.2019 13:22:00.000,6453.997,6461.998,6452.997,6460.998,0.0095
03.07.2019 13:23:00.000,6460.500,6460.500,6457.997,6459.998,0.0027
03.07.2019 13:24:00.000,6459.997,6463.998,6457.997,6457.997,0.0125
03.07.2019 13:25:00.000,6457.998,6461.997,6457.997,6461.997,0.0033
03.07.2019 13:26:00.000,6461.998,6462.997,6461.997,6461.997,0.0049
03.07.2019 13:27:00.000,6461.998,6461.998,6458.997,6458.998,0.0056
03.07.2019 13:28:00.000,6458.997,6463.998,6458.997,6463.998,0.0121
03.07.2019 13:29:00.000,6464.998,6465.998,6462.998,6465.998,0.0131
03.07.2019 13:30:00.000,6465.998,6465.998,6463.997,6463.998,0.0091
03.07.2019 13:31:00.000,6463.997,6466.998,6463.997,6466.998,0.0143
03.07.2019 13:32:00.000,6466.997,6469.998,6466.997,6469.997,0.005
03.07.2019 13:33:00.000,6469.998,6471.998,6469.997,6471.998,0.0091
03.07.2019 13:34:00.000,6471.998,6474.998,6471.997,6473.998,0.0079
03.07.2019 13:35:00.000,6473.998,6476.998,6469.997,6470.998,0.0047
03.07.2019 13:36:00.000,6470.997,6471.998,6469.997,6469.998,0.0061
03.07.2019 13:37:00.000,6469.997,6469.998,6466.998,6467.998,0.0046
03.07.2019 13:38:00.000,6467.997,6467.997,6456.997,6456.998,0.0072
03.07.2019 13:39:00.000,6455.998,6456.998,6453.998,6454.998,0.0096
03.07.2019 13:40:00.000,6453.997,6453.997,6448.998,6450.998,0.01
03.07.2019 13:41:00.000,6450.997,6451.998,6449.997,6449.998,0.0066
03.07.2019 13:42:00.000,6448.998,6453.998,6447.997,6453.998,0.0109
03.07.2019 13:43:00.000,6453.750,6453.750,6445.997,6445.998,0.0048
03.07.2019 13:44:00.000,6444.998,6445.998,6440.998,6440.998,0.0017
03.07.2019 13:45:00.000,6440.998,6443.998,6440.998,6443.998,0.003
03.07.2019 13:46:00.000,6443.997,6443.997,6440.998,6442.998,0.0064
03.07.2019 13:47:00.000,6442.997,6442.997,6438.997,6439.998,0.0069
03.07.2019 13:48:00.000,6439.997,6439.997,6435.997,6436.998,0.0107
03.07.2019 13:49:00.000,6436.750,6436.750,6433.997,6433.998,0.0095
03.07.2019 13:50:00.000,6434.998,6436.998,6432.997,6432.997,0.007
03.07.2019 13:51:00.000,6432.997,6432.998,6430.997,6431.998,0.0106
03.07.2019 13:52:00.000,6430.998,6434.998,6430.998,6434.998,0.0042
03.07.2019 13:53:00.000,6434.997,6434.997,6432.997,6432.998,0.0019
03.07.2019 13:54:00.000,6432.997,6433.998,6431.997,6433.998,0.0056
03.07.2019 13:55:00.000,6433.997,6433.998,6431.997,6431.998,0.002
03.07.2019 13:56:00.000,6431.997,6434.998,6431.997,6433.997,0.0037
03.07.2019 13:57:00.000,6433.998,6435.998,6433.998,6434.998,0.0035
03.07.2019 13:58:00.000,6434.997,6437.998,6434.997,6437.998,0.0065
03.07.2019 13:59:00.000,6438.997,6440.998,6437.998,6439.998,0.0086
03.07.2019 14:00:00.000,6438.998,6440.998,6435.997,6435.998,0.0033
03.07.2019 14:01:00.000,6435.997,6438.998,6435.997,6438.998,0.0022
03.07.2019 14:02:00.000,6438.997,6443.998,6438.997,6443.997,0.0041
03.07.2019 14:03:00.000,6443.998,6445.998,6443.997,6445.997,0.0071
03.07.2019 14:04:00.000,6445.997,6446.998,6443.997,6443.997,0.0052
03.07.2019 14:05:00.000,6444.998,6446.998,6444.997,6445.998,0.0065
03.07.2019 14:06:00.000,6444.997,6444.997,6440.997,6442.998,0.0107
03.07.2019 14:07:00.000,6442.997,6444.998,6441.998,6444.998,0.0062
03.07.2019 14:08:00.000,6443.998,6443.998,6442.997,6443.998,0.002
03.07.2019 14:09:00.000,6443.997,6447.998,6441.998,6447.998,0.0032
03.07.2019 14:10:00.000,6447.997,6447.998,6446.997,6446.997,0.0028
03.07.2019 14:11:00.000,6446.998,6448.997,6444.997,6447.998,0.0137
03.07.2019 14:12:00.000,6447.997,6451.998,6447.997,6451.997,0.0047
03.07.2019 14:13:00.000,6451.998,6451.998,6449.997,6450.998,0.0046
03.07.2019 14:14:00.000,6450.998,6451.998,6446.997,6446.997,0.0133
03.07.2019 14:15:00.000,6444.997,6444.997,6437.997,6437.998,0.0096
03.07.2019 14:16:00.000,6437.997,6437.998,6431.997,6432.998,0.0072
03.07.2019 14:17:00.000,6432.998,6435.998,6432.997,6433.998,0.0052
03.07.2019 14:18:00.000,6434.998,6434.998,6429.998,6430.998,0.0092
03.07.2019 14:19:00.000,6430.750,6430.750,6427.997,6428.998,0.0041
03.07.2019 14:20:00.000,6428.997,6428.997,6423.997,6423.998,0.0055
03.07.2019 14:21:00.000,6423.997,6424.998,6421.997,6421.997,0.0075
03.07.2019 14:22:00.000,6421.997,6421.997,6414.997,6419.997,0.007
03.07.2019 14:23:00.000,6419.998,6421.998,6418.997,6420.998,0.0068
03.07.2019 14:24:00.000,6421.997,6422.998,6419.998,6421.998,0.0094
03.07.2019 14:25:00.000,6421.998,6423.998,6420.997,6423.998,0.0042
03.07.2019 14:26:00.000,6422.997,6424.998,6421.997,6423.998,0.0067
03.07.2019 14:27:00.000,6423.998,6424.998,6420.998,6421.997,0.0072
03.07.2019 14:28:00.000,6422.997,6423.998,6421.998,6423.998,0.0074
03.07.2019 14:29:00.000,6423.997,6423.998,6417.997,6417.997,0.0073
03.07.2019 14:30:00.000,6418.997,6420.998,6416.997,6420.997,0.0057
03.07.2019 14:31:00.000,6421.998,6421.998,6421.997,6421.998,0.0051
03.07.2019 14:32:00.000,6421.998,6423.998,6421.997,6423.998,0.0084
03.07.2019 14:33:00.000,6422.998,6431.998,6422.997,6430.997,0.0057
03.07.2019 14:34:00.000,6430.998,6433.998,6429.997,6433.998,0.0071
03.07.2019 14:35:00.000,6433.997,6433.997,6428.997,6432.997,0.0025
03.07.2019 14:36:00.000,6432.998,6433.998,6430.997,6432.998,0.0051
03.07.2019 14:37:00.000,6432.997,6434.998,6430.997,6433.998,0.0059
03.07.2019 14:38:00.000,6434.998,6435.998,6430.998,6430.998,0.0044
03.07.2019 14:39:00.000,6430.998,6432.998,6430.997,6430.997,0.0017
03.07.2019 14:40:00.000,6430.998,6432.998,6430.997,6430.998,0.0068
03.07.2019 14:41:00.000,6431.997,6431.998,6427.997,6427.998,0.0069
03.07.2019 14:42:00.000,6427.997,6427.997,6424.997,6425.998,0.008
03.07.2019 14:43:00.000,6425.997,6430.998,6424.998,6430.998,0.0057
03.07.2019 14:44:00.000,6430.998,6430.998,6427.998,6427.998,0.0061
03.07.2019 14:45:00.000,6429.750,6429.998,6425.997,6426.998,0.0069
03.07.2019 14:46:00.000,6427.997,6427.998,6425.997,6425.998,0.0024
03.07.2019 14:47:00.000,6425.997,6426.998,6423.998,6424.998,0.0037
03.07.2019 14:48:00.000,6424.997,6425.998,6422.998,6422.998,0.0042
03.07.2019 14:49:00.000,6422.997,6422.998,6420.997,6420.998,0.0046
03.07.2019 14:50:00.000,6420.998,6421.998,6414.997,6414.998,0.0097
03.07.2019 14:51:00.000,6413.998,6417.998,6412.997,6414.998,0.0078
03.07.2019 14:52:00.000,6414.998,6414.998,6410.997,6410.997,0.0049
03.07.2019 14:53:00.000,6410.998,6410.998,6405.998,6405.998,0.0039
03.07.2019 14:54:00.000,6404.998,6407.998,6404.998,6405.998,0.0047
03.07.2019 14:55:00.000,6406.997,6408.998,6405.997,6406.998,0.0068
03.07.2019 14:56:00.000,6407.998,6409.998,6405.997,6406.998,0.0056
03.07.2019 14:57:00.000,6407.997,6407.998,6406.997,6406.998,0.0034
03.07.2019 14:58:00.000,6406.997,6407.998,6403.997,6405.998,0.0104
03.07.2019 14:59:00.000,6405.997,6405.998,6402.997,6404.997,0.008
03.07.2019 15:00:00.000,6404.998,6404.998,6399.997,6400.998,0.012
03.07.2019 15:01:00.000,6400.997,6402.998,6399.997,6401.998,0.0036
03.07.2019 15:02:00.000,6401.997,6401.998,6399.997,6401.998,0.0089
03.07.2019 15:03:00.000,6400.997,6402.998,6398.997,6401.998,0.0038
03.07.2019 15:04:00.000,6402.998,6402.998,6400.997,6401.997,0.0074
03.07.2019 15:05:00.000,6402.998,6403.998,6402.997,6402.998,0.0029
03.07.2019 15:06:00.000,6402.997,6402.997,6396.997,6396.998,0.0053
03.07.2019 15:07:00.000,6397.997,6398.998,6397.997,6398.997,0.0071
03.07.2019 15:08:00.000,6398.998,6400.998,6397.997,6398.997,0.0138
03.07.2019 15:09:00.000,6398.998,6398.998,6396.997,6396.998,0.0069
03.07.2019 15:10:00.000,6396.997,6396.997,6394.997,6395.998,0.0018
03.07.2019 15:11:00.000,6395.997,6395.998,6394.997,6395.998,0.0027
03.07.2019 15:12:00.000,6394.998,6395.998,6394.997,6395.997,0.0035
03.07.2019 15:13:00.000,6395.998,6399.998,6395.998,6399.998,0.0097
03.07.2019 15:14:00.000,6399.997,6399.998,6399.997,6399.998,0.0029
03.07.2019 15:15:00.000,6399.997,6401.998,6399.997,6401.998,0.0128
03.07.2019 15:16:00.000,6401.997,6404.998,6401.997,6403.997,0.004
03.07.2019 15:17:00.000,6403.998,6403.998,6403.997,6403.998,0.0044
03.07.2019 15:18:00.000,6404.997,6405.998,6400.998,6400.998,0.0055
03.07.2019 15:19:00.000,6400.998,6401.998,6400.997,6400.997,0.008
03.07.2019 15:20:00.000,6400.998,6402.998,6400.998,6402.998,0.0058
03.07.2019 15:21:00.000,6402.997,6407.998,6402.997,6406.997,0.0089
03.07.2019 15:22:00.000,6405.998,6405.998,6403.997,6404.998,0.0051
03.07.2019 15:23:00.000,6404.997,6405.998,6403.997,6403.997,0.0067
03.07.2019 15:24:00.000,6403.500,6403.500,6394.997,6398.998,0.0058
03.07.2019 15:25:00.000,6398.997,6401.998,6398.997,6401.998,0.0116
03.07.2019 15:26:00.000,6401.997,6401.998,6400.997,6400.998,0.0066
03.07.2019 15:27:00.000,6400.997,6400.998,6399.997,6400.997,0.0097
03.07.2019 15:28:00.000,6400.998,6404.998,6400.997,6404.997,0.0095
03.07.2019 15:29:00.000,6404.998,6406.998,6403.998,6404.998,0.0194
04.07.2019 07:04:00.000,6395.998,6395.998,6395.998,6395.998,0.0001
04.07.2019 07:05:00.000,6393.998,6396.998,6391.998,6395.998,0.0009
04.07.2019 07:06:00.000,6391.998,6393.998,6388.997,6388.998,0.0005
04.07.2019 07:07:00.000,6389.998,6389.998,6363.997,6363.997,0.0027
04.07.2019 07:09:00.000,6379.997,6379.998,6375.997,6375.998,0.0011
04.07.2019 07:10:00.000,6377.998,6381.998,6374.998,6378.998,0.0008
04.07.2019 07:11:00.000,6375.998,6383.998,6375.998,6379.997,0.0006
04.07.2019 07:12:00.000,6381.997,6385.998,6379.997,6380.998,0.001
04.07.2019 07:13:00.000,6387.997,6387.998,6386.997,6386.998,0.0008
04.07.2019 07:14:00.000,6387.997,6390.998,6387.997,6388.998,0.0005
04.07.2019 07:15:00.000,6388.997,6391.998,6388.997,6391.998,0.0012
04.07.2019 07:16:00.000,6391.998,6396.998,6391.998,6392.997,0.0008
04.07.2019 07:17:00.000,6392.998,6393.997,6392.997,6393.997,0.0005
04.07.2019 07:18:00.000,6393.998,6398.998,6390.997,6393.998,0.0009
04.07.2019 07:19:00.000,6395.997,6395.998,6392.997,6394.998,0.0019
04.07.2019 07:20:00.000,6395.997,6395.998,6395.997,6395.998,0.0003
04.07.2019 07:22:00.000,6396.997,6397.998,6396.997,6397.998,0.0027
04.07.2019 07:23:00.000,6398.998,6406.998,6398.998,6406.997,0.005
04.07.2019 07:24:00.000,6406.998,6406.998,6406.997,6406.998,0.0002
04.07.2019 07:25:00.000,6406.998,6407.998,6404.997,6404.997,0.0005
04.07.2019 07:27:00.000,6404.997,6404.998,6403.997,6404.998,0.0003
04.07.2019 07:28:00.000,6404.997,6407.998,6401.997,6406.998,0.0033
04.07.2019 07:29:00.000,6406.997,6411.998,6406.997,6411.998,0.0032
04.07.2019 07:30:00.000,6411.998,6411.998,6399.997,6400.998,0.0035
04.07.2019 07:31:00.000,6401.998,6405.998,6401.998,6405.997,0.0041
04.07.2019 07:32:00.000,6405.998,6405.998,6397.997,6397.998,0.0031
04.07.2019 07:33:00.000,6398.997,6401.998,6398.997,6401.997,0.0017
04.07.2019 07:34:00.000,6401.998,6404.998,6400.998,6400.998,0.0013
04.07.2019 07:35:00.000,6400.997,6403.998,6399.997,6399.998,0.0022
04.07.2019 07:36:00.000,6399.998,6399.998,6394.998,6397.997,0.0034
04.07.2019 07:37:00.000,6397.998,6398.998,6397.997,6398.998,0.0002
04.07.2019 07:38:00.000,6398.997,6398.997,6398.997,6398.997,0.0001
04.07.2019 07:39:00.000,6398.998,6398.998,6396.997,6398.997,0.0006
04.07.2019 07:40:00.000,6398.998,6402.998,6398.997,6402.998,0.0014
04.07.2019 07:41:00.000,6402.998,6404.998,6402.997,6403.998,0.0013
04.07.2019 07:42:00.000,6403.997,6403.997,6397.997,6397.998,0.0011
04.07.2019 07:43:00.000,6397.750,6397.750,6392.997,6395.998,0.0016
04.07.2019 07:44:00.000,6395.997,6395.998,6392.998,6392.998,0.0001
04.07.2019 07:45:00.000,6392.997,6392.997,6387.997,6387.998,0.0012
04.07.2019 07:46:00.000,6387.997,6387.998,6386.997,6386.998,0.0004
04.07.2019 07:47:00.000,6386.998,6386.998,6385.997,6386.998,0.0013
04.07.2019 07:48:00.000,6386.998,6386.998,6385.997,6386.998,0.001
04.07.2019 07:49:00.000,6386.998,6387.998,6385.998,6387.998,0.0005
04.07.2019 07:50:00.000,6387.998,6387.998,6385.997,6385.997,0.0002
04.07.2019 07:51:00.000,6385.997,6385.998,6384.997,6385.998,0.0003
04.07.2019 07:52:00.000,6385.997,6387.998,6384.998,6386.998,0.0038
04.07.2019 07:53:00.000,6386.997,6389.997,6386.997,6387.998,0.001
04.07.2019 07:54:00.000,6389.998,6389.998,6389.997,6389.998,0.0007
04.07.2019 07:55:00.000,6389.998,6389.998,6389.997,6389.997,0.0003
04.07.2019 07:56:00.000,6389.998,6389.998,6389.997,6389.997,0.0002
04.07.2019 07:57:00.000,6389.997,6391.998,6389.997,6391.998,0.0004
04.07.2019 07:58:00.000,6391.998,6391.998,6390.997,6390.998,0.0002
04.07.2019 07:59:00.000,6390.997,6390.997,6388.997,6389.997,0.0007
04.07.2019 08:00:00.000,6390.997,6393.998,6390.997,6393.997,0.0017
04.07.2019 08:01:00.000,6393.998,6393.998,6390.997,6390.997,0.0013
04.07.2019 08:02:00.000,6390.998,6396.998,6389.997,6396.998,0.0039
04.07.2019 08:03:00.000,6396.998,6396.998,6391.997,6391.997,0.0026
04.07.2019 08:04:00.000,6391.998,6392.998,6389.997,6390.998,0.0021
04.07.2019 08:06:00.000,6390.998,6391.998,6390.998,6391.998,0.0008
04.07.2019 08:07:00.000,6390.998,6390.998,6380.997,6381.998,0.0075
04.07.2019 08:08:00.000,6382.997,6382.998,6380.997,6381.998,0.002
04.07.2019 08:09:00.000,6381.997,6381.998,6381.997,6381.998,0.0004
04.07.2019 08:10:00.000,6382.998,6382.998,6373.997,6377.998,0.0055
04.07.2019 08:11:00.000,6378.997,6379.998,6376.997,6376.998,0.0015
04.07.2019 08:12:00.000,6376.997,6376.997,6371.997,6371.998,0.0017
04.07.2019 08:13:00.000,6373.998,6373.998,6371.997,6372.998,0.0026
04.07.2019 08:14:00.000,6372.997,6372.997,6368.998,6370.998,0.0025
04.07.2019 08:15:00.000,6371.998,6371.998,6371.997,6371.998,0.0012
04.07.2019 08:16:00.000,6371.998,6375.998,6371.998,6375.998,0.0051
04.07.2019 08:17:00.000,6377.997,6382.998,6377.997,6377.997,0.0049
04.07.2019 08:18:00.000,6379.998,6379.998,6379.997,6379.998,0.0016
04.07.2019 08:19:00.000,6381.997,6382.997,6378.997,6380.997,0.003
04.07.2019 08:20:00.000,6380.998,6382.997,6379.997,6380.998,0.0037
04.07.2019 08:21:00.000,6380.997,6380.997,6379.997,6379.998,0.0008
04.07.2019 08:22:00.000,6379.997,6381.998,6379.997,6381.998,0.0015
04.07.2019 08:23:00.000,6381.997,6381.998,6381.997,6381.998,0.0013
04.07.2019 08:24:00.000,6382.998,6382.998,6380.997,6380.997,0.002
04.07.2019 08:25:00.000,6380.997,6380.998,6378.998,6380.997,0.0014
04.07.2019 08:26:00.000,6380.997,6380.998,6379.997,6380.998,0.0021
04.07.2019 08:27:00.000,6380.997,6380.998,6379.998,6380.998,0.0009
04.07.2019 08:28:00.000,6379.998,6383.998,6379.998,6383.997,0.0023
04.07.2019 08:29:00.000,6383.998,6383.998,6382.997,6382.997,0.0015
04.07.2019 08:30:00.000,6382.998,6384.998,6382.998,6384.997,0.0008
04.07.2019 08:31:00.000,6384.997,6384.998,6382.997,6382.998,0.0017
04.07.2019 08:32:00.000,6382.998,6382.998,6378.998,6379.998,0.0017
04.07.2019 08:33:00.000,6380.998,6382.998,6380.997,6382.997,0.0012
04.07.2019 08:34:00.000,6382.998,6382.998,6382.997,6382.998,0.0015
04.07.2019 08:35:00.000,6382.997,6382.998,6382.997,6382.998,0.0005
04.07.2019 08:36:00.000,6382.997,6382.997,6376.998,6379.998,0.0024
04.07.2019 08:37:00.000,6380.997,6382.998,6380.997,6381.998,0.0021
04.07.2019 08:38:00.000,6381.997,6381.998,6378.997,6380.998,0.0016
04.07.2019 08:39:00.000,6379.998,6380.998,6376.998,6379.997,0.001
04.07.2019 08:40:00.000,6379.997,6379.997,6376.998,6377.998,0.0015
04.07.2019 08:41:00.000,6376.997,6379.998,6374.998,6375.997,0.0033
04.07.2019 08:42:00.000,6375.997,6375.998,6375.997,6375.998,0.0005
04.07.2019 08:43:00.000,6375.997,6375.998,6369.997,6371.998,0.0044
04.07.2019 08:44:00.000,6371.997,6375.998,6371.997,6374.998,0.0038
04.07.2019 08:45:00.000,6374.997,6375.997,6370.998,6371.997,0.0033
04.07.2019 08:46:00.000,6371.998,6373.998,6368.998,6369.997,0.0019
04.07.2019 08:47:00.000,6369.998,6369.998,6368.997,6369.997,0.0017
04.07.2019 08:48:00.000,6370.998,6372.998,6370.997,6370.997,0.0024
04.07.2019 08:49:00.000,6371.998,6377.997,6371.997,6374.998,0.0024
04.07.2019 08:50:00.000,6375.998,6376.998,6374.998,6375.998,0.0023
04.07.2019 08:51:00.000,6375.998,6375.998,6371.997,6373.998,0.002
04.07.2019 08:52:00.000,6373.997,6375.997,6371.997,6375.997,0.0036
04.07.2019 08:53:00.000,6376.998,6376.998,6374.997,6374.997,0.0008
04.07.2019 08:54:00.000,6374.998,6374.998,6373.997,6373.997,0.0022
04.07.2019 08:55:00.000,6372.997,6374.998,6372.997,6374.998,0.0003
04.07.2019 08:56:00.000,6374.997,6374.998,6372.997,6374.998,0.0009
04.07.2019 08:57:00.000,6374.998,6374.998,6369.998,6370.998,0.0024
04.07.2019 08:58:00.000,6370.998,6371.998,6369.998,6371.998,0.0007
04.07.2019 08:59:00.000,6371.998,6372.998,6371.998,6372.997,0.0009
04.07.2019 09:00:00.000,6372.998,6374.998,6372.997,6372.997,0.0015
04.07.2019 09:01:00.000,6371.998,6374.998,6371.998,6374.998,0.0008
04.07.2019 09:02:00.000,6374.998,6374.998,6369.997,6371.998,0.0031
04.07.2019 09:03:00.000,6371.997,6374.998,6371.997,6373.998,0.0039
04.07.2019 09:04:00.000,6373.997,6373.998,6373.997,6373.998,0.0021
04.07.2019 09:05:00.000,6374.998,6377.998,6374.997,6377.998,0.0036
04.07.2019 09:06:00.000,6379.998,6379.998,6379.997,6379.997,0.0016
04.07.2019 09:07:00.000,6379.998,6381.998,6377.997,6381.998,0.0032
04.07.2019 09:08:00.000,6381.998,6382.998,6376.997,6377.998,0.0027
04.07.2019 09:09:00.000,6378.998,6379.998,6378.998,6379.998,0.0007
04.07.2019 09:10:00.000,6381.997,6383.998,6381.997,6382.998,0.0013
04.07.2019 09:11:00.000,6382.997,6382.998,6381.997,6381.998,0.0016
04.07.2019 09:12:00.000,6381.997,6383.998,6381.997,6383.998,0.0032
04.07.2019 09:13:00.000,6384.998,6385.998,6383.997,6383.998,0.0029
04.07.2019 09:14:00.000,6381.997,6385.998,6381.997,6385.998,0.0017
04.07.2019 09:15:00.000,6385.998,6387.998,6385.998,6386.997,0.0014
04.07.2019 09:16:00.000,6386.998,6389.998,6386.998,6387.998,0.001
04.07.2019 09:17:00.000,6388.998,6390.997,6387.997,6388.997,0.0023
04.07.2019 09:18:00.000,6388.998,6392.998,6388.998,6391.998,0.0016
04.07.2019 09:19:00.000,6392.998,6393.998,6388.997,6388.997,0.0032
04.07.2019 09:20:00.000,6388.998,6388.998,6388.997,6388.998,0.0003
04.07.2019 09:21:00.000,6388.997,6390.998,6388.997,6390.997,0.0011
04.07.2019 09:22:00.000,6390.998,6390.998,6385.998,6386.998,0.003
04.07.2019 09:23:00.000,6386.998,6386.998,6385.998,6386.998,0.0009
04.07.2019 09:24:00.000,6386.997,6388.998,6384.998,6384.998,0.0017
04.07.2019 09:25:00.000,6384.997,6385.998,6384.997,6385.998,0.0015
04.07.2019 09:26:00.000,6385.500,6385.500,6380.998,6381.998,0.0018
04.07.2019 09:27:00.000,6381.997,6381.998,6377.998,6378.997,0.0015
04.07.2019 09:28:00.000,6378.998,6379.998,6378.998,6379.998,0.0017
04.07.2019 09:29:00.000,6378.998,6380.998,6378.998,6378.998,0.0021
04.07.2019 09:30:00.000,6378.997,6381.998,6377.997,6380.998,0.0021
04.07.2019 09:31:00.000,6380.998,6380.998,6378.997,6379.997,0.0032
04.07.2019 09:32:00.000,6379.998,6380.998,6379.998,6380.997,0.0006
04.07.2019 09:33:00.000,6380.998,6380.998,6379.997,6379.997,0.0004
04.07.2019 09:34:00.000,6379.998,6380.998,6378.997,6378.998,0.0017
04.07.2019 09:35:00.000,6378.997,6379.998,6377.998,6379.998,0.0026
04.07.2019 09:36:00.000,6380.998,6380.998,6376.997,6377.997,0.0022
04.07.2019 09:37:00.000,6377.998,6377.998,6377.997,6377.998,0.0003
04.07.2019 09:38:00.000,6377.997,6377.998,6377.997,6377.998,0.0006
04.07.2019 09:39:00.000,6377.998,6378.997,6377.998,6377.998,0.0004
04.07.2019 09:40:00.000,6378.998,6378.998,6377.997,6377.997,0.0016
04.07.2019 09:41:00.000,6377.998,6381.998,6377.997,6380.998,0.0023
04.07.2019 09:42:00.000,6380.997,6380.998,6380.997,6380.998,0.003
04.07.2019 09:44:00.000,6380.997,6387.998,6380.997,6387.998,0.0036
04.07.2019 09:45:00.000,6387.998,6387.998,6382.998,6384.998,0.0022
04.07.2019 09:46:00.000,6385.997,6385.998,6385.997,6385.997,0.002
04.07.2019 09:47:00.000,6385.998,6385.998,6381.998,6381.998,0.0009
04.07.2019 09:48:00.000,6381.998,6382.998,6381.998,6382.998,0.0009
04.07.2019 09:49:00.000,6383.997,6383.998,6382.997,6383.997,0.0012
04.07.2019 09:50:00.000,6383.998,6384.998,6382.998,6384.998,0.0011
04.07.2019 09:51:00.000,6385.998,6385.998,6384.997,6384.997,0.0007
04.07.2019 09:52:00.000,6384.998,6384.998,6382.997,6384.997,0.0016
04.07.2019 09:53:00.000,6384.998,6384.998,6384.997,6384.997,0.0002
04.07.2019 09:54:00.000,6384.998,6384.998,6382.997,6382.998,0.0013
04.07.2019 09:55:00.000,6382.997,6382.998,6380.997,6380.997,0.0014
04.07.2019 09:56:00.000,6380.998,6381.997,6379.997,6381.997,0.0014
04.07.2019 09:57:00.000,6381.997,6381.997,6379.997,6380.997,0.0008
04.07.2019 09:58:00.000,6380.998,6381.998,6379.998,6379.998,0.001
04.07.2019 09:59:00.000,6380.997,6384.998,6380.997,6384.998,0.0016
04.07.2019 10:00:00.000,6384.997,6384.998,6384.997,6384.998,0.0004
04.07.2019 10:01:00.000,6384.750,6384.750,6380.997,6380.998,0.0008
04.07.2019 10:02:00.000,6380.997,6380.997,6376.997,6377.998,0.001
04.07.2019 10:03:00.000,6377.997,6380.998,6377.997,6379.998,0.0024
04.07.2019 10:04:00.000,6379.997,6384.998,6379.997,6381.998,0.0017
04.07.2019 10:05:00.000,6381.998,6383.998,6381.998,6383.998,0.001
04.07.2019 10:06:00.000,6383.997,6383.998,6383.997,6383.998,0.0002
04.07.2019 10:07:00.000,6384.998,6384.998,6383.997,6383.998,0.0008
04.07.2019 10:08:00.000,6383.998,6383.998,6383.997,6383.998,0.0014
04.07.2019 10:09:00.000,6385.997,6385.997,6383.997,6384.998,0.0029
04.07.2019 10:10:00.000,6383.997,6383.997,6380.998,6381.998,0.0016
04.07.2019 10:11:00.000,6381.997,6382.998,6381.997,6381.998,0.0008
04.07.2019 10:12:00.000,6382.998,6384.997,6382.997,6382.998,0.0015
04.07.2019 10:13:00.000,6382.998,6382.998,6382.997,6382.998,0.0005
04.07.2019 10:14:00.000,6382.997,6383.998,6382.997,6383.997,0.0033
04.07.2019 10:15:00.000,6383.998,6385.998,6382.997,6385.998,0.0032
04.07.2019 10:16:00.000,6385.997,6385.998,6385.997,6385.998,0.0006
04.07.2019 10:18:00.000,6386.997,6386.998,6386.997,6386.998,0.0004
04.07.2019 10:19:00.000,6385.998,6385.998,6385.998,6385.998,0.0001
04.07.2019 10:20:00.000,6385.997,6385.998,6383.998,6385.997,0.0012
04.07.2019 10:21:00.000,6385.998,6385.998,6385.998,6385.998,0.0002
04.07.2019 10:22:00.000,6385.998,6387.998,6385.997,6386.998,0.0016
04.07.2019 10:23:00.000,6386.997,6386.998,6386.997,6386.998,0.0001
04.07.2019 10:24:00.000,6387.998,6390.998,6387.998,6389.998,0.0014
04.07.2019 10:25:00.000,6389.998,6389.998,6389.997,6389.998,0.0007
04.07.2019 10:26:00.000,6390.997,6390.998,6389.998,6389.998,0.0005
04.07.2019 10:27:00.000,6389.997,6396.998,6389.997,6396.998,0.0022
04.07.2019 10:28:00.000,6396.998,6396.998,6394.997,6395.997,0.0031
04.07.2019 10:29:00.000,6395.750,6395.998,6393.997,6394.998,0.0017
04.07.2019 10:30:00.000,6393.998,6397.998,6393.997,6397.998,0.0023
04.07.2019 10:31:00.000,6398.997,6398.997,6394.998,6394.998,0.0019
04.07.2019 10:32:00.000,6394.997,6394.998,6393.997,6393.997,0.001
04.07.2019 10:33:00.000,6393.998,6393.998,6390.997,6390.998,0.0012
04.07.2019 10:34:00.000,6390.997,6390.997,6386.998,6386.998,0.0015
04.07.2019 10:35:00.000,6386.997,6386.998,6385.997,6385.998,0.0011
04.07.2019 10:36:00.000,6386.997,6386.998,6383.998,6384.997,0.0016
04.07.2019 10:39:00.000,6385.998,6386.998,6384.998,6386.997,0.0022
04.07.2019 10:40:00.000,6386.998,6386.998,6385.998,6385.998,0.0005
04.07.2019 10:41:00.000,6384.997,6386.998,6384.997,6386.997,0.0018
04.07.2019 10:42:00.000,6386.998,6387.998,6386.998,6386.998,0.0012
04.07.2019 10:43:00.000,6386.998,6386.998,6386.998,6386.998,0.0003
04.07.2019 10:44:00.000,6386.998,6386.998,6386.997,6386.997,0.0012
04.07.2019 10:45:00.000,6388.750,6388.998,6385.998,6386.998,0.0021
04.07.2019 10:46:00.000,6386.997,6387.998,6386.997,6387.997,0.0005
04.07.2019 10:47:00.000,6387.998,6388.998,6387.998,6387.998,0.0005
04.07.2019 10:48:00.000,6387.998,6387.998,6387.997,6387.998,0.0006
04.07.2019 10:49:00.000,6387.997,6387.998,6387.997,6387.997,0.0006
04.07.2019 10:50:00.000,6389.750,6391.998,6389.750,6390.997,0.0018
04.07.2019 10:51:00.000,6390.997,6391.998,6390.997,6391.998,0.0007
04.07.2019 10:53:00.000,6391.997,6391.997,6387.998,6387.998,0.0007
04.07.2019 10:54:00.000,6388.997,6390.998,6387.997,6387.998,0.0034
04.07.2019 10:55:00.000,6387.997,6390.998,6387.997,6389.998,0.0031
04.07.2019 10:56:00.000,6391.997,6391.998,6388.997,6389.998,0.0016
04.07.2019 10:57:00.000,6389.997,6390.998,6389.997,6390.997,0.0003
04.07.2019 10:58:00.000,6390.998,6391.997,6389.998,6391.997,0.001
04.07.2019 10:59:00.000,6391.998,6391.998,6389.998,6389.998,0.0003
04.07.2019 11:00:00.000,6389.997,6389.997,6389.997,6389.997,0.0004
04.07.2019 11:02:00.000,6388.997,6392.998,6384.998,6390.998,0.0023
04.07.2019 11:03:00.000,6389.998,6389.998,6388.997,6388.998,0.0011
04.07.2019 11:04:00.000,6389.997,6389.998,6389.997,6389.998,0.0001
04.07.2019 11:05:00.000,6389.997,6393.998,6389.997,6392.998,0.0023
04.07.2019 11:06:00.000,6394.998,6394.998,6394.997,6394.998,0.0002
04.07.2019 11:07:00.000,6394.997,6394.998,6394.997,6394.998,0.0004
04.07.2019 11:08:00.000,6395.998,6395.998,6391.997,6392.997,0.0017
04.07.2019 11:09:00.000,6392.998,6393.998,6392.997,6393.998,0.0002
04.07.2019 11:10:00.000,6392.998,6392.998,6391.998,6392.998,0.0004
04.07.2019 11:11:00.000,6392.997,6392.997,6388.998,6389.998,0.0014
04.07.2019 11:12:00.000,6388.998,6389.998,6387.997,6388.998,0.001
04.07.2019 11:13:00.000,6388.997,6389.998,6388.997,6389.998,0.0005
04.07.2019 11:15:00.000,6389.750,6390.998,6386.997,6390.997,0.0021
04.07.2019 11:16:00.000,6390.998,6390.998,6390.997,6390.998,0.0005
04.07.2019 11:17:00.000,6389.998,6389.998,6383.997,6384.998,0.0032
04.07.2019 11:19:00.000,6384.997,6386.998,6384.997,6386.998,0.0009
04.07.2019 11:20:00.000,6386.997,6386.998,6386.997,6386.997,0.0013
04.07.2019 11:21:00.000,6388.997,6391.998,6388.997,6391.998,0.0021
04.07.2019 11:22:00.000,6391.997,6393.998,6391.997,6393.998,0.002
04.07.2019 11:23:00.000,6393.998,6393.998,6393.998,6393.998,0.0001
04.07.2019 11:24:00.000,6393.997,6393.997,6389.997,6389.998,0.0017
04.07.2019 11:25:00.000,6389.997,6389.998,6389.997,6389.998,0.0014
04.07.2019 11:26:00.000,6389.997,6389.998,6388.997,6388.998,0.0009
04.07.2019 11:27:00.000,6387.998,6388.998,6387.998,6388.998,0.0001
04.07.2019 11:28:00.000,6388.997,6389.997,6388.997,6388.998,0.0008
04.07.2019 11:29:00.000,6388.998,6388.998,6388.997,6388.997,0.0007
04.07.2019 11:30:00.000,6388.998,6388.998,6388.997,6388.998,0.0005
04.07.2019 11:31:00.000,6388.998,6389.998,6388.998,6389.998,0.0015
04.07.2019 11:32:00.000,6389.998,6389.998,6388.997,6389.997,0.0003
04.07.2019 11:33:00.000,6389.997,6389.998,6387.998,6388.997,0.0013
04.07.2019 11:34:00.000,6388.998,6388.998,6388.998,6388.998,0.0002
04.07.2019 11:35:00.000,6389.998,6389.998,6388.997,6389.997,0.0017
04.07.2019 11:36:00.000,6389.998,6390.750,6388.997,6388.998,0.0006
04.07.2019 11:37:00.000,6388.997,6389.998,6388.997,6389.998,0.0009
04.07.2019 11:38:00.000,6389.997,6389.998,6389.997,6389.998,0.0004
04.07.2019 11:39:00.000,6389.997,6389.998,6388.997,6388.997,0.0012
04.07.2019 11:40:00.000,6388.998,6389.998,6388.997,6388.998,0.0016
04.07.2019 11:41:00.000,6388.997,6388.998,6387.998,6388.997,0.0014
04.07.2019 11:42:00.000,6388.998,6390.998,6388.998,6390.998,0.0017
04.07.2019 11:43:00.000,6390.997,6390.998,6390.997,6390.998,0.0015
04.07.2019 11:44:00.000,6392.997,6393.998,6392.997,6393.998,0.0022
04.07.2019 11:45:00.000,6390.998,6392.998,6389.998,6392.998,0.0023
04.07.2019 11:46:00.000,6392.997,6392.998,6392.997,6392.998,0.0012
04.07.2019 11:47:00.000,6392.997,6393.998,6392.997,6393.998,0.0009
04.07.2019 11:48:00.000,6394.997,6395.998,6392.998,6395.997,0.0066
04.07.2019 11:49:00.000,6396.997,6397.998,6396.997,6397.998,0.0031
04.07.2019 11:50:00.000,6397.998,6397.998,6397.997,6397.998,0.0014
04.07.2019 11:51:00.000,6397.750,6397.750,6395.998,6396.998,0.0019
04.07.2019 11:52:00.000,6396.997,6396.997,6392.998,6394.998,0.0012
04.07.2019 11:53:00.000,6394.997,6397.998,6394.997,6396.998,0.002
04.07.2019 11:55:00.000,6396.997,6396.998,6396.997,6396.998,0.0002
04.07.2019 11:56:00.000,6396.997,6397.998,6396.997,6397.998,0.0005
04.07.2019 11:57:00.000,6397.750,6397.998,6395.997,6397.998,0.0012
04.07.2019 11:58:00.000,6398.998,6398.998,6398.997,6398.998,0.0023
04.07.2019 11:59:00.000,6399.997,6399.998,6397.997,6397.998,0.0012
04.07.2019 12:00:00.000,6398.998,6399.998,6396.997,6397.998,0.0028
04.07.2019 12:01:00.000,6397.997,6397.998,6397.997,6397.998,0.0006
04.07.2019 12:02:00.000,6398.998,6398.998,6396.997,6397.998,0.0015
04.07.2019 12:03:00.000,6397.997,6398.998,6397.997,6398.998,0.0012
04.07.2019 12:04:00.000,6398.997,6398.997,6398.997,6398.997,0.0003
04.07.2019 12:06:00.000,6398.998,6398.998,6398.998,6398.998,0.0001
04.07.2019 12:07:00.000,6397.998,6398.998,6395.998,6398.998,0.0009
04.07.2019 12:08:00.000,6398.997,6398.998,6394.997,6398.998,0.0038
04.07.2019 12:09:00.000,6397.998,6397.998,6397.997,6397.997,0.0008
04.07.2019 12:10:00.000,6397.997,6398.998,6396.998,6398.998,0.0006
04.07.2019 12:11:00.000,6399.997,6401.997,6398.997,6398.998,0.0036
04.07.2019 12:12:00.000,6399.998,6400.998,6396.997,6400.998,0.0026
04.07.2019 12:13:00.000,6400.998,6400.998,6400.997,6400.997,0.0023
04.07.2019 12:14:00.000,6401.997,6404.998,6399.998,6404.998,0.0085
04.07.2019 12:15:00.000,6404.998,6404.998,6396.997,6397.997,0.0067
04.07.2019 12:16:00.000,6397.998,6400.997,6396.997,6398.998,0.0039
04.07.2019 12:17:00.000,6398.998,6398.998,6394.997,6394.997,0.004
04.07.2019 12:18:00.000,6394.998,6394.998,6393.997,6394.997,0.0012
04.07.2019 12:19:00.000,6394.998,6396.998,6393.998,6395.998,0.002
04.07.2019 12:20:00.000,6395.997,6396.998,6395.997,6395.998,0.001
04.07.2019 12:21:00.000,6396.997,6396.998,6396.997,6396.998,0.0003
04.07.2019 12:22:00.000,6396.998,6398.998,6396.997,6398.998,0.0023
04.07.2019 12:23:00.000,6398.997,6400.998,6398.997,6400.998,0.0043
04.07.2019 12:24:00.000,6400.997,6401.998,6400.997,6401.998,0.006
04.07.2019 12:25:00.000,6401.997,6401.998,6401.997,6401.997,0.0016
04.07.2019 12:26:00.000,6401.750,6401.998,6399.997,6401.997,0.0019
04.07.2019 12:27:00.000,6401.998,6403.998,6401.998,6403.998,0.0058
04.07.2019 12:28:00.000,6404.998,6404.998,6403.998,6404.998,0.002
04.07.2019 12:29:00.000,6404.997,6404.998,6404.997,6404.998,0.0013
04.07.2019 12:30:00.000,6404.997,6404.998,6404.997,6404.998,0.0026
04.07.2019 12:31:00.000,6404.997,6404.997,6404.997,6404.997,0.001
04.07.2019 12:32:00.000,6405.998,6406.998,6404.998,6405.998,0.002
04.07.2019 12:33:00.000,6406.998,6408.998,6406.998,6408.998,0.001
04.07.2019 12:34:00.000,6408.997,6408.997,6408.997,6408.997,0.0003
04.07.2019 12:35:00.000,6408.998,6408.998,6403.997,6403.997,0.0034
04.07.2019 12:36:00.000,6403.998,6404.998,6403.997,6404.998,0.0013
04.07.2019 12:37:00.000,6404.997,6404.998,6404.997,6404.998,0.0002
04.07.2019 12:38:00.000,6403.997,6403.998,6399.997,6399.997,0.0017
04.07.2019 12:39:00.000,6399.998,6405.998,6399.998,6405.998,0.0013
04.07.2019 12:40:00.000,6405.997,6405.998,6405.997,6405.998,0.0002
04.07.2019 12:41:00.000,6405.997,6405.997,6405.997,6405.997,0.0004
04.07.2019 12:42:00.000,6407.750,6407.998,6405.997,6405.998,0.0011
04.07.2019 12:43:00.000,6405.997,6405.998,6403.997,6404.998,0.0006
04.07.2019 12:44:00.000,6404.997,6404.998,6404.997,6404.998,0.0003
04.07.2019 12:45:00.000,6401.998,6402.998,6399.998,6399.998,0.0025
04.07.2019 12:46:00.000,6399.997,6400.998,6398.998,6399.997,0.0015
04.07.2019 12:47:00.000,6399.998,6399.998,6399.998,6399.998,0.0002
04.07.2019 12:48:00.000,6399.997,6399.998,6393.997,6393.997,0.001
04.07.2019 12:49:00.000,6393.998,6393.998,6392.998,6393.998,0.0002
04.07.2019 12:50:00.000,6394.997,6394.997,6393.997,6393.998,0.0007
04.07.2019 12:51:00.000,6394.997,6395.998,6392.997,6393.998,0.0015
04.07.2019 12:52:00.000,6393.997,6393.998,6392.998,6393.998,0.0067
04.07.2019 12:53:00.000,6393.997,6393.997,6390.997,6392.998,0.0013
04.07.2019 12:54:00.000,6390.998,6390.998,6389.998,6389.998,0.0012
04.07.2019 12:55:00.000,6389.997,6395.998,6389.997,6394.998,0.0043
04.07.2019 12:56:00.000,6396.998,6404.998,6396.998,6404.997,0.003
04.07.2019 12:57:00.000,6404.998,6404.998,6401.998,6401.998,0.0015
04.07.2019 12:58:00.000,6403.998,6404.998,6399.998,6400.998,0.0034
04.07.2019 12:59:00.000,6400.998,6400.998,6399.997,6399.997,0.0021
04.07.2019 13:00:00.000,6399.997,6404.998,6398.998,6404.998,0.0017
04.07.2019 13:01:00.000,6405.997,6405.998,6400.997,6400.997,0.0028
04.07.2019 13:02:00.000,6401.998,6401.998,6397.998,6397.998,0.0014
04.07.2019 13:03:00.000,6398.998,6398.998,6398.997,6398.997,0.0003
04.07.2019 13:04:00.000,6396.998,6397.998,6396.997,6397.998,0.0021
04.07.2019 13:05:00.000,6397.750,6397.750,6394.997,6395.998,0.0014
04.07.2019 13:06:00.000,6394.998,6397.998,6394.997,6397.998,0.0033
04.07.2019 13:07:00.000,6397.998,6398.998,6396.998,6398.998,0.0032
04.07.2019 13:08:00.000,6399.998,6399.998,6396.998,6397.998,0.0015
04.07.2019 13:09:00.000,6397.998,6401.998,6397.997,6401.997,0.0048
04.07.2019 13:10:00.000,6401.998,6401.998,6400.997,6401.998,0.0008
04.07.2019 13:11:00.000,6401.998,6401.998,6398.997,6399.998,0.0059
04.07.2019 13:12:00.000,6400.997,6401.750,6399.998,6400.997,0.0011
04.07.2019 13:13:00.000,6400.998,6402.998,6400.998,6401.998,0.0016
04.07.2019 13:14:00.000,6401.997,6401.997,6395.997,6396.998,0.0022
04.07.2019 13:15:00.000,6396.998,6396.998,6394.997,6396.998,0.0022
04.07.2019 13:16:00.000,6396.997,6396.997,6393.998,6393.998,0.0025
04.07.2019 13:17:00.000,6394.997,6395.998,6394.997,6395.997,0.001
04.07.2019 13:18:00.000,6395.998,6395.998,6394.998,6394.998,0.0002
04.07.2019 13:19:00.000,6394.997,6394.997,6391.997,6392.998,0.0025
04.07.2019 13:20:00.000,6392.998,6395.997,6391.997,6395.997,0.0031
04.07.2019 13:21:00.000,6393.998,6394.998,6393.997,6394.998,0.0012
04.07.2019 13:22:00.000,6394.997,6396.998,6394.997,6395.998,0.0008
04.07.2019 13:23:00.000,6395.750,6395.750,6392.997,6392.998,0.0017
04.07.2019 13:24:00.000,6393.997,6394.998,6393.997,6394.998,0.0016
04.07.2019 13:25:00.000,6394.998,6394.998,6393.997,6394.998,0.0031
04.07.2019 13:26:00.000,6394.997,6394.998,6394.997,6394.998,0.0002
04.07.2019 13:27:00.000,6395.998,6396.997,6395.997,6395.998,0.0009
04.07.2019 13:28:00.000,6395.998,6395.998,6393.997,6394.997,0.0034
04.07.2019 13:29:00.000,6395.997,6396.998,6395.997,6396.998,0.0023
04.07.2019 13:30:00.000,6396.997,6396.997,6395.997,6395.998,0.0017
04.07.2019 13:31:00.000,6395.997,6395.998,6392.997,6392.997,0.0019
04.07.2019 13:32:00.000,6392.997,6392.997,6389.998,6390.997,0.0015
04.07.2019 13:33:00.000,6390.998,6392.998,6390.997,6390.998,0.0016
04.07.2019 13:34:00.000,6390.998,6390.998,6386.997,6387.998,0.0032
04.07.2019 13:35:00.000,6388.997,6391.998,6388.997,6390.998,0.0015
04.07.2019 13:36:00.000,6391.997,6392.997,6390.997,6390.997,0.0046
04.07.2019 13:37:00.000,6390.998,6391.998,6390.997,6391.998,0.0026
04.07.2019 13:38:00.000,6392.998,6392.998,6392.997,6392.998,0.0006
04.07.2019 13:39:00.000,6392.997,6392.998,6392.997,6392.998,0.001
04.07.2019 13:40:00.000,6391.998,6391.998,6391.997,6391.997,0.004
04.07.2019 13:41:00.000,6392.998,6392.998,6392.997,6392.998,0.0014
04.07.2019 13:43:00.000,6391.998,6391.998,6390.997,6391.998,0.0035
04.07.2019 13:44:00.000,6392.998,6393.998,6392.997,6393.998,0.0038
04.07.2019 13:45:00.000,6393.997,6394.998,6393.997,6394.998,0.0036
04.07.2019 13:46:00.000,6394.997,6396.998,6394.997,6396.998,0.0056
04.07.2019 13:47:00.000,6397.997,6400.998,6397.997,6398.998,0.0059
04.07.2019 13:48:00.000,6398.998,6399.998,6398.997,6399.998,0.0089
04.07.2019 13:49:00.000,6399.998,6399.998,6398.997,6398.998,0.0055
04.07.2019 13:50:00.000,6398.998,6400.997,6396.997,6400.997,0.0056
04.07.2019 13:51:00.000,6400.997,6405.998,6400.997,6405.998,0.003
04.07.2019 13:52:00.000,6406.998,6407.998,6406.997,6407.997,0.0022
04.07.2019 13:53:00.000,6409.998,6409.998,6408.997,6408.998,0.002
04.07.2019 13:54:00.000,6408.997,6408.997,6404.998,6406.998,0.0027
04.07.2019 13:55:00.000,6407.997,6407.998,6406.997,6407.998,0.0011
04.07.2019 13:56:00.000,6407.997,6409.998,6407.997,6408.998,0.0024
04.07.2019 13:57:00.000,6408.997,6409.998,6408.997,6409.998,0.0006
04.07.2019 13:58:00.000,6409.997,6409.997,6409.997,6409.997,0.0001
04.07.2019 13:59:00.000,6409.998,6409.998,6407.997,6408.998,0.0029
04.07.2019 14:00:00.000,6408.997,6409.998,6407.997,6408.998,0.0045
04.07.2019 14:01:00.000,6408.997,6408.998,6406.997,6406.997,0.0014
04.07.2019 14:02:00.000,6406.998,6409.998,6406.997,6409.998,0.005
04.07.2019 14:03:00.000,6407.998,6408.998,6405.998,6406.998,0.0044
04.07.2019 14:04:00.000,6406.997,6406.998,6405.997,6405.997,0.0019
04.07.2019 14:05:00.000,6407.997,6407.998,6405.998,6406.997,0.0025
04.07.2019 14:06:00.000,6407.997,6408.998,6405.997,6405.997,0.0027
04.07.2019 14:07:00.000,6405.998,6405.998,6403.998,6403.998,0.0034
04.07.2019 14:08:00.000,6404.997,6404.998,6402.998,6402.998,0.0038
04.07.2019 14:09:00.000,6402.997,6403.998,6402.997,6403.998,0.0011
04.07.2019 14:10:00.000,6403.997,6404.998,6403.997,6403.997,0.0008
04.07.2019 14:11:00.000,6403.998,6410.998,6403.997,6408.998,0.0052
04.07.2019 14:12:00.000,6408.998,6409.998,6403.998,6405.998,0.0061
04.07.2019 14:13:00.000,6405.998,6406.998,6404.997,6405.997,0.0089
04.07.2019 14:14:00.000,6405.998,6410.998,6405.998,6410.998,0.0029
04.07.2019 14:15:00.000,6410.997,6413.998,6410.997,6413.997,0.0023
04.07.2019 14:16:00.000,6413.998,6413.998,6413.997,6413.998,0.0005
04.07.2019 14:17:00.000,6414.997,6416.998,6414.997,6416.997,0.0027
04.07.2019 14:18:00.000,6416.998,6416.998,6414.998,6415.998,0.0016
04.07.2019 14:19:00.000,6415.997,6415.998,6413.998,6414.998,0.0038
04.07.2019 14:20:00.000,6414.997,6414.998,6412.998,6413.998,0.0007
04.07.2019 14:21:00.000,6413.997,6415.998,6413.997,6415.998,0.0028
04.07.2019 14:22:00.000,6416.998,6416.998,6416.997,6416.997,0.0007
04.07.2019 14:23:00.000,6416.998,6418.998,6416.998,6418.998,0.0021
04.07.2019 14:24:00.000,6418.997,6418.998,6417.997,6417.998,0.0007
04.07.2019 14:25:00.000,6417.998,6418.998,6414.997,6415.997,0.0033
04.07.2019 14:26:00.000,6415.998,6415.998,6415.997,6415.998,0.0007
04.07.2019 14:27:00.000,6415.997,6419.998,6415.997,6419.997,0.0021
04.07.2019 14:28:00.000,6419.998,6420.998,6419.997,6419.998,0.0058
04.07.2019 14:29:00.000,6419.997,6422.998,6419.997,6422.998,0.0062
04.07.2019 14:30:00.000,6420.998,6420.998,6419.997,6419.998,0.0012
04.07.2019 14:32:00.000,6419.997,6419.998,6419.997,6419.998,0.0017
04.07.2019 14:33:00.000,6419.997,6419.998,6419.997,6419.998,0.0012
04.07.2019 14:34:00.000,6420.998,6420.998,6420.997,6420.998,0.0026
04.07.2019 14:35:00.000,6420.997,6420.997,6419.997,6419.998,0.0015
04.07.2019 14:36:00.000,6419.997,6419.998,6419.997,6419.998,0.0012
04.07.2019 14:37:00.000,6419.997,6419.997,6414.997,6417.997,0.0061
04.07.2019 14:38:00.000,6417.998,6423.998,6417.998,6421.998,0.004
04.07.2019 14:39:00.000,6421.998,6421.998,6419.998,6420.997,0.0014
04.07.2019 14:40:00.000,6420.998,6420.998,6417.998,6419.997,0.0022
04.07.2019 14:41:00.000,6419.998,6419.998,6419.997,6419.998,0.0008
04.07.2019 14:42:00.000,6419.997,6420.998,6419.997,6419.998,0.0018
04.07.2019 14:43:00.000,6420.998,6420.998,6417.998,6418.998,0.0022
04.07.2019 14:44:00.000,6418.997,6419.998,6418.997,6419.998,0.0016
04.07.2019 14:45:00.000,6419.997,6420.998,6419.997,6420.998,0.002
04.07.2019 14:46:00.000,6420.997,6420.998,6420.997,6420.998,0.0019
04.07.2019 14:47:00.000,6420.997,6420.998,6418.997,6418.998,0.0035
04.07.2019 14:48:00.000,6418.997,6418.998,6418.997,6418.997,0.0015
04.07.2019 14:49:00.000,6418.998,6419.998,6418.997,6419.998,0.0006
04.07.2019 14:50:00.000,6419.997,6419.998,6419.997,6419.998,0.0013
04.07.2019 14:52:00.000,6419.997,6419.998,6419.997,6419.998,0.0009
04.07.2019 14:53:00.000,6419.997,6419.998,6419.997,6419.998,0.0005
04.07.2019 14:54:00.000,6419.997,6419.998,6419.997,6419.998,0.0004
04.07.2019 14:55:00.000,6419.997,6419.998,6418.997,6419.998,0.0012
04.07.2019 14:56:00.000,6419.997,6421.997,6419.997,6420.998,0.0032
04.07.2019 14:57:00.000,6420.997,6420.998,6418.997,6419.998,0.0019
04.07.2019 14:58:00.000,6419.997,6421.998,6419.997,6420.998,0.004
04.07.2019 14:59:00.000,6420.997,6420.998,6418.997,6419.997,0.0015
04.07.2019 15:00:00.000,6419.998,6419.998,6419.997,6419.998,0.0005
04.07.2019 15:01:00.000,6419.997,6419.998,6415.997,6415.998,0.0088
04.07.2019 15:02:00.000,6415.997,6415.997,6412.997,6414.998,0.0023
04.07.2019 15:03:00.000,6413.998,6413.998,6412.997,6412.998,0.0019
04.07.2019 15:04:00.000,6412.997,6413.998,6412.997,6413.998,0.0023
04.07.2019 15:05:00.000,6413.998,6413.998,6412.997,6412.998,0.0023
04.07.2019 15:06:00.000,6412.997,6412.998,6410.998,6411.998,0.0019
04.07.2019 15:07:00.000,6410.998,6410.998,6408.997,6409.997,0.0028
04.07.2019 15:08:00.000,6409.998,6409.998,6406.997,6406.997,0.0042
04.07.2019 15:09:00.000,6406.998,6407.998,6404.997,6404.998,0.0035
04.07.2019 15:10:00.000,6404.997,6405.998,6404.997,6405.998,0.0024
04.07.2019 15:11:00.000,6405.997,6405.997,6405.997,6405.997,0.0007
04.07.2019 15:12:00.000,6405.998,6407.998,6405.998,6406.998,0.0034
04.07.2019 15:13:00.000,6406.997,6406.998,6400.998,6401.998,0.0074
04.07.2019 15:14:00.000,6402.998,6402.998,6400.997,6402.998,0.006
04.07.2019 15:15:00.000,6403.998,6403.998,6399.997,6400.998,0.0042
04.07.2019 15:16:00.000,6400.997,6400.998,6394.997,6394.997,0.004
04.07.2019 15:17:00.000,6395.997,6396.998,6394.997,6396.998,0.0034
04.07.2019 15:18:00.000,6397.997,6398.998,6397.997,6398.998,0.001
04.07.2019 15:19:00.000,6399.998,6399.998,6398.998,6398.998,0.0023
04.07.2019 15:20:00.000,6398.997,6398.998,6398.997,6398.998,0.0024
04.07.2019 15:21:00.000,6398.997,6399.998,6397.998,6398.997,0.006
04.07.2019 15:22:00.000,6398.998,6399.998,6398.997,6399.998,0.0036
04.07.2019 15:23:00.000,6399.997,6400.998,6398.997,6398.998,0.003
04.07.2019 15:24:00.000,6398.997,6398.998,6398.997,6398.998,0.004
04.07.2019 15:25:00.000,6398.997,6398.998,6398.997,6398.997,0.0081
04.07.2019 15:26:00.000,6398.998,6400.998,6398.997,6399.998,0.008
04.07.2019 15:27:00.000,6399.997,6400.998,6399.997,6400.997,0.0034
04.07.2019 15:28:00.000,6400.998,6400.998,6400.997,6400.997,0.0011
04.07.2019 15:29:00.000,6400.998,6401.998,6397.998,6401.997,0.0166
05.07.2019 07:01:00.000,6348.997,6348.997,6342.998,6342.998,0.0009
05.07.2019 07:02:00.000,6358.998,6364.997,6352.998,6352.998,0.0027
05.07.2019 07:03:00.000,6339.998,6339.998,6339.998,6339.998,0.0001
05.07.2019 07:05:00.000,6341.997,6348.998,6341.997,6348.998,0.0002
05.07.2019 07:06:00.000,6350.998,6350.998,6348.998,6348.998,0.0007
05.07.2019 07:07:00.000,6346.997,6346.997,6339.998,6341.997,0.0013
05.07.2019 07:08:00.000,6343.997,6360.998,6343.997,6356.998,0.0023
05.07.2019 07:09:00.000,6356.998,6361.998,6356.998,6357.997,0.0023
05.07.2019 07:10:00.000,6357.997,6359.998,6352.998,6358.997,0.0008
05.07.2019 07:11:00.000,6358.998,6358.998,6355.998,6358.997,0.0003
05.07.2019 07:12:00.000,6358.998,6358.998,6351.998,6352.998,0.0008
05.07.2019 07:13:00.000,6352.998,6352.998,6338.997,6342.998,0.004
05.07.2019 07:14:00.000,6343.998,6355.998,6343.998,6355.997,0.002
05.07.2019 07:15:00.000,6355.997,6355.998,6350.997,6350.997,0.0011
05.07.2019 07:16:00.000,6350.998,6357.997,6347.998,6347.998,0.0052
05.07.2019 07:17:00.000,6349.997,6349.998,6346.998,6347.998,0.0011
05.07.2019 07:18:00.000,6347.997,6350.998,6346.997,6350.997,0.0013
05.07.2019 07:19:00.000,6350.500,6352.998,6348.997,6352.998,0.0037
05.07.2019 07:20:00.000,6349.997,6351.998,6348.998,6349.998,0.0011
05.07.2019 07:21:00.000,6349.997,6349.997,6344.997,6344.997,0.0036
05.07.2019 07:22:00.000,6345.998,6358.998,6345.997,6358.998,0.0019
05.07.2019 07:23:00.000,6355.998,6365.998,6355.997,6364.998,0.0085
05.07.2019 07:24:00.000,6362.998,6364.997,6358.997,6360.998,0.009
05.07.2019 07:25:00.000,6360.998,6362.998,6355.997,6355.998,0.0048
05.07.2019 07:26:00.000,6355.998,6355.998,6349.997,6349.998,0.0042
05.07.2019 07:27:00.000,6349.998,6350.998,6349.997,6350.998,0.0019
05.07.2019 07:28:00.000,6350.998,6352.998,6350.997,6352.998,0.002
05.07.2019 07:29:00.000,6352.998,6355.998,6352.998,6355.997,0.0031
05.07.2019 07:30:00.000,6355.998,6357.997,6349.997,6351.998,0.0036
05.07.2019 07:31:00.000,6351.997,6356.998,6351.997,6353.998,0.0008
05.07.2019 07:32:00.000,6353.998,6358.998,6353.997,6357.997,0.0046
05.07.2019 07:33:00.000,6358.998,6359.998,6354.997,6354.998,0.0067
05.07.2019 07:34:00.000,6354.998,6355.998,6349.998,6349.998,0.0038
05.07.2019 07:35:00.000,6349.998,6350.998,6349.997,6349.998,0.002
05.07.2019 07:36:00.000,6349.997,6350.998,6346.998,6346.998,0.0017
05.07.2019 07:37:00.000,6346.997,6353.998,6346.997,6353.998,0.0024
05.07.2019 07:38:00.000,6353.998,6353.998,6345.998,6349.998,0.0048
05.07.2019 07:39:00.000,6349.998,6350.998,6349.997,6349.997,0.0014
05.07.2019 07:40:00.000,6349.998,6349.998,6346.997,6346.998,0.004
05.07.2019 07:41:00.000,6346.997,6347.998,6346.997,6346.997,0.0025
05.07.2019 07:42:00.000,6346.998,6353.998,6346.997,6350.998,0.0055
05.07.2019 07:43:00.000,6350.998,6351.998,6350.998,6351.997,0.0006
05.07.2019 07:44:00.000,6350.998,6350.998,6350.997,6350.998,0.0011
05.07.2019 07:45:00.000,6352.998,6354.998,6352.997,6353.998,0.0026
05.07.2019 07:46:00.000,6353.997,6355.998,6352.997,6352.998,0.0022
05.07.2019 07:47:00.000,6352.997,6354.998,6352.997,6354.998,0.0016
05.07.2019 07:48:00.000,6354.997,6354.997,6354.997,6354.997,0.0002
05.07.2019 07:49:00.000,6356.998,6359.998,6353.998,6355.998,0.0036
05.07.2019 07:50:00.000,6356.997,6359.998,6355.997,6355.998,0.0083
05.07.2019 07:51:00.000,6355.997,6359.998,6355.997,6356.997,0.0012
05.07.2019 07:52:00.000,6356.998,6356.998,6355.997,6355.998,0.0004
05.07.2019 07:53:00.000,6354.998,6356.998,6354.997,6354.998,0.0054
05.07.2019 07:54:00.000,6355.998,6358.998,6353.997,6356.998,0.0032
05.07.2019 07:55:00.000,6356.997,6359.998,6355.997,6358.997,0.0035
05.07.2019 07:56:00.000,6358.998,6358.998,6356.997,6356.997,0.0022
05.07.2019 07:57:00.000,6356.998,6359.997,6356.997,6356.997,0.0009
05.07.2019 07:58:00.000,6356.998,6359.998,6356.997,6359.998,0.0089
05.07.2019 07:59:00.000,6359.997,6367.998,6359.997,6365.998,0.0082
05.07.2019 08:00:00.000,6366.997,6366.998,6363.997,6365.998,0.0031
05.07.2019 08:01:00.000,6366.998,6366.998,6363.997,6365.997,0.0014
05.07.2019 08:02:00.000,6365.998,6366.998,6361.998,6361.998,0.0023
05.07.2019 08:03:00.000,6361.998,6361.998,6359.997,6359.998,0.0035
05.07.2019 08:04:00.000,6359.997,6361.998,6359.997,6361.998,0.0027
05.07.2019 08:05:00.000,6361.997,6361.998,6357.997,6357.998,0.0028
05.07.2019 08:06:00.000,6357.998,6358.998,6356.997,6358.998,0.0015
05.07.2019 08:07:00.000,6358.997,6359.998,6358.997,6358.998,0.0005
05.07.2019 08:08:00.000,6358.998,6365.998,6358.998,6365.998,0.0026
05.07.2019 08:09:00.000,6365.997,6367.998,6365.997,6366.998,0.0013
05.07.2019 08:10:00.000,6355.997,6357.998,6350.998,6352.998,0.0063
05.07.2019 08:11:00.000,6354.997,6366.998,6353.998,6366.998,0.0035
05.07.2019 08:12:00.000,6366.997,6366.998,6364.997,6366.998,0.0042
05.07.2019 08:13:00.000,6366.998,6366.998,6363.997,6363.997,0.0006
05.07.2019 08:14:00.000,6363.998,6365.998,6361.997,6365.998,0.0024
05.07.2019 08:15:00.000,6365.998,6365.998,6361.998,6361.998,0.0017
05.07.2019 08:17:00.000,6362.998,6362.998,6361.997,6361.997,0.0009
05.07.2019 08:18:00.000,6361.997,6361.997,6360.998,6360.998,0.0008
05.07.2019 08:19:00.000,6360.998,6360.998,6358.998,6359.998,0.0012
05.07.2019 08:20:00.000,6361.997,6361.997,6359.997,6360.997,0.002
05.07.2019 08:21:00.000,6361.998,6361.998,6360.997,6360.998,0.0015
05.07.2019 08:22:00.000,6360.997,6360.998,6359.998,6359.998,0.0016
05.07.2019 08:23:00.000,6360.997,6360.998,6360.997,6360.998,0.0001
05.07.2019 08:24:00.000,6362.750,6367.998,6360.998,6367.998,0.0017
05.07.2019 08:25:00.000,6367.997,6367.998,6366.997,6366.997,0.0028
05.07.2019 08:26:00.000,6366.998,6367.998,6366.997,6366.998,0.0008
05.07.2019 08:27:00.000,6366.997,6370.998,6366.997,6369.998,0.0032
05.07.2019 08:28:00.000,6369.997,6369.998,6369.997,6369.998,0.0004
05.07.2019 08:29:00.000,6369.997,6373.997,6367.998,6372.998,0.0026
05.07.2019 08:30:00.000,6372.997,6373.998,6371.998,6373.998,0.0007
05.07.2019 08:32:00.000,6373.997,6373.998,6373.997,6373.997,0.0018
05.07.2019 08:33:00.000,6373.998,6373.998,6372.998,6372.998,0.0005
05.07.2019 08:34:00.000,6372.998,6372.998,6371.997,6371.997,0.0027
05.07.2019 08:35:00.000,6371.997,6372.997,6371.997,6372.997,0.004
05.07.2019 08:36:00.000,6372.997,6372.997,6368.997,6368.998,0.0031
05.07.2019 08:37:00.000,6370.997,6373.998,6370.997,6373.998,0.0017
05.07.2019 08:38:00.000,6373.997,6373.998,6371.997,6371.998,0.0022
05.07.2019 08:39:00.000,6372.997,6372.998,6370.997,6372.998,0.0017
05.07.2019 08:40:00.000,6372.997,6372.998,6370.998,6372.998,0.0029
05.07.2019 08:41:00.000,6372.997,6372.998,6366.997,6367.998,0.0025
05.07.2019 08:42:00.000,6368.997,6373.998,6368.997,6372.997,0.0034
05.07.2019 08:43:00.000,6372.998,6373.998,6370.998,6372.998,0.0021
05.07.2019 08:44:00.000,6373.997,6374.998,6373.997,6374.998,0.0012
05.07.2019 08:45:00.000,6374.997,6374.998,6374.997,6374.998,0.0007
05.07.2019 08:46:00.000,6374.997,6374.998,6374.997,6374.998,0.0021
05.07.2019 08:47:00.000,6372.998,6374.998,6372.998,6373.998,0.0031
05.07.2019 08:48:00.000,6373.998,6374.998,6373.998,6374.998,0
05.07.2019 08:49:00.000,6374.997,6374.998,6374.997,6374.998,0.0002
05.07.2019 08:51:00.000,6374.997,6374.997,6371.997,6371.997,0.0014
05.07.2019 08:52:00.000,6371.998,6371.998,6369.997,6370.997,0.0022
05.07.2019 08:53:00.000,6370.998,6370.998,6367.997,6367.997,0.001
05.07.2019 08:54:00.000,6367.998,6367.998,6364.998,6364.998,0.0005
05.07.2019 08:55:00.000,6364.998,6366.998,6363.997,6366.997,0.0012
05.07.2019 08:56:00.000,6366.998,6368.998,6364.997,6364.998,0.0012
05.07.2019 08:57:00.000,6364.997,6364.998,6362.998,6364.998,0.0012
05.07.2019 08:58:00.000,6364.997,6364.998,6363.997,6364.998,0.0006
05.07.2019 08:59:00.000,6364.997,6364.998,6362.997,6363.998,0.0019
05.07.2019 09:00:00.000,6363.997,6363.998,6363.997,6363.998,0.0011
05.07.2019 09:01:00.000,6364.998,6365.998,6363.997,6364.998,0.0019
05.07.2019 09:02:00.000,6365.997,6365.998,6363.998,6363.998,0.0014
05.07.2019 09:03:00.000,6364.997,6367.998,6363.998,6367.998,0.0032
05.07.2019 09:04:00.000,6369.998,6370.998,6367.998,6370.998,0.0015
05.07.2019 09:05:00.000,6369.997,6370.998,6369.997,6369.998,0.0008
05.07.2019 09:06:00.000,6370.997,6371.998,6370.997,6371.998,0.0008
05.07.2019 09:07:00.000,6371.997,6371.998,6371.997,6371.998,0.0007
05.07.2019 09:08:00.000,6371.997,6373.998,6371.997,6372.998,0.002
05.07.2019 09:09:00.000,6372.997,6373.998,6372.997,6373.998,0.0013
05.07.2019 09:11:00.000,6373.997,6376.998,6373.997,6376.998,0.0035
05.07.2019 09:12:00.000,6376.997,6377.998,6376.997,6377.997,0.0003
05.07.2019 09:13:00.000,6377.998,6380.998,6377.997,6380.998,0.007
05.07.2019 09:14:00.000,6380.997,6384.998,6379.998,6380.998,0.0047
05.07.2019 09:15:00.000,6380.997,6382.998,6379.997,6380.997,0.0029
05.07.2019 09:16:00.000,6382.998,6384.997,6382.998,6384.997,0.0003
05.07.2019 09:17:00.000,6384.998,6384.998,6384.998,6384.998,0.0001
05.07.2019 09:18:00.000,6384.997,6384.997,6380.998,6382.998,0.0006
05.07.2019 09:19:00.000,6381.997,6382.998,6380.997,6380.998,0.0008
05.07.2019 09:20:00.000,6380.998,6381.998,6380.998,6381.998,0.0002
05.07.2019 09:21:00.000,6381.997,6381.997,6380.997,6380.997,0.0011
05.07.2019 09:22:00.000,6380.998,6384.998,6380.997,6384.998,0.0066
05.07.2019 09:23:00.000,6385.998,6385.998,6385.997,6385.997,0.0007
05.07.2019 09:24:00.000,6384.998,6391.998,6384.998,6390.998,0.0047
05.07.2019 09:25:00.000,6391.997,6391.998,6390.998,6391.998,0.0013
05.07.2019 09:26:00.000,6391.997,6391.997,6388.997,6389.998,0.0011
05.07.2019 09:27:00.000,6389.997,6392.998,6389.997,6392.998,0.0019
05.07.2019 09:28:00.000,6393.997,6393.997,6391.997,6392.997,0.0013
05.07.2019 09:29:00.000,6392.997,6392.998,6388.998,6392.998,0.0013
05.07.2019 09:30:00.000,6392.998,6393.998,6391.997,6391.997,0.0012
05.07.2019 09:31:00.000,6391.998,6391.998,6388.998,6391.998,0.0023
05.07.2019 09:32:00.000,6392.998,6392.998,6391.998,6392.998,0.0006
05.07.2019 09:33:00.000,6393.997,6397.998,6393.997,6397.998,0.002
05.07.2019 09:34:00.000,6397.997,6398.998,6396.998,6397.998,0.001
05.07.2019 09:35:00.000,6397.997,6399.998,6395.997,6396.997,0.0031
05.07.2019 09:36:00.000,6396.998,6397.998,6395.998,6395.998,0.0007
05.07.2019 09:37:00.000,6396.998,6396.998,6390.997,6392.998,0.0026
05.07.2019 09:38:00.000,6392.998,6393.998,6392.998,6392.998,0.0028
05.07.2019 09:39:00.000,6392.997,6392.998,6392.997,6392.998,0.0001
05.07.2019 09:40:00.000,6392.997,6392.997,6391.997,6391.997,0.0002
05.07.2019 09:41:00.000,6392.998,6392.998,6389.998,6391.997,0.001
05.07.2019 09:42:00.000,6391.998,6392.998,6391.998,6392.998,0.0003
05.07.2019 09:43:00.000,6392.997,6396.998,6392.997,6396.998,0.0011
05.07.2019 09:44:00.000,6398.997,6399.998,6397.997,6399.998,0.0029
05.07.2019 09:45:00.000,6399.998,6399.998,6395.997,6396.997,0.0006
05.07.2019 09:46:00.000,6396.998,6396.998,6394.997,6394.998,0.0007
05.07.2019 09:47:00.000,6394.997,6394.997,6392.997,6393.998,0.0007
05.07.2019 09:48:00.000,6394.998,6395.998,6394.998,6395.998,0.0015
05.07.2019 09:49:00.000,6395.997,6396.997,6393.997,6393.998,0.0023
05.07.2019 09:50:00.000,6393.998,6395.998,6393.997,6395.998,0.0021
05.07.2019 09:51:00.000,6395.997,6395.998,6395.997,6395.998,0.0008
05.07.2019 09:52:00.000,6393.998,6395.997,6392.998,6393.997,0.0027
05.07.2019 09:53:00.000,6393.998,6398.998,6393.998,6394.998,0.0062
05.07.2019 09:54:00.000,6395.998,6397.997,6395.997,6397.997,0.0009
05.07.2019 09:55:00.000,6396.998,6397.998,6394.997,6395.997,0.0027
05.07.2019 09:56:00.000,6396.997,6396.998,6395.997,6396.998,0.0015
05.07.2019 09:57:00.000,6396.998,6396.998,6394.997,6395.998,0.0015
05.07.2019 09:58:00.000,6395.750,6395.750,6392.998,6392.998,0.0001
05.07.2019 10:00:00.000,6394.997,6396.998,6393.997,6396.998,0.003
05.07.2019 10:01:00.000,6396.997,6396.998,6393.997,6393.997,0.0022
05.07.2019 10:02:00.000,6394.997,6394.998,6392.997,6392.998,0.0009
05.07.2019 10:03:00.000,6392.997,6395.998,6392.997,6393.998,0.0012
05.07.2019 10:04:00.000,6393.997,6393.998,6391.997,6391.998,0.0011
05.07.2019 10:05:00.000,6391.997,6392.997,6391.997,6391.998,0.0005
05.07.2019 10:06:00.000,6391.997,6392.998,6391.997,6392.998,0.0018
05.07.2019 10:07:00.000,6393.998,6394.998,6391.998,6392.998,0.0024
05.07.2019 10:08:00.000,6392.998,6393.998,6392.998,6393.997,0.0004
05.07.2019 10:09:00.000,6393.998,6393.998,6393.997,6393.998,0.0004
05.07.2019 10:10:00.000,6393.997,6399.998,6393.997,6399.998,0.004
05.07.2019 10:11:00.000,6399.997,6400.998,6398.997,6398.998,0.0015
05.07.2019 10:12:00.000,6398.997,6401.998,6398.997,6400.998,0.0021
05.07.2019 10:13:00.000,6400.997,6405.998,6400.997,6405.997,0.0028
05.07.2019 10:14:00.000,6405.998,6407.998,6404.998,6405.997,0.0036
05.07.2019 10:15:00.000,6405.998,6409.998,6405.998,6409.998,0.0017
05.07.2019 10:16:00.000,6409.997,6411.998,6407.997,6408.998,0.0034
05.07.2019 10:17:00.000,6407.997,6412.997,6407.997,6412.997,0.0018
05.07.2019 10:18:00.000,6412.998,6412.998,6412.997,6412.998,0.0002
05.07.2019 10:19:00.000,6413.998,6416.998,6411.998,6415.998,0.0028
05.07.2019 10:20:00.000,6415.998,6415.998,6408.998,6408.998,0.0024
05.07.2019 10:21:00.000,6409.997,6409.998,6407.998,6409.997,0.0013
05.07.2019 10:22:00.000,6409.998,6409.998,6405.997,6405.998,0.003
05.07.2019 10:23:00.000,6405.998,6407.998,6405.997,6405.998,0.0009
05.07.2019 10:24:00.000,6404.997,6405.998,6402.997,6403.998,0.0019
05.07.2019 10:25:00.000,6403.998,6403.998,6400.998,6402.998,0.0014
05.07.2019 10:26:00.000,6403.997,6403.998,6402.998,6403.997,0.0014
05.07.2019 10:27:00.000,6404.998,6405.998,6404.997,6404.997,0.0005
05.07.2019 10:28:00.000,6404.750,6404.750,6400.997,6400.997,0.0024
05.07.2019 10:29:00.000,6400.998,6401.997,6398.998,6398.998,0.0006
05.07.2019 10:30:00.000,6399.998,6401.998,6398.997,6398.997,0.003
05.07.2019 10:31:00.000,6398.998,6398.998,6392.998,6393.998,0.0015
05.07.2019 10:32:00.000,6393.997,6393.998,6393.997,6393.998,0.0008
05.07.2019 10:33:00.000,6394.997,6394.998,6394.997,6394.998,0.0009
05.07.2019 10:34:00.000,6395.998,6395.998,6391.997,6392.997,0.0017
05.07.2019 10:35:00.000,6393.998,6394.997,6393.997,6393.998,0.0009
05.07.2019 10:37:00.000,6393.998,6393.998,6391.997,6392.998,0.0009
05.07.2019 10:38:00.000,6392.998,6393.998,6392.998,6393.998,0.0008
05.07.2019 10:39:00.000,6393.750,6393.750,6392.997,6392.998,0.0007
05.07.2019 10:40:00.000,6393.998,6395.998,6393.997,6395.998,0.0022
05.07.2019 10:41:00.000,6395.997,6397.998,6395.997,6397.997,0.0025
05.07.2019 10:42:00.000,6397.998,6399.998,6397.998,6398.998,0.0016
05.07.2019 10:43:00.000,6399.997,6399.998,6399.997,6399.998,0.0003
05.07.2019 10:44:00.000,6396.998,6397.997,6395.997,6396.997,0.0012
05.07.2019 10:45:00.000,6396.997,6396.998,6392.997,6393.998,0.0025
05.07.2019 10:46:00.000,6394.997,6394.998,6392.998,6393.997,0.0014
05.07.2019 10:47:00.000,6393.998,6394.998,6393.997,6393.998,0.0013
05.07.2019 10:48:00.000,6393.750,6398.998,6390.997,6397.997,0.0027
05.07.2019 10:49:00.000,6397.998,6397.998,6395.997,6397.998,0.0009
05.07.2019 10:50:00.000,6397.998,6397.998,6393.997,6393.997,0.0011
05.07.2019 10:51:00.000,6394.997,6395.998,6392.997,6392.998,0.0007
05.07.2019 10:52:00.000,6392.998,6393.998,6390.998,6393.997,0.0028
05.07.2019 10:53:00.000,6394.997,6394.997,6392.997,6393.998,0.0013
05.07.2019 10:54:00.000,6394.997,6395.998,6394.997,6394.998,0.0021
05.07.2019 10:55:00.000,6394.998,6394.998,6392.997,6393.998,0.0014
05.07.2019 10:56:00.000,6394.997,6394.998,6394.997,6394.997,0.0019
05.07.2019 10:57:00.000,6394.998,6394.998,6394.997,6394.997,0.0015
05.07.2019 10:58:00.000,6394.998,6394.998,6394.998,6394.998,0.0003
05.07.2019 10:59:00.000,6394.997,6394.998,6392.997,6394.998,0.0032
05.07.2019 11:00:00.000,6393.998,6393.998,6393.998,6393.998,0.0001
05.07.2019 11:02:00.000,6390.998,6395.998,6390.997,6394.998,0.0041
05.07.2019 11:03:00.000,6394.997,6394.998,6394.997,6394.998,0.0002
05.07.2019 11:04:00.000,6394.998,6394.998,6390.998,6392.998,0.0011
05.07.2019 11:05:00.000,6392.998,6392.998,6392.997,6392.998,0.0016
05.07.2019 11:06:00.000,6392.997,6392.998,6392.997,6392.998,0.001
05.07.2019 11:07:00.000,6392.997,6393.998,6392.997,6393.998,0.0006
05.07.2019 11:08:00.000,6394.997,6397.998,6394.997,6397.998,0.0021
05.07.2019 11:09:00.000,6397.998,6397.998,6397.998,6397.998,0.0005
05.07.2019 11:10:00.000,6398.997,6398.998,6398.997,6398.997,0.0001
05.07.2019 11:11:00.000,6398.998,6398.998,6398.998,6398.998,0.0002
05.07.2019 11:12:00.000,6399.997,6401.998,6397.997,6398.998,0.0028
05.07.2019 11:13:00.000,6398.998,6398.998,6395.998,6397.998,0.0011
05.07.2019 11:14:00.000,6397.997,6399.997,6397.997,6399.997,0.0004
05.07.2019 11:15:00.000,6399.998,6401.998,6398.998,6401.998,0.0017
05.07.2019 11:16:00.000,6401.997,6402.998,6401.997,6402.998,0.0016
05.07.2019 11:17:00.000,6402.998,6402.998,6400.997,6401.998,0.0022
05.07.2019 11:19:00.000,6401.997,6402.998,6400.997,6401.998,0.002
05.07.2019 11:20:00.000,6403.997,6403.998,6401.997,6403.998,0.0019
05.07.2019 11:21:00.000,6403.997,6407.998,6403.997,6406.998,0.0031
05.07.2019 11:22:00.000,6406.997,6406.998,6406.997,6406.998,0.0011
05.07.2019 11:23:00.000,6406.998,6406.998,6406.998,6406.998,0.0011
05.07.2019 11:24:00.000,6406.998,6406.998,6405.998,6406.997,0.0018
05.07.2019 11:25:00.000,6406.998,6407.998,6406.998,6407.997,0.0011
05.07.2019 11:26:00.000,6407.998,6407.998,6405.998,6406.998,0.0018
05.07.2019 11:27:00.000,6407.997,6409.998,6407.997,6409.998,0.0018
05.07.2019 11:28:00.000,6408.998,6408.998,6404.997,6405.997,0.004
05.07.2019 11:29:00.000,6407.997,6408.998,6406.998,6407.998,0.0014
05.07.2019 11:30:00.000,6407.997,6408.998,6407.997,6408.997,0.0018
05.07.2019 11:31:00.000,6407.997,6407.998,6403.997,6403.997,0.0018
05.07.2019 11:32:00.000,6404.998,6404.998,6403.997,6404.997,0.0006
05.07.2019 11:33:00.000,6404.998,6404.998,6400.998,6401.998,0.0012
05.07.2019 11:34:00.000,6402.998,6402.998,6400.998,6401.997,0.0008
05.07.2019 11:35:00.000,6401.998,6402.998,6401.997,6401.997,0.0012
05.07.2019 11:36:00.000,6401.750,6401.750,6396.998,6399.998,0.0025
05.07.2019 11:37:00.000,6399.997,6399.998,6396.997,6398.998,0.0017
05.07.2019 11:38:00.000,6398.998,6398.998,6396.998,6397.998,0.0005
05.07.2019 11:39:00.000,6395.998,6396.997,6393.998,6394.998,0.0012
05.07.2019 11:40:00.000,6395.997,6396.998,6394.998,6396.998,0.0017
05.07.2019 11:41:00.000,6396.997,6396.997,6396.997,6396.997,0.0004
05.07.2019 11:42:00.000,6396.998,6396.998,6396.998,6396.998,0.0001
05.07.2019 11:43:00.000,6395.998,6395.998,6394.998,6395.998,0.0005
05.07.2019 11:44:00.000,6395.997,6396.998,6395.997,6396.997,0.001
05.07.2019 11:45:00.000,6393.998,6393.998,6390.997,6391.998,0.0015
05.07.2019 11:46:00.000,6392.998,6393.998,6390.997,6392.998,0.003
05.07.2019 11:47:00.000,6392.997,6392.998,6389.998,6390.998,0.0008
05.07.2019 11:48:00.000,6390.997,6391.998,6390.997,6391.997,0.0042
05.07.2019 11:49:00.000,6391.998,6393.998,6391.997,6393.997,0.0022
05.07.2019 11:50:00.000,6393.998,6393.998,6393.997,6393.998,0.0014
05.07.2019 11:51:00.000,6393.998,6394.998,6392.997,6392.998,0.0026
05.07.2019 11:52:00.000,6393.998,6393.998,6391.997,6392.998,0.0007
05.07.2019 11:53:00.000,6392.997,6392.998,6388.997,6389.998,0.0005
05.07.2019 11:54:00.000,6389.997,6390.998,6389.997,6390.998,0.0002
05.07.2019 11:55:00.000,6390.997,6390.997,6389.997,6389.998,0.0006
05.07.2019 11:56:00.000,6390.998,6392.998,6390.998,6391.998,0.0013
05.07.2019 11:57:00.000,6391.997,6392.998,6391.997,6392.998,0.0017
05.07.2019 11:58:00.000,6392.997,6392.998,6392.997,6392.998,0.0028
05.07.2019 11:59:00.000,6392.997,6392.997,6392.997,6392.997,0.0019
05.07.2019 12:00:00.000,6392.997,6393.998,6390.997,6390.997,0.0042
05.07.2019 12:01:00.000,6391.997,6391.998,6388.998,6389.997,0.0011
05.07.2019 12:02:00.000,6389.998,6390.998,6388.998,6389.998,0.0013
05.07.2019 12:03:00.000,6390.997,6390.998,6390.997,6390.997,0.0006
05.07.2019 12:04:00.000,6390.998,6393.998,6388.997,6390.998,0.0033
05.07.2019 12:05:00.000,6390.998,6391.998,6390.997,6390.997,0.0013
05.07.2019 12:06:00.000,6391.998,6392.998,6390.997,6392.998,0.0026
05.07.2019 12:07:00.000,6391.998,6394.998,6391.998,6393.998,0.0032
05.07.2019 12:08:00.000,6394.997,6394.997,6394.997,6394.997,0.0002
05.07.2019 12:09:00.000,6391.998,6394.998,6391.998,6394.998,0.0005
05.07.2019 12:10:00.000,6394.997,6395.998,6394.997,6395.998,0.003
05.07.2019 12:11:00.000,6395.998,6395.998,6393.997,6395.998,0.0012
05.07.2019 12:12:00.000,6394.998,6395.998,6394.997,6394.998,0.0024
05.07.2019 12:13:00.000,6395.998,6395.998,6393.997,6394.998,0.0012
05.07.2019 12:14:00.000,6395.998,6397.998,6392.998,6397.997,0.0048
05.07.2019 12:15:00.000,6397.997,6397.997,6395.997,6396.998,0.001
05.07.2019 12:16:00.000,6396.997,6396.998,6393.997,6395.998,0.0028
05.07.2019 12:17:00.000,6395.997,6397.998,6395.997,6397.997,0.0016
05.07.2019 12:18:00.000,6397.998,6397.998,6397.997,6397.998,0.0014
05.07.2019 12:19:00.000,6397.998,6397.998,6394.997,6396.998,0.0037
05.07.2019 12:20:00.000,6396.997,6396.998,6394.997,6396.998,0.003
05.07.2019 12:21:00.000,6395.998,6396.998,6395.998,6396.997,0.0004
05.07.2019 12:22:00.000,6396.998,6397.998,6396.997,6397.997,0.0013
05.07.2019 12:23:00.000,6397.998,6397.998,6397.997,6397.998,0.0014
05.07.2019 12:24:00.000,6397.998,6399.998,6397.998,6399.997,0.0023
05.07.2019 12:25:00.000,6400.997,6401.998,6396.997,6398.998,0.0042
05.07.2019 12:26:00.000,6398.998,6399.997,6396.998,6397.998,0.0012
05.07.2019 12:27:00.000,6398.997,6400.998,6398.997,6400.998,0.0013
05.07.2019 12:28:00.000,6400.998,6401.998,6400.998,6401.998,0.0021
05.07.2019 12:29:00.000,6400.997,6400.998,6399.997,6399.998,0.0014
05.07.2019 12:30:00.000,6393.998,6397.998,6390.998,6396.998,0.0018
05.07.2019 12:31:00.000,6396.997,6398.998,6394.997,6396.998,0.0034
05.07.2019 12:32:00.000,6397.997,6397.998,6391.997,6396.998,0.0051
05.07.2019 12:33:00.000,6394.998,6397.998,6394.998,6396.998,0.0062
05.07.2019 12:34:00.000,6397.998,6397.998,6394.997,6395.998,0.0019
05.07.2019 12:35:00.000,6396.998,6398.997,6394.998,6398.997,0.0021
05.07.2019 12:36:00.000,6397.997,6398.998,6396.997,6396.998,0.0011
05.07.2019 12:37:00.000,6397.997,6397.998,6396.997,6397.998,0.0008
05.07.2019 12:38:00.000,6397.998,6397.998,6392.998,6397.997,0.0022
05.07.2019 12:39:00.000,6397.997,6397.998,6394.998,6396.997,0.0031
05.07.2019 12:40:00.000,6396.998,6397.998,6386.997,6386.997,0.0041
05.07.2019 12:41:00.000,6386.998,6386.998,6375.998,6376.998,0.0061
05.07.2019 12:42:00.000,6374.998,6375.998,6369.997,6374.998,0.0034
05.07.2019 12:43:00.000,6374.998,6374.998,6368.997,6368.998,0.0019
05.07.2019 12:44:00.000,6368.997,6368.998,6362.997,6365.998,0.0009
05.07.2019 12:45:00.000,6365.998,6365.998,6360.998,6364.998,0.0013
05.07.2019 12:46:00.000,6364.997,6368.998,6363.997,6368.997,0.0035
05.07.2019 12:47:00.000,6368.998,6371.998,6368.998,6370.998,0.0007
05.07.2019 12:48:00.000,6368.998,6370.997,6368.998,6369.998,0.0008
05.07.2019 12:49:00.000,6369.997,6371.998,6366.998,6371.998,0.0026
05.07.2019 12:50:00.000,6372.998,6373.998,6371.997,6373.998,0.0012
05.07.2019 12:51:00.000,6373.998,6375.998,6373.997,6375.998,0.0009
05.07.2019 12:52:00.000,6375.997,6375.998,6370.998,6370.998,0.0035
05.07.2019 12:53:00.000,6370.997,6371.998,6366.998,6370.998,0.0025
05.07.2019 12:54:00.000,6370.998,6370.998,6369.997,6370.998,0.0008
05.07.2019 12:55:00.000,6371.998,6371.998,6369.997,6369.997,0.0008
05.07.2019 12:56:00.000,6369.998,6370.998,6369.997,6370.998,0.0014
05.07.2019 12:57:00.000,6370.997,6373.998,6367.998,6372.998,0.0027
05.07.2019 12:58:00.000,6372.997,6373.998,6372.997,6373.998,0.0009
05.07.2019 12:59:00.000,6373.998,6375.998,6373.997,6373.998,0.0011
05.07.2019 13:00:00.000,6373.997,6374.998,6371.997,6372.997,0.0009
05.07.2019 13:01:00.000,6372.998,6372.998,6367.998,6368.997,0.0018
05.07.2019 13:02:00.000,6368.997,6369.998,6368.997,6368.998,0.0017
05.07.2019 13:03:00.000,6368.997,6369.998,6366.998,6368.998,0.0016
05.07.2019 13:04:00.000,6369.998,6370.998,6367.997,6368.998,0.0024
05.07.2019 13:05:00.000,6368.998,6370.998,6367.997,6367.997,0.001
05.07.2019 13:06:00.000,6368.997,6369.998,6368.997,6369.998,0.0009
05.07.2019 13:07:00.000,6370.997,6373.998,6368.998,6373.997,0.0029
05.07.2019 13:08:00.000,6373.997,6373.997,6370.998,6371.997,0.0012
05.07.2019 13:09:00.000,6371.998,6371.998,6368.997,6369.997,0.002
05.07.2019 13:10:00.000,6369.998,6369.998,6366.998,6367.998,0.0009
05.07.2019 13:11:00.000,6368.998,6370.997,6367.998,6369.998,0.001
05.07.2019 13:12:00.000,6369.997,6370.998,6368.998,6369.998,0.0023
05.07.2019 13:13:00.000,6369.997,6369.998,6366.998,6368.998,0.0005
05.07.2019 13:14:00.000,6369.998,6369.998,6369.998,6369.998,0.0001
05.07.2019 13:15:00.000,6369.997,6372.997,6368.997,6371.998,0.0031
05.07.2019 13:16:00.000,6373.998,6374.998,6372.998,6372.998,0.0011
05.07.2019 13:17:00.000,6373.998,6373.998,6372.998,6373.997,0.0005
05.07.2019 13:18:00.000,6372.997,6377.998,6372.997,6377.997,0.0014
05.07.2019 13:19:00.000,6375.998,6376.998,6373.997,6374.998,0.0021
05.07.2019 13:20:00.000,6374.998,6375.998,6374.997,6375.998,0.0009
05.07.2019 13:21:00.000,6375.997,6376.998,6375.997,6376.998,0.0013
05.07.2019 13:22:00.000,6376.997,6376.998,6373.998,6374.998,0.0008
05.07.2019 13:23:00.000,6374.997,6374.998,6374.997,6374.997,0.0002
05.07.2019 13:24:00.000,6374.998,6376.998,6374.998,6374.998,0.0008
05.07.2019 13:25:00.000,6375.997,6375.998,6374.998,6374.998,0.0003
05.07.2019 13:26:00.000,6373.997,6373.998,6372.998,6373.997,0.0004
05.07.2019 13:27:00.000,6373.998,6378.998,6373.998,6378.998,0.002
05.07.2019 13:28:00.000,6378.998,6379.998,6377.997,6379.998,0.0016
05.07.2019 13:29:00.000,6379.750,6379.750,6373.998,6373.998,0.0019
05.07.2019 13:30:00.000,6373.997,6378.998,6373.997,6377.997,0.0079
05.07.2019 13:31:00.000,6377.998,6378.998,6371.998,6371.998,0.0026
05.07.2019 13:32:00.000,6371.998,6371.998,6368.997,6368.997,0.0033
05.07.2019 13:33:00.000,6368.998,6368.998,6368.997,6368.997,0.0008
05.07.2019 13:34:00.000,6368.998,6368.998,6363.997,6363.997,0.0042
05.07.2019 13:35:00.000,6363.998,6363.998,6359.997,6362.998,0.0043
05.07.2019 13:36:00.000,6362.997,6362.998,6361.997,6362.998,0.0017
05.07.2019 13:37:00.000,6363.997,6368.998,6362.998,6368.998,0.0044
05.07.2019 13:38:00.000,6368.998,6369.998,6368.997,6369.998,0.0018
05.07.2019 13:39:00.000,6370.998,6372.998,6368.998,6370.998,0.0044
05.07.2019 13:40:00.000,6370.997,6370.998,6368.998,6370.997,0.0019
05.07.2019 13:41:00.000,6370.998,6374.998,6370.998,6373.998,0.0035
05.07.2019 13:42:00.000,6372.998,6372.998,6369.997,6370.997,0.0023
05.07.2019 13:43:00.000,6370.500,6370.500,6367.997,6368.998,0.0042
05.07.2019 13:44:00.000,6368.997,6368.998,6366.998,6367.998,0.0017
05.07.2019 13:45:00.000,6367.998,6368.998,6366.997,6367.998,0.0027
05.07.2019 13:46:00.000,6367.997,6371.998,6366.997,6368.998,0.0063
05.07.2019 13:47:00.000,6369.998,6369.998,6366.997,6369.998,0.0032
05.07.2019 13:48:00.000,6369.750,6374.998,6367.997,6373.997,0.005
05.07.2019 13:49:00.000,6373.998,6376.998,6370.998,6373.998,0.0042
05.07.2019 13:50:00.000,6373.997,6373.998,6371.997,6371.998,0.0011
05.07.2019 13:51:00.000,6371.998,6371.998,6367.997,6369.997,0.0019
05.07.2019 13:52:00.000,6370.998,6370.998,6368.997,6368.997,0.0038
05.07.2019 13:53:00.000,6368.997,6369.998,6367.997,6369.997,0.0043
05.07.2019 13:54:00.000,6369.998,6369.998,6366.998,6368.997,0.0022
05.07.2019 13:55:00.000,6368.997,6368.998,6362.997,6362.998,0.0083
05.07.2019 13:56:00.000,6363.998,6363.998,6361.997,6362.998,0.0039
05.07.2019 13:57:00.000,6363.998,6365.998,6362.998,6365.998,0.0032
05.07.2019 13:58:00.000,6365.997,6365.997,6364.997,6364.997,0.0043
05.07.2019 13:59:00.000,6364.998,6368.998,6364.998,6368.998,0.0022
05.07.2019 14:00:00.000,6368.997,6369.998,6366.998,6367.998,0.0053
05.07.2019 14:01:00.000,6367.997,6367.998,6364.998,6364.998,0.0034
05.07.2019 14:02:00.000,6364.997,6366.998,6364.997,6366.998,0.0033
05.07.2019 14:03:00.000,6366.997,6367.998,6366.997,6366.998,0.0019
05.07.2019 14:04:00.000,6366.997,6366.998,6364.997,6366.998,0.0022
05.07.2019 14:05:00.000,6366.997,6366.998,6366.997,6366.998,0.0005
05.07.2019 14:06:00.000,6368.998,6370.998,6367.997,6370.998,0.002
05.07.2019 14:07:00.000,6370.997,6374.998,6370.997,6373.998,0.004
05.07.2019 14:08:00.000,6373.997,6373.997,6368.997,6371.998,0.009
05.07.2019 14:09:00.000,6370.998,6376.998,6370.998,6376.997,0.0043
05.07.2019 14:10:00.000,6376.998,6376.998,6372.998,6373.998,0.0015
05.07.2019 14:11:00.000,6374.997,6377.998,6373.997,6374.997,0.0051
05.07.2019 14:12:00.000,6376.998,6376.998,6373.997,6373.998,0.0052
05.07.2019 14:13:00.000,6373.998,6375.998,6373.997,6375.998,0.0054
05.07.2019 14:14:00.000,6375.998,6376.998,6372.998,6376.998,0.0034
05.07.2019 14:15:00.000,6375.997,6376.998,6373.997,6374.998,0.0065
05.07.2019 14:16:00.000,6374.997,6374.997,6371.998,6371.998,0.0008
05.07.2019 14:17:00.000,6371.998,6371.998,6368.750,6369.998,0.0054
05.07.2019 14:18:00.000,6368.997,6369.997,6365.998,6369.997,0.0047
05.07.2019 14:19:00.000,6369.997,6369.997,6368.997,6368.998,0.0016
05.07.2019 14:20:00.000,6366.998,6369.998,6366.998,6367.997,0.0028
05.07.2019 14:21:00.000,6367.997,6368.998,6366.998,6368.998,0.0021
05.07.2019 14:22:00.000,6369.997,6371.998,6368.997,6370.997,0.0034
05.07.2019 14:23:00.000,6370.998,6371.998,6368.997,6370.997,0.0067
05.07.2019 14:24:00.000,6371.998,6375.998,6371.997,6374.997,0.0036
05.07.2019 14:25:00.000,6372.998,6376.998,6372.998,6376.998,0.0073
05.07.2019 14:26:00.000,6376.997,6377.998,6374.997,6375.997,0.0044
05.07.2019 14:27:00.000,6374.997,6376.998,6372.998,6373.998,0.0046
05.07.2019 14:28:00.000,6374.997,6377.998,6374.997,6376.997,0.0067
05.07.2019 14:29:00.000,6376.998,6376.998,6372.997,6375.998,0.0082
05.07.2019 14:30:00.000,6375.997,6377.998,6374.997,6377.998,0.005
05.07.2019 14:31:00.000,6378.997,6381.997,6377.997,6378.997,0.0074
05.07.2019 14:32:00.000,6379.998,6379.998,6376.997,6376.998,0.0043
05.07.2019 14:33:00.000,6375.997,6376.998,6374.997,6374.998,0.0015
05.07.2019 14:34:00.000,6374.997,6376.998,6372.997,6375.998,0.0085
05.07.2019 14:35:00.000,6375.997,6376.997,6369.997,6370.997,0.0071
05.07.2019 14:36:00.000,6370.998,6370.998,6368.997,6368.998,0.0041
05.07.2019 14:37:00.000,6368.997,6370.998,6368.997,6369.997,0.0049
05.07.2019 14:38:00.000,6368.998,6371.998,6368.998,6369.997,0.0076
05.07.2019 14:39:00.000,6369.998,6369.998,6367.998,6369.997,0.0024
05.07.2019 14:40:00.000,6369.998,6371.998,6368.997,6371.997,0.005
05.07.2019 14:41:00.000,6371.998,6371.998,6367.998,6368.998,0.0016
05.07.2019 14:42:00.000,6368.997,6370.998,6367.998,6369.998,0.0044
05.07.2019 14:43:00.000,6367.997,6371.998,6367.997,6371.998,0.0081
05.07.2019 14:44:00.000,6371.997,6371.997,6369.997,6369.998,0.0047
05.07.2019 14:45:00.000,6369.997,6369.998,6367.998,6368.997,0.0086
05.07.2019 14:46:00.000,6368.998,6368.998,6367.997,6367.998,0.0032
05.07.2019 14:47:00.000,6367.997,6367.998,6366.998,6366.998,0.0025
05.07.2019 14:48:00.000,6367.998,6368.998,6366.997,6368.998,0.0056
05.07.2019 14:49:00.000,6368.997,6369.998,6368.997,6369.997,0.0023
05.07.2019 14:50:00.000,6369.998,6372.998,6369.998,6370.998,0.0082
05.07.2019 14:51:00.000,6370.997,6371.998,6368.997,6371.998,0.0056
05.07.2019 14:52:00.000,6371.997,6371.998,6369.997,6370.997,0.004
05.07.2019 14:53:00.000,6370.998,6373.998,6369.997,6371.997,0.0057
05.07.2019 14:54:00.000,6371.998,6371.998,6370.997,6371.997,0.0038
05.07.2019 14:55:00.000,6371.998,6374.998,6371.997,6373.998,0.0062
05.07.2019 14:56:00.000,6373.997,6373.998,6371.997,6371.998,0.0028
05.07.2019 14:57:00.000,6371.997,6371.998,6369.997,6370.998,0.0033
05.07.2019 14:58:00.000,6370.997,6372.998,6370.997,6372.997,0.0023
05.07.2019 14:59:00.000,6372.998,6376.998,6372.998,6376.998,0.0041
05.07.2019 15:00:00.000,6377.997,6378.998,6376.997,6378.997,0.0055
05.07.2019 15:01:00.000,6378.998,6378.998,6378.997,6378.998,0.0011
05.07.2019 15:02:00.000,6378.997,6379.998,6375.997,6375.997,0.0036
05.07.2019 15:03:00.000,6375.998,6375.998,6373.997,6373.997,0.0049
05.07.2019 15:04:00.000,6374.998,6375.998,6373.997,6375.998,0.0049
05.07.2019 15:05:00.000,6375.997,6375.998,6374.997,6374.998,0.0029
05.07.2019 15:06:00.000,6374.997,6380.998,6374.997,6379.998,0.0091
05.07.2019 15:07:00.000,6379.997,6379.998,6375.997,6376.997,0.0059
05.07.2019 15:08:00.000,6377.998,6377.998,6373.997,6374.998,0.0092
05.07.2019 15:09:00.000,6374.997,6376.998,6372.997,6376.998,0.0086
05.07.2019 15:10:00.000,6376.997,6376.997,6373.998,6374.998,0.0083
05.07.2019 15:11:00.000,6374.998,6377.998,6374.997,6376.998,0.0067
05.07.2019 15:12:00.000,6376.998,6376.998,6374.997,6375.998,0.0062
05.07.2019 15:13:00.000,6375.997,6377.998,6375.997,6377.998,0.0055
05.07.2019 15:14:00.000,6377.997,6378.998,6377.997,6378.998,0.0061
05.07.2019 15:15:00.000,6378.998,6379.998,6378.997,6379.997,0.0031
05.07.2019 15:16:00.000,6379.998,6384.998,6379.997,6384.998,0.008
05.07.2019 15:17:00.000,6384.997,6384.998,6383.997,6384.998,0.0053
05.07.2019 15:18:00.000,6384.997,6384.997,6381.997,6381.998,0.008
05.07.2019 15:19:00.000,6381.997,6383.998,6381.997,6382.997,0.005
05.07.2019 15:20:00.000,6382.998,6384.998,6382.997,6384.998,0.0037
05.07.2019 15:21:00.000,6384.998,6385.998,6383.997,6385.998,0.005
05.07.2019 15:22:00.000,6385.997,6385.998,6384.998,6385.998,0.0018
05.07.2019 15:23:00.000,6385.997,6389.998,6385.997,6387.997,0.0066
05.07.2019 15:24:00.000,6387.998,6389.998,6387.997,6389.998,0.0048
05.07.2019 15:25:00.000,6389.998,6391.998,6389.997,6389.998,0.013
05.07.2019 15:26:00.000,6390.997,6390.998,6389.997,6390.997,0.0133
05.07.2019 15:27:00.000,6389.998,6389.998,6386.998,6388.997,0.0045
05.07.2019 15:28:00.000,6388.998,6388.998,6385.997,6388.998,0.0072
05.07.2019 15:29:00.000,6388.997,6390.998,6388.997,6390.997,0.0142
08.07.2019 07:00:00.000,6412.998,6412.998,6412.998,6412.998,0.0001
08.07.2019 07:03:00.000,6403.997,6403.997,6403.997,6403.997,0.0002
08.07.2019 07:04:00.000,6395.997,6395.997,6395.997,6395.997,0.0002
08.07.2019 07:05:00.000,6395.998,6409.997,6395.998,6409.997,0.0005
08.07.2019 07:06:00.000,6409.997,6409.997,6396.998,6396.998,0.0013
08.07.2019 07:07:00.000,6398.998,6399.998,6395.997,6397.998,0.0024
08.07.2019 07:08:00.000,6397.997,6406.998,6397.997,6406.998,0.004
08.07.2019 07:09:00.000,6406.998,6407.998,6403.997,6406.998,0.0031
08.07.2019 07:10:00.000,6408.998,6410.997,6401.998,6401.998,0.002
08.07.2019 07:11:00.000,6399.998,6402.998,6399.997,6402.997,0.0013
08.07.2019 07:12:00.000,6407.998,6407.998,6404.998,6406.998,0.0011
08.07.2019 07:13:00.000,6404.998,6407.998,6404.997,6404.997,0.0029
08.07.2019 07:14:00.000,6404.998,6412.998,6404.998,6412.998,0.0065
08.07.2019 07:15:00.000,6414.997,6414.998,6409.997,6409.998,0.004
08.07.2019 07:16:00.000,6409.998,6411.998,6406.997,6411.998,0.0047
08.07.2019 07:17:00.000,6411.997,6417.998,6411.997,6417.998,0.0029
08.07.2019 07:18:00.000,6418.998,6419.998,6416.998,6419.997,0.0022
08.07.2019 07:19:00.000,6419.998,6419.998,6416.998,6417.998,0.0008
08.07.2019 07:20:00.000,6417.997,6421.998,6416.997,6417.997,0.0019
08.07.2019 07:21:00.000,6417.998,6419.998,6417.997,6419.998,0.0015
08.07.2019 07:22:00.000,6419.998,6419.998,6418.997,6418.998,0.0014
08.07.2019 07:23:00.000,6421.997,6424.998,6421.997,6423.997,0.0022
08.07.2019 07:24:00.000,6423.998,6425.998,6422.997,6423.997,0.0027
08.07.2019 07:25:00.000,6423.998,6424.998,6421.997,6424.998,0.0019
08.07.2019 07:26:00.000,6424.998,6427.998,6424.998,6427.998,0.0026
08.07.2019 07:27:00.000,6428.997,6429.998,6428.997,6429.998,0.0024
08.07.2019 07:28:00.000,6429.998,6429.998,6428.997,6428.998,0.0037
08.07.2019 07:29:00.000,6429.998,6437.998,6429.998,6437.998,0.0031
08.07.2019 07:30:00.000,6437.998,6437.998,6431.997,6431.998,0.0015
08.07.2019 07:31:00.000,6431.997,6437.998,6431.997,6437.998,0.0062
08.07.2019 07:32:00.000,6437.998,6440.998,6434.998,6434.998,0.0012
08.07.2019 07:33:00.000,6434.997,6436.500,6432.997,6433.998,0.0016
08.07.2019 07:34:00.000,6432.998,6434.998,6432.997,6433.998,0.0015
08.07.2019 07:35:00.000,6433.998,6433.998,6429.997,6429.998,0.0017
08.07.2019 07:36:00.000,6429.997,6429.998,6422.998,6423.998,0.0013
08.07.2019 07:37:00.000,6423.997,6428.998,6423.997,6428.998,0.0036
08.07.2019 07:38:00.000,6428.997,6428.998,6428.997,6428.998,0.0003
08.07.2019 07:39:00.000,6428.997,6428.997,6424.997,6425.997,0.0036
08.07.2019 07:40:00.000,6425.998,6425.998,6423.997,6423.998,0.0021
08.07.2019 07:41:00.000,6424.998,6429.998,6424.998,6429.998,0.0006
08.07.2019 07:42:00.000,6427.998,6427.998,6427.997,6427.998,0.0003
08.07.2019 07:43:00.000,6427.997,6429.998,6426.997,6426.997,0.0011
08.07.2019 07:44:00.000,6426.998,6426.998,6424.998,6425.997,0.0005
08.07.2019 07:45:00.000,6425.998,6425.998,6421.998,6421.998,0.0018
08.07.2019 07:46:00.000,6420.998,6422.998,6420.998,6422.998,0.0008
08.07.2019 07:47:00.000,6422.997,6424.998,6422.997,6422.998,0.0027
08.07.2019 07:48:00.000,6423.998,6423.998,6423.998,6423.998,0.0005
08.07.2019 07:49:00.000,6423.998,6423.998,6416.998,6417.997,0.0024
08.07.2019 07:50:00.000,6414.998,6420.998,6414.998,6420.997,0.0037
08.07.2019 07:51:00.000,6421.998,6421.998,6419.997,6420.998,0.0011
08.07.2019 07:52:00.000,6420.998,6424.998,6420.997,6424.998,0.0023
08.07.2019 07:53:00.000,6424.997,6424.997,6419.998,6422.998,0.0026
08.07.2019 07:54:00.000,6422.997,6423.998,6418.997,6418.998,0.0018
08.07.2019 07:55:00.000,6418.997,6418.998,6417.997,6417.997,0.0024
08.07.2019 07:56:00.000,6418.997,6419.998,6418.997,6419.998,0.0011
08.07.2019 07:57:00.000,6419.997,6419.998,6419.997,6419.998,0.0004
08.07.2019 07:58:00.000,6417.998,6419.998,6417.997,6418.998,0.001
08.07.2019 07:59:00.000,6418.997,6419.998,6418.997,6418.998,0.0008
08.07.2019 08:00:00.000,6418.997,6420.998,6417.998,6419.998,0.0032
08.07.2019 08:01:00.000,6419.998,6422.998,6418.998,6420.998,0.0033
08.07.2019 08:02:00.000,6420.997,6420.998,6418.997,6418.998,0.0025
08.07.2019 08:03:00.000,6419.998,6420.998,6418.998,6418.998,0.0016
08.07.2019 08:04:00.000,6419.998,6419.998,6415.997,6416.998,0.0029
08.07.2019 08:05:00.000,6416.997,6420.998,6416.997,6420.998,0.0023
08.07.2019 08:06:00.000,6420.998,6420.998,6419.997,6419.998,0.0005
08.07.2019 08:07:00.000,6419.997,6421.998,6419.997,6420.998,0.0018
08.07.2019 08:08:00.000,6420.997,6421.998,6418.997,6420.998,0.0053
08.07.2019 08:09:00.000,6421.998,6421.998,6418.998,6418.998,0.0012
08.07.2019 08:10:00.000,6418.998,6422.998,6418.998,6421.997,0.0021
08.07.2019 08:11:00.000,6421.998,6421.998,6421.997,6421.997,0.0012
08.07.2019 08:12:00.000,6421.998,6421.998,6420.998,6421.998,0.0009
08.07.2019 08:13:00.000,6420.997,6421.998,6420.997,6420.997,0.0007
08.07.2019 08:14:00.000,6420.998,6420.998,6420.997,6420.998,0.0013
08.07.2019 08:15:00.000,6420.997,6422.998,6419.997,6419.997,0.0019
08.07.2019 08:16:00.000,6419.997,6419.997,6418.997,6418.997,0.0007
08.07.2019 08:17:00.000,6416.998,6416.998,6414.998,6416.998,0.0025
08.07.2019 08:18:00.000,6417.998,6418.998,6417.997,6417.998,0.0032
08.07.2019 08:19:00.000,6418.998,6418.998,6418.997,6418.998,0.0007
08.07.2019 08:20:00.000,6418.998,6419.998,6416.997,6416.997,0.0035
08.07.2019 08:21:00.000,6416.998,6419.998,6416.997,6419.997,0.0027
08.07.2019 08:22:00.000,6419.998,6419.998,6416.997,6416.998,0.0016
08.07.2019 08:23:00.000,6416.998,6416.998,6414.997,6415.998,0.0033
08.07.2019 08:24:00.000,6415.750,6415.750,6409.997,6409.998,0.0033
08.07.2019 08:25:00.000,6406.998,6408.998,6406.997,6407.998,0.0015
08.07.2019 08:26:00.000,6407.997,6409.998,6405.998,6407.998,0.0036
08.07.2019 08:27:00.000,6407.997,6408.998,6406.998,6408.997,0.0019
08.07.2019 08:28:00.000,6408.997,6409.998,6407.998,6409.998,0.0023
08.07.2019 08:29:00.000,6409.997,6412.998,6409.997,6412.998,0.0007
08.07.2019 08:30:00.000,6412.998,6412.998,6410.998,6410.998,0.0046
08.07.2019 08:31:00.000,6410.998,6410.998,6407.997,6407.997,0.0017
08.07.2019 08:32:00.000,6407.998,6407.998,6403.997,6403.997,0.0041
08.07.2019 08:33:00.000,6403.997,6404.998,6400.998,6401.998,0.0039
08.07.2019 08:34:00.000,6403.998,6403.998,6403.997,6403.998,0.0007
08.07.2019 08:35:00.000,6404.997,6404.997,6400.998,6403.997,0.004
08.07.2019 08:36:00.000,6401.998,6401.998,6400.997,6401.998,0.003
08.07.2019 08:37:00.000,6401.997,6403.997,6397.998,6399.998,0.0051
08.07.2019 08:38:00.000,6400.998,6400.998,6399.997,6399.998,0.0016
08.07.2019 08:39:00.000,6399.997,6399.998,6397.998,6399.998,0.0014
08.07.2019 08:40:00.000,6400.998,6402.998,6399.997,6401.998,0.0032
08.07.2019 08:41:00.000,6400.997,6401.998,6400.997,6401.997,0.0015
08.07.2019 08:42:00.000,6401.997,6401.997,6399.997,6399.998,0.0024
08.07.2019 08:43:00.000,6399.750,6399.998,6397.997,6399.998,0.0028
08.07.2019 08:44:00.000,6399.998,6401.998,6399.997,6400.997,0.0051
08.07.2019 08:45:00.000,6400.998,6400.998,6398.997,6398.997,0.0024
08.07.2019 08:46:00.000,6398.998,6398.998,6398.998,6398.998,0.0001
08.07.2019 08:47:00.000,6400.998,6404.998,6400.997,6402.998,0.0047
08.07.2019 08:48:00.000,6402.997,6402.998,6402.997,6402.997,0.0022
08.07.2019 08:49:00.000,6402.998,6404.998,6401.997,6404.998,0.0049
08.07.2019 08:50:00.000,6403.998,6403.998,6402.997,6402.998,0.0017
08.07.2019 08:51:00.000,6401.997,6402.998,6401.997,6401.998,0.0004
08.07.2019 08:52:00.000,6403.998,6403.998,6400.997,6402.997,0.0046
08.07.2019 08:53:00.000,6400.998,6400.998,6399.997,6399.998,0.003
08.07.2019 08:54:00.000,6399.997,6400.998,6397.998,6398.998,0.0043
08.07.2019 08:55:00.000,6397.998,6400.998,6397.998,6399.998,0.003
08.07.2019 08:56:00.000,6399.998,6401.998,6398.997,6400.998,0.0023
08.07.2019 08:57:00.000,6402.750,6405.998,6401.997,6405.997,0.003
08.07.2019 08:58:00.000,6405.998,6408.998,6405.997,6407.998,0.0061
08.07.2019 08:59:00.000,6407.998,6407.998,6403.997,6403.997,0.0056
08.07.2019 09:00:00.000,6404.998,6406.998,6404.997,6404.998,0.0068
08.07.2019 09:01:00.000,6404.997,6405.998,6404.997,6405.997,0.001
08.07.2019 09:02:00.000,6404.998,6404.998,6403.997,6404.997,0.0033
08.07.2019 09:03:00.000,6404.998,6404.998,6402.997,6402.998,0.0012
08.07.2019 09:04:00.000,6402.997,6402.997,6399.997,6401.997,0.0048
08.07.2019 09:05:00.000,6401.998,6401.998,6399.998,6401.997,0.0034
08.07.2019 09:06:00.000,6401.998,6401.998,6399.997,6400.998,0.0057
08.07.2019 09:07:00.000,6400.997,6400.998,6398.997,6399.998,0.0028
08.07.2019 09:08:00.000,6399.997,6399.997,6396.998,6397.998,0.0024
08.07.2019 09:09:00.000,6397.997,6397.997,6395.998,6396.998,0.0023
08.07.2019 09:10:00.000,6397.997,6398.998,6397.997,6398.998,0.0026
08.07.2019 09:11:00.000,6399.998,6400.998,6399.997,6400.998,0.0036
08.07.2019 09:13:00.000,6401.997,6402.998,6398.997,6400.998,0.0084
08.07.2019 09:14:00.000,6400.750,6400.750,6397.997,6398.997,0.0024
08.07.2019 09:15:00.000,6398.997,6398.997,6395.998,6395.998,0.0006
08.07.2019 09:16:00.000,6396.997,6396.998,6395.997,6396.997,0.0024
08.07.2019 09:17:00.000,6396.998,6398.998,6396.998,6397.997,0.0024
08.07.2019 09:18:00.000,6397.998,6397.998,6395.997,6397.998,0.0034
08.07.2019 09:19:00.000,6397.997,6397.997,6397.997,6397.997,0.0008
08.07.2019 09:20:00.000,6397.998,6397.998,6395.998,6396.997,0.004
08.07.2019 09:21:00.000,6396.998,6396.998,6394.998,6396.997,0.0075
08.07.2019 09:22:00.000,6396.998,6396.998,6394.997,6396.997,0.0027
08.07.2019 09:23:00.000,6396.998,6397.998,6396.997,6397.998,0.0023
08.07.2019 09:24:00.000,6398.998,6399.998,6398.997,6399.998,0.0028
08.07.2019 09:25:00.000,6399.998,6399.998,6397.997,6398.998,0.0037
08.07.2019 09:26:00.000,6398.997,6400.998,6398.997,6400.998,0.001
08.07.2019 09:27:00.000,6400.997,6402.998,6399.997,6400.997,0.0035
08.07.2019 09:28:00.000,6400.998,6400.998,6400.997,6400.998,0.0005
08.07.2019 09:29:00.000,6400.997,6400.998,6400.997,6400.998,0.0006
08.07.2019 09:30:00.000,6400.998,6401.998,6400.997,6400.998,0.0021
08.07.2019 09:31:00.000,6400.997,6402.998,6400.997,6400.998,0.0037
08.07.2019 09:32:00.000,6400.997,6400.998,6399.998,6399.998,0.0008
08.07.2019 09:33:00.000,6400.998,6400.998,6396.997,6399.998,0.0019
08.07.2019 09:34:00.000,6399.997,6399.997,6397.997,6397.998,0.0016
08.07.2019 09:35:00.000,6398.998,6401.998,6398.998,6400.998,0.0006
08.07.2019 09:37:00.000,6401.997,6402.998,6401.997,6401.997,0.0039
08.07.2019 09:38:00.000,6401.997,6401.998,6398.997,6398.997,0.0032
08.07.2019 09:39:00.000,6398.997,6398.998,6385.998,6388.998,0.0067
08.07.2019 09:40:00.000,6389.998,6392.997,6389.998,6390.997,0.0044
08.07.2019 09:41:00.000,6390.998,6390.998,6387.997,6387.998,0.0027
08.07.2019 09:42:00.000,6388.997,6388.998,6388.997,6388.997,0.0018
08.07.2019 09:43:00.000,6388.998,6388.998,6385.997,6385.998,0.0009
08.07.2019 09:44:00.000,6385.997,6385.998,6384.997,6384.998,0.0009
08.07.2019 09:45:00.000,6384.997,6387.998,6384.997,6387.997,0.008
08.07.2019 09:46:00.000,6387.998,6387.998,6387.997,6387.998,0.0006
08.07.2019 09:47:00.000,6389.998,6389.998,6387.997,6387.998,0.0016
08.07.2019 09:48:00.000,6388.997,6388.998,6388.997,6388.998,0.0005
08.07.2019 09:49:00.000,6388.997,6388.998,6387.997,6387.997,0.0015
08.07.2019 09:50:00.000,6387.998,6388.998,6386.997,6388.997,0.0024
08.07.2019 09:51:00.000,6388.997,6388.998,6386.998,6387.998,0.0014
08.07.2019 09:52:00.000,6388.998,6388.998,6385.998,6385.998,0.0017
08.07.2019 09:53:00.000,6385.997,6385.998,6385.997,6385.998,0.001
08.07.2019 09:54:00.000,6385.997,6385.998,6385.997,6385.998,0.0011
08.07.2019 09:55:00.000,6386.998,6386.998,6386.997,6386.998,0.0014
08.07.2019 09:56:00.000,6386.997,6386.998,6386.997,6386.998,0.0004
08.07.2019 09:57:00.000,6386.997,6386.997,6384.997,6384.998,0.0061
08.07.2019 09:58:00.000,6384.998,6384.998,6384.997,6384.998,0.0047
08.07.2019 09:59:00.000,6384.998,6384.998,6381.997,6382.998,0.0061
08.07.2019 10:00:00.000,6382.997,6382.997,6382.997,6382.997,0.0004
08.07.2019 10:01:00.000,6382.998,6386.998,6381.997,6386.998,0.0052
08.07.2019 10:02:00.000,6386.997,6386.997,6384.997,6384.998,0.0018
08.07.2019 10:03:00.000,6383.998,6384.998,6383.998,6384.998,0.001
08.07.2019 10:04:00.000,6384.997,6384.998,6384.997,6384.998,0.0025
08.07.2019 10:05:00.000,6384.998,6384.998,6382.997,6382.998,0.0052
08.07.2019 10:06:00.000,6382.997,6382.998,6380.998,6382.998,0.006
08.07.2019 10:07:00.000,6382.997,6382.998,6381.998,6381.998,0.0011
08.07.2019 10:08:00.000,6381.997,6383.998,6381.997,6383.998,0.0027
08.07.2019 10:09:00.000,6383.997,6383.998,6383.997,6383.998,0.0007
08.07.2019 10:10:00.000,6383.998,6383.998,6380.997,6380.998,0.0006
08.07.2019 10:11:00.000,6381.997,6383.998,6381.997,6383.997,0.0021
08.07.2019 10:12:00.000,6383.998,6390.998,6383.997,6390.998,0.0055
08.07.2019 10:13:00.000,6390.997,6392.997,6390.997,6390.998,0.0024
08.07.2019 10:14:00.000,6390.997,6390.998,6390.997,6390.998,0.0008
08.07.2019 10:15:00.000,6391.998,6392.998,6390.997,6390.998,0.0022
08.07.2019 10:16:00.000,6390.997,6390.997,6390.997,6390.997,0.0002
08.07.2019 10:17:00.000,6390.998,6391.998,6390.997,6390.998,0.0029
08.07.2019 10:18:00.000,6390.998,6390.998,6388.997,6388.997,0.0012
08.07.2019 10:19:00.000,6389.998,6391.998,6389.998,6391.997,0.0014
08.07.2019 10:20:00.000,6391.998,6392.998,6390.998,6390.998,0.0013
08.07.2019 10:21:00.000,6390.997,6390.998,6388.998,6390.998,0.0013
08.07.2019 10:22:00.000,6388.998,6388.998,6388.998,6388.998,0.0005
08.07.2019 10:23:00.000,6388.997,6389.998,6388.997,6389.998,0.0014
08.07.2019 10:24:00.000,6389.997,6389.998,6389.997,6389.997,0.0006
08.07.2019 10:25:00.000,6389.997,6391.998,6388.998,6389.998,0.0026
08.07.2019 10:26:00.000,6389.998,6389.998,6388.998,6388.998,0.0011
08.07.2019 10:27:00.000,6388.997,6389.998,6388.997,6388.998,0.0015
08.07.2019 10:28:00.000,6388.997,6389.998,6388.997,6389.998,0.0019
08.07.2019 10:29:00.000,6388.998,6389.998,6388.997,6389.997,0.0012
08.07.2019 10:30:00.000,6389.998,6390.998,6389.997,6389.997,0.0008
08.07.2019 10:31:00.000,6389.997,6390.998,6388.997,6389.998,0.0027
08.07.2019 10:32:00.000,6388.997,6393.998,6387.998,6393.998,0.003
08.07.2019 10:34:00.000,6393.997,6396.998,6393.997,6395.998,0.0034
08.07.2019 10:35:00.000,6396.997,6396.998,6396.997,6396.998,0.0004
08.07.2019 10:36:00.000,6396.997,6396.997,6392.998,6392.998,0.0026
08.07.2019 10:37:00.000,6393.998,6393.998,6393.997,6393.998,0.0009
08.07.2019 10:38:00.000,6394.998,6394.998,6392.997,6392.998,0.0028
08.07.2019 10:39:00.000,6393.998,6394.998,6393.998,6394.998,0.0006
08.07.2019 10:40:00.000,6394.997,6394.998,6392.998,6393.998,0.0018
08.07.2019 10:41:00.000,6393.998,6393.998,6392.997,6392.998,0.0006
08.07.2019 10:42:00.000,6392.998,6392.998,6391.997,6391.998,0.0034
08.07.2019 10:43:00.000,6391.998,6391.998,6389.997,6389.998,0.002
08.07.2019 10:44:00.000,6389.998,6391.998,6388.997,6391.998,0.0122
08.07.2019 10:45:00.000,6391.997,6391.998,6389.997,6389.997,0.0019
08.07.2019 10:46:00.000,6390.998,6391.998,6388.997,6391.997,0.0039
08.07.2019 10:47:00.000,6391.998,6391.998,6391.997,6391.998,0.004
08.07.2019 10:48:00.000,6391.997,6391.998,6391.997,6391.998,0.0014
08.07.2019 10:50:00.000,6392.998,6392.998,6391.997,6392.998,0.0025
08.07.2019 10:51:00.000,6392.997,6392.998,6392.997,6392.998,0.002
08.07.2019 10:52:00.000,6392.997,6392.998,6392.997,6392.998,0.0002
08.07.2019 10:53:00.000,6391.998,6391.998,6390.998,6391.998,0.0003
08.07.2019 10:54:00.000,6391.997,6391.998,6390.998,6391.998,0.0006
08.07.2019 10:55:00.000,6391.997,6392.998,6390.998,6392.998,0.0048
08.07.2019 10:56:00.000,6392.997,6392.998,6390.997,6390.998,0.0024
08.07.2019 10:57:00.000,6390.997,6391.998,6390.997,6390.998,0.0019
08.07.2019 10:58:00.000,6391.997,6392.998,6390.997,6391.997,0.0028
08.07.2019 10:59:00.000,6391.998,6391.998,6388.997,6388.998,0.0016
08.07.2019 11:00:00.000,6388.997,6388.997,6384.997,6384.997,0.0004
08.07.2019 11:01:00.000,6384.998,6384.998,6384.998,6384.998,0.0001
08.07.2019 11:02:00.000,6387.998,6389.998,6386.997,6388.998,0.0032
08.07.2019 11:03:00.000,6388.997,6392.998,6388.997,6392.998,0.0025
08.07.2019 11:04:00.000,6391.998,6393.998,6391.998,6393.998,0.0017
08.07.2019 11:05:00.000,6392.998,6392.998,6392.997,6392.997,0.0008
08.07.2019 11:06:00.000,6393.998,6395.998,6392.998,6394.998,0.0026
08.07.2019 11:07:00.000,6394.998,6394.998,6392.997,6392.998,0.0023
08.07.2019 11:08:00.000,6392.998,6394.998,6390.998,6394.998,0.0027
08.07.2019 11:09:00.000,6394.997,6395.998,6393.998,6395.998,0.0026
08.07.2019 11:10:00.000,6396.997,6396.998,6395.997,6396.998,0.0018
08.07.2019 11:11:00.000,6395.998,6395.998,6395.997,6395.998,0.0012
08.07.2019 11:12:00.000,6394.998,6394.998,6393.997,6393.998,0.0003
08.07.2019 11:13:00.000,6393.997,6393.998,6392.997,6393.998,0.0013
08.07.2019 11:14:00.000,6392.998,6392.998,6391.997,6391.997,0.0014
08.07.2019 11:16:00.000,6391.998,6391.998,6391.997,6391.997,0.0005
08.07.2019 11:17:00.000,6392.998,6392.998,6390.997,6391.998,0.002
08.07.2019 11:18:00.000,6391.997,6391.997,6388.997,6388.998,0.0061
08.07.2019 11:19:00.000,6389.998,6391.998,6389.997,6390.998,0.002
08.07.2019 11:20:00.000,6391.997,6392.997,6389.998,6390.998,0.0023
08.07.2019 11:21:00.000,6391.998,6393.998,6391.997,6393.998,0.0032
08.07.2019 11:22:00.000,6393.997,6396.998,6393.997,6395.998,0.0017
08.07.2019 11:23:00.000,6394.997,6397.998,6394.997,6397.997,0.0022
08.07.2019 11:24:00.000,6397.997,6397.997,6396.998,6396.998,0.0011
08.07.2019 11:25:00.000,6396.997,6397.998,6396.997,6396.997,0.0021
08.07.2019 11:26:00.000,6396.998,6398.998,6396.997,6397.998,0.0016
08.07.2019 11:27:00.000,6397.998,6397.998,6393.997,6393.997,0.0008
08.07.2019 11:28:00.000,6393.998,6393.998,6392.997,6392.998,0.0007
08.07.2019 11:29:00.000,6392.998,6392.998,6391.997,6391.997,0.0014
08.07.2019 11:30:00.000,6391.998,6392.998,6389.998,6389.998,0.0018
08.07.2019 11:31:00.000,6390.997,6390.997,6389.998,6389.998,0.0004
08.07.2019 11:32:00.000,6389.997,6391.997,6389.997,6389.997,0.0019
08.07.2019 11:33:00.000,6389.998,6389.998,6389.997,6389.997,0.0023
08.07.2019 11:34:00.000,6389.998,6391.998,6389.997,6389.997,0.0013
08.07.2019 11:35:00.000,6390.998,6390.998,6388.997,6388.997,0.0031
08.07.2019 11:36:00.000,6389.997,6389.997,6388.997,6388.998,0.0008
08.07.2019 11:37:00.000,6388.998,6388.998,6388.997,6388.997,0.0004
08.07.2019 11:38:00.000,6389.998,6389.998,6388.997,6388.998,0.0004
08.07.2019 11:39:00.000,6389.998,6391.998,6389.997,6391.998,0.002
08.07.2019 11:40:00.000,6392.997,6393.998,6392.997,6393.998,0.0006
08.07.2019 11:41:00.000,6393.998,6393.998,6393.997,6393.998,0.0023
08.07.2019 11:42:00.000,6393.997,6396.998,6393.997,6396.998,0.0031
08.07.2019 11:43:00.000,6396.998,6396.998,6395.998,6395.998,0.0007
08.07.2019 11:44:00.000,6395.998,6396.998,6394.998,6394.998,0.0018
08.07.2019 11:45:00.000,6394.998,6394.998,6392.997,6392.997,0.0011
08.07.2019 11:46:00.000,6394.998,6395.998,6394.997,6394.997,0.0021
08.07.2019 11:47:00.000,6394.998,6394.998,6392.998,6392.998,0.0006
08.07.2019 11:48:00.000,6393.998,6393.998,6393.997,6393.997,0.0005
08.07.2019 11:49:00.000,6393.998,6393.998,6393.998,6393.998,0.0001
08.07.2019 11:50:00.000,6394.998,6394.998,6393.997,6393.997,0.0016
08.07.2019 11:51:00.000,6393.998,6393.998,6393.997,6393.998,0.0018
08.07.2019 11:52:00.000,6393.997,6394.998,6393.997,6394.998,0.0014
08.07.2019 11:53:00.000,6394.998,6394.998,6392.997,6392.997,0.0012
08.07.2019 11:54:00.000,6392.998,6393.998,6392.997,6392.997,0.0016
08.07.2019 11:55:00.000,6392.998,6392.998,6392.998,6392.998,0.0001
08.07.2019 11:56:00.000,6392.997,6392.998,6392.997,6392.998,0.0004
08.07.2019 11:57:00.000,6392.750,6392.750,6390.998,6390.998,0.0008
08.07.2019 11:58:00.000,6390.997,6390.997,6389.997,6389.998,0.0015
08.07.2019 11:59:00.000,6389.998,6389.998,6389.997,6389.998,0.0009
08.07.2019 12:00:00.000,6389.998,6390.998,6389.997,6390.998,0.0016
08.07.2019 12:01:00.000,6390.500,6390.500,6387.998,6389.998,0.0009
08.07.2019 12:02:00.000,6390.998,6391.998,6390.997,6391.998,0.002
08.07.2019 12:03:00.000,6391.997,6391.998,6391.997,6391.998,0.0006
08.07.2019 12:04:00.000,6391.998,6391.998,6389.998,6389.998,0.0007
08.07.2019 12:05:00.000,6390.998,6390.998,6390.997,6390.998,0.0011
08.07.2019 12:06:00.000,6390.997,6392.998,6390.997,6392.998,0.0028
08.07.2019 12:08:00.000,6393.998,6395.998,6393.997,6395.998,0.0015
08.07.2019 12:09:00.000,6396.998,6398.998,6395.998,6398.998,0.0032
08.07.2019 12:10:00.000,6399.998,6402.998,6399.998,6400.997,0.0039
08.07.2019 12:11:00.000,6400.998,6403.998,6400.998,6403.998,0.0022
08.07.2019 12:12:00.000,6403.997,6404.998,6403.997,6404.998,0.0033
08.07.2019 12:13:00.000,6405.998,6405.998,6404.997,6404.998,0.0028
08.07.2019 12:14:00.000,6404.997,6404.998,6404.997,6404.998,0.0022
08.07.2019 12:15:00.000,6404.997,6404.998,6404.997,6404.998,0.0022
08.07.2019 12:16:00.000,6405.997,6406.998,6405.997,6406.998,0.0022
08.07.2019 12:17:00.000,6406.997,6406.997,6402.997,6402.997,0.0011
08.07.2019 12:18:00.000,6402.998,6403.998,6400.997,6401.998,0.0028
08.07.2019 12:19:00.000,6401.998,6401.998,6398.998,6399.997,0.0007
08.07.2019 12:20:00.000,6399.997,6402.998,6397.997,6402.997,0.0052
08.07.2019 12:21:00.000,6402.998,6402.998,6402.997,6402.998,0.0006
08.07.2019 12:22:00.000,6400.998,6402.998,6398.998,6398.998,0.0025
08.07.2019 12:23:00.000,6398.998,6400.998,6397.998,6400.997,0.0027
08.07.2019 12:24:00.000,6400.998,6400.998,6400.997,6400.997,0.0005
08.07.2019 12:25:00.000,6400.997,6400.997,6399.997,6399.998,0.003
08.07.2019 12:26:00.000,6401.750,6401.998,6400.997,6400.997,0.0008
08.07.2019 12:27:00.000,6400.998,6400.998,6400.997,6400.997,0.0006
08.07.2019 12:28:00.000,6400.997,6402.998,6399.998,6402.998,0.0029
08.07.2019 12:29:00.000,6403.998,6403.998,6403.997,6403.998,0.0008
08.07.2019 12:30:00.000,6404.998,6404.998,6404.998,6404.998,0.0001
08.07.2019 12:31:00.000,6404.997,6406.998,6404.997,6406.997,0.0025
08.07.2019 12:32:00.000,6406.998,6410.998,6405.997,6409.998,0.0032
08.07.2019 12:33:00.000,6410.998,6411.997,6409.997,6411.997,0.001
08.07.2019 12:34:00.000,6411.998,6411.998,6408.998,6409.997,0.0019
08.07.2019 12:35:00.000,6410.997,6411.998,6409.998,6411.998,0.0024
08.07.2019 12:36:00.000,6411.997,6411.998,6411.997,6411.998,0.0053
08.07.2019 12:37:00.000,6411.998,6411.998,6410.997,6410.998,0.0023
08.07.2019 12:38:00.000,6410.997,6410.998,6410.997,6410.997,0.0027
08.07.2019 12:39:00.000,6410.998,6413.998,6410.997,6410.997,0.0034
08.07.2019 12:40:00.000,6411.998,6411.998,6408.997,6408.998,0.0032
08.07.2019 12:41:00.000,6409.997,6411.997,6409.997,6411.997,0.0025
08.07.2019 12:42:00.000,6410.998,6411.998,6410.998,6410.998,0.001
08.07.2019 12:43:00.000,6410.997,6411.998,6410.997,6410.997,0.0026
08.07.2019 12:44:00.000,6410.998,6410.998,6410.997,6410.998,0.0014
08.07.2019 12:45:00.000,6410.997,6410.998,6409.997,6409.998,0.0032
08.07.2019 12:46:00.000,6409.997,6409.998,6409.997,6409.998,0.0006
08.07.2019 12:47:00.000,6409.997,6409.998,6409.997,6409.998,0.0006
08.07.2019 12:48:00.000,6409.997,6409.998,6408.997,6408.997,0.0008
08.07.2019 12:49:00.000,6408.998,6409.998,6408.997,6409.998,0.0056
08.07.2019 12:50:00.000,6409.998,6410.998,6409.997,6410.997,0.0032
08.07.2019 12:51:00.000,6411.997,6411.998,6409.998,6410.998,0.0019
08.07.2019 12:52:00.000,6408.998,6410.997,6408.998,6409.998,0.0011
08.07.2019 12:53:00.000,6409.998,6410.998,6409.997,6410.998,0.0036
08.07.2019 12:55:00.000,6410.997,6410.998,6410.997,6410.997,0.002
08.07.2019 12:56:00.000,6411.998,6411.998,6410.998,6410.998,0.001
08.07.2019 12:57:00.000,6410.750,6412.998,6408.998,6411.998,0.0066
08.07.2019 12:58:00.000,6411.997,6411.997,6406.997,6407.998,0.0053
08.07.2019 12:59:00.000,6407.997,6410.998,6407.997,6410.998,0.0055
08.07.2019 13:00:00.000,6411.998,6414.998,6411.997,6414.998,0.0048
08.07.2019 13:01:00.000,6414.997,6414.997,6411.997,6412.997,0.0014
08.07.2019 13:02:00.000,6412.997,6412.997,6409.998,6409.998,0.0024
08.07.2019 13:03:00.000,6410.997,6411.998,6409.997,6411.997,0.0019
08.07.2019 13:04:00.000,6411.997,6411.997,6408.997,6408.997,0.0055
08.07.2019 13:05:00.000,6408.998,6408.998,6408.997,6408.997,0.0013
08.07.2019 13:06:00.000,6408.998,6408.998,6406.998,6407.998,0.0038
08.07.2019 13:08:00.000,6407.750,6407.750,6401.997,6401.998,0.0036
08.07.2019 13:09:00.000,6402.998,6402.998,6398.998,6400.998,0.0045
08.07.2019 13:10:00.000,6401.997,6401.998,6400.998,6401.998,0.0013
08.07.2019 13:11:00.000,6401.997,6401.998,6396.998,6396.998,0.0076
08.07.2019 13:12:00.000,6396.997,6396.997,6394.997,6394.998,0.0024
08.07.2019 13:13:00.000,6395.998,6395.998,6389.997,6390.998,0.007
08.07.2019 13:14:00.000,6391.998,6394.998,6391.997,6392.997,0.0099
08.07.2019 13:15:00.000,6392.998,6393.998,6388.997,6389.998,0.0057
08.07.2019 13:16:00.000,6389.998,6389.998,6387.998,6387.998,0.0007
08.07.2019 13:17:00.000,6389.998,6390.998,6388.998,6388.998,0.0022
08.07.2019 13:18:00.000,6388.997,6388.997,6386.998,6387.998,0.0018
08.07.2019 13:19:00.000,6387.997,6387.998,6384.997,6384.997,0.0015
08.07.2019 13:20:00.000,6385.998,6389.998,6384.998,6388.998,0.0156
08.07.2019 13:21:00.000,6389.998,6390.998,6385.997,6387.998,0.017
08.07.2019 13:22:00.000,6388.998,6388.998,6383.998,6383.998,0.0036
08.07.2019 13:23:00.000,6383.997,6383.998,6382.997,6382.998,0.0009
08.07.2019 13:24:00.000,6383.997,6385.998,6382.997,6383.998,0.0072
08.07.2019 13:25:00.000,6383.997,6383.998,6382.998,6383.997,0.0017
08.07.2019 13:26:00.000,6384.997,6385.998,6384.997,6384.997,0.0034
08.07.2019 13:27:00.000,6384.998,6384.998,6382.998,6384.998,0.0046
08.07.2019 13:28:00.000,6384.997,6386.998,6384.997,6385.998,0.0029
08.07.2019 13:29:00.000,6385.998,6385.998,6384.997,6384.998,0.0022
08.07.2019 13:30:00.000,6384.997,6389.998,6384.997,6388.997,0.0101
08.07.2019 13:31:00.000,6388.998,6391.998,6388.998,6389.998,0.0068
08.07.2019 13:32:00.000,6389.998,6396.998,6389.998,6395.998,0.0129
08.07.2019 13:33:00.000,6396.997,6399.998,6395.997,6399.997,0.0105
08.07.2019 13:34:00.000,6399.998,6403.998,6396.997,6400.998,0.0067
08.07.2019 13:35:00.000,6401.998,6403.998,6399.997,6402.998,0.0064
08.07.2019 13:36:00.000,6402.998,6402.998,6396.997,6400.998,0.0055
08.07.2019 13:37:00.000,6400.997,6400.998,6397.998,6398.997,0.0052
08.07.2019 13:38:00.000,6398.998,6402.998,6398.998,6402.998,0.0022
08.07.2019 13:39:00.000,6403.998,6403.998,6395.998,6400.997,0.0084
08.07.2019 13:40:00.000,6400.998,6402.998,6398.997,6402.997,0.0077
08.07.2019 13:41:00.000,6402.998,6402.998,6399.997,6402.997,0.0054
08.07.2019 13:42:00.000,6402.998,6404.998,6398.998,6398.998,0.0057
08.07.2019 13:43:00.000,6399.997,6399.998,6394.997,6394.998,0.0038
08.07.2019 13:44:00.000,6394.998,6395.998,6393.997,6395.997,0.0061
08.07.2019 13:45:00.000,6396.998,6398.997,6395.997,6395.997,0.0031
08.07.2019 13:46:00.000,6395.998,6395.998,6387.998,6388.998,0.0066
08.07.2019 13:47:00.000,6388.997,6388.997,6383.997,6383.998,0.0043
08.07.2019 13:48:00.000,6384.997,6389.998,6382.997,6388.998,0.0072
08.07.2019 13:49:00.000,6388.997,6388.998,6385.997,6387.997,0.0024
08.07.2019 13:50:00.000,6387.998,6391.998,6385.998,6390.998,0.0034
08.07.2019 13:51:00.000,6390.998,6392.998,6390.997,6392.998,0.0019
08.07.2019 13:52:00.000,6392.997,6392.997,6389.997,6389.998,0.0028
08.07.2019 13:53:00.000,6389.998,6389.998,6387.997,6388.998,0.0028
08.07.2019 13:54:00.000,6389.997,6394.998,6389.997,6394.998,0.003
08.07.2019 13:55:00.000,6394.998,6394.998,6388.997,6389.998,0.0036
08.07.2019 13:56:00.000,6390.998,6390.998,6387.998,6388.998,0.0018
08.07.2019 13:57:00.000,6389.998,6393.998,6389.998,6391.998,0.0047
08.07.2019 13:58:00.000,6391.997,6391.997,6388.997,6389.997,0.0022
08.07.2019 13:59:00.000,6389.997,6390.998,6386.998,6388.997,0.0055
08.07.2019 14:00:00.000,6389.997,6390.998,6388.998,6388.998,0.0008
08.07.2019 14:01:00.000,6390.997,6392.998,6390.997,6391.998,0.0013
08.07.2019 14:02:00.000,6391.998,6391.998,6389.997,6389.997,0.0055
08.07.2019 14:03:00.000,6389.998,6389.998,6389.997,6389.997,0.0018
08.07.2019 14:04:00.000,6389.998,6390.997,6387.997,6387.997,0.0038
08.07.2019 14:05:00.000,6387.998,6387.998,6383.997,6384.998,0.0015
08.07.2019 14:06:00.000,6384.997,6385.998,6382.997,6384.998,0.003
08.07.2019 14:07:00.000,6385.997,6385.998,6384.998,6384.998,0.0005
08.07.2019 14:08:00.000,6384.998,6384.998,6383.997,6384.997,0.0021
08.07.2019 14:09:00.000,6384.998,6385.998,6384.997,6384.997,0.0018
08.07.2019 14:10:00.000,6384.998,6384.998,6382.998,6383.998,0.0009
08.07.2019 14:11:00.000,6383.997,6385.998,6382.997,6382.998,0.0068
08.07.2019 14:12:00.000,6382.998,6384.998,6382.998,6384.998,0.0019
08.07.2019 14:13:00.000,6384.997,6384.998,6383.998,6384.998,0.0015
08.07.2019 14:14:00.000,6383.997,6383.998,6383.997,6383.998,0.0004
08.07.2019 14:15:00.000,6383.997,6386.998,6382.997,6385.998,0.0058
08.07.2019 14:16:00.000,6384.997,6384.998,6383.997,6383.997,0.0021
08.07.2019 14:17:00.000,6383.998,6384.998,6383.997,6383.997,0.0009
08.07.2019 14:18:00.000,6383.998,6384.998,6383.997,6384.998,0.0015
08.07.2019 14:19:00.000,6384.997,6384.998,6383.997,6384.998,0.0008
08.07.2019 14:20:00.000,6384.998,6385.998,6384.998,6385.998,0.0013
08.07.2019 14:21:00.000,6385.997,6385.998,6384.997,6384.998,0.0015
08.07.2019 14:22:00.000,6384.997,6384.998,6382.998,6384.997,0.0025
08.07.2019 14:23:00.000,6384.998,6384.998,6384.997,6384.998,0.0014
08.07.2019 14:24:00.000,6384.998,6384.998,6382.997,6382.997,0.002
08.07.2019 14:25:00.000,6382.998,6383.998,6382.997,6383.998,0.0025
08.07.2019 14:26:00.000,6383.998,6386.998,6383.997,6385.998,0.0025
08.07.2019 14:27:00.000,6384.998,6386.998,6384.998,6386.998,0.002
08.07.2019 14:28:00.000,6386.998,6390.998,6386.997,6390.998,0.0029
08.07.2019 14:29:00.000,6388.998,6390.998,6387.997,6387.998,0.0036
08.07.2019 14:30:00.000,6387.997,6389.997,6386.997,6389.997,0.0051
08.07.2019 14:31:00.000,6389.998,6389.998,6387.997,6389.998,0.004
08.07.2019 14:32:00.000,6389.997,6389.998,6389.997,6389.998,0.0009
08.07.2019 14:33:00.000,6389.997,6390.998,6389.997,6390.998,0.0048
08.07.2019 14:34:00.000,6390.997,6392.998,6390.997,6392.998,0.003
08.07.2019 14:35:00.000,6392.997,6392.998,6392.997,6392.997,0.0018
08.07.2019 14:36:00.000,6392.998,6392.998,6388.997,6388.998,0.0067
08.07.2019 14:37:00.000,6388.997,6391.998,6388.997,6391.998,0.0054
08.07.2019 14:38:00.000,6391.998,6391.998,6390.998,6391.998,0.0006
08.07.2019 14:39:00.000,6391.997,6391.998,6388.998,6388.998,0.001
08.07.2019 14:40:00.000,6388.998,6388.998,6386.998,6387.997,0.0015
08.07.2019 14:41:00.000,6387.998,6387.998,6387.997,6387.997,0.0002
08.07.2019 14:42:00.000,6387.998,6387.998,6385.998,6386.998,0.0016
08.07.2019 14:43:00.000,6385.998,6385.998,6382.997,6382.998,0.0105
08.07.2019 14:44:00.000,6382.997,6383.998,6382.997,6383.997,0.004
08.07.2019 14:45:00.000,6383.998,6384.998,6383.997,6384.998,0.0139
08.07.2019 14:46:00.000,6384.997,6385.998,6384.997,6385.998,0.0015
08.07.2019 14:47:00.000,6385.997,6385.998,6382.998,6383.998,0.0083
08.07.2019 14:48:00.000,6383.998,6384.998,6382.998,6383.998,0.0192
08.07.2019 14:49:00.000,6384.998,6384.998,6380.997,6381.997,0.0113
08.07.2019 14:50:00.000,6380.998,6381.998,6377.997,6377.997,0.0022
08.07.2019 14:51:00.000,6379.997,6381.998,6379.997,6380.998,0.0031
08.07.2019 14:52:00.000,6379.998,6379.998,6379.997,6379.998,0.0007
08.07.2019 14:53:00.000,6381.750,6382.998,6381.750,6381.998,0.002
08.07.2019 14:54:00.000,6381.997,6382.998,6381.997,6382.997,0.001
08.07.2019 14:55:00.000,6382.998,6384.998,6382.998,6384.998,0.002
08.07.2019 14:56:00.000,6384.997,6384.998,6384.997,6384.998,0.0011
08.07.2019 14:57:00.000,6384.997,6385.998,6382.997,6382.997,0.0084
08.07.2019 14:58:00.000,6382.997,6382.997,6380.997,6380.998,0.0015
08.07.2019 14:59:00.000,6380.998,6380.998,6380.997,6380.997,0.0006
08.07.2019 15:00:00.000,6380.998,6381.998,6380.997,6380.997,0.0028
08.07.2019 15:01:00.000,6380.998,6381.998,6378.997,6380.997,0.0051
08.07.2019 15:02:00.000,6380.998,6380.998,6376.997,6376.998,0.0076
08.07.2019 15:03:00.000,6376.997,6377.998,6376.997,6377.998,0.0049
08.07.2019 15:04:00.000,6377.997,6377.998,6377.997,6377.998,0.0052
08.07.2019 15:05:00.000,6377.997,6378.998,6376.997,6378.998,0.0063
08.07.2019 15:06:00.000,6378.997,6378.998,6373.997,6374.998,0.0066
08.07.2019 15:07:00.000,6374.997,6374.998,6372.997,6374.998,0.0024
08.07.2019 15:08:00.000,6373.998,6377.998,6373.997,6377.997,0.0068
08.07.2019 15:09:00.000,6377.998,6377.998,6373.998,6373.998,0.0042
08.07.2019 15:10:00.000,6373.998,6374.998,6373.997,6373.998,0.0067
08.07.2019 15:11:00.000,6373.997,6375.998,6373.997,6374.998,0.0051
08.07.2019 15:12:00.000,6374.997,6374.998,6373.997,6374.998,0.0038
08.07.2019 15:13:00.000,6374.998,6374.998,6373.997,6373.998,0.0018
08.07.2019 15:14:00.000,6373.997,6374.998,6373.997,6374.998,0.0032
08.07.2019 15:15:00.000,6374.997,6374.998,6373.997,6373.997,0.004
08.07.2019 15:16:00.000,6373.998,6375.998,6373.997,6374.998,0.0037
08.07.2019 15:17:00.000,6374.997,6374.998,6374.997,6374.998,0.0055
08.07.2019 15:18:00.000,6374.997,6374.998,6373.997,6373.997,0.0066
08.07.2019 15:19:00.000,6374.998,6375.998,6373.997,6375.997,0.003
08.07.2019 15:20:00.000,6375.998,6375.998,6373.997,6373.998,0.0057
08.07.2019 15:21:00.000,6373.997,6374.998,6373.997,6374.997,0.0033
08.07.2019 15:22:00.000,6374.998,6378.998,6374.997,6378.997,0.01
08.07.2019 15:23:00.000,6378.998,6379.998,6375.997,6378.998,0.0085
08.07.2019 15:24:00.000,6379.997,6379.998,6376.998,6377.998,0.0091
08.07.2019 15:25:00.000,6377.997,6378.998,6376.997,6376.998,0.0212
08.07.2019 15:26:00.000,6375.998,6375.998,6372.997,6374.998,0.0157
08.07.2019 15:27:00.000,6374.998,6375.998,6371.998,6373.998,0.0186
08.07.2019 15:28:00.000,6373.997,6376.998,6373.997,6376.997,0.0246
08.07.2019 15:29:00.000,6376.998,6378.998,6373.997,6377.998,0.0227
09.07.2019 07:00:00.000,6384.997,6384.997,6384.997,6384.997,0.0004
09.07.2019 07:01:00.000,6395.998,6399.998,6394.998,6396.997,0.0004
09.07.2019 07:03:00.000,6412.998,6412.998,6412.997,6412.997,0.0002
09.07.2019 07:04:00.000,6400.998,6400.998,6399.998,6400.998,0.0002
09.07.2019 07:05:00.000,6400.000,6406.998,6388.997,6397.997,0.0021
09.07.2019 07:06:00.000,6396.998,6402.998,6396.998,6402.997,0.0009
09.07.2019 07:07:00.000,6402.998,6405.998,6402.998,6405.998,0.0006
09.07.2019 07:08:00.000,6405.998,6411.998,6402.998,6402.998,0.0011
09.07.2019 07:09:00.000,6404.998,6409.998,6404.998,6405.998,0.0024
09.07.2019 07:10:00.000,6405.997,6414.998,6405.997,6414.997,0.0022
09.07.2019 07:11:00.000,6414.997,6414.997,6404.998,6407.998,0.0018
09.07.2019 07:12:00.000,6407.998,6407.998,6401.997,6403.998,0.0009
09.07.2019 07:13:00.000,6405.998,6408.998,6405.998,6408.997,0.0016
09.07.2019 07:14:00.000,6409.997,6417.998,6409.997,6415.998,0.0041
09.07.2019 07:15:00.000,6415.997,6420.998,6414.998,6419.998,0.0027
09.07.2019 07:16:00.000,6419.998,6428.998,6418.998,6428.998,0.0028
09.07.2019 07:17:00.000,6428.997,6434.998,6426.998,6431.997,0.0061
09.07.2019 07:18:00.000,6429.998,6431.997,6426.997,6430.997,0.0019
09.07.2019 07:19:00.000,6430.997,6430.997,6423.998,6423.998,0.0029
09.07.2019 07:20:00.000,6425.998,6433.998,6425.997,6430.997,0.0014
09.07.2019 07:21:00.000,6426.997,6426.998,6419.998,6422.997,0.0036
09.07.2019 07:22:00.000,6422.997,6430.998,6417.998,6425.997,0.0044
09.07.2019 07:23:00.000,6424.998,6424.998,6422.997,6422.997,0.0021
09.07.2019 07:24:00.000,6423.997,6427.998,6422.997,6427.998,0.0029
09.07.2019 07:25:00.000,6428.998,6431.998,6425.998,6425.998,0.0014
09.07.2019 07:26:00.000,6425.997,6427.998,6425.997,6425.997,0.0014
09.07.2019 07:27:00.000,6425.998,6426.998,6425.997,6425.998,0.0015
09.07.2019 07:28:00.000,6425.997,6427.998,6425.997,6427.998,0.0007
09.07.2019 07:29:00.000,6426.997,6429.998,6426.997,6427.998,0.0015
09.07.2019 07:30:00.000,6427.997,6430.998,6422.998,6424.998,0.0025
09.07.2019 07:31:00.000,6426.998,6428.998,6426.997,6428.997,0.0004
09.07.2019 07:32:00.000,6428.997,6428.997,6424.997,6424.998,0.0033
09.07.2019 07:33:00.000,6424.997,6427.998,6423.997,6427.998,0.0017
09.07.2019 07:34:00.000,6428.997,6428.997,6426.998,6427.998,0.0008
09.07.2019 07:35:00.000,6428.997,6430.998,6428.997,6430.998,0.002
09.07.2019 07:36:00.000,6431.998,6437.998,6431.997,6437.998,0.0012
09.07.2019 07:37:00.000,6437.998,6439.998,6435.997,6437.997,0.0034
09.07.2019 07:38:00.000,6438.998,6439.998,6437.997,6437.997,0.003
09.07.2019 07:39:00.000,6435.997,6442.998,6432.997,6439.998,0.0062
09.07.2019 07:40:00.000,6439.998,6441.997,6434.997,6434.997,0.0041
09.07.2019 07:41:00.000,6434.998,6435.998,6434.997,6435.998,0.0029
09.07.2019 07:42:00.000,6436.998,6441.998,6436.998,6441.998,0.002
09.07.2019 07:43:00.000,6440.998,6443.997,6437.997,6437.998,0.0058
09.07.2019 07:44:00.000,6437.997,6437.997,6432.997,6434.997,0.0031
09.07.2019 07:45:00.000,6434.998,6434.998,6426.997,6427.998,0.0029
09.07.2019 07:46:00.000,6427.997,6429.998,6425.998,6429.998,0.0024
09.07.2019 07:47:00.000,6431.997,6431.998,6424.998,6427.998,0.002
09.07.2019 07:48:00.000,6427.998,6428.998,6427.997,6427.997,0.0007
09.07.2019 07:49:00.000,6427.997,6429.998,6427.997,6429.998,0.0019
09.07.2019 07:50:00.000,6427.998,6428.998,6427.997,6428.998,0.0007
09.07.2019 07:51:00.000,6428.998,6428.998,6421.997,6421.997,0.0006
09.07.2019 07:52:00.000,6421.998,6421.998,6418.997,6419.997,0.0004
09.07.2019 07:53:00.000,6419.998,6419.998,6415.997,6416.998,0.0022
09.07.2019 07:54:00.000,6415.998,6415.998,6408.998,6408.998,0.002
09.07.2019 07:55:00.000,6408.997,6410.998,6407.998,6409.998,0.0022
09.07.2019 07:56:00.000,6409.997,6410.997,6409.997,6410.997,0.0011
09.07.2019 07:57:00.000,6410.998,6410.998,6406.998,6406.998,0.0007
09.07.2019 07:58:00.000,6405.998,6405.998,6401.998,6401.998,0.0035
09.07.2019 07:59:00.000,6401.998,6401.998,6396.998,6398.997,0.0044
09.07.2019 08:00:00.000,6398.998,6405.998,6398.998,6403.997,0.0019
09.07.2019 08:01:00.000,6403.998,6404.998,6403.997,6403.997,0.0017
09.07.2019 08:02:00.000,6404.998,6405.998,6403.997,6405.998,0.0026
09.07.2019 08:03:00.000,6404.998,6405.998,6403.997,6405.998,0.0025
09.07.2019 08:04:00.000,6405.997,6407.998,6403.998,6405.998,0.0026
09.07.2019 08:05:00.000,6405.998,6407.997,6403.998,6407.997,0.0013
09.07.2019 08:06:00.000,6407.997,6409.998,6406.997,6408.997,0.0015
09.07.2019 08:07:00.000,6408.998,6410.998,6408.998,6410.998,0.0031
09.07.2019 08:08:00.000,6410.997,6413.998,6404.997,6405.998,0.0067
09.07.2019 08:10:00.000,6404.998,6405.998,6401.997,6404.998,0.0028
09.07.2019 08:11:00.000,6404.998,6405.998,6403.997,6403.997,0.0007
09.07.2019 08:12:00.000,6404.998,6404.998,6404.997,6404.997,0.0003
09.07.2019 08:13:00.000,6404.998,6407.997,6404.997,6405.998,0.0019
09.07.2019 08:14:00.000,6405.997,6406.998,6405.997,6406.998,0.0016
09.07.2019 08:15:00.000,6405.998,6406.998,6402.997,6406.998,0.003
09.07.2019 08:16:00.000,6405.997,6406.998,6405.997,6406.998,0.001
09.07.2019 08:17:00.000,6406.998,6409.998,6406.997,6407.998,0.002
09.07.2019 08:18:00.000,6407.998,6407.998,6402.997,6403.998,0.003
09.07.2019 08:19:00.000,6404.998,6404.998,6395.998,6396.997,0.002
09.07.2019 08:20:00.000,6396.998,6401.998,6393.997,6401.998,0.0021
09.07.2019 08:21:00.000,6399.997,6400.998,6397.998,6400.998,0.0014
09.07.2019 08:22:00.000,6400.997,6400.998,6400.997,6400.998,0
09.07.2019 08:23:00.000,6400.997,6400.998,6389.997,6390.998,0.0011
09.07.2019 08:24:00.000,6390.998,6393.998,6389.997,6389.997,0.0025
09.07.2019 08:25:00.000,6390.997,6392.998,6388.997,6390.998,0.0065
09.07.2019 08:26:00.000,6390.997,6390.997,6390.997,6390.997,0.0002
09.07.2019 08:27:00.000,6390.997,6392.998,6388.997,6392.997,0.0047
09.07.2019 08:28:00.000,6392.998,6392.998,6388.997,6388.998,0.0015
09.07.2019 08:29:00.000,6388.998,6388.998,6382.998,6383.997,0.0013
09.07.2019 08:30:00.000,6381.998,6389.998,6380.998,6388.998,0.0056
09.07.2019 08:31:00.000,6388.997,6389.998,6388.997,6389.998,0.0016
09.07.2019 08:32:00.000,6388.998,6390.998,6386.998,6388.998,0.0027
09.07.2019 08:33:00.000,6388.997,6388.998,6386.997,6387.998,0.0005
09.07.2019 08:34:00.000,6386.998,6388.998,6386.998,6387.998,0.0013
09.07.2019 08:35:00.000,6387.997,6388.997,6387.997,6388.997,0.0013
09.07.2019 08:36:00.000,6390.998,6391.998,6390.997,6390.998,0.0058
09.07.2019 08:37:00.000,6390.997,6391.997,6390.997,6391.997,0.0044
09.07.2019 08:38:00.000,6391.998,6395.998,6391.998,6395.997,0.0025
09.07.2019 08:39:00.000,6395.998,6395.998,6389.997,6389.997,0.0021
09.07.2019 08:40:00.000,6389.998,6390.998,6388.998,6389.997,0.0013
09.07.2019 08:41:00.000,6389.997,6389.997,6388.997,6388.998,0.0024
09.07.2019 08:42:00.000,6388.997,6389.998,6386.997,6386.998,0.0013
09.07.2019 08:43:00.000,6387.998,6387.998,6382.997,6383.997,0.0023
09.07.2019 08:44:00.000,6383.998,6383.998,6381.997,6381.997,0.0007
09.07.2019 08:45:00.000,6382.998,6382.998,6377.997,6377.998,0.0036
09.07.2019 08:46:00.000,6377.997,6379.998,6376.997,6379.998,0.0017
09.07.2019 08:47:00.000,6379.998,6379.998,6376.998,6377.998,0.0013
09.07.2019 08:48:00.000,6378.997,6379.998,6378.997,6379.998,0.0007
09.07.2019 08:49:00.000,6380.997,6381.998,6380.997,6381.998,0.0019
09.07.2019 08:50:00.000,6380.998,6380.998,6379.998,6379.998,0.0008
09.07.2019 08:51:00.000,6379.998,6382.998,6378.997,6382.998,0.0031
09.07.2019 08:52:00.000,6383.998,6387.998,6382.998,6386.998,0.0058
09.07.2019 08:53:00.000,6386.998,6386.998,6385.997,6385.998,0.0011
09.07.2019 08:55:00.000,6387.997,6389.998,6387.997,6387.998,0.0049
09.07.2019 08:56:00.000,6389.997,6389.998,6389.997,6389.998,0.0005
09.07.2019 08:57:00.000,6389.997,6391.998,6389.997,6391.998,0.0007
09.07.2019 08:58:00.000,6391.997,6393.998,6391.997,6393.997,0.0013
09.07.2019 08:59:00.000,6393.997,6393.998,6391.998,6391.998,0.0011
09.07.2019 09:00:00.000,6391.997,6392.998,6390.997,6390.998,0.0056
09.07.2019 09:01:00.000,6390.998,6390.998,6389.997,6389.998,0.0005
09.07.2019 09:02:00.000,6390.998,6394.998,6390.998,6393.997,0.0024
09.07.2019 09:03:00.000,6393.998,6393.998,6390.998,6390.998,0.0014
09.07.2019 09:04:00.000,6390.998,6394.998,6390.997,6394.997,0.0024
09.07.2019 09:05:00.000,6394.998,6394.998,6392.998,6392.998,0.0026
09.07.2019 09:06:00.000,6392.997,6392.997,6392.997,6392.997,0.0003
09.07.2019 09:07:00.000,6392.998,6392.998,6389.998,6391.998,0.0039
09.07.2019 09:09:00.000,6391.997,6396.998,6391.997,6396.998,0.0016
09.07.2019 09:10:00.000,6396.998,6398.998,6396.997,6396.998,0.0037
09.07.2019 09:11:00.000,6396.998,6397.998,6396.997,6397.998,0.0031
09.07.2019 09:12:00.000,6397.997,6397.997,6393.997,6394.998,0.0046
09.07.2019 09:13:00.000,6395.997,6399.998,6395.997,6399.998,0.0021
09.07.2019 09:14:00.000,6400.997,6400.997,6398.997,6398.997,0.0004
09.07.2019 09:15:00.000,6398.998,6404.998,6398.998,6402.997,0.0068
09.07.2019 09:16:00.000,6402.998,6406.998,6402.997,6406.998,0.0031
09.07.2019 09:17:00.000,6406.998,6406.998,6404.997,6404.998,0.0036
09.07.2019 09:18:00.000,6404.998,6408.998,6404.998,6406.997,0.0024
09.07.2019 09:19:00.000,6406.998,6406.998,6402.998,6403.997,0.0004
09.07.2019 09:20:00.000,6404.997,6404.998,6403.997,6404.998,0.0009
09.07.2019 09:22:00.000,6404.997,6404.997,6401.997,6401.998,0.001
09.07.2019 09:23:00.000,6401.997,6401.998,6401.997,6401.998,0.0001
09.07.2019 09:24:00.000,6401.997,6402.998,6399.998,6401.998,0.0015
09.07.2019 09:26:00.000,6401.998,6401.998,6399.998,6401.998,0.0012
09.07.2019 09:27:00.000,6401.997,6412.997,6401.997,6410.998,0.009
09.07.2019 09:28:00.000,6408.998,6408.998,6401.998,6401.998,0.0043
09.07.2019 09:29:00.000,6401.997,6403.998,6401.997,6403.998,0.0019
09.07.2019 09:30:00.000,6403.997,6405.998,6403.997,6403.998,0.0046
09.07.2019 09:31:00.000,6403.997,6406.997,6401.997,6405.998,0.0069
09.07.2019 09:32:00.000,6404.998,6404.998,6404.998,6404.998,0.0001
09.07.2019 09:33:00.000,6404.997,6405.998,6404.997,6405.998,0.0025
09.07.2019 09:34:00.000,6405.998,6406.998,6401.998,6405.997,0.0051
09.07.2019 09:35:00.000,6405.998,6405.998,6394.998,6394.998,0.0039
09.07.2019 09:36:00.000,6394.997,6397.998,6392.997,6397.998,0.0032
09.07.2019 09:37:00.000,6398.998,6400.998,6398.997,6399.997,0.0024
09.07.2019 09:38:00.000,6398.998,6398.998,6398.998,6398.998,0.0001
09.07.2019 09:39:00.000,6398.997,6404.998,6398.997,6402.998,0.0074
09.07.2019 09:40:00.000,6402.997,6404.998,6402.997,6403.998,0.0032
09.07.2019 09:42:00.000,6403.997,6403.998,6402.997,6402.998,0.0016
09.07.2019 09:43:00.000,6403.998,6404.998,6402.998,6403.997,0.0008
09.07.2019 09:44:00.000,6403.998,6406.997,6400.997,6405.998,0.0029
09.07.2019 09:45:00.000,6406.997,6407.998,6406.997,6406.998,0.0013
09.07.2019 09:46:00.000,6406.997,6406.998,6406.997,6406.998,0.0002
09.07.2019 09:47:00.000,6406.998,6406.998,6403.998,6404.998,0.0021
09.07.2019 09:48:00.000,6404.997,6404.998,6404.997,6404.998,0.0015
09.07.2019 09:49:00.000,6404.997,6404.997,6398.998,6398.998,0.0045
09.07.2019 09:50:00.000,6398.997,6399.998,6397.997,6398.998,0.0012
09.07.2019 09:51:00.000,6398.997,6398.998,6393.997,6394.997,0.0033
09.07.2019 09:52:00.000,6394.998,6401.998,6394.998,6401.998,0.0047
09.07.2019 09:53:00.000,6401.998,6401.998,6399.997,6400.997,0.0014
09.07.2019 09:54:00.000,6400.998,6402.998,6400.998,6402.998,0.0011
09.07.2019 09:55:00.000,6403.998,6404.998,6402.997,6404.998,0.0032
09.07.2019 09:56:00.000,6404.998,6406.998,6403.997,6406.998,0.005
09.07.2019 09:57:00.000,6408.997,6410.998,6406.997,6410.998,0.0034
09.07.2019 09:58:00.000,6410.998,6411.998,6407.997,6409.998,0.0056
09.07.2019 09:59:00.000,6409.997,6413.998,6409.997,6413.998,0.0022
09.07.2019 10:00:00.000,6413.998,6413.998,6409.997,6409.997,0.0058
09.07.2019 10:01:00.000,6408.998,6409.998,6408.997,6408.998,0.0016
09.07.2019 10:03:00.000,6409.997,6412.998,6407.997,6412.998,0.0022
09.07.2019 10:04:00.000,6412.997,6418.998,6412.997,6417.998,0.0049
09.07.2019 10:05:00.000,6417.998,6420.998,6417.997,6417.997,0.0057
09.07.2019 10:06:00.000,6417.998,6419.998,6416.998,6418.998,0.0032
09.07.2019 10:07:00.000,6418.997,6418.998,6415.998,6416.998,0.0035
09.07.2019 10:08:00.000,6416.998,6416.998,6414.997,6414.997,0.0011
09.07.2019 10:09:00.000,6415.997,6416.997,6415.997,6415.998,0.001
09.07.2019 10:10:00.000,6414.998,6422.998,6414.997,6422.998,0.0073
09.07.2019 10:11:00.000,6420.998,6422.998,6420.997,6422.997,0.0046
09.07.2019 10:12:00.000,6422.998,6425.998,6422.997,6425.998,0.0042
09.07.2019 10:13:00.000,6425.997,6426.997,6423.997,6425.998,0.0063
09.07.2019 10:14:00.000,6425.997,6426.998,6424.998,6424.998,0.0024
09.07.2019 10:15:00.000,6424.997,6426.997,6424.997,6425.997,0.0019
09.07.2019 10:16:00.000,6425.997,6425.997,6423.997,6424.998,0.0007
09.07.2019 10:17:00.000,6424.997,6424.997,6422.997,6422.997,0.0014
09.07.2019 10:18:00.000,6422.997,6423.998,6422.997,6423.998,0.0004
09.07.2019 10:19:00.000,6424.998,6425.997,6423.997,6423.997,0.001
09.07.2019 10:20:00.000,6424.998,6426.998,6424.997,6425.997,0.0063
09.07.2019 10:21:00.000,6425.998,6425.998,6422.997,6422.998,0.0021
09.07.2019 10:22:00.000,6422.997,6422.998,6419.997,6419.997,0.0014
09.07.2019 10:23:00.000,6419.997,6419.997,6418.997,6418.997,0.0006
09.07.2019 10:24:00.000,6418.997,6420.998,6416.998,6420.998,0.0032
09.07.2019 10:25:00.000,6421.997,6423.998,6421.997,6422.998,0.0015
09.07.2019 10:26:00.000,6423.998,6423.998,6419.997,6419.998,0.002
09.07.2019 10:27:00.000,6420.998,6421.998,6419.997,6420.998,0.0023
09.07.2019 10:28:00.000,6420.997,6421.998,6420.997,6421.997,0.001
09.07.2019 10:29:00.000,6420.998,6421.998,6418.997,6421.997,0.0048
09.07.2019 10:30:00.000,6421.998,6421.998,6421.998,6421.998,0.0023
09.07.2019 10:31:00.000,6421.997,6427.998,6421.997,6425.998,0.0035
09.07.2019 10:32:00.000,6425.997,6425.997,6423.998,6424.997,0.0001
09.07.2019 10:33:00.000,6424.997,6428.500,6424.997,6424.997,0.0061
09.07.2019 10:34:00.000,6425.997,6425.998,6425.997,6425.998,0.0001
09.07.2019 10:35:00.000,6424.997,6425.997,6424.997,6425.997,0.0004
09.07.2019 10:36:00.000,6425.998,6426.998,6424.998,6425.998,0.0022
09.07.2019 10:37:00.000,6426.998,6426.998,6425.997,6425.998,0.0022
09.07.2019 10:38:00.000,6426.997,6426.998,6425.997,6425.998,0.0021
09.07.2019 10:39:00.000,6426.998,6426.998,6423.998,6424.998,0.0061
09.07.2019 10:40:00.000,6424.997,6424.998,6423.997,6424.998,0.0009
09.07.2019 10:41:00.000,6424.997,6425.998,6422.997,6425.998,0.0021
09.07.2019 10:42:00.000,6425.997,6425.998,6422.997,6423.997,0.0008
09.07.2019 10:43:00.000,6423.998,6423.998,6421.997,6422.997,0.0023
09.07.2019 10:44:00.000,6422.998,6422.998,6418.997,6418.997,0.0032
09.07.2019 10:45:00.000,6418.998,6418.998,6415.998,6416.998,0.0021
09.07.2019 10:46:00.000,6417.997,6420.998,6417.997,6419.997,0.0032
09.07.2019 10:47:00.000,6419.998,6420.998,6419.997,6420.998,0.0022
09.07.2019 10:48:00.000,6420.997,6423.997,6420.997,6423.997,0.0019
09.07.2019 10:49:00.000,6423.998,6424.997,6422.998,6423.998,0.0025
09.07.2019 10:50:00.000,6423.997,6423.998,6423.997,6423.998,0.0021
09.07.2019 10:51:00.000,6423.997,6423.998,6423.997,6423.997,0.0013
09.07.2019 10:52:00.000,6423.997,6424.998,6422.998,6423.997,0.0025
09.07.2019 10:53:00.000,6423.998,6423.998,6420.998,6421.997,0.0011
09.07.2019 10:54:00.000,6421.998,6423.997,6420.997,6422.998,0.002
09.07.2019 10:55:00.000,6422.997,6425.998,6422.997,6425.998,0.0029
09.07.2019 10:56:00.000,6425.998,6425.998,6424.997,6424.998,0.001
09.07.2019 10:57:00.000,6424.997,6426.998,6424.997,6425.998,0.0039
09.07.2019 10:58:00.000,6425.997,6426.998,6422.997,6422.998,0.0029
09.07.2019 10:59:00.000,6422.997,6422.998,6416.997,6417.998,0.0044
09.07.2019 11:00:00.000,6416.998,6416.998,6416.997,6416.997,0.0001
09.07.2019 11:02:00.000,6409.998,6415.998,6409.998,6415.998,0.0053
09.07.2019 11:03:00.000,6415.998,6415.998,6411.997,6415.998,0.006
09.07.2019 11:04:00.000,6417.997,6417.998,6414.997,6414.997,0.0073
09.07.2019 11:05:00.000,6414.998,6414.998,6410.997,6412.998,0.0055
09.07.2019 11:06:00.000,6412.997,6412.997,6410.997,6410.998,0.0008
09.07.2019 11:07:00.000,6411.997,6416.998,6411.997,6416.998,0.0039
09.07.2019 11:08:00.000,6416.998,6419.998,6416.997,6416.997,0.004
09.07.2019 11:09:00.000,6416.997,6416.997,6414.997,6414.997,0.0007
09.07.2019 11:10:00.000,6415.998,6415.998,6410.997,6410.997,0.0036
09.07.2019 11:11:00.000,6411.997,6411.998,6411.997,6411.997,0.0004
09.07.2019 11:12:00.000,6411.998,6413.998,6410.997,6413.998,0.0025
09.07.2019 11:13:00.000,6413.997,6413.998,6413.997,6413.998,0.0008
09.07.2019 11:14:00.000,6413.997,6413.997,6413.997,6413.997,0.0007
09.07.2019 11:15:00.000,6413.998,6413.998,6413.998,6413.998,0.0003
09.07.2019 11:16:00.000,6413.997,6413.998,6413.997,6413.998,0.0013
09.07.2019 11:17:00.000,6413.997,6413.997,6408.998,6409.997,0.0014
09.07.2019 11:18:00.000,6408.997,6413.998,6408.997,6413.998,0.0036
09.07.2019 11:19:00.000,6412.998,6414.998,6410.998,6412.998,0.0031
09.07.2019 11:20:00.000,6413.998,6413.998,6413.997,6413.997,0.001
09.07.2019 11:21:00.000,6413.998,6414.998,6413.998,6413.998,0.0004
09.07.2019 11:22:00.000,6414.998,6414.998,6413.998,6413.998,0.0002
09.07.2019 11:23:00.000,6411.998,6412.998,6408.997,6410.997,0.0018
09.07.2019 11:24:00.000,6410.998,6410.998,6408.998,6409.998,0.0006
09.07.2019 11:25:00.000,6410.998,6410.998,6410.997,6410.998,0.0011
09.07.2019 11:26:00.000,6411.997,6411.998,6410.997,6410.998,0.0008
09.07.2019 11:27:00.000,6411.998,6411.998,6410.998,6410.998,0.0001
09.07.2019 11:28:00.000,6410.998,6410.998,6410.997,6410.998,0.0041
09.07.2019 11:29:00.000,6412.998,6414.998,6412.997,6414.998,0.0012
09.07.2019 11:30:00.000,6413.997,6414.998,6413.997,6414.998,0.0021
09.07.2019 11:31:00.000,6414.997,6417.998,6414.997,6417.998,0.0041
09.07.2019 11:32:00.000,6417.997,6417.997,6415.998,6415.998,0.0012
09.07.2019 11:33:00.000,6415.997,6415.998,6414.997,6414.997,0.0019
09.07.2019 11:34:00.000,6414.997,6414.997,6411.997,6411.998,0.0029
09.07.2019 11:35:00.000,6409.998,6411.998,6409.997,6410.997,0.0044
09.07.2019 11:36:00.000,6410.998,6412.998,6410.997,6411.998,0.0019
09.07.2019 11:37:00.000,6412.998,6413.998,6412.997,6412.998,0.0015
09.07.2019 11:38:00.000,6412.997,6418.998,6412.997,6418.998,0.0022
09.07.2019 11:39:00.000,6418.997,6418.998,6417.997,6417.997,0.0047
09.07.2019 11:40:00.000,6417.998,6417.998,6415.997,6416.998,0.0018
09.07.2019 11:41:00.000,6416.998,6416.998,6416.997,6416.998,0.0006
09.07.2019 11:42:00.000,6416.997,6417.998,6415.997,6417.997,0.0043
09.07.2019 11:43:00.000,6417.998,6418.998,6417.997,6418.997,0.0017
09.07.2019 11:44:00.000,6419.997,6420.998,6419.997,6420.998,0.0018
09.07.2019 11:45:00.000,6420.998,6422.998,6419.997,6422.998,0.003
09.07.2019 11:46:00.000,6423.998,6424.998,6422.998,6424.998,0.0047
09.07.2019 11:47:00.000,6424.997,6424.998,6423.998,6424.998,0.0016
09.07.2019 11:48:00.000,6424.997,6424.998,6422.997,6423.998,0.003
09.07.2019 11:49:00.000,6424.998,6424.998,6424.997,6424.998,0.0016
09.07.2019 11:50:00.000,6424.997,6424.997,6424.997,6424.997,0.0004
09.07.2019 11:52:00.000,6424.997,6424.997,6422.998,6424.997,0.0008
09.07.2019 11:53:00.000,6424.997,6428.998,6424.997,6426.997,0.0033
09.07.2019 11:54:00.000,6426.998,6426.998,6426.997,6426.997,0.0005
09.07.2019 11:55:00.000,6424.998,6428.998,6424.997,6427.998,0.007
09.07.2019 11:56:00.000,6428.997,6428.998,6427.997,6428.997,0.0013
09.07.2019 11:57:00.000,6428.997,6428.997,6426.998,6426.998,0.0015
09.07.2019 11:58:00.000,6425.997,6426.998,6422.998,6422.998,0.0033
09.07.2019 11:59:00.000,6422.998,6422.998,6422.998,6422.998,0.0004
09.07.2019 12:00:00.000,6422.997,6422.998,6421.997,6421.998,0.0013
09.07.2019 12:01:00.000,6423.998,6423.998,6417.998,6419.998,0.0074
09.07.2019 12:02:00.000,6419.997,6425.998,6417.998,6425.998,0.0044
09.07.2019 12:03:00.000,6425.997,6425.997,6423.998,6423.998,0.0012
09.07.2019 12:04:00.000,6423.997,6424.997,6423.997,6424.997,0.0023
09.07.2019 12:05:00.000,6424.998,6426.998,6424.997,6425.998,0.0046
09.07.2019 12:06:00.000,6425.997,6426.998,6425.997,6425.998,0.0012
09.07.2019 12:07:00.000,6425.997,6425.998,6424.997,6424.998,0.0022
09.07.2019 12:08:00.000,6426.750,6426.998,6424.997,6424.997,0.0011
09.07.2019 12:09:00.000,6425.997,6426.998,6424.998,6424.998,0.0006
09.07.2019 12:10:00.000,6422.997,6422.998,6420.997,6421.997,0.0017
09.07.2019 12:11:00.000,6420.998,6420.998,6419.998,6420.998,0.0005
09.07.2019 12:12:00.000,6420.997,6420.997,6416.997,6416.997,0.0016
09.07.2019 12:13:00.000,6416.998,6417.997,6416.997,6416.997,0.002
09.07.2019 12:14:00.000,6417.997,6417.998,6417.997,6417.997,0.0004
09.07.2019 12:15:00.000,6417.998,6420.998,6417.998,6420.998,0.0014
09.07.2019 12:16:00.000,6418.998,6419.998,6417.998,6417.998,0.001
09.07.2019 12:17:00.000,6418.998,6419.998,6417.998,6419.998,0.0019
09.07.2019 12:18:00.000,6420.997,6421.998,6420.997,6421.998,0.0015
09.07.2019 12:19:00.000,6420.998,6420.998,6416.997,6418.998,0.0038
09.07.2019 12:20:00.000,6419.998,6420.998,6417.997,6419.998,0.0025
09.07.2019 12:21:00.000,6420.998,6422.998,6420.998,6422.998,0.0017
09.07.2019 12:22:00.000,6420.998,6421.998,6420.998,6421.998,0.0023
09.07.2019 12:23:00.000,6422.997,6423.998,6422.997,6423.997,0.0023
09.07.2019 12:24:00.000,6423.997,6423.997,6419.998,6419.998,0.003
09.07.2019 12:25:00.000,6419.998,6419.998,6415.998,6417.997,0.0022
09.07.2019 12:26:00.000,6415.998,6415.998,6415.997,6415.997,0.0014
09.07.2019 12:27:00.000,6415.998,6417.998,6415.997,6415.998,0.0051
09.07.2019 12:28:00.000,6415.997,6415.998,6415.997,6415.998,0.0016
09.07.2019 12:29:00.000,6415.997,6418.998,6415.997,6418.997,0.0036
09.07.2019 12:30:00.000,6418.998,6420.998,6417.997,6420.998,0.0055
09.07.2019 12:31:00.000,6420.998,6420.998,6415.997,6415.998,0.0027
09.07.2019 12:32:00.000,6416.998,6417.998,6415.998,6417.997,0.0011
09.07.2019 12:33:00.000,6417.998,6418.998,6417.997,6417.998,0.0026
09.07.2019 12:34:00.000,6417.998,6419.998,6414.998,6415.998,0.0021
09.07.2019 12:35:00.000,6415.997,6415.998,6413.997,6413.997,0.0013
09.07.2019 12:36:00.000,6412.998,6414.998,6412.998,6412.998,0.0037
09.07.2019 12:37:00.000,6412.997,6412.998,6410.998,6412.998,0.0011
09.07.2019 12:38:00.000,6412.997,6413.998,6411.998,6412.997,0.0007
09.07.2019 12:39:00.000,6413.997,6413.998,6413.997,6413.998,0.0008
09.07.2019 12:40:00.000,6413.998,6413.998,6413.997,6413.998,0.0003
09.07.2019 12:41:00.000,6413.750,6413.750,6410.997,6410.998,0.0029
09.07.2019 12:42:00.000,6408.998,6413.998,6408.997,6412.998,0.0096
09.07.2019 12:43:00.000,6412.998,6412.998,6410.997,6410.997,0.0062
09.07.2019 12:44:00.000,6410.998,6412.997,6410.997,6412.997,0.0019
09.07.2019 12:45:00.000,6412.998,6412.998,6409.997,6409.998,0.0044
09.07.2019 12:46:00.000,6409.997,6410.998,6408.997,6410.998,0.0063
09.07.2019 12:47:00.000,6409.998,6410.997,6404.998,6406.998,0.0024
09.07.2019 12:48:00.000,6406.998,6407.998,6404.997,6407.998,0.0029
09.07.2019 12:49:00.000,6407.998,6407.998,6401.997,6401.998,0.0048
09.07.2019 12:50:00.000,6399.998,6400.998,6398.997,6400.998,0.0034
09.07.2019 12:51:00.000,6401.998,6404.998,6401.998,6404.998,0.0039
09.07.2019 12:52:00.000,6402.998,6402.998,6400.998,6401.998,0.0034
09.07.2019 12:53:00.000,6402.998,6402.998,6401.998,6402.998,0.0012
09.07.2019 12:54:00.000,6404.750,6405.998,6404.750,6405.997,0.003
09.07.2019 12:55:00.000,6406.998,6414.998,6406.998,6413.998,0.0042
09.07.2019 12:56:00.000,6415.997,6416.998,6413.998,6415.997,0.0049
09.07.2019 12:57:00.000,6414.998,6416.998,6413.998,6414.998,0.0025
09.07.2019 12:58:00.000,6414.997,6415.998,6414.997,6414.998,0.0081
09.07.2019 12:59:00.000,6413.997,6414.998,6413.997,6413.998,0.0032
09.07.2019 13:00:00.000,6414.997,6414.998,6414.997,6414.998,0.0016
09.07.2019 13:01:00.000,6414.998,6414.998,6410.998,6411.998,0.0021
09.07.2019 13:02:00.000,6412.998,6412.998,6411.997,6412.997,0.0033
09.07.2019 13:03:00.000,6412.998,6412.998,6406.997,6406.998,0.0036
09.07.2019 13:04:00.000,6406.998,6406.998,6404.997,6404.998,0.0008
09.07.2019 13:05:00.000,6404.997,6410.998,6403.998,6410.998,0.0029
09.07.2019 13:06:00.000,6410.998,6412.998,6409.997,6412.998,0.0042
09.07.2019 13:07:00.000,6411.997,6411.997,6410.997,6410.998,0.0009
09.07.2019 13:08:00.000,6410.998,6410.998,6408.997,6410.998,0.0008
09.07.2019 13:09:00.000,6411.997,6411.998,6410.997,6410.997,0.002
09.07.2019 13:10:00.000,6411.998,6413.998,6408.998,6413.998,0.0066
09.07.2019 13:11:00.000,6412.997,6413.998,6409.997,6411.998,0.0037
09.07.2019 13:12:00.000,6412.998,6414.998,6412.998,6413.998,0.0005
09.07.2019 13:13:00.000,6413.998,6413.998,6412.997,6412.998,0.0019
09.07.2019 13:14:00.000,6413.998,6413.998,6412.997,6412.998,0.0013
09.07.2019 13:15:00.000,6412.997,6413.998,6412.997,6413.998,0.0008
09.07.2019 13:16:00.000,6413.500,6413.500,6410.997,6411.998,0.0015
09.07.2019 13:17:00.000,6411.997,6411.997,6409.997,6409.997,0.0012
09.07.2019 13:18:00.000,6409.998,6409.998,6405.998,6409.997,0.0045
09.07.2019 13:19:00.000,6409.998,6409.998,6409.997,6409.998,0.0006
09.07.2019 13:20:00.000,6409.750,6409.998,6407.997,6409.998,0.0038
09.07.2019 13:21:00.000,6409.998,6412.998,6409.997,6409.998,0.0029
09.07.2019 13:22:00.000,6409.997,6409.998,6407.998,6408.997,0.0019
09.07.2019 13:23:00.000,6409.998,6410.998,6409.997,6409.998,0.0044
09.07.2019 13:24:00.000,6409.997,6412.998,6409.997,6412.998,0.0027
09.07.2019 13:25:00.000,6412.997,6415.998,6412.997,6415.997,0.0089
09.07.2019 13:26:00.000,6415.998,6416.998,6413.998,6416.997,0.0071
09.07.2019 13:27:00.000,6416.998,6416.998,6415.997,6416.998,0.0036
09.07.2019 13:28:00.000,6416.998,6416.998,6413.998,6414.998,0.0023
09.07.2019 13:29:00.000,6414.998,6414.998,6411.997,6414.997,0.0025
09.07.2019 13:30:00.000,6414.998,6416.998,6414.997,6415.998,0.0063
09.07.2019 13:31:00.000,6415.997,6416.998,6414.998,6416.998,0.0055
09.07.2019 13:32:00.000,6416.998,6423.998,6416.998,6420.997,0.0155
09.07.2019 13:33:00.000,6421.998,6421.998,6420.997,6421.997,0.001
09.07.2019 13:34:00.000,6421.998,6422.998,6417.998,6422.998,0.0057
09.07.2019 13:35:00.000,6423.998,6427.998,6423.997,6427.998,0.0105
09.07.2019 13:36:00.000,6427.997,6427.998,6424.998,6427.998,0.0066
09.07.2019 13:37:00.000,6427.997,6427.997,6420.997,6420.998,0.0058
09.07.2019 13:38:00.000,6420.998,6427.998,6420.998,6426.998,0.0034
09.07.2019 13:39:00.000,6426.997,6426.998,6424.997,6424.997,0.0079
09.07.2019 13:40:00.000,6424.997,6429.998,6424.997,6429.997,0.0128
09.07.2019 13:41:00.000,6430.998,6434.998,6429.997,6434.998,0.0116
09.07.2019 13:42:00.000,6434.998,6437.998,6433.998,6437.998,0.0098
09.07.2019 13:43:00.000,6437.997,6443.998,6437.997,6440.998,0.0161
09.07.2019 13:44:00.000,6440.997,6444.998,6440.997,6444.998,0.0041
09.07.2019 13:45:00.000,6444.997,6446.998,6442.998,6442.998,0.0065
09.07.2019 13:46:00.000,6442.997,6444.998,6440.997,6440.998,0.0052
09.07.2019 13:47:00.000,6440.998,6440.998,6435.997,6435.998,0.0035
09.07.2019 13:48:00.000,6435.998,6436.998,6434.997,6435.998,0.0052
09.07.2019 13:49:00.000,6434.998,6440.998,6433.998,6440.998,0.0058
09.07.2019 13:50:00.000,6440.997,6440.998,6434.997,6434.997,0.0035
09.07.2019 13:51:00.000,6434.998,6435.998,6432.997,6432.998,0.0051
09.07.2019 13:52:00.000,6432.998,6437.998,6432.997,6437.998,0.0036
09.07.2019 13:53:00.000,6436.998,6436.998,6434.998,6436.998,0.0019
09.07.2019 13:54:00.000,6436.997,6438.998,6435.997,6438.998,0.0029
09.07.2019 13:55:00.000,6438.997,6442.998,6438.997,6440.998,0.0043
09.07.2019 13:56:00.000,6441.997,6444.997,6441.997,6443.998,0.0036
09.07.2019 13:57:00.000,6443.997,6443.998,6441.997,6441.998,0.0046
09.07.2019 13:58:00.000,6441.997,6441.998,6439.997,6440.998,0.0048
09.07.2019 13:59:00.000,6441.998,6441.998,6436.997,6438.998,0.0053
09.07.2019 14:00:00.000,6438.997,6440.998,6437.998,6439.998,0.0064
09.07.2019 14:01:00.000,6439.998,6441.998,6438.997,6441.997,0.0032
09.07.2019 14:02:00.000,6441.998,6442.998,6441.997,6441.998,0.004
09.07.2019 14:03:00.000,6441.997,6445.998,6441.997,6444.998,0.0068
09.07.2019 14:04:00.000,6444.997,6448.998,6444.997,6445.998,0.0044
09.07.2019 14:05:00.000,6445.997,6446.998,6445.997,6446.997,0.0128
09.07.2019 14:06:00.000,6446.998,6446.998,6439.998,6439.998,0.0046
09.07.2019 14:07:00.000,6439.997,6443.998,6439.997,6443.998,0.0059
09.07.2019 14:08:00.000,6443.997,6446.998,6443.997,6443.998,0.0053
09.07.2019 14:09:00.000,6443.997,6443.997,6439.997,6441.997,0.0033
09.07.2019 14:10:00.000,6441.997,6441.998,6438.997,6438.998,0.0015
09.07.2019 14:11:00.000,6437.998,6441.998,6437.997,6439.998,0.0034
09.07.2019 14:12:00.000,6439.998,6440.998,6438.997,6438.998,0.0022
09.07.2019 14:13:00.000,6439.998,6439.998,6439.998,6439.998,0.0007
09.07.2019 14:14:00.000,6439.998,6439.998,6435.997,6436.997,0.0032
09.07.2019 14:15:00.000,6435.998,6437.998,6434.997,6434.997,0.0047
09.07.2019 14:16:00.000,6434.997,6434.997,6431.997,6433.998,0.0027
09.07.2019 14:17:00.000,6433.998,6433.998,6433.997,6433.998,0.0005
09.07.2019 14:18:00.000,6433.997,6433.997,6429.997,6430.998,0.0058
09.07.2019 14:19:00.000,6431.998,6431.998,6430.997,6430.997,0.0008
09.07.2019 14:20:00.000,6430.998,6430.998,6427.997,6430.998,0.0081
09.07.2019 14:21:00.000,6430.997,6430.997,6429.997,6429.998,0.0011
09.07.2019 14:22:00.000,6430.997,6430.998,6429.997,6429.998,0.0026
09.07.2019 14:23:00.000,6430.998,6430.998,6427.998,6429.998,0.0031
09.07.2019 14:24:00.000,6429.998,6429.998,6426.997,6426.998,0.0013
09.07.2019 14:25:00.000,6427.998,6427.998,6426.997,6427.998,0.0054
09.07.2019 14:26:00.000,6425.998,6427.998,6425.997,6427.997,0.0022
09.07.2019 14:27:00.000,6426.998,6427.998,6426.997,6426.998,0.0015
09.07.2019 14:28:00.000,6426.998,6426.998,6420.997,6420.998,0.0039
09.07.2019 14:29:00.000,6420.998,6424.998,6420.998,6424.997,0.0038
09.07.2019 14:30:00.000,6424.998,6424.998,6422.998,6423.998,0.0009
09.07.2019 14:31:00.000,6423.997,6423.998,6421.997,6422.997,0.0009
09.07.2019 14:32:00.000,6422.998,6423.998,6422.998,6423.997,0.0019
09.07.2019 14:33:00.000,6423.998,6423.998,6423.998,6423.998,0.0002
09.07.2019 14:34:00.000,6423.998,6423.998,6422.997,6423.997,0.0024
09.07.2019 14:35:00.000,6423.997,6423.998,6422.997,6422.997,0.0066
09.07.2019 14:37:00.000,6422.997,6422.997,6420.997,6421.998,0.0023
09.07.2019 14:38:00.000,6421.998,6421.998,6419.997,6420.998,0.0022
09.07.2019 14:40:00.000,6420.997,6420.998,6419.998,6419.998,0.0008
09.07.2019 14:41:00.000,6418.998,6423.998,6418.997,6422.998,0.0039
09.07.2019 14:42:00.000,6422.997,6424.998,6422.997,6422.998,0.0042
09.07.2019 14:43:00.000,6422.997,6423.998,6422.997,6422.998,0.0075
09.07.2019 14:44:00.000,6423.998,6428.997,6423.997,6427.998,0.0064
09.07.2019 14:45:00.000,6427.997,6427.998,6426.997,6426.998,0.0048
09.07.2019 14:46:00.000,6426.997,6429.998,6426.997,6429.997,0.0046
09.07.2019 14:47:00.000,6429.997,6429.998,6427.998,6429.998,0.006
09.07.2019 14:48:00.000,6429.997,6429.998,6427.997,6427.998,0.0096
09.07.2019 14:49:00.000,6427.998,6428.998,6427.998,6427.998,0.0009
09.07.2019 14:50:00.000,6427.997,6429.998,6425.998,6429.998,0.0044
09.07.2019 14:51:00.000,6429.997,6429.997,6427.997,6428.998,0.0067
09.07.2019 14:52:00.000,6428.997,6435.998,6428.997,6434.998,0.0095
09.07.2019 14:53:00.000,6434.997,6434.997,6433.997,6433.998,0.0049
09.07.2019 14:54:00.000,6433.997,6433.998,6431.998,6433.997,0.0054
09.07.2019 14:55:00.000,6433.998,6433.998,6430.997,6430.998,0.004
09.07.2019 14:56:00.000,6431.998,6432.998,6430.998,6430.998,0.0013
09.07.2019 14:57:00.000,6430.750,6430.750,6428.997,6429.997,0.004
09.07.2019 14:58:00.000,6429.998,6429.998,6428.997,6428.998,0.0039
09.07.2019 14:59:00.000,6428.998,6430.998,6428.998,6429.997,0.0077
09.07.2019 15:00:00.000,6430.998,6431.998,6428.998,6428.998,0.0039
09.07.2019 15:01:00.000,6429.997,6430.998,6428.997,6430.998,0.015
09.07.2019 15:02:00.000,6430.997,6430.998,6430.997,6430.998,0.0053
09.07.2019 15:03:00.000,6431.997,6432.998,6430.997,6430.998,0.0119
09.07.2019 15:04:00.000,6430.997,6430.998,6427.997,6430.998,0.0084
09.07.2019 15:05:00.000,6429.997,6429.998,6427.997,6429.998,0.0074
09.07.2019 15:06:00.000,6429.998,6429.998,6427.997,6428.997,0.0057
09.07.2019 15:07:00.000,6428.998,6430.750,6428.997,6428.998,0.0078
09.07.2019 15:08:00.000,6429.997,6430.997,6426.997,6428.998,0.0087
09.07.2019 15:09:00.000,6428.997,6428.997,6425.998,6426.998,0.0027
09.07.2019 15:10:00.000,6426.998,6428.998,6426.998,6428.997,0.0061
09.07.2019 15:11:00.000,6428.998,6428.998,6428.997,6428.998,0.007
09.07.2019 15:12:00.000,6428.997,6430.997,6427.997,6429.998,0.011
09.07.2019 15:13:00.000,6429.998,6430.998,6429.997,6430.997,0.006
09.07.2019 15:14:00.000,6430.997,6430.997,6427.997,6428.998,0.0067
09.07.2019 15:15:00.000,6428.997,6429.998,6428.997,6429.998,0.0063
09.07.2019 15:16:00.000,6429.997,6429.997,6427.997,6428.997,0.0128
09.07.2019 15:17:00.000,6428.998,6428.998,6427.997,6427.998,0.0024
09.07.2019 15:18:00.000,6427.998,6428.998,6427.997,6427.998,0.0039
09.07.2019 15:19:00.000,6427.997,6427.998,6427.997,6427.998,0.0017
09.07.2019 15:20:00.000,6427.997,6427.998,6427.997,6427.997,0.0049
09.07.2019 15:21:00.000,6427.998,6428.998,6426.997,6426.998,0.0048
09.07.2019 15:22:00.000,6426.998,6426.998,6423.998,6423.998,0.0045
09.07.2019 15:23:00.000,6423.997,6424.998,6422.997,6424.997,0.0055
09.07.2019 15:24:00.000,6424.998,6424.998,6422.997,6423.998,0.0079
09.07.2019 15:25:00.000,6422.997,6425.998,6422.997,6425.998,0.0085
09.07.2019 15:26:00.000,6425.998,6426.998,6424.997,6424.997,0.0101
09.07.2019 15:27:00.000,6424.998,6425.998,6423.998,6424.997,0.0032
09.07.2019 15:28:00.000,6424.998,6426.998,6424.997,6425.998,0.0052
09.07.2019 15:29:00.000,6426.997,6427.998,6425.997,6426.998,0.0116
10.07.2019 07:00:00.000,6408.998,6410.998,6369.998,6369.998,0.0013
10.07.2019 07:01:00.000,6369.997,6369.997,6369.997,6369.997,0.0001
10.07.2019 07:02:00.000,6378.998,6378.998,6378.997,6378.997,0
10.07.2019 07:03:00.000,6373.998,6373.998,6373.997,6373.997,0.0001
10.07.2019 07:04:00.000,6386.998,6386.998,6383.997,6383.997,0.0001
10.07.2019 07:05:00.000,6376.998,6377.998,6376.997,6377.998,0.0005
10.07.2019 07:06:00.000,6377.998,6377.998,6367.998,6376.998,0.0024
10.07.2019 07:07:00.000,6376.998,6381.997,6376.997,6380.997,0.0023
10.07.2019 07:08:00.000,6382.998,6384.998,6365.998,6375.998,0.0037
10.07.2019 07:09:00.000,6375.998,6390.998,6369.998,6390.998,0.0026
10.07.2019 07:10:00.000,6390.998,6391.998,6384.997,6384.998,0.0016
10.07.2019 07:11:00.000,6384.998,6385.998,6380.997,6385.998,0.0022
10.07.2019 07:12:00.000,6385.998,6393.998,6385.998,6393.998,0.0032
10.07.2019 07:13:00.000,6389.998,6390.998,6383.997,6384.998,0.0018
10.07.2019 07:14:00.000,6383.998,6389.998,6383.998,6386.998,0.0048
10.07.2019 07:15:00.000,6388.997,6394.998,6386.998,6391.998,0.0016
10.07.2019 07:16:00.000,6391.997,6398.998,6389.997,6393.998,0.0047
10.07.2019 07:17:00.000,6393.997,6394.997,6386.997,6390.998,0.0038
10.07.2019 07:18:00.000,6393.997,6393.998,6389.998,6390.998,0.0017
10.07.2019 07:19:00.000,6392.998,6395.998,6391.997,6394.998,0.0023
10.07.2019 07:20:00.000,6394.997,6401.997,6391.997,6400.998,0.0042
10.07.2019 07:21:00.000,6400.997,6406.998,6399.997,6405.997,0.004
10.07.2019 07:22:00.000,6405.998,6408.998,6404.997,6404.998,0.001
10.07.2019 07:23:00.000,6404.998,6408.997,6404.997,6406.998,0.0014
10.07.2019 07:24:00.000,6406.998,6409.998,6405.998,6405.998,0.0009
10.07.2019 07:25:00.000,6405.998,6408.998,6404.997,6404.998,0.0021
10.07.2019 07:26:00.000,6404.998,6409.998,6404.998,6405.998,0.0023
10.07.2019 07:27:00.000,6407.998,6410.998,6404.998,6410.997,0.0028
10.07.2019 07:28:00.000,6410.998,6414.997,6407.998,6413.997,0.004
10.07.2019 07:29:00.000,6413.998,6417.998,6413.998,6414.998,0.0037
10.07.2019 07:30:00.000,6414.998,6416.998,6408.998,6409.997,0.0065
10.07.2019 07:31:00.000,6410.997,6412.998,6410.997,6411.997,0.0041
10.07.2019 07:32:00.000,6411.998,6412.998,6409.997,6410.998,0.0018
10.07.2019 07:33:00.000,6412.998,6414.998,6411.997,6414.998,0.0011
10.07.2019 07:34:00.000,6414.998,6416.998,6413.997,6416.998,0.0025
10.07.2019 07:35:00.000,6416.998,6416.998,6411.997,6411.998,0.001
10.07.2019 07:36:00.000,6411.998,6413.998,6410.998,6413.998,0.0023
10.07.2019 07:37:00.000,6413.997,6415.998,6413.997,6414.998,0.0022
10.07.2019 07:38:00.000,6415.998,6416.997,6413.998,6415.998,0.0013
10.07.2019 07:39:00.000,6415.998,6415.998,6411.998,6413.997,0.0012
10.07.2019 07:40:00.000,6413.998,6418.998,6413.998,6414.998,0.0024
10.07.2019 07:41:00.000,6414.998,6414.998,6404.998,6404.998,0.0021
10.07.2019 07:42:00.000,6404.997,6404.997,6395.998,6402.998,0.0088
10.07.2019 07:43:00.000,6401.997,6409.998,6401.997,6406.998,0.004
10.07.2019 07:44:00.000,6406.998,6409.997,6404.997,6409.997,0.0027
10.07.2019 07:45:00.000,6409.997,6415.998,6407.998,6413.998,0.0058
10.07.2019 07:46:00.000,6414.998,6415.998,6412.997,6414.998,0.0019
10.07.2019 07:47:00.000,6414.997,6416.998,6414.997,6414.998,0.001
10.07.2019 07:48:00.000,6414.997,6414.997,6408.997,6411.998,0.0041
10.07.2019 07:49:00.000,6408.998,6410.998,6405.998,6410.998,0.003
10.07.2019 07:50:00.000,6410.997,6411.998,6408.997,6408.998,0.0015
10.07.2019 07:51:00.000,6407.997,6412.750,6406.998,6410.997,0.004
10.07.2019 07:52:00.000,6410.998,6410.998,6408.997,6408.997,0.0005
10.07.2019 07:53:00.000,6407.997,6408.998,6407.997,6408.997,0.0004
10.07.2019 07:54:00.000,6408.998,6408.998,6404.997,6407.998,0.004
10.07.2019 07:55:00.000,6407.997,6408.998,6407.997,6407.998,0.004
10.07.2019 07:56:00.000,6407.997,6409.997,6407.997,6407.997,0.0053
10.07.2019 07:57:00.000,6407.998,6407.998,6405.998,6407.998,0.0028
10.07.2019 07:58:00.000,6408.998,6408.998,6399.997,6400.998,0.002
10.07.2019 07:59:00.000,6400.997,6402.998,6399.997,6402.998,0.0045
10.07.2019 08:00:00.000,6402.997,6403.998,6401.997,6403.997,0.0034
10.07.2019 08:01:00.000,6403.998,6404.998,6400.997,6400.998,0.0022
10.07.2019 08:02:00.000,6400.997,6400.998,6393.998,6395.998,0.0036
10.07.2019 08:03:00.000,6397.997,6398.998,6396.997,6397.998,0.002
10.07.2019 08:04:00.000,6397.998,6397.998,6395.997,6395.997,0.0014
10.07.2019 08:05:00.000,6395.998,6398.998,6395.998,6397.998,0.0035
10.07.2019 08:06:00.000,6397.997,6401.997,6397.997,6399.998,0.0041
10.07.2019 08:07:00.000,6399.997,6399.998,6397.998,6399.998,0.0016
10.07.2019 08:08:00.000,6400.998,6400.998,6397.998,6397.998,0.0029
10.07.2019 08:09:00.000,6396.998,6397.998,6395.997,6395.998,0.0011
10.07.2019 08:10:00.000,6395.998,6396.998,6392.997,6392.997,0.0013
10.07.2019 08:11:00.000,6392.998,6392.998,6389.997,6390.997,0.0028
10.07.2019 08:12:00.000,6390.998,6392.998,6390.997,6392.998,0.0024
10.07.2019 08:13:00.000,6392.997,6393.998,6392.997,6392.998,0.001
10.07.2019 08:14:00.000,6392.997,6392.998,6387.998,6389.998,0.0037
10.07.2019 08:15:00.000,6390.997,6393.998,6388.997,6393.997,0.0048
10.07.2019 08:16:00.000,6393.998,6394.998,6391.998,6392.998,0.0018
10.07.2019 08:17:00.000,6392.998,6393.998,6391.997,6391.998,0.0051
10.07.2019 08:18:00.000,6392.998,6396.997,6392.997,6394.997,0.0051
10.07.2019 08:19:00.000,6394.998,6394.998,6391.997,6391.998,0.0011
10.07.2019 08:20:00.000,6391.998,6391.998,6386.997,6389.998,0.0032
10.07.2019 08:21:00.000,6388.998,6390.998,6386.998,6390.997,0.0062
10.07.2019 08:22:00.000,6390.998,6390.998,6384.998,6385.998,0.0019
10.07.2019 08:23:00.000,6385.998,6387.998,6382.997,6386.998,0.0042
10.07.2019 08:24:00.000,6386.998,6391.998,6386.998,6391.998,0.0026
10.07.2019 08:25:00.000,6391.998,6392.998,6391.997,6391.998,0.006
10.07.2019 08:26:00.000,6393.998,6393.998,6392.997,6392.998,0.0014
10.07.2019 08:27:00.000,6392.997,6393.998,6390.998,6393.998,0.0022
10.07.2019 08:28:00.000,6393.997,6393.998,6391.998,6391.998,0.001
10.07.2019 08:29:00.000,6391.997,6393.998,6391.997,6392.998,0.0029
10.07.2019 08:30:00.000,6392.998,6392.998,6390.998,6392.998,0.0035
10.07.2019 08:31:00.000,6393.998,6394.998,6393.997,6393.997,0.0019
10.07.2019 08:32:00.000,6393.998,6397.998,6393.998,6397.997,0.0023
10.07.2019 08:33:00.000,6397.998,6397.998,6396.998,6397.998,0.002
10.07.2019 08:34:00.000,6396.998,6397.998,6396.997,6396.997,0.0019
10.07.2019 08:35:00.000,6396.998,6396.998,6393.997,6393.998,0.0006
10.07.2019 08:36:00.000,6393.998,6393.998,6390.997,6392.998,0.0029
10.07.2019 08:37:00.000,6392.997,6392.997,6389.997,6390.998,0.0014
10.07.2019 08:38:00.000,6390.997,6390.998,6387.997,6388.997,0.0014
10.07.2019 08:39:00.000,6388.998,6393.998,6384.997,6392.998,0.0123
10.07.2019 08:40:00.000,6392.997,6392.998,6389.997,6390.998,0.0068
10.07.2019 08:41:00.000,6391.997,6393.998,6389.998,6393.998,0.0039
10.07.2019 08:42:00.000,6393.998,6395.998,6393.997,6393.998,0.0044
10.07.2019 08:44:00.000,6395.997,6395.997,6391.998,6392.750,0.0033
10.07.2019 08:45:00.000,6391.998,6393.998,6391.997,6393.997,0.0042
10.07.2019 08:46:00.000,6391.997,6392.998,6391.997,6392.998,0.0064
10.07.2019 08:47:00.000,6392.997,6392.997,6389.998,6389.998,0.0036
10.07.2019 08:48:00.000,6389.997,6390.998,6388.997,6390.998,0.0011
10.07.2019 08:49:00.000,6390.997,6391.998,6388.998,6390.998,0.0015
10.07.2019 08:50:00.000,6390.997,6393.998,6389.997,6393.998,0.0023
10.07.2019 08:51:00.000,6392.998,6392.998,6389.997,6389.998,0.0032
10.07.2019 08:52:00.000,6389.998,6389.998,6387.997,6387.997,0.0009
10.07.2019 08:53:00.000,6387.998,6388.998,6386.997,6386.998,0.0039
10.07.2019 08:54:00.000,6386.998,6388.997,6385.997,6387.998,0.0048
10.07.2019 08:55:00.000,6387.997,6389.998,6386.998,6389.998,0.0027
10.07.2019 08:56:00.000,6389.998,6389.998,6387.998,6387.998,0.0014
10.07.2019 08:57:00.000,6388.998,6390.998,6386.997,6387.998,0.004
10.07.2019 08:58:00.000,6387.998,6387.998,6386.997,6386.998,0.0012
10.07.2019 08:59:00.000,6387.998,6387.998,6387.997,6387.997,0.0004
10.07.2019 09:00:00.000,6387.998,6388.998,6387.997,6387.998,0.0015
10.07.2019 09:01:00.000,6387.998,6387.998,6386.997,6386.998,0.001
10.07.2019 09:02:00.000,6385.998,6386.998,6384.997,6385.997,0.0016
10.07.2019 09:03:00.000,6385.998,6387.998,6383.998,6387.998,0.0034
10.07.2019 09:04:00.000,6388.997,6388.997,6385.998,6385.998,0.003
10.07.2019 09:05:00.000,6385.997,6388.998,6385.997,6386.998,0.0032
10.07.2019 09:06:00.000,6387.997,6391.998,6387.997,6391.998,0.0038
10.07.2019 09:07:00.000,6391.998,6391.998,6390.998,6390.998,0.0004
10.07.2019 09:08:00.000,6391.998,6392.998,6391.997,6392.998,0.0013
10.07.2019 09:09:00.000,6392.998,6396.998,6391.997,6391.997,0.0106
10.07.2019 09:10:00.000,6391.998,6391.998,6388.997,6389.998,0.0041
10.07.2019 09:11:00.000,6389.998,6391.998,6387.997,6391.997,0.0036
10.07.2019 09:12:00.000,6391.998,6391.998,6390.998,6390.998,0.002
10.07.2019 09:13:00.000,6392.998,6392.998,6391.997,6391.998,0.0019
10.07.2019 09:14:00.000,6391.997,6398.998,6389.997,6398.998,0.0053
10.07.2019 09:15:00.000,6398.998,6399.998,6396.998,6399.998,0.0023
10.07.2019 09:16:00.000,6400.997,6402.998,6400.997,6401.998,0.0084
10.07.2019 09:17:00.000,6401.997,6406.998,6401.997,6405.997,0.0054
10.07.2019 09:18:00.000,6405.998,6409.998,6405.997,6409.998,0.0042
10.07.2019 09:19:00.000,6410.997,6412.998,6407.997,6411.998,0.0073
10.07.2019 09:20:00.000,6411.997,6411.997,6407.997,6407.998,0.0018
10.07.2019 09:21:00.000,6407.997,6409.998,6407.997,6409.997,0.0014
10.07.2019 09:22:00.000,6408.998,6410.997,6407.997,6410.997,0.0034
10.07.2019 09:23:00.000,6410.998,6411.998,6407.997,6410.997,0.0034
10.07.2019 09:24:00.000,6410.998,6410.998,6406.998,6407.998,0.0038
10.07.2019 09:25:00.000,6407.998,6407.998,6405.997,6405.998,0.0038
10.07.2019 09:26:00.000,6405.997,6409.998,6405.997,6408.998,0.0024
10.07.2019 09:27:00.000,6408.998,6408.998,6406.997,6406.998,0.0006
10.07.2019 09:28:00.000,6406.997,6406.998,6404.997,6405.998,0.0018
10.07.2019 09:29:00.000,6405.998,6407.998,6405.997,6405.998,0.0033
10.07.2019 09:30:00.000,6405.997,6405.998,6401.997,6402.998,0.0024
10.07.2019 09:31:00.000,6404.998,6404.998,6402.997,6403.998,0.005
10.07.2019 09:32:00.000,6404.998,6406.998,6402.997,6402.997,0.003
10.07.2019 09:33:00.000,6402.998,6403.998,6396.997,6396.998,0.0044
10.07.2019 09:34:00.000,6397.998,6400.997,6397.998,6398.998,0.0019
10.07.2019 09:35:00.000,6398.997,6398.998,6398.997,6398.997,0.0005
10.07.2019 09:36:00.000,6398.998,6400.998,6397.998,6399.998,0.0022
10.07.2019 09:37:00.000,6400.997,6400.998,6398.998,6398.998,0.0013
10.07.2019 09:38:00.000,6397.997,6397.998,6394.997,6396.998,0.0027
10.07.2019 09:39:00.000,6396.997,6397.998,6395.997,6395.998,0.0016
10.07.2019 09:40:00.000,6396.998,6397.998,6393.998,6393.998,0.002
10.07.2019 09:41:00.000,6394.997,6396.998,6394.997,6394.998,0.0025
10.07.2019 09:42:00.000,6394.997,6394.998,6389.997,6390.998,0.0026
10.07.2019 09:43:00.000,6390.998,6390.998,6388.997,6389.998,0.0047
10.07.2019 09:44:00.000,6389.997,6391.997,6389.997,6391.997,0.0035
10.07.2019 09:45:00.000,6391.998,6396.998,6388.997,6396.997,0.0058
10.07.2019 09:46:00.000,6396.998,6396.998,6394.997,6395.997,0.0029
10.07.2019 09:47:00.000,6395.998,6395.998,6395.997,6395.998,0.0043
10.07.2019 09:48:00.000,6395.997,6395.998,6395.997,6395.998,0.0018
10.07.2019 09:49:00.000,6395.997,6395.998,6393.997,6395.997,0.0041
10.07.2019 09:50:00.000,6397.750,6398.998,6396.997,6396.997,0.0046
10.07.2019 09:51:00.000,6396.998,6398.998,6396.997,6398.998,0.0018
10.07.2019 09:52:00.000,6398.998,6398.998,6396.997,6396.998,0.0013
10.07.2019 09:53:00.000,6396.998,6398.998,6396.997,6398.998,0.0041
10.07.2019 09:54:00.000,6398.997,6398.998,6398.997,6398.998,0.003
10.07.2019 09:55:00.000,6398.998,6400.998,6398.998,6399.998,0.0036
10.07.2019 09:56:00.000,6399.997,6401.997,6399.997,6400.998,0.0023
10.07.2019 09:57:00.000,6400.998,6406.998,6400.998,6406.998,0.0056
10.07.2019 09:58:00.000,6406.997,6406.997,6403.997,6403.998,0.0034
10.07.2019 09:59:00.000,6404.998,6405.998,6404.998,6405.997,0.0023
10.07.2019 10:00:00.000,6405.998,6405.998,6402.997,6402.998,0.0026
10.07.2019 10:01:00.000,6402.998,6402.998,6399.997,6401.997,0.0024
10.07.2019 10:02:00.000,6401.998,6401.998,6401.997,6401.998,0.0019
10.07.2019 10:03:00.000,6401.997,6401.998,6401.997,6401.998,0.0018
10.07.2019 10:04:00.000,6401.997,6402.998,6401.997,6402.998,0.0004
10.07.2019 10:05:00.000,6403.997,6405.998,6401.997,6405.997,0.0076
10.07.2019 10:06:00.000,6405.998,6405.998,6403.997,6404.998,0.0024
10.07.2019 10:07:00.000,6403.998,6406.998,6403.998,6406.998,0.0019
10.07.2019 10:08:00.000,6406.997,6406.998,6403.998,6405.998,0.0021
10.07.2019 10:09:00.000,6406.997,6406.997,6402.998,6403.998,0.0037
10.07.2019 10:10:00.000,6403.998,6404.998,6403.998,6404.998,0.0009
10.07.2019 10:11:00.000,6404.998,6404.998,6403.997,6403.997,0.001
10.07.2019 10:12:00.000,6402.997,6402.998,6398.997,6398.997,0.0019
10.07.2019 10:13:00.000,6398.998,6398.998,6396.997,6396.998,0.0016
10.07.2019 10:14:00.000,6396.997,6396.998,6394.997,6395.998,0.0033
10.07.2019 10:15:00.000,6394.998,6395.998,6394.997,6395.998,0.0009
10.07.2019 10:16:00.000,6395.997,6398.998,6394.997,6396.998,0.0029
10.07.2019 10:17:00.000,6397.998,6397.998,6393.998,6393.998,0.0012
10.07.2019 10:18:00.000,6394.998,6397.998,6394.997,6397.997,0.0053
10.07.2019 10:19:00.000,6397.998,6397.998,6395.998,6397.998,0.0031
10.07.2019 10:20:00.000,6397.997,6398.998,6397.997,6398.998,0.0038
10.07.2019 10:21:00.000,6400.750,6400.998,6399.997,6400.998,0.0022
10.07.2019 10:22:00.000,6402.998,6402.998,6401.998,6401.998,0.001
10.07.2019 10:23:00.000,6402.998,6403.998,6402.997,6402.997,0.0034
10.07.2019 10:24:00.000,6402.998,6407.998,6402.997,6406.998,0.0033
10.07.2019 10:25:00.000,6406.997,6406.998,6405.997,6405.998,0.0023
10.07.2019 10:26:00.000,6405.997,6407.998,6405.997,6406.997,0.0014
10.07.2019 10:27:00.000,6405.997,6409.998,6405.997,6407.998,0.0018
10.07.2019 10:28:00.000,6407.998,6407.998,6406.997,6407.997,0.0018
10.07.2019 10:29:00.000,6407.998,6411.998,6407.998,6410.998,0.0031
10.07.2019 10:30:00.000,6410.997,6411.998,6408.998,6411.998,0.0016
10.07.2019 10:31:00.000,6408.998,6412.998,6408.998,6411.998,0.0058
10.07.2019 10:32:00.000,6411.997,6411.998,6411.997,6411.998,0.0082
10.07.2019 10:33:00.000,6411.998,6411.998,6405.997,6406.998,0.0039
10.07.2019 10:34:00.000,6407.998,6409.998,6407.998,6409.998,0.0009
10.07.2019 10:35:00.000,6410.998,6411.998,6409.997,6409.998,0.0034
10.07.2019 10:36:00.000,6410.998,6413.998,6410.998,6412.998,0.0019
10.07.2019 10:37:00.000,6411.998,6412.998,6411.998,6412.997,0.0021
10.07.2019 10:38:00.000,6412.998,6413.998,6410.998,6412.998,0.0034
10.07.2019 10:39:00.000,6412.997,6414.998,6411.998,6413.998,0.0021
10.07.2019 10:40:00.000,6414.997,6416.998,6414.997,6415.997,0.0024
10.07.2019 10:41:00.000,6415.998,6416.998,6415.998,6416.997,0.0004
10.07.2019 10:42:00.000,6416.998,6419.998,6416.997,6419.998,0.0026
10.07.2019 10:43:00.000,6420.998,6420.998,6420.998,6420.998,0.0004
10.07.2019 10:44:00.000,6420.998,6421.997,6420.997,6420.998,0.0037
10.07.2019 10:45:00.000,6421.997,6423.998,6421.997,6423.998,0.0039
10.07.2019 10:46:00.000,6423.997,6423.998,6422.997,6422.998,0.0049
10.07.2019 10:47:00.000,6422.997,6422.997,6419.998,6420.998,0.0017
10.07.2019 10:48:00.000,6420.997,6425.998,6419.998,6425.997,0.0017
10.07.2019 10:49:00.000,6426.998,6430.998,6426.998,6430.997,0.0025
10.07.2019 10:50:00.000,6430.998,6430.998,6427.997,6428.997,0.0012
10.07.2019 10:51:00.000,6428.997,6428.997,6423.998,6427.998,0.0036
10.07.2019 10:52:00.000,6428.998,6431.998,6428.998,6431.998,0.0016
10.07.2019 10:53:00.000,6431.997,6433.998,6431.997,6432.998,0.0028
10.07.2019 10:54:00.000,6432.998,6434.998,6432.997,6432.998,0.0017
10.07.2019 10:55:00.000,6432.997,6432.998,6432.997,6432.998,0.0009
10.07.2019 10:56:00.000,6432.997,6435.998,6432.997,6435.997,0.0022
10.07.2019 10:57:00.000,6435.998,6435.998,6433.998,6435.998,0.0022
10.07.2019 10:58:00.000,6436.998,6442.998,6436.998,6442.998,0.0012
10.07.2019 10:59:00.000,6442.750,6442.750,6438.998,6440.997,0.0019
10.07.2019 11:00:00.000,6439.998,6439.998,6439.998,6439.998,0.0005
10.07.2019 11:02:00.000,6441.997,6447.998,6441.997,6446.997,0.0043
10.07.2019 11:03:00.000,6446.998,6448.997,6444.997,6444.998,0.0021
10.07.2019 11:04:00.000,6444.997,6444.998,6442.997,6443.997,0.0011
10.07.2019 11:05:00.000,6443.997,6443.997,6438.997,6438.997,0.0026
10.07.2019 11:06:00.000,6438.998,6441.998,6437.998,6438.998,0.0037
10.07.2019 11:07:00.000,6438.997,6439.998,6438.997,6439.997,0.0018
10.07.2019 11:08:00.000,6439.998,6439.998,6436.997,6437.998,0.0013
10.07.2019 11:09:00.000,6437.997,6437.998,6437.997,6437.997,0.0004
10.07.2019 11:10:00.000,6438.997,6440.998,6438.997,6440.998,0.0021
10.07.2019 11:11:00.000,6441.998,6443.998,6440.998,6442.998,0.0019
10.07.2019 11:12:00.000,6443.998,6446.998,6443.997,6444.998,0.0011
10.07.2019 11:13:00.000,6444.998,6445.998,6444.997,6445.998,0.0009
10.07.2019 11:14:00.000,6446.998,6446.998,6445.997,6446.997,0.0017
10.07.2019 11:15:00.000,6446.998,6447.998,6444.998,6445.997,0.0033
10.07.2019 11:16:00.000,6445.998,6451.998,6445.998,6451.998,0.0031
10.07.2019 11:17:00.000,6451.998,6451.998,6448.997,6448.998,0.0017
10.07.2019 11:18:00.000,6451.998,6453.998,6450.997,6451.998,0.0024
10.07.2019 11:19:00.000,6451.997,6454.998,6451.997,6452.997,0.0025
10.07.2019 11:20:00.000,6452.998,6452.998,6452.997,6452.998,0.001
10.07.2019 11:21:00.000,6453.997,6457.997,6453.997,6456.998,0.0071
10.07.2019 11:22:00.000,6456.997,6456.998,6454.997,6454.998,0.0029
10.07.2019 11:23:00.000,6454.997,6462.997,6454.997,6461.998,0.0055
10.07.2019 11:24:00.000,6462.997,6462.997,6459.997,6459.998,0.0024
10.07.2019 11:25:00.000,6460.998,6462.998,6460.998,6460.998,0.0014
10.07.2019 11:26:00.000,6460.998,6461.998,6459.998,6461.998,0.0004
10.07.2019 11:27:00.000,6461.997,6462.998,6455.998,6455.998,0.0032
10.07.2019 11:28:00.000,6455.998,6456.998,6453.998,6454.997,0.0024
10.07.2019 11:29:00.000,6453.998,6454.998,6452.998,6452.998,0.0019
10.07.2019 11:30:00.000,6451.998,6453.998,6449.997,6449.998,0.0038
10.07.2019 11:31:00.000,6448.998,6449.998,6447.998,6447.998,0.0024
10.07.2019 11:32:00.000,6449.997,6451.998,6449.997,6451.997,0.0039
10.07.2019 11:33:00.000,6451.998,6451.998,6450.997,6450.998,0.0011
10.07.2019 11:34:00.000,6449.997,6449.998,6446.998,6447.998,0.0025
10.07.2019 11:35:00.000,6447.997,6452.998,6447.997,6448.998,0.003
10.07.2019 11:36:00.000,6447.998,6447.998,6446.997,6447.998,0.0012
10.07.2019 11:37:00.000,6447.997,6450.998,6447.997,6450.998,0.0018
10.07.2019 11:38:00.000,6450.997,6450.997,6447.997,6447.997,0.0017
10.07.2019 11:39:00.000,6447.997,6447.997,6444.997,6444.997,0.0014
10.07.2019 11:40:00.000,6445.998,6446.997,6444.997,6445.998,0.0014
10.07.2019 11:41:00.000,6445.750,6445.750,6441.998,6442.997,0.0007
10.07.2019 11:42:00.000,6442.997,6442.997,6439.997,6440.997,0.0026
10.07.2019 11:43:00.000,6439.998,6440.998,6438.997,6438.998,0.0012
10.07.2019 11:44:00.000,6438.997,6438.997,6437.997,6437.998,0.0008
10.07.2019 11:45:00.000,6438.998,6439.998,6436.997,6437.998,0.0017
10.07.2019 11:46:00.000,6437.997,6437.997,6432.997,6432.997,0.0017
10.07.2019 11:47:00.000,6433.998,6434.998,6432.997,6433.998,0.0026
10.07.2019 11:48:00.000,6433.998,6435.998,6432.998,6435.998,0.0033
10.07.2019 11:49:00.000,6435.997,6437.998,6434.998,6436.998,0.0014
10.07.2019 11:50:00.000,6437.997,6438.998,6435.997,6435.998,0.0025
10.07.2019 11:51:00.000,6435.997,6438.998,6435.997,6436.998,0.002
10.07.2019 11:52:00.000,6437.997,6439.997,6437.997,6437.998,0.0021
10.07.2019 11:53:00.000,6437.997,6437.998,6436.997,6436.998,0.001
10.07.2019 11:54:00.000,6437.997,6438.998,6436.997,6438.998,0.0017
10.07.2019 11:55:00.000,6439.998,6442.998,6439.998,6439.998,0.0035
10.07.2019 11:56:00.000,6439.997,6439.998,6438.997,6439.998,0.0031
10.07.2019 11:57:00.000,6440.997,6442.998,6440.997,6441.998,0.0023
10.07.2019 11:58:00.000,6441.997,6442.998,6440.998,6442.998,0.0015
10.07.2019 11:59:00.000,6442.997,6442.998,6440.997,6441.997,0.0041
10.07.2019 12:00:00.000,6442.997,6442.998,6439.998,6440.998,0.0012
10.07.2019 12:01:00.000,6440.997,6441.998,6440.997,6440.998,0.0016
10.07.2019 12:02:00.000,6442.750,6443.998,6442.750,6443.998,0.0022
10.07.2019 12:03:00.000,6443.750,6443.998,6441.998,6443.997,0.0022
10.07.2019 12:04:00.000,6443.998,6443.998,6443.997,6443.998,0.0013
10.07.2019 12:05:00.000,6443.997,6444.997,6440.998,6441.998,0.002
10.07.2019 12:06:00.000,6440.998,6441.998,6440.998,6441.998,0.0014
10.07.2019 12:07:00.000,6443.750,6445.998,6443.750,6443.998,0.002
10.07.2019 12:08:00.000,6444.997,6444.998,6442.997,6442.997,0.001
10.07.2019 12:09:00.000,6443.998,6443.998,6442.998,6443.998,0.0009
10.07.2019 12:10:00.000,6440.997,6440.998,6434.997,6434.998,0.0048
10.07.2019 12:11:00.000,6434.998,6437.997,6434.997,6434.997,0.002
10.07.2019 12:12:00.000,6434.998,6434.998,6434.998,6434.998,0.0002
10.07.2019 12:13:00.000,6434.997,6434.998,6434.997,6434.998,0.0003
10.07.2019 12:14:00.000,6434.998,6434.998,6433.997,6433.998,0.0011
10.07.2019 12:15:00.000,6433.997,6433.998,6428.998,6428.998,0.004
10.07.2019 12:16:00.000,6430.998,6435.998,6428.998,6435.997,0.0035
10.07.2019 12:17:00.000,6435.998,6435.998,6433.997,6435.998,0.0013
10.07.2019 12:18:00.000,6436.997,6436.998,6434.997,6435.997,0.004
10.07.2019 12:19:00.000,6434.998,6434.998,6434.997,6434.998,0.002
10.07.2019 12:20:00.000,6434.998,6434.998,6430.998,6431.997,0.0018
10.07.2019 12:21:00.000,6431.998,6431.998,6428.998,6428.998,0.0021
10.07.2019 12:22:00.000,6429.997,6430.998,6427.997,6430.998,0.0018
10.07.2019 12:23:00.000,6430.997,6430.998,6426.998,6426.998,0.0005
10.07.2019 12:24:00.000,6427.997,6428.998,6426.997,6426.997,0.0022
10.07.2019 12:25:00.000,6426.997,6426.998,6424.997,6424.997,0.0032
10.07.2019 12:26:00.000,6423.998,6424.998,6421.998,6421.998,0.0015
10.07.2019 12:27:00.000,6422.998,6422.998,6422.997,6422.998,0.0005
10.07.2019 12:28:00.000,6422.997,6423.998,6422.997,6422.997,0.0012
10.07.2019 12:29:00.000,6422.998,6423.998,6421.998,6423.997,0.0024
10.07.2019 12:30:00.000,6423.998,6437.998,6423.998,6437.998,0.0073
10.07.2019 12:31:00.000,6436.998,6441.998,6432.998,6437.998,0.0098
10.07.2019 12:32:00.000,6438.998,6444.998,6438.997,6444.998,0.0067
10.07.2019 12:33:00.000,6445.997,6450.998,6445.997,6450.998,0.0131
10.07.2019 12:34:00.000,6450.997,6454.998,6450.997,6452.998,0.0241
10.07.2019 12:35:00.000,6453.998,6460.998,6453.998,6457.997,0.0126
10.07.2019 12:36:00.000,6457.998,6457.998,6449.997,6451.998,0.0085
10.07.2019 12:37:00.000,6452.997,6456.998,6451.998,6451.998,0.0058
10.07.2019 12:38:00.000,6453.998,6454.998,6453.997,6454.998,0.0026
10.07.2019 12:39:00.000,6454.998,6462.998,6454.997,6460.997,0.0087
10.07.2019 12:40:00.000,6460.997,6461.998,6458.998,6461.997,0.0069
10.07.2019 12:41:00.000,6461.998,6461.998,6457.998,6459.998,0.004
10.07.2019 12:42:00.000,6459.997,6459.997,6453.997,6453.998,0.0025
10.07.2019 12:43:00.000,6453.997,6457.998,6451.997,6451.997,0.0037
10.07.2019 12:44:00.000,6453.997,6454.997,6450.997,6452.997,0.0077
10.07.2019 12:45:00.000,6452.998,6460.998,6452.998,6458.998,0.0075
10.07.2019 12:46:00.000,6457.998,6458.998,6452.997,6452.997,0.0047
10.07.2019 12:47:00.000,6453.997,6457.998,6453.997,6457.998,0.0071
10.07.2019 12:48:00.000,6457.998,6457.998,6456.997,6456.998,0.0004
10.07.2019 12:49:00.000,6456.997,6457.998,6455.998,6456.998,0.0015
10.07.2019 12:50:00.000,6455.998,6456.998,6453.997,6453.998,0.0069
10.07.2019 12:51:00.000,6453.750,6453.750,6450.998,6450.998,0.0021
10.07.2019 12:52:00.000,6450.997,6456.997,6450.997,6456.997,0.0067
10.07.2019 12:53:00.000,6456.998,6459.997,6454.997,6456.997,0.0059
10.07.2019 12:54:00.000,6456.998,6457.998,6455.997,6455.997,0.0054
10.07.2019 12:55:00.000,6455.998,6456.997,6453.998,6453.998,0.0032
10.07.2019 12:56:00.000,6454.997,6454.998,6452.998,6452.998,0.0014
10.07.2019 12:57:00.000,6453.997,6455.998,6450.997,6450.998,0.0055
10.07.2019 12:58:00.000,6450.997,6452.998,6450.997,6451.998,0.0033
10.07.2019 12:59:00.000,6451.998,6453.998,6450.997,6453.998,0.0048
10.07.2019 13:00:00.000,6453.997,6454.998,6451.997,6454.998,0.0055
10.07.2019 13:01:00.000,6454.997,6454.998,6450.998,6451.998,0.0027
10.07.2019 13:02:00.000,6451.997,6454.997,6451.997,6451.997,0.0012
10.07.2019 13:03:00.000,6452.998,6452.998,6448.997,6449.998,0.0075
10.07.2019 13:04:00.000,6449.997,6451.998,6448.997,6448.997,0.0026
10.07.2019 13:05:00.000,6450.997,6450.998,6447.998,6447.998,0.002
10.07.2019 13:06:00.000,6449.998,6451.998,6446.997,6446.998,0.0028
10.07.2019 13:07:00.000,6446.998,6446.998,6444.997,6445.998,0.0015
10.07.2019 13:08:00.000,6447.998,6455.998,6447.998,6451.998,0.0055
10.07.2019 13:09:00.000,6452.997,6453.998,6446.998,6446.998,0.0017
10.07.2019 13:10:00.000,6446.997,6447.998,6444.997,6444.998,0.0035
10.07.2019 13:11:00.000,6444.998,6447.998,6444.998,6446.998,0.0033
10.07.2019 13:12:00.000,6446.997,6446.997,6441.997,6441.998,0.002
10.07.2019 13:13:00.000,6440.998,6441.998,6438.997,6438.998,0.0013
10.07.2019 13:14:00.000,6437.998,6440.998,6436.998,6440.998,0.0037
10.07.2019 13:15:00.000,6439.998,6440.998,6437.998,6437.998,0.0008
10.07.2019 13:16:00.000,6437.998,6439.998,6437.998,6438.998,0.0035
10.07.2019 13:17:00.000,6438.997,6438.998,6438.997,6438.998,0.0009
10.07.2019 13:18:00.000,6438.997,6441.998,6437.998,6437.998,0.0051
10.07.2019 13:19:00.000,6436.998,6439.998,6436.997,6439.998,0.0015
10.07.2019 13:20:00.000,6439.997,6440.998,6434.998,6437.998,0.0071
10.07.2019 13:21:00.000,6435.998,6436.998,6429.998,6429.998,0.0063
10.07.2019 13:22:00.000,6429.997,6429.998,6429.997,6429.998,0.0005
10.07.2019 13:23:00.000,6429.998,6431.998,6429.998,6431.997,0.0011
10.07.2019 13:24:00.000,6431.998,6431.998,6425.998,6429.998,0.0059
10.07.2019 13:25:00.000,6429.997,6429.997,6427.997,6427.998,0.0007
10.07.2019 13:26:00.000,6429.997,6433.998,6425.998,6425.998,0.0049
10.07.2019 13:27:00.000,6425.997,6426.998,6421.997,6421.997,0.0057
10.07.2019 13:28:00.000,6421.998,6423.998,6419.998,6422.998,0.0039
10.07.2019 13:29:00.000,6422.997,6423.998,6420.997,6420.998,0.0033
10.07.2019 13:30:00.000,6420.998,6426.998,6420.998,6424.998,0.0113
10.07.2019 13:31:00.000,6426.998,6430.998,6425.997,6427.998,0.0105
10.07.2019 13:32:00.000,6427.997,6433.998,6426.997,6432.998,0.0086
10.07.2019 13:33:00.000,6432.997,6441.998,6431.997,6440.997,0.0079
10.07.2019 13:34:00.000,6440.997,6440.997,6429.998,6429.998,0.0137
10.07.2019 13:35:00.000,6431.998,6431.998,6425.997,6425.998,0.0079
10.07.2019 13:36:00.000,6426.997,6429.998,6424.997,6427.998,0.0108
10.07.2019 13:37:00.000,6427.997,6427.998,6424.997,6425.998,0.0051
10.07.2019 13:38:00.000,6426.997,6426.998,6423.997,6424.997,0.0072
10.07.2019 13:39:00.000,6423.998,6424.998,6418.997,6420.998,0.0101
10.07.2019 13:40:00.000,6419.998,6420.998,6417.997,6418.998,0.0077
10.07.2019 13:41:00.000,6420.998,6422.998,6420.998,6422.998,0.0034
10.07.2019 13:42:00.000,6423.997,6426.998,6422.998,6426.997,0.0057
10.07.2019 13:43:00.000,6426.998,6427.998,6423.998,6426.997,0.0069
10.07.2019 13:44:00.000,6426.998,6430.998,6426.997,6427.998,0.0119
10.07.2019 13:45:00.000,6427.997,6429.998,6427.997,6428.998,0.0036
10.07.2019 13:46:00.000,6428.998,6431.998,6428.997,6430.998,0.0133
10.07.2019 13:47:00.000,6430.997,6431.998,6428.998,6431.998,0.0085
10.07.2019 13:48:00.000,6430.998,6441.998,6430.998,6440.997,0.0106
10.07.2019 13:49:00.000,6440.997,6440.997,6433.998,6434.998,0.0049
10.07.2019 13:50:00.000,6434.997,6435.998,6431.997,6431.998,0.0047
10.07.2019 13:51:00.000,6431.997,6435.998,6431.997,6435.997,0.003
10.07.2019 13:52:00.000,6435.998,6440.998,6433.997,6439.998,0.0058
10.07.2019 13:53:00.000,6440.998,6445.998,6438.998,6438.998,0.0053
10.07.2019 13:54:00.000,6439.998,6439.998,6435.998,6435.998,0.0063
10.07.2019 13:55:00.000,6436.998,6436.998,6435.997,6435.998,0.0045
10.07.2019 13:56:00.000,6436.998,6438.750,6434.997,6435.998,0.0025
10.07.2019 13:57:00.000,6435.998,6436.998,6433.997,6434.998,0.0036
10.07.2019 13:58:00.000,6433.998,6434.998,6433.997,6434.997,0.0033
10.07.2019 13:59:00.000,6434.998,6436.998,6433.997,6435.998,0.0043
10.07.2019 14:00:00.000,6437.998,6437.998,6433.997,6433.998,0.0058
10.07.2019 14:01:00.000,6435.998,6439.998,6434.997,6436.998,0.0056
10.07.2019 14:02:00.000,6436.997,6438.998,6435.998,6436.997,0.0054
10.07.2019 14:03:00.000,6437.997,6439.998,6436.997,6437.997,0.0055
10.07.2019 14:04:00.000,6437.998,6442.998,6437.998,6440.998,0.002
10.07.2019 14:05:00.000,6440.997,6440.998,6437.998,6438.997,0.0023
10.07.2019 14:06:00.000,6438.998,6439.998,6437.997,6439.998,0.0052
10.07.2019 14:07:00.000,6440.997,6442.998,6439.998,6441.998,0.0085
10.07.2019 14:08:00.000,6441.998,6444.998,6441.997,6443.998,0.0075
10.07.2019 14:09:00.000,6443.997,6444.998,6441.997,6441.998,0.0043
10.07.2019 14:10:00.000,6441.997,6441.998,6439.997,6439.997,0.0032
10.07.2019 14:11:00.000,6439.997,6439.998,6437.997,6437.997,0.0093
10.07.2019 14:12:00.000,6437.998,6443.998,6437.997,6442.998,0.0093
10.07.2019 14:13:00.000,6442.997,6448.998,6442.997,6445.998,0.0062
10.07.2019 14:14:00.000,6445.997,6446.998,6444.997,6445.998,0.0037
10.07.2019 14:15:00.000,6445.997,6446.998,6443.997,6443.998,0.0075
10.07.2019 14:16:00.000,6444.998,6446.997,6442.997,6443.998,0.0075
10.07.2019 14:17:00.000,6443.998,6443.998,6442.997,6443.998,0.0078
10.07.2019 14:19:00.000,6443.997,6443.997,6439.998,6440.998,0.0046
10.07.2019 14:20:00.000,6441.998,6441.998,6440.998,6441.997,0.0039
10.07.2019 14:21:00.000,6441.997,6442.998,6441.997,6442.998,0.002
10.07.2019 14:22:00.000,6443.998,6448.998,6443.997,6447.998,0.0104
10.07.2019 14:23:00.000,6448.998,6448.998,6445.997,6445.997,0.0023
10.07.2019 14:24:00.000,6445.998,6445.998,6442.998,6444.998,0.0044
10.07.2019 14:25:00.000,6443.997,6443.998,6441.997,6443.998,0.0038
10.07.2019 14:26:00.000,6443.998,6444.998,6443.997,6444.998,0.0044
10.07.2019 14:27:00.000,6444.997,6448.998,6444.997,6448.998,0.0037
10.07.2019 14:28:00.000,6448.998,6448.998,6446.997,6447.998,0.0111
10.07.2019 14:29:00.000,6448.998,6449.998,6447.998,6449.998,0.0071
10.07.2019 14:30:00.000,6449.997,6449.997,6444.997,6446.998,0.0065
10.07.2019 14:31:00.000,6445.998,6445.998,6445.997,6445.998,0.0015
10.07.2019 14:32:00.000,6445.997,6450.998,6445.997,6450.997,0.0034
10.07.2019 14:33:00.000,6450.998,6450.998,6448.997,6449.997,0.0076
10.07.2019 14:34:00.000,6449.998,6450.998,6449.997,6449.997,0.0053
10.07.2019 14:35:00.000,6450.998,6450.998,6449.997,6450.997,0.0032
10.07.2019 14:36:00.000,6450.998,6450.998,6449.997,6450.998,0.0023
10.07.2019 14:37:00.000,6450.997,6451.998,6450.997,6451.998,0.0021
10.07.2019 14:38:00.000,6451.997,6451.997,6446.998,6447.998,0.0062
10.07.2019 14:39:00.000,6447.998,6450.998,6447.997,6450.998,0.0093
10.07.2019 14:40:00.000,6450.997,6451.998,6448.997,6448.998,0.0044
10.07.2019 14:41:00.000,6448.997,6448.997,6446.997,6447.997,0.0038
10.07.2019 14:42:00.000,6447.998,6451.998,6447.997,6451.998,0.0068
10.07.2019 14:43:00.000,6452.998,6453.998,6452.997,6453.998,0.0022
10.07.2019 14:44:00.000,6454.997,6454.998,6453.997,6453.998,0.0057
10.07.2019 14:45:00.000,6453.997,6453.998,6452.997,6452.998,0.0057
10.07.2019 14:46:00.000,6452.997,6453.998,6452.997,6453.997,0.0053
10.07.2019 14:47:00.000,6454.998,6454.998,6451.998,6453.998,0.002
10.07.2019 14:48:00.000,6450.997,6450.998,6448.998,6448.998,0.0023
10.07.2019 14:49:00.000,6446.998,6451.998,6446.997,6449.998,0.0079
10.07.2019 14:50:00.000,6449.998,6449.998,6444.998,6446.998,0.0087
10.07.2019 14:51:00.000,6444.998,6446.998,6443.997,6445.997,0.0112
10.07.2019 14:52:00.000,6445.998,6446.998,6445.997,6446.997,0.0049
10.07.2019 14:53:00.000,6446.998,6446.998,6443.997,6445.998,0.0109
10.07.2019 14:54:00.000,6443.997,6445.998,6440.997,6441.998,0.009
10.07.2019 14:55:00.000,6442.998,6442.998,6441.997,6441.998,0.0051
10.07.2019 14:56:00.000,6442.998,6444.997,6441.997,6443.998,0.0074
10.07.2019 14:57:00.000,6443.998,6445.998,6441.997,6444.997,0.0065
10.07.2019 14:58:00.000,6444.998,6444.998,6441.998,6443.998,0.0062
10.07.2019 14:59:00.000,6443.997,6443.998,6441.997,6443.998,0.0035
10.07.2019 15:00:00.000,6443.998,6443.998,6441.997,6442.998,0.0079
10.07.2019 15:01:00.000,6443.997,6443.998,6440.997,6440.997,0.0046
10.07.2019 15:02:00.000,6441.997,6442.998,6441.997,6442.998,0.0071
10.07.2019 15:03:00.000,6442.998,6442.998,6434.997,6437.998,0.0171
10.07.2019 15:04:00.000,6436.998,6438.998,6435.997,6436.998,0.0078
10.07.2019 15:05:00.000,6436.998,6438.998,6434.997,6436.998,0.0134
10.07.2019 15:06:00.000,6436.998,6437.998,6434.998,6435.998,0.0143
10.07.2019 15:07:00.000,6435.997,6435.998,6434.997,6435.998,0.0058
10.07.2019 15:08:00.000,6435.997,6439.997,6435.997,6437.997,0.0127
10.07.2019 15:09:00.000,6437.998,6437.998,6433.998,6435.998,0.0061
10.07.2019 15:10:00.000,6436.998,6438.998,6435.998,6437.998,0.0069
10.07.2019 15:11:00.000,6437.997,6439.998,6437.997,6437.998,0.0041
10.07.2019 15:12:00.000,6438.998,6439.998,6437.998,6439.998,0.0066
10.07.2019 15:13:00.000,6439.997,6439.998,6439.997,6439.998,0.0017
10.07.2019 15:14:00.000,6439.997,6444.998,6439.997,6443.998,0.0115
10.07.2019 15:15:00.000,6443.997,6445.998,6443.997,6445.997,0.007
10.07.2019 15:16:00.000,6445.998,6445.998,6440.997,6441.997,0.0077
10.07.2019 15:17:00.000,6441.998,6442.998,6441.997,6441.998,0.0025
10.07.2019 15:18:00.000,6441.998,6441.998,6439.997,6439.997,0.0079
10.07.2019 15:19:00.000,6439.998,6439.998,6438.998,6438.998,0.002
10.07.2019 15:20:00.000,6438.997,6439.998,6437.997,6438.997,0.0059
10.07.2019 15:21:00.000,6439.998,6439.998,6436.997,6436.997,0.0075
10.07.2019 15:22:00.000,6436.998,6439.998,6436.997,6439.998,0.0077
10.07.2019 15:23:00.000,6440.998,6441.998,6438.997,6439.998,0.0071
10.07.2019 15:24:00.000,6440.997,6440.998,6439.997,6439.998,0.0156
10.07.2019 15:25:00.000,6439.997,6440.998,6437.997,6438.998,0.0152
10.07.2019 15:26:00.000,6438.997,6438.998,6437.997,6438.998,0.0109
10.07.2019 15:27:00.000,6438.997,6438.998,6435.998,6435.998,0.0124
10.07.2019 15:28:00.000,6434.998,6434.998,6430.997,6432.998,0.0188
10.07.2019 15:29:00.000,6431.997,6435.998,6430.997,6435.998,0.0197
11.07.2019 07:00:00.000,6509.998,6559.998,6509.997,6559.998,0.0128
11.07.2019 07:01:00.000,6551.998,6551.998,6527.997,6539.998,0.0018
11.07.2019 07:02:00.000,6539.998,6544.997,6532.997,6534.998,0.0031
11.07.2019 07:03:00.000,6527.997,6540.998,6527.997,6539.998,0.0011
11.07.2019 07:04:00.000,6543.997,6566.997,6543.997,6566.997,0.0027
11.07.2019 07:05:00.000,6567.997,6570.998,6559.998,6567.997,0.0038
11.07.2019 07:06:00.000,6567.998,6576.998,6559.998,6560.998,0.0034
11.07.2019 07:07:00.000,6562.998,6584.998,6562.998,6579.998,0.0108
11.07.2019 07:08:00.000,6581.997,6598.998,6579.997,6594.998,0.0052
11.07.2019 07:09:00.000,6593.998,6596.998,6564.998,6570.997,0.002
11.07.2019 07:10:00.000,6563.998,6574.997,6559.998,6574.997,0.002
11.07.2019 07:11:00.000,6574.997,6589.998,6571.997,6589.998,0.0031
11.07.2019 07:12:00.000,6598.250,6611.998,6598.250,6606.997,0.0022
11.07.2019 07:13:00.000,6599.998,6607.998,6599.998,6599.998,0.0015
11.07.2019 07:14:00.000,6602.997,6606.998,6599.997,6606.998,0.0037
11.07.2019 07:15:00.000,6607.997,6610.998,6599.997,6599.998,0.0023
11.07.2019 07:16:00.000,6601.997,6607.998,6599.998,6606.998,0.0024
11.07.2019 07:17:00.000,6607.997,6615.998,6607.997,6615.997,0.004
11.07.2019 07:18:00.000,6611.997,6633.998,6611.997,6621.997,0.0127
11.07.2019 07:19:00.000,6622.998,6635.997,6616.997,6626.998,0.0172
11.07.2019 07:20:00.000,6626.998,6629.998,6614.997,6627.998,0.0053
11.07.2019 07:21:00.000,6629.998,6629.998,6614.997,6627.997,0.0045
11.07.2019 07:22:00.000,6624.997,6625.998,6614.998,6623.997,0.0028
11.07.2019 07:23:00.000,6624.998,6633.998,6624.997,6633.998,0.0014
11.07.2019 07:24:00.000,6634.997,6634.997,6614.998,6618.997,0.0025
11.07.2019 07:25:00.000,6618.998,6629.998,6611.998,6619.998,0.0022
11.07.2019 07:26:00.000,6619.997,6624.998,6613.997,6616.998,0.0021
11.07.2019 07:27:00.000,6614.998,6624.998,6613.998,6614.998,0.004
11.07.2019 07:28:00.000,6614.997,6615.998,6609.997,6614.998,0.0028
11.07.2019 07:29:00.000,6614.998,6614.998,6609.997,6611.997,0.0096
11.07.2019 07:30:00.000,6613.998,6613.998,6609.997,6609.997,0.0039
11.07.2019 07:31:00.000,6609.997,6609.997,6596.998,6603.997,0.003
11.07.2019 07:32:00.000,6604.997,6605.997,6599.997,6600.997,0.0028
11.07.2019 07:33:00.000,6600.997,6614.997,6587.997,6612.998,0.0042
11.07.2019 07:34:00.000,6612.997,6615.998,6597.998,6601.998,0.0058
11.07.2019 07:35:00.000,6600.998,6605.998,6580.997,6602.998,0.004
11.07.2019 07:36:00.000,6603.998,6603.998,6597.997,6602.998,0.0005
11.07.2019 07:37:00.000,6602.997,6603.998,6589.997,6595.998,0.0049
11.07.2019 07:38:00.000,6590.998,6591.998,6584.998,6586.998,0.0051
11.07.2019 07:39:00.000,6586.998,6586.998,6579.997,6582.998,0.0042
11.07.2019 07:40:00.000,6582.998,6584.998,6574.998,6579.997,0.003
11.07.2019 07:41:00.000,6579.998,6589.998,6575.998,6589.997,0.0038
11.07.2019 07:42:00.000,6589.998,6591.998,6585.998,6591.998,0.0026
11.07.2019 07:43:00.000,6586.998,6591.998,6564.998,6565.998,0.0057
11.07.2019 07:44:00.000,6565.997,6593.998,6556.998,6593.998,0.0083
11.07.2019 07:45:00.000,6593.250,6593.250,6583.997,6587.998,0.0034
11.07.2019 07:46:00.000,6588.998,6588.998,6576.997,6583.998,0.0019
11.07.2019 07:47:00.000,6587.998,6606.998,6587.998,6606.997,0.0042
11.07.2019 07:48:00.000,6606.998,6607.998,6599.998,6607.997,0.0036
11.07.2019 07:49:00.000,6608.997,6609.998,6595.998,6595.998,0.0018
11.07.2019 07:50:00.000,6595.998,6598.998,6585.998,6588.998,0.0048
11.07.2019 07:51:00.000,6588.997,6588.998,6571.998,6581.998,0.0029
11.07.2019 07:52:00.000,6583.998,6589.998,6567.998,6576.997,0.0041
11.07.2019 07:53:00.000,6575.998,6575.998,6565.997,6569.998,0.0019
11.07.2019 07:54:00.000,6569.998,6569.998,6562.998,6569.998,0.0027
11.07.2019 07:55:00.000,6563.998,6569.998,6558.998,6563.998,0.0038
11.07.2019 07:56:00.000,6562.998,6573.997,6559.998,6565.998,0.0015
11.07.2019 07:57:00.000,6563.997,6578.998,6563.997,6578.998,0.0027
11.07.2019 07:58:00.000,6573.998,6575.998,6570.998,6573.998,0.002
11.07.2019 07:59:00.000,6564.998,6566.998,6558.997,6558.997,0.0029
11.07.2019 08:00:00.000,6559.997,6564.998,6556.997,6557.998,0.0048
11.07.2019 08:01:00.000,6557.997,6569.998,6557.997,6569.998,0.0057
11.07.2019 08:02:00.000,6571.998,6573.998,6569.997,6572.997,0.0032
11.07.2019 08:03:00.000,6572.997,6573.998,6562.998,6562.998,0.0028
11.07.2019 08:04:00.000,6560.998,6565.998,6556.997,6562.998,0.0039
11.07.2019 08:05:00.000,6569.998,6569.998,6559.997,6560.997,0.0027
11.07.2019 08:06:00.000,6562.997,6565.998,6559.997,6564.997,0.0022
11.07.2019 08:07:00.000,6564.998,6568.998,6562.998,6565.998,0.0023
11.07.2019 08:08:00.000,6565.998,6572.998,6565.998,6572.998,0.0025
11.07.2019 08:09:00.000,6572.998,6572.998,6567.997,6567.997,0.0016
11.07.2019 08:10:00.000,6567.998,6590.997,6567.998,6590.997,0.0043
11.07.2019 08:11:00.000,6590.998,6595.998,6588.998,6589.998,0.0011
11.07.2019 08:12:00.000,6590.998,6591.998,6584.998,6584.998,0.0007
11.07.2019 08:13:00.000,6584.997,6592.997,6581.997,6592.997,0.0022
11.07.2019 08:14:00.000,6592.998,6611.998,6592.998,6603.998,0.007
11.07.2019 08:15:00.000,6599.998,6606.997,6599.997,6605.998,0.011
11.07.2019 08:16:00.000,6604.998,6609.998,6599.997,6608.998,0.0152
11.07.2019 08:17:00.000,6608.997,6608.997,6600.997,6601.998,0.0038
11.07.2019 08:18:00.000,6601.997,6603.998,6599.997,6599.997,0.0174
11.07.2019 08:19:00.000,6599.998,6604.998,6594.998,6604.998,0.006
11.07.2019 08:20:00.000,6604.500,6604.500,6594.997,6597.997,0.0033
11.07.2019 08:21:00.000,6598.997,6598.997,6594.998,6595.998,0.0012
11.07.2019 08:22:00.000,6595.997,6600.998,6586.998,6599.998,0.0024
11.07.2019 08:23:00.000,6599.998,6599.998,6596.997,6596.997,0.0009
11.07.2019 08:24:00.000,6596.997,6596.998,6591.998,6595.998,0.0014
11.07.2019 08:25:00.000,6592.998,6598.997,6591.998,6597.998,0.0007
11.07.2019 08:26:00.000,6598.997,6604.998,6597.997,6600.998,0.0024
11.07.2019 08:27:00.000,6600.997,6602.998,6599.997,6602.998,0.0017
11.07.2019 08:28:00.000,6605.750,6609.997,6603.997,6603.998,0.0016
11.07.2019 08:29:00.000,6601.997,6601.998,6599.997,6600.998,0.003
11.07.2019 08:30:00.000,6600.997,6600.997,6594.997,6594.997,0.0017
11.07.2019 08:31:00.000,6594.998,6598.998,6594.998,6598.998,0.0009
11.07.2019 08:32:00.000,6598.998,6598.998,6596.997,6597.998,0.0008
11.07.2019 08:33:00.000,6598.997,6598.998,6590.997,6593.998,0.0017
11.07.2019 08:34:00.000,6593.997,6593.998,6593.997,6593.998,0.0009
11.07.2019 08:35:00.000,6594.998,6594.998,6593.998,6594.997,0.0003
11.07.2019 08:36:00.000,6594.997,6594.997,6585.997,6590.998,0.0016
11.07.2019 08:38:00.000,6589.998,6591.998,6589.997,6591.998,0.0023
11.07.2019 08:39:00.000,6593.998,6598.997,6589.997,6597.998,0.0044
11.07.2019 08:40:00.000,6597.998,6598.998,6597.997,6597.998,0.0004
11.07.2019 08:41:00.000,6597.998,6597.998,6596.997,6597.997,0.0006
11.07.2019 08:42:00.000,6596.998,6596.998,6587.998,6588.998,0.0015
11.07.2019 08:43:00.000,6587.997,6587.998,6587.997,6587.998,0.0004
11.07.2019 08:44:00.000,6583.998,6586.998,6582.998,6583.997,0.0011
11.07.2019 08:45:00.000,6583.998,6583.998,6573.998,6577.997,0.002
11.07.2019 08:46:00.000,6577.997,6577.997,6565.998,6565.998,0.0024
11.07.2019 08:47:00.000,6564.998,6567.998,6559.997,6563.998,0.0019
11.07.2019 08:48:00.000,6565.998,6579.997,6562.997,6577.998,0.0042
11.07.2019 08:49:00.000,6578.997,6584.998,6578.997,6581.997,0.0018
11.07.2019 08:50:00.000,6581.998,6581.998,6579.997,6579.998,0.0007
11.07.2019 08:51:00.000,6579.998,6582.998,6576.998,6579.998,0.0016
11.07.2019 08:52:00.000,6581.997,6583.998,6579.997,6580.998,0.0057
11.07.2019 08:53:00.000,6580.997,6580.998,6573.997,6573.998,0.0018
11.07.2019 08:54:00.000,6573.998,6583.998,6573.998,6580.998,0.0148
11.07.2019 08:55:00.000,6580.997,6594.998,6580.997,6593.998,0.0088
11.07.2019 08:56:00.000,6593.997,6595.998,6593.997,6595.997,0.0031
11.07.2019 08:57:00.000,6592.998,6592.998,6583.997,6583.998,0.0074
11.07.2019 08:58:00.000,6583.997,6596.998,6583.997,6596.998,0.0089
11.07.2019 08:59:00.000,6596.997,6598.998,6596.997,6598.998,0.0059
11.07.2019 09:00:00.000,6597.997,6597.998,6593.997,6594.998,0.004
11.07.2019 09:01:00.000,6594.997,6595.997,6591.997,6592.997,0.0034
11.07.2019 09:02:00.000,6592.998,6592.998,6585.998,6588.997,0.0056
11.07.2019 09:03:00.000,6588.998,6588.998,6588.997,6588.998,0.0012
11.07.2019 09:04:00.000,6589.997,6590.998,6588.997,6588.997,0.001
11.07.2019 09:05:00.000,6589.997,6591.998,6589.997,6591.998,0.0083
11.07.2019 09:06:00.000,6592.998,6593.998,6590.998,6593.998,0.0076
11.07.2019 09:07:00.000,6592.998,6593.998,6592.997,6593.997,0.0036
11.07.2019 09:08:00.000,6589.998,6591.998,6585.998,6587.998,0.0054
11.07.2019 09:09:00.000,6588.998,6588.998,6582.998,6584.998,0.0028
11.07.2019 09:10:00.000,6584.997,6587.998,6581.998,6586.998,0.0059
11.07.2019 09:11:00.000,6586.997,6587.998,6584.998,6586.998,0.0053
11.07.2019 09:12:00.000,6587.997,6596.998,6587.997,6591.998,0.006
11.07.2019 09:13:00.000,6591.997,6593.998,6589.998,6590.998,0.0039
11.07.2019 09:14:00.000,6591.997,6598.998,6590.997,6592.997,0.0064
11.07.2019 09:15:00.000,6592.997,6596.998,6589.997,6594.998,0.0026
11.07.2019 09:16:00.000,6594.997,6596.998,6591.998,6594.998,0.0034
11.07.2019 09:17:00.000,6593.998,6593.998,6582.997,6582.997,0.0029
11.07.2019 09:18:00.000,6580.998,6580.998,6573.997,6573.997,0.0014
11.07.2019 09:19:00.000,6573.997,6576.998,6571.998,6576.998,0.0018
11.07.2019 09:20:00.000,6577.998,6578.998,6576.997,6578.998,0.0012
11.07.2019 09:21:00.000,6578.997,6578.997,6571.997,6571.998,0.0024
11.07.2019 09:22:00.000,6571.997,6571.998,6571.997,6571.997,0.0008
11.07.2019 09:23:00.000,6574.997,6576.997,6574.997,6574.998,0.0026
11.07.2019 09:24:00.000,6574.997,6579.998,6574.997,6578.998,0.0014
11.07.2019 09:25:00.000,6579.998,6579.998,6579.997,6579.998,0.0005
11.07.2019 09:26:00.000,6579.998,6579.998,6575.998,6575.998,0.0015
11.07.2019 09:27:00.000,6575.998,6575.998,6573.997,6574.998,0.0008
11.07.2019 09:28:00.000,6577.997,6578.998,6577.997,6578.998,0.001
11.07.2019 09:29:00.000,6578.997,6581.997,6577.997,6577.998,0.0024
11.07.2019 09:30:00.000,6578.997,6578.998,6576.997,6578.998,0.0025
11.07.2019 09:31:00.000,6580.998,6580.998,6578.998,6578.998,0.001
11.07.2019 09:32:00.000,6578.997,6578.998,6578.997,6578.998,0.0007
11.07.2019 09:33:00.000,6578.997,6578.998,6575.997,6578.998,0.0013
11.07.2019 09:34:00.000,6579.998,6580.998,6579.998,6580.998,0.0014
11.07.2019 09:35:00.000,6580.998,6580.998,6578.997,6578.997,0.0012
11.07.2019 09:36:00.000,6578.998,6578.998,6573.997,6573.998,0.0012
11.07.2019 09:37:00.000,6574.998,6578.998,6574.997,6578.998,0.0023
11.07.2019 09:38:00.000,6578.997,6578.998,6578.997,6578.998,0.001
11.07.2019 09:39:00.000,6579.998,6579.998,6579.997,6579.998,0.0021
11.07.2019 09:40:00.000,6579.998,6582.998,6578.997,6579.997,0.0018
11.07.2019 09:41:00.000,6579.997,6579.997,6578.997,6578.997,0.0004
11.07.2019 09:42:00.000,6579.998,6582.998,6579.997,6581.998,0.002
11.07.2019 09:43:00.000,6581.997,6581.998,6579.997,6580.997,0.0011
11.07.2019 09:44:00.000,6581.998,6583.998,6581.998,6583.998,0.0011
11.07.2019 09:45:00.000,6582.998,6582.998,6579.998,6579.998,0.0007
11.07.2019 09:46:00.000,6579.998,6579.998,6577.998,6577.998,0.0003
11.07.2019 09:47:00.000,6576.998,6579.998,6576.998,6579.998,0.0007
11.07.2019 09:48:00.000,6579.997,6581.998,6577.998,6578.998,0.0028
11.07.2019 09:49:00.000,6578.998,6578.998,6577.997,6578.998,0.0008
11.07.2019 09:50:00.000,6578.997,6581.998,6578.997,6581.998,0.0026
11.07.2019 09:51:00.000,6583.998,6585.998,6583.998,6585.998,0.0003
11.07.2019 09:52:00.000,6585.998,6585.998,6584.997,6584.998,0.0015
11.07.2019 09:53:00.000,6585.997,6585.997,6583.997,6584.998,0.0002
11.07.2019 09:54:00.000,6581.998,6581.998,6579.997,6579.998,0.0012
11.07.2019 09:55:00.000,6578.997,6581.998,6578.997,6579.997,0.0009
11.07.2019 09:56:00.000,6579.998,6579.998,6577.998,6577.998,0.0005
11.07.2019 09:57:00.000,6578.998,6578.998,6577.998,6578.998,0.0004
11.07.2019 09:58:00.000,6579.997,6579.998,6578.998,6579.998,0.0002
11.07.2019 09:59:00.000,6579.997,6579.998,6579.997,6579.998,0.0004
11.07.2019 10:00:00.000,6580.998,6581.998,6580.997,6580.997,0.0004
11.07.2019 10:01:00.000,6580.998,6580.998,6577.997,6577.998,0.0007
11.07.2019 10:02:00.000,6577.997,6577.997,6576.997,6576.997,0.0013
11.07.2019 10:03:00.000,6576.998,6578.998,6575.997,6578.998,0.003
11.07.2019 10:04:00.000,6579.998,6580.998,6578.998,6578.998,0.0011
11.07.2019 10:05:00.000,6578.998,6578.998,6573.997,6574.998,0.0015
11.07.2019 10:06:00.000,6574.998,6574.998,6573.997,6573.997,0.0007
11.07.2019 10:07:00.000,6573.998,6573.998,6570.998,6570.998,0.0014
11.07.2019 10:09:00.000,6571.997,6574.998,6571.997,6574.997,0.0027
11.07.2019 10:10:00.000,6574.998,6574.998,6571.998,6573.998,0.0019
11.07.2019 10:11:00.000,6574.998,6574.998,6571.997,6573.998,0.0021
11.07.2019 10:12:00.000,6573.750,6573.750,6570.997,6571.998,0.0024
11.07.2019 10:13:00.000,6571.997,6571.997,6571.997,6571.997,0.0009
11.07.2019 10:14:00.000,6571.998,6573.998,6569.997,6572.997,0.0026
11.07.2019 10:15:00.000,6572.998,6572.998,6571.998,6571.998,0.0004
11.07.2019 10:16:00.000,6571.997,6571.997,6570.997,6570.998,0.0009
11.07.2019 10:17:00.000,6569.997,6570.998,6563.998,6570.998,0.0055
11.07.2019 10:18:00.000,6570.997,6570.998,6568.997,6569.997,0.0034
11.07.2019 10:19:00.000,6569.998,6569.998,6568.997,6568.998,0.001
11.07.2019 10:20:00.000,6567.998,6568.998,6566.997,6566.997,0.0035
11.07.2019 10:21:00.000,6566.997,6569.998,6565.998,6569.997,0.0047
11.07.2019 10:22:00.000,6569.998,6570.998,6569.998,6570.998,0.0005
11.07.2019 10:23:00.000,6570.997,6571.998,6570.997,6571.998,0.0024
11.07.2019 10:24:00.000,6571.998,6571.998,6570.997,6570.998,0.0015
11.07.2019 10:25:00.000,6571.997,6571.998,6569.998,6571.998,0.0008
11.07.2019 10:26:00.000,6571.998,6571.998,6568.997,6569.998,0.0023
11.07.2019 10:27:00.000,6570.998,6570.998,6569.997,6570.998,0.001
11.07.2019 10:28:00.000,6569.998,6570.998,6568.997,6568.998,0.002
11.07.2019 10:29:00.000,6567.997,6568.998,6565.997,6566.998,0.0029
11.07.2019 10:30:00.000,6567.998,6568.998,6565.997,6565.997,0.0033
11.07.2019 10:31:00.000,6565.998,6571.998,6565.998,6567.998,0.0062
11.07.2019 10:33:00.000,6569.998,6572.998,6569.997,6572.997,0.0029
11.07.2019 10:34:00.000,6573.998,6573.998,6571.998,6572.998,0.0016
11.07.2019 10:35:00.000,6573.998,6574.998,6573.997,6574.997,0.0023
11.07.2019 10:36:00.000,6574.998,6574.998,6573.997,6573.998,0.0034
11.07.2019 10:37:00.000,6571.998,6571.998,6571.998,6571.998,0.0003
11.07.2019 10:38:00.000,6571.997,6571.997,6566.998,6566.998,0.0053
11.07.2019 10:39:00.000,6565.998,6565.998,6563.998,6563.998,0.0016
11.07.2019 10:40:00.000,6564.998,6564.998,6563.997,6564.998,0.0042
11.07.2019 10:41:00.000,6564.998,6565.998,6564.997,6565.998,0.0004
11.07.2019 10:42:00.000,6565.998,6567.997,6565.997,6566.998,0.0033
11.07.2019 10:43:00.000,6566.997,6569.998,6566.997,6569.997,0.0062
11.07.2019 10:44:00.000,6569.998,6569.998,6567.997,6567.997,0.0017
11.07.2019 10:45:00.000,6567.997,6567.998,6567.997,6567.997,0.0011
11.07.2019 10:46:00.000,6567.998,6568.997,6567.997,6567.997,0.0028
11.07.2019 10:47:00.000,6567.998,6568.998,6565.997,6565.998,0.0059
11.07.2019 10:48:00.000,6566.997,6566.998,6565.998,6566.997,0.0012
11.07.2019 10:49:00.000,6566.997,6568.997,6565.998,6568.997,0.0058
11.07.2019 10:50:00.000,6568.998,6568.998,6567.997,6568.997,0.0016
11.07.2019 10:51:00.000,6567.998,6568.998,6567.997,6567.998,0.0016
11.07.2019 10:52:00.000,6567.997,6568.998,6566.998,6567.998,0.0032
11.07.2019 10:53:00.000,6567.997,6568.998,6566.997,6568.998,0.0078
11.07.2019 10:54:00.000,6569.998,6569.998,6568.998,6569.997,0.0019
11.07.2019 10:55:00.000,6569.998,6573.998,6569.997,6573.998,0.0047
11.07.2019 10:56:00.000,6572.998,6573.998,6572.997,6572.997,0.0058
11.07.2019 10:57:00.000,6573.998,6573.998,6571.997,6571.998,0.009
11.07.2019 10:58:00.000,6571.998,6574.998,6571.998,6573.998,0.0028
11.07.2019 10:59:00.000,6573.997,6574.998,6571.997,6573.998,0.0097
11.07.2019 11:00:00.000,6573.997,6573.998,6573.997,6573.998,0.0021
11.07.2019 11:02:00.000,6574.998,6578.998,6573.997,6578.998,0.0028
11.07.2019 11:03:00.000,6578.997,6578.998,6577.997,6578.998,0.0042
11.07.2019 11:04:00.000,6578.998,6578.998,6577.998,6578.998,0.0036
11.07.2019 11:05:00.000,6578.998,6578.998,6576.998,6578.998,0.0031
11.07.2019 11:06:00.000,6575.998,6576.998,6575.997,6575.998,0.0014
11.07.2019 11:07:00.000,6575.997,6575.998,6575.997,6575.997,0.0002
11.07.2019 11:08:00.000,6575.998,6575.998,6573.997,6575.998,0.004
11.07.2019 11:09:00.000,6575.998,6575.998,6573.997,6574.998,0.0033
11.07.2019 11:10:00.000,6574.997,6574.998,6574.997,6574.998,0.0017
11.07.2019 11:11:00.000,6574.998,6574.998,6574.998,6574.998,0.0004
11.07.2019 11:12:00.000,6574.998,6574.998,6571.998,6573.997,0.0067
11.07.2019 11:13:00.000,6574.997,6576.998,6573.997,6576.998,0.0023
11.07.2019 11:14:00.000,6576.998,6576.998,6575.997,6575.997,0.0007
11.07.2019 11:15:00.000,6575.998,6576.998,6575.998,6576.997,0.001
11.07.2019 11:16:00.000,6576.998,6576.998,6576.997,6576.998,0.001
11.07.2019 11:17:00.000,6576.997,6580.998,6575.997,6579.997,0.008
11.07.2019 11:18:00.000,6579.997,6581.998,6579.997,6580.998,0.0047
11.07.2019 11:19:00.000,6580.997,6580.997,6579.997,6579.997,0.0015
11.07.2019 11:20:00.000,6579.998,6580.998,6579.997,6579.997,0.0043
11.07.2019 11:21:00.000,6579.998,6579.998,6579.997,6579.998,0.0021
11.07.2019 11:22:00.000,6579.997,6579.998,6579.997,6579.998,0.0009
11.07.2019 11:23:00.000,6579.997,6579.998,6577.997,6579.997,0.0038
11.07.2019 11:24:00.000,6579.998,6579.998,6579.997,6579.998,0.0004
11.07.2019 11:25:00.000,6579.997,6579.997,6579.997,6579.997,0.0003
11.07.2019 11:26:00.000,6579.998,6581.998,6579.997,6579.998,0.0044
11.07.2019 11:27:00.000,6579.998,6579.998,6578.997,6578.997,0.0037
11.07.2019 11:28:00.000,6578.997,6578.997,6574.998,6574.998,0.0016
11.07.2019 11:29:00.000,6574.997,6574.998,6574.997,6574.997,0.0017
11.07.2019 11:30:00.000,6574.997,6574.998,6573.997,6573.998,0.0038
11.07.2019 11:31:00.000,6574.998,6575.997,6573.997,6574.998,0.0024
11.07.2019 11:32:00.000,6573.998,6573.998,6572.997,6573.998,0.0033
11.07.2019 11:33:00.000,6573.997,6573.997,6573.997,6573.997,0.0004
11.07.2019 11:34:00.000,6573.998,6574.998,6573.997,6573.997,0.0033
11.07.2019 11:35:00.000,6573.997,6574.998,6571.998,6572.998,0.0031
11.07.2019 11:36:00.000,6572.997,6573.998,6572.997,6573.998,0.0025
11.07.2019 11:37:00.000,6573.997,6574.997,6573.997,6573.997,0.0032
11.07.2019 11:38:00.000,6573.998,6576.998,6573.998,6576.998,0.0015
11.07.2019 11:39:00.000,6576.997,6576.997,6573.997,6573.997,0.0014
11.07.2019 11:40:00.000,6573.998,6575.998,6573.997,6573.998,0.0034
11.07.2019 11:41:00.000,6574.997,6574.998,6573.997,6573.998,0.0023
11.07.2019 11:42:00.000,6573.997,6575.998,6573.997,6575.998,0.0049
11.07.2019 11:43:00.000,6575.997,6575.998,6575.997,6575.998,0.0004
11.07.2019 11:44:00.000,6575.750,6575.750,6573.997,6573.997,0.0022
11.07.2019 11:45:00.000,6573.998,6573.998,6573.997,6573.998,0.0013
11.07.2019 11:46:00.000,6573.998,6574.998,6573.998,6574.998,0.0007
11.07.2019 11:47:00.000,6574.997,6574.998,6573.997,6573.998,0.0017
11.07.2019 11:48:00.000,6573.997,6573.998,6569.998,6571.997,0.0031
11.07.2019 11:49:00.000,6571.998,6574.998,6571.997,6574.998,0.0014
11.07.2019 11:50:00.000,6574.997,6574.998,6572.998,6574.997,0.0012
11.07.2019 11:51:00.000,6574.998,6580.998,6574.997,6579.998,0.004
11.07.2019 11:52:00.000,6581.998,6581.998,6579.998,6581.998,0.0031
11.07.2019 11:53:00.000,6581.997,6582.998,6581.997,6582.998,0.0019
11.07.2019 11:54:00.000,6583.998,6587.998,6583.997,6587.998,0.0038
11.07.2019 11:55:00.000,6587.750,6587.750,6581.997,6583.997,0.0021
11.07.2019 11:56:00.000,6583.998,6583.998,6582.997,6582.998,0.0017
11.07.2019 11:57:00.000,6582.997,6583.998,6582.997,6582.997,0.0027
11.07.2019 11:58:00.000,6582.998,6582.998,6579.997,6581.997,0.0043
11.07.2019 11:59:00.000,6581.998,6581.998,6580.998,6581.998,0.0031
11.07.2019 12:00:00.000,6581.997,6586.998,6581.997,6586.997,0.0062
11.07.2019 12:01:00.000,6585.998,6589.998,6585.998,6587.997,0.0024
11.07.2019 12:02:00.000,6587.998,6587.998,6587.997,6587.997,0.0006
11.07.2019 12:04:00.000,6587.997,6587.998,6586.998,6587.998,0.001
11.07.2019 12:05:00.000,6588.998,6591.998,6586.998,6591.997,0.0032
11.07.2019 12:06:00.000,6591.997,6593.998,6590.997,6592.998,0.0018
11.07.2019 12:07:00.000,6593.998,6595.998,6593.997,6595.998,0.0016
11.07.2019 12:08:00.000,6595.997,6601.998,6594.997,6601.998,0.002
11.07.2019 12:09:00.000,6600.998,6600.998,6597.998,6598.998,0.0009
11.07.2019 12:10:00.000,6598.998,6598.998,6592.998,6592.998,0.0028
11.07.2019 12:11:00.000,6592.997,6594.998,6592.997,6594.998,0.0004
11.07.2019 12:12:00.000,6594.997,6594.998,6591.998,6591.998,0.0007
11.07.2019 12:13:00.000,6592.998,6592.998,6586.998,6588.998,0.0023
11.07.2019 12:14:00.000,6589.998,6589.998,6588.998,6588.998,0.0011
11.07.2019 12:15:00.000,6589.997,6590.998,6589.997,6590.998,0.0006
11.07.2019 12:17:00.000,6590.997,6590.997,6588.998,6588.998,0.0012
11.07.2019 12:18:00.000,6589.997,6589.998,6589.997,6589.998,0.0002
11.07.2019 12:19:00.000,6587.998,6587.998,6587.997,6587.998,0.0005
11.07.2019 12:20:00.000,6588.997,6589.998,6587.997,6587.998,0.0005
11.07.2019 12:21:00.000,6587.998,6587.998,6581.998,6582.998,0.0025
11.07.2019 12:22:00.000,6582.997,6582.998,6582.997,6582.997,0.0013
11.07.2019 12:23:00.000,6582.998,6584.998,6582.997,6583.998,0.0039
11.07.2019 12:24:00.000,6583.998,6583.998,6579.998,6580.997,0.0008
11.07.2019 12:25:00.000,6579.998,6579.998,6578.997,6578.998,0.0002
11.07.2019 12:26:00.000,6579.997,6579.997,6578.997,6578.997,0.0001
11.07.2019 12:27:00.000,6578.998,6581.998,6578.998,6580.998,0.0014
11.07.2019 12:28:00.000,6581.998,6589.998,6581.998,6589.998,0.0066
11.07.2019 12:29:00.000,6589.997,6590.997,6588.998,6588.998,0.0024
11.07.2019 12:30:00.000,6588.998,6590.998,6580.997,6589.997,0.0054
11.07.2019 12:31:00.000,6589.998,6590.998,6584.997,6584.998,0.0028
11.07.2019 12:32:00.000,6586.997,6590.998,6586.997,6590.998,0.004
11.07.2019 12:33:00.000,6590.998,6590.998,6588.998,6590.998,0.001
11.07.2019 12:34:00.000,6590.998,6593.998,6590.997,6593.998,0.0028
11.07.2019 12:35:00.000,6593.998,6593.998,6593.997,6593.998,0.0009
11.07.2019 12:36:00.000,6593.997,6593.998,6592.998,6592.998,0.0005
11.07.2019 12:37:00.000,6593.997,6593.998,6589.998,6589.998,0.0029
11.07.2019 12:38:00.000,6589.997,6589.997,6585.998,6586.998,0.003
11.07.2019 12:39:00.000,6586.997,6586.997,6583.997,6583.997,0.0022
11.07.2019 12:40:00.000,6583.998,6586.998,6579.998,6584.998,0.0014
11.07.2019 12:41:00.000,6584.997,6587.998,6584.997,6587.997,0.0021
11.07.2019 12:42:00.000,6587.997,6588.998,6586.997,6588.997,0.0057
11.07.2019 12:43:00.000,6588.997,6592.998,6588.997,6592.997,0.0055
11.07.2019 12:44:00.000,6592.998,6594.998,6592.997,6592.998,0.002
11.07.2019 12:45:00.000,6592.998,6592.998,6590.997,6591.997,0.0043
11.07.2019 12:46:00.000,6592.998,6592.998,6591.998,6591.998,0.0013
11.07.2019 12:47:00.000,6592.998,6594.998,6592.997,6594.998,0.0017
11.07.2019 12:48:00.000,6594.997,6594.998,6590.997,6591.998,0.0013
11.07.2019 12:49:00.000,6590.998,6591.998,6590.997,6590.997,0.0046
11.07.2019 12:50:00.000,6590.998,6591.998,6590.997,6591.998,0.003
11.07.2019 12:51:00.000,6590.998,6591.998,6588.998,6588.998,0.0017
11.07.2019 12:52:00.000,6588.997,6589.998,6588.997,6588.997,0.0019
11.07.2019 12:53:00.000,6589.998,6589.998,6588.997,6588.998,0.0037
11.07.2019 12:54:00.000,6588.998,6588.998,6586.998,6587.998,0.0011
11.07.2019 12:55:00.000,6587.998,6588.998,6586.997,6587.998,0.0015
11.07.2019 12:56:00.000,6586.998,6590.998,6586.997,6589.997,0.0014
11.07.2019 12:57:00.000,6589.998,6605.998,6589.998,6605.997,0.0081
11.07.2019 12:58:00.000,6605.998,6610.998,6603.997,6603.997,0.0122
11.07.2019 12:59:00.000,6603.997,6607.998,6601.998,6607.998,0.0016
11.07.2019 13:00:00.000,6606.998,6606.998,6602.998,6603.998,0.0021
11.07.2019 13:01:00.000,6603.997,6604.997,6602.997,6602.998,0.0045
11.07.2019 13:03:00.000,6603.998,6617.998,6602.997,6615.997,0.013
11.07.2019 13:04:00.000,6614.998,6614.998,6609.998,6609.998,0.0032
11.07.2019 13:05:00.000,6609.998,6611.998,6607.997,6611.997,0.0014
11.07.2019 13:06:00.000,6610.998,6610.998,6610.998,6610.998,0.0001
11.07.2019 13:07:00.000,6610.998,6612.998,6608.997,6608.997,0.0017
11.07.2019 13:08:00.000,6608.998,6610.998,6608.998,6609.998,0.0031
11.07.2019 13:09:00.000,6610.998,6610.998,6607.997,6608.998,0.0019
11.07.2019 13:10:00.000,6608.997,6609.998,6607.998,6609.997,0.0015
11.07.2019 13:11:00.000,6608.998,6609.998,6607.997,6608.998,0.0038
11.07.2019 13:12:00.000,6608.997,6609.998,6607.998,6607.998,0.004
11.07.2019 13:13:00.000,6607.997,6607.997,6599.998,6599.998,0.002
11.07.2019 13:14:00.000,6599.998,6599.998,6596.997,6596.997,0.0059
11.07.2019 13:15:00.000,6596.998,6597.998,6594.997,6594.998,0.0025
11.07.2019 13:16:00.000,6595.998,6601.998,6595.998,6601.997,0.007
11.07.2019 13:17:00.000,6601.998,6601.998,6599.997,6599.998,0.0039
11.07.2019 13:18:00.000,6599.997,6600.998,6599.997,6600.998,0.0062
11.07.2019 13:19:00.000,6600.997,6600.998,6600.997,6600.997,0.0003
11.07.2019 13:20:00.000,6600.998,6600.998,6599.997,6599.997,0.0019
11.07.2019 13:21:00.000,6599.998,6599.998,6598.997,6598.997,0.0064
11.07.2019 13:22:00.000,6598.998,6600.998,6598.998,6599.998,0.0025
11.07.2019 13:23:00.000,6599.998,6599.998,6597.997,6597.998,0.004
11.07.2019 13:24:00.000,6597.997,6600.998,6597.997,6600.998,0.0054
11.07.2019 13:25:00.000,6600.998,6601.998,6600.997,6601.998,0.0033
11.07.2019 13:26:00.000,6601.997,6601.998,6597.998,6599.997,0.0058
11.07.2019 13:27:00.000,6599.997,6599.998,6598.997,6599.998,0.0031
11.07.2019 13:28:00.000,6598.998,6599.998,6597.997,6597.997,0.0029
11.07.2019 13:29:00.000,6596.997,6599.998,6596.997,6599.997,0.0033
11.07.2019 13:30:00.000,6599.998,6602.998,6599.997,6602.998,0.0061
11.07.2019 13:31:00.000,6602.997,6611.997,6602.997,6611.997,0.0124
11.07.2019 13:32:00.000,6612.997,6614.998,6609.997,6609.997,0.0089
11.07.2019 13:33:00.000,6609.998,6612.998,6609.997,6612.998,0.0043
11.07.2019 13:34:00.000,6613.997,6615.998,6613.997,6615.998,0.0068
11.07.2019 13:35:00.000,6614.998,6615.998,6614.997,6614.998,0.0106
11.07.2019 13:36:00.000,6614.998,6616.998,6612.997,6616.998,0.006
11.07.2019 13:37:00.000,6616.997,6616.998,6615.997,6616.997,0.008
11.07.2019 13:38:00.000,6616.998,6621.998,6615.998,6618.997,0.0144
11.07.2019 13:39:00.000,6618.998,6618.998,6617.997,6618.998,0.0049
11.07.2019 13:40:00.000,6618.998,6627.998,6618.997,6627.998,0.0262
11.07.2019 13:41:00.000,6627.997,6630.998,6621.997,6623.997,0.0316
11.07.2019 13:42:00.000,6623.998,6625.998,6621.998,6621.998,0.0057
11.07.2019 13:43:00.000,6620.998,6630.998,6620.998,6629.998,0.0141
11.07.2019 13:44:00.000,6629.997,6635.998,6629.997,6631.997,0.0193
11.07.2019 13:45:00.000,6631.998,6631.998,6629.997,6630.997,0.0074
11.07.2019 13:46:00.000,6630.997,6630.997,6627.997,6629.998,0.0062
11.07.2019 13:47:00.000,6629.997,6629.998,6627.997,6629.997,0.0072
11.07.2019 13:48:00.000,6629.998,6634.998,6628.997,6633.998,0.0055
11.07.2019 13:49:00.000,6632.998,6633.998,6632.997,6632.998,0.0018
11.07.2019 13:50:00.000,6632.997,6639.997,6627.998,6637.997,0.0098
11.07.2019 13:51:00.000,6637.998,6638.998,6634.997,6635.997,0.0047
11.07.2019 13:52:00.000,6635.997,6637.998,6634.997,6637.997,0.0071
11.07.2019 13:53:00.000,6637.997,6637.997,6636.998,6636.998,0.002
11.07.2019 13:54:00.000,6636.998,6637.998,6634.997,6634.998,0.0054
11.07.2019 13:55:00.000,6635.998,6635.998,6632.997,6633.998,0.0009
11.07.2019 13:56:00.000,6633.998,6634.998,6630.998,6631.998,0.0073
11.07.2019 13:57:00.000,6631.997,6637.998,6630.997,6637.998,0.0071
11.07.2019 13:58:00.000,6638.998,6641.998,6637.997,6640.998,0.005
11.07.2019 13:59:00.000,6640.997,6640.998,6638.997,6639.998,0.0027
11.07.2019 14:00:00.000,6639.997,6639.998,6633.997,6634.997,0.0048
11.07.2019 14:01:00.000,6634.998,6634.998,6631.997,6631.998,0.0098
11.07.2019 14:02:00.000,6630.997,6631.998,6626.997,6627.998,0.0093
11.07.2019 14:03:00.000,6627.997,6628.998,6624.997,6624.997,0.0062
11.07.2019 14:04:00.000,6624.998,6624.998,6618.997,6620.997,0.0058
11.07.2019 14:05:00.000,6620.998,6620.998,6612.997,6615.998,0.0066
11.07.2019 14:06:00.000,6615.997,6615.998,6610.997,6610.998,0.0069
11.07.2019 14:07:00.000,6610.997,6611.998,6603.997,6605.998,0.0054
11.07.2019 14:08:00.000,6606.998,6606.998,6605.998,6605.998,0.0024
11.07.2019 14:09:00.000,6605.997,6605.997,6600.998,6601.998,0.0025
11.07.2019 14:10:00.000,6602.998,6606.998,6601.998,6605.998,0.0061
11.07.2019 14:11:00.000,6604.998,6605.998,6601.998,6604.998,0.0069
11.07.2019 14:12:00.000,6605.997,6607.998,6602.998,6602.998,0.0041
11.07.2019 14:13:00.000,6602.997,6602.998,6600.997,6600.997,0.0036
11.07.2019 14:14:00.000,6600.998,6600.998,6596.998,6597.998,0.0038
11.07.2019 14:15:00.000,6597.750,6597.998,6594.998,6597.998,0.005
11.07.2019 14:16:00.000,6597.997,6601.998,6596.998,6600.997,0.0058
11.07.2019 14:17:00.000,6600.998,6600.998,6597.997,6598.998,0.0098
11.07.2019 14:18:00.000,6598.997,6598.997,6596.997,6596.998,0.0081
11.07.2019 14:19:00.000,6597.997,6599.997,6597.997,6598.997,0.0051
11.07.2019 14:20:00.000,6598.998,6599.998,6597.997,6597.997,0.005
11.07.2019 14:21:00.000,6597.998,6597.998,6593.998,6594.998,0.0043
11.07.2019 14:22:00.000,6595.998,6595.998,6587.998,6589.998,0.009
11.07.2019 14:23:00.000,6589.997,6593.998,6588.997,6590.998,0.0071
11.07.2019 14:24:00.000,6590.997,6592.998,6590.997,6592.998,0.003
11.07.2019 14:25:00.000,6592.997,6592.997,6577.998,6580.997,0.0075
11.07.2019 14:26:00.000,6580.998,6582.998,6580.997,6580.997,0.0063
11.07.2019 14:27:00.000,6580.998,6580.998,6575.997,6575.997,0.0046
11.07.2019 14:28:00.000,6577.998,6578.998,6570.998,6577.998,0.007
11.07.2019 14:29:00.000,6577.997,6577.998,6574.998,6576.998,0.0036
11.07.2019 14:30:00.000,6576.998,6576.998,6573.997,6574.998,0.0052
11.07.2019 14:31:00.000,6574.997,6586.998,6574.997,6584.997,0.0076
11.07.2019 14:32:00.000,6582.998,6582.998,6577.997,6580.997,0.0082
11.07.2019 14:33:00.000,6580.998,6580.998,6577.997,6579.998,0.0063
11.07.2019 14:34:00.000,6579.997,6580.998,6578.997,6578.998,0.0045
11.07.2019 14:35:00.000,6577.998,6579.998,6577.998,6579.998,0.0032
11.07.2019 14:36:00.000,6579.997,6580.998,6577.998,6580.998,0.0036
11.07.2019 14:37:00.000,6580.997,6580.998,6577.998,6578.997,0.0045
11.07.2019 14:38:00.000,6578.998,6584.998,6577.998,6584.997,0.0056
11.07.2019 14:39:00.000,6584.998,6587.998,6584.998,6587.998,0.0045
11.07.2019 14:40:00.000,6588.997,6589.998,6583.998,6586.998,0.0048
11.07.2019 14:41:00.000,6586.997,6586.998,6583.998,6585.998,0.0024
11.07.2019 14:42:00.000,6585.998,6594.998,6585.997,6589.998,0.0128
11.07.2019 14:43:00.000,6590.998,6590.998,6588.998,6589.998,0.0041
11.07.2019 14:44:00.000,6589.997,6589.998,6583.998,6585.997,0.0065
11.07.2019 14:45:00.000,6585.998,6587.998,6585.998,6587.997,0.0042
11.07.2019 14:46:00.000,6587.998,6587.998,6586.997,6587.998,0.0091
11.07.2019 14:47:00.000,6587.997,6589.998,6587.997,6589.998,0.0076
11.07.2019 14:48:00.000,6590.998,6594.998,6590.998,6594.998,0.0094
11.07.2019 14:49:00.000,6594.997,6594.998,6593.997,6593.998,0.0073
11.07.2019 14:50:00.000,6593.750,6593.750,6583.997,6585.997,0.0038
11.07.2019 14:51:00.000,6585.998,6589.998,6584.998,6588.998,0.0046
11.07.2019 14:52:00.000,6587.997,6589.998,6585.997,6587.997,0.0031
11.07.2019 14:53:00.000,6588.998,6589.998,6586.997,6587.997,0.0057
11.07.2019 14:54:00.000,6587.998,6592.998,6587.997,6591.998,0.0057
11.07.2019 14:55:00.000,6591.998,6595.998,6591.998,6595.997,0.0045
11.07.2019 14:56:00.000,6595.997,6595.998,6594.997,6595.998,0.002
11.07.2019 14:57:00.000,6595.500,6597.998,6592.997,6592.998,0.0035
11.07.2019 14:58:00.000,6592.997,6594.997,6587.997,6589.998,0.0069
11.07.2019 14:59:00.000,6589.997,6589.998,6586.998,6587.998,0.0055
11.07.2019 15:00:00.000,6587.997,6590.997,6586.997,6589.997,0.0116
11.07.2019 15:01:00.000,6589.998,6590.997,6588.997,6590.997,0.006
11.07.2019 15:02:00.000,6590.998,6592.998,6589.997,6589.998,0.0102
11.07.2019 15:03:00.000,6588.998,6589.998,6587.998,6588.998,0.0059
11.07.2019 15:04:00.000,6588.997,6591.998,6588.997,6591.997,0.0078
11.07.2019 15:05:00.000,6592.998,6595.998,6592.997,6594.997,0.0053
11.07.2019 15:06:00.000,6594.998,6595.998,6590.998,6590.998,0.0132
11.07.2019 15:07:00.000,6590.997,6593.998,6590.997,6591.997,0.0044
11.07.2019 15:08:00.000,6591.997,6592.998,6590.997,6591.997,0.0094
11.07.2019 15:09:00.000,6591.998,6591.998,6588.997,6588.997,0.0054
11.07.2019 15:10:00.000,6588.998,6588.998,6585.997,6586.997,0.009
11.07.2019 15:11:00.000,6586.998,6588.997,6582.998,6583.998,0.0074
11.07.2019 15:12:00.000,6583.998,6585.998,6582.997,6584.998,0.0072
11.07.2019 15:13:00.000,6584.997,6586.998,6583.998,6584.997,0.0056
11.07.2019 15:14:00.000,6584.998,6586.998,6584.998,6586.998,0.0061
11.07.2019 15:15:00.000,6586.997,6590.998,6586.997,6589.998,0.0056
11.07.2019 15:16:00.000,6589.997,6590.998,6589.997,6590.998,0.0017
11.07.2019 15:17:00.000,6590.997,6590.998,6589.998,6590.998,0.0036
11.07.2019 15:18:00.000,6590.997,6591.998,6590.997,6591.997,0.0096
11.07.2019 15:19:00.000,6591.998,6595.997,6591.998,6592.998,0.0051
11.07.2019 15:20:00.000,6592.998,6592.998,6587.998,6588.997,0.0042
11.07.2019 15:21:00.000,6588.998,6589.998,6587.997,6588.998,0.0065
11.07.2019 15:22:00.000,6587.998,6589.998,6585.997,6589.998,0.0045
11.07.2019 15:23:00.000,6589.998,6590.998,6589.997,6590.998,0.0008
11.07.2019 15:24:00.000,6590.997,6591.998,6588.998,6588.998,0.0046
11.07.2019 15:25:00.000,6588.998,6588.998,6587.997,6587.997,0.0041
11.07.2019 15:26:00.000,6584.998,6588.998,6584.997,6588.998,0.008
11.07.2019 15:27:00.000,6588.997,6590.998,6578.998,6578.998,0.0106
11.07.2019 15:28:00.000,6578.998,6581.998,6578.997,6581.997,0.0079
11.07.2019 15:29:00.000,6581.997,6581.998,6579.998,6579.998,0.012
12.07.2019 07:01:00.000,6603.998,6603.998,6588.998,6588.998,0.0012
12.07.2019 07:02:00.000,6583.997,6583.997,6579.998,6581.998,0.0009
12.07.2019 07:03:00.000,6581.998,6586.998,6578.997,6582.998,0.001
12.07.2019 07:04:00.000,6582.997,6587.998,6581.998,6587.998,0.0004
12.07.2019 07:05:00.000,6588.997,6588.998,6581.997,6581.998,0.0026
12.07.2019 07:06:00.000,6581.998,6583.998,6572.998,6583.998,0.0036
12.07.2019 07:07:00.000,6583.998,6586.997,6578.998,6580.997,0.0014
12.07.2019 07:08:00.000,6581.997,6582.998,6577.997,6577.998,0.0031
12.07.2019 07:09:00.000,6577.998,6582.998,6571.997,6571.998,0.0034
12.07.2019 07:10:00.000,6573.998,6573.998,6554.997,6554.997,0.0049
12.07.2019 07:11:00.000,6557.997,6564.998,6554.997,6554.997,0.0039
12.07.2019 07:12:00.000,6554.998,6556.998,6550.998,6551.998,0.0021
12.07.2019 07:13:00.000,6553.997,6553.998,6550.998,6552.997,0.002
12.07.2019 07:14:00.000,6552.997,6554.998,6548.998,6549.998,0.002
12.07.2019 07:15:00.000,6549.997,6550.997,6547.997,6547.998,0.004
12.07.2019 07:16:00.000,6543.998,6551.998,6543.998,6549.998,0.0041
12.07.2019 07:17:00.000,6549.997,6553.998,6549.997,6553.998,0.0017
12.07.2019 07:18:00.000,6553.997,6554.998,6552.997,6552.998,0.0014
12.07.2019 07:19:00.000,6552.997,6560.998,6551.997,6559.998,0.005
12.07.2019 07:20:00.000,6558.998,6561.998,6557.997,6560.997,0.003
12.07.2019 07:21:00.000,6560.998,6561.998,6556.997,6558.998,0.0023
12.07.2019 07:22:00.000,6558.998,6560.998,6558.998,6559.998,0.0005
12.07.2019 07:23:00.000,6559.998,6559.998,6556.997,6559.997,0.0024
12.07.2019 07:24:00.000,6559.997,6561.998,6557.997,6561.998,0.0019
12.07.2019 07:25:00.000,6561.998,6565.998,6561.998,6565.998,0.0025
12.07.2019 07:26:00.000,6565.997,6567.998,6565.997,6567.998,0.0021
12.07.2019 07:28:00.000,6567.998,6567.998,6559.997,6559.998,0.0029
12.07.2019 07:29:00.000,6559.998,6560.998,6559.997,6559.998,0.0014
12.07.2019 07:30:00.000,6559.997,6559.998,6557.997,6559.998,0.0013
12.07.2019 07:31:00.000,6560.997,6562.998,6559.997,6562.997,0.0036
12.07.2019 07:32:00.000,6564.998,6564.998,6560.997,6561.998,0.0042
12.07.2019 07:33:00.000,6563.997,6563.998,6562.997,6562.997,0.0027
12.07.2019 07:34:00.000,6563.998,6563.998,6560.997,6563.997,0.0027
12.07.2019 07:35:00.000,6563.998,6563.998,6561.997,6561.997,0.0018
12.07.2019 07:36:00.000,6562.998,6564.998,6562.998,6563.998,0.0011
12.07.2019 07:37:00.000,6563.998,6563.998,6560.997,6560.998,0.0033
12.07.2019 07:38:00.000,6560.997,6562.998,6560.997,6561.998,0.0021
12.07.2019 07:39:00.000,6560.998,6560.998,6558.997,6559.998,0.005
12.07.2019 07:40:00.000,6559.997,6560.998,6557.997,6560.997,0.0053
12.07.2019 07:41:00.000,6560.998,6562.998,6559.997,6561.998,0.0036
12.07.2019 07:42:00.000,6562.998,6562.998,6562.997,6562.997,0.001
12.07.2019 07:43:00.000,6562.998,6564.998,6560.997,6561.998,0.0075
12.07.2019 07:44:00.000,6561.998,6562.998,6559.998,6562.997,0.0022
12.07.2019 07:45:00.000,6562.998,6562.998,6558.997,6562.998,0.0032
12.07.2019 07:46:00.000,6563.998,6565.998,6563.997,6563.997,0.0022
12.07.2019 07:47:00.000,6564.998,6565.998,6564.998,6564.998,0.0009
12.07.2019 07:48:00.000,6564.998,6564.998,6560.997,6563.998,0.0022
12.07.2019 07:49:00.000,6563.750,6563.750,6560.997,6562.997,0.0022
12.07.2019 07:50:00.000,6562.998,6564.998,6560.998,6564.997,0.005
12.07.2019 07:51:00.000,6564.998,6564.998,6564.997,6564.998,0.016
12.07.2019 07:52:00.000,6564.997,6565.998,6564.997,6565.998,0.0262
12.07.2019 07:53:00.000,6565.997,6574.998,6565.997,6573.998,0.0059
12.07.2019 07:54:00.000,6573.997,6577.998,6573.997,6577.998,0.0019
12.07.2019 07:55:00.000,6577.998,6579.998,6577.997,6579.998,0.0078
12.07.2019 07:56:00.000,6579.998,6579.998,6579.997,6579.998,0.0014
12.07.2019 07:57:00.000,6578.998,6582.998,6577.998,6582.998,0.0075
12.07.2019 07:58:00.000,6583.998,6584.998,6582.997,6582.997,0.0056
12.07.2019 07:59:00.000,6582.998,6583.998,6582.998,6583.998,0.0002
12.07.2019 08:00:00.000,6584.998,6586.998,6584.997,6586.998,0.001
12.07.2019 08:01:00.000,6586.998,6587.998,6586.997,6586.997,0.0033
12.07.2019 08:02:00.000,6586.998,6587.998,6586.998,6587.998,0.0078
12.07.2019 08:03:00.000,6587.997,6595.998,6587.997,6595.998,0.0078
12.07.2019 08:04:00.000,6595.998,6595.998,6591.997,6594.997,0.0094
12.07.2019 08:05:00.000,6594.997,6594.997,6590.997,6590.997,0.0036
12.07.2019 08:06:00.000,6590.997,6591.998,6584.998,6585.998,0.0027
12.07.2019 08:07:00.000,6585.997,6589.998,6585.997,6589.997,0.0021
12.07.2019 08:08:00.000,6589.998,6590.998,6589.997,6590.997,0.0009
12.07.2019 08:09:00.000,6590.998,6595.998,6584.997,6591.998,0.0084
12.07.2019 08:10:00.000,6590.998,6592.998,6587.998,6587.998,0.0051
12.07.2019 08:11:00.000,6591.997,6591.998,6587.998,6588.997,0.0045
12.07.2019 08:12:00.000,6588.997,6588.998,6582.998,6582.998,0.0033
12.07.2019 08:13:00.000,6582.998,6582.998,6581.997,6581.998,0.0024
12.07.2019 08:14:00.000,6582.997,6582.998,6578.997,6581.998,0.0059
12.07.2019 08:15:00.000,6581.997,6581.998,6580.998,6581.998,0.0011
12.07.2019 08:16:00.000,6581.997,6581.998,6572.997,6575.998,0.0034
12.07.2019 08:17:00.000,6575.997,6575.998,6570.998,6573.997,0.0018
12.07.2019 08:18:00.000,6573.998,6573.998,6568.997,6569.998,0.0017
12.07.2019 08:19:00.000,6569.998,6569.998,6564.998,6567.997,0.0029
12.07.2019 08:20:00.000,6567.997,6570.998,6567.997,6570.997,0.0028
12.07.2019 08:21:00.000,6570.750,6570.750,6563.997,6563.998,0.0024
12.07.2019 08:22:00.000,6565.997,6567.997,6561.998,6563.998,0.0035
12.07.2019 08:23:00.000,6563.998,6563.998,6559.998,6560.998,0.0012
12.07.2019 08:24:00.000,6560.997,6563.998,6559.998,6562.997,0.0015
12.07.2019 08:25:00.000,6563.998,6565.998,6562.997,6565.998,0.0011
12.07.2019 08:26:00.000,6565.997,6565.997,6563.998,6563.998,0.0002
12.07.2019 08:27:00.000,6563.998,6569.998,6563.998,6568.997,0.0033
12.07.2019 08:28:00.000,6568.998,6571.998,6567.997,6570.998,0.0088
12.07.2019 08:29:00.000,6571.997,6572.998,6571.997,6571.997,0.0041
12.07.2019 08:30:00.000,6571.997,6573.998,6571.997,6573.998,0.0016
12.07.2019 08:31:00.000,6574.998,6579.997,6574.998,6578.997,0.0029
12.07.2019 08:32:00.000,6578.998,6583.998,6578.998,6583.998,0.0024
12.07.2019 08:33:00.000,6584.997,6585.998,6583.997,6583.997,0.0049
12.07.2019 08:34:00.000,6585.750,6587.998,6585.750,6587.997,0.0019
12.07.2019 08:35:00.000,6587.998,6589.998,6587.997,6588.998,0.0065
12.07.2019 08:36:00.000,6588.997,6588.997,6584.997,6585.997,0.0064
12.07.2019 08:37:00.000,6585.998,6585.998,6584.997,6584.997,0.0032
12.07.2019 08:38:00.000,6584.998,6587.998,6583.997,6587.998,0.0053
12.07.2019 08:39:00.000,6589.997,6591.998,6589.997,6590.998,0.0014
12.07.2019 08:40:00.000,6591.998,6593.998,6590.998,6590.998,0.0033
12.07.2019 08:41:00.000,6590.998,6590.998,6587.997,6588.998,0.0023
12.07.2019 08:42:00.000,6588.998,6588.998,6587.997,6587.998,0.0016
12.07.2019 08:43:00.000,6588.998,6592.997,6588.997,6592.997,0.0023
12.07.2019 08:44:00.000,6591.998,6594.998,6590.997,6590.998,0.0045
12.07.2019 08:45:00.000,6591.997,6593.998,6590.997,6591.997,0.0078
12.07.2019 08:46:00.000,6591.998,6592.998,6590.997,6591.997,0.0047
12.07.2019 08:47:00.000,6591.998,6591.998,6584.997,6584.997,0.0062
12.07.2019 08:48:00.000,6585.998,6589.998,6583.998,6585.997,0.005
12.07.2019 08:49:00.000,6586.998,6592.998,6584.997,6590.997,0.0057
12.07.2019 08:50:00.000,6590.998,6593.998,6590.997,6590.998,0.0019
12.07.2019 08:51:00.000,6590.998,6594.998,6590.998,6594.998,0.0067
12.07.2019 08:52:00.000,6593.998,6594.998,6590.997,6590.998,0.0032
12.07.2019 08:53:00.000,6591.998,6592.998,6590.997,6592.998,0.0047
12.07.2019 08:54:00.000,6592.997,6592.998,6589.997,6589.998,0.0088
12.07.2019 08:55:00.000,6590.997,6592.998,6589.997,6592.997,0.0032
12.07.2019 08:56:00.000,6593.998,6593.998,6586.997,6586.998,0.0076
12.07.2019 08:57:00.000,6587.997,6589.998,6586.997,6586.998,0.0023
12.07.2019 08:58:00.000,6587.998,6589.998,6587.998,6588.998,0.0016
12.07.2019 08:59:00.000,6589.998,6589.998,6582.997,6583.998,0.004
12.07.2019 09:00:00.000,6583.998,6585.998,6581.998,6581.998,0.0072
12.07.2019 09:01:00.000,6581.998,6581.998,6579.997,6580.998,0.0039
12.07.2019 09:02:00.000,6580.997,6582.998,6580.997,6581.998,0.0006
12.07.2019 09:03:00.000,6582.998,6582.998,6578.998,6580.998,0.0031
12.07.2019 09:04:00.000,6580.997,6580.997,6578.997,6579.998,0.0026
12.07.2019 09:05:00.000,6578.998,6580.998,6578.997,6579.998,0.0032
12.07.2019 09:06:00.000,6578.998,6578.998,6575.998,6577.998,0.0046
12.07.2019 09:07:00.000,6577.998,6577.998,6575.997,6577.998,0.0024
12.07.2019 09:08:00.000,6577.998,6579.998,6576.997,6579.998,0.0019
12.07.2019 09:09:00.000,6578.998,6579.998,6578.997,6578.998,0.0018
12.07.2019 09:10:00.000,6578.998,6580.998,6578.997,6579.998,0.0054
12.07.2019 09:11:00.000,6579.998,6579.998,6578.997,6579.997,0.0052
12.07.2019 09:12:00.000,6580.998,6581.998,6579.998,6581.998,0.0023
12.07.2019 09:13:00.000,6581.998,6581.998,6579.997,6579.998,0.0046
12.07.2019 09:14:00.000,6579.998,6579.998,6579.997,6579.997,0.0043
12.07.2019 09:15:00.000,6579.998,6580.998,6578.998,6579.998,0.0057
12.07.2019 09:16:00.000,6579.998,6580.998,6578.997,6580.997,0.0042
12.07.2019 09:17:00.000,6580.998,6582.998,6580.998,6581.998,0.0028
12.07.2019 09:18:00.000,6582.997,6583.998,6581.997,6583.997,0.0036
12.07.2019 09:19:00.000,6583.998,6585.998,6583.997,6584.998,0.0025
12.07.2019 09:20:00.000,6584.997,6585.997,6584.997,6584.998,0.0017
12.07.2019 09:21:00.000,6585.997,6586.998,6582.997,6583.997,0.0035
12.07.2019 09:22:00.000,6583.998,6583.998,6583.998,6583.998,0.0002
12.07.2019 09:23:00.000,6584.998,6587.998,6584.998,6587.998,0.0014
12.07.2019 09:24:00.000,6588.998,6589.998,6584.998,6585.997,0.0065
12.07.2019 09:25:00.000,6585.998,6587.998,6584.997,6587.998,0.0041
12.07.2019 09:26:00.000,6587.997,6590.998,6586.997,6590.998,0.0029
12.07.2019 09:27:00.000,6590.997,6591.998,6590.997,6591.998,0.0039
12.07.2019 09:28:00.000,6590.998,6590.998,6586.997,6590.998,0.0048
12.07.2019 09:29:00.000,6589.998,6589.998,6587.998,6588.998,0.0043
12.07.2019 09:30:00.000,6588.998,6590.998,6588.997,6590.997,0.0028
12.07.2019 09:31:00.000,6590.997,6590.997,6584.997,6585.997,0.0065
12.07.2019 09:32:00.000,6585.997,6585.998,6584.997,6585.998,0.0015
12.07.2019 09:33:00.000,6587.998,6587.998,6586.998,6587.997,0.0014
12.07.2019 09:34:00.000,6587.998,6590.998,6587.997,6589.998,0.0031
12.07.2019 09:35:00.000,6590.997,6590.998,6589.998,6589.998,0.0006
12.07.2019 09:37:00.000,6590.998,6590.998,6589.997,6590.998,0.0014
12.07.2019 09:38:00.000,6590.997,6590.998,6588.997,6588.998,0.0037
12.07.2019 09:39:00.000,6588.998,6588.998,6588.997,6588.998,0.0043
12.07.2019 09:40:00.000,6587.998,6587.998,6582.998,6585.998,0.0025
12.07.2019 09:41:00.000,6584.998,6585.998,6584.997,6584.997,0.0012
12.07.2019 09:42:00.000,6585.997,6586.998,6584.998,6584.998,0.0011
12.07.2019 09:43:00.000,6585.998,6586.997,6585.997,6585.997,0.0017
12.07.2019 09:44:00.000,6586.998,6587.998,6585.997,6585.998,0.0035
12.07.2019 09:45:00.000,6585.997,6586.998,6584.997,6585.998,0.0052
12.07.2019 09:47:00.000,6585.998,6585.998,6584.997,6584.997,0.0026
12.07.2019 09:48:00.000,6583.998,6583.998,6578.997,6578.998,0.0036
12.07.2019 09:50:00.000,6578.997,6580.998,6577.997,6579.998,0.0059
12.07.2019 09:51:00.000,6578.998,6579.998,6578.997,6579.998,0.0047
12.07.2019 09:52:00.000,6579.997,6581.998,6579.997,6581.998,0.0029
12.07.2019 09:53:00.000,6581.997,6581.998,6580.997,6581.998,0.0021
12.07.2019 09:54:00.000,6582.998,6582.998,6581.997,6582.997,0.0034
12.07.2019 09:55:00.000,6583.997,6583.998,6582.997,6582.997,0.0035
12.07.2019 09:56:00.000,6582.998,6582.998,6579.997,6580.997,0.0054
12.07.2019 09:57:00.000,6580.998,6580.998,6576.997,6576.998,0.0026
12.07.2019 09:58:00.000,6576.998,6582.998,6576.998,6579.998,0.0097
12.07.2019 09:59:00.000,6580.998,6580.998,6579.997,6579.997,0.0031
12.07.2019 10:00:00.000,6579.998,6581.998,6579.997,6579.998,0.0018
12.07.2019 10:01:00.000,6579.998,6579.998,6578.997,6578.997,0.0005
12.07.2019 10:02:00.000,6578.998,6579.998,6577.997,6577.998,0.0027
12.07.2019 10:03:00.000,6577.997,6580.998,6577.997,6579.997,0.0033
12.07.2019 10:04:00.000,6580.997,6580.997,6579.998,6579.998,0.0012
12.07.2019 10:05:00.000,6579.998,6579.998,6577.998,6578.997,0.0017
12.07.2019 10:06:00.000,6578.998,6579.998,6576.997,6576.998,0.0037
12.07.2019 10:07:00.000,6576.997,6576.998,6575.997,6575.998,0.0045
12.07.2019 10:08:00.000,6575.997,6577.998,6575.997,6576.998,0.0043
12.07.2019 10:09:00.000,6577.998,6577.998,6576.998,6577.998,0.0016
12.07.2019 10:10:00.000,6578.998,6578.998,6572.997,6572.998,0.0031
12.07.2019 10:11:00.000,6572.997,6573.998,6572.997,6573.997,0.0018
12.07.2019 10:12:00.000,6573.998,6573.998,6573.998,6573.998,0.0001
12.07.2019 10:13:00.000,6573.997,6573.997,6571.997,6571.997,0.0017
12.07.2019 10:14:00.000,6571.998,6571.998,6571.998,6571.998,0.0002
12.07.2019 10:15:00.000,6570.998,6572.998,6570.997,6571.998,0.0038
12.07.2019 10:17:00.000,6571.997,6573.998,6570.997,6572.998,0.0027
12.07.2019 10:18:00.000,6572.998,6573.998,6572.997,6573.997,0.0046
12.07.2019 10:19:00.000,6573.998,6574.998,6573.998,6574.998,0.0021
12.07.2019 10:20:00.000,6574.997,6574.997,6572.997,6573.998,0.0084
12.07.2019 10:21:00.000,6573.998,6576.998,6573.998,6576.998,0.0077
12.07.2019 10:22:00.000,6576.997,6576.998,6575.997,6575.998,0.0046
12.07.2019 10:23:00.000,6575.998,6575.998,6573.997,6575.998,0.0065
12.07.2019 10:24:00.000,6575.997,6577.998,6575.997,6577.998,0.0054
12.07.2019 10:25:00.000,6577.997,6579.998,6577.997,6579.997,0.0013
12.07.2019 10:26:00.000,6579.998,6579.998,6579.997,6579.998,0.0019
12.07.2019 10:27:00.000,6579.997,6579.997,6579.997,6579.997,0.0007
12.07.2019 10:28:00.000,6579.998,6580.998,6579.998,6580.998,0.0021
12.07.2019 10:29:00.000,6580.997,6580.998,6580.997,6580.998,0.0016
12.07.2019 10:30:00.000,6580.997,6582.998,6580.997,6581.998,0.0068
12.07.2019 10:31:00.000,6582.998,6582.998,6581.997,6581.997,0.0049
12.07.2019 10:32:00.000,6582.997,6583.998,6581.997,6582.998,0.0138
12.07.2019 10:33:00.000,6582.997,6582.998,6579.997,6582.997,0.0052
12.07.2019 10:34:00.000,6582.998,6584.998,6582.997,6584.998,0.0031
12.07.2019 10:35:00.000,6585.998,6587.998,6585.998,6587.998,0.0031
12.07.2019 10:36:00.000,6587.997,6587.998,6587.997,6587.998,0.0027
12.07.2019 10:37:00.000,6589.998,6592.998,6589.997,6591.997,0.0053
12.07.2019 10:38:00.000,6591.998,6591.998,6586.997,6587.998,0.0037
12.07.2019 10:39:00.000,6588.998,6589.998,6586.997,6587.998,0.0034
12.07.2019 10:40:00.000,6587.997,6587.997,6584.998,6584.998,0.001
12.07.2019 10:41:00.000,6584.997,6586.998,6581.997,6581.997,0.0047
12.07.2019 10:42:00.000,6582.997,6582.998,6579.997,6579.998,0.0024
12.07.2019 10:43:00.000,6579.997,6579.998,6578.997,6578.997,0.0002
12.07.2019 10:44:00.000,6578.998,6579.997,6578.997,6578.998,0.0026
12.07.2019 10:45:00.000,6578.997,6578.998,6573.997,6575.997,0.0045
12.07.2019 10:46:00.000,6575.998,6576.998,6573.998,6575.997,0.0035
12.07.2019 10:47:00.000,6575.998,6581.997,6575.997,6581.997,0.0021
12.07.2019 10:48:00.000,6581.998,6581.998,6578.997,6579.998,0.002
12.07.2019 10:49:00.000,6580.998,6585.997,6579.998,6585.997,0.0066
12.07.2019 10:50:00.000,6584.997,6586.998,6583.998,6583.998,0.0092
12.07.2019 10:51:00.000,6583.997,6587.998,6583.997,6587.997,0.0043
12.07.2019 10:52:00.000,6587.997,6588.998,6585.997,6587.998,0.0033
12.07.2019 10:53:00.000,6588.997,6588.997,6587.998,6587.998,0.0004
12.07.2019 10:54:00.000,6588.998,6588.998,6588.997,6588.998,0.0045
12.07.2019 10:55:00.000,6588.997,6594.998,6588.997,6594.997,0.0062
12.07.2019 10:56:00.000,6595.997,6597.998,6595.997,6596.997,0.0055
12.07.2019 10:57:00.000,6596.998,6596.998,6596.997,6596.997,0.0019
12.07.2019 10:58:00.000,6596.998,6597.997,6593.998,6595.998,0.0038
12.07.2019 10:59:00.000,6595.997,6600.998,6595.997,6600.997,0.0057
12.07.2019 11:00:00.000,6600.998,6600.998,6594.997,6594.997,0.0011
12.07.2019 11:01:00.000,6594.998,6594.998,6594.998,6594.998,0.0001
12.07.2019 11:02:00.000,6594.997,6597.998,6588.998,6595.998,0.0052
12.07.2019 11:03:00.000,6595.997,6601.997,6594.997,6599.997,0.0032
12.07.2019 11:04:00.000,6600.998,6600.998,6597.997,6597.998,0.0016
12.07.2019 11:05:00.000,6599.998,6604.998,6598.997,6604.998,0.0084
12.07.2019 11:06:00.000,6603.997,6603.998,6603.997,6603.998,0.0007
12.07.2019 11:07:00.000,6603.997,6606.998,6603.997,6605.998,0.0013
12.07.2019 11:08:00.000,6605.998,6605.998,6603.997,6604.998,0.0011
12.07.2019 11:09:00.000,6604.997,6608.998,6604.997,6607.998,0.0033
12.07.2019 11:10:00.000,6608.997,6609.997,6608.997,6608.998,0.001
12.07.2019 11:11:00.000,6608.997,6608.997,6608.997,6608.997,0.0002
12.07.2019 11:12:00.000,6609.997,6611.998,6606.998,6607.998,0.003
12.07.2019 11:13:00.000,6608.998,6608.998,6607.997,6607.997,0.0026
12.07.2019 11:14:00.000,6607.750,6611.998,6604.998,6608.998,0.0041
12.07.2019 11:15:00.000,6608.997,6609.998,6607.997,6607.998,0.0026
12.07.2019 11:16:00.000,6608.998,6608.998,6607.998,6608.998,0.0012
12.07.2019 11:17:00.000,6607.998,6608.998,6606.997,6607.998,0.0029
12.07.2019 11:18:00.000,6606.998,6607.997,6605.997,6605.997,0.0019
12.07.2019 11:19:00.000,6603.998,6603.998,6601.997,6603.998,0.0034
12.07.2019 11:20:00.000,6603.997,6603.998,6603.997,6603.997,0.0002
12.07.2019 11:21:00.000,6600.998,6607.998,6600.998,6605.998,0.0046
12.07.2019 11:22:00.000,6605.997,6605.998,6596.997,6598.998,0.0101
12.07.2019 11:23:00.000,6598.997,6603.998,6598.997,6601.998,0.0036
12.07.2019 11:24:00.000,6602.998,6602.998,6601.998,6602.998,0.002
12.07.2019 11:25:00.000,6602.998,6602.998,6602.998,6602.998,0.0006
12.07.2019 11:26:00.000,6602.997,6602.998,6600.997,6601.998,0.0024
12.07.2019 11:27:00.000,6600.998,6600.998,6599.998,6600.998,0.0003
12.07.2019 11:28:00.000,6600.997,6601.998,6599.997,6601.998,0.0034
12.07.2019 11:29:00.000,6601.997,6601.997,6601.997,6601.997,0.0002
12.07.2019 11:30:00.000,6600.998,6600.998,6598.998,6599.998,0.0009
12.07.2019 11:31:00.000,6599.997,6602.998,6599.997,6601.998,0.0038
12.07.2019 11:32:00.000,6601.998,6602.998,6601.998,6602.998,0.0037
12.07.2019 11:33:00.000,6603.998,6604.998,6603.997,6603.998,0.0026
12.07.2019 11:34:00.000,6602.998,6603.998,6602.997,6603.998,0.0004
12.07.2019 11:35:00.000,6603.997,6604.998,6601.998,6603.998,0.0019
12.07.2019 11:36:00.000,6603.750,6603.750,6601.997,6601.998,0.0018
12.07.2019 11:37:00.000,6602.998,6604.998,6602.997,6604.998,0.004
12.07.2019 11:38:00.000,6604.997,6604.998,6603.997,6604.998,0.0035
12.07.2019 11:39:00.000,6604.997,6604.998,6604.997,6604.998,0.002
12.07.2019 11:41:00.000,6604.997,6605.998,6603.997,6603.997,0.0012
12.07.2019 11:42:00.000,6603.997,6603.997,6598.997,6599.998,0.004
12.07.2019 11:43:00.000,6598.998,6601.998,6598.997,6601.998,0.002
12.07.2019 11:44:00.000,6601.997,6601.998,6601.997,6601.998,0.0018
12.07.2019 11:45:00.000,6602.997,6602.997,6598.998,6599.998,0.0022
12.07.2019 11:46:00.000,6600.997,6601.998,6599.997,6601.998,0.0015
12.07.2019 11:47:00.000,6601.997,6601.998,6597.997,6598.998,0.0019
12.07.2019 11:48:00.000,6599.997,6599.998,6599.997,6599.998,0.0015
12.07.2019 11:49:00.000,6599.997,6599.998,6599.997,6599.998,0.0022
12.07.2019 11:50:00.000,6599.997,6600.998,6599.997,6599.998,0.0048
12.07.2019 11:51:00.000,6599.997,6600.998,6599.997,6600.998,0.0041
12.07.2019 11:52:00.000,6600.997,6601.998,6600.997,6601.998,0.0018
12.07.2019 11:53:00.000,6601.998,6601.998,6601.997,6601.998,0.0043
12.07.2019 11:54:00.000,6601.997,6601.997,6598.998,6599.998,0.006
12.07.2019 11:55:00.000,6600.997,6600.998,6600.997,6600.998,0.0042
12.07.2019 11:56:00.000,6600.997,6601.998,6599.998,6600.998,0.0026
12.07.2019 11:57:00.000,6599.997,6601.998,6599.997,6601.998,0.0023
12.07.2019 11:58:00.000,6601.997,6601.997,6600.998,6600.998,0.0013
12.07.2019 11:59:00.000,6599.998,6600.998,6598.998,6600.998,0.0065
12.07.2019 12:00:00.000,6600.998,6600.998,6600.997,6600.998,0.0016
12.07.2019 12:01:00.000,6601.998,6603.998,6601.997,6603.998,0.0023
12.07.2019 12:02:00.000,6603.998,6603.998,6602.997,6603.997,0.008
12.07.2019 12:03:00.000,6604.998,6605.998,6604.998,6605.998,0.0014
12.07.2019 12:04:00.000,6605.997,6606.998,6605.997,6606.998,0.0024
12.07.2019 12:05:00.000,6606.997,6608.998,6606.997,6608.998,0.0034
12.07.2019 12:06:00.000,6609.998,6609.998,6609.998,6609.998,0.0003
12.07.2019 12:07:00.000,6609.997,6610.998,6609.997,6610.997,0.004
12.07.2019 12:08:00.000,6611.997,6611.998,6606.997,6606.998,0.0037
12.07.2019 12:09:00.000,6606.997,6606.997,6601.997,6601.998,0.0067
12.07.2019 12:10:00.000,6601.997,6603.998,6600.998,6602.998,0.0024
12.07.2019 12:11:00.000,6600.998,6600.998,6598.997,6599.998,0.0035
12.07.2019 12:12:00.000,6599.997,6600.998,6599.997,6600.998,0.0051
12.07.2019 12:13:00.000,6601.997,6602.998,6601.997,6602.998,0.0038
12.07.2019 12:14:00.000,6601.998,6605.998,6601.997,6605.998,0.0034
12.07.2019 12:15:00.000,6605.997,6605.998,6598.997,6598.997,0.0035
12.07.2019 12:16:00.000,6599.997,6601.998,6599.997,6601.998,0.0016
12.07.2019 12:18:00.000,6601.997,6601.998,6601.997,6601.997,0.0013
12.07.2019 12:19:00.000,6601.998,6601.998,6599.998,6601.998,0.0058
12.07.2019 12:20:00.000,6601.997,6601.998,6601.997,6601.998,0.0012
12.07.2019 12:21:00.000,6601.998,6601.998,6599.997,6599.998,0.0014
12.07.2019 12:22:00.000,6599.997,6600.998,6599.997,6600.998,0.0036
12.07.2019 12:23:00.000,6602.750,6602.998,6602.750,6602.998,0.0033
12.07.2019 12:24:00.000,6602.998,6604.998,6601.998,6602.997,0.0066
12.07.2019 12:25:00.000,6601.997,6602.998,6601.997,6601.997,0.0016
12.07.2019 12:26:00.000,6601.998,6603.998,6601.998,6603.997,0.0033
12.07.2019 12:27:00.000,6603.998,6603.998,6602.997,6602.997,0.0037
12.07.2019 12:28:00.000,6602.998,6602.998,6599.997,6599.998,0.0022
12.07.2019 12:29:00.000,6598.997,6601.998,6598.997,6600.997,0.0028
12.07.2019 12:30:00.000,6600.998,6600.998,6600.998,6600.998,0.0002
12.07.2019 12:31:00.000,6600.997,6601.998,6600.997,6601.998,0.0015
12.07.2019 12:32:00.000,6601.750,6601.750,6599.997,6599.997,0.0022
12.07.2019 12:33:00.000,6600.998,6601.997,6598.998,6599.998,0.003
12.07.2019 12:34:00.000,6599.998,6600.998,6599.997,6600.998,0.0047
12.07.2019 12:35:00.000,6600.997,6601.998,6599.997,6601.998,0.0052
12.07.2019 12:36:00.000,6601.997,6601.997,6601.997,6601.997,0.0005
12.07.2019 12:37:00.000,6601.998,6602.997,6599.997,6599.997,0.0077
12.07.2019 12:38:00.000,6598.997,6598.997,6594.998,6597.997,0.0064
12.07.2019 12:39:00.000,6597.998,6600.998,6597.997,6599.997,0.0097
12.07.2019 12:40:00.000,6599.998,6601.998,6599.998,6601.998,0.0066
12.07.2019 12:41:00.000,6601.997,6602.998,6601.997,6602.998,0.0018
12.07.2019 12:42:00.000,6602.997,6609.998,6602.997,6607.998,0.0091
12.07.2019 12:43:00.000,6608.998,6610.997,6608.998,6609.997,0.0071
12.07.2019 12:44:00.000,6610.998,6611.998,6610.997,6610.998,0.0007
12.07.2019 12:45:00.000,6610.997,6610.998,6607.997,6607.998,0.003
12.07.2019 12:46:00.000,6607.997,6607.998,6605.997,6605.997,0.0014
12.07.2019 12:47:00.000,6605.997,6605.997,6603.997,6603.997,0.0035
12.07.2019 12:48:00.000,6603.998,6603.998,6602.998,6602.998,0.0012
12.07.2019 12:49:00.000,6602.997,6606.998,6602.997,6602.998,0.0072
12.07.2019 12:50:00.000,6602.997,6603.998,6601.997,6603.998,0.0033
12.07.2019 12:51:00.000,6602.997,6603.998,6601.997,6601.998,0.0054
12.07.2019 12:52:00.000,6602.997,6602.998,6602.997,6602.997,0.0024
12.07.2019 12:53:00.000,6602.998,6603.997,6602.997,6602.998,0.0019
12.07.2019 12:54:00.000,6603.998,6603.998,6598.997,6601.998,0.0093
12.07.2019 12:55:00.000,6601.997,6601.998,6601.997,6601.998,0.0022
12.07.2019 12:56:00.000,6602.998,6603.998,6602.998,6603.998,0.003
12.07.2019 12:57:00.000,6603.997,6603.997,6600.998,6601.998,0.0041
12.07.2019 12:58:00.000,6599.998,6601.998,6599.997,6601.998,0.009
12.07.2019 12:59:00.000,6601.997,6601.998,6601.997,6601.997,0.0014
12.07.2019 13:00:00.000,6601.998,6601.998,6601.997,6601.998,0.0008
12.07.2019 13:01:00.000,6601.998,6602.998,6601.997,6602.998,0.0067
12.07.2019 13:02:00.000,6602.998,6603.998,6602.997,6602.998,0.0061
12.07.2019 13:03:00.000,6602.997,6603.998,6601.998,6601.998,0.0042
12.07.2019 13:04:00.000,6601.997,6602.998,6601.997,6602.998,0.004
12.07.2019 13:05:00.000,6602.997,6602.997,6599.997,6599.998,0.002
12.07.2019 13:06:00.000,6600.998,6602.998,6600.997,6602.997,0.0041
12.07.2019 13:07:00.000,6601.997,6602.998,6601.997,6602.998,0.0008
12.07.2019 13:08:00.000,6602.997,6603.998,6602.997,6603.997,0.0032
12.07.2019 13:09:00.000,6603.998,6603.998,6602.997,6602.997,0.0044
12.07.2019 13:10:00.000,6602.998,6603.998,6602.997,6602.997,0.0037
12.07.2019 13:11:00.000,6602.998,6602.998,6602.998,6602.998,0.0003
12.07.2019 13:12:00.000,6603.997,6603.998,6598.997,6599.998,0.0059
12.07.2019 13:13:00.000,6599.998,6600.998,6597.998,6600.998,0.0089
12.07.2019 13:14:00.000,6600.997,6602.998,6600.997,6601.998,0.0038
12.07.2019 13:15:00.000,6601.997,6601.998,6601.997,6601.998,0.0025
12.07.2019 13:16:00.000,6601.997,6601.998,6601.997,6601.998,0.0022
12.07.2019 13:17:00.000,6601.997,6602.998,6596.997,6597.998,0.01
12.07.2019 13:18:00.000,6597.997,6597.998,6597.997,6597.998,0.0016
12.07.2019 13:19:00.000,6597.997,6597.998,6597.997,6597.998,0.0018
12.07.2019 13:20:00.000,6598.998,6598.998,6597.997,6597.997,0.0042
12.07.2019 13:21:00.000,6597.998,6597.998,6597.997,6597.998,0.0013
12.07.2019 13:22:00.000,6597.997,6599.998,6597.997,6598.998,0.004
12.07.2019 13:23:00.000,6598.997,6598.998,6598.997,6598.998,0.0006
12.07.2019 13:24:00.000,6599.997,6600.998,6599.997,6599.998,0.0037
12.07.2019 13:25:00.000,6599.997,6600.998,6599.997,6600.998,0.0018
12.07.2019 13:26:00.000,6600.998,6600.998,6600.997,6600.997,0.0043
12.07.2019 13:27:00.000,6600.998,6601.998,6600.998,6601.998,0.003
12.07.2019 13:28:00.000,6601.998,6601.998,6600.997,6600.997,0.0046
12.07.2019 13:29:00.000,6600.998,6600.998,6600.997,6600.998,0.0015
12.07.2019 13:30:00.000,6601.998,6602.998,6601.997,6601.998,0.0044
12.07.2019 13:31:00.000,6601.997,6601.998,6600.998,6600.998,0.0024
12.07.2019 13:32:00.000,6600.997,6600.998,6599.997,6600.998,0.0057
12.07.2019 13:33:00.000,6599.998,6600.998,6597.997,6600.997,0.0072
12.07.2019 13:34:00.000,6600.998,6600.998,6599.997,6599.997,0.0039
12.07.2019 13:35:00.000,6599.998,6599.998,6594.997,6596.998,0.0097
12.07.2019 13:36:00.000,6596.997,6596.998,6594.997,6594.998,0.0029
12.07.2019 13:37:00.000,6594.750,6594.750,6588.998,6589.997,0.0039
12.07.2019 13:38:00.000,6589.998,6589.998,6585.997,6586.997,0.0044
12.07.2019 13:39:00.000,6587.998,6587.998,6585.997,6586.998,0.0041
12.07.2019 13:40:00.000,6586.998,6587.998,6584.997,6585.997,0.0044
12.07.2019 13:41:00.000,6585.998,6585.998,6581.997,6583.998,0.0093
12.07.2019 13:42:00.000,6583.750,6584.998,6581.997,6584.998,0.0049
12.07.2019 13:43:00.000,6584.998,6585.998,6584.997,6585.997,0.0152
12.07.2019 13:44:00.000,6586.998,6588.998,6586.998,6588.998,0.0044
12.07.2019 13:45:00.000,6588.997,6590.998,6588.997,6590.998,0.0109
12.07.2019 13:46:00.000,6591.998,6591.998,6590.997,6591.998,0.0078
12.07.2019 13:47:00.000,6591.997,6592.998,6588.998,6592.997,0.0109
12.07.2019 13:48:00.000,6592.997,6592.997,6588.997,6588.997,0.0078
12.07.2019 13:49:00.000,6589.997,6590.998,6587.998,6590.998,0.0036
12.07.2019 13:50:00.000,6590.997,6590.997,6587.998,6588.998,0.0021
12.07.2019 13:51:00.000,6589.998,6589.998,6588.998,6589.998,0.0012
12.07.2019 13:52:00.000,6589.997,6590.998,6589.997,6590.998,0.0038
12.07.2019 13:53:00.000,6588.998,6590.998,6588.998,6589.998,0.0017
12.07.2019 13:54:00.000,6589.997,6591.998,6589.997,6590.998,0.0087
12.07.2019 13:55:00.000,6590.997,6590.998,6589.997,6590.998,0.0061
12.07.2019 13:56:00.000,6591.998,6591.998,6589.997,6589.997,0.0039
12.07.2019 13:57:00.000,6589.998,6589.998,6589.997,6589.998,0.0016
12.07.2019 13:58:00.000,6589.997,6589.998,6589.997,6589.998,0.0046
12.07.2019 13:59:00.000,6589.997,6589.997,6586.998,6586.998,0.0039
12.07.2019 14:00:00.000,6587.997,6587.998,6587.997,6587.998,0.0018
12.07.2019 14:01:00.000,6587.997,6587.998,6586.997,6587.998,0.0083
12.07.2019 14:02:00.000,6587.998,6588.998,6583.997,6584.998,0.0092
12.07.2019 14:03:00.000,6584.998,6584.998,6583.997,6583.997,0.0034
12.07.2019 14:04:00.000,6583.998,6586.998,6583.997,6586.998,0.0077
12.07.2019 14:05:00.000,6586.998,6586.998,6585.997,6586.998,0.0026
12.07.2019 14:06:00.000,6587.997,6588.998,6587.997,6588.998,0.0037
12.07.2019 14:07:00.000,6589.997,6590.998,6589.997,6590.998,0.0033
12.07.2019 14:08:00.000,6590.997,6590.997,6587.997,6588.997,0.012
12.07.2019 14:09:00.000,6588.998,6594.998,6588.997,6593.998,0.0126
12.07.2019 14:10:00.000,6593.997,6595.998,6591.998,6594.997,0.0123
12.07.2019 14:11:00.000,6594.998,6594.998,6591.997,6592.998,0.0037
12.07.2019 14:12:00.000,6592.998,6592.998,6590.997,6590.998,0.005
12.07.2019 14:13:00.000,6590.997,6590.997,6587.998,6589.997,0.004
12.07.2019 14:14:00.000,6589.998,6589.998,6585.997,6585.998,0.0063
12.07.2019 14:15:00.000,6586.997,6588.997,6586.997,6587.998,0.0024
12.07.2019 14:16:00.000,6587.997,6588.998,6587.997,6588.997,0.0079
12.07.2019 14:17:00.000,6588.998,6589.998,6587.997,6589.998,0.0071
12.07.2019 14:18:00.000,6588.997,6589.998,6588.997,6589.997,0.0077
12.07.2019 14:19:00.000,6589.998,6590.998,6584.997,6585.998,0.0136
12.07.2019 14:20:00.000,6585.997,6586.998,6585.997,6585.998,0.0026
12.07.2019 14:21:00.000,6585.997,6587.998,6585.997,6587.997,0.0062
12.07.2019 14:22:00.000,6587.998,6588.998,6585.997,6588.998,0.0063
12.07.2019 14:23:00.000,6588.997,6590.998,6588.997,6588.997,0.0101
12.07.2019 14:24:00.000,6588.998,6588.998,6587.997,6587.998,0.002
12.07.2019 14:25:00.000,6588.998,6588.998,6587.997,6588.997,0.0108
12.07.2019 14:26:00.000,6588.998,6588.998,6588.997,6588.998,0.0039
12.07.2019 14:27:00.000,6588.997,6588.998,6587.997,6587.998,0.0036
12.07.2019 14:28:00.000,6587.997,6589.998,6587.997,6589.997,0.0059
12.07.2019 14:29:00.000,6589.998,6589.998,6587.997,6587.997,0.0047
12.07.2019 14:30:00.000,6587.998,6588.998,6587.998,6587.998,0.0024
12.07.2019 14:31:00.000,6587.998,6588.998,6587.997,6587.997,0.0077
12.07.2019 14:32:00.000,6587.998,6587.998,6587.997,6587.998,0.0073
12.07.2019 14:33:00.000,6587.997,6587.997,6581.997,6582.998,0.0145
12.07.2019 14:34:00.000,6582.997,6582.998,6579.998,6581.997,0.0066
12.07.2019 14:35:00.000,6581.998,6583.998,6581.998,6582.998,0.0023
12.07.2019 14:36:00.000,6583.997,6583.998,6576.998,6576.998,0.0085
12.07.2019 14:37:00.000,6577.997,6577.998,6572.997,6572.997,0.0052
12.07.2019 14:38:00.000,6572.998,6572.998,6566.998,6568.998,0.005
12.07.2019 14:39:00.000,6569.997,6569.997,6565.997,6567.998,0.0047
12.07.2019 14:40:00.000,6566.997,6569.998,6566.997,6568.998,0.0062
12.07.2019 14:41:00.000,6568.997,6569.998,6568.997,6569.997,0.0035
12.07.2019 14:42:00.000,6569.997,6569.998,6568.997,6569.998,0.0029
12.07.2019 14:43:00.000,6569.997,6571.998,6569.997,6570.997,0.0057
12.07.2019 14:44:00.000,6570.998,6572.998,6570.997,6571.997,0.0065
12.07.2019 14:45:00.000,6571.998,6572.998,6569.997,6570.998,0.0128
12.07.2019 14:46:00.000,6569.997,6573.998,6569.997,6572.997,0.0096
12.07.2019 14:47:00.000,6573.998,6573.998,6572.997,6572.998,0.0081
12.07.2019 14:48:00.000,6573.997,6576.998,6573.997,6576.998,0.0076
12.07.2019 14:49:00.000,6577.997,6578.998,6575.997,6575.997,0.0069
12.07.2019 14:50:00.000,6575.998,6575.998,6572.997,6575.997,0.0107
12.07.2019 14:51:00.000,6575.998,6575.998,6574.997,6575.997,0.0046
12.07.2019 14:52:00.000,6575.998,6575.998,6574.997,6574.998,0.0032
12.07.2019 14:53:00.000,6574.997,6574.998,6573.997,6573.997,0.0089
12.07.2019 14:54:00.000,6573.997,6573.998,6572.997,6572.997,0.0066
12.07.2019 14:55:00.000,6572.998,6573.998,6572.998,6573.998,0.0044
12.07.2019 14:56:00.000,6573.997,6573.998,6572.997,6573.998,0.0049
12.07.2019 14:57:00.000,6573.997,6574.998,6571.997,6571.998,0.0123
12.07.2019 14:58:00.000,6571.997,6572.998,6571.997,6572.997,0.0122
12.07.2019 14:59:00.000,6572.998,6574.998,6572.997,6574.997,0.0127
12.07.2019 15:00:00.000,6574.998,6574.998,6573.997,6574.998,0.0183
12.07.2019 15:01:00.000,6574.997,6574.997,6572.997,6572.998,0.0032
12.07.2019 15:02:00.000,6572.997,6577.998,6572.997,6577.998,0.0183
12.07.2019 15:03:00.000,6577.997,6578.998,6577.997,6578.998,0.0048
12.07.2019 15:04:00.000,6578.997,6579.998,6578.997,6579.998,0.0083
12.07.2019 15:05:00.000,6580.998,6580.998,6580.997,6580.998,0.0045
12.07.2019 15:06:00.000,6581.998,6585.998,6581.997,6583.997,0.0119
12.07.2019 15:07:00.000,6583.998,6584.998,6583.997,6583.998,0.0026
12.07.2019 15:08:00.000,6583.997,6585.998,6583.997,6583.997,0.0147
12.07.2019 15:09:00.000,6583.997,6583.998,6582.997,6583.997,0.0035
12.07.2019 15:10:00.000,6582.997,6583.998,6582.997,6583.998,0.0052
12.07.2019 15:11:00.000,6583.997,6586.998,6582.998,6586.998,0.0127
12.07.2019 15:12:00.000,6586.997,6586.998,6586.997,6586.998,0.0038
12.07.2019 15:13:00.000,6586.997,6587.998,6586.997,6587.998,0.0081
12.07.2019 15:14:00.000,6587.997,6587.998,6587.997,6587.998,0.0126
12.07.2019 15:15:00.000,6588.998,6590.998,6588.997,6590.998,0.0126
12.07.2019 15:16:00.000,6591.998,6592.998,6591.997,6592.998,0.0046
12.07.2019 15:17:00.000,6592.997,6596.998,6592.997,6596.998,0.0084
12.07.2019 15:18:00.000,6597.998,6599.998,6597.997,6598.998,0.0087
12.07.2019 15:19:00.000,6598.997,6599.998,6598.997,6598.998,0.0126
12.07.2019 15:20:00.000,6599.998,6600.998,6598.997,6600.998,0.0092
12.07.2019 15:21:00.000,6600.997,6600.998,6597.997,6597.998,0.0052
12.07.2019 15:22:00.000,6597.997,6598.998,6597.997,6597.998,0.0049
12.07.2019 15:23:00.000,6597.997,6600.998,6597.997,6599.998,0.0135
12.07.2019 15:24:00.000,6599.997,6600.998,6596.997,6597.998,0.0062
12.07.2019 15:25:00.000,6597.997,6598.998,6594.997,6595.998,0.0114
12.07.2019 15:26:00.000,6595.997,6596.998,6593.997,6593.997,0.0118
12.07.2019 15:27:00.000,6593.998,6594.998,6592.998,6593.998,0.008
12.07.2019 15:28:00.000,6593.997,6596.998,6593.997,6594.998,0.0062
12.07.2019 15:29:00.000,6593.998,6596.997,6592.997,6594.998,0.0136
15.07.2019 07:00:00.000,6577.998,6578.997,6577.998,6578.997,0.0002
15.07.2019 07:01:00.000,6579.998,6586.998,6579.998,6586.998,0.0004
15.07.2019 07:03:00.000,6592.998,6592.998,6589.998,6589.998,0.0004
15.07.2019 07:04:00.000,6591.998,6591.998,6591.998,6591.998,0.0001
15.07.2019 07:05:00.000,6592.998,6604.998,6591.997,6604.997,0.003
15.07.2019 07:06:00.000,6606.998,6608.997,6603.998,6605.998,0.0009
15.07.2019 07:07:00.000,6607.998,6608.998,6607.998,6608.998,0.0002
15.07.2019 07:08:00.000,6609.997,6617.998,6609.997,6613.998,0.0019
15.07.2019 07:09:00.000,6612.998,6612.998,6606.998,6607.998,0.0004
15.07.2019 07:10:00.000,6608.997,6610.998,6594.998,6596.997,0.0048
15.07.2019 07:11:00.000,6595.998,6595.998,6587.998,6590.997,0.0011
15.07.2019 07:12:00.000,6590.998,6591.998,6584.997,6584.997,0.0017
15.07.2019 07:13:00.000,6584.998,6586.998,6584.998,6586.998,0.0001
15.07.2019 07:14:00.000,6586.998,6587.998,6581.997,6581.997,0.0014
15.07.2019 07:15:00.000,6581.998,6582.998,6571.998,6571.998,0.0023
15.07.2019 07:16:00.000,6572.998,6574.997,6563.998,6563.998,0.0023
15.07.2019 07:17:00.000,6565.997,6571.998,6565.997,6569.998,0.0037
15.07.2019 07:18:00.000,6570.998,6574.998,6570.998,6571.998,0.0014
15.07.2019 07:19:00.000,6571.997,6573.998,6571.997,6573.997,0.0028
15.07.2019 07:20:00.000,6573.997,6581.998,6573.997,6580.998,0.0044
15.07.2019 07:21:00.000,6580.997,6582.998,6578.997,6579.998,0.002
15.07.2019 07:22:00.000,6576.998,6576.998,6573.997,6574.998,0.0016
15.07.2019 07:23:00.000,6575.997,6577.998,6574.997,6574.997,0.0005
15.07.2019 07:24:00.000,6574.998,6574.998,6574.998,6574.998,0.0001
15.07.2019 07:25:00.000,6574.997,6574.997,6570.998,6572.998,0.0033
15.07.2019 07:26:00.000,6575.750,6575.998,6573.998,6573.998,0.0013
15.07.2019 07:27:00.000,6574.997,6574.998,6568.997,6568.997,0.0013
15.07.2019 07:28:00.000,6568.998,6573.998,6568.997,6573.998,0.001
15.07.2019 07:29:00.000,6573.998,6573.998,6573.997,6573.998,0.0004
15.07.2019 07:30:00.000,6574.998,6574.998,6571.997,6571.997,0.0007
15.07.2019 07:31:00.000,6572.998,6572.998,6570.997,6571.997,0.0004
15.07.2019 07:32:00.000,6571.998,6577.998,6570.997,6577.998,0.0042
15.07.2019 07:33:00.000,6576.998,6576.998,6573.997,6574.997,0.0003
15.07.2019 07:34:00.000,6574.998,6577.998,6574.998,6576.998,0.0018
15.07.2019 07:35:00.000,6576.998,6577.998,6575.997,6575.998,0.0008
15.07.2019 07:36:00.000,6576.997,6577.997,6575.998,6576.998,0.0037
15.07.2019 07:37:00.000,6576.998,6576.998,6571.998,6572.997,0.0021
15.07.2019 07:38:00.000,6572.998,6575.998,6572.998,6574.998,0.0031
15.07.2019 07:39:00.000,6574.997,6577.998,6574.997,6577.998,0.0028
15.07.2019 07:40:00.000,6577.998,6577.998,6570.998,6574.998,0.0042
15.07.2019 07:41:00.000,6574.998,6574.998,6571.998,6572.998,0.0024
15.07.2019 07:42:00.000,6572.998,6572.998,6566.997,6569.998,0.002
15.07.2019 07:43:00.000,6569.997,6576.998,6569.997,6574.998,0.0035
15.07.2019 07:44:00.000,6575.998,6578.998,6575.998,6577.997,0.0026
15.07.2019 07:45:00.000,6577.998,6582.998,6577.997,6582.998,0.0033
15.07.2019 07:46:00.000,6582.997,6586.998,6581.997,6581.997,0.0008
15.07.2019 07:47:00.000,6581.998,6582.998,6580.997,6580.997,0.0007
15.07.2019 07:48:00.000,6579.998,6580.998,6575.998,6577.998,0.0035
15.07.2019 07:49:00.000,6578.997,6578.997,6573.997,6573.998,0.0027
15.07.2019 07:50:00.000,6573.997,6574.998,6571.998,6574.998,0.0015
15.07.2019 07:51:00.000,6574.997,6579.998,6574.997,6579.997,0.0024
15.07.2019 07:52:00.000,6580.998,6580.998,6575.997,6578.998,0.0012
15.07.2019 07:53:00.000,6578.998,6578.998,6578.997,6578.998,0.0016
15.07.2019 07:54:00.000,6578.997,6578.997,6575.997,6575.998,0.0017
15.07.2019 07:55:00.000,6575.997,6575.998,6575.997,6575.998,0.0007
15.07.2019 07:56:00.000,6577.998,6580.998,6577.998,6578.998,0.0022
15.07.2019 07:57:00.000,6578.998,6578.998,6573.997,6573.998,0.0034
15.07.2019 07:58:00.000,6574.997,6585.998,6574.997,6582.998,0.0024
15.07.2019 07:59:00.000,6581.998,6585.998,6581.998,6585.997,0.0013
15.07.2019 08:00:00.000,6585.750,6585.750,6577.997,6578.997,0.0067
15.07.2019 08:01:00.000,6578.998,6578.998,6575.998,6577.998,0.0049
15.07.2019 08:02:00.000,6577.997,6579.998,6572.997,6572.998,0.0038
15.07.2019 08:03:00.000,6570.998,6576.998,6569.998,6576.998,0.0034
15.07.2019 08:04:00.000,6574.997,6574.998,6573.997,6574.998,0.0033
15.07.2019 08:05:00.000,6574.997,6574.997,6567.997,6569.997,0.0035
15.07.2019 08:06:00.000,6570.998,6570.998,6564.998,6567.997,0.0046
15.07.2019 08:07:00.000,6566.997,6568.998,6566.997,6567.997,0.0024
15.07.2019 08:08:00.000,6564.998,6565.998,6563.997,6564.997,0.0035
15.07.2019 08:09:00.000,6564.998,6564.998,6564.997,6564.997,0.0003
15.07.2019 08:10:00.000,6564.997,6564.997,6558.997,6561.998,0.0032
15.07.2019 08:11:00.000,6560.998,6561.998,6557.997,6559.997,0.0024
15.07.2019 08:12:00.000,6559.998,6560.998,6557.997,6560.997,0.002
15.07.2019 08:13:00.000,6560.998,6561.998,6558.998,6561.998,0.0023
15.07.2019 08:14:00.000,6561.997,6561.997,6559.998,6559.998,0.0002
15.07.2019 08:15:00.000,6559.998,6560.998,6558.997,6558.998,0.0018
15.07.2019 08:16:00.000,6558.997,6560.998,6558.997,6560.997,0.001
15.07.2019 08:17:00.000,6560.998,6563.998,6558.997,6560.998,0.003
15.07.2019 08:18:00.000,6560.997,6561.998,6558.997,6558.998,0.0014
15.07.2019 08:19:00.000,6560.998,6564.998,6560.998,6564.998,0.0036
15.07.2019 08:20:00.000,6564.997,6564.997,6561.998,6562.998,0.0009
15.07.2019 08:21:00.000,6563.997,6563.997,6558.997,6558.997,0.0023
15.07.2019 08:22:00.000,6558.998,6558.998,6552.998,6554.997,0.005
15.07.2019 08:23:00.000,6554.998,6554.998,6551.998,6554.998,0.0025
15.07.2019 08:24:00.000,6552.998,6553.998,6548.997,6550.998,0.0019
15.07.2019 08:25:00.000,6550.997,6550.998,6546.998,6546.998,0.0017
15.07.2019 08:26:00.000,6545.998,6546.998,6541.998,6543.997,0.0007
15.07.2019 08:27:00.000,6543.998,6547.998,6543.998,6547.998,0.0007
15.07.2019 08:28:00.000,6548.998,6549.998,6546.997,6548.998,0.0023
15.07.2019 08:29:00.000,6548.997,6554.998,6548.997,6552.998,0.0025
15.07.2019 08:30:00.000,6553.998,6553.998,6551.997,6551.997,0.0015
15.07.2019 08:31:00.000,6551.998,6551.998,6547.997,6549.997,0.0019
15.07.2019 08:32:00.000,6548.998,6553.998,6548.997,6550.997,0.0056
15.07.2019 08:33:00.000,6551.998,6552.998,6548.998,6549.997,0.0022
15.07.2019 08:34:00.000,6549.998,6551.997,6549.997,6551.997,0.0006
15.07.2019 08:35:00.000,6550.998,6554.997,6550.997,6554.997,0.0016
15.07.2019 08:36:00.000,6554.997,6554.998,6549.998,6554.998,0.0016
15.07.2019 08:37:00.000,6555.998,6557.998,6555.998,6556.998,0.0003
15.07.2019 08:38:00.000,6556.997,6558.998,6556.997,6557.998,0.0008
15.07.2019 08:39:00.000,6556.998,6560.998,6554.998,6559.998,0.0045
15.07.2019 08:40:00.000,6559.997,6559.998,6559.997,6559.998,0.0006
15.07.2019 08:41:00.000,6559.997,6559.998,6556.998,6557.998,0.0042
15.07.2019 08:42:00.000,6557.997,6557.998,6554.998,6555.998,0.0015
15.07.2019 08:43:00.000,6555.997,6556.998,6551.997,6551.998,0.0047
15.07.2019 08:44:00.000,6552.998,6554.998,6551.997,6551.998,0.0034
15.07.2019 08:45:00.000,6551.997,6554.998,6551.997,6554.998,0.0005
15.07.2019 08:46:00.000,6554.997,6554.998,6552.997,6553.998,0.0013
15.07.2019 08:47:00.000,6553.998,6553.998,6553.997,6553.998,0
15.07.2019 08:48:00.000,6553.997,6555.998,6553.997,6555.998,0.0006
15.07.2019 08:49:00.000,6555.998,6556.998,6553.997,6553.997,0.002
15.07.2019 08:50:00.000,6553.998,6554.998,6552.997,6552.997,0.002
15.07.2019 08:51:00.000,6552.998,6554.998,6552.997,6554.998,0.0002
15.07.2019 08:52:00.000,6554.998,6554.998,6551.997,6551.997,0.0013
15.07.2019 08:53:00.000,6551.998,6551.998,6548.998,6548.998,0.0012
15.07.2019 08:54:00.000,6550.998,6551.998,6549.997,6551.998,0.0014
15.07.2019 08:55:00.000,6551.997,6551.998,6548.997,6549.997,0.0023
15.07.2019 08:56:00.000,6549.998,6549.998,6547.997,6547.997,0.0005
15.07.2019 08:57:00.000,6547.998,6549.998,6547.998,6548.997,0.0014
15.07.2019 08:58:00.000,6548.998,6548.998,6545.998,6546.997,0.0015
15.07.2019 08:59:00.000,6546.997,6547.998,6544.998,6546.997,0.0015
15.07.2019 09:00:00.000,6547.998,6552.998,6547.998,6550.997,0.0026
15.07.2019 09:01:00.000,6551.998,6553.998,6548.997,6548.998,0.0012
15.07.2019 09:02:00.000,6548.998,6548.998,6545.998,6546.998,0.0017
15.07.2019 09:03:00.000,6547.998,6547.998,6543.997,6547.997,0.0042
15.07.2019 09:04:00.000,6547.998,6549.998,6546.998,6547.998,0.0023
15.07.2019 09:05:00.000,6547.997,6550.998,6547.997,6550.998,0.0015
15.07.2019 09:06:00.000,6550.998,6550.998,6546.997,6546.998,0.0017
15.07.2019 09:07:00.000,6546.997,6548.998,6546.997,6548.998,0.0011
15.07.2019 09:08:00.000,6548.997,6548.997,6547.997,6547.997,0.0007
15.07.2019 09:09:00.000,6548.998,6549.998,6548.997,6548.997,0.0053
15.07.2019 09:10:00.000,6548.998,6549.998,6548.998,6549.997,0.0006
15.07.2019 09:11:00.000,6550.998,6550.998,6549.997,6550.998,0.0018
15.07.2019 09:12:00.000,6549.998,6549.998,6544.997,6544.998,0.0031
15.07.2019 09:13:00.000,6545.998,6546.998,6545.997,6546.997,0.0013
15.07.2019 09:14:00.000,6546.997,6546.998,6542.997,6542.997,0.0014
15.07.2019 09:15:00.000,6543.998,6543.998,6540.997,6540.998,0.004
15.07.2019 09:16:00.000,6540.998,6541.998,6539.997,6539.998,0.003
15.07.2019 09:17:00.000,6539.998,6539.998,6534.998,6535.998,0.0014
15.07.2019 09:18:00.000,6536.998,6537.998,6535.997,6536.998,0.0021
15.07.2019 09:19:00.000,6535.998,6536.998,6535.998,6536.998,0.0013
15.07.2019 09:20:00.000,6533.997,6533.998,6526.997,6526.997,0.0066
15.07.2019 09:21:00.000,6525.997,6528.998,6525.997,6526.998,0.0033
15.07.2019 09:22:00.000,6527.998,6527.998,6527.998,6527.998,0.0004
15.07.2019 09:23:00.000,6527.998,6527.998,6525.997,6525.998,0.0016
15.07.2019 09:24:00.000,6525.997,6525.997,6509.998,6511.998,0.0045
15.07.2019 09:25:00.000,6513.998,6515.998,6509.998,6509.998,0.0047
15.07.2019 09:26:00.000,6509.997,6509.998,6503.997,6507.998,0.0027
15.07.2019 09:27:00.000,6508.998,6511.997,6508.998,6509.998,0.002
15.07.2019 09:28:00.000,6509.997,6509.998,6508.997,6508.998,0.0019
15.07.2019 09:29:00.000,6508.997,6508.997,6504.997,6504.997,0.0022
15.07.2019 09:30:00.000,6504.998,6508.998,6504.998,6508.997,0.0027
15.07.2019 09:31:00.000,6508.997,6510.998,6505.998,6510.997,0.0017
15.07.2019 09:32:00.000,6510.998,6510.998,6506.997,6506.998,0.0014
15.07.2019 09:33:00.000,6506.998,6506.998,6503.997,6506.998,0.0036
15.07.2019 09:34:00.000,6506.998,6507.998,6506.997,6507.998,0.0016
15.07.2019 09:35:00.000,6506.998,6506.998,6504.998,6504.998,0.0007
15.07.2019 09:36:00.000,6504.997,6504.997,6502.998,6502.998,0.0003
15.07.2019 09:37:00.000,6502.998,6502.998,6499.997,6499.998,0.0012
15.07.2019 09:38:00.000,6500.997,6502.998,6500.997,6501.997,0.0013
15.07.2019 09:39:00.000,6502.998,6502.998,6501.997,6501.997,0.0016
15.07.2019 09:40:00.000,6501.997,6502.998,6499.997,6502.998,0.0024
15.07.2019 09:41:00.000,6503.998,6505.998,6501.997,6502.998,0.0029
15.07.2019 09:42:00.000,6501.998,6502.998,6500.998,6501.997,0.001
15.07.2019 09:43:00.000,6502.997,6503.998,6502.997,6502.998,0.0012
15.07.2019 09:44:00.000,6502.997,6504.998,6502.997,6504.997,0.002
15.07.2019 09:45:00.000,6504.998,6504.998,6499.997,6499.997,0.0027
15.07.2019 09:46:00.000,6499.998,6499.998,6499.997,6499.997,0.0004
15.07.2019 09:47:00.000,6499.997,6499.998,6494.997,6494.998,0.0028
15.07.2019 09:48:00.000,6494.997,6500.998,6494.997,6500.997,0.0023
15.07.2019 09:49:00.000,6501.997,6502.998,6501.997,6502.998,0.0008
15.07.2019 09:50:00.000,6503.998,6503.998,6503.997,6503.998,0.0015
15.07.2019 09:51:00.000,6504.998,6504.998,6503.997,6504.998,0.0008
15.07.2019 09:52:00.000,6504.997,6504.998,6503.997,6504.997,0.0013
15.07.2019 09:53:00.000,6504.998,6506.998,6504.997,6506.997,0.001
15.07.2019 09:54:00.000,6506.998,6511.998,6506.997,6511.997,0.0026
15.07.2019 09:55:00.000,6512.997,6513.998,6505.997,6505.998,0.0022
15.07.2019 09:56:00.000,6506.997,6506.998,6504.998,6505.998,0.001
15.07.2019 09:57:00.000,6505.997,6507.998,6505.997,6507.997,0.0014
15.07.2019 09:58:00.000,6507.998,6507.998,6507.998,6507.998,0.0001
15.07.2019 09:59:00.000,6508.997,6508.998,6503.998,6503.998,0.0015
15.07.2019 10:00:00.000,6503.997,6508.998,6503.997,6507.997,0.0024
15.07.2019 10:01:00.000,6509.998,6512.998,6509.997,6509.997,0.0028
15.07.2019 10:02:00.000,6509.998,6511.998,6509.997,6511.998,0.0026
15.07.2019 10:03:00.000,6511.998,6514.998,6508.998,6512.998,0.0031
15.07.2019 10:04:00.000,6513.998,6513.998,6512.997,6512.997,0.0005
15.07.2019 10:05:00.000,6511.998,6513.998,6511.998,6511.998,0.0009
15.07.2019 10:06:00.000,6511.997,6511.997,6509.998,6509.998,0.0004
15.07.2019 10:07:00.000,6509.997,6511.998,6509.997,6511.998,0.0009
15.07.2019 10:08:00.000,6511.997,6511.997,6509.998,6510.998,0.0016
15.07.2019 10:09:00.000,6510.998,6511.998,6509.997,6509.998,0.0094
15.07.2019 10:10:00.000,6510.997,6510.998,6508.997,6508.997,0.0021
15.07.2019 10:11:00.000,6507.997,6509.998,6507.997,6507.997,0.0018
15.07.2019 10:12:00.000,6507.997,6507.998,6505.997,6507.997,0.0018
15.07.2019 10:13:00.000,6508.997,6514.998,6508.997,6514.998,0.0024
15.07.2019 10:14:00.000,6514.998,6515.998,6514.998,6515.998,0.001
15.07.2019 10:15:00.000,6515.997,6516.998,6515.997,6516.997,0.0015
15.07.2019 10:16:00.000,6516.997,6516.998,6513.998,6516.998,0.001
15.07.2019 10:17:00.000,6517.997,6520.998,6517.997,6520.997,0.0027
15.07.2019 10:18:00.000,6521.997,6522.998,6521.997,6522.998,0.0011
15.07.2019 10:19:00.000,6523.998,6527.998,6523.997,6527.998,0.0019
15.07.2019 10:20:00.000,6527.997,6528.998,6526.998,6527.997,0.002
15.07.2019 10:21:00.000,6528.998,6530.998,6524.997,6524.998,0.0023
15.07.2019 10:22:00.000,6522.998,6525.997,6522.998,6525.997,0.0008
15.07.2019 10:23:00.000,6526.997,6528.998,6526.997,6526.998,0.002
15.07.2019 10:24:00.000,6527.997,6528.998,6523.997,6524.998,0.0019
15.07.2019 10:25:00.000,6524.998,6525.997,6522.997,6524.998,0.0026
15.07.2019 10:26:00.000,6524.997,6525.998,6522.997,6525.997,0.0013
15.07.2019 10:27:00.000,6525.998,6525.998,6522.997,6522.997,0.0009
15.07.2019 10:28:00.000,6522.998,6523.997,6517.998,6518.998,0.0015
15.07.2019 10:29:00.000,6518.998,6518.998,6515.998,6516.998,0.0012
15.07.2019 10:30:00.000,6517.998,6519.998,6517.998,6519.998,0.0005
15.07.2019 10:31:00.000,6521.998,6521.998,6520.997,6520.998,0.0005
15.07.2019 10:33:00.000,6521.998,6526.998,6521.998,6526.998,0.0025
15.07.2019 10:34:00.000,6526.750,6526.750,6523.997,6524.998,0.0003
15.07.2019 10:35:00.000,6525.998,6526.998,6525.997,6526.998,0.0007
15.07.2019 10:36:00.000,6526.997,6526.998,6525.997,6525.998,0.0015
15.07.2019 10:37:00.000,6526.997,6528.998,6525.998,6525.998,0.0008
15.07.2019 10:38:00.000,6526.998,6527.997,6525.997,6525.998,0.0011
15.07.2019 10:39:00.000,6528.500,6528.998,6528.500,6528.998,0.0012
15.07.2019 10:40:00.000,6528.997,6528.997,6525.997,6525.998,0.0019
15.07.2019 10:41:00.000,6525.997,6525.998,6524.997,6525.998,0.0012
15.07.2019 10:42:00.000,6525.997,6525.998,6525.997,6525.997,0.0008
15.07.2019 10:43:00.000,6526.997,6526.998,6526.997,6526.997,0.001
15.07.2019 10:44:00.000,6526.998,6526.998,6519.997,6520.998,0.0022
15.07.2019 10:45:00.000,6521.998,6522.998,6520.998,6521.998,0.0022
15.07.2019 10:46:00.000,6521.997,6521.997,6521.997,6521.997,0.0001
15.07.2019 10:47:00.000,6521.998,6521.998,6520.998,6520.998,0.0001
15.07.2019 10:48:00.000,6520.997,6521.998,6518.997,6521.998,0.0062
15.07.2019 10:49:00.000,6522.998,6522.998,6522.997,6522.998,0.0007
15.07.2019 10:50:00.000,6522.750,6523.998,6520.997,6523.998,0.0021
15.07.2019 10:51:00.000,6523.998,6523.998,6521.997,6522.998,0.0015
15.07.2019 10:52:00.000,6521.997,6523.998,6521.997,6523.998,0.0017
15.07.2019 10:54:00.000,6523.998,6523.998,6520.997,6523.998,0.0019
15.07.2019 10:55:00.000,6523.997,6530.998,6523.997,6527.998,0.0031
15.07.2019 10:56:00.000,6527.998,6528.998,6527.997,6527.997,0.0002
15.07.2019 10:57:00.000,6528.998,6528.998,6523.998,6525.998,0.0006
15.07.2019 10:58:00.000,6525.998,6529.997,6524.997,6526.997,0.0022
15.07.2019 10:59:00.000,6528.997,6528.997,6526.998,6526.998,0.0007
15.07.2019 11:00:00.000,6525.998,6525.998,6519.998,6519.998,0.0006
15.07.2019 11:02:00.000,6522.998,6529.998,6522.997,6529.998,0.0037
15.07.2019 11:03:00.000,6530.997,6532.998,6528.998,6531.998,0.0021
15.07.2019 11:04:00.000,6532.997,6535.998,6531.998,6534.998,0.0045
15.07.2019 11:05:00.000,6533.998,6533.998,6530.997,6533.998,0.0025
15.07.2019 11:06:00.000,6534.998,6536.998,6534.998,6536.998,0.0017
15.07.2019 11:07:00.000,6536.997,6538.997,6536.997,6538.997,0.0029
15.07.2019 11:08:00.000,6538.998,6541.998,6538.998,6541.998,0.0053
15.07.2019 11:09:00.000,6541.997,6543.998,6541.997,6542.998,0.0034
15.07.2019 11:10:00.000,6543.997,6546.998,6543.997,6543.998,0.0016
15.07.2019 11:11:00.000,6543.998,6543.998,6539.997,6539.997,0.0012
15.07.2019 11:12:00.000,6539.998,6539.998,6536.997,6536.998,0.0009
15.07.2019 11:13:00.000,6536.998,6537.998,6535.997,6535.998,0.0014
15.07.2019 11:14:00.000,6536.998,6536.998,6533.997,6534.997,0.0024
15.07.2019 11:15:00.000,6530.998,6532.998,6528.998,6531.998,0.0029
15.07.2019 11:16:00.000,6533.998,6536.997,6533.997,6536.997,0.0016
15.07.2019 11:17:00.000,6536.997,6536.998,6535.998,6535.998,0.0003
15.07.2019 11:18:00.000,6535.997,6537.998,6535.997,6535.997,0.0007
15.07.2019 11:19:00.000,6535.997,6536.997,6533.997,6536.997,0.0019
15.07.2019 11:20:00.000,6537.998,6537.998,6536.998,6537.998,0.0027
15.07.2019 11:21:00.000,6539.998,6543.997,6539.997,6543.997,0.0045
15.07.2019 11:22:00.000,6542.998,6542.998,6539.997,6541.998,0.004
15.07.2019 11:24:00.000,6541.998,6541.998,6540.998,6540.998,0.0005
15.07.2019 11:25:00.000,6539.998,6539.998,6535.997,6535.998,0.0013
15.07.2019 11:26:00.000,6537.997,6537.998,6536.997,6537.998,0.0011
15.07.2019 11:27:00.000,6535.998,6535.998,6533.997,6534.998,0.0027
15.07.2019 11:28:00.000,6534.997,6537.998,6534.997,6537.998,0.0014
15.07.2019 11:29:00.000,6537.997,6537.998,6533.998,6535.998,0.001
15.07.2019 11:30:00.000,6536.997,6539.998,6536.997,6539.997,0.0051
15.07.2019 11:31:00.000,6540.998,6540.998,6539.997,6539.998,0.0006
15.07.2019 11:32:00.000,6539.998,6540.998,6538.998,6540.998,0.0008
15.07.2019 11:33:00.000,6540.750,6543.997,6538.998,6543.997,0.003
15.07.2019 11:34:00.000,6543.997,6544.998,6541.998,6542.997,0.0015
15.07.2019 11:35:00.000,6542.998,6544.997,6542.997,6543.998,0.0016
15.07.2019 11:36:00.000,6543.998,6544.998,6542.998,6544.998,0.0028
15.07.2019 11:37:00.000,6545.998,6545.998,6544.998,6544.998,0.0007
15.07.2019 11:38:00.000,6544.997,6544.998,6543.998,6544.998,0.0005
15.07.2019 11:39:00.000,6544.997,6544.998,6542.997,6543.998,0.0025
15.07.2019 11:40:00.000,6544.997,6544.997,6543.997,6543.997,0.0002
15.07.2019 11:41:00.000,6543.998,6543.998,6542.998,6543.997,0.0006
15.07.2019 11:42:00.000,6544.997,6545.997,6542.998,6544.998,0.0017
15.07.2019 11:43:00.000,6546.998,6548.998,6546.997,6546.997,0.0007
15.07.2019 11:44:00.000,6546.998,6546.998,6546.997,6546.997,0.0014
15.07.2019 11:45:00.000,6546.998,6546.998,6546.997,6546.998,0.0029
15.07.2019 11:46:00.000,6546.998,6546.998,6543.997,6544.998,0.0033
15.07.2019 11:47:00.000,6543.998,6551.998,6543.998,6549.997,0.0067
15.07.2019 11:48:00.000,6549.998,6549.998,6546.997,6546.997,0.0028
15.07.2019 11:49:00.000,6546.998,6546.998,6542.997,6542.998,0.0023
15.07.2019 11:50:00.000,6542.998,6546.998,6542.998,6544.998,0.0033
15.07.2019 11:51:00.000,6544.997,6550.998,6544.997,6550.998,0.0031
15.07.2019 11:52:00.000,6548.998,6551.998,6548.997,6551.997,0.0008
15.07.2019 11:53:00.000,6552.997,6555.998,6550.998,6555.998,0.0021
15.07.2019 11:54:00.000,6555.998,6555.998,6550.998,6550.998,0.0021
15.07.2019 11:55:00.000,6550.998,6554.998,6550.997,6554.998,0.0023
15.07.2019 11:56:00.000,6554.998,6554.998,6552.997,6552.997,0.0018
15.07.2019 11:57:00.000,6554.998,6555.998,6552.997,6553.997,0.002
15.07.2019 11:58:00.000,6552.998,6555.997,6552.997,6552.997,0.0013
15.07.2019 11:59:00.000,6553.997,6553.998,6547.997,6548.998,0.0067
15.07.2019 12:00:00.000,6548.998,6553.998,6547.998,6549.997,0.0039
15.07.2019 12:01:00.000,6549.997,6549.997,6544.997,6544.998,0.002
15.07.2019 12:02:00.000,6544.997,6544.998,6544.997,6544.998,0.0013
15.07.2019 12:03:00.000,6546.750,6546.998,6544.998,6544.998,0.0006
15.07.2019 12:04:00.000,6544.997,6545.998,6543.998,6545.998,0.0016
15.07.2019 12:05:00.000,6546.998,6546.998,6546.997,6546.998,0.0003
15.07.2019 12:06:00.000,6546.997,6546.997,6546.997,6546.997,0.0001
15.07.2019 12:07:00.000,6546.998,6546.998,6543.997,6543.998,0.0018
15.07.2019 12:08:00.000,6543.997,6543.998,6541.997,6541.998,0.0017
15.07.2019 12:09:00.000,6542.998,6544.998,6541.997,6544.998,0.0028
15.07.2019 12:10:00.000,6544.998,6544.998,6543.997,6543.998,0.0008
15.07.2019 12:11:00.000,6544.997,6544.998,6544.997,6544.998,0.0006
15.07.2019 12:12:00.000,6547.998,6548.998,6547.997,6548.998,0.0016
15.07.2019 12:13:00.000,6548.998,6551.998,6548.998,6551.998,0.001
15.07.2019 12:14:00.000,6552.997,6557.998,6552.997,6556.998,0.0041
15.07.2019 12:15:00.000,6556.997,6557.998,6555.997,6555.998,0.0026
15.07.2019 12:16:00.000,6555.998,6555.998,6553.997,6554.998,0.0013
15.07.2019 12:17:00.000,6553.998,6555.998,6552.997,6555.998,0.0023
15.07.2019 12:18:00.000,6553.997,6553.998,6552.997,6552.998,0.0021
15.07.2019 12:19:00.000,6552.997,6552.998,6549.998,6552.997,0.0061
15.07.2019 12:20:00.000,6553.998,6554.998,6552.998,6554.998,0.0027
15.07.2019 12:21:00.000,6554.998,6554.998,6553.997,6554.998,0.0008
15.07.2019 12:22:00.000,6554.998,6559.998,6554.997,6558.998,0.0044
15.07.2019 12:23:00.000,6558.997,6560.998,6556.997,6560.998,0.0024
15.07.2019 12:24:00.000,6561.997,6561.998,6560.998,6560.998,0.0014
15.07.2019 12:25:00.000,6560.998,6563.998,6559.997,6562.997,0.0026
15.07.2019 12:26:00.000,6563.997,6563.998,6562.997,6562.998,0.0028
15.07.2019 12:27:00.000,6562.997,6565.998,6562.997,6565.998,0.003
15.07.2019 12:28:00.000,6566.998,6566.998,6566.998,6566.998,0.0004
15.07.2019 12:29:00.000,6566.997,6570.998,6565.998,6567.997,0.0035
15.07.2019 12:30:00.000,6567.998,6567.998,6565.997,6565.998,0.0017
15.07.2019 12:31:00.000,6565.998,6565.998,6565.998,6565.998,0.0004
15.07.2019 12:32:00.000,6565.997,6565.998,6565.997,6565.998,0.0005
15.07.2019 12:33:00.000,6565.997,6565.998,6565.997,6565.998,0.0003
15.07.2019 12:34:00.000,6565.997,6567.998,6560.998,6561.998,0.006
15.07.2019 12:35:00.000,6561.998,6562.998,6561.997,6561.997,0.0008
15.07.2019 12:36:00.000,6561.998,6561.998,6559.997,6560.998,0.0011
15.07.2019 12:37:00.000,6559.997,6560.998,6558.998,6559.998,0.0019
15.07.2019 12:38:00.000,6558.998,6558.998,6555.997,6556.997,0.0024
15.07.2019 12:39:00.000,6556.998,6557.998,6555.998,6556.998,0.001
15.07.2019 12:40:00.000,6557.998,6558.998,6556.998,6558.998,0.0019
15.07.2019 12:41:00.000,6558.750,6558.750,6554.997,6554.998,0.0023
15.07.2019 12:42:00.000,6555.998,6557.998,6555.997,6557.997,0.0015
15.07.2019 12:43:00.000,6557.997,6557.998,6556.997,6557.998,0.0019
15.07.2019 12:44:00.000,6557.997,6557.997,6553.998,6555.998,0.0011
15.07.2019 12:45:00.000,6553.997,6557.998,6553.997,6557.998,0.0015
15.07.2019 12:46:00.000,6557.997,6558.998,6556.997,6557.997,0.0027
15.07.2019 12:47:00.000,6559.998,6560.998,6559.997,6559.998,0.0011
15.07.2019 12:48:00.000,6559.998,6559.998,6556.998,6557.998,0.0029
15.07.2019 12:49:00.000,6559.750,6559.998,6557.998,6557.998,0.002
15.07.2019 12:50:00.000,6559.998,6559.998,6555.997,6555.997,0.0018
15.07.2019 12:51:00.000,6555.998,6555.998,6547.997,6547.998,0.006
15.07.2019 12:52:00.000,6547.998,6552.998,6547.998,6552.998,0.0019
15.07.2019 12:53:00.000,6551.998,6551.998,6547.997,6547.997,0.0031
15.07.2019 12:54:00.000,6547.998,6547.998,6546.998,6546.998,0.0002
15.07.2019 12:55:00.000,6546.997,6546.998,6541.997,6542.998,0.0022
15.07.2019 12:56:00.000,6543.997,6545.998,6541.997,6541.997,0.0018
15.07.2019 12:57:00.000,6542.998,6545.998,6541.997,6545.998,0.0012
15.07.2019 12:58:00.000,6543.997,6544.998,6542.997,6542.997,0.0026
15.07.2019 12:59:00.000,6542.998,6542.998,6540.997,6540.998,0.0012
15.07.2019 13:00:00.000,6541.998,6542.998,6540.997,6541.997,0.0033
15.07.2019 13:01:00.000,6541.998,6544.998,6541.997,6543.998,0.0027
15.07.2019 13:02:00.000,6543.997,6544.998,6542.997,6544.998,0.0018
15.07.2019 13:03:00.000,6544.998,6547.998,6544.997,6547.998,0.0032
15.07.2019 13:04:00.000,6547.997,6550.998,6547.997,6550.998,0.0024
15.07.2019 13:05:00.000,6550.997,6550.998,6548.997,6549.998,0.0041
15.07.2019 13:06:00.000,6550.998,6550.998,6549.997,6549.997,0.0004
15.07.2019 13:07:00.000,6549.998,6549.998,6548.997,6548.998,0.0006
15.07.2019 13:08:00.000,6548.997,6549.997,6548.997,6549.997,0.0012
15.07.2019 13:09:00.000,6549.500,6549.500,6546.998,6547.997,0.0003
15.07.2019 13:10:00.000,6547.998,6549.998,6547.998,6549.997,0.0017
15.07.2019 13:11:00.000,6549.998,6549.998,6546.997,6548.997,0.0031
15.07.2019 13:12:00.000,6549.997,6549.998,6549.997,6549.998,0.0018
15.07.2019 13:13:00.000,6549.998,6551.998,6549.998,6550.997,0.0018
15.07.2019 13:14:00.000,6551.997,6554.998,6551.997,6554.998,0.0025
15.07.2019 13:15:00.000,6555.998,6556.998,6552.997,6552.997,0.0027
15.07.2019 13:16:00.000,6552.998,6553.998,6549.998,6552.998,0.0021
15.07.2019 13:17:00.000,6552.998,6557.998,6552.998,6556.998,0.0018
15.07.2019 13:18:00.000,6556.997,6556.998,6556.997,6556.998,0.0009
15.07.2019 13:19:00.000,6556.998,6557.998,6555.998,6556.998,0.002
15.07.2019 13:20:00.000,6556.998,6556.998,6554.998,6554.998,0.0014
15.07.2019 13:21:00.000,6554.997,6555.998,6551.997,6552.998,0.0028
15.07.2019 13:22:00.000,6554.998,6557.998,6554.998,6556.997,0.0031
15.07.2019 13:23:00.000,6556.998,6557.998,6556.997,6557.997,0.0008
15.07.2019 13:24:00.000,6557.750,6557.750,6555.997,6555.998,0.0013
15.07.2019 13:25:00.000,6555.997,6557.998,6555.997,6557.998,0.0024
15.07.2019 13:26:00.000,6557.997,6557.998,6557.997,6557.998,0.0002
15.07.2019 13:27:00.000,6557.998,6557.998,6555.998,6557.998,0.0013
15.07.2019 13:28:00.000,6558.998,6558.998,6557.997,6557.998,0.0003
15.07.2019 13:29:00.000,6558.998,6558.998,6556.997,6556.998,0.0012
15.07.2019 13:30:00.000,6556.997,6558.998,6552.998,6556.998,0.0062
15.07.2019 13:31:00.000,6558.997,6558.997,6548.997,6549.997,0.0041
15.07.2019 13:32:00.000,6549.998,6553.998,6549.997,6553.998,0.001
15.07.2019 13:33:00.000,6553.997,6556.998,6550.997,6550.998,0.0068
15.07.2019 13:34:00.000,6553.750,6555.998,6552.998,6552.998,0.0035
15.07.2019 13:35:00.000,6550.998,6554.998,6550.997,6554.998,0.006
15.07.2019 13:36:00.000,6554.997,6555.998,6551.998,6553.998,0.0023
15.07.2019 13:37:00.000,6552.997,6552.998,6549.997,6552.998,0.0033
15.07.2019 13:38:00.000,6553.997,6554.998,6553.997,6554.998,0.0017
15.07.2019 13:39:00.000,6554.997,6554.998,6552.998,6554.998,0.0013
15.07.2019 13:40:00.000,6554.500,6555.998,6550.997,6554.998,0.0057
15.07.2019 13:41:00.000,6554.998,6557.998,6551.998,6557.997,0.0052
15.07.2019 13:42:00.000,6557.998,6558.998,6557.997,6558.998,0.0018
15.07.2019 13:43:00.000,6558.997,6559.998,6555.997,6555.998,0.0009
15.07.2019 13:44:00.000,6555.997,6557.997,6555.997,6555.998,0.0016
15.07.2019 13:45:00.000,6554.997,6555.998,6553.997,6555.997,0.0038
15.07.2019 13:46:00.000,6555.998,6562.998,6555.998,6562.998,0.0033
15.07.2019 13:47:00.000,6562.997,6565.998,6560.997,6565.998,0.0066
15.07.2019 13:48:00.000,6565.997,6566.998,6565.997,6566.997,0.0014
15.07.2019 13:49:00.000,6566.998,6569.998,6565.997,6569.998,0.0028
15.07.2019 13:50:00.000,6571.998,6576.998,6571.998,6573.998,0.0045
15.07.2019 13:51:00.000,6573.997,6574.998,6569.997,6571.998,0.0029
15.07.2019 13:52:00.000,6571.997,6573.998,6570.997,6571.998,0.0019
15.07.2019 13:53:00.000,6572.998,6573.998,6568.997,6569.997,0.0042
15.07.2019 13:54:00.000,6569.998,6572.998,6568.997,6570.998,0.0048
15.07.2019 13:55:00.000,6571.998,6572.998,6569.997,6570.997,0.0057
15.07.2019 13:56:00.000,6571.998,6572.998,6570.997,6572.997,0.0035
15.07.2019 13:57:00.000,6572.998,6575.998,6569.997,6569.998,0.0038
15.07.2019 13:58:00.000,6570.998,6570.998,6569.998,6569.998,0.0004
15.07.2019 13:59:00.000,6570.997,6570.998,6567.997,6567.998,0.0048
15.07.2019 14:00:00.000,6567.998,6567.998,6563.997,6565.997,0.0019
15.07.2019 14:01:00.000,6565.998,6571.998,6563.997,6571.998,0.0059
15.07.2019 14:02:00.000,6571.997,6573.750,6571.997,6573.750,0.0007
15.07.2019 14:03:00.000,6573.998,6574.998,6573.997,6574.997,0.002
15.07.2019 14:04:00.000,6574.998,6575.998,6570.998,6575.997,0.0024
15.07.2019 14:05:00.000,6575.997,6577.998,6571.997,6577.998,0.0049
15.07.2019 14:06:00.000,6577.997,6577.997,6571.998,6573.997,0.0021
15.07.2019 14:07:00.000,6573.998,6573.998,6569.997,6569.997,0.0023
15.07.2019 14:08:00.000,6570.998,6571.997,6568.997,6568.998,0.0032
15.07.2019 14:09:00.000,6568.750,6568.998,6566.997,6568.998,0.0007
15.07.2019 14:10:00.000,6567.998,6568.998,6567.997,6568.998,0.0033
15.07.2019 14:11:00.000,6568.997,6572.998,6568.997,6570.998,0.0042
15.07.2019 14:12:00.000,6571.998,6571.998,6569.997,6569.998,0.004
15.07.2019 14:13:00.000,6570.998,6573.998,6569.997,6569.997,0.0026
15.07.2019 14:14:00.000,6569.998,6570.998,6567.998,6570.998,0.0036
15.07.2019 14:15:00.000,6571.998,6573.998,6569.997,6573.997,0.0043
15.07.2019 14:16:00.000,6574.998,6574.998,6571.998,6573.998,0.0019
15.07.2019 14:17:00.000,6574.997,6575.998,6574.997,6575.998,0.0014
15.07.2019 14:18:00.000,6575.998,6575.998,6573.997,6573.998,0.0018
15.07.2019 14:19:00.000,6573.997,6580.998,6573.997,6580.998,0.0041
15.07.2019 14:20:00.000,6580.997,6580.998,6574.997,6576.998,0.0021
15.07.2019 14:21:00.000,6576.998,6576.998,6572.997,6572.997,0.0009
15.07.2019 14:22:00.000,6572.998,6574.998,6572.997,6572.998,0.0004
15.07.2019 14:23:00.000,6572.997,6576.998,6571.997,6576.998,0.0055
15.07.2019 14:24:00.000,6576.997,6580.998,6576.997,6579.997,0.0045
15.07.2019 14:25:00.000,6579.998,6579.998,6576.997,6578.998,0.0026
15.07.2019 14:26:00.000,6578.997,6578.998,6575.998,6576.998,0.001
15.07.2019 14:27:00.000,6574.998,6575.998,6574.997,6574.998,0.0005
15.07.2019 14:28:00.000,6573.998,6573.998,6568.998,6568.998,0.0037
15.07.2019 14:29:00.000,6569.998,6569.998,6568.997,6568.997,0.0007
15.07.2019 14:30:00.000,6568.997,6571.998,6568.997,6571.997,0.004
15.07.2019 14:31:00.000,6571.998,6572.998,6571.997,6571.997,0.0037
15.07.2019 14:32:00.000,6572.997,6574.998,6571.997,6571.997,0.0033
15.07.2019 14:33:00.000,6571.998,6571.998,6571.997,6571.997,0.0026
15.07.2019 14:34:00.000,6572.997,6573.998,6570.998,6570.998,0.0031
15.07.2019 14:35:00.000,6570.997,6570.998,6565.997,6565.998,0.0056
15.07.2019 14:36:00.000,6565.997,6565.998,6561.998,6563.997,0.0047
15.07.2019 14:37:00.000,6563.998,6563.998,6563.997,6563.998,0.0006
15.07.2019 14:38:00.000,6563.997,6568.998,6563.997,6565.997,0.0035
15.07.2019 14:39:00.000,6565.998,6566.998,6565.997,6566.998,0.0034
15.07.2019 14:40:00.000,6566.750,6566.750,6562.998,6563.998,0.0015
15.07.2019 14:41:00.000,6563.997,6563.998,6561.997,6562.998,0.0035
15.07.2019 14:42:00.000,6562.997,6562.997,6559.998,6560.998,0.0034
15.07.2019 14:43:00.000,6560.997,6560.998,6558.997,6560.998,0.0052
15.07.2019 14:44:00.000,6560.997,6560.998,6560.997,6560.997,0.0009
15.07.2019 14:45:00.000,6560.998,6561.998,6557.997,6558.997,0.0063
15.07.2019 14:46:00.000,6558.998,6559.998,6557.998,6559.998,0.0019
15.07.2019 14:47:00.000,6559.997,6560.998,6559.997,6560.998,0.0019
15.07.2019 14:48:00.000,6560.997,6561.998,6558.998,6560.998,0.0039
15.07.2019 14:49:00.000,6560.997,6563.998,6560.997,6563.998,0.0033
15.07.2019 14:50:00.000,6563.997,6564.998,6563.997,6564.998,0.0036
15.07.2019 14:51:00.000,6564.997,6567.998,6564.997,6567.997,0.0065
15.07.2019 14:52:00.000,6567.998,6569.998,6567.998,6568.998,0.0029
15.07.2019 14:53:00.000,6568.997,6569.998,6568.997,6568.997,0.0033
15.07.2019 14:54:00.000,6568.998,6569.998,6565.997,6565.998,0.007
15.07.2019 14:55:00.000,6566.998,6570.998,6564.997,6570.998,0.007
15.07.2019 14:56:00.000,6570.750,6570.750,6568.997,6568.997,0.0028
15.07.2019 14:57:00.000,6568.998,6569.998,6568.997,6569.998,0.0021
15.07.2019 14:58:00.000,6567.998,6569.998,6567.997,6568.998,0.0031
15.07.2019 14:59:00.000,6568.997,6568.997,6563.998,6564.998,0.0058
15.07.2019 15:00:00.000,6564.997,6564.998,6562.997,6564.998,0.0037
15.07.2019 15:01:00.000,6563.998,6565.998,6563.997,6564.998,0.006
15.07.2019 15:02:00.000,6564.997,6565.998,6563.998,6563.998,0.0057
15.07.2019 15:03:00.000,6564.997,6565.998,6563.997,6565.998,0.0019
15.07.2019 15:04:00.000,6565.750,6566.998,6562.997,6562.997,0.0065
15.07.2019 15:05:00.000,6563.998,6564.998,6562.997,6564.997,0.0057
15.07.2019 15:06:00.000,6564.998,6564.998,6562.998,6564.998,0.0031
15.07.2019 15:07:00.000,6564.998,6565.998,6562.997,6562.998,0.0041
15.07.2019 15:08:00.000,6563.997,6564.998,6561.998,6563.997,0.0078
15.07.2019 15:09:00.000,6563.998,6563.998,6563.997,6563.998,0.0003
15.07.2019 15:10:00.000,6563.998,6563.998,6558.997,6559.997,0.0055
15.07.2019 15:11:00.000,6559.998,6561.998,6557.998,6558.998,0.0104
15.07.2019 15:12:00.000,6556.998,6557.998,6555.998,6557.997,0.0045
15.07.2019 15:13:00.000,6557.998,6557.998,6556.997,6556.998,0.0041
15.07.2019 15:14:00.000,6556.997,6557.998,6556.997,6557.998,0.0047
15.07.2019 15:15:00.000,6557.997,6557.998,6552.998,6554.997,0.0044
15.07.2019 15:16:00.000,6554.998,6558.998,6554.998,6558.997,0.0092
15.07.2019 15:17:00.000,6558.998,6558.998,6558.997,6558.997,0.0033
15.07.2019 15:18:00.000,6558.998,6559.998,6558.997,6559.997,0.0112
15.07.2019 15:19:00.000,6559.998,6559.998,6559.997,6559.997,0.0033
15.07.2019 15:20:00.000,6558.998,6558.998,6558.997,6558.998,0.0057
15.07.2019 15:21:00.000,6558.997,6558.998,6556.997,6557.997,0.0086
15.07.2019 15:22:00.000,6557.998,6557.998,6557.997,6557.998,0.0015
15.07.2019 15:23:00.000,6557.997,6559.998,6557.997,6559.997,0.0063
15.07.2019 15:24:00.000,6559.998,6559.998,6558.997,6558.998,0.0055
15.07.2019 15:25:00.000,6558.997,6559.998,6558.997,6559.998,0.004
15.07.2019 15:26:00.000,6559.997,6559.998,6557.998,6558.998,0.0138
15.07.2019 15:27:00.000,6558.997,6558.998,6558.997,6558.998,0.0079
15.07.2019 15:28:00.000,6558.997,6558.997,6552.998,6555.998,0.02
15.07.2019 15:29:00.000,6555.997,6560.998,6553.997,6558.998,0.0265
16.07.2019 07:00:00.000,6556.998,6557.998,6556.998,6557.998,0.0002
16.07.2019 07:02:00.000,6557.998,6557.998,6538.997,6538.997,0.0002
16.07.2019 07:04:00.000,6537.998,6539.998,6530.998,6530.998,0.0016
16.07.2019 07:05:00.000,6530.997,6530.998,6522.998,6522.998,0.0019
16.07.2019 07:06:00.000,6520.998,6530.998,6520.997,6528.997,0.0029
16.07.2019 07:07:00.000,6528.998,6534.998,6524.998,6525.997,0.0019
16.07.2019 07:08:00.000,6524.998,6531.998,6521.998,6528.997,0.0039
16.07.2019 07:09:00.000,6530.998,6537.998,6530.998,6537.998,0.0039
16.07.2019 07:10:00.000,6538.998,6542.998,6530.998,6530.998,0.0044
16.07.2019 07:11:00.000,6529.998,6537.998,6529.998,6536.997,0.0087
16.07.2019 07:12:00.000,6536.998,6542.998,6536.998,6542.997,0.0028
16.07.2019 07:13:00.000,6542.998,6547.998,6542.997,6547.998,0.002
16.07.2019 07:14:00.000,6547.998,6547.998,6547.998,6547.998,0.0002
16.07.2019 07:15:00.000,6547.997,6547.998,6541.997,6543.998,0.004
16.07.2019 07:16:00.000,6543.997,6550.998,6543.997,6548.998,0.0046
16.07.2019 07:17:00.000,6548.750,6548.750,6537.998,6538.998,0.0021
16.07.2019 07:18:00.000,6538.998,6543.997,6538.998,6543.997,0.0031
16.07.2019 07:19:00.000,6543.998,6549.998,6543.998,6548.998,0.0072
16.07.2019 07:20:00.000,6548.997,6548.997,6540.998,6542.997,0.0021
16.07.2019 07:21:00.000,6543.997,6548.998,6541.998,6548.998,0.0022
16.07.2019 07:22:00.000,6548.997,6549.998,6543.997,6547.998,0.0045
16.07.2019 07:23:00.000,6548.998,6552.998,6548.997,6551.998,0.0033
16.07.2019 07:24:00.000,6550.997,6553.998,6550.997,6553.997,0.002
16.07.2019 07:25:00.000,6553.998,6553.998,6548.997,6548.997,0.0026
16.07.2019 07:26:00.000,6548.998,6555.998,6548.997,6555.998,0.0025
16.07.2019 07:27:00.000,6554.998,6554.998,6550.997,6551.997,0.0009
16.07.2019 07:28:00.000,6553.997,6557.998,6553.997,6557.998,0.0027
16.07.2019 07:29:00.000,6558.998,6560.998,6558.997,6558.997,0.0039
16.07.2019 07:30:00.000,6558.998,6560.997,6557.998,6557.998,0.004
16.07.2019 07:31:00.000,6557.998,6562.998,6557.997,6559.998,0.004
16.07.2019 07:32:00.000,6559.997,6564.997,6559.997,6563.998,0.005
16.07.2019 07:33:00.000,6563.997,6564.998,6563.997,6563.997,0.0021
16.07.2019 07:34:00.000,6565.998,6568.997,6565.998,6566.997,0.0041
16.07.2019 07:35:00.000,6566.998,6566.998,6565.998,6566.998,0.001
16.07.2019 07:36:00.000,6565.998,6574.998,6565.998,6572.998,0.0098
16.07.2019 07:37:00.000,6571.997,6573.998,6564.997,6564.997,0.005
16.07.2019 07:38:00.000,6566.997,6572.998,6566.997,6571.998,0.0049
16.07.2019 07:39:00.000,6572.998,6575.998,6572.997,6575.998,0.0041
16.07.2019 07:40:00.000,6575.997,6577.998,6572.998,6576.998,0.0037
16.07.2019 07:41:00.000,6576.998,6579.998,6576.998,6579.997,0.0067
16.07.2019 07:42:00.000,6579.998,6579.998,6579.997,6579.998,0.0014
16.07.2019 07:43:00.000,6581.750,6584.998,6579.998,6580.997,0.0105
16.07.2019 07:44:00.000,6580.998,6585.998,6580.997,6585.998,0.0079
16.07.2019 07:45:00.000,6585.997,6585.998,6583.997,6583.998,0.002
16.07.2019 07:46:00.000,6583.997,6584.998,6582.997,6584.997,0.0046
16.07.2019 07:47:00.000,6584.500,6584.500,6576.997,6576.998,0.0018
16.07.2019 07:48:00.000,6576.997,6580.998,6576.997,6580.998,0.0046
16.07.2019 07:49:00.000,6583.500,6587.998,6582.997,6586.997,0.0081
16.07.2019 07:50:00.000,6586.998,6593.998,6583.998,6592.998,0.0044
16.07.2019 07:51:00.000,6592.997,6593.998,6590.997,6592.998,0.0062
16.07.2019 07:52:00.000,6592.997,6593.998,6590.997,6591.998,0.0041
16.07.2019 07:53:00.000,6591.998,6594.998,6588.997,6594.998,0.0053
16.07.2019 07:54:00.000,6594.998,6596.998,6594.998,6596.998,0.0021
16.07.2019 07:55:00.000,6596.997,6596.998,6588.998,6596.998,0.0078
16.07.2019 07:56:00.000,6596.997,6598.998,6596.997,6596.998,0.0017
16.07.2019 07:57:00.000,6596.998,6598.998,6596.997,6598.997,0.0035
16.07.2019 07:58:00.000,6600.998,6601.998,6598.998,6599.998,0.0054
16.07.2019 07:59:00.000,6600.998,6600.998,6597.997,6598.998,0.0049
16.07.2019 08:00:00.000,6598.997,6598.997,6594.997,6596.997,0.0051
16.07.2019 08:01:00.000,6596.998,6601.998,6596.998,6601.998,0.0056
16.07.2019 08:02:00.000,6601.998,6606.997,6601.998,6604.998,0.0058
16.07.2019 08:03:00.000,6606.998,6606.998,6600.998,6602.998,0.0044
16.07.2019 08:04:00.000,6602.997,6606.998,6602.997,6606.998,0.0053
16.07.2019 08:05:00.000,6607.998,6608.998,6603.997,6607.997,0.006
16.07.2019 08:06:00.000,6607.997,6609.997,6603.998,6603.998,0.0032
16.07.2019 08:07:00.000,6603.998,6609.998,6603.997,6609.998,0.0039
16.07.2019 08:08:00.000,6609.997,6612.997,6609.997,6612.997,0.0031
16.07.2019 08:09:00.000,6612.998,6613.998,6610.997,6612.997,0.0073
16.07.2019 08:10:00.000,6614.997,6617.998,6612.998,6613.997,0.0094
16.07.2019 08:11:00.000,6614.998,6620.998,6614.997,6620.998,0.0078
16.07.2019 08:12:00.000,6620.750,6620.750,6617.997,6618.997,0.0067
16.07.2019 08:13:00.000,6619.997,6624.998,6618.997,6624.998,0.0063
16.07.2019 08:14:00.000,6623.998,6625.998,6623.997,6624.998,0.0043
16.07.2019 08:15:00.000,6624.998,6624.998,6616.997,6617.998,0.0048
16.07.2019 08:16:00.000,6618.998,6620.998,6616.998,6617.998,0.0023
16.07.2019 08:17:00.000,6619.998,6621.998,6618.997,6620.998,0.0026
16.07.2019 08:18:00.000,6620.998,6624.998,6620.997,6624.997,0.0042
16.07.2019 08:19:00.000,6623.998,6630.998,6623.997,6630.998,0.005
16.07.2019 08:20:00.000,6629.997,6631.997,6625.998,6627.998,0.0043
16.07.2019 08:21:00.000,6626.998,6626.998,6618.997,6618.998,0.0043
16.07.2019 08:22:00.000,6619.998,6620.998,6616.997,6616.997,0.0032
16.07.2019 08:23:00.000,6616.998,6620.998,6616.998,6618.998,0.009
16.07.2019 08:24:00.000,6618.998,6618.998,6611.998,6613.998,0.0021
16.07.2019 08:25:00.000,6613.997,6615.998,6610.997,6610.998,0.0048
16.07.2019 08:26:00.000,6612.997,6612.998,6606.998,6606.998,0.004
16.07.2019 08:27:00.000,6606.998,6606.998,6602.998,6605.997,0.0013
16.07.2019 08:28:00.000,6605.998,6607.997,6605.998,6607.997,0.0004
16.07.2019 08:29:00.000,6607.998,6608.998,6605.998,6605.998,0.002
16.07.2019 08:30:00.000,6605.997,6605.998,6601.997,6601.998,0.0031
16.07.2019 08:31:00.000,6601.997,6607.997,6597.998,6607.997,0.0022
16.07.2019 08:32:00.000,6606.997,6611.997,6602.997,6609.998,0.0085
16.07.2019 08:33:00.000,6609.997,6609.998,6604.997,6604.998,0.0014
16.07.2019 08:34:00.000,6603.997,6607.998,6601.997,6601.998,0.003
16.07.2019 08:35:00.000,6601.998,6601.998,6600.997,6600.998,0.0013
16.07.2019 08:36:00.000,6600.997,6600.998,6600.997,6600.998,0.0004
16.07.2019 08:37:00.000,6600.997,6600.998,6599.997,6599.998,0.0017
16.07.2019 08:38:00.000,6600.998,6603.998,6597.998,6601.998,0.002
16.07.2019 08:39:00.000,6601.997,6601.998,6597.998,6600.998,0.0052
16.07.2019 08:40:00.000,6600.997,6600.998,6600.997,6600.998,0.0011
16.07.2019 08:41:00.000,6600.997,6600.998,6600.997,6600.998,0.0009
16.07.2019 08:42:00.000,6601.998,6602.998,6601.997,6601.998,0.0021
16.07.2019 08:43:00.000,6599.998,6601.998,6597.997,6600.998,0.0014
16.07.2019 08:44:00.000,6600.998,6600.998,6597.998,6599.998,0.0017
16.07.2019 08:45:00.000,6600.998,6601.998,6599.998,6600.997,0.0014
16.07.2019 08:46:00.000,6600.998,6600.998,6597.998,6599.997,0.0009
16.07.2019 08:47:00.000,6597.997,6602.998,6597.997,6602.998,0.0026
16.07.2019 08:48:00.000,6602.997,6602.997,6600.997,6601.998,0.0023
16.07.2019 08:49:00.000,6601.998,6601.998,6591.998,6594.998,0.0033
16.07.2019 08:50:00.000,6594.997,6595.998,6593.997,6595.998,0.0007
16.07.2019 08:51:00.000,6595.750,6595.750,6588.997,6588.998,0.0018
16.07.2019 08:52:00.000,6589.997,6589.998,6586.997,6588.997,0.0029
16.07.2019 08:53:00.000,6587.998,6590.998,6585.997,6586.998,0.0052
16.07.2019 08:54:00.000,6587.997,6588.998,6586.997,6588.998,0.0021
16.07.2019 08:55:00.000,6590.997,6593.998,6588.998,6593.998,0.0022
16.07.2019 08:56:00.000,6594.997,6594.997,6592.998,6593.998,0.0013
16.07.2019 08:57:00.000,6594.998,6594.998,6592.997,6592.998,0.0009
16.07.2019 08:58:00.000,6592.997,6594.998,6592.997,6593.997,0.0019
16.07.2019 08:59:00.000,6593.998,6594.998,6584.998,6584.998,0.0007
16.07.2019 09:00:00.000,6585.998,6590.997,6585.998,6586.998,0.0013
16.07.2019 09:01:00.000,6587.997,6591.998,6587.997,6591.998,0.0027
16.07.2019 09:02:00.000,6591.997,6593.998,6589.997,6593.998,0.005
16.07.2019 09:03:00.000,6593.997,6600.998,6593.997,6600.997,0.0041
16.07.2019 09:04:00.000,6600.997,6600.997,6597.997,6599.998,0.0053
16.07.2019 09:05:00.000,6600.998,6600.998,6591.998,6592.998,0.0042
16.07.2019 09:06:00.000,6592.997,6594.998,6591.997,6594.998,0.0021
16.07.2019 09:07:00.000,6595.997,6595.998,6594.997,6595.998,0.0013
16.07.2019 09:08:00.000,6595.998,6599.998,6595.998,6598.998,0.0023
16.07.2019 09:09:00.000,6599.998,6599.998,6597.997,6599.998,0.0029
16.07.2019 09:10:00.000,6598.997,6603.998,6597.998,6603.998,0.0056
16.07.2019 09:11:00.000,6603.998,6603.998,6601.997,6603.998,0.0022
16.07.2019 09:12:00.000,6603.998,6604.997,6601.997,6602.998,0.002
16.07.2019 09:13:00.000,6602.997,6602.997,6600.998,6601.998,0.0022
16.07.2019 09:14:00.000,6601.998,6602.998,6596.998,6596.998,0.0047
16.07.2019 09:15:00.000,6597.998,6597.998,6595.997,6596.998,0.0027
16.07.2019 09:16:00.000,6597.998,6597.998,6592.998,6592.998,0.0028
16.07.2019 09:17:00.000,6593.998,6596.998,6593.997,6593.997,0.0037
16.07.2019 09:18:00.000,6593.998,6593.998,6591.998,6592.997,0.0011
16.07.2019 09:19:00.000,6592.998,6595.998,6592.998,6595.997,0.0028
16.07.2019 09:20:00.000,6596.997,6598.998,6596.997,6596.997,0.0034
16.07.2019 09:21:00.000,6597.997,6597.998,6591.997,6591.998,0.0043
16.07.2019 09:22:00.000,6592.998,6593.998,6592.997,6592.997,0.0015
16.07.2019 09:23:00.000,6592.998,6592.998,6591.997,6591.998,0.0014
16.07.2019 09:24:00.000,6591.997,6591.997,6588.997,6588.997,0.0009
16.07.2019 09:25:00.000,6587.998,6588.998,6585.998,6587.998,0.0031
16.07.2019 09:26:00.000,6587.998,6587.998,6583.998,6584.998,0.0046
16.07.2019 09:27:00.000,6584.997,6588.998,6584.997,6585.998,0.006
16.07.2019 09:28:00.000,6586.998,6588.998,6584.997,6584.998,0.0026
16.07.2019 09:29:00.000,6585.997,6585.998,6584.997,6585.998,0.0004
16.07.2019 09:30:00.000,6584.998,6585.998,6582.997,6584.998,0.0027
16.07.2019 09:31:00.000,6584.998,6585.998,6581.997,6584.997,0.0053
16.07.2019 09:32:00.000,6585.997,6587.998,6585.997,6586.998,0.0045
16.07.2019 09:33:00.000,6586.997,6587.998,6586.997,6587.998,0.0055
16.07.2019 09:34:00.000,6587.997,6587.998,6585.997,6585.997,0.0074
16.07.2019 09:35:00.000,6586.998,6586.998,6586.997,6586.998,0.0003
16.07.2019 09:36:00.000,6586.997,6588.998,6586.997,6588.998,0.004
16.07.2019 09:37:00.000,6589.997,6590.998,6589.997,6589.998,0.0013
16.07.2019 09:38:00.000,6590.998,6590.998,6589.997,6589.997,0.0016
16.07.2019 09:39:00.000,6589.998,6589.998,6587.997,6589.998,0.0036
16.07.2019 09:40:00.000,6589.998,6589.998,6587.998,6588.998,0.0008
16.07.2019 09:41:00.000,6589.997,6589.998,6589.997,6589.998,0.0006
16.07.2019 09:42:00.000,6589.997,6591.998,6587.997,6590.998,0.0029
16.07.2019 09:43:00.000,6590.997,6590.998,6590.997,6590.998,0.0032
16.07.2019 09:44:00.000,6590.997,6590.998,6590.997,6590.998,0.0014
16.07.2019 09:45:00.000,6590.997,6590.998,6587.997,6587.998,0.0024
16.07.2019 09:46:00.000,6583.998,6584.998,6582.997,6582.998,0.0014
16.07.2019 09:48:00.000,6584.997,6584.998,6583.997,6584.998,0.0029
16.07.2019 09:49:00.000,6584.997,6586.997,6584.997,6585.998,0.002
16.07.2019 09:50:00.000,6587.998,6587.998,6585.997,6585.998,0.0059
16.07.2019 09:51:00.000,6584.997,6586.998,6584.997,6586.998,0.0029
16.07.2019 09:52:00.000,6586.998,6587.998,6586.997,6587.998,0.0014
16.07.2019 09:53:00.000,6588.998,6590.998,6588.997,6589.997,0.0031
16.07.2019 09:54:00.000,6590.997,6593.998,6589.998,6593.998,0.0031
16.07.2019 09:55:00.000,6593.997,6593.997,6589.998,6589.998,0.0018
16.07.2019 09:56:00.000,6590.998,6591.998,6588.997,6591.998,0.002
16.07.2019 09:57:00.000,6590.998,6591.998,6589.997,6589.998,0.0019
16.07.2019 09:58:00.000,6589.997,6590.998,6589.997,6590.998,0.0016
16.07.2019 09:59:00.000,6590.998,6591.998,6589.998,6591.997,0.0019
16.07.2019 10:00:00.000,6591.998,6591.998,6589.997,6589.998,0.0019
16.07.2019 10:01:00.000,6590.997,6591.998,6590.997,6590.998,0.0017
16.07.2019 10:02:00.000,6591.998,6591.998,6589.997,6589.998,0.0017
16.07.2019 10:05:00.000,6589.997,6589.998,6588.997,6588.997,0.0028
16.07.2019 10:06:00.000,6588.998,6590.998,6588.998,6590.997,0.0031
16.07.2019 10:07:00.000,6590.998,6590.998,6587.997,6590.998,0.0037
16.07.2019 10:08:00.000,6592.998,6594.997,6592.997,6594.997,0.0025
16.07.2019 10:09:00.000,6594.998,6595.998,6594.997,6595.998,0.001
16.07.2019 10:10:00.000,6595.997,6595.998,6593.997,6593.998,0.0014
16.07.2019 10:11:00.000,6593.997,6593.998,6593.997,6593.998,0.0018
16.07.2019 10:12:00.000,6593.997,6593.997,6590.998,6592.998,0.0014
16.07.2019 10:13:00.000,6592.997,6592.997,6589.997,6590.997,0.002
16.07.2019 10:14:00.000,6589.997,6590.998,6588.998,6588.998,0.0012
16.07.2019 10:15:00.000,6588.998,6591.998,6588.997,6591.998,0.0027
16.07.2019 10:16:00.000,6591.997,6594.998,6590.998,6591.997,0.005
16.07.2019 10:17:00.000,6592.997,6592.998,6591.997,6592.998,0.0066
16.07.2019 10:18:00.000,6592.998,6592.998,6590.998,6590.998,0.0041
16.07.2019 10:19:00.000,6590.997,6592.998,6590.997,6591.998,0.0025
16.07.2019 10:20:00.000,6591.997,6593.998,6591.997,6591.998,0.0055
16.07.2019 10:21:00.000,6592.997,6594.998,6591.997,6594.998,0.0026
16.07.2019 10:22:00.000,6594.997,6595.997,6592.997,6595.997,0.0038
16.07.2019 10:23:00.000,6595.998,6596.998,6594.998,6595.997,0.0038
16.07.2019 10:24:00.000,6595.998,6595.998,6594.997,6595.998,0.0007
16.07.2019 10:25:00.000,6595.998,6598.998,6595.998,6598.997,0.0026
16.07.2019 10:26:00.000,6597.998,6597.998,6595.997,6596.998,0.0023
16.07.2019 10:27:00.000,6596.997,6596.998,6594.998,6595.998,0.0021
16.07.2019 10:28:00.000,6596.998,6598.998,6596.997,6598.998,0.0048
16.07.2019 10:29:00.000,6599.998,6599.998,6598.998,6598.998,0.0009
16.07.2019 10:30:00.000,6598.997,6598.997,6596.997,6596.998,0.0016
16.07.2019 10:31:00.000,6596.997,6598.998,6596.997,6598.997,0.0047
16.07.2019 10:32:00.000,6598.998,6598.998,6598.997,6598.998,0.006
16.07.2019 10:33:00.000,6599.997,6599.998,6598.997,6598.997,0.0027
16.07.2019 10:34:00.000,6599.998,6599.998,6598.997,6598.997,0.0038
16.07.2019 10:35:00.000,6599.998,6600.998,6598.998,6599.997,0.0025
16.07.2019 10:36:00.000,6599.998,6601.998,6599.998,6601.998,0.0014
16.07.2019 10:37:00.000,6601.750,6601.750,6598.997,6598.998,0.0017
16.07.2019 10:38:00.000,6598.997,6598.997,6594.997,6594.998,0.0033
16.07.2019 10:39:00.000,6594.997,6598.998,6594.997,6597.998,0.0068
16.07.2019 10:40:00.000,6597.998,6598.998,6597.997,6598.998,0.0046
16.07.2019 10:41:00.000,6598.997,6599.998,6598.997,6599.998,0.0047
16.07.2019 10:42:00.000,6599.998,6600.998,6599.997,6600.998,0.003
16.07.2019 10:43:00.000,6602.997,6602.998,6600.997,6601.998,0.0039
16.07.2019 10:44:00.000,6600.998,6601.998,6600.998,6601.998,0.0036
16.07.2019 10:45:00.000,6601.998,6608.998,6601.998,6604.998,0.0069
16.07.2019 10:46:00.000,6604.997,6605.998,6604.997,6604.998,0.0049
16.07.2019 10:47:00.000,6604.997,6604.998,6601.998,6603.998,0.002
16.07.2019 10:48:00.000,6603.998,6604.998,6602.998,6603.998,0.0023
16.07.2019 10:49:00.000,6605.997,6607.998,6604.998,6605.997,0.0043
16.07.2019 10:50:00.000,6605.998,6607.998,6605.998,6607.998,0.0013
16.07.2019 10:51:00.000,6606.997,6611.997,6606.997,6610.998,0.0056
16.07.2019 10:52:00.000,6610.997,6611.998,6608.997,6609.997,0.0068
16.07.2019 10:53:00.000,6609.998,6610.998,6606.997,6607.997,0.0038
16.07.2019 10:54:00.000,6607.998,6608.998,6607.997,6607.998,0.0043
16.07.2019 10:55:00.000,6607.997,6607.998,6603.998,6605.997,0.0056
16.07.2019 10:56:00.000,6605.998,6608.998,6603.997,6608.997,0.004
16.07.2019 10:57:00.000,6608.998,6610.998,6607.998,6608.997,0.0037
16.07.2019 10:58:00.000,6608.997,6610.998,6606.998,6610.997,0.0035
16.07.2019 10:59:00.000,6610.998,6611.998,6609.998,6610.998,0.0038
16.07.2019 11:00:00.000,6610.998,6610.998,6606.997,6606.997,0.0004
16.07.2019 11:02:00.000,6607.998,6613.998,6607.998,6612.998,0.0074
16.07.2019 11:03:00.000,6612.997,6612.998,6610.997,6612.998,0.0036
16.07.2019 11:04:00.000,6611.998,6613.998,6611.997,6613.998,0.0026
16.07.2019 11:05:00.000,6612.998,6612.998,6611.998,6612.998,0.0028
16.07.2019 11:06:00.000,6612.998,6614.998,6611.997,6611.997,0.0041
16.07.2019 11:07:00.000,6611.998,6611.998,6610.997,6611.998,0.001
16.07.2019 11:08:00.000,6610.997,6613.998,6610.997,6613.998,0.0057
16.07.2019 11:09:00.000,6613.998,6613.998,6611.998,6612.997,0.0049
16.07.2019 11:10:00.000,6613.997,6614.998,6612.998,6614.997,0.0034
16.07.2019 11:11:00.000,6614.998,6614.998,6612.997,6613.998,0.0028
16.07.2019 11:12:00.000,6613.997,6614.998,6613.997,6614.998,0.0026
16.07.2019 11:13:00.000,6614.750,6614.750,6612.997,6613.998,0.0013
16.07.2019 11:14:00.000,6613.997,6614.998,6613.997,6614.998,0.0054
16.07.2019 11:15:00.000,6613.997,6613.998,6611.997,6611.998,0.0025
16.07.2019 11:16:00.000,6611.998,6611.998,6610.997,6610.998,0.0041
16.07.2019 11:17:00.000,6610.998,6610.998,6606.997,6606.997,0.0039
16.07.2019 11:18:00.000,6607.998,6608.998,6607.997,6607.998,0.0017
16.07.2019 11:19:00.000,6607.997,6608.998,6605.998,6605.998,0.0017
16.07.2019 11:20:00.000,6605.997,6605.998,6603.997,6604.997,0.0044
16.07.2019 11:21:00.000,6604.998,6604.998,6602.997,6602.998,0.0076
16.07.2019 11:22:00.000,6603.997,6603.998,6602.997,6602.997,0.0011
16.07.2019 11:23:00.000,6602.998,6603.998,6602.997,6602.998,0.0023
16.07.2019 11:24:00.000,6602.997,6602.998,6601.997,6601.998,0.0023
16.07.2019 11:25:00.000,6602.997,6602.998,6600.997,6601.998,0.0064
16.07.2019 11:26:00.000,6601.998,6601.998,6599.997,6599.998,0.001
16.07.2019 11:27:00.000,6599.997,6599.998,6597.998,6598.998,0.0013
16.07.2019 11:28:00.000,6599.998,6599.998,6599.997,6599.998,0.0008
16.07.2019 11:29:00.000,6599.997,6602.998,6599.997,6599.998,0.0044
16.07.2019 11:30:00.000,6599.998,6599.998,6598.997,6599.998,0.0046
16.07.2019 11:31:00.000,6599.997,6602.998,6599.997,6600.997,0.008
16.07.2019 11:32:00.000,6600.997,6600.997,6597.997,6597.998,0.0029
16.07.2019 11:33:00.000,6598.998,6598.998,6596.997,6597.998,0.0016
16.07.2019 11:34:00.000,6597.997,6597.998,6595.998,6595.998,0.0012
16.07.2019 11:35:00.000,6595.998,6597.998,6595.997,6596.998,0.0021
16.07.2019 11:36:00.000,6597.998,6598.997,6596.997,6596.997,0.002
16.07.2019 11:37:00.000,6596.998,6597.998,6596.998,6597.997,0.0011
16.07.2019 11:38:00.000,6597.998,6599.998,6597.997,6599.998,0.0058
16.07.2019 11:39:00.000,6600.998,6600.998,6598.997,6599.998,0.0016
16.07.2019 11:40:00.000,6600.998,6602.998,6600.997,6602.998,0.0063
16.07.2019 11:41:00.000,6603.998,6605.998,6603.997,6605.998,0.0027
16.07.2019 11:42:00.000,6604.998,6607.998,6604.998,6607.997,0.0044
16.07.2019 11:43:00.000,6607.998,6608.997,6604.998,6604.998,0.0054
16.07.2019 11:44:00.000,6605.998,6610.998,6605.998,6610.998,0.0036
16.07.2019 11:45:00.000,6610.997,6610.997,6605.997,6605.998,0.0035
16.07.2019 11:46:00.000,6606.997,6606.998,6604.998,6606.997,0.0031
16.07.2019 11:47:00.000,6606.997,6606.998,6604.998,6604.998,0.0032
16.07.2019 11:48:00.000,6604.997,6605.998,6603.997,6604.997,0.003
16.07.2019 11:49:00.000,6604.998,6604.998,6602.997,6603.997,0.0047
16.07.2019 11:50:00.000,6603.998,6603.998,6598.998,6598.998,0.0045
16.07.2019 11:51:00.000,6599.997,6601.998,6599.997,6600.998,0.0021
16.07.2019 11:52:00.000,6600.997,6600.998,6600.997,6600.998,0.0018
16.07.2019 11:53:00.000,6600.997,6600.998,6599.998,6600.997,0.0006
16.07.2019 11:54:00.000,6600.998,6602.998,6600.998,6602.998,0.0019
16.07.2019 11:55:00.000,6601.998,6602.998,6601.998,6602.998,0.0004
16.07.2019 11:56:00.000,6601.998,6601.998,6597.998,6598.997,0.0074
16.07.2019 11:57:00.000,6596.998,6597.998,6596.998,6597.997,0.0023
16.07.2019 11:58:00.000,6597.998,6597.998,6597.997,6597.998,0.0027
16.07.2019 11:59:00.000,6598.997,6601.998,6598.997,6601.998,0.0079
16.07.2019 12:00:00.000,6602.997,6602.998,6600.998,6601.997,0.0035
16.07.2019 12:01:00.000,6601.998,6602.998,6601.997,6602.997,0.0054
16.07.2019 12:02:00.000,6602.998,6604.998,6602.997,6602.998,0.0063
16.07.2019 12:03:00.000,6602.997,6607.998,6602.997,6606.998,0.0042
16.07.2019 12:04:00.000,6606.750,6607.998,6604.998,6607.998,0.0043
16.07.2019 12:05:00.000,6608.998,6609.998,6607.997,6609.998,0.0057
16.07.2019 12:06:00.000,6609.998,6610.998,6607.997,6607.998,0.0034
16.07.2019 12:07:00.000,6607.997,6607.998,6605.998,6605.998,0.0025
16.07.2019 12:08:00.000,6604.997,6605.998,6601.998,6601.998,0.0042
16.07.2019 12:09:00.000,6601.997,6601.998,6599.997,6599.998,0.0033
16.07.2019 12:10:00.000,6599.997,6599.998,6599.997,6599.997,0.0019
16.07.2019 12:11:00.000,6599.998,6600.998,6599.997,6600.997,0.0023
16.07.2019 12:12:00.000,6600.998,6600.998,6598.998,6600.997,0.0015
16.07.2019 12:13:00.000,6600.998,6600.998,6599.997,6600.998,0.0016
16.07.2019 12:14:00.000,6601.997,6601.998,6600.997,6600.997,0.0015
16.07.2019 12:15:00.000,6599.997,6601.998,6598.997,6598.997,0.0021
16.07.2019 12:16:00.000,6598.998,6599.998,6597.998,6599.997,0.0016
16.07.2019 12:17:00.000,6599.998,6600.998,6598.997,6599.998,0.0017
16.07.2019 12:18:00.000,6599.997,6599.998,6599.997,6599.998,0.0008
16.07.2019 12:19:00.000,6600.997,6601.998,6599.997,6601.998,0.0045
16.07.2019 12:20:00.000,6601.997,6601.998,6599.998,6600.998,0.0024
16.07.2019 12:21:00.000,6601.997,6601.998,6601.997,6601.997,0.0011
16.07.2019 12:22:00.000,6601.998,6602.998,6601.998,6602.998,0.0005
16.07.2019 12:23:00.000,6601.998,6603.998,6601.997,6603.998,0.0023
16.07.2019 12:24:00.000,6603.997,6603.998,6601.998,6602.998,0.0031
16.07.2019 12:25:00.000,6602.997,6602.998,6600.997,6602.997,0.0036
16.07.2019 12:26:00.000,6602.998,6602.998,6602.997,6602.997,0.0018
16.07.2019 12:27:00.000,6602.998,6603.998,6602.997,6603.998,0.0032
16.07.2019 12:28:00.000,6603.997,6603.998,6603.997,6603.997,0.0031
16.07.2019 12:29:00.000,6603.998,6607.998,6603.997,6606.998,0.0068
16.07.2019 12:30:00.000,6606.998,6609.997,6603.997,6603.998,0.015
16.07.2019 12:31:00.000,6604.998,6606.998,6602.997,6602.998,0.0051
16.07.2019 12:32:00.000,6603.997,6603.998,6600.997,6600.997,0.0029
16.07.2019 12:33:00.000,6600.998,6602.998,6600.997,6601.998,0.0054
16.07.2019 12:34:00.000,6602.998,6603.998,6601.997,6602.998,0.0044
16.07.2019 12:35:00.000,6602.997,6603.998,6600.998,6602.998,0.0057
16.07.2019 12:36:00.000,6602.997,6602.998,6600.998,6602.997,0.0064
16.07.2019 12:37:00.000,6602.998,6604.998,6602.997,6604.997,0.0043
16.07.2019 12:38:00.000,6604.998,6607.998,6604.997,6607.997,0.0073
16.07.2019 12:39:00.000,6608.998,6610.998,6608.997,6609.998,0.0027
16.07.2019 12:40:00.000,6609.998,6610.998,6607.997,6609.998,0.0041
16.07.2019 12:41:00.000,6609.997,6610.998,6607.997,6610.998,0.0057
16.07.2019 12:42:00.000,6610.997,6610.998,6610.997,6610.998,0.0006
16.07.2019 12:43:00.000,6611.998,6612.998,6610.997,6612.998,0.003
16.07.2019 12:44:00.000,6612.997,6612.998,6611.997,6611.998,0.0022
16.07.2019 12:45:00.000,6613.750,6618.997,6612.997,6616.998,0.0062
16.07.2019 12:46:00.000,6616.998,6616.998,6614.998,6614.998,0.0011
16.07.2019 12:47:00.000,6614.997,6614.997,6612.997,6612.998,0.0031
16.07.2019 12:48:00.000,6613.997,6615.998,6613.997,6615.997,0.0051
16.07.2019 12:49:00.000,6616.998,6617.998,6615.997,6616.997,0.0038
16.07.2019 12:50:00.000,6617.998,6620.998,6617.998,6620.997,0.0017
16.07.2019 12:51:00.000,6620.750,6623.998,6618.997,6622.998,0.0064
16.07.2019 12:52:00.000,6622.998,6622.998,6620.997,6620.998,0.0051
16.07.2019 12:53:00.000,6620.997,6621.998,6618.998,6620.997,0.0024
16.07.2019 12:54:00.000,6620.997,6621.998,6619.997,6619.997,0.0059
16.07.2019 12:55:00.000,6619.998,6621.998,6619.998,6621.997,0.008
16.07.2019 12:56:00.000,6622.998,6623.998,6622.997,6622.998,0.0039
16.07.2019 12:57:00.000,6622.998,6625.998,6622.997,6624.997,0.0059
16.07.2019 12:58:00.000,6624.998,6626.998,6624.997,6625.998,0.004
16.07.2019 12:59:00.000,6625.997,6626.998,6624.997,6626.998,0.002
16.07.2019 13:00:00.000,6627.997,6628.998,6627.997,6627.998,0.0047
16.07.2019 13:01:00.000,6628.998,6628.998,6623.997,6625.997,0.006
16.07.2019 13:02:00.000,6625.998,6625.998,6623.997,6624.998,0.0036
16.07.2019 13:03:00.000,6624.997,6625.998,6624.997,6624.998,0.0018
16.07.2019 13:04:00.000,6625.997,6629.998,6625.997,6629.998,0.0071
16.07.2019 13:05:00.000,6629.998,6630.998,6629.997,6629.998,0.0086
16.07.2019 13:06:00.000,6629.997,6629.998,6627.997,6627.998,0.0025
16.07.2019 13:07:00.000,6627.997,6627.997,6622.997,6623.998,0.0066
16.07.2019 13:08:00.000,6623.997,6624.998,6623.997,6624.998,0.0031
16.07.2019 13:09:00.000,6623.997,6629.998,6623.997,6629.998,0.0031
16.07.2019 13:10:00.000,6629.997,6630.998,6628.997,6629.998,0.0095
16.07.2019 13:11:00.000,6629.998,6633.997,6629.998,6632.998,0.0089
16.07.2019 13:12:00.000,6632.997,6634.998,6631.998,6633.997,0.0061
16.07.2019 13:13:00.000,6634.998,6637.998,6633.998,6637.997,0.0091
16.07.2019 13:14:00.000,6637.998,6637.998,6634.997,6636.997,0.0056
16.07.2019 13:15:00.000,6636.998,6637.998,6632.998,6634.998,0.0075
16.07.2019 13:16:00.000,6634.997,6635.998,6633.997,6633.998,0.002
16.07.2019 13:17:00.000,6633.997,6633.997,6628.998,6629.998,0.0059
16.07.2019 13:18:00.000,6630.998,6632.998,6629.998,6630.998,0.0089
16.07.2019 13:19:00.000,6630.997,6630.998,6628.997,6630.998,0.0052
16.07.2019 13:20:00.000,6630.997,6630.998,6630.997,6630.998,0.0011
16.07.2019 13:21:00.000,6631.998,6632.998,6631.998,6632.997,0.0025
16.07.2019 13:22:00.000,6632.998,6635.998,6632.998,6635.998,0.003
16.07.2019 13:23:00.000,6636.998,6638.998,6635.998,6636.998,0.0089
16.07.2019 13:24:00.000,6638.997,6638.998,6635.997,6638.998,0.0061
16.07.2019 13:25:00.000,6638.997,6638.998,6632.997,6633.998,0.0051
16.07.2019 13:26:00.000,6633.998,6634.998,6633.998,6634.998,0.0005
16.07.2019 13:27:00.000,6634.997,6639.998,6634.997,6639.997,0.0029
16.07.2019 13:28:00.000,6639.997,6639.997,6635.997,6637.997,0.0056
16.07.2019 13:29:00.000,6637.998,6639.998,6636.998,6638.998,0.0021
16.07.2019 13:30:00.000,6638.997,6639.998,6634.997,6639.997,0.0112
16.07.2019 13:31:00.000,6640.998,6641.998,6640.997,6640.998,0.0018
16.07.2019 13:32:00.000,6640.998,6641.998,6640.998,6641.998,0.0056
16.07.2019 13:33:00.000,6641.997,6644.998,6641.997,6644.998,0.0051
16.07.2019 13:34:00.000,6644.997,6646.998,6642.997,6646.998,0.0087
16.07.2019 13:35:00.000,6646.997,6649.998,6646.997,6649.998,0.007
16.07.2019 13:36:00.000,6649.997,6649.998,6647.997,6649.998,0.0087
16.07.2019 13:37:00.000,6649.998,6649.998,6646.997,6647.998,0.0024
16.07.2019 13:38:00.000,6647.997,6649.998,6646.998,6648.998,0.0031
16.07.2019 13:39:00.000,6648.997,6649.998,6647.997,6648.998,0.0046
16.07.2019 13:40:00.000,6648.997,6648.997,6638.998,6639.998,0.0048
16.07.2019 13:41:00.000,6638.998,6642.998,6638.998,6641.997,0.0042
16.07.2019 13:42:00.000,6641.997,6641.997,6639.997,6639.998,0.0028
16.07.2019 13:43:00.000,6639.997,6640.998,6638.997,6639.998,0.0058
16.07.2019 13:44:00.000,6639.997,6640.998,6639.997,6639.998,0.0029
16.07.2019 13:45:00.000,6639.997,6639.998,6634.998,6636.998,0.0065
16.07.2019 13:46:00.000,6636.997,6641.998,6636.997,6641.997,0.0038
16.07.2019 13:47:00.000,6641.998,6642.998,6641.998,6642.998,0.0042
16.07.2019 13:48:00.000,6642.997,6645.998,6642.997,6644.998,0.0054
16.07.2019 13:49:00.000,6644.997,6644.998,6642.997,6644.998,0.0102
16.07.2019 13:50:00.000,6644.997,6646.998,6643.997,6646.998,0.0073
16.07.2019 13:51:00.000,6647.998,6647.998,6646.997,6647.997,0.0048
16.07.2019 13:52:00.000,6647.998,6647.998,6641.998,6642.997,0.0089
16.07.2019 13:53:00.000,6640.998,6640.998,6639.997,6640.998,0.0019
16.07.2019 13:54:00.000,6641.998,6644.998,6641.997,6643.998,0.0066
16.07.2019 13:55:00.000,6643.997,6643.998,6642.997,6643.998,0.0063
16.07.2019 13:56:00.000,6644.998,6645.998,6644.997,6645.998,0.0049
16.07.2019 13:57:00.000,6646.997,6646.997,6641.998,6645.998,0.0052
16.07.2019 13:58:00.000,6645.750,6645.750,6643.997,6644.998,0.0022
16.07.2019 13:59:00.000,6645.997,6646.998,6645.997,6646.998,0.0054
16.07.2019 14:00:00.000,6646.997,6648.998,6644.997,6645.998,0.0112
16.07.2019 14:01:00.000,6645.997,6645.997,6639.998,6642.998,0.0038
16.07.2019 14:02:00.000,6642.997,6643.998,6642.997,6643.998,0.0047
16.07.2019 14:03:00.000,6644.997,6644.997,6643.997,6643.998,0.0123
16.07.2019 14:04:00.000,6643.997,6644.998,6643.997,6643.998,0.0028
16.07.2019 14:05:00.000,6644.997,6645.998,6643.997,6643.998,0.0054
16.07.2019 14:06:00.000,6643.998,6646.998,6643.998,6646.998,0.0076
16.07.2019 14:07:00.000,6646.998,6651.998,6646.997,6650.998,0.0087
16.07.2019 14:08:00.000,6651.998,6654.998,6649.998,6649.998,0.0129
16.07.2019 14:09:00.000,6650.998,6650.998,6647.997,6648.998,0.0034
16.07.2019 14:10:00.000,6648.997,6649.998,6647.997,6648.998,0.005
16.07.2019 14:11:00.000,6648.997,6648.997,6640.997,6642.998,0.0054
16.07.2019 14:12:00.000,6643.997,6644.998,6643.997,6644.998,0.0036
16.07.2019 14:13:00.000,6645.998,6648.998,6645.998,6648.998,0.0073
16.07.2019 14:14:00.000,6649.997,6655.998,6648.997,6653.998,0.0102
16.07.2019 14:15:00.000,6655.997,6656.998,6655.997,6656.998,0.0009
16.07.2019 14:16:00.000,6656.997,6656.998,6651.997,6652.998,0.0022
16.07.2019 14:17:00.000,6652.998,6653.998,6649.997,6652.997,0.0033
16.07.2019 14:18:00.000,6652.998,6654.998,6649.997,6654.998,0.0056
16.07.2019 14:19:00.000,6654.998,6656.997,6653.998,6654.997,0.008
16.07.2019 14:20:00.000,6654.998,6654.998,6649.997,6653.998,0.005
16.07.2019 14:21:00.000,6654.998,6656.998,6651.997,6655.998,0.0075
16.07.2019 14:22:00.000,6657.998,6659.997,6656.997,6657.997,0.0073
16.07.2019 14:23:00.000,6657.997,6659.998,6655.998,6659.998,0.0049
16.07.2019 14:24:00.000,6660.998,6661.998,6655.997,6660.997,0.0094
16.07.2019 14:25:00.000,6661.998,6661.998,6655.998,6655.998,0.0043
16.07.2019 14:26:00.000,6656.998,6658.998,6655.997,6657.998,0.0046
16.07.2019 14:27:00.000,6657.998,6658.998,6655.997,6655.998,0.0027
16.07.2019 14:28:00.000,6656.998,6658.998,6656.998,6657.997,0.0054
16.07.2019 14:29:00.000,6658.997,6658.998,6653.998,6654.998,0.0102
16.07.2019 14:30:00.000,6654.997,6657.998,6654.997,6657.997,0.0049
16.07.2019 14:31:00.000,6657.750,6658.998,6654.997,6656.998,0.0076
16.07.2019 14:32:00.000,6656.998,6656.998,6653.998,6654.997,0.0071
16.07.2019 14:33:00.000,6654.998,6658.998,6654.998,6658.998,0.0077
16.07.2019 14:34:00.000,6659.997,6660.998,6658.997,6658.998,0.0086
16.07.2019 14:35:00.000,6659.998,6660.998,6658.997,6659.998,0.0063
16.07.2019 14:36:00.000,6659.998,6659.998,6658.997,6658.998,0.0071
16.07.2019 14:37:00.000,6658.997,6663.998,6657.997,6663.998,0.0109
16.07.2019 14:38:00.000,6663.997,6665.998,6661.998,6665.998,0.0048
16.07.2019 14:39:00.000,6664.998,6666.998,6664.998,6665.998,0.0017
16.07.2019 14:40:00.000,6665.997,6670.998,6665.997,6668.998,0.0076
16.07.2019 14:41:00.000,6668.998,6668.998,6662.997,6663.998,0.0043
16.07.2019 14:42:00.000,6664.997,6664.998,6662.997,6662.998,0.0018
16.07.2019 14:43:00.000,6662.997,6663.998,6661.998,6662.998,0.0029
16.07.2019 14:44:00.000,6662.997,6662.998,6658.998,6658.998,0.0031
16.07.2019 14:45:00.000,6659.998,6660.998,6659.998,6660.998,0.0056
16.07.2019 14:46:00.000,6660.997,6660.998,6656.998,6658.998,0.0059
16.07.2019 14:47:00.000,6660.998,6661.998,6659.998,6661.998,0.001
16.07.2019 14:48:00.000,6661.998,6662.998,6658.998,6660.998,0.0069
16.07.2019 14:49:00.000,6660.998,6662.998,6658.997,6662.998,0.0041
16.07.2019 14:50:00.000,6662.997,6668.998,6662.997,6667.997,0.0048
16.07.2019 14:51:00.000,6664.997,6666.998,6662.997,6662.998,0.0052
16.07.2019 14:52:00.000,6662.998,6662.998,6658.997,6659.998,0.0076
16.07.2019 14:53:00.000,6660.997,6660.998,6659.997,6659.998,0.0033
16.07.2019 14:54:00.000,6660.997,6660.998,6659.997,6660.997,0.0043
16.07.2019 14:55:00.000,6657.997,6660.998,6656.997,6658.998,0.01
16.07.2019 14:56:00.000,6658.997,6658.998,6654.998,6655.998,0.0037
16.07.2019 14:57:00.000,6656.997,6658.998,6655.998,6656.998,0.0027
16.07.2019 14:58:00.000,6656.998,6658.998,6656.997,6656.998,0.0051
16.07.2019 14:59:00.000,6657.997,6657.998,6655.997,6655.998,0.0039
16.07.2019 15:00:00.000,6655.998,6658.998,6653.997,6656.997,0.0145
16.07.2019 15:01:00.000,6656.997,6660.998,6656.997,6660.998,0.0053
16.07.2019 15:02:00.000,6660.997,6660.998,6658.998,6660.998,0.006
16.07.2019 15:03:00.000,6661.997,6661.998,6657.998,6658.998,0.0123
16.07.2019 15:04:00.000,6658.997,6660.998,6656.997,6660.998,0.0112
16.07.2019 15:05:00.000,6660.998,6660.998,6656.998,6657.997,0.0046
16.07.2019 15:06:00.000,6656.998,6658.998,6656.997,6658.998,0.0021
16.07.2019 15:07:00.000,6658.998,6658.998,6654.997,6656.998,0.0082
16.07.2019 15:08:00.000,6655.997,6658.998,6655.997,6657.997,0.0135
16.07.2019 15:09:00.000,6657.998,6658.998,6657.997,6658.998,0.0062
16.07.2019 15:10:00.000,6658.997,6658.998,6654.998,6654.998,0.0107
16.07.2019 15:11:00.000,6655.998,6655.998,6652.997,6652.998,0.0045
16.07.2019 15:12:00.000,6652.998,6658.998,6652.997,6657.997,0.0059
16.07.2019 15:13:00.000,6657.998,6658.998,6657.997,6657.998,0.0116
16.07.2019 15:14:00.000,6657.997,6657.998,6656.997,6656.997,0.0057
16.07.2019 15:15:00.000,6657.998,6657.998,6654.997,6656.998,0.0071
16.07.2019 15:16:00.000,6656.998,6658.998,6655.997,6658.998,0.0167
16.07.2019 15:17:00.000,6659.998,6660.998,6658.997,6658.998,0.0025
16.07.2019 15:18:00.000,6658.997,6662.998,6658.997,6661.998,0.0085
16.07.2019 15:19:00.000,6661.997,6661.998,6657.997,6659.998,0.0114
16.07.2019 15:20:00.000,6658.998,6658.998,6648.998,6649.998,0.0101
16.07.2019 15:21:00.000,6650.998,6654.998,6650.998,6653.998,0.0089
16.07.2019 15:22:00.000,6653.997,6653.998,6650.998,6651.998,0.0037
16.07.2019 15:23:00.000,6651.750,6651.750,6645.997,6645.998,0.0051
16.07.2019 15:24:00.000,6645.997,6649.998,6645.997,6649.997,0.0075
16.07.2019 15:25:00.000,6649.998,6649.998,6644.997,6645.997,0.01
16.07.2019 15:26:00.000,6646.997,6646.998,6641.998,6641.998,0.0095
16.07.2019 15:27:00.000,6642.998,6645.998,6642.997,6645.998,0.0075
16.07.2019 15:28:00.000,6644.997,6647.998,6644.997,6647.997,0.0064
16.07.2019 15:29:00.000,6647.997,6647.997,6642.998,6643.998,0.0067
17.07.2019 07:00:00.000,6645.998,6645.998,6645.998,6645.998,0.0001
17.07.2019 07:01:00.000,6640.998,6640.998,6640.997,6640.997,0
17.07.2019 07:02:00.000,6632.998,6632.998,6632.998,6632.998,0.0001
17.07.2019 07:03:00.000,6637.998,6637.998,6637.998,6637.998,0.0001
17.07.2019 07:04:00.000,6644.998,6644.998,6644.998,6644.998,0.0001
17.07.2019 07:05:00.000,6644.998,6656.998,6644.997,6653.998,0.0014
17.07.2019 07:06:00.000,6653.998,6653.998,6650.997,6651.997,0.0023
17.07.2019 07:07:00.000,6651.998,6663.998,6651.998,6663.997,0.0021
17.07.2019 07:08:00.000,6663.998,6666.998,6661.998,6661.998,0.0013
17.07.2019 07:09:00.000,6661.997,6663.997,6657.998,6663.997,0.0013
17.07.2019 07:10:00.000,6663.998,6670.997,6663.997,6669.997,0.0026
17.07.2019 07:11:00.000,6669.998,6669.998,6669.998,6669.998,0.0001
17.07.2019 07:12:00.000,6669.997,6675.998,6669.997,6669.998,0.0012
17.07.2019 07:13:00.000,6671.997,6672.998,6663.997,6664.997,0.0035
17.07.2019 07:14:00.000,6664.998,6671.998,6664.998,6671.998,0.0011
17.07.2019 07:15:00.000,6670.998,6670.998,6665.998,6669.998,0.002
17.07.2019 07:16:00.000,6670.997,6671.998,6670.997,6671.998,0.0007
17.07.2019 07:17:00.000,6673.997,6676.998,6672.998,6676.998,0.0007
17.07.2019 07:18:00.000,6676.997,6676.998,6674.997,6674.998,0.001
17.07.2019 07:19:00.000,6674.998,6674.998,6670.997,6670.998,0.0014
17.07.2019 07:20:00.000,6671.997,6680.998,6670.997,6680.998,0.0007
17.07.2019 07:21:00.000,6682.997,6682.998,6677.997,6680.998,0.0019
17.07.2019 07:22:00.000,6680.998,6680.998,6676.998,6676.998,0.0016
17.07.2019 07:23:00.000,6676.997,6677.998,6671.997,6675.998,0.0015
17.07.2019 07:24:00.000,6675.998,6675.998,6675.998,6675.998,0.0002
17.07.2019 07:25:00.000,6676.997,6676.998,6672.997,6672.998,0.0009
17.07.2019 07:26:00.000,6672.998,6672.998,6671.997,6672.998,0.0016
17.07.2019 07:27:00.000,6672.997,6674.998,6672.997,6674.998,0.0011
17.07.2019 07:28:00.000,6674.997,6674.997,6665.998,6665.998,0.0012
17.07.2019 07:29:00.000,6665.997,6665.997,6664.997,6664.998,0.0017
17.07.2019 07:30:00.000,6665.998,6667.998,6663.997,6663.998,0.0015
17.07.2019 07:31:00.000,6663.997,6663.997,6660.997,6660.997,0.0007
17.07.2019 07:32:00.000,6660.998,6664.998,6660.997,6664.998,0.0027
17.07.2019 07:33:00.000,6664.997,6666.998,6662.997,6665.998,0.0181
17.07.2019 07:34:00.000,6665.997,6668.998,6665.997,6667.998,0.0013
17.07.2019 07:35:00.000,6668.998,6669.998,6668.997,6669.997,0.0012
17.07.2019 07:36:00.000,6669.998,6669.998,6668.997,6668.998,0.002
17.07.2019 07:37:00.000,6669.997,6669.998,6667.997,6667.998,0.002
17.07.2019 07:38:00.000,6668.998,6671.998,6667.997,6670.998,0.0028
17.07.2019 07:39:00.000,6670.998,6672.998,6670.997,6670.998,0.0006
17.07.2019 07:40:00.000,6670.998,6670.998,6668.998,6668.998,0.0002
17.07.2019 07:41:00.000,6667.997,6667.997,6666.998,6666.998,0.0001
17.07.2019 07:42:00.000,6666.997,6670.998,6666.997,6670.998,0.0014
17.07.2019 07:43:00.000,6670.997,6673.998,6670.997,6673.998,0.0063
17.07.2019 07:44:00.000,6673.998,6675.998,6673.997,6675.998,0.0034
17.07.2019 07:45:00.000,6676.998,6677.998,6676.998,6677.998,0.0016
17.07.2019 07:46:00.000,6679.998,6679.998,6676.997,6677.997,0.0028
17.07.2019 07:47:00.000,6677.998,6677.998,6677.997,6677.998,0.0015
17.07.2019 07:48:00.000,6677.998,6677.998,6673.997,6677.998,0.0029
17.07.2019 07:49:00.000,6677.998,6679.998,6676.997,6679.998,0.0043
17.07.2019 07:50:00.000,6678.997,6679.998,6678.997,6679.997,0.0019
17.07.2019 07:51:00.000,6679.997,6682.998,6678.998,6681.997,0.0114
17.07.2019 07:52:00.000,6681.998,6681.998,6677.997,6681.998,0.0086
17.07.2019 07:53:00.000,6681.998,6681.998,6672.998,6674.997,0.0073
17.07.2019 07:54:00.000,6674.998,6675.998,6671.997,6671.997,0.0045
17.07.2019 07:55:00.000,6671.997,6671.998,6669.997,6670.998,0.001
17.07.2019 07:56:00.000,6670.998,6673.998,6669.998,6670.998,0.0028
17.07.2019 07:57:00.000,6670.997,6670.998,6668.997,6668.998,0.0013
17.07.2019 07:58:00.000,6668.998,6668.998,6663.998,6663.998,0.0009
17.07.2019 07:59:00.000,6663.997,6666.998,6662.997,6664.997,0.0029
17.07.2019 08:00:00.000,6664.998,6665.998,6660.998,6662.998,0.0029
17.07.2019 08:01:00.000,6662.998,6662.998,6662.997,6662.997,0.0011
17.07.2019 08:02:00.000,6660.998,6661.998,6658.998,6659.997,0.0013
17.07.2019 08:03:00.000,6660.998,6661.998,6654.997,6655.998,0.003
17.07.2019 08:04:00.000,6654.998,6657.997,6649.998,6651.998,0.0055
17.07.2019 08:05:00.000,6651.997,6651.998,6648.997,6649.998,0.0019
17.07.2019 08:06:00.000,6649.998,6653.997,6645.998,6651.998,0.0043
17.07.2019 08:07:00.000,6652.997,6656.998,6652.997,6656.998,0.0033
17.07.2019 08:08:00.000,6656.997,6660.998,6655.998,6660.997,0.0063
17.07.2019 08:09:00.000,6660.998,6663.998,6660.997,6663.997,0.0051
17.07.2019 08:10:00.000,6663.998,6669.998,6663.998,6669.998,0.0039
17.07.2019 08:11:00.000,6669.997,6669.997,6665.997,6668.997,0.0033
17.07.2019 08:12:00.000,6668.998,6668.998,6666.998,6666.998,0.0016
17.07.2019 08:13:00.000,6666.997,6668.998,6662.997,6664.997,0.0055
17.07.2019 08:14:00.000,6664.998,6674.997,6664.997,6670.997,0.0082
17.07.2019 08:15:00.000,6670.997,6672.998,6670.997,6672.998,0.0025
17.07.2019 08:16:00.000,6673.998,6673.998,6666.997,6666.998,0.0033
17.07.2019 08:17:00.000,6666.997,6667.998,6662.998,6663.998,0.0022
17.07.2019 08:18:00.000,6663.998,6663.998,6658.997,6660.998,0.0037
17.07.2019 08:19:00.000,6660.997,6661.998,6659.997,6659.998,0.0037
17.07.2019 08:20:00.000,6656.998,6656.998,6646.997,6649.997,0.004
17.07.2019 08:21:00.000,6650.997,6651.998,6645.997,6645.998,0.0097
17.07.2019 08:22:00.000,6645.997,6646.998,6640.998,6640.998,0.004
17.07.2019 08:23:00.000,6641.998,6642.998,6640.997,6642.998,0.0043
17.07.2019 08:24:00.000,6642.750,6642.750,6638.997,6638.997,0.0036
17.07.2019 08:25:00.000,6638.998,6639.998,6638.998,6639.998,0.0003
17.07.2019 08:26:00.000,6640.998,6640.998,6637.997,6637.998,0.0014
17.07.2019 08:27:00.000,6637.997,6637.998,6637.997,6637.998,0.0007
17.07.2019 08:28:00.000,6637.997,6642.998,6637.997,6640.997,0.0028
17.07.2019 08:29:00.000,6640.998,6642.998,6640.998,6642.997,0.0034
17.07.2019 08:30:00.000,6642.998,6643.998,6639.998,6641.997,0.0055
17.07.2019 08:31:00.000,6642.998,6642.998,6641.997,6642.998,0.0028
17.07.2019 08:32:00.000,6643.997,6643.997,6638.997,6638.998,0.0049
17.07.2019 08:33:00.000,6638.998,6639.998,6638.997,6639.997,0.0019
17.07.2019 08:34:00.000,6640.997,6644.997,6639.997,6639.997,0.0065
17.07.2019 08:35:00.000,6639.998,6641.998,6639.997,6641.998,0.0077
17.07.2019 08:36:00.000,6641.998,6641.998,6640.997,6640.997,0.0024
17.07.2019 08:37:00.000,6642.997,6645.998,6641.997,6645.998,0.0103
17.07.2019 08:38:00.000,6646.997,6646.998,6638.997,6638.998,0.0038
17.07.2019 08:39:00.000,6638.998,6638.998,6632.997,6633.998,0.0049
17.07.2019 08:40:00.000,6636.750,6639.998,6633.997,6633.998,0.0056
17.07.2019 08:41:00.000,6634.997,6634.998,6633.997,6633.998,0.0006
17.07.2019 08:42:00.000,6634.997,6639.998,6634.997,6636.998,0.0025
17.07.2019 08:43:00.000,6636.998,6636.998,6630.997,6630.997,0.0044
17.07.2019 08:44:00.000,6630.998,6632.997,6626.997,6627.998,0.0029
17.07.2019 08:45:00.000,6627.997,6627.998,6623.998,6627.998,0.0014
17.07.2019 08:46:00.000,6627.997,6633.998,6627.997,6633.998,0.0026
17.07.2019 08:47:00.000,6633.997,6637.998,6632.998,6637.998,0.0014
17.07.2019 08:48:00.000,6637.998,6637.998,6635.997,6635.998,0.004
17.07.2019 08:49:00.000,6635.997,6637.998,6635.997,6637.998,0.0024
17.07.2019 08:50:00.000,6637.997,6637.998,6635.998,6635.998,0.0011
17.07.2019 08:51:00.000,6636.998,6636.998,6635.997,6635.998,0.0015
17.07.2019 08:52:00.000,6635.997,6635.998,6634.998,6635.998,0.0018
17.07.2019 08:53:00.000,6635.997,6635.997,6631.998,6631.998,0.0028
17.07.2019 08:54:00.000,6633.997,6633.997,6631.998,6631.998,0.0014
17.07.2019 08:55:00.000,6632.997,6634.998,6631.998,6631.998,0.0017
17.07.2019 08:56:00.000,6632.998,6633.998,6631.997,6631.997,0.0023
17.07.2019 08:57:00.000,6631.997,6631.998,6631.997,6631.998,0.0005
17.07.2019 08:58:00.000,6631.997,6633.998,6631.997,6633.998,0.0013
17.07.2019 08:59:00.000,6633.997,6633.998,6631.998,6632.998,0.002
17.07.2019 09:00:00.000,6632.998,6634.998,6631.997,6632.998,0.0009
17.07.2019 09:01:00.000,6632.998,6632.998,6631.998,6631.998,0.0004
17.07.2019 09:02:00.000,6631.998,6633.998,6631.997,6633.998,0.0014
17.07.2019 09:03:00.000,6633.998,6633.998,6631.997,6631.998,0.0008
17.07.2019 09:04:00.000,6632.998,6632.998,6630.998,6632.998,0.0006
17.07.2019 09:05:00.000,6633.998,6638.998,6633.998,6638.998,0.0058
17.07.2019 09:06:00.000,6638.998,6640.998,6637.997,6640.998,0.002
17.07.2019 09:07:00.000,6642.998,6648.998,6642.998,6647.997,0.0043
17.07.2019 09:08:00.000,6647.997,6650.998,6645.997,6650.998,0.0044
17.07.2019 09:09:00.000,6650.997,6656.998,6650.997,6651.997,0.0023
17.07.2019 09:10:00.000,6650.997,6653.997,6650.997,6650.998,0.0002
17.07.2019 09:11:00.000,6651.998,6654.998,6650.997,6652.998,0.002
17.07.2019 09:12:00.000,6653.998,6655.998,6653.997,6653.998,0.0013
17.07.2019 09:13:00.000,6653.997,6654.998,6652.997,6653.998,0.0023
17.07.2019 09:14:00.000,6653.997,6653.998,6652.998,6653.998,0.0009
17.07.2019 09:15:00.000,6653.998,6653.998,6651.997,6651.997,0.001
17.07.2019 09:16:00.000,6651.997,6651.997,6650.998,6650.998,0.0003
17.07.2019 09:17:00.000,6653.750,6655.998,6652.998,6655.998,0.0046
17.07.2019 09:18:00.000,6655.998,6655.998,6650.997,6652.998,0.0029
17.07.2019 09:19:00.000,6653.997,6653.998,6653.997,6653.998,0.001
17.07.2019 09:20:00.000,6652.998,6654.998,6652.998,6652.998,0.0005
17.07.2019 09:21:00.000,6652.998,6659.997,6652.997,6659.997,0.0051
17.07.2019 09:22:00.000,6659.998,6662.998,6658.998,6662.998,0.002
17.07.2019 09:23:00.000,6660.998,6660.998,6657.998,6659.997,0.0029
17.07.2019 09:24:00.000,6659.998,6659.998,6656.998,6658.998,0.0027
17.07.2019 09:25:00.000,6658.997,6659.998,6656.997,6656.998,0.0064
17.07.2019 09:26:00.000,6656.997,6657.997,6656.997,6657.997,0.0012
17.07.2019 09:27:00.000,6658.998,6658.998,6656.997,6656.998,0.0014
17.07.2019 09:28:00.000,6656.997,6657.998,6654.997,6654.998,0.0019
17.07.2019 09:29:00.000,6655.998,6656.998,6655.997,6655.998,0.0013
17.07.2019 09:30:00.000,6657.997,6657.998,6654.998,6657.998,0.0042
17.07.2019 09:31:00.000,6659.998,6660.998,6657.998,6658.998,0.0014
17.07.2019 09:32:00.000,6658.998,6658.998,6658.997,6658.998,0.0006
17.07.2019 09:33:00.000,6658.998,6658.998,6657.997,6657.998,0.0009
17.07.2019 09:35:00.000,6657.500,6657.500,6653.997,6653.998,0.0014
17.07.2019 09:36:00.000,6654.997,6654.998,6653.998,6654.998,0.0007
17.07.2019 09:37:00.000,6654.998,6654.998,6654.997,6654.998,0.0004
17.07.2019 09:39:00.000,6654.997,6654.998,6654.997,6654.997,0.0047
17.07.2019 09:40:00.000,6654.998,6654.998,6653.997,6653.998,0.002
17.07.2019 09:41:00.000,6652.998,6652.998,6652.998,6652.998,0.0001
17.07.2019 09:42:00.000,6653.997,6654.998,6652.997,6652.997,0.0012
17.07.2019 09:43:00.000,6652.997,6652.998,6652.997,6652.997,0.0001
17.07.2019 09:44:00.000,6653.997,6655.997,6653.997,6655.997,0.0021
17.07.2019 09:45:00.000,6655.998,6655.998,6654.997,6654.997,0.0009
17.07.2019 09:46:00.000,6655.998,6655.998,6654.997,6654.998,0.0014
17.07.2019 09:47:00.000,6654.997,6654.997,6651.997,6653.998,0.0031
17.07.2019 09:48:00.000,6652.998,6655.997,6652.997,6654.997,0.0019
17.07.2019 09:49:00.000,6654.998,6654.998,6653.998,6653.998,0.0007
17.07.2019 09:50:00.000,6654.998,6654.998,6650.998,6651.998,0.0013
17.07.2019 09:51:00.000,6651.997,6651.997,6647.997,6647.998,0.0018
17.07.2019 09:52:00.000,6647.997,6651.998,6647.997,6648.998,0.0046
17.07.2019 09:53:00.000,6651.750,6652.998,6650.998,6651.998,0.0006
17.07.2019 09:54:00.000,6651.997,6652.998,6650.998,6651.997,0.0019
17.07.2019 09:55:00.000,6651.998,6652.997,6649.998,6650.998,0.0029
17.07.2019 09:56:00.000,6651.997,6651.998,6651.997,6651.997,0.0016
17.07.2019 09:57:00.000,6651.998,6653.998,6651.998,6653.998,0.0009
17.07.2019 09:58:00.000,6653.998,6657.998,6652.997,6657.998,0.001
17.07.2019 09:59:00.000,6659.998,6664.998,6659.997,6662.998,0.0017
17.07.2019 10:00:00.000,6662.997,6663.998,6662.997,6663.998,0.0007
17.07.2019 10:01:00.000,6663.998,6669.998,6663.997,6669.998,0.0009
17.07.2019 10:02:00.000,6668.998,6670.998,6668.998,6670.998,0.0004
17.07.2019 10:03:00.000,6670.998,6671.998,6670.997,6670.998,0.0012
17.07.2019 10:04:00.000,6671.997,6677.998,6671.997,6677.998,0.0016
17.07.2019 10:05:00.000,6677.998,6679.998,6676.997,6679.997,0.0044
17.07.2019 10:06:00.000,6679.997,6681.998,6677.997,6680.997,0.0051
17.07.2019 10:07:00.000,6680.998,6682.998,6680.998,6681.998,0.0007
17.07.2019 10:08:00.000,6681.997,6684.997,6681.997,6684.997,0.0017
17.07.2019 10:09:00.000,6685.998,6686.998,6685.997,6686.998,0.0006
17.07.2019 10:10:00.000,6686.998,6686.998,6683.997,6685.998,0.0025
17.07.2019 10:11:00.000,6685.997,6686.998,6684.997,6685.998,0.0012
17.07.2019 10:12:00.000,6685.997,6685.998,6683.997,6684.998,0.0024
17.07.2019 10:13:00.000,6681.997,6681.998,6679.997,6679.998,0.003
17.07.2019 10:14:00.000,6680.997,6682.998,6680.997,6681.998,0.0018
17.07.2019 10:15:00.000,6681.998,6682.998,6681.997,6682.998,0.0025
17.07.2019 10:16:00.000,6682.997,6682.998,6680.998,6680.998,0.0012
17.07.2019 10:17:00.000,6680.998,6681.997,6679.998,6679.998,0.002
17.07.2019 10:18:00.000,6680.997,6683.998,6680.997,6683.998,0.0019
17.07.2019 10:19:00.000,6684.998,6685.998,6684.998,6685.998,0.0012
17.07.2019 10:20:00.000,6685.997,6685.998,6680.997,6680.998,0.0026
17.07.2019 10:21:00.000,6680.997,6680.998,6680.997,6680.998,0.0019
17.07.2019 10:22:00.000,6680.997,6680.998,6680.997,6680.998,0.0005
17.07.2019 10:23:00.000,6682.998,6684.998,6682.998,6684.998,0.0021
17.07.2019 10:24:00.000,6685.998,6686.998,6685.997,6686.998,0.0028
17.07.2019 10:25:00.000,6687.998,6688.998,6687.997,6688.998,0.0022
17.07.2019 10:26:00.000,6688.997,6692.998,6687.997,6692.997,0.0024
17.07.2019 10:27:00.000,6692.998,6692.998,6692.998,6692.998,0.0002
17.07.2019 10:28:00.000,6692.997,6694.998,6690.997,6690.998,0.0021
17.07.2019 10:29:00.000,6690.997,6690.998,6690.997,6690.997,0.0011
17.07.2019 10:30:00.000,6690.998,6690.998,6690.997,6690.998,0.0009
17.07.2019 10:31:00.000,6690.997,6693.998,6690.997,6691.997,0.0043
17.07.2019 10:32:00.000,6691.998,6693.998,6689.997,6693.998,0.0042
17.07.2019 10:33:00.000,6693.997,6693.998,6692.998,6693.998,0.0029
17.07.2019 10:34:00.000,6692.998,6695.998,6692.997,6693.997,0.0067
17.07.2019 10:35:00.000,6693.997,6693.997,6690.997,6691.998,0.0029
17.07.2019 10:36:00.000,6691.998,6691.998,6689.998,6690.998,0.0025
17.07.2019 10:37:00.000,6689.998,6689.998,6687.997,6688.998,0.0009
17.07.2019 10:38:00.000,6688.997,6691.998,6683.998,6691.998,0.0046
17.07.2019 10:39:00.000,6692.998,6692.998,6690.998,6692.997,0.0023
17.07.2019 10:40:00.000,6692.998,6696.998,6692.997,6696.998,0.0016
17.07.2019 10:41:00.000,6698.750,6700.998,6698.750,6698.998,0.0045
17.07.2019 10:42:00.000,6699.998,6702.997,6699.997,6702.997,0.0025
17.07.2019 10:43:00.000,6702.997,6702.998,6702.997,6702.998,0.0011
17.07.2019 10:44:00.000,6703.998,6703.998,6698.997,6698.998,0.0013
17.07.2019 10:45:00.000,6698.998,6702.998,6696.997,6702.998,0.0056
17.07.2019 10:46:00.000,6702.998,6707.998,6702.998,6706.998,0.0033
17.07.2019 10:47:00.000,6707.998,6707.998,6705.997,6705.997,0.0005
17.07.2019 10:48:00.000,6705.997,6705.997,6704.997,6704.997,0.0006
17.07.2019 10:49:00.000,6704.998,6706.998,6704.997,6706.998,0.0022
17.07.2019 10:50:00.000,6707.998,6707.998,6703.997,6703.997,0.0048
17.07.2019 10:51:00.000,6703.998,6705.998,6702.997,6705.998,0.0018
17.07.2019 10:52:00.000,6705.998,6706.998,6705.997,6706.998,0.0019
17.07.2019 10:53:00.000,6706.997,6706.998,6705.997,6706.998,0.0026
17.07.2019 10:54:00.000,6706.997,6707.998,6705.997,6705.998,0.0043
17.07.2019 10:55:00.000,6705.998,6706.998,6700.997,6700.998,0.0038
17.07.2019 10:56:00.000,6700.997,6700.997,6698.997,6699.998,0.0009
17.07.2019 10:57:00.000,6698.997,6699.998,6698.997,6698.998,0.0009
17.07.2019 10:58:00.000,6699.998,6700.998,6699.997,6700.998,0.0011
17.07.2019 10:59:00.000,6700.997,6701.998,6699.997,6701.998,0.0022
17.07.2019 11:00:00.000,6701.998,6701.998,6700.997,6700.998,0.0005
17.07.2019 11:02:00.000,6700.998,6700.998,6695.997,6695.998,0.0049
17.07.2019 11:03:00.000,6694.997,6694.997,6687.997,6687.998,0.0037
17.07.2019 11:04:00.000,6689.998,6694.997,6688.997,6693.997,0.0062
17.07.2019 11:05:00.000,6693.998,6693.998,6692.997,6693.998,0.0082
17.07.2019 11:06:00.000,6693.997,6695.998,6693.997,6694.998,0.004
17.07.2019 11:07:00.000,6695.998,6700.998,6695.998,6700.998,0.0009
17.07.2019 11:08:00.000,6700.997,6703.998,6700.997,6703.997,0.0026
17.07.2019 11:09:00.000,6703.998,6707.998,6701.998,6707.997,0.0049
17.07.2019 11:10:00.000,6706.997,6707.998,6706.997,6706.997,0.0036
17.07.2019 11:11:00.000,6706.998,6707.998,6706.997,6707.997,0.0014
17.07.2019 11:12:00.000,6706.998,6706.998,6701.998,6701.998,0.004
17.07.2019 11:13:00.000,6700.998,6701.998,6700.998,6701.998,0.0012
17.07.2019 11:14:00.000,6701.998,6701.998,6698.997,6701.998,0.0052
17.07.2019 11:15:00.000,6701.997,6701.998,6697.998,6697.998,0.0021
17.07.2019 11:16:00.000,6697.997,6700.998,6697.997,6700.998,0.0019
17.07.2019 11:17:00.000,6700.997,6703.997,6700.997,6703.997,0.0012
17.07.2019 11:18:00.000,6704.998,6704.998,6700.998,6700.998,0.001
17.07.2019 11:19:00.000,6701.998,6703.998,6701.998,6703.998,0.0018
17.07.2019 11:20:00.000,6703.997,6705.998,6703.997,6705.998,0.0052
17.07.2019 11:21:00.000,6704.998,6704.998,6702.998,6703.997,0.0025
17.07.2019 11:22:00.000,6703.998,6704.998,6702.998,6704.997,0.0027
17.07.2019 11:23:00.000,6704.998,6704.998,6701.997,6704.998,0.003
17.07.2019 11:24:00.000,6704.998,6706.998,6704.997,6704.998,0.0007
17.07.2019 11:25:00.000,6704.997,6704.998,6704.997,6704.998,0.0005
17.07.2019 11:26:00.000,6705.997,6707.998,6704.997,6704.997,0.0007
17.07.2019 11:27:00.000,6705.997,6705.997,6704.997,6704.997,0.0011
17.07.2019 11:28:00.000,6704.998,6704.998,6702.997,6702.998,0.0011
17.07.2019 11:29:00.000,6702.997,6702.997,6700.997,6700.997,0.0008
17.07.2019 11:30:00.000,6702.997,6702.997,6698.997,6698.997,0.0011
17.07.2019 11:31:00.000,6698.997,6698.997,6697.997,6697.997,0.0024
17.07.2019 11:32:00.000,6697.998,6697.998,6697.998,6697.998,0.0001
17.07.2019 11:33:00.000,6697.997,6697.998,6694.998,6696.997,0.0041
17.07.2019 11:34:00.000,6696.998,6697.998,6693.997,6694.998,0.0026
17.07.2019 11:35:00.000,6694.997,6694.997,6687.998,6687.998,0.0017
17.07.2019 11:36:00.000,6686.998,6687.998,6685.998,6687.998,0.0024
17.07.2019 11:37:00.000,6687.998,6688.998,6686.997,6686.998,0.0033
17.07.2019 11:38:00.000,6686.750,6686.750,6684.997,6684.998,0.0009
17.07.2019 11:39:00.000,6684.998,6687.998,6684.998,6687.998,0.0018
17.07.2019 11:40:00.000,6688.998,6688.998,6685.998,6686.997,0.0012
17.07.2019 11:41:00.000,6685.998,6687.998,6685.997,6687.998,0.0016
17.07.2019 11:42:00.000,6688.998,6689.998,6686.997,6686.997,0.0041
17.07.2019 11:43:00.000,6686.998,6689.998,6686.998,6688.997,0.0012
17.07.2019 11:44:00.000,6689.998,6689.998,6683.997,6683.997,0.0013
17.07.2019 11:45:00.000,6683.997,6684.998,6682.998,6684.997,0.0006
17.07.2019 11:46:00.000,6684.998,6685.998,6681.998,6682.997,0.0036
17.07.2019 11:47:00.000,6683.998,6684.998,6683.997,6684.998,0.0004
17.07.2019 11:48:00.000,6684.998,6685.998,6681.998,6685.998,0.001
17.07.2019 11:49:00.000,6684.997,6684.998,6683.997,6683.997,0.0007
17.07.2019 11:50:00.000,6683.997,6685.998,6682.998,6682.998,0.0019
17.07.2019 11:51:00.000,6682.998,6682.998,6679.998,6679.998,0.0004
17.07.2019 11:52:00.000,6679.997,6682.998,6679.997,6681.997,0.0026
17.07.2019 11:53:00.000,6681.998,6681.998,6677.997,6678.998,0.0029
17.07.2019 11:54:00.000,6678.998,6679.998,6677.997,6679.998,0.0005
17.07.2019 11:55:00.000,6680.998,6680.998,6678.997,6680.998,0.0009
17.07.2019 11:56:00.000,6678.997,6678.998,6677.997,6677.998,0.0009
17.07.2019 11:57:00.000,6678.998,6680.998,6678.997,6680.998,0.0031
17.07.2019 11:58:00.000,6680.997,6685.998,6680.997,6685.998,0.0032
17.07.2019 11:59:00.000,6686.997,6689.998,6686.997,6689.998,0.0048
17.07.2019 12:00:00.000,6689.998,6695.998,6689.998,6695.998,0.0057
17.07.2019 12:01:00.000,6696.997,6696.997,6693.997,6694.997,0.0012
17.07.2019 12:02:00.000,6695.998,6695.998,6694.997,6695.998,0.0024
17.07.2019 12:03:00.000,6695.997,6697.997,6693.998,6693.998,0.002
17.07.2019 12:04:00.000,6693.997,6699.998,6691.997,6699.997,0.0029
17.07.2019 12:05:00.000,6699.998,6702.997,6699.997,6702.997,0.0009
17.07.2019 12:06:00.000,6702.997,6702.998,6699.997,6699.998,0.0013
17.07.2019 12:07:00.000,6699.998,6701.998,6699.997,6700.998,0.0017
17.07.2019 12:08:00.000,6701.997,6701.998,6700.998,6700.998,0.0002
17.07.2019 12:09:00.000,6700.998,6700.998,6699.998,6699.998,0.0011
17.07.2019 12:10:00.000,6699.998,6699.998,6697.997,6697.997,0.0017
17.07.2019 12:11:00.000,6698.998,6698.998,6697.997,6697.998,0.0035
17.07.2019 12:12:00.000,6698.997,6698.997,6695.997,6697.998,0.0037
17.07.2019 12:13:00.000,6697.997,6698.998,6696.997,6697.997,0.0024
17.07.2019 12:14:00.000,6697.998,6698.997,6696.997,6696.997,0.0021
17.07.2019 12:15:00.000,6696.998,6696.998,6696.998,6696.998,0.0001
17.07.2019 12:16:00.000,6697.998,6697.998,6695.997,6695.998,0.0016
17.07.2019 12:17:00.000,6695.997,6695.997,6691.997,6691.998,0.0011
17.07.2019 12:18:00.000,6693.997,6696.997,6691.998,6696.997,0.0032
17.07.2019 12:19:00.000,6696.998,6699.998,6695.997,6699.998,0.0039
17.07.2019 12:20:00.000,6698.998,6698.998,6697.998,6697.998,0.0013
17.07.2019 12:21:00.000,6697.997,6699.998,6695.997,6695.997,0.0081
17.07.2019 12:22:00.000,6695.998,6698.998,6695.998,6697.998,0.0033
17.07.2019 12:23:00.000,6697.998,6697.998,6695.997,6695.997,0.0014
17.07.2019 12:24:00.000,6695.997,6695.998,6695.997,6695.997,0.0005
17.07.2019 12:25:00.000,6695.998,6695.998,6694.998,6695.998,0.0008
17.07.2019 12:26:00.000,6695.997,6697.998,6694.998,6697.998,0.0015
17.07.2019 12:27:00.000,6699.998,6699.998,6697.997,6698.998,0.0022
17.07.2019 12:28:00.000,6697.998,6699.998,6694.998,6694.998,0.0042
17.07.2019 12:29:00.000,6695.998,6695.998,6693.997,6695.998,0.0039
17.07.2019 12:30:00.000,6695.997,6695.998,6695.997,6695.998,0.0002
17.07.2019 12:31:00.000,6695.997,6695.998,6693.998,6693.998,0.0011
17.07.2019 12:32:00.000,6692.998,6692.998,6690.997,6690.998,0.0025
17.07.2019 12:33:00.000,6689.998,6690.998,6683.998,6685.998,0.0039
17.07.2019 12:34:00.000,6684.998,6685.998,6684.997,6684.997,0.0036
17.07.2019 12:35:00.000,6684.998,6688.998,6684.997,6688.998,0.0042
17.07.2019 12:36:00.000,6688.997,6688.998,6688.997,6688.998,0.0004
17.07.2019 12:37:00.000,6688.997,6688.997,6687.998,6687.998,0.0003
17.07.2019 12:38:00.000,6687.997,6689.998,6687.997,6689.998,0.0029
17.07.2019 12:39:00.000,6691.998,6693.998,6690.997,6691.998,0.0029
17.07.2019 12:40:00.000,6691.998,6691.998,6691.998,6691.998,0.0006
17.07.2019 12:42:00.000,6693.997,6693.998,6687.997,6688.997,0.004
17.07.2019 12:43:00.000,6688.998,6690.998,6688.997,6690.998,0.0016
17.07.2019 12:44:00.000,6691.998,6695.998,6691.998,6694.998,0.003
17.07.2019 12:45:00.000,6695.998,6695.998,6693.997,6694.997,0.0015
17.07.2019 12:46:00.000,6694.998,6694.998,6694.997,6694.997,0.0003
17.07.2019 12:47:00.000,6694.998,6694.998,6689.998,6689.998,0.0047
17.07.2019 12:48:00.000,6689.998,6690.998,6687.997,6687.998,0.0033
17.07.2019 12:49:00.000,6687.997,6687.997,6685.997,6686.998,0.0021
17.07.2019 12:50:00.000,6685.998,6687.998,6685.997,6686.998,0.0033
17.07.2019 12:51:00.000,6686.997,6686.998,6686.997,6686.998,0.0005
17.07.2019 12:52:00.000,6686.997,6687.997,6686.997,6687.997,0.0006
17.07.2019 12:53:00.000,6687.997,6688.998,6686.998,6687.998,0.005
17.07.2019 12:54:00.000,6687.997,6688.998,6687.997,6687.998,0.0059
17.07.2019 12:55:00.000,6687.997,6689.997,6687.997,6687.997,0.0058
17.07.2019 12:56:00.000,6687.998,6688.998,6687.997,6688.998,0.0032
17.07.2019 12:57:00.000,6688.997,6688.997,6687.997,6687.997,0.0006
17.07.2019 12:58:00.000,6687.998,6687.998,6685.998,6685.998,0.0017
17.07.2019 12:59:00.000,6685.997,6685.997,6684.997,6684.998,0.0004
17.07.2019 13:00:00.000,6684.997,6684.998,6679.997,6679.998,0.002
17.07.2019 13:01:00.000,6679.998,6680.998,6678.998,6679.998,0.0036
17.07.2019 13:02:00.000,6679.997,6680.997,6679.997,6680.997,0.0005
17.07.2019 13:03:00.000,6680.997,6680.997,6672.997,6673.998,0.0031
17.07.2019 13:04:00.000,6673.998,6673.998,6670.997,6671.997,0.0035
17.07.2019 13:05:00.000,6670.997,6670.998,6668.997,6668.997,0.0016
17.07.2019 13:06:00.000,6668.998,6672.998,6668.997,6672.998,0.0046
17.07.2019 13:07:00.000,6672.998,6676.998,6672.997,6675.997,0.0044
17.07.2019 13:08:00.000,6676.998,6676.998,6671.997,6671.998,0.0032
17.07.2019 13:09:00.000,6672.997,6676.998,6672.997,6676.998,0.0015
17.07.2019 13:10:00.000,6675.998,6676.998,6675.997,6675.998,0.0005
17.07.2019 13:11:00.000,6676.998,6676.998,6675.997,6676.997,0.0019
17.07.2019 13:12:00.000,6681.998,6681.998,6680.998,6681.998,0.0035
17.07.2019 13:13:00.000,6681.997,6683.998,6681.997,6683.998,0.0042
17.07.2019 13:14:00.000,6684.998,6684.998,6677.998,6677.998,0.004
17.07.2019 13:15:00.000,6677.997,6680.997,6676.997,6679.997,0.0039
17.07.2019 13:16:00.000,6679.998,6680.998,6678.997,6679.998,0.003
17.07.2019 13:17:00.000,6682.750,6682.998,6681.998,6682.998,0.0013
17.07.2019 13:18:00.000,6682.997,6683.998,6681.997,6681.998,0.0009
17.07.2019 13:19:00.000,6682.997,6682.998,6679.997,6679.998,0.0007
17.07.2019 13:20:00.000,6679.997,6679.998,6676.997,6676.998,0.0028
17.07.2019 13:21:00.000,6676.997,6679.998,6674.998,6678.998,0.0075
17.07.2019 13:22:00.000,6680.998,6680.998,6675.997,6675.997,0.0034
17.07.2019 13:23:00.000,6675.998,6678.998,6675.998,6678.997,0.0016
17.07.2019 13:24:00.000,6678.998,6687.998,6678.998,6687.997,0.0029
17.07.2019 13:25:00.000,6689.998,6690.998,6687.997,6687.997,0.0037
17.07.2019 13:26:00.000,6687.997,6688.997,6685.997,6688.997,0.0031
17.07.2019 13:27:00.000,6690.997,6691.998,6686.997,6687.998,0.0012
17.07.2019 13:28:00.000,6685.997,6689.998,6685.997,6687.998,0.0029
17.07.2019 13:29:00.000,6687.998,6688.998,6687.997,6687.998,0.0017
17.07.2019 13:30:00.000,6687.997,6690.500,6683.998,6686.998,0.0037
17.07.2019 13:31:00.000,6687.998,6689.998,6687.998,6688.998,0.0027
17.07.2019 13:32:00.000,6688.998,6688.998,6681.997,6681.998,0.0024
17.07.2019 13:33:00.000,6682.998,6688.998,6681.997,6687.998,0.0058
17.07.2019 13:34:00.000,6687.998,6687.998,6686.997,6687.997,0.0008
17.07.2019 13:35:00.000,6688.997,6690.998,6687.998,6688.998,0.0031
17.07.2019 13:36:00.000,6690.997,6692.998,6688.997,6688.997,0.0063
17.07.2019 13:37:00.000,6689.998,6690.998,6688.997,6690.998,0.0028
17.07.2019 13:38:00.000,6691.998,6696.998,6690.998,6695.998,0.0067
17.07.2019 13:39:00.000,6695.998,6695.998,6692.997,6692.998,0.003
17.07.2019 13:40:00.000,6692.998,6697.998,6692.998,6697.998,0.003
17.07.2019 13:41:00.000,6697.997,6699.998,6694.997,6695.997,0.0053
17.07.2019 13:42:00.000,6694.997,6695.998,6694.997,6694.998,0.0083
17.07.2019 13:43:00.000,6694.997,6695.998,6693.997,6693.997,0.0026
17.07.2019 13:44:00.000,6693.998,6694.998,6692.997,6693.998,0.0025
17.07.2019 13:45:00.000,6693.997,6693.998,6692.997,6693.997,0.0022
17.07.2019 13:46:00.000,6694.998,6695.998,6692.998,6693.998,0.0044
17.07.2019 13:47:00.000,6694.997,6695.998,6693.998,6695.997,0.0034
17.07.2019 13:48:00.000,6695.998,6695.998,6694.997,6694.998,0.0045
17.07.2019 13:49:00.000,6694.997,6695.998,6693.997,6693.997,0.0037
17.07.2019 13:50:00.000,6693.998,6693.998,6689.997,6692.998,0.002
17.07.2019 13:51:00.000,6692.997,6694.998,6692.997,6692.998,0.0034
17.07.2019 13:52:00.000,6694.997,6695.998,6694.997,6695.998,0.0031
17.07.2019 13:53:00.000,6695.997,6695.998,6694.997,6695.998,0.0055
17.07.2019 13:54:00.000,6695.997,6695.998,6694.997,6694.998,0.0039
17.07.2019 13:55:00.000,6694.997,6695.998,6694.997,6694.998,0.0068
17.07.2019 13:56:00.000,6693.998,6695.998,6693.997,6695.998,0.0047
17.07.2019 13:57:00.000,6693.998,6695.998,6692.997,6692.998,0.0046
17.07.2019 13:58:00.000,6692.997,6693.998,6692.997,6693.997,0.0025
17.07.2019 13:59:00.000,6693.998,6695.998,6693.997,6695.998,0.0055
17.07.2019 14:00:00.000,6695.998,6695.998,6693.998,6695.997,0.0033
17.07.2019 14:01:00.000,6695.997,6696.998,6694.997,6694.997,0.0044
17.07.2019 14:02:00.000,6694.998,6697.998,6694.997,6694.997,0.0155
17.07.2019 14:03:00.000,6694.998,6694.998,6691.997,6691.998,0.0013
17.07.2019 14:04:00.000,6691.998,6692.998,6691.997,6692.998,0.0035
17.07.2019 14:05:00.000,6692.998,6694.997,6692.997,6694.997,0.0078
17.07.2019 14:06:00.000,6694.998,6694.998,6693.997,6694.998,0.0038
17.07.2019 14:07:00.000,6694.997,6695.997,6694.997,6694.998,0.0043
17.07.2019 14:08:00.000,6694.998,6694.998,6689.997,6692.998,0.005
17.07.2019 14:09:00.000,6692.998,6694.998,6690.998,6691.997,0.0038
17.07.2019 14:10:00.000,6692.998,6694.998,6691.997,6694.998,0.0028
17.07.2019 14:11:00.000,6694.997,6695.998,6694.997,6694.998,0.0085
17.07.2019 14:12:00.000,6694.998,6696.998,6694.997,6694.997,0.0089
17.07.2019 14:13:00.000,6694.998,6695.998,6694.997,6694.997,0.002
17.07.2019 14:14:00.000,6694.998,6694.998,6688.997,6688.998,0.0048
17.07.2019 14:15:00.000,6688.998,6688.998,6685.998,6686.998,0.0029
17.07.2019 14:16:00.000,6686.997,6691.998,6686.997,6690.998,0.0065
17.07.2019 14:17:00.000,6690.998,6692.998,6690.997,6692.998,0.0027
17.07.2019 14:18:00.000,6692.997,6692.998,6692.997,6692.998,0.0041
17.07.2019 14:19:00.000,6692.998,6693.998,6690.997,6691.997,0.0031
17.07.2019 14:20:00.000,6691.998,6691.998,6687.997,6689.998,0.0046
17.07.2019 14:21:00.000,6689.998,6691.998,6689.997,6691.998,0.0051
17.07.2019 14:22:00.000,6692.997,6693.998,6691.997,6692.997,0.0013
17.07.2019 14:23:00.000,6692.998,6692.998,6691.997,6691.998,0.0045
17.07.2019 14:24:00.000,6692.998,6692.998,6691.997,6691.998,0.0066
17.07.2019 14:25:00.000,6691.997,6691.998,6690.997,6690.998,0.0023
17.07.2019 14:26:00.000,6689.998,6689.998,6685.998,6686.998,0.0028
17.07.2019 14:27:00.000,6687.998,6688.998,6684.997,6685.998,0.004
17.07.2019 14:28:00.000,6685.998,6685.998,6684.997,6684.997,0.0016
17.07.2019 14:29:00.000,6684.997,6685.998,6684.997,6684.997,0.0071
17.07.2019 14:30:00.000,6683.998,6688.998,6683.998,6688.998,0.0061
17.07.2019 14:31:00.000,6688.997,6689.997,6687.997,6688.998,0.0036
17.07.2019 14:32:00.000,6688.997,6688.998,6685.998,6686.998,0.0028
17.07.2019 14:33:00.000,6686.997,6688.998,6685.998,6688.998,0.0061
17.07.2019 14:34:00.000,6688.997,6688.998,6685.998,6686.997,0.008
17.07.2019 14:35:00.000,6686.997,6686.998,6686.997,6686.998,0.0038
17.07.2019 14:36:00.000,6686.997,6686.998,6685.997,6685.998,0.0051
17.07.2019 14:37:00.000,6686.998,6688.998,6686.997,6687.998,0.006
17.07.2019 14:38:00.000,6688.998,6690.998,6688.997,6690.997,0.0053
17.07.2019 14:39:00.000,6690.998,6694.998,6690.998,6694.998,0.0068
17.07.2019 14:40:00.000,6694.997,6694.998,6693.997,6693.997,0.0122
17.07.2019 14:41:00.000,6693.998,6695.998,6693.997,6695.998,0.0032
17.07.2019 14:42:00.000,6695.997,6696.998,6694.997,6696.998,0.0088
17.07.2019 14:43:00.000,6695.998,6696.998,6695.998,6696.997,0.0062
17.07.2019 14:44:00.000,6696.997,6696.998,6693.997,6693.998,0.0034
17.07.2019 14:45:00.000,6693.998,6693.998,6691.997,6691.998,0.0023
17.07.2019 14:46:00.000,6691.997,6691.997,6687.998,6689.998,0.0031
17.07.2019 14:47:00.000,6690.998,6690.998,6689.998,6690.998,0.0031
17.07.2019 14:48:00.000,6690.997,6690.997,6684.997,6684.998,0.0013
17.07.2019 14:49:00.000,6684.997,6684.997,6681.997,6682.998,0.0038
17.07.2019 14:50:00.000,6682.997,6682.997,6678.997,6678.998,0.0105
17.07.2019 14:51:00.000,6679.997,6680.998,6675.997,6676.998,0.0034
17.07.2019 14:52:00.000,6676.998,6677.998,6675.997,6676.997,0.0043
17.07.2019 14:53:00.000,6676.998,6678.998,6676.997,6676.998,0.009
17.07.2019 14:54:00.000,6675.998,6676.998,6670.997,6670.997,0.0162
17.07.2019 14:55:00.000,6672.750,6672.998,6670.998,6672.998,0.0065
17.07.2019 14:56:00.000,6673.998,6677.998,6673.997,6674.998,0.0093
17.07.2019 14:57:00.000,6674.997,6676.998,6673.998,6675.997,0.009
17.07.2019 14:58:00.000,6675.998,6676.998,6675.997,6675.998,0.0052
17.07.2019 14:59:00.000,6676.998,6676.998,6675.997,6676.998,0.0044
17.07.2019 15:00:00.000,6675.998,6677.998,6675.997,6677.998,0.0055
17.07.2019 15:01:00.000,6677.997,6683.998,6677.997,6680.998,0.0094
17.07.2019 15:02:00.000,6680.997,6681.998,6677.998,6680.998,0.0069
17.07.2019 15:03:00.000,6680.997,6680.998,6675.998,6678.997,0.0108
17.07.2019 15:04:00.000,6678.998,6679.998,6678.997,6678.997,0.0043
17.07.2019 15:05:00.000,6678.998,6679.998,6678.998,6679.998,0.0027
17.07.2019 15:06:00.000,6679.997,6680.998,6679.997,6680.998,0.0049
17.07.2019 15:07:00.000,6680.997,6682.998,6679.997,6679.998,0.0093
17.07.2019 15:08:00.000,6679.997,6681.998,6678.997,6681.997,0.006
17.07.2019 15:09:00.000,6681.998,6684.998,6681.997,6684.997,0.0086
17.07.2019 15:10:00.000,6684.998,6687.998,6684.998,6687.998,0.0051
17.07.2019 15:11:00.000,6688.998,6689.998,6687.997,6687.998,0.0141
17.07.2019 15:12:00.000,6688.997,6688.998,6686.997,6687.997,0.0036
17.07.2019 15:13:00.000,6687.998,6691.998,6687.997,6691.997,0.0063
17.07.2019 15:14:00.000,6692.997,6695.998,6692.997,6695.997,0.0078
17.07.2019 15:15:00.000,6695.998,6697.998,6695.997,6697.998,0.0127
17.07.2019 15:16:00.000,6697.997,6698.997,6696.997,6696.998,0.0068
17.07.2019 15:17:00.000,6696.997,6698.997,6696.997,6696.998,0.0046
17.07.2019 15:18:00.000,6697.998,6698.998,6696.997,6696.998,0.0057
17.07.2019 15:19:00.000,6695.998,6695.998,6694.997,6695.997,0.0125
17.07.2019 15:20:00.000,6695.998,6695.998,6690.997,6691.997,0.0087
17.07.2019 15:21:00.000,6691.998,6692.998,6690.997,6690.998,0.0069
17.07.2019 15:22:00.000,6690.997,6690.997,6682.997,6685.998,0.0058
17.07.2019 15:23:00.000,6686.998,6686.998,6681.998,6682.998,0.0054
17.07.2019 15:24:00.000,6682.997,6687.998,6682.997,6685.997,0.0083
17.07.2019 15:25:00.000,6686.998,6688.998,6684.997,6685.998,0.0077
17.07.2019 15:26:00.000,6685.997,6686.998,6682.997,6684.998,0.0075
17.07.2019 15:27:00.000,6685.998,6685.998,6680.997,6682.997,0.0168
17.07.2019 15:28:00.000,6682.998,6686.998,6682.997,6684.998,0.0205
17.07.2019 15:29:00.000,6684.998,6685.998,6674.997,6674.997,0.0127
18.07.2019 07:00:00.000,6668.997,6670.998,6668.997,6669.998,0.0013
18.07.2019 07:01:00.000,6663.998,6663.998,6657.998,6660.997,0.0004
18.07.2019 07:02:00.000,6666.997,6667.998,6648.998,6648.998,0.0007
18.07.2019 07:03:00.000,6648.998,6649.998,6648.998,6648.998,0.0004
18.07.2019 07:04:00.000,6648.998,6655.998,6648.997,6655.998,0.0004
18.07.2019 07:05:00.000,6654.998,6657.998,6653.997,6656.998,0.0012
18.07.2019 07:06:00.000,6657.998,6667.998,6657.998,6667.998,0.0007
18.07.2019 07:07:00.000,6667.998,6670.998,6662.998,6670.998,0.0032
18.07.2019 07:08:00.000,6670.997,6674.998,6666.998,6674.998,0.0012
18.07.2019 07:09:00.000,6674.997,6678.998,6674.997,6677.998,0.0013
18.07.2019 07:10:00.000,6679.997,6682.997,6675.998,6682.997,0.0008
18.07.2019 07:11:00.000,6682.998,6682.998,6674.998,6674.998,0.0034
18.07.2019 07:12:00.000,6674.997,6675.998,6671.998,6671.998,0.0002
18.07.2019 07:13:00.000,6671.997,6674.998,6668.997,6668.998,0.0023
18.07.2019 07:14:00.000,6668.998,6672.998,6666.997,6666.998,0.0025
18.07.2019 07:15:00.000,6667.998,6670.998,6658.997,6659.997,0.0028
18.07.2019 07:16:00.000,6659.998,6665.997,6657.997,6663.998,0.0037
18.07.2019 07:17:00.000,6664.998,6665.998,6662.998,6665.998,0.0009
18.07.2019 07:18:00.000,6662.998,6667.998,6659.997,6666.998,0.0024
18.07.2019 07:19:00.000,6666.998,6673.998,6666.998,6670.998,0.0023
18.07.2019 07:20:00.000,6670.997,6673.998,6669.997,6672.998,0.0044
18.07.2019 07:21:00.000,6672.997,6680.998,6672.997,6680.997,0.0056
18.07.2019 07:22:00.000,6680.998,6682.998,6673.998,6673.998,0.003
18.07.2019 07:23:00.000,6674.997,6678.750,6670.998,6678.750,0.002
18.07.2019 07:24:00.000,6678.750,6678.750,6672.997,6673.998,0.0028
18.07.2019 07:25:00.000,6674.997,6674.998,6669.997,6669.998,0.0019
18.07.2019 07:26:00.000,6669.997,6679.998,6669.997,6679.998,0.0013
18.07.2019 07:27:00.000,6680.998,6683.998,6678.997,6678.998,0.0011
18.07.2019 07:28:00.000,6678.997,6681.998,6678.997,6680.997,0.0007
18.07.2019 07:29:00.000,6680.998,6680.998,6680.997,6680.998,0.0009
18.07.2019 07:30:00.000,6681.998,6682.998,6678.998,6680.997,0.0018
18.07.2019 07:31:00.000,6680.998,6686.998,6680.997,6686.998,0.0027
18.07.2019 07:32:00.000,6686.998,6690.998,6684.997,6690.998,0.0047
18.07.2019 07:33:00.000,6691.997,6692.998,6687.997,6687.997,0.002
18.07.2019 07:34:00.000,6687.998,6690.998,6687.997,6690.998,0.0014
18.07.2019 07:35:00.000,6690.997,6693.997,6688.998,6689.998,0.0029
18.07.2019 07:36:00.000,6689.997,6693.998,6686.998,6693.998,0.0037
18.07.2019 07:37:00.000,6693.997,6693.998,6684.998,6693.997,0.0062
18.07.2019 07:38:00.000,6693.998,6697.998,6691.997,6693.998,0.0041
18.07.2019 07:39:00.000,6695.997,6700.998,6693.997,6700.998,0.0023
18.07.2019 07:40:00.000,6700.998,6700.998,6695.997,6698.998,0.0053
18.07.2019 07:41:00.000,6698.998,6702.998,6697.998,6700.998,0.0045
18.07.2019 07:42:00.000,6700.997,6701.998,6695.997,6700.998,0.0042
18.07.2019 07:43:00.000,6700.998,6700.998,6695.997,6700.997,0.0032
18.07.2019 07:44:00.000,6700.998,6703.998,6687.997,6688.997,0.0086
18.07.2019 07:45:00.000,6688.998,6693.998,6680.998,6682.998,0.0039
18.07.2019 07:46:00.000,6682.997,6688.998,6681.998,6688.998,0.0033
18.07.2019 07:47:00.000,6688.998,6688.998,6679.997,6681.997,0.0032
18.07.2019 07:48:00.000,6681.998,6687.998,6681.998,6687.997,0.0056
18.07.2019 07:49:00.000,6687.998,6687.998,6683.998,6685.997,0.0023
18.07.2019 07:50:00.000,6685.998,6685.998,6681.997,6683.998,0.002
18.07.2019 07:51:00.000,6685.997,6687.998,6683.997,6686.997,0.0059
18.07.2019 07:52:00.000,6687.998,6692.998,6686.998,6692.997,0.0028
18.07.2019 07:53:00.000,6693.998,6695.997,6691.997,6692.998,0.0031
18.07.2019 07:54:00.000,6692.997,6694.998,6691.997,6692.997,0.0045
18.07.2019 07:55:00.000,6692.998,6694.998,6687.997,6687.997,0.0034
18.07.2019 07:56:00.000,6687.998,6693.998,6687.998,6687.998,0.0068
18.07.2019 07:57:00.000,6688.998,6692.998,6687.998,6691.998,0.0052
18.07.2019 07:58:00.000,6691.997,6697.998,6691.997,6695.998,0.0039
18.07.2019 07:59:00.000,6695.997,6697.998,6694.998,6697.998,0.0015
18.07.2019 08:00:00.000,6698.997,6698.998,6693.998,6693.998,0.0032
18.07.2019 08:01:00.000,6692.998,6694.998,6689.997,6690.998,0.0072
18.07.2019 08:02:00.000,6691.998,6693.997,6690.997,6692.998,0.0034
18.07.2019 08:03:00.000,6692.997,6695.998,6690.998,6695.998,0.006
18.07.2019 08:04:00.000,6696.998,6697.997,6692.998,6694.998,0.0015
18.07.2019 08:05:00.000,6694.998,6698.998,6692.997,6692.998,0.0055
18.07.2019 08:06:00.000,6692.998,6692.998,6685.998,6686.998,0.0084
18.07.2019 08:07:00.000,6687.997,6687.998,6686.997,6687.998,0.0054
18.07.2019 08:08:00.000,6688.997,6692.998,6688.997,6689.998,0.0042
18.07.2019 08:09:00.000,6690.998,6690.998,6687.998,6688.998,0.0069
18.07.2019 08:10:00.000,6689.997,6696.998,6689.997,6693.997,0.0065
18.07.2019 08:11:00.000,6695.998,6696.997,6691.998,6691.998,0.0043
18.07.2019 08:12:00.000,6692.998,6692.998,6688.998,6690.998,0.0031
18.07.2019 08:13:00.000,6689.998,6689.998,6682.997,6686.997,0.0056
18.07.2019 08:14:00.000,6686.998,6687.998,6684.997,6686.998,0.0038
18.07.2019 08:15:00.000,6687.998,6689.998,6685.997,6685.998,0.0033
18.07.2019 08:16:00.000,6687.998,6690.998,6686.997,6687.998,0.0026
18.07.2019 08:17:00.000,6687.998,6687.998,6678.998,6678.998,0.0053
18.07.2019 08:18:00.000,6679.998,6681.998,6677.997,6680.998,0.0045
18.07.2019 08:19:00.000,6682.998,6682.998,6674.998,6677.997,0.0077
18.07.2019 08:20:00.000,6678.998,6681.998,6677.997,6681.998,0.0032
18.07.2019 08:21:00.000,6682.998,6682.998,6677.997,6677.998,0.0052
18.07.2019 08:22:00.000,6678.998,6679.998,6677.997,6679.998,0.0034
18.07.2019 08:23:00.000,6679.998,6680.997,6674.998,6674.998,0.0029
18.07.2019 08:24:00.000,6674.997,6675.998,6672.997,6674.998,0.0024
18.07.2019 08:25:00.000,6674.997,6677.998,6674.997,6677.998,0.0028
18.07.2019 08:26:00.000,6677.997,6681.998,6677.997,6681.998,0.0025
18.07.2019 08:27:00.000,6681.997,6683.998,6681.997,6682.998,0.0023
18.07.2019 08:28:00.000,6681.998,6683.997,6678.997,6678.997,0.0035
18.07.2019 08:29:00.000,6678.998,6682.998,6678.998,6679.997,0.0013
18.07.2019 08:30:00.000,6680.750,6680.750,6671.997,6675.997,0.0053
18.07.2019 08:31:00.000,6676.997,6679.998,6676.997,6678.997,0.0047
18.07.2019 08:32:00.000,6679.997,6681.998,6677.997,6681.998,0.0047
18.07.2019 08:33:00.000,6681.998,6682.997,6677.998,6679.997,0.0025
18.07.2019 08:34:00.000,6680.998,6680.998,6677.998,6678.997,0.0024
18.07.2019 08:35:00.000,6678.998,6680.998,6677.998,6680.998,0.0023
18.07.2019 08:36:00.000,6680.997,6683.998,6680.997,6682.998,0.004
18.07.2019 08:37:00.000,6683.997,6683.998,6680.997,6680.998,0.0036
18.07.2019 08:38:00.000,6681.998,6682.998,6679.998,6680.997,0.0012
18.07.2019 08:39:00.000,6681.998,6684.998,6681.998,6684.997,0.0015
18.07.2019 08:40:00.000,6684.998,6685.998,6684.998,6685.997,0.006
18.07.2019 08:41:00.000,6685.998,6686.998,6684.997,6684.997,0.0055
18.07.2019 08:42:00.000,6684.998,6686.998,6682.997,6684.998,0.0022
18.07.2019 08:43:00.000,6686.997,6687.998,6682.997,6682.998,0.0021
18.07.2019 08:44:00.000,6682.998,6682.998,6677.997,6677.997,0.0032
18.07.2019 08:45:00.000,6678.997,6678.998,6678.997,6678.998,0.0021
18.07.2019 08:46:00.000,6678.997,6678.998,6672.997,6673.998,0.0045
18.07.2019 08:47:00.000,6673.997,6674.998,6673.997,6673.998,0.0028
18.07.2019 08:48:00.000,6675.750,6675.998,6674.997,6675.997,0.0047
18.07.2019 08:49:00.000,6676.998,6676.998,6673.997,6675.998,0.004
18.07.2019 08:50:00.000,6676.998,6677.998,6673.997,6674.998,0.0075
18.07.2019 08:51:00.000,6674.997,6675.998,6673.997,6675.997,0.0094
18.07.2019 08:52:00.000,6677.997,6678.998,6674.998,6678.998,0.0055
18.07.2019 08:53:00.000,6678.997,6679.998,6677.997,6678.998,0.0023
18.07.2019 08:54:00.000,6678.997,6678.998,6674.998,6675.998,0.0022
18.07.2019 08:55:00.000,6676.997,6677.998,6674.998,6677.998,0.0057
18.07.2019 08:56:00.000,6677.997,6678.998,6674.998,6676.997,0.0035
18.07.2019 08:57:00.000,6676.997,6677.998,6673.998,6676.997,0.0033
18.07.2019 08:58:00.000,6676.998,6677.998,6675.998,6675.998,0.0022
18.07.2019 08:59:00.000,6675.997,6679.998,6675.997,6679.998,0.0016
18.07.2019 09:00:00.000,6679.997,6680.998,6679.997,6680.998,0.0017
18.07.2019 09:01:00.000,6680.997,6685.998,6680.997,6685.998,0.0021
18.07.2019 09:02:00.000,6685.998,6686.998,6682.998,6682.998,0.0024
18.07.2019 09:03:00.000,6682.997,6685.998,6682.997,6684.998,0.0031
18.07.2019 09:04:00.000,6684.998,6685.998,6684.998,6685.998,0.0037
18.07.2019 09:05:00.000,6685.997,6688.998,6685.997,6686.997,0.0105
18.07.2019 09:06:00.000,6686.998,6688.998,6686.997,6686.997,0.006
18.07.2019 09:07:00.000,6686.997,6686.997,6684.997,6684.997,0.0012
18.07.2019 09:08:00.000,6684.998,6688.998,6684.998,6688.997,0.0086
18.07.2019 09:09:00.000,6690.998,6690.998,6684.997,6684.997,0.0048
18.07.2019 09:10:00.000,6684.998,6684.998,6682.997,6684.997,0.0067
18.07.2019 09:11:00.000,6685.998,6687.998,6685.998,6687.998,0.003
18.07.2019 09:12:00.000,6688.998,6688.998,6687.997,6688.998,0.0017
18.07.2019 09:13:00.000,6687.997,6688.997,6686.997,6686.998,0.0015
18.07.2019 09:14:00.000,6686.998,6688.998,6686.997,6688.997,0.0021
18.07.2019 09:15:00.000,6688.998,6689.998,6687.997,6688.998,0.0036
18.07.2019 09:16:00.000,6688.997,6688.998,6684.997,6686.997,0.0029
18.07.2019 09:17:00.000,6686.998,6687.998,6684.998,6686.997,0.0039
18.07.2019 09:18:00.000,6686.998,6686.998,6682.998,6683.997,0.003
18.07.2019 09:19:00.000,6683.998,6685.998,6683.997,6684.998,0.0062
18.07.2019 09:20:00.000,6684.998,6684.998,6683.997,6684.998,0.0024
18.07.2019 09:21:00.000,6685.998,6687.998,6685.997,6686.997,0.0032
18.07.2019 09:22:00.000,6686.998,6687.998,6686.997,6687.997,0.0012
18.07.2019 09:23:00.000,6686.998,6688.998,6685.997,6687.998,0.0059
18.07.2019 09:24:00.000,6687.997,6687.998,6686.997,6686.997,0.0022
18.07.2019 09:25:00.000,6686.998,6689.998,6686.997,6688.998,0.0046
18.07.2019 09:26:00.000,6688.997,6690.750,6687.998,6688.997,0.0061
18.07.2019 09:27:00.000,6688.998,6688.998,6687.997,6687.998,0.002
18.07.2019 09:28:00.000,6687.997,6687.998,6686.997,6686.997,0.0021
18.07.2019 09:29:00.000,6686.998,6687.998,6686.997,6686.998,0.0026
18.07.2019 09:30:00.000,6686.750,6686.750,6683.997,6683.997,0.0048
18.07.2019 09:31:00.000,6683.997,6684.998,6683.997,6684.998,0.0026
18.07.2019 09:32:00.000,6684.998,6687.997,6684.997,6685.998,0.004
18.07.2019 09:33:00.000,6685.997,6685.997,6682.998,6683.997,0.0024
18.07.2019 09:34:00.000,6683.998,6683.998,6683.997,6683.998,0.0029
18.07.2019 09:35:00.000,6683.997,6685.998,6683.997,6685.998,0.006
18.07.2019 09:36:00.000,6685.998,6689.998,6685.998,6686.998,0.0058
18.07.2019 09:37:00.000,6686.997,6688.998,6686.997,6688.997,0.0017
18.07.2019 09:38:00.000,6688.997,6688.997,6686.997,6686.997,0.0027
18.07.2019 09:39:00.000,6686.998,6686.998,6683.998,6684.998,0.0024
18.07.2019 09:40:00.000,6684.997,6684.998,6683.997,6683.998,0.0018
18.07.2019 09:41:00.000,6683.997,6685.998,6683.997,6685.997,0.0014
18.07.2019 09:42:00.000,6685.998,6686.998,6682.998,6683.998,0.0024
18.07.2019 09:43:00.000,6683.997,6684.998,6683.997,6684.998,0.0009
18.07.2019 09:44:00.000,6684.998,6684.998,6683.998,6684.998,0.0005
18.07.2019 09:45:00.000,6686.997,6687.998,6686.997,6687.998,0.002
18.07.2019 09:46:00.000,6687.998,6687.998,6687.997,6687.998,0.002
18.07.2019 09:47:00.000,6688.998,6688.998,6687.997,6688.998,0.0024
18.07.2019 09:48:00.000,6688.997,6688.998,6687.997,6688.997,0.0041
18.07.2019 09:49:00.000,6688.998,6688.998,6687.998,6688.998,0.0015
18.07.2019 09:50:00.000,6687.998,6687.998,6686.997,6686.998,0.002
18.07.2019 09:51:00.000,6687.998,6692.998,6687.998,6692.997,0.0054
18.07.2019 09:52:00.000,6692.998,6695.998,6691.998,6692.998,0.0036
18.07.2019 09:53:00.000,6693.998,6694.998,6691.997,6691.997,0.002
18.07.2019 09:54:00.000,6691.998,6691.998,6690.998,6691.997,0.0012
18.07.2019 09:55:00.000,6691.998,6692.998,6689.998,6690.998,0.0014
18.07.2019 09:56:00.000,6689.998,6690.997,6688.997,6689.998,0.0021
18.07.2019 09:57:00.000,6690.997,6690.998,6689.997,6690.998,0.0015
18.07.2019 09:58:00.000,6689.997,6690.998,6688.998,6689.998,0.0015
18.07.2019 09:59:00.000,6689.997,6689.998,6688.997,6689.998,0.001
18.07.2019 10:00:00.000,6689.997,6690.998,6684.998,6686.998,0.0021
18.07.2019 10:01:00.000,6687.997,6687.997,6685.997,6686.997,0.0028
18.07.2019 10:02:00.000,6686.998,6686.998,6682.998,6683.997,0.0031
18.07.2019 10:03:00.000,6683.998,6683.998,6679.997,6679.998,0.0039
18.07.2019 10:04:00.000,6680.998,6680.998,6679.998,6679.998,0.001
18.07.2019 10:05:00.000,6679.998,6679.998,6675.997,6675.998,0.0013
18.07.2019 10:06:00.000,6675.998,6679.998,6674.998,6678.997,0.0067
18.07.2019 10:07:00.000,6678.998,6679.998,6678.997,6678.997,0.0015
18.07.2019 10:08:00.000,6679.997,6679.998,6679.997,6679.998,0.0012
18.07.2019 10:09:00.000,6679.998,6679.998,6678.997,6678.997,0.0009
18.07.2019 10:10:00.000,6679.997,6679.998,6675.997,6675.997,0.0075
18.07.2019 10:11:00.000,6675.998,6681.998,6675.998,6681.998,0.004
18.07.2019 10:12:00.000,6681.997,6681.998,6680.997,6680.998,0.0031
18.07.2019 10:13:00.000,6680.997,6681.997,6680.997,6680.997,0.0009
18.07.2019 10:14:00.000,6680.998,6682.998,6679.997,6680.998,0.004
18.07.2019 10:15:00.000,6681.997,6684.998,6681.997,6683.997,0.0044
18.07.2019 10:16:00.000,6684.998,6685.998,6684.997,6685.998,0.0019
18.07.2019 10:17:00.000,6683.998,6684.998,6683.997,6684.998,0.0014
18.07.2019 10:18:00.000,6684.997,6686.998,6683.998,6684.997,0.0039
18.07.2019 10:19:00.000,6685.998,6686.998,6684.998,6685.998,0.0032
18.07.2019 10:20:00.000,6685.997,6686.998,6683.997,6683.997,0.0033
18.07.2019 10:21:00.000,6683.998,6684.998,6681.998,6682.998,0.0019
18.07.2019 10:22:00.000,6682.997,6685.998,6681.998,6684.997,0.0036
18.07.2019 10:23:00.000,6684.998,6684.998,6682.997,6684.998,0.0008
18.07.2019 10:24:00.000,6685.997,6685.998,6684.997,6685.997,0.0032
18.07.2019 10:25:00.000,6685.997,6685.997,6680.997,6681.998,0.0025
18.07.2019 10:26:00.000,6681.997,6684.998,6681.997,6684.997,0.0024
18.07.2019 10:27:00.000,6686.998,6686.998,6681.998,6682.998,0.0073
18.07.2019 10:28:00.000,6683.998,6685.998,6683.997,6685.998,0.002
18.07.2019 10:29:00.000,6685.997,6686.998,6684.997,6686.998,0.0013
18.07.2019 10:30:00.000,6687.997,6692.998,6683.998,6686.998,0.0202
18.07.2019 10:31:00.000,6687.997,6691.998,6687.997,6691.998,0.0035
18.07.2019 10:32:00.000,6690.998,6696.998,6689.997,6694.998,0.01
18.07.2019 10:33:00.000,6695.997,6696.998,6691.997,6693.998,0.0115
18.07.2019 10:34:00.000,6693.997,6694.998,6692.998,6693.998,0.0083
18.07.2019 10:35:00.000,6693.997,6695.750,6691.998,6692.998,0.0029
18.07.2019 10:36:00.000,6692.998,6692.998,6687.998,6691.998,0.0045
18.07.2019 10:37:00.000,6691.997,6696.997,6690.998,6692.998,0.0077
18.07.2019 10:38:00.000,6693.998,6693.998,6688.998,6688.998,0.0022
18.07.2019 10:39:00.000,6688.997,6690.998,6688.997,6688.998,0.0037
18.07.2019 10:40:00.000,6689.997,6693.998,6689.997,6693.998,0.0044
18.07.2019 10:41:00.000,6692.998,6692.998,6690.997,6690.997,0.0043
18.07.2019 10:42:00.000,6690.998,6690.998,6688.997,6690.998,0.0055
18.07.2019 10:43:00.000,6688.998,6690.998,6687.998,6687.998,0.0021
18.07.2019 10:44:00.000,6687.998,6688.998,6681.997,6681.998,0.0044
18.07.2019 10:45:00.000,6680.998,6682.998,6679.998,6680.998,0.0054
18.07.2019 10:46:00.000,6680.997,6681.998,6680.997,6681.997,0.0056
18.07.2019 10:47:00.000,6681.998,6684.998,6681.997,6684.997,0.0064
18.07.2019 10:48:00.000,6684.998,6685.998,6684.997,6684.997,0.0046
18.07.2019 10:49:00.000,6684.997,6686.997,6683.997,6684.998,0.0066
18.07.2019 10:50:00.000,6685.997,6688.998,6684.998,6687.998,0.0077
18.07.2019 10:51:00.000,6687.998,6688.998,6686.997,6687.998,0.0063
18.07.2019 10:52:00.000,6688.997,6688.998,6687.997,6688.998,0.0042
18.07.2019 10:53:00.000,6688.997,6691.998,6687.997,6691.997,0.0085
18.07.2019 10:54:00.000,6691.998,6697.998,6691.997,6697.998,0.0048
18.07.2019 10:55:00.000,6696.998,6697.998,6692.997,6692.998,0.0039
18.07.2019 10:56:00.000,6693.997,6695.998,6692.997,6693.998,0.0034
18.07.2019 10:57:00.000,6692.998,6694.998,6690.998,6693.998,0.0056
18.07.2019 10:58:00.000,6693.997,6693.998,6690.998,6690.998,0.002
18.07.2019 10:59:00.000,6691.997,6694.997,6690.998,6692.998,0.0046
18.07.2019 11:00:00.000,6692.997,6692.998,6691.997,6691.998,0.0007
18.07.2019 11:02:00.000,6691.998,6691.998,6684.998,6688.998,0.0015
18.07.2019 11:03:00.000,6688.998,6690.998,6688.998,6690.998,0.0037
18.07.2019 11:04:00.000,6690.997,6693.998,6688.998,6688.998,0.0032
18.07.2019 11:05:00.000,6688.997,6689.998,6687.997,6687.997,0.0033
18.07.2019 11:06:00.000,6687.998,6687.998,6687.997,6687.998,0.0016
18.07.2019 11:07:00.000,6688.998,6691.998,6688.998,6691.998,0.0014
18.07.2019 11:08:00.000,6691.997,6692.998,6691.997,6691.997,0.003
18.07.2019 11:09:00.000,6691.998,6691.998,6688.998,6690.998,0.0035
18.07.2019 11:10:00.000,6690.997,6690.998,6690.997,6690.997,0.0006
18.07.2019 11:11:00.000,6690.998,6690.998,6687.997,6688.997,0.0007
18.07.2019 11:12:00.000,6688.997,6691.998,6687.997,6688.998,0.0101
18.07.2019 11:13:00.000,6689.998,6691.998,6687.998,6691.997,0.0062
18.07.2019 11:14:00.000,6691.997,6694.998,6689.998,6691.998,0.0086
18.07.2019 11:15:00.000,6691.997,6691.998,6687.998,6688.997,0.0042
18.07.2019 11:16:00.000,6688.997,6689.997,6686.998,6687.998,0.0036
18.07.2019 11:17:00.000,6687.997,6687.998,6686.998,6686.998,0.0011
18.07.2019 11:18:00.000,6686.998,6690.998,6686.997,6690.998,0.0083
18.07.2019 11:19:00.000,6690.998,6695.998,6690.998,6695.998,0.0055
18.07.2019 11:20:00.000,6695.997,6696.998,6693.997,6693.998,0.0096
18.07.2019 11:21:00.000,6693.997,6698.998,6693.997,6698.998,0.0073
18.07.2019 11:22:00.000,6698.998,6699.998,6696.998,6696.998,0.0032
18.07.2019 11:23:00.000,6696.997,6699.998,6695.997,6698.998,0.0048
18.07.2019 11:24:00.000,6698.997,6698.998,6695.997,6695.997,0.0038
18.07.2019 11:25:00.000,6695.998,6696.998,6693.998,6696.998,0.0035
18.07.2019 11:26:00.000,6693.998,6696.998,6693.998,6695.998,0.0018
18.07.2019 11:27:00.000,6695.997,6695.998,6694.997,6694.997,0.006
18.07.2019 11:28:00.000,6695.998,6696.998,6695.998,6696.998,0.0014
18.07.2019 11:29:00.000,6696.750,6696.998,6691.997,6696.998,0.0063
18.07.2019 11:30:00.000,6696.998,6698.998,6696.997,6696.998,0.0046
18.07.2019 11:31:00.000,6696.997,6696.998,6696.997,6696.998,0.0013
18.07.2019 11:32:00.000,6696.998,6696.998,6696.997,6696.997,0.0019
18.07.2019 11:33:00.000,6696.998,6697.998,6696.997,6697.997,0.0035
18.07.2019 11:34:00.000,6697.998,6697.998,6693.997,6693.998,0.004
18.07.2019 11:35:00.000,6693.997,6693.998,6690.997,6693.998,0.0037
18.07.2019 11:36:00.000,6693.500,6693.998,6690.997,6693.997,0.0049
18.07.2019 11:37:00.000,6694.998,6694.998,6692.997,6693.998,0.002
18.07.2019 11:38:00.000,6694.997,6695.998,6693.997,6695.998,0.0042
18.07.2019 11:39:00.000,6695.997,6698.998,6695.997,6698.998,0.0039
18.07.2019 11:40:00.000,6698.997,6698.997,6694.997,6697.998,0.0031
18.07.2019 11:41:00.000,6697.998,6697.998,6694.997,6696.998,0.0012
18.07.2019 11:42:00.000,6696.997,6696.998,6696.997,6696.997,0.0001
18.07.2019 11:43:00.000,6696.998,6696.998,6694.997,6694.997,0.0008
18.07.2019 11:44:00.000,6694.998,6694.998,6691.997,6692.998,0.0029
18.07.2019 11:45:00.000,6692.997,6694.998,6690.997,6694.998,0.004
18.07.2019 11:46:00.000,6694.997,6695.998,6692.997,6692.997,0.0022
18.07.2019 11:47:00.000,6692.998,6692.998,6690.997,6690.998,0.0039
18.07.2019 11:48:00.000,6690.997,6690.998,6690.997,6690.997,0.001
18.07.2019 11:49:00.000,6690.998,6692.998,6690.997,6691.997,0.0021
18.07.2019 11:50:00.000,6691.998,6693.998,6691.998,6692.998,0.0078
18.07.2019 11:51:00.000,6692.998,6693.998,6689.998,6689.998,0.0023
18.07.2019 11:52:00.000,6689.997,6690.998,6687.998,6689.998,0.0023
18.07.2019 11:53:00.000,6689.997,6689.998,6688.997,6689.997,0.0022
18.07.2019 11:54:00.000,6690.998,6690.998,6687.997,6687.998,0.0025
18.07.2019 11:55:00.000,6687.997,6688.998,6687.997,6688.997,0.006
18.07.2019 11:56:00.000,6688.998,6688.998,6686.997,6686.997,0.0024
18.07.2019 11:57:00.000,6685.998,6688.998,6685.997,6685.997,0.0085
18.07.2019 11:58:00.000,6685.998,6685.998,6684.997,6684.998,0.0009
18.07.2019 11:59:00.000,6684.997,6687.998,6684.997,6687.997,0.0051
18.07.2019 12:00:00.000,6687.997,6687.998,6684.998,6686.997,0.0041
18.07.2019 12:01:00.000,6686.998,6686.998,6684.997,6684.998,0.0014
18.07.2019 12:02:00.000,6684.998,6685.997,6682.998,6682.998,0.002
18.07.2019 12:03:00.000,6683.998,6684.998,6681.998,6682.998,0.0021
18.07.2019 12:04:00.000,6681.998,6681.998,6678.998,6680.998,0.0021
18.07.2019 12:05:00.000,6681.997,6681.998,6677.998,6678.998,0.0029
18.07.2019 12:06:00.000,6678.997,6678.998,6676.998,6677.997,0.0011
18.07.2019 12:07:00.000,6677.998,6683.998,6677.998,6683.998,0.0058
18.07.2019 12:08:00.000,6682.998,6685.998,6682.997,6684.998,0.0064
18.07.2019 12:09:00.000,6684.997,6684.998,6681.997,6681.997,0.0038
18.07.2019 12:10:00.000,6681.998,6682.998,6681.998,6682.998,0.0009
18.07.2019 12:11:00.000,6682.500,6682.998,6679.998,6682.998,0.0015
18.07.2019 12:12:00.000,6682.997,6683.997,6680.998,6683.997,0.0031
18.07.2019 12:13:00.000,6683.998,6683.998,6681.998,6683.998,0.0022
18.07.2019 12:14:00.000,6683.997,6683.998,6682.997,6682.998,0.0015
18.07.2019 12:15:00.000,6683.998,6684.998,6683.997,6684.998,0.0011
18.07.2019 12:16:00.000,6684.997,6684.998,6681.997,6681.997,0.002
18.07.2019 12:17:00.000,6682.997,6683.998,6681.998,6682.998,0.0015
18.07.2019 12:18:00.000,6683.997,6683.998,6676.997,6676.998,0.0039
18.07.2019 12:19:00.000,6676.997,6678.998,6675.997,6678.997,0.0022
18.07.2019 12:20:00.000,6678.998,6678.998,6675.998,6676.998,0.0021
18.07.2019 12:21:00.000,6676.997,6678.998,6672.998,6673.998,0.0041
18.07.2019 12:22:00.000,6673.998,6677.998,6673.997,6676.998,0.0019
18.07.2019 12:23:00.000,6677.997,6681.998,6676.997,6681.998,0.0039
18.07.2019 12:24:00.000,6681.997,6682.998,6680.997,6682.997,0.0019
18.07.2019 12:25:00.000,6680.998,6684.998,6680.997,6684.998,0.0037
18.07.2019 12:26:00.000,6684.998,6686.997,6680.997,6680.997,0.0041
18.07.2019 12:27:00.000,6682.998,6683.998,6680.997,6680.998,0.0019
18.07.2019 12:28:00.000,6682.997,6683.998,6682.997,6683.997,0.0012
18.07.2019 12:29:00.000,6683.998,6684.998,6683.997,6684.998,0.0026
18.07.2019 12:30:00.000,6684.997,6684.998,6682.997,6682.998,0.003
18.07.2019 12:31:00.000,6682.998,6682.998,6678.997,6678.998,0.0036
18.07.2019 12:32:00.000,6678.997,6680.998,6676.998,6677.998,0.003
18.07.2019 12:33:00.000,6677.997,6677.998,6673.997,6673.998,0.0016
18.07.2019 12:34:00.000,6673.997,6675.998,6671.998,6675.997,0.002
18.07.2019 12:35:00.000,6675.998,6678.998,6675.998,6677.998,0.0044
18.07.2019 12:36:00.000,6676.998,6677.998,6671.997,6671.997,0.003
18.07.2019 12:37:00.000,6671.997,6671.998,6668.997,6669.998,0.0063
18.07.2019 12:38:00.000,6670.998,6671.998,6668.997,6668.997,0.0015
18.07.2019 12:39:00.000,6668.998,6670.998,6668.998,6670.998,0.0049
18.07.2019 12:40:00.000,6670.997,6671.998,6669.997,6669.998,0.0031
18.07.2019 12:41:00.000,6670.998,6673.998,6670.997,6672.998,0.0056
18.07.2019 12:42:00.000,6672.997,6672.998,6669.997,6672.998,0.0056
18.07.2019 12:43:00.000,6672.998,6672.998,6669.997,6669.997,0.0033
18.07.2019 12:44:00.000,6669.997,6671.998,6668.998,6671.998,0.0028
18.07.2019 12:45:00.000,6670.998,6670.998,6669.997,6669.998,0.001
18.07.2019 12:46:00.000,6670.997,6670.998,6668.997,6668.998,0.0016
18.07.2019 12:47:00.000,6668.998,6670.998,6668.997,6670.997,0.0017
18.07.2019 12:48:00.000,6670.998,6673.998,6669.998,6673.998,0.002
18.07.2019 12:49:00.000,6673.997,6673.997,6671.997,6671.997,0.0013
18.07.2019 12:50:00.000,6671.998,6672.998,6669.997,6672.997,0.0048
18.07.2019 12:51:00.000,6672.998,6673.998,6672.997,6672.997,0.002
18.07.2019 12:52:00.000,6672.998,6673.998,6671.997,6673.998,0.0022
18.07.2019 12:53:00.000,6673.997,6673.997,6671.998,6672.998,0.0021
18.07.2019 12:54:00.000,6672.997,6673.998,6671.997,6672.998,0.0041
18.07.2019 12:55:00.000,6673.998,6673.998,6671.997,6671.997,0.0036
18.07.2019 12:56:00.000,6672.997,6673.998,6671.997,6671.998,0.0052
18.07.2019 12:57:00.000,6672.998,6672.998,6670.998,6670.998,0.0024
18.07.2019 12:58:00.000,6670.997,6670.998,6669.997,6670.998,0.0033
18.07.2019 12:59:00.000,6670.997,6671.998,6669.998,6669.998,0.0044
18.07.2019 13:00:00.000,6669.998,6670.998,6667.998,6670.997,0.0038
18.07.2019 13:01:00.000,6670.998,6670.998,6668.997,6668.998,0.0031
18.07.2019 13:02:00.000,6669.997,6671.998,6669.997,6670.998,0.003
18.07.2019 13:03:00.000,6670.998,6672.998,6670.998,6671.998,0.0015
18.07.2019 13:04:00.000,6671.998,6671.998,6669.997,6671.997,0.0042
18.07.2019 13:05:00.000,6671.997,6671.998,6669.997,6671.998,0.0029
18.07.2019 13:06:00.000,6671.750,6671.750,6669.997,6670.998,0.0015
18.07.2019 13:07:00.000,6670.998,6672.998,6670.998,6672.998,0.0033
18.07.2019 13:08:00.000,6672.997,6672.998,6671.997,6672.998,0.0034
18.07.2019 13:09:00.000,6672.997,6672.997,6669.997,6670.998,0.0014
18.07.2019 13:10:00.000,6671.998,6672.998,6670.998,6671.998,0.0042
18.07.2019 13:11:00.000,6671.997,6675.997,6671.997,6675.997,0.0064
18.07.2019 13:12:00.000,6675.998,6675.998,6674.998,6675.997,0.0031
18.07.2019 13:13:00.000,6675.997,6675.997,6672.997,6674.997,0.0041
18.07.2019 13:14:00.000,6674.998,6675.998,6672.998,6673.998,0.0012
18.07.2019 13:15:00.000,6673.998,6673.998,6672.997,6672.997,0.0026
18.07.2019 13:16:00.000,6672.998,6672.998,6670.997,6670.997,0.0034
18.07.2019 13:17:00.000,6670.998,6670.998,6670.997,6670.997,0.0059
18.07.2019 13:18:00.000,6670.997,6670.998,6668.997,6668.997,0.0039
18.07.2019 13:19:00.000,6668.997,6668.997,6666.997,6666.997,0.0014
18.07.2019 13:20:00.000,6665.998,6667.998,6663.998,6667.998,0.0065
18.07.2019 13:21:00.000,6667.997,6667.997,6665.997,6666.997,0.0022
18.07.2019 13:22:00.000,6666.998,6667.998,6662.997,6662.997,0.0047
18.07.2019 13:23:00.000,6662.998,6663.997,6662.997,6663.997,0.0028
18.07.2019 13:24:00.000,6663.998,6663.998,6658.998,6659.998,0.0041
18.07.2019 13:25:00.000,6659.997,6660.998,6655.998,6660.998,0.005
18.07.2019 13:26:00.000,6661.998,6662.998,6661.997,6662.997,0.0024
18.07.2019 13:27:00.000,6662.997,6666.998,6662.997,6666.998,0.0053
18.07.2019 13:28:00.000,6665.998,6666.998,6665.997,6666.997,0.0052
18.07.2019 13:29:00.000,6666.998,6667.998,6666.997,6667.997,0.0048
18.07.2019 13:30:00.000,6667.997,6669.998,6667.997,6668.998,0.0066
18.07.2019 13:31:00.000,6668.997,6668.998,6658.997,6659.998,0.0085
18.07.2019 13:32:00.000,6659.997,6661.998,6659.997,6660.997,0.0038
18.07.2019 13:33:00.000,6660.998,6660.998,6652.998,6654.998,0.0063
18.07.2019 13:34:00.000,6655.997,6655.998,6651.997,6651.998,0.0024
18.07.2019 13:35:00.000,6651.997,6651.997,6643.997,6645.998,0.0047
18.07.2019 13:36:00.000,6645.997,6645.998,6637.998,6640.998,0.0029
18.07.2019 13:37:00.000,6640.997,6640.998,6638.997,6640.998,0.0039
18.07.2019 13:38:00.000,6640.998,6640.998,6637.998,6639.998,0.0026
18.07.2019 13:39:00.000,6639.997,6640.998,6637.997,6640.997,0.0049
18.07.2019 13:40:00.000,6640.998,6640.998,6639.997,6639.997,0.0029
18.07.2019 13:41:00.000,6639.997,6643.997,6638.998,6640.998,0.0046
18.07.2019 13:42:00.000,6641.997,6641.998,6639.997,6639.997,0.0016
18.07.2019 13:43:00.000,6639.998,6639.998,6635.997,6635.997,0.004
18.07.2019 13:44:00.000,6636.998,6639.998,6635.998,6637.998,0.0038
18.07.2019 13:45:00.000,6638.997,6641.997,6637.997,6641.997,0.0086
18.07.2019 13:46:00.000,6639.998,6641.998,6639.998,6641.998,0.0068
18.07.2019 13:47:00.000,6641.997,6645.998,6640.998,6644.998,0.0061
18.07.2019 13:48:00.000,6644.997,6647.998,6644.997,6647.998,0.0057
18.07.2019 13:49:00.000,6646.998,6651.998,6646.997,6651.998,0.0134
18.07.2019 13:50:00.000,6651.997,6653.998,6651.997,6652.998,0.0029
18.07.2019 13:51:00.000,6652.997,6657.998,6652.997,6656.998,0.0084
18.07.2019 13:52:00.000,6656.997,6658.998,6655.998,6657.997,0.0039
18.07.2019 13:53:00.000,6656.998,6657.998,6654.997,6655.998,0.0035
18.07.2019 13:54:00.000,6655.997,6655.997,6652.997,6652.998,0.0029
18.07.2019 13:55:00.000,6652.997,6654.998,6651.998,6651.998,0.0063
18.07.2019 13:56:00.000,6651.997,6652.998,6649.997,6652.998,0.0114
18.07.2019 13:57:00.000,6653.998,6654.998,6653.997,6653.998,0.0071
18.07.2019 13:58:00.000,6653.997,6653.997,6652.997,6652.997,0.0033
18.07.2019 13:59:00.000,6652.998,6652.998,6645.998,6646.998,0.0019
18.07.2019 14:00:00.000,6646.998,6646.998,6644.997,6644.998,0.0089
18.07.2019 14:01:00.000,6644.997,6644.998,6641.997,6641.998,0.0039
18.07.2019 14:02:00.000,6641.998,6641.998,6639.998,6640.998,0.0033
18.07.2019 14:03:00.000,6639.998,6646.997,6637.997,6645.998,0.0055
18.07.2019 14:04:00.000,6645.997,6645.998,6640.998,6642.998,0.0096
18.07.2019 14:05:00.000,6643.998,6646.998,6643.997,6644.998,0.0045
18.07.2019 14:06:00.000,6645.998,6647.998,6645.997,6647.998,0.0058
18.07.2019 14:07:00.000,6647.997,6651.998,6646.997,6651.998,0.0055
18.07.2019 14:08:00.000,6651.997,6651.997,6647.997,6648.998,0.0032
18.07.2019 14:09:00.000,6648.998,6648.998,6647.997,6647.998,0.0002
18.07.2019 14:10:00.000,6647.997,6649.998,6647.997,6649.998,0.0081
18.07.2019 14:11:00.000,6650.998,6650.998,6647.998,6649.998,0.0049
18.07.2019 14:12:00.000,6650.998,6653.998,6650.997,6653.998,0.0036
18.07.2019 14:13:00.000,6652.998,6657.998,6652.998,6657.998,0.0061
18.07.2019 14:14:00.000,6657.998,6662.998,6657.997,6657.997,0.0099
18.07.2019 14:15:00.000,6657.998,6661.998,6657.998,6661.998,0.0033
18.07.2019 14:16:00.000,6661.997,6661.998,6659.997,6659.998,0.0061
18.07.2019 14:17:00.000,6660.997,6664.998,6660.997,6664.997,0.0065
18.07.2019 14:18:00.000,6663.998,6663.998,6659.997,6659.997,0.0066
18.07.2019 14:19:00.000,6659.998,6662.998,6659.998,6662.998,0.0077
18.07.2019 14:20:00.000,6663.997,6665.998,6663.997,6664.997,0.0095
18.07.2019 14:21:00.000,6665.997,6666.998,6665.997,6666.997,0.0108
18.07.2019 14:22:00.000,6666.998,6667.998,6663.998,6667.998,0.0131
18.07.2019 14:23:00.000,6668.997,6669.998,6665.997,6667.998,0.0189
18.07.2019 14:24:00.000,6667.998,6670.998,6666.998,6668.998,0.0073
18.07.2019 14:25:00.000,6668.998,6668.998,6663.997,6663.998,0.0083
18.07.2019 14:26:00.000,6663.997,6663.998,6655.997,6655.998,0.006
18.07.2019 14:27:00.000,6658.998,6658.998,6651.997,6651.997,0.0101
18.07.2019 14:28:00.000,6651.998,6653.998,6649.998,6650.998,0.0113
18.07.2019 14:29:00.000,6650.998,6652.998,6649.997,6650.998,0.0052
18.07.2019 14:30:00.000,6650.998,6656.998,6649.997,6655.998,0.0087
18.07.2019 14:31:00.000,6655.997,6655.998,6650.997,6650.998,0.0076
18.07.2019 14:32:00.000,6651.997,6656.998,6651.997,6655.998,0.0057
18.07.2019 14:33:00.000,6655.997,6656.998,6653.998,6653.998,0.0044
18.07.2019 14:34:00.000,6653.998,6653.998,6649.998,6650.998,0.0048
18.07.2019 14:35:00.000,6650.998,6653.998,6650.997,6653.998,0.0031
18.07.2019 14:36:00.000,6654.998,6657.998,6654.997,6657.998,0.0051
18.07.2019 14:37:00.000,6658.998,6658.998,6654.997,6655.998,0.0055
18.07.2019 14:38:00.000,6657.998,6658.998,6655.997,6655.998,0.0051
18.07.2019 14:39:00.000,6656.998,6656.998,6653.997,6654.997,0.0062
18.07.2019 14:40:00.000,6654.998,6656.998,6654.997,6654.997,0.006
18.07.2019 14:41:00.000,6654.998,6655.998,6654.997,6655.998,0.0028
18.07.2019 14:42:00.000,6655.997,6657.998,6655.997,6657.997,0.0063
18.07.2019 14:43:00.000,6657.998,6659.998,6657.998,6658.997,0.0093
18.07.2019 14:44:00.000,6658.998,6660.998,6658.997,6660.997,0.0049
18.07.2019 14:45:00.000,6660.998,6662.998,6660.997,6662.998,0.0052
18.07.2019 14:46:00.000,6662.997,6663.998,6662.997,6662.998,0.0125
18.07.2019 14:47:00.000,6660.997,6660.997,6656.997,6657.998,0.0022
18.07.2019 14:48:00.000,6658.998,6662.998,6658.997,6662.998,0.0047
18.07.2019 14:49:00.000,6662.997,6662.998,6658.997,6662.998,0.0101
18.07.2019 14:50:00.000,6662.997,6663.998,6660.997,6660.997,0.0088
18.07.2019 14:51:00.000,6660.998,6661.998,6660.998,6661.998,0.0063
18.07.2019 14:52:00.000,6661.997,6662.998,6661.997,6662.997,0.0066
18.07.2019 14:53:00.000,6662.998,6662.998,6660.997,6661.997,0.0087
18.07.2019 14:54:00.000,6661.998,6662.998,6659.998,6660.998,0.0111
18.07.2019 14:55:00.000,6661.998,6661.998,6660.997,6661.998,0.0048
18.07.2019 14:56:00.000,6661.997,6661.998,6661.997,6661.998,0.0023
18.07.2019 14:57:00.000,6661.997,6661.998,6660.997,6660.997,0.0037
18.07.2019 14:58:00.000,6660.998,6660.998,6659.997,6660.998,0.0059
18.07.2019 14:59:00.000,6660.997,6661.998,6660.997,6661.997,0.0039
18.07.2019 15:00:00.000,6661.998,6662.998,6661.997,6662.998,0.0061
18.07.2019 15:01:00.000,6662.997,6662.998,6662.997,6662.998,0.006
18.07.2019 15:02:00.000,6662.997,6662.998,6662.997,6662.997,0.0039
18.07.2019 15:03:00.000,6662.998,6662.998,6656.997,6656.998,0.008
18.07.2019 15:04:00.000,6655.998,6656.998,6652.997,6654.997,0.0053
18.07.2019 15:05:00.000,6655.998,6657.998,6655.997,6655.997,0.0073
18.07.2019 15:06:00.000,6655.998,6657.998,6654.998,6654.998,0.0068
18.07.2019 15:07:00.000,6655.998,6656.998,6654.997,6655.997,0.0093
18.07.2019 15:08:00.000,6655.998,6655.998,6652.998,6654.997,0.01
18.07.2019 15:09:00.000,6655.998,6656.998,6651.997,6652.998,0.0097
18.07.2019 15:10:00.000,6652.997,6653.998,6651.997,6651.997,0.0071
18.07.2019 15:11:00.000,6652.997,6655.998,6651.997,6655.997,0.0079
18.07.2019 15:12:00.000,6655.997,6655.998,6654.997,6655.997,0.0132
18.07.2019 15:13:00.000,6655.998,6655.998,6653.997,6653.998,0.006
18.07.2019 15:14:00.000,6653.997,6653.998,6653.997,6653.997,0.0035
18.07.2019 15:15:00.000,6653.998,6656.998,6653.998,6654.998,0.0137
18.07.2019 15:16:00.000,6654.997,6654.998,6654.997,6654.998,0.0025
18.07.2019 15:17:00.000,6654.997,6654.998,6653.997,6653.997,0.0064
18.07.2019 15:18:00.000,6653.998,6654.998,6651.998,6651.998,0.0045
18.07.2019 15:19:00.000,6652.998,6653.998,6652.997,6653.998,0.0061
18.07.2019 15:20:00.000,6653.998,6653.998,6651.998,6652.998,0.0027
18.07.2019 15:21:00.000,6651.998,6652.998,6651.997,6652.998,0.0055
18.07.2019 15:22:00.000,6652.997,6654.998,6651.997,6654.997,0.0088
18.07.2019 15:23:00.000,6654.998,6654.998,6652.997,6653.998,0.0084
18.07.2019 15:24:00.000,6652.998,6656.998,6652.997,6654.998,0.0064
18.07.2019 15:25:00.000,6655.998,6655.998,6652.997,6652.997,0.0079
18.07.2019 15:26:00.000,6652.998,6654.998,6652.997,6654.997,0.0069
18.07.2019 15:27:00.000,6654.998,6654.998,6651.998,6651.998,0.0066
18.07.2019 15:28:00.000,6651.997,6651.998,6650.997,6651.998,0.0111
18.07.2019 15:29:00.000,6651.997,6651.998,6648.997,6649.998,0.0075
19.07.2019 07:02:00.000,6681.997,6695.998,6681.997,6695.998,0.0005
19.07.2019 07:03:00.000,6696.998,6703.998,6695.998,6695.998,0.0016
19.07.2019 07:04:00.000,6695.998,6700.998,6695.997,6700.998,0.0002
19.07.2019 07:05:00.000,6697.998,6709.998,6697.998,6709.997,0.0011
19.07.2019 07:06:00.000,6709.998,6709.998,6702.998,6702.998,0.001
19.07.2019 07:07:00.000,6702.997,6707.997,6702.997,6703.997,0.0024
19.07.2019 07:08:00.000,6698.997,6698.998,6698.997,6698.997,0.0004
19.07.2019 07:09:00.000,6696.998,6700.998,6696.997,6700.998,0.0008
19.07.2019 07:10:00.000,6700.998,6700.998,6688.998,6689.997,0.0016
19.07.2019 07:11:00.000,6689.997,6689.997,6688.998,6688.998,0.0004
19.07.2019 07:12:00.000,6691.997,6691.997,6686.998,6689.998,0.0008
19.07.2019 07:13:00.000,6689.997,6689.997,6683.998,6683.998,0.0009
19.07.2019 07:14:00.000,6683.997,6687.998,6682.997,6687.998,0.0013
19.07.2019 07:15:00.000,6685.997,6690.998,6685.997,6690.998,0.0019
19.07.2019 07:16:00.000,6690.997,6690.997,6685.998,6685.998,0.0022
19.07.2019 07:17:00.000,6684.998,6686.998,6682.998,6686.998,0.0014
19.07.2019 07:18:00.000,6687.998,6687.998,6684.998,6684.998,0.0014
19.07.2019 07:19:00.000,6683.998,6689.998,6682.998,6686.998,0.0013
19.07.2019 07:20:00.000,6686.998,6689.998,6684.997,6685.998,0.0025
19.07.2019 07:21:00.000,6684.997,6687.998,6684.997,6687.998,0.0029
19.07.2019 07:22:00.000,6687.997,6687.998,6686.998,6686.998,0.0002
19.07.2019 07:23:00.000,6686.998,6686.998,6678.998,6678.998,0.0012
19.07.2019 07:24:00.000,6678.998,6679.998,6675.997,6678.998,0.0029
19.07.2019 07:25:00.000,6679.997,6682.998,6679.997,6680.998,0.0051
19.07.2019 07:26:00.000,6680.997,6686.998,6679.997,6684.998,0.0028
19.07.2019 07:27:00.000,6684.998,6684.998,6680.998,6682.998,0.0025
19.07.2019 07:28:00.000,6682.998,6682.998,6680.997,6681.998,0.0023
19.07.2019 07:29:00.000,6679.998,6680.998,6679.997,6680.997,0.0031
19.07.2019 07:30:00.000,6680.998,6683.998,6680.997,6680.997,0.0009
19.07.2019 07:31:00.000,6680.998,6680.998,6675.997,6677.998,0.0029
19.07.2019 07:32:00.000,6677.997,6682.997,6676.997,6679.998,0.0059
19.07.2019 07:33:00.000,6680.998,6681.998,6679.997,6679.998,0.0042
19.07.2019 07:34:00.000,6679.997,6681.998,6677.997,6681.998,0.0046
19.07.2019 07:35:00.000,6681.997,6682.998,6677.997,6679.998,0.0063
19.07.2019 07:36:00.000,6679.997,6680.998,6676.997,6680.997,0.0049
19.07.2019 07:37:00.000,6680.998,6682.997,6679.997,6680.998,0.0049
19.07.2019 07:38:00.000,6681.998,6685.998,6681.998,6682.997,0.0024
19.07.2019 07:39:00.000,6682.998,6682.998,6682.997,6682.998,0.0008
19.07.2019 07:40:00.000,6682.997,6683.998,6682.997,6682.998,0.0026
19.07.2019 07:41:00.000,6682.997,6685.998,6682.997,6684.998,0.0013
19.07.2019 07:42:00.000,6684.997,6686.998,6684.997,6685.997,0.0015
19.07.2019 07:43:00.000,6684.997,6685.998,6680.997,6681.998,0.0035
19.07.2019 07:44:00.000,6680.998,6680.998,6680.997,6680.998,0.0014
19.07.2019 07:45:00.000,6680.997,6682.998,6680.997,6681.997,0.0012
19.07.2019 07:46:00.000,6683.998,6683.998,6681.997,6681.998,0.002
19.07.2019 07:47:00.000,6683.998,6683.998,6680.997,6682.998,0.0015
19.07.2019 07:49:00.000,6682.998,6682.998,6675.998,6679.998,0.0029
19.07.2019 07:50:00.000,6681.998,6682.998,6680.997,6680.998,0.0017
19.07.2019 07:51:00.000,6680.997,6685.997,6680.997,6685.997,0.0014
19.07.2019 07:52:00.000,6687.997,6688.998,6686.997,6686.998,0.0024
19.07.2019 07:53:00.000,6684.998,6688.998,6684.997,6686.998,0.0012
19.07.2019 07:54:00.000,6689.998,6689.998,6684.997,6684.998,0.0024
19.07.2019 07:55:00.000,6684.997,6692.998,6684.997,6689.998,0.0028
19.07.2019 07:56:00.000,6691.998,6693.997,6691.998,6692.998,0.0005
19.07.2019 07:57:00.000,6695.998,6695.998,6686.998,6686.998,0.0033
19.07.2019 07:58:00.000,6686.997,6688.997,6684.997,6687.998,0.0024
19.07.2019 07:59:00.000,6688.998,6688.998,6684.998,6686.998,0.0005
19.07.2019 08:00:00.000,6686.998,6687.998,6686.997,6687.998,0.0014
19.07.2019 08:01:00.000,6687.998,6688.998,6686.997,6688.998,0.0011
19.07.2019 08:02:00.000,6689.998,6689.998,6684.998,6686.997,0.0011
19.07.2019 08:03:00.000,6686.998,6690.998,6686.997,6690.998,0.0014
19.07.2019 08:04:00.000,6690.997,6692.998,6688.998,6689.997,0.0026
19.07.2019 08:05:00.000,6689.998,6692.998,6689.997,6692.998,0.0018
19.07.2019 08:06:00.000,6694.998,6697.998,6694.997,6697.998,0.0038
19.07.2019 08:07:00.000,6698.998,6702.998,6698.997,6702.997,0.0014
19.07.2019 08:08:00.000,6702.998,6702.998,6698.998,6700.997,0.0019
19.07.2019 08:09:00.000,6701.998,6702.998,6700.997,6700.998,0.0008
19.07.2019 08:10:00.000,6701.998,6706.998,6701.998,6705.998,0.0022
19.07.2019 08:12:00.000,6701.997,6704.998,6701.997,6704.997,0.0024
19.07.2019 08:13:00.000,6704.997,6704.998,6702.997,6704.998,0.0019
19.07.2019 08:14:00.000,6705.998,6707.998,6703.998,6703.998,0.0021
19.07.2019 08:15:00.000,6703.997,6706.998,6703.997,6706.997,0.0036
19.07.2019 08:16:00.000,6707.998,6707.998,6705.997,6705.998,0.0021
19.07.2019 08:17:00.000,6705.998,6705.998,6701.998,6703.998,0.0023
19.07.2019 08:18:00.000,6703.998,6704.998,6703.997,6703.998,0.002
19.07.2019 08:19:00.000,6702.997,6707.998,6701.997,6707.998,0.0031
19.07.2019 08:20:00.000,6708.998,6709.998,6703.998,6704.998,0.0036
19.07.2019 08:21:00.000,6705.997,6708.998,6705.997,6708.997,0.0078
19.07.2019 08:22:00.000,6708.998,6708.998,6705.997,6705.998,0.0038
19.07.2019 08:23:00.000,6705.997,6710.998,6705.997,6708.998,0.0034
19.07.2019 08:24:00.000,6708.997,6709.998,6707.997,6707.998,0.0018
19.07.2019 08:25:00.000,6708.998,6709.998,6707.998,6709.998,0.0011
19.07.2019 08:26:00.000,6709.997,6709.998,6708.997,6709.998,0.0006
19.07.2019 08:27:00.000,6709.998,6710.997,6708.997,6710.997,0.0011
19.07.2019 08:28:00.000,6710.998,6710.998,6705.998,6705.998,0.0013
19.07.2019 08:29:00.000,6707.997,6710.998,6707.997,6710.998,0.0021
19.07.2019 08:30:00.000,6710.998,6710.998,6706.997,6709.998,0.0027
19.07.2019 08:31:00.000,6711.750,6711.750,6709.997,6709.997,0.0003
19.07.2019 08:32:00.000,6709.997,6709.997,6703.997,6703.997,0.0024
19.07.2019 08:33:00.000,6703.998,6706.998,6703.998,6706.998,0.004
19.07.2019 08:34:00.000,6706.998,6706.998,6706.998,6706.998,0.0012
19.07.2019 08:35:00.000,6707.998,6707.998,6702.998,6703.998,0.0021
19.07.2019 08:36:00.000,6703.997,6703.998,6701.997,6703.998,0.0043
19.07.2019 08:37:00.000,6704.997,6705.998,6702.997,6704.997,0.0017
19.07.2019 08:38:00.000,6704.998,6704.998,6701.998,6701.998,0.0013
19.07.2019 08:39:00.000,6701.997,6703.997,6701.997,6703.997,0.0013
19.07.2019 08:40:00.000,6703.997,6703.997,6700.997,6700.998,0.0012
19.07.2019 08:41:00.000,6699.998,6701.998,6697.998,6699.998,0.0016
19.07.2019 08:42:00.000,6699.997,6699.997,6695.997,6695.997,0.0041
19.07.2019 08:43:00.000,6695.998,6698.998,6695.998,6696.998,0.0033
19.07.2019 08:44:00.000,6696.997,6696.998,6694.998,6695.997,0.0028
19.07.2019 08:45:00.000,6696.997,6697.998,6695.997,6695.998,0.0041
19.07.2019 08:46:00.000,6695.997,6698.997,6695.997,6698.997,0.0036
19.07.2019 08:47:00.000,6698.998,6698.998,6695.997,6695.998,0.0026
19.07.2019 08:48:00.000,6695.997,6701.998,6695.997,6698.997,0.0046
19.07.2019 08:49:00.000,6698.998,6698.998,6698.997,6698.998,0.0028
19.07.2019 08:50:00.000,6698.998,6698.998,6697.998,6698.997,0.001
19.07.2019 08:51:00.000,6698.998,6699.998,6695.998,6698.998,0.0008
19.07.2019 08:52:00.000,6699.997,6699.998,6697.997,6697.998,0.0009
19.07.2019 08:53:00.000,6697.998,6697.998,6697.997,6697.998,0.0019
19.07.2019 08:54:00.000,6697.997,6698.998,6696.997,6697.997,0.0024
19.07.2019 08:55:00.000,6697.998,6699.998,6697.998,6698.997,0.0099
19.07.2019 08:56:00.000,6698.998,6698.998,6694.998,6695.998,0.002
19.07.2019 08:57:00.000,6696.998,6701.998,6696.998,6698.998,0.0049
19.07.2019 08:58:00.000,6698.997,6698.998,6696.997,6698.997,0.0027
19.07.2019 08:59:00.000,6699.998,6699.998,6697.997,6698.998,0.0007
19.07.2019 09:00:00.000,6697.997,6697.997,6689.998,6689.998,0.0035
19.07.2019 09:01:00.000,6690.997,6694.997,6688.998,6690.998,0.0028
19.07.2019 09:02:00.000,6691.998,6691.998,6686.998,6687.998,0.0016
19.07.2019 09:03:00.000,6686.998,6686.998,6682.997,6682.998,0.0028
19.07.2019 09:04:00.000,6681.998,6687.998,6681.998,6687.997,0.0029
19.07.2019 09:05:00.000,6687.998,6688.998,6683.997,6684.998,0.0044
19.07.2019 09:06:00.000,6684.998,6685.998,6683.997,6684.998,0.0026
19.07.2019 09:07:00.000,6684.997,6685.998,6682.997,6683.998,0.0042
19.07.2019 09:08:00.000,6683.997,6684.998,6683.997,6684.998,0.0021
19.07.2019 09:09:00.000,6684.997,6684.997,6679.997,6680.998,0.003
19.07.2019 09:10:00.000,6679.998,6679.998,6679.998,6679.998,0.0001
19.07.2019 09:15:00.000,6679.998,6681.998,6677.997,6678.998,0.0098
19.07.2019 09:16:00.000,6678.997,6678.997,6678.997,6678.997,0.001
19.07.2019 09:17:00.000,6679.997,6680.998,6674.997,6679.998,0.0079
19.07.2019 09:18:00.000,6679.997,6679.998,6678.997,6678.998,0.0016
19.07.2019 09:19:00.000,6679.997,6682.998,6679.997,6682.997,0.0012
19.07.2019 09:20:00.000,6682.998,6682.998,6680.998,6680.998,0.0004
19.07.2019 09:21:00.000,6680.997,6680.998,6675.997,6675.997,0.0043
19.07.2019 09:22:00.000,6675.998,6676.998,6673.997,6676.997,0.0027
19.07.2019 09:23:00.000,6676.997,6676.997,6673.998,6675.998,0.0009
19.07.2019 09:24:00.000,6675.997,6675.998,6672.997,6674.998,0.0018
19.07.2019 09:25:00.000,6674.997,6674.998,6673.998,6674.998,0.0002
19.07.2019 09:26:00.000,6674.997,6676.998,6672.997,6672.997,0.0015
19.07.2019 09:27:00.000,6672.998,6674.998,6670.997,6674.997,0.0028
19.07.2019 09:28:00.000,6674.998,6676.998,6674.998,6676.998,0.0009
19.07.2019 09:29:00.000,6676.997,6678.998,6676.997,6678.998,0.0028
19.07.2019 09:30:00.000,6678.997,6679.998,6675.997,6675.998,0.0023
19.07.2019 09:31:00.000,6675.997,6675.997,6672.997,6672.998,0.0017
19.07.2019 09:32:00.000,6672.997,6672.998,6670.997,6670.998,0.0021
19.07.2019 09:33:00.000,6669.998,6669.998,6669.997,6669.997,0.0015
19.07.2019 09:34:00.000,6669.998,6670.998,6665.998,6666.997,0.0038
19.07.2019 09:35:00.000,6664.998,6664.998,6662.997,6662.997,0.0024
19.07.2019 09:36:00.000,6662.998,6665.998,6662.997,6664.998,0.0014
19.07.2019 09:37:00.000,6664.997,6665.998,6661.997,6662.998,0.0069
19.07.2019 09:38:00.000,6662.998,6662.998,6659.997,6659.997,0.0018
19.07.2019 09:39:00.000,6659.998,6662.998,6657.998,6659.998,0.0019
19.07.2019 09:40:00.000,6660.997,6661.998,6656.998,6658.998,0.0014
19.07.2019 09:41:00.000,6658.997,6658.998,6657.997,6657.998,0.001
19.07.2019 09:42:00.000,6658.997,6658.998,6657.997,6657.997,0.0016
19.07.2019 09:43:00.000,6657.998,6658.998,6655.998,6657.998,0.0024
19.07.2019 09:44:00.000,6657.997,6658.998,6655.997,6656.997,0.0034
19.07.2019 09:45:00.000,6657.997,6660.998,6657.997,6659.998,0.0032
19.07.2019 09:46:00.000,6659.997,6660.998,6653.997,6660.998,0.0036
19.07.2019 09:47:00.000,6660.997,6664.998,6660.997,6663.998,0.0019
19.07.2019 09:48:00.000,6663.997,6663.998,6662.997,6662.998,0.0031
19.07.2019 09:49:00.000,6662.997,6663.998,6660.997,6663.998,0.0023
19.07.2019 09:50:00.000,6663.997,6664.998,6659.997,6659.998,0.0061
19.07.2019 09:51:00.000,6659.997,6659.998,6649.997,6649.998,0.0033
19.07.2019 09:52:00.000,6649.997,6654.998,6647.998,6647.998,0.0028
19.07.2019 09:53:00.000,6646.997,6646.998,6642.998,6642.998,0.0034
19.07.2019 09:54:00.000,6642.997,6646.998,6638.997,6644.998,0.0064
19.07.2019 09:55:00.000,6645.998,6647.998,6643.997,6644.998,0.0034
19.07.2019 09:56:00.000,6644.998,6647.998,6643.997,6647.998,0.0011
19.07.2019 09:57:00.000,6647.997,6647.997,6643.997,6645.998,0.0016
19.07.2019 09:58:00.000,6644.998,6646.998,6644.997,6646.998,0.0019
19.07.2019 09:59:00.000,6645.998,6648.998,6645.997,6648.998,0.0023
19.07.2019 10:00:00.000,6648.997,6650.998,6647.998,6649.998,0.0018
19.07.2019 10:01:00.000,6649.997,6653.998,6647.998,6652.998,0.0037
19.07.2019 10:02:00.000,6653.998,6655.998,6652.997,6652.998,0.0021
19.07.2019 10:03:00.000,6652.998,6652.998,6651.997,6651.998,0.0018
19.07.2019 10:04:00.000,6651.998,6651.998,6648.997,6649.998,0.0016
19.07.2019 10:05:00.000,6649.998,6649.998,6649.997,6649.997,0.0003
19.07.2019 10:06:00.000,6649.997,6649.998,6648.998,6648.998,0.0002
19.07.2019 10:07:00.000,6647.998,6648.998,6640.997,6642.998,0.0046
19.07.2019 10:08:00.000,6642.997,6642.998,6635.997,6635.998,0.004
19.07.2019 10:09:00.000,6635.997,6635.998,6628.997,6630.997,0.005
19.07.2019 10:10:00.000,6630.998,6634.998,6627.998,6633.998,0.0035
19.07.2019 10:11:00.000,6633.997,6633.998,6628.997,6628.997,0.0033
19.07.2019 10:12:00.000,6628.997,6628.998,6624.997,6624.997,0.0013
19.07.2019 10:13:00.000,6623.998,6625.998,6621.997,6622.997,0.0022
19.07.2019 10:14:00.000,6622.998,6622.998,6616.998,6617.998,0.005
19.07.2019 10:15:00.000,6617.997,6617.997,6608.997,6613.998,0.0045
19.07.2019 10:16:00.000,6613.998,6615.998,6610.998,6610.998,0.0026
19.07.2019 10:17:00.000,6611.997,6612.998,6607.998,6608.998,0.0038
19.07.2019 10:18:00.000,6608.997,6612.998,6607.997,6612.997,0.0057
19.07.2019 10:19:00.000,6612.997,6620.997,6612.997,6616.998,0.0031
19.07.2019 10:20:00.000,6616.997,6617.998,6614.997,6616.998,0.0029
19.07.2019 10:21:00.000,6617.998,6619.998,6617.998,6619.998,0.0004
19.07.2019 10:22:00.000,6620.997,6625.998,6619.998,6620.998,0.0059
19.07.2019 10:23:00.000,6620.998,6620.998,6617.998,6620.998,0.0017
19.07.2019 10:24:00.000,6617.997,6622.998,6616.997,6622.998,0.0025
19.07.2019 10:25:00.000,6622.997,6623.997,6620.997,6620.998,0.001
19.07.2019 10:26:00.000,6619.997,6619.998,6616.998,6616.998,0.002
19.07.2019 10:27:00.000,6617.998,6617.998,6613.997,6613.998,0.0005
19.07.2019 10:28:00.000,6613.998,6613.998,6610.997,6610.998,0.0014
19.07.2019 10:29:00.000,6611.997,6615.998,6611.997,6615.998,0.0011
19.07.2019 10:30:00.000,6614.998,6617.997,6614.998,6615.997,0.0023
19.07.2019 10:31:00.000,6615.998,6616.998,6615.997,6615.997,0.0024
19.07.2019 10:32:00.000,6615.998,6615.998,6613.997,6613.997,0.0011
19.07.2019 10:33:00.000,6613.998,6613.998,6605.997,6605.997,0.0021
19.07.2019 10:34:00.000,6606.998,6608.997,6601.997,6604.998,0.0022
19.07.2019 10:35:00.000,6604.997,6606.998,6600.997,6606.998,0.0011
19.07.2019 10:36:00.000,6606.998,6606.998,6602.997,6602.998,0.0021
19.07.2019 10:37:00.000,6602.998,6602.998,6602.998,6602.998,0.0004
19.07.2019 10:38:00.000,6603.998,6610.998,6603.998,6609.998,0.0046
19.07.2019 10:39:00.000,6606.998,6613.998,6606.998,6612.997,0.0012
19.07.2019 10:40:00.000,6612.997,6612.998,6610.997,6610.998,0.0011
19.07.2019 10:41:00.000,6610.998,6610.998,6607.997,6607.998,0.0002
19.07.2019 10:42:00.000,6607.998,6612.997,6607.998,6608.998,0.0011
19.07.2019 10:43:00.000,6608.997,6609.998,6607.998,6607.998,0.0003
19.07.2019 10:44:00.000,6607.998,6607.998,6605.997,6605.998,0.0004
19.07.2019 10:45:00.000,6605.997,6609.998,6605.997,6609.998,0.0011
19.07.2019 10:46:00.000,6609.998,6609.998,6606.997,6608.998,0.0007
19.07.2019 10:47:00.000,6609.998,6609.998,6607.998,6607.998,0.0007
19.07.2019 10:48:00.000,6608.997,6611.998,6605.997,6605.997,0.0022
19.07.2019 10:49:00.000,6605.998,6605.998,6602.997,6602.998,0.0014
19.07.2019 10:50:00.000,6603.998,6603.998,6593.997,6593.998,0.0015
19.07.2019 10:51:00.000,6593.997,6595.998,6591.997,6591.997,0.0019
19.07.2019 10:52:00.000,6591.998,6591.998,6585.997,6589.998,0.002
19.07.2019 10:53:00.000,6589.998,6589.998,6582.998,6582.998,0.0012
19.07.2019 10:54:00.000,6586.998,6586.998,6578.997,6578.998,0.001
19.07.2019 10:55:00.000,6578.997,6580.998,6578.997,6578.997,0.0008
19.07.2019 10:56:00.000,6578.997,6582.998,6578.997,6582.997,0.0008
19.07.2019 10:57:00.000,6582.998,6587.998,6582.998,6585.998,0.0011
19.07.2019 10:58:00.000,6585.997,6585.998,6582.997,6585.998,0.0014
19.07.2019 10:59:00.000,6585.997,6585.997,6580.997,6580.997,0.001
19.07.2019 11:00:00.000,6580.998,6581.997,6580.997,6580.998,0.0002
19.07.2019 11:02:00.000,6579.998,6586.998,6579.998,6586.998,0.0028
19.07.2019 11:03:00.000,6587.997,6590.998,6584.998,6584.998,0.0021
19.07.2019 11:04:00.000,6584.997,6586.998,6583.997,6584.997,0.0025
19.07.2019 11:05:00.000,6585.998,6587.998,6582.998,6583.998,0.0013
19.07.2019 11:06:00.000,6583.997,6585.997,6582.998,6585.997,0.0006
19.07.2019 11:07:00.000,6586.998,6590.998,6586.998,6590.998,0.0013
19.07.2019 11:08:00.000,6591.998,6592.998,6590.998,6590.998,0.0022
19.07.2019 11:09:00.000,6590.997,6593.998,6590.997,6590.998,0.0029
19.07.2019 11:10:00.000,6591.998,6593.998,6591.998,6592.997,0.0015
19.07.2019 11:11:00.000,6591.998,6593.998,6591.997,6591.998,0.0024
19.07.2019 11:12:00.000,6591.997,6591.998,6591.997,6591.997,0.0009
19.07.2019 11:13:00.000,6591.998,6591.998,6591.998,6591.998,0.0001
19.07.2019 11:14:00.000,6591.997,6593.998,6590.997,6590.998,0.0016
19.07.2019 11:15:00.000,6590.998,6592.998,6590.997,6591.998,0.0016
19.07.2019 11:16:00.000,6594.750,6595.998,6593.998,6595.998,0.0024
19.07.2019 11:17:00.000,6595.997,6595.998,6593.998,6593.998,0.0003
19.07.2019 11:18:00.000,6594.998,6596.998,6594.998,6596.998,0.0019
19.07.2019 11:19:00.000,6597.998,6600.998,6596.998,6600.997,0.0025
19.07.2019 11:20:00.000,6600.998,6604.998,6599.998,6602.997,0.0026
19.07.2019 11:21:00.000,6602.998,6605.998,6602.998,6605.998,0.0022
19.07.2019 11:22:00.000,6606.997,6606.998,6605.997,6605.998,0.0014
19.07.2019 11:23:00.000,6605.997,6607.998,6605.997,6607.998,0.0022
19.07.2019 11:24:00.000,6606.998,6606.998,6606.997,6606.997,0.0004
19.07.2019 11:25:00.000,6607.997,6608.998,6606.997,6606.997,0.0013
19.07.2019 11:26:00.000,6606.998,6610.998,6606.997,6606.998,0.0036
19.07.2019 11:27:00.000,6606.997,6608.998,6606.997,6606.998,0.0022
19.07.2019 11:28:00.000,6607.997,6607.997,6606.997,6606.997,0.0019
19.07.2019 11:29:00.000,6606.998,6608.998,6606.997,6608.998,0.0024
19.07.2019 11:30:00.000,6608.997,6609.998,6608.997,6609.998,0.0002
19.07.2019 11:31:00.000,6609.997,6611.997,6609.997,6610.998,0.0018
19.07.2019 11:32:00.000,6611.998,6612.998,6610.998,6612.998,0.0005
19.07.2019 11:33:00.000,6612.998,6614.997,6612.997,6614.997,0.0024
19.07.2019 11:34:00.000,6614.998,6618.998,6614.998,6618.997,0.0014
19.07.2019 11:35:00.000,6618.998,6619.997,6618.997,6619.997,0.001
19.07.2019 11:36:00.000,6617.997,6618.998,6617.997,6617.998,0.0034
19.07.2019 11:37:00.000,6618.998,6619.998,6618.998,6619.998,0.0026
19.07.2019 11:38:00.000,6619.998,6624.998,6619.998,6624.997,0.0021
19.07.2019 11:39:00.000,6624.998,6626.998,6624.998,6625.997,0.0018
19.07.2019 11:40:00.000,6625.998,6629.998,6625.997,6628.998,0.0024
19.07.2019 11:41:00.000,6628.997,6629.998,6627.997,6629.997,0.0014
19.07.2019 11:42:00.000,6629.998,6630.998,6621.997,6621.998,0.0025
19.07.2019 11:43:00.000,6621.998,6621.998,6617.997,6617.997,0.0017
19.07.2019 11:44:00.000,6618.998,6622.998,6618.998,6622.998,0.0024
19.07.2019 11:45:00.000,6622.998,6625.998,6622.998,6625.998,0.0015
19.07.2019 11:46:00.000,6625.998,6625.998,6622.998,6622.998,0.0006
19.07.2019 11:47:00.000,6622.997,6625.997,6622.997,6623.998,0.001
19.07.2019 11:48:00.000,6621.998,6622.998,6621.997,6621.998,0.0003
19.07.2019 11:49:00.000,6621.997,6621.997,6619.998,6619.998,0.0004
19.07.2019 11:50:00.000,6619.998,6621.997,6619.997,6620.997,0.0019
19.07.2019 11:51:00.000,6620.998,6623.998,6620.998,6622.998,0.0008
19.07.2019 11:52:00.000,6622.997,6623.998,6622.997,6623.997,0.0008
19.07.2019 11:53:00.000,6623.998,6623.998,6622.998,6623.998,0.0012
19.07.2019 11:54:00.000,6623.997,6626.998,6623.997,6626.998,0.0022
19.07.2019 11:55:00.000,6625.998,6626.998,6625.998,6626.998,0.0006
19.07.2019 11:56:00.000,6626.998,6626.998,6625.997,6625.998,0.0007
19.07.2019 11:57:00.000,6625.998,6625.998,6619.997,6619.998,0.001
19.07.2019 11:58:00.000,6618.998,6619.998,6618.998,6619.997,0.0005
19.07.2019 11:59:00.000,6620.998,6620.998,6617.997,6619.998,0.002
19.07.2019 12:00:00.000,6619.997,6619.998,6619.997,6619.998,0.0004
19.07.2019 12:01:00.000,6619.997,6619.997,6617.998,6618.998,0.0006
19.07.2019 12:03:00.000,6618.998,6620.998,6618.997,6618.997,0.0009
19.07.2019 12:04:00.000,6619.998,6621.998,6618.998,6621.998,0.0006
19.07.2019 12:05:00.000,6620.998,6620.998,6617.998,6618.998,0.002
19.07.2019 12:06:00.000,6619.997,6620.998,6618.997,6620.997,0.0018
19.07.2019 12:07:00.000,6620.998,6623.998,6619.998,6622.998,0.0023
19.07.2019 12:08:00.000,6623.998,6625.998,6623.997,6624.998,0.0023
19.07.2019 12:09:00.000,6624.998,6628.998,6624.997,6628.998,0.0043
19.07.2019 12:10:00.000,6628.997,6629.998,6626.998,6627.997,0.001
19.07.2019 12:11:00.000,6627.998,6628.998,6627.998,6627.998,0.0011
19.07.2019 12:12:00.000,6628.997,6631.998,6628.997,6630.998,0.0015
19.07.2019 12:13:00.000,6631.997,6632.998,6630.998,6632.997,0.0013
19.07.2019 12:14:00.000,6633.998,6633.998,6630.997,6631.998,0.0022
19.07.2019 12:15:00.000,6630.998,6633.998,6630.998,6632.997,0.0008
19.07.2019 12:16:00.000,6632.998,6634.997,6630.998,6630.998,0.0029
19.07.2019 12:17:00.000,6630.998,6631.998,6630.997,6631.997,0.0006
19.07.2019 12:18:00.000,6631.998,6636.998,6631.998,6635.998,0.0024
19.07.2019 12:19:00.000,6636.998,6636.998,6632.997,6633.997,0.0026
19.07.2019 12:20:00.000,6634.997,6637.998,6633.997,6637.998,0.0032
19.07.2019 12:21:00.000,6637.997,6637.997,6634.997,6634.998,0.0055
19.07.2019 12:22:00.000,6634.998,6634.998,6633.998,6634.998,0.0014
19.07.2019 12:23:00.000,6635.997,6637.998,6635.997,6637.997,0.0015
19.07.2019 12:24:00.000,6637.998,6638.998,6637.997,6637.997,0.004
19.07.2019 12:25:00.000,6637.998,6637.998,6633.997,6633.998,0.0009
19.07.2019 12:26:00.000,6633.997,6633.998,6632.997,6633.997,0.0017
19.07.2019 12:27:00.000,6633.998,6635.998,6632.997,6632.998,0.0033
19.07.2019 12:28:00.000,6632.998,6633.998,6632.998,6633.998,0.0004
19.07.2019 12:29:00.000,6633.998,6635.998,6633.997,6635.998,0.0014
19.07.2019 12:30:00.000,6632.998,6633.998,6632.997,6633.998,0.0012
19.07.2019 12:31:00.000,6633.998,6633.998,6628.997,6628.998,0.0016
19.07.2019 12:32:00.000,6629.998,6630.998,6628.997,6628.997,0.0023
19.07.2019 12:33:00.000,6628.998,6628.998,6625.997,6625.997,0.0013
19.07.2019 12:34:00.000,6625.998,6625.998,6622.997,6623.998,0.002
19.07.2019 12:35:00.000,6623.998,6623.998,6613.998,6613.998,0.003
19.07.2019 12:36:00.000,6613.997,6613.997,6608.998,6609.997,0.0007
19.07.2019 12:37:00.000,6610.998,6611.998,6607.997,6607.998,0.0016
19.07.2019 12:38:00.000,6608.997,6608.998,6604.997,6604.997,0.0004
19.07.2019 12:39:00.000,6604.998,6604.998,6600.997,6600.998,0.0006
19.07.2019 12:40:00.000,6601.998,6602.998,6596.998,6596.998,0.0025
19.07.2019 12:41:00.000,6597.997,6603.998,6597.997,6600.998,0.0053
19.07.2019 12:42:00.000,6600.997,6603.998,6600.997,6602.998,0.0015
19.07.2019 12:43:00.000,6603.998,6604.998,6600.998,6601.998,0.0019
19.07.2019 12:44:00.000,6601.997,6601.997,6595.997,6595.998,0.0032
19.07.2019 12:45:00.000,6595.998,6597.998,6595.997,6597.998,0.0008
19.07.2019 12:46:00.000,6598.998,6599.998,6598.997,6598.998,0.0016
19.07.2019 12:47:00.000,6598.998,6599.998,6597.997,6597.998,0.0035
19.07.2019 12:48:00.000,6598.997,6600.998,6597.997,6600.998,0.0015
19.07.2019 12:49:00.000,6602.997,6603.998,6600.997,6600.997,0.0019
19.07.2019 12:50:00.000,6600.998,6603.998,6600.997,6602.998,0.0025
19.07.2019 12:51:00.000,6600.998,6601.998,6600.997,6601.997,0.0006
19.07.2019 12:52:00.000,6601.998,6604.998,6601.997,6604.998,0.0029
19.07.2019 12:53:00.000,6604.998,6607.998,6601.997,6601.997,0.0027
19.07.2019 12:54:00.000,6602.997,6610.998,6602.997,6610.998,0.0032
19.07.2019 12:55:00.000,6608.998,6608.998,6606.997,6608.998,0.0025
19.07.2019 12:56:00.000,6606.997,6606.998,6604.997,6604.997,0.001
19.07.2019 12:57:00.000,6604.997,6607.998,6604.997,6607.998,0.0009
19.07.2019 12:58:00.000,6607.997,6611.998,6607.997,6610.998,0.0005
19.07.2019 12:59:00.000,6611.997,6612.998,6610.998,6612.997,0.0008
19.07.2019 13:00:00.000,6611.998,6614.998,6611.997,6614.998,0.004
19.07.2019 13:01:00.000,6614.997,6617.998,6614.997,6617.998,0.0033
19.07.2019 13:02:00.000,6618.997,6618.998,6612.997,6612.998,0.0017
19.07.2019 13:03:00.000,6613.997,6614.998,6611.997,6611.997,0.0024
19.07.2019 13:04:00.000,6611.998,6615.998,6611.998,6615.998,0.0015
19.07.2019 13:05:00.000,6615.997,6619.998,6615.997,6617.998,0.0033
19.07.2019 13:06:00.000,6617.997,6619.998,6612.998,6613.997,0.0037
19.07.2019 13:07:00.000,6613.998,6616.998,6613.998,6615.998,0.0016
19.07.2019 13:08:00.000,6615.997,6616.998,6614.997,6614.997,0.0017
19.07.2019 13:09:00.000,6618.500,6619.998,6615.997,6615.997,0.0027
19.07.2019 13:10:00.000,6615.997,6618.997,6614.998,6617.998,0.0025
19.07.2019 13:11:00.000,6618.998,6618.998,6618.997,6618.997,0.0005
19.07.2019 13:12:00.000,6618.997,6618.998,6616.998,6616.998,0.0005
19.07.2019 13:13:00.000,6618.997,6618.997,6613.997,6613.997,0.004
19.07.2019 13:14:00.000,6613.998,6613.998,6611.997,6612.998,0.0028
19.07.2019 13:15:00.000,6613.998,6615.998,6611.998,6614.998,0.0014
19.07.2019 13:16:00.000,6615.997,6615.998,6611.998,6611.998,0.0023
19.07.2019 13:17:00.000,6611.997,6611.998,6610.997,6610.998,0.0008
19.07.2019 13:18:00.000,6610.998,6610.998,6609.997,6609.997,0.0007
19.07.2019 13:19:00.000,6609.997,6609.997,6605.997,6606.998,0.0014
19.07.2019 13:20:00.000,6606.997,6609.997,6605.997,6608.998,0.0021
19.07.2019 13:21:00.000,6609.998,6609.998,6606.997,6607.998,0.0017
19.07.2019 13:22:00.000,6607.997,6607.998,6606.997,6606.998,0.0018
19.07.2019 13:23:00.000,6606.998,6606.998,6602.998,6603.997,0.0025
19.07.2019 13:24:00.000,6604.998,6605.998,6603.998,6604.998,0.0029
19.07.2019 13:25:00.000,6604.997,6606.998,6604.997,6605.997,0.0014
19.07.2019 13:26:00.000,6606.997,6607.998,6606.997,6607.997,0.0028
19.07.2019 13:27:00.000,6608.998,6610.998,6607.997,6607.998,0.003
19.07.2019 13:28:00.000,6607.998,6611.998,6607.998,6610.997,0.0067
19.07.2019 13:29:00.000,6610.997,6610.997,6609.997,6609.997,0.0005
19.07.2019 13:30:00.000,6610.998,6614.998,6610.997,6611.997,0.0047
19.07.2019 13:31:00.000,6610.998,6610.998,6610.997,6610.997,0.0024
19.07.2019 13:32:00.000,6610.997,6610.998,6599.998,6599.998,0.0025
19.07.2019 13:33:00.000,6600.997,6602.998,6597.997,6598.998,0.0027
19.07.2019 13:34:00.000,6598.998,6602.998,6598.998,6599.997,0.0045
19.07.2019 13:35:00.000,6599.998,6603.998,6599.997,6602.997,0.0029
19.07.2019 13:36:00.000,6600.998,6602.998,6599.998,6600.997,0.0037
19.07.2019 13:37:00.000,6600.998,6603.997,6599.997,6602.998,0.0032
19.07.2019 13:38:00.000,6603.997,6608.998,6603.997,6608.998,0.003
19.07.2019 13:39:00.000,6608.998,6612.998,6605.998,6612.997,0.0046
19.07.2019 13:40:00.000,6611.997,6611.998,6609.997,6609.998,0.0027
19.07.2019 13:41:00.000,6610.997,6610.998,6607.998,6609.998,0.0013
19.07.2019 13:42:00.000,6609.997,6611.998,6608.997,6611.998,0.0014
19.07.2019 13:43:00.000,6612.997,6612.997,6608.998,6611.997,0.0025
19.07.2019 13:44:00.000,6611.998,6611.998,6607.998,6607.998,0.0026
19.07.2019 13:45:00.000,6608.998,6610.998,6608.997,6610.998,0.0047
19.07.2019 13:46:00.000,6610.997,6611.998,6610.997,6611.998,0.0006
19.07.2019 13:47:00.000,6611.997,6611.997,6609.997,6610.997,0.0013
19.07.2019 13:48:00.000,6610.997,6611.997,6610.997,6611.997,0.0013
19.07.2019 13:49:00.000,6611.998,6611.998,6606.998,6608.998,0.0017
19.07.2019 13:50:00.000,6608.997,6608.998,6606.997,6606.998,0.0016
19.07.2019 13:51:00.000,6606.997,6608.998,6606.997,6607.998,0.0027
19.07.2019 13:52:00.000,6607.998,6609.998,6607.997,6608.997,0.0026
19.07.2019 13:53:00.000,6609.997,6609.998,6607.997,6608.998,0.0018
19.07.2019 13:54:00.000,6609.997,6610.997,6608.997,6609.998,0.0032
19.07.2019 13:55:00.000,6608.997,6612.998,6608.997,6612.998,0.0061
19.07.2019 13:56:00.000,6613.998,6613.998,6613.997,6613.998,0.003
19.07.2019 13:57:00.000,6613.998,6617.998,6612.998,6612.998,0.0082
19.07.2019 13:58:00.000,6611.997,6611.998,6609.998,6610.997,0.0024
19.07.2019 13:59:00.000,6610.997,6611.998,6608.997,6611.998,0.0022
19.07.2019 14:00:00.000,6611.997,6611.998,6609.997,6609.997,0.0031
19.07.2019 14:01:00.000,6609.998,6610.998,6607.998,6607.998,0.0022
19.07.2019 14:02:00.000,6607.998,6607.998,6603.997,6603.998,0.0024
19.07.2019 14:03:00.000,6603.998,6607.998,6602.998,6605.997,0.0062
19.07.2019 14:04:00.000,6605.998,6610.998,6605.997,6610.997,0.0063
19.07.2019 14:05:00.000,6610.998,6613.998,6610.997,6611.998,0.0043
19.07.2019 14:06:00.000,6611.997,6612.998,6608.997,6609.998,0.0052
19.07.2019 14:07:00.000,6609.997,6609.998,6607.997,6609.997,0.0031
19.07.2019 14:08:00.000,6609.998,6615.998,6609.997,6611.998,0.0104
19.07.2019 14:09:00.000,6611.998,6617.998,6611.997,6616.997,0.0036
19.07.2019 14:10:00.000,6616.998,6622.997,6616.998,6620.997,0.006
19.07.2019 14:11:00.000,6620.998,6625.998,6620.998,6625.997,0.007
19.07.2019 14:12:00.000,6626.998,6626.998,6623.997,6626.997,0.0033
19.07.2019 14:13:00.000,6627.998,6627.998,6625.998,6627.998,0.0018
19.07.2019 14:14:00.000,6625.998,6625.998,6623.997,6624.998,0.0016
19.07.2019 14:15:00.000,6626.750,6626.998,6624.997,6625.998,0.005
19.07.2019 14:16:00.000,6626.997,6628.998,6625.998,6626.998,0.0021
19.07.2019 14:17:00.000,6626.998,6626.998,6625.998,6626.997,0.0013
19.07.2019 14:18:00.000,6626.997,6627.998,6625.997,6626.997,0.003
19.07.2019 14:19:00.000,6626.998,6626.998,6623.997,6623.997,0.0035
19.07.2019 14:20:00.000,6623.997,6623.997,6616.998,6616.998,0.0024
19.07.2019 14:21:00.000,6616.997,6617.998,6611.998,6611.998,0.0047
19.07.2019 14:22:00.000,6611.998,6611.998,6608.997,6609.998,0.0037
19.07.2019 14:23:00.000,6609.997,6609.997,6605.997,6605.998,0.0021
19.07.2019 14:24:00.000,6605.997,6606.998,6602.997,6604.998,0.0057
19.07.2019 14:25:00.000,6606.997,6612.998,6605.998,6610.998,0.0028
19.07.2019 14:26:00.000,6610.998,6614.997,6610.997,6614.997,0.0041
19.07.2019 14:27:00.000,6614.998,6617.998,6609.997,6613.998,0.0083
19.07.2019 14:28:00.000,6614.998,6616.998,6613.997,6616.998,0.0038
19.07.2019 14:29:00.000,6616.997,6618.998,6616.997,6618.998,0.0061
19.07.2019 14:30:00.000,6618.997,6620.998,6615.998,6615.998,0.0056
19.07.2019 14:31:00.000,6615.998,6615.998,6610.997,6610.997,0.0027
19.07.2019 14:32:00.000,6610.998,6612.998,6607.997,6608.997,0.0062
19.07.2019 14:33:00.000,6608.998,6608.998,6606.997,6606.997,0.0022
19.07.2019 14:34:00.000,6606.998,6607.998,6605.997,6606.998,0.0056
19.07.2019 14:35:00.000,6606.997,6606.997,6603.997,6603.998,0.004
19.07.2019 14:36:00.000,6602.998,6602.998,6599.998,6600.998,0.0036
19.07.2019 14:37:00.000,6601.997,6605.998,6601.997,6603.997,0.0116
19.07.2019 14:38:00.000,6603.998,6606.998,6602.997,6604.998,0.0041
19.07.2019 14:39:00.000,6604.998,6604.998,6603.997,6604.998,0.0016
19.07.2019 14:40:00.000,6604.997,6605.998,6603.997,6605.997,0.002
19.07.2019 14:41:00.000,6605.998,6605.998,6602.998,6602.998,0.0024
19.07.2019 14:42:00.000,6601.997,6603.998,6601.997,6603.998,0.0016
19.07.2019 14:43:00.000,6603.998,6603.998,6593.998,6596.998,0.008
19.07.2019 14:44:00.000,6597.997,6603.998,6597.997,6602.998,0.0111
19.07.2019 14:45:00.000,6602.997,6603.998,6600.997,6602.997,0.0079
19.07.2019 14:46:00.000,6602.998,6602.998,6600.997,6600.998,0.002
19.07.2019 14:47:00.000,6600.997,6600.998,6597.997,6600.997,0.004
19.07.2019 14:48:00.000,6600.998,6604.998,6599.997,6604.997,0.0052
19.07.2019 14:49:00.000,6605.997,6605.997,6597.998,6598.997,0.0068
19.07.2019 14:50:00.000,6598.998,6601.998,6598.997,6601.998,0.004
19.07.2019 14:51:00.000,6601.997,6601.997,6595.997,6598.998,0.0056
19.07.2019 14:52:00.000,6599.997,6599.998,6598.997,6599.998,0.0025
19.07.2019 14:53:00.000,6598.998,6600.998,6598.997,6599.998,0.0026
19.07.2019 14:54:00.000,6599.998,6599.998,6596.998,6598.998,0.0055
19.07.2019 14:55:00.000,6598.997,6598.998,6595.997,6598.998,0.0063
19.07.2019 14:56:00.000,6597.997,6598.998,6595.997,6596.998,0.0086
19.07.2019 14:57:00.000,6596.997,6601.998,6596.997,6597.998,0.0088
19.07.2019 14:58:00.000,6597.998,6599.998,6596.998,6596.998,0.0079
19.07.2019 14:59:00.000,6596.998,6598.998,6596.997,6597.998,0.0078
19.07.2019 15:00:00.000,6597.998,6597.998,6592.997,6593.998,0.0174
19.07.2019 15:01:00.000,6594.998,6598.998,6594.998,6597.997,0.0068
19.07.2019 15:02:00.000,6597.998,6597.998,6592.997,6593.998,0.0065
19.07.2019 15:03:00.000,6593.997,6595.997,6592.997,6593.998,0.0079
19.07.2019 15:04:00.000,6593.997,6594.998,6593.997,6593.998,0.0062
19.07.2019 15:05:00.000,6591.998,6592.998,6590.998,6590.998,0.005
19.07.2019 15:06:00.000,6591.997,6592.998,6591.997,6591.998,0.0068
19.07.2019 15:07:00.000,6591.997,6592.998,6590.997,6590.997,0.0035
19.07.2019 15:08:00.000,6590.998,6591.998,6588.998,6589.998,0.0035
19.07.2019 15:09:00.000,6589.997,6593.998,6589.997,6593.998,0.0054
19.07.2019 15:10:00.000,6593.997,6593.998,6590.998,6591.997,0.0027
19.07.2019 15:11:00.000,6591.500,6591.998,6588.998,6591.997,0.0062
19.07.2019 15:12:00.000,6591.998,6591.998,6591.997,6591.998,0.0002
19.07.2019 15:13:00.000,6591.997,6594.998,6591.997,6594.997,0.0033
19.07.2019 15:14:00.000,6594.998,6596.998,6594.998,6596.998,0.0063
19.07.2019 15:15:00.000,6595.998,6597.998,6595.997,6597.997,0.0105
19.07.2019 15:16:00.000,6597.998,6599.998,6595.997,6596.998,0.014
19.07.2019 15:17:00.000,6596.997,6597.998,6593.997,6593.998,0.0128
19.07.2019 15:18:00.000,6593.997,6595.998,6593.997,6594.997,0.0072
19.07.2019 15:19:00.000,6594.998,6595.998,6594.997,6595.998,0.0016
19.07.2019 15:20:00.000,6595.998,6595.998,6591.997,6591.998,0.0053
19.07.2019 15:21:00.000,6591.997,6591.998,6591.997,6591.998,0.0037
19.07.2019 15:22:00.000,6591.997,6591.998,6587.998,6590.997,0.0053
19.07.2019 15:23:00.000,6590.998,6591.998,6587.997,6588.998,0.0087
19.07.2019 15:24:00.000,6587.997,6590.998,6587.997,6590.997,0.0056
19.07.2019 15:25:00.000,6589.998,6594.998,6589.997,6594.998,0.0117
19.07.2019 15:26:00.000,6594.997,6594.998,6592.997,6594.998,0.0111
19.07.2019 15:27:00.000,6594.997,6596.998,6594.997,6596.998,0.0112
19.07.2019 15:28:00.000,6597.998,6597.998,6594.998,6594.998,0.0207
19.07.2019 15:29:00.000,6595.998,6597.998,6594.997,6596.998,0.0126
22.07.2019 07:00:00.000,6565.998,6573.997,6565.998,6573.997,0.0032
22.07.2019 07:01:00.000,6568.998,6569.998,6553.997,6554.997,0.0034
22.07.2019 07:02:00.000,6561.998,6568.998,6560.997,6560.997,0.001
22.07.2019 07:03:00.000,6560.998,6561.998,6559.997,6559.998,0.0025
22.07.2019 07:04:00.000,6559.997,6559.997,6543.997,6544.998,0.0025
22.07.2019 07:05:00.000,6546.998,6558.998,6544.997,6549.998,0.0068
22.07.2019 07:06:00.000,6549.997,6549.998,6532.998,6533.998,0.0022
22.07.2019 07:07:00.000,6533.997,6543.997,6533.997,6543.997,0.0008
22.07.2019 07:08:00.000,6544.998,6557.998,6544.998,6550.998,0.0045
22.07.2019 07:09:00.000,6554.998,6554.998,6547.998,6551.998,0.0013
22.07.2019 07:10:00.000,6546.998,6547.998,6536.997,6540.997,0.0047
22.07.2019 07:11:00.000,6540.997,6540.997,6534.997,6537.998,0.0025
22.07.2019 07:12:00.000,6537.997,6537.998,6527.997,6529.998,0.0035
22.07.2019 07:13:00.000,6529.997,6530.998,6526.998,6526.998,0.0024
22.07.2019 07:14:00.000,6525.997,6527.998,6520.998,6520.998,0.0023
22.07.2019 07:15:00.000,6520.997,6527.998,6520.997,6527.998,0.0018
22.07.2019 07:16:00.000,6528.997,6531.998,6527.997,6531.998,0.0015
22.07.2019 07:17:00.000,6531.500,6533.997,6525.998,6530.997,0.0043
22.07.2019 07:18:00.000,6532.997,6535.998,6531.998,6533.998,0.0016
22.07.2019 07:19:00.000,6534.998,6541.998,6531.998,6531.998,0.0054
22.07.2019 07:20:00.000,6534.997,6535.997,6531.997,6533.998,0.0016
22.07.2019 07:21:00.000,6534.997,6538.998,6533.998,6533.998,0.0029
22.07.2019 07:22:00.000,6533.998,6533.998,6530.998,6533.997,0.002
22.07.2019 07:23:00.000,6535.997,6541.998,6533.998,6537.998,0.0054
22.07.2019 07:24:00.000,6537.998,6540.997,6534.998,6538.997,0.003
22.07.2019 07:25:00.000,6538.998,6546.998,6538.997,6540.998,0.0039
22.07.2019 07:26:00.000,6543.998,6543.998,6542.997,6542.998,0.0007
22.07.2019 07:27:00.000,6542.998,6542.998,6535.997,6535.997,0.0028
22.07.2019 07:28:00.000,6536.997,6539.998,6534.998,6539.998,0.0023
22.07.2019 07:29:00.000,6540.998,6544.998,6539.997,6544.997,0.0034
22.07.2019 07:30:00.000,6545.997,6548.998,6542.998,6542.998,0.0042
22.07.2019 07:31:00.000,6543.997,6548.998,6542.998,6544.998,0.0049
22.07.2019 07:33:00.000,6544.997,6544.997,6540.998,6542.998,0.0029
22.07.2019 07:34:00.000,6542.997,6544.998,6538.998,6539.998,0.0016
22.07.2019 07:35:00.000,6539.998,6542.998,6537.997,6542.998,0.0039
22.07.2019 07:36:00.000,6542.997,6546.998,6541.997,6542.998,0.0042
22.07.2019 07:37:00.000,6542.997,6545.998,6541.997,6543.998,0.0036
22.07.2019 07:38:00.000,6544.998,6547.998,6544.998,6546.998,0.0033
22.07.2019 07:39:00.000,6546.997,6548.998,6545.998,6546.997,0.0017
22.07.2019 07:40:00.000,6546.997,6548.998,6543.998,6547.998,0.0074
22.07.2019 07:41:00.000,6545.998,6547.998,6545.998,6547.998,0.0004
22.07.2019 07:42:00.000,6548.998,6549.998,6544.997,6546.998,0.0038
22.07.2019 07:43:00.000,6547.998,6547.998,6545.997,6547.998,0.0032
22.07.2019 07:44:00.000,6546.998,6546.998,6545.998,6546.998,0.0007
22.07.2019 07:45:00.000,6546.500,6546.500,6543.997,6544.998,0.0041
22.07.2019 07:46:00.000,6544.998,6546.998,6543.998,6546.998,0.0013
22.07.2019 07:47:00.000,6545.998,6545.998,6543.997,6543.997,0.003
22.07.2019 07:48:00.000,6543.998,6544.998,6543.997,6543.997,0.0009
22.07.2019 07:49:00.000,6543.998,6543.998,6539.998,6541.998,0.0028
22.07.2019 07:50:00.000,6539.998,6540.997,6535.998,6535.998,0.0022
22.07.2019 07:51:00.000,6535.997,6541.998,6535.997,6540.997,0.0023
22.07.2019 07:52:00.000,6541.997,6542.997,6541.997,6541.998,0.0008
22.07.2019 07:53:00.000,6541.998,6545.998,6541.997,6544.998,0.0023
22.07.2019 07:54:00.000,6545.998,6546.998,6544.998,6545.997,0.0045
22.07.2019 07:55:00.000,6545.997,6552.998,6545.997,6550.998,0.004
22.07.2019 07:56:00.000,6550.997,6550.997,6545.998,6546.998,0.002
22.07.2019 07:57:00.000,6547.998,6551.998,6546.998,6549.998,0.0028
22.07.2019 07:58:00.000,6550.998,6550.998,6546.998,6547.998,0.0047
22.07.2019 07:59:00.000,6547.997,6547.998,6545.998,6547.998,0.0017
22.07.2019 08:00:00.000,6547.997,6556.998,6547.997,6555.998,0.0064
22.07.2019 08:01:00.000,6556.998,6556.998,6550.998,6552.998,0.0035
22.07.2019 08:02:00.000,6553.998,6553.998,6547.998,6547.998,0.004
22.07.2019 08:03:00.000,6548.998,6550.998,6548.998,6548.998,0.0007
22.07.2019 08:04:00.000,6548.997,6548.998,6548.997,6548.998,0.0008
22.07.2019 08:05:00.000,6548.997,6550.998,6548.997,6549.997,0.0022
22.07.2019 08:06:00.000,6550.998,6552.998,6549.998,6551.998,0.0051
22.07.2019 08:07:00.000,6551.997,6554.998,6550.997,6553.998,0.0032
22.07.2019 08:08:00.000,6553.997,6554.998,6553.997,6554.998,0.0013
22.07.2019 08:09:00.000,6554.997,6554.998,6551.997,6551.998,0.0042
22.07.2019 08:10:00.000,6551.997,6553.998,6551.997,6553.997,0.0025
22.07.2019 08:11:00.000,6553.998,6554.998,6553.997,6554.997,0.0023
22.07.2019 08:12:00.000,6554.998,6562.998,6554.998,6559.998,0.0047
22.07.2019 08:13:00.000,6560.998,6560.998,6557.997,6558.998,0.0014
22.07.2019 08:14:00.000,6558.997,6558.998,6558.997,6558.997,0.0008
22.07.2019 08:15:00.000,6558.998,6558.998,6557.998,6558.998,0.0029
22.07.2019 08:16:00.000,6558.997,6562.998,6558.997,6561.998,0.0041
22.07.2019 08:17:00.000,6561.998,6562.998,6557.997,6557.998,0.0044
22.07.2019 08:18:00.000,6557.998,6559.998,6555.997,6557.997,0.0076
22.07.2019 08:19:00.000,6558.997,6559.998,6557.997,6559.998,0.0032
22.07.2019 08:20:00.000,6560.997,6562.998,6560.997,6562.998,0.0052
22.07.2019 08:21:00.000,6562.997,6562.998,6559.997,6561.998,0.0077
22.07.2019 08:22:00.000,6561.997,6567.998,6561.997,6567.998,0.003
22.07.2019 08:23:00.000,6567.997,6567.998,6562.997,6563.998,0.0053
22.07.2019 08:24:00.000,6564.998,6564.998,6562.998,6563.998,0.0029
22.07.2019 08:25:00.000,6563.997,6565.998,6562.997,6562.997,0.0031
22.07.2019 08:26:00.000,6564.998,6565.998,6563.997,6564.998,0.0016
22.07.2019 08:27:00.000,6565.998,6566.998,6563.998,6564.998,0.0033
22.07.2019 08:28:00.000,6565.997,6568.998,6565.997,6568.998,0.0025
22.07.2019 08:29:00.000,6567.998,6568.998,6567.997,6567.998,0.0025
22.07.2019 08:30:00.000,6568.997,6568.998,6567.998,6568.997,0.0033
22.07.2019 08:31:00.000,6567.998,6568.998,6567.997,6568.997,0.0011
22.07.2019 08:32:00.000,6568.997,6568.997,6567.997,6567.998,0.0004
22.07.2019 08:33:00.000,6569.998,6571.998,6569.997,6571.998,0.0038
22.07.2019 08:34:00.000,6571.997,6571.998,6568.997,6568.997,0.0063
22.07.2019 08:35:00.000,6569.997,6574.998,6569.997,6574.998,0.0039
22.07.2019 08:36:00.000,6575.998,6578.998,6574.997,6574.998,0.0066
22.07.2019 08:37:00.000,6575.998,6575.998,6573.997,6573.998,0.0032
22.07.2019 08:38:00.000,6574.997,6578.998,6574.997,6578.998,0.0022
22.07.2019 08:39:00.000,6580.997,6580.998,6580.997,6580.997,0.0035
22.07.2019 08:40:00.000,6580.998,6585.998,6580.998,6583.998,0.0042
22.07.2019 08:41:00.000,6584.997,6584.998,6584.997,6584.997,0
22.07.2019 08:42:00.000,6584.998,6589.998,6584.998,6587.998,0.0023
22.07.2019 08:43:00.000,6587.997,6588.998,6585.997,6587.998,0.004
22.07.2019 08:44:00.000,6587.997,6591.998,6587.997,6589.998,0.0045
22.07.2019 08:45:00.000,6590.998,6592.998,6590.997,6591.998,0.0093
22.07.2019 08:46:00.000,6590.998,6592.998,6589.997,6589.998,0.0037
22.07.2019 08:47:00.000,6586.998,6589.998,6586.998,6589.998,0.0007
22.07.2019 08:48:00.000,6589.997,6591.998,6588.997,6588.997,0.0023
22.07.2019 08:49:00.000,6589.998,6589.998,6586.998,6586.998,0.0024
22.07.2019 08:50:00.000,6586.997,6586.998,6579.997,6582.998,0.0035
22.07.2019 08:51:00.000,6583.997,6585.998,6583.997,6584.998,0.0014
22.07.2019 08:52:00.000,6584.997,6584.998,6573.998,6574.998,0.003
22.07.2019 08:53:00.000,6575.997,6580.998,6574.997,6579.998,0.0054
22.07.2019 08:54:00.000,6579.997,6579.997,6575.997,6576.998,0.0028
22.07.2019 08:55:00.000,6576.998,6576.998,6575.997,6575.998,0.0017
22.07.2019 08:56:00.000,6576.997,6579.997,6576.997,6579.997,0.0041
22.07.2019 08:57:00.000,6580.997,6582.998,6578.997,6579.998,0.0025
22.07.2019 08:58:00.000,6580.997,6582.998,6580.997,6582.998,0.0034
22.07.2019 08:59:00.000,6583.998,6585.998,6583.998,6585.997,0.0018
22.07.2019 09:00:00.000,6586.998,6588.998,6585.997,6588.998,0.0036
22.07.2019 09:01:00.000,6588.998,6590.998,6585.997,6587.998,0.0041
22.07.2019 09:02:00.000,6587.998,6588.998,6584.998,6587.998,0.0024
22.07.2019 09:03:00.000,6585.997,6585.998,6576.997,6576.998,0.0037
22.07.2019 09:04:00.000,6576.998,6581.997,6576.998,6577.998,0.0026
22.07.2019 09:05:00.000,6579.998,6580.998,6577.997,6578.998,0.0022
22.07.2019 09:06:00.000,6578.997,6581.998,6577.997,6577.997,0.0032
22.07.2019 09:07:00.000,6577.998,6580.998,6577.997,6579.998,0.0027
22.07.2019 09:08:00.000,6577.998,6577.998,6576.997,6576.998,0.0023
22.07.2019 09:09:00.000,6577.998,6579.998,6577.997,6577.997,0.0008
22.07.2019 09:10:00.000,6577.998,6577.998,6573.998,6573.998,0.0012
22.07.2019 09:11:00.000,6574.997,6577.997,6574.997,6576.997,0.0019
22.07.2019 09:12:00.000,6577.997,6577.998,6577.997,6577.998,0.0001
22.07.2019 09:13:00.000,6577.997,6580.997,6577.997,6577.998,0.003
22.07.2019 09:14:00.000,6578.998,6579.998,6578.998,6578.998,0.0028
22.07.2019 09:15:00.000,6579.997,6582.998,6579.997,6582.998,0.0022
22.07.2019 09:16:00.000,6584.997,6586.998,6584.997,6586.998,0.0044
22.07.2019 09:17:00.000,6586.998,6586.998,6582.997,6582.998,0.0028
22.07.2019 09:18:00.000,6582.997,6584.998,6582.997,6582.997,0.001
22.07.2019 09:19:00.000,6582.998,6583.997,6578.997,6578.998,0.0024
22.07.2019 09:20:00.000,6580.997,6582.998,6579.998,6580.997,0.002
22.07.2019 09:21:00.000,6582.997,6583.998,6579.997,6580.998,0.0033
22.07.2019 09:22:00.000,6581.997,6581.998,6581.997,6581.998,0.0016
22.07.2019 09:23:00.000,6582.997,6583.998,6582.997,6583.998,0.0019
22.07.2019 09:24:00.000,6584.998,6587.998,6584.998,6586.998,0.0034
22.07.2019 09:25:00.000,6586.997,6587.998,6586.997,6587.997,0.0027
22.07.2019 09:26:00.000,6587.998,6590.998,6587.997,6590.997,0.0049
22.07.2019 09:27:00.000,6590.998,6590.998,6586.997,6586.997,0.0033
22.07.2019 09:28:00.000,6586.998,6587.998,6586.998,6587.997,0.0014
22.07.2019 09:29:00.000,6587.998,6588.998,6587.998,6588.998,0.0005
22.07.2019 09:30:00.000,6589.997,6589.997,6586.997,6586.998,0.0037
22.07.2019 09:32:00.000,6587.997,6590.998,6587.997,6589.997,0.0049
22.07.2019 09:33:00.000,6590.998,6590.998,6589.997,6589.998,0.0009
22.07.2019 09:34:00.000,6589.997,6589.997,6584.998,6584.998,0.0015
22.07.2019 09:35:00.000,6584.997,6585.998,6584.997,6585.998,0.0006
22.07.2019 09:36:00.000,6586.997,6586.997,6585.997,6585.998,0.002
22.07.2019 09:37:00.000,6585.997,6586.997,6585.997,6585.998,0.0021
22.07.2019 09:38:00.000,6585.997,6586.998,6585.997,6585.997,0.0033
22.07.2019 09:39:00.000,6586.998,6588.998,6585.997,6588.998,0.0022
22.07.2019 09:40:00.000,6587.998,6589.998,6585.997,6585.998,0.004
22.07.2019 09:41:00.000,6586.998,6586.998,6584.997,6584.997,0.0008
22.07.2019 09:42:00.000,6585.997,6585.998,6582.997,6582.998,0.0021
22.07.2019 09:43:00.000,6582.997,6582.998,6579.998,6580.997,0.0016
22.07.2019 09:44:00.000,6580.998,6580.998,6578.997,6578.997,0.0037
22.07.2019 09:45:00.000,6579.998,6579.998,6578.997,6578.997,0.0005
22.07.2019 09:46:00.000,6579.998,6585.998,6579.998,6585.998,0.0036
22.07.2019 09:47:00.000,6585.997,6585.997,6582.997,6584.998,0.0042
22.07.2019 09:48:00.000,6584.998,6587.998,6584.997,6586.997,0.005
22.07.2019 09:49:00.000,6586.997,6586.997,6583.997,6584.997,0.0018
22.07.2019 09:50:00.000,6584.998,6586.997,6584.997,6586.997,0.0047
22.07.2019 09:51:00.000,6586.998,6586.998,6584.998,6585.997,0.0014
22.07.2019 09:52:00.000,6585.997,6585.998,6583.998,6584.997,0.001
22.07.2019 09:53:00.000,6584.998,6584.998,6583.998,6584.997,0.0008
22.07.2019 09:54:00.000,6584.998,6586.998,6584.997,6585.998,0.0023
22.07.2019 09:55:00.000,6586.997,6586.998,6584.997,6584.997,0.0018
22.07.2019 09:56:00.000,6584.998,6585.997,6584.997,6585.997,0.0004
22.07.2019 09:57:00.000,6585.997,6587.998,6585.997,6585.997,0.0047
22.07.2019 09:58:00.000,6585.998,6585.998,6584.997,6584.998,0.0009
22.07.2019 09:59:00.000,6584.997,6584.998,6581.997,6583.998,0.0015
22.07.2019 10:00:00.000,6583.998,6583.998,6582.997,6582.997,0.0015
22.07.2019 10:01:00.000,6582.998,6582.998,6576.997,6577.998,0.0031
22.07.2019 10:02:00.000,6577.997,6577.997,6573.997,6573.998,0.0052
22.07.2019 10:03:00.000,6574.997,6575.998,6571.997,6573.998,0.0021
22.07.2019 10:04:00.000,6573.997,6574.998,6573.997,6574.998,0.0014
22.07.2019 10:05:00.000,6575.998,6575.998,6574.997,6574.998,0.0017
22.07.2019 10:06:00.000,6574.997,6574.998,6574.997,6574.998,0.0005
22.07.2019 10:07:00.000,6575.998,6575.998,6570.997,6570.998,0.0017
22.07.2019 10:08:00.000,6570.997,6570.998,6568.998,6568.998,0.0005
22.07.2019 10:09:00.000,6568.997,6571.998,6568.997,6571.997,0.0026
22.07.2019 10:10:00.000,6571.998,6571.998,6570.997,6570.998,0.0032
22.07.2019 10:11:00.000,6570.997,6570.998,6570.997,6570.998,0.001
22.07.2019 10:12:00.000,6570.997,6571.998,6570.997,6571.997,0.0016
22.07.2019 10:13:00.000,6572.998,6572.998,6571.997,6571.998,0.002
22.07.2019 10:14:00.000,6571.997,6572.998,6569.997,6569.997,0.01
22.07.2019 10:15:00.000,6569.998,6570.998,6569.997,6569.997,0.0007
22.07.2019 10:16:00.000,6570.998,6572.998,6570.997,6570.998,0.0015
22.07.2019 10:17:00.000,6571.997,6571.998,6569.998,6569.998,0.0018
22.07.2019 10:18:00.000,6571.997,6572.998,6571.997,6572.998,0.0019
22.07.2019 10:19:00.000,6572.997,6572.997,6570.997,6571.998,0.0024
22.07.2019 10:20:00.000,6572.997,6572.998,6570.997,6571.998,0.0025
22.07.2019 10:21:00.000,6571.997,6571.998,6569.998,6570.998,0.0026
22.07.2019 10:22:00.000,6570.997,6571.998,6568.997,6568.998,0.0027
22.07.2019 10:23:00.000,6568.998,6568.998,6566.997,6567.997,0.0018
22.07.2019 10:24:00.000,6567.998,6569.998,6567.998,6569.998,0.003
22.07.2019 10:25:00.000,6570.997,6570.998,6569.997,6570.997,0.0023
22.07.2019 10:26:00.000,6570.997,6570.997,6566.997,6566.997,0.003
22.07.2019 10:27:00.000,6566.997,6566.998,6564.998,6566.998,0.0019
22.07.2019 10:28:00.000,6568.997,6569.998,6567.998,6569.998,0.0027
22.07.2019 10:29:00.000,6569.997,6569.998,6569.997,6569.998,0.0115
22.07.2019 10:30:00.000,6570.997,6571.998,6568.998,6568.998,0.0029
22.07.2019 10:31:00.000,6569.998,6572.998,6568.997,6572.997,0.0011
22.07.2019 10:32:00.000,6572.998,6573.998,6572.997,6573.998,0.0052
22.07.2019 10:33:00.000,6573.997,6573.998,6572.997,6572.998,0.0026
22.07.2019 10:34:00.000,6572.997,6573.998,6572.997,6573.998,0.0049
22.07.2019 10:35:00.000,6573.998,6575.998,6572.998,6572.998,0.0036
22.07.2019 10:36:00.000,6573.997,6573.998,6572.997,6572.998,0.0025
22.07.2019 10:37:00.000,6573.998,6573.998,6572.997,6572.998,0.0053
22.07.2019 10:38:00.000,6573.998,6573.998,6568.998,6569.998,0.005
22.07.2019 10:39:00.000,6570.997,6570.997,6569.997,6569.998,0.0005
22.07.2019 10:40:00.000,6569.997,6570.997,6569.997,6569.998,0.002
22.07.2019 10:41:00.000,6569.998,6570.998,6569.997,6570.998,0.003
22.07.2019 10:42:00.000,6569.998,6569.998,6569.997,6569.998,0.001
22.07.2019 10:43:00.000,6570.998,6571.998,6570.997,6570.998,0.0014
22.07.2019 10:44:00.000,6570.997,6571.998,6570.997,6571.998,0.0015
22.07.2019 10:45:00.000,6571.997,6571.998,6571.997,6571.997,0.0036
22.07.2019 10:46:00.000,6572.998,6573.998,6572.997,6572.998,0.0007
22.07.2019 10:47:00.000,6573.998,6575.998,6573.997,6575.998,0.0039
22.07.2019 10:48:00.000,6575.997,6576.998,6575.997,6576.998,0.0027
22.07.2019 10:49:00.000,6576.998,6576.998,6575.998,6575.998,0.0015
22.07.2019 10:50:00.000,6575.997,6578.998,6575.997,6576.997,0.0035
22.07.2019 10:51:00.000,6577.998,6577.998,6576.998,6576.998,0.0009
22.07.2019 10:52:00.000,6576.997,6577.998,6576.997,6576.998,0.0018
22.07.2019 10:53:00.000,6576.997,6576.998,6572.998,6573.998,0.004
22.07.2019 10:55:00.000,6573.998,6575.998,6570.997,6573.997,0.0059
22.07.2019 10:56:00.000,6573.998,6574.998,6573.997,6573.998,0.0009
22.07.2019 10:57:00.000,6574.998,6576.998,6573.997,6573.998,0.0029
22.07.2019 10:58:00.000,6574.998,6576.998,6574.998,6576.997,0.002
22.07.2019 10:59:00.000,6577.998,6577.998,6576.997,6576.998,0.0004
22.07.2019 11:02:00.000,6576.998,6577.998,6573.997,6575.998,0.0031
22.07.2019 11:03:00.000,6576.998,6576.998,6575.998,6576.997,0.0006
22.07.2019 11:04:00.000,6577.998,6577.998,6577.998,6577.998,0.0003
22.07.2019 11:05:00.000,6575.997,6575.998,6573.998,6574.998,0.0018
22.07.2019 11:06:00.000,6575.998,6575.998,6569.998,6570.998,0.0025
22.07.2019 11:07:00.000,6569.998,6571.998,6569.997,6571.998,0.0011
22.07.2019 11:08:00.000,6570.998,6570.998,6570.997,6570.998,0.0004
22.07.2019 11:09:00.000,6570.750,6570.750,6564.997,6566.998,0.0025
22.07.2019 11:10:00.000,6566.997,6566.997,6565.997,6565.998,0.001
22.07.2019 11:11:00.000,6565.997,6565.998,6565.997,6565.998,0.0003
22.07.2019 11:12:00.000,6565.997,6565.997,6565.997,6565.997,0.0004
22.07.2019 11:13:00.000,6565.997,6565.997,6561.997,6561.998,0.0011
22.07.2019 11:14:00.000,6562.998,6565.998,6562.997,6565.997,0.006
22.07.2019 11:15:00.000,6566.998,6567.998,6566.997,6566.998,0.0009
22.07.2019 11:16:00.000,6563.997,6566.998,6563.997,6565.998,0.0017
22.07.2019 11:17:00.000,6565.997,6565.997,6564.997,6565.997,0.0008
22.07.2019 11:18:00.000,6565.998,6566.997,6565.997,6565.997,0.0014
22.07.2019 11:19:00.000,6565.998,6565.998,6564.998,6565.998,0.0003
22.07.2019 11:20:00.000,6565.997,6567.997,6564.997,6566.998,0.0016
22.07.2019 11:21:00.000,6567.997,6567.998,6566.997,6566.998,0.0005
22.07.2019 11:22:00.000,6566.998,6566.998,6564.997,6564.998,0.0004
22.07.2019 11:23:00.000,6565.997,6565.998,6565.997,6565.997,0.0004
22.07.2019 11:24:00.000,6563.998,6564.998,6563.997,6563.998,0.0006
22.07.2019 11:25:00.000,6563.997,6563.998,6563.997,6563.997,0.0007
22.07.2019 11:26:00.000,6563.998,6563.998,6562.997,6562.998,0.001
22.07.2019 11:27:00.000,6562.997,6565.998,6562.997,6565.998,0.0039
22.07.2019 11:28:00.000,6565.998,6567.998,6565.998,6567.997,0.0018
22.07.2019 11:29:00.000,6567.998,6568.998,6567.997,6568.997,0.0016
22.07.2019 11:30:00.000,6568.997,6568.997,6566.997,6567.998,0.0026
22.07.2019 11:31:00.000,6567.997,6567.998,6566.997,6567.998,0.0042
22.07.2019 11:32:00.000,6567.997,6567.998,6567.997,6567.998,0.0008
22.07.2019 11:33:00.000,6567.997,6569.998,6567.997,6568.997,0.0068
22.07.2019 11:34:00.000,6568.998,6568.998,6567.997,6567.998,0.002
22.07.2019 11:35:00.000,6568.998,6571.998,6568.997,6570.998,0.0076
22.07.2019 11:36:00.000,6571.998,6573.998,6570.998,6570.998,0.0029
22.07.2019 11:37:00.000,6571.997,6571.998,6570.997,6571.998,0.0016
22.07.2019 11:38:00.000,6571.998,6575.998,6571.998,6575.998,0.002
22.07.2019 11:39:00.000,6575.997,6575.998,6575.997,6575.998,0.0012
22.07.2019 11:40:00.000,6576.997,6576.998,6573.997,6573.998,0.0029
22.07.2019 11:42:00.000,6573.997,6580.998,6573.997,6579.997,0.0028
22.07.2019 11:43:00.000,6579.997,6579.998,6577.997,6579.998,0.0027
22.07.2019 11:44:00.000,6579.997,6579.998,6579.997,6579.998,0.0009
22.07.2019 11:45:00.000,6579.997,6579.998,6576.997,6576.998,0.0025
22.07.2019 11:46:00.000,6576.998,6578.998,6576.997,6578.998,0.0069
22.07.2019 11:47:00.000,6578.997,6579.998,6577.997,6578.998,0.0046
22.07.2019 11:48:00.000,6578.997,6579.998,6576.998,6579.998,0.0062
22.07.2019 11:49:00.000,6580.998,6581.998,6580.998,6581.998,0.0018
22.07.2019 11:50:00.000,6581.997,6582.998,6580.997,6580.998,0.0024
22.07.2019 11:51:00.000,6580.997,6580.997,6577.997,6578.998,0.0034
22.07.2019 11:52:00.000,6578.997,6578.998,6577.998,6578.997,0.0009
22.07.2019 11:53:00.000,6578.998,6578.998,6576.998,6576.998,0.0026
22.07.2019 11:54:00.000,6577.998,6580.998,6577.998,6580.998,0.0019
22.07.2019 11:55:00.000,6581.998,6581.998,6576.997,6576.997,0.0011
22.07.2019 11:56:00.000,6576.998,6576.998,6576.998,6576.998,0.0001
22.07.2019 11:57:00.000,6577.997,6577.998,6576.997,6576.998,0.0033
22.07.2019 11:58:00.000,6577.997,6578.998,6576.997,6576.998,0.0011
22.07.2019 11:59:00.000,6577.998,6577.998,6576.997,6576.998,0.0029
22.07.2019 12:00:00.000,6578.998,6578.998,6573.998,6573.998,0.0014
22.07.2019 12:01:00.000,6573.997,6573.998,6573.997,6573.998,0.0012
22.07.2019 12:02:00.000,6573.997,6573.998,6573.997,6573.998,0.0008
22.07.2019 12:03:00.000,6573.997,6573.998,6572.997,6572.998,0.004
22.07.2019 12:04:00.000,6573.998,6573.998,6573.998,6573.998,0.0001
22.07.2019 12:05:00.000,6573.997,6574.998,6573.997,6573.998,0.005
22.07.2019 12:06:00.000,6573.997,6574.998,6573.997,6574.997,0.0033
22.07.2019 12:07:00.000,6574.998,6580.998,6574.997,6575.997,0.0076
22.07.2019 12:08:00.000,6575.998,6575.998,6569.997,6569.997,0.0023
22.07.2019 12:09:00.000,6569.998,6572.998,6569.998,6572.997,0.002
22.07.2019 12:10:00.000,6572.998,6572.998,6571.997,6571.997,0.001
22.07.2019 12:11:00.000,6572.998,6572.998,6569.997,6569.997,0.0016
22.07.2019 12:12:00.000,6569.997,6569.998,6566.997,6567.998,0.0033
22.07.2019 12:13:00.000,6568.997,6569.998,6568.997,6569.997,0.0035
22.07.2019 12:14:00.000,6569.998,6570.998,6568.997,6570.998,0.0017
22.07.2019 12:15:00.000,6570.997,6571.998,6568.998,6571.998,0.0042
22.07.2019 12:16:00.000,6571.997,6571.998,6569.998,6571.998,0.0033
22.07.2019 12:17:00.000,6571.997,6571.998,6571.997,6571.997,0.0001
22.07.2019 12:18:00.000,6572.997,6575.998,6572.997,6575.998,0.0031
22.07.2019 12:19:00.000,6576.997,6580.998,6576.997,6576.997,0.0055
22.07.2019 12:20:00.000,6576.998,6578.998,6575.998,6577.998,0.0075
22.07.2019 12:21:00.000,6578.998,6580.998,6576.998,6576.998,0.004
22.07.2019 12:22:00.000,6577.997,6579.998,6576.997,6578.998,0.0048
22.07.2019 12:23:00.000,6579.997,6582.998,6579.997,6582.997,0.0024
22.07.2019 12:24:00.000,6582.998,6582.998,6581.997,6581.998,0.0045
22.07.2019 12:25:00.000,6582.997,6582.998,6579.997,6580.997,0.0029
22.07.2019 12:26:00.000,6579.998,6579.998,6576.997,6577.997,0.0021
22.07.2019 12:27:00.000,6578.998,6578.998,6576.997,6576.998,0.0064
22.07.2019 12:28:00.000,6577.997,6578.998,6576.997,6577.998,0.0024
22.07.2019 12:29:00.000,6577.997,6577.998,6576.997,6577.998,0.0014
22.07.2019 12:30:00.000,6576.998,6577.998,6573.997,6573.997,0.0052
22.07.2019 12:31:00.000,6574.998,6576.998,6574.998,6575.998,0.001
22.07.2019 12:32:00.000,6575.997,6578.998,6575.997,6578.998,0.0032
22.07.2019 12:33:00.000,6578.997,6579.998,6578.997,6579.998,0.0025
22.07.2019 12:34:00.000,6579.997,6583.998,6579.997,6583.998,0.0033
22.07.2019 12:35:00.000,6584.998,6584.998,6580.998,6581.998,0.0043
22.07.2019 12:36:00.000,6581.997,6583.998,6581.997,6582.998,0.0018
22.07.2019 12:37:00.000,6583.997,6583.998,6580.997,6580.997,0.0028
22.07.2019 12:38:00.000,6580.998,6580.998,6578.997,6579.997,0.0046
22.07.2019 12:39:00.000,6579.998,6581.998,6579.998,6580.997,0.0027
22.07.2019 12:40:00.000,6581.998,6581.998,6581.997,6581.998,0.0013
22.07.2019 12:41:00.000,6582.998,6584.998,6582.998,6583.998,0.0045
22.07.2019 12:42:00.000,6583.997,6583.998,6583.997,6583.997,0.0005
22.07.2019 12:43:00.000,6583.998,6583.998,6576.998,6576.998,0.0027
22.07.2019 12:44:00.000,6576.997,6576.998,6572.997,6575.998,0.0032
22.07.2019 12:45:00.000,6574.998,6576.998,6571.997,6571.997,0.004
22.07.2019 12:46:00.000,6571.998,6571.998,6571.997,6571.998,0.0014
22.07.2019 12:47:00.000,6571.997,6574.998,6571.997,6574.998,0.0016
22.07.2019 12:48:00.000,6575.998,6575.998,6575.997,6575.998,0.0011
22.07.2019 12:49:00.000,6576.998,6576.998,6574.997,6574.997,0.0075
22.07.2019 12:50:00.000,6574.998,6576.998,6574.998,6576.997,0.0031
22.07.2019 12:51:00.000,6577.997,6578.998,6576.997,6578.998,0.0035
22.07.2019 12:52:00.000,6579.997,6580.998,6579.997,6579.998,0.0008
22.07.2019 12:53:00.000,6579.998,6581.998,6579.997,6581.997,0.0048
22.07.2019 12:54:00.000,6581.998,6583.997,6581.998,6583.997,0.0032
22.07.2019 12:55:00.000,6582.998,6583.998,6582.997,6583.997,0.0047
22.07.2019 12:56:00.000,6583.997,6584.997,6582.997,6583.998,0.0066
22.07.2019 12:57:00.000,6584.997,6586.998,6583.998,6585.998,0.0022
22.07.2019 12:58:00.000,6585.997,6586.998,6585.997,6586.998,0.0017
22.07.2019 12:59:00.000,6586.997,6588.998,6586.997,6587.998,0.0021
22.07.2019 13:00:00.000,6587.997,6587.998,6586.997,6587.997,0.0049
22.07.2019 13:01:00.000,6587.998,6588.998,6587.997,6588.998,0.0016
22.07.2019 13:02:00.000,6588.997,6588.998,6583.998,6585.998,0.0036
22.07.2019 13:03:00.000,6585.998,6585.998,6576.998,6576.998,0.0057
22.07.2019 13:04:00.000,6577.997,6578.998,6574.998,6576.998,0.002
22.07.2019 13:05:00.000,6577.997,6577.998,6574.997,6575.997,0.0034
22.07.2019 13:06:00.000,6575.998,6577.998,6573.998,6577.998,0.0042
22.07.2019 13:07:00.000,6577.997,6577.998,6575.997,6576.998,0.0018
22.07.2019 13:08:00.000,6577.998,6579.998,6577.997,6579.997,0.0061
22.07.2019 13:09:00.000,6579.998,6580.998,6579.997,6580.998,0.0021
22.07.2019 13:10:00.000,6580.997,6581.998,6579.998,6581.998,0.0022
22.07.2019 13:11:00.000,6581.998,6581.998,6579.997,6579.998,0.0036
22.07.2019 13:12:00.000,6577.997,6578.998,6577.997,6578.998,0.0011
22.07.2019 13:13:00.000,6578.997,6578.998,6578.997,6578.998,0.0021
22.07.2019 13:14:00.000,6578.998,6578.998,6576.997,6576.998,0.0028
22.07.2019 13:15:00.000,6576.997,6578.998,6576.997,6578.998,0.0022
22.07.2019 13:16:00.000,6579.997,6580.998,6578.998,6579.998,0.0043
22.07.2019 13:17:00.000,6579.997,6581.998,6579.997,6581.998,0.006
22.07.2019 13:18:00.000,6581.997,6581.998,6580.997,6581.997,0.0025
22.07.2019 13:19:00.000,6581.998,6582.998,6580.997,6580.998,0.0031
22.07.2019 13:20:00.000,6579.998,6579.998,6577.997,6579.998,0.0099
22.07.2019 13:21:00.000,6579.998,6579.998,6578.997,6578.998,0.0023
22.07.2019 13:22:00.000,6579.998,6581.998,6579.997,6580.998,0.0019
22.07.2019 13:23:00.000,6581.997,6581.997,6579.997,6579.998,0.0011
22.07.2019 13:24:00.000,6578.997,6580.998,6578.997,6580.998,0.0032
22.07.2019 13:25:00.000,6580.997,6580.997,6578.997,6579.998,0.0024
22.07.2019 13:26:00.000,6579.997,6579.998,6578.997,6578.998,0.0037
22.07.2019 13:27:00.000,6578.997,6578.998,6578.997,6578.998,0.0018
22.07.2019 13:28:00.000,6578.997,6578.997,6577.997,6577.997,0.0014
22.07.2019 13:29:00.000,6577.998,6578.998,6573.997,6573.998,0.0041
22.07.2019 13:30:00.000,6573.997,6573.998,6565.998,6567.998,0.0077
22.07.2019 13:31:00.000,6567.997,6571.998,6567.997,6569.998,0.0045
22.07.2019 13:32:00.000,6569.997,6575.998,6569.997,6569.998,0.0075
22.07.2019 13:33:00.000,6571.998,6572.998,6570.997,6572.998,0.0066
22.07.2019 13:34:00.000,6572.997,6576.998,6572.997,6576.998,0.0056
22.07.2019 13:35:00.000,6576.998,6576.998,6569.997,6571.997,0.005
22.07.2019 13:36:00.000,6571.998,6574.998,6571.997,6574.998,0.0048
22.07.2019 13:37:00.000,6574.997,6574.998,6568.997,6568.998,0.0089
22.07.2019 13:38:00.000,6569.998,6571.998,6568.997,6571.998,0.0025
22.07.2019 13:39:00.000,6571.997,6571.997,6568.997,6569.998,0.0064
22.07.2019 13:40:00.000,6569.998,6571.998,6568.997,6569.998,0.0116
22.07.2019 13:41:00.000,6569.998,6571.998,6568.998,6570.998,0.0091
22.07.2019 13:42:00.000,6570.998,6573.998,6569.998,6572.998,0.0049
22.07.2019 13:43:00.000,6572.997,6572.998,6570.998,6572.998,0.0051
22.07.2019 13:44:00.000,6574.750,6575.998,6573.997,6573.998,0.008
22.07.2019 13:45:00.000,6573.998,6573.998,6564.998,6564.998,0.0103
22.07.2019 13:46:00.000,6564.997,6570.998,6563.998,6570.998,0.0103
22.07.2019 13:47:00.000,6571.998,6574.998,6570.997,6570.998,0.0081
22.07.2019 13:48:00.000,6570.997,6574.998,6570.997,6573.997,0.0042
22.07.2019 13:49:00.000,6573.998,6573.998,6572.997,6573.998,0.0019
22.07.2019 13:50:00.000,6573.998,6573.998,6571.998,6572.998,0.0054
22.07.2019 13:51:00.000,6572.997,6573.998,6571.997,6573.997,0.0073
22.07.2019 13:52:00.000,6573.998,6576.997,6572.997,6575.998,0.0079
22.07.2019 13:53:00.000,6575.997,6580.997,6575.997,6579.998,0.0037
22.07.2019 13:54:00.000,6580.998,6580.998,6577.997,6577.997,0.0056
22.07.2019 13:55:00.000,6577.998,6577.998,6576.997,6576.998,0.0038
22.07.2019 13:56:00.000,6577.997,6578.998,6576.997,6577.997,0.0057
22.07.2019 13:57:00.000,6577.997,6577.998,6576.997,6577.998,0.0047
22.07.2019 13:58:00.000,6576.998,6577.998,6575.997,6576.997,0.0033
22.07.2019 13:59:00.000,6576.998,6579.998,6576.997,6579.998,0.006
22.07.2019 14:00:00.000,6579.997,6579.998,6577.997,6577.998,0.0021
22.07.2019 14:01:00.000,6577.998,6577.998,6575.997,6575.998,0.005
22.07.2019 14:02:00.000,6576.997,6576.998,6575.997,6575.997,0.0053
22.07.2019 14:03:00.000,6576.997,6576.998,6576.997,6576.998,0.0047
22.07.2019 14:04:00.000,6576.997,6579.998,6575.998,6578.997,0.0042
22.07.2019 14:05:00.000,6579.998,6580.998,6579.997,6579.997,0.0045
22.07.2019 14:06:00.000,6579.998,6579.998,6576.997,6577.998,0.0026
22.07.2019 14:07:00.000,6577.998,6578.998,6575.997,6576.997,0.0097
22.07.2019 14:08:00.000,6576.998,6577.998,6573.998,6574.998,0.0057
22.07.2019 14:09:00.000,6575.998,6577.998,6575.997,6577.998,0.013
22.07.2019 14:10:00.000,6577.997,6579.998,6577.997,6578.997,0.0073
22.07.2019 14:11:00.000,6579.998,6580.998,6579.997,6580.998,0.0056
22.07.2019 14:12:00.000,6580.998,6580.998,6576.997,6580.998,0.0066
22.07.2019 14:13:00.000,6580.998,6580.998,6578.997,6578.998,0.0025
22.07.2019 14:14:00.000,6577.998,6578.998,6577.997,6577.997,0.0048
22.07.2019 14:15:00.000,6575.998,6578.998,6574.997,6574.998,0.0068
22.07.2019 14:16:00.000,6575.998,6575.998,6574.997,6574.998,0.0062
22.07.2019 14:17:00.000,6574.997,6576.998,6574.997,6575.998,0.006
22.07.2019 14:18:00.000,6575.998,6578.998,6575.998,6578.998,0.0023
22.07.2019 14:19:00.000,6578.998,6578.998,6575.997,6577.998,0.0046
22.07.2019 14:20:00.000,6576.997,6578.998,6576.997,6577.998,0.0028
22.07.2019 14:21:00.000,6577.998,6578.998,6575.998,6576.998,0.0036
22.07.2019 14:22:00.000,6576.997,6576.998,6574.997,6576.998,0.0045
22.07.2019 14:23:00.000,6576.750,6576.750,6574.997,6575.997,0.0038
22.07.2019 14:24:00.000,6575.998,6575.998,6574.997,6574.998,0.0019
22.07.2019 14:25:00.000,6574.997,6575.998,6570.998,6570.998,0.0054
22.07.2019 14:26:00.000,6570.997,6571.998,6570.997,6571.997,0.0029
22.07.2019 14:27:00.000,6571.998,6575.998,6571.998,6575.997,0.0062
22.07.2019 14:28:00.000,6575.998,6575.998,6574.997,6575.998,0.0061
22.07.2019 14:29:00.000,6575.998,6575.998,6575.997,6575.998,0.0081
22.07.2019 14:30:00.000,6575.997,6575.998,6574.997,6574.997,0.0044
22.07.2019 14:31:00.000,6575.997,6576.998,6574.998,6575.998,0.0021
22.07.2019 14:32:00.000,6575.997,6575.998,6574.997,6574.998,0.002
22.07.2019 14:33:00.000,6574.997,6579.998,6574.997,6579.998,0.0133
22.07.2019 14:34:00.000,6579.997,6579.998,6577.997,6577.998,0.0079
22.07.2019 14:35:00.000,6578.998,6579.998,6575.997,6577.997,0.0072
22.07.2019 14:36:00.000,6577.998,6579.998,6576.998,6578.997,0.0052
22.07.2019 14:37:00.000,6578.998,6578.998,6577.997,6578.998,0.0042
22.07.2019 14:38:00.000,6579.998,6582.997,6579.997,6579.998,0.0062
22.07.2019 14:39:00.000,6580.998,6581.998,6577.997,6578.998,0.0049
22.07.2019 14:40:00.000,6579.998,6582.998,6579.997,6581.998,0.0039
22.07.2019 14:41:00.000,6581.997,6581.998,6578.997,6578.997,0.0057
22.07.2019 14:42:00.000,6579.998,6580.998,6579.997,6579.998,0.0029
22.07.2019 14:43:00.000,6579.997,6580.998,6577.997,6580.997,0.006
22.07.2019 14:44:00.000,6580.998,6580.998,6578.997,6579.998,0.002
22.07.2019 14:45:00.000,6579.997,6579.998,6577.998,6579.998,0.0033
22.07.2019 14:46:00.000,6579.997,6579.998,6575.997,6576.998,0.0059
22.07.2019 14:47:00.000,6576.997,6577.998,6576.997,6577.998,0.0028
22.07.2019 14:48:00.000,6576.998,6576.998,6570.998,6571.997,0.0056
22.07.2019 14:49:00.000,6571.998,6573.998,6571.997,6573.998,0.0095
22.07.2019 14:50:00.000,6573.997,6574.997,6573.997,6573.997,0.0047
22.07.2019 14:51:00.000,6573.998,6574.998,6571.998,6572.998,0.0031
22.07.2019 14:52:00.000,6572.997,6576.997,6571.998,6575.997,0.0128
22.07.2019 14:53:00.000,6575.998,6575.998,6575.997,6575.998,0.0109
22.07.2019 14:54:00.000,6575.997,6575.998,6570.997,6572.998,0.005
22.07.2019 14:55:00.000,6572.997,6576.998,6572.997,6575.998,0.005
22.07.2019 14:56:00.000,6576.997,6576.998,6575.997,6576.998,0.0046
22.07.2019 14:57:00.000,6575.997,6576.998,6573.997,6573.998,0.0057
22.07.2019 14:58:00.000,6573.998,6574.998,6573.997,6574.997,0.0044
22.07.2019 14:59:00.000,6575.998,6576.998,6574.998,6576.998,0.0053
22.07.2019 15:00:00.000,6576.998,6576.998,6575.997,6576.998,0.0074
22.07.2019 15:01:00.000,6577.997,6579.998,6577.997,6579.997,0.0088
22.07.2019 15:02:00.000,6579.997,6579.997,6575.997,6576.998,0.0072
22.07.2019 15:03:00.000,6576.998,6581.998,6575.997,6580.998,0.006
22.07.2019 15:04:00.000,6580.997,6581.998,6578.997,6580.998,0.0162
22.07.2019 15:05:00.000,6582.998,6582.998,6581.997,6581.998,0.0041
22.07.2019 15:06:00.000,6581.997,6581.998,6580.997,6580.997,0.011
22.07.2019 15:07:00.000,6580.998,6580.998,6580.997,6580.998,0.0033
22.07.2019 15:08:00.000,6580.997,6580.998,6578.998,6580.998,0.0047
22.07.2019 15:09:00.000,6579.998,6579.998,6576.998,6578.998,0.0061
22.07.2019 15:10:00.000,6578.997,6579.998,6578.997,6578.998,0.0084
22.07.2019 15:11:00.000,6578.997,6578.998,6575.998,6576.998,0.0098
22.07.2019 15:12:00.000,6576.997,6577.998,6576.997,6577.998,0.0049
22.07.2019 15:13:00.000,6578.998,6578.998,6576.997,6577.997,0.0061
22.07.2019 15:14:00.000,6577.998,6577.998,6577.997,6577.998,0.003
22.07.2019 15:15:00.000,6577.997,6577.998,6576.997,6577.998,0.0102
22.07.2019 15:16:00.000,6577.997,6578.998,6576.997,6578.998,0.0066
22.07.2019 15:17:00.000,6579.998,6579.998,6578.997,6579.997,0.0036
22.07.2019 15:18:00.000,6579.998,6579.998,6578.997,6579.997,0.013
22.07.2019 15:19:00.000,6579.998,6581.998,6579.998,6580.997,0.0108
22.07.2019 15:20:00.000,6580.998,6581.998,6578.997,6578.997,0.0038
22.07.2019 15:21:00.000,6578.998,6578.998,6576.998,6576.998,0.0096
22.07.2019 15:22:00.000,6576.997,6576.998,6575.997,6576.998,0.0037
22.07.2019 15:23:00.000,6576.997,6576.998,6574.998,6576.998,0.0065
22.07.2019 15:24:00.000,6576.997,6576.998,6571.998,6573.997,0.0155
22.07.2019 15:25:00.000,6573.998,6574.998,6573.997,6574.997,0.013
22.07.2019 15:26:00.000,6575.998,6577.998,6575.997,6577.998,0.0104
22.07.2019 15:27:00.000,6577.997,6578.998,6575.998,6577.998,0.0134
22.07.2019 15:28:00.000,6577.997,6578.998,6576.997,6578.997,0.0072
22.07.2019 15:29:00.000,6578.998,6585.998,6577.997,6585.998,0.0174
23.07.2019 07:00:00.000,6612.997,6612.998,6612.997,6612.998,0
23.07.2019 07:02:00.000,6596.997,6596.998,6596.997,6596.997,0
23.07.2019 07:03:00.000,6588.997,6590.997,6588.997,6589.998,0.0003
23.07.2019 07:04:00.000,6590.997,6590.997,6590.997,6590.997,0.0001
23.07.2019 07:05:00.000,6590.998,6592.998,6590.998,6590.998,0.0006
23.07.2019 07:06:00.000,6590.998,6590.998,6587.998,6588.998,0.0002
23.07.2019 07:07:00.000,6587.998,6587.998,6587.997,6587.997,0
23.07.2019 07:08:00.000,6588.997,6603.998,6588.997,6601.998,0.0024
23.07.2019 07:09:00.000,6600.998,6610.998,6600.998,6605.998,0.0029
23.07.2019 07:10:00.000,6605.997,6611.998,6605.997,6611.998,0.0054
23.07.2019 07:11:00.000,6611.997,6614.998,6605.998,6605.998,0.0017
23.07.2019 07:12:00.000,6605.998,6610.998,6603.997,6610.998,0.0015
23.07.2019 07:13:00.000,6610.998,6610.998,6604.997,6605.998,0.002
23.07.2019 07:14:00.000,6605.998,6610.998,6601.998,6602.998,0.0031
23.07.2019 07:15:00.000,6601.998,6602.998,6592.997,6592.997,0.0037
23.07.2019 07:16:00.000,6594.997,6601.998,6594.997,6599.998,0.004
23.07.2019 07:17:00.000,6599.997,6599.998,6596.997,6596.998,0.0029
23.07.2019 07:18:00.000,6597.997,6600.998,6597.997,6598.998,0.0009
23.07.2019 07:19:00.000,6596.997,6599.998,6596.997,6597.998,0.0031
23.07.2019 07:20:00.000,6597.997,6597.998,6591.998,6591.998,0.0023
23.07.2019 07:21:00.000,6591.998,6591.998,6587.997,6587.997,0.0024
23.07.2019 07:22:00.000,6589.998,6590.998,6588.997,6590.998,0.0019
23.07.2019 07:23:00.000,6590.997,6592.998,6589.997,6589.997,0.0014
23.07.2019 07:24:00.000,6589.997,6591.998,6588.997,6591.997,0.0024
23.07.2019 07:25:00.000,6592.998,6595.998,6592.998,6593.998,0.0011
23.07.2019 07:26:00.000,6593.997,6595.998,6593.997,6595.997,0.0027
23.07.2019 07:27:00.000,6595.998,6599.998,6587.997,6589.998,0.0054
23.07.2019 07:28:00.000,6589.997,6595.998,6589.997,6593.998,0.0026
23.07.2019 07:29:00.000,6593.998,6594.998,6590.997,6592.998,0.0046
23.07.2019 07:30:00.000,6592.997,6592.997,6588.998,6588.998,0.0021
23.07.2019 07:31:00.000,6588.997,6588.997,6586.997,6586.997,0.0025
23.07.2019 07:32:00.000,6586.998,6589.997,6585.998,6588.997,0.0014
23.07.2019 07:33:00.000,6588.998,6588.998,6585.997,6585.998,0.0007
23.07.2019 07:34:00.000,6587.997,6587.997,6584.998,6584.998,0.0005
23.07.2019 07:35:00.000,6584.997,6585.998,6578.998,6578.998,0.0031
23.07.2019 07:36:00.000,6579.998,6579.998,6573.998,6574.998,0.0061
23.07.2019 07:37:00.000,6574.998,6577.998,6574.997,6574.997,0.0041
23.07.2019 07:38:00.000,6574.998,6574.998,6570.998,6572.998,0.0019
23.07.2019 07:39:00.000,6574.997,6574.998,6569.997,6569.998,0.0025
23.07.2019 07:40:00.000,6569.997,6579.998,6569.997,6578.997,0.0029
23.07.2019 07:41:00.000,6578.998,6578.998,6575.997,6575.998,0.0052
23.07.2019 07:42:00.000,6575.998,6575.998,6571.997,6572.998,0.0013
23.07.2019 07:43:00.000,6574.998,6574.998,6569.997,6570.998,0.003
23.07.2019 07:44:00.000,6570.998,6572.997,6569.997,6569.997,0.0043
23.07.2019 07:45:00.000,6569.997,6576.998,6567.998,6576.997,0.0044
23.07.2019 07:46:00.000,6578.997,6582.998,6576.997,6578.998,0.0032
23.07.2019 07:47:00.000,6578.998,6581.998,6578.998,6581.998,0.0011
23.07.2019 07:48:00.000,6580.998,6580.998,6580.997,6580.998,0.0006
23.07.2019 07:49:00.000,6581.998,6589.998,6581.998,6587.997,0.0046
23.07.2019 07:50:00.000,6588.997,6589.998,6584.997,6584.997,0.0019
23.07.2019 07:51:00.000,6584.998,6589.998,6584.998,6589.998,0.0014
23.07.2019 07:52:00.000,6591.750,6591.998,6586.997,6587.997,0.0025
23.07.2019 07:53:00.000,6587.997,6587.998,6585.997,6587.998,0.0011
23.07.2019 07:54:00.000,6588.998,6591.997,6588.998,6591.997,0.0004
23.07.2019 07:55:00.000,6591.998,6595.998,6588.997,6595.998,0.0023
23.07.2019 07:56:00.000,6595.998,6595.998,6591.997,6591.998,0.0043
23.07.2019 07:57:00.000,6592.998,6597.998,6592.998,6593.998,0.0049
23.07.2019 07:58:00.000,6593.997,6593.997,6591.998,6592.998,0.0037
23.07.2019 07:59:00.000,6591.997,6595.998,6591.997,6591.998,0.0017
23.07.2019 08:00:00.000,6591.997,6594.998,6591.997,6591.998,0.0021
23.07.2019 08:01:00.000,6591.997,6591.998,6588.998,6591.997,0.001
23.07.2019 08:02:00.000,6593.998,6593.998,6591.997,6591.997,0.002
23.07.2019 08:03:00.000,6591.998,6592.998,6591.998,6592.998,0.0007
23.07.2019 08:04:00.000,6592.997,6592.997,6586.998,6586.998,0.004
23.07.2019 08:05:00.000,6587.998,6590.998,6586.997,6586.997,0.0038
23.07.2019 08:06:00.000,6586.997,6586.997,6583.997,6583.998,0.0028
23.07.2019 08:07:00.000,6584.997,6586.998,6582.997,6583.998,0.0042
23.07.2019 08:08:00.000,6584.998,6584.998,6581.997,6582.998,0.0016
23.07.2019 08:09:00.000,6582.997,6584.998,6582.997,6582.998,0.003
23.07.2019 08:10:00.000,6582.997,6583.998,6581.998,6582.998,0.0009
23.07.2019 08:11:00.000,6582.997,6585.998,6582.997,6585.998,0.0021
23.07.2019 08:12:00.000,6585.998,6586.998,6583.997,6586.998,0.0029
23.07.2019 08:13:00.000,6587.997,6588.998,6586.998,6586.998,0.0038
23.07.2019 08:14:00.000,6586.997,6589.998,6584.998,6589.998,0.0019
23.07.2019 08:15:00.000,6589.997,6589.997,6584.997,6584.997,0.0033
23.07.2019 08:16:00.000,6585.998,6585.998,6585.997,6585.998,0.0006
23.07.2019 08:17:00.000,6586.998,6586.998,6584.997,6585.998,0.003
23.07.2019 08:18:00.000,6585.997,6587.998,6585.997,6587.997,0.0039
23.07.2019 08:19:00.000,6587.998,6591.998,6587.997,6589.997,0.0073
23.07.2019 08:20:00.000,6589.998,6591.998,6589.997,6591.997,0.0054
23.07.2019 08:21:00.000,6591.997,6591.997,6589.997,6589.997,0.0067
23.07.2019 08:22:00.000,6590.997,6590.998,6589.997,6589.998,0.0039
23.07.2019 08:23:00.000,6590.998,6590.998,6583.997,6584.998,0.0028
23.07.2019 08:24:00.000,6584.997,6585.998,6582.997,6584.998,0.0017
23.07.2019 08:25:00.000,6584.997,6585.998,6582.998,6582.998,0.0013
23.07.2019 08:26:00.000,6582.997,6582.998,6581.997,6582.998,0.0008
23.07.2019 08:27:00.000,6582.997,6582.997,6575.997,6576.997,0.0028
23.07.2019 08:28:00.000,6576.998,6578.998,6575.998,6578.997,0.0012
23.07.2019 08:29:00.000,6577.997,6578.998,6576.997,6577.998,0.0022
23.07.2019 08:30:00.000,6577.997,6580.998,6577.997,6578.997,0.0045
23.07.2019 08:31:00.000,6578.998,6580.998,6578.997,6580.998,0.0006
23.07.2019 08:32:00.000,6582.750,6583.998,6582.750,6583.998,0.0019
23.07.2019 08:33:00.000,6583.997,6586.998,6582.997,6586.998,0.0028
23.07.2019 08:34:00.000,6586.997,6592.998,6585.997,6590.997,0.0085
23.07.2019 08:35:00.000,6591.998,6594.998,6588.998,6589.997,0.002
23.07.2019 08:36:00.000,6588.997,6588.998,6587.997,6587.998,0.0015
23.07.2019 08:37:00.000,6588.997,6590.998,6588.997,6589.998,0.0006
23.07.2019 08:38:00.000,6590.997,6590.998,6590.997,6590.998,0
23.07.2019 08:39:00.000,6590.997,6591.998,6590.997,6591.998,0.0008
23.07.2019 08:40:00.000,6592.998,6593.998,6592.997,6593.997,0.0034
23.07.2019 08:41:00.000,6593.998,6593.998,6593.997,6593.997,0.0008
23.07.2019 08:42:00.000,6593.998,6595.998,6593.997,6594.998,0.0025
23.07.2019 08:43:00.000,6595.997,6598.998,6595.997,6597.998,0.003
23.07.2019 08:44:00.000,6597.997,6598.998,6597.997,6598.997,0.0025
23.07.2019 08:45:00.000,6598.998,6602.998,6598.997,6602.997,0.0026
23.07.2019 08:46:00.000,6602.998,6606.998,6602.997,6606.997,0.0027
23.07.2019 08:47:00.000,6606.998,6606.998,6603.997,6603.997,0.0049
23.07.2019 08:48:00.000,6604.998,6605.998,6603.997,6603.998,0.0015
23.07.2019 08:49:00.000,6604.998,6604.998,6604.997,6604.998,0.0006
23.07.2019 08:50:00.000,6604.998,6604.998,6597.997,6599.998,0.0035
23.07.2019 08:51:00.000,6599.997,6601.998,6599.997,6601.998,0.0009
23.07.2019 08:52:00.000,6600.998,6600.998,6595.997,6596.997,0.0021
23.07.2019 08:53:00.000,6596.998,6597.998,6596.997,6596.998,0.0019
23.07.2019 08:54:00.000,6596.998,6596.998,6596.998,6596.998,0.0003
23.07.2019 08:55:00.000,6596.998,6597.998,6594.998,6595.998,0.0027
23.07.2019 08:56:00.000,6594.997,6594.998,6594.997,6594.997,0.0008
23.07.2019 08:57:00.000,6594.998,6595.998,6593.997,6594.997,0.0011
23.07.2019 08:58:00.000,6594.998,6597.998,6594.997,6595.998,0.0038
23.07.2019 08:59:00.000,6595.998,6595.998,6595.997,6595.997,0.0008
23.07.2019 09:00:00.000,6595.998,6596.998,6594.997,6594.997,0.0036
23.07.2019 09:01:00.000,6594.998,6594.998,6594.997,6594.998,0.0007
23.07.2019 09:02:00.000,6594.998,6594.998,6593.997,6594.998,0.0021
23.07.2019 09:03:00.000,6594.997,6594.998,6594.997,6594.997,0.0009
23.07.2019 09:04:00.000,6594.997,6594.998,6593.997,6594.998,0.0019
23.07.2019 09:05:00.000,6595.998,6595.998,6591.997,6591.997,0.0022
23.07.2019 09:06:00.000,6592.998,6596.997,6591.997,6591.998,0.0048
23.07.2019 09:07:00.000,6592.998,6592.998,6590.997,6591.998,0.0017
23.07.2019 09:08:00.000,6591.997,6593.998,6589.997,6589.997,0.0034
23.07.2019 09:09:00.000,6589.998,6589.998,6588.997,6588.997,0.0008
23.07.2019 09:10:00.000,6588.998,6589.998,6588.998,6589.997,0.0003
23.07.2019 09:11:00.000,6589.998,6589.998,6586.997,6587.998,0.0016
23.07.2019 09:12:00.000,6587.998,6589.998,6586.997,6586.998,0.0018
23.07.2019 09:13:00.000,6585.998,6585.998,6584.998,6584.998,0.0003
23.07.2019 09:14:00.000,6586.998,6588.997,6586.998,6588.997,0.0005
23.07.2019 09:15:00.000,6588.997,6588.997,6586.997,6586.997,0.0027
23.07.2019 09:16:00.000,6586.998,6587.998,6586.997,6586.998,0.0026
23.07.2019 09:17:00.000,6587.998,6591.998,6587.998,6590.998,0.0011
23.07.2019 09:18:00.000,6591.998,6594.998,6591.998,6594.998,0.0007
23.07.2019 09:19:00.000,6595.997,6595.998,6590.997,6590.998,0.002
23.07.2019 09:20:00.000,6589.998,6590.998,6584.998,6584.998,0.0042
23.07.2019 09:21:00.000,6584.997,6584.998,6580.998,6581.997,0.0023
23.07.2019 09:22:00.000,6581.998,6584.998,6581.998,6584.997,0.0018
23.07.2019 09:23:00.000,6584.998,6585.998,6580.998,6580.998,0.002
23.07.2019 09:24:00.000,6580.997,6580.998,6578.998,6580.997,0.0023
23.07.2019 09:25:00.000,6581.998,6582.998,6580.997,6580.998,0.0029
23.07.2019 09:26:00.000,6580.998,6580.998,6579.998,6580.998,0.0008
23.07.2019 09:27:00.000,6581.997,6582.998,6578.997,6580.998,0.0032
23.07.2019 09:28:00.000,6582.997,6582.997,6578.998,6579.998,0.0036
23.07.2019 09:29:00.000,6579.997,6579.998,6579.997,6579.998,0.0003
23.07.2019 09:30:00.000,6579.998,6585.998,6579.998,6585.997,0.0022
23.07.2019 09:31:00.000,6585.998,6585.998,6585.998,6585.998,0.0001
23.07.2019 09:32:00.000,6587.997,6588.998,6587.997,6588.997,0.0017
23.07.2019 09:33:00.000,6589.998,6591.998,6588.997,6588.998,0.0053
23.07.2019 09:35:00.000,6589.998,6589.998,6588.997,6588.998,0.0005
23.07.2019 09:36:00.000,6590.750,6590.998,6589.997,6589.997,0.0004
23.07.2019 09:37:00.000,6589.997,6589.997,6585.998,6586.998,0.0027
23.07.2019 09:38:00.000,6586.998,6588.998,6586.997,6586.997,0.0029
23.07.2019 09:39:00.000,6587.998,6588.998,6586.997,6587.997,0.0021
23.07.2019 09:40:00.000,6587.998,6587.998,6586.997,6586.998,0.0027
23.07.2019 09:41:00.000,6587.998,6589.998,6587.998,6589.998,0.0009
23.07.2019 09:42:00.000,6590.997,6590.998,6589.998,6590.998,0.004
23.07.2019 09:43:00.000,6592.997,6593.998,6592.997,6592.998,0.0028
23.07.2019 09:44:00.000,6592.997,6592.998,6591.998,6591.998,0.001
23.07.2019 09:46:00.000,6591.997,6592.998,6591.997,6591.998,0.0003
23.07.2019 09:47:00.000,6591.998,6591.998,6587.997,6587.998,0.0013
23.07.2019 09:48:00.000,6588.997,6588.998,6583.998,6584.998,0.0014
23.07.2019 09:49:00.000,6583.997,6583.998,6582.997,6583.997,0.0009
23.07.2019 09:50:00.000,6583.998,6583.998,6582.997,6583.998,0.0016
23.07.2019 09:51:00.000,6583.997,6583.998,6583.997,6583.997,0.0006
23.07.2019 09:52:00.000,6583.998,6583.998,6583.997,6583.998,0.0003
23.07.2019 09:53:00.000,6583.997,6583.998,6576.997,6577.998,0.0024
23.07.2019 09:54:00.000,6577.997,6577.998,6575.998,6575.998,0.0006
23.07.2019 09:55:00.000,6576.998,6576.998,6566.997,6566.998,0.0034
23.07.2019 09:56:00.000,6566.998,6566.998,6562.998,6565.998,0.0037
23.07.2019 09:57:00.000,6566.998,6566.998,6564.997,6564.998,0.0018
23.07.2019 09:58:00.000,6565.997,6568.998,6565.997,6567.997,0.0018
23.07.2019 09:59:00.000,6567.997,6568.998,6566.998,6568.997,0.001
23.07.2019 10:00:00.000,6568.998,6571.998,6568.997,6568.998,0.0041
23.07.2019 10:01:00.000,6569.997,6569.998,6567.998,6568.998,0.0012
23.07.2019 10:02:00.000,6570.750,6570.998,6567.997,6567.997,0.0019
23.07.2019 10:03:00.000,6569.998,6571.998,6569.997,6569.997,0.0022
23.07.2019 10:04:00.000,6569.998,6569.998,6569.997,6569.998,0.0002
23.07.2019 10:05:00.000,6570.997,6575.998,6570.997,6575.998,0.0029
23.07.2019 10:06:00.000,6575.997,6575.998,6575.997,6575.997,0.0041
23.07.2019 10:07:00.000,6575.998,6576.998,6575.998,6576.998,0.0002
23.07.2019 10:08:00.000,6576.997,6576.998,6576.997,6576.998,0.0007
23.07.2019 10:09:00.000,6576.997,6576.998,6574.997,6575.998,0.0015
23.07.2019 10:10:00.000,6576.998,6577.998,6576.997,6577.998,0.0019
23.07.2019 10:11:00.000,6576.998,6579.998,6576.997,6578.997,0.0032
23.07.2019 10:12:00.000,6578.998,6580.998,6578.997,6580.997,0.0103
23.07.2019 10:13:00.000,6580.997,6580.998,6580.997,6580.998,0.0016
23.07.2019 10:14:00.000,6581.997,6581.998,6577.998,6578.998,0.0022
23.07.2019 10:15:00.000,6579.997,6579.998,6577.997,6579.998,0.0015
23.07.2019 10:16:00.000,6580.998,6580.998,6578.997,6578.998,0.0005
23.07.2019 10:17:00.000,6579.998,6579.998,6576.998,6577.998,0.0018
23.07.2019 10:18:00.000,6577.997,6577.998,6577.997,6577.998,0.0004
23.07.2019 10:19:00.000,6577.997,6577.998,6577.997,6577.998,0.0006
23.07.2019 10:20:00.000,6576.997,6576.997,6575.997,6575.997,0.0004
23.07.2019 10:21:00.000,6575.998,6575.998,6572.997,6575.997,0.0021
23.07.2019 10:22:00.000,6575.998,6575.998,6572.997,6573.997,0.0027
23.07.2019 10:23:00.000,6573.750,6573.750,6569.997,6569.997,0.0012
23.07.2019 10:24:00.000,6569.998,6569.998,6567.997,6567.998,0.0007
23.07.2019 10:25:00.000,6567.998,6568.998,6564.997,6568.998,0.0035
23.07.2019 10:26:00.000,6567.998,6569.998,6567.997,6569.998,0.0029
23.07.2019 10:27:00.000,6570.997,6571.998,6569.997,6569.997,0.0022
23.07.2019 10:28:00.000,6569.998,6569.998,6567.997,6567.998,0.0006
23.07.2019 10:29:00.000,6568.998,6568.998,6568.998,6568.998,0.0005
23.07.2019 10:30:00.000,6571.998,6571.998,6567.997,6567.997,0.005
23.07.2019 10:31:00.000,6567.750,6567.998,6565.998,6566.998,0.0014
23.07.2019 10:32:00.000,6566.998,6567.998,6566.997,6566.997,0.0007
23.07.2019 10:33:00.000,6566.998,6567.998,6566.998,6566.998,0.0003
23.07.2019 10:34:00.000,6567.997,6572.998,6567.997,6571.998,0.0033
23.07.2019 10:35:00.000,6572.998,6572.998,6569.997,6569.998,0.002
23.07.2019 10:36:00.000,6569.998,6569.998,6566.997,6566.998,0.0013
23.07.2019 10:37:00.000,6568.998,6568.998,6567.997,6567.998,0.0005
23.07.2019 10:38:00.000,6567.998,6567.998,6566.997,6566.997,0.0004
23.07.2019 10:39:00.000,6567.997,6567.998,6566.997,6566.998,0.0018
23.07.2019 10:40:00.000,6567.997,6569.998,6565.997,6565.998,0.0036
23.07.2019 10:41:00.000,6565.997,6566.998,6565.997,6566.998,0.0017
23.07.2019 10:42:00.000,6566.998,6568.998,6565.998,6568.998,0.0022
23.07.2019 10:43:00.000,6568.997,6570.998,6568.997,6570.998,0.0011
23.07.2019 10:45:00.000,6571.997,6571.998,6569.997,6569.997,0.001
23.07.2019 10:46:00.000,6569.998,6569.998,6569.998,6569.998,0.0001
23.07.2019 10:47:00.000,6570.998,6570.998,6569.997,6569.997,0.0005
23.07.2019 10:48:00.000,6569.998,6569.998,6568.997,6568.998,0.001
23.07.2019 10:49:00.000,6568.998,6570.998,6568.997,6569.998,0.0009
23.07.2019 10:50:00.000,6568.997,6568.997,6562.997,6563.998,0.0021
23.07.2019 10:51:00.000,6563.997,6563.998,6563.997,6563.997,0.0008
23.07.2019 10:52:00.000,6564.998,6564.998,6564.997,6564.997,0.0039
23.07.2019 10:53:00.000,6564.998,6566.998,6564.997,6566.998,0.0039
23.07.2019 10:54:00.000,6567.998,6569.998,6567.998,6569.998,0.0008
23.07.2019 10:55:00.000,6569.997,6569.998,6569.997,6569.998,0.0002
23.07.2019 10:56:00.000,6569.998,6569.998,6566.997,6566.997,0.0011
23.07.2019 10:57:00.000,6566.998,6566.998,6565.997,6565.998,0.0002
23.07.2019 10:58:00.000,6565.997,6565.998,6563.998,6564.998,0.0005
23.07.2019 10:59:00.000,6563.997,6566.998,6563.997,6566.998,0.0017
23.07.2019 11:00:00.000,6566.997,6566.997,6564.998,6564.998,0.0003
23.07.2019 11:01:00.000,6564.997,6564.998,6564.997,6564.998,0.0001
23.07.2019 11:02:00.000,6564.998,6568.998,6564.997,6567.998,0.0022
23.07.2019 11:03:00.000,6568.997,6570.998,6568.997,6570.998,0.0009
23.07.2019 11:04:00.000,6570.998,6571.998,6568.998,6568.998,0.0011
23.07.2019 11:05:00.000,6569.998,6570.998,6566.997,6568.997,0.0041
23.07.2019 11:06:00.000,6568.998,6572.998,6568.997,6571.998,0.0021
23.07.2019 11:07:00.000,6571.997,6574.998,6569.997,6570.997,0.004
23.07.2019 11:08:00.000,6570.998,6570.998,6568.998,6569.998,0.0022
23.07.2019 11:09:00.000,6569.997,6570.998,6568.998,6570.997,0.0008
23.07.2019 11:10:00.000,6570.998,6573.998,6570.998,6573.998,0.0014
23.07.2019 11:11:00.000,6573.997,6573.997,6570.997,6570.997,0.0007
23.07.2019 11:12:00.000,6570.998,6571.998,6570.998,6571.998,0.0037
23.07.2019 11:13:00.000,6571.998,6573.998,6571.997,6572.998,0.0025
23.07.2019 11:14:00.000,6573.997,6573.997,6571.997,6572.998,0.0028
23.07.2019 11:15:00.000,6572.998,6575.997,6572.997,6575.997,0.0023
23.07.2019 11:17:00.000,6575.997,6576.998,6575.997,6575.998,0.0013
23.07.2019 11:18:00.000,6575.997,6575.998,6573.998,6575.998,0.0021
23.07.2019 11:19:00.000,6575.998,6575.998,6570.997,6573.998,0.0018
23.07.2019 11:20:00.000,6573.997,6573.998,6571.998,6571.998,0.0028
23.07.2019 11:21:00.000,6570.998,6570.998,6567.997,6568.998,0.0011
23.07.2019 11:22:00.000,6568.998,6569.998,6567.997,6568.997,0.0022
23.07.2019 11:23:00.000,6568.998,6569.998,6566.998,6569.998,0.0039
23.07.2019 11:24:00.000,6569.997,6571.998,6569.997,6570.998,0.0018
23.07.2019 11:25:00.000,6569.998,6571.998,6569.998,6570.998,0.0016
23.07.2019 11:26:00.000,6570.998,6570.998,6570.997,6570.998,0.0001
23.07.2019 11:27:00.000,6570.998,6571.998,6568.998,6571.998,0.0019
23.07.2019 11:28:00.000,6571.998,6572.998,6570.998,6570.998,0.0006
23.07.2019 11:29:00.000,6571.998,6571.998,6570.997,6570.997,0.0006
23.07.2019 11:30:00.000,6570.998,6571.998,6567.998,6567.998,0.0034
23.07.2019 11:31:00.000,6567.998,6568.998,6566.998,6567.998,0.0043
23.07.2019 11:32:00.000,6567.997,6567.997,6561.998,6561.998,0.0013
23.07.2019 11:33:00.000,6560.998,6561.998,6558.998,6559.997,0.0011
23.07.2019 11:34:00.000,6559.998,6559.998,6557.997,6557.998,0.0004
23.07.2019 11:35:00.000,6559.997,6559.998,6557.997,6557.998,0.0013
23.07.2019 11:36:00.000,6557.997,6558.998,6555.997,6557.998,0.0056
23.07.2019 11:37:00.000,6556.997,6560.998,6556.997,6558.998,0.0047
23.07.2019 11:38:00.000,6558.997,6559.998,6557.997,6558.997,0.0027
23.07.2019 11:39:00.000,6557.997,6558.998,6557.997,6558.997,0.0034
23.07.2019 11:40:00.000,6558.998,6558.998,6557.997,6557.997,0.0012
23.07.2019 11:41:00.000,6557.998,6559.998,6556.998,6556.998,0.0016
23.07.2019 11:42:00.000,6555.997,6559.998,6555.997,6558.998,0.0044
23.07.2019 11:43:00.000,6558.997,6558.998,6558.997,6558.998,0.0008
23.07.2019 11:44:00.000,6558.997,6558.998,6557.997,6557.997,0.0012
23.07.2019 11:45:00.000,6558.998,6560.998,6557.998,6557.998,0.0027
23.07.2019 11:46:00.000,6557.997,6557.998,6553.998,6555.998,0.0011
23.07.2019 11:47:00.000,6555.998,6555.998,6555.997,6555.998,0.0002
23.07.2019 11:48:00.000,6555.997,6556.998,6554.997,6554.997,0.0036
23.07.2019 11:49:00.000,6554.998,6556.998,6554.997,6554.998,0.0025
23.07.2019 11:50:00.000,6554.998,6554.998,6552.998,6552.998,0.0009
23.07.2019 11:51:00.000,6553.998,6555.998,6553.997,6555.997,0.0007
23.07.2019 11:52:00.000,6555.998,6557.998,6554.997,6554.998,0.0047
23.07.2019 11:53:00.000,6555.998,6555.998,6553.998,6553.998,0.0008
23.07.2019 11:54:00.000,6553.998,6553.998,6553.997,6553.997,0.0005
23.07.2019 11:55:00.000,6553.998,6555.998,6553.997,6555.998,0.0022
23.07.2019 11:56:00.000,6555.998,6555.998,6555.997,6555.998,0.0025
23.07.2019 11:57:00.000,6558.750,6561.998,6558.750,6561.998,0.0018
23.07.2019 11:58:00.000,6561.997,6563.998,6561.997,6563.998,0.0013
23.07.2019 11:59:00.000,6564.998,6565.998,6564.997,6564.998,0.0021
23.07.2019 12:00:00.000,6566.998,6568.998,6566.997,6567.997,0.0033
23.07.2019 12:01:00.000,6567.998,6570.998,6567.998,6569.998,0.0016
23.07.2019 12:02:00.000,6570.998,6571.998,6570.997,6571.998,0.0016
23.07.2019 12:03:00.000,6571.997,6573.998,6569.998,6573.998,0.0017
23.07.2019 12:04:00.000,6574.998,6576.998,6574.997,6576.998,0.0024
23.07.2019 12:05:00.000,6576.997,6576.997,6575.997,6575.998,0.0016
23.07.2019 12:06:00.000,6577.998,6581.998,6575.998,6581.998,0.003
23.07.2019 12:07:00.000,6581.997,6581.998,6581.997,6581.998,0.0037
23.07.2019 12:08:00.000,6581.997,6586.998,6581.997,6583.997,0.006
23.07.2019 12:09:00.000,6584.998,6584.998,6580.998,6582.997,0.0036
23.07.2019 12:10:00.000,6582.998,6583.997,6582.997,6583.997,0.0012
23.07.2019 12:11:00.000,6583.998,6583.998,6581.997,6581.997,0.0022
23.07.2019 12:12:00.000,6581.998,6581.998,6580.998,6581.998,0.0008
23.07.2019 12:13:00.000,6582.997,6586.998,6582.997,6584.998,0.0028
23.07.2019 12:14:00.000,6584.997,6585.998,6584.997,6585.998,0.0005
23.07.2019 12:15:00.000,6585.997,6585.998,6581.997,6582.997,0.0039
23.07.2019 12:16:00.000,6582.997,6582.998,6580.998,6582.998,0.002
23.07.2019 12:17:00.000,6582.997,6583.998,6581.997,6583.998,0.0029
23.07.2019 12:18:00.000,6583.997,6583.998,6580.997,6580.998,0.003
23.07.2019 12:19:00.000,6580.997,6583.998,6580.997,6582.997,0.0036
23.07.2019 12:20:00.000,6582.998,6583.998,6582.997,6582.998,0.0034
23.07.2019 12:21:00.000,6582.997,6583.998,6582.997,6582.997,0.0021
23.07.2019 12:22:00.000,6583.997,6583.998,6580.997,6580.998,0.0049
23.07.2019 12:23:00.000,6580.997,6581.998,6580.997,6581.997,0.0017
23.07.2019 12:24:00.000,6581.998,6581.998,6580.997,6581.998,0.0018
23.07.2019 12:25:00.000,6581.998,6581.998,6581.997,6581.998,0.0008
23.07.2019 12:26:00.000,6581.997,6581.997,6571.998,6572.998,0.0025
23.07.2019 12:27:00.000,6572.997,6572.998,6566.997,6567.997,0.0025
23.07.2019 12:28:00.000,6567.998,6573.998,6565.997,6573.998,0.0017
23.07.2019 12:29:00.000,6573.997,6573.997,6571.997,6571.998,0.001
23.07.2019 12:30:00.000,6572.997,6573.998,6571.998,6573.997,0.0015
23.07.2019 12:31:00.000,6573.998,6578.998,6573.998,6577.998,0.0006
23.07.2019 12:32:00.000,6577.997,6583.998,6577.997,6582.998,0.001
23.07.2019 12:33:00.000,6582.997,6582.997,6578.997,6578.998,0.0027
23.07.2019 12:34:00.000,6580.998,6581.998,6578.997,6581.998,0.0044
23.07.2019 12:35:00.000,6582.998,6582.998,6579.998,6580.998,0.0029
23.07.2019 12:36:00.000,6580.998,6582.998,6580.997,6582.998,0.0017
23.07.2019 12:37:00.000,6585.998,6590.998,6585.997,6589.997,0.0027
23.07.2019 12:38:00.000,6589.997,6589.998,6588.997,6589.997,0.0047
23.07.2019 12:39:00.000,6589.998,6590.998,6589.997,6589.998,0.0048
23.07.2019 12:40:00.000,6590.998,6595.998,6590.997,6595.998,0.0031
23.07.2019 12:41:00.000,6595.997,6596.998,6592.997,6592.998,0.0048
23.07.2019 12:42:00.000,6593.998,6594.998,6588.997,6588.997,0.0043
23.07.2019 12:43:00.000,6588.998,6589.998,6588.998,6588.998,0.0025
23.07.2019 12:44:00.000,6588.998,6588.998,6587.997,6588.998,0.0022
23.07.2019 12:45:00.000,6588.997,6588.998,6588.997,6588.998,0.0025
23.07.2019 12:46:00.000,6588.997,6588.998,6586.998,6588.998,0.0007
23.07.2019 12:47:00.000,6589.998,6589.998,6589.997,6589.998,0.0017
23.07.2019 12:48:00.000,6589.997,6592.998,6588.998,6592.997,0.0026
23.07.2019 12:49:00.000,6592.998,6592.998,6591.998,6591.998,0.0023
23.07.2019 12:50:00.000,6590.997,6590.998,6589.997,6590.997,0.0015
23.07.2019 12:51:00.000,6590.998,6591.998,6587.997,6587.998,0.0038
23.07.2019 12:52:00.000,6587.997,6589.997,6587.997,6589.997,0.0035
23.07.2019 12:53:00.000,6590.998,6590.998,6583.998,6584.998,0.0021
23.07.2019 12:54:00.000,6584.997,6584.997,6581.997,6582.998,0.0019
23.07.2019 12:55:00.000,6583.997,6583.998,6582.997,6582.998,0.0037
23.07.2019 12:56:00.000,6584.998,6587.998,6583.997,6587.997,0.0047
23.07.2019 12:57:00.000,6587.998,6587.998,6587.997,6587.997,0.0034
23.07.2019 12:58:00.000,6587.998,6587.998,6587.997,6587.998,0.0025
23.07.2019 12:59:00.000,6587.998,6587.998,6587.997,6587.998,0.0016
23.07.2019 13:00:00.000,6587.997,6588.998,6584.997,6584.997,0.0029
23.07.2019 13:01:00.000,6584.998,6584.998,6582.998,6583.997,0.0009
23.07.2019 13:02:00.000,6583.998,6584.998,6583.998,6584.998,0.0008
23.07.2019 13:03:00.000,6584.998,6584.998,6582.997,6582.998,0.0048
23.07.2019 13:04:00.000,6583.998,6583.998,6582.997,6582.997,0.001
23.07.2019 13:05:00.000,6582.998,6582.998,6579.997,6580.998,0.0032
23.07.2019 13:06:00.000,6580.997,6580.997,6580.997,6580.997,0.0003
23.07.2019 13:07:00.000,6581.997,6583.998,6581.997,6583.998,0.0008
23.07.2019 13:08:00.000,6583.998,6584.998,6582.997,6582.997,0.0025
23.07.2019 13:09:00.000,6582.997,6582.998,6579.997,6579.997,0.0018
23.07.2019 13:10:00.000,6579.997,6580.998,6578.998,6579.998,0.0018
23.07.2019 13:11:00.000,6579.998,6580.998,6579.997,6579.998,0.0047
23.07.2019 13:12:00.000,6580.998,6582.998,6580.997,6580.998,0.0017
23.07.2019 13:13:00.000,6580.997,6581.998,6578.998,6578.998,0.0012
23.07.2019 13:14:00.000,6578.998,6579.998,6578.997,6578.998,0.0021
23.07.2019 13:15:00.000,6578.998,6580.998,6578.998,6578.998,0.0027
23.07.2019 13:16:00.000,6579.998,6579.998,6578.997,6579.998,0.0036
23.07.2019 13:17:00.000,6578.998,6578.998,6575.998,6578.998,0.0046
23.07.2019 13:18:00.000,6578.998,6578.998,6576.998,6577.998,0.0018
23.07.2019 13:19:00.000,6578.997,6578.998,6576.997,6576.998,0.002
23.07.2019 13:20:00.000,6575.998,6577.998,6574.997,6577.998,0.0045
23.07.2019 13:21:00.000,6577.997,6579.998,6575.997,6575.998,0.0041
23.07.2019 13:22:00.000,6575.997,6576.998,6575.997,6576.998,0.0039
23.07.2019 13:24:00.000,6577.997,6577.998,6574.997,6575.997,0.003
23.07.2019 13:25:00.000,6576.997,6576.998,6576.997,6576.998,0.0009
23.07.2019 13:26:00.000,6577.998,6577.998,6577.998,6577.998,0.0003
23.07.2019 13:27:00.000,6577.998,6577.998,6574.998,6575.998,0.001
23.07.2019 13:29:00.000,6575.997,6576.998,6574.998,6576.998,0.001
23.07.2019 13:30:00.000,6576.998,6578.998,6576.997,6576.998,0.0023
23.07.2019 13:31:00.000,6576.997,6578.998,6575.997,6578.998,0.006
23.07.2019 13:32:00.000,6578.997,6578.998,6574.997,6574.997,0.0033
23.07.2019 13:33:00.000,6573.998,6577.998,6573.998,6577.997,0.0042
23.07.2019 13:34:00.000,6577.998,6577.998,6577.997,6577.998,0.0017
23.07.2019 13:35:00.000,6577.997,6577.998,6573.998,6573.998,0.0015
23.07.2019 13:36:00.000,6575.998,6575.998,6573.998,6573.998,0.0014
23.07.2019 13:37:00.000,6574.998,6574.998,6573.997,6573.998,0.001
23.07.2019 13:38:00.000,6573.998,6575.998,6571.998,6575.997,0.0027
23.07.2019 13:39:00.000,6576.998,6579.998,6576.998,6577.998,0.004
23.07.2019 13:40:00.000,6576.998,6577.998,6576.997,6577.997,0.002
23.07.2019 13:41:00.000,6577.998,6577.998,6573.997,6573.998,0.0058
23.07.2019 13:42:00.000,6572.998,6572.998,6569.997,6570.998,0.0027
23.07.2019 13:43:00.000,6571.997,6571.998,6567.997,6570.998,0.0058
23.07.2019 13:44:00.000,6571.998,6573.998,6569.997,6570.997,0.0029
23.07.2019 13:45:00.000,6570.997,6570.997,6568.997,6568.998,0.0013
23.07.2019 13:46:00.000,6568.997,6570.998,6568.997,6570.998,0.0014
23.07.2019 13:47:00.000,6570.998,6570.998,6569.997,6569.998,0.0007
23.07.2019 13:48:00.000,6569.997,6570.998,6569.997,6570.998,0.0021
23.07.2019 13:49:00.000,6570.997,6570.998,6570.997,6570.997,0.0032
23.07.2019 13:50:00.000,6570.997,6570.998,6563.997,6563.997,0.0074
23.07.2019 13:51:00.000,6563.998,6564.998,6563.997,6563.998,0.005
23.07.2019 13:52:00.000,6563.997,6564.998,6562.997,6562.998,0.0053
23.07.2019 13:53:00.000,6562.997,6562.998,6561.997,6561.998,0.0013
23.07.2019 13:54:00.000,6561.998,6561.998,6559.997,6560.998,0.0071
23.07.2019 13:55:00.000,6560.998,6564.998,6559.997,6559.998,0.0056
23.07.2019 13:56:00.000,6558.997,6559.998,6557.998,6557.998,0.001
23.07.2019 13:57:00.000,6557.750,6557.998,6555.998,6557.998,0.0011
23.07.2019 13:58:00.000,6558.997,6558.997,6557.997,6557.998,0.0009
23.07.2019 13:59:00.000,6559.998,6561.998,6559.997,6561.998,0.0025
23.07.2019 14:00:00.000,6562.998,6563.998,6562.998,6563.998,0.0012
23.07.2019 14:01:00.000,6563.997,6564.998,6563.997,6564.998,0.0007
23.07.2019 14:02:00.000,6565.998,6570.998,6565.997,6570.997,0.0036
23.07.2019 14:03:00.000,6570.998,6573.998,6570.998,6572.997,0.0018
23.07.2019 14:04:00.000,6573.998,6573.998,6569.998,6570.998,0.0039
23.07.2019 14:05:00.000,6570.997,6573.998,6570.997,6573.998,0.0053
23.07.2019 14:06:00.000,6573.997,6573.998,6571.997,6572.998,0.002
23.07.2019 14:07:00.000,6572.998,6572.998,6566.997,6567.997,0.003
23.07.2019 14:08:00.000,6567.998,6567.998,6563.997,6563.997,0.0018
23.07.2019 14:09:00.000,6564.997,6564.998,6560.997,6560.998,0.0041
23.07.2019 14:10:00.000,6560.998,6561.998,6560.998,6561.998,0.0021
23.07.2019 14:11:00.000,6561.998,6561.998,6560.998,6560.998,0.0002
23.07.2019 14:12:00.000,6561.997,6561.998,6558.997,6561.998,0.0086
23.07.2019 14:13:00.000,6561.998,6561.998,6560.997,6560.997,0.0035
23.07.2019 14:14:00.000,6561.997,6563.998,6561.997,6562.998,0.0026
23.07.2019 14:15:00.000,6561.997,6561.998,6560.997,6561.998,0.0073
23.07.2019 14:16:00.000,6561.998,6563.998,6561.998,6562.998,0.0019
23.07.2019 14:17:00.000,6562.997,6563.998,6560.998,6561.998,0.0011
23.07.2019 14:18:00.000,6561.997,6562.998,6561.997,6562.998,0.0007
23.07.2019 14:19:00.000,6562.998,6566.998,6562.997,6566.998,0.0026
23.07.2019 14:20:00.000,6566.998,6566.998,6566.997,6566.997,0.0004
23.07.2019 14:21:00.000,6566.998,6568.998,6566.998,6568.998,0.0034
23.07.2019 14:22:00.000,6568.998,6572.998,6568.998,6572.998,0.0039
23.07.2019 14:23:00.000,6572.998,6573.998,6570.998,6573.998,0.0021
23.07.2019 14:24:00.000,6573.997,6574.998,6573.997,6574.997,0.0013
23.07.2019 14:25:00.000,6575.997,6577.998,6575.997,6577.998,0.0022
23.07.2019 14:26:00.000,6578.998,6578.998,6574.997,6574.997,0.0043
23.07.2019 14:27:00.000,6574.998,6574.998,6570.997,6570.998,0.0033
23.07.2019 14:28:00.000,6570.997,6571.997,6569.998,6569.998,0.0029
23.07.2019 14:29:00.000,6569.997,6570.997,6562.997,6562.997,0.0082
23.07.2019 14:30:00.000,6562.998,6564.998,6561.998,6562.998,0.0077
23.07.2019 14:31:00.000,6562.997,6563.998,6560.997,6563.997,0.0057
23.07.2019 14:32:00.000,6563.998,6567.998,6563.998,6567.998,0.0061
23.07.2019 14:33:00.000,6568.998,6571.998,6567.997,6571.998,0.0086
23.07.2019 14:34:00.000,6572.997,6576.998,6571.998,6576.997,0.0064
23.07.2019 14:35:00.000,6576.998,6577.998,6574.997,6575.998,0.004
23.07.2019 14:36:00.000,6575.998,6578.998,6575.997,6576.997,0.0041
23.07.2019 14:37:00.000,6576.998,6577.998,6574.997,6577.997,0.0037
23.07.2019 14:38:00.000,6577.998,6578.998,6577.997,6577.998,0.0132
23.07.2019 14:39:00.000,6577.998,6578.997,6574.997,6576.997,0.0045
23.07.2019 14:40:00.000,6576.998,6579.998,6576.997,6578.998,0.0061
23.07.2019 14:41:00.000,6578.998,6579.998,6578.997,6579.997,0.0022
23.07.2019 14:42:00.000,6579.998,6579.998,6574.998,6577.998,0.0113
23.07.2019 14:43:00.000,6578.997,6580.998,6578.997,6579.997,0.0069
23.07.2019 14:44:00.000,6580.998,6580.998,6577.998,6579.998,0.0031
23.07.2019 14:45:00.000,6579.998,6581.998,6579.998,6580.998,0.0032
23.07.2019 14:46:00.000,6580.997,6580.998,6579.997,6580.997,0.0043
23.07.2019 14:47:00.000,6580.997,6580.998,6579.997,6579.998,0.0013
23.07.2019 14:48:00.000,6580.997,6580.997,6578.997,6578.998,0.0019
23.07.2019 14:49:00.000,6578.997,6581.998,6578.997,6580.997,0.0066
23.07.2019 14:50:00.000,6580.998,6581.998,6578.997,6578.998,0.0037
23.07.2019 14:51:00.000,6578.997,6579.998,6575.997,6579.998,0.0057
23.07.2019 14:52:00.000,6579.997,6582.998,6579.997,6582.997,0.0072
23.07.2019 14:53:00.000,6582.998,6582.998,6579.997,6580.997,0.0031
23.07.2019 14:54:00.000,6580.998,6581.998,6578.997,6579.997,0.0037
23.07.2019 14:55:00.000,6579.998,6581.998,6576.997,6576.998,0.0077
23.07.2019 14:56:00.000,6576.998,6577.998,6575.997,6577.997,0.0034
23.07.2019 14:57:00.000,6577.998,6577.998,6576.997,6576.997,0.0063
23.07.2019 14:58:00.000,6576.998,6576.998,6575.998,6576.998,0.0012
23.07.2019 14:59:00.000,6575.998,6575.998,6572.997,6575.997,0.0058
23.07.2019 15:00:00.000,6575.998,6578.998,6575.997,6578.998,0.0131
23.07.2019 15:01:00.000,6578.997,6579.997,6573.998,6573.998,0.0112
23.07.2019 15:02:00.000,6573.997,6575.998,6573.997,6575.998,0.0067
23.07.2019 15:03:00.000,6575.997,6578.998,6575.997,6578.998,0.0089
23.07.2019 15:04:00.000,6578.997,6579.998,6578.997,6579.998,0.0072
23.07.2019 15:05:00.000,6580.997,6580.998,6571.997,6571.997,0.0099
23.07.2019 15:06:00.000,6571.998,6576.998,6571.998,6575.997,0.0053
23.07.2019 15:07:00.000,6575.998,6578.998,6573.998,6578.997,0.0082
23.07.2019 15:08:00.000,6578.998,6578.998,6575.998,6576.998,0.0044
23.07.2019 15:09:00.000,6576.997,6577.998,6576.997,6577.998,0.0107
23.07.2019 15:10:00.000,6577.997,6580.998,6577.997,6580.997,0.0094
23.07.2019 15:11:00.000,6580.998,6580.998,6576.997,6578.998,0.0057
23.07.2019 15:12:00.000,6578.998,6580.998,6578.997,6580.998,0.0032
23.07.2019 15:13:00.000,6580.997,6581.998,6579.997,6581.998,0.0077
23.07.2019 15:14:00.000,6581.997,6581.998,6579.997,6579.998,0.003
23.07.2019 15:15:00.000,6579.997,6581.998,6579.997,6580.998,0.0107
23.07.2019 15:16:00.000,6580.750,6580.750,6577.997,6577.998,0.0044
23.07.2019 15:17:00.000,6577.997,6578.998,6575.997,6577.998,0.0095
23.07.2019 15:18:00.000,6577.997,6577.998,6576.997,6576.998,0.004
23.07.2019 15:19:00.000,6576.998,6577.998,6576.997,6576.998,0.0051
23.07.2019 15:20:00.000,6576.997,6576.998,6571.998,6573.998,0.0165
23.07.2019 15:21:00.000,6573.998,6573.998,6567.998,6568.998,0.0059
23.07.2019 15:22:00.000,6568.997,6568.998,6564.998,6565.998,0.0092
23.07.2019 15:23:00.000,6566.998,6570.998,6566.998,6569.998,0.0059
23.07.2019 15:24:00.000,6569.998,6570.998,6567.997,6567.998,0.0154
23.07.2019 15:25:00.000,6567.997,6568.998,6566.997,6568.997,0.0177
23.07.2019 15:26:00.000,6568.998,6568.998,6565.997,6566.997,0.0106
23.07.2019 15:27:00.000,6566.998,6572.998,6566.997,6571.998,0.0194
23.07.2019 15:28:00.000,6572.997,6576.998,6571.997,6576.997,0.0093
23.07.2019 15:29:00.000,6576.997,6576.998,6572.997,6572.998,0.0061
24.07.2019 07:00:00.000,6583.997,6583.998,6583.997,6583.998,0.0001
24.07.2019 07:02:00.000,6572.997,6572.998,6572.997,6572.998,0.0001
24.07.2019 07:03:00.000,6578.997,6578.997,6567.997,6567.998,0.0001
24.07.2019 07:04:00.000,6567.998,6567.998,6560.998,6560.998,0.0001
24.07.2019 07:05:00.000,6560.998,6562.998,6550.998,6550.998,0.0015
24.07.2019 07:06:00.000,6551.997,6552.998,6549.998,6549.998,0.0014
24.07.2019 07:07:00.000,6551.997,6562.998,6550.998,6562.998,0.0008
24.07.2019 07:08:00.000,6562.997,6568.997,6562.997,6568.997,0.0017
24.07.2019 07:09:00.000,6568.998,6574.998,6568.997,6571.998,0.0013
24.07.2019 07:10:00.000,6572.997,6573.998,6572.997,6573.998,0.0008
24.07.2019 07:11:00.000,6573.997,6573.998,6573.997,6573.998,0.0007
24.07.2019 07:12:00.000,6573.997,6573.997,6564.998,6565.997,0.0012
24.07.2019 07:13:00.000,6565.998,6569.998,6565.998,6568.998,0.0009
24.07.2019 07:14:00.000,6568.997,6568.997,6560.997,6562.998,0.0014
24.07.2019 07:15:00.000,6564.998,6568.997,6564.997,6565.998,0.0038
24.07.2019 07:16:00.000,6566.997,6566.998,6561.998,6562.998,0.0016
24.07.2019 07:17:00.000,6560.998,6560.998,6555.998,6555.998,0.0018
24.07.2019 07:18:00.000,6556.997,6562.998,6556.997,6562.998,0.0012
24.07.2019 07:19:00.000,6562.997,6564.998,6559.997,6561.998,0.0029
24.07.2019 07:20:00.000,6561.998,6562.998,6561.997,6562.998,0.0006
24.07.2019 07:21:00.000,6562.998,6569.998,6562.998,6569.998,0.0014
24.07.2019 07:22:00.000,6570.998,6573.998,6568.998,6573.997,0.0011
24.07.2019 07:23:00.000,6572.998,6572.998,6568.997,6569.998,0.0021
24.07.2019 07:24:00.000,6569.998,6571.998,6567.997,6567.998,0.0022
24.07.2019 07:25:00.000,6567.997,6567.998,6564.997,6564.998,0.002
24.07.2019 07:26:00.000,6564.998,6564.998,6558.997,6558.997,0.0055
24.07.2019 07:27:00.000,6558.998,6558.998,6553.998,6555.998,0.0029
24.07.2019 07:28:00.000,6554.998,6558.998,6554.997,6558.998,0.0033
24.07.2019 07:29:00.000,6559.997,6562.997,6558.997,6559.998,0.0022
24.07.2019 07:30:00.000,6559.997,6562.998,6557.997,6558.998,0.0042
24.07.2019 07:31:00.000,6557.998,6560.998,6555.997,6555.998,0.0038
24.07.2019 07:32:00.000,6555.998,6557.998,6555.997,6556.998,0.0027
24.07.2019 07:33:00.000,6556.997,6557.998,6554.997,6554.998,0.0025
24.07.2019 07:34:00.000,6554.998,6554.998,6552.997,6553.998,0.0055
24.07.2019 07:35:00.000,6553.997,6553.998,6549.998,6550.998,0.0024
24.07.2019 07:36:00.000,6550.998,6550.998,6550.997,6550.998,0.0002
24.07.2019 07:37:00.000,6550.997,6553.998,6549.997,6551.997,0.0034
24.07.2019 07:38:00.000,6551.997,6551.997,6543.998,6546.997,0.0025
24.07.2019 07:39:00.000,6546.998,6546.998,6540.997,6545.998,0.0026
24.07.2019 07:40:00.000,6544.998,6549.998,6543.998,6549.998,0.0036
24.07.2019 07:41:00.000,6549.997,6549.998,6546.998,6548.997,0.0014
24.07.2019 07:42:00.000,6548.998,6549.998,6541.998,6545.997,0.0031
24.07.2019 07:43:00.000,6545.997,6545.998,6541.997,6543.998,0.0013
24.07.2019 07:44:00.000,6543.997,6543.997,6534.997,6537.998,0.002
24.07.2019 07:45:00.000,6537.998,6537.998,6533.997,6537.998,0.0014
24.07.2019 07:46:00.000,6538.998,6539.998,6534.997,6539.998,0.0027
24.07.2019 07:47:00.000,6539.997,6539.997,6535.997,6536.998,0.0018
24.07.2019 07:48:00.000,6536.997,6540.998,6536.997,6539.997,0.0046
24.07.2019 07:49:00.000,6539.998,6541.998,6537.997,6538.997,0.0028
24.07.2019 07:50:00.000,6538.998,6543.998,6538.997,6538.998,0.0043
24.07.2019 07:51:00.000,6538.997,6538.997,6535.997,6537.998,0.001
24.07.2019 07:52:00.000,6536.997,6539.998,6532.998,6539.998,0.0039
24.07.2019 07:53:00.000,6539.997,6539.998,6539.997,6539.998,0.0001
24.07.2019 07:54:00.000,6539.997,6541.998,6537.997,6541.998,0.0031
24.07.2019 07:55:00.000,6541.997,6543.998,6540.997,6543.997,0.0037
24.07.2019 07:56:00.000,6543.998,6544.998,6540.998,6540.998,0.003
24.07.2019 07:57:00.000,6541.998,6545.998,6540.997,6540.998,0.0039
24.07.2019 07:58:00.000,6540.997,6540.998,6540.997,6540.997,0.0006
24.07.2019 07:59:00.000,6539.998,6540.997,6536.998,6537.998,0.0024
24.07.2019 08:00:00.000,6537.998,6545.998,6537.998,6545.998,0.0036
24.07.2019 08:01:00.000,6545.997,6548.998,6543.997,6548.997,0.0038
24.07.2019 08:02:00.000,6548.998,6555.998,6548.997,6553.998,0.006
24.07.2019 08:03:00.000,6554.997,6554.998,6552.997,6552.998,0.0019
24.07.2019 08:04:00.000,6552.997,6552.998,6547.997,6547.998,0.0022
24.07.2019 08:05:00.000,6548.997,6549.998,6547.997,6549.998,0.0039
24.07.2019 08:06:00.000,6548.998,6548.998,6542.998,6543.998,0.0045
24.07.2019 08:07:00.000,6544.998,6544.998,6543.997,6544.998,0.0005
24.07.2019 08:08:00.000,6544.998,6544.998,6542.997,6543.998,0.0022
24.07.2019 08:09:00.000,6545.997,6545.998,6544.997,6544.998,0.0027
24.07.2019 08:10:00.000,6544.998,6544.998,6538.997,6538.997,0.0023
24.07.2019 08:11:00.000,6538.998,6538.998,6536.998,6536.998,0.0013
24.07.2019 08:12:00.000,6536.997,6537.998,6536.997,6536.997,0.0024
24.07.2019 08:13:00.000,6537.997,6537.998,6532.997,6532.998,0.0024
24.07.2019 08:14:00.000,6533.997,6534.998,6532.997,6533.998,0.0036
24.07.2019 08:15:00.000,6533.997,6537.998,6533.997,6536.997,0.0026
24.07.2019 08:16:00.000,6538.998,6540.998,6536.997,6539.998,0.0045
24.07.2019 08:17:00.000,6539.998,6544.998,6539.998,6543.998,0.0041
24.07.2019 08:18:00.000,6544.998,6544.998,6537.998,6538.998,0.0044
24.07.2019 08:19:00.000,6538.997,6540.998,6538.997,6540.998,0.0012
24.07.2019 08:20:00.000,6540.997,6540.998,6539.997,6540.998,0.001
24.07.2019 08:21:00.000,6540.997,6544.998,6540.997,6544.998,0.0017
24.07.2019 08:22:00.000,6545.997,6548.998,6545.997,6548.998,0.0045
24.07.2019 08:23:00.000,6548.998,6549.998,6545.998,6547.998,0.0028
24.07.2019 08:24:00.000,6548.998,6549.998,6546.997,6549.998,0.0016
24.07.2019 08:25:00.000,6549.998,6552.998,6547.997,6552.998,0.0022
24.07.2019 08:26:00.000,6552.997,6552.997,6549.998,6552.997,0.0013
24.07.2019 08:27:00.000,6553.998,6554.998,6551.997,6552.998,0.0046
24.07.2019 08:28:00.000,6552.998,6552.998,6546.997,6548.998,0.0026
24.07.2019 08:29:00.000,6548.998,6549.998,6547.997,6549.998,0.0025
24.07.2019 08:30:00.000,6549.997,6549.997,6547.998,6547.998,0.0013
24.07.2019 08:31:00.000,6547.997,6547.998,6547.997,6547.998,0.0003
24.07.2019 08:32:00.000,6547.750,6547.750,6541.997,6541.998,0.0018
24.07.2019 08:33:00.000,6542.998,6542.998,6534.997,6535.998,0.0028
24.07.2019 08:34:00.000,6536.998,6539.998,6535.998,6537.998,0.0051
24.07.2019 08:35:00.000,6538.998,6538.998,6533.998,6534.998,0.0021
24.07.2019 08:36:00.000,6534.998,6534.998,6525.997,6530.998,0.0034
24.07.2019 08:37:00.000,6530.997,6536.998,6530.997,6535.998,0.0105
24.07.2019 08:38:00.000,6536.998,6538.998,6532.997,6532.997,0.0081
24.07.2019 08:39:00.000,6532.998,6534.998,6532.998,6533.998,0.0037
24.07.2019 08:40:00.000,6533.998,6533.998,6532.997,6532.998,0.0059
24.07.2019 08:41:00.000,6529.998,6530.998,6528.998,6530.998,0.0019
24.07.2019 08:42:00.000,6530.998,6530.998,6526.997,6528.998,0.0043
24.07.2019 08:43:00.000,6528.997,6528.997,6526.998,6527.998,0.002
24.07.2019 08:44:00.000,6527.998,6527.998,6522.997,6522.998,0.0026
24.07.2019 08:45:00.000,6523.998,6524.998,6519.998,6521.998,0.0018
24.07.2019 08:46:00.000,6521.997,6521.997,6515.998,6518.998,0.0018
24.07.2019 08:47:00.000,6519.997,6531.998,6519.997,6530.997,0.0048
24.07.2019 08:48:00.000,6530.997,6533.998,6530.997,6533.998,0.0025
24.07.2019 08:49:00.000,6534.997,6535.998,6526.997,6527.998,0.0039
24.07.2019 08:50:00.000,6528.998,6528.998,6527.998,6528.998,0.0012
24.07.2019 08:51:00.000,6526.998,6526.998,6522.998,6523.998,0.0033
24.07.2019 08:52:00.000,6524.998,6526.998,6524.997,6526.998,0.0006
24.07.2019 08:53:00.000,6526.997,6526.997,6521.998,6522.998,0.0012
24.07.2019 08:54:00.000,6522.997,6527.998,6522.997,6527.998,0.0054
24.07.2019 08:55:00.000,6526.997,6527.998,6525.997,6527.998,0.0047
24.07.2019 08:56:00.000,6527.997,6527.998,6527.997,6527.998,0.0013
24.07.2019 08:57:00.000,6527.997,6527.997,6524.997,6525.998,0.002
24.07.2019 08:58:00.000,6525.998,6525.998,6521.998,6521.998,0.002
24.07.2019 08:59:00.000,6521.998,6523.998,6521.997,6523.997,0.0014
24.07.2019 09:00:00.000,6523.998,6523.998,6522.997,6523.998,0.0066
24.07.2019 09:01:00.000,6518.998,6518.998,6516.997,6516.998,0.0012
24.07.2019 09:02:00.000,6516.997,6517.998,6516.997,6516.997,0.0009
24.07.2019 09:03:00.000,6516.998,6519.998,6516.997,6518.998,0.0024
24.07.2019 09:04:00.000,6518.997,6518.998,6517.997,6517.998,0.0015
24.07.2019 09:05:00.000,6518.997,6519.998,6515.997,6516.998,0.0028
24.07.2019 09:06:00.000,6516.997,6518.997,6513.997,6513.997,0.0029
24.07.2019 09:07:00.000,6513.998,6519.998,6513.997,6518.998,0.008
24.07.2019 09:08:00.000,6518.998,6519.998,6516.998,6519.998,0.0017
24.07.2019 09:09:00.000,6519.997,6519.998,6519.997,6519.998,0.0045
24.07.2019 09:10:00.000,6519.997,6522.998,6519.997,6522.998,0.004
24.07.2019 09:11:00.000,6522.997,6524.997,6518.997,6518.998,0.0041
24.07.2019 09:12:00.000,6518.998,6518.998,6510.997,6510.998,0.0029
24.07.2019 09:13:00.000,6510.998,6511.998,6510.997,6511.997,0.0046
24.07.2019 09:14:00.000,6510.998,6512.998,6510.997,6510.998,0.0057
24.07.2019 09:15:00.000,6512.997,6516.998,6512.997,6516.997,0.0044
24.07.2019 09:16:00.000,6517.997,6517.998,6516.997,6517.998,0.0047
24.07.2019 09:17:00.000,6517.998,6522.998,6516.998,6520.997,0.0046
24.07.2019 09:18:00.000,6520.998,6522.998,6520.998,6522.998,0.0051
24.07.2019 09:19:00.000,6522.997,6522.998,6520.998,6521.997,0.0014
24.07.2019 09:20:00.000,6522.998,6522.998,6522.997,6522.998,0.003
24.07.2019 09:21:00.000,6522.997,6522.998,6520.997,6521.998,0.0032
24.07.2019 09:22:00.000,6520.998,6520.998,6520.998,6520.998,0.0003
24.07.2019 09:23:00.000,6520.997,6520.997,6519.997,6519.997,0.001
24.07.2019 09:24:00.000,6517.997,6518.998,6516.998,6517.998,0.0054
24.07.2019 09:25:00.000,6516.998,6516.998,6515.998,6515.998,0.0012
24.07.2019 09:26:00.000,6516.998,6519.998,6516.998,6519.997,0.0008
24.07.2019 09:27:00.000,6519.997,6519.998,6518.997,6519.997,0.0012
24.07.2019 09:28:00.000,6519.997,6520.998,6518.998,6520.998,0.0039
24.07.2019 09:29:00.000,6520.997,6520.998,6515.997,6516.998,0.0026
24.07.2019 09:30:00.000,6516.998,6518.998,6515.997,6517.998,0.0048
24.07.2019 09:31:00.000,6516.998,6516.998,6515.997,6515.998,0.0012
24.07.2019 09:32:00.000,6515.997,6515.998,6514.997,6514.998,0.0021
24.07.2019 09:33:00.000,6515.998,6518.998,6515.998,6518.998,0.0031
24.07.2019 09:34:00.000,6517.998,6517.998,6512.997,6513.998,0.0023
24.07.2019 09:35:00.000,6511.998,6511.998,6509.997,6511.998,0.0013
24.07.2019 09:36:00.000,6512.997,6513.998,6510.997,6511.998,0.0023
24.07.2019 09:37:00.000,6511.997,6513.998,6511.997,6513.997,0.0022
24.07.2019 09:38:00.000,6513.997,6513.997,6511.997,6511.998,0.0024
24.07.2019 09:39:00.000,6512.998,6513.998,6509.997,6509.998,0.0026
24.07.2019 09:40:00.000,6509.997,6510.998,6508.997,6510.998,0.0046
24.07.2019 09:41:00.000,6510.998,6510.998,6506.997,6507.998,0.002
24.07.2019 09:42:00.000,6505.998,6506.998,6505.997,6506.998,0.0009
24.07.2019 09:43:00.000,6507.997,6508.998,6507.997,6508.998,0.0009
24.07.2019 09:44:00.000,6507.998,6508.998,6507.997,6508.998,0.0018
24.07.2019 09:45:00.000,6507.997,6508.998,6506.997,6507.998,0.0031
24.07.2019 09:46:00.000,6507.997,6508.998,6506.997,6508.997,0.0018
24.07.2019 09:47:00.000,6509.998,6509.998,6505.998,6506.998,0.0041
24.07.2019 09:48:00.000,6506.998,6508.998,6504.997,6508.998,0.0039
24.07.2019 09:49:00.000,6508.998,6508.998,6508.998,6508.998,0.0002
24.07.2019 09:50:00.000,6506.998,6506.998,6505.997,6505.997,0.0034
24.07.2019 09:51:00.000,6504.998,6504.998,6501.998,6502.998,0.0019
24.07.2019 09:52:00.000,6503.998,6504.998,6503.997,6504.998,0.0014
24.07.2019 09:53:00.000,6504.997,6505.998,6504.997,6505.997,0.0024
24.07.2019 09:54:00.000,6506.998,6506.998,6506.998,6506.998,0.0001
24.07.2019 09:55:00.000,6505.998,6506.998,6505.997,6505.998,0.0071
24.07.2019 09:56:00.000,6506.997,6508.998,6506.997,6507.998,0.0058
24.07.2019 09:57:00.000,6507.998,6508.998,6507.998,6508.997,0.0025
24.07.2019 09:58:00.000,6508.998,6509.998,6505.997,6505.998,0.0066
24.07.2019 09:59:00.000,6505.997,6507.998,6505.997,6505.998,0.0055
24.07.2019 10:00:00.000,6506.997,6506.998,6504.997,6505.998,0.0058
24.07.2019 10:01:00.000,6505.998,6505.998,6504.997,6504.998,0.003
24.07.2019 10:02:00.000,6504.998,6504.998,6497.997,6497.998,0.0026
24.07.2019 10:03:00.000,6497.998,6498.998,6497.997,6497.998,0.0022
24.07.2019 10:04:00.000,6498.998,6498.998,6497.997,6498.998,0.0016
24.07.2019 10:05:00.000,6499.998,6501.998,6498.998,6501.998,0.0031
24.07.2019 10:06:00.000,6502.997,6502.998,6496.997,6496.997,0.0042
24.07.2019 10:07:00.000,6497.997,6498.998,6494.997,6494.998,0.0019
24.07.2019 10:08:00.000,6494.997,6496.998,6493.997,6494.997,0.0037
24.07.2019 10:09:00.000,6494.998,6494.998,6492.997,6492.998,0.013
24.07.2019 10:10:00.000,6492.997,6492.998,6483.998,6483.998,0.0087
24.07.2019 10:11:00.000,6483.998,6488.998,6483.998,6486.998,0.0043
24.07.2019 10:12:00.000,6486.998,6490.997,6486.998,6490.997,0.0026
24.07.2019 10:13:00.000,6489.998,6490.998,6487.997,6487.998,0.0045
24.07.2019 10:14:00.000,6487.998,6488.998,6485.997,6488.998,0.0034
24.07.2019 10:15:00.000,6488.998,6490.998,6488.997,6488.998,0.0032
24.07.2019 10:16:00.000,6488.997,6488.997,6486.997,6486.998,0.0026
24.07.2019 10:17:00.000,6487.998,6488.998,6485.997,6485.997,0.0015
24.07.2019 10:18:00.000,6485.998,6485.998,6480.998,6481.998,0.0028
24.07.2019 10:19:00.000,6481.997,6483.998,6479.997,6483.997,0.0063
24.07.2019 10:20:00.000,6483.997,6483.997,6478.998,6479.997,0.0059
24.07.2019 10:21:00.000,6480.998,6480.998,6476.997,6479.998,0.0056
24.07.2019 10:22:00.000,6480.998,6480.998,6476.997,6477.998,0.005
24.07.2019 10:23:00.000,6477.997,6479.998,6477.997,6477.998,0.0051
24.07.2019 10:24:00.000,6479.750,6480.998,6477.997,6477.998,0.0025
24.07.2019 10:25:00.000,6477.997,6482.998,6477.997,6482.998,0.0039
24.07.2019 10:26:00.000,6482.997,6485.998,6481.997,6485.997,0.0047
24.07.2019 10:27:00.000,6485.998,6485.998,6481.997,6481.998,0.0025
24.07.2019 10:28:00.000,6482.997,6482.997,6481.997,6482.997,0.0021
24.07.2019 10:29:00.000,6482.998,6482.998,6479.997,6479.998,0.0023
24.07.2019 10:30:00.000,6479.997,6479.998,6476.998,6478.998,0.0041
24.07.2019 10:31:00.000,6479.997,6481.998,6479.997,6481.997,0.0049
24.07.2019 10:32:00.000,6481.998,6484.998,6481.997,6484.998,0.0091
24.07.2019 10:33:00.000,6484.997,6490.998,6484.997,6490.998,0.0029
24.07.2019 10:34:00.000,6490.997,6490.998,6490.997,6490.997,0.0012
24.07.2019 10:35:00.000,6490.998,6490.998,6489.997,6490.997,0.003
24.07.2019 10:36:00.000,6490.998,6490.998,6486.998,6489.998,0.0042
24.07.2019 10:37:00.000,6490.998,6498.998,6490.998,6498.997,0.0037
24.07.2019 10:38:00.000,6498.998,6501.998,6497.997,6501.998,0.0036
24.07.2019 10:39:00.000,6501.997,6504.998,6501.997,6503.998,0.0036
24.07.2019 10:40:00.000,6503.998,6503.998,6501.997,6502.997,0.0017
24.07.2019 10:41:00.000,6502.998,6502.998,6498.998,6499.998,0.0006
24.07.2019 10:42:00.000,6499.998,6499.998,6497.998,6497.998,0.0008
24.07.2019 10:43:00.000,6496.998,6498.997,6495.997,6497.998,0.0011
24.07.2019 10:44:00.000,6497.997,6497.997,6492.997,6492.998,0.0021
24.07.2019 10:45:00.000,6490.998,6490.998,6488.998,6489.997,0.001
24.07.2019 10:46:00.000,6488.997,6488.998,6485.997,6486.997,0.0016
24.07.2019 10:47:00.000,6486.997,6488.998,6486.997,6488.997,0.0006
24.07.2019 10:48:00.000,6489.998,6491.998,6489.997,6491.998,0.0047
24.07.2019 10:49:00.000,6491.997,6491.998,6489.997,6490.998,0.0025
24.07.2019 10:50:00.000,6490.997,6491.997,6489.997,6489.997,0.0043
24.07.2019 10:51:00.000,6489.998,6492.998,6489.998,6491.997,0.0037
24.07.2019 10:52:00.000,6491.997,6491.997,6489.997,6490.998,0.0011
24.07.2019 10:53:00.000,6489.998,6490.998,6486.997,6487.997,0.0011
24.07.2019 10:54:00.000,6488.997,6488.997,6487.997,6487.997,0.0005
24.07.2019 10:55:00.000,6487.997,6490.998,6487.997,6487.998,0.0057
24.07.2019 10:56:00.000,6487.997,6487.997,6482.998,6485.998,0.0027
24.07.2019 10:57:00.000,6483.998,6483.998,6483.997,6483.998,0.0014
24.07.2019 10:58:00.000,6484.998,6484.998,6478.997,6479.998,0.0038
24.07.2019 10:59:00.000,6479.998,6479.998,6474.998,6475.998,0.0037
24.07.2019 11:02:00.000,6471.998,6474.998,6468.998,6468.998,0.0059
24.07.2019 11:03:00.000,6467.997,6470.998,6467.997,6468.998,0.0056
24.07.2019 11:04:00.000,6468.997,6471.998,6468.997,6471.998,0.0035
24.07.2019 11:05:00.000,6472.998,6474.998,6472.997,6474.998,0.0016
24.07.2019 11:06:00.000,6474.997,6475.997,6472.997,6473.997,0.0062
24.07.2019 11:07:00.000,6473.997,6473.998,6472.997,6472.998,0.0077
24.07.2019 11:08:00.000,6472.997,6472.997,6467.997,6467.998,0.0094
24.07.2019 11:09:00.000,6467.997,6469.998,6467.997,6467.998,0.0056
24.07.2019 11:10:00.000,6468.997,6473.998,6468.997,6473.998,0.0052
24.07.2019 11:11:00.000,6474.998,6477.998,6474.998,6477.998,0.0027
24.07.2019 11:12:00.000,6477.997,6478.998,6468.998,6470.998,0.01
24.07.2019 11:13:00.000,6470.998,6471.998,6467.997,6469.998,0.0054
24.07.2019 11:14:00.000,6470.997,6470.998,6467.997,6467.997,0.0048
24.07.2019 11:15:00.000,6467.998,6467.998,6461.997,6461.997,0.0074
24.07.2019 11:16:00.000,6462.997,6464.998,6458.997,6458.997,0.0044
24.07.2019 11:17:00.000,6458.998,6460.998,6456.997,6460.997,0.0047
24.07.2019 11:18:00.000,6460.998,6460.998,6457.997,6457.997,0.0033
24.07.2019 11:19:00.000,6458.998,6459.998,6456.998,6457.998,0.0028
24.07.2019 11:20:00.000,6457.998,6459.998,6457.997,6458.998,0.0044
24.07.2019 11:21:00.000,6459.998,6461.998,6458.997,6461.998,0.0028
24.07.2019 11:22:00.000,6462.997,6463.998,6462.997,6462.998,0.0029
24.07.2019 11:23:00.000,6462.997,6462.998,6458.997,6458.998,0.0046
24.07.2019 11:24:00.000,6458.997,6459.998,6455.997,6455.998,0.0031
24.07.2019 11:25:00.000,6455.997,6459.998,6455.997,6458.997,0.0008
24.07.2019 11:26:00.000,6458.997,6460.998,6457.997,6460.998,0.003
24.07.2019 11:27:00.000,6460.997,6460.998,6457.998,6457.998,0.0045
24.07.2019 11:28:00.000,6457.997,6457.998,6453.998,6454.998,0.0037
24.07.2019 11:29:00.000,6454.998,6455.998,6452.997,6452.998,0.004
24.07.2019 11:30:00.000,6452.998,6457.998,6451.997,6457.998,0.0062
24.07.2019 11:31:00.000,6458.997,6461.998,6458.997,6460.998,0.0037
24.07.2019 11:32:00.000,6460.997,6460.998,6459.997,6459.998,0.0029
24.07.2019 11:33:00.000,6459.750,6459.750,6457.998,6458.997,0.0014
24.07.2019 11:34:00.000,6459.997,6460.998,6456.998,6456.998,0.0023
24.07.2019 11:35:00.000,6456.997,6456.998,6452.997,6454.997,0.0036
24.07.2019 11:36:00.000,6454.998,6456.998,6454.997,6456.998,0.0033
24.07.2019 11:37:00.000,6457.997,6457.997,6453.997,6453.998,0.0027
24.07.2019 11:38:00.000,6454.997,6455.998,6453.997,6454.998,0.0044
24.07.2019 11:39:00.000,6453.997,6454.998,6449.997,6449.998,0.0038
24.07.2019 11:40:00.000,6449.998,6450.998,6449.998,6450.998,0.0009
24.07.2019 11:41:00.000,6450.997,6451.998,6444.997,6444.997,0.0052
24.07.2019 11:42:00.000,6441.997,6443.998,6441.997,6443.998,0.0024
24.07.2019 11:43:00.000,6443.997,6443.998,6439.997,6441.998,0.0039
24.07.2019 11:44:00.000,6442.998,6445.998,6442.997,6445.998,0.0031
24.07.2019 11:45:00.000,6445.997,6445.998,6439.997,6439.998,0.0032
24.07.2019 11:46:00.000,6442.750,6446.998,6442.750,6445.998,0.0022
24.07.2019 11:47:00.000,6446.998,6446.998,6446.997,6446.998,0.0018
24.07.2019 11:48:00.000,6446.997,6446.998,6441.998,6442.998,0.0036
24.07.2019 11:49:00.000,6440.997,6441.998,6439.997,6440.998,0.0023
24.07.2019 11:50:00.000,6440.997,6442.998,6440.997,6441.997,0.003
24.07.2019 11:51:00.000,6441.998,6444.750,6441.998,6442.997,0.0038
24.07.2019 11:52:00.000,6441.998,6442.998,6441.997,6441.998,0.0037
24.07.2019 11:53:00.000,6441.997,6441.998,6441.997,6441.998,0.0019
24.07.2019 11:54:00.000,6441.997,6443.998,6439.998,6443.998,0.0029
24.07.2019 11:55:00.000,6443.997,6444.998,6438.998,6444.998,0.0055
24.07.2019 11:56:00.000,6442.998,6444.998,6440.998,6440.998,0.0009
24.07.2019 11:57:00.000,6439.998,6442.998,6436.998,6437.998,0.0038
24.07.2019 11:58:00.000,6437.998,6440.998,6436.997,6440.998,0.0071
24.07.2019 11:59:00.000,6440.998,6441.998,6440.998,6441.998,0.004
24.07.2019 12:00:00.000,6441.998,6446.998,6441.997,6443.998,0.0024
24.07.2019 12:01:00.000,6444.997,6450.998,6444.997,6450.998,0.0031
24.07.2019 12:02:00.000,6450.998,6450.998,6437.997,6437.997,0.0054
24.07.2019 12:03:00.000,6438.997,6440.998,6436.998,6437.998,0.0032
24.07.2019 12:04:00.000,6438.998,6439.998,6438.997,6439.998,0.0017
24.07.2019 12:05:00.000,6439.998,6439.998,6429.998,6429.998,0.0033
24.07.2019 12:06:00.000,6432.997,6435.998,6432.997,6434.997,0.0035
24.07.2019 12:07:00.000,6434.998,6434.998,6433.998,6434.997,0.0011
24.07.2019 12:08:00.000,6434.998,6435.997,6429.997,6430.997,0.0053
24.07.2019 12:09:00.000,6431.998,6433.998,6431.997,6433.998,0.0042
24.07.2019 12:10:00.000,6432.998,6438.998,6432.998,6437.998,0.0046
24.07.2019 12:11:00.000,6438.997,6438.998,6437.997,6437.997,0.0034
24.07.2019 12:12:00.000,6437.998,6437.998,6435.997,6436.997,0.0044
24.07.2019 12:13:00.000,6436.998,6442.998,6435.998,6441.998,0.004
24.07.2019 12:14:00.000,6443.998,6445.998,6442.997,6445.998,0.0042
24.07.2019 12:15:00.000,6445.997,6451.998,6445.997,6451.998,0.0036
24.07.2019 12:16:00.000,6451.997,6451.998,6447.998,6448.998,0.0028
24.07.2019 12:17:00.000,6449.998,6450.998,6449.997,6450.997,0.0018
24.07.2019 12:18:00.000,6450.998,6451.998,6449.997,6451.998,0.0027
24.07.2019 12:19:00.000,6451.997,6451.998,6449.997,6449.997,0.0017
24.07.2019 12:20:00.000,6450.998,6450.998,6449.997,6450.998,0.002
24.07.2019 12:21:00.000,6450.997,6450.998,6450.997,6450.998,0.0037
24.07.2019 12:22:00.000,6450.998,6452.998,6450.997,6452.998,0.0009
24.07.2019 12:23:00.000,6452.998,6452.998,6448.997,6449.998,0.0018
24.07.2019 12:24:00.000,6449.998,6449.998,6443.997,6443.998,0.0026
24.07.2019 12:25:00.000,6443.997,6443.998,6443.997,6443.998,0.0026
24.07.2019 12:26:00.000,6444.998,6446.998,6440.997,6440.997,0.0042
24.07.2019 12:27:00.000,6440.998,6446.998,6440.997,6446.998,0.0031
24.07.2019 12:28:00.000,6447.997,6448.998,6447.997,6448.998,0.0022
24.07.2019 12:29:00.000,6448.997,6448.997,6443.997,6446.997,0.0063
24.07.2019 12:30:00.000,6446.998,6447.998,6446.997,6447.998,0.0059
24.07.2019 12:31:00.000,6448.998,6455.998,6448.998,6455.998,0.0072
24.07.2019 12:32:00.000,6455.997,6455.998,6450.998,6454.998,0.0043
24.07.2019 12:33:00.000,6454.998,6459.998,6454.998,6459.998,0.0032
24.07.2019 12:34:00.000,6459.997,6459.998,6459.997,6459.998,0.0021
24.07.2019 12:35:00.000,6459.997,6466.998,6459.997,6466.998,0.0041
24.07.2019 12:36:00.000,6466.998,6466.998,6462.997,6465.998,0.0029
24.07.2019 12:37:00.000,6465.997,6465.998,6462.997,6464.997,0.0034
24.07.2019 12:38:00.000,6464.998,6464.998,6461.997,6463.998,0.0018
24.07.2019 12:39:00.000,6463.998,6464.998,6463.998,6464.998,0.0009
24.07.2019 12:40:00.000,6464.998,6466.998,6463.997,6466.998,0.0021
24.07.2019 12:41:00.000,6466.997,6469.998,6465.997,6465.998,0.0045
24.07.2019 12:42:00.000,6466.998,6467.998,6466.997,6466.998,0.0005
24.07.2019 12:43:00.000,6466.998,6466.998,6462.998,6465.998,0.0025
24.07.2019 12:44:00.000,6465.997,6466.998,6465.997,6466.998,0.0011
24.07.2019 12:45:00.000,6464.998,6467.998,6463.997,6463.997,0.002
24.07.2019 12:46:00.000,6463.997,6464.998,6461.998,6463.998,0.0014
24.07.2019 12:47:00.000,6463.997,6463.998,6458.997,6458.997,0.002
24.07.2019 12:48:00.000,6458.998,6461.998,6457.998,6457.998,0.0019
24.07.2019 12:49:00.000,6458.998,6458.998,6457.997,6458.998,0.0008
24.07.2019 12:50:00.000,6459.998,6460.998,6459.997,6459.998,0.0015
24.07.2019 12:51:00.000,6459.997,6461.998,6458.998,6461.998,0.0054
24.07.2019 12:52:00.000,6461.998,6461.998,6458.997,6458.998,0.0025
24.07.2019 12:53:00.000,6457.998,6458.998,6457.997,6458.998,0.0014
24.07.2019 12:54:00.000,6458.997,6459.998,6458.997,6459.998,0.0017
24.07.2019 12:55:00.000,6460.998,6462.998,6458.997,6462.998,0.0036
24.07.2019 12:56:00.000,6462.997,6462.998,6462.997,6462.997,0.0023
24.07.2019 12:57:00.000,6462.998,6466.998,6461.998,6461.998,0.0043
24.07.2019 12:58:00.000,6461.998,6461.998,6459.997,6461.997,0.002
24.07.2019 12:59:00.000,6461.998,6462.997,6460.998,6460.998,0.0016
24.07.2019 13:00:00.000,6460.997,6460.998,6457.997,6457.997,0.006
24.07.2019 13:01:00.000,6458.997,6459.998,6456.998,6457.998,0.0031
24.07.2019 13:02:00.000,6457.998,6460.997,6456.997,6460.997,0.0024
24.07.2019 13:03:00.000,6461.997,6463.998,6461.997,6463.997,0.0023
24.07.2019 13:04:00.000,6463.998,6463.998,6459.998,6459.998,0.0027
24.07.2019 13:05:00.000,6459.998,6460.998,6458.998,6459.998,0.0043
24.07.2019 13:06:00.000,6460.997,6460.998,6459.998,6460.998,0.0004
24.07.2019 13:07:00.000,6460.997,6461.998,6460.997,6460.997,0.0024
24.07.2019 13:08:00.000,6460.998,6461.998,6460.997,6460.997,0.0031
24.07.2019 13:09:00.000,6460.998,6460.998,6455.998,6456.998,0.0021
24.07.2019 13:10:00.000,6456.750,6456.998,6452.997,6456.997,0.004
24.07.2019 13:11:00.000,6456.998,6456.998,6455.998,6455.998,0.0003
24.07.2019 13:12:00.000,6456.998,6459.998,6456.998,6458.998,0.0019
24.07.2019 13:13:00.000,6458.997,6458.998,6456.998,6457.998,0.0027
24.07.2019 13:14:00.000,6457.997,6458.998,6457.997,6458.998,0.0005
24.07.2019 13:15:00.000,6459.997,6462.998,6459.997,6462.997,0.0074
24.07.2019 13:16:00.000,6461.997,6461.998,6461.997,6461.997,0.0038
24.07.2019 13:17:00.000,6461.998,6462.998,6461.997,6461.997,0.004
24.07.2019 13:18:00.000,6460.998,6461.998,6460.997,6461.998,0.0042
24.07.2019 13:19:00.000,6461.997,6461.998,6460.997,6460.997,0.0058
24.07.2019 13:20:00.000,6460.998,6461.998,6460.997,6460.998,0.0049
24.07.2019 13:21:00.000,6460.997,6461.998,6458.998,6461.998,0.0044
24.07.2019 13:22:00.000,6461.998,6462.998,6460.997,6460.998,0.0038
24.07.2019 13:23:00.000,6460.998,6461.998,6459.998,6460.997,0.0024
24.07.2019 13:24:00.000,6461.997,6463.998,6461.997,6463.997,0.0021
24.07.2019 13:25:00.000,6463.998,6464.998,6460.997,6460.998,0.0051
24.07.2019 13:26:00.000,6460.998,6462.998,6460.997,6462.998,0.0019
24.07.2019 13:27:00.000,6462.997,6464.998,6462.997,6463.998,0.0021
24.07.2019 13:28:00.000,6462.998,6463.998,6462.997,6463.998,0.0014
24.07.2019 13:29:00.000,6464.998,6465.998,6464.998,6465.998,0.0004
24.07.2019 13:30:00.000,6465.997,6465.998,6461.997,6464.998,0.0055
24.07.2019 13:31:00.000,6463.998,6464.998,6459.997,6459.998,0.0031
24.07.2019 13:32:00.000,6458.998,6458.998,6454.998,6454.998,0.0025
24.07.2019 13:33:00.000,6454.998,6454.998,6447.997,6447.997,0.0018
24.07.2019 13:34:00.000,6447.998,6449.998,6447.998,6449.998,0.0003
24.07.2019 13:35:00.000,6449.997,6451.998,6447.998,6449.998,0.0038
24.07.2019 13:36:00.000,6449.997,6450.998,6448.997,6450.997,0.0032
24.07.2019 13:37:00.000,6450.998,6452.998,6450.998,6452.998,0.0097
24.07.2019 13:38:00.000,6452.997,6453.998,6449.997,6453.998,0.0092
24.07.2019 13:39:00.000,6453.997,6454.998,6452.997,6454.998,0.0099
24.07.2019 13:40:00.000,6454.997,6456.998,6454.997,6456.997,0.0045
24.07.2019 13:41:00.000,6456.998,6456.998,6451.998,6452.998,0.0073
24.07.2019 13:42:00.000,6452.998,6452.998,6450.997,6450.997,0.0071
24.07.2019 13:43:00.000,6450.998,6450.998,6447.997,6447.998,0.0035
24.07.2019 13:44:00.000,6448.998,6448.998,6444.997,6444.998,0.0074
24.07.2019 13:45:00.000,6445.997,6448.998,6444.997,6448.998,0.0134
24.07.2019 13:46:00.000,6449.998,6449.998,6448.997,6448.998,0.0064
24.07.2019 13:47:00.000,6448.998,6451.998,6448.998,6450.997,0.0118
24.07.2019 13:48:00.000,6451.998,6455.998,6451.997,6455.997,0.0119
24.07.2019 13:49:00.000,6455.998,6460.998,6455.997,6459.998,0.0086
24.07.2019 13:50:00.000,6460.997,6468.998,6460.997,6467.998,0.0172
24.07.2019 13:51:00.000,6468.998,6472.998,6467.997,6472.998,0.0216
24.07.2019 13:52:00.000,6472.997,6475.998,6472.997,6473.997,0.0106
24.07.2019 13:53:00.000,6474.998,6478.998,6474.997,6474.998,0.0113
24.07.2019 13:54:00.000,6474.997,6477.998,6472.997,6477.997,0.0086
24.07.2019 13:55:00.000,6477.998,6481.998,6477.997,6481.998,0.0087
24.07.2019 13:56:00.000,6482.997,6486.998,6481.998,6481.998,0.0094
24.07.2019 13:57:00.000,6481.997,6487.998,6481.997,6485.998,0.0046
24.07.2019 13:58:00.000,6485.998,6489.998,6485.997,6489.998,0.0036
24.07.2019 13:59:00.000,6489.998,6493.998,6489.997,6492.998,0.0068
24.07.2019 14:00:00.000,6492.997,6493.998,6492.997,6493.998,0.0018
24.07.2019 14:01:00.000,6493.998,6493.998,6491.997,6492.997,0.0062
24.07.2019 14:02:00.000,6493.997,6493.998,6491.997,6492.998,0.0091
24.07.2019 14:03:00.000,6493.998,6494.998,6488.998,6493.998,0.0077
24.07.2019 14:04:00.000,6493.997,6493.998,6489.997,6493.997,0.0115
24.07.2019 14:05:00.000,6493.750,6493.750,6488.997,6488.998,0.0046
24.07.2019 14:06:00.000,6488.997,6492.998,6485.998,6485.998,0.008
24.07.2019 14:07:00.000,6486.997,6487.998,6485.997,6487.998,0.0038
24.07.2019 14:08:00.000,6487.998,6488.998,6486.997,6488.998,0.0058
24.07.2019 14:09:00.000,6488.997,6493.998,6488.997,6493.998,0.0058
24.07.2019 14:10:00.000,6494.997,6495.998,6491.997,6492.997,0.007
24.07.2019 14:11:00.000,6492.998,6492.998,6489.997,6490.998,0.0015
24.07.2019 14:12:00.000,6490.997,6491.998,6486.998,6490.998,0.0034
24.07.2019 14:13:00.000,6491.998,6494.998,6491.997,6493.998,0.0039
24.07.2019 14:14:00.000,6493.997,6493.997,6487.998,6490.998,0.0025
24.07.2019 14:15:00.000,6492.998,6494.998,6489.997,6489.998,0.0028
24.07.2019 14:16:00.000,6489.997,6491.998,6488.997,6489.997,0.0037
24.07.2019 14:17:00.000,6489.998,6490.998,6487.998,6488.998,0.0032
24.07.2019 14:18:00.000,6488.997,6488.998,6484.997,6486.998,0.0042
24.07.2019 14:19:00.000,6487.998,6493.998,6487.997,6493.997,0.0051
24.07.2019 14:20:00.000,6493.998,6493.998,6487.997,6488.998,0.0049
24.07.2019 14:21:00.000,6487.998,6487.998,6485.997,6487.998,0.0052
24.07.2019 14:22:00.000,6487.997,6487.998,6481.998,6481.998,0.0053
24.07.2019 14:23:00.000,6482.998,6485.998,6481.998,6483.998,0.009
24.07.2019 14:24:00.000,6483.998,6483.998,6477.997,6477.998,0.0036
24.07.2019 14:25:00.000,6477.998,6478.998,6475.998,6476.998,0.0066
24.07.2019 14:26:00.000,6476.997,6476.998,6474.997,6474.997,0.0051
24.07.2019 14:27:00.000,6474.998,6474.998,6468.997,6469.997,0.0103
24.07.2019 14:28:00.000,6469.998,6472.998,6469.998,6471.997,0.0053
24.07.2019 14:29:00.000,6471.998,6473.998,6471.998,6472.997,0.0093
24.07.2019 14:30:00.000,6472.997,6473.998,6471.997,6472.998,0.0108
24.07.2019 14:31:00.000,6472.997,6476.998,6472.997,6476.998,0.0073
24.07.2019 14:32:00.000,6476.997,6478.998,6474.997,6475.998,0.0166
24.07.2019 14:33:00.000,6475.997,6479.998,6474.998,6479.997,0.0084
24.07.2019 14:34:00.000,6479.998,6485.998,6479.998,6482.998,0.0059
24.07.2019 14:35:00.000,6483.998,6483.998,6477.997,6478.997,0.0072
24.07.2019 14:36:00.000,6478.998,6478.998,6471.998,6471.998,0.0052
24.07.2019 14:37:00.000,6472.998,6474.998,6472.997,6474.997,0.0027
24.07.2019 14:38:00.000,6474.998,6477.998,6474.997,6476.998,0.0079
24.07.2019 14:39:00.000,6477.997,6478.998,6475.997,6475.998,0.0153
24.07.2019 14:40:00.000,6475.997,6475.998,6474.997,6474.997,0.0015
24.07.2019 14:41:00.000,6474.998,6476.997,6473.997,6475.998,0.0063
24.07.2019 14:42:00.000,6474.997,6479.998,6474.997,6477.997,0.0088
24.07.2019 14:43:00.000,6477.998,6477.998,6471.998,6472.997,0.006
24.07.2019 14:44:00.000,6471.998,6473.998,6469.997,6469.998,0.0106
24.07.2019 14:45:00.000,6470.997,6474.998,6470.997,6473.998,0.0097
24.07.2019 14:46:00.000,6473.997,6474.998,6470.997,6470.998,0.0075
24.07.2019 14:47:00.000,6470.997,6471.998,6468.998,6469.997,0.0042
24.07.2019 14:48:00.000,6469.998,6471.998,6468.998,6470.998,0.0025
24.07.2019 14:49:00.000,6471.997,6472.998,6470.997,6470.997,0.0056
24.07.2019 14:50:00.000,6470.998,6471.998,6470.997,6471.998,0.0108
24.07.2019 14:51:00.000,6470.998,6470.998,6469.997,6470.997,0.0157
24.07.2019 14:52:00.000,6470.998,6474.998,6470.997,6474.998,0.0163
24.07.2019 14:53:00.000,6474.997,6474.998,6472.997,6472.998,0.0063
24.07.2019 14:54:00.000,6472.997,6473.998,6470.997,6472.998,0.0123
24.07.2019 14:55:00.000,6472.997,6472.998,6471.997,6471.998,0.0098
24.07.2019 14:56:00.000,6470.998,6474.998,6470.997,6472.998,0.0111
24.07.2019 14:57:00.000,6472.997,6472.997,6467.997,6468.998,0.0039
24.07.2019 14:58:00.000,6468.998,6469.998,6468.997,6468.998,0.007
24.07.2019 14:59:00.000,6469.998,6474.998,6469.998,6474.997,0.0069
24.07.2019 15:00:00.000,6474.997,6474.997,6469.997,6469.998,0.0052
24.07.2019 15:01:00.000,6469.997,6469.998,6466.998,6468.998,0.0069
24.07.2019 15:02:00.000,6468.998,6470.998,6464.998,6468.998,0.0098
24.07.2019 15:03:00.000,6468.997,6469.998,6466.998,6469.997,0.0041
24.07.2019 15:04:00.000,6470.997,6471.998,6469.997,6470.998,0.0125
24.07.2019 15:05:00.000,6470.997,6475.998,6470.997,6474.998,0.0136
24.07.2019 15:06:00.000,6474.997,6480.998,6474.997,6480.997,0.0086
24.07.2019 15:07:00.000,6480.997,6485.998,6478.997,6484.998,0.0141
24.07.2019 15:08:00.000,6485.998,6485.998,6481.997,6482.997,0.0094
24.07.2019 15:09:00.000,6482.997,6483.998,6477.997,6477.998,0.0088
24.07.2019 15:10:00.000,6477.998,6478.998,6475.997,6475.998,0.0088
24.07.2019 15:11:00.000,6474.998,6476.998,6474.998,6475.998,0.0069
24.07.2019 15:12:00.000,6475.998,6479.998,6475.997,6479.998,0.0175
24.07.2019 15:13:00.000,6479.998,6479.998,6477.997,6477.998,0.0094
24.07.2019 15:14:00.000,6476.998,6476.998,6475.997,6476.998,0.0068
24.07.2019 15:15:00.000,6476.998,6476.998,6473.997,6473.997,0.0123
24.07.2019 15:16:00.000,6473.998,6474.998,6473.997,6473.998,0.0082
24.07.2019 15:17:00.000,6473.997,6473.998,6472.997,6472.997,0.0249
24.07.2019 15:18:00.000,6473.997,6479.998,6473.997,6477.998,0.0126
24.07.2019 15:19:00.000,6477.998,6477.998,6474.997,6475.997,0.0071
24.07.2019 15:20:00.000,6475.998,6475.998,6472.998,6474.998,0.0114
24.07.2019 15:21:00.000,6472.998,6473.998,6472.998,6473.998,0.013
24.07.2019 15:22:00.000,6473.997,6475.998,6473.997,6474.997,0.0111
24.07.2019 15:23:00.000,6474.998,6476.998,6474.997,6476.998,0.01
24.07.2019 15:24:00.000,6476.998,6476.998,6472.998,6475.997,0.0124
24.07.2019 15:25:00.000,6475.998,6475.998,6472.998,6474.998,0.0112
24.07.2019 15:26:00.000,6474.997,6474.998,6472.998,6474.998,0.006
24.07.2019 15:27:00.000,6474.997,6475.998,6472.997,6473.998,0.0126
24.07.2019 15:28:00.000,6473.998,6474.998,6473.997,6473.998,0.0108
24.07.2019 15:29:00.000,6472.998,6474.998,6471.998,6472.998,0.0253
25.07.2019 07:02:00.000,6472.998,6473.998,6446.998,6446.998,0.0003
25.07.2019 07:04:00.000,6462.997,6462.997,6462.997,6462.997,0.0003
25.07.2019 07:05:00.000,6448.998,6471.998,6447.998,6467.997,0.0016
25.07.2019 07:06:00.000,6467.998,6467.998,6458.998,6461.998,0.0021
25.07.2019 07:07:00.000,6461.998,6461.998,6449.998,6451.998,0.0025
25.07.2019 07:08:00.000,6452.997,6456.998,6445.998,6453.998,0.0049
25.07.2019 07:09:00.000,6453.997,6456.998,6449.998,6456.998,0.0035
25.07.2019 07:10:00.000,6456.998,6459.997,6449.997,6459.997,0.0039
25.07.2019 07:11:00.000,6460.998,6463.997,6455.998,6462.998,0.0035
25.07.2019 07:12:00.000,6463.998,6479.997,6463.998,6479.997,0.0017
25.07.2019 07:13:00.000,6479.997,6481.997,6470.997,6480.998,0.0036
25.07.2019 07:14:00.000,6480.997,6490.998,6480.997,6487.998,0.0026
25.07.2019 07:15:00.000,6490.997,6494.998,6488.998,6489.998,0.0019
25.07.2019 07:16:00.000,6489.997,6493.998,6486.998,6486.998,0.004
25.07.2019 07:17:00.000,6487.998,6487.998,6484.997,6484.998,0.0033
25.07.2019 07:18:00.000,6484.998,6488.997,6482.998,6484.998,0.004
25.07.2019 07:19:00.000,6485.998,6489.998,6482.997,6489.998,0.0044
25.07.2019 07:20:00.000,6489.998,6493.998,6488.998,6491.998,0.0021
25.07.2019 07:21:00.000,6494.998,6495.998,6492.998,6492.998,0.0007
25.07.2019 07:22:00.000,6493.998,6495.998,6491.997,6495.998,0.0016
25.07.2019 07:23:00.000,6499.998,6500.998,6495.997,6495.998,0.0025
25.07.2019 07:24:00.000,6495.998,6498.997,6492.997,6498.997,0.0018
25.07.2019 07:25:00.000,6494.998,6494.998,6492.997,6492.997,0.0021
25.07.2019 07:26:00.000,6492.998,6497.998,6491.997,6497.997,0.0019
25.07.2019 07:27:00.000,6497.998,6497.998,6488.997,6490.998,0.0016
25.07.2019 07:28:00.000,6490.997,6500.998,6490.997,6500.998,0.0033
25.07.2019 07:29:00.000,6500.998,6505.998,6500.998,6505.998,0.0032
25.07.2019 07:30:00.000,6505.998,6505.998,6497.997,6497.998,0.0021
25.07.2019 07:31:00.000,6497.998,6497.998,6493.997,6494.998,0.0005
25.07.2019 07:32:00.000,6495.998,6496.998,6494.997,6494.998,0.001
25.07.2019 07:33:00.000,6496.998,6499.998,6495.997,6499.998,0.0016
25.07.2019 07:34:00.000,6499.997,6501.998,6497.997,6501.998,0.0042
25.07.2019 07:35:00.000,6501.997,6507.998,6501.997,6504.998,0.0021
25.07.2019 07:36:00.000,6505.998,6505.998,6504.997,6504.998,0.0008
25.07.2019 07:37:00.000,6504.997,6504.997,6496.997,6498.998,0.0041
25.07.2019 07:38:00.000,6500.997,6501.998,6500.997,6501.997,0.0009
25.07.2019 07:39:00.000,6502.998,6504.998,6499.998,6504.998,0.0026
25.07.2019 07:40:00.000,6505.998,6506.997,6503.998,6505.997,0.0017
25.07.2019 07:41:00.000,6506.997,6506.997,6503.997,6503.997,0.0025
25.07.2019 07:42:00.000,6503.998,6503.998,6499.998,6500.997,0.0011
25.07.2019 07:43:00.000,6500.998,6503.998,6500.997,6503.998,0.0021
25.07.2019 07:44:00.000,6503.997,6503.998,6494.998,6496.998,0.0035
25.07.2019 07:45:00.000,6496.998,6498.998,6493.998,6495.998,0.0019
25.07.2019 07:46:00.000,6495.997,6498.998,6495.997,6495.998,0.0034
25.07.2019 07:47:00.000,6497.998,6498.998,6496.998,6496.998,0.0056
25.07.2019 07:48:00.000,6497.998,6504.998,6495.997,6504.998,0.0041
25.07.2019 07:49:00.000,6504.998,6504.998,6497.997,6502.998,0.0036
25.07.2019 07:50:00.000,6502.998,6509.998,6501.998,6509.998,0.0038
25.07.2019 07:51:00.000,6509.997,6514.998,6507.998,6514.998,0.0085
25.07.2019 07:52:00.000,6514.997,6521.997,6514.997,6521.997,0.0089
25.07.2019 07:53:00.000,6521.998,6524.998,6516.997,6519.998,0.0059
25.07.2019 07:54:00.000,6519.998,6520.998,6517.997,6517.997,0.0042
25.07.2019 07:55:00.000,6517.998,6518.998,6516.997,6518.998,0.0029
25.07.2019 07:56:00.000,6518.998,6518.998,6513.998,6516.998,0.0026
25.07.2019 07:57:00.000,6518.998,6519.998,6516.998,6517.998,0.0023
25.07.2019 07:58:00.000,6517.997,6519.997,6512.998,6519.997,0.0028
25.07.2019 07:59:00.000,6519.998,6519.998,6514.998,6518.998,0.0051
25.07.2019 08:00:00.000,6518.997,6518.997,6515.997,6517.998,0.0038
25.07.2019 08:01:00.000,6517.998,6517.998,6503.998,6505.998,0.003
25.07.2019 08:02:00.000,6506.998,6512.998,6506.998,6512.997,0.0055
25.07.2019 08:03:00.000,6512.997,6512.997,6508.998,6508.998,0.0039
25.07.2019 08:04:00.000,6509.998,6509.998,6501.997,6501.997,0.0033
25.07.2019 08:05:00.000,6501.998,6506.997,6501.998,6506.997,0.004
25.07.2019 08:06:00.000,6506.997,6507.998,6501.998,6507.998,0.0054
25.07.2019 08:07:00.000,6507.997,6515.998,6507.997,6513.997,0.0054
25.07.2019 08:08:00.000,6513.750,6518.998,6510.998,6518.998,0.0058
25.07.2019 08:09:00.000,6518.997,6519.998,6516.998,6518.998,0.006
25.07.2019 08:10:00.000,6518.997,6518.998,6510.998,6513.998,0.0047
25.07.2019 08:11:00.000,6513.997,6515.998,6512.998,6513.998,0.0042
25.07.2019 08:12:00.000,6514.997,6514.998,6506.998,6507.997,0.0047
25.07.2019 08:13:00.000,6507.997,6507.998,6504.997,6504.998,0.0041
25.07.2019 08:14:00.000,6505.998,6505.998,6499.998,6501.998,0.0038
25.07.2019 08:15:00.000,6501.998,6501.998,6494.998,6496.997,0.0042
25.07.2019 08:16:00.000,6497.998,6500.998,6496.998,6500.997,0.0036
25.07.2019 08:17:00.000,6500.998,6502.998,6498.997,6501.997,0.0049
25.07.2019 08:18:00.000,6501.997,6501.998,6500.998,6500.998,0.0014
25.07.2019 08:19:00.000,6500.997,6500.997,6492.998,6494.997,0.0047
25.07.2019 08:20:00.000,6494.998,6494.998,6493.997,6493.998,0.0011
25.07.2019 08:21:00.000,6493.998,6493.998,6491.997,6491.998,0.0015
25.07.2019 08:22:00.000,6491.997,6495.998,6491.997,6495.998,0.0067
25.07.2019 08:23:00.000,6496.998,6497.998,6495.997,6495.998,0.0079
25.07.2019 08:24:00.000,6495.998,6500.998,6495.998,6497.998,0.0021
25.07.2019 08:25:00.000,6497.998,6501.998,6492.998,6493.998,0.0044
25.07.2019 08:26:00.000,6493.997,6494.998,6491.998,6493.998,0.0049
25.07.2019 08:27:00.000,6494.998,6497.998,6492.998,6496.997,0.0021
25.07.2019 08:28:00.000,6496.998,6496.998,6493.998,6493.998,0.0016
25.07.2019 08:29:00.000,6493.997,6495.998,6491.998,6492.998,0.0036
25.07.2019 08:30:00.000,6492.997,6493.998,6486.998,6487.997,0.0028
25.07.2019 08:31:00.000,6487.998,6487.998,6487.997,6487.997,0.0006
25.07.2019 08:32:00.000,6488.998,6490.998,6487.997,6489.998,0.0065
25.07.2019 08:33:00.000,6490.998,6493.998,6489.997,6493.998,0.0049
25.07.2019 08:34:00.000,6493.997,6493.998,6490.997,6491.998,0.0036
25.07.2019 08:35:00.000,6491.997,6492.998,6487.998,6492.997,0.0046
25.07.2019 08:36:00.000,6492.998,6496.998,6492.998,6494.998,0.0056
25.07.2019 08:37:00.000,6495.998,6496.998,6495.997,6496.998,0.0068
25.07.2019 08:38:00.000,6496.998,6496.998,6489.998,6490.998,0.0035
25.07.2019 08:39:00.000,6489.998,6490.998,6489.997,6489.998,0.0038
25.07.2019 08:40:00.000,6489.997,6489.998,6487.998,6488.998,0.0033
25.07.2019 08:41:00.000,6487.998,6487.998,6482.997,6482.998,0.0017
25.07.2019 08:42:00.000,6481.998,6484.998,6478.998,6483.998,0.0057
25.07.2019 08:43:00.000,6483.997,6484.998,6483.997,6484.998,0.0008
25.07.2019 08:44:00.000,6484.997,6484.998,6484.997,6484.998,0.0006
25.07.2019 08:45:00.000,6484.997,6484.998,6482.998,6483.997,0.0064
25.07.2019 08:46:00.000,6483.998,6483.998,6480.998,6480.998,0.0003
25.07.2019 08:47:00.000,6480.997,6480.997,6478.998,6479.998,0.0016
25.07.2019 08:48:00.000,6479.997,6483.998,6479.997,6480.998,0.0052
25.07.2019 08:49:00.000,6480.997,6480.997,6476.997,6476.998,0.003
25.07.2019 08:50:00.000,6476.997,6477.998,6472.997,6473.998,0.0028
25.07.2019 08:51:00.000,6473.997,6474.998,6472.998,6474.998,0.0012
25.07.2019 08:52:00.000,6476.997,6482.998,6476.997,6480.997,0.0071
25.07.2019 08:53:00.000,6479.998,6479.998,6476.998,6478.998,0.0017
25.07.2019 08:54:00.000,6478.997,6478.998,6476.997,6476.998,0.0021
25.07.2019 08:55:00.000,6475.998,6476.998,6472.998,6476.997,0.0041
25.07.2019 08:56:00.000,6476.998,6476.998,6469.998,6476.997,0.0049
25.07.2019 08:57:00.000,6476.998,6477.998,6476.998,6476.998,0.0013
25.07.2019 08:58:00.000,6476.997,6479.998,6476.997,6479.998,0.0048
25.07.2019 08:59:00.000,6480.998,6481.998,6479.997,6479.998,0.0019
25.07.2019 09:00:00.000,6476.997,6476.998,6476.997,6476.998,0.0031
25.07.2019 09:01:00.000,6476.998,6476.998,6474.998,6475.997,0.0012
25.07.2019 09:02:00.000,6475.998,6475.998,6468.998,6470.997,0.0028
25.07.2019 09:03:00.000,6472.998,6472.998,6469.997,6470.998,0.0029
25.07.2019 09:04:00.000,6470.997,6474.998,6470.997,6474.998,0.0068
25.07.2019 09:05:00.000,6474.997,6476.998,6474.997,6475.998,0.005
25.07.2019 09:06:00.000,6475.997,6475.997,6471.998,6474.998,0.0024
25.07.2019 09:07:00.000,6474.998,6474.998,6472.997,6472.998,0.0021
25.07.2019 09:08:00.000,6472.997,6472.998,6471.998,6472.998,0.0033
25.07.2019 09:09:00.000,6472.997,6475.998,6471.997,6475.998,0.0126
25.07.2019 09:10:00.000,6474.998,6474.998,6468.997,6470.998,0.0058
25.07.2019 09:11:00.000,6471.998,6471.998,6470.998,6471.998,0.0012
25.07.2019 09:12:00.000,6471.997,6473.998,6471.997,6472.998,0.0037
25.07.2019 09:13:00.000,6472.997,6473.998,6472.997,6472.998,0.0034
25.07.2019 09:14:00.000,6472.998,6472.998,6468.997,6469.997,0.0062
25.07.2019 09:15:00.000,6469.998,6469.998,6469.997,6469.998,0.0009
25.07.2019 09:16:00.000,6468.998,6468.998,6467.998,6468.998,0.0004
25.07.2019 09:17:00.000,6468.997,6471.998,6468.997,6471.997,0.0077
25.07.2019 09:18:00.000,6471.998,6471.998,6469.997,6469.998,0.0027
25.07.2019 09:19:00.000,6469.997,6469.998,6467.997,6467.997,0.0021
25.07.2019 09:20:00.000,6467.998,6467.998,6467.997,6467.998,0.0025
25.07.2019 09:21:00.000,6467.997,6467.998,6467.997,6467.998,0.0009
25.07.2019 09:22:00.000,6467.997,6467.997,6464.997,6465.997,0.0052
25.07.2019 09:23:00.000,6465.998,6468.998,6465.998,6468.998,0.0021
25.07.2019 09:24:00.000,6468.998,6469.998,6464.997,6464.998,0.0039
25.07.2019 09:25:00.000,6464.998,6465.998,6463.997,6465.997,0.0022
25.07.2019 09:26:00.000,6465.998,6465.998,6463.997,6463.998,0.0032
25.07.2019 09:27:00.000,6463.998,6463.998,6461.997,6462.998,0.0026
25.07.2019 09:28:00.000,6462.997,6463.998,6462.997,6463.998,0.0023
25.07.2019 09:29:00.000,6463.997,6463.997,6461.997,6462.997,0.0033
25.07.2019 09:30:00.000,6461.998,6466.998,6461.998,6466.998,0.0051
25.07.2019 09:31:00.000,6467.998,6467.998,6467.997,6467.998,0.0059
25.07.2019 09:32:00.000,6467.997,6469.998,6467.997,6469.997,0.0066
25.07.2019 09:33:00.000,6469.998,6471.998,6469.997,6471.998,0.0021
25.07.2019 09:34:00.000,6470.998,6470.998,6469.997,6469.997,0.0087
25.07.2019 09:35:00.000,6469.998,6471.998,6469.997,6469.997,0.0028
25.07.2019 09:36:00.000,6470.998,6470.998,6469.997,6469.998,0.0026
25.07.2019 09:37:00.000,6470.998,6471.998,6470.998,6471.998,0.0013
25.07.2019 09:38:00.000,6470.997,6470.998,6469.997,6470.998,0.0006
25.07.2019 09:39:00.000,6470.998,6471.998,6468.998,6469.997,0.0024
25.07.2019 09:40:00.000,6469.998,6469.998,6469.997,6469.998,0.0047
25.07.2019 09:41:00.000,6469.998,6471.998,6469.997,6471.998,0.0047
25.07.2019 09:42:00.000,6471.997,6471.998,6471.997,6471.998,0.0008
25.07.2019 09:43:00.000,6472.997,6472.998,6469.997,6470.997,0.0024
25.07.2019 09:44:00.000,6469.998,6471.998,6469.997,6470.998,0.0031
25.07.2019 09:45:00.000,6469.997,6470.998,6469.997,6469.998,0.0049
25.07.2019 09:46:00.000,6469.997,6469.998,6468.997,6469.998,0.0033
25.07.2019 09:47:00.000,6469.997,6470.998,6469.997,6470.997,0.0053
25.07.2019 09:48:00.000,6470.998,6471.998,6470.998,6471.997,0.0018
25.07.2019 09:49:00.000,6471.998,6471.998,6469.997,6469.997,0.0061
25.07.2019 09:50:00.000,6469.998,6471.998,6469.998,6470.998,0.0035
25.07.2019 09:51:00.000,6470.998,6471.998,6470.997,6471.998,0.0033
25.07.2019 09:52:00.000,6471.998,6471.998,6459.997,6462.998,0.0059
25.07.2019 09:53:00.000,6461.998,6463.998,6461.997,6463.998,0.0021
25.07.2019 09:54:00.000,6463.997,6464.998,6460.997,6461.997,0.0029
25.07.2019 09:55:00.000,6461.998,6461.998,6459.997,6460.998,0.0041
25.07.2019 09:56:00.000,6461.997,6463.998,6461.997,6463.998,0.0038
25.07.2019 09:57:00.000,6463.997,6463.998,6460.997,6461.997,0.0033
25.07.2019 09:58:00.000,6461.998,6461.998,6461.997,6461.998,0.0022
25.07.2019 09:59:00.000,6462.998,6462.998,6462.997,6462.998,0.0045
25.07.2019 10:00:00.000,6462.997,6464.998,6459.997,6461.998,0.0078
25.07.2019 10:01:00.000,6461.997,6463.998,6461.997,6463.998,0.0027
25.07.2019 10:02:00.000,6463.997,6463.998,6459.998,6460.998,0.0033
25.07.2019 10:03:00.000,6462.750,6462.998,6461.998,6462.997,0.0013
25.07.2019 10:04:00.000,6462.998,6462.998,6462.997,6462.998,0.0019
25.07.2019 10:05:00.000,6463.998,6463.998,6462.997,6462.998,0.0021
25.07.2019 10:06:00.000,6462.997,6462.998,6462.997,6462.998,0.0005
25.07.2019 10:07:00.000,6462.998,6462.998,6461.997,6462.997,0.0045
25.07.2019 10:08:00.000,6462.998,6462.998,6460.997,6460.998,0.0078
25.07.2019 10:09:00.000,6460.998,6460.998,6458.997,6459.997,0.0019
25.07.2019 10:10:00.000,6459.998,6460.998,6459.997,6460.998,0.0011
25.07.2019 10:11:00.000,6460.997,6460.998,6457.997,6457.997,0.0024
25.07.2019 10:12:00.000,6458.997,6460.998,6458.997,6460.998,0.0014
25.07.2019 10:13:00.000,6460.997,6460.998,6460.997,6460.998,0.0009
25.07.2019 10:14:00.000,6460.998,6461.998,6460.997,6461.998,0.0041
25.07.2019 10:15:00.000,6461.997,6463.998,6460.998,6461.997,0.0048
25.07.2019 10:16:00.000,6461.998,6461.998,6457.997,6459.997,0.0044
25.07.2019 10:17:00.000,6459.998,6459.998,6458.997,6459.998,0.0014
25.07.2019 10:18:00.000,6459.997,6459.997,6453.998,6455.997,0.0025
25.07.2019 10:19:00.000,6456.998,6459.998,6456.997,6459.998,0.002
25.07.2019 10:20:00.000,6459.997,6461.998,6459.997,6460.998,0.0027
25.07.2019 10:21:00.000,6460.997,6461.998,6460.997,6461.998,0.0081
25.07.2019 10:22:00.000,6461.997,6461.998,6461.997,6461.997,0.0046
25.07.2019 10:23:00.000,6461.998,6462.998,6458.997,6460.998,0.0041
25.07.2019 10:24:00.000,6461.998,6462.998,6461.997,6462.998,0.0014
25.07.2019 10:25:00.000,6462.997,6462.997,6458.997,6458.998,0.0038
25.07.2019 10:26:00.000,6458.997,6458.998,6449.998,6450.998,0.0038
25.07.2019 10:27:00.000,6450.997,6452.998,6450.997,6452.998,0.0021
25.07.2019 10:28:00.000,6452.997,6453.998,6452.997,6452.998,0.0027
25.07.2019 10:29:00.000,6452.997,6453.998,6452.997,6453.998,0.0043
25.07.2019 10:30:00.000,6453.998,6458.998,6453.997,6458.998,0.0021
25.07.2019 10:31:00.000,6458.997,6458.998,6456.997,6458.998,0.0035
25.07.2019 10:32:00.000,6459.997,6460.998,6459.997,6460.998,0.0017
25.07.2019 10:33:00.000,6460.997,6460.998,6457.998,6457.998,0.0037
25.07.2019 10:34:00.000,6456.998,6457.998,6456.997,6457.997,0.0011
25.07.2019 10:35:00.000,6456.998,6456.998,6454.997,6454.998,0.0011
25.07.2019 10:36:00.000,6454.997,6454.998,6452.998,6453.997,0.002
25.07.2019 10:37:00.000,6453.998,6454.998,6452.997,6453.998,0.0026
25.07.2019 10:38:00.000,6453.997,6454.998,6453.997,6454.998,0.0027
25.07.2019 10:39:00.000,6454.997,6454.997,6452.997,6452.997,0.0023
25.07.2019 10:40:00.000,6450.997,6452.998,6448.998,6448.998,0.0027
25.07.2019 10:41:00.000,6448.997,6448.997,6440.998,6447.997,0.0039
25.07.2019 10:42:00.000,6447.998,6450.998,6447.998,6450.997,0.0018
25.07.2019 10:43:00.000,6450.998,6450.998,6449.997,6450.998,0.0021
25.07.2019 10:44:00.000,6448.997,6448.998,6448.997,6448.997,0.001
25.07.2019 10:45:00.000,6448.998,6450.998,6448.997,6450.997,0.0045
25.07.2019 10:46:00.000,6451.998,6452.998,6450.997,6452.998,0.0039
25.07.2019 10:47:00.000,6452.997,6453.998,6452.997,6453.998,0.0026
25.07.2019 10:48:00.000,6454.997,6454.998,6453.997,6454.998,0.0033
25.07.2019 10:49:00.000,6454.997,6454.998,6452.998,6452.998,0.0012
25.07.2019 10:50:00.000,6452.998,6453.998,6452.998,6453.997,0.0011
25.07.2019 10:51:00.000,6453.998,6455.997,6453.998,6454.998,0.0026
25.07.2019 10:52:00.000,6454.750,6454.998,6452.997,6453.997,0.0076
25.07.2019 10:53:00.000,6453.998,6454.998,6453.997,6453.997,0.0017
25.07.2019 10:54:00.000,6453.998,6453.998,6453.997,6453.997,0.0013
25.07.2019 10:55:00.000,6453.998,6454.998,6449.997,6451.997,0.0043
25.07.2019 10:56:00.000,6451.998,6453.998,6451.998,6453.997,0.0013
25.07.2019 10:57:00.000,6451.998,6452.998,6451.998,6452.998,0.0005
25.07.2019 10:58:00.000,6450.998,6450.998,6446.997,6446.998,0.001
25.07.2019 10:59:00.000,6447.998,6451.998,6447.997,6451.998,0.0015
25.07.2019 11:00:00.000,6451.998,6451.998,6451.997,6451.997,0.0004
25.07.2019 11:02:00.000,6451.998,6451.998,6451.997,6451.997,0.001
25.07.2019 11:03:00.000,6451.998,6453.998,6451.998,6453.997,0.0031
25.07.2019 11:04:00.000,6453.998,6453.998,6453.997,6453.997,0.0007
25.07.2019 11:05:00.000,6453.998,6454.998,6453.998,6454.998,0.0004
25.07.2019 11:06:00.000,6454.997,6454.998,6454.997,6454.998,0.0032
25.07.2019 11:07:00.000,6454.998,6455.998,6454.997,6454.997,0.0068
25.07.2019 11:08:00.000,6454.997,6454.998,6452.997,6452.998,0.003
25.07.2019 11:09:00.000,6452.750,6452.998,6451.998,6452.998,0.0009
25.07.2019 11:10:00.000,6452.997,6453.998,6451.997,6451.998,0.0027
25.07.2019 11:11:00.000,6451.997,6451.998,6446.997,6451.998,0.0052
25.07.2019 11:12:00.000,6452.997,6452.998,6452.997,6452.998,0.001
25.07.2019 11:13:00.000,6452.997,6454.998,6452.997,6454.997,0.006
25.07.2019 11:14:00.000,6454.998,6454.998,6454.997,6454.998,0.0073
25.07.2019 11:15:00.000,6454.997,6454.998,6454.997,6454.998,0.0044
25.07.2019 11:17:00.000,6454.998,6454.998,6454.997,6454.998,0.0043
25.07.2019 11:18:00.000,6454.998,6454.998,6452.997,6453.998,0.0063
25.07.2019 11:19:00.000,6454.997,6454.998,6453.997,6453.998,0.0061
25.07.2019 11:20:00.000,6454.998,6454.998,6453.998,6454.998,0.0144
25.07.2019 11:21:00.000,6454.998,6454.998,6452.998,6454.998,0.0054
25.07.2019 11:22:00.000,6454.997,6454.998,6454.997,6454.998,0.0028
25.07.2019 11:23:00.000,6454.997,6454.998,6454.997,6454.998,0.0012
25.07.2019 11:24:00.000,6454.998,6454.998,6454.998,6454.998,0.0026
25.07.2019 11:25:00.000,6454.997,6454.998,6454.997,6454.997,0.0054
25.07.2019 11:26:00.000,6454.998,6454.998,6451.997,6451.997,0.0036
25.07.2019 11:27:00.000,6451.998,6453.998,6451.998,6453.998,0.0038
25.07.2019 11:28:00.000,6453.998,6454.998,6453.997,6453.997,0.0024
25.07.2019 11:29:00.000,6453.998,6453.998,6450.998,6450.998,0.0013
25.07.2019 11:30:00.000,6450.998,6450.998,6448.998,6448.998,0.0012
25.07.2019 11:31:00.000,6448.997,6448.997,6444.997,6444.998,0.0015
25.07.2019 11:32:00.000,6444.997,6445.998,6444.997,6444.998,0.0023
25.07.2019 11:33:00.000,6444.997,6444.998,6444.997,6444.997,0.0011
25.07.2019 11:34:00.000,6444.998,6446.998,6444.997,6446.997,0.0034
25.07.2019 11:35:00.000,6446.998,6446.998,6446.997,6446.998,0.0072
25.07.2019 11:36:00.000,6447.998,6447.998,6446.998,6446.998,0.0017
25.07.2019 11:37:00.000,6446.998,6446.998,6445.997,6445.997,0.001
25.07.2019 11:38:00.000,6445.998,6446.998,6443.997,6444.998,0.0041
25.07.2019 11:39:00.000,6444.997,6446.998,6444.997,6446.997,0.0069
25.07.2019 11:40:00.000,6446.998,6447.998,6444.998,6444.998,0.0012
25.07.2019 11:41:00.000,6444.997,6446.998,6444.997,6446.997,0.0046
25.07.2019 11:42:00.000,6446.998,6449.998,6446.998,6449.998,0.0033
25.07.2019 11:43:00.000,6449.997,6454.997,6449.997,6454.997,0.0039
25.07.2019 11:44:00.000,6454.998,6456.998,6454.997,6456.998,0.0059
25.07.2019 11:45:00.000,6456.998,6461.998,6450.997,6461.998,0.0072
25.07.2019 11:46:00.000,6460.998,6462.998,6452.997,6455.998,0.0084
25.07.2019 11:47:00.000,6455.998,6457.998,6451.998,6453.998,0.008
25.07.2019 11:48:00.000,6454.998,6459.998,6452.997,6457.998,0.0074
25.07.2019 11:49:00.000,6457.998,6463.998,6452.998,6457.998,0.0064
25.07.2019 11:50:00.000,6457.997,6459.998,6454.998,6459.998,0.0043
25.07.2019 11:51:00.000,6459.997,6462.998,6459.997,6460.998,0.0033
25.07.2019 11:52:00.000,6461.998,6463.997,6458.997,6460.997,0.0053
25.07.2019 11:53:00.000,6461.998,6461.998,6460.997,6460.998,0.0038
25.07.2019 11:54:00.000,6460.997,6464.998,6460.997,6464.998,0.0056
25.07.2019 11:55:00.000,6464.997,6467.997,6463.998,6465.998,0.0108
25.07.2019 11:56:00.000,6465.997,6467.998,6465.997,6466.998,0.0033
25.07.2019 11:57:00.000,6466.997,6470.998,6464.998,6467.998,0.0066
25.07.2019 11:58:00.000,6467.997,6468.998,6467.997,6468.997,0.0043
25.07.2019 11:59:00.000,6468.998,6469.998,6468.997,6468.998,0.0034
25.07.2019 12:00:00.000,6468.997,6469.998,6467.997,6467.997,0.0033
25.07.2019 12:01:00.000,6467.998,6468.998,6467.997,6468.998,0.0054
25.07.2019 12:02:00.000,6468.998,6469.998,6467.998,6469.998,0.0011
25.07.2019 12:03:00.000,6469.997,6470.998,6468.998,6469.998,0.0025
25.07.2019 12:04:00.000,6471.998,6471.998,6464.997,6464.998,0.0027
25.07.2019 12:05:00.000,6464.998,6465.998,6463.997,6463.998,0.0023
25.07.2019 12:06:00.000,6463.997,6466.998,6463.997,6466.998,0.0035
25.07.2019 12:07:00.000,6466.998,6466.998,6463.998,6463.998,0.0021
25.07.2019 12:08:00.000,6464.998,6466.998,6464.997,6464.998,0.0026
25.07.2019 12:09:00.000,6465.997,6465.998,6465.997,6465.998,0.0011
25.07.2019 12:10:00.000,6465.997,6466.997,6464.997,6466.997,0.0037
25.07.2019 12:11:00.000,6466.997,6466.997,6465.997,6465.997,0.001
25.07.2019 12:12:00.000,6465.998,6465.998,6465.998,6465.998,0.0001
25.07.2019 12:13:00.000,6465.998,6465.998,6461.998,6462.997,0.0035
25.07.2019 12:14:00.000,6462.998,6462.998,6456.998,6458.998,0.0051
25.07.2019 12:15:00.000,6457.998,6461.998,6457.997,6460.997,0.0032
25.07.2019 12:16:00.000,6460.997,6460.997,6456.997,6456.997,0.0014
25.07.2019 12:17:00.000,6456.998,6461.998,6454.998,6461.997,0.005
25.07.2019 12:18:00.000,6461.998,6463.998,6461.998,6462.997,0.0031
25.07.2019 12:19:00.000,6462.998,6462.998,6462.997,6462.998,0.0008
25.07.2019 12:20:00.000,6462.997,6462.997,6459.997,6460.998,0.0062
25.07.2019 12:21:00.000,6461.997,6461.998,6460.997,6460.997,0.0041
25.07.2019 12:22:00.000,6460.998,6462.998,6460.997,6462.998,0.0035
25.07.2019 12:23:00.000,6461.997,6463.998,6461.997,6463.998,0.0011
25.07.2019 12:24:00.000,6464.997,6467.998,6464.997,6466.997,0.004
25.07.2019 12:25:00.000,6466.998,6467.998,6464.997,6464.997,0.003
25.07.2019 12:26:00.000,6464.998,6464.998,6461.998,6462.997,0.0064
25.07.2019 12:27:00.000,6462.998,6465.997,6462.997,6464.998,0.0032
25.07.2019 12:28:00.000,6464.997,6464.998,6463.998,6463.998,0.0006
25.07.2019 12:29:00.000,6463.997,6463.997,6458.997,6459.998,0.0045
25.07.2019 12:30:00.000,6459.997,6463.998,6459.997,6463.998,0.0032
25.07.2019 12:31:00.000,6463.998,6463.998,6462.997,6462.998,0.004
25.07.2019 12:32:00.000,6463.998,6466.998,6463.997,6463.998,0.0062
25.07.2019 12:33:00.000,6463.998,6464.998,6463.997,6464.997,0.0054
25.07.2019 12:34:00.000,6464.998,6465.998,6463.997,6464.998,0.0048
25.07.2019 12:35:00.000,6464.998,6465.998,6461.997,6465.998,0.0056
25.07.2019 12:36:00.000,6467.998,6467.998,6467.997,6467.998,0.0024
25.07.2019 12:37:00.000,6468.998,6468.998,6468.998,6468.998,0.0003
25.07.2019 12:38:00.000,6469.998,6469.998,6468.997,6469.998,0.0064
25.07.2019 12:39:00.000,6470.998,6471.997,6469.997,6470.998,0.0087
25.07.2019 12:40:00.000,6470.998,6474.998,6470.998,6473.998,0.0193
25.07.2019 12:41:00.000,6473.997,6473.997,6472.997,6472.998,0.0089
25.07.2019 12:42:00.000,6472.997,6473.998,6472.997,6473.998,0.0041
25.07.2019 12:43:00.000,6473.997,6473.998,6472.997,6472.998,0.013
25.07.2019 12:44:00.000,6472.998,6472.998,6465.998,6467.998,0.0098
25.07.2019 12:45:00.000,6467.997,6470.998,6467.997,6470.998,0.0079
25.07.2019 12:46:00.000,6470.997,6470.997,6467.998,6468.998,0.0044
25.07.2019 12:47:00.000,6468.997,6468.998,6462.997,6463.998,0.0158
25.07.2019 12:48:00.000,6463.997,6463.998,6459.998,6461.998,0.0058
25.07.2019 12:49:00.000,6461.997,6462.998,6456.997,6457.997,0.009
25.07.2019 12:50:00.000,6458.997,6460.998,6457.997,6459.997,0.0081
25.07.2019 12:51:00.000,6459.998,6459.998,6450.997,6450.998,0.0052
25.07.2019 12:52:00.000,6450.997,6451.998,6446.997,6448.998,0.0088
25.07.2019 12:53:00.000,6449.997,6454.998,6449.997,6454.998,0.0026
25.07.2019 12:54:00.000,6452.997,6453.998,6450.998,6453.998,0.0061
25.07.2019 12:55:00.000,6452.998,6455.998,6452.997,6454.998,0.0066
25.07.2019 12:56:00.000,6454.998,6454.998,6450.998,6451.998,0.0039
25.07.2019 12:57:00.000,6452.997,6454.998,6451.997,6451.997,0.0034
25.07.2019 12:58:00.000,6450.998,6454.998,6450.998,6454.997,0.0102
25.07.2019 12:59:00.000,6454.998,6454.998,6450.997,6450.998,0.0068
25.07.2019 13:00:00.000,6449.998,6450.998,6444.997,6450.998,0.0077
25.07.2019 13:01:00.000,6450.998,6454.998,6450.997,6454.998,0.0038
25.07.2019 13:02:00.000,6454.998,6454.998,6445.997,6447.998,0.0046
25.07.2019 13:03:00.000,6447.997,6450.998,6445.997,6448.998,0.007
25.07.2019 13:04:00.000,6448.997,6448.997,6438.997,6438.998,0.0041
25.07.2019 13:05:00.000,6438.997,6438.998,6428.998,6429.997,0.0068
25.07.2019 13:06:00.000,6429.997,6440.998,6427.998,6436.997,0.005
25.07.2019 13:07:00.000,6436.998,6442.998,6436.997,6441.998,0.0062
25.07.2019 13:08:00.000,6441.997,6444.998,6441.997,6442.998,0.0055
25.07.2019 13:09:00.000,6443.998,6446.997,6443.997,6445.997,0.0023
25.07.2019 13:10:00.000,6447.998,6449.998,6446.997,6446.998,0.0034
25.07.2019 13:11:00.000,6446.998,6446.998,6443.998,6444.998,0.0038
25.07.2019 13:12:00.000,6444.998,6444.998,6437.997,6439.997,0.0073
25.07.2019 13:13:00.000,6440.997,6440.998,6435.998,6440.998,0.0075
25.07.2019 13:14:00.000,6440.997,6445.998,6439.997,6442.997,0.0049
25.07.2019 13:15:00.000,6442.998,6442.998,6439.997,6440.997,0.0035
25.07.2019 13:16:00.000,6440.998,6442.998,6438.998,6438.998,0.0045
25.07.2019 13:17:00.000,6438.998,6439.998,6436.997,6438.998,0.003
25.07.2019 13:18:00.000,6439.997,6439.998,6435.997,6435.997,0.0047
25.07.2019 13:19:00.000,6435.998,6435.998,6431.998,6432.997,0.0074
25.07.2019 13:20:00.000,6432.997,6434.998,6432.997,6432.998,0.0017
25.07.2019 13:21:00.000,6432.997,6435.998,6432.997,6432.998,0.0031
25.07.2019 13:22:00.000,6433.997,6436.998,6433.997,6436.998,0.0037
25.07.2019 13:23:00.000,6436.998,6436.998,6430.997,6433.998,0.004
25.07.2019 13:24:00.000,6433.997,6438.998,6433.997,6438.998,0.004
25.07.2019 13:25:00.000,6438.998,6438.998,6434.997,6434.998,0.0022
25.07.2019 13:26:00.000,6434.998,6437.997,6434.997,6436.998,0.0047
25.07.2019 13:27:00.000,6438.997,6441.998,6437.998,6438.998,0.0089
25.07.2019 13:28:00.000,6438.998,6441.998,6437.998,6441.998,0.0059
25.07.2019 13:29:00.000,6440.998,6442.998,6436.997,6440.998,0.0087
25.07.2019 13:30:00.000,6441.997,6446.998,6439.998,6442.998,0.0063
25.07.2019 13:31:00.000,6443.997,6443.998,6435.997,6436.998,0.0116
25.07.2019 13:32:00.000,6437.998,6441.998,6437.997,6440.998,0.0113
25.07.2019 13:33:00.000,6440.997,6446.998,6440.997,6444.998,0.0132
25.07.2019 13:34:00.000,6444.997,6448.998,6443.998,6448.998,0.0125
25.07.2019 13:35:00.000,6448.997,6452.998,6448.997,6452.997,0.0113
25.07.2019 13:36:00.000,6452.998,6453.998,6450.997,6451.998,0.0063
25.07.2019 13:37:00.000,6452.998,6454.998,6449.997,6449.997,0.0082
25.07.2019 13:38:00.000,6449.998,6449.998,6444.997,6449.998,0.011
25.07.2019 13:39:00.000,6449.998,6454.998,6448.997,6454.998,0.0066
25.07.2019 13:40:00.000,6454.997,6459.998,6453.997,6457.998,0.0129
25.07.2019 13:41:00.000,6458.998,6460.998,6457.997,6459.998,0.0047
25.07.2019 13:42:00.000,6458.998,6460.997,6457.997,6458.998,0.0119
25.07.2019 13:43:00.000,6458.998,6463.998,6458.997,6462.998,0.0099
25.07.2019 13:44:00.000,6463.998,6463.998,6458.997,6462.998,0.0047
25.07.2019 13:45:00.000,6462.997,6462.998,6458.997,6459.997,0.0048
25.07.2019 13:46:00.000,6459.997,6459.997,6451.997,6454.997,0.0109
25.07.2019 13:47:00.000,6454.997,6454.998,6452.997,6454.998,0.0037
25.07.2019 13:48:00.000,6453.998,6453.998,6444.997,6447.998,0.0159
25.07.2019 13:49:00.000,6448.998,6452.998,6448.997,6450.998,0.0048
25.07.2019 13:50:00.000,6451.998,6451.998,6447.997,6447.997,0.0086
25.07.2019 13:51:00.000,6449.998,6449.998,6447.997,6448.997,0.0074
25.07.2019 13:52:00.000,6448.998,6449.998,6446.997,6448.998,0.0142
25.07.2019 13:53:00.000,6448.997,6448.998,6438.998,6438.998,0.0082
25.07.2019 13:54:00.000,6438.998,6440.998,6431.998,6433.997,0.0113
25.07.2019 13:55:00.000,6430.998,6432.998,6426.998,6429.998,0.012
25.07.2019 13:56:00.000,6429.997,6432.998,6426.997,6432.997,0.0107
25.07.2019 13:57:00.000,6433.998,6436.998,6432.998,6436.997,0.0232
25.07.2019 13:58:00.000,6436.998,6439.998,6436.998,6439.998,0.0065
25.07.2019 13:59:00.000,6439.998,6442.998,6432.997,6433.998,0.0085
25.07.2019 14:00:00.000,6434.998,6434.998,6432.997,6432.997,0.0035
25.07.2019 14:01:00.000,6432.998,6437.998,6432.997,6437.998,0.0104
25.07.2019 14:02:00.000,6437.998,6437.998,6435.997,6436.997,0.0062
25.07.2019 14:03:00.000,6435.997,6439.998,6434.997,6438.998,0.0195
25.07.2019 14:04:00.000,6438.998,6439.998,6437.997,6437.997,0.0083
25.07.2019 14:05:00.000,6437.998,6439.998,6435.998,6437.998,0.0055
25.07.2019 14:06:00.000,6437.997,6438.998,6437.997,6438.997,0.0038
25.07.2019 14:07:00.000,6438.998,6447.998,6438.997,6447.997,0.02
25.07.2019 14:08:00.000,6447.997,6450.998,6447.997,6450.998,0.009
25.07.2019 14:09:00.000,6450.997,6450.998,6447.997,6447.998,0.0052
25.07.2019 14:10:00.000,6447.998,6447.998,6443.997,6445.997,0.0058
25.07.2019 14:11:00.000,6447.997,6451.998,6446.997,6448.998,0.0083
25.07.2019 14:12:00.000,6448.998,6449.998,6447.997,6449.997,0.0059
25.07.2019 14:13:00.000,6450.998,6452.998,6450.997,6452.998,0.006
25.07.2019 14:14:00.000,6452.997,6454.998,6451.998,6453.998,0.0065
25.07.2019 14:15:00.000,6453.998,6454.998,6451.998,6451.998,0.0069
25.07.2019 14:16:00.000,6451.998,6452.998,6445.997,6449.998,0.0056
25.07.2019 14:17:00.000,6449.997,6449.998,6447.997,6449.998,0.0065
25.07.2019 14:18:00.000,6449.998,6454.998,6449.997,6452.997,0.0144
25.07.2019 14:19:00.000,6452.997,6452.998,6448.997,6450.998,0.0045
25.07.2019 14:20:00.000,6450.998,6451.998,6447.998,6447.998,0.0063
25.07.2019 14:21:00.000,6446.998,6447.998,6445.997,6445.997,0.002
25.07.2019 14:22:00.000,6445.997,6447.998,6440.998,6444.998,0.0062
25.07.2019 14:23:00.000,6444.998,6444.998,6439.997,6439.998,0.0091
25.07.2019 14:24:00.000,6439.997,6444.998,6439.997,6444.998,0.0074
25.07.2019 14:25:00.000,6444.997,6447.998,6442.997,6447.998,0.0063
25.07.2019 14:26:00.000,6447.997,6447.998,6445.998,6447.998,0.0074
25.07.2019 14:27:00.000,6447.998,6447.998,6446.997,6447.998,0.0059
25.07.2019 14:28:00.000,6447.997,6452.998,6447.997,6452.997,0.012
25.07.2019 14:29:00.000,6452.998,6455.998,6452.997,6455.998,0.0238
25.07.2019 14:30:00.000,6455.998,6455.998,6451.997,6452.998,0.0105
25.07.2019 14:31:00.000,6452.997,6459.998,6452.997,6457.998,0.0102
25.07.2019 14:32:00.000,6458.998,6458.998,6457.997,6458.997,0.006
25.07.2019 14:33:00.000,6458.997,6460.998,6457.998,6460.998,0.0086
25.07.2019 14:34:00.000,6456.997,6460.997,6456.997,6459.997,0.0079
25.07.2019 14:35:00.000,6459.998,6462.998,6459.997,6459.997,0.009
25.07.2019 14:36:00.000,6459.997,6459.998,6454.998,6456.998,0.0045
25.07.2019 14:37:00.000,6456.998,6456.998,6456.997,6456.998,0.0066
25.07.2019 14:38:00.000,6456.998,6458.998,6455.997,6458.998,0.0123
25.07.2019 14:39:00.000,6458.997,6458.998,6454.997,6456.998,0.0143
25.07.2019 14:40:00.000,6456.998,6456.998,6455.997,6456.998,0.009
25.07.2019 14:41:00.000,6456.998,6458.998,6456.997,6458.998,0.0142
25.07.2019 14:42:00.000,6459.998,6461.998,6458.997,6460.998,0.0108
25.07.2019 14:43:00.000,6461.998,6462.998,6460.997,6461.998,0.0084
25.07.2019 14:44:00.000,6460.998,6461.998,6457.997,6458.997,0.0074
25.07.2019 14:45:00.000,6459.997,6461.998,6458.997,6460.998,0.0158
25.07.2019 14:46:00.000,6459.998,6461.998,6459.997,6460.998,0.0077
25.07.2019 14:47:00.000,6460.997,6461.998,6460.997,6461.998,0.0093
25.07.2019 14:48:00.000,6460.998,6461.998,6455.998,6455.998,0.0061
25.07.2019 14:49:00.000,6455.997,6456.998,6455.997,6456.997,0.0025
25.07.2019 14:50:00.000,6456.998,6458.998,6456.998,6457.998,0.0082
25.07.2019 14:51:00.000,6457.997,6457.998,6455.998,6455.998,0.003
25.07.2019 14:52:00.000,6454.998,6457.998,6453.998,6457.998,0.0047
25.07.2019 14:53:00.000,6457.998,6462.998,6457.998,6462.998,0.0071
25.07.2019 14:54:00.000,6461.998,6462.998,6455.997,6456.998,0.0083
25.07.2019 14:55:00.000,6458.997,6462.998,6457.997,6460.998,0.0099
25.07.2019 14:56:00.000,6460.998,6460.998,6457.997,6459.997,0.0117
25.07.2019 14:57:00.000,6459.998,6460.998,6459.997,6460.998,0.0141
25.07.2019 14:58:00.000,6460.997,6460.998,6457.997,6458.998,0.0141
25.07.2019 14:59:00.000,6458.998,6459.998,6455.997,6459.998,0.0082
25.07.2019 15:00:00.000,6458.998,6460.998,6455.997,6456.998,0.0057
25.07.2019 15:01:00.000,6456.998,6463.998,6456.998,6463.998,0.0143
25.07.2019 15:02:00.000,6463.997,6464.998,6462.997,6463.998,0.0065
25.07.2019 15:03:00.000,6462.998,6464.998,6462.997,6464.998,0.0067
25.07.2019 15:04:00.000,6465.998,6465.998,6462.997,6462.997,0.007
25.07.2019 15:05:00.000,6462.998,6465.998,6462.997,6465.997,0.0107
25.07.2019 15:06:00.000,6465.998,6465.998,6464.997,6465.997,0.007
25.07.2019 15:07:00.000,6465.998,6465.998,6464.997,6465.997,0.0157
25.07.2019 15:08:00.000,6465.998,6465.998,6461.997,6462.998,0.007
25.07.2019 15:09:00.000,6463.997,6463.998,6460.997,6460.997,0.0032
25.07.2019 15:10:00.000,6460.998,6461.998,6460.997,6461.998,0.0059
25.07.2019 15:11:00.000,6461.998,6463.998,6460.997,6462.998,0.0077
25.07.2019 15:12:00.000,6462.997,6462.998,6462.997,6462.997,0.0035
25.07.2019 15:13:00.000,6462.998,6462.998,6460.997,6461.997,0.0035
25.07.2019 15:14:00.000,6461.998,6461.998,6461.997,6461.997,0.0055
25.07.2019 15:15:00.000,6461.998,6461.998,6459.997,6461.998,0.0055
25.07.2019 15:16:00.000,6461.997,6462.998,6460.997,6460.998,0.0073
25.07.2019 15:17:00.000,6460.998,6462.998,6460.997,6460.997,0.0061
25.07.2019 15:18:00.000,6460.998,6461.998,6459.997,6459.997,0.0096
25.07.2019 15:19:00.000,6459.997,6459.998,6457.997,6458.997,0.0029
25.07.2019 15:20:00.000,6457.998,6459.997,6456.997,6456.997,0.0123
25.07.2019 15:21:00.000,6456.998,6456.998,6454.997,6454.998,0.0072
25.07.2019 15:22:00.000,6454.997,6461.998,6454.997,6461.998,0.0205
25.07.2019 15:23:00.000,6461.998,6461.998,6460.997,6461.998,0.0047
25.07.2019 15:24:00.000,6462.998,6462.998,6461.997,6461.998,0.0075
25.07.2019 15:25:00.000,6461.997,6463.998,6461.997,6462.997,0.0213
25.07.2019 15:26:00.000,6462.998,6462.998,6460.998,6460.998,0.005
25.07.2019 15:27:00.000,6460.997,6460.998,6455.997,6456.998,0.0062
25.07.2019 15:28:00.000,6457.997,6462.998,6457.997,6462.998,0.0169
25.07.2019 15:29:00.000,6463.998,6464.998,6459.998,6463.998,0.0109
26.07.2019 07:00:00.000,6442.998,6455.998,6442.998,6455.998,0.0008
26.07.2019 07:01:00.000,6451.997,6452.997,6442.997,6442.998,0.0002
26.07.2019 07:02:00.000,6442.998,6454.998,6442.998,6451.998,0.0021
26.07.2019 07:03:00.000,6449.998,6449.998,6449.997,6449.997,0.0045
26.07.2019 07:04:00.000,6449.998,6449.998,6441.998,6449.998,0.0021
26.07.2019 07:05:00.000,6449.997,6454.998,6449.997,6449.998,0.0061
26.07.2019 07:06:00.000,6449.998,6458.998,6449.998,6458.997,0.0014
26.07.2019 07:07:00.000,6458.998,6465.998,6458.997,6461.998,0.0019
26.07.2019 07:08:00.000,6461.997,6466.998,6457.997,6466.998,0.0019
26.07.2019 07:09:00.000,6466.998,6472.998,6466.998,6467.998,0.0023
26.07.2019 07:10:00.000,6467.997,6467.998,6459.998,6459.998,0.0014
26.07.2019 07:11:00.000,6459.998,6459.998,6454.997,6455.998,0.0024
26.07.2019 07:12:00.000,6455.997,6458.998,6454.997,6456.997,0.0018
26.07.2019 07:13:00.000,6456.998,6456.998,6454.997,6454.998,0.0019
26.07.2019 07:14:00.000,6454.998,6454.998,6442.997,6444.998,0.0067
26.07.2019 07:15:00.000,6444.997,6446.998,6433.997,6433.998,0.0037
26.07.2019 07:16:00.000,6434.998,6437.998,6428.998,6430.997,0.0021
26.07.2019 07:17:00.000,6430.998,6432.998,6429.997,6429.997,0.0017
26.07.2019 07:18:00.000,6430.998,6430.998,6425.998,6429.997,0.0032
26.07.2019 07:19:00.000,6429.998,6429.998,6426.997,6427.998,0.0021
26.07.2019 07:20:00.000,6428.998,6433.998,6425.997,6433.998,0.0095
26.07.2019 07:21:00.000,6431.998,6432.998,6427.998,6428.998,0.0045
26.07.2019 07:22:00.000,6428.998,6428.998,6426.998,6427.998,0.005
26.07.2019 07:23:00.000,6427.997,6434.998,6427.997,6431.998,0.0091
26.07.2019 07:24:00.000,6431.997,6431.997,6423.997,6425.997,0.0041
26.07.2019 07:25:00.000,6425.998,6428.998,6423.998,6427.997,0.0028
26.07.2019 07:26:00.000,6429.998,6431.998,6429.997,6429.997,0.0007
26.07.2019 07:27:00.000,6431.997,6431.998,6427.998,6427.998,0.0026
26.07.2019 07:28:00.000,6427.998,6427.998,6424.998,6424.998,0.0017
26.07.2019 07:29:00.000,6424.997,6424.997,6421.997,6421.998,0.0019
26.07.2019 07:30:00.000,6419.998,6419.998,6415.997,6415.997,0.0027
26.07.2019 07:31:00.000,6416.998,6416.998,6414.997,6414.998,0.0005
26.07.2019 07:32:00.000,6414.998,6418.998,6414.998,6415.998,0.0008
26.07.2019 07:33:00.000,6415.997,6422.998,6415.997,6420.998,0.0034
26.07.2019 07:34:00.000,6420.998,6421.998,6415.998,6416.998,0.0013
26.07.2019 07:35:00.000,6415.998,6418.998,6414.997,6418.998,0.0019
26.07.2019 07:36:00.000,6420.997,6420.997,6409.997,6410.998,0.0029
26.07.2019 07:37:00.000,6410.997,6414.997,6410.997,6414.997,0.0027
26.07.2019 07:38:00.000,6414.997,6418.998,6414.997,6414.998,0.0023
26.07.2019 07:39:00.000,6411.998,6417.998,6411.997,6417.998,0.0021
26.07.2019 07:40:00.000,6418.998,6421.998,6418.997,6421.998,0.0037
26.07.2019 07:41:00.000,6421.997,6422.998,6416.998,6420.998,0.0038
26.07.2019 07:42:00.000,6420.998,6425.998,6420.997,6425.998,0.0034
26.07.2019 07:43:00.000,6425.997,6425.997,6423.997,6424.998,0.0038
26.07.2019 07:44:00.000,6424.997,6424.998,6419.998,6421.998,0.0016
26.07.2019 07:45:00.000,6422.998,6422.998,6418.998,6420.997,0.0042
26.07.2019 07:46:00.000,6420.998,6422.998,6416.998,6416.998,0.0036
26.07.2019 07:47:00.000,6417.998,6420.998,6416.997,6420.998,0.0038
26.07.2019 07:48:00.000,6422.998,6424.998,6421.998,6423.998,0.0018
26.07.2019 07:49:00.000,6423.998,6428.998,6423.998,6425.998,0.0052
26.07.2019 07:50:00.000,6425.998,6431.998,6425.997,6429.998,0.0036
26.07.2019 07:51:00.000,6429.997,6433.998,6429.997,6433.997,0.0047
26.07.2019 07:52:00.000,6433.998,6434.998,6432.998,6432.998,0.0013
26.07.2019 07:53:00.000,6432.998,6434.998,6431.997,6434.998,0.0052
26.07.2019 07:54:00.000,6434.997,6434.997,6434.997,6434.997,0.0006
26.07.2019 07:55:00.000,6435.998,6435.998,6433.997,6435.997,0.0075
26.07.2019 07:56:00.000,6435.998,6438.998,6435.998,6438.998,0.0053
26.07.2019 07:57:00.000,6438.997,6438.998,6436.997,6436.998,0.0024
26.07.2019 07:58:00.000,6436.997,6443.997,6436.997,6442.998,0.0049
26.07.2019 07:59:00.000,6443.997,6444.998,6442.997,6442.998,0.0019
26.07.2019 08:00:00.000,6442.997,6446.998,6441.998,6446.998,0.0023
26.07.2019 08:01:00.000,6447.998,6449.997,6447.997,6449.997,0.0038
26.07.2019 08:02:00.000,6449.998,6453.998,6449.998,6450.997,0.0069
26.07.2019 08:03:00.000,6451.998,6453.998,6450.998,6450.998,0.0048
26.07.2019 08:04:00.000,6451.997,6454.998,6451.997,6454.998,0.0032
26.07.2019 08:05:00.000,6455.998,6455.998,6452.997,6452.997,0.0031
26.07.2019 08:06:00.000,6452.998,6453.998,6450.997,6450.997,0.0025
26.07.2019 08:07:00.000,6450.998,6451.998,6447.998,6447.998,0.0034
26.07.2019 08:08:00.000,6447.998,6452.998,6447.998,6451.998,0.0021
26.07.2019 08:09:00.000,6452.997,6454.998,6452.997,6454.998,0.0013
26.07.2019 08:10:00.000,6456.998,6460.998,6456.998,6459.998,0.005
26.07.2019 08:11:00.000,6457.998,6461.998,6457.997,6461.997,0.0021
26.07.2019 08:12:00.000,6461.998,6463.998,6459.997,6463.998,0.0077
26.07.2019 08:13:00.000,6463.998,6463.998,6459.997,6459.997,0.0034
26.07.2019 08:14:00.000,6459.998,6461.998,6458.997,6461.998,0.0035
26.07.2019 08:15:00.000,6461.998,6462.998,6459.997,6462.998,0.0034
26.07.2019 08:16:00.000,6463.998,6464.998,6460.998,6460.998,0.0029
26.07.2019 08:17:00.000,6460.997,6465.998,6460.997,6463.998,0.0049
26.07.2019 08:18:00.000,6463.997,6465.998,6463.997,6465.997,0.0044
26.07.2019 08:19:00.000,6465.998,6471.998,6465.997,6470.997,0.0046
26.07.2019 08:20:00.000,6470.998,6470.998,6465.997,6467.998,0.0031
26.07.2019 08:21:00.000,6468.997,6470.997,6468.997,6469.998,0.0008
26.07.2019 08:22:00.000,6470.998,6472.998,6469.998,6469.998,0.0047
26.07.2019 08:23:00.000,6470.997,6470.998,6466.997,6466.997,0.0017
26.07.2019 08:24:00.000,6465.998,6471.998,6465.997,6471.998,0.0058
26.07.2019 08:25:00.000,6471.998,6471.998,6468.997,6468.998,0.0063
26.07.2019 08:26:00.000,6468.997,6470.998,6468.997,6470.998,0.0025
26.07.2019 08:27:00.000,6470.998,6471.998,6469.997,6471.998,0.0008
26.07.2019 08:28:00.000,6470.998,6474.998,6470.998,6474.998,0.0033
26.07.2019 08:29:00.000,6474.998,6474.998,6469.998,6469.998,0.0022
26.07.2019 08:30:00.000,6470.997,6475.998,6470.997,6470.998,0.0054
26.07.2019 08:31:00.000,6470.997,6472.998,6470.997,6472.997,0.0042
26.07.2019 08:32:00.000,6472.998,6474.998,6470.998,6470.998,0.0019
26.07.2019 08:33:00.000,6470.997,6472.998,6470.997,6470.998,0.0017
26.07.2019 08:34:00.000,6470.997,6471.998,6470.997,6471.997,0.0005
26.07.2019 08:35:00.000,6471.998,6471.998,6469.997,6469.998,0.0025
26.07.2019 08:36:00.000,6468.997,6470.998,6468.997,6469.998,0.0024
26.07.2019 08:37:00.000,6469.998,6469.998,6461.997,6461.997,0.0028
26.07.2019 08:38:00.000,6462.997,6464.998,6461.997,6461.998,0.003
26.07.2019 08:39:00.000,6461.997,6463.998,6456.998,6457.998,0.0058
26.07.2019 08:40:00.000,6458.997,6463.998,6458.997,6462.997,0.0033
26.07.2019 08:41:00.000,6462.998,6465.998,6462.998,6465.998,0.0011
26.07.2019 08:42:00.000,6466.997,6467.998,6465.998,6467.998,0.0008
26.07.2019 08:43:00.000,6468.997,6469.998,6465.998,6468.998,0.0047
26.07.2019 08:44:00.000,6470.997,6474.998,6470.997,6473.998,0.0039
26.07.2019 08:45:00.000,6475.997,6476.998,6472.997,6476.998,0.004
26.07.2019 08:46:00.000,6476.998,6478.998,6476.997,6478.998,0.001
26.07.2019 08:47:00.000,6477.998,6477.998,6469.997,6469.998,0.0061
26.07.2019 08:48:00.000,6469.998,6469.998,6469.997,6469.997,0.0021
26.07.2019 08:49:00.000,6469.998,6471.998,6464.997,6464.997,0.0038
26.07.2019 08:50:00.000,6463.998,6465.998,6463.997,6464.997,0.0014
26.07.2019 08:51:00.000,6465.998,6468.998,6465.998,6468.998,0.0033
26.07.2019 08:52:00.000,6469.997,6474.998,6469.997,6474.998,0.0051
26.07.2019 08:53:00.000,6474.997,6474.998,6472.997,6472.997,0.0047
26.07.2019 08:54:00.000,6473.997,6474.998,6473.997,6473.998,0.0041
26.07.2019 08:55:00.000,6472.998,6474.998,6471.997,6471.997,0.0068
26.07.2019 08:56:00.000,6472.998,6472.998,6466.997,6466.998,0.0024
26.07.2019 08:57:00.000,6467.997,6467.997,6462.997,6464.998,0.0061
26.07.2019 08:58:00.000,6463.997,6467.998,6463.997,6467.998,0.002
26.07.2019 08:59:00.000,6467.997,6467.998,6464.997,6466.998,0.004
26.07.2019 09:00:00.000,6466.997,6468.998,6466.997,6466.998,0.0061
26.07.2019 09:01:00.000,6468.997,6469.998,6466.998,6466.998,0.001
26.07.2019 09:02:00.000,6466.997,6466.997,6464.997,6464.997,0.0004
26.07.2019 09:03:00.000,6464.998,6464.998,6462.997,6462.997,0.0002
26.07.2019 09:04:00.000,6463.997,6463.998,6462.997,6462.997,0.0037
26.07.2019 09:05:00.000,6462.998,6462.998,6462.997,6462.998,0.0029
26.07.2019 09:06:00.000,6462.997,6462.998,6462.997,6462.998,0.0037
26.07.2019 09:07:00.000,6463.997,6466.998,6462.998,6466.998,0.003
26.07.2019 09:08:00.000,6467.998,6469.998,6467.998,6469.997,0.0022
26.07.2019 09:09:00.000,6469.998,6471.998,6469.997,6471.998,0.0016
26.07.2019 09:10:00.000,6472.997,6474.998,6472.997,6474.998,0.0026
26.07.2019 09:11:00.000,6474.997,6480.997,6474.997,6479.998,0.0063
26.07.2019 09:12:00.000,6479.997,6479.998,6473.997,6473.998,0.0045
26.07.2019 09:13:00.000,6473.997,6476.998,6470.998,6470.998,0.0036
26.07.2019 09:15:00.000,6470.997,6477.998,6470.997,6477.998,0.0013
26.07.2019 09:16:00.000,6478.998,6481.998,6476.998,6481.997,0.0027
26.07.2019 09:17:00.000,6481.998,6482.998,6481.997,6481.998,0.0032
26.07.2019 09:18:00.000,6481.997,6481.998,6480.997,6480.998,0.0043
26.07.2019 09:19:00.000,6480.997,6480.998,6474.998,6474.998,0.0025
26.07.2019 09:20:00.000,6474.998,6482.998,6474.998,6481.998,0.0023
26.07.2019 09:21:00.000,6481.997,6481.998,6481.997,6481.998,0.0004
26.07.2019 09:22:00.000,6482.997,6484.998,6478.997,6480.998,0.0044
26.07.2019 09:23:00.000,6480.997,6481.998,6480.997,6480.998,0.0006
26.07.2019 09:24:00.000,6481.998,6481.998,6479.997,6480.997,0.0033
26.07.2019 09:25:00.000,6480.998,6482.998,6479.997,6481.998,0.0029
26.07.2019 09:26:00.000,6482.998,6482.998,6481.997,6482.998,0.0031
26.07.2019 09:27:00.000,6483.998,6485.998,6482.998,6485.997,0.004
26.07.2019 09:28:00.000,6486.997,6486.998,6485.997,6486.998,0.0079
26.07.2019 09:29:00.000,6486.997,6488.998,6486.997,6488.998,0.0063
26.07.2019 09:30:00.000,6488.998,6491.998,6487.997,6489.998,0.0053
26.07.2019 09:31:00.000,6489.997,6492.998,6489.997,6492.998,0.0029
26.07.2019 09:32:00.000,6491.997,6493.998,6491.997,6492.998,0.0011
26.07.2019 09:33:00.000,6493.997,6493.998,6491.997,6491.998,0.0042
26.07.2019 09:34:00.000,6492.998,6494.997,6492.997,6492.997,0.006
26.07.2019 09:35:00.000,6492.998,6492.998,6489.998,6489.998,0.0024
26.07.2019 09:36:00.000,6490.998,6490.998,6489.998,6490.997,0.0023
26.07.2019 09:37:00.000,6490.998,6492.998,6490.998,6492.998,0.0014
26.07.2019 09:38:00.000,6492.998,6492.998,6490.998,6490.998,0.001
26.07.2019 09:39:00.000,6490.997,6492.750,6490.997,6491.998,0.0052
26.07.2019 09:40:00.000,6492.997,6496.998,6492.997,6494.997,0.0039
26.07.2019 09:41:00.000,6494.998,6497.998,6494.997,6497.998,0.0033
26.07.2019 09:42:00.000,6496.997,6497.998,6495.997,6497.997,0.0021
26.07.2019 09:43:00.000,6498.998,6504.998,6498.998,6504.998,0.0022
26.07.2019 09:44:00.000,6504.998,6504.998,6498.997,6500.998,0.0027
26.07.2019 09:45:00.000,6501.997,6505.998,6501.997,6504.997,0.0041
26.07.2019 09:46:00.000,6504.998,6505.998,6504.998,6505.998,0.0006
26.07.2019 09:47:00.000,6506.997,6506.998,6505.997,6506.997,0.0044
26.07.2019 09:48:00.000,6504.998,6508.998,6503.997,6506.998,0.0058
26.07.2019 09:49:00.000,6506.997,6508.997,6505.997,6505.998,0.0016
26.07.2019 09:50:00.000,6505.997,6508.998,6505.997,6508.997,0.0103
26.07.2019 09:51:00.000,6508.998,6512.998,6507.997,6512.998,0.0034
26.07.2019 09:52:00.000,6512.997,6514.750,6512.997,6513.998,0.0054
26.07.2019 09:53:00.000,6513.997,6513.997,6508.998,6510.998,0.0011
26.07.2019 09:54:00.000,6510.998,6510.998,6508.997,6508.998,0.0011
26.07.2019 09:55:00.000,6508.997,6508.998,6502.997,6502.997,0.0026
26.07.2019 09:56:00.000,6501.998,6501.998,6496.997,6496.998,0.0009
26.07.2019 09:57:00.000,6496.997,6498.998,6495.997,6496.997,0.0018
26.07.2019 09:58:00.000,6496.998,6497.998,6495.997,6495.997,0.0008
26.07.2019 09:59:00.000,6494.998,6495.997,6494.997,6494.998,0.0033
26.07.2019 10:00:00.000,6494.997,6494.998,6493.997,6494.997,0.0032
26.07.2019 10:01:00.000,6494.998,6494.998,6491.997,6493.998,0.0016
26.07.2019 10:02:00.000,6493.997,6494.998,6487.997,6489.998,0.0044
26.07.2019 10:03:00.000,6490.998,6490.998,6487.998,6489.998,0.0024
26.07.2019 10:04:00.000,6489.998,6489.998,6487.997,6487.998,0.0044
26.07.2019 10:05:00.000,6487.997,6490.998,6487.997,6490.998,0.0019
26.07.2019 10:06:00.000,6491.998,6492.998,6491.997,6492.998,0.0004
26.07.2019 10:07:00.000,6493.997,6494.998,6492.998,6493.998,0.0041
26.07.2019 10:08:00.000,6493.998,6495.997,6492.997,6494.998,0.0037
26.07.2019 10:09:00.000,6494.998,6494.998,6494.997,6494.998,0.0013
26.07.2019 10:10:00.000,6494.997,6495.998,6494.997,6495.998,0.0019
26.07.2019 10:11:00.000,6495.998,6495.998,6495.997,6495.998,0.0003
26.07.2019 10:12:00.000,6496.997,6496.998,6495.997,6496.997,0.0011
26.07.2019 10:13:00.000,6496.998,6498.998,6496.997,6496.998,0.0045
26.07.2019 10:14:00.000,6496.997,6497.998,6496.997,6496.997,0.0081
26.07.2019 10:15:00.000,6496.998,6496.998,6496.997,6496.998,0.0023
26.07.2019 10:16:00.000,6497.997,6497.998,6496.998,6496.998,0.0011
26.07.2019 10:17:00.000,6496.997,6496.998,6496.997,6496.998,0.0005
26.07.2019 10:18:00.000,6497.997,6498.998,6497.997,6497.997,0.0023
26.07.2019 10:19:00.000,6498.997,6499.998,6496.998,6497.998,0.0021
26.07.2019 10:20:00.000,6497.997,6498.997,6492.998,6494.998,0.0041
26.07.2019 10:21:00.000,6494.997,6495.997,6493.997,6495.997,0.0052
26.07.2019 10:22:00.000,6495.998,6498.998,6495.998,6498.998,0.0039
26.07.2019 10:23:00.000,6498.997,6499.998,6496.998,6496.998,0.0014
26.07.2019 10:24:00.000,6496.750,6496.998,6494.998,6496.998,0.0016
26.07.2019 10:25:00.000,6496.997,6496.998,6495.998,6496.998,0.001
26.07.2019 10:26:00.000,6496.998,6496.998,6495.998,6495.998,0.0002
26.07.2019 10:27:00.000,6496.998,6498.997,6496.998,6498.997,0.001
26.07.2019 10:28:00.000,6498.998,6499.998,6497.997,6497.997,0.0053
26.07.2019 10:29:00.000,6498.997,6498.997,6493.997,6494.997,0.0031
26.07.2019 10:30:00.000,6495.998,6499.750,6495.997,6498.998,0.0062
26.07.2019 10:31:00.000,6498.997,6499.998,6497.997,6497.998,0.0092
26.07.2019 10:32:00.000,6498.998,6499.997,6493.997,6493.998,0.0045
26.07.2019 10:33:00.000,6493.997,6493.998,6493.997,6493.998,0.0009
26.07.2019 10:34:00.000,6493.997,6494.998,6493.997,6494.997,0.0015
26.07.2019 10:35:00.000,6495.998,6498.998,6495.998,6498.998,0.0008
26.07.2019 10:36:00.000,6498.998,6498.998,6497.997,6498.998,0.0011
26.07.2019 10:37:00.000,6498.997,6498.998,6497.997,6497.998,0.0009
26.07.2019 10:38:00.000,6497.997,6498.998,6497.997,6498.998,0.0019
26.07.2019 10:39:00.000,6498.997,6498.997,6496.997,6496.998,0.0011
26.07.2019 10:40:00.000,6496.998,6497.998,6496.997,6496.997,0.0043
26.07.2019 10:41:00.000,6496.998,6496.998,6493.997,6493.998,0.0022
26.07.2019 10:42:00.000,6493.997,6493.998,6492.997,6492.998,0.0022
26.07.2019 10:43:00.000,6493.998,6493.998,6489.997,6489.998,0.0014
26.07.2019 10:44:00.000,6489.997,6489.998,6489.997,6489.998,0.0014
26.07.2019 10:45:00.000,6489.997,6493.998,6489.997,6492.997,0.0026
26.07.2019 10:46:00.000,6492.998,6492.998,6492.997,6492.998,0.0006
26.07.2019 10:47:00.000,6492.997,6492.998,6492.997,6492.998,0.0016
26.07.2019 10:48:00.000,6493.998,6494.998,6493.997,6494.997,0.0019
26.07.2019 10:49:00.000,6494.998,6496.998,6494.998,6496.998,0.0008
26.07.2019 10:50:00.000,6496.997,6497.998,6496.997,6496.998,0.0033
26.07.2019 10:51:00.000,6496.997,6498.998,6496.997,6498.998,0.0014
26.07.2019 10:52:00.000,6498.997,6499.998,6497.997,6497.998,0.0039
26.07.2019 10:53:00.000,6497.998,6498.998,6496.997,6496.998,0.0034
26.07.2019 10:54:00.000,6496.998,6496.998,6493.998,6496.998,0.0029
26.07.2019 10:55:00.000,6496.998,6498.998,6496.998,6498.998,0.0069
26.07.2019 10:56:00.000,6498.998,6498.998,6497.997,6498.998,0.0036
26.07.2019 10:57:00.000,6498.997,6498.998,6498.997,6498.997,0.002
26.07.2019 10:58:00.000,6498.998,6499.997,6494.997,6494.998,0.0025
26.07.2019 10:59:00.000,6495.998,6498.997,6494.997,6498.997,0.0032
26.07.2019 11:00:00.000,6498.998,6498.998,6496.998,6496.998,0.0002
26.07.2019 11:02:00.000,6496.500,6498.998,6495.997,6496.998,0.004
26.07.2019 11:03:00.000,6496.997,6499.998,6489.997,6489.998,0.0044
26.07.2019 11:04:00.000,6489.997,6492.998,6489.997,6489.998,0.003
26.07.2019 11:05:00.000,6489.998,6489.998,6488.997,6488.998,0.0022
26.07.2019 11:06:00.000,6488.998,6488.998,6485.997,6485.997,0.002
26.07.2019 11:07:00.000,6486.997,6486.997,6481.998,6483.998,0.0013
26.07.2019 11:08:00.000,6484.997,6486.998,6484.997,6486.998,0.0006
26.07.2019 11:09:00.000,6487.997,6487.998,6486.997,6486.998,0.0025
26.07.2019 11:10:00.000,6487.998,6487.998,6486.998,6487.998,0.0018
26.07.2019 11:11:00.000,6487.997,6488.998,6487.997,6488.998,0.0051
26.07.2019 11:12:00.000,6489.998,6489.998,6488.997,6489.998,0.0036
26.07.2019 11:13:00.000,6491.750,6493.997,6489.998,6493.997,0.0024
26.07.2019 11:14:00.000,6493.998,6494.998,6491.997,6491.997,0.0036
26.07.2019 11:15:00.000,6491.997,6491.998,6491.997,6491.997,0.0024
26.07.2019 11:16:00.000,6491.998,6494.998,6491.998,6494.998,0.0025
26.07.2019 11:17:00.000,6494.997,6495.997,6494.997,6494.998,0.0033
26.07.2019 11:18:00.000,6494.997,6494.997,6494.997,6494.997,0.0005
26.07.2019 11:19:00.000,6492.997,6495.997,6492.997,6495.997,0.003
26.07.2019 11:20:00.000,6496.998,6496.998,6496.997,6496.998,0.0006
26.07.2019 11:21:00.000,6496.998,6496.998,6495.998,6495.998,0.0003
26.07.2019 11:22:00.000,6495.998,6498.998,6495.998,6498.998,0.0022
26.07.2019 11:23:00.000,6497.998,6497.998,6497.997,6497.998,0.0007
26.07.2019 11:24:00.000,6498.998,6498.998,6497.997,6497.998,0.0007
26.07.2019 11:25:00.000,6497.998,6498.998,6497.997,6497.998,0.003
26.07.2019 11:26:00.000,6497.998,6497.998,6497.997,6497.997,0.0017
26.07.2019 11:27:00.000,6497.998,6497.998,6497.997,6497.997,0.0023
26.07.2019 11:28:00.000,6497.998,6497.998,6497.997,6497.998,0.0038
26.07.2019 11:29:00.000,6497.997,6497.998,6495.998,6496.998,0.0028
26.07.2019 11:30:00.000,6496.997,6497.998,6493.997,6494.997,0.0015
26.07.2019 11:31:00.000,6495.997,6495.998,6495.997,6495.998,0.0005
26.07.2019 11:32:00.000,6497.750,6500.998,6496.998,6499.998,0.002
26.07.2019 11:33:00.000,6498.997,6498.998,6497.997,6497.998,0.0014
26.07.2019 11:34:00.000,6497.997,6497.998,6497.997,6497.998,0.0016
26.07.2019 11:35:00.000,6497.997,6497.998,6497.997,6497.998,0.0038
26.07.2019 11:36:00.000,6497.998,6497.998,6496.998,6497.997,0.0016
26.07.2019 11:37:00.000,6497.998,6497.998,6497.997,6497.998,0.0023
26.07.2019 11:38:00.000,6497.998,6497.998,6495.997,6495.998,0.0033
26.07.2019 11:39:00.000,6495.997,6495.997,6493.997,6493.997,0.0071
26.07.2019 11:40:00.000,6494.998,6494.998,6493.997,6493.997,0.0038
26.07.2019 11:41:00.000,6496.997,6498.998,6496.997,6497.998,0.0047
26.07.2019 11:42:00.000,6498.997,6498.998,6497.997,6497.997,0.0033
26.07.2019 11:43:00.000,6497.998,6498.998,6497.997,6497.998,0.0044
26.07.2019 11:44:00.000,6497.998,6497.998,6494.997,6494.998,0.0041
26.07.2019 11:45:00.000,6494.998,6494.998,6494.997,6494.997,0.002
26.07.2019 11:46:00.000,6494.997,6494.997,6483.998,6486.998,0.0093
26.07.2019 11:47:00.000,6487.998,6487.998,6486.997,6486.998,0.0012
26.07.2019 11:48:00.000,6488.997,6489.998,6488.997,6489.998,0.0006
26.07.2019 11:49:00.000,6489.998,6492.998,6487.997,6488.998,0.0028
26.07.2019 11:50:00.000,6489.998,6489.998,6488.997,6489.997,0.001
26.07.2019 11:51:00.000,6488.998,6488.998,6484.997,6485.998,0.0026
26.07.2019 11:52:00.000,6487.998,6487.998,6484.998,6486.998,0.001
26.07.2019 11:53:00.000,6486.998,6486.998,6483.997,6483.998,0.0009
26.07.2019 11:54:00.000,6483.997,6483.998,6482.997,6482.998,0.0008
26.07.2019 11:55:00.000,6483.997,6484.998,6482.997,6482.998,0.0022
26.07.2019 11:56:00.000,6482.997,6483.997,6482.997,6482.998,0.0033
26.07.2019 11:57:00.000,6482.997,6483.998,6482.997,6482.998,0.0023
26.07.2019 11:58:00.000,6482.997,6483.998,6482.997,6483.997,0.0016
26.07.2019 11:59:00.000,6482.998,6485.998,6482.998,6485.998,0.0038
26.07.2019 12:00:00.000,6486.998,6487.998,6486.997,6487.998,0.0027
26.07.2019 12:01:00.000,6488.998,6488.998,6488.997,6488.998,0.0066
26.07.2019 12:02:00.000,6489.997,6490.998,6486.998,6486.998,0.0095
26.07.2019 12:03:00.000,6486.998,6487.998,6486.997,6486.998,0.0028
26.07.2019 12:05:00.000,6487.998,6488.997,6485.997,6486.998,0.003
26.07.2019 12:06:00.000,6486.997,6487.998,6486.997,6487.998,0.0002
26.07.2019 12:07:00.000,6486.997,6486.997,6485.997,6485.998,0.0017
26.07.2019 12:08:00.000,6486.998,6487.998,6486.997,6486.997,0.002
26.07.2019 12:09:00.000,6486.997,6486.998,6484.998,6485.998,0.0035
26.07.2019 12:10:00.000,6485.998,6489.998,6485.998,6489.997,0.0024
26.07.2019 12:11:00.000,6489.997,6489.997,6488.997,6488.998,0.0018
26.07.2019 12:12:00.000,6488.998,6489.998,6488.997,6488.998,0.0042
26.07.2019 12:13:00.000,6488.750,6488.750,6483.997,6484.998,0.0027
26.07.2019 12:14:00.000,6484.997,6487.998,6484.997,6485.998,0.0054
26.07.2019 12:15:00.000,6486.998,6487.997,6486.998,6486.998,0.0003
26.07.2019 12:16:00.000,6488.998,6488.998,6486.997,6487.997,0.0017
26.07.2019 12:17:00.000,6487.998,6487.998,6486.997,6486.997,0.0021
26.07.2019 12:18:00.000,6486.998,6487.998,6486.998,6487.998,0.001
26.07.2019 12:19:00.000,6487.997,6487.998,6485.997,6485.997,0.0021
26.07.2019 12:20:00.000,6485.998,6485.998,6483.997,6483.998,0.0033
26.07.2019 12:21:00.000,6483.997,6483.998,6481.997,6481.997,0.0019
26.07.2019 12:22:00.000,6481.998,6481.998,6479.997,6479.998,0.0018
26.07.2019 12:23:00.000,6480.997,6480.998,6472.997,6474.998,0.0024
26.07.2019 12:24:00.000,6474.997,6477.998,6473.997,6477.998,0.0069
26.07.2019 12:25:00.000,6477.998,6479.998,6476.998,6477.998,0.0072
26.07.2019 12:26:00.000,6478.998,6480.998,6478.997,6478.998,0.0028
26.07.2019 12:27:00.000,6477.998,6477.998,6471.997,6472.997,0.0043
26.07.2019 12:28:00.000,6472.998,6473.998,6471.997,6473.998,0.0005
26.07.2019 12:29:00.000,6473.997,6474.998,6462.997,6463.998,0.0053
26.07.2019 12:30:00.000,6463.997,6469.998,6462.998,6462.998,0.0088
26.07.2019 12:31:00.000,6462.998,6464.998,6462.997,6463.997,0.001
26.07.2019 12:32:00.000,6463.998,6464.997,6460.997,6462.998,0.0057
26.07.2019 12:33:00.000,6462.998,6464.998,6461.997,6461.998,0.0024
26.07.2019 12:34:00.000,6461.997,6461.997,6457.998,6458.997,0.0026
26.07.2019 12:35:00.000,6458.998,6463.998,6457.997,6462.998,0.0065
26.07.2019 12:36:00.000,6462.997,6469.997,6462.997,6469.997,0.0053
26.07.2019 12:37:00.000,6469.998,6471.998,6468.997,6470.998,0.0047
26.07.2019 12:38:00.000,6470.997,6472.998,6469.997,6472.997,0.0072
26.07.2019 12:39:00.000,6474.750,6474.998,6474.750,6474.998,0.0013
26.07.2019 12:40:00.000,6474.997,6474.998,6469.997,6469.998,0.011
26.07.2019 12:41:00.000,6470.997,6471.998,6469.997,6470.998,0.0019
26.07.2019 12:42:00.000,6470.997,6473.997,6470.997,6472.997,0.0047
26.07.2019 12:43:00.000,6472.998,6472.998,6469.997,6471.998,0.0055
26.07.2019 12:44:00.000,6472.998,6473.998,6471.997,6471.997,0.0009
26.07.2019 12:45:00.000,6471.998,6472.998,6471.997,6472.998,0.0004
26.07.2019 12:46:00.000,6472.997,6473.998,6472.997,6473.998,0.0027
26.07.2019 12:47:00.000,6473.998,6474.998,6473.997,6474.998,0.0027
26.07.2019 12:48:00.000,6474.998,6474.998,6472.997,6474.998,0.0036
26.07.2019 12:49:00.000,6475.998,6477.998,6475.997,6476.997,0.0073
26.07.2019 12:50:00.000,6476.998,6479.998,6473.998,6479.998,0.0075
26.07.2019 12:51:00.000,6480.997,6481.998,6479.997,6481.998,0.0022
26.07.2019 12:52:00.000,6481.997,6483.998,6479.998,6480.997,0.0027
26.07.2019 12:53:00.000,6480.998,6481.998,6480.998,6481.997,0.0009
26.07.2019 12:54:00.000,6481.998,6483.998,6481.998,6483.998,0.0018
26.07.2019 12:55:00.000,6484.998,6484.998,6481.997,6482.998,0.0036
26.07.2019 12:56:00.000,6482.997,6484.998,6482.997,6484.998,0.005
26.07.2019 12:57:00.000,6484.998,6486.998,6484.997,6486.998,0.0069
26.07.2019 12:58:00.000,6487.998,6487.998,6486.997,6486.998,0.0056
26.07.2019 12:59:00.000,6487.997,6487.998,6485.998,6487.997,0.0044
26.07.2019 13:00:00.000,6487.998,6490.998,6487.997,6490.998,0.0006
26.07.2019 13:01:00.000,6490.997,6493.998,6490.997,6493.998,0.0037
26.07.2019 13:02:00.000,6492.998,6492.998,6489.998,6491.998,0.0057
26.07.2019 13:03:00.000,6491.997,6492.997,6490.997,6491.998,0.0037
26.07.2019 13:04:00.000,6491.997,6493.998,6490.997,6493.998,0.0021
26.07.2019 13:05:00.000,6493.998,6495.997,6490.997,6490.997,0.0072
26.07.2019 13:06:00.000,6490.998,6491.998,6490.997,6491.998,0.0011
26.07.2019 13:07:00.000,6491.997,6492.998,6491.997,6491.998,0.002
26.07.2019 13:08:00.000,6492.998,6492.998,6490.997,6491.998,0.0038
26.07.2019 13:09:00.000,6491.998,6491.998,6490.997,6490.997,0.0002
26.07.2019 13:10:00.000,6490.998,6493.998,6490.997,6493.998,0.0049
26.07.2019 13:11:00.000,6494.997,6494.997,6494.997,6494.997,0.0003
26.07.2019 13:12:00.000,6494.998,6494.998,6491.997,6492.998,0.006
26.07.2019 13:13:00.000,6493.998,6496.998,6493.998,6495.998,0.0026
26.07.2019 13:14:00.000,6495.997,6495.998,6488.997,6488.998,0.0066
26.07.2019 13:15:00.000,6488.997,6488.997,6483.997,6485.998,0.0032
26.07.2019 13:16:00.000,6486.997,6486.998,6483.998,6483.998,0.0032
26.07.2019 13:17:00.000,6483.998,6484.998,6481.998,6482.998,0.0036
26.07.2019 13:18:00.000,6482.998,6482.998,6477.998,6478.998,0.0041
26.07.2019 13:19:00.000,6478.998,6478.998,6476.997,6478.997,0.0026
26.07.2019 13:20:00.000,6478.998,6478.998,6473.998,6474.998,0.0055
26.07.2019 13:21:00.000,6474.997,6475.998,6473.997,6475.997,0.0038
26.07.2019 13:22:00.000,6475.998,6480.998,6475.998,6478.997,0.0053
26.07.2019 13:23:00.000,6478.998,6479.998,6478.997,6479.997,0.0012
26.07.2019 13:24:00.000,6479.997,6479.997,6477.997,6477.998,0.0031
26.07.2019 13:25:00.000,6478.997,6478.998,6478.997,6478.997,0.0004
26.07.2019 13:26:00.000,6477.997,6478.998,6474.997,6474.997,0.0042
26.07.2019 13:27:00.000,6474.998,6475.998,6474.997,6475.998,0.0021
26.07.2019 13:28:00.000,6475.997,6476.998,6474.998,6476.998,0.0006
26.07.2019 13:29:00.000,6476.997,6479.998,6476.997,6479.998,0.0015
26.07.2019 13:30:00.000,6479.997,6481.998,6476.997,6476.997,0.0068
26.07.2019 13:31:00.000,6476.998,6476.998,6467.998,6469.998,0.0083
26.07.2019 13:32:00.000,6469.997,6471.998,6465.998,6466.997,0.0062
26.07.2019 13:33:00.000,6467.750,6472.998,6465.997,6470.997,0.0095
26.07.2019 13:34:00.000,6470.998,6474.998,6470.997,6472.998,0.0074
26.07.2019 13:35:00.000,6472.998,6478.997,6472.997,6477.998,0.0126
26.07.2019 13:36:00.000,6477.997,6479.998,6477.997,6478.998,0.006
26.07.2019 13:37:00.000,6477.998,6479.998,6477.997,6478.998,0.0062
26.07.2019 13:38:00.000,6478.997,6478.998,6473.997,6475.998,0.0084
26.07.2019 13:39:00.000,6475.997,6477.998,6474.998,6477.997,0.0052
26.07.2019 13:40:00.000,6476.998,6480.998,6476.997,6480.998,0.0062
26.07.2019 13:41:00.000,6480.998,6481.998,6480.997,6480.998,0.0068
26.07.2019 13:42:00.000,6479.998,6479.998,6475.997,6477.997,0.0042
26.07.2019 13:43:00.000,6477.998,6478.998,6473.998,6473.998,0.0033
26.07.2019 13:44:00.000,6473.998,6474.997,6471.998,6472.997,0.0061
26.07.2019 13:45:00.000,6472.998,6473.998,6471.998,6472.998,0.003
26.07.2019 13:46:00.000,6471.998,6472.998,6469.997,6472.998,0.0058
26.07.2019 13:47:00.000,6472.997,6472.998,6468.998,6468.998,0.0059
26.07.2019 13:48:00.000,6468.998,6472.998,6468.997,6471.998,0.005
26.07.2019 13:49:00.000,6472.997,6472.997,6469.997,6471.998,0.0061
26.07.2019 13:50:00.000,6472.997,6472.998,6468.997,6471.998,0.0092
26.07.2019 13:51:00.000,6471.997,6471.998,6466.997,6466.997,0.004
26.07.2019 13:52:00.000,6466.997,6467.998,6463.998,6466.997,0.0072
26.07.2019 13:53:00.000,6467.998,6470.998,6467.997,6470.998,0.0102
26.07.2019 13:54:00.000,6470.997,6474.997,6470.997,6473.998,0.0061
26.07.2019 13:55:00.000,6473.997,6474.998,6473.997,6474.998,0.0065
26.07.2019 13:56:00.000,6475.998,6476.998,6475.997,6476.997,0.0035
26.07.2019 13:57:00.000,6476.998,6476.998,6476.997,6476.997,0.0029
26.07.2019 13:58:00.000,6476.998,6481.998,6474.997,6481.997,0.0082
26.07.2019 13:59:00.000,6480.998,6482.998,6479.998,6479.998,0.0024
26.07.2019 14:00:00.000,6479.998,6480.998,6473.998,6475.998,0.0036
26.07.2019 14:01:00.000,6474.997,6476.997,6473.997,6475.997,0.0029
26.07.2019 14:02:00.000,6475.998,6482.998,6475.998,6482.998,0.0105
26.07.2019 14:03:00.000,6483.997,6485.998,6483.997,6484.998,0.0081
26.07.2019 14:04:00.000,6485.998,6488.998,6485.997,6485.998,0.0156
26.07.2019 14:05:00.000,6485.997,6489.998,6485.997,6489.998,0.0051
26.07.2019 14:06:00.000,6489.998,6489.998,6485.998,6488.998,0.0037
26.07.2019 14:07:00.000,6488.997,6488.997,6486.997,6486.998,0.0013
26.07.2019 14:08:00.000,6486.998,6489.998,6484.997,6484.998,0.007
26.07.2019 14:09:00.000,6484.998,6487.998,6484.997,6485.998,0.0079
26.07.2019 14:10:00.000,6485.997,6487.998,6485.997,6486.998,0.008
26.07.2019 14:11:00.000,6487.998,6487.998,6477.997,6477.997,0.0072
26.07.2019 14:12:00.000,6477.998,6482.998,6477.997,6482.997,0.0078
26.07.2019 14:13:00.000,6482.998,6482.998,6479.997,6479.998,0.003
26.07.2019 14:14:00.000,6480.998,6484.998,6480.998,6484.998,0.0075
26.07.2019 14:15:00.000,6484.997,6485.998,6480.997,6480.998,0.0161
26.07.2019 14:16:00.000,6481.997,6481.998,6479.997,6480.998,0.0056
26.07.2019 14:17:00.000,6480.997,6483.998,6479.998,6482.998,0.0066
26.07.2019 14:18:00.000,6482.997,6484.998,6478.997,6480.998,0.0131
26.07.2019 14:19:00.000,6480.500,6482.998,6477.998,6479.998,0.0066
26.07.2019 14:20:00.000,6479.998,6479.998,6474.997,6475.998,0.0079
26.07.2019 14:21:00.000,6478.500,6481.998,6478.500,6481.998,0.0039
26.07.2019 14:22:00.000,6481.997,6481.997,6474.997,6476.998,0.0061
26.07.2019 14:23:00.000,6477.998,6480.998,6477.997,6480.998,0.0078
26.07.2019 14:24:00.000,6480.997,6480.998,6476.998,6478.997,0.0178
26.07.2019 14:25:00.000,6478.997,6478.997,6471.998,6472.998,0.0069
26.07.2019 14:26:00.000,6472.997,6472.998,6471.997,6471.998,0.0058
26.07.2019 14:27:00.000,6472.997,6472.998,6470.997,6471.997,0.0088
26.07.2019 14:28:00.000,6471.998,6477.998,6471.998,6475.997,0.0055
26.07.2019 14:29:00.000,6476.998,6476.998,6476.997,6476.998,0.0033
26.07.2019 14:30:00.000,6476.997,6476.998,6467.997,6468.997,0.0111
26.07.2019 14:31:00.000,6468.998,6468.998,6465.997,6467.998,0.0071
26.07.2019 14:32:00.000,6467.998,6474.998,6466.997,6474.998,0.0084
26.07.2019 14:33:00.000,6474.998,6477.998,6474.997,6477.998,0.0064
26.07.2019 14:34:00.000,6477.997,6477.998,6473.998,6475.998,0.0078
26.07.2019 14:35:00.000,6475.997,6477.998,6467.997,6469.998,0.0086
26.07.2019 14:36:00.000,6469.997,6470.998,6465.998,6467.998,0.0077
26.07.2019 14:37:00.000,6467.998,6468.997,6460.997,6460.997,0.011
26.07.2019 14:38:00.000,6461.997,6467.998,6459.997,6465.998,0.0096
26.07.2019 14:39:00.000,6466.998,6472.998,6466.997,6468.998,0.0056
26.07.2019 14:40:00.000,6466.997,6471.998,6463.997,6471.998,0.0082
26.07.2019 14:41:00.000,6472.997,6473.998,6468.997,6469.997,0.0159
26.07.2019 14:42:00.000,6469.998,6470.998,6466.997,6466.998,0.0083
26.07.2019 14:43:00.000,6464.998,6470.998,6463.997,6470.998,0.0078
26.07.2019 14:44:00.000,6470.997,6473.998,6470.997,6473.998,0.0067
26.07.2019 14:45:00.000,6473.997,6474.998,6473.997,6474.998,0.0066
26.07.2019 14:46:00.000,6474.997,6480.998,6474.997,6479.998,0.0164
26.07.2019 14:47:00.000,6480.997,6481.998,6478.997,6480.998,0.0084
26.07.2019 14:48:00.000,6480.998,6484.998,6480.998,6483.998,0.0048
26.07.2019 14:49:00.000,6483.998,6483.998,6476.998,6476.998,0.0076
26.07.2019 14:50:00.000,6477.998,6480.997,6477.997,6480.997,0.0071
26.07.2019 14:51:00.000,6481.997,6482.998,6481.997,6481.998,0.0052
26.07.2019 14:52:00.000,6481.998,6481.998,6476.997,6481.998,0.0076
26.07.2019 14:53:00.000,6482.998,6484.998,6482.998,6484.998,0.0118
26.07.2019 14:54:00.000,6484.997,6486.998,6484.997,6486.998,0.0211
26.07.2019 14:55:00.000,6488.750,6490.998,6488.750,6490.998,0.0186
26.07.2019 14:56:00.000,6490.997,6491.998,6490.997,6491.997,0.0135
26.07.2019 14:57:00.000,6492.998,6494.998,6492.997,6493.997,0.0196
26.07.2019 14:58:00.000,6493.998,6493.998,6492.997,6492.998,0.0164
26.07.2019 14:59:00.000,6492.997,6493.998,6488.997,6488.998,0.0062
26.07.2019 15:00:00.000,6488.997,6490.998,6488.997,6489.998,0.0031
26.07.2019 15:01:00.000,6489.997,6489.997,6482.998,6483.998,0.0059
26.07.2019 15:02:00.000,6483.997,6485.998,6483.997,6485.998,0.004
26.07.2019 15:03:00.000,6485.997,6488.998,6485.997,6487.998,0.011
26.07.2019 15:04:00.000,6487.998,6488.998,6485.998,6487.998,0.0063
26.07.2019 15:05:00.000,6488.998,6488.998,6487.998,6488.998,0.0016
26.07.2019 15:06:00.000,6488.997,6488.998,6488.997,6488.997,0.0062
26.07.2019 15:07:00.000,6488.998,6488.998,6482.997,6482.998,0.0094
26.07.2019 15:08:00.000,6482.997,6483.998,6480.997,6480.998,0.0063
26.07.2019 15:09:00.000,6480.997,6483.998,6480.997,6482.997,0.0048
26.07.2019 15:10:00.000,6482.998,6487.997,6482.998,6487.997,0.0073
26.07.2019 15:11:00.000,6487.998,6487.998,6469.998,6472.998,0.0107
26.07.2019 15:12:00.000,6473.998,6477.998,6472.998,6476.998,0.0115
26.07.2019 15:13:00.000,6476.998,6476.998,6475.997,6476.998,0.003
26.07.2019 15:14:00.000,6477.998,6478.998,6474.998,6476.998,0.0048
26.07.2019 15:15:00.000,6477.998,6481.998,6477.998,6481.997,0.0089
26.07.2019 15:16:00.000,6481.998,6481.998,6475.997,6476.998,0.0065
26.07.2019 15:17:00.000,6477.998,6479.998,6476.997,6478.998,0.0064
26.07.2019 15:18:00.000,6478.998,6478.998,6477.997,6477.998,0.0091
26.07.2019 15:19:00.000,6477.997,6479.998,6477.997,6478.998,0.0164
26.07.2019 15:20:00.000,6479.997,6479.997,6471.998,6474.998,0.0032
26.07.2019 15:21:00.000,6474.998,6476.998,6471.997,6476.998,0.0074
26.07.2019 15:22:00.000,6476.997,6477.998,6476.997,6477.998,0.0046
26.07.2019 15:23:00.000,6477.997,6477.997,6471.998,6475.997,0.0059
26.07.2019 15:24:00.000,6476.998,6479.998,6476.998,6479.998,0.0222
26.07.2019 15:25:00.000,6479.997,6481.998,6478.998,6478.998,0.029
26.07.2019 15:26:00.000,6478.997,6478.998,6474.997,6476.998,0.0064
26.07.2019 15:27:00.000,6476.997,6479.998,6476.997,6478.998,0.0084
26.07.2019 15:28:00.000,6476.998,6478.998,6476.997,6478.998,0.0074
26.07.2019 15:29:00.000,6477.997,6480.998,6475.997,6476.998,0.0138